;Num_Acc;id_vehicule;num_veh;senc;catv;obs;obsm;choc;manv;motor;occutc
1345;202000000876;154 740 728;B01;1;2;0;2;0;1;1;
1346;202000000877;154 740 726;A01;3;7;8;0;1;20;1;
1347;202000000878;154 740 724;A01;3;30;0;2;1;26;1;
1348;202000000878;154 740 725;B01;2;7;0;2;2;1;1;
1349;202000000879;154 740 722;A01;1;7;0;2;1;1;1;
1350;202000000879;154 740 723;B01;1;2;0;2;4;1;1;
1351;202000000880;154 740 721;A01;1;30;0;1;0;0;1;
1352;202000000881;154 740 719;B01;2;7;0;2;3;15;1;
1353;202000000881;154 740 720;A01;2;30;0;2;1;17;1;
1354;202000000882;154 740 715;B01;2;7;3;0;1;1;1;
1355;202000000882;154 740 716;A01;2;7;14;2;1;21;1;
1356;202000000883;154 740 712;Z01;1;7;0;2;0;22;0;
1357;202000000883;154 740 713;A01;1;1;0;2;1;1;5;
1358;202000000884;154 740 711;A01;3;7;0;1;1;1;1;
1359;202000000885;154 740 706;T01;3;10;0;0;1;13;1;
1360;202000000885;154 740 707;A01;0;7;0;2;1;13;1;
1361;202000000885;154 740 708;D01;0;7;0;2;6;1;1;
1362;202000000885;154 740 709;C01;0;7;0;2;1;21;1;
1363;202000000885;154 740 710;B01;0;7;0;2;1;17;1;
1364;202000000886;154 740 705;A01;2;7;2;0;0;26;1;
1365;202000000887;154 740 703;A01;3;7;8;2;7;1;6;
1366;202000000887;154 740 704;B01;3;0;0;2;1;1;0;
1367;202000000888;154 740 702;Z01;1;50;0;1;1;1;3;
1368;202000000889;154 740 700;B01;2;7;0;2;1;2;1;
1369;202000000889;154 740 701;A01;2;7;0;2;4;23;0;
1370;202000000890;154 740 697;A01;2;7;0;2;1;2;0;
1371;202000000890;154 740 698;B01;2;7;0;2;4;2;0;
1372;202000000890;154 740 699;C01;2;7;0;2;4;2;0;
1373;202000000893;154 740 692;B01;3;50;0;2;2;26;3;
1374;202000000893;154 740 693;A01;3;7;0;2;3;9;1;
1375;202000000894;154 740 691;A01;1;7;8;0;8;14;1;
1376;202000000895;154 740 690;A01;1;7;15;0;8;1;1;
1377;202000000896;154 740 689;A01;1;7;0;1;8;4;1;
1378;202000000897;154 740 688;A01;1;7;0;1;3;18;1;
1379;202000000898;154 740 686;A01;3;7;0;2;3;15;1;
1380;202000000898;154 740 687;B01;2;32;0;2;1;1;1;
1381;202000000899;154 740 685;A01;1;30;0;1;0;26;0;
1382;202000000900;154 740 684;A01;2;39;0;1;1;26;3;
1383;202000000901;154 740 683;A01;3;7;1;0;7;14;1;
1384;202000000902;154 740 682;A01;1;31;1;0;1;1;1;
1385;202000000903;154 740 680;Y01;1;60;0;2;6;16;5;
1386;202000000903;154 740 681;A01;1;7;0;2;6;16;3;
1387;202000000904;154 740 679;A01;2;32;0;0;7;14;1;
1388;202000000905;154 740 677;B01;2;30;0;2;3;15;1;
1389;202000000905;154 740 678;A01;1;7;0;2;1;1;1;
1390;202000000906;154 740 675;B01;0;7;0;2;1;1;1;
1391;202000000906;154 740 676;A01;0;7;0;2;1;13;1;
1392;202000000907;154 740 673;B01;3;7;0;2;5;15;1;
1393;202000000907;154 740 674;A01;3;7;0;2;3;1;1;
1394;202000000908;154 740 672;Z01;0;7;0;1;1;1;-1;
1395;202000000909;154 740 671;A01;3;0;0;1;1;1;0;
1396;202000000910;154 740 670;A01;1;7;0;1;1;2;1;
1397;202000000911;154 740 669;A01;3;37;0;1;1;1;1;1.0
1398;202000000912;154 740 668;A01;0;14;0;1;4;1;1;
1399;202000000913;154 740 666;A01;2;50;0;2;1;1;3;
1400;202000000913;154 740 667;B01;1;7;0;0;0;0;1;
1401;202000000914;154 740 665;A01;2;32;0;1;1;1;1;
1402;202000000915;154 740 663;B01;2;35;0;2;7;15;1;
1403;202000000915;154 740 664;A01;1;7;0;2;3;9;1;
1404;202000000916;154 740 661;Z01;2;7;0;2;4;2;1;
1405;202000000916;154 740 662;A01;2;1;0;2;4;2;5;
1406;202000000917;154 740 659;B01;2;30;0;2;2;17;1;
1407;202000000917;154 740 660;A01;2;7;0;2;3;15;1;
1408;202000000918;154 740 658;A01;1;1;0;0;0;1;5;
1409;202000000919;154 740 657;A01;1;7;0;1;1;1;1;
1410;202000000920;154 740 655;B01;1;1;0;2;2;1;5;
1411;202000000920;154 740 656;A01;1;7;0;2;3;22;1;
1412;202000000921;154 740 653;Z01;1;10;0;2;7;14;1;
1413;202000000921;154 740 654;A01;1;50;0;2;8;1;3;
1414;202000000922;154 740 651;A01;2;7;0;2;2;16;1;
1415;202000000922;154 740 652;B01;2;32;0;2;1;1;1;
1416;202000000923;154 740 648;A01;2;80;0;0;0;21;3;
1417;202000000924;154 740 645;C01;1;37;0;2;3;1;2;1.0
1418;202000000924;154 740 646;B01;2;37;0;2;8;23;2;1.0
1419;202000000924;154 740 647;A01;1;7;0;2;1;15;1;
1420;202000000925;154 740 643;B01;1;7;0;2;1;2;1;
1421;202000000925;154 740 644;A01;1;10;0;2;4;23;3;
1422;202000000926;154 740 641;A01;1;7;0;2;2;1;1;
1423;202000000926;154 740 642;B01;1;1;0;2;7;13;5;
1424;202000000927;154 740 639;A01;1;7;0;2;8;15;1;
1425;202000000927;154 740 640;B01;1;33;0;2;1;1;0;
1426;202000000928;154 740 638;A01;1;7;0;1;2;16;1;
1427;202000000929;154 740 637;A01;3;42;7;0;2;18;1;
1428;202000000930;154 740 636;A01;1;30;0;0;1;1;1;
1429;202000000931;154 740 634;B01;1;2;0;2;2;17;1;
1430;202000000931;154 740 635;A01;1;7;0;0;3;0;1;
1431;202000000932;154 740 632;B01;2;10;0;2;7;11;1;
1432;202000000932;154 740 633;A01;1;7;0;2;1;19;1;
1433;202000000933;154 740 630;B01;3;50;0;9;1;26;3;
1434;202000000933;154 740 631;A01;3;15;0;9;6;26;0;
1435;202000000934;154 740 629;Z01;1;7;0;1;1;2;0;
1436;202000000935;154 740 627;B01;1;2;1;2;2;2;1;
1437;202000000935;154 740 628;A01;1;7;1;2;3;9;1;
1438;202000000936;154 740 626;A01;3;33;6;0;2;26;1;
1439;202000000937;154 740 624;B01;3;7;0;2;3;1;1;
1440;202000000937;154 740 625;A01;3;7;0;2;3;9;1;
1441;202000000938;154 740 622;B01;3;32;0;2;1;1;1;
1442;202000000938;154 740 623;A01;0;7;0;2;3;9;1;
1443;202000000939;154 740 621;A01;2;7;0;1;1;1;1;
1444;202000000941;154 740 616;A01;0;2;1;0;3;21;1;
1445;202000000941;154 740 617;B01;3;7;1;0;7;23;1;
1446;202000000942;154 740 614;A01;1;10;0;2;2;1;1;
1447;202000000942;154 740 615;B01;1;7;9;2;1;1;1;
1448;202000000943;154 740 613;A01;3;3;0;1;0;19;0;
1449;202000000944;154 740 612;A01;1;37;0;0;0;1;1;4.0
1450;202000000945;154 740 611;A01;1;7;13;0;0;1;1;
1451;202000000946;154 740 610;A01;1;7;0;1;8;1;1;
1452;202000000947;154 740 607;A01;2;7;0;6;1;1;1;
1453;202000000947;154 740 608;B01;2;7;1;0;1;1;1;
1454;202000000947;154 740 609;C01;2;7;0;0;1;1;1;
1455;202000000948;154 740 605;A01;1;7;0;2;6;2;1;
1456;202000000948;154 740 606;B01;1;7;0;2;1;2;1;
1457;202000000949;154 740 603;A01;1;33;0;2;1;0;1;
1458;202000000949;154 740 604;B01;2;7;0;2;3;16;1;
1459;202000000950;154 740 601;A01;2;7;0;2;3;13;0;
1460;202000000950;154 740 602;B01;1;7;0;2;3;1;0;
1461;202000000952;154 740 596;B01;2;2;0;2;1;1;1;
1462;202000000952;154 740 597;A01;1;7;0;2;3;17;1;
1463;202000000953;154 740 593;A01;3;7;0;2;3;1;1;
1464;202000000953;154 740 594;B01;3;21;0;2;6;1;1;
1465;202000000954;154 740 591;A01;3;7;0;9;1;21;1;
1466;202000000954;154 740 592;B01;3;1;0;2;0;0;5;
1467;202000000955;154 740 590;A01;3;7;0;1;2;1;1;
1468;202000000956;154 740 589;A01;2;10;0;1;8;1;1;
1469;202000000958;154 740 587;A01;1;7;2;0;2;1;0;
1470;202000000959;154 740 586;A01;1;7;2;0;1;0;1;
1471;202000000960;154 740 585;A01;2;33;0;0;0;1;3;
1472;202000000961;154 740 584;A01;2;7;0;1;2;19;0;
1473;202000000962;154 740 582;B01;0;7;0;2;5;17;1;
1474;202000000962;154 740 583;A01;0;7;0;2;3;15;1;
1475;202000000963;154 740 580;B01;3;7;0;2;3;1;1;
1476;202000000963;154 740 581;A01;3;7;0;2;3;1;1;
1477;202000000964;154 740 578;B01;1;14;0;0;5;15;1;
1478;202000000964;154 740 579;A01;1;33;0;2;1;1;1;
1479;202000000965;154 740 577;A01;1;7;13;0;3;0;1;
1480;202000000966;154 740 575;B01;1;15;0;2;8;1;1;
1481;202000000966;154 740 576;A01;2;7;0;2;1;1;1;
1482;202000000967;154 740 574;A01;2;32;4;0;0;26;1;
1483;202000000968;154 740 571;A01;2;7;0;2;1;1;0;
1484;202000000968;154 740 572;B01;2;7;3;0;8;1;0;
1485;202000000968;154 740 573;C01;2;7;0;0;3;23;1;
1486;202000000969;154 740 569;B01;2;7;0;2;8;15;1;
1487;202000000969;154 740 570;A01;2;7;0;2;1;17;1;
1488;202000000970;154 740 567;B01;3;10;0;2;1;1;1;
1489;202000000970;154 740 568;A01;3;10;0;2;1;5;1;
1490;202000000971;154 740 565;A01;3;33;0;0;9;26;1;
1491;202000000971;154 740 566;B01;0;0;0;0;0;26;0;
1492;202000000972;154 740 560;B01;1;7;0;2;1;1;0;
1493;202000000972;154 740 561;E01;1;15;0;2;1;1;0;
1494;202000000972;154 740 562;D01;1;15;0;2;1;1;0;
1495;202000000972;154 740 563;C01;1;7;0;2;1;1;0;
1496;202000000972;154 740 564;A01;1;15;0;0;4;1;0;
1497;202000000973;154 740 559;A01;2;2;9;0;1;1;1;
1498;202000000974;154 740 558;A01;1;7;12;9;1;19;1;
1499;202000000975;154 740 555;C01;1;7;0;2;1;1;1;
1500;202000000975;154 740 556;B01;2;7;0;2;1;1;1;
1501;202000000975;154 740 557;A01;1;7;0;2;1;17;1;
1502;202000000976;154 740 553;B01;2;2;0;2;1;1;1;
1503;202000000976;154 740 554;A01;1;7;8;2;2;17;1;
1504;202000000977;154 740 551;A01;0;7;0;2;1;0;1;
1505;202000000977;154 740 552;B01;0;10;0;0;4;1;1;
1506;202000000978;154 740 546;B01;2;33;0;2;3;1;1;
1507;202000000978;154 740 547;A01;2;7;0;2;2;12;1;
1508;202000000979;154 740 544;B01;1;7;0;2;4;3;1;
1509;202000000979;154 740 545;A01;1;7;0;2;2;1;1;
1510;202000000980;154 740 542;A01;2;7;0;2;6;23;1;
1511;202000000980;154 740 543;B01;2;7;0;2;2;1;1;
1512;202000000981;154 740 539;C01;1;7;0;2;4;2;1;
1513;202000000981;154 740 540;B01;1;33;0;2;0;3;1;
1514;202000000981;154 740 541;A01;1;7;0;2;1;2;1;
1515;202000000982;154 740 537;A01;1;7;0;2;4;2;1;
1516;202000000982;154 740 538;B01;1;7;0;2;1;2;1;
1517;202000000983;154 740 536;A01;1;7;3;0;1;2;1;
1518;202000000984;154 740 534;A01;1;31;0;2;3;3;1;
1519;202000000984;154 740 535;B01;1;7;0;9;0;0;1;
1520;202000000985;154 740 531;C01;2;15;0;2;6;1;1;
1521;202000000985;154 740 532;B01;2;33;0;2;1;3;1;
1522;202000000985;154 740 533;A01;2;7;0;2;1;1;1;
1523;202000000987;154 740 527;B01;1;10;0;2;6;0;1;
1524;202000000987;154 740 528;A01;1;7;0;2;1;0;1;
1525;202000000988;154 740 525;B01;1;14;0;2;3;1;0;
1526;202000000988;154 740 526;A01;1;7;3;2;5;9;1;
1527;202000000989;154 740 524;A01;1;43;0;2;7;3;0;
1528;202000000990;154 740 523;Z01;0;7;0;1;1;1;0;
1529;202000000991;154 740 522;A01;1;7;0;1;1;1;1;
1530;202000000992;154 740 520;B01;1;7;0;2;5;1;1;
1531;202000000992;154 740 521;A01;1;31;0;2;1;13;1;
1532;202000000993;154 740 518;Z01;2;7;0;2;0;15;1;
1533;202000000993;154 740 519;A01;1;30;0;2;1;1;1;
1534;202000000994;154 740 516;B01;1;30;0;2;7;1;1;
1535;202000000994;154 740 517;A01;1;7;0;2;3;9;1;
1536;202000000995;154 740 515;A01;2;30;0;1;1;7;1;
1537;202000000996;154 740 511;A01;2;7;0;2;1;2;1;
1538;202000000996;154 740 512;B01;2;34;0;2;4;23;1;
1539;202000000997;154 740 509;A01;1;30;0;2;7;17;1;
1540;202000000997;154 740 510;B01;1;7;0;2;8;15;1;
1541;202000000998;154 740 507;A01;1;7;0;2;2;1;1;
1542;202000000998;154 740 508;B01;1;1;0;2;3;1;5;
1543;202000000999;154 740 505;B01;1;31;0;2;7;17;3;
1544;202000000999;154 740 506;A01;1;10;0;2;3;15;1;
1545;202000001001;154 740 501;B01;2;30;0;2;1;1;3;
1546;202000001001;154 740 502;A01;2;7;0;2;3;22;1;
1547;202000001002;154 740 498;A01;1;7;0;2;1;2;1;
1548;202000001002;154 740 499;B01;1;7;0;2;4;23;1;
1549;202000001002;154 740 500;C01;1;7;0;2;4;23;1;
1550;202000001003;154 740 496;B01;2;37;0;2;5;1;1;1.0
1551;202000001003;154 740 497;A01;2;14;0;2;3;11;1;
1552;202000001004;154 740 494;A01;1;7;0;2;2;22;2;
1553;202000001004;154 740 495;B01;1;1;0;2;1;1;5;
1554;202000001005;154 740 492;A01;1;7;0;2;6;10;1;
1555;202000001005;154 740 493;B01;1;32;0;2;1;17;1;
1556;202000001006;154 740 490;A01;2;10;0;2;1;1;1;
1557;202000001006;154 740 491;B01;2;7;0;2;4;23;1;
1558;202000001007;154 740 488;A01;1;7;0;2;3;9;1;
1559;202000001007;154 740 489;B01;1;2;0;2;1;1;1;
1560;202000001008;154 740 486;A01;0;1;0;2;3;0;0;
1561;202000001008;154 740 487;B01;1;7;0;2;3;1;0;
1562;202000001009;154 740 484;B01;3;7;0;2;3;13;1;
1563;202000001009;154 740 485;A01;1;30;0;2;1;16;1;
1564;202000001010;154 740 483;A01;3;7;0;1;7;24;1;
1565;202000001011;154 740 481;B01;3;7;0;2;1;1;0;
1566;202000001011;154 740 482;A01;3;10;0;2;8;19;0;
1567;202000001012;154 740 480;A01;1;7;1;0;2;1;1;
1568;202000001013;154 740 479;A01;3;37;0;1;2;1;1;1.0
1569;202000001014;154 740 478;A01;2;10;0;1;1;0;1;
1570;202000001016;154 740 475;A01;3;2;1;0;2;1;1;
1571;202000001016;154 740 476;B01;0;7;1;0;0;0;1;
1572;202000001017;154 740 474;A01;0;7;0;1;3;1;1;
1573;202000001018;154 740 473;A01;1;2;0;0;8;1;1;
1574;202000001019;154 740 471;B01;2;7;0;0;4;1;1;
1575;202000001019;154 740 472;A01;2;7;0;2;1;1;1;
1576;202000001020;154 740 469;B01;2;2;0;2;1;1;1;
1577;202000001020;154 740 470;A01;1;7;0;2;3;13;1;
1578;202000001021;154 740 468;A01;2;33;0;0;8;1;1;
1579;202000001022;154 740 466;A01;2;10;0;2;1;15;1;
1580;202000001022;154 740 467;B01;1;2;0;2;1;1;1;
1581;202000001023;154 740 465;A01;0;7;13;0;1;1;1;
1582;202000001024;154 740 463;A01;1;7;0;2;2;1;1;
1583;202000001024;154 740 464;B01;1;1;0;2;4;1;5;
1584;202000001025;154 740 462;A01;2;7;16;0;3;1;1;
1585;202000001026;154 740 460;B01;2;7;0;2;1;1;1;
1586;202000001026;154 740 461;A01;1;7;0;2;1;1;1;
1587;202000001027;154 740 458;A01;2;7;0;2;2;1;1;
1588;202000001027;154 740 459;B01;1;7;0;2;2;1;1;
1589;202000001028;154 740 456;A01;1;7;0;0;0;1;1;
1590;202000001028;154 740 457;B01;2;2;0;0;0;1;1;
1591;202000001029;154 740 455;A01;2;7;13;0;0;0;1;
1592;202000001030;154 740 453;A01;1;7;0;2;2;2;1;
1593;202000001030;154 740 454;B01;1;1;0;0;6;2;5;
1594;202000001031;154 740 452;A01;1;33;16;0;1;13;1;
1595;202000001032;154 740 451;A01;0;7;0;1;3;15;1;
1596;202000001033;154 740 449;A01;1;10;0;2;2;2;1;
1597;202000001033;154 740 450;B01;1;3;0;0;6;2;1;
1598;202000001034;154 740 448;A01;1;17;0;0;7;1;1;
1599;202000001035;154 740 445;A01;2;7;0;1;1;1;1;
1600;202000001036;154 740 444;A01;1;7;6;0;3;5;1;
1601;202000001037;154 740 443;A01;1;7;0;1;1;1;1;
1602;202000001038;154 740 441;A01;1;7;0;2;3;15;1;
1603;202000001038;154 740 442;B01;2;50;0;2;1;1;3;
1604;202000001039;154 740 439;A01;1;33;0;2;7;10;1;
1605;202000001039;154 740 440;B01;1;7;0;2;1;1;1;
1606;202000001041;154 740 437;A01;2;7;2;0;1;1;1;
1607;202000001042;154 740 435;B01;3;10;0;2;1;4;1;
1608;202000001042;154 740 436;A01;3;10;0;2;4;1;1;
1609;202000001043;154 740 433;A01;2;16;0;2;2;12;1;
1610;202000001043;154 740 434;B01;2;7;12;0;9;1;1;
1611;202000001044;154 740 432;A01;2;38;2;0;2;17;1;31.0
1612;202000001045;154 740 430;A01;2;7;0;2;1;19;1;
1613;202000001045;154 740 431;B01;1;33;0;2;1;17;0;
1614;202000001046;154 740 428;A01;2;7;0;0;6;24;1;
1615;202000001046;154 740 429;B01;1;2;1;0;1;5;1;
1616;202000001047;154 740 426;B01;2;10;0;2;1;15;1;
1617;202000001047;154 740 427;A01;1;7;0;2;2;1;3;
1618;202000001048;154 740 424;A01;1;7;0;2;3;13;1;
1619;202000001048;154 740 425;B01;2;7;0;2;3;0;1;
1620;202000001050;154 740 420;A01;3;7;0;2;3;10;0;
1621;202000001050;154 740 421;B01;3;7;0;0;2;1;0;
1622;202000001052;154 740 417;A01;2;33;13;0;1;14;1;
1623;202000001053;154 740 416;A01;2;7;0;1;7;1;0;
1624;202000001054;154 740 413;A01;1;7;0;2;3;1;0;
1625;202000001054;154 740 414;B01;1;7;0;0;5;1;1;
1626;202000001054;154 740 415;C01;2;7;0;2;1;1;0;
1627;202000001055;154 740 412;A01;1;36;6;0;3;1;1;
1628;202000001056;154 740 410;A01;2;7;0;2;3;15;1;
1629;202000001056;154 740 411;B01;1;32;0;2;1;3;1;
1630;202000001057;154 740 408;B01;2;33;0;2;1;1;1;
1631;202000001057;154 740 409;A01;1;7;0;2;2;19;0;
1632;202000001059;154 740 405;B01;2;7;0;2;3;1;1;
1633;202000001059;154 740 406;A01;1;7;0;2;3;17;1;
1634;202000001060;154 740 404;A01;2;7;13;0;2;14;1;
1635;202000001061;154 740 403;A01;2;7;0;2;2;1;1;
1636;202000001062;154 740 401;A01;2;7;0;2;2;14;1;
1637;202000001062;154 740 402;B01;2;14;0;2;6;1;1;
1638;202000001063;154 740 400;A01;1;7;13;0;1;1;1;
1639;202000001064;154 740 398;B01;2;7;0;2;3;1;1;
1640;202000001064;154 740 399;A01;2;14;0;2;5;12;1;
1641;202000001065;154 740 397;A01;2;7;4;0;1;1;1;
1642;202000001066;154 740 394;C01;1;7;0;2;5;1;1;
1643;202000001066;154 740 395;B01;1;7;0;2;8;13;1;
1644;202000001066;154 740 396;A01;1;33;0;2;2;3;1;
1645;202000001068;154 740 389;C01;2;7;0;2;4;23;1;
1646;202000001068;154 740 390;A01;2;7;0;2;2;1;1;
1647;202000001068;154 740 391;B01;2;7;0;2;6;23;1;
1648;202000001069;154 740 386;C01;1;7;0;2;4;0;1;
1649;202000001069;154 740 387;B01;1;7;0;2;9;0;1;
1650;202000001069;154 740 388;A01;1;7;0;2;1;0;1;
1651;202000001070;154 740 385;A01;1;7;0;0;4;0;1;
1652;202000001071;154 740 384;A01;1;33;2;0;9;0;1;
1653;202000001072;154 740 382;A01;2;7;0;2;3;9;1;
1654;202000001072;154 740 383;B01;2;1;0;2;7;1;0;
1655;202000001073;154 740 381;A01;1;7;0;1;1;1;1;
1656;202000001074;154 740 379;A01;3;7;0;2;3;19;1;
1657;202000001074;154 740 380;B01;3;2;0;2;1;1;1;
1658;202000001075;154 740 375;A01;1;7;0;0;0;0;0;
1659;202000001075;154 740 376;B01;1;7;0;2;7;16;1;
1660;202000001076;154 740 372;C01;2;7;0;2;5;2;1;
1661;202000001076;154 740 373;B01;2;7;0;2;3;1;1;
1662;202000001076;154 740 374;A01;2;7;0;2;1;2;1;
1663;202000001077;154 740 371;A01;0;1;0;0;0;26;5;
1664;202000001078;154 740 369;B01;2;1;0;2;0;0;0;
1665;202000001078;154 740 370;A01;1;1;0;9;1;15;5;
1666;202000001079;154 740 368;A01;1;7;12;0;3;1;1;
1667;202000001080;154 740 366;A01;0;7;0;2;1;2;1;
1668;202000001080;154 740 367;B01;0;7;0;2;4;2;1;
1669;202000001081;154 740 364;A01;1;1;0;2;1;23;5;
1670;202000001081;154 740 365;B01;1;7;0;2;4;23;0;
1671;202000001082;154 740 363;A01;1;7;0;1;2;15;1;
1672;202000001083;154 740 361;B01;1;33;0;2;4;23;0;
1673;202000001083;154 740 362;A01;1;7;0;2;1;26;1;
1674;202000001084;154 740 359;A01;0;14;0;2;4;1;1;
1675;202000001084;154 740 360;B01;0;33;0;2;1;1;1;
1676;202000001085;154 740 356;A01;2;31;0;2;1;3;1;
1677;202000001085;154 740 357;C01;2;7;0;2;4;1;1;
1678;202000001085;154 740 358;B01;2;7;0;2;6;1;0;
1679;202000001086;154 740 354;B01;1;7;0;2;3;15;1;
1680;202000001086;154 740 355;A01;1;2;0;2;1;17;1;
1681;202000001087;154 740 353;A01;2;33;4;0;7;14;1;
1682;202000001088;154 740 352;A01;2;7;13;0;1;1;1;
1683;202000001089;154 740 350;A01;1;7;0;2;1;2;1;
1684;202000001089;154 740 351;B01;1;7;0;2;4;2;1;
1685;202000001090;154 740 347;C01;1;7;0;2;1;1;1;
1686;202000001090;154 740 348;B01;1;7;0;2;8;1;1;
1687;202000001090;154 740 349;A01;1;7;0;2;1;16;1;
1688;202000001091;154 740 344;A01;1;7;0;2;2;1;1;
1689;202000001091;154 740 345;C01;1;7;0;0;2;1;1;
1690;202000001091;154 740 346;B01;1;7;0;2;6;1;1;
1691;202000001092;154 740 342;B01;3;7;0;2;1;1;1;
1692;202000001092;154 740 343;A01;3;7;0;2;4;23;1;
1693;202000001094;154 740 339;A01;1;7;2;0;1;0;1;
1694;202000001095;154 740 337;A01;2;33;0;2;1;2;1;
1695;202000001095;154 740 338;B01;2;33;0;2;4;1;1;
1696;202000001098;154 740 332;A01;2;33;0;2;1;17;1;
1697;202000001098;154 740 333;B01;1;7;0;2;3;15;1;
1698;202000001099;154 740 330;A01;1;34;0;2;1;13;1;
1699;202000001099;154 740 331;B01;2;7;0;2;1;1;1;
1700;202000001100;154 740 328;A01;1;3;0;2;2;17;0;
1701;202000001100;154 740 329;B01;1;31;0;2;4;1;0;
1702;202000001101;154 740 327;A01;2;30;0;0;7;26;1;
1703;202000001102;154 740 326;A01;3;7;0;1;4;24;1;
1704;202000001103;154 740 324;B01;0;7;0;2;1;1;0;
1705;202000001103;154 740 325;A01;3;7;0;2;8;19;1;
1706;202000001104;154 740 322;B01;2;34;0;2;3;1;1;
1707;202000001104;154 740 323;A01;1;7;0;2;3;15;0;
1708;202000001105;154 740 319;B01;1;7;0;2;8;11;1;
1709;202000001105;154 740 320;C01;1;7;0;2;8;1;1;
1710;202000001105;154 740 321;A01;1;33;0;2;7;3;1;
1711;202000001106;154 740 316;B01;1;7;0;2;5;1;1;
1712;202000001106;154 740 317;C01;1;7;0;2;8;1;1;
1713;202000001106;154 740 318;A01;1;33;0;2;3;3;1;
1714;202000001107;154 740 314;B01;1;33;0;2;1;3;1;
1715;202000001107;154 740 315;A01;1;7;0;2;6;11;1;
1716;202000001108;154 740 313;A01;1;37;0;1;2;1;2;1.0
1717;202000001109;154 740 311;A01;1;32;0;2;8;17;1;
1718;202000001109;154 740 312;B01;1;1;0;2;8;13;5;
1719;202000001110;154 740 309;B01;1;7;0;2;2;16;1;
1720;202000001110;154 740 310;A01;1;7;0;2;5;1;1;
1721;202000001111;154 740 308;A01;1;7;0;1;6;4;2;
1722;202000001112;154 740 306;B01;1;1;0;2;1;1;5;
1723;202000001112;154 740 307;A01;1;7;0;2;2;17;1;
1724;202000001113;154 740 304;B01;1;7;0;2;2;17;1;
1725;202000001113;154 740 305;A01;1;30;0;2;3;13;1;
1726;202000001114;154 740 301;A01;2;30;0;2;1;5;1;
1727;202000001114;154 740 302;B01;1;7;0;2;3;1;1;
1728;202000001114;154 740 303;C01;2;7;0;2;6;23;1;
1729;202000001116;154 740 298;B01;1;33;0;2;7;1;1;
1730;202000001116;154 740 299;A01;1;14;0;2;8;15;1;
1731;202000001117;154 740 296;A01;2;30;0;2;7;1;1;
1732;202000001117;154 740 297;Z01;0;7;0;2;0;9;0;
1733;202000001118;154 740 294;B01;1;7;0;2;4;2;1;
1734;202000001118;154 740 295;A01;1;7;0;2;1;2;1;
1735;202000001119;154 740 293;A01;2;10;0;1;2;1;1;
1736;202000001120;154 740 292;A01;1;7;0;1;5;1;1;
1737;202000001121;154 740 291;A01;2;32;12;0;3;13;1;
1738;202000001122;154 740 289;A01;1;10;0;2;2;2;1;
1739;202000001122;154 740 290;B01;1;30;0;2;5;2;1;
1740;202000001123;154 740 288;A01;2;7;0;1;7;1;2;
1741;202000001125;154 740 284;B01;2;14;0;0;0;4;1;
1742;202000001125;154 740 285;A01;1;33;0;0;0;23;1;
1743;202000001126;154 740 282;Z01;2;7;0;2;4;4;0;
1744;202000001126;154 740 283;A01;1;32;0;2;1;2;1;
1745;202000001127;154 740 280;B01;1;7;0;2;4;23;1;
1746;202000001127;154 740 281;A01;1;7;0;2;1;1;1;
1747;202000001128;154 740 278;A01;1;32;0;2;2;17;1;
1748;202000001128;154 740 279;B01;1;10;0;2;3;10;1;
1749;202000001129;154 740 277;A01;2;7;0;1;1;15;1;
1750;202000001130;154 740 276;A01;2;30;0;0;0;21;1;
1751;202000001131;154 740 275;A01;1;32;0;1;1;1;1;
1752;202000001132;154 740 274;A01;1;99;0;1;2;1;1;
1753;202000001133;154 740 273;A01;1;10;0;1;1;1;0;
1754;202000001134;154 740 272;A01;1;3;0;1;0;1;1;
1755;202000001135;154 740 269;Y01;1;1;0;2;8;19;5;
1756;202000001135;154 740 270;B01;1;7;0;2;1;1;1;
1757;202000001135;154 740 271;A01;1;7;0;2;3;1;1;
1758;202000001137;154 740 262;A01;1;7;0;9;2;1;1;
1759;202000001137;154 740 263;B01;3;50;0;2;1;19;3;
1760;202000001138;154 740 260;A01;3;7;0;2;4;26;1;
1761;202000001138;154 740 261;B01;3;7;0;2;1;1;1;
1762;202000001140;154 740 256;A01;0;7;0;2;2;14;1;
1763;202000001140;154 740 257;B01;0;33;0;2;7;1;1;
1764;202000001141;154 740 255;A01;1;7;1;0;7;1;1;
1765;202000001142;154 740 254;A01;-1;3;0;1;-1;-1;-1;
1766;202000001143;154 740 252;Z01;-1;7;0;2;3;1;6;
1767;202000001143;154 740 253;A01;-1;50;0;2;3;1;3;
1768;202000001144;154 740 251;A01;1;30;0;1;1;1;1;
1769;202000001145;154 740 248;A01;1;10;0;2;3;15;1;
1770;202000001145;154 740 249;B01;1;33;0;2;7;17;1;
1771;202000001145;154 740 250;C01;1;10;0;2;1;1;1;
1772;202000001146;154 740 247;A01;1;10;0;1;3;9;1;
1773;202000001147;154 740 246;A01;-1;7;0;1;2;1;3;
1774;202000001148;154 740 245;A01;1;7;1;0;2;0;0;
1775;202000001149;154 740 244;A01;1;7;0;1;1;1;1;
1776;202000001151;154 740 241;A01;1;7;0;2;3;16;1;
1777;202000001151;154 740 242;B01;2;50;0;2;7;1;3;
1778;202000001152;154 740 240;A01;1;33;0;9;7;2;0;
1779;202000001153;154 740 238;B01;1;7;0;0;0;0;0;
1780;202000001153;154 740 239;A01;1;34;0;2;0;1;0;
1781;202000001154;154 740 236;A01;1;7;0;2;3;15;1;
1782;202000001154;154 740 237;B01;1;30;0;2;4;15;1;
1783;202000001155;154 740 235;A01;2;7;0;1;1;1;1;
1784;202000001157;154 740 231;B01;1;7;0;2;4;0;1;
1785;202000001157;154 740 232;A01;1;7;0;2;1;1;1;
1786;202000001158;154 740 230;A01;2;7;8;0;1;1;1;