;Num_Acc;id_vehicule;num_veh;senc;catv;obs;obsm;choc;manv;motor;occutc
1787;202000001159;154 740 229;A01;1;7;7;0;0;2;1;
1788;202000001160;154 740 227;A01;2;7;0;2;4;5;1;
1789;202000001160;154 740 228;B01;1;10;0;0;1;1;1;
1790;202000001161;154 740 225;B01;1;7;0;2;3;1;1;
1791;202000001161;154 740 226;A01;2;1;0;2;1;1;5;
1792;202000001162;154 740 222;A01;2;7;6;1;2;1;1;
1793;202000001163;154 740 221;A01;2;7;2;0;1;0;1;
1794;202000001164;154 740 218;A01;2;15;0;2;8;11;1;
1795;202000001164;154 740 219;B01;2;7;0;2;3;0;1;
1796;202000001164;154 740 220;C01;1;7;0;2;1;0;1;
1797;202000001165;154 740 216;B01;1;7;0;0;4;26;1;
1798;202000001165;154 740 217;A01;1;7;0;2;1;1;1;
1799;202000001166;154 740 215;A01;2;7;2;0;8;1;0;
1800;202000001167;154 740 213;A01;2;7;0;2;1;13;1;
1801;202000001167;154 740 214;B01;1;7;0;2;1;1;2;
1802;202000001168;154 740 210;C01;2;7;0;2;1;1;1;
1803;202000001168;154 740 211;A01;1;7;0;2;3;13;1;
1804;202000001168;154 740 212;B01;2;7;0;2;3;1;1;
1805;202000001169;154 740 209;A01;2;7;17;0;3;13;1;
1806;202000001170;154 740 207;A01;1;7;0;2;7;15;1;
1807;202000001170;154 740 208;B01;2;2;0;2;1;1;1;
1808;202000001171;154 740 206;A01;0;7;6;0;2;1;1;
1809;202000001172;154 740 204;B01;0;7;1;0;1;2;1;
1810;202000001172;154 740 205;A01;0;7;0;0;4;23;1;
1811;202000001173;154 740 202;B01;2;17;0;2;2;1;1;
1812;202000001173;154 740 203;A01;1;7;3;2;5;13;1;
1813;202000001174;154 740 199;B01;0;33;8;2;1;17;1;
1814;202000001174;154 740 200;A01;0;7;0;2;3;15;1;
1815;202000001175;154 740 196;B01;1;7;3;2;8;1;0;
1816;202000001175;154 740 197;A01;2;7;0;2;2;13;1;
1817;202000001175;154 740 198;C01;1;7;0;2;1;1;0;
1818;202000001177;154 740 193;A01;2;7;0;2;3;19;1;
1819;202000001177;154 740 194;B01;1;33;0;2;1;1;1;
1820;202000001178;154 740 192;A01;1;7;0;0;1;1;1;
1821;202000001179;154 740 191;A01;1;7;13;0;1;1;1;
1822;202000001180;154 740 189;A01;1;7;0;2;3;19;1;
1823;202000001180;154 740 190;B01;1;7;0;2;2;1;1;
1824;202000001181;154 740 188;A01;1;2;10;0;9;1;1;
1825;202000001182;154 740 186;B01;1;33;0;2;1;1;1;
1826;202000001182;154 740 187;A01;2;7;0;2;3;15;1;
1827;202000001183;154 740 185;A01;0;31;0;1;0;1;1;
1828;202000001184;154 740 184;A01;0;10;0;0;0;0;6;
1829;202000001185;154 740 182;B01;2;7;0;2;3;1;0;
1830;202000001185;154 740 183;A01;1;10;0;2;2;1;0;
1831;202000001187;154 740 180;A01;1;33;6;0;7;1;1;
1832;202000001188;154 740 178;A01;2;7;0;2;2;15;1;
1833;202000001188;154 740 179;B01;1;33;0;2;1;1;1;
1834;202000001189;154 740 175;B01;2;7;0;2;8;1;1;
1835;202000001189;154 740 176;A01;1;7;0;2;1;13;1;
1836;202000001189;154 740 177;C01;2;7;0;2;1;1;1;
1837;202000001190;154 740 173;B01;2;7;0;2;1;1;1;
1838;202000001190;154 740 174;A01;1;7;0;2;7;9;1;
1839;202000001192;154 740 167;A01;1;15;0;2;5;2;0;
1840;202000001192;154 740 168;B01;1;1;0;0;3;1;5;
1841;202000001193;154 740 165;B01;1;14;0;2;6;1;1;
1842;202000001193;154 740 166;A01;1;7;0;2;1;17;1;
1843;202000001194;154 740 161;A01;1;7;0;2;3;13;1;
1844;202000001194;154 740 162;B01;2;7;0;2;3;1;1;
1845;202000001195;154 740 160;A01;1;15;3;0;3;13;1;
1846;202000001197;154 740 155;A01;2;7;0;2;1;2;1;
1847;202000001197;154 740 156;B01;2;7;0;0;8;1;1;
1848;202000001198;154 740 153;B01;2;7;4;0;4;2;2;
1849;202000001198;154 740 154;A01;2;10;0;2;1;2;1;
1850;202000001199;154 740 151;A01;2;7;0;2;1;13;1;
1851;202000001199;154 740 152;B01;1;10;0;2;1;1;1;
1852;202000001200;154 740 150;A01;3;7;13;0;9;13;1;
1853;202000001201;154 740 149;A01;2;33;0;0;0;0;1;
1854;202000001202;154 740 147;A01;2;7;0;2;1;6;1;
1855;202000001202;154 740 148;B01;1;37;0;2;3;1;0;1.0
1856;202000001204;154 740 143;B01;2;33;0;2;3;1;1;
1857;202000001204;154 740 144;A01;1;7;0;2;3;13;1;
1858;202000001205;154 740 142;A01;1;2;0;1;1;1;1;
1859;202000001206;154 740 141;A01;1;7;8;0;6;1;1;
1860;202000001208;154 740 139;A01;1;7;13;0;3;1;1;
1861;202000001209;154 740 136;C01;1;7;0;0;3;1;0;
1862;202000001209;154 740 137;B01;2;7;0;0;6;1;1;
1863;202000001209;154 740 138;A01;2;33;0;2;1;2;1;
1864;202000001210;154 740 134;B01;3;7;0;2;3;1;1;
1865;202000001210;154 740 135;A01;3;7;0;2;3;13;1;
1866;202000001212;154 740 130;B01;0;7;0;2;1;2;1;
1867;202000001212;154 740 131;A01;3;1;0;0;4;18;5;
1868;202000001213;154 740 128;B01;1;33;0;2;1;17;1;
1869;202000001213;154 740 129;A01;1;7;0;2;3;10;1;
1870;202000001214;154 740 127;A01;2;7;13;0;9;1;1;
1871;202000001215;154 740 126;A01;2;7;13;0;1;1;1;
1872;202000001216;154 740 124;A01;2;7;0;2;8;16;1;
1873;202000001216;154 740 125;B01;2;1;0;2;2;1;5;
1874;202000001217;154 740 122;B01;0;31;0;2;1;2;0;
1875;202000001217;154 740 123;A01;3;7;0;0;6;23;0;
1876;202000001218;154 740 120;B01;1;7;0;2;1;1;1;
1877;202000001218;154 740 121;A01;1;7;0;2;4;15;1;
1878;202000001219;154 740 119;A01;1;31;0;9;7;2;1;
1879;202000001220;154 740 117;A01;2;7;0;2;2;12;1;
1880;202000001220;154 740 118;B01;2;7;0;2;3;1;1;
1881;202000001222;154 740 114;B01;1;10;0;2;4;2;1;
1882;202000001222;154 740 115;A01;1;7;0;2;1;2;1;
1883;202000001223;154 740 112;B01;1;7;0;2;6;2;1;
1884;202000001223;154 740 113;A01;1;7;0;2;1;1;1;
1885;202000001224;154 740 108;D01;1;17;0;2;4;2;1;
1886;202000001224;154 740 109;C01;1;7;0;2;4;2;1;
1887;202000001224;154 740 110;B01;1;7;0;2;4;2;1;
1888;202000001224;154 740 111;A01;1;7;0;2;1;2;1;
1889;202000001225;154 740 106;B01;1;7;0;2;4;2;1;
1890;202000001225;154 740 107;A01;1;7;0;2;1;2;1;
1891;202000001226;154 740 105;A01;2;33;0;0;7;1;1;
1892;202000001227;154 740 104;A01;3;7;6;0;3;0;1;
1893;202000001228;154 740 101;A01;1;17;0;0;4;23;1;
1894;202000001228;154 740 102;B01;1;14;0;2;1;21;1;
1895;202000001228;154 740 103;C01;1;33;0;2;1;1;1;
1896;202000001229;154 740 099;B01;1;7;0;0;0;0;1;
1897;202000001229;154 740 100;A01;1;33;0;0;0;26;1;
1898;202000001230;154 740 097;A01;2;32;0;2;1;13;1;
1899;202000001230;154 740 098;B01;2;7;0;2;4;0;1;
1900;202000001231;154 740 095;B01;2;7;0;0;6;0;1;
1901;202000001231;154 740 096;A01;2;7;4;2;1;11;1;
1902;202000001232;154 740 093;B01;2;7;0;2;3;11;1;
1903;202000001232;154 740 094;A01;2;33;0;2;1;3;1;
1904;202000001233;154 740 091;A01;1;7;0;2;4;12;0;
1905;202000001233;154 740 092;B01;1;15;0;2;1;2;0;
1906;202000001234;154 740 089;A01;1;10;0;2;6;23;1;
1907;202000001234;154 740 090;B01;1;7;1;0;2;2;1;
1908;202000001235;154 740 085;D01;2;10;0;2;4;2;1;
1909;202000001235;154 740 086;C01;2;10;0;2;4;2;1;
1910;202000001235;154 740 087;B01;2;7;0;2;8;2;1;
1911;202000001235;154 740 088;A01;2;7;0;2;2;12;1;
1912;202000001236;154 740 083;A01;2;7;0;2;1;1;1;
1913;202000001236;154 740 084;B01;2;7;0;2;4;2;1;
1914;202000001238;154 740 079;A01;1;34;3;0;7;0;1;
1915;202000001239;154 740 078;A01;2;7;4;0;0;13;1;
1916;202000001240;154 740 077;A01;2;10;4;0;1;1;1;
1917;202000001241;154 740 075;B01;2;33;0;2;1;1;1;
1918;202000001241;154 740 076;A01;2;7;0;2;3;11;1;
1919;202000001242;154 740 073;A01;1;7;0;2;5;26;1;
1920;202000001242;154 740 074;B01;1;33;0;2;8;1;1;
1921;202000001243;154 740 072;A01;2;31;0;0;9;1;1;
1922;202000001244;154 740 070;Z01;2;0;0;2;4;2;0;
1923;202000001244;154 740 071;A01;2;7;0;2;1;2;1;
1924;202000001246;154 740 067;A01;1;7;0;1;1;1;1;
1925;202000001248;154 740 065;A01;1;7;0;1;2;1;1;
1926;202000001249;154 740 063;B01;1;7;0;2;4;2;1;
1927;202000001249;154 740 064;A01;1;14;0;2;1;2;1;
1928;202000001252;154 740 058;A01;1;37;0;1;5;26;0;1.0
1929;202000001253;154 740 056;A01;1;10;0;2;0;19;1;
1930;202000001253;154 740 057;B01;1;31;0;2;0;0;1;
1931;202000001254;154 740 054;A01;0;7;0;2;1;1;1;
1932;202000001254;154 740 055;B01;0;7;0;2;8;1;1;
1933;202000001255;154 740 052;B01;3;7;0;2;1;26;1;
1934;202000001255;154 740 053;A01;3;7;0;2;1;13;1;
1935;202000001256;154 740 050;A01;1;7;0;2;3;26;1;
1936;202000001256;154 740 051;B01;1;7;0;2;5;1;1;
1937;202000001257;154 740 047;B01;0;7;0;2;7;1;1;
1938;202000001257;154 740 048;A01;3;3;0;2;3;13;0;
1939;202000001257;154 740 049;C01;3;7;0;2;1;0;2;
1940;202000001258;154 740 045;B01;1;37;0;2;3;1;1;1.0
1941;202000001258;154 740 046;A01;1;7;0;2;7;16;1;
1942;202000001259;154 740 043;B01;0;50;0;2;0;1;3;
1943;202000001259;154 740 044;A01;0;7;0;2;2;15;1;
1944;202000001260;154 740 041;A01;0;33;0;2;7;17;1;
1945;202000001260;154 740 042;B01;0;7;0;2;1;15;2;
1946;202000001261;154 740 039;A01;1;7;0;1;2;1;1;
1947;202000001262;154 740 037;A01;1;7;0;2;1;2;1;
1948;202000001262;154 740 038;B01;1;33;0;2;4;2;1;
1949;202000001263;154 740 036;A01;2;30;6;0;1;0;1;
1950;202000001264;154 740 035;A01;1;33;10;0;7;16;1;
1951;202000001265;154 740 034;A01;2;33;3;0;2;1;1;
1952;202000001266;154 740 032;B01;2;7;0;2;8;1;1;
1953;202000001266;154 740 033;A01;2;32;0;2;7;17;1;
1954;202000001267;154 740 031;A01;0;34;6;0;1;15;0;
1955;202000001268;154 740 030;A01;1;7;2;0;3;1;1;
1956;202000001269;154 740 028;B01;2;33;0;2;1;13;1;
1957;202000001269;154 740 029;A01;1;7;0;2;8;1;1;
1958;202000001270;154 740 026;B01;1;7;0;2;3;1;1;
1959;202000001270;154 740 027;A01;1;32;11;2;1;17;1;
1960;202000001271;154 740 025;A01;2;13;0;0;2;26;0;
1961;202000001274;154 740 020;A01;2;7;2;0;8;13;1;
1962;202000001276;154 740 016;B01;2;7;0;2;3;1;1;
1963;202000001276;154 740 017;A01;1;7;0;2;3;13;1;
1964;202000001277;154 740 015;A01;2;2;12;0;2;1;0;
1965;202000001278;154 740 013;B01;0;32;0;0;1;1;1;
1966;202000001278;154 740 014;A01;0;7;0;0;8;15;1;
1967;202000001279;154 740 011;B01;2;7;0;2;8;1;1;
1968;202000001279;154 740 012;A01;2;33;12;2;7;17;1;
1969;202000001280;154 740 010;A01;2;1;0;0;0;1;5;
1970;202000001281;154 740 008;B01;2;7;0;2;3;1;1;
1971;202000001281;154 740 009;A01;1;3;0;2;1;1;1;
1972;202000001282;154 740 007;A01;0;7;13;0;9;1;0;
1973;202000001283;154 740 006;A01;2;31;0;0;0;1;1;
1974;202000001284;154 740 005;A01;2;1;0;0;0;1;5;
1975;202000001285;154 740 003;B01;3;7;0;2;3;13;1;
1976;202000001285;154 740 004;A01;3;1;0;0;6;1;6;
1977;202000001289;154 739 995;B01;2;33;0;2;3;1;1;
1978;202000001289;154 739 996;A01;1;7;0;2;2;13;1;
1979;202000001290;154 739 992;A01;2;33;0;2;1;2;1;
1980;202000001290;154 739 993;B01;2;7;0;0;4;2;1;
1981;202000001291;154 739 990;A01;0;7;0;2;3;26;6;
1982;202000001291;154 739 991;B01;1;7;0;2;1;19;0;
1983;202000001292;154 739 988;A01;2;33;0;0;7;1;1;
1984;202000001293;154 739 986;A01;1;7;0;2;1;1;1;
1985;202000001293;154 739 987;B01;1;33;0;2;8;1;1;
1986;202000001294;154 739 984;A01;2;7;6;0;1;1;0;
1987;202000001295;154 739 983;A01;2;33;2;0;1;0;1;
1988;202000001296;154 739 981;B01;0;2;0;2;1;21;1;
1989;202000001296;154 739 982;A01;0;7;0;2;3;1;1;
1990;202000001297;154 739 979;A01;2;7;0;2;1;2;1;
1991;202000001297;154 739 980;B01;2;7;0;0;4;1;1;
1992;202000001298;154 739 977;B01;2;7;0;2;1;1;0;
1993;202000001298;154 739 978;A01;1;10;0;2;1;15;0;
1994;202000001299;154 739 976;A01;2;33;8;0;0;16;1;
1995;202000001300;154 739 975;A01;1;1;0;0;0;1;5;
1996;202000001301;154 739 974;A01;3;7;6;0;3;0;1;
1997;202000001302;154 739 970;A01;2;7;0;2;4;23;1;
1998;202000001302;154 739 971;B01;2;7;0;2;1;2;1;
1999;202000001303;154 739 965;A01;2;15;0;2;1;13;1;
2000;202000001303;154 739 966;D01;2;10;0;2;4;1;1;
2001;202000001303;154 739 967;C01;2;15;0;2;4;1;1;
2002;202000001303;154 739 968;B01;2;7;0;2;4;1;1;
2003;202000001303;154 739 969;E01;2;15;0;2;4;1;1;
2004;202000001304;154 739 963;B01;2;7;0;2;1;1;0;
2005;202000001304;154 739 964;A01;2;7;0;2;4;11;0;
2006;202000001305;154 739 962;A01;1;33;0;0;1;9;1;
2007;202000001306;154 739 961;A01;2;7;4;9;9;2;1;
2008;202000001307;154 739 959;A01;1;7;0;2;1;16;1;
2009;202000001307;154 739 960;B01;2;7;1;2;3;1;1;
2010;202000001308;154 739 957;B01;2;2;0;2;1;17;1;
2011;202000001308;154 739 958;A01;2;7;0;2;1;15;1;
2012;202000001309;154 739 956;A01;1;7;14;0;1;26;6;
2013;202000001310;154 739 954;A01;1;7;0;2;1;13;1;
2014;202000001310;154 739 955;B01;2;7;0;2;1;1;1;
2015;202000001311;154 739 953;A01;1;2;12;0;3;2;1;
2016;202000001312;154 739 951;A01;1;30;0;2;1;9;1;
2017;202000001312;154 739 952;B01;1;7;0;2;7;1;1;
2018;202000001314;154 739 948;A01;1;1;0;2;0;21;2;
2019;202000001315;154 739 946;A01;2;7;0;0;0;16;0;
2020;202000001315;154 739 947;B01;2;7;0;0;0;1;0;
2021;202000001316;154 739 943;B01;1;7;0;2;4;2;1;
2022;202000001316;154 739 944;C01;1;7;0;2;1;2;1;
2023;202000001316;154 739 945;A01;1;7;16;0;4;2;1;
2024;202000001317;154 739 941;A01;2;10;0;2;3;13;1;
2025;202000001317;154 739 942;B01;1;7;0;2;3;1;1;
2026;202000001318;154 739 939;B01;0;60;0;0;0;0;5;
2027;202000001318;154 739 940;A01;2;7;0;9;1;15;1;
2028;202000001319;154 739 936;A01;2;7;0;2;1;2;1;
2029;202000001319;154 739 937;B01;2;7;0;2;4;23;1;
2030;202000001319;154 739 938;C01;2;7;0;0;4;23;1;
2031;202000001320;154 739 935;A01;3;7;0;1;5;19;0;
2032;202000001321;154 739 933;A01;3;7;0;2;7;15;1;
2033;202000001321;154 739 934;B01;2;33;0;2;1;1;1;
2034;202000001322;154 739 932;A01;3;7;0;1;2;9;2;
2035;202000001323;154 739 930;B01;1;33;0;2;2;1;1;
2036;202000001323;154 739 931;A01;1;7;0;2;1;19;0;
2037;202000001324;154 739 928;B01;1;7;0;2;1;1;1;
2038;202000001324;154 739 929;A01;2;7;0;2;2;15;2;
2039;202000001325;154 739 926;B01;1;14;0;2;3;9;1;
2040;202000001325;154 739 927;A01;1;7;0;2;2;1;1;
2041;202000001326;154 739 925;A01;3;7;0;1;3;19;1;
2042;202000001327;154 739 923;A01;2;30;0;2;7;1;1;
2043;202000001327;154 739 924;B01;2;7;0;2;1;1;1;
2044;202000001328;154 739 921;A01;3;7;0;2;1;15;1;
2045;202000001328;154 739 922;B01;3;7;0;2;1;1;1;
2046;202000001329;154 739 918;A01;1;1;0;2;1;9;5;
2047;202000001329;154 739 919;B01;1;10;0;2;3;1;1;
2048;202000001329;154 739 920;C01;1;7;0;2;2;1;1;
2049;202000001330;154 739 916;A01;1;7;0;2;3;20;1;
2050;202000001330;154 739 917;B01;1;33;0;2;2;1;1;
2051;202000001331;154 739 915;A01;3;10;0;1;2;16;1;
2052;202000001332;154 739 913;B01;3;7;0;2;1;1;-1;
2053;202000001332;154 739 914;A01;3;7;0;2;8;19;-1;
2054;202000001333;154 739 911;B01;2;7;0;2;2;1;1;
2055;202000001333;154 739 912;A01;1;7;0;2;1;15;1;
2056;202000001334;154 739 910;A01;0;31;0;1;0;1;0;
2057;202000001335;154 739 908;A01;0;1;0;2;8;19;5;
2058;202000001335;154 739 909;B01;0;7;0;2;1;1;1;
2059;202000001336;154 739 907;A01;0;7;0;1;1;1;1;
2060;202000001337;154 739 906;A01;2;33;8;0;1;14;1;
2061;202000001338;154 739 904;A01;3;7;0;2;1;17;1;
2062;202000001338;154 739 905;B01;3;7;0;2;3;15;1;
2063;202000001339;154 739 903;A01;0;10;0;1;2;1;1;
2064;202000001340;154 739 902;A01;0;33;0;1;1;1;1;
2065;202000001341;154 739 900;A01;2;7;0;2;1;19;1;
2066;202000001341;154 739 901;B01;1;1;0;2;7;1;5;
2067;202000001342;154 739 898;A01;2;7;0;2;8;13;1;
2068;202000001342;154 739 899;B01;1;33;0;2;1;1;1;
2069;202000001343;154 739 896;A01;1;7;0;2;1;15;1;
2070;202000001343;154 739 897;B01;2;7;0;2;1;1;1;
2071;202000001344;154 739 895;A01;1;10;0;1;2;1;1;
2072;202000001345;154 739 893;B01;3;7;0;2;1;1;1;
2073;202000001345;154 739 894;A01;3;7;0;2;1;13;1;
2074;202000001346;154 739 892;A01;1;36;12;0;2;26;1;
2075;202000001347;154 739 890;A01;1;31;0;2;1;1;1;
2076;202000001347;154 739 891;B01;3;7;0;2;8;15;1;
2077;202000001348;154 739 888;A01;1;1;0;2;4;15;5;
2078;202000001348;154 739 889;B01;1;7;0;2;1;2;1;
2079;202000001349;154 739 886;A01;1;7;0;2;3;15;1;
2080;202000001349;154 739 887;B01;2;30;0;2;3;1;1;
2081;202000001350;154 739 884;B01;1;50;0;2;7;19;3;
2082;202000001350;154 739 885;Z01;1;7;0;2;1;1;1;
2083;202000001351;154 739 882;A01;3;7;0;2;3;1;1;
2084;202000001351;154 739 883;B01;3;33;0;2;2;16;1;
2085;202000001352;154 739 881;A01;1;30;0;0;1;21;1;
2086;202000001354;154 739 876;B01;1;1;0;2;0;6;0;
2087;202000001354;154 739 877;A01;1;7;0;2;1;6;1;
2088;202000001355;154 739 874;B01;2;0;0;2;1;1;0;
2089;202000001355;154 739 875;A01;1;80;0;2;8;9;3;
2090;202000001357;154 739 870;A01;2;33;0;2;1;1;1;
2091;202000001357;154 739 871;B01;3;7;0;2;7;12;1;
2092;202000001358;154 739 868;A01;1;1;0;2;0;19;5;
2093;202000001358;154 739 869;B01;1;1;0;2;0;16;5;
2094;202000001359;154 739 866;B01;2;2;0;2;3;0;0;
2095;202000001359;154 739 867;A01;1;7;0;2;3;1;1;
2096;202000001360;154 739 864;A01;3;7;0;2;1;11;1;
2097;202000001360;154 739 865;B01;3;7;0;2;3;26;1;
2098;202000001361;154 739 862;A01;1;7;0;2;3;20;1;
2099;202000001361;154 739 863;B01;1;2;0;2;2;2;1;
2100;202000001362;154 739 860;B01;2;1;0;2;8;2;0;
2101;202000001362;154 739 861;A01;2;10;0;9;1;2;1;
2102;202000001363;154 739 858;B01;1;30;0;2;3;1;3;
2103;202000001363;154 739 859;A01;1;7;0;2;2;16;0;
2104;202000001364;154 739 856;A01;1;30;0;2;8;9;1;
2105;202000001364;154 739 857;B01;1;7;0;2;2;1;1;
2106;202000001365;154 739 854;B01;1;7;0;2;0;3;1;
2107;202000001365;154 739 855;A01;2;7;0;2;3;26;1;
2108;202000001366;154 739 853;A01;1;10;0;1;3;1;0;
2109;202000001367;154 739 851;B01;3;7;0;2;3;1;1;
2110;202000001367;154 739 852;A01;3;7;0;2;3;26;1;
2111;202000001368;154 739 849;B01;3;2;0;2;4;16;1;
2112;202000001368;154 739 850;A01;3;7;0;2;3;16;1;
2113;202000001369;154 739 847;B01;3;17;0;2;4;1;1;
2114;202000001369;154 739 848;A01;3;7;0;2;1;1;1;
2115;202000001370;154 739 845;B01;3;7;0;2;4;1;1;
2116;202000001370;154 739 846;A01;3;7;0;2;1;1;1;
2117;202000001371;154 739 843;B01;1;40;0;2;2;1;3;
2118;202000001371;154 739 844;A01;1;10;0;-1;8;15;1;
2119;202000001372;154 739 842;A01;3;7;0;1;3;26;1;
2120;202000001373;154 739 840;A01;3;1;0;2;8;19;5;
2121;202000001373;154 739 841;B01;1;7;0;2;1;1;1;
2122;202000001374;154 739 839;A01;3;30;14;0;1;1;1;
2123;202000001375;154 739 837;B01;2;7;0;2;3;1;1;
2124;202000001375;154 739 838;A01;2;33;0;2;3;13;1;
2125;202000001376;154 739 836;Z01;2;7;0;1;1;1;1;
2126;202000001377;154 739 834;A01;2;1;0;2;8;19;5;
2127;202000001377;154 739 835;Z01;2;7;0;2;1;1;0;
2128;202000001378;154 739 832;B01;2;1;0;2;8;1;5;
2129;202000001378;154 739 833;A01;1;7;0;2;7;15;1;
2130;202000001379;154 739 830;A01;2;7;0;2;3;15;1;
2131;202000001379;154 739 831;B01;1;31;8;2;1;17;1;
2132;202000001380;154 739 828;A01;2;1;0;2;4;15;5;
2133;202000001380;154 739 829;Z01;1;31;0;2;1;26;6;
2134;202000001381;154 739 825;C01;2;7;0;2;2;0;1;
2135;202000001381;154 739 826;B01;2;7;0;2;5;0;1;
2136;202000001381;154 739 827;A01;2;17;0;2;2;9;1;
2137;202000001382;154 739 824;A01;3;30;0;1;1;1;1;
2138;202000001383;154 739 823;A01;3;20;0;1;1;1;1;
2139;202000001384;154 739 822;A01;2;10;13;0;3;1;1;
2140;202000001385;154 739 820;A01;0;7;0;2;3;20;0;
2141;202000001385;154 739 821;B01;1;7;0;0;2;1;0;
2142;202000001386;154 739 818;A01;1;32;0;2;1;1;1;
2143;202000001386;154 739 819;B01;1;7;0;2;4;1;1;
2144;202000001387;154 739 814;B01;0;32;0;2;1;1;1;
2145;202000001387;154 739 815;A01;0;7;0;2;8;20;1;
2146;202000001388;154 739 813;A01;3;30;0;0;0;2;1;
2147;202000001389;154 739 811;A01;3;7;0;2;1;19;1;
2148;202000001389;154 739 812;B01;3;7;0;2;8;1;1;
2149;202000001390;154 739 809;A01;1;7;0;0;0;0;1;
2150;202000001390;154 739 810;B01;2;33;0;2;8;1;1;
2151;202000001391;154 739 806;C01;3;7;0;2;1;1;1;
2152;202000001391;154 739 807;A01;1;7;0;2;5;15;1;
2153;202000001391;154 739 808;B01;2;7;0;2;1;1;1;
2154;202000001392;154 739 805;A01;3;7;0;1;3;26;0;
2155;202000001393;154 739 803;B01;1;7;0;2;3;1;1;
2156;202000001393;154 739 804;A01;2;2;0;2;1;13;1;
2157;202000001394;154 739 802;A01;1;7;0;1;3;15;1;
2158;202000001395;154 739 801;A01;1;10;0;1;5;20;1;
2159;202000001396;154 739 800;A01;1;10;0;1;2;9;1;
2160;202000001397;154 739 798;A01;1;7;0;2;2;16;1;
2161;202000001397;154 739 799;B01;0;30;0;2;0;0;0;
2162;202000001399;154 739 794;B01;1;7;0;2;5;1;1;
2163;202000001399;154 739 795;A01;1;32;0;2;3;3;1;
2164;202000001401;154 739 790;A01;1;33;4;0;3;13;1;
2165;202000001402;154 739 789;A01;2;7;0;1;5;1;1;
2166;202000001403;154 739 788;A01;1;7;0;1;7;16;1;
2167;202000001404;154 739 786;B01;2;7;0;2;3;15;0;
2168;202000001404;154 739 787;A01;2;33;0;2;2;17;1;
2169;202000001406;154 739 782;Z01;2;1;0;2;4;23;5;
2170;202000001406;154 739 783;A01;1;37;0;2;1;1;1;4.0
2171;202000001407;154 739 780;A01;1;1;0;2;7;1;5;
2172;202000001407;154 739 781;B01;3;60;0;2;1;19;5;
2173;202000001408;154 739 779;A01;1;1;0;1;7;1;5;
2174;202000001409;154 739 778;A01;2;50;0;1;1;1;3;
2175;202000001410;154 739 776;B01;2;1;0;2;1;1;0;
2176;202000001410;154 739 777;A01;1;7;0;2;2;15;1;
2177;202000001411;154 739 773;A01;3;34;0;2;6;1;1;
2178;202000001411;154 739 774;B01;3;10;0;2;6;1;1;
2179;202000001411;154 739 775;Z01;3;7;0;2;1;11;1;
2180;202000001412;154 739 771;A01;1;7;0;2;7;1;1;
2181;202000001412;154 739 772;B01;1;30;0;2;8;1;1;
2182;202000001414;154 739 768;A01;2;7;0;2;2;12;1;
2183;202000001414;154 739 769;B01;2;7;0;2;4;0;1;
2184;202000001415;154 739 762;A01;2;10;4;0;1;1;1;
2185;202000001415;154 739 763;F01;2;7;4;0;4;23;1;
2186;202000001415;154 739 764;E01;2;7;4;0;4;23;1;
2187;202000001415;154 739 765;C01;2;7;4;0;4;2;1;
2188;202000001415;154 739 766;D01;2;7;4;0;4;23;1;
2189;202000001415;154 739 767;B01;2;10;4;0;4;23;1;
2190;202000001416;154 739 760;B01;2;32;0;2;1;3;1;
2191;202000001416;154 739 761;A01;2;7;0;2;5;11;1;
2192;202000001417;154 739 759;A01;1;33;4;0;2;1;1;
2193;202000001418;154 739 758;A01;2;7;0;9;9;14;1;
2194;202000001420;154 739 752;C01;2;14;0;2;8;1;1;
2195;202000001420;154 739 753;B01;2;7;0;2;4;17;1;
2196;202000001420;154 739 754;A01;2;7;0;2;1;17;1;
2197;202000001421;154 739 749;C01;1;7;0;2;4;0;1;
2198;202000001421;154 739 750;A01;1;7;0;2;1;11;1;
2199;202000001421;154 739 751;B01;1;7;0;2;4;1;1;
2200;202000001422;154 739 747;B01;3;33;0;2;2;17;1;
2201;202000001422;154 739 748;A01;3;7;0;2;3;15;1;
2202;202000001423;154 739 746;A01;1;7;0;0;0;19;1;
2203;202000001424;154 739 745;A01;1;7;10;0;2;26;1;
2204;202000001425;154 739 743;B01;3;7;0;2;0;12;1;
2205;202000001425;154 739 744;A01;3;7;0;2;4;23;1;
2206;202000001426;154 739 741;B01;1;7;0;2;1;19;1;
2207;202000001426;154 739 742;A01;1;7;0;2;1;19;1;
2208;202000001427;154 739 739;B01;0;33;0;2;8;10;0;
2209;202000001427;154 739 740;A01;1;33;0;2;1;1;0;
2210;202000001428;154 739 738;A01;1;1;0;1;1;1;5;
2211;202000001429;154 739 736;A01;3;1;0;2;1;9;5;
2212;202000001429;154 739 737;B01;3;7;0;9;2;16;1;
2213;202000001430;154 739 734;A01;1;14;0;0;0;1;1;
2214;202000001430;154 739 735;C01;1;7;0;9;1;1;1;
2215;202000001432;154 739 729;A01;0;7;0;2;1;1;1;
2216;202000001432;154 739 730;B01;0;7;0;2;4;23;1;
2217;202000001433;154 739 727;B01;1;34;0;2;2;13;0;
2218;202000001433;154 739 728;A01;2;7;0;2;8;1;0;
2219;202000001434;154 739 725;A01;1;10;0;2;0;19;0;
2220;202000001434;154 739 726;B01;0;1;0;0;0;0;0;
2221;202000001435;154 739 724;A01;3;34;8;0;2;26;1;
2222;202000001436;154 739 722;A01;2;7;0;2;5;15;1;
2223;202000001436;154 739 723;B01;2;33;0;2;1;1;1;
2224;202000001437;154 739 721;A01;3;7;0;1;1;1;0;
2225;202000001438;154 739 720;A01;2;30;0;0;3;1;1;
2226;202000001439;154 739 718;A01;3;30;0;2;2;14;1;
2227;202000001439;154 739 719;B01;3;7;0;0;6;1;1;