;Num_Acc;id_vehicule;num_veh;senc;catv;obs;obsm;choc;manv;motor;occutc
2228;202000001441;154 739 714;A01;1;7;0;2;3;16;1;
2229;202000001441;154 739 715;B01;2;1;0;2;1;26;5;
2230;202000001442;154 739 712;B01;3;50;0;2;1;1;3;
2231;202000001442;154 739 713;A01;3;7;0;2;2;1;2;
2232;202000001443;154 739 710;A01;1;7;0;2;1;26;1;
2233;202000001443;154 739 711;B01;1;7;0;2;6;2;1;
2234;202000001444;154 739 708;A01;0;60;0;4;7;1;5;
2235;202000001444;154 739 709;B01;0;40;0;2;5;1;3;
2236;202000001445;154 739 706;A01;1;7;0;2;3;2;1;
2237;202000001445;154 739 707;B01;1;33;0;2;4;2;1;
2238;202000001446;154 739 703;B01;2;7;16;0;4;1;1;
2239;202000001446;154 739 704;A01;2;33;0;2;1;21;1;
2240;202000001447;154 739 701;B01;3;10;0;2;7;16;1;
2241;202000001447;154 739 702;A01;3;1;0;2;8;18;5;
2242;202000001448;154 739 699;B01;1;2;0;2;1;17;0;
2243;202000001448;154 739 700;A01;1;10;0;2;8;15;6;
2244;202000001449;154 739 697;A01;1;7;0;1;6;23;1;
2245;202000001449;154 739 698;B01;1;7;1;0;2;1;1;
2246;202000001450;154 739 696;A01;1;30;1;0;0;14;1;
2247;202000001451;154 739 694;A01;2;1;0;2;1;1;5;
2248;202000001451;154 739 695;B01;2;7;0;2;6;1;1;
2249;202000001452;154 739 691;A01;2;7;0;2;1;2;2;
2250;202000001452;154 739 692;B01;2;7;0;2;4;2;1;
2251;202000001452;154 739 693;C01;2;7;0;2;4;2;1;
2252;202000001453;154 739 689;B01;1;33;0;2;6;3;1;
2253;202000001453;154 739 690;A01;1;7;0;2;2;12;1;
2254;202000001455;154 739 685;A01;2;3;1;2;1;13;3;
2255;202000001455;154 739 686;B01;2;2;0;2;8;23;1;
2256;202000001456;154 739 683;A01;3;7;0;2;1;1;1;
2257;202000001456;154 739 684;B01;3;7;0;2;8;1;1;
2258;202000001457;154 739 682;A01;3;33;0;0;8;15;1;
2259;202000001458;154 739 679;A01;1;32;0;2;3;23;1;
2260;202000001458;154 739 680;B01;1;7;0;2;8;23;1;
2261;202000001458;154 739 681;Z01;2;7;0;2;0;13;1;
2262;202000001459;154 739 678;A01;1;31;0;2;7;17;1;
2263;202000001460;154 739 676;A01;1;7;0;2;3;13;1;
2264;202000001460;154 739 677;B01;1;32;0;2;2;1;1;
2265;202000001461;154 739 674;A01;1;7;0;2;1;2;1;
2266;202000001461;154 739 675;B01;1;7;0;2;4;23;1;
2267;202000001462;154 739 672;Z01;1;10;0;2;1;2;1;
2268;202000001462;154 739 673;A01;1;7;0;2;4;23;1;
2269;202000001463;154 739 671;A01;2;7;6;1;4;4;1;
2270;202000001464;154 739 670;Z01;1;7;14;0;1;13;1;
2271;202000001465;154 739 668;A01;1;7;0;2;1;2;1;
2272;202000001465;154 739 669;B01;1;7;0;2;4;2;1;
2273;202000001466;154 739 666;B01;1;33;0;2;7;19;1;
2274;202000001466;154 739 667;A01;1;7;0;2;3;15;1;
2275;202000001467;154 739 664;B01;1;7;0;2;6;14;0;
2276;202000001467;154 739 665;A01;1;1;1;0;1;14;5;
2277;202000001468;154 739 662;B01;1;1;0;2;7;1;5;
2278;202000001468;154 739 663;A01;1;7;0;2;8;15;1;
2279;202000001470;154 739 659;A01;2;7;0;1;2;1;1;
2280;202000001471;154 739 656;A01;1;37;0;2;6;15;1;1.0
2281;202000001471;154 739 657;B01;1;7;0;2;3;21;1;
2282;202000001471;154 739 658;C01;1;7;0;2;2;23;1;
2283;202000001472;154 739 655;A01;2;30;0;0;8;1;1;
2284;202000001473;154 739 653;B01;1;1;0;2;7;16;5;
2285;202000001473;154 739 654;A01;1;33;1;2;3;1;1;
2286;202000001475;154 739 649;B01;2;2;0;2;1;16;1;
2287;202000001475;154 739 650;A01;2;7;0;2;5;15;1;
2288;202000001476;154 739 647;A01;1;7;0;2;1;1;1;
2289;202000001476;154 739 648;B01;-1;7;0;2;4;1;0;
2290;202000001477;154 739 646;A01;-1;30;8;0;1;15;0;
2291;202000001478;154 739 644;B01;1;7;0;2;1;9;1;
2292;202000001478;154 739 645;A01;3;7;0;2;2;9;1;
2293;202000001479;154 739 642;B01;-1;34;0;2;7;0;1;
2294;202000001479;154 739 643;A01;1;33;0;2;1;26;1;
2295;202000001480;154 739 640;A01;1;7;0;2;1;15;1;
2296;202000001480;154 739 641;B01;2;32;0;2;1;2;1;
2297;202000001481;154 739 638;B01;2;1;0;2;3;1;0;
2298;202000001481;154 739 639;A01;2;7;0;9;2;16;1;
2299;202000001482;154 739 636;A01;3;7;7;0;3;1;1;
2300;202000001482;154 739 637;B01;1;7;7;2;1;1;1;
2301;202000001483;154 739 635;A01;1;50;0;1;1;17;3;
2302;202000001484;154 739 633;A01;2;1;0;2;2;1;0;
2303;202000001484;154 739 634;B01;1;31;0;9;1;15;1;
2304;202000001485;154 739 631;A01;1;7;0;2;3;15;1;
2305;202000001485;154 739 632;Z01;1;7;0;2;2;1;1;
2306;202000001486;154 739 630;A01;1;30;0;0;0;0;1;
2307;202000001487;154 739 629;A01;1;30;6;0;1;21;1;
2308;202000001488;154 739 628;A01;1;7;0;1;3;1;1;
2309;202000001489;154 739 626;A01;1;30;0;2;0;13;1;
2310;202000001489;154 739 627;B01;1;7;0;2;1;0;1;
2311;202000001490;154 739 625;A01;2;33;1;0;1;14;0;
2312;202000001491;154 739 623;B01;3;7;0;0;4;1;1;
2313;202000001491;154 739 624;A01;3;7;0;2;3;1;1;
2314;202000001492;154 739 622;A01;3;7;0;1;2;15;0;
2315;202000001493;154 739 621;A01;1;7;15;1;1;0;1;
2316;202000001495;154 739 617;A01;2;33;7;0;4;1;1;
2317;202000001495;154 739 618;B01;2;33;0;2;1;2;1;
2318;202000001496;154 739 616;A01;1;7;13;0;0;0;1;
2319;202000001497;154 739 615;A01;2;7;0;6;1;2;1;
2320;202000001498;154 739 614;A01;2;7;13;0;1;1;0;
2321;202000001499;154 739 612;A01;1;33;12;2;7;17;1;
2322;202000001499;154 739 613;B01;1;7;0;2;3;15;1;
2323;202000001500;154 739 610;B01;1;7;0;2;5;2;1;
2324;202000001500;154 739 611;A01;1;33;0;2;1;17;1;
2325;202000001501;154 739 609;A01;2;7;16;0;2;13;1;
2326;202000001502;154 739 606;C01;1;10;0;2;2;2;1;
2327;202000001502;154 739 607;B01;1;7;0;2;1;2;1;
2328;202000001502;154 739 608;A01;1;3;0;0;4;2;1;
2329;202000001503;154 739 604;B01;2;1;0;2;1;1;5;
2330;202000001503;154 739 605;A01;1;7;0;2;2;1;1;
2331;202000001504;154 739 602;A01;1;33;0;2;1;13;1;
2332;202000001504;154 739 603;B01;2;10;0;2;8;1;1;
2333;202000001505;154 739 601;A01;2;2;0;0;2;1;1;
2334;202000001506;154 739 600;A01;3;33;8;0;1;1;1;
2335;202000001507;154 739 599;A01;1;33;0;0;7;1;1;
2336;202000001508;154 739 597;A01;1;7;0;2;3;0;1;
2337;202000001508;154 739 598;B01;1;7;0;2;2;10;1;
2338;202000001509;154 739 596;A01;2;7;13;0;2;1;1;
2339;202000001510;154 739 594;B01;2;7;0;2;1;1;1;
2340;202000001510;154 739 595;A01;1;10;0;2;2;13;1;
2341;202000001511;154 739 592;A01;1;7;0;2;3;10;1;
2342;202000001511;154 739 593;B01;1;2;0;2;7;17;1;
2343;202000001512;154 739 590;B01;2;15;0;2;6;1;1;
2344;202000001512;154 739 591;A01;1;2;0;2;1;13;1;
2345;202000001513;154 739 589;A01;1;7;0;0;0;1;1;
2346;202000001514;154 739 587;A01;1;7;3;0;0;14;1;
2347;202000001515;154 739 586;A01;1;7;6;0;2;25;1;
2348;202000001516;154 739 585;A01;2;2;6;0;1;1;1;
2349;202000001518;154 739 583;A01;1;2;3;0;7;1;1;
2350;202000001519;154 739 582;A01;2;7;0;0;0;1;1;
2351;202000001520;154 739 580;B01;3;7;0;0;8;23;1;
2352;202000001520;154 739 581;A01;3;7;0;2;3;16;1;
2353;202000001521;154 739 579;A01;2;7;8;0;3;1;1;
2354;202000001522;154 739 578;A01;1;33;8;0;1;2;1;
2355;202000001523;154 739 577;A01;2;33;16;0;9;1;0;
2356;202000001525;154 739 574;A01;3;7;0;2;8;1;1;
2357;202000001525;154 739 575;B01;3;30;0;2;8;1;1;
2358;202000001526;154 739 573;A01;2;33;3;0;7;13;1;
2359;202000001527;154 739 571;B01;3;7;0;2;1;1;1;
2360;202000001527;154 739 572;A01;3;2;0;2;1;5;1;
2361;202000001528;154 739 570;A01;1;31;6;0;1;14;1;
2362;202000001529;154 739 568;A01;2;7;0;2;1;13;1;
2363;202000001529;154 739 569;B01;1;33;0;2;1;1;1;
2364;202000001530;154 739 566;B01;1;7;15;2;8;16;1;
2365;202000001530;154 739 567;A01;1;7;0;2;2;1;1;
2366;202000001532;154 739 564;A01;2;31;14;0;9;1;1;
2367;202000001533;154 739 562;B01;1;7;0;2;2;1;1;
2368;202000001533;154 739 563;A01;1;7;0;2;0;19;1;
2369;202000001534;154 739 561;A01;1;7;13;0;1;13;1;
2370;202000001535;154 739 560;A01;1;33;0;0;8;0;1;
2371;202000001536;154 739 559;A01;2;7;4;0;3;1;1;
2372;202000001537;154 739 558;A01;1;7;16;0;0;14;1;
2373;202000001538;154 739 556;B01;1;17;0;0;6;1;1;
2374;202000001538;154 739 557;A01;1;7;3;2;1;1;1;
2375;202000001539;154 739 554;B01;2;50;0;0;1;0;3;
2376;202000001539;154 739 555;A01;1;7;0;0;3;1;1;
2377;202000001541;154 739 550;A01;2;33;0;2;1;3;1;
2378;202000001541;154 739 551;B01;2;7;0;2;5;1;1;
2379;202000001542;154 739 549;A01;1;37;13;0;3;1;1;12.0
2380;202000001543;154 739 547;A01;1;7;0;2;3;5;1;
2381;202000001543;154 739 548;B01;1;7;0;2;1;11;1;
2382;202000001544;154 739 544;C01;2;7;0;2;3;0;1;
2383;202000001544;154 739 545;B01;1;7;0;2;0;0;1;
2384;202000001544;154 739 546;A01;2;10;0;2;2;1;1;
2385;202000001545;154 739 541;A01;2;2;0;1;0;0;0;
2386;202000001545;154 739 542;B01;2;33;0;0;0;24;1;
2387;202000001545;154 739 543;D01;1;2;0;0;0;0;0;
2388;202000001546;154 739 540;A01;2;7;13;0;1;0;1;
2389;202000001547;154 739 538;A01;1;7;0;9;2;1;1;
2390;202000001547;154 739 539;B01;0;1;0;2;3;15;5;
2391;202000001548;154 739 536;A01;1;31;0;2;1;17;1;
2392;202000001548;154 739 537;B01;1;30;0;0;8;15;1;
2393;202000001549;154 739 535;A01;2;1;0;9;4;1;5;
2394;202000001550;154 739 533;A01;1;7;0;2;5;15;1;
2395;202000001550;154 739 534;B01;2;33;0;2;1;1;1;
2396;202000001551;154 739 532;A01;2;2;3;0;0;1;1;
2397;202000001552;154 739 530;A01;1;33;0;2;8;1;1;
2398;202000001552;154 739 531;B01;1;7;0;2;3;13;0;
2399;202000001553;154 739 529;A01;2;7;13;0;1;1;1;
2400;202000001554;154 739 527;A01;1;7;0;2;1;1;1;
2401;202000001554;154 739 528;B01;1;2;0;2;4;1;1;
2402;202000001555;154 739 526;A01;1;7;0;1;2;2;1;
2403;202000001556;154 739 524;B01;2;7;0;2;1;15;0;
2404;202000001556;154 739 525;A01;1;7;0;0;2;1;0;
2405;202000001557;154 739 523;A01;2;7;13;0;1;1;1;
2406;202000001558;154 739 520;C01;3;7;0;2;4;1;1;
2407;202000001558;154 739 521;A01;0;7;0;2;1;17;1;
2408;202000001558;154 739 522;B01;3;7;0;2;1;1;1;
2409;202000001561;154 739 514;B01;1;10;0;2;4;2;1;
2410;202000001561;154 739 515;A01;1;17;0;2;1;2;1;
2411;202000001562;154 739 511;A01;2;7;0;2;4;1;1;
2412;202000001562;154 739 512;B01;2;7;0;2;4;1;1;
2413;202000001562;154 739 513;C01;2;7;0;2;1;1;1;
2414;202000001563;154 739 509;B01;1;14;0;0;0;0;1;
2415;202000001563;154 739 510;A01;1;7;1;0;2;14;1;
2416;202000001564;154 739 506;A01;1;10;1;0;1;2;1;
2417;202000001564;154 739 507;B01;3;7;1;0;1;23;1;
2418;202000001564;154 739 508;C01;1;7;0;2;5;23;1;
2419;202000001565;154 739 505;A01;1;7;4;0;3;2;1;
2420;202000001566;154 739 503;B01;2;7;1;0;1;2;1;
2421;202000001566;154 739 504;A01;2;7;0;2;4;23;1;
2422;202000001567;154 739 502;A01;2;33;4;0;8;26;1;
2423;202000001568;154 739 501;A01;2;7;0;0;7;1;1;
2424;202000001569;154 739 499;B01;1;7;0;9;1;1;1;
2425;202000001569;154 739 500;A01;1;7;4;0;1;21;1;
2426;202000001570;154 739 498;A01;1;7;0;5;1;1;1;
2427;202000001571;154 739 494;B01;1;7;0;2;4;2;1;
2428;202000001571;154 739 495;C01;1;7;0;2;4;2;1;
2429;202000001571;154 739 496;D01;1;7;0;2;4;2;1;
2430;202000001571;154 739 497;A01;1;7;0;2;1;2;1;
2431;202000001572;154 739 491;C01;2;7;0;2;4;2;1;
2432;202000001572;154 739 492;B01;2;7;0;2;4;2;1;
2433;202000001572;154 739 493;A01;2;7;0;2;1;2;1;
2434;202000001574;154 739 488;A01;1;17;6;0;2;13;1;
2435;202000001575;154 739 486;A01;3;7;0;2;5;1;1;
2436;202000001575;154 739 487;B01;2;2;0;2;1;1;1;
2437;202000001576;154 739 485;A01;3;33;13;0;9;1;1;
2438;202000001577;154 739 483;A01;1;10;1;0;1;26;2;
2439;202000001577;154 739 484;B01;1;10;0;2;0;0;0;
2440;202000001578;154 739 482;A01;2;10;0;1;7;1;1;
2441;202000001579;154 739 480;A01;2;7;0;2;3;15;1;
2442;202000001579;154 739 481;B01;1;30;0;0;0;0;1;
2443;202000001580;154 739 478;A01;3;7;0;2;2;1;1;
2444;202000001580;154 739 479;B01;3;7;0;2;3;9;1;
2445;202000001581;154 739 476;A01;3;7;0;2;2;19;1;
2446;202000001581;154 739 477;B01;2;34;0;2;1;1;1;
2447;202000001582;154 739 475;B01;1;7;0;2;4;2;1;
2448;202000001583;154 739 474;A01;2;30;0;2;0;21;0;
2449;202000001584;154 739 472;B01;1;7;0;2;2;15;1;
2450;202000001584;154 739 473;A01;2;30;0;2;3;26;1;
2451;202000001586;154 739 468;A01;3;7;0;9;4;1;1;
2452;202000001586;154 739 469;B01;3;1;0;2;1;1;5;
2453;202000001587;154 739 467;A01;3;7;0;0;9;16;1;
2454;202000001588;154 739 466;A01;2;7;1;1;3;22;0;
2455;202000001590;154 739 463;A01;0;7;0;2;7;26;0;
2456;202000001590;154 739 464;B01;0;7;0;2;2;9;0;
2457;202000001591;154 739 461;B01;1;80;0;2;7;19;3;
2458;202000001591;154 739 462;A01;1;7;0;2;1;16;1;
2459;202000001592;154 739 460;A01;1;30;16;0;2;21;1;
2460;202000001593;154 739 458;B01;1;33;0;2;1;1;1;
2461;202000001593;154 739 459;A01;2;7;0;2;3;20;1;
2462;202000001594;154 739 457;A01;2;7;2;0;1;26;1;
2463;202000001595;154 739 455;A01;1;7;0;2;1;26;0;
2464;202000001595;154 739 456;B01;2;7;0;2;2;26;1;
2465;202000001596;154 739 453;B01;1;7;1;2;1;1;1;
2466;202000001596;154 739 454;A01;1;7;0;2;8;10;1;
2467;202000001597;154 739 451;B01;0;7;0;2;4;1;1;
2468;202000001597;154 739 452;A01;0;10;0;2;1;1;1;
2469;202000001598;154 739 449;A01;0;1;0;2;1;16;5;
2470;202000001598;154 739 450;B01;0;7;0;2;1;1;1;
2471;202000001599;154 739 447;B01;1;34;0;2;7;17;0;
2472;202000001599;154 739 448;A01;1;7;0;2;8;15;0;
2473;202000001600;154 739 446;A01;3;7;0;1;2;26;0;
2474;202000001601;154 739 445;A01;1;7;0;1;7;26;1;
2475;202000001602;154 739 443;A01;1;7;0;2;3;15;1;
2476;202000001602;154 739 444;B01;2;33;0;2;1;1;1;
2477;202000001603;154 739 441;B01;3;7;0;2;1;1;1;
2478;202000001603;154 739 442;A01;3;7;0;2;7;13;1;
2479;202000001604;154 739 440;A01;1;33;2;0;1;15;1;
2480;202000001605;154 739 438;A01;2;7;0;2;3;15;1;
2481;202000001605;154 739 439;B01;1;33;0;2;8;1;1;
2482;202000001606;154 739 436;B01;0;7;0;2;3;1;1;
2483;202000001606;154 739 437;A01;0;7;0;2;4;4;1;
2484;202000001609;154 739 431;A01;2;7;0;1;1;15;1;
2485;202000001610;154 739 429;B01;3;7;8;2;3;15;1;
2486;202000001610;154 739 430;A01;2;10;9;2;3;1;1;
2487;202000001611;154 739 427;A01;1;7;0;2;1;15;1;
2488;202000001611;154 739 428;B01;1;1;0;2;7;1;5;
2489;202000001612;154 739 425;B01;1;7;0;2;1;1;1;
2490;202000001612;154 739 426;A01;2;31;0;2;1;17;1;
2491;202000001613;154 739 422;C01;2;7;0;2;4;2;1;
2492;202000001613;154 739 423;B01;2;7;0;2;1;2;0;
2493;202000001613;154 739 424;A01;2;7;0;2;1;1;1;
2494;202000001614;154 739 420;B01;2;7;0;2;8;1;1;
2495;202000001614;154 739 421;A01;2;1;0;2;1;1;5;
2496;202000001615;154 739 418;B01;2;32;0;2;1;1;1;
2497;202000001615;154 739 419;A01;1;7;0;2;1;15;1;
2498;202000001617;154 739 416;A01;1;33;0;2;1;0;1;
2499;202000001618;154 739 414;B01;1;7;0;2;5;1;1;
2500;202000001618;154 739 415;A01;1;31;0;2;9;9;1;
2501;202000001619;154 739 411;A01;2;33;0;2;7;9;1;
2502;202000001619;154 739 412;C01;2;7;0;2;5;1;1;
2503;202000001619;154 739 413;B01;2;7;0;2;6;1;1;
2504;202000001620;154 739 409;B01;0;7;0;2;7;1;1;
2505;202000001620;154 739 410;A01;1;2;0;2;1;1;1;
2506;202000001622;154 739 405;B01;1;7;0;2;2;26;1;
2507;202000001622;154 739 406;A01;3;1;0;2;8;16;5;
2508;202000001623;154 739 404;A01;3;7;0;1;4;20;1;
2509;202000001624;154 739 402;A01;1;30;8;2;1;13;1;
2510;202000001624;154 739 403;B01;2;7;0;2;2;1;0;
2511;202000001625;154 739 400;B01;2;2;0;2;1;1;1;
2512;202000001625;154 739 401;A01;2;7;0;2;3;19;6;
2513;202000001626;154 739 398;A01;1;33;0;2;1;17;1;
2514;202000001626;154 739 399;B01;1;7;0;2;8;15;1;
2515;202000001627;154 739 396;A01;2;10;0;2;7;16;1;
2516;202000001627;154 739 397;B01;2;50;0;2;1;1;3;
2517;202000001628;154 739 394;B01;2;7;0;2;3;26;0;
2518;202000001628;154 739 395;A01;2;34;0;2;3;1;0;
2519;202000001629;154 739 392;B01;0;7;0;2;2;1;0;
2520;202000001629;154 739 393;A01;0;10;0;2;3;1;0;
2521;202000001630;154 739 391;A01;1;7;0;1;7;26;1;
2522;202000001631;154 739 389;B01;1;7;0;2;8;15;1;
2523;202000001631;154 739 390;A01;1;32;0;2;1;17;1;
2524;202000001632;154 739 388;A01;3;7;0;1;1;15;1;
2525;202000001633;154 739 387;A01;1;33;0;2;0;1;0;
2526;202000001634;154 739 385;B01;3;7;0;2;2;1;1;
2527;202000001634;154 739 386;A01;3;33;0;2;2;17;1;
2528;202000001635;154 739 384;A01;3;7;0;1;6;0;1;
2529;202000001637;154 739 381;A01;2;33;0;2;3;3;1;
2530;202000001637;154 739 382;B01;2;7;0;2;5;12;1;
2531;202000001638;154 739 380;A01;1;16;0;1;2;1;1;
2532;202000001639;154 739 378;B01;1;7;0;2;4;2;1;
2533;202000001639;154 739 379;A01;1;31;0;2;1;2;1;
2534;202000001640;154 739 376;B01;2;1;0;2;1;1;5;
2535;202000001640;154 739 377;A01;1;7;0;2;3;9;1;
2536;202000001641;154 739 375;A01;1;31;0;0;8;1;1;
2537;202000001642;154 739 373;A01;2;32;0;4;8;15;1;
2538;202000001642;154 739 374;B01;2;40;0;2;2;1;3;
2539;202000001643;154 739 371;A01;1;7;0;2;4;15;1;
2540;202000001643;154 739 372;B01;2;43;0;2;1;1;1;
2541;202000001644;154 739 369;A01;1;10;0;2;8;10;1;
2542;202000001644;154 739 370;B01;1;30;0;2;8;1;1;
2543;202000001645;154 739 368;A01;1;43;0;1;1;1;1;
2544;202000001646;154 739 366;B01;1;7;0;2;7;1;1;
2545;202000001646;154 739 367;A01;1;1;0;2;1;1;5;
2546;202000001647;154 739 364;B01;1;33;0;2;0;23;1;
2547;202000001647;154 739 365;A01;1;10;0;2;3;2;1;
2548;202000001648;154 739 362;A01;2;7;0;2;3;15;1;
2549;202000001648;154 739 363;B01;1;1;0;2;2;1;5;
2550;202000001649;154 739 360;B01;1;33;0;2;2;1;1;
2551;202000001649;154 739 361;A01;1;7;0;2;5;15;1;
2552;202000001650;154 739 359;A01;2;10;0;1;3;15;1;
2553;202000001652;154 739 356;A01;2;1;0;2;0;13;5;
2554;202000001652;154 739 357;B01;2;30;0;2;1;1;1;
2555;202000001653;154 739 355;A01;2;7;0;1;1;1;1;
2556;202000001654;154 739 353;A01;1;7;0;2;1;1;1;
2557;202000001654;154 739 354;B01;1;32;0;2;8;1;1;
2558;202000001655;154 739 351;B01;1;7;0;2;1;16;1;
2559;202000001655;154 739 352;A01;1;1;0;2;1;1;5;
2560;202000001656;154 739 349;B01;1;31;0;2;3;1;1;
2561;202000001656;154 739 350;A01;1;1;0;2;7;1;5;
2562;202000001657;154 739 348;A01;1;7;1;0;1;14;1;
2563;202000001658;154 739 346;B01;2;43;0;2;7;1;1;
2564;202000001658;154 739 347;A01;2;7;0;2;1;10;1;
2565;202000001659;154 739 345;A01;1;7;0;1;1;1;1;
2566;202000001660;154 739 344;A01;1;7;0;1;2;1;1;
2567;202000001661;154 739 342;A01;1;33;0;2;4;13;1;
2568;202000001661;154 739 343;B01;1;7;0;2;2;1;1;
2569;202000001662;154 739 340;B01;2;50;0;2;1;1;3;
2570;202000001662;154 739 341;A01;1;7;0;2;2;9;1;
2571;202000001663;154 739 339;C01;1;99;0;1;2;25;0;
2572;202000001664;154 739 338;A01;1;10;0;1;0;15;1;
2573;202000001665;154 739 337;Z01;1;30;0;1;0;0;1;
2574;202000001666;154 739 335;A01;2;13;0;2;1;1;1;
2575;202000001666;154 739 336;B01;3;2;0;2;2;9;1;
2576;202000001668;154 739 331;A01;2;7;0;9;5;16;1;
2577;202000001668;154 739 332;B01;2;1;0;2;6;1;0;
2578;202000001669;154 739 329;A01;0;3;0;2;8;15;0;
2579;202000001669;154 739 330;B01;0;33;0;2;7;1;1;
2580;202000001670;154 739 327;B01;-1;7;0;2;8;22;0;
2581;202000001670;154 739 328;A01;0;30;1;0;7;-1;2;
2582;202000001671;154 739 325;B01;1;10;0;2;1;1;1;
2583;202000001671;154 739 326;A01;1;7;0;0;4;1;0;
2584;202000001672;154 739 323;A01;1;30;0;2;8;17;1;
2585;202000001672;154 739 324;B01;1;30;0;2;7;17;1;
2586;202000001673;154 739 321;B01;2;1;0;2;0;0;0;
2587;202000001673;154 739 322;A01;1;34;0;2;2;0;1;
2588;202000001674;154 739 320;A01;1;0;1;0;1;1;0;
2589;202000001675;154 739 318;B01;3;1;0;2;7;19;6;
2590;202000001675;154 739 319;A01;1;7;0;2;1;19;0;
2591;202000001676;154 739 316;B01;2;10;0;2;1;0;1;
2592;202000001676;154 739 317;A01;2;7;0;2;1;1;1;
2593;202000001677;154 739 313;C01;0;7;3;0;0;0;0;
2594;202000001677;154 739 314;B01;2;33;0;2;1;1;1;
2595;202000001677;154 739 315;A01;1;10;0;2;3;15;1;
2596;202000001678;154 739 312;A01;2;10;0;1;1;1;3;
2597;202000001679;154 739 310;B01;2;50;0;2;3;2;3;
2598;202000001679;154 739 311;A01;2;7;0;2;2;16;1;
2599;202000001681;154 739 306;B01;1;7;0;2;5;1;1;
2600;202000001681;154 739 307;A01;1;30;0;2;3;18;1;
2601;202000001682;154 739 305;A01;2;7;0;1;2;15;1;
2602;202000001683;154 739 301;A01;2;10;0;0;1;13;1;
2603;202000001684;154 739 300;A01;2;7;0;0;2;11;1;
2604;202000001685;154 739 296;C01;1;7;0;0;2;2;1;
2605;202000001685;154 739 297;D01;1;7;0;0;7;2;1;
2606;202000001685;154 739 298;A01;1;7;0;2;1;2;1;
2607;202000001685;154 739 299;B01;1;7;0;2;4;2;1;
2608;202000001686;154 739 294;B01;2;1;0;9;1;1;5;
2609;202000001686;154 739 295;A01;1;1;0;0;1;17;5;
2610;202000001687;154 739 293;A01;1;7;0;1;2;21;1;
2611;202000001688;154 739 292;A01;1;34;16;0;0;0;1;
2612;202000001689;154 739 291;A01;2;33;0;9;1;1;1;
2613;202000001690;154 739 290;A01;2;1;13;0;1;21;5;
2614;202000001691;154 739 288;A01;2;7;0;2;2;15;0;
2615;202000001691;154 739 289;B01;2;7;0;2;1;1;0;
2616;202000001692;154 739 287;A01;1;33;1;0;1;2;1;
2617;202000001693;154 739 285;A01;2;7;0;2;3;13;1;
2618;202000001693;154 739 286;B01;1;33;0;2;1;1;1;
2619;202000001694;154 739 284;A01;1;2;13;0;1;1;1;
2620;202000001695;154 739 282;B01;3;7;0;2;2;1;1;
2621;202000001695;154 739 283;A01;3;2;0;2;1;1;1;
2622;202000001697;154 739 278;A01;2;7;0;0;8;15;1;
2623;202000001697;154 739 279;B01;1;33;0;2;1;17;1;
2624;202000001698;154 739 276;B01;1;21;0;2;0;9;1;
2625;202000001698;154 739 277;A01;2;33;0;2;0;21;1;
2626;202000001699;154 739 275;A01;0;7;0;1;3;15;1;
2627;202000001700;154 739 273;B01;2;33;0;2;1;1;1;
2628;202000001700;154 739 274;A01;1;7;0;2;2;15;1;
2629;202000001701;154 739 266;B01;1;1;0;2;8;2;5;
2630;202000001701;154 739 267;A01;1;7;0;2;2;17;1;
2631;202000001702;154 739 259;B01;1;7;0;2;5;23;1;
2632;202000001702;154 739 260;A01;1;2;0;2;1;21;1;
2633;202000001704;154 739 256;B01;2;7;0;2;3;1;6;
2634;202000001704;154 739 257;A01;1;7;0;2;1;13;6;
2635;202000001705;154 739 254;A01;1;7;0;2;8;15;1;
2636;202000001705;154 739 255;B01;2;7;0;2;3;1;1;
2637;202000001706;154 739 252;A01;2;7;0;2;1;1;1;
2638;202000001706;154 739 253;B01;1;7;0;2;1;0;1;
2639;202000001707;154 739 251;A01;1;7;13;0;0;19;1;
2640;202000001708;154 739 250;A01;1;7;8;0;3;1;1;
2641;202000001709;154 739 248;B01;2;7;0;2;8;1;1;
2642;202000001709;154 739 249;A01;1;7;0;2;3;13;1;
2643;202000001710;154 739 247;A01;1;14;0;0;8;14;1;
2644;202000001711;154 739 245;A01;2;7;0;2;2;14;1;
2645;202000001711;154 739 246;B01;2;17;0;0;6;1;1;
2646;202000001712;154 739 242;B01;2;14;0;2;6;26;1;
2647;202000001712;154 739 243;A01;1;7;0;2;3;15;1;
2648;202000001713;154 739 240;B01;1;33;0;2;1;1;1;
2649;202000001713;154 739 241;A01;2;10;0;2;1;13;1;
2650;202000001714;154 739 238;B01;3;31;15;2;1;17;6;
2651;202000001714;154 739 239;A01;3;7;0;2;3;2;6;
2652;202000001715;154 739 234;D01;2;15;0;2;6;1;1;
2653;202000001715;154 739 235;C01;2;7;0;2;1;1;1;
2654;202000001715;154 739 236;B01;2;7;0;2;1;1;1;
2655;202000001715;154 739 237;A01;1;7;0;2;1;5;1;
2656;202000001716;154 739 232;A01;2;33;0;2;1;13;1;
2657;202000001716;154 739 233;B01;1;99;0;2;3;1;1;
2658;202000001718;154 739 228;A01;1;10;0;9;2;1;1;
2659;202000001718;154 739 229;B01;1;1;0;2;8;1;5;
2660;202000001719;154 739 226;B01;2;7;0;2;1;1;1;
2661;202000001719;154 739 227;A01;1;7;0;2;1;13;1;
2662;202000001720;154 739 224;A01;0;7;0;9;0;1;0;
2663;202000001720;154 739 225;B01;0;1;0;2;0;1;5;
2664;202000001721;154 739 222;B01;1;7;0;0;1;6;1;
2665;202000001721;154 739 223;A01;1;7;0;0;8;1;1;
2666;202000001722;154 739 221;A01;1;33;6;0;7;17;1;
2667;202000001723;154 739 220;A01;0;33;0;0;8;1;1;
2668;202000001724;154 739 218;A01;1;7;0;2;3;9;6;