;Num_Acc;id_vehicule;num_veh;senc;catv;obs;obsm;choc;manv;motor;occutc
2669;202000001724;154 739 219;B01;2;1;0;2;7;1;5;
2670;202000001726;154 739 209;C01;1;7;0;2;4;12;1;
2671;202000001726;154 739 210;D01;1;99;0;2;1;2;1;
2672;202000001726;154 739 211;A01;1;7;0;2;4;2;1;
2673;202000001726;154 739 212;B01;1;7;0;2;4;2;1;
2674;202000001727;154 739 206;C01;1;7;0;2;1;2;1;
2675;202000001727;154 739 207;B01;1;10;0;2;4;2;0;
2676;202000001727;154 739 208;A01;1;13;0;2;4;2;1;
2677;202000001728;154 739 205;A01;1;33;0;2;1;1;1;
2678;202000001729;154 739 204;A01;1;10;0;0;3;2;1;
2679;202000001730;154 739 202;A01;2;13;0;2;3;13;1;
2680;202000001730;154 739 203;B01;2;7;0;2;2;1;1;
2681;202000001731;154 739 200;B01;1;7;3;2;3;12;1;
2682;202000001731;154 739 201;A01;1;7;3;2;2;1;1;
2683;202000001732;154 739 198;A01;1;33;0;2;1;21;1;
2684;202000001732;154 739 199;B01;1;7;0;2;5;1;1;
2685;202000001733;154 739 196;A01;1;7;0;2;8;11;1;
2686;202000001733;154 739 197;B01;1;7;4;2;7;1;1;
2687;202000001735;154 739 193;A01;1;33;0;2;7;2;1;
2688;202000001735;154 739 194;B01;1;7;0;2;8;2;1;
2689;202000001736;154 739 191;A01;1;33;0;2;7;14;1;
2690;202000001736;154 739 192;B01;2;7;0;2;8;2;1;
2691;202000001737;154 739 189;B01;2;7;0;2;3;1;1;
2692;202000001737;154 739 190;A01;2;7;0;2;5;1;1;
2693;202000001738;154 739 187;B01;2;33;0;2;1;2;1;
2694;202000001738;154 739 188;A01;2;7;4;2;2;9;1;
2695;202000001739;154 739 186;A01;1;7;4;0;2;26;1;
2696;202000001740;154 739 184;A01;1;7;0;2;1;17;1;
2697;202000001740;154 739 185;B01;1;7;0;2;4;1;1;
2698;202000001742;154 739 181;B01;1;10;0;2;4;2;1;
2699;202000001742;154 739 182;A01;1;7;0;2;1;1;1;
2700;202000001743;154 739 179;B01;2;7;0;2;4;2;1;
2701;202000001743;154 739 180;A01;2;10;0;2;1;2;1;
2702;202000001745;154 739 175;B01;1;7;0;2;7;12;1;
2703;202000001745;154 739 176;A01;1;33;0;2;3;3;1;
2704;202000001746;154 739 174;A01;1;7;2;0;9;26;1;
2705;202000001747;154 739 173;A01;1;33;0;9;2;21;1;
2706;202000001748;154 739 171;B01;1;7;0;2;6;2;1;
2707;202000001748;154 739 172;A01;1;7;0;2;2;21;1;
2708;202000001749;154 739 170;A01;2;32;0;0;8;26;1;
2709;202000001750;154 739 169;A01;3;33;0;0;8;26;1;
2710;202000001751;154 739 167;A01;2;50;0;9;2;1;3;
2711;202000001751;154 739 168;B01;2;7;0;9;2;1;1;
2712;202000001752;154 739 165;B01;1;7;0;2;1;2;0;
2713;202000001752;154 739 166;A01;1;7;0;2;4;2;1;
2714;202000001753;154 739 163;A01;0;7;0;2;1;15;1;
2715;202000001753;154 739 164;B01;0;37;0;2;3;2;1;4.0
2716;202000001754;154 739 161;B01;1;7;0;2;1;1;1;
2717;202000001754;154 739 162;A01;1;7;0;2;2;15;1;
2718;202000001755;154 739 160;A01;1;7;0;0;9;1;1;
2719;202000001756;154 739 158;Z01;2;7;0;9;0;20;0;
2720;202000001756;154 739 159;B01;2;50;0;0;7;2;3;
2721;202000001757;154 739 157;A01;2;31;12;0;7;1;1;
2722;202000001759;154 739 154;A01;1;7;0;2;1;1;1;
2723;202000001759;154 739 155;B01;1;7;0;2;4;23;1;
2724;202000001760;154 739 153;A01;3;7;0;1;1;1;1;
2725;202000001761;154 739 152;A01;1;33;6;0;8;2;1;
2726;202000001762;154 739 151;A01;0;15;16;0;8;1;1;
2727;202000001764;154 739 145;C01;1;7;0;2;3;1;1;
2728;202000001764;154 739 146;B01;1;7;0;2;2;9;1;
2729;202000001766;154 739 142;A01;3;7;0;2;0;16;0;
2730;202000001766;154 739 143;B01;3;7;1;0;3;1;1;
2731;202000001767;154 739 140;B01;2;7;0;2;3;15;1;
2732;202000001767;154 739 141;A01;2;30;0;2;2;17;1;
2733;202000001768;154 739 139;A01;1;7;0;1;3;1;1;
2734;202000001769;154 739 137;A01;1;7;0;2;3;9;1;
2735;202000001769;154 739 138;B01;2;80;0;2;1;19;3;
2736;202000001770;154 739 135;B01;2;7;0;2;2;1;1;
2737;202000001770;154 739 136;A01;1;1;0;2;0;26;5;
2738;202000001771;154 739 133;B01;1;7;0;2;6;23;1;
2739;202000001771;154 739 134;A01;1;7;0;2;2;17;1;
2740;202000001772;154 739 131;B01;2;7;0;2;1;1;1;
2741;202000001772;154 739 132;A01;1;33;0;2;1;13;1;
2742;202000001773;154 739 130;A01;2;1;11;0;1;1;5;
2743;202000001774;154 739 129;A01;1;2;0;1;1;1;1;
2744;202000001775;154 739 128;A01;1;37;0;1;2;21;1;1.0
2745;202000001776;154 739 125;B01;3;7;0;2;3;16;1;
2746;202000001776;154 739 126;C01;3;7;0;2;3;16;1;
2747;202000001776;154 739 127;A01;2;7;0;2;2;1;1;
2748;202000001777;154 739 124;A01;1;31;0;0;1;14;1;
2749;202000001778;154 739 123;A01;2;7;0;1;1;15;1;
2750;202000001779;154 739 120;C01;2;7;0;2;4;1;1;
2751;202000001779;154 739 121;B01;2;7;0;2;1;1;1;
2752;202000001779;154 739 122;A01;2;33;0;2;4;9;1;
2753;202000001780;154 739 118;B01;1;10;0;2;1;0;0;
2754;202000001780;154 739 119;A01;1;7;0;2;7;19;0;
2755;202000001781;154 739 116;B01;1;7;0;2;7;0;1;
2756;202000001781;154 739 117;A01;1;80;0;2;1;0;3;
2757;202000001782;154 739 114;B01;2;33;0;2;1;1;1;
2758;202000001782;154 739 115;A01;1;7;0;2;2;10;1;
2759;202000001783;154 739 112;B01;3;1;0;2;2;19;5;
2760;202000001783;154 739 113;A01;1;32;0;2;1;1;1;
2761;202000001784;154 739 110;B01;2;7;0;2;3;1;1;
2762;202000001784;154 739 111;A01;1;7;0;2;1;15;1;
2763;202000001786;154 739 107;A01;2;7;0;1;1;15;1;
2764;202000001787;154 739 105;A01;2;7;0;2;1;1;1;
2765;202000001787;154 739 106;B01;2;7;0;2;4;1;1;
2766;202000001788;154 739 104;A01;1;32;0;1;7;1;1;
2767;202000001789;154 739 102;A01;2;7;0;1;2;14;1;
2768;202000001789;154 739 103;B01;2;7;0;1;6;24;1;
2769;202000001790;154 739 100;B01;3;30;0;2;7;13;1;
2770;202000001790;154 739 101;A01;3;10;0;2;5;4;1;
2771;202000001792;154 739 097;A01;0;7;0;2;1;9;1;
2772;202000001792;154 739 098;B01;0;2;0;2;7;1;1;
2773;202000001793;154 739 095;A01;1;7;0;2;1;16;1;
2774;202000001793;154 739 096;B01;2;1;0;2;7;19;5;
2775;202000001794;154 739 094;A01;0;7;0;1;2;1;1;
2776;202000001795;154 739 093;A01;1;2;1;0;8;1;1;
2777;202000001796;154 739 091;A01;2;10;0;2;1;13;1;
2778;202000001796;154 739 092;B01;1;7;0;2;1;1;1;
2779;202000001797;154 739 089;B01;1;7;0;2;8;1;1;
2780;202000001797;154 739 090;A01;1;10;2;2;2;14;1;
2781;202000001798;154 739 088;A01;1;7;0;1;4;20;1;
2782;202000001799;154 739 084;A01;0;2;0;2;8;13;1;
2783;202000001799;154 739 085;B01;0;7;0;2;7;1;1;
2784;202000001800;154 739 082;A01;2;30;0;2;1;15;4;
2785;202000001800;154 739 083;B01;2;7;0;2;1;1;4;
2786;202000001801;154 739 080;B01;1;7;0;2;4;1;1;
2787;202000001801;154 739 081;A01;1;33;0;2;1;1;1;
2788;202000001802;154 739 079;A01;2;7;1;0;2;1;1;
2789;202000001803;154 739 077;B01;2;10;0;2;0;1;1;
2790;202000001803;154 739 078;A01;2;7;14;2;2;12;1;
2791;202000001804;154 739 073;C01;2;7;0;2;9;2;0;
2792;202000001804;154 739 074;D01;2;7;0;2;4;2;0;
2793;202000001804;154 739 075;B01;2;7;0;2;9;2;0;
2794;202000001804;154 739 076;A01;2;7;0;2;1;2;0;
2795;202000001805;154 739 071;B01;2;33;0;2;3;26;1;
2796;202000001805;154 739 072;A01;1;7;0;2;1;15;1;
2797;202000001806;154 739 067;A01;1;33;0;2;1;5;1;
2798;202000001806;154 739 068;B01;1;7;0;2;3;15;1;
2799;202000001807;154 739 065;A01;2;10;1;2;1;1;1;
2800;202000001807;154 739 066;B01;2;10;0;2;1;1;1;
2801;202000001808;154 739 062;A01;2;7;0;2;1;2;1;
2802;202000001808;154 739 063;B01;2;7;0;2;4;2;1;
2803;202000001808;154 739 064;C01;2;7;0;2;4;1;1;
2804;202000001809;154 739 060;A01;2;1;0;2;3;11;5;
2805;202000001809;154 739 061;B01;2;7;0;2;2;26;1;
2806;202000001810;154 739 058;A01;3;10;0;2;8;15;1;
2807;202000001810;154 739 059;B01;3;31;0;2;7;0;1;
2808;202000001811;154 739 056;A01;2;32;0;2;3;13;1;
2809;202000001811;154 739 057;B01;1;37;0;2;6;1;0;1.0
2810;202000001812;154 739 054;B01;1;7;0;2;4;2;1;
2811;202000001812;154 739 055;A01;1;7;0;2;1;2;1;
2812;202000001814;154 739 049;A01;3;7;0;2;1;1;1;
2813;202000001814;154 739 050;C01;3;7;0;2;4;12;1;
2814;202000001814;154 739 051;B01;3;7;0;2;4;1;1;
2815;202000001815;154 739 047;B01;2;7;0;2;3;15;1;
2816;202000001815;154 739 048;A01;2;32;0;2;2;1;1;
2817;202000001816;154 739 045;A01;1;7;0;2;3;16;1;
2818;202000001816;154 739 046;B01;2;1;0;2;1;1;5;
2819;202000001817;154 739 043;A01;2;30;0;2;1;1;1;
2820;202000001817;154 739 044;Z01;1;7;0;0;0;1;0;
2821;202000001818;154 739 040;A01;2;7;0;2;8;22;1;
2822;202000001818;154 739 041;B01;2;32;0;2;9;1;1;
2823;202000001818;154 739 042;C01;2;7;0;2;2;1;2;
2824;202000001819;154 739 038;B01;1;43;0;2;1;18;1;
2825;202000001819;154 739 039;A01;1;7;0;2;7;22;1;
2826;202000001820;154 739 035;A01;2;7;0;2;1;1;1;
2827;202000001820;154 739 036;B01;2;7;0;2;4;1;1;
2828;202000001820;154 739 037;C01;2;7;0;2;4;16;1;
2829;202000001821;154 739 033;A01;1;7;0;2;3;15;1;
2830;202000001821;154 739 034;B01;1;30;0;2;1;17;3;
2831;202000001822;154 739 032;Z01;1;7;0;1;7;1;1;
2832;202000001823;154 739 030;A01;2;30;0;2;8;16;0;
2833;202000001823;154 739 031;B01;1;7;0;2;0;0;0;
2834;202000001824;154 739 029;A01;2;7;0;1;1;1;1;
2835;202000001825;154 739 028;A01;1;7;0;0;9;14;1;
2836;202000001827;154 739 025;A01;2;7;3;0;4;2;1;
2837;202000001827;154 739 026;B01;2;7;0;2;1;2;1;
2838;202000001828;154 739 024;A01;2;33;16;0;0;1;1;
2839;202000001829;154 739 023;A01;1;2;1;0;1;1;1;
2840;202000001830;154 739 020;A01;1;7;0;0;2;1;1;
2841;202000001832;154 739 018;A01;1;2;0;0;8;1;1;
2842;202000001833;154 739 016;A01;2;7;0;2;1;9;0;
2843;202000001833;154 739 017;B01;1;7;0;2;1;1;0;
2844;202000001834;154 739 015;A01;3;7;2;0;2;13;1;
2845;202000001835;154 739 014;A01;1;33;0;0;9;1;1;
2846;202000001836;154 739 013;A01;2;7;0;1;2;14;1;
2847;202000001837;154 739 011;A01;1;7;0;2;2;17;1;
2848;202000001837;154 739 012;B01;1;7;0;0;6;15;1;
2849;202000001838;154 739 009;B01;2;7;7;0;7;19;1;
2850;202000001838;154 739 010;A01;1;7;15;2;1;1;1;
2851;202000001840;154 739 006;A01;1;7;0;2;2;15;1;
2852;202000001840;154 739 007;B01;1;60;0;2;3;19;5;
2853;202000001841;154 739 004;A01;0;7;13;0;1;1;1;
2854;202000001842;154 739 003;A01;3;10;8;0;3;1;1;
2855;202000001843;154 739 002;A01;3;7;13;0;9;16;1;
2856;202000001844;154 739 001;A01;1;7;2;0;1;1;1;
2857;202000001846;154 738 997;B01;2;33;0;2;9;17;1;
2858;202000001846;154 738 998;A01;2;7;0;0;8;15;1;
2859;202000001848;154 738 994;A01;1;7;0;2;3;0;1;
2860;202000001848;154 738 995;B01;1;13;13;2;3;13;1;
2861;202000001850;154 738 990;A01;2;7;3;0;9;1;1;
2862;202000001851;154 738 989;A01;1;33;0;5;1;1;1;
2863;202000001852;154 738 987;B01;2;7;4;2;1;1;0;
2864;202000001852;154 738 988;A01;1;7;0;2;1;13;1;
2865;202000001853;154 738 986;A01;0;7;13;9;2;0;0;
2866;202000001854;154 738 984;B01;1;2;0;2;1;1;1;
2867;202000001854;154 738 985;A01;2;7;0;2;2;20;1;
2868;202000001855;154 738 983;A01;2;7;2;0;3;1;1;
2869;202000001856;154 738 982;A01;2;7;14;0;2;1;1;
2870;202000001857;154 738 980;B01;1;7;15;9;1;21;1;
2871;202000001857;154 738 981;A01;2;3;14;2;3;15;1;
2872;202000001858;154 738 978;B01;0;7;0;2;1;1;1;
2873;202000001858;154 738 979;A01;0;7;0;2;7;13;1;
2874;202000001859;154 738 976;B01;1;7;0;2;3;1;1;
2875;202000001859;154 738 977;A01;2;7;0;2;1;13;1;
2876;202000001860;154 738 974;Z01;1;7;0;2;0;0;0;
2877;202000001860;154 738 975;A01;2;7;0;2;6;9;1;
2878;202000001861;154 738 971;C01;1;7;1;0;1;1;1;
2879;202000001861;154 738 972;B01;1;7;0;2;2;1;1;
2880;202000001861;154 738 973;A01;1;33;0;2;4;1;1;
2881;202000001862;154 738 967;B01;2;7;0;2;4;2;1;
2882;202000001862;154 738 968;A01;2;7;0;2;1;1;1;
2883;202000001862;154 738 969;D01;2;7;0;2;4;2;1;
2884;202000001862;154 738 970;C01;2;7;0;2;4;2;1;
2885;202000001863;154 738 963;A01;2;33;0;2;1;3;1;
2886;202000001863;154 738 964;B01;2;32;0;2;5;3;0;
2887;202000001863;154 738 965;C01;2;7;0;2;2;1;1;
2888;202000001863;154 738 966;D01;2;7;0;2;8;1;0;
2889;202000001864;154 738 962;A01;2;32;0;0;1;2;1;
2890;202000001865;154 738 959;C01;1;7;0;2;5;1;1;
2891;202000001865;154 738 960;B01;1;7;0;2;6;11;1;
2892;202000001865;154 738 961;A01;1;34;0;2;1;3;1;
2893;202000001866;154 738 957;B01;2;7;0;2;3;9;0;
2894;202000001866;154 738 958;A01;2;3;0;2;4;9;0;
2895;202000001867;154 738 955;B01;2;7;0;2;6;1;1;
2896;202000001867;154 738 956;A01;2;33;3;2;1;3;1;
2897;202000001868;154 738 954;A01;2;7;4;0;3;13;1;
2898;202000001869;154 738 953;A01;1;7;4;0;9;26;1;
2899;202000001870;154 738 951;A01;2;7;0;2;1;2;1;
2900;202000001870;154 738 952;B01;2;7;0;2;4;2;1;
2901;202000001871;154 738 949;A01;1;7;0;2;8;1;1;
2902;202000001871;154 738 950;B01;1;7;0;2;1;1;1;
2903;202000001872;154 738 948;A01;1;33;0;2;1;2;1;
2904;202000001873;154 738 946;B01;2;7;0;2;6;12;1;
2905;202000001873;154 738 947;A01;2;33;0;2;1;3;1;
2906;202000001874;154 738 944;B01;1;7;0;2;3;1;1;
2907;202000001874;154 738 945;A01;2;7;0;2;3;13;1;
2908;202000001875;154 738 941;C01;1;7;0;2;4;23;1;
2909;202000001875;154 738 942;A01;1;7;0;2;1;1;1;
2910;202000001875;154 738 943;B01;1;7;0;2;4;23;1;
2911;202000001876;154 738 939;A01;2;7;0;2;2;16;1;
2912;202000001876;154 738 940;B01;2;1;0;2;1;1;5;
2913;202000001877;154 738 937;A01;1;7;0;2;1;1;1;
2914;202000001877;154 738 938;B01;1;7;0;2;6;1;1;
2915;202000001878;154 738 935;A01;2;1;1;2;1;13;5;
2916;202000001878;154 738 936;B01;1;7;0;2;1;26;1;
2917;202000001880;154 738 929;Z01;1;3;0;2;0;0;0;
2918;202000001880;154 738 930;C01;1;3;0;2;7;1;0;
2919;202000001880;154 738 931;B01;1;7;0;2;9;1;0;
2920;202000001880;154 738 932;A01;1;7;0;2;1;14;0;
2921;202000001880;154 738 933;D01;1;3;0;2;7;1;0;
2922;202000001881;154 738 925;A01;1;7;0;2;3;1;0;
2923;202000001881;154 738 926;B01;1;7;0;2;0;15;0;
2924;202000001882;154 738 923;B01;3;31;0;2;1;1;0;
2925;202000001882;154 738 924;A01;3;7;0;2;3;15;6;
2926;202000001883;154 738 921;A01;3;3;8;0;3;26;1;
2927;202000001883;154 738 922;B01;3;31;8;2;1;0;1;
2928;202000001884;154 738 920;A01;3;10;0;1;6;20;0;
2929;202000001885;154 738 918;A01;3;10;0;2;8;26;1;
2930;202000001885;154 738 919;B01;3;33;0;2;2;1;1;
2931;202000001886;154 738 917;A01;1;7;0;1;1;19;0;
2932;202000001888;154 738 912;A01;2;7;0;2;1;19;1;
2933;202000001888;154 738 913;B01;1;7;0;2;8;1;1;
2934;202000001888;154 738 914;C01;2;10;0;2;2;1;1;
2935;202000001889;154 738 911;A01;2;7;0;1;1;1;1;
2936;202000001890;154 738 910;A01;1;7;0;1;2;19;1;
2937;202000001891;154 738 908;B01;2;37;0;2;3;1;1;1.0
2938;202000001891;154 738 909;A01;1;7;0;2;3;13;1;
2939;202000001893;154 738 904;B01;3;1;0;2;8;19;5;
2940;202000001893;154 738 905;A01;2;7;0;2;1;13;1;
2941;202000001894;154 738 902;A01;1;10;0;2;8;11;1;
2942;202000001894;154 738 903;B01;1;33;0;2;0;17;1;
2943;202000001895;154 738 900;B01;1;1;1;0;1;1;5;
2944;202000001895;154 738 901;A01;1;7;0;9;8;24;1;
2945;202000001897;154 738 896;A01;2;10;0;2;3;15;1;
2946;202000001897;154 738 897;B01;1;33;0;2;1;1;1;
2947;202000001898;154 738 894;A01;1;7;0;2;1;1;1;
2948;202000001898;154 738 895;B01;1;7;0;2;1;1;1;
2949;202000001899;154 738 892;A01;3;7;0;2;1;21;1;
2950;202000001899;154 738 893;B01;3;7;0;2;8;1;1;
2951;202000001901;154 738 888;A01;1;7;0;1;1;1;1;
2952;202000001903;154 738 885;A01;2;13;0;2;2;9;1;
2953;202000001903;154 738 886;B01;2;10;0;2;4;1;1;
2954;202000001904;154 738 883;A01;0;7;1;2;9;1;0;
2955;202000001904;154 738 884;B01;3;7;0;2;1;19;1;
2956;202000001905;154 738 881;A01;1;2;0;2;1;1;1;
2957;202000001905;154 738 882;B01;1;7;0;2;6;1;1;
2958;202000001906;154 738 878;A01;2;7;0;2;2;15;1;
2959;202000001906;154 738 879;B01;1;31;0;2;1;1;1;
2960;202000001906;154 738 880;C01;1;31;0;2;1;1;1;
2961;202000001907;154 738 876;B01;0;7;0;2;2;1;1;
2962;202000001907;154 738 877;A01;0;7;0;2;7;1;1;
2963;202000001908;154 738 871;A01;1;7;13;0;1;15;1;
2964;202000001909;154 738 864;A01;1;7;0;2;3;17;0;
2965;202000001909;154 738 866;B01;2;14;0;2;3;26;0;
2966;202000001910;154 738 860;A01;3;7;0;2;1;1;0;
2967;202000001910;154 738 861;B01;3;7;0;2;3;19;1;
2968;202000001911;154 738 862;C01;2;7;0;2;6;23;1;
2969;202000001911;154 738 863;F01;2;7;0;9;0;1;1;
2970;202000001911;154 738 865;G01;2;7;0;9;0;1;1;
2971;202000001911;154 738 867;A01;2;20;0;1;0;24;0;
2972;202000001911;154 738 868;B01;2;7;4;2;1;21;1;
2973;202000001911;154 738 869;E01;2;7;0;9;0;1;1;
2974;202000001911;154 738 870;D01;2;7;1;9;2;1;1;
2975;202000001912;154 738 858;B01;1;7;0;2;8;11;0;
2976;202000001912;154 738 859;A01;1;30;0;2;2;17;0;
2977;202000001913;154 738 856;B01;0;7;2;2;8;1;1;
2978;202000001913;154 738 857;A01;0;7;6;2;7;17;1;
2979;202000001914;154 738 854;B01;1;7;0;2;4;2;1;
2980;202000001914;154 738 855;A01;1;7;0;2;1;2;1;
2981;202000001915;154 738 853;A01;2;33;8;0;1;1;1;
2982;202000001916;154 738 851;B01;1;7;0;2;1;2;1;
2983;202000001916;154 738 852;A01;1;7;0;2;7;26;1;
2984;202000001918;154 738 849;A01;3;7;13;0;1;1;1;
2985;202000001919;154 738 846;B01;0;7;0;2;5;1;0;
2986;202000001919;154 738 848;A01;0;7;0;2;3;1;0;
2987;202000001920;154 738 845;A01;1;7;0;2;1;1;1;
2988;202000001920;154 738 847;B01;1;7;0;2;4;23;2;
2989;202000001921;154 738 843;A01;1;7;13;0;1;1;1;
2990;202000001922;154 738 842;A01;2;7;0;2;1;1;1;
2991;202000001922;154 738 844;B01;3;10;0;2;5;1;1;
2992;202000001923;154 738 840;B01;1;2;0;2;8;15;1;
2993;202000001923;154 738 841;A01;1;7;0;2;2;1;1;
2994;202000001925;154 738 837;A01;1;33;0;0;3;11;0;
2995;202000001925;154 738 838;B01;1;33;0;0;0;12;0;
2996;202000001926;154 738 834;Z01;2;7;0;1;1;26;1;
2997;202000001928;154 738 832;B01;2;7;0;2;6;19;1;
2998;202000001928;154 738 833;A01;2;7;0;2;1;1;1;
2999;202000001929;154 738 829;Z01;2;7;0;1;2;16;1;
3000;202000001930;154 738 830;A01;1;7;0;1;3;1;1;
3001;202000001932;154 738 825;B01;1;60;0;2;8;19;5;
3002;202000001932;154 738 827;A01;2;7;0;2;7;5;1;
3003;202000001933;154 738 824;B01;1;33;0;2;1;1;1;
3004;202000001933;154 738 826;A01;2;7;0;2;1;15;1;
3005;202000001934;154 738 822;A01;1;7;0;2;2;15;1;
3006;202000001934;154 738 823;B01;2;1;0;2;1;1;5;
3007;202000001935;154 738 818;B01;2;7;0;0;7;1;1;
3008;202000001935;154 738 820;A01;2;1;0;2;8;13;5;
3009;202000001936;154 738 819;B01;2;7;0;2;3;16;1;
3010;202000001936;154 738 821;A01;2;30;0;2;2;1;1;
3011;202000001937;154 738 817;A01;3;7;12;0;3;26;1;
3012;202000001939;154 738 815;B01;2;7;0;2;1;1;1;
3013;202000001939;154 738 816;A01;1;7;0;2;1;13;1;
3014;202000001940;154 738 811;A01;2;80;0;0;0;1;3;
3015;202000001941;154 738 810;A01;2;1;0;0;1;1;5;
3016;202000001942;154 738 813;A01;1;7;13;0;7;14;1;
3017;202000001943;154 738 808;A01;2;7;15;0;1;13;1;
3018;202000001944;154 738 805;A01;1;34;0;2;7;16;1;
3019;202000001944;154 738 807;B01;1;30;0;2;1;18;0;
3020;202000001945;154 738 806;A01;3;7;0;2;8;1;1;
3021;202000001945;154 738 809;B01;3;1;0;2;1;1;5;
3022;202000001946;154 738 801;B01;2;2;0;2;2;1;1;
3023;202000001946;154 738 804;A01;2;7;0;2;3;19;1;
3024;202000001947;154 738 802;A01;1;7;16;0;3;1;1;
3025;202000001948;154 738 800;A01;1;7;0;2;2;1;1;
3026;202000001948;154 738 803;B01;1;33;0;2;1;1;1;
3027;202000001950;154 738 796;A01;2;7;0;2;1;13;1;
3028;202000001950;154 738 797;B01;1;7;0;2;1;1;1;
3029;202000001951;154 738 798;B01;1;99;0;2;8;1;1;
3030;202000001951;154 738 799;A01;2;80;0;2;1;13;3;
3031;202000001953;154 738 791;A01;2;7;0;2;5;12;1;
3032;202000001953;154 738 794;B01;2;50;0;0;0;0;3;
3033;202000001954;154 738 792;A01;1;7;0;1;1;9;1;
3034;202000001956;154 738 787;A01;1;7;0;2;1;2;1;
3035;202000001956;154 738 790;B01;1;15;0;0;4;1;1;
3036;202000001957;154 738 785;B01;1;7;0;2;4;1;1;
3037;202000001957;154 738 788;A01;1;30;0;2;1;1;1;
3038;202000001958;154 738 783;B01;2;99;0;2;1;2;0;
3039;202000001958;154 738 784;A01;2;37;0;2;4;23;1;1.0
3040;202000001959;154 738 781;B01;3;7;0;2;3;26;1;
3041;202000001959;154 738 782;A01;3;10;0;2;1;19;1;
3042;202000001962;154 738 776;A01;1;7;13;0;3;1;1;
3043;202000001963;154 738 771;A01;1;7;0;2;5;23;1;
3044;202000001963;154 738 773;B01;1;33;0;2;1;21;1;
3045;202000001964;154 738 772;A01;2;1;0;2;1;5;5;
3046;202000001964;154 738 774;B01;1;7;0;2;3;1;1;
3047;202000001965;154 738 770;B01;2;7;0;2;1;1;1;
3048;202000001965;154 738 775;A01;1;7;0;2;2;15;1;
3049;202000001966;154 738 767;A01;2;7;0;2;5;23;1;
3050;202000001966;154 738 768;B01;2;7;0;2;3;1;1;
3051;202000001966;154 738 769;C01;2;10;0;2;5;26;1;
3052;202000001967;154 738 766;A01;2;3;0;1;5;20;1;
3053;202000001968;154 738 764;A01;1;7;4;0;1;0;1;
3054;202000001969;154 738 761;B01;2;2;0;2;1;2;1;
3055;202000001969;154 738 763;A01;1;7;0;2;1;17;1;
3056;202000001970;154 738 759;D01;2;7;0;2;1;1;1;
3057;202000001970;154 738 760;C01;2;7;0;2;4;1;1;
3058;202000001970;154 738 762;B01;2;7;0;2;4;1;1;
3059;202000001970;154 738 765;A01;2;7;0;2;4;1;1;
3060;202000001971;154 738 757;B01;0;1;0;2;7;19;5;
3061;202000001971;154 738 758;A01;1;7;0;2;2;1;1;
3062;202000001972;154 738 756;A01;2;7;4;0;1;13;1;
3063;202000001973;154 738 754;A01;1;10;0;2;1;17;1;
3064;202000001973;154 738 755;B01;1;7;0;2;4;1;1;
3065;202000001974;154 738 752;A01;2;32;0;0;7;1;1;
3066;202000001975;154 738 749;A01;1;31;0;0;1;14;1;
3067;202000001976;154 738 748;A01;0;10;0;2;3;19;6;
3068;202000001976;154 738 751;B01;3;33;0;2;0;0;6;
3069;202000001977;154 738 746;A01;2;7;0;0;9;21;1;
3070;202000001978;154 738 745;A01;-1;50;0;2;0;25;3;
3071;202000001978;154 738 747;B01;1;38;0;2;2;9;6;0.0
3072;202000001979;154 738 750;A01;3;7;0;2;1;1;1;
3073;202000001979;154 738 753;B01;3;7;0;2;4;1;1;
3074;202000001980;154 738 744;A01;1;7;0;1;2;1;1;
3075;202000001982;154 738 743;A01;1;1;0;0;7;1;5;
3076;202000001983;154 738 738;A01;3;10;0;2;5;19;1;
3077;202000001983;154 738 741;B01;3;37;0;2;1;1;1;2.0
3078;202000001984;154 738 739;A01;3;7;0;1;1;1;0;
3079;202000001985;154 738 737;A01;1;7;0;2;1;2;1;
3080;202000001985;154 738 740;B01;1;7;0;2;4;1;1;
3081;202000001986;154 738 734;B01;1;7;0;2;8;1;0;
3082;202000001986;154 738 736;A01;-1;7;0;2;1;1;0;
3083;202000001987;154 738 730;B01;1;99;0;2;1;26;5;
3084;202000001987;154 738 731;D01;-1;0;0;2;0;0;-1;
3085;202000001988;154 738 733;A01;3;7;0;2;8;15;1;
3086;202000001988;154 738 735;B01;3;7;0;2;1;1;1;
3087;202000001990;154 738 728;A01;1;7;1;1;1;1;2;
3088;202000001991;154 738 726;A01;3;60;1;0;0;26;5;
3089;202000001992;154 738 725;B01;0;1;0;2;7;1;5;
3090;202000001992;154 738 727;A01;0;7;0;2;8;16;1;
3091;202000001993;154 738 723;B01;1;7;9;2;7;1;0;
3092;202000001993;154 738 724;A01;1;10;0;2;1;9;1;
3093;202000001994;154 738 719;B01;2;7;0;2;2;1;1;
3094;202000001994;154 738 720;A01;2;7;0;2;6;11;1;
3095;202000001995;154 738 717;B01;1;0;0;2;7;14;3;
3096;202000001995;154 738 718;A01;1;7;0;2;3;13;1;
3097;202000001996;154 738 721;A01;2;7;0;2;6;15;1;
3098;202000001996;154 738 722;B01;2;34;0;2;1;1;1;
3099;202000001997;154 738 714;A01;1;7;0;1;1;1;1;
3100;202000001997;154 738 716;B01;1;7;0;2;4;1;1;
3101;202000001998;154 738 713;B01;1;1;0;2;8;15;5;
3102;202000001998;154 738 715;A01;1;7;0;9;3;13;0;
3103;202000001999;154 738 707;A01;2;7;0;9;1;2;0;
3104;202000001999;154 738 709;B01;2;1;0;0;4;23;0;
3105;202000002000;154 738 704;B01;2;33;0;2;1;1;1;
3106;202000002000;154 738 708;A01;1;7;0;2;1;15;1;
3107;202000002001;154 738 703;B01;3;7;0;2;3;9;1;
3108;202000002001;154 738 705;A01;2;1;0;2;7;1;5;
3109;202000002002;154 738 702;A01;1;7;1;0;2;1;1;