;Num_Acc;id_vehicule;num_veh;senc;catv;obs;obsm;choc;manv;motor;occutc
3110;202000002003;154 738 699;B01;2;43;1;2;2;1;1;
3111;202000002003;154 738 701;A01;2;10;1;2;3;20;1;
3112;202000002004;154 738 698;A01;1;7;0;2;1;15;1;
3113;202000002004;154 738 700;B01;2;31;0;2;1;1;1;
3114;202000002005;154 738 695;A01;2;33;5;0;1;1;1;
3115;202000002006;154 738 697;A01;1;7;0;1;1;1;1;
3116;202000002007;154 738 696;A01;2;7;3;0;1;26;1;
3117;202000002008;154 738 694;A01;3;7;2;0;3;14;1;
3118;202000002009;154 738 693;A01;1;2;12;0;0;0;1;
3119;202000002010;154 738 690;B01;1;1;0;2;8;19;5;
3120;202000002010;154 738 692;A01;1;7;0;2;1;1;1;
3121;202000002013;154 738 684;B01;2;7;0;2;1;13;1;
3122;202000002013;154 738 687;A01;1;7;0;2;3;21;1;
3123;202000002014;154 738 688;B01;1;7;0;2;1;11;1;
3124;202000002014;154 738 691;A01;2;34;0;2;0;0;0;
3125;202000002015;154 738 681;B01;2;7;0;2;1;1;1;
3126;202000002015;154 738 682;A01;1;7;0;2;1;1;1;
3127;202000002016;154 738 677;A01;2;30;0;2;1;1;1;
3128;202000002016;154 738 679;B01;2;7;0;2;6;15;1;
3129;202000002017;154 738 676;A01;2;7;13;0;1;21;1;
3130;202000002018;154 738 674;B01;1;7;3;0;4;15;1;
3131;202000002018;154 738 675;A01;1;7;0;2;1;6;1;
3132;202000002019;154 738 670;A01;1;7;0;2;3;2;1;
3133;202000002019;154 738 672;B01;2;31;0;2;1;2;1;
3134;202000002020;154 738 671;A01;1;7;0;0;4;23;1;
3135;202000002020;154 738 673;B01;1;7;0;0;1;2;1;
3136;202000002021;154 738 668;A01;2;7;4;0;1;1;0;
3137;202000002022;154 738 667;A01;2;7;0;2;2;15;1;
3138;202000002022;154 738 669;B01;1;30;0;2;1;1;1;
3139;202000002024;154 738 664;A01;0;7;11;0;3;1;1;
3140;202000002025;154 738 663;A01;3;33;3;0;8;13;1;
3141;202000002026;154 738 661;B01;1;7;0;2;1;19;1;
3142;202000002026;154 738 662;A01;1;7;12;2;8;1;1;
3143;202000002027;154 738 659;A01;3;7;0;1;4;26;1;
3144;202000002028;154 738 656;B01;2;7;0;9;7;1;1;
3145;202000002028;154 738 658;A01;2;1;0;0;6;1;5;
3146;202000002029;154 738 655;B01;2;30;0;2;1;1;1;
3147;202000002029;154 738 657;A01;1;7;0;2;2;15;1;
3148;202000002031;154 738 652;B01;3;2;0;2;2;1;1;
3149;202000002031;154 738 654;A01;2;7;0;2;7;1;1;
3150;202000002032;154 738 648;B01;1;7;0;2;6;2;1;
3151;202000002032;154 738 650;A01;1;34;0;2;1;2;1;
3152;202000002033;154 738 645;A01;3;7;0;0;8;19;0;
3153;202000002033;154 738 646;B01;2;33;0;2;1;1;1;
3154;202000002034;154 738 647;B01;1;7;0;1;5;24;1;
3155;202000002034;154 738 649;A01;1;7;1;0;2;1;1;
3156;202000002035;154 738 644;A01;1;30;11;0;1;1;1;
3157;202000002036;154 738 643;A01;3;2;6;0;1;1;1;
3158;202000002037;154 738 641;A01;1;2;0;2;1;15;1;
3159;202000002037;154 738 642;B01;2;7;0;2;3;1;1;
3160;202000002038;154 738 640;A01;1;7;13;0;7;1;1;
3161;202000002039;154 738 639;A01;1;33;13;0;1;14;1;
3162;202000002040;154 738 637;A01;3;33;0;0;0;1;1;
3163;202000002041;154 738 638;A01;1;7;0;1;2;1;1;
3164;202000002042;154 738 636;A01;1;7;0;1;3;1;1;
3165;202000002043;154 738 635;A01;2;7;12;0;9;1;0;
3166;202000002044;154 738 633;A01;1;37;0;1;1;1;1;1.0
3167;202000002045;154 738 632;A01;2;7;15;0;2;1;1;
3168;202000002046;154 738 631;B01;1;7;1;9;1;1;2;
3169;202000002046;154 738 634;A01;1;7;13;2;3;1;1;
3170;202000002048;154 738 628;A01;1;7;6;0;1;0;1;
3171;202000002049;154 738 626;A01;1;10;0;1;1;9;1;
3172;202000002050;154 738 625;A01;2;7;6;0;4;1;1;
3173;202000002051;154 738 627;A01;2;7;0;2;5;16;1;
3174;202000002051;154 738 630;Z01;2;7;0;2;1;2;0;
3175;202000002053;154 738 621;B01;2;7;0;2;2;1;1;
3176;202000002053;154 738 622;A01;1;7;0;2;1;13;1;
3177;202000002054;154 738 620;Z01;1;7;0;1;0;21;0;
3178;202000002055;154 738 619;A01;3;7;0;1;1;9;1;
3179;202000002056;154 738 616;A01;2;7;0;2;1;13;1;
3180;202000002056;154 738 618;B01;1;33;0;2;9;21;1;
3181;202000002057;154 738 615;A01;2;7;0;2;2;15;1;
3182;202000002057;154 738 617;B01;1;30;0;2;7;1;1;
3183;202000002059;154 738 612;A01;1;7;4;0;3;14;1;
3184;202000002060;154 738 609;B01;1;2;0;2;1;1;0;
3185;202000002060;154 738 611;A01;2;21;0;2;8;1;0;
3186;202000002061;154 738 606;A01;1;7;0;1;1;1;1;
3187;202000002062;154 738 604;B01;1;7;0;2;1;1;2;
3188;202000002062;154 738 607;A01;2;7;0;2;1;13;1;
3189;202000002063;154 738 605;B01;1;2;0;2;1;0;0;
3190;202000002063;154 738 608;A01;3;7;0;2;1;26;0;
3191;202000002064;154 738 601;A01;2;1;0;0;0;1;5;
3192;202000002065;154 738 600;A01;1;7;0;2;1;17;1;
3193;202000002065;154 738 603;B01;1;1;0;2;4;1;5;
3194;202000002066;154 738 602;Z01;1;7;0;1;0;1;1;
3195;202000002067;154 738 599;A01;2;33;13;0;1;1;1;
3196;202000002068;154 738 597;A01;3;7;14;0;1;9;1;
3197;202000002069;154 738 595;B01;2;7;0;9;8;1;1;
3198;202000002069;154 738 598;A01;2;33;0;2;1;13;0;
3199;202000002070;154 738 594;A01;1;7;0;2;3;11;1;
3200;202000002070;154 738 596;B01;1;33;0;2;2;17;1;
3201;202000002071;154 738 592;A01;1;2;0;1;1;17;1;
3202;202000002072;154 738 591;A01;2;50;0;1;1;1;3;
3203;202000002073;154 738 593;A01;1;7;0;1;2;1;1;
3204;202000002074;154 738 589;A01;1;10;0;2;2;17;1;
3205;202000002074;154 738 590;B01;1;7;16;0;3;1;1;
3206;202000002075;154 738 587;B01;2;1;0;2;7;1;5;
3207;202000002075;154 738 588;A01;1;7;0;2;1;1;1;
3208;202000002076;154 738 584;B01;2;2;0;0;4;2;1;
3209;202000002076;154 738 585;A01;2;7;0;2;1;2;1;
3210;202000002077;154 738 583;A01;1;7;0;2;2;15;1;
3211;202000002077;154 738 586;B01;1;33;0;2;4;16;1;
3212;202000002079;154 738 578;B01;1;7;0;2;1;1;1;
3213;202000002079;154 738 580;A01;2;7;3;2;1;13;1;
3214;202000002080;154 738 576;A01;1;33;0;2;1;1;1;
3215;202000002080;154 738 577;B01;1;60;0;2;8;9;5;
3216;202000002081;154 738 579;A01;2;1;0;2;4;19;5;
3217;202000002081;154 738 581;B01;2;33;0;2;0;1;1;
3218;202000002082;154 738 573;A01;1;7;0;2;2;2;1;
3219;202000002082;154 738 575;B01;1;15;0;2;6;2;1;
3220;202000002083;154 738 570;A01;3;7;0;2;1;2;1;
3221;202000002083;154 738 572;B01;3;7;0;2;4;23;1;
3222;202000002084;154 738 571;A01;2;30;0;2;8;1;1;
3223;202000002084;154 738 574;Z01;2;7;0;2;0;12;0;
3224;202000002086;154 738 565;B01;2;1;0;2;1;1;5;
3225;202000002086;154 738 567;A01;2;7;0;2;2;16;1;
3226;202000002087;154 738 564;B01;1;1;0;2;8;1;5;
3227;202000002087;154 738 566;A01;1;10;0;2;7;16;6;
3228;202000002088;154 738 562;B01;2;7;0;2;2;1;0;
3229;202000002088;154 738 563;A01;0;2;0;2;1;19;1;
3230;202000002089;154 738 561;A01;2;30;0;1;1;1;1;
3231;202000002090;154 738 559;A01;3;7;0;1;2;1;1;
3232;202000002091;154 738 558;B01;1;7;0;2;2;1;1;
3233;202000002091;154 738 560;A01;1;50;0;2;1;1;3;
3234;202000002092;154 738 555;A01;1;1;0;1;1;2;5;
3235;202000002093;154 738 556;A01;2;10;0;2;3;22;1;
3236;202000002093;154 738 557;B01;2;1;0;2;1;1;5;
3237;202000002094;154 738 554;A01;2;30;0;0;0;1;1;
3238;202000002095;154 738 553;A01;1;33;17;0;1;14;1;
3239;202000002096;154 738 552;Z01;2;30;0;1;1;1;0;
3240;202000002097;154 738 550;A01;2;7;6;0;7;13;1;
3241;202000002098;154 738 549;A01;1;7;0;2;6;15;1;
3242;202000002098;154 738 551;B01;2;7;0;2;1;1;1;
3243;202000002099;154 738 547;A01;2;7;0;1;1;1;2;
3244;202000002100;154 738 548;A01;3;2;6;0;1;2;1;
3245;202000002101;154 738 546;A01;3;7;4;0;3;0;1;
3246;202000002102;154 738 543;A01;1;7;0;1;1;1;1;
3247;202000002103;154 738 541;B01;3;33;0;2;1;1;1;
3248;202000002103;154 738 545;A01;3;7;0;2;2;1;1;
3249;202000002104;154 738 542;A01;1;7;0;2;3;15;0;
3250;202000002104;154 738 544;B01;2;1;0;0;0;0;5;
3251;202000002105;154 738 540;A01;2;7;0;1;1;2;1;
3252;202000002106;154 738 537;A01;-1;7;16;0;1;26;1;
3253;202000002107;154 738 538;A01;1;7;0;2;3;9;1;
3254;202000002107;154 738 539;B01;1;1;0;2;1;1;5;
3255;202000002108;154 738 534;A01;-1;7;0;2;1;1;0;
3256;202000002108;154 738 535;B01;-1;7;0;2;3;10;0;
3257;202000002109;154 738 532;A01;2;33;13;0;1;1;1;
3258;202000002110;154 738 533;A01;1;34;0;0;0;0;1;
3259;202000002110;154 738 536;Z01;1;7;0;0;0;0;0;
3260;202000002111;154 738 528;B01;1;7;0;2;3;1;1;
3261;202000002111;154 738 530;A01;2;7;0;2;3;13;1;
3262;202000002112;154 738 527;B01;2;2;0;2;4;23;1;
3263;202000002112;154 738 529;A01;2;7;0;2;1;26;1;
3264;202000002113;154 738 526;B01;1;7;0;2;5;23;1;
3265;202000002113;154 738 531;A01;1;7;0;2;5;1;1;
3266;202000002115;154 738 525;A01;3;7;13;0;1;16;1;
3267;202000002116;154 738 520;A01;1;7;17;0;1;0;1;
3268;202000002117;154 738 519;A01;0;7;0;0;2;26;0;
3269;202000002117;154 738 522;B01;0;7;0;2;0;15;0;
3270;202000002119;154 738 518;A01;1;37;12;0;1;16;1;2.0
3271;202000002120;154 738 517;A01;0;2;1;0;1;1;1;
3272;202000002121;154 738 514;B01;2;7;13;2;1;1;1;
3273;202000002121;154 738 515;A01;1;7;8;2;6;19;1;
3274;202000002122;154 738 513;B01;1;7;0;2;8;1;1;
3275;202000002122;154 738 516;A01;1;10;0;2;1;16;1;
3276;202000002123;154 738 511;B01;2;7;0;2;1;1;1;
3277;202000002123;154 738 512;A01;2;7;0;2;4;1;1;
3278;202000002124;154 738 508;A01;1;7;0;2;3;1;1;
3279;202000002124;154 738 509;B01;2;10;0;2;8;1;1;
3280;202000002125;154 738 506;A01;2;7;3;0;3;2;1;
3281;202000002126;154 738 507;A01;1;7;0;2;2;15;1;
3282;202000002126;154 738 510;B01;2;7;0;2;8;1;1;
3283;202000002127;154 738 505;A01;1;7;4;0;3;13;1;
3284;202000002128;154 738 503;A01;2;7;16;0;0;1;1;
3285;202000002129;154 738 504;A01;1;7;0;1;3;15;1;
3286;202000002132;154 738 497;A01;1;7;0;2;4;19;1;
3287;202000002132;154 738 498;B01;2;7;0;2;1;0;1;
3288;202000002133;154 738 495;B01;1;17;0;2;6;1;1;
3289;202000002133;154 738 496;A01;1;7;0;2;2;14;1;
3290;202000002135;154 738 491;B01;2;1;0;0;8;1;5;
3291;202000002135;154 738 492;A01;2;33;0;2;7;17;1;
3292;202000002136;154 738 490;A01;2;33;0;0;7;1;1;
3293;202000002137;154 738 489;A01;2;13;7;0;2;1;1;
3294;202000002138;154 738 488;A01;0;7;6;0;1;1;1;
3295;202000002139;154 738 486;A01;1;7;0;2;3;26;1;
3296;202000002139;154 738 487;B01;1;33;0;2;1;5;1;
3297;202000002140;154 738 481;A01;2;33;0;2;2;17;1;
3298;202000002140;154 738 484;B01;3;7;0;2;3;9;1;
3299;202000002141;154 738 482;A01;1;7;0;2;1;15;1;
3300;202000002141;154 738 483;B01;2;7;0;2;2;1;1;
3301;202000002141;154 738 485;C01;2;7;0;0;2;1;1;
3302;202000002142;154 738 480;A01;2;7;6;0;3;1;1;
3303;202000002143;154 738 479;A01;3;7;1;0;7;0;0;
3304;202000002144;154 738 477;B01;2;7;0;2;3;1;1;
3305;202000002144;154 738 478;A01;1;7;0;2;1;5;3;
3306;202000002145;154 738 475;A01;1;33;15;0;0;1;0;
3307;202000002146;154 738 474;B01;2;7;0;2;1;1;1;
3308;202000002146;154 738 476;A01;1;7;0;2;1;13;1;
3309;202000002147;154 738 471;A01;3;7;0;2;2;1;1;
3310;202000002147;154 738 473;B01;0;10;0;2;6;18;1;
3311;202000002148;154 738 472;A01;2;33;0;0;1;0;1;
3312;202000002149;154 738 467;A01;2;7;0;2;6;11;1;
3313;202000002149;154 738 469;B01;2;31;0;2;2;11;0;
3314;202000002151;154 738 463;A01;1;7;0;2;7;26;1;
3315;202000002151;154 738 465;B01;2;7;0;2;1;1;1;
3316;202000002152;154 738 462;A01;2;7;0;2;1;17;1;
3317;202000002152;154 738 464;B01;2;7;0;2;8;1;1;
3318;202000002152;154 738 466;C01;1;7;0;2;1;1;1;
3319;202000002153;154 738 459;A01;2;2;0;2;6;24;1;
3320;202000002153;154 738 461;B01;2;32;1;0;1;0;1;
3321;202000002154;154 738 458;A01;1;7;0;2;1;5;1;
3322;202000002154;154 738 460;B01;2;15;0;2;1;1;1;
3323;202000002156;154 738 454;A01;1;7;0;9;3;1;1;
3324;202000002156;154 738 455;B01;2;1;0;2;5;1;0;
3325;202000002158;154 738 450;A01;1;2;0;2;1;1;1;
3326;202000002158;154 738 452;B01;1;15;0;2;4;1;1;
3327;202000002159;154 738 449;B01;2;7;0;2;1;1;1;
3328;202000002159;154 738 451;A01;1;7;0;2;3;13;1;
3329;202000002161;154 738 445;A01;2;10;0;2;5;17;0;
3330;202000002161;154 738 446;B01;2;1;0;2;3;2;5;
3331;202000002162;154 738 443;A01;3;3;0;2;2;20;1;
3332;202000002162;154 738 444;B01;3;1;0;0;6;26;5;
3333;202000002163;154 738 442;A01;2;7;17;0;1;1;1;
3334;202000002164;154 738 441;A01;3;7;0;0;7;1;1;
3335;202000002165;154 738 438;C01;1;7;0;2;4;2;1;
3336;202000002165;154 738 439;A01;1;7;0;2;1;2;1;
3337;202000002165;154 738 440;B01;1;7;0;2;4;2;1;
3338;202000002166;154 738 437;A01;2;31;2;0;1;13;0;
3339;202000002167;154 738 436;A01;1;7;13;9;1;1;0;
3340;202000002168;154 738 435;A01;3;7;13;0;8;1;1;
3341;202000002169;154 738 434;A01;1;33;0;1;3;1;1;
3342;202000002170;154 738 432;B01;0;7;0;2;3;15;1;
3343;202000002170;154 738 433;A01;0;7;0;2;2;1;1;
3344;202000002171;154 738 431;A01;1;2;0;0;0;1;1;
3345;202000002172;154 738 430;A01;3;7;2;0;1;0;1;
3346;202000002173;154 738 429;A01;3;34;0;0;8;1;1;
3347;202000002174;154 738 427;A01;0;33;0;0;0;1;1;
3348;202000002174;154 738 428;B01;0;7;0;0;0;15;1;
3349;202000002175;154 738 425;A01;1;7;0;2;3;9;1;
3350;202000002175;154 738 426;B01;1;1;0;2;0;1;5;
3351;202000002176;154 738 424;A01;1;3;0;1;3;1;1;
3352;202000002178;154 738 421;A01;2;7;0;2;2;19;1;
3353;202000002178;154 738 423;B01;1;7;0;2;1;1;1;
3354;202000002179;154 738 418;A01;1;7;2;0;0;14;1;
3355;202000002180;154 738 417;A01;2;7;0;0;1;5;1;
3356;202000002180;154 738 419;B01;1;7;0;0;2;1;1;
3357;202000002181;154 738 416;A01;1;33;6;0;8;1;1;
3358;202000002182;154 738 413;A01;2;7;0;2;1;1;1;
3359;202000002182;154 738 415;B01;1;7;0;2;1;16;1;
3360;202000002183;154 738 412;A01;2;33;0;2;1;1;1;
3361;202000002183;154 738 414;B01;2;7;0;0;4;1;1;
3362;202000002184;154 738 410;B01;1;33;0;2;1;1;1;
3363;202000002184;154 738 411;A01;2;10;0;2;7;15;1;
3364;202000002185;154 738 409;A01;2;80;0;0;8;1;3;
3365;202000002186;154 738 406;A01;2;7;0;2;1;5;1;
3366;202000002186;154 738 408;B01;1;7;0;2;1;1;1;
3367;202000002187;154 738 403;B01;1;31;0;2;1;1;1;
3368;202000002187;154 738 405;A01;2;7;0;2;2;10;0;
3369;202000002188;154 738 402;B01;0;7;0;2;2;1;1;
3370;202000002188;154 738 404;A01;0;7;0;2;7;13;1;
3371;202000002189;154 738 401;A01;1;7;6;0;1;14;1;
3372;202000002190;154 738 399;B01;2;7;0;0;1;2;1;
3373;202000002190;154 738 400;A01;2;7;0;0;4;2;1;
3374;202000002191;154 738 396;B01;1;33;0;2;1;1;1;
3375;202000002191;154 738 398;A01;1;7;12;2;6;11;1;
3376;202000002192;154 738 390;A01;2;7;0;2;7;13;1;
3377;202000002192;154 738 393;B01;1;7;0;2;1;1;1;
3378;202000002193;154 738 391;B01;1;38;0;0;0;19;1;1.0
3379;202000002193;154 738 392;A01;2;7;13;0;1;21;1;
3380;202000002194;154 738 388;B01;2;33;0;2;2;1;1;
3381;202000002194;154 738 389;A01;1;7;0;2;2;17;1;
3382;202000002195;154 738 387;A01;0;7;0;1;1;20;6;
3383;202000002196;154 738 386;A01;1;7;0;1;2;21;1;
3384;202000002197;154 738 384;A01;1;7;0;2;1;1;1;
3385;202000002197;154 738 385;B01;1;17;0;0;5;1;1;
3386;202000002198;154 738 383;A01;3;7;17;0;1;1;0;
3387;202000002199;154 738 382;A01;1;7;15;0;7;1;1;
3388;202000002200;154 738 379;B01;2;15;0;2;5;21;1;
3389;202000002200;154 738 381;A01;2;7;0;0;6;23;1;
3390;202000002201;154 738 378;B01;1;7;0;2;3;1;1;
3391;202000002201;154 738 380;A01;3;10;0;2;1;19;1;
3392;202000002202;154 738 375;A01;2;7;0;2;1;5;1;
3393;202000002202;154 738 376;B01;1;7;0;2;3;1;1;
3394;202000002203;154 738 373;B01;2;1;0;2;1;1;5;
3395;202000002203;154 738 374;A01;1;7;0;2;1;13;1;
3396;202000002203;154 738 377;C01;2;7;0;2;7;21;1;
3397;202000002204;154 738 370;B01;2;7;0;2;1;1;1;
3398;202000002204;154 738 372;A01;1;7;0;2;1;13;1;
3399;202000002206;154 738 368;A01;1;7;0;2;3;15;1;
3400;202000002206;154 738 369;B01;1;33;0;2;1;17;1;
3401;202000002207;154 738 367;A01;0;7;0;0;0;13;1;
3402;202000002208;154 738 366;A01;3;13;0;1;1;1;1;
3403;202000002209;154 738 365;A01;1;37;0;1;1;2;1;1.0
3404;202000002210;154 738 359;E01;0;7;1;0;8;0;1;
3405;202000002210;154 738 361;D01;2;7;1;0;6;26;1;
3406;202000002210;154 738 362;C01;0;7;1;0;2;24;1;
3407;202000002210;154 738 363;B01;1;7;1;2;4;0;1;
3408;202000002210;154 738 364;A01;1;7;1;2;1;2;1;
3409;202000002211;154 738 358;A01;2;7;4;2;1;21;1;
3410;202000002211;154 738 360;B01;2;17;0;0;5;1;1;
3411;202000002212;154 738 355;A01;3;7;0;2;2;13;1;
3412;202000002212;154 738 357;B01;3;7;0;2;1;1;1;
3413;202000002213;154 738 354;B01;1;50;0;2;1;1;3;
3414;202000002213;154 738 356;A01;2;7;0;2;0;9;6;
3415;202000002214;154 738 350;B01;2;37;0;2;3;1;1;1.0
3416;202000002214;154 738 352;A01;1;7;0;2;1;13;1;
3417;202000002215;154 738 351;B01;1;33;0;2;1;1;1;
3418;202000002215;154 738 353;A01;2;7;0;2;1;15;1;
3419;202000002216;154 738 349;A01;1;7;0;1;3;1;1;
3420;202000002217;154 738 348;A01;1;7;8;0;2;1;1;
3421;202000002218;154 738 345;B01;2;33;0;2;1;1;1;
3422;202000002218;154 738 347;A01;0;7;0;2;5;9;1;
3423;202000002221;154 738 341;A01;1;7;4;0;3;1;1;
3424;202000002222;154 738 340;A01;3;7;0;0;2;5;0;
3425;202000002223;154 738 338;B01;1;7;0;2;4;2;1;
3426;202000002223;154 738 339;A01;1;7;0;2;1;2;1;
3427;202000002225;154 738 335;B01;1;7;0;2;1;2;1;
3428;202000002225;154 738 336;A01;1;33;0;2;9;2;1;
3429;202000002226;154 738 332;B01;1;10;0;0;0;1;1;
3430;202000002226;154 738 334;A01;1;33;0;0;8;17;1;
3431;202000002227;154 738 331;B01;1;7;0;2;8;2;1;
3432;202000002227;154 738 333;A01;1;7;0;2;7;2;1;
3433;202000002228;154 738 328;A01;2;7;0;2;1;2;1;
3434;202000002228;154 738 329;B01;2;7;0;2;4;2;1;
3435;202000002229;154 738 327;B01;1;33;0;2;7;1;1;
3436;202000002229;154 738 330;A01;2;10;0;2;8;15;1;
3437;202000002230;154 738 322;C01;2;7;0;2;4;2;1;
3438;202000002230;154 738 324;A01;2;15;0;2;1;1;1;
3439;202000002230;154 738 326;B01;2;7;0;2;4;2;1;
3440;202000002232;154 738 319;A01;2;33;14;0;1;13;1;
3441;202000002233;154 738 318;B01;1;7;0;2;4;2;1;
3442;202000002233;154 738 320;A01;1;7;0;2;3;2;1;
3443;202000002235;154 738 315;B01;1;2;0;0;4;15;1;
3444;202000002235;154 738 317;A01;1;7;0;2;3;1;0;
3445;202000002236;154 738 313;A01;2;7;4;0;1;1;1;
3446;202000002238;154 738 309;A01;1;7;0;1;3;1;0;
3447;202000002239;154 738 310;B01;1;7;0;2;2;14;1;
3448;202000002239;154 738 311;A01;1;7;0;2;1;1;1;
3449;202000002240;154 738 307;B01;2;7;0;2;1;1;0;
3450;202000002240;154 738 308;A01;2;7;0;0;4;1;0;
3451;202000002241;154 738 304;A01;1;7;0;2;1;2;1;
3452;202000002241;154 738 306;B01;1;7;0;2;4;2;1;
3453;202000002242;154 738 303;B01;2;1;0;2;8;1;5;
3454;202000002242;154 738 305;A01;1;7;0;2;1;9;1;
3455;202000002243;154 738 301;B01;1;7;0;2;1;17;1;
3456;202000002243;154 738 302;A01;1;7;0;2;1;1;1;
3457;202000002244;154 738 299;A01;2;7;0;9;2;1;1;
3458;202000002245;154 738 291;D01;1;7;0;2;2;1;1;
3459;202000002245;154 738 292;E01;1;38;0;2;6;1;1;1.0
3460;202000002245;154 738 294;A01;1;7;4;0;3;1;1;
3461;202000002245;154 738 295;B01;1;7;0;2;5;1;1;
3462;202000002245;154 738 297;C01;1;7;0;2;2;1;1;
3463;202000002246;154 738 287;A01;3;7;0;2;3;13;1;
3464;202000002246;154 738 288;B01;3;7;0;2;3;0;1;
3465;202000002247;154 738 283;A01;2;10;0;0;1;16;0;
3466;202000002248;154 738 284;B01;2;7;0;2;6;1;1;
3467;202000002248;154 738 285;A01;1;7;0;2;2;13;1;
3468;202000002248;154 738 286;C01;2;7;0;2;1;23;1;
3469;202000002249;154 738 281;A01;3;10;0;2;3;1;1;
3470;202000002249;154 738 282;B01;2;10;0;2;1;1;1;
3471;202000002250;154 738 280;A01;0;7;0;0;9;0;1;
3472;202000002251;154 738 279;A01;3;7;4;0;3;9;1;
3473;202000002252;154 738 278;A01;1;33;13;0;1;1;1;
3474;202000002253;154 738 277;A01;1;33;13;0;1;1;1;
3475;202000002254;154 738 275;A01;2;7;0;2;1;13;1;
3476;202000002254;154 738 276;B01;1;7;0;2;1;1;1;
3477;202000002255;154 738 274;A01;1;33;0;0;8;21;1;
3478;202000002257;154 738 270;B01;3;99;0;2;3;9;1;
3479;202000002257;154 738 273;A01;0;99;0;2;1;1;1;
3480;202000002258;154 738 269;A01;3;33;2;0;1;0;1;
3481;202000002259;154 738 267;A01;3;7;0;2;0;9;0;
3482;202000002259;154 738 268;B01;3;7;0;2;5;1;1;
3483;202000002260;154 738 263;A01;1;7;0;2;1;2;1;
3484;202000002260;154 738 265;B01;1;36;0;2;4;26;1;
3485;202000002261;154 738 264;B01;1;21;0;0;0;15;0;
3486;202000002261;154 738 266;A01;1;33;0;0;0;17;0;
3487;202000002262;154 738 259;B01;1;7;0;2;0;0;1;
3488;202000002262;154 738 262;A01;1;7;5;2;1;15;1;
3489;202000002263;154 738 258;A01;2;7;0;2;4;2;1;
3490;202000002263;154 738 260;B01;2;7;0;2;4;1;1;
3491;202000002263;154 738 261;C01;2;7;0;2;1;1;1;
3492;202000002264;154 738 256;A01;3;1;0;2;1;1;5;
3493;202000002264;154 738 257;B01;3;7;0;2;4;23;1;
3494;202000002265;154 738 255;A01;2;7;4;0;5;21;1;
3495;202000002266;154 738 249;A01;1;7;4;0;2;1;1;
3496;202000002266;154 738 251;B01;1;7;0;2;3;1;1;
3497;202000002266;154 738 252;C01;1;7;0;2;1;1;1;
3498;202000002267;154 738 250;A01;2;32;0;0;0;1;1;
3499;202000002268;154 738 247;A01;1;10;0;2;1;17;1;
3500;202000002268;154 738 248;B01;1;10;0;2;4;1;1;
3501;202000002269;154 738 245;A01;1;33;3;0;1;17;1;
3502;202000002270;154 738 246;A01;2;7;4;0;2;1;1;
3503;202000002271;154 738 242;B01;1;7;0;2;1;2;1;
3504;202000002271;154 738 244;A01;1;7;0;2;4;2;1;
3505;202000002272;154 738 241;A01;2;30;0;2;1;13;1;
3506;202000002272;154 738 243;B01;1;7;0;2;0;0;1;
3507;202000002273;154 738 239;A01;2;7;3;0;1;9;1;
3508;202000002274;154 738 238;B01;2;7;0;0;4;2;1;
3509;202000002274;154 738 240;A01;2;7;0;2;1;26;1;
3510;202000002275;154 738 235;B01;2;7;0;2;1;1;1;
3511;202000002275;154 738 237;A01;1;7;8;2;1;1;1;
3512;202000002277;154 738 231;B01;2;33;0;2;1;1;1;
3513;202000002277;154 738 233;A01;1;7;0;2;2;15;1;
3514;202000002278;154 738 229;A01;1;7;4;0;0;21;1;
3515;202000002279;154 738 228;A01;3;7;4;0;1;2;1;
3516;202000002280;154 738 227;A01;1;7;4;0;2;0;0;
3517;202000002281;154 738 226;A01;1;31;0;0;7;1;1;
3518;202000002282;154 738 224;A01;0;33;0;2;0;15;1;
3519;202000002282;154 738 225;B01;0;10;0;0;0;1;0;
3520;202000002283;154 738 221;C01;1;33;0;2;3;2;1;
3521;202000002283;154 738 222;A01;3;10;0;9;0;23;1;
3522;202000002283;154 738 223;B01;1;33;0;2;0;2;1;
3523;202000002284;154 738 220;A01;1;33;0;1;1;1;1;
3524;202000002285;154 738 218;B01;2;13;0;2;4;23;1;
3525;202000002285;154 738 219;A01;2;7;0;2;1;1;1;
3526;202000002286;154 738 216;B01;0;7;0;2;6;20;1;
3527;202000002286;154 738 217;A01;0;7;0;2;2;2;1;
3528;202000002287;154 738 214;A01;2;7;2;0;1;13;1;
3529;202000002288;154 738 215;A01;2;10;0;1;1;15;1;
3530;202000002289;154 738 213;A01;2;50;0;0;0;26;3;
3531;202000002290;154 738 212;A01;2;7;2;0;1;14;1;
3532;202000002291;154 738 211;A01;3;7;12;0;1;16;0;
3533;202000002292;154 738 208;Z01;1;7;0;2;1;11;1;
3534;202000002292;154 738 210;A01;1;7;0;2;5;1;1;
3535;202000002293;154 738 207;A01;1;32;0;2;1;1;1;
3536;202000002293;154 738 209;B01;2;7;0;2;1;9;1;
3537;202000002294;154 738 204;A01;2;7;0;2;3;15;1;
3538;202000002294;154 738 206;B01;2;32;0;2;7;17;1;
3539;202000002295;154 738 203;B01;2;7;0;2;4;2;1;
3540;202000002295;154 738 205;A01;2;0;0;2;1;2;0;
3541;202000002296;154 738 200;B01;1;7;0;2;3;1;1;
3542;202000002296;154 738 202;A01;2;7;0;2;1;1;1;
3543;202000002297;154 738 201;A01;2;30;0;1;1;17;1;
3544;202000002299;154 738 195;B01;2;30;0;2;2;17;1;
3545;202000002299;154 738 197;A01;2;7;0;2;6;15;1;
3546;202000002300;154 738 194;B01;1;7;0;2;5;2;1;
3547;202000002300;154 738 196;A01;1;7;0;2;1;1;1;
3548;202000002301;154 738 191;B01;2;7;0;2;6;1;0;
3549;202000002301;154 738 193;A01;2;2;14;0;1;2;0;
3550;202000002302;154 738 189;C01;2;7;0;2;3;1;1;
3551;202000002302;154 738 190;B01;1;7;0;2;3;1;1;