;Num_Acc;id_vehicule;num_veh;senc;catv;obs;obsm;choc;manv;motor;occutc
3552;202000002302;154 738 192;A01;2;50;0;2;1;1;3;
3553;202000002303;154 738 188;A01;1;7;8;0;1;26;1;
3554;202000002304;154 738 186;A01;1;32;0;2;1;1;1;
3555;202000002304;154 738 187;B01;3;7;0;2;5;1;0;
3556;202000002305;154 738 183;A01;2;7;0;2;1;1;1;
3557;202000002305;154 738 184;B01;1;7;0;2;0;0;1;
3558;202000002305;154 738 185;C01;2;7;0;2;0;0;1;
3559;202000002307;154 738 177;A01;0;7;9;0;0;1;-1;
3560;202000002307;154 738 178;B01;0;7;0;2;0;23;-1;
3561;202000002307;154 738 179;C01;0;7;0;2;0;23;-1;
3562;202000002308;154 738 176;B01;1;7;0;1;0;0;0;
3563;202000002309;154 738 175;A01;2;33;0;5;1;1;1;
3564;202000002310;154 738 173;B01;0;10;0;2;1;1;0;
3565;202000002310;154 738 174;A01;0;1;0;2;1;19;0;
3566;202000002311;154 738 172;A01;1;7;1;0;2;14;1;
3567;202000002312;154 738 170;B01;0;33;0;2;1;1;1;
3568;202000002312;154 738 171;A01;0;10;0;2;2;19;1;
3569;202000002313;154 738 168;B01;1;7;0;2;1;1;1;
3570;202000002313;154 738 169;A01;1;7;0;2;1;16;1;
3571;202000002314;154 738 167;A01;1;7;0;1;5;1;1;
3572;202000002315;154 738 165;A01;1;35;0;2;8;19;3;
3573;202000002315;154 738 166;B01;1;7;0;2;1;1;1;
3574;202000002316;154 738 163;Z01;1;10;0;2;1;1;1;
3575;202000002316;154 738 164;B01;1;10;0;2;4;1;1;
3576;202000002317;154 738 161;A01;1;1;0;2;1;25;5;
3577;202000002317;154 738 162;B01;0;7;0;2;1;9;1;
3578;202000002318;154 738 160;A01;2;7;0;1;2;1;1;
3579;202000002319;154 738 158;Z01;1;7;0;2;0;0;0;
3580;202000002319;154 738 159;A01;1;32;0;2;8;26;1;
3581;202000002320;154 738 157;A01;2;1;0;0;0;1;0;
3582;202000002321;154 738 156;A01;2;7;0;1;2;26;1;
3583;202000002322;154 738 154;B01;3;7;0;2;8;23;1;
3584;202000002322;154 738 155;A01;3;7;0;2;1;13;1;
3585;202000002323;154 738 153;A01;1;7;0;1;1;17;1;
3586;202000002324;154 738 151;B01;1;2;0;0;1;1;1;
3587;202000002324;154 738 152;A01;2;7;0;2;5;15;0;
3588;202000002325;154 738 148;A01;3;7;0;2;3;9;1;
3589;202000002325;154 738 149;B01;0;2;0;2;2;9;1;
3590;202000002326;154 738 147;A01;1;30;0;0;7;2;1;
3591;202000002327;154 738 146;A01;1;7;0;1;5;4;1;
3592;202000002328;154 738 145;A01;1;7;13;0;1;13;1;
3593;202000002329;154 738 144;A01;2;7;0;1;1;15;1;
3594;202000002330;154 738 142;A01;2;7;0;2;1;1;1;
3595;202000002330;154 738 143;B01;2;13;0;2;2;1;0;
3596;202000002331;154 738 141;A01;1;7;0;1;2;26;6;
3597;202000002332;154 738 140;A01;2;7;0;1;1;26;1;
3598;202000002333;154 738 138;B01;1;32;0;2;4;1;1;
3599;202000002333;154 738 139;A01;1;10;0;2;1;1;1;
3600;202000002334;154 738 136;B01;1;7;0;2;5;11;1;
3601;202000002334;154 738 137;A01;1;32;0;2;1;3;1;
3602;202000002335;154 738 134;A01;1;33;0;2;7;1;1;
3603;202000002335;154 738 135;Z01;1;7;0;0;0;12;0;
3604;202000002336;154 738 133;A01;2;10;0;1;5;4;1;
3605;202000002337;154 738 131;A01;2;7;0;2;2;12;1;
3606;202000002337;154 738 132;B01;2;1;0;2;1;1;5;
3607;202000002338;154 738 130;A01;0;10;0;1;4;26;1;
3608;202000002339;154 738 127;A01;1;10;0;2;6;24;1;
3609;202000002339;154 738 128;B01;1;7;0;2;7;1;1;
3610;202000002339;154 738 129;C01;1;1;1;2;9;13;5;
3611;202000002341;154 738 125;A01;0;30;0;0;8;26;1;
3612;202000002342;154 738 123;A01;0;33;0;2;1;2;1;
3613;202000002342;154 738 124;B01;0;7;0;2;4;2;1;
3614;202000002343;154 738 122;A01;1;7;0;1;3;16;1;
3615;202000002344;154 738 120;B01;3;7;0;2;4;23;1;
3616;202000002344;154 738 121;A01;3;7;0;2;1;1;1;
3617;202000002345;154 738 119;A01;0;7;0;1;2;1;1;
3618;202000002346;154 738 115;B01;0;34;0;2;1;1;1;
3619;202000002346;154 738 116;A01;2;7;0;2;2;15;1;
3620;202000002347;154 738 113;A01;0;7;0;2;1;13;1;
3621;202000002347;154 738 114;B01;0;7;1;2;1;1;1;
3622;202000002348;154 738 109;A01;2;7;0;2;6;10;1;
3623;202000002348;154 738 110;B01;2;7;0;2;1;1;1;
3624;202000002349;154 738 108;A01;3;10;0;1;4;9;0;
3625;202000002350;154 738 107;A01;1;7;0;1;1;11;1;
3626;202000002351;154 738 105;A01;1;7;0;2;5;26;1;
3627;202000002351;154 738 106;B01;1;30;0;2;3;2;1;
3628;202000002352;154 738 103;B01;3;1;0;2;1;1;5;
3629;202000002352;154 738 104;A01;3;34;0;9;1;1;1;
3630;202000002353;154 738 101;A01;2;7;0;9;7;16;1;
3631;202000002353;154 738 102;B01;3;50;0;2;0;0;3;
3632;202000002354;154 738 099;B01;1;7;0;2;5;1;1;
3633;202000002354;154 738 100;A01;1;1;0;2;1;9;5;
3634;202000002356;154 738 095;B01;1;2;0;2;1;2;1;
3635;202000002356;154 738 096;A01;1;7;0;2;6;4;1;
3636;202000002357;154 738 093;B01;1;7;14;2;1;5;1;
3637;202000002357;154 738 094;A01;1;7;14;2;2;13;1;
3638;202000002358;154 738 091;A01;2;17;0;2;2;1;1;
3639;202000002358;154 738 092;B01;2;7;0;2;5;2;0;
3640;202000002360;154 738 087;Y01;1;1;1;2;3;1;0;
3641;202000002360;154 738 088;Z01;2;7;0;9;3;15;1;
3642;202000002361;154 738 085;B01;3;33;0;2;1;1;1;
3643;202000002361;154 738 086;A01;3;7;0;2;3;15;1;
3644;202000002362;154 738 083;B01;1;7;0;2;2;15;1;
3645;202000002362;154 738 084;A01;2;32;0;2;2;18;1;
3646;202000002364;154 738 079;B01;1;7;0;2;1;0;1;
3647;202000002364;154 738 080;A01;1;7;0;2;1;0;1;
3648;202000002365;154 738 077;B01;3;1;0;2;4;19;5;
3649;202000002365;154 738 078;A01;1;7;0;2;1;1;1;
3650;202000002366;154 738 075;A01;1;7;0;2;3;19;1;
3651;202000002366;154 738 076;B01;1;7;0;2;1;19;1;
3652;202000002367;154 738 073;A01;1;7;0;2;1;13;1;
3653;202000002367;154 738 074;B01;2;7;0;2;1;1;1;
3654;202000002368;154 738 071;B01;1;7;0;2;1;1;-1;
3655;202000002368;154 738 072;A01;1;7;0;0;4;1;-1;
3656;202000002370;154 738 067;A01;2;7;0;2;6;15;1;
3657;202000002370;154 738 068;B01;2;33;0;2;1;1;1;
3658;202000002371;154 738 064;C01;2;7;0;2;4;1;1;
3659;202000002371;154 738 065;A01;2;10;0;2;1;1;1;
3660;202000002371;154 738 066;B01;2;7;0;2;4;1;1;
3661;202000002372;154 738 063;A01;1;30;0;0;0;1;1;
3662;202000002373;154 738 061;B01;0;50;0;2;1;1;3;
3663;202000002373;154 738 062;A01;0;7;0;2;5;16;1;
3664;202000002374;154 738 060;A01;1;7;0;1;1;1;1;
3665;202000002375;154 738 059;A01;0;7;0;1;1;1;1;
3666;202000002376;154 738 058;A01;1;32;0;1;1;1;1;
3667;202000002377;154 738 057;A01;1;40;0;1;1;1;3;
3668;202000002378;154 738 056;A01;2;1;0;0;0;1;5;
3669;202000002379;154 738 055;A01;1;2;0;0;0;0;1;
3670;202000002380;154 738 053;A01;0;7;0;2;6;9;1;
3671;202000002380;154 738 054;B01;0;80;0;2;1;1;3;
3672;202000002381;154 738 052;A01;2;7;0;1;3;26;1;
3673;202000002382;154 738 050;B01;3;7;0;2;8;1;1;
3674;202000002382;154 738 051;A01;3;32;0;2;1;16;1;
3675;202000002383;154 738 049;A01;1;7;0;1;4;20;1;
3676;202000002385;154 738 046;A01;2;10;1;2;3;1;1;
3677;202000002385;154 738 047;C01;2;7;0;2;8;1;1;
3678;202000002386;154 738 044;A01;2;33;0;2;3;2;1;
3679;202000002386;154 738 045;B01;2;10;0;2;7;16;0;
3680;202000002387;154 738 043;A01;2;7;16;0;2;1;1;
3681;202000002388;154 738 041;B01;0;7;0;2;7;1;1;
3682;202000002388;154 738 042;A01;0;7;8;2;1;19;1;
3683;202000002389;154 738 039;A01;1;7;0;2;0;0;1;
3684;202000002389;154 738 040;B01;1;2;0;2;0;0;1;
3685;202000002391;154 738 033;A01;1;14;0;2;2;9;1;
3686;202000002391;154 738 034;C01;1;7;0;2;4;0;0;
3687;202000002391;154 738 035;D01;1;7;0;2;4;0;0;
3688;202000002391;154 738 036;B01;1;7;16;0;4;0;0;
3689;202000002392;154 738 031;B01;1;7;0;2;2;1;1;
3690;202000002392;154 738 032;A01;2;33;0;2;2;1;1;
3691;202000002393;154 738 029;B01;3;7;0;2;1;16;1;
3692;202000002393;154 738 030;A01;3;7;0;2;2;15;1;
3693;202000002395;154 738 027;A01;1;7;0;1;3;0;1;
3694;202000002396;154 738 026;A01;2;7;2;0;1;12;1;
3695;202000002398;154 738 022;C01;1;13;0;2;4;2;1;
3696;202000002398;154 738 023;B01;1;7;0;2;4;2;1;
3697;202000002398;154 738 024;A01;1;10;0;2;1;2;1;
3698;202000002399;154 738 021;A01;1;34;0;0;8;1;1;
3699;202000002400;154 738 019;B01;2;1;0;2;1;1;5;
3700;202000002400;154 738 020;A01;1;10;0;2;5;4;1;
3701;202000002401;154 738 017;B01;1;32;0;2;1;1;1;
3702;202000002401;154 738 018;A01;1;7;0;2;1;5;1;
3703;202000002402;154 738 016;A01;2;50;0;1;1;1;3;
3704;202000002403;154 738 014;B01;0;7;0;2;4;1;2;
3705;202000002403;154 738 015;A01;0;7;0;2;1;1;1;
3706;202000002405;154 738 010;A01;2;7;0;1;2;15;1;
3707;202000002406;154 738 008;A01;3;7;0;2;2;15;1;
3708;202000002406;154 738 009;B01;3;32;0;2;3;1;1;
3709;202000002408;154 738 004;A01;2;1;0;2;1;13;5;
3710;202000002408;154 738 005;B01;2;7;0;2;2;7;1;
3711;202000002409;154 738 003;A01;2;7;0;1;3;1;1;
3712;202000002411;154 738 001;A01;3;7;14;0;1;1;1;
3713;202000002412;154 737 999;A01;1;7;0;2;1;15;1;
3714;202000002412;154 738 000;B01;1;30;0;2;8;16;1;
3715;202000002414;154 737 995;A01;1;50;0;2;1;19;3;
3716;202000002414;154 737 996;B01;1;1;0;2;1;1;5;
3717;202000002415;154 737 993;A01;1;30;0;2;3;7;1;
3718;202000002415;154 737 994;B01;1;13;0;2;3;16;1;
3719;202000002416;154 737 991;B01;2;7;0;2;3;1;1;
3720;202000002416;154 737 992;A01;1;32;0;2;1;19;1;
3721;202000002417;154 737 990;A01;1;7;1;1;3;24;0;
3722;202000002418;154 737 988;A01;2;7;0;2;1;13;1;
3723;202000002418;154 737 989;B01;2;31;0;2;1;3;1;
3724;202000002419;154 737 986;A01;3;7;0;2;3;15;0;
3725;202000002419;154 737 987;B01;3;2;0;2;3;15;1;
3726;202000002420;154 737 984;A01;2;1;0;2;7;1;5;
3727;202000002420;154 737 985;B01;1;7;0;2;3;1;1;
3728;202000002421;154 737 982;A01;2;50;0;2;1;1;3;
3729;202000002421;154 737 983;B01;2;10;0;0;2;9;1;
3730;202000002422;154 737 980;A01;3;7;0;2;2;1;1;
3731;202000002422;154 737 981;B01;2;32;15;2;1;1;1;
3732;202000002423;154 737 975;X01;2;7;0;2;0;0;0;
3733;202000002423;154 737 976;D01;2;7;0;2;4;1;1;
3734;202000002423;154 737 977;C01;2;7;0;2;4;0;1;
3735;202000002423;154 737 978;B01;2;7;0;2;4;1;1;
3736;202000002423;154 737 979;A01;2;7;0;2;0;1;1;
3737;202000002425;154 737 973;A01;1;7;1;0;3;22;1;
3738;202000002426;154 737 971;A01;2;33;0;2;1;1;1;
3739;202000002426;154 737 972;B01;2;7;0;2;1;0;0;
3740;202000002427;154 737 969;B01;1;7;0;2;5;1;2;
3741;202000002427;154 737 970;A01;1;7;0;2;3;14;1;
3742;202000002429;154 737 964;A01;1;15;0;0;6;23;1;
3743;202000002429;154 737 965;B01;1;10;0;2;2;0;1;
3744;202000002429;154 737 966;C01;1;7;0;9;1;0;1;
3745;202000002431;154 737 961;A01;3;14;13;0;2;1;1;
3746;202000002432;154 737 960;A01;1;33;16;0;0;1;0;
3747;202000002433;154 737 958;A01;3;7;0;2;1;15;0;
3748;202000002433;154 737 959;B01;1;7;0;0;7;1;0;
3749;202000002435;154 737 955;A01;2;7;15;0;1;1;1;
3750;202000002436;154 737 954;A01;1;7;13;0;1;0;1;
3751;202000002437;154 737 952;A01;0;7;0;2;3;13;1;
3752;202000002437;154 737 953;B01;0;7;0;2;3;1;1;
3753;202000002438;154 737 951;A01;0;7;8;0;1;1;0;
3754;202000002439;154 737 950;A01;2;7;9;0;2;1;1;
3755;202000002441;154 737 946;B01;1;7;0;9;7;16;0;
3756;202000002441;154 737 947;A01;1;1;0;2;8;1;5;
3757;202000002442;154 737 945;A01;1;32;7;0;1;1;1;
3758;202000002443;154 737 943;B01;2;21;0;2;6;15;1;
3759;202000002443;154 737 944;A01;2;7;0;2;1;17;1;
3760;202000002444;154 737 942;A01;1;7;13;0;2;14;1;
3761;202000002445;154 737 941;A01;1;7;13;0;9;13;0;
3762;202000002447;154 737 936;B01;1;1;0;2;0;26;5;
3763;202000002447;154 737 937;A01;1;10;0;9;3;0;1;
3764;202000002449;154 737 933;B01;2;7;0;2;3;1;1;
3765;202000002449;154 737 934;A01;1;21;0;2;3;15;1;
3766;202000002450;154 737 931;B01;2;7;0;0;5;23;1;
3767;202000002450;154 737 932;A01;2;2;0;2;1;2;1;
3768;202000002451;154 737 929;A01;2;7;0;9;2;9;1;
3769;202000002451;154 737 930;B01;2;1;0;2;1;1;5;
3770;202000002452;154 737 928;A01;1;7;13;0;2;1;1;
3771;202000002453;154 737 926;A01;2;21;0;2;1;15;1;
3772;202000002453;154 737 927;B01;1;33;0;2;1;1;1;
3773;202000002454;154 737 925;A01;2;7;2;0;1;14;1;
3774;202000002455;154 737 923;A01;1;7;0;0;1;13;0;
3775;202000002455;154 737 924;B01;2;7;0;0;1;1;0;
3776;202000002456;154 737 920;C01;2;7;0;2;4;23;1;
3777;202000002456;154 737 921;B01;2;7;0;2;4;23;1;
3778;202000002456;154 737 922;A01;2;10;0;2;1;1;1;
3779;202000002458;154 737 916;A01;1;7;13;0;2;14;1;
3780;202000002459;154 737 914;B01;3;7;0;2;3;1;1;
3781;202000002459;154 737 915;A01;3;7;0;2;3;15;1;
3782;202000002460;154 737 913;A01;1;7;17;0;0;14;1;
3783;202000002461;154 737 911;B01;1;33;0;2;2;0;1;
3784;202000002461;154 737 912;A01;1;7;0;2;3;11;1;
3785;202000002462;154 737 909;B01;2;1;0;2;1;1;5;
3786;202000002462;154 737 910;A01;1;7;0;2;2;15;1;
3787;202000002464;154 737 906;A01;1;7;0;2;1;13;1;
3788;202000002464;154 737 907;B01;2;7;0;2;3;1;1;
3789;202000002465;154 737 905;A01;1;7;3;0;3;1;1;
3790;202000002466;154 737 903;A01;2;7;0;2;1;1;1;
3791;202000002466;154 737 904;B01;2;50;0;2;7;1;3;
3792;202000002467;154 737 901;A01;1;14;0;9;2;16;1;
3793;202000002467;154 737 902;B01;1;1;0;2;0;1;5;
3794;202000002468;154 737 899;B01;1;7;0;0;6;1;1;
3795;202000002468;154 737 900;A01;1;33;0;2;1;13;1;
3796;202000002469;154 737 897;B01;1;17;0;0;6;2;1;
3797;202000002469;154 737 898;A01;1;7;0;2;1;2;1;
3798;202000002470;154 737 896;A01;3;33;13;0;7;13;1;
3799;202000002471;154 737 895;A01;2;7;0;0;9;14;1;
3800;202000002472;154 737 894;A01;0;36;0;0;6;1;0;
3801;202000002473;154 737 892;B01;2;7;0;2;3;1;1;
3802;202000002473;154 737 893;A01;1;7;0;2;3;13;1;
3803;202000002474;154 737 891;A01;3;33;12;0;1;26;1;
3804;202000002475;154 737 890;A01;1;7;13;0;1;21;1;
3805;202000002476;154 737 887;B01;2;7;0;2;1;1;0;
3806;202000002476;154 737 888;C01;1;33;0;2;2;1;0;
3807;202000002476;154 737 889;A01;2;13;0;2;7;15;0;
3808;202000002477;154 737 885;B01;0;33;0;2;0;26;1;
3809;202000002477;154 737 886;A01;0;7;0;2;3;0;1;
3810;202000002478;154 737 883;B01;2;33;0;0;3;1;1;
3811;202000002478;154 737 884;A01;2;7;0;0;6;9;1;
3812;202000002479;154 737 882;A01;1;33;0;0;0;1;1;
3813;202000002480;154 737 881;A01;1;7;0;1;0;24;1;
3814;202000002482;154 737 877;B01;1;7;0;2;1;15;1;
3815;202000002482;154 737 878;A01;2;7;7;2;3;1;1;
3816;202000002483;154 737 876;A01;1;33;16;0;9;1;1;
3817;202000002484;154 737 874;B01;1;99;0;2;8;19;3;
3818;202000002484;154 737 875;A01;1;15;0;2;2;1;1;
3819;202000002485;154 737 872;B01;3;7;0;2;3;1;1;
3820;202000002485;154 737 873;A01;3;7;0;2;3;15;1;
3821;202000002487;154 737 868;B01;2;7;0;2;5;2;1;
3822;202000002487;154 737 869;A01;2;33;0;2;3;15;1;
3823;202000002488;154 737 866;A01;2;7;0;2;8;11;1;
3824;202000002488;154 737 867;B01;2;33;0;2;7;1;1;
3825;202000002489;154 737 863;C01;2;7;0;2;9;1;1;
3826;202000002489;154 737 864;B01;2;17;0;2;4;1;1;
3827;202000002489;154 737 865;A01;2;17;0;2;1;1;1;
3828;202000002491;154 737 857;C01;2;7;0;2;0;2;1;
3829;202000002491;154 737 858;B01;2;7;0;2;0;1;1;
3830;202000002491;154 737 859;A01;2;7;0;2;1;1;1;
3831;202000002492;154 737 855;B01;1;7;0;2;4;0;1;
3832;202000002492;154 737 856;A01;1;7;0;2;1;1;1;
3833;202000002493;154 737 852;B01;1;7;0;2;6;1;1;
3834;202000002493;154 737 853;A01;1;15;0;2;2;12;1;
3835;202000002493;154 737 854;C01;1;7;0;2;1;1;1;
3836;202000002494;154 737 851;A01;1;34;11;0;1;1;1;
3837;202000002495;154 737 849;B01;1;7;0;2;4;2;1;
3838;202000002495;154 737 850;A01;1;7;0;2;1;2;1;
3839;202000002496;154 737 846;C01;3;7;0;2;4;2;1;
3840;202000002496;154 737 847;B01;3;7;0;2;4;2;1;
3841;202000002496;154 737 848;A01;3;7;0;2;1;2;1;
3842;202000002497;154 737 845;A01;3;10;0;1;4;4;1;
3843;202000002498;154 737 844;A01;1;10;3;0;2;1;1;
3844;202000002499;154 737 843;A01;2;33;0;0;0;16;1;
3845;202000002500;154 737 841;B01;3;7;0;2;3;1;1;
3846;202000002500;154 737 842;A01;1;30;0;2;1;19;1;
3847;202000002501;154 737 840;A01;3;7;0;1;2;15;1;
3848;202000002502;154 737 839;Z01;1;1;0;1;0;2;5;
3849;202000002503;154 737 837;A01;3;1;0;2;7;6;5;
3850;202000002503;154 737 838;B01;3;7;0;2;1;1;1;
3851;202000002504;154 737 835;Y01;3;1;0;2;1;19;5;
3852;202000002504;154 737 836;A01;2;7;0;2;7;1;1;
3853;202000002505;154 737 833;A01;2;1;0;2;3;1;5;
3854;202000002505;154 737 834;B01;2;7;0;2;1;1;1;
3855;202000002506;154 737 831;B01;1;7;0;2;1;1;1;
3856;202000002506;154 737 832;A01;1;7;0;2;1;19;1;
3857;202000002507;154 737 829;A01;1;7;0;2;1;1;1;
3858;202000002507;154 737 830;B01;1;7;0;2;4;1;1;
3859;202000002508;154 737 828;A01;1;3;15;0;1;14;3;
3860;202000002510;154 737 824;B01;2;7;0;2;6;1;1;
3861;202000002510;154 737 825;A01;2;7;0;2;2;12;1;
3862;202000002511;154 737 822;B01;1;10;1;0;2;0;0;
3863;202000002511;154 737 823;A01;3;7;1;2;8;22;0;
3864;202000002512;154 737 819;C01;2;7;0;2;1;1;1;
3865;202000002512;154 737 820;B01;1;7;0;2;6;1;1;
3866;202000002512;154 737 821;A01;1;7;0;2;3;17;1;
3867;202000002513;154 737 818;A01;1;7;0;1;1;15;1;
3868;202000002514;154 737 817;A01;1;7;0;1;2;1;1;
3869;202000002515;154 737 815;B01;2;1;0;2;8;1;5;
3870;202000002515;154 737 816;A01;2;10;0;2;7;17;1;
3871;202000002518;154 737 810;A01;1;7;0;1;3;26;1;
3872;202000002519;154 737 808;A01;2;7;0;2;2;15;0;
3873;202000002519;154 737 809;B01;2;1;0;2;1;1;1;
3874;202000002520;154 737 807;A01;1;7;6;0;3;1;0;
3875;202000002521;154 737 806;A01;2;7;0;1;1;1;1;
3876;202000002522;154 737 805;A01;2;7;8;0;1;0;0;
3877;202000002523;154 737 803;B01;1;7;0;2;3;1;0;
3878;202000002523;154 737 804;A01;1;7;0;2;1;1;1;
3879;202000002524;154 737 801;A01;2;7;0;9;3;1;0;
3880;202000002524;154 737 802;B01;1;31;0;2;0;26;1;
3881;202000002525;154 737 799;A01;1;7;0;2;1;1;-1;
3882;202000002525;154 737 800;B01;3;33;0;2;8;1;1;
3883;202000002526;154 737 797;B01;2;7;0;2;1;15;6;
3884;202000002526;154 737 798;A01;1;7;0;2;7;13;6;
3885;202000002527;154 737 795;A01;2;7;0;2;3;15;1;
3886;202000002527;154 737 796;B01;1;7;0;2;3;1;1;
3887;202000002528;154 737 794;B01;2;7;0;1;7;16;1;
3888;202000002529;154 737 791;B01;2;33;0;2;2;3;1;
3889;202000002529;154 737 792;A01;2;14;0;2;3;22;1;
3890;202000002529;154 737 793;C01;2;10;0;2;2;23;1;
3891;202000002530;154 737 790;A01;2;33;0;1;1;1;1;
3892;202000002531;154 737 789;A01;1;7;1;0;1;1;1;
3893;202000002532;154 737 788;A01;2;7;6;0;7;0;1;
3894;202000002533;154 737 786;A01;1;33;0;0;1;1;1;
3895;202000002533;154 737 787;B01;0;7;0;0;3;15;1;
3896;202000002534;154 737 785;A01;1;7;0;1;1;1;1;
3897;202000002535;154 737 784;A01;1;10;0;1;3;7;1;
3898;202000002536;154 737 783;A01;3;7;0;1;6;15;1;
3899;202000002537;154 737 782;A01;0;7;0;1;2;1;0;
3900;202000002538;154 737 780;A01;2;7;0;2;3;15;1;
3901;202000002538;154 737 781;B01;3;33;0;2;4;23;1;
3902;202000002539;154 737 778;A01;1;7;0;2;7;21;1;
3903;202000002539;154 737 779;B01;1;15;0;2;3;2;1;
3904;202000002540;154 737 776;A01;3;7;0;2;8;15;1;
3905;202000002540;154 737 777;B01;2;7;0;2;1;1;1;
3906;202000002541;154 737 774;A01;1;7;1;0;1;1;0;
3907;202000002541;154 737 775;B01;1;13;0;1;1;23;0;
3908;202000002542;154 737 773;A01;2;7;0;0;9;13;1;
3909;202000002543;154 737 771;B01;2;7;0;2;4;23;1;
3910;202000002543;154 737 772;A01;2;7;0;2;1;1;1;
3911;202000002544;154 737 769;A01;1;7;0;2;1;1;1;
3912;202000002544;154 737 770;B01;2;1;0;2;1;13;5;
3913;202000002545;154 737 768;A01;1;1;0;0;9;1;5;
3914;202000002546;154 737 766;B01;3;1;0;2;7;19;6;
3915;202000002546;154 737 767;A01;1;7;0;2;3;1;0;
3916;202000002547;154 737 765;A01;2;7;2;1;9;15;1;
3917;202000002548;154 737 763;B01;2;10;0;2;3;1;1;
3918;202000002548;154 737 764;A01;1;7;0;2;1;13;0;
3919;202000002549;154 737 762;A01;2;7;0;1;1;1;1;
3920;202000002550;154 737 754;A01;2;7;0;1;2;1;0;
3921;202000002551;154 737 752;B01;1;7;0;2;4;2;1;
3922;202000002551;154 737 753;A01;1;37;0;2;1;2;1;1.0
3923;202000002552;154 737 750;A01;1;7;0;2;0;16;0;
3924;202000002552;154 737 751;B01;1;37;0;2;1;1;1;2.0
3925;202000002553;154 737 748;B01;1;30;0;2;3;2;1;
3926;202000002553;154 737 749;A01;1;7;0;2;1;1;2;
3927;202000002554;154 737 746;A01;1;7;0;2;1;26;1;
3928;202000002554;154 737 747;B01;1;7;0;0;4;2;1;
3929;202000002555;154 737 745;A01;3;7;9;0;3;25;1;
3930;202000002556;154 737 743;A01;1;38;0;2;2;2;1;1.0
3931;202000002556;154 737 744;B01;1;1;0;9;8;25;5;
3932;202000002557;154 737 741;A01;3;7;0;0;0;26;1;
3933;202000002557;154 737 742;B01;3;30;0;0;0;0;1;
3934;202000002558;154 737 740;A01;1;7;0;1;2;1;1;
3935;202000002560;154 737 736;B01;2;7;0;2;8;1;0;
3936;202000002560;154 737 737;A01;1;7;0;2;3;13;1;
3937;202000002561;154 737 735;A01;3;7;0;1;2;1;1;
3938;202000002562;154 737 734;A01;3;7;0;0;3;0;1;
3939;202000002563;154 737 732;B01;1;7;0;2;3;23;1;
3940;202000002563;154 737 733;A01;2;33;8;2;7;1;1;
3941;202000002564;154 737 730;B01;3;32;0;2;1;1;1;
3942;202000002564;154 737 731;A01;3;7;0;2;2;15;1;
3943;202000002565;154 737 729;A01;1;1;0;0;0;0;5;
3944;202000002566;154 737 728;A01;2;7;0;1;1;15;0;
3945;202000002567;154 737 727;Z01;1;7;0;1;2;1;1;
3946;202000002568;154 737 726;A01;3;99;13;0;9;14;1;
3947;202000002569;154 737 725;A01;1;7;0;1;1;1;1;
3948;202000002570;154 737 723;B01;3;30;0;2;7;19;1;
3949;202000002570;154 737 724;A01;3;7;0;2;8;1;1;
3950;202000002571;154 737 721;B01;1;7;0;2;3;15;1;
3951;202000002571;154 737 722;A01;1;30;0;2;8;18;1;
3952;202000002572;154 737 719;B01;2;33;0;0;3;2;1;
3953;202000002572;154 737 720;A01;2;7;0;0;5;9;1;
3954;202000002573;154 737 718;A01;2;7;0;1;3;1;1;
3955;202000002574;154 737 716;B01;1;1;0;2;7;15;5;
3956;202000002574;154 737 717;A01;2;7;0;2;3;1;0;
3957;202000002575;154 737 714;A01;3;7;0;2;1;9;1;
3958;202000002575;154 737 715;B01;3;2;0;2;3;1;1;
3959;202000002576;154 737 713;A01;2;80;0;0;7;20;3;
3960;202000002578;154 737 710;B01;2;7;0;2;3;1;1;
3961;202000002578;154 737 711;A01;1;33;0;2;3;5;1;
3962;202000002579;154 737 709;A01;3;7;0;1;4;20;1;
3963;202000002580;154 737 707;A01;3;80;0;2;7;17;3;
3964;202000002580;154 737 708;B01;3;1;0;2;8;1;-1;
3965;202000002581;154 737 706;A01;3;7;0;1;1;1;1;
3966;202000002582;154 737 705;A01;1;10;0;1;1;1;0;
3967;202000002583;154 737 703;B01;2;1;0;2;8;2;5;
3968;202000002583;154 737 704;A01;2;10;0;2;0;14;1;
3969;202000002584;154 737 701;A01;1;7;0;2;7;2;1;
3970;202000002584;154 737 702;B01;1;2;0;2;3;21;1;
3971;202000002585;154 737 699;B01;2;30;0;2;0;0;1;
3972;202000002585;154 737 700;A01;2;7;0;2;5;23;1;
3973;202000002586;154 737 697;B01;1;1;0;2;1;1;5;
3974;202000002586;154 737 698;A01;1;7;0;2;3;9;1;
3975;202000002587;154 737 696;A01;3;7;13;0;2;1;1;
3976;202000002588;154 737 695;A01;1;30;1;0;2;15;1;
3977;202000002589;154 737 693;B01;1;33;0;2;8;1;1;
3978;202000002589;154 737 694;A01;1;7;0;2;1;19;1;
3979;202000002590;154 737 692;A01;-1;7;-1;1;-1;-1;-1;
3980;202000002591;154 737 691;A01;1;7;0;1;3;15;1;
3981;202000002592;154 737 689;B01;1;2;0;2;7;1;3;
3982;202000002592;154 737 690;A01;1;7;0;2;1;26;1;
3983;202000002593;154 737 685;A01;1;7;0;2;7;19;1;
3984;202000002593;154 737 686;B01;1;30;0;2;1;1;1;
3985;202000002594;154 737 684;A01;3;7;0;1;3;15;1;
3986;202000002595;154 737 683;A01;3;7;0;1;0;0;1;
3987;202000002596;154 737 681;B01;1;7;0;2;3;15;1;
3988;202000002596;154 737 682;A01;1;30;0;2;7;17;1;
3989;202000002598;154 737 679;A01;0;7;0;1;2;20;1;
3990;202000002599;154 737 678;A01;1;7;0;1;3;1;1;
3991;202000002600;154 737 677;A01;3;7;13;0;9;13;1;
3992;202000002601;154 737 675;B01;1;2;0;2;1;1;0;