;Num_Acc;id_vehicule;num_veh;senc;catv;obs;obsm;choc;manv;motor;occutc
3993;202000002601;154 737 676;A01;0;7;0;9;1;15;0;
3994;202000002602;154 737 673;B01;1;1;0;2;4;15;5;
3995;202000002602;154 737 674;A01;2;7;0;2;2;0;0;
3996;202000002603;154 737 672;A01;1;7;0;1;7;16;1;
3997;202000002604;154 737 668;A01;1;7;0;2;4;23;1;
3998;202000002604;154 737 669;B01;1;7;0;2;1;1;1;
3999;202000002604;154 737 670;C01;1;7;0;2;1;1;1;
4000;202000002604;154 737 671;D01;1;7;0;2;1;2;1;
4001;202000002605;154 737 667;A01;1;30;0;1;1;1;1;
4002;202000002606;154 737 666;A01;1;30;0;1;1;1;1;
4003;202000002607;154 737 665;A01;2;2;0;1;1;1;1;
4004;202000002608;154 737 664;A01;2;7;0;1;1;1;1;
4005;202000002609;154 737 663;Z01;0;7;0;1;3;9;0;
4006;202000002610;154 737 660;B01;0;2;0;2;8;1;0;
4007;202000002610;154 737 661;A01;0;7;0;2;3;15;0;
4008;202000002611;154 737 658;A01;1;7;0;2;8;15;1;
4009;202000002611;154 737 659;B01;1;7;0;2;1;1;1;
4010;202000002612;154 737 655;B01;1;60;0;1;8;5;5;
4011;202000002612;154 737 656;A01;1;31;0;2;1;1;1;
4012;202000002613;154 737 654;A01;2;30;0;1;1;1;1;
4013;202000002614;154 737 652;A01;-1;7;0;2;3;15;1;
4014;202000002614;154 737 653;B01;-1;7;0;2;7;1;1;
4015;202000002615;154 737 648;A01;1;10;0;1;3;1;1;
4016;202000002616;154 737 647;A01;1;7;0;1;2;17;1;
4017;202000002617;154 737 646;A01;3;30;0;1;1;1;1;
4018;202000002618;154 737 644;B01;1;7;0;2;2;22;1;
4019;202000002618;154 737 645;A01;1;34;0;2;1;18;1;
4020;202000002619;154 737 642;B01;1;7;0;2;1;1;1;
4021;202000002619;154 737 643;A01;2;7;0;2;1;13;1;
4022;202000002620;154 737 640;A01;2;7;0;2;3;1;1;
4023;202000002620;154 737 641;B01;2;33;0;0;6;1;1;
4024;202000002621;154 737 639;A01;1;30;0;0;3;1;1;
4025;202000002622;154 737 638;A01;2;1;0;1;1;1;5;
4026;202000002623;154 737 636;A01;1;50;0;2;8;1;3;
4027;202000002623;154 737 637;Z01;3;30;0;2;7;1;0;
4028;202000002626;154 737 627;A01;0;7;0;1;1;1;0;
4029;202000002627;154 737 625;Z01;0;7;0;2;4;4;1;
4030;202000002627;154 737 626;B01;0;1;0;2;0;1;5;
4031;202000002628;154 737 624;A01;3;30;0;0;0;21;1;
4032;202000002629;154 737 623;A01;2;7;16;0;9;13;1;
4033;202000002630;154 737 621;B01;0;15;0;2;3;0;0;
4034;202000002630;154 737 622;A01;0;7;0;2;1;0;0;
4035;202000002631;154 737 620;A01;2;33;15;0;1;13;1;
4036;202000002632;154 737 619;A01;2;30;0;1;1;1;1;
4037;202000002633;154 737 618;A01;2;7;0;1;1;26;1;
4038;202000002634;154 737 617;A01;2;7;0;1;2;1;1;
4039;202000002635;154 737 616;A01;1;30;0;1;1;1;1;
4040;202000002637;154 737 613;A01;1;7;0;1;2;1;0;
4041;202000002638;154 737 611;B01;2;7;0;0;5;2;1;
4042;202000002638;154 737 612;A01;2;33;0;2;1;2;1;
4043;202000002640;154 737 604;Z01;1;7;0;2;0;0;0;
4044;202000002640;154 737 605;A01;1;7;0;2;2;1;1;
4045;202000002640;154 737 606;B01;1;2;0;2;2;1;1;
4046;202000002642;154 737 602;A01;3;7;0;1;0;1;1;
4047;202000002643;154 737 601;A01;3;7;0;1;1;1;1;
4048;202000002644;154 737 597;A01;1;7;0;1;6;4;1;
4049;202000002645;154 737 595;B01;1;7;0;2;3;1;1;
4050;202000002645;154 737 596;A01;2;7;0;2;3;1;1;
4051;202000002646;154 737 594;A01;0;7;0;1;5;9;1;
4052;202000002647;154 737 592;A01;0;7;0;2;3;15;1;
4053;202000002647;154 737 593;B01;1;7;0;2;1;1;1;
4054;202000002648;154 737 591;Z01;1;7;0;1;2;15;1;
4055;202000002649;154 737 590;A01;3;7;0;1;4;4;1;
4056;202000002650;154 737 589;A01;1;1;9;0;1;1;5;
4057;202000002651;154 737 587;B01;2;7;5;2;6;1;1;
4058;202000002651;154 737 588;A01;1;7;5;2;3;1;1;
4059;202000002652;154 737 586;A01;1;7;2;0;1;13;1;
4060;202000002653;154 737 585;Z01;1;31;0;1;1;26;0;
4061;202000002654;154 737 583;Z01;1;35;0;2;1;10;1;
4062;202000002654;154 737 584;B01;1;1;0;2;1;1;5;
4063;202000002655;154 737 582;A01;0;7;0;1;3;1;1;
4064;202000002656;154 737 581;A01;3;7;0;1;4;4;1;
4065;202000002657;154 737 580;Z01;3;7;14;1;0;1;0;
4066;202000002658;154 737 579;A01;0;7;0;1;1;19;0;
4067;202000002659;154 737 577;B01;2;7;0;0;3;1;1;
4068;202000002659;154 737 578;A01;1;30;0;2;3;13;1;
4069;202000002660;154 737 575;A01;0;30;0;9;2;1;1;
4070;202000002660;154 737 576;B01;3;1;0;9;3;13;5;
4071;202000002661;154 737 573;A01;1;30;0;2;7;15;1;
4072;202000002661;154 737 574;B01;3;10;0;2;1;1;1;
4073;202000002662;154 737 571;A01;3;7;0;2;2;9;1;
4074;202000002662;154 737 572;B01;2;7;0;2;1;16;1;
4075;202000002663;154 737 569;B01;3;1;0;2;2;1;5;
4076;202000002663;154 737 570;A01;3;7;0;2;3;9;1;
4077;202000002665;154 737 566;B01;1;7;0;2;8;4;1;
4078;202000002665;154 737 567;A01;1;10;0;2;1;26;1;
4079;202000002666;154 737 564;A01;1;7;0;2;2;15;1;
4080;202000002666;154 737 565;B01;1;7;0;2;1;1;1;
4081;202000002667;154 737 563;A01;1;99;0;1;1;1;-1;
4082;202000002668;154 737 562;A01;2;37;0;1;7;26;1;1.0
4083;202000002669;154 737 561;A01;1;10;0;1;3;1;1;
4084;202000002670;154 737 560;A01;2;7;0;1;1;1;1;
4085;202000002671;154 737 559;A01;1;10;0;1;1;1;1;
4086;202000002673;154 737 556;A01;0;2;0;2;1;25;1;
4087;202000002673;154 737 557;B01;0;2;0;2;1;1;1;
4088;202000002674;154 737 555;A01;0;7;0;1;0;9;0;
4089;202000002675;154 737 553;B01;2;33;0;2;2;2;1;
4090;202000002675;154 737 554;A01;2;7;0;2;1;9;1;
4091;202000002676;154 737 552;A01;2;33;2;0;1;19;1;
4092;202000002677;154 737 551;A01;1;7;0;1;1;1;1;
4093;202000002678;154 737 550;A01;1;10;0;1;1;17;1;
4094;202000002679;154 737 548;Z01;1;7;0;2;1;2;0;
4095;202000002679;154 737 549;B01;1;7;0;0;4;1;1;
4096;202000002680;154 737 547;A01;2;7;3;0;2;1;1;
4097;202000002681;154 737 546;A01;2;7;4;0;1;1;0;
4098;202000002682;154 737 544;A01;2;7;4;2;8;1;1;
4099;202000002682;154 737 545;B01;2;14;0;2;2;12;1;
4100;202000002684;154 737 540;A01;1;7;1;2;1;1;0;
4101;202000002684;154 737 541;B01;1;7;0;2;5;15;1;
4102;202000002685;154 737 538;A01;3;30;0;2;1;1;1;
4103;202000002685;154 737 539;B01;3;7;0;2;6;23;1;
4104;202000002686;154 737 537;A01;2;7;8;0;1;13;1;
4105;202000002687;154 737 536;A01;1;7;8;0;3;1;1;
4106;202000002688;154 737 534;A01;2;7;0;2;8;15;1;
4107;202000002688;154 737 535;B01;2;30;0;2;1;1;1;
4108;202000002689;154 737 532;A01;1;7;0;2;0;1;1;
4109;202000002689;154 737 533;B01;0;7;0;2;2;9;1;
4110;202000002691;154 737 528;B01;2;2;0;2;0;0;1;
4111;202000002691;154 737 529;A01;1;7;0;2;1;15;1;
4112;202000002692;154 737 526;A01;2;31;0;2;1;1;1;
4113;202000002692;154 737 527;B01;1;7;0;2;8;1;1;
4114;202000002693;154 737 524;B01;2;10;0;2;5;16;1;
4115;202000002693;154 737 525;A01;2;33;0;2;1;7;1;
4116;202000002694;154 737 522;B01;0;30;0;2;1;1;1;
4117;202000002694;154 737 523;A01;3;10;0;2;3;20;1;
4118;202000002695;154 737 521;A01;1;7;6;0;1;13;1;
4119;202000002696;154 737 520;A01;1;7;8;0;3;13;1;
4120;202000002697;154 737 518;A01;3;10;0;2;1;0;1;
4121;202000002697;154 737 519;B01;3;2;0;2;1;0;1;
4122;202000002698;154 737 516;B01;0;7;0;2;6;15;1;
4123;202000002698;154 737 517;A01;0;33;0;2;1;17;1;
4124;202000002699;154 737 514;A01;1;1;0;2;0;13;5;
4125;202000002699;154 737 515;B01;1;7;0;9;2;11;0;
4126;202000002700;154 737 513;A01;1;7;0;1;4;4;1;
4127;202000002702;154 737 509;B01;1;7;0;2;8;15;1;
4128;202000002702;154 737 510;A01;1;2;6;2;1;17;1;
4129;202000002703;154 737 507;B01;2;7;0;2;8;1;1;
4130;202000002703;154 737 508;A01;2;32;0;2;2;2;1;
4131;202000002704;154 737 505;A01;1;32;0;2;4;1;1;
4132;202000002704;154 737 506;Z01;1;7;0;2;1;2;0;
4133;202000002705;154 737 503;B01;1;33;0;2;1;2;1;
4134;202000002705;154 737 504;A01;1;7;0;2;4;1;1;
4135;202000002707;154 737 499;B01;1;7;0;2;5;15;1;
4136;202000002707;154 737 500;A01;1;33;0;2;1;1;1;
4137;202000002709;154 737 496;A01;2;7;0;2;2;1;1;
4138;202000002709;154 737 497;B01;2;7;0;2;2;1;1;
4139;202000002710;154 737 494;A01;0;43;0;2;1;1;1;
4140;202000002710;154 737 495;B01;0;7;0;2;3;1;1;
4141;202000002711;154 737 492;B01;-1;1;0;2;1;3;5;
4142;202000002711;154 737 493;A01;-1;7;0;9;3;11;1;
4143;202000002712;154 737 490;A01;1;7;0;2;4;2;1;
4144;202000002712;154 737 491;B01;1;7;0;2;1;2;1;
4145;202000002713;154 737 488;A01;1;7;0;2;1;19;1;
4146;202000002713;154 737 489;B01;2;7;0;2;0;0;1;
4147;202000002714;154 737 487;A01;3;30;0;0;0;1;1;
4148;202000002715;154 737 485;A01;1;7;0;2;7;15;2;
4149;202000002715;154 737 486;B01;2;33;0;2;1;1;1;
4150;202000002716;154 737 483;B01;2;31;0;2;8;3;1;
4151;202000002716;154 737 484;A01;2;7;0;2;7;12;3;
4152;202000002717;154 737 481;B01;2;50;0;2;7;1;3;
4153;202000002717;154 737 482;A01;2;7;0;2;1;9;1;
4154;202000002718;154 737 479;B01;1;50;0;2;1;9;3;
4155;202000002718;154 737 480;A01;1;10;0;2;8;9;1;
4156;202000002719;154 737 477;A01;2;7;0;2;1;15;0;
4157;202000002719;154 737 478;B01;1;2;0;2;1;0;0;
4158;202000002721;154 737 473;B01;2;7;0;2;3;1;1;
4159;202000002721;154 737 474;A01;1;7;0;2;3;13;1;
4160;202000002722;154 737 472;A01;2;7;8;0;0;1;1;
4161;202000002723;154 737 471;A01;2;7;0;0;0;0;1;
4162;202000002724;154 737 469;A01;1;7;0;2;3;1;1;
4163;202000002724;154 737 470;B01;2;31;0;2;1;1;1;
4164;202000002725;154 737 467;B01;3;7;0;0;1;1;1;
4165;202000002725;154 737 468;A01;3;7;0;0;2;1;1;
4166;202000002726;154 737 465;B01;1;33;0;2;1;1;1;
4167;202000002726;154 737 466;A01;1;7;0;2;6;16;1;
4168;202000002727;154 737 463;A01;2;7;0;2;3;1;1;
4169;202000002727;154 737 464;B01;1;10;0;2;3;1;1;
4170;202000002728;154 737 462;A01;2;7;0;0;0;16;1;
4171;202000002729;154 737 461;A01;1;7;13;0;3;1;1;
4172;202000002730;154 737 459;A01;3;7;0;2;8;9;1;
4173;202000002730;154 737 460;B01;3;2;0;0;7;26;1;
4174;202000002731;154 737 458;A01;3;1;1;0;1;2;5;
4175;202000002732;154 737 457;A01;3;7;15;0;1;13;1;
4176;202000002733;154 737 456;A01;2;3;1;0;1;13;0;
4177;202000002734;154 737 455;A01;2;2;0;0;8;1;1;
4178;202000002735;154 737 454;A01;1;37;0;0;0;21;1;3.0
4179;202000002736;154 737 452;A01;2;15;0;0;4;2;1;
4180;202000002736;154 737 453;B01;2;10;0;2;1;2;1;
4181;202000002737;154 737 451;A01;2;7;13;0;1;14;1;
4182;202000002738;154 737 450;A01;1;7;13;0;9;17;1;
4183;202000002739;154 737 448;B01;1;7;0;0;5;26;1;
4184;202000002739;154 737 449;A01;3;7;1;0;3;2;1;
4185;202000002740;154 737 446;A01;2;7;0;2;1;1;1;
4186;202000002740;154 737 447;B01;1;33;0;0;4;1;1;
4187;202000002741;154 737 443;A01;2;10;0;2;3;17;1;
4188;202000002741;154 737 444;B01;1;17;0;2;3;1;1;
4189;202000002741;154 737 445;C01;2;15;0;2;3;1;1;
4190;202000002742;154 737 442;A01;2;2;6;0;1;14;1;
4191;202000002743;154 737 440;B01;1;7;0;2;7;5;1;
4192;202000002743;154 737 441;A01;2;7;0;2;3;5;1;
4193;202000002744;154 737 438;B01;2;17;0;2;4;1;1;
4194;202000002744;154 737 439;A01;2;7;0;2;1;2;1;
4195;202000002745;154 737 436;A01;2;33;0;2;4;1;1;
4196;202000002745;154 737 437;B01;2;7;0;2;0;1;1;
4197;202000002747;154 737 431;A01;3;10;0;0;3;1;1;
4198;202000002747;154 737 432;B01;3;2;0;0;1;26;1;
4199;202000002748;154 737 430;A01;1;7;2;0;6;1;1;
4200;202000002749;154 737 429;A01;1;7;0;0;0;14;1;
4201;202000002750;154 737 428;A01;1;7;0;1;3;1;1;
4202;202000002751;154 737 427;A01;1;7;0;1;1;16;1;
4203;202000002752;154 737 426;A01;1;7;6;0;1;0;1;
4204;202000002753;154 737 420;A01;1;7;0;9;3;9;1;
4205;202000002753;154 737 421;B01;1;1;0;0;0;26;5;
4206;202000002754;154 737 419;A01;1;7;0;0;0;1;1;
4207;202000002755;154 737 416;A01;1;7;0;2;1;2;1;
4208;202000002755;154 737 417;B01;1;7;0;2;4;2;1;
4209;202000002755;154 737 418;C01;1;7;0;0;4;1;1;
4210;202000002756;154 737 415;A01;1;7;1;0;3;17;1;
4211;202000002757;154 737 414;A01;3;7;13;0;3;1;1;
4212;202000002758;154 737 412;B01;1;7;0;2;1;1;1;
4213;202000002758;154 737 413;A01;2;7;0;2;2;1;1;
4214;202000002759;154 737 410;A01;2;7;0;2;3;1;1;
4215;202000002759;154 737 411;B01;2;7;0;2;2;26;1;
4216;202000002760;154 737 409;A01;2;7;16;0;9;1;1;
4217;202000002761;154 737 407;B01;1;7;0;2;3;11;1;
4218;202000002761;154 737 408;A01;1;33;0;2;7;3;1;
4219;202000002762;154 737 405;B01;2;13;0;2;1;1;1;
4220;202000002762;154 737 406;A01;2;7;0;2;5;12;1;
4221;202000002763;154 737 403;A01;2;7;0;2;1;13;1;
4222;202000002763;154 737 404;B01;2;7;0;0;4;1;1;
4223;202000002764;154 737 402;A01;2;7;4;0;3;13;1;
4224;202000002765;154 737 399;C01;2;7;0;9;4;1;1;
4225;202000002765;154 737 400;B01;1;7;0;2;3;0;1;
4226;202000002765;154 737 401;A01;2;7;0;2;1;19;1;
4227;202000002766;154 737 397;B01;2;50;0;2;1;1;3;
4228;202000002766;154 737 398;A01;1;7;0;2;3;1;1;
4229;202000002767;154 737 395;B01;1;30;0;2;1;1;1;
4230;202000002767;154 737 396;A01;1;3;0;2;2;15;1;
4231;202000002768;154 737 393;A01;1;7;0;2;3;1;1;
4232;202000002768;154 737 394;B01;1;2;0;2;1;2;0;
4233;202000002769;154 737 391;B01;1;7;15;0;3;23;1;
4234;202000002769;154 737 392;A01;1;1;0;2;3;19;5;
4235;202000002770;154 737 388;A01;2;7;0;2;8;9;1;
4236;202000002770;154 737 389;B01;2;7;0;2;1;1;1;
4237;202000002770;154 737 390;C01;2;7;0;2;1;1;1;
4238;202000002771;154 737 387;A01;3;7;0;1;1;26;1;
4239;202000002772;154 737 386;A01;1;2;0;2;4;1;0;
4240;202000002773;154 737 384;B01;2;32;0;2;8;3;6;
4241;202000002773;154 737 385;A01;2;7;0;2;7;12;6;
4242;202000002774;154 737 383;A01;2;7;0;1;1;26;0;
4243;202000002775;154 737 382;A01;2;33;11;0;1;1;1;
4244;202000002776;154 737 381;A01;2;7;0;1;0;26;1;
4245;202000002777;154 737 380;A01;3;7;0;1;3;9;1;
4246;202000002778;154 737 379;A01;2;7;0;1;3;15;0;
4247;202000002779;154 737 376;B01;2;7;0;2;5;23;1;
4248;202000002779;154 737 377;C01;2;7;0;2;1;2;1;
4249;202000002779;154 737 378;A01;2;33;0;2;5;17;1;
4250;202000002780;154 737 375;A01;1;7;6;0;1;15;1;
4251;202000002781;154 737 373;A01;2;7;0;2;1;5;0;
4252;202000002781;154 737 374;B01;1;7;0;0;0;0;0;
4253;202000002782;154 737 371;A01;1;2;0;2;3;0;1;
4254;202000002782;154 737 372;B01;1;7;0;2;2;20;1;
4255;202000002783;154 737 369;A01;1;10;0;2;1;15;1;
4256;202000002783;154 737 370;B01;2;50;0;2;4;16;3;
4257;202000002784;154 737 368;A01;1;10;10;0;1;1;1;
4258;202000002785;154 737 367;A01;2;30;1;0;1;1;1;
4259;202000002786;154 737 365;A01;1;33;0;2;3;1;1;
4260;202000002786;154 737 366;B01;1;7;0;2;5;1;1;
4261;202000002787;154 737 364;A01;1;7;6;0;1;1;1;
4262;202000002788;154 737 362;A01;2;30;0;2;4;2;1;
4263;202000002788;154 737 363;B01;2;30;0;0;4;2;1;
4264;202000002789;154 737 360;Z01;1;7;0;9;3;15;1;
4265;202000002789;154 737 361;B01;1;1;0;2;1;1;5;
4266;202000002790;154 737 359;A01;1;7;0;1;3;1;1;
4267;202000002791;154 737 358;A01;2;7;0;1;3;16;1;
4268;202000002792;154 737 357;A01;3;33;0;0;0;0;1;
4269;202000002793;154 737 355;B01;2;1;0;2;1;1;-1;
4270;202000002793;154 737 356;A01;1;7;0;2;5;15;1;
4271;202000002794;154 737 352;A01;1;7;2;0;1;14;1;
4272;202000002795;154 737 350;B01;3;2;0;2;8;1;1;
4273;202000002795;154 737 351;A01;3;7;0;2;1;15;1;
4274;202000002796;154 737 349;A01;1;7;0;1;1;1;1;
4275;202000002797;154 737 347;A01;2;7;0;2;3;10;0;
4276;202000002797;154 737 348;B01;2;33;0;2;1;17;3;
4277;202000002798;154 737 345;A01;2;7;1;0;8;14;1;
4278;202000002798;154 737 346;B01;0;7;0;2;0;0;0;
4279;202000002799;154 737 343;A01;0;7;0;2;2;15;1;
4280;202000002799;154 737 344;B01;0;7;0;2;3;0;1;
4281;202000002800;154 737 338;E01;0;7;0;0;0;0;0;
4282;202000002800;154 737 339;D01;0;7;0;0;0;0;0;
4283;202000002800;154 737 340;C01;0;10;0;0;0;0;0;
4284;202000002800;154 737 341;B01;0;7;0;0;0;0;0;
4285;202000002800;154 737 342;A01;3;7;15;2;1;1;1;
4286;202000002801;154 737 337;A01;1;7;0;1;1;1;0;
4287;202000002802;154 737 336;A01;2;1;0;1;1;5;5;
4288;202000002803;154 737 335;A01;1;7;12;0;3;14;1;
4289;202000002804;154 737 333;A01;1;30;0;2;8;15;1;
4290;202000002804;154 737 334;B01;1;32;0;2;7;17;1;
4291;202000002805;154 737 331;B01;2;7;0;2;3;23;1;
4292;202000002805;154 737 332;A01;2;33;0;1;1;17;1;
4293;202000002806;154 737 329;B01;3;7;0;2;4;1;1;
4294;202000002806;154 737 330;A01;3;34;0;2;1;2;1;
4295;202000002807;154 737 327;A01;1;7;0;2;1;2;1;
4296;202000002807;154 737 328;B01;1;32;0;2;0;23;1;
4297;202000002808;154 737 326;A01;1;7;0;1;1;15;1;
4298;202000002809;154 737 323;B01;2;7;0;2;4;23;1;
4299;202000002809;154 737 324;C01;2;7;0;2;4;23;1;
4300;202000002809;154 737 325;A01;2;7;0;2;1;2;1;
4301;202000002810;154 737 321;A01;2;2;0;2;1;1;1;
4302;202000002810;154 737 322;B01;2;1;0;2;1;1;5;
4303;202000002811;154 737 319;B01;3;1;0;2;4;0;5;
4304;202000002811;154 737 320;A01;3;7;0;2;1;26;1;
4305;202000002812;154 737 318;A01;2;7;0;1;1;1;1;
4306;202000002813;154 737 316;A01;3;7;0;2;3;11;1;
4307;202000002813;154 737 317;B01;3;7;0;2;2;1;1;
4308;202000002814;154 737 314;A01;1;34;1;0;2;13;1;
4309;202000002814;154 737 315;B01;1;7;0;9;6;13;1;
4310;202000002815;154 737 312;B01;2;7;0;2;2;1;1;
4311;202000002815;154 737 313;A01;1;7;9;2;1;18;1;
4312;202000002816;154 737 310;A01;2;7;0;2;4;1;1;
4313;202000002816;154 737 311;B01;-1;0;0;2;4;2;0;
4314;202000002817;154 737 307;A01;1;7;0;2;6;26;1;
4315;202000002817;154 737 308;B01;1;7;0;2;2;9;1;
4316;202000002817;154 737 309;C01;1;7;0;2;1;1;1;
4317;202000002818;154 737 305;B01;-1;7;0;2;1;1;1;
4318;202000002818;154 737 306;A01;3;7;0;2;7;19;1;
4319;202000002819;154 737 303;A01;-1;36;0;2;1;5;1;
4320;202000002819;154 737 304;B01;-1;36;0;2;1;23;1;
4321;202000002820;154 737 301;A01;3;7;0;2;3;16;1;
4322;202000002820;154 737 302;B01;1;33;0;2;3;1;1;
4323;202000002821;154 737 299;A01;0;99;0;0;1;15;1;
4324;202000002821;154 737 300;B01;0;33;0;0;1;1;1;
4325;202000002822;154 737 297;A01;2;7;0;2;5;23;3;
4326;202000002822;154 737 298;B01;2;1;0;2;1;3;6;
4327;202000002824;154 737 294;A01;1;7;1;1;3;20;1;
4328;202000002825;154 737 292;B01;1;30;0;2;1;1;1;
4329;202000002825;154 737 293;A01;1;7;0;2;6;26;1;
4330;202000002826;154 737 290;A01;3;7;0;2;2;1;1;
4331;202000002826;154 737 291;B01;3;32;0;2;1;13;1;
4332;202000002828;154 737 287;B01;1;7;0;2;3;1;1;
4333;202000002828;154 737 288;A01;2;10;0;2;3;13;1;
4334;202000002829;154 737 285;B01;3;7;0;0;1;1;6;
4335;202000002829;154 737 286;A01;3;7;0;0;1;13;1;
4336;202000002830;154 737 284;A01;1;10;15;0;1;14;1;
4337;202000002831;154 737 282;B01;1;7;0;2;8;15;1;
4338;202000002831;154 737 283;A01;2;34;0;2;1;1;1;
4339;202000002832;154 737 280;A01;1;7;0;2;2;19;1;
4340;202000002832;154 737 281;B01;1;33;0;2;7;0;1;
4341;202000002833;154 737 279;A01;3;36;0;0;0;26;1;
4342;202000002834;154 737 278;A01;0;7;6;0;1;1;1;
4343;202000002835;154 737 276;B01;2;2;0;2;4;1;1;
4344;202000002835;154 737 277;A01;2;7;0;2;1;2;1;
4345;202000002836;154 737 275;A01;3;1;0;0;0;1;5;
4346;202000002837;154 737 272;A01;2;10;0;2;1;1;1;
4347;202000002837;154 737 273;B01;2;7;0;2;4;2;1;
4348;202000002837;154 737 274;C01;1;7;0;2;3;1;1;
4349;202000002838;154 737 270;A01;1;7;0;2;1;23;1;
4350;202000002838;154 737 271;B01;2;7;13;2;8;1;1;
4351;202000002839;154 737 268;A01;1;7;0;2;1;1;0;
4352;202000002839;154 737 269;B01;1;1;0;0;8;15;0;
4353;202000002840;154 737 266;A01;1;7;0;2;1;1;1;
4354;202000002840;154 737 267;B01;1;7;0;2;4;1;1;
4355;202000002841;154 737 265;A01;1;7;12;0;1;13;6;
4356;202000002842;154 737 264;A01;1;7;16;0;9;0;1;
4357;202000002843;154 737 263;A01;1;1;0;0;9;16;5;
4358;202000002845;154 737 261;A01;2;33;0;0;8;0;1;
4359;202000002846;154 737 260;A01;1;10;0;0;2;1;1;
4360;202000002847;154 737 256;A01;2;7;0;2;6;1;1;
4361;202000002847;154 737 257;B01;2;33;0;2;4;17;1;
4362;202000002847;154 737 258;C01;2;33;0;2;1;17;1;
4363;202000002847;154 737 259;D01;1;7;0;2;1;1;1;
4364;202000002848;154 737 255;A01;0;33;6;0;7;1;1;
4365;202000002849;154 737 254;A01;1;7;8;0;1;1;1;
4366;202000002850;154 737 252;B01;2;7;0;2;7;2;1;
4367;202000002850;154 737 253;A01;1;7;0;2;1;2;1;
4368;202000002851;154 737 250;A01;3;2;0;2;1;1;6;
4369;202000002851;154 737 251;B01;3;7;0;0;8;1;6;
4370;202000002852;154 737 248;B01;1;7;0;2;3;1;1;
4371;202000002852;154 737 249;A01;2;7;0;2;8;1;1;
4372;202000002853;154 737 247;A01;3;7;0;1;4;20;1;
4373;202000002854;154 737 246;A01;1;10;13;0;1;14;1;
4374;202000002855;154 737 245;A01;1;7;6;0;0;0;1;
4375;202000002856;154 737 244;A01;2;33;3;0;0;1;1;
4376;202000002857;154 737 243;A01;2;33;0;0;0;1;1;
4377;202000002858;154 737 242;A01;1;33;13;0;1;1;1;
4378;202000002859;154 737 240;B01;0;7;0;2;8;13;1;
4379;202000002859;154 737 241;A01;1;7;0;2;7;2;1;
4380;202000002860;154 737 238;A01;1;33;0;2;1;1;1;
4381;202000002860;154 737 239;B01;1;7;0;2;4;2;1;
4382;202000002861;154 737 236;B01;2;7;0;2;3;1;1;
4383;202000002861;154 737 237;A01;2;7;0;2;2;4;1;
4384;202000002862;154 737 235;A01;1;7;4;0;3;11;0;
4385;202000002863;154 737 233;A01;2;7;0;1;0;15;1;
4386;202000002864;154 737 231;B01;3;1;0;2;1;1;5;
4387;202000002864;154 737 232;A01;3;7;0;2;2;16;1;
4388;202000002865;154 737 229;A01;2;7;0;2;3;26;1;
4389;202000002865;154 737 230;B01;2;2;0;2;1;1;1;
4390;202000002866;154 737 228;A01;2;7;0;1;2;2;1;
4391;202000002867;154 737 226;B01;1;7;0;2;3;1;0;
4392;202000002867;154 737 227;A01;1;33;0;2;5;23;1;
4393;202000002868;154 737 225;A01;3;7;0;1;0;26;1;
4394;202000002869;154 737 224;A01;1;30;0;1;7;26;1;
4395;202000002870;154 737 222;A01;3;2;0;2;1;1;0;
4396;202000002870;154 737 223;B01;3;7;0;2;3;23;0;
4397;202000002871;154 737 221;A01;1;7;0;1;1;2;1;
4398;202000002872;154 737 219;A01;1;99;0;2;1;1;0;
4399;202000002872;154 737 220;B01;1;99;0;0;4;1;0;
4400;202000002873;154 737 218;A01;1;7;0;1;1;1;1;
4401;202000002874;154 737 217;Z01;1;34;0;1;0;13;0;
4402;202000002875;154 737 216;A01;1;1;0;0;0;1;5;
4403;202000002876;154 737 214;B01;1;7;0;2;2;1;1;
4404;202000002876;154 737 215;A01;2;50;0;2;1;1;3;
4405;202000002877;154 737 213;A01;1;30;1;0;2;14;1;
4406;202000002878;154 737 210;A01;2;7;0;2;1;15;2;
4407;202000002878;154 737 211;B01;2;1;0;2;1;1;0;
4408;202000002879;154 737 209;Z01;1;7;0;1;4;4;1;
4409;202000002880;154 737 207;B01;1;43;0;2;1;1;1;
4410;202000002880;154 737 208;A01;2;1;0;2;7;1;5;
4411;202000002881;154 737 205;A01;1;32;0;2;4;23;1;
4412;202000002881;154 737 206;B01;1;7;0;2;1;1;0;
4413;202000002882;154 737 203;B01;1;33;0;2;7;17;1;
4414;202000002882;154 737 204;A01;1;7;0;2;8;15;1;
4415;202000002883;154 737 201;B01;0;31;0;2;1;17;0;
4416;202000002883;154 737 202;A01;1;7;0;2;8;22;0;
4417;202000002884;154 737 199;B01;2;7;0;2;1;2;1;
4418;202000002884;154 737 200;A01;2;7;14;0;4;2;1;
4419;202000002885;154 737 197;B01;1;32;0;2;1;1;1;
4420;202000002885;154 737 198;A01;1;7;0;2;2;15;1;
4421;202000002886;154 737 195;B01;1;1;0;2;8;2;5;
4422;202000002886;154 737 196;A01;1;7;0;2;2;17;1;
4423;202000002887;154 737 192;A01;2;7;0;2;8;15;1;
4424;202000002887;154 737 193;T01;2;7;0;0;0;26;1;
4425;202000002887;154 737 194;B01;2;34;0;2;1;2;1;
4426;202000002889;154 737 188;B01;1;7;0;2;4;2;0;
4427;202000002889;154 737 189;A01;1;30;0;2;1;1;0;
4428;202000002891;154 737 184;B01;1;7;0;2;1;2;1;
4429;202000002891;154 737 185;A01;2;7;0;2;4;2;1;
4430;202000002892;154 737 183;A01;1;30;0;1;1;19;1;
4431;202000002893;154 737 180;B01;0;7;0;2;1;1;0;
4432;202000002893;154 737 181;C01;0;7;0;2;1;23;0;
4433;202000002893;154 737 182;A01;0;7;1;2;1;13;0;
4434;202000002894;154 737 179;A01;2;7;0;1;2;1;1;