;Num_Acc;id_vehicule;num_veh;senc;catv;obs;obsm;choc;manv;motor;occutc
4435;202000002895;154 737 177;B01;-1;7;0;2;3;15;1;
4436;202000002895;154 737 178;A01;-1;33;0;2;1;1;1;
4437;202000002896;154 737 175;A01;-1;99;0;2;0;-1;-1;
4438;202000002896;154 737 176;Z01;-1;20;0;2;0;-1;-1;
4439;202000002897;154 737 173;B01;1;99;0;2;1;10;1;
4440;202000002897;154 737 174;A01;2;31;0;2;7;0;0;
4441;202000002898;154 737 172;A01;3;7;12;1;1;0;1;
4442;202000002899;154 737 170;A01;2;7;0;2;1;15;1;
4443;202000002899;154 737 171;B01;2;33;0;2;3;1;1;
4444;202000002900;154 737 169;A01;1;7;0;1;1;16;2;
4445;202000002901;154 737 168;A01;1;7;0;1;1;2;1;
4446;202000002902;154 737 166;A01;2;7;0;2;3;1;0;
4447;202000002902;154 737 167;C01;1;7;0;2;8;15;0;
4448;202000002903;154 737 164;A01;1;7;0;0;7;15;1;
4449;202000002903;154 737 165;B01;2;33;0;2;1;1;1;
4450;202000002904;154 737 162;A01;2;7;0;0;7;16;0;
4451;202000002904;154 737 163;B01;2;1;0;0;1;1;5;
4452;202000002905;154 737 160;B01;2;1;0;0;8;15;5;
4453;202000002905;154 737 161;A01;2;7;0;2;2;1;1;
4454;202000002906;154 737 159;A01;2;14;4;0;1;1;1;
4455;202000002907;154 737 157;A01;2;7;0;2;7;13;1;
4456;202000002907;154 737 158;B01;1;7;0;2;1;1;1;
4457;202000002908;154 737 156;A01;1;1;0;0;0;0;5;
4458;202000002910;154 737 151;A01;1;7;15;0;1;1;1;
4459;202000002911;154 737 150;A01;3;33;6;0;2;1;1;
4460;202000002912;154 737 148;A01;2;33;0;2;1;1;1;
4461;202000002912;154 737 149;B01;2;21;0;0;4;23;1;
4462;202000002913;154 737 147;A01;1;31;2;0;1;1;1;
4463;202000002914;154 737 145;A01;1;7;8;0;2;1;1;
4464;202000002916;154 737 142;A01;3;36;0;0;9;1;1;
4465;202000002917;154 737 139;A01;1;7;2;0;-1;1;1;
4466;202000002918;154 737 138;A01;3;7;0;1;1;1;0;
4467;202000002919;154 737 136;A01;1;7;0;2;1;15;1;
4468;202000002919;154 737 137;B01;2;1;0;2;1;1;5;
4469;202000002920;154 737 135;A01;2;33;0;0;7;0;1;
4470;202000002921;154 737 134;A01;2;33;0;0;1;1;1;
4471;202000002922;154 737 133;A01;1;31;8;0;1;1;1;
4472;202000002924;154 737 130;A01;2;2;0;5;1;1;0;
4473;202000002925;154 737 128;B01;3;7;0;2;3;1;0;
4474;202000002925;154 737 129;A01;3;2;0;2;3;1;1;
4475;202000002926;154 737 126;B01;1;10;0;2;2;2;1;
4476;202000002926;154 737 127;A01;1;1;0;2;4;1;5;
4477;202000002927;154 737 124;A01;1;7;0;2;1;1;1;
4478;202000002927;154 737 125;B01;1;7;0;2;2;9;1;
4479;202000002928;154 737 123;A01;2;7;13;0;8;1;1;
4480;202000002929;154 737 122;A01;2;1;0;0;9;1;5;
4481;202000002930;154 737 121;A01;2;33;0;0;8;1;1;
4482;202000002931;154 737 119;A01;2;43;0;2;3;5;1;
4483;202000002931;154 737 120;B01;1;7;0;2;3;1;1;
4484;202000002932;154 737 118;A01;2;1;16;0;9;1;5;
4485;202000002933;154 737 116;A01;1;7;0;2;4;9;1;
4486;202000002933;154 737 117;B01;1;10;0;2;1;2;1;
4487;202000002934;154 737 114;B01;2;21;0;0;4;2;1;
4488;202000002934;154 737 115;A01;2;1;0;2;1;1;5;
4489;202000002935;154 737 113;A01;1;33;5;0;0;0;1;
4490;202000002936;154 737 111;A01;1;7;0;2;3;1;0;
4491;202000002936;154 737 112;B01;2;1;0;2;0;1;6;
4492;202000002937;154 737 110;A01;2;33;13;0;2;1;1;
4493;202000002938;154 737 109;A01;0;33;0;0;7;16;1;
4494;202000002939;154 737 107;A01;0;33;0;2;2;17;1;
4495;202000002939;154 737 108;B01;0;21;0;0;0;15;1;
4496;202000002940;154 737 105;A01;0;7;0;2;3;1;0;
4497;202000002940;154 737 106;B01;0;2;0;2;1;0;0;
4498;202000002941;154 737 104;A01;2;33;3;0;7;1;1;
4499;202000002942;154 737 102;A01;2;34;0;9;2;17;1;
4500;202000002943;154 737 100;A01;1;7;0;2;6;15;1;
4501;202000002943;154 737 101;B01;1;34;0;2;1;17;1;
4502;202000002944;154 737 097;A01;0;7;0;2;8;19;1;
4503;202000002944;154 737 098;B01;2;7;0;2;1;1;1;
4504;202000002945;154 737 095;B01;2;10;0;2;3;1;1;
4505;202000002945;154 737 096;A01;1;7;0;2;3;13;1;
4506;202000002946;154 737 093;B01;2;80;0;2;8;2;3;
4507;202000002946;154 737 094;A01;2;7;0;2;2;17;0;
4508;202000002947;154 737 092;A01;1;2;12;0;0;2;0;
4509;202000002948;154 737 090;A01;2;7;0;2;1;1;1;
4510;202000002948;154 737 091;B01;1;7;0;2;1;1;1;
4511;202000002949;154 737 089;A01;1;7;17;0;1;0;1;
4512;202000002950;154 737 087;A01;1;7;0;2;3;1;1;
4513;202000002950;154 737 088;B01;2;10;0;2;3;13;1;
4514;202000002951;154 737 085;B01;1;7;0;2;4;2;1;
4515;202000002951;154 737 086;A01;1;7;0;2;1;2;1;
4516;202000002952;154 737 083;B01;2;17;0;2;1;2;1;
4517;202000002952;154 737 084;A01;2;17;0;2;4;2;1;
4518;202000002953;154 737 082;A01;1;7;3;0;3;2;1;
4519;202000002954;154 737 080;B01;2;32;0;2;6;1;1;
4520;202000002954;154 737 081;A01;2;10;0;2;5;12;1;
4521;202000002955;154 737 079;A01;1;10;4;0;3;13;1;
4522;202000002956;154 737 077;A01;2;7;0;2;3;18;1;
4523;202000002956;154 737 078;B01;2;7;0;2;5;1;1;
4524;202000002957;154 737 075;B01;2;10;0;2;4;2;1;
4525;202000002957;154 737 076;A01;1;7;0;2;1;3;1;
4526;202000002959;154 737 071;Z01;1;7;0;2;7;15;1;
4527;202000002959;154 737 072;B01;2;32;0;2;1;1;1;
4528;202000002960;154 737 069;B01;2;7;0;2;8;0;0;
4529;202000002960;154 737 070;A01;1;7;0;2;1;5;0;
4530;202000002961;154 737 067;B01;3;7;0;2;1;1;1;
4531;202000002961;154 737 068;A01;1;30;0;2;8;26;1;
4532;202000002962;154 737 065;A01;1;7;0;9;7;15;0;
4533;202000002962;154 737 066;B01;2;1;0;2;0;0;0;
4534;202000002963;154 737 064;A01;1;7;6;0;3;0;1;
4535;202000002964;154 737 062;B01;1;7;0;2;7;10;1;
4536;202000002964;154 737 063;A01;1;32;0;2;1;1;1;
4537;202000002965;154 737 060;A01;3;31;0;2;1;26;1;
4538;202000002965;154 737 061;B01;3;7;0;2;3;26;1;
4539;202000002966;154 737 059;A01;3;7;0;1;1;15;1;
4540;202000002967;154 737 057;B01;1;7;0;2;4;2;1;
4541;202000002967;154 737 058;A01;1;7;0;2;1;2;1;
4542;202000002968;154 737 056;A01;1;7;2;0;9;1;1;
4543;202000002969;154 737 054;A01;3;7;0;2;1;24;1;
4544;202000002969;154 737 055;B01;3;1;1;0;0;0;0;
4545;202000002970;154 737 052;B01;0;7;0;2;1;1;1;
4546;202000002970;154 737 053;A01;0;7;0;2;3;15;1;
4547;202000002971;154 737 051;A01;3;7;0;1;3;18;1;
4548;202000002972;154 737 047;B01;1;1;0;2;4;1;5;
4549;202000002972;154 737 048;A01;1;7;0;2;2;2;1;
4550;202000002973;154 737 044;B01;0;7;0;2;1;1;1;
4551;202000002973;154 737 045;SA01;0;80;0;2;8;19;3;
4552;202000002974;154 737 042;B01;1;7;0;2;8;1;1;
4553;202000002974;154 737 043;A01;1;7;9;2;1;1;1;
4554;202000002975;154 737 040;B01;2;7;0;2;3;1;0;
4555;202000002975;154 737 041;A01;1;7;0;2;3;13;0;
4556;202000002976;154 737 038;A01;1;7;0;2;2;16;1;
4557;202000002976;154 737 039;B01;2;1;0;2;1;19;5;
4558;202000002978;154 737 034;A01;3;7;0;2;1;9;1;
4559;202000002978;154 737 035;B01;3;1;0;2;7;15;5;
4560;202000002980;154 737 032;A01;2;99;0;1;0;17;0;
4561;202000002981;154 737 031;A01;3;7;0;1;2;26;0;
4562;202000002982;154 737 029;A01;2;7;0;2;3;9;1;
4563;202000002982;154 737 030;B01;2;1;0;2;4;0;5;
4564;202000002983;154 737 027;A01;1;7;0;2;8;22;1;
4565;202000002983;154 737 028;B01;1;1;1;0;1;1;5;
4566;202000002984;154 737 025;A01;1;7;0;2;3;16;1;
4567;202000002984;154 737 026;B01;1;7;0;2;3;23;1;
4568;202000002985;154 737 023;A01;3;7;0;2;1;2;0;
4569;202000002985;154 737 024;B01;3;7;0;2;4;2;0;
4570;202000002986;154 737 021;A01;2;30;0;0;0;21;1;
4571;202000002986;154 737 022;Z01;1;7;0;0;0;1;1;
4572;202000002987;154 737 020;A01;2;1;12;0;1;26;5;
4573;202000002988;154 737 018;B01;0;7;1;2;4;24;1;
4574;202000002988;154 737 019;A01;0;7;0;0;0;0;0;
4575;202000002989;154 737 017;A01;3;30;0;0;8;1;1;
4576;202000002990;154 737 015;A01;2;7;0;2;1;2;1;
4577;202000002990;154 737 016;B01;2;31;0;2;4;1;1;
4578;202000002991;154 737 013;B01;2;2;0;2;4;23;3;
4579;202000002991;154 737 014;A01;2;7;0;2;1;1;1;
4580;202000002993;154 737 008;B01;2;7;0;2;4;2;1;
4581;202000002993;154 737 009;A01;3;7;0;2;1;2;1;
4582;202000002993;154 737 010;C01;3;7;0;0;4;2;1;
4583;202000002994;154 737 006;B01;1;7;0;2;3;1;1;
4584;202000002994;154 737 007;A01;2;1;0;2;0;5;5;
4585;202000002995;154 737 003;A01;2;7;0;2;1;1;1;
4586;202000002995;154 737 004;B01;2;10;0;2;4;1;1;
4587;202000002995;154 737 005;C01;2;7;0;2;4;16;1;
4588;202000002996;154 737 002;A01;3;7;2;0;1;13;1;
4589;202000002997;154 737 001;A01;1;33;6;0;1;26;1;
4590;202000002998;154 736 999;A01;1;10;0;2;2;1;1;
4591;202000002998;154 737 000;B01;2;30;0;2;5;1;1;
4592;202000003000;154 736 995;A01;1;10;0;2;1;2;1;
4593;202000003000;154 736 997;B01;1;7;0;2;4;2;1;
4594;202000003002;154 736 991;A01;1;10;0;2;8;1;1;
4595;202000003002;154 736 993;B01;1;7;0;2;1;1;1;
4596;202000003003;154 736 990;A01;1;7;0;2;1;1;1;
4597;202000003003;154 736 992;B01;1;7;0;2;4;1;1;
4598;202000003004;154 736 987;A01;2;7;0;2;4;1;1;
4599;202000003004;154 736 988;C01;2;10;0;2;1;1;1;
4600;202000003004;154 736 989;B01;2;7;0;2;0;1;1;
4601;202000003005;154 736 984;C01;3;7;0;2;8;23;0;
4602;202000003005;154 736 985;B01;3;7;0;2;1;15;0;
4603;202000003005;154 736 986;A01;3;33;0;2;1;1;0;
4604;202000003006;154 736 980;A01;2;7;0;2;1;15;0;
4605;202000003006;154 736 981;B01;2;33;0;2;1;1;0;
4606;202000003007;154 736 982;B01;2;2;0;2;1;1;1;
4607;202000003007;154 736 983;A01;1;7;0;2;3;1;1;
4608;202000003010;154 736 975;A01;2;7;0;2;7;14;0;
4609;202000003010;154 736 976;B01;2;33;0;2;8;1;0;
4610;202000003011;154 736 974;A01;3;7;0;1;3;1;0;
4611;202000003012;154 736 972;A01;1;50;0;2;0;1;3;
4612;202000003012;154 736 973;B01;1;7;0;9;2;12;1;
4613;202000003013;154 736 971;A01;2;7;1;0;1;1;1;
4614;202000003014;154 736 969;A01;2;2;0;1;1;26;1;
4615;202000003015;154 736 970;A01;3;7;6;0;3;13;1;
4616;202000003016;154 736 968;A01;1;2;6;0;1;13;1;
4617;202000003017;154 736 965;B01;1;31;0;2;8;16;1;
4618;202000003017;154 736 967;A01;1;99;0;2;2;26;1;
4619;202000003018;154 736 964;A01;1;2;0;2;1;1;1;
4620;202000003018;154 736 966;B01;1;7;0;2;6;1;1;
4621;202000003019;154 736 960;B01;2;7;0;2;3;1;1;
4622;202000003019;154 736 962;A01;2;7;0;2;1;17;1;
4623;202000003020;154 736 961;B01;1;33;0;2;0;1;1;
4624;202000003020;154 736 963;A01;1;7;0;2;0;15;1;
4625;202000003021;154 736 957;A01;2;7;0;2;1;10;1;
4626;202000003021;154 736 958;B01;2;33;0;2;1;1;1;
4627;202000003022;154 736 956;B01;2;7;0;2;7;1;1;
4628;202000003022;154 736 959;A01;1;7;0;2;3;19;1;
4629;202000003023;154 736 955;A01;1;7;0;1;1;1;1;
4630;202000003024;154 736 954;A01;2;7;0;0;9;1;1;
4631;202000003025;154 736 953;A01;1;33;1;0;5;1;1;
4632;202000003026;154 736 950;B01;1;14;0;2;1;1;1;
4633;202000003026;154 736 952;A01;1;7;0;2;8;10;1;
4634;202000003028;154 736 948;A01;3;7;0;1;4;26;1;
4635;202000003029;154 736 947;A01;3;7;0;0;0;1;1;
4636;202000003030;154 736 943;A01;1;7;0;9;2;17;0;
4637;202000003030;154 736 945;B01;1;1;0;2;0;0;5;
4638;202000003031;154 736 942;B01;0;7;0;2;9;23;1;
4639;202000003031;154 736 944;C01;3;7;0;2;4;1;1;
4640;202000003031;154 736 946;A01;3;7;0;2;1;2;1;
4641;202000003032;154 736 941;A01;3;1;12;0;1;1;5;
4642;202000003033;154 736 940;A01;1;7;2;0;1;0;1;
4643;202000003035;154 736 935;B01;1;2;0;2;1;0;1;
4644;202000003035;154 736 937;A01;1;7;0;2;1;0;1;
4645;202000003036;154 736 934;A01;1;7;0;1;2;2;1;
4646;202000003037;154 736 932;B01;1;14;0;2;3;0;1;
4647;202000003037;154 736 933;A01;1;1;0;2;0;0;5;
4648;202000003038;154 736 931;A01;1;1;1;0;0;14;5;
4649;202000003039;154 736 929;A01;2;7;0;2;1;15;1;
4650;202000003039;154 736 930;B01;1;7;0;2;1;1;1;
4651;202000003040;154 736 928;A01;1;37;0;1;2;7;2;1.0
4652;202000003041;154 736 926;B01;2;1;0;2;1;1;5;
4653;202000003041;154 736 927;A01;1;7;0;2;3;15;1;
4654;202000003042;154 736 924;A01;3;10;0;2;2;1;1;
4655;202000003042;154 736 925;B01;1;3;0;2;1;1;1;
4656;202000003043;154 736 923;A01;3;7;0;1;2;1;1;
4657;202000003044;154 736 922;A01;3;7;0;1;2;16;1;
4658;202000003047;154 736 916;B01;3;7;0;2;3;15;1;
4659;202000003047;154 736 917;A01;3;1;0;2;7;1;5;
4660;202000003048;154 736 915;X01;2;7;0;1;1;5;0;
4661;202000003049;154 736 914;A01;2;7;0;1;1;15;1;
4662;202000003050;154 736 912;A01;2;2;0;2;2;18;1;
4663;202000003050;154 736 913;B01;2;10;0;2;8;16;1;
4664;202000003051;154 736 910;A01;1;10;0;1;2;1;1;
4665;202000003052;154 736 909;A01;2;1;0;2;3;15;0;
4666;202000003052;154 736 911;B01;1;7;0;2;2;0;1;
4667;202000003053;154 736 908;A01;1;30;14;0;1;13;1;
4668;202000003054;154 736 904;C01;3;7;0;2;1;1;1;
4669;202000003054;154 736 906;A01;3;7;0;2;4;23;1;
4670;202000003054;154 736 907;B01;0;7;0;2;1;2;1;
4671;202000003055;154 736 905;A01;2;32;0;1;3;18;1;
4672;202000003056;154 736 902;B01;3;0;0;2;1;26;0;
4673;202000003056;154 736 903;A01;3;7;0;2;0;9;1;
4674;202000003057;154 736 899;B01;2;10;0;2;0;1;1;
4675;202000003057;154 736 901;A01;2;30;14;2;1;18;1;
4676;202000003058;154 736 898;B01;1;7;0;2;3;1;1;
4677;202000003058;154 736 900;A01;1;7;0;2;2;20;1;
4678;202000003059;154 736 896;A01;1;0;0;2;3;9;0;
4679;202000003059;154 736 897;B01;2;7;0;2;1;1;6;
4680;202000003060;154 736 895;A01;0;7;0;1;1;1;1;
4681;202000003061;154 736 892;B01;2;33;0;2;1;1;1;
4682;202000003061;154 736 894;A01;1;37;0;2;3;15;1;1.0
4683;202000003062;154 736 889;A01;1;7;0;2;1;1;1;
4684;202000003062;154 736 890;B01;1;7;0;2;3;1;1;
4685;202000003064;154 736 886;A01;0;7;0;2;4;15;1;
4686;202000003064;154 736 888;B01;0;33;0;2;1;1;1;
4687;202000003065;154 736 885;B01;2;10;0;2;2;16;0;
4688;202000003065;154 736 887;A01;2;2;0;2;3;18;1;
4689;202000003066;154 736 883;B01;1;7;0;2;1;1;1;
4690;202000003066;154 736 884;A01;1;7;0;2;2;15;1;
4691;202000003067;154 736 881;A01;3;10;0;2;8;15;4;
4692;202000003067;154 736 882;B01;3;33;0;2;1;1;1;
4693;202000003069;154 736 877;B01;1;1;0;2;2;19;5;
4694;202000003069;154 736 878;A01;1;31;0;2;2;1;0;
4695;202000003070;154 736 875;B01;2;7;0;2;1;1;1;
4696;202000003070;154 736 876;A01;2;7;0;2;8;4;1;
4697;202000003071;154 736 874;A01;2;30;14;0;1;15;1;
4698;202000003072;154 736 871;A01;1;7;0;9;3;17;1;
4699;202000003072;154 736 872;B01;0;1;0;0;0;0;0;
4700;202000003073;154 736 870;B01;2;7;0;2;5;1;1;
4701;202000003073;154 736 873;A01;1;7;0;2;1;9;1;
4702;202000003074;154 736 868;B01;3;7;10;2;8;15;1;
4703;202000003074;154 736 869;A01;3;7;0;2;1;15;1;
4704;202000003075;154 736 867;A01;3;7;1;0;3;13;1;
4705;202000003076;154 736 864;B01;-1;30;0;2;1;2;1;
4706;202000003076;154 736 865;C01;-1;7;0;2;2;1;0;
4707;202000003076;154 736 866;A01;-1;7;0;2;6;1;1;
4708;202000003079;154 736 860;A01;1;7;0;2;1;26;0;
4709;202000003079;154 736 861;B01;1;7;0;2;7;1;0;
4710;202000003080;154 736 858;A01;1;99;0;2;1;15;1;
4711;202000003080;154 736 859;B01;1;99;0;2;2;1;0;
4712;202000003081;154 736 856;A01;1;7;1;0;1;1;1;
4713;202000003081;154 736 857;B01;2;31;0;2;4;23;1;
4714;202000003082;154 736 853;A01;1;10;3;0;2;14;1;
4715;202000003083;154 736 851;B01;1;7;0;2;6;2;0;
4716;202000003083;154 736 852;A01;1;7;0;2;2;2;0;
4717;202000003084;154 736 849;B01;3;7;2;0;5;2;0;
4718;202000003084;154 736 850;A01;3;7;2;2;1;2;1;
4719;202000003085;154 736 847;A01;1;32;0;2;1;13;1;
4720;202000003085;154 736 848;B01;2;7;0;2;3;1;1;
4721;202000003086;154 736 845;A01;1;7;0;2;4;9;1;
4722;202000003086;154 736 846;B01;1;32;0;2;1;1;1;
4723;202000003087;154 736 841;B01;1;1;0;0;0;0;5;
4724;202000003087;154 736 842;A01;2;7;0;9;3;15;1;
4725;202000003088;154 736 843;B01;1;33;0;2;1;1;1;
4726;202000003088;154 736 844;A01;2;7;0;2;3;10;1;
4727;202000003089;154 736 840;A01;1;10;0;1;2;17;1;
4728;202000003090;154 736 838;A01;3;7;0;2;1;9;1;
4729;202000003090;154 736 839;B01;1;7;0;2;2;1;1;
4730;202000003091;154 736 837;A01;0;7;0;1;3;26;1;
4731;202000003092;154 736 835;A01;2;7;0;0;3;0;0;
4732;202000003092;154 736 836;B01;1;7;0;0;3;0;0;
4733;202000003093;154 736 834;A01;0;7;0;1;0;0;0;
4734;202000003094;154 736 832;A01;3;7;0;2;8;19;0;
4735;202000003094;154 736 833;B01;1;10;0;2;1;1;0;
4736;202000003095;154 736 830;B01;1;7;0;2;1;2;1;
4737;202000003095;154 736 831;A01;2;7;0;2;2;15;1;
4738;202000003096;154 736 829;A01;1;33;7;0;1;1;1;
4739;202000003098;154 736 825;A01;2;7;0;1;1;1;1;
4740;202000003099;154 736 822;B01;2;10;0;2;3;1;0;
4741;202000003099;154 736 824;A01;1;7;0;2;1;13;0;
4742;202000003100;154 736 821;B01;3;7;0;2;1;1;1;
4743;202000003100;154 736 823;A01;3;10;0;2;1;15;1;
4744;202000003101;154 736 820;A01;1;7;13;0;9;1;1;
4745;202000003102;154 736 819;A01;1;33;14;0;8;1;1;
4746;202000003103;154 736 817;A01;1;7;0;2;1;15;1;
4747;202000003103;154 736 818;B01;2;33;0;2;3;1;1;
4748;202000003105;154 736 814;B01;2;33;0;2;1;1;1;
4749;202000003105;154 736 816;A01;2;7;0;2;1;9;1;
4750;202000003106;154 736 813;A01;2;7;4;0;3;13;1;
4751;202000003107;154 736 812;A01;3;7;0;1;1;13;0;
4752;202000003108;154 736 811;A01;1;21;0;0;0;16;1;
4753;202000003109;154 736 810;A01;1;7;0;1;1;1;2;
4754;202000003112;154 736 806;A01;3;7;0;2;8;15;1;
4755;202000003112;154 736 807;B01;2;7;0;2;1;21;1;
4756;202000003113;154 736 803;A01;2;7;0;9;2;21;1;
4757;202000003113;154 736 804;B01;2;1;0;2;6;13;5;
4758;202000003114;154 736 802;A01;1;1;0;2;7;1;5;
4759;202000003114;154 736 805;B01;1;1;0;2;1;5;5;
4760;202000003115;154 736 800;A01;2;7;0;2;3;16;1;
4761;202000003115;154 736 801;B01;1;1;0;2;5;1;5;
4762;202000003116;154 736 798;A01;1;7;0;2;3;1;1;
4763;202000003116;154 736 799;B01;1;1;0;2;8;15;5;
4764;202000003117;154 736 797;A01;2;33;2;0;7;1;1;
4765;202000003118;154 736 793;B01;0;1;0;2;2;1;5;
4766;202000003118;154 736 796;A01;1;7;0;2;3;1;1;
4767;202000003119;154 736 790;B01;2;60;0;2;8;19;5;
4768;202000003119;154 736 792;A01;2;7;0;2;1;1;1;
4769;202000003120;154 736 789;A01;2;1;0;2;3;13;5;
4770;202000003120;154 736 791;B01;2;7;0;2;3;1;1;
4771;202000003121;154 736 786;B01;1;30;0;2;0;1;3;
4772;202000003121;154 736 788;A01;1;7;0;2;2;1;1;
4773;202000003122;154 736 785;B01;2;33;0;2;4;1;1;
4774;202000003122;154 736 787;A01;2;7;0;2;5;10;1;
4775;202000003123;154 736 782;A01;2;7;0;2;2;16;1;
4776;202000003123;154 736 783;B01;2;1;0;2;8;18;5;
4777;202000003124;154 736 781;B01;2;7;0;2;2;1;0;
4778;202000003124;154 736 784;A01;2;2;0;2;8;16;0;
4779;202000003125;154 736 779;A01;3;7;13;0;0;0;1;
4780;202000003126;154 736 778;A01;1;32;0;2;8;18;1;
4781;202000003126;154 736 780;Z01;1;30;0;2;7;16;0;
4782;202000003127;154 736 775;A01;2;31;0;2;0;1;1;
4783;202000003127;154 736 777;B01;1;7;0;2;1;1;1;
4784;202000003128;154 736 776;A01;1;50;12;0;7;14;3;
4785;202000003129;154 736 773;B01;1;33;14;2;1;18;1;
4786;202000003129;154 736 774;A01;1;7;0;2;4;1;0;
4787;202000003131;154 736 769;A01;1;1;0;2;1;1;5;
4788;202000003131;154 736 770;B01;1;1;0;2;1;5;5;
4789;202000003132;154 736 767;B01;1;2;0;2;1;1;1;
4790;202000003132;154 736 768;A01;1;7;0;2;5;4;1;
4791;202000003133;154 736 766;A01;2;10;0;1;4;4;1;
4792;202000003134;154 736 764;B01;2;31;0;2;0;0;1;
4793;202000003134;154 736 765;A01;2;10;0;2;4;15;1;
4794;202000003135;154 736 763;A01;1;7;0;1;3;1;0;
4795;202000003136;154 736 762;A01;1;30;0;0;3;26;1;
4796;202000003137;154 736 760;B01;1;10;0;2;6;15;1;
4797;202000003137;154 736 761;A01;1;30;0;2;7;17;1;
4798;202000003139;154 736 756;B01;0;7;0;2;0;0;0;
4799;202000003139;154 736 757;A01;0;7;0;2;4;0;1;
4800;202000003140;154 736 753;A01;3;10;0;2;1;13;0;
4801;202000003140;154 736 754;B01;3;7;0;2;1;0;0;
4802;202000003140;154 736 755;C01;3;7;0;0;6;0;0;
4803;202000003142;154 736 749;B01;1;10;0;2;5;16;0;
4804;202000003142;154 736 750;A01;1;37;0;2;3;1;0;2.0
4805;202000003143;154 736 747;A01;3;7;0;2;5;15;6;
4806;202000003143;154 736 748;B01;3;7;0;2;2;1;0;
4807;202000003144;154 736 745;B01;3;7;0;2;1;9;1;
4808;202000003144;154 736 746;A01;3;34;0;2;1;3;1;
4809;202000003145;154 736 744;A01;2;34;15;1;1;1;0;
4810;202000003146;154 736 743;A01;2;33;0;0;8;13;1;
4811;202000003147;154 736 741;A01;1;7;0;2;3;9;1;
4812;202000003147;154 736 742;B01;1;1;0;2;2;1;5;
4813;202000003148;154 736 739;B01;2;1;0;2;4;1;0;
4814;202000003148;154 736 740;A01;2;7;0;2;2;12;1;
4815;202000003149;154 736 738;A01;2;7;0;1;1;15;1;
4816;202000003150;154 736 736;B01;2;2;0;2;1;1;1;
4817;202000003150;154 736 737;A01;1;7;0;2;2;15;1;
4818;202000003151;154 736 734;B01;2;32;0;2;1;0;1;
4819;202000003151;154 736 735;A01;1;7;0;2;2;15;1;
4820;202000003152;154 736 732;A01;1;7;0;2;2;19;1;
4821;202000003152;154 736 733;B01;2;2;0;2;1;19;1;
4822;202000003153;154 736 730;A01;2;7;0;2;1;2;1;
4823;202000003153;154 736 731;B01;2;15;0;0;4;2;1;
4824;202000003154;154 736 729;A01;1;7;0;1;2;13;1;
4825;202000003155;154 736 727;B01;2;7;0;2;3;0;1;
4826;202000003155;154 736 728;A01;1;7;0;2;3;21;0;
4827;202000003156;154 736 726;A01;2;7;4;0;8;17;1;
4828;202000003157;154 736 725;A01;0;10;0;1;2;1;1;
4829;202000003159;154 736 722;A01;2;7;0;2;6;1;1;
4830;202000003159;154 736 723;B01;2;33;0;2;1;2;1;
4831;202000003160;154 736 719;A01;2;7;3;2;3;1;1;
4832;202000003160;154 736 720;B01;1;7;0;0;3;1;1;
4833;202000003160;154 736 721;C01;1;7;0;0;6;1;1;
4834;202000003161;154 736 718;A01;2;7;2;0;1;17;1;
4835;202000003163;154 736 714;A01;1;7;0;2;3;9;0;
4836;202000003163;154 736 715;B01;1;2;0;2;5;1;0;
4837;202000003164;154 736 712;A01;2;33;0;2;1;2;1;
4838;202000003164;154 736 713;B01;2;14;0;2;6;1;1;
4839;202000003165;154 736 708;A01;1;7;0;2;3;2;1;
4840;202000003165;154 736 709;B01;1;33;0;2;1;2;1;
4841;202000003166;154 736 706;B01;2;7;0;2;1;0;1;
4842;202000003166;154 736 707;A01;1;7;0;2;1;13;1;
4843;202000003167;154 736 704;A01;2;7;6;0;1;2;1;
4844;202000003169;154 736 702;A01;1;7;13;0;1;1;1;
4845;202000003172;154 736 696;B01;2;7;0;0;4;1;1;
4846;202000003172;154 736 697;A01;2;7;0;2;1;2;1;
4847;202000003173;154 736 695;A01;1;14;0;1;6;1;0;
4848;202000003174;154 736 694;A01;2;7;6;0;7;0;1;
4849;202000003175;154 736 692;A01;1;2;0;2;3;13;1;
4850;202000003175;154 736 693;B01;2;7;0;2;3;1;1;
4851;202000003176;154 736 691;A01;1;7;13;0;1;0;1;
4852;202000003177;154 736 689;A01;3;7;0;2;3;15;1;
4853;202000003177;154 736 690;B01;2;7;0;2;2;1;1;
4854;202000003178;154 736 687;A01;3;33;0;2;1;1;1;
4855;202000003178;154 736 688;B01;3;7;0;2;1;15;1;
4856;202000003179;154 736 685;B01;1;7;0;2;3;1;1;
4857;202000003179;154 736 686;A01;1;31;0;2;1;17;1;
4858;202000003180;154 736 683;B01;2;7;0;2;1;1;1;
4859;202000003180;154 736 684;A01;1;7;0;2;7;17;1;
4860;202000003181;154 736 681;B01;2;2;0;2;0;2;1;
4861;202000003181;154 736 682;A01;2;2;0;0;0;2;1;
4862;202000003182;154 736 679;B01;2;1;0;2;7;1;5;
4863;202000003182;154 736 680;A01;3;7;0;2;1;1;0;
4864;202000003183;154 736 677;A01;1;7;16;0;9;2;1;
4865;202000003183;154 736 678;B01;2;7;0;2;3;18;0;
4866;202000003185;154 736 674;B01;2;15;0;2;6;2;1;
4867;202000003185;154 736 675;A01;2;7;0;2;1;2;1;
4868;202000003186;154 736 672;A01;2;7;0;2;1;1;1;
4869;202000003186;154 736 673;B01;2;7;0;2;4;2;1;
4870;202000003187;154 736 666;E01;2;17;0;2;1;2;1;
4871;202000003187;154 736 667;F01;2;7;0;2;4;2;1;
4872;202000003187;154 736 668;D01;2;17;0;2;1;2;1;
4873;202000003187;154 736 669;A01;2;7;0;2;4;2;1;
4874;202000003187;154 736 670;C01;2;17;0;2;4;2;1;
4875;202000003187;154 736 671;B01;2;17;0;2;4;2;1;