;Num_Acc;id_vehicule;num_veh;senc;catv;obs;obsm;choc;manv;motor;occutc
4876;202000003188;154 736 665;A01;1;7;4;0;2;1;1;
4877;202000003189;154 736 663;A01;1;7;0;2;2;15;1;
4878;202000003189;154 736 664;B01;1;7;0;9;3;1;1;
4879;202000003190;154 736 660;A01;2;7;0;2;6;1;1;
4880;202000003190;154 736 661;B01;2;33;0;2;3;3;1;
4881;202000003190;154 736 662;C01;2;10;0;2;6;1;1;
4882;202000003191;154 736 658;B01;2;7;0;2;8;1;1;
4883;202000003191;154 736 659;A01;2;15;0;2;7;14;1;
4884;202000003192;154 736 655;A01;1;7;0;2;7;12;1;
4885;202000003192;154 736 656;B01;1;7;0;2;3;1;1;
4886;202000003192;154 736 657;C01;1;7;0;2;4;2;1;
4887;202000003194;154 736 652;A01;2;17;4;0;3;13;1;
4888;202000003195;154 736 650;B01;2;7;0;2;3;17;1;
4889;202000003195;154 736 651;A01;2;7;0;2;4;1;1;
4890;202000003196;154 736 648;A01;2;7;0;2;2;12;1;
4891;202000003196;154 736 649;B01;2;33;0;2;8;3;1;
4892;202000003197;154 736 646;B01;1;7;0;2;6;2;1;
4893;202000003197;154 736 647;A01;1;33;0;2;1;2;3;
4894;202000003198;154 736 645;A01;1;17;3;0;2;1;1;
4895;202000003199;154 736 642;A01;2;10;0;2;1;1;1;
4896;202000003199;154 736 643;B01;2;7;0;2;4;1;1;
4897;202000003199;154 736 644;C01;2;7;0;2;4;1;1;
4898;202000003200;154 736 641;A01;2;33;0;0;7;16;1;
4899;202000003201;154 736 637;A01;0;7;2;0;1;1;1;
4900;202000003202;154 736 636;A01;2;7;0;1;2;1;1;
4901;202000003203;154 736 635;A01;3;31;12;0;3;1;1;
4902;202000003204;154 736 633;B01;3;7;0;1;4;24;0;
4903;202000003204;154 736 634;A01;2;38;1;0;7;1;0;1.0
4904;202000003205;154 736 632;A01;1;7;0;1;1;1;1;
4905;202000003206;154 736 631;A01;2;7;14;1;2;26;1;
4906;202000003208;154 736 627;A01;3;7;0;2;1;16;1;
4907;202000003208;154 736 628;B01;3;50;0;2;6;1;3;
4908;202000003209;154 736 625;B01;2;7;0;2;6;15;1;
4909;202000003209;154 736 626;A01;1;7;0;2;3;1;1;
4910;202000003210;154 736 624;A01;3;7;0;1;1;26;0;
4911;202000003211;154 736 622;A01;1;7;0;2;2;9;1;
4912;202000003211;154 736 623;B01;1;31;0;2;3;1;1;
4913;202000003212;154 736 618;B01;2;7;0;2;3;15;1;
4914;202000003212;154 736 619;A01;2;33;0;2;1;17;1;
4915;202000003213;154 736 617;A01;0;37;0;1;1;7;1;1.0
4916;202000003214;154 736 616;A01;0;7;0;1;4;4;0;
4917;202000003215;154 736 614;Z01;0;7;0;1;1;15;1;
4918;202000003216;154 736 612;B01;2;1;0;2;1;5;0;
4919;202000003216;154 736 613;A01;1;7;0;2;1;15;0;
4920;202000003217;154 736 610;B01;1;1;0;2;8;1;5;
4921;202000003217;154 736 611;A01;1;7;0;2;1;16;1;
4922;202000003218;154 736 608;A01;1;7;0;2;1;2;1;
4923;202000003218;154 736 609;B01;1;7;0;2;4;2;1;
4924;202000003219;154 736 607;A01;1;7;8;0;1;1;1;
4925;202000003220;154 736 605;A01;2;10;0;2;3;15;1;
4926;202000003220;154 736 606;B01;1;7;0;2;3;1;1;
4927;202000003221;154 736 604;A01;2;7;0;1;4;4;1;
4928;202000003222;154 736 601;C01;2;7;0;2;3;15;1;
4929;202000003222;154 736 602;B01;1;7;0;2;7;19;1;
4930;202000003222;154 736 603;A01;1;7;0;2;1;1;1;
4931;202000003223;154 736 600;A01;1;32;14;0;1;1;3;
4932;202000003225;154 736 594;B01;1;1;0;2;4;2;5;
4933;202000003225;154 736 595;A01;3;7;0;2;1;2;1;
4934;202000003227;154 736 591;A01;1;7;0;1;1;1;1;
4935;202000003228;154 736 590;A01;2;3;14;0;9;1;1;
4936;202000003229;154 736 588;B01;3;1;0;2;0;0;5;
4937;202000003229;154 736 589;A01;3;7;0;9;3;9;0;
4938;202000003230;154 736 587;A01;3;10;0;1;1;1;1;
4939;202000003231;154 736 585;B01;1;7;0;2;4;1;1;
4940;202000003231;154 736 586;A01;1;10;0;2;1;1;1;
4941;202000003232;154 736 583;B01;2;37;0;2;1;1;1;3.0
4942;202000003232;154 736 584;A01;2;10;0;2;3;15;1;
4943;202000003233;154 736 581;B01;0;7;0;2;1;1;1;
4944;202000003233;154 736 582;A01;3;7;0;2;8;15;1;
4945;202000003235;154 736 577;A01;1;7;12;0;1;13;1;
4946;202000003236;154 736 575;B01;2;7;0;2;3;1;1;
4947;202000003236;154 736 576;A01;1;20;0;2;0;13;1;
4948;202000003239;154 736 571;A01;1;7;0;1;1;1;1;
4949;202000003240;154 736 570;A01;2;7;0;1;1;1;1;
4950;202000003241;154 736 569;A01;2;33;15;0;7;1;1;
4951;202000003242;154 736 567;A01;0;7;0;2;7;15;1;
4952;202000003242;154 736 568;B01;2;7;0;2;2;1;1;
4953;202000003243;154 736 566;A01;1;1;0;1;1;1;2;
4954;202000003244;154 736 565;A01;1;7;0;1;1;1;3;
4955;202000003245;154 736 564;A01;2;10;0;0;1;1;1;
4956;202000003246;154 736 562;A01;2;2;0;2;1;1;1;
4957;202000003246;154 736 563;B01;2;7;0;2;4;23;1;
4958;202000003247;154 736 560;B01;3;7;0;2;8;15;1;
4959;202000003247;154 736 561;A01;3;30;0;2;8;1;1;
4960;202000003248;154 736 558;B01;1;80;0;2;1;1;3;
4961;202000003248;154 736 559;A01;1;7;0;2;3;1;1;
4962;202000003249;154 736 555;C01;2;7;0;2;4;15;1;
4963;202000003249;154 736 556;A01;3;7;0;2;1;26;0;
4964;202000003249;154 736 557;B01;2;7;0;2;4;1;1;
4965;202000003250;154 736 554;A01;3;7;14;0;1;1;1;
4966;202000003251;154 736 552;A01;0;7;0;2;1;1;1;
4967;202000003251;154 736 553;B01;0;7;0;0;4;1;1;
4968;202000003252;154 736 551;A01;1;1;0;1;1;1;5;
4969;202000003253;154 736 549;B01;2;7;0;2;4;2;1;
4970;202000003253;154 736 550;A01;2;2;0;2;1;2;1;
4971;202000003254;154 736 547;B01;1;7;0;2;4;23;1;
4972;202000003254;154 736 548;A01;1;31;0;2;1;2;1;
4973;202000003255;154 736 546;A01;2;34;12;0;2;1;1;
4974;202000003258;154 736 541;A01;1;7;0;2;2;9;1;
4975;202000003258;154 736 542;B01;1;43;0;2;8;2;1;
4976;202000003260;154 736 537;B01;0;7;0;2;2;1;1;
4977;202000003260;154 736 538;A01;3;7;0;2;3;19;1;
4978;202000003261;154 736 535;A01;2;7;0;9;1;1;0;
4979;202000003261;154 736 536;B01;-1;1;0;2;-1;0;-1;
4980;202000003262;154 736 534;A01;0;0;0;1;1;0;0;
4981;202000003263;154 736 532;A01;1;7;0;2;1;2;1;
4982;202000003263;154 736 533;B01;1;3;0;2;4;0;1;
4983;202000003264;154 736 531;A01;2;7;0;1;2;1;1;
4984;202000003265;154 736 529;B01;1;7;0;2;1;1;1;
4985;202000003265;154 736 530;A01;1;7;0;2;5;1;1;
4986;202000003266;154 736 527;B01;2;7;0;2;8;2;1;
4987;202000003266;154 736 528;A01;2;30;0;2;5;17;1;
4988;202000003267;154 736 525;B01;1;1;1;0;1;1;5;
4989;202000003267;154 736 526;A01;1;7;0;2;8;24;1;
4990;202000003268;154 736 523;A01;2;2;0;2;1;1;1;
4991;202000003268;154 736 524;B01;1;10;1;2;2;15;1;
4992;202000003269;154 736 521;B01;2;7;0;0;0;26;-1;
4993;202000003269;154 736 522;A01;2;32;0;2;0;1;1;
4994;202000003270;154 736 518;A01;1;7;0;2;1;26;1;
4995;202000003270;154 736 519;B01;1;31;0;2;4;2;1;
4996;202000003270;154 736 520;C01;1;7;0;2;4;2;1;
4997;202000003271;154 736 516;A01;0;7;0;2;3;15;6;
4998;202000003271;154 736 517;B01;0;2;0;2;1;1;1;
4999;202000003272;154 736 515;A01;1;7;0;1;2;1;1;
5000;202000003273;154 736 513;A01;0;50;0;2;1;26;3;
5001;202000003273;154 736 514;B01;0;7;0;9;2;15;1;
5002;202000003274;154 736 511;A01;1;7;0;2;2;17;1;
5003;202000003274;154 736 512;B01;1;7;0;2;8;15;1;
5004;202000003276;154 736 507;B01;3;1;0;2;7;19;5;
5005;202000003276;154 736 508;A01;3;7;0;2;1;1;1;
5006;202000003277;154 736 503;D01;1;7;0;2;1;2;1;
5007;202000003277;154 736 504;C01;1;7;0;2;4;2;1;
5008;202000003277;154 736 505;B01;1;2;0;2;4;2;1;
5009;202000003277;154 736 506;Z01;1;7;0;2;1;2;1;
5010;202000003278;154 736 501;B01;3;1;0;2;0;1;5;
5011;202000003278;154 736 502;Z01;3;7;0;2;0;1;1;
5012;202000003279;154 736 499;B01;1;13;0;2;6;1;1;
5013;202000003279;154 736 500;A01;1;31;0;2;7;17;1;
5014;202000003280;154 736 498;A01;2;7;0;1;1;1;1;
5015;202000003281;154 736 496;A01;1;1;0;2;4;1;5;
5016;202000003281;154 736 497;Z01;1;7;0;9;1;1;0;
5017;202000003282;154 736 494;B01;2;1;0;2;1;1;5;
5018;202000003282;154 736 495;A01;1;7;0;2;3;9;0;
5019;202000003283;154 736 493;A01;1;32;0;1;1;16;1;
5020;202000003284;154 736 490;A01;2;7;0;2;8;1;1;
5021;202000003284;154 736 491;B01;0;2;0;2;1;1;3;
5022;202000003285;154 736 487;A01;2;10;0;2;1;1;1;
5023;202000003285;154 736 488;B01;2;7;0;2;4;1;1;
5024;202000003285;154 736 489;C01;2;7;0;2;4;1;1;
5025;202000003286;154 736 485;A01;3;7;15;2;7;1;1;
5026;202000003286;154 736 486;B01;2;2;0;2;1;1;1;
5027;202000003287;154 736 483;A01;3;33;0;2;1;2;1;
5028;202000003287;154 736 484;B01;3;7;0;2;6;23;1;
5029;202000003288;154 736 481;B01;0;1;0;2;1;19;5;
5030;202000003288;154 736 482;A01;3;10;0;2;2;26;1;
5031;202000003289;154 736 479;A01;1;7;0;2;5;15;1;
5032;202000003289;154 736 480;B01;1;33;0;2;8;1;1;
5033;202000003290;154 736 477;B01;3;40;0;2;1;1;2;
5034;202000003290;154 736 478;A01;3;7;0;-1;1;9;1;
5035;202000003292;154 736 470;B01;3;7;0;2;8;26;1;
5036;202000003292;154 736 471;A01;3;7;0;2;3;16;1;
5037;202000003293;154 736 468;B01;3;1;0;2;8;1;5;
5038;202000003293;154 736 469;A01;1;7;0;2;7;16;1;
5039;202000003294;154 736 467;A01;0;1;0;0;0;1;5;
5040;202000003295;154 736 466;A01;3;33;9;0;0;0;1;
5041;202000003296;154 736 465;A01;1;80;1;0;0;1;3;
5042;202000003297;154 736 464;A01;1;7;2;0;2;19;1;
5043;202000003298;154 736 462;A01;0;7;0;2;3;9;1;
5044;202000003298;154 736 463;B01;0;7;0;2;2;0;1;
5045;202000003299;154 736 461;A01;2;33;0;2;1;21;1;
5046;202000003300;154 736 460;A01;1;7;1;1;1;26;1;
5047;202000003301;154 736 459;A01;1;30;0;0;7;1;1;
5048;202000003302;154 736 456;A01;3;10;0;2;7;16;1;
5049;202000003302;154 736 457;B01;3;2;0;2;8;1;1;
5050;202000003303;154 736 454;B01;0;10;0;0;4;1;1;
5051;202000003303;154 736 455;A01;1;10;0;2;1;1;1;
5052;202000003304;154 736 452;A01;1;30;0;2;0;1;1;
5053;202000003304;154 736 453;B01;1;7;0;2;7;1;1;
5054;202000003305;154 736 450;A01;0;33;0;2;3;17;1;
5055;202000003305;154 736 451;B01;0;10;0;2;3;15;1;
5056;202000003306;154 736 448;A01;1;7;0;2;8;15;1;
5057;202000003306;154 736 449;B01;1;7;0;2;1;1;1;
5058;202000003307;154 736 446;A01;3;31;0;2;7;1;1;
5059;202000003307;154 736 447;B01;2;7;0;2;1;19;1;
5060;202000003308;154 736 444;B01;3;7;0;2;3;0;1;
5061;202000003308;154 736 445;A01;3;7;0;2;3;0;1;
5062;202000003309;154 736 442;A01;3;7;0;2;4;26;1;
5063;202000003309;154 736 443;B01;3;7;0;2;1;1;1;
5064;202000003310;154 736 440;A01;2;7;0;2;3;0;1;
5065;202000003310;154 736 441;B01;2;33;0;0;0;0;1;
5066;202000003311;154 736 438;B01;2;7;4;2;2;1;1;
5067;202000003311;154 736 439;A01;2;7;4;2;8;13;1;
5068;202000003312;154 736 436;B01;2;1;12;0;1;26;5;
5069;202000003312;154 736 437;Z01;3;0;0;2;0;0;0;
5070;202000003313;154 736 434;B01;2;7;0;2;4;1;1;
5071;202000003313;154 736 435;A01;2;7;0;2;1;1;1;
5072;202000003314;154 736 433;A01;2;33;0;0;0;1;1;
5073;202000003316;154 736 430;B01;3;7;0;2;2;15;1;
5074;202000003316;154 736 431;A01;3;7;0;2;1;1;1;
5075;202000003317;154 736 429;A01;2;7;0;1;2;15;1;
5076;202000003318;154 736 427;B01;3;33;0;2;1;1;1;
5077;202000003318;154 736 428;A01;3;7;0;2;7;15;1;
5078;202000003319;154 736 425;B01;0;33;0;2;1;17;1;
5079;202000003319;154 736 426;A01;0;7;0;2;8;15;1;
5080;202000003320;154 736 424;A01;1;7;0;1;1;1;1;
5081;202000003321;154 736 422;B01;2;7;0;2;3;26;1;
5082;202000003321;154 736 423;A01;2;7;0;2;7;16;1;
5083;202000003322;154 736 420;A01;1;2;0;2;1;17;1;
5084;202000003322;154 736 421;B01;2;34;0;2;1;17;1;
5085;202000003323;154 736 418;A01;2;7;0;2;5;15;6;
5086;202000003323;154 736 419;B01;2;33;0;2;1;1;6;
5087;202000003324;154 736 415;C01;1;10;0;0;2;1;1;
5088;202000003324;154 736 416;B01;2;7;0;2;5;1;1;
5089;202000003324;154 736 417;A01;2;32;0;2;1;14;1;
5090;202000003325;154 736 414;A01;2;32;0;1;1;26;1;
5091;202000003327;154 736 410;B01;2;7;0;2;4;2;1;
5092;202000003327;154 736 411;A01;2;31;0;2;1;1;1;
5093;202000003328;154 736 408;B01;1;30;0;2;7;1;1;
5094;202000003328;154 736 409;A01;1;7;0;2;1;9;1;
5095;202000003329;154 736 406;B01;1;2;0;2;1;1;1;
5096;202000003329;154 736 407;A01;1;7;0;2;8;15;1;
5097;202000003330;154 736 405;A01;1;43;0;1;3;1;1;
5098;202000003331;154 736 404;A01;2;3;0;1;2;16;1;
5099;202000003332;154 736 402;B01;3;1;0;2;7;12;5;
5100;202000003332;154 736 403;A01;3;7;0;2;3;11;1;
5101;202000003333;154 736 401;A01;1;1;8;0;1;25;5;
5102;202000003334;154 736 399;B01;2;7;0;2;6;2;1;
5103;202000003334;154 736 400;A01;2;32;0;2;2;2;1;
5104;202000003335;154 736 397;B01;1;7;0;2;8;22;2;
5105;202000003335;154 736 398;A01;1;1;0;2;1;1;5;
5106;202000003337;154 736 394;A01;1;30;0;0;8;7;1;
5107;202000003338;154 736 392;B01;2;7;0;2;3;1;1;
5108;202000003338;154 736 393;A01;2;33;0;2;7;8;1;
5109;202000003339;154 736 390;B01;1;7;0;2;6;9;1;
5110;202000003339;154 736 391;A01;1;50;0;2;1;1;3;
5111;202000003340;154 736 389;Z01;1;7;0;1;4;4;1;
5112;202000003342;154 736 385;B01;1;7;0;2;2;15;1;
5113;202000003342;154 736 386;A01;2;1;0;2;8;1;5;
5114;202000003344;154 736 381;A01;2;7;0;2;7;12;2;
5115;202000003344;154 736 382;B01;2;1;0;2;8;1;5;
5116;202000003345;154 736 379;A01;2;7;0;2;3;15;1;
5117;202000003345;154 736 380;B01;2;30;0;2;7;17;1;
5118;202000003346;154 736 377;B01;1;31;0;2;1;1;1;
5119;202000003346;154 736 378;A01;2;7;0;2;2;15;1;
5120;202000003347;154 736 376;A01;2;37;0;1;2;2;2;1.0
5121;202000003348;154 736 374;A01;3;43;0;2;1;18;1;
5122;202000003348;154 736 375;B01;3;1;0;2;6;19;5;
5123;202000003349;154 736 372;A01;3;50;0;2;7;1;3;
5124;202000003349;154 736 373;B01;3;32;0;2;3;1;1;
5125;202000003350;154 736 371;A01;1;1;0;0;1;1;5;
5126;202000003351;154 736 370;A01;1;30;0;0;8;1;1;
5127;202000003352;154 736 368;A01;2;7;0;2;2;15;1;
5128;202000003352;154 736 369;B01;2;30;0;2;3;1;1;
5129;202000003353;154 736 366;A01;1;3;0;2;1;26;1;
5130;202000003353;154 736 367;B01;1;3;14;0;4;2;1;
5131;202000003354;154 736 364;A01;1;34;6;2;1;1;1;
5132;202000003354;154 736 365;B01;1;7;0;2;2;16;1;
5133;202000003355;154 736 362;A01;1;7;0;2;3;22;1;
5134;202000003355;154 736 363;B01;1;1;1;0;1;2;5;
5135;202000003356;154 736 360;A01;2;31;0;2;0;1;0;
5136;202000003356;154 736 361;X01;1;99;0;2;0;15;0;
5137;202000003357;154 736 358;A01;2;7;0;2;2;9;0;
5138;202000003357;154 736 359;B01;2;2;0;2;3;2;0;
5139;202000003358;154 736 356;A01;0;7;0;2;6;10;0;
5140;202000003358;154 736 357;B01;0;34;0;2;1;1;0;
5141;202000003359;154 736 354;Z01;2;7;0;9;0;26;0;
5142;202000003359;154 736 355;A01;2;50;14;1;4;18;3;
5143;202000003360;154 736 352;A01;1;30;0;2;3;17;1;
5144;202000003360;154 736 353;B01;1;10;0;2;3;23;1;
5145;202000003362;154 736 349;A01;2;7;0;1;1;1;1;
5146;202000003363;154 736 347;A01;3;34;0;2;7;16;1;
5147;202000003363;154 736 348;B01;3;7;0;2;2;11;1;
5148;202000003364;154 736 346;A01;1;7;0;1;4;4;1;
5149;202000003365;154 736 344;B01;1;7;0;2;7;0;1;
5150;202000003365;154 736 345;A01;1;32;0;2;8;16;1;
5151;202000003366;154 736 342;A01;2;7;0;2;1;2;1;
5152;202000003366;154 736 343;B01;2;7;0;2;4;2;1;
5153;202000003367;154 736 340;A01;3;10;0;0;4;26;1;
5154;202000003367;154 736 341;B01;-1;99;0;2;0;0;0;
5155;202000003368;154 736 338;A01;0;31;0;2;2;17;1;
5156;202000003368;154 736 339;B01;0;7;0;2;3;15;1;
5157;202000003369;154 736 337;A01;1;37;0;1;2;1;0;1.0
5158;202000003370;154 736 335;A01;3;33;0;2;1;17;1;
5159;202000003370;154 736 336;B01;3;7;16;0;8;15;1;
5160;202000003372;154 736 332;B01;1;10;0;2;2;1;1;
5161;202000003372;154 736 333;A01;2;7;0;2;3;15;1;
5162;202000003373;154 736 331;A01;1;7;0;1;1;15;1;
5163;202000003374;154 736 330;A01;3;7;0;1;3;15;1;
5164;202000003375;154 736 329;A01;2;34;1;1;1;17;1;
5165;202000003376;154 736 328;A01;0;30;0;1;1;26;1;
5166;202000003377;154 736 326;B01;2;10;9;0;4;2;1;
5167;202000003377;154 736 327;A01;2;34;0;2;1;2;1;
5168;202000003378;154 736 323;B01;0;7;0;2;4;2;1;
5169;202000003378;154 736 324;A01;3;10;0;2;6;23;1;
5170;202000003378;154 736 325;C01;0;10;0;2;1;2;1;
5171;202000003379;154 736 321;Z01;2;7;0;2;0;1;0;
5172;202000003379;154 736 322;B01;2;32;0;2;4;9;1;
5173;202000003380;154 736 319;A01;2;10;0;9;1;15;1;
5174;202000003380;154 736 320;B01;2;1;0;2;1;1;5;
5175;202000003382;154 736 316;A01;2;7;12;1;3;19;1;
5176;202000003383;154 736 314;B01;1;7;0;0;0;20;1;
5177;202000003383;154 736 315;A01;1;32;0;0;8;1;1;
5178;202000003384;154 736 312;B01;2;50;0;2;1;1;3;
5179;202000003384;154 736 313;A01;1;7;0;2;2;15;0;
5180;202000003385;154 736 311;A01;0;2;0;0;9;1;1;
5181;202000003386;154 736 310;A01;1;7;2;0;1;17;1;
5182;202000003387;154 736 308;B01;1;7;0;2;1;1;1;
5183;202000003387;154 736 309;A01;2;7;0;2;8;13;1;
5184;202000003389;154 736 303;B01;2;2;0;2;1;1;1;
5185;202000003389;154 736 304;A01;1;7;0;2;2;15;1;
5186;202000003390;154 736 302;A01;0;33;0;0;4;1;1;
5187;202000003391;154 736 299;C01;1;7;0;0;4;1;1;
5188;202000003391;154 736 300;A01;1;7;0;2;1;1;1;
5189;202000003391;154 736 301;B01;1;7;0;2;4;1;1;
5190;202000003392;154 736 297;A01;3;7;0;1;7;1;1;
5191;202000003392;154 736 298;B01;3;7;0;2;1;1;1;
5192;202000003393;154 736 295;B01;1;3;0;0;4;1;1;
5193;202000003393;154 736 296;A01;1;7;0;2;1;1;1;
5194;202000003394;154 736 293;B01;1;10;0;2;8;1;1;
5195;202000003394;154 736 294;A01;3;31;0;2;1;1;1;
5196;202000003395;154 736 291;B01;2;7;3;0;4;1;1;
5197;202000003395;154 736 292;A01;2;7;4;2;3;2;1;
5198;202000003396;154 736 290;A01;0;2;7;0;1;0;0;
5199;202000003397;154 736 289;A01;3;36;8;0;1;18;1;
5200;202000003398;154 736 288;A01;2;33;8;0;1;1;1;
5201;202000003399;154 736 287;A01;3;31;0;0;9;14;1;
5202;202000003400;154 736 284;A01;2;7;0;2;1;17;1;
5203;202000003400;154 736 285;B01;1;10;0;2;1;1;1;
5204;202000003400;154 736 286;C01;2;7;0;2;3;1;1;
5205;202000003401;154 736 282;A01;0;7;0;2;2;1;0;
5206;202000003401;154 736 283;B01;0;1;0;0;8;19;5;
5207;202000003402;154 736 280;A01;1;7;0;2;3;1;1;
5208;202000003402;154 736 281;B01;2;7;0;2;3;1;1;
5209;202000003403;154 736 279;A01;1;33;0;0;3;1;1;
5210;202000003404;154 736 278;A01;1;7;0;1;3;1;1;
5211;202000003405;154 736 276;A01;1;7;0;2;3;1;1;
5212;202000003405;154 736 277;B01;1;7;2;2;3;1;1;
5213;202000003406;154 736 275;A01;1;7;0;1;4;20;1;
5214;202000003407;154 736 273;A01;3;33;0;0;2;14;1;
5215;202000003408;154 736 270;B01;1;33;0;0;4;1;1;
5216;202000003408;154 736 271;C01;1;34;0;2;1;17;1;
5217;202000003408;154 736 272;A01;2;33;0;2;1;1;1;
5218;202000003409;154 736 267;C01;2;7;0;2;6;16;1;
5219;202000003409;154 736 268;B01;1;7;0;2;3;1;1;
5220;202000003409;154 736 269;A01;2;7;0;2;8;17;1;
5221;202000003412;154 736 262;A01;3;33;13;0;0;13;1;
5222;202000003413;154 736 261;A01;1;7;2;0;9;1;1;
5223;202000003414;154 736 260;A01;1;7;8;0;9;26;1;
5224;202000003416;154 736 255;A01;1;33;0;2;1;17;1;
5225;202000003416;154 736 256;B01;1;7;0;2;3;15;1;
5226;202000003417;154 736 254;A01;3;2;15;0;1;1;1;
5227;202000003418;154 736 253;A01;2;7;6;0;1;0;1;
5228;202000003419;154 736 251;A01;1;33;0;2;1;1;1;
5229;202000003419;154 736 252;B01;1;7;0;2;5;19;1;
5230;202000003420;154 736 249;B01;1;7;0;1;5;24;1;
5231;202000003420;154 736 250;A01;1;2;1;0;1;16;1;
5232;202000003421;154 736 247;B01;1;7;0;9;3;19;1;
5233;202000003421;154 736 248;A01;1;1;0;0;5;0;5;
5234;202000003422;154 736 245;B01;1;17;0;0;4;1;1;
5235;202000003422;154 736 246;A01;1;7;0;2;1;2;1;
5236;202000003423;154 736 244;A01;1;7;4;0;1;1;1;
5237;202000003424;154 736 243;A01;2;33;0;9;1;1;1;
5238;202000003426;154 736 241;A01;3;7;0;1;3;1;1;
5239;202000003427;154 736 240;A01;2;10;13;0;1;13;1;
5240;202000003428;154 736 238;B01;2;32;0;2;1;1;1;
5241;202000003428;154 736 239;A01;1;7;0;2;6;26;1;
5242;202000003429;154 736 237;A01;2;7;8;0;1;1;1;
5243;202000003430;154 736 236;A01;1;7;13;0;0;1;1;
5244;202000003431;154 736 235;A01;2;33;6;0;1;1;1;
5245;202000003432;154 736 233;A01;1;7;0;2;3;2;1;
5246;202000003432;154 736 234;B01;1;21;0;2;6;2;1;
5247;202000003433;154 736 229;B01;-1;33;13;0;1;1;1;
5248;202000003433;154 736 230;A01;-1;31;12;0;8;15;1;
5249;202000003434;154 736 227;A01;2;7;0;2;1;13;1;
5250;202000003434;154 736 228;B01;1;7;0;2;1;1;1;
5251;202000003435;154 736 226;A01;2;7;2;0;1;13;1;
5252;202000003436;154 736 225;A01;3;7;6;0;8;1;1;
5253;202000003437;154 736 223;B01;2;2;0;2;1;1;1;
5254;202000003437;154 736 224;A01;1;7;0;2;0;1;0;
5255;202000003438;154 736 221;B01;1;7;0;2;3;1;1;
5256;202000003438;154 736 222;A01;2;7;0;2;2;15;1;
5257;202000003439;154 736 219;A01;0;7;0;2;4;20;1;
5258;202000003439;154 736 220;B01;0;33;0;2;7;0;1;
5259;202000003440;154 736 216;C01;2;7;0;2;4;2;1;
5260;202000003440;154 736 217;B01;2;7;0;2;4;2;1;
5261;202000003440;154 736 218;A01;2;7;0;2;1;2;1;
5262;202000003441;154 736 214;B01;2;7;0;2;4;1;1;
5263;202000003441;154 736 215;A01;2;7;0;2;1;1;1;
5264;202000003442;154 736 212;A01;2;7;0;2;4;1;1;
5265;202000003442;154 736 213;B01;2;10;0;2;1;1;1;
5266;202000003443;154 736 210;A01;1;7;0;2;4;1;1;
5267;202000003443;154 736 211;B01;1;7;0;2;1;1;1;
5268;202000003444;154 736 208;B01;1;7;0;2;1;2;6;
5269;202000003444;154 736 209;A01;1;7;0;2;4;1;6;
5270;202000003445;154 736 207;A01;1;7;0;0;3;1;1;
5271;202000003446;154 736 203;D01;2;7;0;2;1;2;1;
5272;202000003446;154 736 204;A01;2;7;0;2;1;1;1;
5273;202000003446;154 736 205;B01;2;7;0;2;4;2;1;
5274;202000003446;154 736 206;C01;2;7;0;2;4;2;1;
5275;202000003447;154 736 202;A01;2;7;0;0;0;2;1;
5276;202000003448;154 736 200;A01;1;7;0;2;1;1;1;
5277;202000003448;154 736 201;B01;1;7;0;2;4;1;1;
5278;202000003449;154 736 198;A01;1;7;0;2;5;12;3;
5279;202000003449;154 736 199;B01;1;32;0;2;1;0;1;
5280;202000003450;154 736 196;B01;2;7;0;2;6;11;1;
5281;202000003450;154 736 197;A01;2;33;0;2;1;3;1;
5282;202000003451;154 736 194;B01;2;33;0;2;1;3;1;
5283;202000003451;154 736 195;A01;2;7;0;2;4;11;1;
5284;202000003452;154 736 193;A01;3;7;11;0;1;13;1;
5285;202000003454;154 736 190;A01;3;1;1;0;1;1;5;
5286;202000003455;154 736 186;A01;1;7;0;2;1;15;1;
5287;202000003455;154 736 187;B01;1;1;0;2;1;13;5;
5288;202000003456;154 736 184;A01;2;7;0;2;2;15;1;
5289;202000003456;154 736 185;B01;1;2;0;2;1;1;1;
5290;202000003457;154 736 182;A01;3;7;0;9;6;9;1;
5291;202000003457;154 736 183;B01;3;1;0;0;0;0;0;
5292;202000003458;154 736 181;A01;0;3;0;0;0;26;0;
5293;202000003459;154 736 179;B01;1;32;0;2;1;2;1;
5294;202000003459;154 736 180;A01;1;7;0;2;5;23;1;
5295;202000003460;154 736 177;B01;2;7;0;0;8;1;2;
5296;202000003460;154 736 178;A01;3;10;0;2;1;9;1;
5297;202000003461;154 736 176;A01;1;7;0;0;2;26;1;
5298;202000003462;154 736 175;A01;0;2;0;1;1;19;1;
5299;202000003464;154 736 170;C01;3;7;0;2;2;23;1;
5300;202000003464;154 736 171;B01;3;7;0;2;3;1;1;
5301;202000003464;154 736 172;A01;3;33;1;2;2;15;1;
5302;202000003465;154 736 169;A01;2;10;0;1;1;14;1;
5303;202000003466;154 736 166;B01;1;7;1;0;8;12;1;
5304;202000003466;154 736 167;C01;1;7;1;0;6;1;1;
5305;202000003466;154 736 168;A01;1;43;1;0;1;17;1;
5306;202000003467;154 736 164;B01;1;7;0;2;3;0;1;
5307;202000003467;154 736 165;A01;1;37;0;2;0;0;1;1.0
5308;202000003468;154 736 160;C01;1;7;0;0;4;2;1;
5309;202000003468;154 736 161;B01;1;7;0;2;4;2;1;
5310;202000003468;154 736 162;A01;1;7;0;2;1;2;1;
5311;202000003469;154 736 158;B01;1;7;0;2;1;1;1;
5312;202000003469;154 736 159;A01;2;1;0;2;1;5;5;
5313;202000003470;154 736 156;B01;1;99;0;2;6;23;1;
5314;202000003470;154 736 157;A01;1;33;0;2;1;2;1;
5315;202000003471;154 736 154;B01;2;7;0;2;6;1;1;
5316;202000003471;154 736 155;A01;2;7;0;2;4;11;1;
5317;202000003472;154 736 151;A01;1;31;0;2;8;3;1;