;Num_Acc;id_vehicule;num_veh;senc;catv;obs;obsm;choc;manv;motor;occutc
5318;202000003472;154 736 152;B01;1;7;0;2;7;12;1;
5319;202000003472;154 736 153;C01;1;7;0;2;6;1;1;
5320;202000003473;154 736 147;A01;1;13;0;2;2;1;1;
5321;202000003473;154 736 148;C01;1;7;0;2;6;1;1;
5322;202000003473;154 736 149;D01;1;10;0;2;2;1;1;
5323;202000003473;154 736 150;B01;1;7;0;2;6;9;1;
5324;202000003474;154 736 145;B01;3;10;4;2;4;2;1;
5325;202000003474;154 736 146;A01;3;7;4;2;9;2;1;
5326;202000003476;154 736 141;A01;1;30;0;1;1;1;1;
5327;202000003478;154 736 139;A01;2;1;0;1;1;1;5;
5328;202000003479;154 736 138;A01;3;30;12;0;7;14;1;
5329;202000003480;154 736 136;B01;1;33;0;2;3;17;1;
5330;202000003480;154 736 137;A01;1;7;0;2;3;13;1;
5331;202000003481;154 736 135;A01;2;1;0;0;1;1;5;
5332;202000003482;154 736 134;A01;2;7;0;1;3;1;1;
5333;202000003483;154 736 132;B01;3;1;0;2;1;1;5;
5334;202000003483;154 736 133;A01;3;10;0;2;1;15;1;
5335;202000003484;154 736 130;A01;1;7;0;2;3;9;1;
5336;202000003484;154 736 131;B01;1;2;0;2;1;1;1;
5337;202000003485;154 736 127;C01;2;7;0;2;1;2;1;
5338;202000003485;154 736 128;A01;2;7;0;2;4;26;1;
5339;202000003485;154 736 129;B01;2;7;0;2;1;2;2;
5340;202000003486;154 736 126;A01;1;7;0;1;1;16;1;
5341;202000003487;154 736 124;A01;1;1;0;2;1;1;5;
5342;202000003487;154 736 125;Z01;2;1;0;2;1;1;5;
5343;202000003488;154 736 123;A01;2;1;0;0;0;1;5;
5344;202000003489;154 736 121;B01;3;7;0;2;4;1;1;
5345;202000003489;154 736 122;A01;3;7;0;2;1;1;1;
5346;202000003490;154 736 119;B01;0;32;0;2;2;2;1;
5347;202000003490;154 736 120;A01;1;7;0;2;3;13;1;
5348;202000003491;154 736 117;A01;2;7;0;2;2;15;1;
5349;202000003491;154 736 118;B01;1;7;0;2;1;1;1;
5350;202000003492;154 736 115;A01;1;7;0;9;7;1;1;
5351;202000003492;154 736 116;B01;1;1;0;2;4;15;5;
5352;202000003493;154 736 113;Z01;1;7;0;9;0;0;0;
5353;202000003493;154 736 114;B01;1;1;0;2;0;9;5;
5354;202000003494;154 736 112;A01;1;7;0;1;3;1;1;
5355;202000003495;154 736 110;B01;3;7;0;2;1;1;1;
5356;202000003495;154 736 111;A01;3;7;0;2;7;15;1;
5357;202000003496;154 736 108;B01;1;1;0;2;2;17;5;
5358;202000003496;154 736 109;A01;1;7;0;2;8;22;1;
5359;202000003497;154 736 107;A01;3;7;0;1;1;1;1;
5360;202000003498;154 736 105;A01;2;10;0;2;4;0;1;
5361;202000003498;154 736 106;B01;2;33;0;2;1;0;1;
5362;202000003499;154 736 103;B01;1;7;0;0;4;13;6;
5363;202000003499;154 736 104;A01;1;32;0;2;1;1;6;
5364;202000003500;154 736 101;B01;-1;7;0;2;1;15;1;
5365;202000003500;154 736 102;A01;-1;7;0;2;3;9;1;
5366;202000003501;154 736 097;A01;1;7;0;2;0;1;1;
5367;202000003501;154 736 098;B01;1;7;0;2;4;1;1;
5368;202000003501;154 736 099;C01;1;7;0;2;1;1;1;
5369;202000003501;154 736 100;D01;1;7;0;2;1;1;1;
5370;202000003502;154 736 094;C01;2;7;0;2;0;0;0;
5371;202000003502;154 736 095;B01;2;99;0;2;0;0;1;
5372;202000003502;154 736 096;A01;2;37;0;2;1;9;0;1.0
5373;202000003503;154 736 093;A01;2;1;0;1;1;25;5;
5374;202000003504;154 736 091;A01;2;7;0;2;7;1;1;
5375;202000003504;154 736 092;B01;1;1;0;2;8;1;5;
5376;202000003505;154 736 090;A01;2;10;0;1;3;1;1;
5377;202000003506;154 736 088;B01;1;2;0;2;8;16;1;
5378;202000003506;154 736 089;A01;1;7;0;2;5;16;1;
5379;202000003507;154 736 086;A01;2;7;0;2;2;15;1;
5380;202000003507;154 736 087;B01;1;34;0;2;1;1;0;
5381;202000003508;154 736 084;A01;1;1;0;2;5;2;5;
5382;202000003508;154 736 085;B01;1;7;0;9;5;16;1;
5383;202000003509;154 736 081;B01;3;1;0;2;1;26;5;
5384;202000003509;154 736 082;A01;3;7;0;2;2;15;0;
5385;202000003510;154 736 079;A01;1;10;0;2;2;5;1;
5386;202000003510;154 736 080;B01;2;14;0;2;2;1;1;
5387;202000003511;154 736 077;B01;2;7;14;2;3;15;1;
5388;202000003511;154 736 078;A01;2;33;0;2;1;2;1;
5389;202000003512;154 736 075;A01;2;33;0;2;3;13;1;
5390;202000003512;154 736 076;B01;2;17;0;2;3;1;1;
5391;202000003513;154 736 073;A01;1;14;0;2;3;1;1;
5392;202000003513;154 736 074;B01;2;1;0;2;1;1;5;
5393;202000003514;154 736 072;A01;2;33;8;0;1;0;1;
5394;202000003515;154 736 070;B01;1;7;0;2;3;1;1;
5395;202000003515;154 736 071;A01;2;7;0;2;2;13;1;
5396;202000003516;154 736 068;A01;1;33;0;2;3;13;1;
5397;202000003516;154 736 069;B01;2;15;0;2;3;1;1;
5398;202000003517;154 736 065;B01;1;1;0;2;1;1;5;
5399;202000003517;154 736 066;A01;2;7;0;9;1;15;1;
5400;202000003517;154 736 067;C01;3;7;0;0;8;23;1;
5401;202000003518;154 736 062;C01;2;7;0;2;1;1;1;
5402;202000003518;154 736 063;A01;1;7;0;2;1;13;1;
5403;202000003518;154 736 064;B01;2;7;0;2;3;1;1;
5404;202000003519;154 736 060;A01;2;7;0;0;8;19;1;
5405;202000003519;154 736 061;B01;2;33;0;2;1;1;1;
5406;202000003520;154 736 058;A01;1;7;0;2;3;1;1;
5407;202000003520;154 736 059;B01;2;31;0;2;1;1;1;
5408;202000003521;154 736 057;A01;2;7;2;0;3;13;1;
5409;202000003522;154 736 056;A01;2;2;0;0;8;1;1;
5410;202000003524;154 736 052;B01;0;2;0;0;4;23;1;
5411;202000003524;154 736 053;A01;0;7;0;2;1;2;1;
5412;202000003525;154 736 051;A01;2;33;0;0;0;1;1;
5413;202000003526;154 736 048;A01;1;33;0;0;1;1;1;
5414;202000003527;154 736 046;A01;2;33;0;2;8;1;0;
5415;202000003527;154 736 047;B01;2;7;0;0;5;9;0;
5416;202000003528;154 736 044;A01;3;2;0;2;1;1;1;
5417;202000003528;154 736 045;B01;3;10;0;2;2;1;1;
5418;202000003529;154 736 043;A01;1;7;0;1;3;1;1;
5419;202000003530;154 736 042;A01;3;2;0;0;7;1;1;
5420;202000003531;154 736 039;A01;1;7;0;1;7;1;1;
5421;202000003532;154 736 037;A01;1;7;0;2;3;26;1;
5422;202000003532;154 736 038;B01;1;30;0;0;7;26;1;
5423;202000003533;154 736 035;B01;2;3;0;2;1;9;1;
5424;202000003533;154 736 036;A01;1;7;0;2;5;1;1;
5425;202000003534;154 736 033;A01;2;7;0;2;3;16;1;
5426;202000003534;154 736 034;B01;1;33;0;2;1;1;1;
5427;202000003535;154 736 029;B01;1;15;0;1;6;24;0;
5428;202000003535;154 736 030;A01;1;7;1;0;2;14;6;
5429;202000003536;154 736 028;A01;1;7;3;0;3;21;1;
5430;202000003537;154 736 027;A01;1;33;0;0;0;1;1;
5431;202000003538;154 736 026;A01;3;33;0;0;4;10;1;
5432;202000003539;154 736 024;A01;3;7;2;2;1;1;1;
5433;202000003539;154 736 025;B01;3;7;6;2;3;16;1;
5434;202000003540;154 736 022;A01;2;7;0;2;1;19;1;
5435;202000003540;154 736 023;B01;2;7;0;2;3;1;0;
5436;202000003541;154 736 021;A01;0;7;0;1;1;15;1;
5437;202000003543;154 736 018;A01;1;7;1;0;2;0;1;
5438;202000003544;154 736 017;A01;1;33;8;0;3;0;1;
5439;202000003545;154 736 015;A01;1;33;0;2;1;1;1;
5440;202000003545;154 736 016;B01;2;7;0;2;3;1;1;
5441;202000003546;154 736 013;A01;3;1;0;0;1;0;5;
5442;202000003546;154 736 014;B01;3;1;0;0;1;0;5;
5443;202000003547;154 736 012;A01;1;7;0;1;1;1;1;
5444;202000003548;154 736 010;B01;0;7;0;2;3;15;1;
5445;202000003548;154 736 011;A01;0;7;0;2;2;15;1;
5446;202000003549;154 736 009;A01;1;7;15;6;2;14;1;
5447;202000003550;154 736 008;A01;2;33;0;0;8;0;1;
5448;202000003551;154 736 006;A01;1;7;0;2;3;5;1;
5449;202000003551;154 736 007;B01;2;7;0;2;6;1;1;
5450;202000003553;154 736 003;A01;0;34;0;0;0;1;1;
5451;202000003554;154 736 001;A01;2;31;0;2;1;1;1;
5452;202000003554;154 736 002;B01;2;7;0;2;5;1;1;
5453;202000003555;154 736 000;A01;2;7;14;0;8;13;1;
5454;202000003557;154 735 994;B01;2;7;0;2;4;23;1;
5455;202000003557;154 735 995;A01;2;7;0;2;1;2;1;
5456;202000003558;154 735 991;A01;1;10;0;2;1;2;1;
5457;202000003558;154 735 992;B01;1;7;0;2;4;2;1;
5458;202000003558;154 735 993;C01;1;7;0;2;4;1;1;
5459;202000003559;154 735 987;D01;1;7;0;2;4;1;1;
5460;202000003559;154 735 988;C01;1;7;0;2;4;1;1;
5461;202000003559;154 735 989;B01;1;7;0;2;4;1;1;
5462;202000003559;154 735 990;A01;1;7;0;2;1;2;1;
5463;202000003560;154 735 984;B01;2;7;0;2;4;2;1;
5464;202000003560;154 735 985;A01;2;7;0;2;1;1;1;
5465;202000003560;154 735 986;C01;2;10;0;2;4;2;1;
5466;202000003561;154 735 982;B01;1;7;0;2;6;0;1;
5467;202000003561;154 735 983;A01;1;7;0;2;2;0;1;
5468;202000003562;154 735 980;A01;1;7;0;2;2;11;1;
5469;202000003562;154 735 981;B01;1;7;0;2;6;2;1;
5470;202000003563;154 735 971;F01;1;7;0;2;1;2;1;
5471;202000003563;154 735 972;C01;1;7;0;2;1;2;1;
5472;202000003563;154 735 973;B01;1;7;0;2;1;2;1;
5473;202000003563;154 735 974;A01;1;7;0;2;4;2;6;
5474;202000003563;154 735 975;Z01;1;7;0;2;1;2;0;
5475;202000003563;154 735 976;E01;1;7;0;2;1;2;1;
5476;202000003563;154 735 977;D01;1;7;0;2;1;2;1;
5477;202000003564;154 735 965;E01;2;7;0;2;1;2;1;
5478;202000003564;154 735 966;C01;2;7;0;2;1;2;1;
5479;202000003564;154 735 967;D01;2;7;0;2;4;2;1;
5480;202000003564;154 735 968;A01;2;7;0;2;4;1;1;
5481;202000003564;154 735 969;F01;2;7;0;2;1;2;1;
5482;202000003564;154 735 970;B01;2;7;0;2;4;2;1;
5483;202000003565;154 735 963;B01;2;1;0;2;1;1;5;
5484;202000003565;154 735 964;A01;1;7;0;2;2;15;1;
5485;202000003566;154 735 961;A01;1;2;0;2;7;7;1;
5486;202000003566;154 735 962;B01;1;7;0;2;1;1;0;
5487;202000003567;154 735 959;B01;2;7;0;2;1;1;1;
5488;202000003567;154 735 960;A01;2;99;0;2;7;19;3;
5489;202000003568;154 735 957;B01;3;10;0;2;4;15;6;
5490;202000003568;154 735 958;A01;3;10;0;2;1;19;6;
5491;202000003569;154 735 956;A01;2;7;2;0;1;1;1;
5492;202000003571;154 735 952;A01;2;33;0;2;2;1;1;
5493;202000003571;154 735 953;B01;2;7;0;2;8;9;1;
5494;202000003572;154 735 950;A01;1;7;0;2;1;15;1;
5495;202000003572;154 735 951;B01;2;2;0;2;1;1;1;
5496;202000003574;154 735 947;B01;1;1;0;2;1;1;0;
5497;202000003574;154 735 948;A01;1;7;0;2;3;15;1;
5498;202000003575;154 735 945;B01;2;7;0;2;1;1;1;
5499;202000003575;154 735 946;A01;1;33;0;2;1;13;1;
5500;202000003576;154 735 943;B01;3;7;0;2;7;1;1;
5501;202000003576;154 735 944;A01;3;33;0;2;1;1;1;
5502;202000003577;154 735 942;A01;3;7;0;1;2;16;1;
5503;202000003578;154 735 941;A01;1;7;0;1;1;9;1;
5504;202000003579;154 735 938;A01;3;7;0;2;1;16;1;
5505;202000003579;154 735 939;B01;3;7;0;2;0;0;1;
5506;202000003579;154 735 940;C01;3;7;0;2;1;0;1;
5507;202000003580;154 735 937;A01;2;10;13;0;1;1;1;
5508;202000003582;154 735 935;Z01;0;7;0;1;5;1;0;
5509;202000003583;154 735 933;A01;0;7;0;2;1;1;1;
5510;202000003583;154 735 934;B01;0;7;0;2;4;23;1;
5511;202000003584;154 735 931;B01;2;7;0;2;2;2;1;
5512;202000003584;154 735 932;A01;2;13;0;2;6;2;1;
5513;202000003585;154 735 930;A01;2;7;13;0;9;17;1;
5514;202000003586;154 735 929;A01;3;10;0;1;1;26;1;
5515;202000003587;154 735 927;B01;1;7;0;2;4;26;1;
5516;202000003587;154 735 928;A01;1;7;0;2;1;26;1;
5517;202000003588;154 735 925;B01;1;33;0;2;2;26;0;
5518;202000003588;154 735 926;Z01;0;7;0;0;0;0;0;
5519;202000003589;154 735 923;A01;1;7;0;2;4;1;0;
5520;202000003589;154 735 924;Z01;3;7;0;2;1;2;0;
5521;202000003590;154 735 919;D01;1;7;1;0;0;0;1;
5522;202000003590;154 735 920;C01;1;7;1;0;0;0;1;
5523;202000003590;154 735 921;A01;1;7;1;0;1;26;1;
5524;202000003590;154 735 922;B01;1;7;1;0;0;0;1;
5525;202000003591;154 735 918;A01;1;7;6;0;1;1;1;
5526;202000003592;154 735 917;A01;1;7;4;0;1;1;1;
5527;202000003593;154 735 915;A01;1;30;6;2;7;1;1;
5528;202000003593;154 735 916;B01;1;10;0;2;1;2;1;
5529;202000003594;154 735 914;A01;2;2;0;1;2;1;1;
5530;202000003595;154 735 913;A01;1;7;0;1;2;1;1;
5531;202000003596;154 735 912;A01;1;10;0;1;5;26;1;
5532;202000003597;154 735 909;C01;2;7;0;2;5;1;1;
5533;202000003597;154 735 910;B01;2;7;0;2;6;1;2;
5534;202000003597;154 735 911;A01;2;7;0;2;1;11;1;
5535;202000003598;154 735 907;A01;1;7;0;2;4;2;1;
5536;202000003598;154 735 908;Z01;1;7;0;2;1;2;3;
5537;202000003599;154 735 905;Z01;2;7;0;2;2;16;1;
5538;202000003599;154 735 906;A01;2;50;12;2;1;1;3;
5539;202000003600;154 735 903;B01;1;33;0;2;1;1;1;
5540;202000003600;154 735 904;A01;1;1;0;2;5;19;5;
5541;202000003601;154 735 901;Z01;1;7;0;2;6;17;2;
5542;202000003601;154 735 902;A01;1;30;0;2;1;15;1;
5543;202000003604;154 735 898;A01;1;32;8;0;1;13;1;
5544;202000003605;154 735 896;A01;1;32;0;2;2;15;1;
5545;202000003605;154 735 897;B01;1;7;0;2;6;15;1;
5546;202000003606;154 735 894;A01;3;7;0;2;1;15;1;
5547;202000003606;154 735 895;B01;2;33;0;2;8;1;1;
5548;202000003607;154 735 892;A01;1;33;1;0;1;26;1;
5549;202000003607;154 735 893;B01;3;7;0;1;3;24;1;
5550;202000003608;154 735 890;B01;1;30;0;2;0;0;1;
5551;202000003608;154 735 891;A01;1;30;0;2;0;0;1;
5552;202000003609;154 735 889;A01;0;60;1;0;1;1;5;
5553;202000003610;154 735 887;A01;1;50;0;2;2;1;3;
5554;202000003610;154 735 888;B01;1;7;0;2;3;1;2;
5555;202000003611;154 735 885;B01;2;7;0;2;6;9;1;
5556;202000003611;154 735 886;A01;2;17;0;2;2;26;1;
5557;202000003612;154 735 883;B01;2;7;0;2;3;1;1;
5558;202000003612;154 735 884;A01;1;33;0;2;0;17;1;
5559;202000003613;154 735 881;B01;2;33;0;2;1;1;0;
5560;202000003613;154 735 882;A01;2;10;0;2;6;10;0;
5561;202000003614;154 735 880;A01;2;33;0;0;9;1;1;
5562;202000003615;154 735 878;A01;2;7;8;0;9;17;1;
5563;202000003615;154 735 879;B01;2;2;0;2;9;1;1;
5564;202000003616;154 735 877;A01;1;7;15;0;0;3;1;
5565;202000003617;154 735 876;A01;1;2;0;0;0;1;0;
5566;202000003619;154 735 874;A01;1;7;3;0;1;1;1;
5567;202000003620;154 735 873;A01;1;2;3;0;0;1;1;
5568;202000003621;154 735 872;A01;1;7;6;0;1;0;0;
5569;202000003622;154 735 869;A01;1;7;0;0;4;23;1;
5570;202000003622;154 735 870;B01;1;7;0;2;4;23;1;
5571;202000003622;154 735 871;C01;1;7;0;2;1;2;1;
5572;202000003623;154 735 868;A01;1;10;13;0;2;14;1;
5573;202000003624;154 735 867;A01;2;33;13;0;1;14;1;
5574;202000003625;154 735 866;A01;3;7;13;0;3;14;1;
5575;202000003626;154 735 864;A01;1;7;0;2;3;1;1;
5576;202000003626;154 735 865;B01;2;7;0;2;3;5;1;
5577;202000003627;154 735 863;A01;2;7;17;0;3;13;1;
5578;202000003628;154 735 861;B01;1;7;0;2;3;1;1;
5579;202000003628;154 735 862;A01;2;2;0;2;3;13;1;
5580;202000003629;154 735 859;A01;1;7;0;2;3;13;1;
5581;202000003629;154 735 860;B01;2;7;0;2;8;1;1;
5582;202000003630;154 735 857;A01;1;7;0;2;1;19;1;
5583;202000003630;154 735 858;B01;2;7;0;2;1;1;1;
5584;202000003631;154 735 855;A01;1;33;0;2;9;1;1;
5585;202000003631;154 735 856;B01;2;7;0;2;6;15;1;
5586;202000003632;154 735 854;A01;3;2;0;0;0;1;1;
5587;202000003633;154 735 853;A01;1;7;0;0;8;0;1;
5588;202000003634;154 735 850;A01;1;10;0;0;0;15;1;
5589;202000003634;154 735 851;C01;2;1;0;2;1;2;5;
5590;202000003634;154 735 852;B01;2;1;0;0;4;21;5;
5591;202000003635;154 735 848;A01;2;7;0;2;3;13;1;
5592;202000003635;154 735 849;B01;1;7;0;2;3;1;1;
5593;202000003636;154 735 846;B01;1;7;0;2;8;17;1;
5594;202000003636;154 735 847;A01;1;33;0;2;7;17;1;
5595;202000003637;154 735 845;A01;2;33;0;0;7;14;1;
5596;202000003638;154 735 843;A01;2;31;12;0;7;17;1;
5597;202000003638;154 735 844;B01;1;1;0;2;8;1;5;
5598;202000003640;154 735 840;A01;2;7;13;0;1;1;1;
5599;202000003641;154 735 838;B01;2;33;0;2;1;1;1;
5600;202000003641;154 735 839;A01;1;7;0;2;2;15;1;
5601;202000003642;154 735 837;A01;1;33;6;0;1;1;1;
5602;202000003643;154 735 836;A01;2;33;6;0;2;1;1;
5603;202000003644;154 735 835;A01;2;33;0;9;1;21;1;
5604;202000003645;154 735 833;A01;3;7;0;2;2;15;1;
5605;202000003645;154 735 834;B01;3;32;0;2;1;1;1;
5606;202000003647;154 735 830;A01;2;7;0;1;3;16;1;
5607;202000003648;154 735 828;A01;1;7;0;2;7;10;1;
5608;202000003648;154 735 829;B01;2;1;0;2;1;1;5;
5609;202000003649;154 735 827;A01;1;30;14;0;1;14;3;
5610;202000003652;154 735 822;A01;1;50;0;1;8;1;3;
5611;202000003654;154 735 819;A01;3;7;0;1;1;1;1;
5612;202000003655;154 735 817;A01;2;7;0;2;8;15;1;
5613;202000003655;154 735 818;B01;2;30;0;2;2;17;1;
5614;202000003656;154 735 815;B01;2;7;0;2;3;1;1;
5615;202000003656;154 735 816;A01;1;7;0;2;2;5;1;
5616;202000003657;154 735 813;A01;3;7;0;0;3;15;1;
5617;202000003657;154 735 814;B01;3;7;0;0;7;17;1;
5618;202000003658;154 735 812;A01;1;7;0;1;2;1;1;
5619;202000003659;154 735 810;A01;-1;7;0;2;1;1;0;
5620;202000003659;154 735 811;B01;-1;7;0;2;7;16;0;
5621;202000003660;154 735 808;B01;3;7;0;2;1;1;6;
5622;202000003660;154 735 809;A01;3;7;0;2;7;19;0;
5623;202000003661;154 735 806;A01;1;7;0;2;1;1;1;
5624;202000003661;154 735 807;B01;1;7;0;2;7;1;1;
5625;202000003662;154 735 804;A01;1;7;0;2;3;16;1;
5626;202000003662;154 735 805;B01;1;1;0;2;1;1;0;
5627;202000003663;154 735 802;A01;2;7;0;2;2;16;1;
5628;202000003663;154 735 803;B01;2;50;0;2;1;26;3;
5629;202000003664;154 735 800;B01;1;7;0;2;4;26;0;
5630;202000003664;154 735 801;A01;1;7;0;2;1;1;1;
5631;202000003665;154 735 798;B01;1;7;0;2;1;1;1;
5632;202000003665;154 735 799;A01;2;7;0;2;3;13;1;
5633;202000003666;154 735 795;C01;1;7;0;2;1;1;1;
5634;202000003666;154 735 796;B01;1;7;0;2;3;1;1;
5635;202000003666;154 735 797;A01;2;7;0;2;7;13;1;
5636;202000003667;154 735 793;B01;0;7;0;0;8;9;0;
5637;202000003667;154 735 794;A01;0;1;0;2;1;1;5;
5638;202000003668;154 735 791;A01;1;7;0;2;3;19;0;
5639;202000003668;154 735 792;B01;2;33;0;2;1;1;0;
5640;202000003669;154 735 789;A01;1;7;0;2;8;15;0;
5641;202000003669;154 735 790;B01;1;7;0;2;1;17;0;
5642;202000003670;154 735 787;A01;3;7;0;9;2;1;1;
5643;202000003670;154 735 788;B01;1;1;0;2;1;1;6;
5644;202000003671;154 735 785;A01;2;7;0;9;5;19;0;
5645;202000003671;154 735 786;B01;1;1;0;2;1;0;0;
5646;202000003672;154 735 783;B01;2;14;0;2;1;1;1;
5647;202000003672;154 735 784;A01;1;7;0;2;1;1;1;
5648;202000003674;154 735 780;A01;3;7;0;1;3;15;1;
5649;202000003675;154 735 779;A01;1;7;13;0;9;1;1;
5650;202000003677;154 735 776;A01;1;7;13;2;9;1;1;
5651;202000003677;154 735 777;B01;2;7;14;0;7;1;1;
5652;202000003678;154 735 775;A01;3;7;0;1;7;2;1;
5653;202000003679;154 735 773;B01;2;7;0;2;3;1;1;
5654;202000003679;154 735 774;A01;1;0;0;2;0;0;0;
5655;202000003680;154 735 771;B01;2;7;0;0;3;1;0;
5656;202000003680;154 735 772;A01;1;7;0;0;3;13;1;
5657;202000003681;154 735 770;A01;1;7;0;1;3;1;1;
5658;202000003682;154 735 769;A01;1;7;13;0;2;1;1;
5659;202000003683;154 735 768;A01;0;14;3;0;2;2;1;
5660;202000003684;154 735 765;A01;1;7;8;0;1;1;1;
5661;202000003685;154 735 764;A01;0;2;6;0;0;1;1;
5662;202000003686;154 735 763;A01;1;7;13;0;9;1;1;
5663;202000003687;154 735 761;A01;0;7;0;1;6;20;1;
5664;202000003688;154 735 759;B01;2;15;0;2;3;1;1;
5665;202000003688;154 735 760;A01;1;7;0;2;3;13;1;
5666;202000003689;154 735 757;B01;2;7;0;2;3;1;1;
5667;202000003689;154 735 758;A01;1;7;0;2;3;13;1;
5668;202000003690;154 735 755;A01;1;10;0;0;0;14;1;
5669;202000003691;154 735 754;A01;0;2;0;0;7;15;1;
5670;202000003692;154 735 752;A01;2;7;0;2;7;17;1;
5671;202000003692;154 735 753;B01;2;33;0;2;8;1;1;
5672;202000003693;154 735 750;B01;2;7;0;0;4;2;0;
5673;202000003693;154 735 751;A01;2;7;0;2;1;2;0;
5674;202000003694;154 735 748;A01;1;14;0;2;2;1;1;
5675;202000003694;154 735 749;B01;2;7;0;0;1;1;1;
5676;202000003695;154 735 747;A01;3;10;13;0;9;1;1;
5677;202000003696;154 735 745;A01;1;33;1;0;1;19;1;
5678;202000003696;154 735 746;B01;1;7;0;0;6;24;1;
5679;202000003697;154 735 743;A01;3;32;13;2;8;13;0;
5680;202000003697;154 735 744;B01;3;10;0;2;3;1;0;
5681;202000003698;154 735 742;A01;1;1;6;0;1;1;5;
5682;202000003700;154 735 740;A01;1;37;2;0;2;1;0;1.0
5683;202000003701;154 735 738;B01;1;1;0;0;7;1;5;
5684;202000003701;154 735 739;A01;1;7;0;2;1;1;1;
5685;202000003702;154 735 736;B01;2;7;0;2;1;13;1;
5686;202000003702;154 735 737;A01;1;7;0;2;1;1;1;
5687;202000003703;154 735 731;B01;1;7;3;2;9;0;0;
5688;202000003703;154 735 732;A01;1;7;0;2;2;0;0;
5689;202000003703;154 735 733;C01;1;7;0;2;2;0;0;
5690;202000003704;154 735 727;C01;2;7;0;2;4;2;1;
5691;202000003704;154 735 728;D01;2;7;0;2;1;2;1;
5692;202000003704;154 735 729;Z01;2;0;0;2;4;2;0;
5693;202000003704;154 735 730;A01;2;7;0;2;4;1;1;
5694;202000003705;154 735 725;A01;1;10;0;2;6;11;3;
5695;202000003705;154 735 726;B01;1;33;0;2;2;0;1;
5696;202000003706;154 735 723;A01;1;7;0;2;4;9;1;
5697;202000003706;154 735 724;B01;1;7;0;2;1;2;1;
5698;202000003707;154 735 721;B01;2;32;0;2;3;3;1;
5699;202000003707;154 735 722;A01;2;7;0;2;2;0;1;
5700;202000003708;154 735 719;A01;1;7;0;2;6;1;2;
5701;202000003708;154 735 720;Z01;1;7;0;2;1;2;0;
5702;202000003709;154 735 717;Z01;1;0;0;0;0;0;0;
5703;202000003709;154 735 718;A01;1;10;0;9;4;2;1;
5704;202000003711;154 735 712;B01;1;7;0;2;3;1;1;
5705;202000003711;154 735 713;A01;2;7;0;2;1;15;1;
5706;202000003712;154 735 710;B01;1;7;0;2;4;2;1;
5707;202000003712;154 735 711;A01;1;7;0;2;1;2;1;
5708;202000003713;154 735 708;B01;1;7;0;2;4;1;1;
5709;202000003713;154 735 709;A01;1;7;0;2;1;1;1;
5710;202000003714;154 735 707;A01;2;7;4;0;3;1;1;
5711;202000003715;154 735 706;A01;1;7;0;0;3;1;1;
5712;202000003716;154 735 703;A01;1;7;0;2;1;2;1;
5713;202000003716;154 735 704;B01;1;7;0;2;4;2;1;
5714;202000003716;154 735 705;C01;1;7;0;2;4;2;1;
5715;202000003717;154 735 702;A01;1;7;0;0;0;1;1;
5716;202000003718;154 735 701;A01;1;7;13;0;7;1;1;
5717;202000003719;154 735 699;A01;1;7;0;2;4;2;1;
5718;202000003719;154 735 700;B01;1;7;0;2;1;2;1;
5719;202000003720;154 735 697;B01;2;7;0;2;1;1;1;
5720;202000003720;154 735 698;A01;2;7;0;2;6;1;1;
5721;202000003721;154 735 696;A01;1;80;0;1;1;1;3;
5722;202000003723;154 735 692;B01;2;2;0;2;4;1;1;
5723;202000003723;154 735 693;A01;2;7;0;2;1;1;1;
5724;202000003724;154 735 691;A01;1;32;0;1;1;17;1;
5725;202000003726;154 735 686;A01;2;7;0;2;1;2;1;
5726;202000003726;154 735 687;B01;2;7;0;2;4;2;1;
5727;202000003727;154 735 682;A01;2;7;0;1;3;15;1;
5728;202000003730;154 735 676;A01;1;7;0;2;8;1;1;
5729;202000003730;154 735 677;B01;2;7;0;2;3;5;1;
5730;202000003731;154 735 674;B01;2;7;0;2;2;9;1;
5731;202000003731;154 735 675;A01;2;33;0;2;3;1;1;
5732;202000003732;154 735 673;A01;2;7;0;1;2;15;1;
5733;202000003733;154 735 671;A01;2;10;0;2;3;1;1;
5734;202000003733;154 735 672;B01;2;7;0;2;5;1;1;
5735;202000003734;154 735 670;A01;1;7;0;1;2;1;1;
5736;202000003736;154 735 665;A01;1;7;0;2;1;9;1;
5737;202000003736;154 735 666;C01;1;7;0;2;1;1;1;
5738;202000003736;154 735 667;B01;2;7;0;2;2;1;1;
5739;202000003738;154 735 661;A01;1;7;0;2;2;16;1;
5740;202000003738;154 735 662;B01;1;7;8;2;5;1;1;
5741;202000003739;154 735 659;B01;1;7;0;2;4;1;1;
5742;202000003739;154 735 660;A01;1;7;0;2;1;1;1;
5743;202000003740;154 735 658;A01;1;7;0;1;3;26;1;
5744;202000003741;154 735 654;A01;2;7;0;2;1;1;1;
5745;202000003741;154 735 655;D01;2;7;0;2;0;0;1;
5746;202000003741;154 735 656;C01;2;7;0;2;4;1;1;
5747;202000003741;154 735 657;B01;2;7;0;2;4;1;1;
5748;202000003742;154 735 653;A01;1;7;3;0;1;1;1;
5749;202000003744;154 735 650;A01;1;7;0;1;8;24;1;
5750;202000003745;154 735 648;B01;1;31;0;2;5;1;1;
5751;202000003745;154 735 649;A01;0;7;0;2;3;19;1;
5752;202000003747;154 735 644;B01;1;10;0;2;2;21;1;
5753;202000003747;154 735 645;A01;1;10;0;0;6;1;1;
5754;202000003748;154 735 643;A01;2;7;3;0;3;9;1;
5755;202000003749;154 735 641;B01;1;7;0;2;3;1;1;
5756;202000003749;154 735 642;A01;1;7;0;2;3;1;1;
5757;202000003750;154 735 639;A01;1;43;0;2;2;1;1;
5758;202000003750;154 735 640;B01;1;7;0;2;0;26;0;
5759;202000003751;154 735 637;B01;2;2;0;2;1;1;1;