;Num_Acc;id_vehicule;num_veh;senc;catv;obs;obsm;choc;manv;motor;occutc
5760;202000003751;154 735 638;A01;1;7;0;2;1;15;1;
5761;202000003752;154 735 633;A01;1;7;0;2;0;0;1;
5762;202000003752;154 735 634;B01;1;33;0;2;0;0;1;
5763;202000003753;154 735 631;A01;2;7;1;0;4;14;1;
5764;202000003754;154 735 629;B01;3;7;0;2;3;0;0;
5765;202000003754;154 735 630;A01;3;32;0;2;2;0;1;
5766;202000003755;154 735 628;A01;1;7;10;0;1;2;1;
5767;202000003756;154 735 627;A01;3;7;0;1;1;26;1;
5768;202000003758;154 735 623;A01;1;7;0;2;1;2;1;
5769;202000003758;154 735 624;B01;1;10;0;2;4;2;1;
5770;202000003759;154 735 621;B01;2;7;0;2;4;1;1;
5771;202000003759;154 735 622;A01;2;7;0;2;1;2;1;
5772;202000003760;154 735 620;A01;2;32;0;0;7;1;1;
5773;202000003761;154 735 618;B01;1;7;0;2;7;1;1;
5774;202000003761;154 735 619;A01;1;10;0;2;8;11;1;
5775;202000003762;154 735 617;A01;1;7;11;0;3;13;1;
5776;202000003763;154 735 616;A01;1;7;0;1;2;15;1;
5777;202000003764;154 735 615;A01;1;1;0;1;1;1;5;
5778;202000003765;154 735 614;A01;2;30;0;0;1;1;3;
5779;202000003766;154 735 613;A01;1;7;1;0;1;14;1;
5780;202000003767;154 735 611;B01;1;10;1;2;3;16;1;
5781;202000003767;154 735 612;A01;2;7;0;2;2;1;1;
5782;202000003768;154 735 609;B01;3;34;0;2;6;1;1;
5783;202000003768;154 735 610;A01;3;7;0;2;7;12;1;
5784;202000003769;154 735 607;A01;3;7;0;2;1;2;1;
5785;202000003769;154 735 608;B01;3;7;0;1;4;1;1;
5786;202000003770;154 735 605;A01;1;7;0;2;1;2;1;
5787;202000003770;154 735 606;B01;1;7;0;2;4;1;1;
5788;202000003772;154 735 602;B01;1;1;1;0;1;14;5;
5789;202000003773;154 735 600;B01;1;7;0;2;1;1;1;
5790;202000003773;154 735 601;A01;1;7;0;2;8;9;1;
5791;202000003774;154 735 598;A01;2;10;0;2;2;7;1;
5792;202000003774;154 735 599;B01;2;1;0;2;4;7;5;
5793;202000003776;154 735 594;A01;1;7;14;2;1;2;1;
5794;202000003776;154 735 595;B01;1;33;5;2;0;0;1;
5795;202000003777;154 735 593;A01;1;7;15;0;1;26;1;
5796;202000003779;154 735 591;A01;1;7;2;0;2;14;1;
5797;202000003780;154 735 590;A01;1;30;0;1;0;26;1;
5798;202000003781;154 735 588;A01;2;7;0;2;1;2;1;
5799;202000003781;154 735 589;B01;2;7;0;2;4;2;1;
5800;202000003784;154 735 583;A01;1;32;2;0;1;1;1;
5801;202000003785;154 735 581;A01;2;10;0;2;1;2;0;
5802;202000003785;154 735 582;B01;2;7;0;2;4;23;1;
5803;202000003786;154 735 580;A01;3;30;0;0;0;1;1;
5804;202000003787;154 735 578;A01;1;7;0;2;3;22;3;
5805;202000003787;154 735 579;B01;1;30;0;2;1;2;0;
5806;202000003788;154 735 575;C01;1;7;0;2;4;2;1;
5807;202000003788;154 735 576;B01;1;7;0;2;4;2;1;
5808;202000003788;154 735 577;A01;1;7;0;2;4;2;1;
5809;202000003789;154 735 573;B01;1;7;0;2;3;1;1;
5810;202000003789;154 735 574;A01;2;7;0;0;8;13;1;
5811;202000003790;154 735 572;A01;1;7;2;0;1;14;4;
5812;202000003791;154 735 570;B01;2;31;0;2;1;1;0;
5813;202000003791;154 735 571;A01;1;7;0;2;3;15;1;
5814;202000003792;154 735 569;A01;1;7;13;0;2;1;1;
5815;202000003793;154 735 568;A01;0;7;13;0;1;1;1;
5816;202000003794;154 735 567;A01;2;7;15;0;0;1;1;
5817;202000003795;154 735 565;B01;1;7;0;2;2;1;0;
5818;202000003795;154 735 566;A01;1;7;0;2;8;23;0;
5819;202000003796;154 735 564;A01;2;7;2;0;7;1;1;
5820;202000003797;154 735 562;A01;1;7;0;2;1;15;1;
5821;202000003797;154 735 563;B01;2;2;0;2;8;1;1;
5822;202000003799;154 735 559;B01;1;7;0;2;2;1;1;
5823;202000003799;154 735 560;A01;1;36;0;2;6;15;1;
5824;202000003800;154 735 557;B01;1;33;0;2;7;17;1;
5825;202000003800;154 735 558;A01;2;7;0;2;8;13;0;
5826;202000003801;154 735 556;A01;2;7;13;0;9;1;1;
5827;202000003802;154 735 555;A01;2;33;0;1;1;1;1;
5828;202000003803;154 735 553;B01;3;2;0;2;2;1;1;
5829;202000003803;154 735 554;A01;3;7;0;2;3;1;1;
5830;202000003804;154 735 551;A01;1;7;3;2;3;1;1;
5831;202000003804;154 735 552;B01;2;7;3;2;3;1;1;
5832;202000003805;154 735 550;A01;1;7;0;1;1;1;1;
5833;202000003806;154 735 549;A01;2;33;15;0;9;17;1;
5834;202000003808;154 735 547;A01;1;7;0;1;1;1;3;
5835;202000003809;154 735 546;A01;1;7;13;0;2;0;1;
5836;202000003810;154 735 545;A01;1;33;0;0;7;1;0;
5837;202000003811;154 735 544;A01;1;7;2;0;1;0;1;
5838;202000003812;154 735 543;A01;1;30;12;0;7;0;1;
5839;202000003813;154 735 542;A01;1;7;2;0;3;1;1;
5840;202000003814;154 735 539;A01;2;7;13;0;2;14;1;
5841;202000003815;154 735 538;A01;1;7;3;0;2;1;1;
5842;202000003816;154 735 536;B01;1;7;0;2;1;1;1;
5843;202000003816;154 735 537;A01;1;7;4;2;1;1;1;
5844;202000003817;154 735 535;A01;1;7;0;1;2;1;1;
5845;202000003819;154 735 531;B01;0;33;0;2;1;1;1;
5846;202000003819;154 735 532;A01;3;10;0;2;2;15;0;
5847;202000003820;154 735 529;B01;2;7;0;2;1;1;1;
5848;202000003820;154 735 530;A01;1;7;0;2;1;13;1;
5849;202000003821;154 735 528;A01;1;10;6;0;3;1;1;
5850;202000003822;154 735 527;A01;1;7;13;0;1;13;0;
5851;202000003824;154 735 523;C01;2;10;0;2;1;1;6;
5852;202000003824;154 735 524;B01;2;10;0;2;8;1;6;
5853;202000003824;154 735 525;A01;1;10;0;2;1;0;6;
5854;202000003825;154 735 521;A01;3;2;0;2;2;1;1;
5855;202000003825;154 735 522;B01;3;7;0;2;1;19;1;
5856;202000003826;154 735 517;A01;2;7;0;9;1;13;1;
5857;202000003826;154 735 518;B01;1;1;0;2;0;0;5;
5858;202000003827;154 735 514;C01;1;10;3;2;1;2;1;
5859;202000003827;154 735 515;A01;1;10;3;2;4;2;1;
5860;202000003827;154 735 516;B01;1;10;3;2;4;2;1;
5861;202000003828;154 735 512;A01;1;7;0;2;2;21;1;
5862;202000003828;154 735 513;B01;1;7;0;2;6;1;1;
5863;202000003829;154 735 511;A01;1;31;0;0;7;1;1;
5864;202000003830;154 735 507;D01;2;7;0;2;5;2;1;
5865;202000003830;154 735 508;B01;2;7;0;2;4;1;1;
5866;202000003830;154 735 509;C01;2;7;0;2;4;2;1;
5867;202000003830;154 735 510;A01;2;7;0;2;1;2;1;
5868;202000003831;154 735 505;A01;1;7;0;2;1;2;1;
5869;202000003831;154 735 506;B01;1;7;0;2;4;23;1;
5870;202000003832;154 735 503;B01;1;7;0;2;3;1;1;
5871;202000003832;154 735 504;A01;1;7;3;2;1;1;1;
5872;202000003833;154 735 502;A01;2;7;4;0;1;1;1;
5873;202000003834;154 735 501;A01;2;17;4;0;1;1;1;
5874;202000003836;154 735 496;A01;2;7;0;2;3;2;1;
5875;202000003836;154 735 497;B01;2;7;0;2;4;21;1;
5876;202000003837;154 735 495;A01;2;33;0;0;9;13;1;
5877;202000003838;154 735 493;A01;1;7;0;2;6;0;0;
5878;202000003838;154 735 494;B01;1;33;0;2;1;0;1;
5879;202000003839;154 735 490;A01;1;7;0;2;2;12;1;
5880;202000003839;154 735 491;C01;1;7;0;2;3;1;1;
5881;202000003839;154 735 492;B01;1;33;0;2;6;3;1;
5882;202000003840;154 735 488;A01;2;31;0;2;1;3;1;
5883;202000003840;154 735 489;B01;2;33;0;2;4;3;1;
5884;202000003841;154 735 486;B01;1;7;0;2;8;1;1;
5885;202000003841;154 735 487;A01;1;14;0;2;2;12;1;
5886;202000003842;154 735 485;A01;3;7;0;1;3;1;1;
5887;202000003843;154 735 483;A01;2;7;0;2;7;15;1;
5888;202000003843;154 735 484;B01;1;99;0;2;1;26;1;
5889;202000003844;154 735 481;A01;3;7;14;2;1;15;1;
5890;202000003844;154 735 482;B01;3;33;14;0;0;0;1;
5891;202000003845;154 735 479;A01;3;7;0;2;3;1;1;
5892;202000003845;154 735 480;B01;3;7;12;0;5;23;1;
5893;202000003846;154 735 477;B01;0;1;0;2;1;1;0;
5894;202000003846;154 735 478;A01;0;7;0;9;8;26;0;
5895;202000003847;154 735 476;B01;2;1;0;1;1;1;5;
5896;202000003848;154 735 474;B01;1;7;0;2;8;2;1;
5897;202000003848;154 735 475;A01;1;10;0;2;2;12;1;
5898;202000003849;154 735 473;A01;1;1;0;9;0;21;5;
5899;202000003850;154 735 471;A01;2;7;0;2;9;1;1;
5900;202000003850;154 735 472;B01;2;10;0;2;7;1;1;
5901;202000003851;154 735 469;B01;3;7;0;2;1;1;1;
5902;202000003851;154 735 470;A01;3;7;0;2;1;1;1;
5903;202000003852;154 735 468;A01;1;43;0;0;1;14;1;
5904;202000003853;154 735 466;A01;1;7;0;2;1;1;0;
5905;202000003853;154 735 467;B01;1;7;0;2;4;1;1;
5906;202000003854;154 735 464;B01;1;10;0;2;9;1;1;
5907;202000003854;154 735 465;A01;1;7;0;2;3;13;1;
5908;202000003855;154 735 462;B01;2;7;0;2;0;0;1;
5909;202000003855;154 735 463;A01;1;1;0;2;2;26;0;
5910;202000003856;154 735 460;A01;1;7;0;2;1;15;1;
5911;202000003856;154 735 461;B01;1;1;0;2;2;26;5;
5912;202000003857;154 735 458;B01;2;99;0;2;2;0;1;
5913;202000003857;154 735 459;A01;2;99;0;2;3;15;1;
5914;202000003858;154 735 456;B01;2;7;1;0;6;0;1;
5915;202000003858;154 735 457;A01;1;7;2;2;9;1;1;
5916;202000003859;154 735 455;A01;0;7;0;1;1;1;1;
5917;202000003860;154 735 453;A01;3;3;0;2;3;1;1;
5918;202000003860;154 735 454;B01;2;1;0;2;2;12;5;
5919;202000003861;154 735 451;A01;1;33;0;2;1;17;1;
5920;202000003861;154 735 452;B01;1;7;0;2;3;15;1;
5921;202000003862;154 735 449;B01;1;7;0;2;7;1;1;
5922;202000003862;154 735 450;A01;2;1;0;2;1;1;5;
5923;202000003864;154 735 442;A01;2;7;0;2;1;2;1;
5924;202000003864;154 735 443;B01;2;7;0;2;4;2;1;
5925;202000003864;154 735 444;C01;2;7;0;2;6;2;1;
5926;202000003865;154 735 441;A01;0;7;0;1;4;4;1;
5927;202000003866;154 735 439;B01;0;7;0;2;1;1;0;
5928;202000003866;154 735 440;A01;3;31;0;2;1;5;1;
5929;202000003867;154 735 435;B01;3;33;1;0;7;1;1;
5930;202000003867;154 735 436;A01;3;7;0;0;2;15;1;
5931;202000003869;154 735 432;A01;1;7;0;2;1;1;1;
5932;202000003869;154 735 433;B01;1;7;0;2;4;23;1;
5933;202000003870;154 735 431;A01;0;7;1;0;1;14;1;
5934;202000003871;154 735 429;A01;1;7;0;2;3;10;1;
5935;202000003871;154 735 430;B01;2;2;0;2;1;1;1;
5936;202000003872;154 735 427;B01;3;7;0;1;8;23;1;
5937;202000003872;154 735 428;A01;3;7;0;1;1;26;1;
5938;202000003873;154 735 424;B01;2;7;0;2;5;1;1;
5939;202000003873;154 735 425;A01;3;32;0;2;1;21;1;
5940;202000003873;154 735 426;C01;2;7;0;9;0;20;1;
5941;202000003874;154 735 422;Z01;1;7;0;2;1;1;1;
5942;202000003874;154 735 423;B01;1;60;0;2;4;1;5;
5943;202000003876;154 735 418;B01;1;1;0;2;1;15;5;
5944;202000003876;154 735 419;A01;2;7;0;9;5;1;1;
5945;202000003877;154 735 416;A01;1;7;14;9;7;9;1;
5946;202000003877;154 735 417;B01;1;0;14;2;7;1;0;
5947;202000003878;154 735 414;B01;3;1;0;2;4;0;5;
5948;202000003878;154 735 415;A01;3;14;0;9;2;12;1;
5949;202000003879;154 735 413;A01;1;7;1;0;1;16;0;
5950;202000003880;154 735 412;A01;2;32;14;0;1;13;1;
5951;202000003882;154 735 408;A01;2;7;0;2;1;13;1;
5952;202000003882;154 735 409;B01;1;7;0;2;1;1;1;
5953;202000003883;154 735 407;A01;3;30;0;1;0;1;0;
5954;202000003884;154 735 405;B01;1;33;0;2;5;1;1;
5955;202000003884;154 735 406;A01;1;7;0;2;2;9;1;
5956;202000003885;154 735 403;B01;1;7;0;2;4;20;1;
5957;202000003885;154 735 404;A01;1;7;0;2;2;1;1;
5958;202000003886;154 735 402;A01;1;33;3;0;1;1;1;
5959;202000003888;154 735 398;B01;1;7;0;2;2;16;1;
5960;202000003888;154 735 399;A01;1;33;0;2;1;18;1;
5961;202000003890;154 735 394;B01;1;7;0;2;3;15;1;
5962;202000003890;154 735 395;A01;1;2;0;2;1;17;1;
5963;202000003891;154 735 392;B01;1;7;0;2;1;9;1;
5964;202000003891;154 735 393;A01;1;33;0;2;7;1;1;
5965;202000003892;154 735 391;A01;1;34;12;0;7;14;1;
5966;202000003893;154 735 390;A01;1;7;0;1;4;20;1;
5967;202000003894;154 735 388;A01;3;7;0;2;4;2;1;
5968;202000003894;154 735 389;B01;3;7;0;2;1;2;1;
5969;202000003895;154 735 386;A01;1;7;7;0;1;9;1;
5970;202000003896;154 735 384;B01;2;32;0;2;7;17;1;
5971;202000003896;154 735 385;A01;2;7;0;2;3;10;1;
5972;202000003898;154 735 380;A01;1;32;0;2;1;2;1;
5973;202000003898;154 735 381;B01;1;7;0;2;6;2;1;
5974;202000003899;154 735 378;B01;3;7;0;2;1;1;1;
5975;202000003899;154 735 379;A01;0;7;0;2;2;1;1;
5976;202000003900;154 735 376;B01;0;7;0;2;4;0;0;
5977;202000003900;154 735 377;A01;2;7;0;2;1;0;1;
5978;202000003901;154 735 375;A01;1;7;0;1;4;4;1;
5979;202000003902;154 735 373;A01;0;10;0;2;2;15;1;
5980;202000003902;154 735 374;B01;2;80;0;2;7;1;3;
5981;202000003903;154 735 371;A01;2;30;0;2;1;19;1;
5982;202000003903;154 735 372;B01;2;32;0;2;1;1;1;
5983;202000003904;154 735 370;A01;1;33;0;5;1;1;1;
5984;202000003905;154 735 368;A01;3;7;0;2;3;0;1;
5985;202000003905;154 735 369;B01;3;1;0;2;6;0;6;
5986;202000003906;154 735 367;A01;2;7;0;1;3;15;1;
5987;202000003907;154 735 365;B01;2;32;0;2;3;1;1;
5988;202000003907;154 735 366;A01;1;7;0;2;1;15;1;
5989;202000003908;154 735 364;A01;2;33;0;1;1;1;1;
5990;202000003909;154 735 362;A01;2;13;0;2;7;1;1;
5991;202000003909;154 735 363;B01;1;7;0;2;1;1;1;
5992;202000003910;154 735 360;A01;1;37;0;2;4;23;1;1.0
5993;202000003910;154 735 361;B01;1;20;0;2;1;26;1;
5994;202000003911;154 735 358;A01;2;33;0;2;1;17;1;
5995;202000003911;154 735 359;B01;2;7;0;2;3;15;1;
5996;202000003912;154 735 356;B01;1;7;0;2;4;23;1;
5997;202000003912;154 735 357;A01;1;30;0;2;1;2;1;
5998;202000003913;154 735 355;A01;1;33;0;0;7;1;1;
5999;202000003914;154 735 352;A01;1;7;0;2;2;11;1;
6000;202000003914;154 735 353;B01;1;7;0;2;6;1;1;
6001;202000003914;154 735 354;C01;1;31;0;2;3;3;1;
6002;202000003915;154 735 350;Z01;1;7;0;2;7;12;0;
6003;202000003915;154 735 351;A01;1;33;0;2;8;3;1;
6004;202000003916;154 735 348;A01;1;7;0;2;3;1;1;
6005;202000003916;154 735 349;B01;1;7;0;2;8;1;1;
6006;202000003917;154 735 347;A01;1;37;0;1;7;1;1;1.0
6007;202000003918;154 735 346;Z01;1;7;0;1;0;1;0;
6008;202000003919;154 735 345;A01;1;50;0;1;8;1;3;
6009;202000003920;154 735 343;A01;1;30;0;2;1;15;1;
6010;202000003920;154 735 344;B01;1;7;0;2;5;1;1;
6011;202000003921;154 735 342;A01;3;30;1;0;2;14;1;
6012;202000003922;154 735 340;B01;1;7;0;2;5;2;1;
6013;202000003922;154 735 341;A01;1;43;0;2;2;2;1;
6014;202000003923;154 735 338;A01;1;7;0;2;3;15;1;
6015;202000003923;154 735 339;B01;2;7;0;2;8;1;1;
6016;202000003924;154 735 337;Z01;3;7;14;0;1;1;1;
6017;202000003925;154 735 335;B01;1;1;0;2;8;1;5;
6018;202000003925;154 735 336;A01;1;30;0;2;1;16;1;
6019;202000003926;154 735 334;A01;2;7;0;1;0;1;1;
6020;202000003927;154 735 332;B01;2;1;0;2;1;7;5;
6021;202000003927;154 735 333;A01;2;14;0;2;8;22;1;
6022;202000003928;154 735 331;A01;2;50;0;0;0;1;3;
6023;202000003929;154 735 330;Z01;2;50;0;1;4;25;3;
6024;202000003930;154 735 328;B01;1;33;0;2;3;1;1;
6025;202000003930;154 735 329;A01;1;7;0;2;6;1;1;
6026;202000003931;154 735 326;B01;2;7;0;2;8;1;1;
6027;202000003931;154 735 327;A01;2;7;0;2;1;1;1;
6028;202000003932;154 735 324;A01;2;60;0;2;0;13;5;
6029;202000003932;154 735 325;Z01;2;13;0;2;0;0;0;
6030;202000003933;154 735 322;A01;1;7;0;2;1;2;1;
6031;202000003933;154 735 323;B01;1;7;0;2;4;2;1;
6032;202000003934;154 735 320;Z01;1;7;0;2;1;9;0;
6033;202000003934;154 735 321;A01;1;1;0;2;4;9;5;
6034;202000003936;154 735 318;A01;2;33;0;1;1;1;0;
6035;202000003937;154 735 316;A01;1;7;0;2;6;17;1;
6036;202000003937;154 735 317;B01;1;2;0;2;1;1;0;
6037;202000003938;154 735 314;A01;3;30;0;2;8;15;0;
6038;202000003938;154 735 315;B01;1;7;0;2;1;1;0;
6039;202000003939;154 735 312;B01;1;7;0;2;0;0;0;
6040;202000003939;154 735 313;A01;1;7;0;2;6;1;1;
6041;202000003940;154 735 310;A01;-1;34;0;2;1;1;1;
6042;202000003940;154 735 311;B01;-1;7;0;2;5;15;1;
6043;202000003941;154 735 309;A01;2;7;0;1;3;26;1;
6044;202000003942;154 735 308;A01;2;7;2;0;1;1;1;
6045;202000003943;154 735 306;A01;2;2;0;2;1;17;1;
6046;202000003943;154 735 307;B01;2;7;0;2;8;15;1;
6047;202000003944;154 735 305;A01;2;7;1;0;2;1;0;
6048;202000003945;154 735 303;B01;1;2;0;9;1;1;6;
6049;202000003945;154 735 304;A01;1;1;0;2;4;19;5;
6050;202000003946;154 735 301;B01;2;33;0;2;6;26;0;
6051;202000003946;154 735 302;A01;1;7;0;2;1;15;0;
6052;202000003947;154 735 299;B01;1;7;0;2;3;1;1;
6053;202000003947;154 735 300;A01;1;7;0;2;1;9;1;
6054;202000003948;154 735 297;B01;1;7;0;2;4;23;0;
6055;202000003948;154 735 298;A01;1;7;0;2;1;2;0;
6056;202000003949;154 735 295;A01;2;10;0;2;3;2;3;
6057;202000003949;154 735 296;B01;1;14;0;2;3;18;1;
6058;202000003950;154 735 293;B01;1;7;12;0;2;1;1;
6059;202000003950;154 735 294;A01;3;7;0;2;1;19;1;
6060;202000003951;154 735 292;A01;2;33;0;0;9;26;1;
6061;202000003952;154 735 290;A01;3;10;0;2;1;2;1;
6062;202000003952;154 735 291;B01;3;1;0;2;4;2;5;
6063;202000003953;154 735 288;A01;0;7;7;0;2;15;0;
6064;202000003953;154 735 289;B01;0;7;0;2;3;1;0;
6065;202000003954;154 735 286;A01;2;1;0;2;0;1;5;
6066;202000003954;154 735 287;B01;1;21;0;2;8;1;1;
6067;202000003955;154 735 285;A01;1;7;0;1;2;1;0;
6068;202000003956;154 735 283;B01;3;7;0;2;3;15;1;
6069;202000003956;154 735 284;A01;3;33;0;2;0;17;1;
6070;202000003957;154 735 282;A01;1;7;3;0;1;2;0;
6071;202000003958;154 735 281;A01;2;7;0;1;2;1;1;
6072;202000003959;154 735 279;A01;2;7;0;0;8;10;1;
6073;202000003959;154 735 280;B01;2;31;0;2;1;2;1;
6074;202000003960;154 735 278;A01;1;2;7;0;3;1;1;
6075;202000003961;154 735 276;A01;2;7;0;2;7;15;1;
6076;202000003961;154 735 277;B01;1;7;0;2;1;1;1;
6077;202000003962;154 735 274;B01;2;7;0;2;3;1;0;
6078;202000003962;154 735 275;A01;3;7;0;2;3;1;0;
6079;202000003963;154 735 273;A01;1;7;13;0;9;21;1;
6080;202000003964;154 735 270;A01;1;7;0;0;4;1;1;
6081;202000003964;154 735 271;C01;1;7;0;0;1;1;1;
6082;202000003964;154 735 272;B01;1;7;0;0;4;1;1;
6083;202000003966;154 735 267;A01;2;2;0;0;8;1;1;
6084;202000003967;154 735 266;A01;3;7;6;0;1;0;1;
6085;202000003968;154 735 264;B01;2;1;0;2;1;1;6;
6086;202000003968;154 735 265;A01;1;7;0;9;2;15;0;
6087;202000003969;154 735 263;A01;1;7;13;0;1;2;1;
6088;202000003970;154 735 261;B01;1;1;0;2;1;1;5;
6089;202000003970;154 735 262;A01;2;7;0;2;2;9;1;
6090;202000003971;154 735 260;A01;1;7;11;0;9;5;1;
6091;202000003972;154 735 259;A01;1;7;17;0;1;14;1;
6092;202000003973;154 735 257;A01;1;34;0;2;3;13;1;
6093;202000003973;154 735 258;B01;2;7;0;2;3;1;1;
6094;202000003974;154 735 255;B01;1;17;0;2;2;21;1;
6095;202000003974;154 735 256;A01;1;7;0;0;3;15;1;
6096;202000003975;154 735 254;A01;2;7;3;0;3;1;1;
6097;202000003976;154 735 251;B01;0;21;0;2;7;9;1;
6098;202000003976;154 735 252;A01;0;31;0;2;1;1;1;
6099;202000003977;154 735 249;A01;1;33;0;2;1;1;1;
6100;202000003977;154 735 250;B01;1;7;0;2;2;9;1;
6101;202000003978;154 735 247;A01;2;7;0;2;1;1;1;
6102;202000003978;154 735 248;B01;1;7;0;0;1;17;0;
6103;202000003979;154 735 245;A01;2;7;0;0;1;17;1;
6104;202000003979;154 735 246;B01;1;7;0;2;1;1;1;
6105;202000003980;154 735 243;A01;2;14;0;2;5;4;1;
6106;202000003980;154 735 244;B01;2;7;0;2;1;1;1;
6107;202000003981;154 735 241;A01;2;7;0;2;3;15;1;
6108;202000003981;154 735 242;B01;1;33;1;2;8;1;1;
6109;202000003983;154 735 238;A01;1;7;15;0;1;1;1;
6110;202000003984;154 735 237;A01;3;7;0;1;6;4;1;
6111;202000003985;154 735 235;B01;1;34;0;0;8;1;0;
6112;202000003985;154 735 236;A01;1;7;0;2;1;19;1;
6113;202000003986;154 735 234;A01;1;2;0;0;7;2;1;
6114;202000003987;154 735 233;A01;2;2;0;0;0;0;1;
6115;202000003989;154 735 228;C01;2;33;0;2;2;2;0;
6116;202000003989;154 735 229;B01;2;7;0;2;2;2;0;
6117;202000003989;154 735 230;A01;2;7;0;0;6;2;0;
6118;202000003990;154 735 226;B01;2;17;0;2;3;1;1;
6119;202000003990;154 735 227;A01;1;33;0;2;1;17;1;
6120;202000003991;154 735 224;B01;1;1;0;2;1;1;5;
6121;202000003991;154 735 225;A01;3;7;0;9;2;15;1;
6122;202000003992;154 735 222;B01;2;2;0;2;8;26;1;
6123;202000003992;154 735 223;A01;0;10;0;2;4;26;1;
6124;202000003993;154 735 220;A01;2;33;0;2;1;1;1;
6125;202000003993;154 735 221;B01;2;7;0;0;5;1;1;
6126;202000003994;154 735 218;B01;3;7;6;2;1;2;1;
6127;202000003994;154 735 219;A01;3;7;3;0;5;2;1;
6128;202000003995;154 735 216;B01;2;7;0;2;1;19;1;
6129;202000003995;154 735 217;A01;1;7;0;2;1;1;1;
6130;202000003996;154 735 215;A01;2;2;0;6;0;0;1;
6131;202000003997;154 735 214;A01;3;33;0;0;0;1;1;
6132;202000003998;154 735 212;B01;1;2;0;2;1;1;1;
6133;202000003998;154 735 213;A01;1;7;0;0;6;9;1;
6134;202000004000;154 735 208;B01;1;7;0;2;1;19;1;
6135;202000004000;154 735 209;A01;2;7;0;2;2;1;0;
6136;202000004001;154 735 207;A01;3;31;7;0;1;14;1;
6137;202000004004;154 735 202;A01;1;33;6;0;8;13;1;
6138;202000004005;154 735 200;B01;1;43;0;2;1;18;1;
6139;202000004005;154 735 201;A01;1;10;0;2;7;14;1;
6140;202000004007;154 735 196;A01;2;7;0;2;4;1;1;
6141;202000004007;154 735 197;B01;2;7;0;2;1;2;1;
6142;202000004008;154 735 193;A01;2;7;0;2;1;1;1;
6143;202000004008;154 735 194;C01;2;7;0;2;0;1;1;
6144;202000004008;154 735 195;B01;2;7;0;2;6;1;1;
6145;202000004009;154 735 192;A01;1;32;3;0;1;0;1;
6146;202000004011;154 735 188;C01;1;7;0;2;1;2;1;
6147;202000004011;154 735 189;B01;1;7;0;2;1;2;1;
6148;202000004011;154 735 190;A01;1;7;0;2;4;2;1;
6149;202000004013;154 735 181;C01;1;10;0;2;1;1;1;
6150;202000004013;154 735 182;A01;1;10;0;2;4;2;6;
6151;202000004013;154 735 183;B01;1;7;0;2;4;2;1;
6152;202000004014;154 735 178;C01;2;7;0;2;1;1;1;
6153;202000004014;154 735 179;A01;2;7;0;2;4;1;1;
6154;202000004014;154 735 180;B01;2;7;0;2;4;1;1;
6155;202000004015;154 735 176;B01;2;7;0;2;2;12;1;
6156;202000004015;154 735 177;A01;2;33;0;2;1;3;1;
6157;202000004016;154 735 174;A01;2;33;0;2;7;1;1;
6158;202000004016;154 735 175;B01;2;10;0;2;3;11;1;
6159;202000004017;154 735 171;A01;1;7;0;2;4;2;1;
6160;202000004017;154 735 172;B01;1;7;0;2;1;2;1;
6161;202000004017;154 735 173;Z01;1;7;0;9;4;2;1;
6162;202000004018;154 735 169;B01;2;31;0;2;1;1;1;
6163;202000004018;154 735 170;A01;1;7;0;2;2;15;1;
6164;202000004019;154 735 166;A01;1;7;0;2;2;11;1;
6165;202000004019;154 735 167;B01;1;7;0;2;1;17;1;
6166;202000004019;154 735 168;C01;1;13;0;2;6;1;1;
6167;202000004020;154 735 165;A01;3;33;0;0;7;16;1;
6168;202000004021;154 735 163;B01;1;15;0;2;6;23;0;
6169;202000004021;154 735 164;A01;1;2;0;5;1;21;1;
6170;202000004022;154 735 161;Z01;0;99;0;2;7;16;6;
6171;202000004022;154 735 162;B01;0;30;0;2;8;1;6;
6172;202000004023;154 735 158;A01;1;7;3;0;1;1;1;
6173;202000004024;154 735 156;A01;2;7;0;2;1;15;1;
6174;202000004024;154 735 157;B01;1;33;0;2;1;1;1;
6175;202000004025;154 735 154;A01;1;7;0;2;1;1;1;
6176;202000004025;154 735 155;B01;2;1;0;2;1;5;5;
6177;202000004026;154 735 153;A01;3;7;0;1;1;1;1;
6178;202000004027;154 735 152;A01;1;30;12;2;7;1;1;
6179;202000004028;154 735 151;A01;1;7;6;0;2;0;1;
6180;202000004029;154 735 150;A01;3;7;0;1;7;1;1;
6181;202000004030;154 735 148;B01;1;32;0;2;1;3;1;
6182;202000004030;154 735 149;A01;1;7;0;2;3;15;3;
6183;202000004031;154 735 146;A01;1;31;0;2;1;2;1;
6184;202000004031;154 735 147;B01;1;7;0;2;6;2;1;
6185;202000004033;154 735 141;A01;2;7;0;2;4;2;1;
6186;202000004033;154 735 142;B01;2;7;0;2;1;2;1;
6187;202000004034;154 735 139;A01;2;10;0;2;8;11;1;
6188;202000004034;154 735 140;B01;2;33;0;2;1;17;1;
6189;202000004035;154 735 138;A01;2;7;7;0;3;12;1;
6190;202000004036;154 735 135;C01;2;7;0;2;4;23;1;
6191;202000004036;154 735 136;B01;2;7;0;2;5;23;1;
6192;202000004036;154 735 137;A01;2;7;0;2;3;21;1;
6193;202000004037;154 735 134;A01;1;7;5;0;2;14;1;
6194;202000004039;154 735 130;A01;1;33;0;2;1;3;1;
6195;202000004039;154 735 131;B01;1;7;0;2;0;12;1;
6196;202000004040;154 735 129;A01;1;33;4;0;8;1;1;
6197;202000004041;154 735 127;A01;2;33;0;2;6;1;1;
6198;202000004041;154 735 128;Z01;2;10;0;2;1;3;0;
6199;202000004042;154 735 125;B01;2;7;0;2;4;0;1;
6200;202000004042;154 735 126;A01;2;10;0;2;1;11;1;
6201;202000004044;154 735 118;B01;1;7;0;2;4;1;0;