;Num_Acc;id_vehicule;num_veh;senc;catv;obs;obsm;choc;manv;motor;occutc
6202;202000004044;154 735 119;A01;1;7;0;2;4;1;0;
6203;202000004044;154 735 120;E01;1;7;0;2;1;1;1;
6204;202000004044;154 735 121;D01;1;7;0;2;4;1;1;
6205;202000004044;154 735 122;C01;1;7;0;2;4;1;1;
6206;202000004045;154 735 116;B01;2;7;0;2;8;1;1;
6207;202000004045;154 735 117;A01;3;7;0;2;1;19;1;
6208;202000004046;154 735 115;A01;2;7;12;1;1;13;1;
6209;202000004047;154 735 113;B01;1;7;0;2;3;15;1;
6210;202000004047;154 735 114;A01;2;2;0;2;1;3;1;
6211;202000004049;154 735 111;Z01;1;7;0;1;0;1;-1;
6212;202000004050;154 735 109;A01;1;7;4;2;3;14;1;
6213;202000004050;154 735 110;B01;1;7;0;2;5;1;1;
6214;202000004051;154 735 107;A01;2;7;1;0;1;0;1;
6215;202000004051;154 735 108;B01;2;7;1;0;8;0;1;
6216;202000004052;154 735 106;A01;0;7;0;1;1;26;6;
6217;202000004053;154 735 104;B01;1;7;2;2;6;1;1;
6218;202000004053;154 735 105;A01;1;7;0;2;2;12;1;
6219;202000004054;154 735 101;C01;2;7;0;2;1;23;1;
6220;202000004054;154 735 102;B01;1;33;0;2;1;1;1;
6221;202000004054;154 735 103;A01;2;7;0;2;7;15;1;
6222;202000004055;154 735 100;A01;1;33;4;0;1;18;1;
6223;202000004056;154 735 096;B01;2;10;0;2;5;15;1;
6224;202000004056;154 735 097;A01;2;7;0;2;1;1;1;
6225;202000004057;154 735 090;B01;1;7;0;2;3;1;1;
6226;202000004057;154 735 091;A01;1;7;0;2;1;9;1;
6227;202000004058;154 735 089;A01;1;33;0;0;8;13;1;
6228;202000004059;154 735 087;A01;1;7;0;2;3;9;1;
6229;202000004059;154 735 088;B01;1;7;0;2;1;1;1;
6230;202000004060;154 735 085;A01;2;7;0;2;3;1;1;
6231;202000004060;154 735 086;B01;1;50;0;2;3;5;3;
6232;202000004061;154 735 083;B01;1;7;0;2;1;2;1;
6233;202000004061;154 735 084;A01;1;7;0;2;4;2;1;
6234;202000004063;154 735 078;B01;2;1;0;2;3;1;5;
6235;202000004063;154 735 079;A01;1;7;0;2;2;15;1;
6236;202000004064;154 735 076;A01;1;7;0;2;3;15;1;
6237;202000004064;154 735 077;B01;2;32;0;2;3;1;1;
6238;202000004066;154 735 073;A01;2;30;0;0;8;1;1;
6239;202000004067;154 735 071;A01;2;32;0;2;2;17;1;
6240;202000004067;154 735 072;B01;3;7;0;2;3;15;1;
6241;202000004068;154 735 069;B01;1;7;0;2;4;2;1;
6242;202000004068;154 735 070;A01;1;7;0;2;1;2;1;
6243;202000004069;154 735 067;B01;2;7;0;2;3;1;1;
6244;202000004069;154 735 068;A01;1;7;0;2;3;1;1;
6245;202000004070;154 735 065;B01;1;20;0;0;4;2;1;
6246;202000004070;154 735 066;Z01;1;7;0;2;1;26;1;
6247;202000004071;154 735 063;A01;3;7;0;2;7;19;1;
6248;202000004071;154 735 064;B01;2;42;0;2;1;1;1;
6249;202000004072;154 735 062;A01;1;7;0;1;1;16;1;
6250;202000004073;154 735 060;A01;2;33;0;2;1;17;1;
6251;202000004073;154 735 061;B01;1;7;0;2;3;15;1;
6252;202000004074;154 735 059;A01;1;7;11;0;1;13;1;
6253;202000004075;154 735 058;A01;1;7;0;1;1;1;1;
6254;202000004076;154 735 055;A01;1;7;0;2;1;2;1;
6255;202000004076;154 735 056;B01;1;7;0;2;4;2;1;
6256;202000004076;154 735 057;C01;1;7;0;2;4;2;1;
6257;202000004077;154 735 053;A01;1;7;0;2;1;9;1;
6258;202000004077;154 735 054;B01;1;7;0;2;2;1;1;
6259;202000004078;154 735 052;A01;0;7;0;1;2;1;1;
6260;202000004079;154 735 051;A01;2;7;0;1;1;1;1;
6261;202000004080;154 735 049;B01;2;2;0;2;8;15;1;
6262;202000004080;154 735 050;A01;2;7;0;2;7;17;1;
6263;202000004081;154 735 048;A01;2;7;0;1;2;1;2;
6264;202000004082;154 735 046;B01;1;14;0;2;4;2;1;
6265;202000004082;154 735 047;A01;1;7;0;2;1;2;1;
6266;202000004083;154 735 043;A01;0;43;0;2;3;26;1;
6267;202000004083;154 735 045;B01;0;7;0;0;0;0;1;
6268;202000004084;154 735 044;A01;2;30;0;0;8;16;1;
6269;202000004085;154 735 040;B01;1;32;0;2;5;1;1;
6270;202000004085;154 735 041;A01;1;7;0;2;3;15;1;
6271;202000004086;154 735 042;A01;0;7;8;0;1;26;1;
6272;202000004089;154 735 034;A01;2;7;0;2;1;2;1;
6273;202000004089;154 735 035;B01;2;7;14;0;4;2;1;
6274;202000004089;154 735 037;C01;2;7;14;0;0;1;1;
6275;202000004089;154 735 038;D01;2;7;0;2;4;0;1;
6276;202000004090;154 735 032;A01;1;7;0;2;3;23;3;
6277;202000004090;154 735 033;B01;1;99;0;2;8;25;0;
6278;202000004091;154 735 030;A01;1;7;0;2;4;4;1;
6279;202000004091;154 735 031;B01;1;1;0;2;1;1;5;
6280;202000004093;154 735 027;A01;1;50;0;0;0;1;3;
6281;202000004094;154 735 024;A01;1;7;0;2;1;13;1;
6282;202000004094;154 735 026;B01;2;7;0;2;1;1;1;
6283;202000004095;154 735 025;A01;1;2;0;0;1;26;1;
6284;202000004096;154 735 023;A01;1;31;0;1;1;1;1;
6285;202000004097;154 735 020;A01;1;50;0;2;1;19;3;
6286;202000004097;154 735 022;B01;2;32;0;2;8;1;1;
6287;202000004099;154 735 017;A01;1;7;12;0;2;14;6;
6288;202000004100;154 735 018;A01;2;31;0;0;0;1;3;
6289;202000004101;154 735 015;A01;0;7;0;1;3;1;1;
6290;202000004102;154 735 014;B01;2;7;0;2;4;2;1;
6291;202000004102;154 735 016;A01;2;2;0;2;1;2;1;
6292;202000004103;154 735 012;A01;2;10;0;1;3;26;1;
6293;202000004104;154 735 011;A01;1;7;0;2;7;9;1;
6294;202000004104;154 735 013;B01;0;1;0;2;7;15;0;
6295;202000004105;154 735 010;A01;3;7;12;0;1;26;1;
6296;202000004106;154 735 006;C01;2;7;0;2;1;23;1;
6297;202000004106;154 735 008;B01;1;7;12;2;1;1;1;
6298;202000004106;154 735 009;A01;3;7;0;2;0;26;0;
6299;202000004107;154 735 005;A01;1;7;0;2;7;26;0;
6300;202000004107;154 735 007;B01;1;37;0;2;3;1;0;3.0
6301;202000004108;154 735 003;A01;1;10;0;1;1;1;1;
6302;202000004109;154 735 002;B01;3;7;0;9;2;23;0;
6303;202000004109;154 735 004;A01;3;1;0;2;1;1;5;
6304;202000004110;154 735 000;A01;2;7;0;1;1;15;1;
6305;202000004111;154 734 999;A01;1;1;1;2;3;21;5;
6306;202000004111;154 735 001;B01;1;7;0;2;2;1;1;
6307;202000004112;154 734 997;A01;-1;31;0;0;1;1;1;
6308;202000004112;154 734 998;B01;-1;7;0;2;0;0;1;
6309;202000004113;154 734 994;A01;1;33;0;1;1;1;1;
6310;202000004113;154 734 996;B01;1;37;0;2;8;23;4;1.0
6311;202000004114;154 734 993;B01;1;7;0;2;3;15;1;
6312;202000004114;154 734 995;A01;1;43;0;2;2;17;1;
6313;202000004115;154 734 990;B01;0;80;0;2;1;1;3;
6314;202000004115;154 734 992;A01;0;7;0;2;3;15;1;
6315;202000004116;154 734 987;C01;1;10;0;2;4;1;1;
6316;202000004116;154 734 988;B01;1;10;0;2;4;1;1;
6317;202000004116;154 734 989;A01;1;10;0;2;4;23;1;
6318;202000004116;154 734 991;D01;1;10;0;2;1;1;0;
6319;202000004117;154 734 985;Z01;1;2;0;2;0;1;0;
6320;202000004117;154 734 986;A01;1;10;0;2;3;16;1;
6321;202000004118;154 734 983;A01;2;7;13;0;1;1;1;
6322;202000004119;154 734 980;A01;1;7;0;2;3;1;1;
6323;202000004119;154 734 981;B01;2;7;0;2;3;15;1;
6324;202000004120;154 734 978;A01;2;7;0;2;1;15;1;
6325;202000004120;154 734 979;B01;1;7;0;2;7;1;1;
6326;202000004121;154 734 976;A01;2;7;0;2;1;13;1;
6327;202000004121;154 734 977;B01;2;7;0;2;4;1;1;
6328;202000004122;154 734 982;B01;0;7;0;2;3;1;1;
6329;202000004122;154 734 984;A01;0;7;0;2;2;9;1;
6330;202000004123;154 734 974;A01;2;37;0;2;8;2;0;1.0
6331;202000004123;154 734 975;B01;1;1;0;2;7;2;0;
6332;202000004124;154 734 972;B01;1;7;0;2;8;16;1;
6333;202000004124;154 734 973;A01;1;30;0;2;1;1;1;
6334;202000004125;154 734 970;A01;1;7;0;2;4;2;0;
6335;202000004125;154 734 971;B01;2;7;0;2;1;2;0;
6336;202000004126;154 734 966;B01;1;7;0;2;4;1;1;
6337;202000004126;154 734 967;A01;1;7;0;2;1;1;1;
6338;202000004127;154 734 962;A01;1;7;0;2;2;15;0;
6339;202000004127;154 734 965;B01;2;2;0;2;1;2;0;
6340;202000004128;154 734 961;C01;1;10;0;2;4;1;0;
6341;202000004128;154 734 963;B01;1;7;0;2;4;1;1;
6342;202000004128;154 734 964;A01;1;7;0;2;1;1;1;
6343;202000004129;154 734 958;B01;2;33;0;2;2;1;1;
6344;202000004129;154 734 960;A01;1;7;0;2;3;15;3;
6345;202000004130;154 734 957;B01;2;7;0;2;3;1;0;
6346;202000004130;154 734 959;A01;1;33;0;2;3;1;0;
6347;202000004131;154 734 955;B01;1;7;0;2;6;1;1;
6348;202000004131;154 734 956;A01;2;31;0;2;1;1;1;
6349;202000004132;154 734 953;B01;1;7;0;2;2;15;0;
6350;202000004132;154 734 954;A01;2;34;0;2;1;7;0;
6351;202000004133;154 734 951;A01;2;99;13;0;1;14;1;
6352;202000004134;154 734 950;B01;0;32;0;2;1;0;0;
6353;202000004134;154 734 952;A01;0;7;0;2;6;15;0;
6354;202000004135;154 734 948;A01;1;7;0;1;1;2;1;
6355;202000004137;154 734 945;A01;1;7;0;1;1;1;1;
6356;202000004138;154 734 944;B01;1;7;0;0;4;2;1;
6357;202000004138;154 734 946;A01;2;7;0;2;1;2;1;
6358;202000004139;154 734 943;A01;1;33;13;0;2;14;0;
6359;202000004140;154 734 941;A01;1;99;0;2;1;19;1;
6360;202000004140;154 734 942;B01;2;7;0;2;8;1;1;
6361;202000004141;154 734 939;B01;1;31;0;2;1;1;1;
6362;202000004141;154 734 940;A01;2;7;0;2;2;15;1;
6363;202000004142;154 734 938;A01;1;34;13;0;1;1;1;
6364;202000004143;154 734 936;A01;2;7;0;2;2;1;1;
6365;202000004143;154 734 937;B01;3;7;0;2;3;1;1;
6366;202000004144;154 734 934;B01;2;7;3;2;3;1;1;
6367;202000004144;154 734 935;A01;1;7;3;2;3;13;1;
6368;202000004145;154 734 932;A01;2;7;0;2;3;13;1;
6369;202000004145;154 734 933;B01;2;31;0;2;7;1;1;
6370;202000004146;154 734 930;A01;2;7;0;2;3;5;1;
6371;202000004146;154 734 931;B01;1;7;0;2;3;0;1;
6372;202000004147;154 734 928;A01;3;7;0;1;2;1;1;
6373;202000004148;154 734 927;A01;2;30;0;2;1;25;1;
6374;202000004148;154 734 929;B01;3;7;0;2;2;1;1;
6375;202000004149;154 734 924;B01;2;31;0;2;7;1;1;
6376;202000004149;154 734 925;A01;2;7;0;2;1;9;1;
6377;202000004151;154 734 921;A01;3;7;0;1;2;1;1;
6378;202000004152;154 734 919;B01;3;7;0;2;1;5;1;
6379;202000004152;154 734 920;A01;3;7;0;2;1;1;1;
6380;202000004153;154 734 918;A01;0;7;0;1;1;1;1;
6381;202000004154;154 734 916;B01;1;7;0;2;1;1;1;
6382;202000004154;154 734 917;A01;2;33;0;2;0;1;1;
6383;202000004155;154 734 915;A01;2;7;11;0;9;26;1;
6384;202000004156;154 734 912;A01;1;7;0;2;2;21;0;
6385;202000004156;154 734 914;B01;1;99;0;2;3;1;0;
6386;202000004157;154 734 911;A01;2;10;0;2;1;2;1;
6387;202000004157;154 734 913;B01;2;7;0;2;4;1;1;
6388;202000004158;154 734 910;A01;2;7;6;0;1;0;0;
6389;202000004159;154 734 904;B01;1;33;0;2;8;1;1;
6390;202000004159;154 734 905;A01;1;7;0;2;7;12;1;
6391;202000004160;154 734 899;C01;2;7;0;2;1;1;1;
6392;202000004160;154 734 901;B01;2;7;0;2;3;1;1;
6393;202000004160;154 734 903;A01;1;7;6;2;3;13;1;
6394;202000004161;154 734 898;A01;2;7;0;2;2;12;3;
6395;202000004161;154 734 900;B01;2;31;0;2;3;3;1;
6396;202000004161;154 734 902;C01;2;10;0;2;6;1;1;
6397;202000004162;154 734 896;A01;3;7;0;0;1;1;1;
6398;202000004162;154 734 897;B01;3;7;0;0;2;15;1;
6399;202000004163;154 734 894;B01;1;7;0;2;5;16;1;
6400;202000004163;154 734 895;A01;1;31;0;2;1;2;1;
6401;202000004164;154 734 890;B01;1;7;0;2;3;2;1;
6402;202000004164;154 734 893;A01;1;33;0;2;2;19;1;
6403;202000004165;154 734 891;B01;1;10;0;2;3;15;1;
6404;202000004165;154 734 892;A01;1;30;0;2;1;17;1;
6405;202000004166;154 734 889;A01;1;33;0;0;7;0;0;
6406;202000004167;154 734 888;A01;1;1;9;0;1;1;5;
6407;202000004168;154 734 887;A01;2;33;0;0;0;1;1;
6408;202000004169;154 734 884;B01;3;7;0;2;6;24;1;
6409;202000004169;154 734 886;A01;3;7;0;2;3;13;1;
6410;202000004170;154 734 883;A01;1;7;0;2;1;13;1;
6411;202000004170;154 734 885;B01;2;7;0;2;1;1;1;
6412;202000004171;154 734 881;A01;1;2;0;2;2;17;1;
6413;202000004171;154 734 882;B01;1;7;0;2;1;15;1;
6414;202000004173;154 734 877;B01;2;7;0;2;1;1;0;
6415;202000004173;154 734 878;A01;2;7;0;2;7;19;0;
6416;202000004174;154 734 875;A01;1;30;0;2;1;13;1;
6417;202000004174;154 734 876;B01;2;7;0;2;3;23;2;
6418;202000004175;154 734 874;A01;1;7;4;0;3;1;1;
6419;202000004176;154 734 873;A01;2;1;0;0;7;1;5;
6420;202000004177;154 734 870;B01;1;13;0;2;7;1;1;
6421;202000004177;154 734 871;A01;2;7;0;2;7;1;1;
6422;202000004178;154 734 872;A01;2;7;0;1;2;1;1;
6423;202000004179;154 734 869;A01;0;1;0;1;1;1;5;
6424;202000004180;154 734 865;B01;3;2;0;2;1;1;1;
6425;202000004180;154 734 867;A01;3;7;0;2;3;1;1;
6426;202000004181;154 734 862;B01;2;7;13;2;3;1;1;
6427;202000004181;154 734 864;A01;1;7;10;2;3;5;1;
6428;202000004182;154 734 861;B01;1;1;0;2;3;1;5;
6429;202000004182;154 734 863;A01;1;3;0;9;7;2;1;
6430;202000004183;154 734 860;A01;0;7;1;0;1;1;1;
6431;202000004184;154 734 857;B01;2;10;0;2;2;1;1;
6432;202000004184;154 734 859;A01;2;33;0;2;1;1;1;
6433;202000004186;154 734 854;A01;1;7;0;2;5;21;1;
6434;202000004186;154 734 855;B01;1;2;0;2;1;2;1;
6435;202000004187;154 734 853;A01;3;7;6;0;1;0;1;
6436;202000004188;154 734 851;A01;2;33;13;0;1;1;1;
6437;202000004189;154 734 849;A01;3;7;8;0;1;0;1;
6438;202000004190;154 734 848;A01;0;7;0;2;2;13;1;
6439;202000004190;154 734 850;C01;0;7;0;2;0;0;1;
6440;202000004190;154 734 852;B01;0;50;0;2;2;13;3;
6441;202000004192;154 734 845;B01;1;30;0;2;1;0;0;
6442;202000004192;154 734 846;A01;1;7;0;2;2;16;1;
6443;202000004193;154 734 844;A01;2;7;0;1;1;9;1;
6444;202000004194;154 734 843;A01;3;31;2;0;1;1;1;
6445;202000004196;154 734 839;B01;2;7;3;2;5;17;1;
6446;202000004196;154 734 841;A01;2;7;0;2;3;13;1;
6447;202000004197;154 734 838;A01;1;7;0;1;2;1;1;
6448;202000004198;154 734 836;A01;1;7;0;2;2;13;1;
6449;202000004198;154 734 837;B01;2;1;0;2;1;1;5;
6450;202000004199;154 734 835;A01;3;7;0;1;1;1;1;
6451;202000004200;154 734 832;A01;3;7;8;0;1;1;1;
6452;202000004201;154 734 833;B01;1;7;0;2;1;2;1;
6453;202000004201;154 734 834;A01;1;7;0;0;4;23;1;
6454;202000004202;154 734 829;A01;3;7;0;2;2;26;1;
6455;202000004202;154 734 831;B01;3;7;0;0;3;1;1;
6456;202000004203;154 734 830;A01;2;7;4;0;1;26;1;
6457;202000004204;154 734 826;A01;2;30;0;2;1;17;1;
6458;202000004204;154 734 828;B01;2;16;0;2;3;15;1;
6459;202000004205;154 734 824;A01;2;7;0;2;6;2;1;
6460;202000004205;154 734 825;B01;2;33;0;2;1;2;1;
6461;202000004206;154 734 823;B01;2;10;0;2;4;1;1;
6462;202000004206;154 734 827;A01;2;7;0;2;1;1;1;
6463;202000004207;154 734 821;A01;2;33;0;0;7;1;1;
6464;202000004208;154 734 819;C01;3;13;1;0;3;0;1;
6465;202000004208;154 734 820;B01;3;7;1;2;3;2;1;
6466;202000004208;154 734 822;A01;3;7;0;2;1;15;1;
6467;202000004209;154 734 817;B01;1;2;0;2;1;1;0;
6468;202000004209;154 734 818;A01;1;7;0;2;2;15;0;
6469;202000004210;154 734 814;C01;1;7;0;2;4;2;1;
6470;202000004210;154 734 815;B01;1;7;0;2;4;1;0;
6471;202000004210;154 734 816;A01;1;7;0;2;1;2;1;
6472;202000004211;154 734 813;A01;1;31;0;1;1;11;1;
6473;202000004212;154 734 811;B01;0;33;0;0;4;2;1;
6474;202000004212;154 734 812;A01;0;7;0;2;1;2;1;
6475;202000004213;154 734 809;A01;1;7;0;2;2;10;0;
6476;202000004213;154 734 810;B01;1;2;0;2;1;1;0;
6477;202000004214;154 734 808;A01;1;10;0;1;2;0;0;
6478;202000004215;154 734 807;A01;-1;7;0;1;1;1;1;
6479;202000004216;154 734 806;A01;2;7;13;0;1;0;1;
6480;202000004218;154 734 801;A01;1;7;0;2;1;1;1;
6481;202000004218;154 734 803;B01;1;2;0;0;4;1;1;
6482;202000004219;154 734 800;B01;1;7;0;2;1;1;0;
6483;202000004219;154 734 802;A01;2;7;0;2;3;10;0;
6484;202000004220;154 734 798;B01;2;7;0;2;1;1;1;
6485;202000004220;154 734 799;A01;1;7;0;2;5;0;1;
6486;202000004221;154 734 796;A01;0;7;0;2;5;16;1;
6487;202000004221;154 734 797;B01;0;34;0;2;0;0;1;
6488;202000004222;154 734 794;A01;1;7;0;1;1;1;0;
6489;202000004224;154 734 790;A01;2;50;0;2;1;25;3;
6490;202000004224;154 734 791;B01;1;7;0;2;3;23;1;
6491;202000004225;154 734 789;A01;1;7;0;1;2;9;1;
6492;202000004226;154 734 787;B01;1;15;0;2;5;1;1;
6493;202000004226;154 734 788;A01;1;7;0;0;5;1;1;
6494;202000004227;154 734 785;B01;1;0;0;2;1;1;1;
6495;202000004227;154 734 786;A01;1;10;0;2;8;10;1;
6496;202000004228;154 734 782;C01;1;7;1;2;1;2;1;
6497;202000004228;154 734 783;B01;1;7;0;2;4;23;1;
6498;202000004228;154 734 784;A01;1;7;0;2;4;23;1;
6499;202000004229;154 734 780;B01;3;7;0;2;4;24;1;
6500;202000004229;154 734 781;A01;2;33;1;0;8;1;1;
6501;202000004230;154 734 778;A01;1;33;0;2;3;16;1;
6502;202000004230;154 734 779;B01;1;10;0;2;7;16;0;
6503;202000004231;154 734 776;B01;1;1;1;0;1;2;0;
6504;202000004231;154 734 777;A01;1;7;0;9;3;24;1;
6505;202000004232;154 734 775;Y01;1;60;0;0;1;1;5;
6506;202000004234;154 734 774;A01;2;33;3;0;7;1;1;
6507;202000004235;154 734 772;B01;1;7;0;2;1;1;1;
6508;202000004235;154 734 773;A01;1;7;0;2;3;9;1;
6509;202000004236;154 734 770;A01;2;7;0;2;3;1;1;
6510;202000004236;154 734 771;B01;1;50;0;0;0;1;3;
6511;202000004237;154 734 769;A01;2;33;0;0;0;1;1;
6512;202000004238;154 734 768;A01;1;1;0;0;1;1;5;
6513;202000004239;154 734 766;A01;2;33;0;1;0;1;1;
6514;202000004240;154 734 763;Z01;0;7;0;9;0;0;0;
6515;202000004240;154 734 764;B01;1;99;0;2;1;1;3;
6516;202000004241;154 734 762;A01;1;7;13;0;1;1;1;
6517;202000004242;154 734 761;A01;2;7;2;0;1;1;1;
6518;202000004243;154 734 765;B01;1;7;0;2;1;26;0;
6519;202000004243;154 734 767;A01;1;31;0;2;4;26;1;
6520;202000004244;154 734 759;A01;0;7;1;0;2;0;0;
6521;202000004244;154 734 760;B01;0;7;0;1;4;22;0;
6522;202000004245;154 734 756;A01;2;7;0;2;5;26;1;
6523;202000004245;154 734 757;B01;1;31;0;2;1;26;1;
6524;202000004246;154 734 754;A01;2;7;0;2;2;1;1;
6525;202000004246;154 734 755;B01;2;17;0;2;6;1;1;
6526;202000004247;154 734 752;B01;1;7;0;2;1;1;1;
6527;202000004247;154 734 753;A01;2;7;0;2;1;5;1;
6528;202000004248;154 734 751;A01;2;17;0;2;2;12;1;
6529;202000004248;154 734 758;B01;2;7;0;2;6;1;1;
6530;202000004249;154 734 749;A01;2;32;0;2;1;13;1;
6531;202000004249;154 734 750;B01;1;7;0;2;1;1;1;
6532;202000004250;154 734 746;A01;1;7;0;0;6;1;0;
6533;202000004250;154 734 747;B01;1;33;7;2;1;6;0;
6534;202000004251;154 734 744;B01;1;7;0;2;3;2;1;
6535;202000004251;154 734 748;A01;1;7;0;2;2;17;2;
6536;202000004252;154 734 742;B01;1;7;0;2;4;23;1;
6537;202000004252;154 734 743;A01;1;7;0;2;1;2;1;
6538;202000004253;154 734 740;B01;2;7;0;2;5;1;1;
6539;202000004253;154 734 741;A01;2;7;0;2;3;13;1;
6540;202000004254;154 734 739;A01;2;7;3;2;1;1;1;
6541;202000004255;154 734 738;A01;2;7;4;0;2;12;1;
6542;202000004256;154 734 745;A01;1;7;0;0;2;2;1;
6543;202000004257;154 734 737;A01;1;7;0;0;3;1;1;
6544;202000004259;154 734 733;A01;2;7;4;2;2;12;1;
6545;202000004259;154 734 734;C01;2;7;0;2;6;1;1;
6546;202000004259;154 734 735;B01;2;7;4;2;6;1;1;
6547;202000004260;154 734 730;B01;1;34;1;0;0;1;1;
6548;202000004260;154 734 732;A01;1;17;0;2;0;23;1;
6549;202000004261;154 734 729;A01;3;33;0;2;8;1;1;
6550;202000004262;154 734 727;B01;2;7;1;0;1;1;1;
6551;202000004262;154 734 728;A01;2;7;0;2;4;23;1;
6552;202000004263;154 734 725;B01;1;33;0;2;1;17;1;
6553;202000004263;154 734 726;A01;1;7;0;2;4;15;1;
6554;202000004264;154 734 731;A01;1;7;0;1;1;1;1;
6555;202000004266;154 734 721;A01;1;7;0;2;1;1;1;
6556;202000004266;154 734 722;B01;2;7;0;2;1;17;1;
6557;202000004267;154 734 719;A01;1;7;0;2;2;15;1;
6558;202000004267;154 734 720;B01;2;7;0;2;1;1;1;
6559;202000004268;154 734 717;B01;2;7;0;2;3;1;1;
6560;202000004268;154 734 718;A01;1;7;0;2;1;13;1;
6561;202000004269;154 734 714;A01;3;36;13;0;1;1;1;
6562;202000004270;154 734 715;B01;1;2;0;2;1;1;1;
6563;202000004270;154 734 716;A01;2;7;0;2;8;15;1;
6564;202000004271;154 734 713;A01;3;33;0;5;1;1;1;
6565;202000004272;154 734 711;A01;3;7;0;2;1;2;1;
6566;202000004272;154 734 712;B01;3;33;0;2;4;2;1;
6567;202000004273;154 734 709;A01;2;7;0;2;3;1;1;
6568;202000004273;154 734 710;B01;1;7;0;2;7;1;1;
6569;202000004274;154 734 706;A01;3;7;0;2;1;1;1;
6570;202000004274;154 734 708;B01;3;7;0;2;3;11;1;
6571;202000004275;154 734 705;A01;2;7;0;2;2;1;1;
6572;202000004275;154 734 707;B01;2;2;0;2;4;1;1;
6573;202000004276;154 734 702;A01;2;7;0;2;1;2;1;
6574;202000004276;154 734 703;B01;2;7;0;2;4;23;1;
6575;202000004276;154 734 704;C01;2;7;0;2;4;23;1;
6576;202000004277;154 734 701;A01;3;7;4;0;0;1;1;
6577;202000004278;154 734 700;A01;1;33;1;0;0;1;1;
6578;202000004279;154 734 698;A01;1;7;0;2;3;1;1;
6579;202000004279;154 734 699;B01;2;50;0;2;1;1;3;
6580;202000004280;154 734 697;A01;1;21;0;1;6;1;1;
6581;202000004281;154 734 696;A01;1;34;0;2;7;21;1;
6582;202000004282;154 734 694;B01;1;7;0;2;1;1;1;
6583;202000004282;154 734 695;A01;2;10;0;2;8;19;1;
6584;202000004284;154 734 691;A01;2;2;0;1;1;1;1;
6585;202000004285;154 734 688;B01;1;7;0;2;1;0;1;
6586;202000004285;154 734 690;A01;2;7;0;2;1;13;1;
6587;202000004286;154 734 687;A01;1;7;0;2;1;13;1;
6588;202000004286;154 734 689;B01;2;7;0;2;1;1;1;
6589;202000004287;154 734 686;A01;1;7;4;0;1;21;1;
6590;202000004288;154 734 682;B01;1;7;0;2;3;21;1;
6591;202000004288;154 734 684;A01;1;7;0;2;2;0;1;
6592;202000004289;154 734 681;A01;2;7;0;2;4;1;1;
6593;202000004289;154 734 683;B01;2;7;0;2;1;2;1;
6594;202000004289;154 734 685;C01;2;7;0;2;1;2;1;
6595;202000004290;154 734 678;A01;2;7;6;0;3;11;1;
6596;202000004291;154 734 679;A01;2;10;0;2;2;15;1;
6597;202000004291;154 734 680;B01;1;34;0;2;1;1;1;
6598;202000004293;154 734 675;B01;1;33;0;2;3;9;0;
6599;202000004293;154 734 676;A01;1;7;0;2;5;17;0;
6600;202000004294;154 734 674;A01;1;17;0;0;0;13;1;
6601;202000004295;154 734 672;B01;2;7;0;2;2;0;1;
6602;202000004295;154 734 673;A01;2;7;0;2;3;0;1;
6603;202000004296;154 734 670;A01;2;10;0;2;3;15;1;
6604;202000004296;154 734 671;B01;1;2;0;2;1;1;1;
6605;202000004297;154 734 668;B01;2;32;0;2;3;1;1;
6606;202000004297;154 734 669;A01;1;7;0;2;3;15;1;
6607;202000004298;154 734 667;A01;1;34;0;0;0;1;1;
6608;202000004299;154 734 666;A01;3;7;0;1;7;26;1;
6609;202000004300;154 734 664;B01;2;7;0;0;3;1;1;
6610;202000004300;154 734 665;A01;1;7;0;2;3;0;1;
6611;202000004301;154 734 663;A01;1;7;0;0;9;1;1;
6612;202000004302;154 734 662;A01;2;7;0;0;9;21;1;
6613;202000004304;154 734 660;A01;2;7;17;0;7;16;0;
6614;202000004305;154 734 657;A01;0;2;0;0;0;0;0;
6615;202000004306;154 734 654;A01;2;7;0;2;3;15;1;
6616;202000004306;154 734 656;B01;2;33;0;2;1;1;1;
6617;202000004307;154 734 653;A01;2;7;8;2;7;1;1;
6618;202000004307;154 734 655;B01;1;7;0;2;1;19;1;
6619;202000004308;154 734 651;A01;2;7;0;2;8;19;1;
6620;202000004308;154 734 652;B01;1;7;0;2;1;1;1;
6621;202000004309;154 734 647;B01;1;7;0;2;7;11;0;
6622;202000004309;154 734 650;A01;1;32;0;2;1;1;0;
6623;202000004310;154 734 648;B01;2;14;0;2;5;15;1;
6624;202000004310;154 734 649;A01;2;33;0;2;4;17;1;
6625;202000004312;154 734 644;A01;3;31;0;2;1;1;1;
6626;202000004312;154 734 645;B01;3;7;0;2;1;1;1;
6627;202000004313;154 734 643;A01;2;31;0;1;1;1;1;
6628;202000004314;154 734 642;A01;2;7;13;0;1;13;1;
6629;202000004315;154 734 638;A01;3;2;0;2;7;2;1;
6630;202000004315;154 734 640;B01;3;7;0;2;3;15;1;
6631;202000004316;154 734 639;A01;1;7;0;2;2;1;1;
6632;202000004316;154 734 641;B01;1;7;0;2;6;15;1;
6633;202000004319;154 734 629;A01;1;80;0;2;3;2;3;
6634;202000004319;154 734 631;Z01;1;7;0;9;1;9;0;
6635;202000004320;154 734 630;A01;2;99;0;0;0;2;1;
6636;202000004321;154 734 628;A01;1;10;1;0;3;1;1;
6637;202000004323;154 734 625;A01;1;2;0;4;8;15;1;
6638;202000004323;154 734 626;B01;2;40;0;2;0;1;3;
6639;202000004325;154 734 623;A01;1;40;0;1;3;1;3;
6640;202000004326;154 734 620;A01;1;7;1;1;1;5;1;
6641;202000004326;154 734 622;B01;2;7;0;2;1;23;1;
6642;202000004327;154 734 618;A01;1;7;0;0;0;1;1;
6643;202000004328;154 734 619;B01;1;7;0;2;3;19;0;