;Num_Acc;id_vehicule;num_veh;senc;catv;obs;obsm;choc;manv;motor;occutc
6644;202000004328;154 734 621;A01;2;7;0;2;1;21;0;
6645;202000004330;154 734 613;A01;2;7;8;2;3;9;1;
6646;202000004330;154 734 615;B01;2;15;0;2;2;14;1;
6647;202000004331;154 734 614;A01;3;7;0;2;8;6;1;
6648;202000004331;154 734 616;B01;2;7;0;2;1;1;1;
6649;202000004333;154 734 611;A01;1;7;0;1;1;20;1;
6650;202000004334;154 734 608;B01;0;7;0;2;8;0;1;
6651;202000004334;154 734 610;A01;0;31;0;2;1;17;1;
6652;202000004335;154 734 606;B01;3;1;0;2;3;14;5;
6653;202000004335;154 734 607;A01;2;7;0;2;3;14;1;
6654;202000004336;154 734 609;A01;3;36;0;0;3;0;1;
6655;202000004337;154 734 604;A01;2;7;0;2;7;13;1;
6656;202000004337;154 734 605;B01;1;7;0;2;1;1;2;
6657;202000004338;154 734 601;A01;2;7;0;2;1;13;1;
6658;202000004338;154 734 603;B01;1;7;0;2;1;1;1;
6659;202000004339;154 734 600;B01;1;2;0;2;5;15;1;
6660;202000004339;154 734 602;A01;1;7;0;2;2;1;1;
6661;202000004340;154 734 597;A01;0;7;13;0;9;1;1;
6662;202000004342;154 734 592;B01;1;1;0;2;1;1;5;
6663;202000004342;154 734 594;A01;1;7;0;2;1;9;1;
6664;202000004343;154 734 593;B01;1;2;0;0;4;1;1;
6665;202000004343;154 734 595;A01;1;7;0;2;1;1;1;
6666;202000004344;154 734 591;A01;0;7;0;1;1;1;1;
6667;202000004345;154 734 589;B01;1;7;0;2;1;1;1;
6668;202000004345;154 734 590;A01;2;7;0;2;1;13;1;
6669;202000004346;154 734 588;A01;1;40;0;1;2;1;3;
6670;202000004347;154 734 586;A01;3;2;0;2;1;5;1;
6671;202000004347;154 734 587;B01;3;7;0;2;1;1;1;
6672;202000004348;154 734 585;A01;1;7;15;1;2;21;1;
6673;202000004349;154 734 584;A01;2;7;6;0;1;26;1;
6674;202000004350;154 734 582;B01;1;2;0;2;2;1;1;
6675;202000004350;154 734 583;A01;2;7;0;2;3;9;1;
6676;202000004351;154 734 580;B01;1;1;0;2;2;1;5;
6677;202000004351;154 734 581;A01;1;7;0;2;1;1;1;
6678;202000004352;154 734 579;A01;2;7;8;0;1;1;1;
6679;202000004353;154 734 578;A01;3;1;0;0;0;1;5;
6680;202000004354;154 734 577;A01;1;7;6;0;1;1;0;
6681;202000004355;154 734 575;A01;2;1;0;1;1;17;5;
6682;202000004356;154 734 574;B01;3;33;0;2;1;1;1;
6683;202000004356;154 734 576;A01;3;7;0;2;6;10;1;
6684;202000004357;154 734 573;A01;1;7;2;0;3;1;0;
6685;202000004359;154 734 569;B01;1;2;0;2;1;17;1;
6686;202000004359;154 734 570;A01;1;7;0;2;8;15;1;
6687;202000004361;154 734 566;A01;2;7;0;2;3;1;1;
6688;202000004361;154 734 567;B01;2;10;0;2;2;16;1;
6689;202000004362;154 734 564;B01;1;1;0;2;4;23;5;
6690;202000004362;154 734 565;A01;1;37;0;2;1;1;1;1.0
6691;202000004363;154 734 562;A01;2;33;0;2;1;13;1;
6692;202000004363;154 734 563;B01;1;38;0;2;3;21;1;1.0
6693;202000004364;154 734 560;B01;2;7;0;2;1;15;1;
6694;202000004364;154 734 561;A01;1;32;0;2;1;1;1;
6695;202000004365;154 734 558;B01;0;7;0;2;8;0;1;
6696;202000004365;154 734 559;A01;0;7;0;2;2;1;1;
6697;202000004366;154 734 557;A01;1;34;0;1;1;17;3;
6698;202000004368;154 734 555;A01;1;7;13;0;0;1;0;
6699;202000004369;154 734 553;B01;0;33;0;2;4;1;1;
6700;202000004369;154 734 554;A01;3;7;0;2;1;2;1;
6701;202000004370;154 734 552;A01;2;33;3;0;8;13;1;
6702;202000004372;154 734 550;A01;1;7;11;0;0;1;1;
6703;202000004373;154 734 548;B01;3;7;0;2;2;26;1;
6704;202000004373;154 734 549;A01;3;30;0;2;1;1;1;
6705;202000004374;154 734 546;A01;1;7;0;2;1;26;6;
6706;202000004374;154 734 547;B01;1;7;0;2;0;9;0;
6707;202000004376;154 734 541;Z01;1;7;0;2;0;16;1;
6708;202000004376;154 734 542;A01;0;7;0;1;8;1;1;
6709;202000004377;154 734 539;A01;1;50;0;2;1;10;3;
6710;202000004377;154 734 540;B01;1;7;0;2;3;17;1;
6711;202000004378;154 734 538;Z01;1;2;0;1;1;25;1;
6712;202000004379;154 734 536;A01;1;33;8;2;6;2;1;
6713;202000004379;154 734 537;B01;1;34;0;2;2;12;1;
6714;202000004381;154 734 532;A01;2;7;0;2;1;1;1;
6715;202000004381;154 734 533;B01;2;32;0;2;4;23;1;
6716;202000004383;154 734 529;A01;2;1;0;2;1;19;5;
6717;202000004383;154 734 530;Z01;1;30;0;2;1;1;1;
6718;202000004384;154 734 528;A01;1;43;0;1;2;1;1;
6719;202000004385;154 734 526;A01;1;7;0;2;3;15;1;
6720;202000004385;154 734 527;B01;2;33;0;2;3;1;1;
6721;202000004386;154 734 524;B01;1;32;0;2;1;1;3;
6722;202000004386;154 734 525;A01;1;10;0;2;2;15;1;
6723;202000004387;154 734 523;A01;1;10;1;0;3;1;1;
6724;202000004388;154 734 522;A01;3;32;14;0;0;14;1;
6725;202000004389;154 734 520;A01;1;33;0;2;1;2;1;
6726;202000004389;154 734 521;Z01;1;7;0;0;4;1;0;
6727;202000004390;154 734 518;B01;1;2;0;2;2;16;3;
6728;202000004390;154 734 519;A01;1;7;0;2;8;15;1;
6729;202000004391;154 734 517;A01;2;7;0;1;1;1;1;
6730;202000004392;154 734 515;A01;1;7;0;2;8;22;2;
6731;202000004392;154 734 516;B01;1;1;0;2;7;17;5;
6732;202000004393;154 734 514;A01;2;7;1;0;3;13;1;
6733;202000004394;154 734 513;A01;2;80;0;0;0;15;3;
6734;202000004395;154 734 511;A01;2;7;0;2;2;17;0;
6735;202000004395;154 734 512;B01;2;50;0;2;3;13;3;
6736;202000004396;154 734 509;A01;3;10;0;2;3;13;1;
6737;202000004396;154 734 510;B01;3;2;0;2;2;3;1;
6738;202000004397;154 734 507;B01;1;1;0;2;8;1;5;
6739;202000004397;154 734 508;A01;1;99;0;9;5;1;6;
6740;202000004399;154 734 503;B01;3;10;0;2;1;1;1;
6741;202000004399;154 734 504;A01;3;1;0;2;7;19;5;
6742;202000004400;154 734 502;A01;1;7;0;1;1;19;1;
6743;202000004401;154 734 500;A01;2;7;0;2;3;0;1;
6744;202000004401;154 734 501;B01;2;32;0;2;1;1;3;
6745;202000004402;154 734 498;A01;2;7;0;2;3;13;1;
6746;202000004402;154 734 499;B01;2;2;0;2;7;17;3;
6747;202000004404;154 734 494;B01;2;2;0;0;4;1;1;
6748;202000004404;154 734 495;Z01;2;10;0;0;0;0;0;
6749;202000004405;154 734 492;A01;2;10;0;2;3;15;1;
6750;202000004405;154 734 493;B01;2;31;0;2;1;19;1;
6751;202000004406;154 734 490;B01;1;7;0;2;4;23;0;
6752;202000004406;154 734 491;A01;1;33;0;2;1;1;0;
6753;202000004407;154 734 488;B01;-1;37;0;2;4;0;0;1.0
6754;202000004407;154 734 489;A01;-1;10;0;2;1;2;1;
6755;202000004408;154 734 486;B01;3;7;0;2;3;1;1;
6756;202000004408;154 734 487;A01;3;2;0;2;3;13;1;
6757;202000004409;154 734 484;B01;1;32;0;2;2;16;1;
6758;202000004409;154 734 485;A01;1;7;0;2;6;1;1;
6759;202000004410;154 734 483;A01;2;1;8;0;7;26;5;
6760;202000004411;154 734 481;B01;0;7;0;2;3;2;1;
6761;202000004411;154 734 482;A01;1;7;8;2;2;15;1;
6762;202000004412;154 734 480;A01;2;7;0;1;1;15;1;
6763;202000004414;154 734 476;A01;2;7;0;2;2;2;1;
6764;202000004414;154 734 477;B01;2;7;0;0;6;2;1;
6765;202000004415;154 734 475;A01;1;7;4;0;1;1;6;
6766;202000004416;154 734 469;A01;1;7;3;0;1;0;1;
6767;202000004417;154 734 467;A01;2;7;0;2;1;19;1;
6768;202000004417;154 734 468;B01;2;7;0;2;3;1;1;
6769;202000004418;154 734 466;A01;1;7;0;0;3;1;1;
6770;202000004419;154 734 464;B01;2;17;0;0;4;24;1;
6771;202000004419;154 734 465;A01;2;7;1;0;1;2;1;
6772;202000004420;154 734 462;B01;2;33;0;2;5;9;1;
6773;202000004420;154 734 463;A01;1;7;0;2;1;26;1;
6774;202000004422;154 734 459;B01;0;99;0;2;1;1;-1;
6775;202000004422;154 734 460;A01;0;30;0;2;4;1;-1;
6776;202000004423;154 734 457;B01;1;2;0;2;1;11;1;
6777;202000004423;154 734 458;A01;2;7;0;2;4;26;1;
6778;202000004424;154 734 455;B01;3;1;0;2;1;5;5;
6779;202000004424;154 734 456;A01;3;7;0;2;1;16;1;
6780;202000004425;154 734 454;A01;1;7;4;0;1;0;1;
6781;202000004426;154 734 453;A01;2;37;0;1;7;1;1;1.0
6782;202000004427;154 734 450;A01;1;7;0;2;3;2;1;
6783;202000004427;154 734 451;B01;1;30;0;2;4;2;1;
6784;202000004427;154 734 452;C01;2;7;0;2;1;5;1;
6785;202000004428;154 734 449;A01;3;50;0;0;0;1;3;
6786;202000004429;154 734 448;A01;2;7;0;1;1;1;1;
6787;202000004430;154 734 447;A01;2;7;0;1;2;1;0;
6788;202000004431;154 734 446;A01;0;7;0;1;1;1;1;
6789;202000004432;154 734 444;A01;1;1;0;0;0;1;5;
6790;202000004433;154 734 442;A01;2;7;0;2;3;1;1;
6791;202000004433;154 734 443;B01;1;1;0;2;1;1;5;
6792;202000004434;154 734 441;A01;2;7;2;0;1;14;0;
6793;202000004435;154 734 440;A01;1;7;8;0;7;19;1;
6794;202000004436;154 734 438;A01;1;34;1;2;1;17;1;
6795;202000004436;154 734 439;B01;1;7;0;2;3;16;1;
6796;202000004437;154 734 433;B01;3;7;0;2;1;1;1;
6797;202000004437;154 734 434;A01;1;7;1;2;5;1;1;
6798;202000004438;154 734 431;A01;3;7;0;1;7;21;1;
6799;202000004439;154 734 429;A01;1;7;0;2;2;16;1;
6800;202000004439;154 734 430;B01;1;1;0;2;8;1;5;
6801;202000004440;154 734 428;A01;0;7;2;0;9;1;1;
6802;202000004441;154 734 426;B01;3;1;0;2;7;19;0;
6803;202000004441;154 734 427;A01;2;7;0;9;0;0;1;
6804;202000004443;154 734 423;A01;1;10;0;1;4;4;1;
6805;202000004444;154 734 422;A01;2;7;0;1;1;26;1;
6806;202000004445;154 734 421;A01;1;7;0;1;1;26;0;
6807;202000004446;154 734 419;Z01;3;33;0;2;0;0;0;
6808;202000004446;154 734 420;A01;1;32;0;2;7;2;1;
6809;202000004447;154 734 418;A01;3;7;0;1;1;1;1;
6810;202000004448;154 734 417;A01;1;7;0;1;2;1;1;
6811;202000004449;154 734 415;A01;0;7;0;2;1;1;1;
6812;202000004449;154 734 416;B01;0;7;0;2;0;17;1;
6813;202000004450;154 734 413;A01;3;7;0;2;3;16;1;
6814;202000004450;154 734 414;B01;3;7;0;2;3;1;1;
6815;202000004451;154 734 409;B01;3;31;0;2;1;1;1;
6816;202000004451;154 734 410;A01;3;10;0;2;4;23;1;
6817;202000004453;154 734 405;B01;0;10;0;2;1;0;0;
6818;202000004453;154 734 406;A01;0;10;0;2;2;9;1;
6819;202000004454;154 734 403;B01;1;1;0;2;1;1;5;
6820;202000004454;154 734 404;A01;1;7;0;2;3;20;1;
6821;202000004455;154 734 401;B01;1;7;0;9;1;23;0;
6822;202000004455;154 734 402;A01;1;1;1;0;1;16;5;
6823;202000004456;154 734 396;A01;1;7;0;2;1;1;1;
6824;202000004456;154 734 397;B01;1;7;0;2;3;1;1;
6825;202000004456;154 734 398;C01;1;7;0;2;1;1;1;
6826;202000004456;154 734 399;D01;1;7;0;2;1;1;1;
6827;202000004457;154 734 395;A01;3;32;0;0;7;1;1;
6828;202000004459;154 734 392;A01;1;33;7;0;1;13;6;
6829;202000004460;154 734 391;A01;0;7;1;1;1;1;1;
6830;202000004461;154 734 390;A01;1;7;0;1;2;1;1;
6831;202000004462;154 734 388;A01;1;7;0;2;8;26;1;
6832;202000004462;154 734 389;B01;2;30;0;2;1;1;1;
6833;202000004463;154 734 385;A01;2;7;14;0;1;2;1;
6834;202000004463;154 734 386;B01;2;37;0;2;6;24;1;2.0
6835;202000004465;154 734 381;A01;1;7;12;2;1;1;1;
6836;202000004465;154 734 382;B01;1;7;0;2;1;1;1;
6837;202000004466;154 734 379;A01;1;7;0;2;3;1;1;
6838;202000004466;154 734 380;B01;1;1;0;2;4;1;5;
6839;202000004467;154 734 377;A01;0;7;1;0;9;26;1;
6840;202000004467;154 734 378;C01;1;7;1;0;6;0;1;
6841;202000004468;154 734 375;A01;1;7;0;2;3;1;1;
6842;202000004468;154 734 376;B01;1;7;0;2;2;1;1;
6843;202000004469;154 734 373;B01;1;99;0;2;2;1;1;
6844;202000004469;154 734 374;A01;1;99;0;2;3;19;1;
6845;202000004470;154 734 372;A01;2;7;10;0;1;13;1;
6846;202000004471;154 734 370;A01;1;7;0;2;2;12;1;
6847;202000004471;154 734 371;B01;1;1;0;2;3;1;5;
6848;202000004472;154 734 369;A01;2;7;0;1;3;1;1;
6849;202000004473;154 734 368;A01;3;3;0;1;4;20;3;
6850;202000004474;154 734 367;Z01;1;7;0;1;1;19;1;
6851;202000004475;154 734 365;B01;2;2;0;2;8;13;1;
6852;202000004475;154 734 366;A01;1;7;0;0;3;1;1;
6853;202000004476;154 734 364;A01;0;7;6;1;1;26;1;
6854;202000004477;154 734 363;A01;0;7;0;1;2;1;1;
6855;202000004478;154 734 361;A01;2;1;0;2;1;3;1;
6856;202000004478;154 734 362;B01;2;7;0;2;0;12;1;
6857;202000004479;154 734 359;B01;0;7;0;0;1;2;1;
6858;202000004479;154 734 360;A01;0;7;0;0;1;2;1;
6859;202000004480;154 734 358;A01;1;7;0;1;1;9;1;
6860;202000004481;154 734 356;B01;2;7;0;2;6;1;1;
6861;202000004481;154 734 357;A01;1;2;0;2;1;1;1;
6862;202000004483;154 734 353;A01;1;10;0;1;1;9;1;
6863;202000004484;154 734 352;A01;3;30;0;0;0;14;1;
6864;202000004485;154 734 349;A01;0;7;0;2;1;1;1;
6865;202000004485;154 734 350;B01;3;2;0;2;9;1;1;
6866;202000004485;154 734 351;C01;3;7;0;2;4;1;1;
6867;202000004486;154 734 348;A01;2;30;1;2;0;21;1;
6868;202000004487;154 734 346;A01;3;7;0;9;2;16;1;
6869;202000004487;154 734 347;B01;0;1;0;2;1;0;0;
6870;202000004488;154 734 344;A01;1;7;0;0;0;0;0;
6871;202000004488;154 734 345;B01;2;33;0;0;0;0;0;
6872;202000004489;154 734 342;A01;1;7;0;2;3;11;1;
6873;202000004489;154 734 343;B01;1;2;0;2;1;1;1;
6874;202000004490;154 734 340;B01;3;7;0;2;1;2;1;
6875;202000004490;154 734 341;A01;3;7;0;2;4;2;1;
6876;202000004491;154 734 338;B01;3;1;0;2;1;15;5;
6877;202000004491;154 734 339;A01;3;7;0;9;1;26;0;
6878;202000004492;154 734 336;A01;1;7;0;2;1;1;1;
6879;202000004492;154 734 337;B01;3;7;0;2;8;15;1;
6880;202000004493;154 734 335;Z01;1;30;0;1;1;18;0;
6881;202000004495;154 734 332;A01;1;32;0;0;0;0;1;
6882;202000004496;154 734 331;A01;0;7;0;1;4;4;1;
6883;202000004498;154 734 327;A01;3;7;0;2;1;2;1;
6884;202000004498;154 734 328;B01;3;7;0;2;4;2;1;
6885;202000004499;154 734 326;A01;3;7;13;0;1;19;1;
6886;202000004500;154 734 325;A01;0;10;0;1;6;1;1;
6887;202000004501;154 734 323;A01;3;7;0;1;3;1;1;
6888;202000004502;154 734 321;B01;1;7;0;2;3;15;1;
6889;202000004502;154 734 322;A01;2;7;0;2;1;13;1;
6890;202000004503;154 734 320;A01;3;7;0;1;6;26;1;
6891;202000004504;154 734 318;A01;1;7;0;2;1;1;1;
6892;202000004504;154 734 319;B01;1;7;6;2;8;1;1;
6893;202000004506;154 734 314;B01;1;31;0;2;1;2;1;
6894;202000004506;154 734 315;A01;1;7;0;2;2;1;1;
6895;202000004508;154 734 311;A01;1;7;0;1;1;1;1;
6896;202000004509;154 734 309;B01;3;1;0;2;1;1;5;
6897;202000004509;154 734 310;A01;3;7;0;9;8;0;1;
6898;202000004510;154 734 308;A01;1;7;0;1;0;1;1;
6899;202000004511;154 734 307;A01;0;7;0;1;1;16;1;
6900;202000004512;154 734 305;A01;2;7;0;2;3;13;1;
6901;202000004512;154 734 306;B01;1;7;0;2;3;1;1;
6902;202000004513;154 734 303;A01;1;7;0;2;3;19;1;
6903;202000004513;154 734 304;B01;2;7;0;2;3;1;1;
6904;202000004514;154 734 302;A01;1;7;0;0;1;26;0;
6905;202000004515;154 734 299;C01;2;7;0;2;3;1;1;
6906;202000004515;154 734 300;B01;2;7;0;2;2;15;1;
6907;202000004515;154 734 301;Z01;2;7;0;2;1;1;1;
6908;202000004516;154 734 297;B01;2;1;0;2;7;2;5;
6909;202000004516;154 734 298;A01;2;1;0;2;8;2;5;
6910;202000004517;154 734 296;A01;1;7;0;1;1;15;1;
6911;202000004519;154 734 293;A01;0;7;9;0;0;1;0;
6912;202000004519;154 734 294;B01;3;7;0;0;0;0;0;
6913;202000004520;154 734 292;A01;0;30;15;0;1;0;1;
6914;202000004521;154 734 290;A01;3;7;0;2;2;26;1;
6915;202000004521;154 734 291;B01;0;7;0;0;0;0;1;
6916;202000004522;154 734 289;A01;2;30;0;1;1;1;1;
6917;202000004523;154 734 288;A01;2;7;0;1;3;1;1;
6918;202000004524;154 734 287;A01;3;10;0;1;2;1;0;
6919;202000004525;154 734 285;B01;1;7;0;2;4;23;1;
6920;202000004525;154 734 286;A01;1;31;0;2;1;2;1;
6921;202000004526;154 734 284;A01;2;7;15;0;1;1;1;
6922;202000004527;154 734 283;A01;1;7;0;1;1;1;0;
6923;202000004528;154 734 281;B01;3;7;0;2;7;15;1;
6924;202000004528;154 734 282;A01;0;33;0;2;8;26;1;
6925;202000004530;154 734 279;Z01;3;32;0;1;1;25;1;
6926;202000004531;154 734 277;B01;1;7;0;0;0;0;1;
6927;202000004531;154 734 278;A01;1;7;0;0;0;26;1;
6928;202000004532;154 734 276;A01;1;7;6;0;7;14;1;
6929;202000004533;154 734 275;A01;3;7;0;1;1;26;1;
6930;202000004534;154 734 274;A01;2;33;0;2;3;2;1;
6931;202000004535;154 734 272;A01;-1;17;0;2;5;1;1;
6932;202000004535;154 734 273;B01;-1;1;0;2;0;19;5;
6933;202000004536;154 734 270;A01;1;10;0;2;3;1;-1;
6934;202000004536;154 734 271;B01;2;33;0;2;1;1;-1;
6935;202000004537;154 734 268;A01;0;7;0;2;1;2;1;
6936;202000004537;154 734 269;B01;0;7;0;4;4;1;1;
6937;202000004538;154 734 266;B01;1;33;0;2;4;1;1;
6938;202000004538;154 734 267;A01;1;7;0;2;1;2;1;
6939;202000004539;154 734 264;A01;1;7;0;2;1;1;1;
6940;202000004539;154 734 265;B01;2;7;0;2;3;1;1;
6941;202000004540;154 734 261;A01;1;10;0;2;1;1;1;
6942;202000004540;154 734 262;B01;1;7;0;2;4;2;1;
6943;202000004540;154 734 263;C01;1;7;0;2;4;0;0;
6944;202000004541;154 734 260;A01;1;7;0;1;1;1;1;
6945;202000004542;154 734 259;A01;2;7;0;1;1;15;1;
6946;202000004543;154 734 258;A01;1;1;0;1;0;0;5;
6947;202000004544;154 734 256;B01;2;2;0;2;1;1;1;
6948;202000004544;154 734 257;A01;0;14;0;2;0;0;0;
6949;202000004545;154 734 255;A01;1;7;0;1;1;15;1;
6950;202000004546;154 734 253;B01;2;7;0;2;1;1;1;
6951;202000004546;154 734 254;A01;1;7;0;2;1;13;1;
6952;202000004547;154 734 251;A01;2;30;0;9;8;1;1;
6953;202000004547;154 734 252;B01;1;7;0;2;6;1;1;
6954;202000004548;154 734 249;B01;1;7;0;2;3;1;1;
6955;202000004548;154 734 250;A01;2;7;0;2;3;13;1;
6956;202000004550;154 734 247;A01;1;7;0;1;1;1;1;
6957;202000004551;154 734 246;B01;0;7;0;1;1;9;1;
6958;202000004552;154 734 245;A01;2;7;4;0;1;1;1;
6959;202000004553;154 734 243;B01;2;7;0;2;2;9;1;
6960;202000004553;154 734 244;A01;2;7;0;2;3;19;1;
6961;202000004554;154 734 242;Z01;0;7;0;1;1;2;0;
6962;202000004555;154 734 241;A01;3;7;0;1;1;1;1;
6963;202000004556;154 734 239;B01;2;30;0;2;8;1;1;
6964;202000004556;154 734 240;A01;2;7;0;2;7;17;1;
6965;202000004557;154 734 237;A01;3;7;0;1;2;21;1;
6966;202000004558;154 734 235;A01;2;7;0;2;3;10;1;
6967;202000004558;154 734 236;B01;2;31;0;2;1;17;1;
6968;202000004559;154 734 234;A01;1;3;0;1;1;15;0;
6969;202000004560;154 734 232;A01;1;7;0;2;2;15;1;
6970;202000004560;154 734 233;B01;2;31;0;2;5;1;1;
6971;202000004561;154 734 229;A01;2;7;0;1;8;1;1;
6972;202000004562;154 734 228;A01;3;0;0;1;4;4;0;
6973;202000004563;154 734 226;A01;2;7;2;1;1;1;1;
6974;202000004563;154 734 227;B01;2;7;0;2;4;1;1;
6975;202000004564;154 734 223;B01;1;1;0;1;3;16;5;
6976;202000004564;154 734 224;A01;1;7;16;0;7;16;1;
6977;202000004565;154 734 222;A01;1;7;2;0;1;14;1;
6978;202000004566;154 734 219;A01;2;7;6;0;1;13;1;
6979;202000004567;154 734 218;Z01;2;7;0;1;1;1;1;
6980;202000004568;154 734 216;A01;3;2;0;2;4;2;1;
6981;202000004568;154 734 217;Z01;3;7;0;2;1;2;1;
6982;202000004570;154 734 210;A01;3;7;0;1;1;1;1;
6983;202000004571;154 734 209;A01;0;7;0;1;1;0;1;
6984;202000004572;154 734 207;A01;1;7;0;2;3;19;0;
6985;202000004572;154 734 208;B01;1;10;0;2;1;1;0;
6986;202000004573;154 734 206;A01;3;37;0;1;2;9;6;1.0
6987;202000004574;154 734 202;A01;3;30;0;2;1;17;1;
6988;202000004574;154 734 203;B01;0;7;0;0;0;0;0;
6989;202000004575;154 734 200;B01;2;7;0;2;1;23;0;
6990;202000004575;154 734 201;A01;1;7;0;2;1;13;0;
6991;202000004576;154 734 199;A01;0;7;8;0;2;2;1;
6992;202000004577;154 734 197;A01;2;7;0;2;1;15;1;
6993;202000004577;154 734 198;B01;1;7;0;0;0;0;1;
6994;202000004578;154 734 196;A01;2;10;8;0;1;14;1;
6995;202000004579;154 734 195;A01;1;50;16;0;0;1;3;
6996;202000004580;154 734 194;A01;2;7;3;0;1;16;1;
6997;202000004581;154 734 192;A01;2;37;1;0;1;9;1;3.0
6998;202000004581;154 734 193;B01;2;21;0;2;4;2;1;
6999;202000004582;154 734 191;A01;0;30;1;0;3;13;1;
7000;202000004583;154 734 190;A01;2;37;0;1;3;15;1;1.0
7001;202000004584;154 734 189;A01;0;7;0;1;1;15;1;
7002;202000004585;154 734 188;A01;0;7;0;0;9;1;1;
7003;202000004586;154 734 186;A01;2;7;0;2;1;2;1;
7004;202000004586;154 734 187;B01;2;7;4;9;4;2;1;
7005;202000004588;154 734 183;A01;0;7;0;2;1;9;1;
7006;202000004588;154 734 184;B01;0;1;0;2;4;1;5;
7007;202000004589;154 734 181;B01;2;7;0;2;8;15;1;
7008;202000004589;154 734 182;A01;2;30;0;2;1;17;1;
7009;202000004590;154 734 180;A01;3;7;0;1;2;1;1;
7010;202000004591;154 734 179;A01;0;7;0;1;1;1;1;
7011;202000004592;154 734 177;B01;1;2;0;2;1;1;1;
7012;202000004592;154 734 178;A01;1;7;0;2;2;16;1;
7013;202000004593;154 734 176;A01;1;1;0;1;1;1;5;
7014;202000004594;154 734 174;A01;3;7;0;2;4;15;1;
7015;202000004594;154 734 175;B01;3;7;0;2;1;15;1;
7016;202000004595;154 734 173;A01;2;7;0;1;2;1;6;
7017;202000004596;154 734 169;Z01;2;14;0;2;0;0;0;
7018;202000004596;154 734 170;B01;2;7;0;2;6;1;1;
7019;202000004597;154 734 168;A01;1;10;0;1;1;0;1;
7020;202000004598;154 734 166;A01;3;7;0;2;9;1;1;
7021;202000004598;154 734 167;B01;3;7;0;2;1;16;1;
7022;202000004599;154 734 165;A01;2;37;0;1;2;9;1;1.0
7023;202000004600;154 734 163;B01;2;7;0;2;4;15;1;
7024;202000004600;154 734 164;A01;2;7;0;2;1;1;1;
7025;202000004601;154 734 162;A01;1;7;0;1;2;1;1;
7026;202000004602;154 734 160;A01;3;1;0;2;1;1;5;
7027;202000004602;154 734 161;B01;3;7;0;2;4;2;1;
7028;202000004603;154 734 158;A01;1;34;0;2;1;5;1;
7029;202000004603;154 734 159;B01;2;7;0;2;3;1;1;
7030;202000004604;154 734 157;A01;0;31;0;0;7;13;1;
7031;202000004605;154 734 155;B01;1;2;0;2;8;1;1;
7032;202000004605;154 734 156;A01;1;7;0;2;1;15;1;
7033;202000004606;154 734 154;A01;2;7;0;1;3;15;1;
7034;202000004607;154 734 152;A01;1;7;0;2;3;19;1;
7035;202000004607;154 734 153;B01;2;31;0;2;0;1;1;
7036;202000004609;154 734 149;A01;1;7;1;0;2;21;1;
7037;202000004610;154 734 147;B01;0;10;0;0;3;1;1;
7038;202000004610;154 734 148;A01;3;1;0;2;1;16;5;
7039;202000004611;154 734 145;A01;1;7;0;2;3;15;1;
7040;202000004611;154 734 146;B01;2;31;0;2;1;1;1;
7041;202000004612;154 734 143;A01;3;33;0;2;7;1;1;
7042;202000004612;154 734 144;B01;3;7;0;2;1;15;1;
7043;202000004613;154 734 139;A01;1;10;0;2;3;9;1;
7044;202000004613;154 734 140;B01;1;50;0;2;1;1;3;
7045;202000004614;154 734 138;A01;2;7;0;1;1;15;1;
7046;202000004615;154 734 137;A01;1;7;4;0;1;1;1;
7047;202000004616;154 734 135;Z01;1;7;0;2;1;15;1;
7048;202000004616;154 734 136;B01;2;1;0;2;8;1;5;
7049;202000004617;154 734 133;A01;1;7;0;2;3;15;1;
7050;202000004617;154 734 134;B01;1;1;0;2;1;1;5;
7051;202000004618;154 734 132;A01;3;30;14;0;2;9;1;
7052;202000004619;154 734 131;A01;3;2;14;0;2;16;1;
7053;202000004620;154 734 128;C01;1;7;0;2;4;23;2;
7054;202000004620;154 734 129;B01;1;7;0;2;4;23;1;
7055;202000004620;154 734 130;A01;1;7;0;2;1;2;1;
7056;202000004621;154 734 126;A01;3;7;0;0;0;0;0;
7057;202000004621;154 734 127;B01;2;30;0;2;4;1;1;
7058;202000004622;154 734 125;A01;2;17;0;1;2;1;1;
7059;202000004623;154 734 123;B01;1;31;0;2;1;1;1;
7060;202000004623;154 734 124;A01;1;10;0;2;2;19;1;
7061;202000004625;154 734 121;A01;1;7;0;1;7;1;1;
7062;202000004626;154 734 119;B01;2;7;0;2;1;1;1;
7063;202000004626;154 734 120;A01;3;7;0;2;8;1;1;
7064;202000004627;154 734 118;A01;1;7;13;0;1;1;1;
7065;202000004628;154 734 116;A01;1;7;0;2;1;1;1;
7066;202000004628;154 734 117;B01;1;1;0;2;1;1;5;
7067;202000004629;154 734 114;A01;1;33;0;2;8;17;1;
7068;202000004629;154 734 115;B01;2;7;0;2;8;1;1;
7069;202000004630;154 734 113;A01;1;7;0;1;3;15;1;
7070;202000004631;154 734 111;A01;2;7;0;2;3;15;1;
7071;202000004631;154 734 112;B01;1;7;0;2;3;1;3;
7072;202000004632;154 734 109;A01;2;7;0;2;4;1;1;
7073;202000004632;154 734 110;B01;2;7;0;2;1;1;1;
7074;202000004633;154 734 107;A01;1;7;0;2;6;15;1;
7075;202000004633;154 734 108;B01;1;1;0;2;1;15;5;
7076;202000004634;154 734 105;B01;3;99;0;2;3;1;3;
7077;202000004634;154 734 106;A01;3;7;0;2;0;1;1;
7078;202000004635;154 734 102;A01;2;7;0;2;1;1;1;
7079;202000004635;154 734 103;C01;2;7;0;2;4;1;1;
7080;202000004635;154 734 104;B01;2;7;3;2;1;1;1;
7081;202000004636;154 734 100;B01;1;7;0;2;5;15;1;
7082;202000004636;154 734 101;A01;2;50;0;2;2;1;3;
7083;202000004637;154 734 098;A01;2;30;0;2;1;5;0;
7084;202000004637;154 734 099;B01;2;7;0;2;7;1;1;