;Num_Acc;id_vehicule;num_veh;senc;catv;obs;obsm;choc;manv;motor;occutc
7085;202000004639;154 734 095;B01;2;1;0;2;8;0;5;
7086;202000004639;154 734 096;A01;2;1;0;2;0;2;5;
7087;202000004640;154 734 092;A01;1;7;0;2;4;1;1;
7088;202000004640;154 734 093;Z01;1;7;0;0;0;0;0;
7089;202000004640;154 734 094;B01;1;7;0;2;8;1;1;
7090;202000004641;154 734 090;A01;1;7;0;2;2;1;1;
7091;202000004641;154 734 091;B01;1;7;0;2;6;11;1;
7092;202000004642;154 734 089;A01;1;7;13;0;2;13;1;
7093;202000004643;154 734 087;B01;1;33;0;2;1;2;1;
7094;202000004643;154 734 088;A01;1;7;0;2;2;15;1;
7095;202000004644;154 734 085;A01;3;7;0;2;0;0;0;
7096;202000004644;154 734 086;B01;3;33;0;2;1;1;1;
7097;202000004645;154 734 083;A01;1;7;0;2;3;19;1;
7098;202000004645;154 734 084;B01;1;2;0;2;1;1;1;
7099;202000004646;154 734 080;B01;3;1;0;2;4;1;5;
7100;202000004646;154 734 081;A01;3;7;0;2;3;9;1;
7101;202000004647;154 734 077;B01;1;10;0;2;4;2;1;
7102;202000004647;154 734 078;A01;1;10;0;2;1;2;1;
7103;202000004647;154 734 079;C01;1;7;0;2;4;2;1;
7104;202000004648;154 734 075;B01;1;33;0;2;7;1;0;
7105;202000004648;154 734 076;A01;1;10;0;2;6;10;1;
7106;202000004649;154 734 073;B01;3;7;9;2;2;1;0;
7107;202000004649;154 734 074;A01;3;7;9;2;3;15;0;
7108;202000004650;154 734 070;A01;1;7;0;2;1;2;1;
7109;202000004650;154 734 071;B01;1;7;0;2;1;1;1;
7110;202000004650;154 734 072;C01;1;10;0;2;1;16;1;
7111;202000004651;154 734 069;A01;0;7;0;1;1;1;1;
7112;202000004652;154 734 067;A01;1;30;0;2;2;3;1;
7113;202000004652;154 734 068;B01;2;7;0;2;3;9;1;
7114;202000004653;154 734 065;A01;0;7;0;0;0;0;1;
7115;202000004653;154 734 066;B01;1;33;0;2;1;1;1;
7116;202000004654;154 734 064;A01;2;7;4;0;3;13;1;
7117;202000004655;154 734 062;A01;2;33;0;2;3;1;1;
7118;202000004655;154 734 063;B01;2;7;0;2;5;12;1;
7119;202000004656;154 734 060;A01;2;7;0;2;2;15;1;
7120;202000004656;154 734 061;B01;1;32;0;2;1;1;1;
7121;202000004657;154 734 058;B01;2;33;0;2;1;1;1;
7122;202000004657;154 734 059;A01;1;7;0;2;5;15;2;
7123;202000004658;154 734 057;A01;1;7;0;1;2;1;1;
7124;202000004659;154 734 055;A01;1;30;0;2;1;2;1;
7125;202000004659;154 734 056;B01;1;7;0;2;6;23;1;
7126;202000004660;154 734 053;A01;1;7;0;2;6;15;1;
7127;202000004660;154 734 054;B01;1;30;0;2;1;1;1;
7128;202000004661;154 734 052;A01;1;33;14;0;1;13;1;
7129;202000004662;154 734 049;A01;2;50;0;2;2;18;3;
7130;202000004662;154 734 050;B01;2;7;0;2;6;24;2;
7131;202000004662;154 734 051;C01;2;7;0;2;2;23;3;
7132;202000004663;154 734 048;A01;1;1;0;1;1;1;5;
7133;202000004665;154 734 045;B01;2;1;0;2;0;1;5;
7134;202000004665;154 734 046;A01;2;7;0;2;3;1;1;
7135;202000004666;154 734 044;A01;1;37;0;1;2;15;0;1.0
7136;202000004667;154 734 043;A01;3;7;0;1;3;15;1;
7137;202000004668;154 734 041;A01;1;32;0;2;6;1;1;
7138;202000004668;154 734 042;B01;2;7;0;2;3;15;1;
7139;202000004669;154 734 039;B01;2;2;0;2;1;1;1;
7140;202000004669;154 734 040;A01;2;7;0;2;0;15;1;
7141;202000004670;154 734 038;A01;2;7;0;1;1;1;1;
7142;202000004671;154 734 036;B01;2;33;0;2;1;1;1;
7143;202000004671;154 734 037;A01;2;10;0;2;3;15;1;
7144;202000004672;154 734 034;A01;1;7;0;2;7;1;0;
7145;202000004672;154 734 035;B01;1;7;0;2;2;1;0;
7146;202000004673;154 734 032;B01;1;7;0;9;3;1;1;
7147;202000004673;154 734 033;A01;1;1;0;2;1;19;5;
7148;202000004674;154 734 030;A01;1;10;0;2;8;1;1;
7149;202000004674;154 734 031;B01;1;10;0;2;1;15;1;
7150;202000004676;154 734 026;A01;2;3;0;2;1;26;0;
7151;202000004676;154 734 027;B01;2;33;0;2;4;26;0;
7152;202000004677;154 734 025;A01;1;60;0;0;3;1;5;
7153;202000004678;154 734 024;A01;2;30;0;0;8;1;1;
7154;202000004680;154 734 020;B01;1;50;0;2;1;2;3;
7155;202000004680;154 734 021;A01;1;10;1;2;1;16;1;
7156;202000004681;154 734 019;A01;1;10;2;1;6;4;1;
7157;202000004682;154 734 017;B01;1;15;0;0;3;1;0;
7158;202000004682;154 734 018;A01;2;7;0;2;3;1;6;
7159;202000004683;154 734 015;B01;1;7;0;2;1;1;1;
7160;202000004683;154 734 016;A01;2;7;0;2;1;13;0;
7161;202000004684;154 734 013;B01;2;7;0;2;3;1;1;
7162;202000004684;154 734 014;C01;1;7;0;2;3;13;1;
7163;202000004685;154 734 012;A01;0;7;6;0;1;0;2;
7164;202000004686;154 734 011;A01;1;7;2;0;2;0;1;
7165;202000004688;154 734 008;A01;1;17;1;0;2;14;1;
7166;202000004688;154 734 009;B01;1;7;0;0;4;24;1;
7167;202000004689;154 734 006;A01;2;7;0;2;1;2;1;
7168;202000004689;154 734 007;B01;2;7;0;0;6;2;1;
7169;202000004690;154 734 005;A01;1;7;2;0;7;1;1;
7170;202000004691;154 734 004;A01;1;2;0;0;0;1;1;
7171;202000004692;154 734 003;A01;2;7;2;0;1;21;0;
7172;202000004693;154 734 000;B01;2;21;0;2;6;19;1;
7173;202000004693;154 734 001;D01;2;7;0;2;2;23;1;
7174;202000004693;154 734 002;A01;1;7;0;2;1;1;1;
7175;202000004694;154 733 998;B01;2;31;0;2;1;21;1;
7176;202000004694;154 733 999;A01;2;7;0;2;1;15;1;
7177;202000004695;154 733 996;A01;2;7;0;2;3;13;1;
7178;202000004695;154 733 997;B01;1;10;0;2;3;1;1;
7179;202000004696;154 733 994;A01;1;7;0;2;1;17;1;
7180;202000004696;154 733 995;B01;2;7;0;2;1;1;1;
7181;202000004697;154 733 993;A01;1;7;0;1;3;15;1;
7182;202000004698;154 733 992;A01;1;2;0;0;0;1;1;
7183;202000004699;154 733 991;A01;1;33;0;0;1;1;1;
7184;202000004700;154 733 989;B01;2;7;0;2;1;1;1;
7185;202000004700;154 733 990;A01;1;7;0;2;6;9;1;
7186;202000004702;154 733 985;B01;3;7;0;2;0;9;0;
7187;202000004702;154 733 986;A01;1;2;0;2;0;1;0;
7188;202000004703;154 733 983;A01;0;33;0;2;1;1;1;
7189;202000004703;154 733 984;B01;0;10;0;2;3;15;1;
7190;202000004704;154 733 982;A01;2;7;8;0;8;0;1;
7191;202000004705;154 733 979;A01;2;33;2;0;0;0;1;
7192;202000004706;154 733 977;B01;2;31;0;2;1;1;1;
7193;202000004706;154 733 978;A01;1;7;0;0;3;1;1;
7194;202000004707;154 733 975;B01;2;10;0;2;1;1;1;
7195;202000004707;154 733 976;A01;1;10;0;2;1;13;1;
7196;202000004708;154 733 974;A01;2;33;13;0;1;1;1;
7197;202000004709;154 733 973;A01;1;7;0;1;3;1;1;
7198;202000004710;154 733 971;A01;1;33;0;2;3;2;1;
7199;202000004710;154 733 972;B01;1;1;0;0;4;1;0;
7200;202000004711;154 733 970;A01;3;7;0;0;9;1;1;
7201;202000004713;154 733 966;A01;3;7;0;9;3;1;0;
7202;202000004713;154 733 967;B01;3;1;0;2;5;14;5;
7203;202000004714;154 733 964;A01;2;7;1;2;8;22;0;
7204;202000004714;154 733 965;B01;2;33;1;2;7;17;0;
7205;202000004715;154 733 963;A01;2;7;3;0;3;2;1;
7206;202000004716;154 733 960;A01;2;7;0;0;6;1;1;
7207;202000004716;154 733 961;B01;2;33;0;2;1;1;1;
7208;202000004717;154 733 958;B01;2;7;0;1;1;1;1;
7209;202000004717;154 733 959;A01;2;7;0;1;3;1;1;
7210;202000004719;154 733 956;A01;1;7;0;1;0;0;1;
7211;202000004721;154 733 952;A01;1;7;0;2;2;16;1;
7212;202000004721;154 733 953;B01;1;1;0;2;8;26;5;
7213;202000004722;154 733 951;A01;1;7;13;0;0;14;1;
7214;202000004723;154 733 949;B01;2;33;0;2;1;1;1;
7215;202000004723;154 733 950;A01;1;7;0;2;7;15;1;
7216;202000004724;154 733 948;A01;1;7;13;0;1;1;1;
7217;202000004725;154 733 947;A01;0;7;0;1;1;1;1;
7218;202000004726;154 733 942;E01;1;7;0;2;1;1;1;
7219;202000004726;154 733 943;D01;1;7;0;2;1;1;1;
7220;202000004726;154 733 944;C01;1;7;0;2;1;1;1;
7221;202000004726;154 733 945;B01;1;7;0;2;1;2;1;
7222;202000004726;154 733 946;A01;1;7;0;2;4;1;1;
7223;202000004727;154 733 941;A01;1;17;4;9;1;12;1;
7224;202000004728;154 733 939;B01;2;10;0;2;4;1;1;
7225;202000004728;154 733 940;A01;2;33;0;2;1;14;1;
7226;202000004729;154 733 938;A01;1;7;4;0;2;14;1;
7227;202000004730;154 733 936;A01;2;10;0;2;6;13;1;
7228;202000004730;154 733 937;B01;2;7;0;2;7;1;1;
7229;202000004731;154 733 934;B01;1;7;0;2;2;0;1;
7230;202000004731;154 733 935;A01;1;10;0;2;8;0;1;
7231;202000004732;154 733 932;B01;2;15;0;2;5;2;1;
7232;202000004732;154 733 933;A01;2;7;0;2;1;2;1;
7233;202000004733;154 733 929;C01;1;7;0;2;4;1;1;
7234;202000004733;154 733 930;B01;1;7;0;2;4;1;1;
7235;202000004733;154 733 931;Z01;1;7;0;2;0;0;0;
7236;202000004734;154 733 926;C01;2;7;0;2;5;1;1;
7237;202000004734;154 733 927;B01;2;15;0;2;2;12;1;
7238;202000004734;154 733 928;A01;2;7;0;2;5;11;1;
7239;202000004735;154 733 922;D01;2;7;0;2;0;0;1;
7240;202000004735;154 733 923;C01;2;7;0;2;4;1;0;
7241;202000004735;154 733 924;B01;2;7;0;2;1;0;1;
7242;202000004735;154 733 925;A01;2;17;0;2;1;1;1;
7243;202000004736;154 733 921;A01;2;43;0;0;0;1;1;
7244;202000004737;154 733 916;E01;1;33;0;2;1;2;1;
7245;202000004737;154 733 917;D01;1;7;0;2;4;2;1;
7246;202000004737;154 733 918;C01;1;7;0;2;4;2;1;
7247;202000004737;154 733 919;A01;1;10;0;2;1;2;1;
7248;202000004737;154 733 920;B01;1;7;0;2;4;2;1;
7249;202000004738;154 733 914;B01;2;7;0;2;4;2;1;
7250;202000004738;154 733 915;A01;2;33;0;2;1;2;1;
7251;202000004740;154 733 909;B01;1;7;0;2;5;2;1;
7252;202000004740;154 733 910;A01;1;7;0;2;3;1;1;
7253;202000004741;154 733 907;B01;1;7;0;2;1;1;1;
7254;202000004741;154 733 908;A01;1;7;0;2;1;5;1;
7255;202000004742;154 733 905;A01;3;7;0;2;1;2;1;
7256;202000004742;154 733 906;B01;3;7;0;2;4;1;1;
7257;202000004744;154 733 902;A01;1;7;0;1;7;0;1;
7258;202000004746;154 733 896;B01;2;7;0;2;4;1;1;
7259;202000004746;154 733 897;A01;2;7;0;2;1;9;1;
7260;202000004747;154 733 894;A01;1;7;0;2;1;1;1;
7261;202000004747;154 733 895;B01;1;31;0;2;4;23;1;
7262;202000004748;154 733 892;B01;3;7;0;2;1;1;1;
7263;202000004748;154 733 893;A01;3;10;0;2;7;1;1;
7264;202000004749;154 733 890;B01;3;31;0;2;0;1;1;
7265;202000004749;154 733 891;A01;3;7;0;2;8;11;1;
7266;202000004750;154 733 888;A01;-1;7;0;2;1;-1;-1;
7267;202000004750;154 733 889;B01;-1;1;0;2;1;-1;-1;
7268;202000004751;154 733 886;A01;2;7;0;2;7;17;1;
7269;202000004751;154 733 887;B01;1;7;0;2;3;15;1;
7270;202000004752;154 733 884;A01;0;7;0;2;8;19;5;
7271;202000004752;154 733 885;B01;0;7;0;2;1;1;5;
7272;202000004753;154 733 882;A01;2;7;0;2;4;16;1;
7273;202000004753;154 733 883;B01;1;1;0;2;1;0;5;
7274;202000004754;154 733 880;A01;1;7;0;2;1;2;1;
7275;202000004754;154 733 881;B01;1;43;0;2;5;23;1;
7276;202000004755;154 733 878;B01;3;1;0;2;3;1;0;
7277;202000004755;154 733 879;A01;3;7;0;2;2;1;1;
7278;202000004756;154 733 876;A01;2;30;0;2;8;5;1;
7279;202000004756;154 733 877;B01;1;7;0;2;1;1;1;
7280;202000004757;154 733 874;B01;2;7;0;2;1;1;1;
7281;202000004757;154 733 875;A01;1;7;0;2;1;13;1;
7282;202000004758;154 733 873;Z01;2;7;0;1;7;1;0;
7283;202000004759;154 733 872;A01;2;7;0;1;1;16;1;
7284;202000004760;154 733 871;A01;1;7;0;1;1;1;1;
7285;202000004761;154 733 869;B01;2;2;0;2;1;1;1;
7286;202000004761;154 733 870;A01;2;10;0;2;2;1;1;
7287;202000004762;154 733 867;B01;1;30;0;2;7;1;1;
7288;202000004762;154 733 868;A01;2;33;0;2;1;11;1;
7289;202000004763;154 733 864;A01;3;7;0;1;0;1;0;
7290;202000004765;154 733 861;A01;2;7;13;0;9;26;1;
7291;202000004767;154 733 857;B01;2;2;0;2;1;1;1;
7292;202000004767;154 733 858;A01;1;7;0;2;7;15;1;
7293;202000004768;154 733 855;B01;3;7;0;2;3;1;1;
7294;202000004768;154 733 856;A01;3;7;0;2;7;15;1;
7295;202000004769;154 733 853;A01;2;7;0;2;1;2;1;
7296;202000004769;154 733 854;B01;2;7;0;2;4;2;1;
7297;202000004770;154 733 850;A01;3;7;0;2;1;2;1;
7298;202000004770;154 733 851;C01;3;99;0;0;4;0;1;
7299;202000004770;154 733 852;B01;3;7;0;2;1;2;1;
7300;202000004771;154 733 848;A01;1;10;0;2;7;2;1;
7301;202000004771;154 733 849;B01;1;1;0;0;8;1;0;
7302;202000004772;154 733 847;B01;3;2;0;0;4;16;0;
7303;202000004773;154 733 845;A01;2;7;0;2;2;14;1;
7304;202000004773;154 733 846;B01;2;1;0;2;8;19;5;
7305;202000004774;154 733 844;A01;2;17;0;0;0;1;1;
7306;202000004775;154 733 842;A01;1;7;0;2;7;15;1;
7307;202000004775;154 733 843;B01;2;10;0;2;1;1;1;
7308;202000004776;154 733 841;A01;2;10;8;0;1;14;1;
7309;202000004777;154 733 840;A01;3;7;0;1;2;1;0;
7310;202000004778;154 733 839;A01;0;7;0;1;6;26;1;
7311;202000004779;154 733 837;A01;3;7;0;2;2;15;1;
7312;202000004779;154 733 838;B01;1;2;0;2;7;1;1;
7313;202000004780;154 733 835;B01;1;7;0;0;6;23;1;
7314;202000004780;154 733 836;A01;1;2;0;2;2;2;1;
7315;202000004781;154 733 833;B01;3;10;0;2;1;1;1;
7316;202000004781;154 733 834;A01;3;7;0;2;1;13;1;
7317;202000004782;154 733 832;Z01;0;7;0;1;1;1;1;
7318;202000004783;154 733 830;A01;3;7;0;2;1;19;1;
7319;202000004783;154 733 831;B01;3;7;0;2;3;1;1;
7320;202000004784;154 733 828;A01;1;7;0;2;0;0;6;
7321;202000004784;154 733 829;B01;1;2;0;2;1;2;6;
7322;202000004785;154 733 827;A01;1;7;0;1;8;11;1;
7323;202000004786;154 733 826;A01;3;7;13;0;2;1;1;
7324;202000004787;154 733 824;A01;3;50;0;2;1;1;3;
7325;202000004787;154 733 825;B01;3;10;0;2;6;1;1;
7326;202000004788;154 733 823;Z01;0;7;0;1;3;1;1;
7327;202000004789;154 733 821;A01;0;7;1;2;3;15;0;
7328;202000004789;154 733 822;B01;2;34;1;2;3;1;0;
7329;202000004790;154 733 819;A01;1;7;0;2;7;15;1;
7330;202000004790;154 733 820;B01;1;7;0;2;1;1;0;
7331;202000004791;154 733 817;A01;1;7;0;2;2;1;1;
7332;202000004791;154 733 818;B01;1;7;0;2;3;1;1;
7333;202000004792;154 733 815;A01;1;7;0;2;0;1;1;
7334;202000004792;154 733 816;B01;1;7;0;2;1;1;1;
7335;202000004793;154 733 813;B01;2;10;0;2;4;2;1;
7336;202000004793;154 733 814;A01;2;7;0;2;1;2;1;
7337;202000004794;154 733 811;Z01;1;0;0;2;0;0;0;
7338;202000004794;154 733 812;B01;1;32;0;2;0;1;1;
7339;202000004795;154 733 809;B01;2;33;0;2;1;1;1;
7340;202000004795;154 733 810;A01;1;10;0;2;2;15;1;
7341;202000004796;154 733 807;A01;1;1;0;2;1;2;5;
7342;202000004796;154 733 808;B01;1;7;0;2;4;1;1;
7343;202000004797;154 733 806;A01;2;7;2;0;3;0;1;
7344;202000004798;154 733 805;A01;2;33;2;0;1;13;1;
7345;202000004799;154 733 803;A01;1;7;0;2;0;17;0;
7346;202000004799;154 733 804;B01;1;1;0;2;0;21;5;
7347;202000004800;154 733 801;A01;1;7;0;9;3;16;1;
7348;202000004800;154 733 802;B01;1;1;0;2;7;1;5;
7349;202000004801;154 733 800;A01;2;7;13;0;3;1;1;
7350;202000004802;154 733 799;A01;1;33;5;0;1;18;0;
7351;202000004803;154 733 797;B01;1;33;0;2;7;1;1;
7352;202000004803;154 733 798;A01;2;7;0;2;1;15;1;
7353;202000004804;154 733 794;C01;1;7;0;0;6;1;1;
7354;202000004804;154 733 795;B01;1;33;0;2;1;11;1;
7355;202000004804;154 733 796;A01;2;7;0;2;3;1;1;
7356;202000004805;154 733 793;A01;1;33;7;0;8;14;1;
7357;202000004806;154 733 792;A01;3;33;13;0;1;0;1;
7358;202000004807;154 733 791;A01;2;33;0;0;1;1;1;
7359;202000004808;154 733 789;A01;1;7;0;2;2;15;1;
7360;202000004808;154 733 790;B01;2;33;0;2;1;1;1;
7361;202000004809;154 733 788;A01;0;7;0;0;0;1;0;
7362;202000004810;154 733 786;A01;1;33;0;2;1;1;1;
7363;202000004810;154 733 787;B01;1;7;0;2;4;2;1;
7364;202000004811;154 733 785;A01;1;7;8;0;9;1;1;
7365;202000004812;154 733 784;A01;1;7;0;0;0;0;0;
7366;202000004813;154 733 783;A01;3;31;6;0;1;1;1;
7367;202000004814;154 733 782;A01;2;7;1;0;2;14;1;
7368;202000004815;154 733 780;B01;2;7;0;2;6;2;1;
7369;202000004815;154 733 781;A01;2;33;0;2;2;2;1;
7370;202000004816;154 733 779;A01;2;33;0;0;0;1;1;
7371;202000004817;154 733 777;B01;3;7;0;2;7;19;1;
7372;202000004817;154 733 778;A01;3;7;0;2;3;1;1;
7373;202000004818;154 733 775;B01;2;33;0;2;1;1;1;
7374;202000004818;154 733 776;A01;2;15;0;2;4;4;1;
7375;202000004819;154 733 773;B01;1;7;0;2;1;19;1;
7376;202000004819;154 733 774;A01;1;7;7;0;8;1;1;
7377;202000004820;154 733 771;B01;1;7;0;2;3;1;1;
7378;202000004820;154 733 772;A01;2;7;5;2;3;21;1;
7379;202000004821;154 733 770;A01;1;7;0;1;1;1;1;
7380;202000004822;154 733 768;A01;1;33;0;2;1;17;1;
7381;202000004822;154 733 769;B01;1;7;0;2;4;15;1;
7382;202000004823;154 733 767;A01;3;7;0;1;4;4;0;
7383;202000004824;154 733 766;A01;3;7;6;0;1;1;1;
7384;202000004825;154 733 764;B01;2;30;0;2;1;1;0;
7385;202000004825;154 733 765;A01;1;7;0;0;5;15;1;
7386;202000004826;154 733 760;B01;1;7;0;2;3;19;0;
7387;202000004826;154 733 761;A01;2;33;0;2;1;26;0;
7388;202000004827;154 733 758;A01;1;33;1;0;0;0;0;
7389;202000004827;154 733 759;B01;1;7;0;0;6;24;0;
7390;202000004828;154 733 756;A01;1;7;0;2;7;15;1;
7391;202000004828;154 733 757;B01;2;1;0;2;1;1;5;
7392;202000004829;154 733 754;A01;2;7;0;2;8;10;1;
7393;202000004829;154 733 755;B01;2;7;0;2;1;2;1;
7394;202000004830;154 733 753;A01;3;7;0;1;0;1;1;
7395;202000004831;154 733 751;B01;1;7;0;2;8;15;1;
7396;202000004831;154 733 752;A01;1;33;0;2;2;17;1;
7397;202000004832;154 733 749;B01;2;7;0;2;7;15;0;
7398;202000004832;154 733 750;A01;1;2;0;2;0;1;0;
7399;202000004833;154 733 747;B01;1;33;0;2;1;2;1;
7400;202000004833;154 733 748;A01;1;7;0;2;5;2;1;
7401;202000004834;154 733 745;A01;2;7;3;2;2;12;1;
7402;202000004834;154 733 746;B01;2;10;0;2;6;1;1;
7403;202000004835;154 733 743;B01;1;15;0;2;2;1;1;
7404;202000004835;154 733 744;A01;1;7;0;2;8;9;1;
7405;202000004836;154 733 742;A01;1;7;0;1;3;1;1;
7406;202000004837;154 733 740;A01;2;33;0;2;7;2;1;
7407;202000004837;154 733 741;B01;1;7;0;2;8;2;1;
7408;202000004838;154 733 737;B01;1;10;0;2;6;9;1;
7409;202000004838;154 733 738;C01;1;10;0;2;4;1;1;
7410;202000004838;154 733 739;A01;1;10;0;2;2;9;1;
7411;202000004839;154 733 735;B01;2;7;0;2;3;0;1;
7412;202000004839;154 733 736;A01;2;7;0;2;7;26;1;
7413;202000004840;154 733 733;A01;1;7;0;2;0;0;0;
7414;202000004840;154 733 734;B01;1;7;0;2;8;0;0;
7415;202000004841;154 733 732;A01;1;17;13;0;2;1;1;
7416;202000004842;154 733 729;C01;1;7;0;2;6;1;1;
7417;202000004842;154 733 730;B01;1;10;0;2;5;12;1;
7418;202000004842;154 733 731;A01;1;33;0;2;1;3;1;
7419;202000004843;154 733 728;A01;1;7;4;0;1;13;1;
7420;202000004844;154 733 726;B01;1;15;0;2;4;2;1;
7421;202000004844;154 733 727;A01;1;7;0;2;1;2;6;
7422;202000004845;154 733 724;B01;1;7;0;2;4;1;1;
7423;202000004845;154 733 725;A01;1;7;0;2;3;18;6;
7424;202000004846;154 733 722;B01;1;7;0;2;2;17;1;
7425;202000004846;154 733 723;A01;1;7;4;2;6;11;1;
7426;202000004847;154 733 720;A01;1;7;0;2;2;14;1;
7427;202000004847;154 733 721;B01;1;7;0;2;6;1;1;
7428;202000004848;154 733 718;B01;2;33;0;2;7;1;1;
7429;202000004848;154 733 719;A01;2;33;3;2;8;13;1;
7430;202000004850;154 733 714;B01;2;7;0;2;6;1;1;
7431;202000004850;154 733 715;A01;2;17;0;2;7;1;1;
7432;202000004851;154 733 713;A01;3;7;0;1;2;16;1;
7433;202000004852;154 733 711;B01;0;7;0;2;7;1;1;
7434;202000004852;154 733 712;A01;0;7;0;2;8;10;1;
7435;202000004853;154 733 710;A01;1;7;0;1;3;15;1;
7436;202000004856;154 733 705;A01;1;7;0;2;1;1;1;
7437;202000004856;154 733 706;B01;2;30;0;9;2;15;1;
7438;202000004857;154 733 702;A01;2;7;0;2;7;15;1;
7439;202000004857;154 733 703;B01;1;7;0;2;8;1;1;
7440;202000004857;154 733 704;C01;1;7;0;2;1;1;1;
7441;202000004859;154 733 700;A01;3;1;12;0;0;26;5;
7442;202000004860;154 733 698;B01;2;7;0;2;2;0;1;
7443;202000004860;154 733 699;A01;2;1;1;2;0;19;5;
7444;202000004861;154 733 696;B01;3;7;0;2;1;0;1;
7445;202000004861;154 733 697;A01;0;7;0;2;1;8;1;
7446;202000004862;154 733 694;B01;1;13;3;2;8;2;1;
7447;202000004862;154 733 695;A01;1;7;3;0;1;1;1;
7448;202000004863;154 733 692;B01;3;33;0;2;5;21;1;
7449;202000004863;154 733 693;A01;3;7;0;2;3;1;1;
7450;202000004864;154 733 691;A01;1;33;0;0;0;1;1;
7451;202000004865;154 733 690;A01;1;10;0;1;2;15;1;
7452;202000004866;154 733 689;A01;2;1;9;0;1;9;5;
7453;202000004867;154 733 687;B01;2;34;0;2;9;1;1;
7454;202000004867;154 733 688;A01;1;14;0;2;8;9;1;
7455;202000004868;154 733 685;A01;1;7;0;2;1;0;1;
7456;202000004868;154 733 686;B01;2;1;0;2;1;0;5;
7457;202000004869;154 733 683;B01;0;7;0;2;1;1;1;
7458;202000004869;154 733 684;A01;0;7;0;2;1;1;1;
7459;202000004870;154 733 681;B01;0;31;0;2;1;1;1;
7460;202000004870;154 733 682;A01;0;7;0;2;2;15;1;
7461;202000004871;154 733 679;B01;0;33;0;0;0;0;1;
7462;202000004871;154 733 680;A01;1;7;0;2;1;15;1;
7463;202000004872;154 733 678;A01;0;30;14;0;8;21;1;
7464;202000004873;154 733 677;A01;1;30;0;0;3;1;1;
7465;202000004874;154 733 675;B01;2;33;0;2;7;17;1;
7466;202000004874;154 733 676;A01;2;7;0;2;3;15;1;
7467;202000004875;154 733 673;A01;3;10;0;2;3;0;1;
7468;202000004875;154 733 674;B01;3;34;0;2;2;0;1;
7469;202000004877;154 733 669;B01;1;7;0;2;6;15;1;
7470;202000004877;154 733 670;A01;1;33;0;2;1;1;1;
7471;202000004878;154 733 668;A01;1;3;0;1;1;1;1;
7472;202000004879;154 733 666;A01;3;7;0;2;8;15;1;
7473;202000004879;154 733 667;B01;3;32;0;2;1;1;1;
7474;202000004880;154 733 665;A01;2;10;6;0;3;1;1;
7475;202000004881;154 733 664;A01;1;7;2;0;1;14;1;
7476;202000004883;154 733 660;B01;1;1;0;2;0;0;5;
7477;202000004883;154 733 661;A01;1;7;0;2;0;0;1;
7478;202000004884;154 733 659;A01;1;1;0;0;1;0;5;
7479;202000004885;154 733 657;A01;1;7;0;2;1;2;1;
7480;202000004885;154 733 658;B01;1;7;0;2;4;23;1;
7481;202000004886;154 733 655;B01;3;7;0;2;8;15;1;
7482;202000004886;154 733 656;A01;3;30;0;2;8;15;2;
7483;202000004887;154 733 653;A01;1;7;0;2;1;26;1;
7484;202000004887;154 733 654;B01;1;7;0;2;4;26;1;
7485;202000004888;154 733 651;A01;1;1;0;2;6;18;0;
7486;202000004888;154 733 652;B01;1;0;0;2;0;2;-1;
7487;202000004889;154 733 649;B01;2;2;0;2;1;9;1;
7488;202000004889;154 733 650;A01;1;7;0;2;1;1;1;
7489;202000004890;154 733 648;A01;3;7;0;1;2;15;1;
7490;202000004891;154 733 646;Z01;1;7;0;2;1;13;0;
7491;202000004891;154 733 647;B01;1;33;0;2;7;13;0;
7492;202000004892;154 733 644;A01;0;1;0;2;1;19;5;
7493;202000004892;154 733 645;B01;2;33;0;2;0;1;0;
7494;202000004893;154 733 642;A01;1;7;0;2;3;9;1;
7495;202000004893;154 733 643;B01;3;1;0;2;7;2;5;
7496;202000004896;154 733 637;A01;2;43;0;1;1;1;1;
7497;202000004897;154 733 635;A01;2;33;0;2;1;1;1;
7498;202000004897;154 733 636;B01;2;7;0;2;6;15;1;
7499;202000004899;154 733 632;Z01;1;7;0;1;2;1;1;
7500;202000004900;154 733 631;A01;2;10;0;1;4;4;0;
7501;202000004901;154 733 629;A01;2;7;0;2;6;10;1;
7502;202000004901;154 733 630;B01;2;1;0;2;1;17;5;
7503;202000004902;154 733 627;A01;1;30;0;2;7;10;1;
7504;202000004902;154 733 628;B01;1;43;0;2;1;1;1;
7505;202000004903;154 733 626;A01;1;7;0;1;1;15;1;
7506;202000004904;154 733 624;B01;1;30;0;2;4;23;1;
7507;202000004904;154 733 625;A01;1;7;0;2;2;2;1;
7508;202000004905;154 733 622;B01;1;1;0;2;2;15;0;
7509;202000004905;154 733 623;A01;1;34;0;2;3;1;1;
7510;202000004906;154 733 620;A01;2;30;0;2;8;17;1;
7511;202000004906;154 733 621;B01;2;7;0;2;2;17;3;
7512;202000004907;154 733 618;A01;2;1;0;2;1;5;5;
7513;202000004907;154 733 619;B01;1;1;0;2;1;1;5;
7514;202000004908;154 733 616;B01;1;32;0;2;4;23;1;
7515;202000004908;154 733 617;A01;1;7;0;2;1;1;1;
7516;202000004909;154 733 615;A01;0;7;0;1;5;26;0;
7517;202000004910;154 733 614;A01;1;7;4;0;9;16;1;
7518;202000004911;154 733 613;A01;1;7;0;1;1;16;1;
7519;202000004912;154 733 611;B01;2;10;0;2;2;15;1;
7520;202000004912;154 733 612;A01;1;31;0;2;1;2;1;
7521;202000004913;154 733 610;A01;2;33;0;1;1;26;1;
7522;202000004914;154 733 609;A01;2;7;0;1;2;16;0;
7523;202000004915;154 733 607;B01;2;2;0;9;1;17;1;
7524;202000004915;154 733 608;A01;1;7;0;9;3;1;1;
7525;202000004916;154 733 605;B01;1;60;0;2;8;2;5;
7526;202000004916;154 733 606;A01;1;34;0;2;2;17;0;