;Num_Acc;id_vehicule;num_veh;senc;catv;obs;obsm;choc;manv;motor;occutc
7527;202000004917;154 733 604;A01;-1;7;0;2;4;20;0;
7528;202000004918;154 733 602;B01;3;1;0;2;8;1;0;
7529;202000004918;154 733 603;A01;3;7;0;9;5;17;1;
7530;202000004919;154 733 600;B01;2;30;0;2;7;17;1;
7531;202000004919;154 733 601;A01;2;7;0;2;8;17;1;
7532;202000004920;154 733 598;A01;2;30;0;2;1;1;1;
7533;202000004920;154 733 599;B01;2;7;0;2;5;15;1;
7534;202000004921;154 733 597;A01;1;7;0;1;0;21;1;
7535;202000004922;154 733 596;A01;1;7;2;0;2;13;1;
7536;202000004923;154 733 594;B01;1;7;0;2;6;15;1;
7537;202000004923;154 733 595;A01;1;33;0;2;1;17;1;
7538;202000004924;154 733 592;B01;2;7;0;2;1;1;1;
7539;202000004924;154 733 593;A01;1;7;0;2;1;13;1;
7540;202000004925;154 733 590;B01;1;0;0;2;1;17;0;
7541;202000004925;154 733 591;A01;1;7;0;2;3;15;1;
7542;202000004926;154 733 588;A01;2;7;0;9;3;15;1;
7543;202000004926;154 733 589;B01;1;1;0;2;1;1;5;
7544;202000004927;154 733 586;B01;2;2;0;2;1;1;1;
7545;202000004927;154 733 587;A01;1;7;0;2;2;15;1;
7546;202000004928;154 733 584;B01;1;7;0;2;2;1;0;
7547;202000004928;154 733 585;A01;2;1;0;2;1;13;5;
7548;202000004929;154 733 583;A01;2;33;0;0;1;1;1;
7549;202000004930;154 733 581;A01;1;7;0;2;1;17;1;
7550;202000004930;154 733 582;B01;1;21;0;0;4;15;1;
7551;202000004931;154 733 579;A01;2;14;0;2;6;15;1;
7552;202000004931;154 733 580;B01;1;33;0;2;1;1;1;
7553;202000004932;154 733 578;A01;2;7;13;0;1;1;1;
7554;202000004933;154 733 577;A01;1;7;2;0;2;13;1;
7555;202000004934;154 733 576;A01;3;1;0;0;0;13;5;
7556;202000004935;154 733 574;B01;1;33;0;2;8;1;0;
7557;202000004935;154 733 575;A01;2;7;0;2;8;13;0;
7558;202000004936;154 733 572;A01;2;7;14;9;2;17;1;
7559;202000004936;154 733 573;B01;2;1;0;2;3;2;5;
7560;202000004937;154 733 571;A01;2;30;0;0;0;1;1;
7561;202000004938;154 733 569;A01;3;7;0;2;3;22;1;
7562;202000004938;154 733 570;B01;3;1;1;0;1;1;5;
7563;202000004939;154 733 568;A01;2;33;0;0;0;21;1;
7564;202000004940;154 733 566;B01;3;1;0;2;8;1;5;
7565;202000004940;154 733 567;A01;3;7;0;9;1;16;1;
7566;202000004941;154 733 565;A01;3;7;0;1;3;26;1;
7567;202000004942;154 733 563;A01;3;7;0;2;1;1;0;
7568;202000004942;154 733 564;B01;3;7;0;2;1;1;0;
7569;202000004943;154 733 562;A01;1;33;0;6;0;0;1;
7570;202000004944;154 733 561;A01;1;3;2;0;1;14;1;
7571;202000004946;154 733 559;A01;3;32;0;1;2;1;1;
7572;202000004947;154 733 558;A01;0;33;0;0;0;2;1;
7573;202000004948;154 733 556;A01;0;10;0;9;2;1;1;
7574;202000004948;154 733 557;B01;0;1;13;2;8;23;5;
7575;202000004949;154 733 554;A01;0;7;0;1;6;20;1;
7576;202000004951;154 733 550;B01;1;7;0;2;1;1;0;
7577;202000004951;154 733 551;A01;2;7;0;2;1;13;1;
7578;202000004952;154 733 549;A01;1;7;0;1;2;1;1;
7579;202000004953;154 733 547;B01;0;7;0;2;8;15;1;
7580;202000004953;154 733 548;A01;1;7;0;2;2;1;1;
7581;202000004954;154 733 545;A01;2;7;0;2;1;9;1;
7582;202000004954;154 733 546;B01;2;33;0;2;8;15;1;
7583;202000004955;154 733 541;C01;1;7;0;0;7;2;1;
7584;202000004955;154 733 542;D01;1;7;0;0;5;2;1;
7585;202000004955;154 733 543;A01;1;10;0;2;1;2;1;
7586;202000004955;154 733 544;B01;1;10;0;2;4;2;1;
7587;202000004956;154 733 539;A01;3;7;0;2;2;1;0;
7588;202000004956;154 733 540;B01;3;13;0;2;8;1;0;
7589;202000004957;154 733 538;A01;1;33;4;0;8;1;1;
7590;202000004958;154 733 537;A01;2;33;0;0;2;13;1;
7591;202000004959;154 733 535;A01;1;33;0;2;1;1;1;
7592;202000004959;154 733 536;B01;2;10;0;2;2;15;1;
7593;202000004961;154 733 532;A01;3;7;9;1;2;1;1;
7594;202000004962;154 733 530;A01;3;7;0;9;8;9;0;
7595;202000004962;154 733 531;B01;3;80;0;2;1;1;3;
7596;202000004964;154 733 527;B01;1;7;0;0;8;26;1;
7597;202000004964;154 733 528;A01;1;33;0;2;1;1;1;
7598;202000004965;154 733 526;A01;1;2;0;0;7;1;1;
7599;202000004966;154 733 525;A01;1;7;0;0;0;1;1;
7600;202000004967;154 733 523;A01;2;31;8;0;7;1;1;
7601;202000004967;154 733 524;B01;2;33;0;0;9;1;1;
7602;202000004968;154 733 521;A01;1;33;0;2;1;1;1;
7603;202000004968;154 733 522;B01;1;21;0;2;4;26;1;
7604;202000004971;154 733 511;B01;2;7;4;0;6;1;1;
7605;202000004971;154 733 512;A01;2;7;3;2;2;11;1;
7606;202000004972;154 733 509;B01;2;7;0;2;8;1;1;
7607;202000004972;154 733 510;A01;2;7;0;2;1;1;1;
7608;202000004974;154 733 505;B01;1;32;0;2;0;0;1;
7609;202000004974;154 733 506;A01;1;7;0;2;0;26;0;
7610;202000004975;154 733 503;A01;1;7;0;2;2;14;1;
7611;202000004975;154 733 504;B01;1;7;0;2;9;1;1;
7612;202000004976;154 733 502;A01;1;7;4;0;2;14;1;
7613;202000004977;154 733 501;A01;2;7;4;0;1;9;1;
7614;202000004978;154 733 499;B01;1;7;0;2;8;1;1;
7615;202000004978;154 733 500;A01;1;14;0;2;2;12;1;
7616;202000004979;154 733 498;A01;1;7;4;0;1;1;1;
7617;202000004980;154 733 496;B01;1;33;0;2;8;1;1;
7618;202000004980;154 733 497;Z01;1;7;0;2;7;12;0;
7619;202000004981;154 733 494;B01;2;33;0;2;1;21;1;
7620;202000004981;154 733 495;A01;2;17;0;2;5;12;1;
7621;202000004982;154 733 492;A01;3;7;0;1;1;26;1;
7622;202000004983;154 733 491;A01;3;7;0;1;3;15;1;
7623;202000004986;154 733 485;B01;3;31;0;2;8;1;0;
7624;202000004986;154 733 486;A01;3;10;0;2;2;1;0;
7625;202000004987;154 733 484;A01;2;33;6;0;9;1;1;
7626;202000004988;154 733 483;A01;3;31;8;2;1;21;1;
7627;202000004989;154 733 481;B01;3;33;0;2;8;1;1;
7628;202000004989;154 733 482;A01;3;7;0;2;1;1;1;
7629;202000004990;154 733 479;A01;1;7;0;2;7;1;1;
7630;202000004990;154 733 480;B01;1;7;0;2;1;1;1;
7631;202000004991;154 733 477;A01;1;30;0;2;3;13;1;
7632;202000004991;154 733 478;B01;1;7;0;9;2;26;1;
7633;202000004992;154 733 475;A01;2;7;0;1;2;2;1;
7634;202000004993;154 733 473;A01;0;15;0;2;2;10;1;
7635;202000004993;154 733 474;B01;0;37;0;2;8;1;1;3.0
7636;202000004994;154 733 472;B01;1;7;0;2;1;1;1;
7637;202000004995;154 733 471;A01;1;7;0;1;2;1;1;
7638;202000004996;154 733 469;A01;0;10;0;2;2;2;1;
7639;202000004996;154 733 470;B01;0;33;0;2;6;23;1;
7640;202000004997;154 733 467;B01;2;7;0;0;4;1;6;
7641;202000004997;154 733 468;A01;2;7;0;2;1;2;6;
7642;202000004999;154 733 463;A01;1;7;0;1;3;17;1;
7643;202000005000;154 733 461;A01;3;7;0;2;2;19;1;
7644;202000005000;154 733 462;B01;1;30;0;2;1;1;1;
7645;202000005001;154 733 460;A01;2;7;0;1;3;26;1;
7646;202000005002;154 733 459;A01;2;33;0;0;7;3;1;
7647;202000005003;154 733 456;C01;1;32;0;2;7;1;1;
7648;202000005003;154 733 457;A01;1;33;0;2;1;3;1;
7649;202000005003;154 733 458;B01;1;33;0;2;4;3;1;
7650;202000005004;154 733 455;A01;2;43;0;1;1;17;1;
7651;202000005005;154 733 454;A01;1;7;0;9;1;1;1;
7652;202000005006;154 733 452;B01;1;43;0;2;6;1;1;
7653;202000005006;154 733 453;A01;2;50;0;2;1;15;3;
7654;202000005007;154 733 450;A01;1;1;0;2;6;13;5;
7655;202000005007;154 733 451;B01;1;1;0;2;2;17;5;
7656;202000005008;154 733 448;B01;1;7;0;2;8;15;1;
7657;202000005008;154 733 449;A01;1;7;0;2;1;15;1;
7658;202000005009;154 733 447;A01;1;10;0;1;1;15;1;
7659;202000005010;154 733 445;B01;1;1;0;2;1;1;5;
7660;202000005010;154 733 446;A01;2;7;0;2;3;1;1;
7661;202000005011;154 733 442;A01;1;7;0;2;1;2;1;
7662;202000005011;154 733 443;C01;1;32;0;2;4;1;1;
7663;202000005011;154 733 444;B01;2;17;0;2;2;15;1;
7664;202000005012;154 733 441;A01;1;30;0;1;7;1;3;
7665;202000005013;154 733 439;B01;1;30;0;2;1;15;1;
7666;202000005013;154 733 440;A01;2;1;0;2;1;1;5;
7667;202000005014;154 733 437;A01;2;7;0;2;5;15;1;
7668;202000005014;154 733 438;B01;2;7;0;2;3;1;1;
7669;202000005015;154 733 436;A01;1;32;0;1;3;17;1;
7670;202000005016;154 733 435;A01;1;7;0;1;1;26;1;
7671;202000005017;154 733 434;A01;1;7;4;0;1;1;1;
7672;202000005018;154 733 432;B01;1;7;0;2;5;15;1;
7673;202000005018;154 733 433;A01;2;7;0;2;1;9;1;
7674;202000005019;154 733 430;A01;0;7;0;2;8;15;1;
7675;202000005019;154 733 431;B01;0;33;0;2;1;17;1;
7676;202000005020;154 733 428;A01;1;30;0;2;5;9;1;
7677;202000005020;154 733 429;B01;2;7;0;2;2;1;1;
7678;202000005021;154 733 427;Z01;2;7;0;1;0;1;0;
7679;202000005022;154 733 426;A01;0;99;0;1;4;26;1;
7680;202000005023;154 733 425;A01;1;37;0;1;2;1;1;1.0
7681;202000005024;154 733 423;A01;3;99;0;2;3;9;6;
7682;202000005024;154 733 424;B01;2;30;0;2;1;1;0;
7683;202000005025;154 733 422;B01;1;2;0;2;1;1;1;
7684;202000005026;154 733 420;B01;3;50;0;2;1;26;3;
7685;202000005026;154 733 421;A01;3;33;0;2;1;26;1;
7686;202000005027;154 733 418;B01;1;15;0;2;1;1;1;
7687;202000005027;154 733 419;A01;1;7;0;2;3;9;1;
7688;202000005028;154 733 417;A01;1;7;1;0;1;26;1;
7689;202000005029;154 733 415;B01;1;7;0;2;1;17;1;
7690;202000005029;154 733 416;A01;1;7;4;2;6;1;1;
7691;202000005030;154 733 414;A01;2;7;0;1;7;1;1;
7692;202000005032;154 733 411;A01;3;7;0;1;3;26;0;
7693;202000005033;154 733 410;A01;3;7;0;1;2;1;1;
7694;202000005034;154 733 408;B01;1;7;0;0;4;2;1;
7695;202000005034;154 733 409;A01;1;33;0;2;1;2;1;
7696;202000005035;154 733 405;B01;2;17;0;2;1;1;1;
7697;202000005035;154 733 406;C01;2;7;0;2;3;1;1;
7698;202000005035;154 733 407;A01;1;7;0;2;1;13;1;
7699;202000005036;154 733 403;B01;2;33;0;2;1;2;1;
7700;202000005036;154 733 404;A01;2;7;0;0;4;2;1;
7701;202000005037;154 733 402;A01;1;7;2;0;1;1;1;
7702;202000005038;154 733 400;B01;1;7;0;2;1;1;1;
7703;202000005038;154 733 401;A01;2;7;0;2;1;17;1;
7704;202000005039;154 733 399;A01;2;7;0;1;2;1;1;
7705;202000005040;154 733 396;C01;1;37;0;2;3;1;1;1.0
7706;202000005040;154 733 397;B01;1;7;0;2;3;1;0;
7707;202000005040;154 733 398;A01;2;7;0;2;3;13;0;
7708;202000005041;154 733 395;A01;1;31;0;6;3;0;1;
7709;202000005042;154 733 391;B01;2;7;0;0;1;1;1;
7710;202000005042;154 733 392;A01;1;7;0;2;1;15;1;
7711;202000005043;154 733 390;A01;1;7;0;1;1;1;1;
7712;202000005044;154 733 389;A01;3;10;0;1;4;26;1;
7713;202000005045;154 733 388;A01;1;7;0;1;1;26;1;
7714;202000005046;154 733 386;B01;1;1;0;0;4;2;5;
7715;202000005046;154 733 387;A01;1;7;0;2;2;2;1;
7716;202000005047;154 733 384;B01;1;7;0;2;3;0;1;
7717;202000005047;154 733 385;A01;2;7;0;2;3;0;1;
7718;202000005048;154 733 382;A01;1;7;1;0;8;10;1;
7719;202000005048;154 733 383;B01;1;21;0;2;1;1;1;
7720;202000005049;154 733 380;B01;2;7;0;2;3;1;1;
7721;202000005049;154 733 381;A01;2;2;0;2;1;15;1;
7722;202000005050;154 733 378;A01;2;7;0;2;3;15;1;
7723;202000005050;154 733 379;B01;2;7;0;2;1;1;1;
7724;202000005051;154 733 376;B01;2;7;0;2;3;15;1;
7725;202000005051;154 733 377;A01;1;35;0;2;2;21;1;
7726;202000005052;154 733 373;A01;1;7;6;0;2;1;1;
7727;202000005053;154 733 372;A01;1;10;13;0;1;1;1;
7728;202000005054;154 733 370;B01;2;10;7;2;1;1;1;
7729;202000005054;154 733 371;A01;1;10;0;2;7;13;1;
7730;202000005055;154 733 368;B01;1;14;0;2;5;2;1;
7731;202000005055;154 733 369;A01;1;1;0;0;4;2;5;
7732;202000005056;154 733 366;B01;2;7;0;2;3;1;1;
7733;202000005056;154 733 367;A01;1;7;0;2;3;13;1;
7734;202000005058;154 733 363;A01;2;7;4;0;2;1;1;
7735;202000005059;154 733 361;B01;1;7;0;2;1;2;0;
7736;202000005059;154 733 362;A01;1;1;0;2;4;2;5;
7737;202000005060;154 733 360;A01;1;10;0;1;2;1;0;
7738;202000005061;154 733 358;B01;1;7;0;2;1;1;1;
7739;202000005061;154 733 359;A01;1;7;0;0;4;23;1;
7740;202000005062;154 733 356;B01;1;7;0;2;2;1;1;
7741;202000005062;154 733 357;A01;2;34;6;2;1;13;1;
7742;202000005063;154 733 354;A01;2;7;3;0;2;1;1;
7743;202000005063;154 733 355;B01;2;10;0;2;3;2;1;
7744;202000005065;154 733 350;B01;1;7;16;0;3;13;1;
7745;202000005065;154 733 351;A01;2;7;0;0;3;13;1;
7746;202000005066;154 733 349;A01;1;7;13;0;2;1;1;
7747;202000005067;154 733 347;A01;1;33;0;2;0;1;1;
7748;202000005067;154 733 348;B01;2;7;0;0;8;1;1;
7749;202000005068;154 733 346;A01;1;33;0;0;0;1;1;
7750;202000005069;154 733 344;A01;1;7;0;0;0;13;1;
7751;202000005069;154 733 345;B01;1;7;0;2;2;2;1;
7752;202000005070;154 733 342;B01;2;17;0;2;7;12;1;
7753;202000005070;154 733 343;A01;2;7;0;2;8;1;1;
7754;202000005071;154 733 339;C01;1;7;0;2;1;21;1;
7755;202000005071;154 733 340;B01;1;7;0;2;1;21;1;
7756;202000005071;154 733 341;A01;1;7;3;2;3;13;1;
7757;202000005073;154 733 335;B01;1;7;0;2;4;1;1;
7758;202000005073;154 733 336;A01;1;7;0;2;1;2;1;
7759;202000005074;154 733 334;A01;1;7;3;0;1;2;1;
7760;202000005075;154 733 333;A01;2;31;0;0;8;15;1;
7761;202000005076;154 733 331;B01;2;7;0;2;4;2;1;
7762;202000005076;154 733 332;A01;2;7;0;2;4;1;1;
7763;202000005077;154 733 329;A01;2;7;0;2;1;1;1;
7764;202000005077;154 733 330;B01;2;33;0;2;4;2;1;
7765;202000005078;154 733 327;A01;1;10;0;2;1;2;1;
7766;202000005078;154 733 328;B01;1;15;0;2;4;2;0;
7767;202000005079;154 733 324;C01;2;7;0;2;3;1;1;
7768;202000005079;154 733 325;B01;2;33;0;2;1;3;1;
7769;202000005079;154 733 326;A01;2;7;0;2;3;11;1;
7770;202000005080;154 733 321;C01;2;7;0;2;6;1;1;
7771;202000005080;154 733 322;A01;2;7;0;2;2;12;1;
7772;202000005080;154 733 323;B01;2;31;0;2;8;3;1;
7773;202000005081;154 733 319;B01;2;31;0;2;3;3;1;
7774;202000005081;154 733 320;A01;2;7;0;2;6;12;1;
7775;202000005082;154 733 317;B01;1;7;0;2;6;1;1;
7776;202000005082;154 733 318;A01;1;7;0;2;2;12;1;
7777;202000005083;154 733 313;C01;1;7;0;2;4;2;1;
7778;202000005083;154 733 314;D01;1;7;0;2;4;2;1;
7779;202000005083;154 733 315;B01;1;7;0;2;4;2;1;
7780;202000005083;154 733 316;A01;1;7;0;2;1;2;1;
7781;202000005084;154 733 312;A01;1;33;0;0;9;21;1;
7782;202000005085;154 733 310;A01;1;7;0;2;7;14;1;
7783;202000005085;154 733 311;B01;1;7;0;2;8;1;1;
7784;202000005086;154 733 308;A01;2;7;4;2;3;18;1;
7785;202000005086;154 733 309;B01;2;14;0;2;2;1;1;
7786;202000005087;154 733 307;A01;2;7;4;0;1;13;1;
7787;202000005088;154 733 306;A01;2;33;0;0;9;1;1;
7788;202000005089;154 733 305;A01;2;7;4;0;3;1;1;
7789;202000005090;154 733 304;A01;1;7;0;0;0;9;1;
7790;202000005091;154 733 303;A01;1;7;4;0;1;0;1;
7791;202000005092;154 733 302;A01;1;7;0;1;6;26;1;
7792;202000005093;154 733 300;A01;1;7;0;2;1;15;0;
7793;202000005093;154 733 301;B01;2;33;5;0;1;21;1;
7794;202000005094;154 733 298;B01;1;2;0;2;5;17;1;
7795;202000005094;154 733 299;A01;1;7;0;2;3;26;1;
7796;202000005095;154 733 296;B01;3;7;0;2;6;16;1;
7797;202000005095;154 733 297;A01;2;31;0;2;1;1;1;
7798;202000005096;154 733 294;B01;3;32;0;2;7;17;1;
7799;202000005096;154 733 295;A01;3;7;0;2;8;17;1;
7800;202000005097;154 733 293;A01;1;0;0;1;1;0;0;
7801;202000005098;154 733 290;A01;3;7;0;2;3;10;1;
7802;202000005098;154 733 291;B01;3;7;0;2;2;1;1;
7803;202000005098;154 733 292;C01;3;7;0;2;1;1;1;
7804;202000005099;154 733 288;B01;1;2;0;2;0;1;1;
7805;202000005099;154 733 289;A01;1;7;0;2;0;15;1;
7806;202000005100;154 733 286;A01;2;10;0;2;7;15;1;
7807;202000005100;154 733 287;B01;2;2;0;2;1;1;1;
7808;202000005101;154 733 284;A01;1;7;0;2;8;1;0;
7809;202000005101;154 733 285;B01;1;7;0;2;0;1;0;
7810;202000005102;154 733 282;A01;2;10;0;9;4;26;0;
7811;202000005102;154 733 283;B01;1;1;0;2;0;0;0;
7812;202000005103;154 733 280;B01;3;7;0;2;1;1;1;
7813;202000005103;154 733 281;A01;3;7;0;2;6;9;1;
7814;202000005105;154 733 275;A01;1;7;0;2;1;5;1;
7815;202000005105;154 733 276;B01;1;7;0;2;8;23;1;
7816;202000005107;154 733 272;A01;2;33;1;0;1;13;1;
7817;202000005108;154 733 270;A01;1;7;0;2;3;15;1;
7818;202000005108;154 733 271;B01;2;33;0;2;2;1;1;
7819;202000005109;154 733 268;A01;3;30;0;2;1;2;1;
7820;202000005109;154 733 269;B01;3;10;0;2;0;23;1;
7821;202000005110;154 733 266;A01;1;2;0;2;1;1;1;
7822;202000005110;154 733 267;B01;1;7;0;2;6;1;1;
7823;202000005111;154 733 263;C01;2;7;0;2;8;23;1;
7824;202000005111;154 733 264;B01;2;7;0;2;7;16;1;
7825;202000005111;154 733 265;A01;1;2;0;2;3;3;1;
7826;202000005112;154 733 260;B01;3;7;0;2;6;1;1;
7827;202000005112;154 733 261;A01;3;7;0;2;1;17;1;
7828;202000005112;154 733 262;C01;2;7;0;2;1;1;1;
7829;202000005113;154 733 259;A01;3;7;0;1;1;13;1;
7830;202000005114;154 733 258;A01;1;7;0;1;1;11;0;
7831;202000005115;154 733 257;A01;3;7;0;1;3;1;1;
7832;202000005116;154 733 256;SA01;3;7;0;1;1;1;1;
7833;202000005117;154 733 255;A01;3;7;0;1;2;16;1;
7834;202000005118;154 733 254;A01;3;7;0;1;8;15;1;
7835;202000005119;154 733 253;A01;1;7;0;1;2;21;1;
7836;202000005120;154 733 252;A01;2;7;9;0;2;14;1;
7837;202000005121;154 733 251;A01;2;33;0;0;8;1;1;
7838;202000005122;154 733 250;A01;3;2;0;0;0;1;1;
7839;202000005124;154 733 246;A01;1;7;0;2;1;1;1;
7840;202000005124;154 733 247;B01;1;7;0;2;4;2;1;
7841;202000005125;154 733 243;A01;2;33;0;1;1;1;1;
7842;202000005126;154 733 242;A01;3;10;0;1;6;26;1;
7843;202000005127;154 733 241;A01;3;7;0;1;2;20;3;
7844;202000005128;154 733 239;B01;0;7;0;2;1;1;1;
7845;202000005128;154 733 240;A01;0;1;0;2;1;19;5;
7846;202000005129;154 733 237;A01;1;1;0;2;0;9;5;
7847;202000005129;154 733 238;B01;2;10;0;2;2;1;1;
7848;202000005130;154 733 233;A01;1;7;0;2;7;15;1;
7849;202000005130;154 733 234;B01;2;33;0;0;0;0;1;
7850;202000005132;154 733 226;B01;1;7;0;2;3;1;1;
7851;202000005132;154 733 227;A01;1;7;0;2;2;14;1;
7852;202000005133;154 733 225;A01;2;7;5;0;9;1;1;
7853;202000005134;154 733 221;B01;0;7;0;0;5;0;1;
7854;202000005134;154 733 222;A01;0;7;0;2;1;0;1;
7855;202000005135;154 733 220;A01;2;7;1;1;1;17;1;
7856;202000005136;154 733 219;A01;1;7;0;1;1;2;1;
7857;202000005137;154 733 217;B01;1;33;0;2;7;17;1;
7858;202000005137;154 733 218;A01;2;7;0;2;1;15;1;
7859;202000005138;154 733 216;A01;3;7;1;1;2;2;1;
7860;202000005139;154 733 214;B01;2;7;0;2;3;16;1;
7861;202000005139;154 733 215;A01;2;7;0;2;2;1;1;
7862;202000005140;154 733 212;B01;3;7;0;2;8;0;1;
7863;202000005140;154 733 213;A01;3;7;0;2;3;0;1;
7864;202000005141;154 733 210;B01;3;7;0;2;4;2;0;
7865;202000005141;154 733 211;A01;1;7;0;2;4;2;0;
7866;202000005142;154 733 208;A01;1;7;0;2;0;9;0;
7867;202000005142;154 733 209;B01;1;30;0;2;1;1;1;
7868;202000005143;154 733 207;A01;3;7;0;1;3;1;1;
7869;202000005144;154 733 205;A01;3;1;0;2;8;1;5;
7870;202000005144;154 733 206;B01;3;7;0;9;6;1;1;
7871;202000005145;154 733 203;A01;1;1;0;1;1;1;5;
7872;202000005146;154 733 202;A01;1;7;9;0;1;14;1;
7873;202000005147;154 733 200;A01;2;33;0;2;1;2;1;
7874;202000005147;154 733 201;B01;2;7;0;2;4;2;1;
7875;202000005148;154 733 196;A01;1;3;0;2;3;26;1;
7876;202000005148;154 733 197;B01;1;7;0;2;4;2;1;
7877;202000005148;154 733 198;D01;1;13;0;2;4;2;1;
7878;202000005148;154 733 199;C01;1;7;0;2;4;2;1;
7879;202000005150;154 733 193;A01;2;7;0;1;1;1;1;
7880;202000005151;154 733 192;A01;3;7;8;0;1;13;1;
7881;202000005152;154 733 190;B01;2;7;0;2;3;1;1;
7882;202000005152;154 733 191;A01;1;30;0;2;1;5;1;
7883;202000005153;154 733 188;A01;2;7;0;2;3;1;1;
7884;202000005153;154 733 189;B01;2;7;0;2;2;2;1;
7885;202000005155;154 733 185;A01;3;7;0;1;0;16;0;
7886;202000005156;154 733 183;A01;1;7;0;2;3;1;1;
7887;202000005156;154 733 184;B01;1;31;0;2;1;1;1;
7888;202000005157;154 733 182;A01;3;31;0;1;1;21;0;
7889;202000005158;154 733 180;B01;2;1;0;2;0;2;6;
7890;202000005158;154 733 181;A01;2;7;0;2;8;15;1;
7891;202000005159;154 733 178;B01;1;33;0;2;2;17;1;
7892;202000005159;154 733 179;A01;1;7;0;2;8;15;1;
7893;202000005161;154 733 175;A01;1;7;0;1;2;1;1;
7894;202000005162;154 733 173;A01;1;7;0;2;6;19;1;
7895;202000005162;154 733 174;B01;2;7;0;2;1;2;1;
7896;202000005163;154 733 172;A01;3;7;0;1;4;20;1;
7897;202000005164;154 733 170;B01;2;1;0;2;8;1;5;
7898;202000005164;154 733 171;A01;2;7;0;2;7;17;0;
7899;202000005165;154 733 167;B01;2;7;0;2;4;1;1;
7900;202000005165;154 733 168;C01;0;7;0;2;6;1;1;
7901;202000005165;154 733 169;A01;2;7;0;2;1;11;1;
7902;202000005166;154 733 165;B01;1;2;0;2;8;1;1;
7903;202000005166;154 733 166;A01;2;7;0;2;3;9;1;
7904;202000005167;154 733 162;B01;1;7;0;2;8;0;1;
7905;202000005167;154 733 163;C01;1;7;0;2;6;0;1;
7906;202000005167;154 733 164;A01;1;7;0;2;1;0;1;
7907;202000005168;154 733 160;B01;1;1;0;2;0;0;5;
7908;202000005168;154 733 161;A01;1;7;0;2;0;0;1;
7909;202000005169;154 733 158;A01;1;1;0;2;9;0;5;
7910;202000005169;154 733 159;B01;1;7;0;2;1;0;1;
7911;202000005170;154 733 157;A01;1;7;1;0;9;0;1;
7912;202000005171;154 733 156;A01;1;7;1;2;9;0;1;
7913;202000005172;154 733 154;B01;2;7;0;2;4;1;1;
7914;202000005172;154 733 155;A01;2;7;0;2;1;9;1;
7915;202000005173;154 733 153;A01;2;7;1;0;1;13;1;
7916;202000005174;154 733 151;B01;2;7;0;2;1;2;1;
7917;202000005174;154 733 152;A01;1;7;0;2;3;15;1;
7918;202000005175;154 733 149;B01;2;99;0;2;3;1;1;
7919;202000005175;154 733 150;A01;0;7;0;2;2;19;1;
7920;202000005177;154 733 147;A01;0;7;8;0;2;1;1;
7921;202000005178;154 733 146;A01;2;7;17;0;2;14;1;
7922;202000005180;154 733 144;A01;1;7;0;1;1;1;1;
7923;202000005182;154 733 140;A01;1;7;0;2;2;1;1;
7924;202000005182;154 733 141;B01;2;1;0;2;1;19;5;
7925;202000005183;154 733 139;A01;0;7;0;1;1;1;1;
7926;202000005185;154 733 134;C01;0;7;0;2;8;1;1;
7927;202000005185;154 733 135;A01;0;7;0;2;1;9;1;
7928;202000005185;154 733 136;B01;1;2;0;2;8;1;1;
7929;202000005186;154 733 132;B01;1;7;0;2;2;16;1;
7930;202000005186;154 733 133;A01;1;31;0;2;8;7;1;
7931;202000005187;154 733 131;A01;2;1;0;0;0;0;5;
7932;202000005188;154 733 129;B01;1;7;0;2;7;1;1;
7933;202000005188;154 733 130;A01;1;7;0;2;1;9;1;
7934;202000005189;154 733 127;B01;2;1;0;2;1;1;5;
7935;202000005189;154 733 128;A01;1;7;0;9;2;15;2;
7936;202000005190;154 733 125;B01;3;37;0;9;3;1;1;1.0
7937;202000005190;154 733 126;A01;3;50;0;2;1;17;3;
7938;202000005191;154 733 123;A01;3;10;0;2;7;17;0;
7939;202000005191;154 733 124;B01;3;1;0;2;8;1;0;
7940;202000005192;154 733 121;B01;1;50;0;2;7;17;3;
7941;202000005192;154 733 122;A01;2;10;0;9;3;1;1;
7942;202000005193;154 733 119;B01;2;7;0;2;4;23;1;
7943;202000005193;154 733 120;A01;2;33;0;2;1;1;1;
7944;202000005195;154 733 116;A01;2;34;0;2;1;1;1;
7945;202000005195;154 733 117;B01;2;10;0;2;3;15;0;
7946;202000005196;154 733 114;A01;3;30;0;2;1;1;1;
7947;202000005196;154 733 115;B01;3;7;0;2;3;1;1;
7948;202000005199;154 733 108;A01;1;7;0;2;7;19;0;
7949;202000005199;154 733 109;B01;1;7;0;2;1;1;1;
7950;202000005200;154 733 105;A01;2;7;9;0;1;14;1;
7951;202000005201;154 733 103;A01;1;7;0;2;2;15;1;
7952;202000005201;154 733 104;B01;2;2;0;2;1;1;1;
7953;202000005202;154 733 101;A01;1;7;0;2;3;9;1;
7954;202000005202;154 733 102;B01;3;80;0;2;4;1;3;
7955;202000005203;154 733 099;B01;0;1;0;2;7;19;5;
7956;202000005203;154 733 100;A01;0;7;0;2;1;1;1;
7957;202000005204;154 733 097;B01;3;7;0;2;2;15;1;
7958;202000005204;154 733 098;A01;2;34;0;2;1;17;1;
7959;202000005205;154 733 096;A01;2;7;0;1;1;1;1;
7960;202000005206;154 733 095;A01;3;33;8;0;1;16;1;
7961;202000005207;154 733 092;C01;3;7;0;2;1;2;1;
7962;202000005207;154 733 093;B01;3;7;0;2;4;2;1;
7963;202000005207;154 733 094;A01;3;7;0;2;4;2;1;
7964;202000005208;154 733 090;B01;3;31;0;2;7;17;1;
7965;202000005208;154 733 091;A01;3;7;0;2;8;15;1;
7966;202000005209;154 733 087;C01;3;38;0;2;0;0;1;1.0
7967;202000005209;154 733 088;A01;1;7;0;2;4;26;1;
7968;202000005209;154 733 089;B01;1;7;0;2;1;2;1;