;Num_Acc;id_vehicule;num_veh;senc;catv;obs;obsm;choc;manv;motor;occutc
7969;202000005210;154 733 085;A01;3;7;0;1;6;26;0;
7970;202000005211;154 733 084;Z01;2;7;0;1;0;1;0;
7971;202000005212;154 733 081;C01;1;10;1;0;6;1;1;
7972;202000005212;154 733 082;A01;2;33;0;2;1;13;1;
7973;202000005212;154 733 083;B01;2;7;1;0;3;23;1;
7974;202000005213;154 733 079;A01;1;7;0;2;3;20;1;
7975;202000005213;154 733 080;B01;2;30;0;2;0;1;1;
7976;202000005214;154 733 077;A01;0;1;0;2;1;19;5;
7977;202000005214;154 733 078;B01;0;7;0;2;8;1;1;
7978;202000005215;154 733 076;A01;3;7;0;1;2;1;1;
7979;202000005216;154 733 074;Z01;2;7;0;2;0;15;0;
7980;202000005216;154 733 075;B01;1;33;0;2;8;1;1;
7981;202000005217;154 733 072;B01;2;7;0;2;3;15;1;
7982;202000005217;154 733 073;A01;1;2;0;2;1;1;1;
7983;202000005219;154 733 070;A01;2;7;0;1;3;16;1;
7984;202000005220;154 733 069;A01;2;7;0;1;1;1;-1;
7985;202000005221;154 733 066;A01;1;7;3;0;3;1;1;
7986;202000005221;154 733 067;B01;1;7;0;2;4;1;1;
7987;202000005221;154 733 068;C01;1;7;0;2;1;1;1;
7988;202000005222;154 733 064;A01;1;7;0;0;3;13;1;
7989;202000005222;154 733 065;B01;2;7;0;0;3;1;1;
7990;202000005223;154 733 062;B01;0;7;0;2;2;1;1;
7991;202000005223;154 733 063;A01;0;50;0;2;1;1;3;
7992;202000005224;154 733 060;B01;1;1;0;2;1;1;5;
7993;202000005224;154 733 061;A01;1;7;0;2;6;9;1;
7994;202000005225;154 733 059;A01;3;30;15;0;2;26;1;
7995;202000005226;154 733 057;B01;2;7;0;2;7;21;1;
7996;202000005226;154 733 058;A01;1;7;0;2;3;16;1;
7997;202000005227;154 733 055;A01;3;7;0;2;8;22;0;
7998;202000005227;154 733 056;B01;3;50;1;0;1;1;3;
7999;202000005228;154 733 053;B01;2;33;0;2;7;1;1;
8000;202000005228;154 733 054;A01;1;7;0;2;3;15;1;
8001;202000005229;154 733 051;B01;1;10;0;2;1;1;1;
8002;202000005229;154 733 052;A01;1;7;0;2;2;1;1;
8003;202000005230;154 733 049;B01;3;1;0;2;0;1;5;
8004;202000005230;154 733 050;A01;3;7;0;2;4;4;1;
8005;202000005231;154 733 047;B01;1;1;0;2;7;19;5;
8006;202000005231;154 733 048;A01;1;7;0;9;1;1;1;
8007;202000005232;154 733 045;B01;1;7;0;2;3;1;1;
8008;202000005232;154 733 046;Z01;1;7;0;2;0;0;1;
8009;202000005233;154 733 043;B01;1;34;0;2;4;1;1;
8010;202000005233;154 733 044;A01;1;7;0;2;2;1;1;
8011;202000005234;154 733 041;A01;2;7;0;2;1;2;1;
8012;202000005234;154 733 042;B01;2;7;0;2;4;2;1;
8013;202000005235;154 733 035;A01;1;7;0;2;8;1;1;
8014;202000005235;154 733 036;B01;2;1;0;2;1;1;5;
8015;202000005235;154 733 037;C01;2;1;0;2;1;1;5;
8016;202000005235;154 733 038;D01;2;1;0;2;1;1;5;
8017;202000005235;154 733 039;E01;2;1;0;2;1;1;5;
8018;202000005235;154 733 040;F01;2;1;0;2;1;1;5;
8019;202000005236;154 733 034;A01;0;30;4;0;7;1;1;
8020;202000005237;154 733 032;A01;2;7;0;2;1;1;1;
8021;202000005237;154 733 033;B01;1;32;0;2;8;1;1;
8022;202000005238;154 733 030;B01;3;43;0;2;2;1;1;
8023;202000005238;154 733 031;A01;3;7;0;2;1;19;1;
8024;202000005240;154 733 027;A01;3;32;0;0;7;16;1;
8025;202000005241;154 733 025;B01;3;7;1;1;8;0;1;
8026;202000005241;154 733 026;A01;1;33;4;0;7;1;1;
8027;202000005242;154 733 023;A01;2;7;0;2;2;1;1;
8028;202000005242;154 733 024;B01;2;7;0;2;1;1;1;
8029;202000005243;154 733 021;A01;1;7;0;2;8;15;1;
8030;202000005243;154 733 022;B01;1;34;0;2;7;2;1;
8031;202000005244;154 733 019;A01;2;1;0;2;1;17;5;
8032;202000005244;154 733 020;B01;2;7;0;2;8;1;1;
8033;202000005245;154 733 018;A01;2;31;0;0;8;1;1;
8034;202000005247;154 733 014;A01;2;1;0;2;1;5;5;
8035;202000005247;154 733 015;B01;2;7;0;2;3;1;1;
8036;202000005248;154 733 013;A01;2;7;0;1;1;16;1;
8037;202000005249;154 733 012;A01;2;7;0;1;3;15;1;
8038;202000005250;154 733 009;C01;2;7;0;2;7;1;1;
8039;202000005250;154 733 010;B01;2;31;0;2;2;3;1;
8040;202000005250;154 733 011;A01;2;43;0;2;3;11;1;
8041;202000005251;154 733 007;B01;1;7;0;2;5;1;1;
8042;202000005251;154 733 008;A01;1;7;0;2;3;13;1;
8043;202000005252;154 733 006;A01;2;7;0;1;2;16;1;
8044;202000005253;154 733 004;B01;2;33;0;2;1;17;1;
8045;202000005253;154 733 005;A01;2;7;0;2;3;15;1;
8046;202000005254;154 733 002;A01;2;10;0;2;1;2;1;
8047;202000005254;154 733 003;B01;2;7;0;2;4;2;1;
8048;202000005257;154 732 998;A01;2;80;0;0;8;13;3;
8049;202000005258;154 732 996;B01;3;33;0;2;3;9;1;
8050;202000005258;154 732 997;A01;3;7;0;2;2;1;1;
8051;202000005259;154 732 994;B01;1;7;0;2;5;15;1;
8052;202000005259;154 732 995;A01;1;30;0;2;3;2;1;
8053;202000005260;154 732 990;B01;1;1;0;2;1;2;5;
8054;202000005260;154 732 991;A01;1;7;0;2;4;20;1;
8055;202000005261;154 732 989;A01;2;50;0;0;0;21;3;
8056;202000005262;154 732 987;A01;2;7;0;2;1;2;1;
8057;202000005262;154 732 988;B01;2;7;0;2;4;23;1;
8058;202000005263;154 732 986;A01;3;7;0;1;1;4;2;
8059;202000005264;154 732 985;A01;2;50;0;1;1;1;3;
8060;202000005265;154 732 984;A01;1;10;0;1;2;1;1;
8061;202000005266;154 732 982;B01;1;43;0;2;8;9;1;
8062;202000005266;154 732 983;A01;3;32;0;2;1;1;1;
8063;202000005267;154 732 980;A01;1;1;0;2;1;1;5;
8064;202000005267;154 732 981;B01;0;33;0;2;1;1;1;
8065;202000005270;154 732 975;B01;2;7;0;2;3;1;1;
8066;202000005270;154 732 976;A01;3;32;0;2;7;1;1;
8067;202000005271;154 732 973;Z01;2;7;0;2;1;2;1;
8068;202000005271;154 732 974;A01;2;1;0;2;4;2;5;
8069;202000005272;154 732 972;A01;0;43;12;0;7;14;1;
8070;202000005273;154 732 970;B01;2;1;0;2;3;1;5;
8071;202000005273;154 732 971;A01;1;10;0;2;1;15;1;
8072;202000005274;154 732 968;A01;1;7;0;2;3;17;1;
8073;202000005274;154 732 969;B01;1;1;0;2;3;7;5;
8074;202000005275;154 732 967;A01;1;80;12;0;7;1;3;
8075;202000005276;154 732 966;A01;1;7;0;1;1;13;1;
8076;202000005277;154 732 965;A01;2;7;0;1;2;15;0;
8077;202000005279;154 732 962;A01;2;7;0;2;3;15;1;
8078;202000005279;154 732 963;B01;1;31;0;2;3;1;1;
8079;202000005280;154 732 959;C01;3;10;0;2;4;2;1;
8080;202000005280;154 732 960;B01;3;7;0;2;4;2;1;
8081;202000005280;154 732 961;A01;3;7;0;2;1;2;1;
8082;202000005281;154 732 957;A01;0;7;0;2;2;19;1;
8083;202000005281;154 732 958;B01;3;1;0;2;6;19;5;
8084;202000005282;154 732 955;A01;3;15;0;2;7;19;0;
8085;202000005282;154 732 956;B01;0;1;0;2;7;2;0;
8086;202000005284;154 732 952;A01;3;10;0;2;1;16;1;
8087;202000005284;154 732 953;B01;1;31;0;2;1;2;1;
8088;202000005285;154 732 950;A01;1;7;0;2;7;17;1;
8089;202000005285;154 732 951;Y01;1;1;0;2;5;0;5;
8090;202000005286;154 732 948;B01;3;7;0;2;3;1;1;
8091;202000005286;154 732 949;A01;3;7;0;2;3;21;1;
8092;202000005287;154 732 944;A01;1;7;0;2;4;23;1;
8093;202000005287;154 732 945;B01;1;10;0;2;4;23;1;
8094;202000005287;154 732 946;C01;1;7;0;2;4;23;1;
8095;202000005287;154 732 947;D01;1;10;0;2;1;2;1;
8096;202000005288;154 732 943;A01;1;7;0;1;2;1;2;
8097;202000005289;154 732 941;A01;1;34;0;2;1;7;1;
8098;202000005289;154 732 942;B01;1;7;0;2;7;16;1;
8099;202000005290;154 732 939;B01;1;7;0;2;2;1;0;
8100;202000005290;154 732 940;A01;3;30;0;2;8;19;0;
8101;202000005291;154 732 938;A01;1;7;6;0;3;1;0;
8102;202000005292;154 732 937;A01;-1;7;0;1;-1;-1;-1;
8103;202000005293;154 732 935;A01;1;7;0;1;2;1;1;
8104;202000005294;154 732 933;B01;1;34;0;2;2;17;1;
8105;202000005294;154 732 934;A01;1;7;0;2;3;13;1;
8106;202000005295;154 732 931;B01;2;10;0;2;1;1;1;
8107;202000005295;154 732 932;A01;3;10;8;2;2;1;1;
8108;202000005296;154 732 930;A01;2;7;2;0;1;21;1;
8109;202000005297;154 732 929;A01;1;30;0;1;2;2;0;
8110;202000005298;154 732 926;B01;3;1;0;2;8;3;5;
8111;202000005298;154 732 927;C01;3;10;0;9;8;2;1;
8112;202000005298;154 732 928;A01;3;7;0;9;2;14;1;
8113;202000005299;154 732 925;A01;2;30;0;1;2;1;1;
8114;202000005300;154 732 924;A01;3;30;12;0;0;1;1;
8115;202000005301;154 732 922;A01;2;7;0;2;3;1;1;
8116;202000005301;154 732 923;B01;2;60;0;2;1;0;5;
8117;202000005302;154 732 920;B01;2;7;0;2;7;2;1;
8118;202000005302;154 732 921;A01;2;33;0;2;1;1;1;
8119;202000005303;154 732 918;A01;1;10;1;0;3;15;1;
8120;202000005303;154 732 919;T01;1;50;0;9;1;0;3;
8121;202000005304;154 732 917;A01;2;7;13;0;9;1;1;
8122;202000005305;154 732 915;B01;1;21;0;2;3;1;0;
8123;202000005305;154 732 916;A01;2;10;0;2;1;13;0;
8124;202000005306;154 732 914;A01;0;1;0;1;1;0;0;
8125;202000005307;154 732 912;A01;3;7;0;0;3;13;0;
8126;202000005307;154 732 913;B01;0;31;0;2;1;13;0;
8127;202000005308;154 732 911;A01;3;33;8;0;1;14;1;
8128;202000005309;154 732 910;A01;2;7;0;1;7;16;1;
8129;202000005311;154 732 908;A01;2;7;0;0;2;0;0;
8130;202000005312;154 732 906;B01;2;33;0;2;3;1;1;
8131;202000005312;154 732 907;A01;2;7;0;2;1;1;1;
8132;202000005313;154 732 904;A01;3;7;0;2;8;1;1;
8133;202000005313;154 732 905;B01;3;31;0;2;8;1;1;
8134;202000005314;154 732 902;B01;2;10;0;0;3;5;1;
8135;202000005314;154 732 903;A01;1;7;0;0;0;5;1;
8136;202000005315;154 732 900;B01;2;21;0;2;8;1;1;
8137;202000005315;154 732 901;A01;1;33;0;2;8;13;1;
8138;202000005316;154 732 899;A01;1;7;2;0;1;1;1;
8139;202000005317;154 732 897;A01;1;1;0;2;1;5;5;
8140;202000005317;154 732 898;B01;2;7;0;9;2;21;1;
8141;202000005318;154 732 896;A01;3;7;0;1;3;15;1;
8142;202000005319;154 732 894;A01;1;7;0;9;3;9;1;
8143;202000005319;154 732 895;B01;1;1;0;0;7;1;5;
8144;202000005320;154 732 893;A01;3;2;13;0;1;1;1;
8145;202000005321;154 732 891;A01;2;7;0;2;5;13;1;
8146;202000005321;154 732 892;B01;1;7;0;2;1;1;1;
8147;202000005322;154 732 889;A01;2;10;0;2;3;9;1;
8148;202000005322;154 732 890;B01;2;1;0;2;7;9;5;
8149;202000005323;154 732 888;A01;0;2;1;0;1;17;1;
8150;202000005325;154 732 883;C01;1;7;0;2;6;1;1;
8151;202000005325;154 732 884;A01;2;33;0;2;3;13;1;
8152;202000005325;154 732 885;B01;1;7;0;2;8;21;1;
8153;202000005326;154 732 881;B01;2;31;0;2;1;1;0;
8154;202000005326;154 732 882;A01;1;7;0;2;1;5;0;
8155;202000005327;154 732 880;A01;1;7;0;1;2;1;1;
8156;202000005328;154 732 878;B01;0;7;0;2;2;15;1;
8157;202000005328;154 732 879;A01;2;7;0;2;3;1;1;
8158;202000005329;154 732 876;B01;0;2;0;2;3;1;1;
8159;202000005329;154 732 877;A01;0;7;0;2;3;17;1;
8160;202000005330;154 732 875;A01;1;7;13;0;1;13;1;
8161;202000005331;154 732 873;B01;2;2;0;2;1;17;1;
8162;202000005331;154 732 874;A01;2;7;0;2;3;15;1;
8163;202000005332;154 732 872;A01;1;7;0;1;2;1;1;
8164;202000005333;154 732 871;A01;2;3;0;0;9;13;1;
8165;202000005334;154 732 869;A01;2;33;0;2;2;1;1;
8166;202000005334;154 732 870;B01;2;7;0;2;3;1;1;
8167;202000005335;154 732 867;A01;2;7;0;2;1;15;0;
8168;202000005335;154 732 868;B01;0;7;13;2;8;1;0;
8169;202000005336;154 732 865;A01;1;33;0;2;1;1;1;
8170;202000005336;154 732 866;B01;2;10;0;2;3;1;1;
8171;202000005337;154 732 864;A01;3;7;0;1;0;1;0;
8172;202000005338;154 732 862;B01;2;14;0;2;1;1;1;
8173;202000005338;154 732 863;A01;1;7;0;2;1;13;1;
8174;202000005340;154 732 856;B01;2;7;0;2;3;13;1;
8175;202000005340;154 732 857;A01;1;7;0;2;3;23;1;
8176;202000005341;154 732 855;A01;1;33;9;0;1;1;1;
8177;202000005342;154 732 854;A01;2;7;13;0;7;1;1;
8178;202000005343;154 732 853;A01;3;10;8;0;7;13;1;
8179;202000005344;154 732 851;B01;2;13;0;2;1;13;1;
8180;202000005344;154 732 852;A01;1;7;1;0;1;1;1;
8181;202000005345;154 732 850;A01;3;0;0;1;1;1;0;
8182;202000005346;154 732 848;A01;2;7;0;2;8;2;0;
8183;202000005346;154 732 849;B01;1;7;0;2;2;15;6;
8184;202000005347;154 732 845;A01;1;7;0;0;2;2;1;
8185;202000005347;154 732 846;B01;1;1;0;0;3;1;5;
8186;202000005347;154 732 847;C01;1;1;0;0;3;1;5;
8187;202000005348;154 732 842;A01;3;7;0;2;1;5;1;
8188;202000005348;154 732 843;B01;3;7;0;2;1;2;1;
8189;202000005348;154 732 844;C01;3;7;0;2;1;21;1;
8190;202000005349;154 732 840;A01;2;7;0;2;3;5;1;
8191;202000005349;154 732 841;B01;1;7;0;2;3;1;1;
8192;202000005350;154 732 839;A01;2;33;2;0;0;1;1;
8193;202000005351;154 732 838;A01;3;1;0;0;7;1;5;
8194;202000005352;154 732 835;C01;2;7;14;0;3;1;1;
8195;202000005352;154 732 836;B01;1;17;0;2;3;1;1;
8196;202000005352;154 732 837;A01;2;7;0;2;3;13;1;
8197;202000005353;154 732 833;B01;1;33;0;0;1;2;1;
8198;202000005353;154 732 834;A01;1;7;0;0;5;15;1;
8199;202000005354;154 732 831;A01;3;7;0;2;2;15;1;
8200;202000005354;154 732 832;B01;3;2;0;2;1;1;1;
8201;202000005355;154 732 828;C01;1;37;0;0;0;17;0;1.0
8202;202000005355;154 732 829;B01;2;2;0;2;1;2;1;
8203;202000005355;154 732 830;A01;2;7;0;2;6;1;1;
8204;202000005356;154 732 827;A01;2;99;13;0;9;19;1;
8205;202000005357;154 732 826;A01;2;7;2;0;9;1;1;
8206;202000005358;154 732 824;A01;1;7;0;2;8;17;1;
8207;202000005358;154 732 825;B01;2;31;0;2;8;1;1;
8208;202000005359;154 732 822;B01;1;33;0;2;1;1;1;
8209;202000005359;154 732 823;A01;2;10;0;2;7;15;1;
8210;202000005360;154 732 821;A01;3;1;0;2;1;1;5;
8211;202000005361;154 732 820;A01;1;7;0;1;1;9;1;
8212;202000005362;154 732 819;A01;1;7;0;1;1;1;1;
8213;202000005364;154 732 817;A01;0;7;0;1;1;1;1;
8214;202000005365;154 732 815;A01;1;10;0;2;2;1;1;
8215;202000005365;154 732 816;B01;1;15;0;0;6;1;1;
8216;202000005366;154 732 814;A01;2;7;13;0;2;1;1;
8217;202000005367;154 732 811;C01;1;7;0;2;1;2;1;
8218;202000005367;154 732 812;B01;1;10;0;2;4;2;1;
8219;202000005367;154 732 813;A01;1;10;0;2;4;2;1;
8220;202000005368;154 732 809;B01;1;32;6;2;1;2;1;
8221;202000005368;154 732 810;A01;1;10;6;2;4;2;1;
8222;202000005369;154 732 808;A01;1;7;3;0;1;2;1;
8223;202000005370;154 732 804;C01;2;7;0;9;1;1;1;
8224;202000005370;154 732 805;A01;1;7;0;2;1;14;1;
8225;202000005370;154 732 806;D01;1;7;0;0;0;1;0;
8226;202000005370;154 732 807;B01;1;15;0;2;4;1;0;
8227;202000005371;154 732 802;A01;1;10;0;2;8;2;1;
8228;202000005371;154 732 803;B01;1;31;0;2;7;17;1;
8229;202000005372;154 732 800;A01;2;10;0;2;2;3;1;
8230;202000005372;154 732 801;B01;2;15;0;2;6;1;1;
8231;202000005373;154 732 798;A01;2;7;0;2;1;1;1;
8232;202000005373;154 732 799;B01;2;15;0;2;4;1;1;
8233;202000005374;154 732 795;Z01;2;7;0;2;1;2;1;
8234;202000005374;154 732 796;B01;2;10;0;2;4;2;1;
8235;202000005374;154 732 797;A01;2;7;0;2;4;2;1;
8236;202000005375;154 732 794;A01;1;33;6;0;3;1;1;
8237;202000005376;154 732 792;B01;2;7;0;2;5;2;0;
8238;202000005376;154 732 793;A01;2;33;0;2;3;2;1;
8239;202000005377;154 732 788;A01;1;33;4;0;3;0;1;
8240;202000005378;154 732 786;B01;1;15;0;0;5;1;1;
8241;202000005378;154 732 787;A01;1;10;0;2;1;17;1;
8242;202000005380;154 732 782;A01;2;7;0;2;4;4;1;
8243;202000005380;154 732 783;B01;2;2;0;2;1;2;1;
8244;202000005381;154 732 780;A01;3;33;1;0;1;1;0;
8245;202000005381;154 732 781;B01;0;7;0;1;4;26;0;
8246;202000005382;154 732 778;B01;3;7;0;2;3;1;1;
8247;202000005382;154 732 779;A01;3;7;0;2;3;19;1;
8248;202000005383;154 732 777;A01;1;10;0;1;3;1;0;
8249;202000005384;154 732 775;B01;1;0;0;2;5;17;-1;
8250;202000005384;154 732 776;A01;1;33;0;2;1;1;1;
8251;202000005385;154 732 773;B01;3;7;0;9;3;1;1;
8252;202000005385;154 732 774;A01;3;1;0;2;1;16;5;
8253;202000005386;154 732 771;A01;2;7;0;2;1;1;1;
8254;202000005386;154 732 772;B01;0;7;0;0;3;1;1;
8255;202000005387;154 732 769;B01;2;7;0;2;1;2;1;
8256;202000005387;154 732 770;A01;1;7;0;2;3;13;1;
8257;202000005388;154 732 767;B01;1;31;0;2;1;26;1;
8258;202000005388;154 732 768;A01;1;7;0;2;7;15;1;
8259;202000005389;154 732 766;A01;2;7;0;1;2;1;1;
8260;202000005390;154 732 764;A01;1;7;0;2;2;1;1;
8261;202000005390;154 732 765;B01;3;1;0;2;1;19;5;
8262;202000005391;154 732 762;A01;1;10;0;2;2;17;1;
8263;202000005391;154 732 763;B01;1;21;0;2;6;1;1;
8264;202000005392;154 732 760;B01;1;2;0;0;3;1;1;
8265;202000005392;154 732 761;A01;1;7;0;0;5;17;1;
8266;202000005393;154 732 759;A01;1;33;0;0;1;14;1;
8267;202000005394;154 732 758;A01;1;7;13;0;1;1;1;
8268;202000005396;154 732 753;A01;3;7;0;2;7;19;1;
8269;202000005396;154 732 754;B01;0;7;0;2;1;19;1;
8270;202000005397;154 732 752;A01;1;33;0;0;0;1;0;
8271;202000005399;154 732 747;B01;2;14;3;2;3;21;1;
8272;202000005399;154 732 748;A01;1;7;0;2;1;13;1;
8273;202000005399;154 732 749;C01;1;7;0;2;6;5;1;
8274;202000005400;154 732 744;A01;1;10;0;2;0;1;1;
8275;202000005400;154 732 745;B01;2;7;0;9;3;1;1;
8276;202000005400;154 732 746;C01;1;33;0;0;0;1;1;
8277;202000005401;154 732 743;A01;1;7;15;0;9;14;1;
8278;202000005402;154 732 742;A01;2;7;3;0;0;17;1;
8279;202000005403;154 732 740;B01;1;2;0;2;1;1;1;
8280;202000005403;154 732 741;A01;2;7;0;2;2;1;1;
8281;202000005404;154 732 739;A01;1;7;8;0;2;14;1;
8282;202000005405;154 732 737;A01;1;2;0;0;4;1;1;
8283;202000005405;154 732 738;B01;1;2;0;0;1;1;1;
8284;202000005406;154 732 735;A01;2;2;0;2;1;1;1;
8285;202000005406;154 732 736;B01;2;7;0;2;5;4;1;
8286;202000005407;154 732 732;B01;1;33;0;2;5;2;1;
8287;202000005407;154 732 733;C01;1;7;0;2;4;2;1;
8288;202000005407;154 732 734;A01;1;7;0;2;1;2;1;
8289;202000005408;154 732 729;C01;1;7;0;2;1;2;1;
8290;202000005408;154 732 730;B01;1;7;0;2;5;2;1;
8291;202000005408;154 732 731;A01;1;7;0;2;4;2;1;
8292;202000005409;154 732 726;C01;1;7;6;2;4;2;1;
8293;202000005409;154 732 727;B01;1;7;6;2;4;2;1;
8294;202000005409;154 732 728;A01;1;7;6;2;1;2;1;
8295;202000005411;154 732 722;A01;2;7;0;2;1;1;1;
8296;202000005411;154 732 723;B01;2;7;0;2;4;2;1;
8297;202000005413;154 732 716;A01;1;7;3;2;1;17;1;
8298;202000005413;154 732 717;B01;1;7;0;2;6;1;1;
8299;202000005414;154 732 712;B01;2;7;0;2;5;1;1;
8300;202000005414;154 732 713;D01;2;7;4;2;2;0;1;
8301;202000005414;154 732 714;A01;2;7;0;2;4;2;1;
8302;202000005414;154 732 715;C01;2;7;0;2;6;2;1;
8303;202000005415;154 732 711;A01;1;7;3;0;1;14;1;
8304;202000005416;154 732 703;B01;1;7;8;2;1;2;1;
8305;202000005416;154 732 704;A01;1;7;0;2;4;2;1;
8306;202000005417;154 732 701;A01;1;7;0;2;2;14;1;
8307;202000005417;154 732 702;B01;1;7;0;2;8;1;1;
8308;202000005418;154 732 700;A01;2;7;4;0;9;1;1;
8309;202000005419;154 732 697;C01;2;7;0;2;5;1;1;
8310;202000005419;154 732 698;B01;2;7;0;2;8;11;1;
8311;202000005419;154 732 699;A01;2;33;0;2;1;3;0;
8312;202000005421;154 732 694;A01;3;20;2;0;2;13;1;
8313;202000005422;154 732 693;A01;1;7;15;0;1;13;1;
8314;202000005423;154 732 692;A01;2;32;0;0;0;14;1;
8315;202000005424;154 732 691;A01;1;7;0;1;1;16;1;
8316;202000005425;154 732 688;C01;2;1;0;2;4;2;5;
8317;202000005425;154 732 689;A01;2;7;0;2;0;0;0;
8318;202000005425;154 732 690;B01;2;7;0;2;2;2;1;
8319;202000005426;154 732 686;B01;3;7;0;2;1;1;1;
8320;202000005426;154 732 687;A01;3;7;0;2;3;15;1;
8321;202000005427;154 732 684;B01;1;7;0;2;4;0;0;
8322;202000005427;154 732 685;A01;1;10;0;2;1;0;0;
8323;202000005428;154 732 682;B01;3;7;1;2;1;9;1;
8324;202000005428;154 732 683;A01;3;7;0;2;1;1;1;
8325;202000005429;154 732 680;B01;1;32;0;2;1;1;1;
8326;202000005429;154 732 681;A01;1;10;0;2;4;1;1;
8327;202000005430;154 732 678;A01;1;7;0;2;6;1;1;
8328;202000005430;154 732 679;B01;1;30;0;2;1;1;1;
8329;202000005431;154 732 676;B01;0;7;0;2;6;21;1;
8330;202000005431;154 732 677;A01;0;7;0;2;1;26;1;
8331;202000005432;154 732 674;B01;1;7;0;2;5;15;1;
8332;202000005432;154 732 675;A01;2;7;0;2;1;26;1;
8333;202000005433;154 732 672;B01;2;32;0;2;1;1;1;
8334;202000005433;154 732 673;A01;2;7;0;2;2;20;1;
8335;202000005434;154 732 669;B01;1;7;0;2;0;21;0;
8336;202000005434;154 732 670;C01;1;7;0;2;6;24;0;
8337;202000005434;154 732 671;A01;2;7;0;2;0;15;0;
8338;202000005435;154 732 667;B01;2;7;0;2;3;2;1;
8339;202000005435;154 732 668;A01;2;7;0;2;2;15;1;
8340;202000005436;154 732 665;B01;1;1;0;2;7;1;5;
8341;202000005436;154 732 666;A01;1;7;0;2;8;1;1;
8342;202000005437;154 732 663;A01;1;7;0;2;3;9;1;
8343;202000005437;154 732 664;B01;1;1;0;2;1;19;5;
8344;202000005438;154 732 661;B01;3;7;0;2;2;15;1;
8345;202000005438;154 732 662;A01;3;30;0;2;1;1;1;
8346;202000005439;154 732 659;B01;2;10;0;0;5;23;1;
8347;202000005439;154 732 660;A01;2;33;0;2;1;2;1;
8348;202000005440;154 732 657;B01;0;7;0;2;8;1;1;
8349;202000005440;154 732 658;A01;0;7;0;2;3;1;1;
8350;202000005441;154 732 650;B01;3;33;0;2;1;1;1;
8351;202000005441;154 732 651;A01;3;7;0;2;7;19;1;
8352;202000005442;154 732 647;C01;1;7;0;2;1;1;1;
8353;202000005442;154 732 648;B01;1;7;0;2;1;2;1;
8354;202000005442;154 732 649;A01;1;10;0;2;1;2;1;
8355;202000005443;154 732 645;A01;1;2;0;2;1;1;1;
8356;202000005443;154 732 646;B01;1;10;0;2;6;1;1;
8357;202000005444;154 732 642;A01;2;7;0;2;1;2;1;
8358;202000005444;154 732 643;C01;2;7;0;2;8;2;1;
8359;202000005444;154 732 644;B01;2;7;0;2;4;2;1;
8360;202000005446;154 732 640;A01;1;7;0;1;3;1;0;
8361;202000005447;154 732 639;A01;2;2;0;2;1;1;1;
8362;202000005448;154 732 637;B01;0;7;0;2;4;23;0;
8363;202000005448;154 732 638;A01;0;7;0;2;1;0;0;
8364;202000005449;154 732 636;A01;0;7;9;0;2;14;1;
8365;202000005450;154 732 634;B01;1;7;0;2;1;15;1;
8366;202000005450;154 732 635;A01;2;7;0;2;1;16;1;
8367;202000005451;154 732 632;A01;1;99;0;2;1;15;3;
8368;202000005451;154 732 633;B01;1;7;0;2;2;1;1;
8369;202000005452;154 732 631;A01;3;7;0;1;4;4;1;
8370;202000005453;154 732 629;B01;1;7;1;0;0;0;0;
8371;202000005453;154 732 630;A01;1;30;0;2;4;23;1;
8372;202000005454;154 732 628;A01;1;7;0;1;1;15;1;
8373;202000005455;154 732 627;A01;2;33;8;0;0;1;1;
8374;202000005456;154 732 625;B01;1;7;0;2;6;1;1;
8375;202000005456;154 732 626;A01;1;33;0;2;1;12;1;
8376;202000005457;154 732 624;Z01;3;7;4;0;1;15;1;
8377;202000005458;154 732 622;A01;2;30;0;2;2;1;1;
8378;202000005458;154 732 623;B01;2;1;0;2;8;1;5;
8379;202000005459;154 732 621;Z01;2;7;0;1;0;15;1;
8380;202000005460;154 732 619;B01;1;30;0;2;1;1;1;
8381;202000005460;154 732 620;A01;1;7;0;2;5;4;1;
8382;202000005461;154 732 617;A01;1;32;0;2;1;1;1;
8383;202000005461;154 732 618;B01;2;7;0;2;3;9;1;
8384;202000005463;154 732 613;A01;2;7;0;2;5;15;1;
8385;202000005463;154 732 614;B01;1;33;0;2;1;1;1;
8386;202000005464;154 732 612;A01;2;1;0;1;1;1;5;
8387;202000005465;154 732 609;A01;2;37;0;2;2;15;1;1.0
8388;202000005465;154 732 610;C01;2;7;0;2;6;1;2;
8389;202000005465;154 732 611;B01;2;34;0;2;8;1;1;
8390;202000005466;154 732 607;B01;1;50;0;2;1;1;3;
8391;202000005466;154 732 608;A01;1;37;0;9;3;15;2;1.0
8392;202000005467;154 732 605;A01;1;34;0;2;0;1;1;
8393;202000005467;154 732 606;B01;1;33;0;0;0;16;6;
8394;202000005468;154 732 603;B01;1;33;0;2;1;1;0;
8395;202000005468;154 732 604;A01;2;10;0;2;7;15;0;
8396;202000005469;154 732 601;A01;3;33;0;2;8;9;1;
8397;202000005469;154 732 602;B01;0;7;0;2;3;9;1;
8398;202000005470;154 732 599;B01;3;30;16;0;1;1;1;
8399;202000005470;154 732 600;A01;3;30;16;0;1;1;1;
8400;202000005471;154 732 598;A01;1;7;4;2;1;21;1;
8401;202000005472;154 732 595;B01;0;7;0;2;3;1;0;
8402;202000005472;154 732 597;A01;1;31;0;2;1;1;0;
8403;202000005474;154 732 592;A01;2;7;0;2;1;1;1;
8404;202000005474;154 732 593;B01;2;7;0;2;4;1;1;
8405;202000005475;154 732 590;A01;1;7;0;2;5;15;1;
8406;202000005475;154 732 591;B01;1;33;0;2;1;1;1;
8407;202000005476;154 732 594;A01;0;20;1;0;3;0;0;
8408;202000005477;154 732 589;A01;3;7;12;2;2;14;1;
8409;202000005478;154 732 587;B01;1;7;0;2;3;15;1;