;Num_Acc;id_vehicule;num_veh;senc;catv;obs;obsm;choc;manv;motor;occutc
8410;202000005478;154 732 588;A01;2;1;0;2;1;1;5;
8411;202000005479;154 732 584;B01;0;33;0;2;1;2;1;
8412;202000005479;154 732 585;A01;0;10;0;2;5;15;1;
8413;202000005479;154 732 586;C01;0;7;0;2;3;23;1;
8414;202000005480;154 732 582;A01;1;10;0;2;3;15;1;
8415;202000005480;154 732 583;B01;2;33;0;2;7;1;1;
8416;202000005481;154 732 580;A01;1;30;0;2;1;17;1;
8417;202000005481;154 732 581;B01;1;7;0;0;0;0;1;
8418;202000005482;154 732 579;A01;3;7;2;0;1;1;0;
8419;202000005483;154 732 577;B01;1;32;0;2;1;1;0;
8420;202000005483;154 732 578;A01;1;7;0;2;3;9;0;
8421;202000005484;154 732 576;A01;1;7;15;0;0;1;1;
8422;202000005485;154 732 575;A01;1;7;0;1;4;4;1;
8423;202000005486;154 732 574;A01;3;7;2;0;1;1;1;
8424;202000005488;154 732 572;A01;0;7;0;1;2;0;0;
8425;202000005489;154 732 570;A01;1;7;0;2;3;9;1;
8426;202000005489;154 732 571;B01;2;7;0;2;7;16;1;
8427;202000005491;154 732 567;B01;2;33;0;2;1;1;1;
8428;202000005491;154 732 568;A01;1;10;0;2;1;9;1;
8429;202000005493;154 732 566;A01;1;7;6;0;1;13;0;
8430;202000005494;154 732 561;A01;2;33;0;0;9;1;1;
8431;202000005496;154 732 558;A01;2;7;15;0;5;1;1;
8432;202000005497;154 732 557;A01;3;10;0;2;1;1;1;
8433;202000005497;154 732 559;B01;3;7;0;2;7;1;1;
8434;202000005498;154 732 555;A01;1;7;0;2;3;15;1;
8435;202000005498;154 732 556;B01;2;31;4;2;1;1;1;
8436;202000005499;154 732 553;A01;3;14;0;2;6;16;1;
8437;202000005499;154 732 554;B01;3;1;0;2;1;1;0;
8438;202000005500;154 732 551;A01;2;3;0;1;1;1;1;
8439;202000005501;154 732 550;A01;0;7;0;1;2;16;1;
8440;202000005502;154 732 549;A01;1;33;0;0;8;1;1;
8441;202000005503;154 732 548;A01;1;7;9;0;1;15;1;
8442;202000005504;154 732 545;C01;1;7;0;2;6;1;1;
8443;202000005504;154 732 546;B01;2;7;0;2;3;1;0;
8444;202000005504;154 732 547;A01;1;7;0;2;1;5;1;
8445;202000005505;154 732 543;A01;1;7;0;2;3;20;1;
8446;202000005505;154 732 544;B01;1;33;0;2;1;1;1;
8447;202000005506;154 732 541;B01;1;33;0;2;1;2;0;
8448;202000005506;154 732 542;A01;1;2;0;2;3;2;0;
8449;202000005507;154 732 540;A01;2;7;13;0;1;14;1;
8450;202000005508;154 732 536;A01;1;7;4;2;1;1;1;
8451;202000005508;154 732 538;B01;1;7;0;2;1;1;1;
8452;202000005509;154 732 535;A01;1;7;0;2;4;23;1;
8453;202000005509;154 732 537;B01;1;7;0;2;4;23;1;
8454;202000005509;154 732 539;C01;1;10;0;2;1;2;1;
8455;202000005510;154 732 533;A01;2;7;0;2;2;15;1;
8456;202000005510;154 732 534;B01;2;30;0;2;7;1;1;
8457;202000005511;154 732 532;A01;3;3;0;0;0;1;3;
8458;202000005512;154 732 531;A01;1;7;0;1;3;19;1;
8459;202000005513;154 732 528;A01;3;10;0;1;1;9;1;
8460;202000005514;154 732 529;A01;1;33;0;0;0;1;1;
8461;202000005514;154 732 530;B01;3;7;0;0;0;1;1;
8462;202000005515;154 732 525;A01;2;7;0;2;2;15;1;
8463;202000005515;154 732 527;B01;1;33;0;2;1;1;1;
8464;202000005516;154 732 524;A01;3;31;0;2;3;0;1;
8465;202000005516;154 732 526;B01;3;33;0;2;1;0;1;
8466;202000005517;154 732 522;A01;3;99;0;0;0;1;0;
8467;202000005518;154 732 521;B01;1;7;0;0;4;23;1;
8468;202000005518;154 732 523;A01;1;7;14;0;1;1;1;
8469;202000005519;154 732 520;A01;1;7;7;0;9;1;1;
8470;202000005520;154 732 517;A01;2;2;12;0;3;1;1;
8471;202000005521;154 732 518;B01;3;7;0;2;3;15;1;
8472;202000005521;154 732 519;A01;3;33;0;2;1;1;1;
8473;202000005522;154 732 516;A01;1;7;1;0;1;1;1;
8474;202000005523;154 732 514;B01;3;1;0;2;1;1;5;
8475;202000005523;154 732 515;Z01;0;7;0;2;7;16;1;
8476;202000005524;154 732 513;A01;2;7;6;0;1;14;1;
8477;202000005526;154 732 510;A01;1;7;1;0;7;26;1;
8478;202000005527;154 732 509;A01;3;2;13;0;0;0;0;
8479;202000005528;154 732 506;A01;1;33;7;0;2;1;1;
8480;202000005529;154 732 505;A01;0;7;0;1;1;15;1;
8481;202000005530;154 732 503;B01;2;7;0;2;1;1;1;
8482;202000005530;154 732 504;A01;1;3;0;2;2;15;1;
8483;202000005532;154 732 501;A01;1;7;0;1;2;1;1;
8484;202000005533;154 732 500;A01;2;7;2;0;2;0;0;
8485;202000005534;154 732 498;B01;1;7;0;0;6;23;1;
8486;202000005534;154 732 499;A01;1;7;0;2;2;18;1;
8487;202000005535;154 732 497;A01;1;7;13;0;1;1;1;
8488;202000005536;154 732 495;B01;1;50;0;2;1;15;3;
8489;202000005536;154 732 496;A01;2;7;0;2;3;1;1;
8490;202000005537;154 732 494;A01;3;7;0;1;0;1;1;
8491;202000005538;154 732 492;B01;2;7;0;2;1;1;1;
8492;202000005538;154 732 493;A01;1;7;0;2;1;13;1;
8493;202000005540;154 732 489;B01;1;7;0;2;3;13;1;
8494;202000005540;154 732 491;A01;2;7;0;2;3;1;1;
8495;202000005541;154 732 488;A01;1;7;0;1;4;4;1;
8496;202000005542;154 732 487;A01;0;7;0;1;2;1;1;
8497;202000005543;154 732 485;Z01;2;7;0;2;6;13;0;
8498;202000005543;154 732 486;A01;2;33;0;2;2;17;1;
8499;202000005544;154 732 484;A01;1;33;0;1;2;17;1;
8500;202000005545;154 732 483;A01;2;1;1;0;6;14;5;
8501;202000005546;154 732 482;A01;3;7;13;0;9;1;1;
8502;202000005547;154 732 479;A01;0;7;6;0;1;1;1;
8503;202000005548;154 732 480;B01;1;1;0;2;1;19;5;
8504;202000005548;154 732 481;A01;2;7;0;2;1;1;1;
8505;202000005549;154 732 478;A01;2;7;0;0;9;1;1;
8506;202000005550;154 732 475;A01;2;33;13;0;1;0;1;
8507;202000005551;154 732 476;A01;1;16;0;2;2;13;1;
8508;202000005551;154 732 477;B01;2;32;0;2;1;1;1;
8509;202000005552;154 732 473;A01;1;20;0;0;9;26;0;
8510;202000005553;154 732 472;A01;1;36;0;0;0;2;1;
8511;202000005554;154 732 468;A01;3;7;16;2;7;1;1;
8512;202000005554;154 732 471;B01;3;7;0;2;1;1;1;
8513;202000005555;154 732 467;C01;2;33;0;2;5;21;1;
8514;202000005555;154 732 469;B01;2;33;0;2;2;21;1;
8515;202000005555;154 732 470;A01;1;7;0;2;3;15;1;
8516;202000005556;154 732 466;A01;1;33;7;0;1;1;1;
8517;202000005559;154 732 460;A01;3;7;13;0;2;0;1;
8518;202000005561;154 732 459;A01;1;7;4;0;7;1;1;
8519;202000005562;154 732 456;A01;2;7;0;2;2;19;1;
8520;202000005562;154 732 458;B01;2;7;0;2;3;1;1;
8521;202000005563;154 732 455;A01;3;7;8;2;1;15;1;
8522;202000005563;154 732 457;B01;1;7;0;2;1;1;1;
8523;202000005564;154 732 454;A01;0;7;0;1;2;9;1;
8524;202000005565;154 732 452;A01;1;2;0;2;3;13;1;
8525;202000005565;154 732 453;B01;2;7;0;2;3;1;1;
8526;202000005566;154 732 450;A01;1;50;0;2;7;1;3;
8527;202000005566;154 732 451;B01;1;7;0;2;1;1;1;
8528;202000005567;154 732 449;A01;1;7;0;1;5;1;1;
8529;202000005568;154 732 446;A01;2;7;4;0;2;26;1;
8530;202000005569;154 732 447;A01;2;7;0;2;8;11;1;
8531;202000005569;154 732 448;B01;2;33;0;2;7;3;0;
8532;202000005570;154 732 444;A01;1;7;4;0;2;1;1;
8533;202000005571;154 732 443;A01;2;30;0;2;1;1;1;
8534;202000005571;154 732 445;B01;2;7;1;2;6;1;0;
8535;202000005572;154 732 441;B01;0;33;0;2;1;1;1;
8536;202000005572;154 732 442;A01;0;10;0;2;3;15;1;
8537;202000005574;154 732 436;A01;3;7;8;0;1;2;1;
8538;202000005575;154 732 437;B01;2;33;0;2;4;2;1;
8539;202000005575;154 732 438;A01;2;7;0;2;1;1;1;
8540;202000005576;154 732 434;A01;1;7;13;0;9;13;1;
8541;202000005577;154 732 433;B01;2;7;0;2;4;0;1;
8542;202000005577;154 732 435;A01;2;15;0;2;1;1;1;
8543;202000005578;154 732 431;B01;0;1;0;2;0;0;5;
8544;202000005578;154 732 432;A01;1;10;0;2;3;0;1;
8545;202000005579;154 732 430;A01;1;7;0;1;3;1;1;
8546;202000005580;154 732 427;A01;2;33;0;2;8;13;1;
8547;202000005580;154 732 429;B01;1;7;0;2;3;1;1;
8548;202000005581;154 732 426;A01;0;7;0;2;1;16;1;
8549;202000005581;154 732 428;B01;2;7;0;2;3;1;1;
8550;202000005582;154 732 423;Z01;1;7;0;1;0;1;1;
8551;202000005583;154 732 424;B01;2;35;0;2;3;9;0;
8552;202000005583;154 732 425;A01;2;7;0;2;2;1;0;
8553;202000005584;154 732 420;B01;1;7;0;2;8;11;1;
8554;202000005584;154 732 422;A01;1;33;0;2;1;3;1;
8555;202000005587;154 732 413;A01;0;2;13;0;8;1;1;
8556;202000005588;154 732 410;B01;2;33;0;2;1;15;1;
8557;202000005588;154 732 411;A01;1;7;0;2;3;16;1;
8558;202000005591;154 732 406;A01;2;7;0;2;3;13;2;
8559;202000005591;154 732 408;B01;1;7;0;2;3;23;1;
8560;202000005592;154 732 405;A01;0;10;0;1;4;20;1;
8561;202000005593;154 732 402;A01;2;7;6;0;3;13;1;
8562;202000005594;154 732 403;B01;1;33;0;2;3;1;1;
8563;202000005594;154 732 404;A01;2;7;0;2;1;15;1;
8564;202000005596;154 732 399;B01;2;1;0;2;1;5;5;
8565;202000005596;154 732 400;A01;2;14;0;2;5;1;1;
8566;202000005598;154 732 394;A01;2;33;0;2;0;2;1;
8567;202000005598;154 732 396;B01;2;10;0;2;8;2;1;
8568;202000005598;154 732 397;C01;1;7;0;9;1;1;1;
8569;202000005601;154 732 388;A01;1;7;0;0;3;2;1;
8570;202000005602;154 732 389;A01;3;50;0;4;1;19;3;
8571;202000005602;154 732 390;B01;2;40;0;2;2;1;3;
8572;202000005603;154 732 386;A01;1;7;0;2;1;1;1;
8573;202000005603;154 732 387;B01;3;33;0;2;3;15;1;
8574;202000005604;154 732 385;A01;0;7;8;0;3;1;1;
8575;202000005605;154 732 383;A01;0;30;0;1;1;25;1;
8576;202000005606;154 732 380;A01;1;7;0;1;7;1;1;
8577;202000005607;154 732 379;A01;0;7;0;2;7;13;1;
8578;202000005607;154 732 381;B01;0;7;0;2;1;1;1;
8579;202000005608;154 732 377;B01;2;2;0;2;3;2;1;
8580;202000005608;154 732 378;A01;1;7;0;2;3;15;1;
8581;202000005609;154 732 375;B01;0;33;0;2;0;21;1;
8582;202000005609;154 732 376;A01;0;1;0;2;6;19;5;
8583;202000005610;154 732 374;A01;2;30;0;1;1;1;1;
8584;202000005612;154 732 371;A01;1;7;13;0;2;14;-1;
8585;202000005613;154 732 368;A01;2;7;0;2;4;1;0;
8586;202000005613;154 732 370;B01;2;7;0;2;1;1;1;
8587;202000005614;154 732 367;B01;1;7;3;2;6;15;1;
8588;202000005614;154 732 369;A01;1;7;0;2;1;17;1;
8589;202000005615;154 732 365;A01;2;7;0;2;1;1;1;
8590;202000005615;154 732 366;B01;2;10;0;2;8;9;1;
8591;202000005616;154 732 363;B01;2;7;0;2;4;1;1;
8592;202000005616;154 732 364;A01;2;7;0;2;1;0;1;
8593;202000005617;154 732 362;A01;2;33;0;1;3;17;6;
8594;202000005618;154 732 359;A01;1;7;0;2;2;2;1;
8595;202000005618;154 732 361;B01;1;7;0;2;4;2;1;
8596;202000005619;154 732 358;B01;2;7;0;2;4;1;1;
8597;202000005619;154 732 360;A01;2;33;0;2;1;2;1;
8598;202000005620;154 732 355;A01;2;10;0;2;3;13;2;
8599;202000005620;154 732 357;B01;1;14;0;2;3;1;1;
8600;202000005621;154 732 354;A01;2;33;0;2;2;17;1;
8601;202000005621;154 732 356;B01;2;10;0;2;0;0;1;
8602;202000005623;154 732 350;B01;3;7;0;2;7;9;1;
8603;202000005623;154 732 352;A01;2;31;0;2;1;21;1;
8604;202000005624;154 732 349;A01;2;7;3;0;1;14;1;
8605;202000005625;154 732 347;B01;1;33;0;2;4;0;0;
8606;202000005625;154 732 348;A01;1;3;0;2;4;1;1;
8607;202000005627;154 732 343;A01;2;7;0;2;1;1;1;
8608;202000005627;154 732 345;B01;2;1;0;2;4;2;5;
8609;202000005628;154 732 344;A01;1;20;0;1;2;15;1;
8610;202000005629;154 732 341;B01;1;2;0;2;8;1;6;
8611;202000005629;154 732 342;A01;1;7;0;2;1;19;6;
8612;202000005630;154 732 339;A01;3;7;0;2;8;15;0;
8613;202000005630;154 732 340;B01;1;34;0;2;1;1;0;
8614;202000005631;154 732 337;A01;2;7;0;2;7;15;1;
8615;202000005631;154 732 338;B01;1;1;0;2;1;1;0;
8616;202000005632;154 732 336;A01;2;30;11;0;1;0;1;
8617;202000005633;154 732 334;A01;1;7;0;2;6;21;0;
8618;202000005633;154 732 335;B01;1;7;0;2;6;9;0;
8619;202000005634;154 732 332;A01;2;7;0;2;4;2;1;
8620;202000005634;154 732 333;B01;2;7;0;2;1;2;1;
8621;202000005635;154 732 330;A01;2;30;0;0;3;1;1;
8622;202000005636;154 732 329;B01;1;7;0;2;1;2;1;
8623;202000005636;154 732 331;A01;1;7;0;2;4;2;1;
8624;202000005637;154 732 326;A01;3;1;0;9;1;1;0;
8625;202000005637;154 732 328;B01;3;1;0;9;3;0;0;
8626;202000005638;154 732 327;A01;2;34;0;1;1;1;1;
8627;202000005639;154 732 324;B01;2;37;0;2;7;1;1;1.0
8628;202000005639;154 732 325;Z01;1;7;0;2;0;0;0;
8629;202000005641;154 732 321;A01;1;7;0;1;1;1;1;
8630;202000005642;154 732 322;A01;3;7;0;1;0;26;0;
8631;202000005643;154 732 319;A01;2;1;0;2;1;13;5;
8632;202000005643;154 732 320;Z01;1;1;0;2;1;1;5;
8633;202000005644;154 732 317;A01;1;7;0;2;8;26;1;
8634;202000005644;154 732 318;B01;1;37;0;2;2;1;1;2.0
8635;202000005645;154 732 316;A01;2;7;0;1;2;1;1;
8636;202000005646;154 732 315;A01;2;7;0;1;2;26;1;
8637;202000005647;154 732 313;A01;1;50;0;1;1;1;3;
8638;202000005648;154 732 312;B01;0;7;0;2;5;1;1;
8639;202000005648;154 732 314;A01;0;30;0;2;3;3;1;
8640;202000005649;154 732 310;A01;0;7;0;1;1;26;0;
8641;202000005651;154 732 307;A01;1;7;0;2;6;13;1;
8642;202000005651;154 732 308;B01;2;7;0;2;3;1;1;
8643;202000005652;154 732 305;B01;1;7;0;2;4;2;1;
8644;202000005652;154 732 306;A01;1;7;0;2;1;2;1;
8645;202000005653;154 732 302;C01;2;7;0;2;4;0;0;
8646;202000005653;154 732 303;B01;2;7;0;2;4;0;1;
8647;202000005653;154 732 304;A01;2;7;0;2;1;0;1;
8648;202000005654;154 732 301;A01;2;7;0;1;1;15;1;
8649;202000005655;154 732 300;A01;0;33;16;0;1;1;1;
8650;202000005656;154 732 298;A01;2;30;0;0;0;1;1;
8651;202000005657;154 732 297;B01;1;33;0;2;3;1;1;
8652;202000005657;154 732 299;A01;1;7;0;2;2;15;1;
8653;202000005658;154 732 296;A01;3;7;0;1;5;20;0;
8654;202000005659;154 732 294;B01;2;10;0;2;2;1;1;
8655;202000005659;154 732 295;A01;2;1;0;2;3;15;5;
8656;202000005661;154 732 291;B01;3;7;0;2;8;1;1;
8657;202000005661;154 732 292;A01;3;7;0;2;1;1;1;
8658;202000005662;154 732 287;D01;3;7;0;9;8;23;1;
8659;202000005662;154 732 288;C01;2;7;0;9;3;23;1;
8660;202000005662;154 732 289;B01;1;34;0;2;1;1;1;
8661;202000005662;154 732 290;A01;2;99;0;2;3;15;1;
8662;202000005663;154 732 286;A01;1;34;0;0;4;1;1;
8663;202000005664;154 732 285;A01;1;30;12;0;3;17;1;
8664;202000005665;154 732 284;A01;2;0;0;1;0;0;0;
8665;202000005666;154 732 282;Y01;2;50;0;2;1;1;3;
8666;202000005666;154 732 283;A01;1;7;0;2;2;15;3;
8667;202000005667;154 732 280;A01;1;50;0;2;1;14;3;
8668;202000005667;154 732 281;B01;2;1;0;2;1;1;5;
8669;202000005668;154 732 277;B01;2;10;0;2;4;23;0;
8670;202000005668;154 732 278;A01;2;10;0;2;1;26;0;
8671;202000005668;154 732 279;C01;2;10;0;2;4;23;0;
8672;202000005669;154 732 275;A01;1;33;0;2;7;21;1;
8673;202000005669;154 732 276;B01;2;7;0;2;2;5;1;
8674;202000005670;154 732 273;B01;2;7;0;2;1;13;1;
8675;202000005670;154 732 274;A01;1;38;0;2;3;23;0;1.0
8676;202000005671;154 732 271;A01;2;10;1;2;7;1;1;
8677;202000005671;154 732 272;B01;2;7;0;2;1;1;1;
8678;202000005672;154 732 269;A01;2;7;0;2;7;10;0;
8679;202000005672;154 732 270;B01;2;32;0;2;1;1;0;
8680;202000005673;154 732 267;A01;1;7;0;2;1;2;1;
8681;202000005673;154 732 268;B01;1;2;0;2;4;2;1;
8682;202000005674;154 732 266;A01;1;7;1;1;1;17;1;
8683;202000005675;154 732 264;B01;2;7;0;2;7;15;0;
8684;202000005675;154 732 265;A01;1;33;0;2;1;1;0;
8685;202000005676;154 732 262;A01;1;7;0;2;3;10;1;
8686;202000005676;154 732 263;B01;1;33;0;2;1;17;1;
8687;202000005677;154 732 260;B01;2;7;0;2;1;1;1;
8688;202000005677;154 732 261;A01;2;7;0;2;3;14;1;
8689;202000005678;154 732 259;A01;0;0;0;1;0;0;-1;
8690;202000005679;154 732 257;A01;1;7;0;2;7;15;1;
8691;202000005679;154 732 258;B01;1;7;0;2;1;1;1;
8692;202000005680;154 732 256;A01;-1;31;0;1;1;2;1;
8693;202000005681;154 732 255;A01;3;7;0;1;2;19;1;
8694;202000005682;154 732 254;A01;3;7;0;1;3;1;1;
8695;202000005683;154 732 253;A01;1;7;0;1;2;17;1;
8696;202000005684;154 732 252;A01;3;7;0;1;3;1;1;
8697;202000005685;154 732 250;A01;1;7;0;2;3;13;1;
8698;202000005685;154 732 251;B01;1;7;0;2;2;2;1;
8699;202000005686;154 732 249;A01;0;10;0;1;5;20;1;
8700;202000005687;154 732 247;B01;0;7;0;2;2;15;0;
8701;202000005687;154 732 248;A01;0;7;0;2;3;5;0;
8702;202000005688;154 732 245;B01;3;7;0;2;2;17;0;
8703;202000005688;154 732 246;A01;1;7;0;2;3;11;0;
8704;202000005689;154 732 244;A01;1;7;0;1;1;16;1;
8705;202000005690;154 732 242;B01;1;7;1;2;3;20;1;
8706;202000005690;154 732 243;A01;1;7;1;2;2;1;1;
8707;202000005691;154 732 241;A01;2;7;0;1;1;1;1;
8708;202000005692;154 732 240;A01;1;32;0;0;0;26;1;
8709;202000005693;154 732 238;A01;1;7;0;2;2;15;1;
8710;202000005693;154 732 239;B01;1;7;0;2;1;1;2;
8711;202000005694;154 732 236;B01;1;31;0;2;4;1;1;
8712;202000005694;154 732 237;A01;2;7;0;2;3;1;1;
8713;202000005695;154 732 234;A01;2;7;0;2;3;1;0;
8714;202000005695;154 732 235;B01;1;31;0;2;0;15;0;
8715;202000005696;154 732 232;B01;1;7;0;9;3;1;1;
8716;202000005696;154 732 233;A01;2;33;0;0;0;1;1;
8717;202000005697;154 732 231;A01;2;7;6;0;1;5;1;
8718;202000005698;154 732 229;A01;2;7;0;2;2;1;1;
8719;202000005698;154 732 230;B01;1;15;0;2;2;1;1;
8720;202000005699;154 732 226;A01;2;7;0;2;1;1;1;
8721;202000005699;154 732 227;C01;2;7;0;0;4;16;1;
8722;202000005699;154 732 228;B01;2;7;0;2;4;1;1;
8723;202000005700;154 732 225;A01;2;7;6;0;3;0;0;
8724;202000005701;154 732 223;B01;1;33;0;2;1;1;1;
8725;202000005701;154 732 224;A01;1;7;0;0;4;1;1;
8726;202000005702;154 732 222;A01;1;10;13;0;2;1;1;
8727;202000005703;154 732 220;A01;1;7;0;2;1;2;1;
8728;202000005703;154 732 221;B01;1;7;0;0;4;2;1;
8729;202000005704;154 732 218;B01;0;10;6;2;3;19;1;
8730;202000005704;154 732 219;A01;2;7;6;2;7;1;1;
8731;202000005705;154 732 217;A01;2;2;13;0;0;21;1;
8732;202000005706;154 732 215;B01;2;7;0;2;1;1;1;
8733;202000005706;154 732 216;A01;1;7;0;2;1;13;1;
8734;202000005707;154 732 213;A01;1;7;0;2;1;16;1;
8735;202000005707;154 732 214;B01;1;7;0;2;7;1;1;
8736;202000005708;154 732 211;A01;1;7;0;2;3;1;1;
8737;202000005708;154 732 212;B01;2;14;0;2;3;1;1;
8738;202000005709;154 732 209;A01;2;7;0;2;2;1;1;
8739;202000005709;154 732 210;B01;1;1;0;2;1;26;5;
8740;202000005710;154 732 208;A01;1;7;1;0;2;1;1;
8741;202000005711;154 732 207;A01;1;7;2;0;1;0;1;
8742;202000005712;154 732 206;A01;2;30;0;0;9;1;1;
8743;202000005713;154 732 205;A01;1;7;2;0;3;1;1;
8744;202000005715;154 732 202;B01;1;34;0;2;8;19;1;
8745;202000005715;154 732 203;A01;1;7;0;2;2;26;1;
8746;202000005716;154 732 200;A01;1;7;7;0;1;14;1;
8747;202000005717;154 732 198;B01;2;7;0;2;3;1;1;
8748;202000005717;154 732 199;A01;1;7;0;2;3;13;1;
8749;202000005719;154 732 194;A01;0;7;0;2;3;15;1;
8750;202000005719;154 732 195;B01;0;2;0;2;1;1;1;
8751;202000005720;154 732 192;B01;1;30;0;2;1;1;1;
8752;202000005720;154 732 193;A01;2;7;0;2;3;15;1;
8753;202000005722;154 732 189;A01;1;7;15;0;1;13;1;
8754;202000005723;154 732 187;B01;1;33;0;2;1;1;1;
8755;202000005723;154 732 188;A01;1;7;0;2;7;9;1;
8756;202000005724;154 732 185;A01;1;7;3;2;2;0;1;
8757;202000005724;154 732 186;B01;2;7;0;2;1;1;1;
8758;202000005725;154 732 183;A01;1;7;0;2;3;13;1;
8759;202000005725;154 732 184;B01;2;14;0;2;3;1;1;
8760;202000005726;154 732 180;A01;2;14;0;2;1;1;1;
8761;202000005726;154 732 181;B01;2;7;10;2;4;11;1;
8762;202000005726;154 732 182;C01;1;38;0;2;1;1;1;1.0
8763;202000005727;154 732 178;B01;2;7;0;2;1;1;0;
8764;202000005727;154 732 179;A01;2;7;0;2;2;15;0;
8765;202000005728;154 732 176;B01;2;7;0;2;1;1;1;
8766;202000005728;154 732 177;A01;1;7;0;2;1;13;1;
8767;202000005729;154 732 175;A01;0;7;0;1;3;1;0;
8768;202000005730;154 732 173;A01;1;7;0;2;1;2;1;
8769;202000005730;154 732 174;B01;1;7;0;0;4;2;1;
8770;202000005731;154 732 172;A01;2;7;4;0;0;2;1;
8771;202000005732;154 732 171;A01;2;7;0;1;1;1;2;
8772;202000005733;154 732 169;A01;2;7;0;2;1;5;1;
8773;202000005733;154 732 170;B01;1;7;0;2;1;1;1;
8774;202000005735;154 732 166;A01;1;7;13;0;2;1;1;
8775;202000005736;154 732 164;A01;2;7;0;2;0;0;1;
8776;202000005736;154 732 165;B01;1;7;0;2;0;0;1;
8777;202000005737;154 732 162;A01;1;7;0;2;1;19;1;
8778;202000005737;154 732 163;B01;2;7;0;2;3;1;1;
8779;202000005738;154 732 160;B01;2;21;0;2;0;15;0;
8780;202000005738;154 732 161;A01;2;7;0;2;1;17;6;
8781;202000005739;154 732 159;A01;1;7;15;0;1;1;1;
8782;202000005740;154 732 157;B01;2;7;0;2;2;17;1;
8783;202000005740;154 732 158;A01;2;1;0;0;4;13;5;
8784;202000005741;154 732 156;A01;2;7;0;1;1;1;1;
8785;202000005743;154 732 152;C01;2;7;0;2;4;2;1;
8786;202000005743;154 732 153;B01;2;10;0;2;4;2;1;
8787;202000005743;154 732 154;A01;2;7;0;2;1;1;1;
8788;202000005745;154 732 148;A01;1;7;13;0;9;14;1;
8789;202000005746;154 732 147;A01;1;33;0;0;0;26;1;
8790;202000005747;154 732 144;B01;1;7;3;2;3;1;1;
8791;202000005747;154 732 145;C01;1;7;0;2;8;1;3;
8792;202000005747;154 732 146;Z01;1;7;0;2;2;12;0;
8793;202000005748;154 732 142;A01;1;10;0;2;3;9;1;
8794;202000005748;154 732 143;B01;1;17;0;2;7;1;1;
8795;202000005749;154 732 141;A01;2;7;4;0;1;1;1;
8796;202000005750;154 732 140;A01;1;7;4;0;1;14;1;
8797;202000005751;154 732 139;A01;2;7;4;0;1;14;1;
8798;202000005752;154 732 138;A01;2;7;3;0;1;13;1;
8799;202000005753;154 732 136;A01;2;7;0;2;3;11;1;
8800;202000005753;154 732 137;B01;2;34;0;2;7;3;1;
8801;202000005754;154 732 133;C01;2;10;0;2;6;2;1;
8802;202000005754;154 732 134;B01;2;7;0;2;6;2;1;
8803;202000005754;154 732 135;A01;2;7;0;2;3;2;1;
8804;202000005755;154 732 131;B01;1;33;0;2;7;3;1;
8805;202000005755;154 732 132;A01;1;7;0;2;8;11;1;
8806;202000005756;154 732 129;A01;1;15;0;2;2;12;1;
8807;202000005756;154 732 130;B01;2;7;0;0;8;1;1;
8808;202000005757;154 732 124;A01;2;7;0;2;1;2;1;
8809;202000005757;154 732 125;B01;2;7;0;2;9;2;1;
8810;202000005757;154 732 126;C01;0;7;0;2;4;2;1;
8811;202000005758;154 732 122;A01;1;7;3;2;2;2;1;
8812;202000005758;154 732 123;B01;1;21;3;0;6;0;0;
8813;202000005759;154 732 120;B01;1;7;0;0;4;1;1;
8814;202000005759;154 732 121;A01;1;2;0;2;1;2;1;
8815;202000005760;154 732 119;A01;1;7;0;1;1;1;0;
8816;202000005761;154 732 118;A01;1;2;15;0;0;0;0;
8817;202000005762;154 732 116;B01;2;7;0;2;4;2;1;
8818;202000005762;154 732 117;A01;2;33;0;2;1;2;1;
8819;202000005763;154 732 114;A01;2;7;0;2;1;0;1;
8820;202000005763;154 732 115;B01;2;7;0;2;4;0;1;
8821;202000005764;154 732 112;A01;3;33;0;2;1;17;1;
8822;202000005764;154 732 113;B01;0;7;0;0;8;15;1;
8823;202000005765;154 732 110;B01;1;7;0;2;7;1;1;
8824;202000005765;154 732 111;A01;1;10;0;2;2;9;1;
8825;202000005766;154 732 109;A01;1;7;4;0;7;14;1;
8826;202000005767;154 732 108;A01;3;10;0;1;2;16;1;
8827;202000005768;154 732 107;A01;0;7;0;0;0;0;1;
8828;202000005769;154 732 106;A01;2;3;1;0;1;1;1;
8829;202000005770;154 732 104;A01;3;14;1;0;3;26;1;
8830;202000005770;154 732 105;B01;3;15;1;0;5;24;1;
8831;202000005771;154 732 102;A01;2;7;0;2;1;2;1;
8832;202000005771;154 732 103;B01;2;7;0;2;4;2;1;
8833;202000005772;154 732 100;B01;1;7;0;2;4;23;1;
8834;202000005772;154 732 101;A01;1;7;0;2;1;2;1;
8835;202000005773;154 732 099;A01;1;37;0;1;7;7;1;1.0
8836;202000005775;154 732 095;A01;2;33;0;2;1;17;1;
8837;202000005775;154 732 096;B01;1;7;0;2;2;15;1;
8838;202000005776;154 732 094;A01;2;7;0;1;1;1;1;
8839;202000005777;154 732 092;B01;0;7;0;2;4;1;1;
8840;202000005777;154 732 093;A01;0;7;0;2;1;1;1;
8841;202000005778;154 732 091;A01;2;7;0;1;2;1;1;
8842;202000005779;154 732 090;A01;1;7;0;1;7;26;1;
8843;202000005780;154 732 088;B01;3;1;0;2;4;2;5;
8844;202000005780;154 732 089;A01;3;10;0;9;1;2;1;
8845;202000005781;154 732 086;A01;1;7;8;2;0;13;1;
8846;202000005781;154 732 087;B01;1;7;0;2;6;21;1;
8847;202000005783;154 732 084;A01;0;7;0;1;1;1;1;
8848;202000005784;154 732 079;B01;1;1;0;2;8;14;5;
8849;202000005784;154 732 080;A01;1;7;0;2;7;22;1;
8850;202000005785;154 732 076;A01;1;15;0;2;0;26;1;
8851;202000005785;154 732 077;B01;2;10;0;2;8;1;1;