;Num_Acc;id_vehicule;num_veh;senc;catv;obs;obsm;choc;manv;motor;occutc
8852;202000005785;154 732 078;C01;2;10;0;2;5;1;1;
8853;202000005786;154 732 074;A01;1;7;0;9;1;2;1;
8854;202000005786;154 732 075;B01;3;1;0;2;7;19;5;
8855;202000005788;154 732 070;A01;1;7;0;2;1;2;1;
8856;202000005788;154 732 071;B01;1;7;0;2;4;0;0;
8857;202000005789;154 732 069;A01;1;7;1;0;2;14;1;
8858;202000005790;154 732 068;A01;1;30;0;0;8;1;1;
8859;202000005791;154 732 066;A01;3;7;0;2;1;1;1;
8860;202000005791;154 732 067;B01;3;7;0;2;4;2;1;
8861;202000005792;154 732 065;A01;3;2;0;1;0;21;1;
8862;202000005793;154 732 063;B01;1;15;0;2;4;2;6;
8863;202000005793;154 732 064;A01;1;30;0;2;1;2;1;
8864;202000005794;154 732 062;A01;2;31;12;0;1;1;1;
8865;202000005795;154 732 060;B01;1;50;0;2;8;1;3;
8866;202000005795;154 732 061;A01;1;3;0;2;2;1;1;
8867;202000005796;154 732 058;A01;1;7;0;9;3;15;1;
8868;202000005796;154 732 059;B01;2;1;0;2;1;1;0;
8869;202000005797;154 732 055;B01;1;37;0;2;2;1;1;4.0
8870;202000005797;154 732 056;C01;1;7;0;0;5;1;1;
8871;202000005797;154 732 057;A01;1;7;0;2;6;9;1;
8872;202000005798;154 732 053;B01;2;7;0;2;1;1;1;
8873;202000005798;154 732 054;A01;1;7;0;2;2;15;1;
8874;202000005799;154 732 051;B01;1;7;0;2;2;16;1;
8875;202000005799;154 732 052;A01;1;1;0;2;3;5;0;
8876;202000005800;154 732 050;A01;1;7;0;0;1;13;1;
8877;202000005801;154 732 049;A01;3;1;0;1;8;26;5;
8878;202000005803;154 732 045;A01;1;2;0;2;1;0;1;
8879;202000005803;154 732 046;B01;1;7;0;2;4;0;1;
8880;202000005804;154 732 043;A01;1;1;0;2;1;0;5;
8881;202000005804;154 732 044;B01;1;7;0;2;4;0;1;
8882;202000005805;154 732 042;A01;1;33;0;0;7;26;1;
8883;202000005806;154 732 040;B01;1;7;0;2;1;1;1;
8884;202000005806;154 732 041;A01;2;1;0;2;8;19;5;
8885;202000005807;154 732 038;A01;2;7;0;2;8;15;1;
8886;202000005807;154 732 039;B01;3;33;0;2;2;2;1;
8887;202000005808;154 732 037;A01;0;7;0;1;1;1;1;
8888;202000005809;154 732 036;A01;3;7;8;0;3;1;1;
8889;202000005810;154 732 034;B01;3;30;0;0;6;1;1;
8890;202000005810;154 732 035;A01;3;7;0;2;2;12;1;
8891;202000005811;154 732 031;A01;2;7;0;2;1;1;1;
8892;202000005811;154 732 032;C01;2;7;0;0;4;1;1;
8893;202000005811;154 732 033;B01;2;7;0;2;1;1;1;
8894;202000005812;154 732 030;A01;2;33;0;0;8;1;1;
8895;202000005813;154 732 029;A01;3;7;5;0;3;14;0;
8896;202000005814;154 732 027;A01;1;7;0;2;2;9;1;
8897;202000005814;154 732 028;B01;0;1;0;0;0;0;0;
8898;202000005815;154 732 025;A01;3;7;0;2;3;9;1;
8899;202000005815;154 732 026;B01;0;1;0;2;4;1;5;
8900;202000005816;154 732 023;B01;2;7;0;2;1;9;1;
8901;202000005816;154 732 024;A01;2;7;8;2;6;1;1;
8902;202000005817;154 732 022;Z01;1;7;0;1;0;1;1;
8903;202000005818;154 732 020;A01;2;7;0;2;3;10;1;
8904;202000005818;154 732 021;B01;2;33;0;2;1;17;1;
8905;202000005819;154 732 019;A01;3;7;6;0;1;13;1;
8906;202000005820;154 732 017;B01;2;10;0;2;5;23;1;
8907;202000005820;154 732 018;A01;2;7;0;2;1;1;1;
8908;202000005821;154 732 015;B01;0;10;0;2;1;1;1;
8909;202000005821;154 732 016;A01;0;7;0;2;1;1;1;
8910;202000005822;154 732 013;B01;3;2;0;2;8;0;1;
8911;202000005822;154 732 014;A01;0;7;0;2;3;1;1;
8912;202000005823;154 732 009;A01;1;7;0;2;6;2;1;
8913;202000005823;154 732 010;B01;1;33;0;2;2;26;1;
8914;202000005824;154 732 008;A01;3;7;0;1;1;1;1;
8915;202000005825;154 732 006;B01;3;1;0;2;1;9;5;
8916;202000005825;154 732 007;A01;3;7;0;9;3;0;1;
8917;202000005826;154 732 005;A01;2;30;0;0;8;1;1;
8918;202000005827;154 732 001;D01;0;10;0;2;4;24;1;
8919;202000005827;154 732 002;C01;0;10;0;2;4;0;1;
8920;202000005827;154 732 003;B01;2;7;0;2;4;10;1;
8921;202000005827;154 732 004;A01;2;33;0;0;0;0;0;
8922;202000005828;154 731 999;A01;3;7;0;2;6;15;1;
8923;202000005828;154 732 000;B01;2;32;0;2;1;1;1;
8924;202000005830;154 731 996;A01;1;7;1;0;1;1;1;
8925;202000005831;154 731 994;A01;1;32;0;2;1;3;1;
8926;202000005831;154 731 995;B01;1;10;0;2;6;1;1;
8927;202000005833;154 731 990;Z01;1;30;0;2;7;14;1;
8928;202000005833;154 731 991;A01;1;1;0;2;8;1;5;
8929;202000005834;154 731 988;A01;1;33;0;2;3;9;1;
8930;202000005834;154 731 989;B01;1;32;0;2;1;1;1;
8931;202000005835;154 731 987;A01;2;10;0;1;2;1;1;
8932;202000005837;154 731 983;B01;1;1;0;2;8;1;5;
8933;202000005837;154 731 984;A01;2;7;0;2;3;1;1;
8934;202000005838;154 731 981;A01;1;1;0;2;1;17;5;
8935;202000005838;154 731 982;B01;1;7;0;2;2;22;1;
8936;202000005839;154 731 979;A01;3;7;0;2;5;1;1;
8937;202000005839;154 731 980;B01;3;43;0;2;2;1;1;
8938;202000005840;154 731 977;B01;1;7;0;2;8;15;1;
8939;202000005840;154 731 978;A01;1;30;0;2;7;17;1;
8940;202000005842;154 731 973;A01;1;1;0;2;1;9;5;
8941;202000005842;154 731 974;B01;1;1;0;2;1;1;5;
8942;202000005843;154 731 972;A01;1;1;0;0;1;16;5;
8943;202000005844;154 731 970;A01;3;7;0;2;1;15;1;
8944;202000005844;154 731 971;B01;3;32;0;2;1;1;1;
8945;202000005845;154 731 968;A01;2;50;0;2;1;1;3;
8946;202000005845;154 731 969;B01;2;7;0;2;2;1;1;
8947;202000005847;154 731 964;A01;1;32;12;0;4;2;1;
8948;202000005847;154 731 965;Z01;1;99;0;2;0;0;1;
8949;202000005848;154 731 963;A01;1;7;0;1;2;16;1;
8950;202000005849;154 731 962;A01;3;7;4;0;3;1;1;
8951;202000005850;154 731 960;A01;3;33;0;2;1;16;6;
8952;202000005850;154 731 961;B01;3;10;0;2;3;1;6;
8953;202000005851;154 731 958;A01;2;7;0;2;0;0;1;
8954;202000005851;154 731 959;B01;1;33;0;2;2;1;1;
8955;202000005852;154 731 957;A01;1;7;4;0;1;1;1;
8956;202000005854;154 731 953;B01;-1;7;0;0;0;0;1;
8957;202000005854;154 731 954;A01;-1;7;15;0;2;1;1;
8958;202000005855;154 731 951;B01;-1;7;0;2;3;10;1;
8959;202000005855;154 731 952;A01;-1;34;3;2;3;13;0;
8960;202000005856;154 731 950;A01;1;7;0;1;1;2;1;
8961;202000005857;154 731 948;A01;1;37;0;2;8;1;0;1.0
8962;202000005857;154 731 949;B01;3;1;0;2;1;9;0;
8963;202000005858;154 731 946;A01;1;7;0;2;3;10;0;
8964;202000005858;154 731 947;B01;1;32;0;2;7;1;0;
8965;202000005859;154 731 945;A01;2;7;0;1;7;1;1;
8966;202000005860;154 731 942;D01;-1;7;8;0;0;0;0;
8967;202000005860;154 731 943;A01;2;7;0;2;1;2;0;
8968;202000005860;154 731 944;B01;2;7;8;0;0;0;0;
8969;202000005861;154 731 941;A01;-1;3;0;1;1;15;0;
8970;202000005862;154 731 939;B01;1;50;1;0;0;1;3;
8971;202000005862;154 731 940;CA01;3;7;0;2;3;22;1;
8972;202000005863;154 731 938;A01;1;10;15;0;1;1;1;
8973;202000005864;154 731 936;B01;2;50;0;2;1;2;3;
8974;202000005864;154 731 937;A01;2;7;0;2;0;14;1;
8975;202000005865;154 731 935;B01;2;2;0;4;3;2;1;
8976;202000005866;154 731 933;A01;1;32;0;0;2;2;0;
8977;202000005866;154 731 934;B01;1;1;0;0;6;14;0;
8978;202000005867;154 731 932;A01;1;7;0;1;1;1;1;
8979;202000005868;154 731 928;C01;2;1;14;0;1;1;5;
8980;202000005868;154 731 929;B01;2;1;14;0;1;1;5;
8981;202000005868;154 731 930;A01;1;7;0;0;0;1;1;
8982;202000005868;154 731 931;D01;2;1;0;9;1;1;5;
8983;202000005869;154 731 925;C01;2;14;0;2;6;1;0;
8984;202000005869;154 731 926;B01;2;7;0;0;3;1;0;
8985;202000005869;154 731 927;A01;1;7;0;2;3;13;0;
8986;202000005870;154 731 923;B01;2;1;0;2;1;1;5;
8987;202000005870;154 731 924;A01;1;7;0;2;3;19;1;
8988;202000005871;154 731 921;B01;2;31;0;2;7;1;1;
8989;202000005871;154 731 922;A01;1;7;0;2;1;9;3;
8990;202000005872;154 731 919;A01;1;7;8;2;1;1;0;
8991;202000005872;154 731 920;B01;2;7;0;2;3;1;0;
8992;202000005873;154 731 918;A01;2;31;0;0;2;0;1;
8993;202000005874;154 731 916;A01;1;7;0;0;5;2;1;
8994;202000005874;154 731 917;B01;1;33;0;2;2;2;1;
8995;202000005875;154 731 914;B01;1;7;0;2;2;6;1;
8996;202000005875;154 731 915;A01;1;1;0;2;1;1;5;
8997;202000005876;154 731 911;A01;1;7;2;0;1;1;1;
8998;202000005877;154 731 909;A01;2;7;0;2;2;19;1;
8999;202000005877;154 731 910;B01;1;7;0;2;7;1;1;
9000;202000005878;154 731 907;A01;2;7;0;9;2;15;1;
9001;202000005878;154 731 908;B01;2;1;0;0;1;26;6;
9002;202000005879;154 731 905;B01;2;33;0;2;1;21;1;
9003;202000005879;154 731 906;A01;2;7;0;2;3;10;1;
9004;202000005880;154 731 904;A01;1;7;6;0;2;1;1;
9005;202000005881;154 731 903;A01;1;7;0;0;0;1;0;
9006;202000005882;154 731 901;A01;1;10;0;2;7;15;0;
9007;202000005882;154 731 902;B01;2;7;0;2;2;1;0;
9008;202000005883;154 731 900;A01;2;10;0;1;2;1;1;
9009;202000005884;154 731 899;A01;1;7;13;0;2;0;0;
9010;202000005885;154 731 898;A01;1;33;0;6;1;1;1;
9011;202000005887;154 731 893;C01;1;7;0;2;4;23;1;
9012;202000005887;154 731 894;B01;1;7;0;2;4;23;1;
9013;202000005887;154 731 895;A01;1;7;0;2;1;1;1;
9014;202000005888;154 731 892;A01;1;1;0;0;0;1;5;
9015;202000005889;154 731 890;B01;2;33;0;2;1;1;1;
9016;202000005889;154 731 891;A01;3;7;0;2;3;19;1;
9017;202000005890;154 731 887;B01;1;7;0;2;3;1;1;
9018;202000005890;154 731 888;A01;2;7;0;2;3;17;1;
9019;202000005890;154 731 889;C01;1;33;0;2;1;1;1;
9020;202000005891;154 731 885;B01;0;7;0;2;3;1;6;
9021;202000005891;154 731 886;A01;0;2;0;2;1;1;1;
9022;202000005892;154 731 883;B01;2;1;0;2;1;1;5;
9023;202000005892;154 731 884;A01;3;10;0;2;2;19;1;
9024;202000005893;154 731 882;A01;0;33;0;0;7;1;0;
9025;202000005896;154 731 878;A01;1;1;0;9;1;1;5;
9026;202000005897;154 731 876;A01;2;7;0;2;3;19;1;
9027;202000005897;154 731 877;B01;1;10;0;2;1;1;1;
9028;202000005898;154 731 870;A01;1;7;2;0;1;13;1;
9029;202000005899;154 731 869;A01;2;1;0;0;1;0;5;
9030;202000005900;154 731 867;A01;0;7;0;2;2;9;1;
9031;202000005900;154 731 868;B01;0;7;0;2;1;1;1;
9032;202000005901;154 731 866;A01;1;7;13;0;2;21;0;
9033;202000005902;154 731 864;B01;3;33;0;2;8;20;1;
9034;202000005902;154 731 865;A01;3;10;0;0;5;26;1;
9035;202000005903;154 731 862;B01;1;10;6;2;8;1;1;
9036;202000005903;154 731 863;A01;1;7;0;2;1;19;1;
9037;202000005904;154 731 861;A01;2;7;13;0;0;13;1;
9038;202000005906;154 731 858;A01;2;7;2;0;1;1;1;
9039;202000005907;154 731 857;A01;3;7;16;0;3;1;1;
9040;202000005908;154 731 856;A01;0;7;15;1;3;1;1;
9041;202000005909;154 731 854;B01;2;7;0;0;4;23;1;
9042;202000005909;154 731 855;A01;2;7;1;0;1;14;1;
9043;202000005910;154 731 852;A01;2;2;0;2;1;2;1;
9044;202000005910;154 731 853;B01;2;7;0;0;4;2;1;
9045;202000005911;154 731 849;B01;2;7;0;2;3;1;1;
9046;202000005911;154 731 850;C01;1;7;0;2;3;23;1;
9047;202000005911;154 731 851;A01;1;7;0;2;3;1;1;
9048;202000005912;154 731 847;A01;2;7;0;2;1;2;1;
9049;202000005912;154 731 848;B01;2;37;0;0;4;23;1;1.0
9050;202000005913;154 731 845;B01;1;17;0;0;5;1;1;
9051;202000005913;154 731 846;A01;1;7;4;2;3;17;1;
9052;202000005914;154 731 843;B01;1;33;0;2;1;1;1;
9053;202000005914;154 731 844;A01;1;7;0;2;8;19;1;
9054;202000005915;154 731 842;A01;2;7;16;0;8;13;1;
9055;202000005917;154 731 838;A01;1;7;0;2;8;13;1;
9056;202000005917;154 731 839;B01;2;33;0;2;8;1;1;
9057;202000005918;154 731 837;A01;1;7;0;1;1;1;1;
9058;202000005920;154 731 834;B01;2;21;0;2;7;1;1;
9059;202000005920;154 731 835;A01;2;7;0;2;6;4;1;
9060;202000005921;154 731 832;A01;1;7;0;2;4;4;1;
9061;202000005921;154 731 833;B01;1;7;0;2;1;23;1;
9062;202000005922;154 731 831;A01;1;7;0;0;2;26;1;
9063;202000005923;154 731 827;B01;1;7;0;2;3;1;1;
9064;202000005923;154 731 828;A01;1;7;0;2;5;1;1;
9065;202000005923;154 731 829;D01;1;34;0;2;1;14;1;
9066;202000005923;154 731 830;C01;1;10;0;2;8;1;1;
9067;202000005924;154 731 823;D01;1;7;0;2;5;2;1;
9068;202000005924;154 731 824;C01;1;7;0;2;4;2;1;
9069;202000005924;154 731 825;B01;1;10;0;2;4;2;1;
9070;202000005924;154 731 826;A01;2;10;0;2;1;2;1;
9071;202000005925;154 731 821;A01;2;10;0;1;3;1;1;
9072;202000005925;154 731 822;B01;2;7;0;1;1;11;1;
9073;202000005926;154 731 819;B01;1;33;0;0;0;1;1;
9074;202000005926;154 731 820;A01;1;7;0;0;0;11;1;
9075;202000005928;154 731 815;A01;1;7;0;2;7;12;1;
9076;202000005928;154 731 816;B01;1;33;0;2;8;1;1;
9077;202000005929;154 731 814;A01;1;33;0;0;9;3;1;
9078;202000005930;154 731 812;B01;2;33;0;2;8;3;1;
9079;202000005930;154 731 813;A01;2;7;0;2;7;14;1;
9080;202000005931;154 731 810;B01;2;34;0;2;2;3;1;
9081;202000005931;154 731 811;A01;2;7;0;2;3;11;1;
9082;202000005932;154 731 808;A01;2;14;0;2;1;1;1;
9083;202000005932;154 731 809;B01;2;14;0;2;4;1;1;
9084;202000005933;154 731 806;A01;2;7;0;2;5;11;1;
9085;202000005933;154 731 807;B01;2;43;0;2;1;3;1;
9086;202000005935;154 731 800;B01;2;7;0;2;2;15;0;
9087;202000005935;154 731 801;A01;2;7;8;0;3;15;0;
9088;202000005936;154 731 799;A01;1;7;0;1;1;7;1;
9089;202000005937;154 731 796;B01;2;7;0;2;7;23;1;
9090;202000005937;154 731 797;A01;2;7;0;2;1;26;1;
9091;202000005937;154 731 798;C01;2;7;0;2;6;23;1;
9092;202000005938;154 731 794;B01;1;7;0;2;4;1;1;
9093;202000005938;154 731 795;A01;1;30;0;2;1;1;1;
9094;202000005939;154 731 792;A01;1;32;0;2;1;0;1;
9095;202000005939;154 731 793;B01;1;7;0;2;8;9;1;
9096;202000005940;154 731 790;A01;3;7;0;2;3;17;1;
9097;202000005940;154 731 791;B01;2;80;0;2;1;1;3;
9098;202000005941;154 731 788;B01;3;1;0;2;1;7;5;
9099;202000005941;154 731 789;A01;3;7;0;2;2;1;1;
9100;202000005942;154 731 787;A01;1;7;0;1;3;1;1;
9101;202000005943;154 731 785;A01;2;7;0;2;1;15;1;
9102;202000005943;154 731 786;B01;1;10;0;2;3;1;1;
9103;202000005944;154 731 782;A01;1;17;0;2;1;2;1;
9104;202000005944;154 731 783;B01;1;7;0;2;4;2;1;
9105;202000005944;154 731 784;C01;1;10;0;2;6;1;1;
9106;202000005945;154 731 780;A01;1;32;0;2;3;19;1;
9107;202000005945;154 731 781;B01;1;7;0;2;3;19;1;
9108;202000005946;154 731 778;B01;-1;99;-1;-1;-1;-1;-1;
9109;202000005946;154 731 779;A01;-1;7;-1;2;-1;0;-1;
9110;202000005947;154 731 775;C01;0;10;0;2;1;1;1;
9111;202000005947;154 731 776;B01;0;7;0;2;1;1;1;
9112;202000005947;154 731 777;A01;0;7;0;2;1;17;1;
9113;202000005948;154 731 774;A01;1;33;0;2;7;21;1;
9114;202000005949;154 731 769;B01;2;7;0;2;4;23;1;
9115;202000005949;154 731 770;A01;2;7;0;2;1;1;1;
9116;202000005950;154 731 767;B01;2;7;0;2;3;1;1;
9117;202000005950;154 731 768;A01;1;31;0;2;1;13;1;
9118;202000005951;154 731 765;B01;1;7;0;9;3;9;1;
9119;202000005951;154 731 766;A01;1;1;0;9;1;26;5;
9120;202000005952;154 731 763;B01;2;7;0;2;3;15;1;
9121;202000005952;154 731 764;A01;2;33;1;2;5;2;1;
9122;202000005953;154 731 761;B01;3;7;0;2;5;20;1;
9123;202000005953;154 731 762;Z01;1;7;0;2;0;1;1;
9124;202000005954;154 731 759;B01;2;1;0;2;1;1;5;
9125;202000005954;154 731 760;A01;2;7;0;9;5;4;1;
9126;202000005955;154 731 758;A01;3;30;0;0;8;1;1;
9127;202000005956;154 731 757;A01;2;7;0;1;3;15;1;
9128;202000005957;154 731 756;A01;3;7;14;1;5;16;1;
9129;202000005958;154 731 754;B01;2;7;0;2;4;1;1;
9130;202000005958;154 731 755;A01;2;7;0;2;2;2;1;
9131;202000005960;154 731 750;A01;1;7;0;2;7;11;1;
9132;202000005960;154 731 751;B01;1;31;0;2;1;2;1;
9133;202000005961;154 731 748;B01;1;33;0;2;1;2;1;
9134;202000005961;154 731 749;A01;1;33;0;2;6;1;1;
9135;202000005962;154 731 746;A01;1;10;0;2;1;0;1;
9136;202000005962;154 731 747;B01;1;7;0;0;4;0;1;
9137;202000005963;154 731 744;A01;2;10;0;2;4;2;1;
9138;202000005963;154 731 745;B01;2;10;0;2;1;2;1;
9139;202000005964;154 731 741;A01;2;7;0;2;4;1;1;
9140;202000005964;154 731 742;C01;2;7;0;2;1;1;1;
9141;202000005964;154 731 743;B01;2;7;0;2;4;1;1;
9142;202000005965;154 731 739;B01;2;7;0;0;6;1;1;
9143;202000005965;154 731 740;A01;2;7;0;2;5;26;1;
9144;202000005966;154 731 737;A01;2;10;0;2;6;11;1;
9145;202000005966;154 731 738;B01;2;33;0;2;1;3;1;
9146;202000005967;154 731 735;B01;1;33;0;2;2;3;1;
9147;202000005967;154 731 736;A01;1;7;0;2;5;11;1;
9148;202000005968;154 731 733;A01;1;17;0;2;7;2;1;
9149;202000005968;154 731 734;B01;1;33;0;2;4;2;1;
9150;202000005969;154 731 732;A01;1;7;0;0;1;1;1;
9151;202000005970;154 731 729;B01;1;7;0;2;7;12;1;
9152;202000005970;154 731 730;A01;1;33;0;2;8;3;1;
9153;202000005970;154 731 731;C01;1;7;0;2;4;1;1;
9154;202000005971;154 731 728;A01;2;34;0;1;1;1;1;
9155;202000005972;154 731 726;B01;2;7;0;2;1;1;1;
9156;202000005972;154 731 727;A01;1;99;0;2;3;15;1;
9157;202000005973;154 731 725;A01;2;7;0;1;1;1;1;
9158;202000005974;154 731 723;A01;1;7;0;0;1;9;1;
9159;202000005974;154 731 724;B01;1;33;0;2;7;1;1;
9160;202000005975;154 731 721;B01;3;33;0;2;8;2;0;
9161;202000005975;154 731 722;A01;3;7;0;2;7;9;0;
9162;202000005976;154 731 719;Y01;1;1;0;0;0;1;-1;
9163;202000005976;154 731 720;A01;2;7;0;2;8;1;0;
9164;202000005978;154 731 715;A01;1;50;0;2;7;1;3;
9165;202000005978;154 731 716;B01;2;7;0;2;1;1;1;
9166;202000005979;154 731 713;A01;2;7;0;0;0;11;1;
9167;202000005979;154 731 714;B01;2;33;0;2;0;2;1;
9168;202000005980;154 731 712;A01;2;7;0;1;2;9;1;
9169;202000005982;154 731 710;A01;3;0;0;1;1;1;0;
9170;202000005983;154 731 706;A01;3;7;0;2;1;13;1;
9171;202000005983;154 731 707;B01;3;7;0;2;1;1;1;
9172;202000005983;154 731 708;C01;3;7;6;0;2;21;2;
9173;202000005984;154 731 704;B01;3;7;0;2;4;2;1;
9174;202000005984;154 731 705;A01;3;7;0;2;1;2;1;
9175;202000005985;154 731 702;B01;2;7;0;2;6;12;1;
9176;202000005985;154 731 703;A01;2;7;0;2;2;1;1;
9177;202000005986;154 731 701;A01;3;33;0;1;1;18;1;
9178;202000005987;154 731 699;B01;3;7;0;2;2;1;1;
9179;202000005987;154 731 700;A01;3;7;0;2;1;16;1;
9180;202000005988;154 731 696;A01;1;7;0;2;1;2;1;
9181;202000005988;154 731 697;B01;1;7;0;2;4;23;1;
9182;202000005988;154 731 698;C01;1;7;0;2;4;23;1;
9183;202000005989;154 731 695;A01;2;7;13;0;9;15;1;
9184;202000005990;154 731 694;A01;2;17;4;0;3;1;1;
9185;202000005991;154 731 692;A01;1;7;0;2;2;14;1;
9186;202000005991;154 731 693;B01;2;7;0;0;0;0;1;
9187;202000005992;154 731 689;A01;0;7;0;2;1;1;1;
9188;202000005992;154 731 690;B01;0;7;0;2;4;23;1;
9189;202000005993;154 731 688;A01;1;1;0;1;4;1;5;
9190;202000005994;154 731 686;Z01;0;7;0;2;3;15;0;
9191;202000005994;154 731 687;A01;1;30;0;2;5;17;1;
9192;202000005995;154 731 684;A01;1;33;0;2;8;1;0;
9193;202000005995;154 731 685;B01;0;7;0;0;0;15;6;
9194;202000005996;154 731 682;A01;0;7;0;2;1;9;1;
9195;202000005996;154 731 683;B01;0;7;0;2;3;1;1;
9196;202000005997;154 731 680;B01;2;7;0;2;5;15;0;
9197;202000005997;154 731 681;A01;2;1;0;2;1;18;0;
9198;202000005998;154 731 678;A01;1;1;0;2;1;13;5;
9199;202000005998;154 731 679;B01;2;1;0;2;1;13;5;
9200;202000005999;154 731 676;A01;2;7;0;2;3;1;1;
9201;202000005999;154 731 677;B01;2;7;0;2;3;15;1;
9202;202000006000;154 731 674;B01;1;1;0;2;5;1;5;
9203;202000006000;154 731 675;A01;3;7;0;2;1;9;1;
9204;202000006001;154 731 672;A01;3;7;0;9;6;9;1;
9205;202000006001;154 731 673;B01;3;1;0;2;1;1;5;
9206;202000006002;154 731 671;A01;1;7;0;1;3;15;1;
9207;202000006003;154 731 670;A01;2;7;0;1;1;0;1;
9208;202000006005;154 731 666;A01;3;7;0;2;4;23;1;
9209;202000006005;154 731 667;B01;3;7;14;2;1;0;1;
9210;202000006006;154 731 664;B01;3;7;0;2;8;1;1;
9211;202000006006;154 731 665;A01;3;7;0;2;1;19;1;
9212;202000006007;154 731 663;A01;1;7;6;0;1;14;1;
9213;202000006009;154 731 659;B01;2;2;0;2;1;17;1;
9214;202000006009;154 731 660;A01;2;7;0;2;8;15;1;
9215;202000006010;154 731 657;B01;1;1;0;2;2;1;5;
9216;202000006010;154 731 658;A01;1;7;0;9;2;15;1;
9217;202000006011;154 731 656;A01;1;1;0;1;0;1;5;
9218;202000006012;154 731 654;B01;1;33;0;2;1;1;1;
9219;202000006012;154 731 655;A01;1;7;0;9;7;15;1;
9220;202000006013;154 731 651;A01;3;7;1;0;1;1;1;
9221;202000006013;154 731 652;B01;3;7;0;2;1;1;1;
9222;202000006013;154 731 653;C01;3;10;0;2;4;1;1;
9223;202000006014;154 731 650;A01;1;7;0;1;2;15;3;
9224;202000006015;154 731 649;A01;0;7;0;1;0;1;1;
9225;202000006016;154 731 647;A01;0;50;0;2;7;1;3;
9226;202000006016;154 731 648;B01;2;7;0;9;1;16;0;
9227;202000006017;154 731 645;B01;2;1;0;2;2;17;5;
9228;202000006017;154 731 646;A01;2;7;0;2;3;15;1;
9229;202000006018;154 731 641;D01;2;7;0;2;0;0;1;
9230;202000006018;154 731 642;C01;2;7;0;2;0;0;1;
9231;202000006018;154 731 643;B01;2;7;0;2;0;0;1;
9232;202000006018;154 731 644;A01;2;7;0;2;1;1;1;
9233;202000006019;154 731 639;B01;1;1;0;2;1;0;5;
9234;202000006019;154 731 640;A01;1;7;0;2;8;1;1;
9235;202000006020;154 731 638;A01;3;7;0;1;1;1;1;
9236;202000006021;154 731 636;B01;0;2;0;2;1;0;1;
9237;202000006021;154 731 637;A01;0;7;0;2;4;4;1;
9238;202000006022;154 731 634;B01;3;33;0;2;1;1;1;
9239;202000006022;154 731 635;A01;3;7;0;2;2;15;1;
9240;202000006024;154 731 631;B01;3;10;0;2;6;1;1;
9241;202000006024;154 731 632;A01;3;30;0;2;2;12;1;
9242;202000006025;154 731 630;A01;3;10;0;1;2;26;0;
9243;202000006026;154 731 628;A01;3;14;0;2;7;16;1;
9244;202000006026;154 731 629;B01;3;1;0;2;8;1;5;
9245;202000006027;154 731 626;B01;2;2;0;2;7;1;1;
9246;202000006027;154 731 627;A01;2;7;0;2;3;9;1;
9247;202000006028;154 731 624;A01;1;1;0;2;1;1;5;
9248;202000006028;154 731 625;B01;0;7;0;2;0;0;1;
9249;202000006029;154 731 622;A01;1;7;0;2;1;0;1;
9250;202000006029;154 731 623;B01;1;7;0;2;2;1;1;
9251;202000006030;154 731 615;B01;1;7;0;2;5;2;1;
9252;202000006030;154 731 616;G01;1;10;0;2;4;2;1;
9253;202000006030;154 731 617;F01;1;7;0;2;0;2;1;
9254;202000006030;154 731 618;E01;1;7;0;2;7;2;1;
9255;202000006030;154 731 619;A01;1;7;0;2;1;2;1;
9256;202000006030;154 731 620;C01;1;7;0;2;1;2;1;
9257;202000006030;154 731 621;D01;1;10;0;2;4;2;1;
9258;202000006031;154 731 613;B01;1;1;0;2;7;1;5;
9259;202000006031;154 731 614;A01;1;7;0;2;3;15;1;
9260;202000006032;154 731 611;B01;1;31;0;2;1;1;1;
9261;202000006032;154 731 612;A01;1;1;0;2;8;11;5;
9262;202000006033;154 731 609;A01;1;32;0;2;2;19;1;
9263;202000006033;154 731 610;B01;2;7;0;2;3;1;1;
9264;202000006035;154 731 605;A01;0;7;0;2;2;2;1;
9265;202000006035;154 731 606;B01;0;2;0;2;6;1;1;
9266;202000006038;154 731 597;A01;2;7;0;2;1;5;1;
9267;202000006038;154 731 598;B01;2;7;0;2;1;1;1;
9268;202000006038;154 731 599;C01;2;7;0;2;2;14;1;
9269;202000006038;154 731 600;D01;3;7;0;2;3;1;1;
9270;202000006039;154 731 596;A01;2;99;8;0;1;14;1;
9271;202000006041;154 731 592;A01;2;7;0;2;3;15;1;
9272;202000006041;154 731 593;B01;2;2;0;2;5;1;1;
9273;202000006042;154 731 590;B01;1;34;0;2;1;2;1;
9274;202000006042;154 731 591;A01;0;7;0;2;2;10;1;
9275;202000006043;154 731 588;B01;1;32;0;2;3;2;1;
9276;202000006043;154 731 589;A01;1;7;0;2;2;13;1;
9277;202000006044;154 731 586;A01;3;7;0;2;1;1;1;
9278;202000006044;154 731 587;B01;3;7;0;2;8;1;1;
9279;202000006045;154 731 585;A01;1;7;13;0;3;1;1;
9280;202000006046;154 731 582;C01;1;7;0;2;8;23;1;
9281;202000006046;154 731 583;B01;1;10;0;2;6;23;1;
9282;202000006046;154 731 584;A01;1;33;0;2;9;26;1;
9283;202000006047;154 731 580;B01;1;33;0;2;8;1;0;
9284;202000006047;154 731 581;A01;2;7;0;2;1;15;0;
9285;202000006048;154 731 579;A01;1;7;0;1;1;1;0;
9286;202000006049;154 731 577;B01;1;7;0;2;1;1;1;
9287;202000006049;154 731 578;A01;1;7;0;2;1;15;1;
9288;202000006050;154 731 575;A01;1;33;0;2;3;12;1;
9289;202000006050;154 731 576;B01;1;7;0;2;5;1;2;
9290;202000006051;154 731 574;A01;1;32;0;1;4;17;1;
9291;202000006052;154 731 572;A01;1;7;0;2;2;15;1;
9292;202000006052;154 731 573;B01;2;1;0;2;1;1;5;