;Num_Acc;id_vehicule;num_veh;senc;catv;obs;obsm;choc;manv;motor;occutc
9293;202000006053;154 731 571;A01;2;30;0;0;0;21;1;
9294;202000006054;154 731 570;Z01;1;1;0;1;5;25;5;
9295;202000006055;154 731 569;A01;2;32;0;1;1;1;1;
9296;202000006056;154 731 568;A01;2;1;0;0;1;1;5;
9297;202000006057;154 731 567;A01;1;32;0;1;1;1;1;
9298;202000006058;154 731 565;A01;1;30;0;2;0;21;3;
9299;202000006058;154 731 566;Z01;2;7;0;2;7;12;0;
9300;202000006060;154 731 561;B01;1;7;0;2;3;15;1;
9301;202000006060;154 731 562;A01;1;32;0;2;1;17;1;
9302;202000006061;154 731 559;A01;3;10;0;2;2;12;1;
9303;202000006061;154 731 560;B01;3;32;0;2;2;1;1;
9304;202000006062;154 731 557;A01;2;30;0;2;1;2;1;
9305;202000006062;154 731 558;Z01;1;30;0;2;4;2;0;
9306;202000006063;154 731 555;A01;2;7;0;2;2;16;1;
9307;202000006063;154 731 556;B01;2;50;0;2;3;1;3;
9308;202000006064;154 731 554;A01;2;10;9;0;1;14;1;
9309;202000006065;154 731 553;A01;1;32;0;1;1;1;1;
9310;202000006066;154 731 552;A01;2;80;0;0;0;5;3;
9311;202000006067;154 731 551;A01;1;32;0;1;1;1;1;
9312;202000006068;154 731 550;A01;1;30;0;1;1;1;3;
9313;202000006069;154 731 548;B01;2;32;0;2;8;2;1;
9314;202000006069;154 731 549;A01;2;10;0;2;2;12;1;
9315;202000006070;154 731 546;A01;1;7;0;2;8;22;2;
9316;202000006070;154 731 547;B01;1;80;0;2;2;1;3;
9317;202000006071;154 731 544;B01;1;60;0;2;1;19;5;
9318;202000006071;154 731 545;A01;1;30;0;2;1;16;3;
9319;202000006072;154 731 543;Z01;1;30;0;1;0;1;0;
9320;202000006073;154 731 542;A01;2;1;0;0;8;1;5;
9321;202000006074;154 731 540;B01;1;1;0;2;1;23;5;
9322;202000006074;154 731 541;A01;1;1;0;2;1;1;5;
9323;202000006075;154 731 538;A01;2;2;0;2;2;1;0;
9324;202000006075;154 731 539;B01;2;7;0;2;3;9;0;
9325;202000006076;154 731 536;B01;2;33;0;2;2;1;0;
9326;202000006076;154 731 537;A01;2;7;0;2;3;13;0;
9327;202000006077;154 731 534;A01;1;7;0;2;2;15;1;
9328;202000006077;154 731 535;B01;2;33;0;2;1;1;1;
9329;202000006078;154 731 533;A01;3;7;0;1;2;19;0;
9330;202000006079;154 731 531;A01;3;7;0;2;1;5;1;
9331;202000006079;154 731 532;B01;3;17;0;2;1;1;1;
9332;202000006080;154 731 530;A01;2;32;0;2;0;21;1;
9333;202000006081;154 731 528;B01;2;1;0;9;1;1;5;
9334;202000006081;154 731 529;A01;1;7;0;9;3;9;1;
9335;202000006082;154 731 526;B01;1;34;0;2;4;23;1;
9336;202000006082;154 731 527;A01;1;33;0;2;1;26;1;
9337;202000006083;154 731 525;A01;1;7;9;0;1;15;1;
9338;202000006084;154 731 523;A01;3;33;0;2;1;1;0;
9339;202000006084;154 731 524;B01;0;7;0;2;3;15;0;
9340;202000006085;154 731 521;BA01;2;7;0;2;1;0;1;
9341;202000006085;154 731 522;B01;1;32;0;2;2;0;1;
9342;202000006086;154 731 519;B01;1;31;0;2;1;2;1;
9343;202000006086;154 731 520;A01;1;7;0;2;3;10;1;
9344;202000006087;154 731 516;C01;1;7;0;2;3;2;0;
9345;202000006087;154 731 517;B01;1;34;0;2;1;3;1;
9346;202000006087;154 731 518;A01;1;7;0;2;5;2;0;
9347;202000006088;154 731 514;B01;1;2;0;0;0;0;0;
9348;202000006088;154 731 515;A01;1;7;0;2;0;24;0;
9349;202000006089;154 731 512;B01;3;7;0;2;2;15;0;
9350;202000006089;154 731 513;A01;3;99;0;2;1;26;3;
9351;202000006090;154 731 510;A01;1;7;0;2;5;9;1;
9352;202000006090;154 731 511;B01;2;1;0;2;4;1;5;
9353;202000006091;154 731 508;B01;2;1;0;2;1;1;5;
9354;202000006091;154 731 509;A01;1;7;0;2;5;15;1;
9355;202000006092;154 731 507;A01;0;50;0;1;8;26;3;
9356;202000006093;154 731 505;A01;1;10;0;1;3;26;1;
9357;202000006094;154 731 504;A01;2;34;0;1;1;1;1;
9358;202000006095;154 731 502;A01;1;13;16;2;3;9;1;
9359;202000006095;154 731 503;B01;3;7;0;2;7;9;1;
9360;202000006096;154 731 501;A01;2;7;2;0;1;1;1;
9361;202000006097;154 731 499;B01;3;7;0;2;3;1;1;
9362;202000006097;154 731 500;A01;3;7;0;2;1;11;1;
9363;202000006098;154 731 497;B01;1;7;0;2;2;15;1;
9364;202000006098;154 731 498;A01;2;33;4;2;1;5;1;
9365;202000006099;154 731 496;A01;0;7;0;1;7;1;1;
9366;202000006100;154 731 495;A01;2;15;16;0;2;14;1;
9367;202000006101;154 731 493;B01;1;7;5;2;3;1;1;
9368;202000006101;154 731 494;A01;2;7;13;2;8;13;1;
9369;202000006102;154 731 492;A01;2;7;2;0;1;1;0;
9370;202000006103;154 731 491;A01;2;2;0;0;0;9;1;
9371;202000006104;154 731 489;A01;2;32;0;2;3;1;0;
9372;202000006104;154 731 490;B01;1;31;0;2;3;1;0;
9373;202000006105;154 731 488;A01;1;2;12;0;1;0;1;
9374;202000006106;154 731 487;A01;1;7;2;0;0;2;0;
9375;202000006107;154 731 486;A01;1;7;13;0;8;1;1;
9376;202000006108;154 731 484;A01;2;7;0;2;1;1;1;
9377;202000006108;154 731 485;B01;1;7;0;2;1;1;1;
9378;202000006109;154 731 483;A01;2;7;0;1;2;1;1;
9379;202000006110;154 731 482;A01;2;10;0;1;2;1;1;
9380;202000006111;154 731 480;B01;2;7;0;9;4;23;6;
9381;202000006111;154 731 481;A01;2;1;1;0;1;1;5;
9382;202000006112;154 731 478;A01;0;7;0;2;2;15;1;
9383;202000006112;154 731 479;B01;0;7;0;2;1;1;1;
9384;202000006114;154 731 474;B01;1;7;0;2;1;1;1;
9385;202000006114;154 731 475;A01;2;7;0;2;1;15;1;
9386;202000006115;154 731 470;A01;1;7;0;2;1;15;1;
9387;202000006115;154 731 471;B01;2;7;0;2;2;21;1;
9388;202000006116;154 731 469;A01;2;33;0;6;1;1;1;
9389;202000006117;154 731 468;A01;1;7;6;0;1;1;1;
9390;202000006118;154 731 466;A01;1;7;0;2;1;17;1;
9391;202000006118;154 731 467;B01;2;7;0;2;1;1;1;
9392;202000006119;154 731 464;A01;1;7;5;0;1;1;0;
9393;202000006120;154 731 463;A01;1;7;13;0;2;1;1;
9394;202000006121;154 731 461;A01;1;7;0;2;8;9;1;
9395;202000006121;154 731 462;B01;1;31;0;2;1;17;1;
9396;202000006122;154 731 458;B01;1;7;1;0;2;26;1;
9397;202000006122;154 731 459;C01;1;7;1;0;1;26;1;
9398;202000006122;154 731 460;A01;1;7;0;0;4;24;1;
9399;202000006123;154 731 456;B01;2;7;0;2;3;2;1;
9400;202000006123;154 731 457;A01;2;33;0;2;2;3;1;
9401;202000006124;154 731 454;A01;1;10;0;0;6;2;1;
9402;202000006124;154 731 455;B01;1;7;0;2;3;14;1;
9403;202000006125;154 731 452;B01;2;7;0;2;3;1;1;
9404;202000006125;154 731 453;A01;2;2;0;2;0;19;1;
9405;202000006126;154 731 451;A01;3;7;0;1;2;17;1;
9406;202000006127;154 731 449;B01;1;7;0;2;7;9;1;
9407;202000006127;154 731 450;A01;1;7;0;2;1;2;1;
9408;202000006130;154 731 443;A01;2;10;13;0;0;1;1;
9409;202000006131;154 731 441;A01;1;7;0;2;8;13;1;
9410;202000006131;154 731 442;B01;2;33;0;2;3;13;1;
9411;202000006132;154 731 439;B01;1;10;0;2;3;15;1;
9412;202000006132;154 731 440;A01;1;33;0;2;7;17;1;
9413;202000006133;154 731 437;A01;2;7;0;2;6;23;1;
9414;202000006133;154 731 438;B01;1;7;14;2;1;16;1;
9415;202000006134;154 731 435;B01;2;7;0;2;3;1;1;
9416;202000006134;154 731 436;A01;1;7;0;2;2;13;1;
9417;202000006135;154 731 434;A01;3;7;17;0;1;1;1;
9418;202000006136;154 731 432;B01;2;7;0;2;1;5;0;
9419;202000006136;154 731 433;A01;1;7;0;2;1;18;0;
9420;202000006137;154 731 429;B01;2;10;0;2;6;14;1;
9421;202000006137;154 731 430;A01;1;31;0;2;8;13;1;
9422;202000006138;154 731 428;A01;0;33;0;0;0;0;1;
9423;202000006139;154 731 426;B01;1;7;0;0;3;15;1;
9424;202000006139;154 731 427;A01;1;7;0;0;1;17;1;
9425;202000006140;154 731 425;A01;0;33;0;0;0;0;1;
9426;202000006141;154 731 424;A01;2;33;13;0;1;17;1;
9427;202000006142;154 731 422;B01;3;31;0;9;3;13;1;
9428;202000006142;154 731 423;A01;3;1;0;2;2;1;5;
9429;202000006143;154 731 419;C01;2;7;0;2;1;2;1;
9430;202000006143;154 731 420;B01;2;7;0;2;4;1;1;
9431;202000006143;154 731 421;A01;2;7;0;2;4;1;1;
9432;202000006144;154 731 418;A01;1;31;4;0;3;13;1;
9433;202000006145;154 731 417;A01;2;7;3;0;1;2;1;
9434;202000006147;154 731 413;B01;3;7;0;2;3;1;1;
9435;202000006147;154 731 414;A01;3;7;0;2;5;4;1;
9436;202000006148;154 731 411;B01;2;7;0;2;4;1;1;
9437;202000006148;154 731 412;A01;2;33;0;2;1;2;1;
9438;202000006149;154 731 409;A01;2;7;0;2;1;2;1;
9439;202000006149;154 731 410;B01;2;7;0;2;4;0;1;
9440;202000006150;154 731 408;A01;2;7;0;6;1;1;1;
9441;202000006152;154 731 403;B01;1;33;0;2;3;1;1;
9442;202000006152;154 731 404;A01;1;7;0;2;5;14;1;
9443;202000006155;154 731 399;A01;1;17;0;9;6;19;1;
9444;202000006155;154 731 400;B01;1;10;0;2;3;1;1;
9445;202000006156;154 731 398;A01;3;2;0;0;8;1;6;
9446;202000006157;154 731 397;A01;1;7;0;1;3;0;0;
9447;202000006158;154 731 395;B01;2;30;0;0;7;2;1;
9448;202000006158;154 731 396;A01;2;33;0;9;1;2;1;
9449;202000006159;154 731 393;B01;1;7;0;2;3;1;1;
9450;202000006159;154 731 394;A01;1;33;0;2;1;17;1;
9451;202000006160;154 731 391;A01;1;7;1;0;2;2;1;
9452;202000006160;154 731 392;B01;1;7;4;0;2;1;1;
9453;202000006162;154 731 388;A01;2;7;0;1;2;16;1;
9454;202000006163;154 731 386;A01;3;1;0;9;0;1;5;
9455;202000006163;154 731 387;B01;3;1;0;9;6;2;5;
9456;202000006164;154 731 385;A01;2;33;13;0;3;14;1;
9457;202000006165;154 731 383;A01;2;1;0;2;2;1;5;
9458;202000006165;154 731 384;B01;1;21;0;2;1;19;1;
9459;202000006166;154 731 382;A01;1;7;3;0;9;1;1;
9460;202000006167;154 731 381;A01;2;7;6;0;2;0;0;
9461;202000006170;154 731 375;B01;3;2;0;2;1;1;1;
9462;202000006170;154 731 376;A01;3;7;0;2;3;10;1;
9463;202000006171;154 731 372;A01;1;7;3;0;2;1;1;
9464;202000006173;154 731 368;A01;1;10;0;2;4;1;1;
9465;202000006173;154 731 369;B01;1;7;0;2;1;2;1;
9466;202000006175;154 731 365;A01;1;31;13;0;1;13;1;
9467;202000006176;154 731 363;A01;1;7;0;2;3;15;1;
9468;202000006176;154 731 364;B01;1;2;0;2;1;1;1;
9469;202000006177;154 731 360;A01;1;7;13;0;2;0;1;
9470;202000006178;154 731 358;B01;3;7;0;2;3;1;1;
9471;202000006178;154 731 359;A01;3;2;0;2;3;1;1;
9472;202000006179;154 731 356;B01;2;7;0;2;3;15;2;
9473;202000006179;154 731 357;A01;2;33;0;2;1;17;1;
9474;202000006180;154 731 353;A01;2;33;0;2;3;3;1;
9475;202000006180;154 731 354;B01;2;7;0;2;6;2;1;
9476;202000006180;154 731 355;C01;2;7;0;2;7;1;1;
9477;202000006181;154 731 352;A01;2;33;13;0;1;14;1;
9478;202000006182;154 731 351;A01;1;7;16;0;9;1;1;
9479;202000006183;154 731 350;A01;3;7;13;6;6;1;1;
9480;202000006184;154 731 348;A01;1;7;0;2;1;13;1;
9481;202000006184;154 731 349;B01;2;7;0;2;1;1;1;
9482;202000006185;154 731 346;A01;2;7;0;2;2;21;1;
9483;202000006185;154 731 347;B01;1;10;0;2;1;1;1;
9484;202000006186;154 731 345;A01;0;7;13;0;9;2;1;
9485;202000006187;154 731 343;B01;1;33;0;2;1;1;1;
9486;202000006187;154 731 344;A01;1;7;0;2;3;19;1;
9487;202000006188;154 731 342;A01;1;7;6;0;7;2;6;
9488;202000006189;154 731 341;A01;1;10;3;0;1;13;1;
9489;202000006191;154 731 338;B01;1;10;13;0;6;2;1;
9490;202000006191;154 731 339;A01;1;10;0;2;2;2;1;
9491;202000006192;154 731 334;B01;2;7;0;2;6;1;1;
9492;202000006192;154 731 335;D01;2;7;0;2;6;1;1;
9493;202000006192;154 731 336;C01;2;7;0;2;4;1;1;
9494;202000006192;154 731 337;A01;2;10;0;2;2;1;1;
9495;202000006193;154 731 332;B01;1;33;0;2;1;1;1;
9496;202000006193;154 731 333;A01;2;7;0;2;2;15;2;
9497;202000006194;154 731 330;B01;1;17;0;0;6;0;0;
9498;202000006194;154 731 331;A01;2;7;5;0;2;0;0;
9499;202000006195;154 731 329;A01;3;7;2;0;2;1;1;
9500;202000006196;154 731 327;A01;2;15;0;2;1;1;1;
9501;202000006196;154 731 328;B01;2;7;0;2;1;26;1;
9502;202000006197;154 731 325;B01;0;10;0;0;5;23;0;
9503;202000006197;154 731 326;A01;2;7;1;0;2;1;0;
9504;202000006198;154 731 324;A01;3;33;0;0;1;1;1;
9505;202000006199;154 731 320;B01;1;32;0;2;3;1;1;
9506;202000006199;154 731 321;A01;2;7;0;2;3;15;1;
9507;202000006200;154 731 319;A01;1;13;2;0;3;13;1;
9508;202000006201;154 731 318;A01;1;31;13;0;9;1;1;
9509;202000006202;154 731 317;A01;2;7;0;1;2;1;0;
9510;202000006203;154 731 315;B01;2;10;0;2;1;1;0;
9511;202000006203;154 731 316;A01;1;10;0;2;1;1;0;
9512;202000006204;154 731 313;A01;3;2;0;2;8;26;1;
9513;202000006204;154 731 314;B01;0;7;0;2;3;1;1;
9514;202000006205;154 731 311;A01;2;30;0;0;0;0;0;
9515;202000006206;154 731 310;A01;2;33;13;0;0;1;1;
9516;202000006207;154 731 308;B01;1;7;0;2;1;1;1;
9517;202000006207;154 731 309;A01;2;7;0;2;3;16;1;
9518;202000006208;154 731 307;A01;2;33;0;0;0;0;1;
9519;202000006209;154 731 306;A01;1;7;0;1;1;26;1;
9520;202000006211;154 731 303;B01;2;7;0;2;1;1;1;
9521;202000006211;154 731 304;A01;2;7;0;2;0;2;1;
9522;202000006213;154 731 299;A01;2;7;0;2;1;26;1;
9523;202000006213;154 731 300;B01;2;7;0;2;4;26;1;
9524;202000006214;154 731 297;A01;2;7;0;2;2;1;1;
9525;202000006214;154 731 298;B01;2;7;3;2;6;1;1;
9526;202000006215;154 731 295;A01;1;10;0;1;2;1;1;
9527;202000006216;154 731 293;B01;3;10;0;2;2;1;1;
9528;202000006216;154 731 294;A01;3;33;0;2;1;14;1;
9529;202000006217;154 731 291;B01;3;2;0;2;5;1;0;
9530;202000006217;154 731 292;A01;3;7;0;2;3;9;0;
9531;202000006218;154 731 289;A01;0;50;0;2;1;5;3;
9532;202000006218;154 731 290;B01;1;7;0;9;1;23;0;
9533;202000006219;154 731 287;A01;3;7;0;2;1;1;1;
9534;202000006219;154 731 288;B01;3;7;0;2;4;1;1;
9535;202000006220;154 731 285;A01;1;7;0;2;1;1;1;
9536;202000006220;154 731 286;B01;2;7;0;2;3;9;1;
9537;202000006221;154 731 283;Z01;0;7;0;2;1;1;0;
9538;202000006221;154 731 284;B01;0;7;0;2;8;1;1;
9539;202000006222;154 731 282;Z01;2;7;0;1;0;15;1;
9540;202000006223;154 731 280;A01;3;33;0;2;1;17;1;
9541;202000006223;154 731 281;B01;3;7;0;2;8;15;1;
9542;202000006224;154 731 278;A01;1;32;0;2;2;2;1;
9543;202000006224;154 731 279;B01;1;7;0;2;6;23;1;
9544;202000006225;154 731 277;A01;3;40;0;1;7;1;3;
9545;202000006226;154 731 275;B01;3;7;15;2;1;1;0;
9546;202000006226;154 731 276;A01;3;7;0;2;2;15;0;
9547;202000006227;154 731 273;A01;1;10;0;2;1;1;1;
9548;202000006227;154 731 274;B01;1;17;0;2;4;23;1;
9549;202000006229;154 731 267;A01;1;37;0;2;4;2;1;1.0
9550;202000006229;154 731 268;B01;1;10;0;2;1;2;1;
9551;202000006230;154 731 265;A01;2;30;0;2;0;9;1;
9552;202000006230;154 731 266;B01;1;7;0;2;0;1;1;
9553;202000006231;154 731 263;B01;2;7;0;2;1;15;1;
9554;202000006231;154 731 264;A01;2;7;0;2;2;13;1;
9555;202000006232;154 731 262;A01;2;10;16;0;2;14;1;
9556;202000006233;154 731 260;A01;1;7;0;2;8;10;1;
9557;202000006233;154 731 261;B01;1;37;0;2;1;1;1;1.0
9558;202000006234;154 731 259;A01;2;7;9;0;1;21;1;
9559;202000006235;154 731 257;A01;1;7;0;2;1;1;1;
9560;202000006235;154 731 258;B01;1;7;0;2;4;1;1;
9561;202000006236;154 731 255;A01;3;10;0;2;2;15;1;
9562;202000006236;154 731 256;B01;3;2;0;2;8;1;1;
9563;202000006237;154 731 253;A01;0;50;0;2;1;19;3;
9564;202000006237;154 731 254;B01;0;7;0;0;0;0;1;
9565;202000006238;154 731 251;B01;0;1;0;2;4;1;5;
9566;202000006238;154 731 252;A01;0;7;0;2;1;2;1;
9567;202000006239;154 731 250;A01;1;7;0;1;1;1;1;
9568;202000006240;154 731 249;A01;1;7;0;0;0;1;1;
9569;202000006241;154 731 247;A01;2;7;0;2;2;1;1;
9570;202000006241;154 731 248;B01;1;7;0;2;2;23;1;
9571;202000006242;154 731 245;A01;2;7;0;2;3;19;1;
9572;202000006242;154 731 246;B01;2;33;0;2;2;1;1;
9573;202000006243;154 731 242;B01;2;30;0;2;5;17;1;
9574;202000006243;154 731 243;A01;2;7;0;2;3;11;1;
9575;202000006243;154 731 244;C01;2;7;0;2;4;23;1;
9576;202000006244;154 731 240;A01;0;7;0;2;1;1;1;
9577;202000006244;154 731 241;B01;3;7;0;2;8;1;1;
9578;202000006245;154 731 238;A01;3;7;0;2;1;2;1;
9579;202000006245;154 731 239;B01;3;1;0;2;8;19;5;
9580;202000006246;154 731 237;A01;3;7;0;1;2;15;1;
9581;202000006247;154 731 236;A01;0;40;0;1;0;26;3;
9582;202000006249;154 731 233;A01;2;7;13;0;1;1;1;
9583;202000006250;154 731 232;A01;1;7;0;1;2;1;1;
9584;202000006251;154 731 229;A01;1;13;0;2;7;1;1;
9585;202000006251;154 731 230;C01;2;7;0;2;0;1;1;
9586;202000006251;154 731 231;B01;1;7;0;2;1;0;1;
9587;202000006252;154 731 228;A01;1;33;0;0;0;1;1;
9588;202000006253;154 731 226;B01;1;7;0;2;7;1;1;
9589;202000006253;154 731 227;Z01;2;7;0;2;1;1;0;
9590;202000006254;154 731 225;A01;1;7;0;1;3;15;2;
9591;202000006255;154 731 223;A01;0;7;0;2;3;13;1;
9592;202000006255;154 731 224;B01;3;33;0;2;7;0;1;
9593;202000006256;154 731 221;A01;1;7;0;2;8;19;1;
9594;202000006256;154 731 222;B01;1;10;0;2;1;1;1;
9595;202000006257;154 731 219;A01;1;33;0;2;2;2;1;
9596;202000006257;154 731 220;B01;1;7;0;2;6;23;1;
9597;202000006258;154 731 217;B01;1;7;0;2;2;1;1;
9598;202000006258;154 731 218;A01;0;7;0;2;3;16;1;
9599;202000006259;154 731 214;C01;1;7;0;2;1;1;2;
9600;202000006259;154 731 215;A01;1;34;0;2;1;11;1;
9601;202000006259;154 731 216;B01;1;7;0;2;5;2;1;
9602;202000006260;154 731 213;Z01;3;10;0;1;1;1;1;
9603;202000006261;154 731 212;A01;1;7;0;1;2;1;1;
9604;202000006262;154 731 210;A01;3;7;0;2;2;1;1;
9605;202000006262;154 731 211;B01;3;14;0;2;8;1;6;
9606;202000006263;154 731 208;A01;3;30;0;2;5;1;1;
9607;202000006263;154 731 209;Z01;3;7;0;2;0;1;0;
9608;202000006264;154 731 207;A01;1;7;0;1;1;1;1;
9609;202000006265;154 731 205;B01;2;1;0;2;3;1;5;
9610;202000006265;154 731 206;A01;2;1;0;2;2;1;5;
9611;202000006266;154 731 202;Z01;1;7;0;2;2;2;0;
9612;202000006266;154 731 203;B01;1;10;0;2;3;2;1;
9613;202000006266;154 731 204;A01;1;30;0;2;3;2;1;
9614;202000006267;154 731 199;A01;1;30;0;2;1;15;1;
9615;202000006267;154 731 200;B01;2;7;0;2;3;1;1;
9616;202000006267;154 731 201;C01;2;7;0;2;5;23;1;
9617;202000006268;154 731 198;A01;2;80;0;1;1;1;3;
9618;202000006269;154 731 197;A01;2;10;1;1;4;4;1;
9619;202000006270;154 731 196;A01;1;32;0;0;8;15;1;
9620;202000006271;154 731 195;A01;1;1;0;0;8;1;5;
9621;202000006272;154 731 193;A01;3;7;0;2;2;9;1;
9622;202000006272;154 731 194;B01;3;50;0;2;1;25;3;
9623;202000006273;154 731 191;B01;3;7;6;2;4;0;1;
9624;202000006273;154 731 192;A01;3;7;6;2;2;26;2;
9625;202000006274;154 731 189;A01;1;7;0;2;2;15;0;
9626;202000006274;154 731 190;B01;0;33;0;2;3;2;0;
9627;202000006275;154 731 187;A01;2;32;0;1;3;26;1;
9628;202000006275;154 731 188;B01;1;10;0;1;3;26;1;
9629;202000006276;154 731 185;A01;1;32;0;2;1;1;1;
9630;202000006276;154 731 186;B01;1;7;14;0;4;13;1;
9631;202000006278;154 731 181;B01;2;7;0;2;0;0;0;
9632;202000006278;154 731 182;A01;1;7;0;2;3;1;1;
9633;202000006280;154 731 177;B01;3;10;0;2;4;2;1;
9634;202000006280;154 731 178;A01;3;30;0;2;1;2;1;
9635;202000006281;154 731 175;B01;1;7;0;0;8;0;1;
9636;202000006281;154 731 176;A01;1;2;0;2;8;1;1;
9637;202000006282;154 731 173;B01;0;31;4;2;0;1;0;
9638;202000006282;154 731 174;A01;0;7;0;2;0;14;0;
9639;202000006283;154 731 171;A01;2;7;0;2;6;15;1;
9640;202000006283;154 731 172;B01;0;32;0;2;1;2;1;
9641;202000006284;154 731 170;A01;-1;7;16;0;3;1;1;
9642;202000006285;154 731 168;A01;3;13;5;2;2;21;1;
9643;202000006285;154 731 169;B01;0;7;0;2;3;21;1;
9644;202000006286;154 731 166;B01;0;33;0;0;0;0;0;
9645;202000006286;154 731 167;A01;3;7;0;2;2;16;0;
9646;202000006287;154 731 164;A01;3;37;0;9;2;16;1;1.0
9647;202000006287;154 731 165;B01;3;1;0;2;4;1;5;
9648;202000006288;154 731 162;A01;2;36;0;2;2;15;0;
9649;202000006288;154 731 163;B01;1;7;0;2;1;1;0;
9650;202000006289;154 731 161;A01;3;99;6;0;0;0;0;
9651;202000006290;154 731 159;A01;1;1;0;2;3;1;5;
9652;202000006290;154 731 160;B01;1;7;0;2;2;15;0;
9653;202000006291;154 731 157;A01;0;2;0;2;1;13;1;
9654;202000006291;154 731 158;B01;0;7;0;2;3;14;1;
9655;202000006293;154 731 154;A01;1;7;0;2;3;1;1;
9656;202000006293;154 731 155;B01;2;7;0;2;3;1;0;
9657;202000006294;154 731 152;A01;2;7;0;2;1;1;1;
9658;202000006294;154 731 153;B01;2;17;0;0;4;1;1;
9659;202000006295;154 731 151;A01;1;7;0;1;1;16;1;
9660;202000006296;154 731 150;A01;2;1;0;0;8;1;-1;
9661;202000006297;154 731 148;B01;1;1;0;0;6;2;5;
9662;202000006297;154 731 149;A01;1;10;0;2;2;2;0;
9663;202000006298;154 731 146;B01;3;7;0;2;3;14;1;
9664;202000006298;154 731 147;A01;3;7;0;2;3;13;1;
9665;202000006299;154 731 144;B01;2;33;0;2;7;1;0;
9666;202000006299;154 731 145;A01;1;7;0;2;2;15;0;
9667;202000006300;154 731 142;A01;1;7;0;2;3;1;1;
9668;202000006300;154 731 143;B01;2;2;0;2;1;1;1;
9669;202000006301;154 731 139;C01;2;2;0;2;1;1;0;
9670;202000006301;154 731 140;A01;1;7;0;2;6;15;0;
9671;202000006301;154 731 141;B01;1;7;0;2;2;2;0;
9672;202000006302;154 731 138;A01;2;7;13;0;0;1;1;
9673;202000006303;154 731 137;A01;1;33;13;0;1;14;1;
9674;202000006304;154 731 135;A01;3;2;0;2;1;1;1;
9675;202000006304;154 731 136;B01;3;7;0;2;3;1;1;
9676;202000006305;154 731 133;A01;1;7;0;2;2;15;1;
9677;202000006305;154 731 134;B01;2;31;0;2;1;17;1;
9678;202000006306;154 731 131;A01;2;7;0;9;2;13;1;
9679;202000006306;154 731 132;B01;1;7;0;2;6;1;1;
9680;202000006307;154 731 130;A01;1;7;8;0;1;13;1;
9681;202000006308;154 731 125;C01;2;7;0;0;2;1;1;
9682;202000006308;154 731 126;B01;2;7;0;0;1;1;1;
9683;202000006308;154 731 127;A01;1;7;0;0;3;1;1;
9684;202000006309;154 731 123;A01;2;60;0;2;1;1;5;
9685;202000006309;154 731 124;B01;1;7;0;0;2;1;1;
9686;202000006310;154 731 120;C01;2;7;0;2;8;1;1;
9687;202000006310;154 731 121;A01;1;7;0;2;3;13;1;
9688;202000006310;154 731 122;B01;2;7;0;2;3;1;1;
9689;202000006311;154 731 118;B01;2;7;0;2;1;1;1;
9690;202000006311;154 731 119;A01;1;33;0;2;1;13;1;
9691;202000006312;154 731 116;B01;2;2;0;0;4;9;0;
9692;202000006312;154 731 117;A01;2;7;0;2;1;1;0;
9693;202000006313;154 731 115;A01;0;1;0;0;0;1;5;
9694;202000006314;154 731 114;A01;2;7;16;0;3;21;1;
9695;202000006315;154 731 112;B01;1;7;0;2;1;2;1;
9696;202000006315;154 731 113;A01;1;7;0;0;4;2;1;
9697;202000006316;154 731 110;B01;1;7;0;2;2;1;1;
9698;202000006316;154 731 111;A01;1;7;0;2;3;9;1;
9699;202000006317;154 731 109;A01;1;17;6;0;1;13;1;
9700;202000006318;154 731 107;B01;1;7;0;2;3;1;1;
9701;202000006318;154 731 108;A01;1;7;0;2;2;19;1;
9702;202000006319;154 731 105;B01;2;2;0;2;1;1;1;
9703;202000006319;154 731 106;A01;1;7;0;2;2;17;1;
9704;202000006320;154 731 103;B01;3;7;0;2;2;1;1;
9705;202000006320;154 731 104;A01;3;31;0;2;3;15;1;
9706;202000006321;154 731 101;B01;2;7;0;2;3;0;1;
9707;202000006321;154 731 102;A01;1;7;0;2;3;0;1;
9708;202000006322;154 731 099;A01;1;7;0;0;8;9;1;
9709;202000006322;154 731 100;B01;2;7;0;2;1;1;1;
9710;202000006323;154 731 098;A01;3;7;2;0;1;0;1;
9711;202000006324;154 731 097;A01;1;7;2;0;1;0;1;
9712;202000006325;154 731 096;A01;3;7;15;9;1;0;0;
9713;202000006326;154 731 095;A01;3;80;0;0;0;1;3;
9714;202000006327;154 731 094;A01;3;7;0;1;6;20;1;
9715;202000006328;154 731 093;A01;1;7;8;0;1;13;1;
9716;202000006329;154 731 091;A01;1;15;0;9;1;1;1;
9717;202000006329;154 731 092;B01;1;1;0;2;4;15;5;
9718;202000006330;154 731 089;B01;2;33;0;0;4;2;1;
9719;202000006330;154 731 090;A01;2;33;0;2;1;26;1;
9720;202000006331;154 731 088;A01;3;17;0;1;1;1;1;
9721;202000006332;154 731 086;A01;1;7;0;2;1;1;1;
9722;202000006332;154 731 087;B01;2;7;0;2;1;1;0;
9723;202000006333;154 731 084;B01;1;14;0;2;3;1;1;
9724;202000006333;154 731 085;A01;2;7;0;2;3;13;1;
9725;202000006334;154 731 081;B01;3;33;0;2;1;2;1;
9726;202000006334;154 731 082;C01;3;20;0;9;6;1;1;
9727;202000006334;154 731 083;A01;3;7;0;0;4;2;1;
9728;202000006335;154 731 079;B01;0;7;0;2;3;26;6;
9729;202000006335;154 731 080;A01;0;7;0;2;3;26;6;
9730;202000006336;154 731 078;A01;1;33;0;0;0;1;1;
9731;202000006337;154 731 077;A01;1;7;2;0;3;1;1;
9732;202000006339;154 731 068;A01;1;7;0;2;1;1;1;
9733;202000006339;154 731 069;C01;2;7;0;2;8;1;1;
9734;202000006339;154 731 070;B01;1;7;0;2;4;1;1;