;Num_Acc;id_vehicule;num_veh;senc;catv;obs;obsm;choc;manv;motor;occutc
9735;202000006339;154 731 071;D01;1;10;0;2;3;23;1;
9736;202000006340;154 731 066;A01;1;10;0;2;2;0;0;
9737;202000006340;154 731 067;B01;1;17;0;0;6;0;0;
9738;202000006341;154 731 064;A01;0;7;0;9;2;23;0;
9739;202000006341;154 731 065;B01;0;80;0;2;1;1;3;
9740;202000006342;154 731 063;A01;1;7;2;0;3;1;1;
9741;202000006343;154 731 062;A01;1;7;0;1;2;1;1;
9742;202000006344;154 731 060;B01;1;1;0;2;2;1;5;
9743;202000006344;154 731 061;A01;1;7;0;2;6;9;6;
9744;202000006346;154 731 056;A01;3;7;0;2;2;1;0;
9745;202000006346;154 731 057;B01;3;7;0;2;3;9;0;
9746;202000006347;154 731 054;B01;1;31;0;2;6;1;1;
9747;202000006347;154 731 055;A01;3;7;0;2;1;1;0;
9748;202000006348;154 731 053;A01;1;7;13;0;0;26;1;
9749;202000006349;154 731 051;B01;1;32;0;2;1;0;1;
9750;202000006349;154 731 052;A01;2;32;0;2;2;13;1;
9751;202000006350;154 731 050;A01;2;7;0;1;3;13;1;
9752;202000006352;154 731 047;A01;0;7;0;1;2;1;1;
9753;202000006353;154 731 046;A01;3;3;16;0;9;1;1;
9754;202000006354;154 731 044;B01;1;33;0;2;8;1;1;
9755;202000006354;154 731 045;A01;2;7;0;2;1;9;2;
9756;202000006355;154 731 042;A01;2;1;0;2;3;16;5;
9757;202000006355;154 731 043;B01;1;7;0;2;3;1;1;
9758;202000006356;154 731 040;A01;1;30;0;2;1;1;1;
9759;202000006356;154 731 041;B01;1;7;0;2;4;20;1;
9760;202000006357;154 731 038;B01;1;1;0;2;2;1;5;
9761;202000006357;154 731 039;A01;1;7;0;2;3;9;1;
9762;202000006358;154 731 036;A01;1;7;0;2;4;23;1;
9763;202000006358;154 731 037;B01;1;10;0;2;1;2;1;
9764;202000006359;154 731 034;B01;2;7;0;2;0;0;1;
9765;202000006359;154 731 035;A01;2;14;3;2;9;0;1;
9766;202000006360;154 731 033;A01;1;7;13;0;1;0;1;
9767;202000006361;154 731 030;C01;1;7;0;2;1;1;1;
9768;202000006361;154 731 031;B01;1;7;0;2;1;1;1;
9769;202000006361;154 731 032;A01;2;7;0;2;1;21;1;
9770;202000006362;154 731 028;A01;3;7;0;2;8;19;1;
9771;202000006362;154 731 029;B01;1;7;0;2;2;0;1;
9772;202000006363;154 731 027;A01;-1;7;0;1;3;15;1;
9773;202000006364;154 731 025;B01;0;2;0;2;8;1;1;
9774;202000006364;154 731 026;A01;0;10;0;2;3;15;1;
9775;202000006365;154 731 023;B01;1;7;0;2;1;15;1;
9776;202000006365;154 731 024;A01;2;7;0;2;3;26;1;
9777;202000006367;154 731 021;A01;1;1;0;0;0;0;6;
9778;202000006369;154 731 018;A01;2;7;0;2;1;15;1;
9779;202000006369;154 731 019;B01;1;7;0;2;1;1;1;
9780;202000006370;154 731 016;A01;3;7;0;2;2;5;1;
9781;202000006370;154 731 017;B01;3;7;0;2;2;1;1;
9782;202000006371;154 731 014;B01;1;7;0;2;4;23;1;
9783;202000006371;154 731 015;A01;1;7;14;0;1;1;1;
9784;202000006372;154 731 013;A01;1;10;0;1;1;1;1;
9785;202000006373;154 731 012;A01;3;20;0;1;0;1;1;
9786;202000006374;154 731 010;B01;1;7;0;2;2;1;1;
9787;202000006374;154 731 011;A01;0;10;0;2;3;15;1;
9788;202000006375;154 731 009;A01;1;99;13;0;1;26;0;
9789;202000006376;154 731 007;B01;1;1;0;2;1;1;6;
9790;202000006376;154 731 008;A01;1;7;0;2;4;1;6;
9791;202000006377;154 731 005;B01;2;7;0;2;4;23;1;
9792;202000006377;154 731 006;A01;2;30;0;2;1;1;1;
9793;202000006378;154 731 003;B01;2;34;0;2;1;17;1;
9794;202000006378;154 731 004;A01;2;7;0;2;8;10;1;
9795;202000006379;154 731 002;A01;2;30;0;9;0;1;1;
9796;202000006380;154 731 000;B01;1;30;0;2;8;1;1;
9797;202000006380;154 731 001;A01;2;33;0;2;1;13;1;
9798;202000006384;154 730 993;B01;1;7;0;2;1;1;1;
9799;202000006384;154 730 994;A01;1;30;0;2;4;16;1;
9800;202000006385;154 730 991;B01;3;30;0;2;7;1;1;
9801;202000006385;154 730 992;A01;3;30;0;2;1;1;1;
9802;202000006386;154 730 990;A01;1;7;0;1;2;1;1;
9803;202000006387;154 730 988;A01;2;30;0;2;1;16;1;
9804;202000006387;154 730 989;B01;2;7;0;2;7;15;1;
9805;202000006389;154 730 984;B01;1;30;0;2;4;13;1;
9806;202000006389;154 730 985;A01;1;34;0;2;1;1;1;
9807;202000006390;154 730 983;A01;1;30;0;1;0;1;1;
9808;202000006391;154 730 982;A01;1;30;0;1;1;3;1;
9809;202000006392;154 730 979;B01;1;7;0;2;1;1;1;
9810;202000006392;154 730 980;A01;1;30;0;2;1;17;1;
9811;202000006392;154 730 981;C01;2;7;0;2;4;1;1;
9812;202000006393;154 730 978;A01;2;30;0;0;0;21;1;
9813;202000006394;154 730 977;A01;3;30;15;0;0;1;1;
9814;202000006396;154 730 973;B01;1;2;0;2;1;1;1;
9815;202000006396;154 730 974;A01;1;7;0;2;3;9;1;
9816;202000006397;154 730 972;A01;3;7;9;0;1;26;1;
9817;202000006398;154 730 970;A01;3;7;0;2;8;1;1;
9818;202000006398;154 730 971;B01;3;7;0;2;1;1;1;
9819;202000006399;154 730 968;A01;1;33;0;2;1;13;1;
9820;202000006399;154 730 969;B01;2;37;0;2;3;1;1;1.0
9821;202000006400;154 730 966;B01;1;32;0;2;1;1;1;
9822;202000006400;154 730 967;A01;2;7;0;2;3;10;1;
9823;202000006401;154 730 964;B01;1;30;0;2;1;1;1;
9824;202000006401;154 730 965;A01;1;30;0;2;8;10;1;
9825;202000006402;154 730 962;B01;2;1;0;2;1;3;0;
9826;202000006402;154 730 963;A01;1;33;0;2;1;3;1;
9827;202000006403;154 730 960;B01;1;7;0;2;3;9;1;
9828;202000006403;154 730 961;A01;2;30;0;2;1;1;1;
9829;202000006404;154 730 959;A01;1;30;0;1;1;1;1;
9830;202000006405;154 730 957;A01;2;7;0;2;8;10;1;
9831;202000006405;154 730 958;B01;2;30;0;2;1;1;1;
9832;202000006406;154 730 956;A01;3;7;0;1;3;1;1;
9833;202000006407;154 730 954;B01;1;7;0;1;4;23;1;
9834;202000006407;154 730 955;A01;1;7;1;2;1;1;1;
9835;202000006408;154 730 953;A01;3;7;0;1;1;26;1;
9836;202000006409;154 730 951;B01;2;30;0;2;4;1;1;
9837;202000006409;154 730 952;A01;0;30;0;2;1;1;1;
9838;202000006410;154 730 949;B01;0;1;1;0;7;19;0;
9839;202000006410;154 730 950;A01;1;7;1;0;1;1;1;
9840;202000006411;154 730 948;A01;3;33;4;0;1;26;1;
9841;202000006412;154 730 947;A01;2;7;0;1;7;1;1;
9842;202000006413;154 730 945;A01;2;7;0;2;1;1;1;
9843;202000006413;154 730 946;B01;2;7;0;2;4;1;1;
9844;202000006414;154 730 942;A01;1;3;0;2;5;15;1;
9845;202000006414;154 730 943;B01;1;7;0;2;1;26;0;
9846;202000006416;154 730 939;A01;3;7;0;0;5;16;1;
9847;202000006416;154 730 940;B01;3;1;0;2;8;1;5;
9848;202000006418;154 730 937;A01;0;7;0;1;1;1;0;
9849;202000006419;154 730 935;A01;1;7;0;2;1;21;1;
9850;202000006419;154 730 936;B01;2;7;0;2;1;1;1;
9851;202000006420;154 730 933;A01;1;7;0;2;6;26;1;
9852;202000006420;154 730 934;B01;1;7;1;0;2;21;1;
9853;202000006421;154 730 931;B01;3;1;0;2;8;19;0;
9854;202000006421;154 730 932;A01;3;10;0;2;1;1;0;
9855;202000006422;154 730 929;B01;2;30;0;2;1;17;1;
9856;202000006422;154 730 930;A01;2;7;0;2;8;15;1;
9857;202000006423;154 730 927;A01;2;7;0;2;2;15;1;
9858;202000006423;154 730 928;B01;2;33;0;2;1;1;1;
9859;202000006424;154 730 925;B01;1;30;0;2;1;1;1;
9860;202000006424;154 730 926;A01;1;7;0;2;8;15;1;
9861;202000006425;154 730 923;A01;1;30;0;2;1;15;1;
9862;202000006425;154 730 924;B01;1;7;0;2;8;1;1;
9863;202000006426;154 730 922;A01;1;30;0;1;1;13;1;
9864;202000006427;154 730 920;B01;2;7;0;2;8;17;1;
9865;202000006427;154 730 921;A01;2;30;0;2;1;1;1;
9866;202000006428;154 730 918;A01;1;32;0;2;1;1;1;
9867;202000006428;154 730 919;B01;1;1;0;2;8;19;5;
9868;202000006429;154 730 915;B01;3;1;0;0;0;0;5;
9869;202000006429;154 730 916;A01;3;1;0;0;1;2;5;
9870;202000006430;154 730 914;A01;3;32;0;1;1;1;1;
9871;202000006431;154 730 913;A01;2;7;0;0;0;0;1;
9872;202000006432;154 730 912;A01;1;7;0;1;1;1;2;
9873;202000006433;154 730 911;A01;2;7;0;1;7;1;1;
9874;202000006435;154 730 908;B01;2;1;0;2;4;1;5;
9875;202000006435;154 730 909;A01;2;7;0;9;1;15;1;
9876;202000006436;154 730 907;A01;3;10;0;1;5;16;1;
9877;202000006438;154 730 903;A01;1;7;0;2;2;13;1;
9878;202000006438;154 730 904;B01;2;7;0;0;3;1;1;
9879;202000006439;154 730 901;B01;1;7;0;2;1;1;1;
9880;202000006439;154 730 902;A01;1;7;0;2;3;19;1;
9881;202000006440;154 730 899;A01;0;33;0;0;6;15;1;
9882;202000006440;154 730 900;B01;0;33;0;2;1;15;1;
9883;202000006441;154 730 898;A01;1;99;0;1;1;1;3;
9884;202000006442;154 730 896;A01;2;30;0;2;1;17;1;
9885;202000006442;154 730 897;B01;2;7;0;2;8;1;1;
9886;202000006443;154 730 895;A01;1;2;5;9;6;13;6;
9887;202000006444;154 730 894;A01;3;43;14;1;1;17;6;
9888;202000006445;154 730 893;A01;2;32;14;0;1;1;1;
9889;202000006446;154 730 891;A01;2;32;0;2;1;1;1;
9890;202000006446;154 730 892;B01;1;2;0;2;1;1;1;
9891;202000006447;154 730 890;A01;2;30;16;0;1;1;1;
9892;202000006449;154 730 888;A01;1;7;0;1;2;21;1;
9893;202000006450;154 730 886;A01;3;7;0;2;5;15;1;
9894;202000006450;154 730 887;B01;3;34;0;2;1;1;1;
9895;202000006451;154 730 885;Z01;0;7;14;0;1;1;1;
9896;202000006452;154 730 884;A01;1;7;5;0;6;1;6;
9897;202000006453;154 730 882;B01;1;7;0;2;1;1;1;
9898;202000006453;154 730 883;A01;2;7;0;2;1;13;1;
9899;202000006454;154 730 878;C01;1;17;0;2;1;2;1;
9900;202000006454;154 730 879;B01;1;7;0;2;4;23;1;
9901;202000006454;154 730 880;A01;1;7;0;2;4;23;1;
9902;202000006454;154 730 881;D01;1;7;0;2;4;23;1;
9903;202000006455;154 730 876;Z01;0;7;0;2;1;5;1;
9904;202000006455;154 730 877;B01;0;7;0;2;8;1;1;
9905;202000006456;154 730 875;A01;2;7;0;1;4;20;1;
9906;202000006457;154 730 874;A01;1;30;0;0;0;1;1;
9907;202000006458;154 730 873;A01;2;7;1;1;1;13;1;
9908;202000006459;154 730 872;A01;2;7;0;1;2;1;1;
9909;202000006460;154 730 871;A01;1;7;0;1;1;20;1;
9910;202000006461;154 730 869;A01;2;30;0;2;1;17;1;
9911;202000006461;154 730 870;B01;2;7;0;2;3;15;1;
9912;202000006462;154 730 868;A01;2;34;0;0;0;1;1;
9913;202000006465;154 730 863;B01;0;2;0;2;4;15;1;
9914;202000006465;154 730 864;A01;0;7;0;2;2;1;1;
9915;202000006466;154 730 861;B01;0;7;0;2;3;9;1;
9916;202000006466;154 730 862;A01;0;7;0;2;2;1;1;
9917;202000006467;154 730 859;B01;0;7;0;2;6;1;1;
9918;202000006467;154 730 860;A01;0;7;0;2;2;9;1;
9919;202000006468;154 730 857;B01;3;31;0;2;1;1;1;
9920;202000006468;154 730 858;A01;3;13;0;2;3;15;1;
9921;202000006469;154 730 856;B01;3;7;0;1;3;15;0;
9922;202000006470;154 730 855;A01;3;7;0;1;1;18;0;
9923;202000006471;154 730 854;A01;3;7;0;1;0;26;1;
9924;202000006472;154 730 853;A01;3;80;0;0;0;0;3;
9925;202000006473;154 730 852;A01;2;7;0;1;7;13;1;
9926;202000006474;154 730 850;A01;3;2;0;2;1;0;1;
9927;202000006474;154 730 851;B01;3;2;0;2;1;0;1;
9928;202000006475;154 730 849;A01;3;7;0;1;1;1;1;
9929;202000006476;154 730 847;B01;1;7;0;2;4;1;1;
9930;202000006476;154 730 848;A01;1;31;0;2;1;1;1;
9931;202000006477;154 730 845;B01;3;33;0;2;7;1;1;
9932;202000006477;154 730 846;A01;3;7;0;2;7;10;1;
9933;202000006478;154 730 844;A01;2;7;0;1;3;1;1;
9934;202000006479;154 730 843;A01;3;7;12;0;1;14;1;
9935;202000006480;154 730 842;Z01;2;7;0;1;2;26;0;
9936;202000006481;154 730 841;A01;1;7;0;1;1;16;1;
9937;202000006482;154 730 839;B01;1;7;0;2;0;0;0;
9938;202000006482;154 730 840;A01;1;2;0;2;8;19;1;
9939;202000006484;154 730 836;A01;2;2;13;0;2;1;1;
9940;202000006485;154 730 834;A01;2;7;0;2;1;1;1;
9941;202000006485;154 730 835;B01;2;7;0;2;4;2;1;
9942;202000006486;154 730 832;Y01;1;60;0;2;8;19;5;
9943;202000006486;154 730 833;A01;1;7;0;2;2;1;1;
9944;202000006487;154 730 830;A01;2;2;1;2;1;1;1;
9945;202000006487;154 730 831;Z01;1;7;0;2;1;13;1;
9946;202000006488;154 730 829;A01;2;7;0;1;4;4;1;
9947;202000006489;154 730 828;A01;2;7;0;1;1;1;1;
9948;202000006490;154 730 826;B01;0;32;0;2;1;3;1;
9949;202000006490;154 730 827;A01;3;7;0;0;0;0;1;
9950;202000006492;154 730 822;B01;0;41;0;2;1;1;3;
9951;202000006492;154 730 823;A01;0;7;0;2;3;9;3;
9952;202000006493;154 730 820;B01;3;7;0;2;1;1;1;
9953;202000006493;154 730 821;A01;1;7;0;2;3;1;1;
9954;202000006495;154 730 816;B01;3;7;0;2;1;1;0;
9955;202000006495;154 730 817;A01;3;7;0;2;1;1;0;
9956;202000006496;154 730 815;A01;0;30;8;0;1;16;1;
9957;202000006497;154 730 813;A01;1;7;0;2;1;12;1;
9958;202000006497;154 730 814;B01;1;7;0;2;4;1;1;
9959;202000006498;154 730 811;A01;2;7;0;2;2;15;6;
9960;202000006498;154 730 812;B01;1;2;0;2;1;21;6;
9961;202000006499;154 730 809;B01;1;1;0;2;8;13;5;
9962;202000006499;154 730 810;A01;1;7;0;2;2;17;1;
9963;202000006500;154 730 807;A01;1;7;0;2;2;19;0;
9964;202000006500;154 730 808;B01;3;34;0;0;0;0;0;
9965;202000006502;154 730 804;A01;1;33;0;2;1;17;1;
9966;202000006502;154 730 805;B01;1;7;0;2;6;13;0;
9967;202000006503;154 730 803;A01;2;7;0;1;3;15;1;
9968;202000006504;154 730 802;A01;1;33;12;0;8;1;1;
9969;202000006505;154 730 800;A01;2;7;0;2;1;13;1;
9970;202000006505;154 730 801;B01;1;7;0;2;1;1;1;
9971;202000006506;154 730 798;B01;0;7;0;1;6;26;1;
9972;202000006506;154 730 799;A01;2;7;1;0;2;2;1;
9973;202000006507;154 730 796;B01;0;7;0;2;1;1;1;
9974;202000006507;154 730 797;A01;3;7;0;2;1;13;1;
9975;202000006508;154 730 794;B01;2;7;0;2;3;1;1;
9976;202000006508;154 730 795;A01;2;7;0;2;3;26;1;
9977;202000006509;154 730 792;A01;1;7;11;2;1;1;1;
9978;202000006509;154 730 793;B01;2;7;0;2;1;1;1;
9979;202000006510;154 730 791;A01;0;1;0;0;0;0;5;
9980;202000006511;154 730 789;A01;1;7;0;2;1;1;1;
9981;202000006511;154 730 790;B01;2;7;0;2;1;1;1;
9982;202000006512;154 730 787;A01;1;15;0;0;4;23;1;
9983;202000006512;154 730 788;B01;1;14;0;2;1;2;1;
9984;202000006513;154 730 786;A01;3;7;0;0;9;1;0;
9985;202000006515;154 730 782;A01;1;36;0;2;5;19;1;
9986;202000006515;154 730 783;B01;2;7;0;2;2;1;1;
9987;202000006516;154 730 781;A01;3;7;0;1;7;9;1;
9988;202000006517;154 730 779;B01;2;35;0;2;4;1;1;
9989;202000006517;154 730 780;A01;2;30;0;2;1;1;1;
9990;202000006518;154 730 777;A01;1;7;0;2;6;13;1;
9991;202000006518;154 730 778;B01;1;33;0;2;2;1;1;
9992;202000006519;154 730 775;A01;2;7;0;2;7;1;1;
9993;202000006519;154 730 776;B01;2;30;0;2;1;1;1;
9994;202000006520;154 730 774;A01;3;7;0;1;2;1;1;
9995;202000006521;154 730 772;A01;3;7;0;2;7;13;1;
9996;202000006521;154 730 773;B01;3;7;0;2;8;26;1;
9997;202000006522;154 730 771;A01;2;7;0;1;1;16;1;
9998;202000006523;154 730 770;A01;1;7;6;0;1;1;1;
9999;202000006524;154 730 769;A01;1;7;0;1;2;26;1;
10000;202000006525;154 730 768;A01;3;7;1;1;3;9;1;
10001;202000006526;154 730 766;A01;2;1;0;2;0;16;5;
10002;202000006526;154 730 767;B01;2;0;0;2;7;16;-1;
10003;202000006527;154 730 764;A01;1;32;0;2;2;17;1;
10004;202000006527;154 730 765;B01;1;7;0;2;3;15;1;
10005;202000006528;154 730 762;B01;1;7;0;2;0;9;1;
10006;202000006528;154 730 763;A01;1;30;0;2;0;1;1;
10007;202000006529;154 730 760;A01;1;30;0;2;8;23;1;
10008;202000006529;154 730 761;Z01;1;7;0;2;0;2;0;
10009;202000006530;154 730 759;A01;1;7;1;0;2;14;1;
10010;202000006531;154 730 758;A01;3;7;0;1;1;2;1;
10011;202000006532;154 730 757;A01;3;37;0;1;7;16;0;1.0
10012;202000006533;154 730 755;B01;2;7;0;2;3;15;1;
10013;202000006533;154 730 756;A01;2;30;0;2;7;26;1;
10014;202000006534;154 730 752;C01;2;7;0;0;2;0;1;
10015;202000006534;154 730 753;B01;2;14;0;2;6;1;1;
10016;202000006534;154 730 754;A01;2;7;0;2;1;11;1;
10017;202000006535;154 730 750;B01;1;7;0;2;3;1;1;
10018;202000006535;154 730 751;A01;2;7;0;2;3;13;1;
10019;202000006537;154 730 747;A01;3;7;9;0;0;21;0;
10020;202000006538;154 730 745;B01;1;7;0;2;1;1;1;
10021;202000006538;154 730 746;A01;2;7;0;2;1;15;1;
10022;202000006539;154 730 744;A01;3;7;0;1;0;0;1;
10023;202000006540;154 730 743;A01;1;7;2;0;1;1;1;
10024;202000006542;154 730 740;A01;2;7;15;1;3;15;1;
10025;202000006543;154 730 738;A01;2;7;0;2;8;11;2;
10026;202000006543;154 730 739;B01;2;33;0;2;7;3;1;
10027;202000006544;154 730 735;A01;1;33;0;2;3;3;1;
10028;202000006544;154 730 736;C01;1;10;0;2;3;1;1;
10029;202000006544;154 730 737;B01;1;7;0;2;5;12;2;
10030;202000006545;154 730 734;A01;1;30;5;0;1;12;1;
10031;202000006546;154 730 733;A01;1;32;0;1;1;1;1;
10032;202000006547;154 730 731;A01;1;30;0;2;2;1;1;
10033;202000006547;154 730 732;Z01;2;1;0;2;3;16;5;
10034;202000006548;154 730 729;Z01;1;13;0;2;6;13;0;
10035;202000006548;154 730 730;A01;1;30;0;2;2;17;1;
10036;202000006549;154 730 728;A01;1;30;0;0;0;1;1;
10037;202000006550;154 730 726;Z01;2;10;0;2;1;2;1;
10038;202000006550;154 730 727;A01;2;50;0;2;4;2;3;
10039;202000006551;154 730 724;B01;1;1;0;2;4;23;5;
10040;202000006551;154 730 725;A01;1;14;0;2;1;15;1;
10041;202000006552;154 730 723;A01;1;30;0;1;7;1;1;
10042;202000006553;154 730 722;A01;1;1;0;1;1;1;5;
10043;202000006554;154 730 720;B01;2;7;0;2;2;1;1;
10044;202000006554;154 730 721;A01;2;33;14;2;5;17;1;
10045;202000006555;154 730 718;B01;2;33;0;2;4;23;1;
10046;202000006555;154 730 719;A01;2;10;0;2;3;2;1;
10047;202000006556;154 730 716;B01;1;43;0;2;4;23;1;
10048;202000006556;154 730 717;A01;1;31;0;2;1;2;1;
10049;202000006557;154 730 715;A01;2;10;0;1;5;4;1;
10050;202000006558;154 730 713;A01;1;7;0;2;3;1;0;
10051;202000006558;154 730 714;B01;2;1;0;2;1;1;5;
10052;202000006559;154 730 712;A01;3;2;0;2;1;14;1;
10053;202000006560;154 730 710;A01;1;10;0;2;1;2;1;
10054;202000006560;154 730 711;B01;1;7;0;2;4;23;1;
10055;202000006561;154 730 709;A01;3;50;14;0;1;26;3;
10056;202000006562;154 730 708;A01;2;7;0;1;1;0;0;
10057;202000006563;154 730 706;B01;1;7;0;2;4;2;0;
10058;202000006563;154 730 707;A01;1;7;0;2;1;2;0;
10059;202000006564;154 730 704;B01;3;0;0;2;0;0;0;
10060;202000006564;154 730 705;A01;3;37;0;2;8;1;1;1.0
10061;202000006565;154 730 703;A01;1;7;0;1;1;2;0;
10062;202000006566;154 730 701;B01;1;1;0;2;1;10;0;
10063;202000006566;154 730 702;A01;3;7;0;2;1;1;1;
10064;202000006567;154 730 699;B01;1;1;0;2;6;0;0;
10065;202000006567;154 730 700;A01;2;10;0;2;2;16;1;
10066;202000006568;154 730 697;AB01;1;2;0;2;2;1;0;
10067;202000006568;154 730 698;SA01;1;10;0;2;4;1;0;
10068;202000006569;154 730 696;A01;1;7;0;1;3;16;0;
10069;202000006570;154 730 695;A01;0;7;0;1;3;15;1;
10070;202000006571;154 730 693;B01;1;7;0;2;0;0;0;
10071;202000006571;154 730 694;A01;1;7;0;2;0;0;0;
10072;202000006572;154 730 691;A01;3;32;0;2;1;1;1;
10073;202000006572;154 730 692;B01;3;7;0;2;4;1;1;
10074;202000006573;154 730 690;A01;2;7;0;1;3;1;1;
10075;202000006574;154 730 689;A01;1;7;0;1;2;19;1;
10076;202000006575;154 730 687;A01;2;7;0;2;2;16;0;
10077;202000006575;154 730 688;B01;2;43;0;0;4;16;1;
10078;202000006576;154 730 685;A01;1;7;0;2;3;13;1;
10079;202000006576;154 730 686;B01;2;10;0;2;3;1;1;
10080;202000006577;154 730 681;B01;1;7;0;0;3;1;1;
10081;202000006577;154 730 682;C01;2;7;0;2;1;23;1;
10082;202000006577;154 730 683;A01;2;7;8;2;1;19;1;
10083;202000006577;154 730 684;D01;1;7;0;0;1;23;1;
10084;202000006578;154 730 679;A01;2;7;0;2;1;1;1;
10085;202000006578;154 730 680;B01;1;7;0;2;1;1;1;
10086;202000006579;154 730 678;A01;3;10;0;1;4;4;1;
10087;202000006580;154 730 677;A01;2;7;13;0;1;1;1;
10088;202000006581;154 730 675;B01;1;2;0;2;1;1;1;
10089;202000006581;154 730 676;A01;3;35;0;2;3;9;3;
10090;202000006582;154 730 673;B01;1;7;0;2;1;2;1;
10091;202000006582;154 730 674;A01;2;7;0;2;3;15;1;
10092;202000006583;154 730 671;B01;1;7;15;2;1;1;1;
10093;202000006583;154 730 672;A01;1;7;0;0;3;9;1;
10094;202000006584;154 730 664;A01;1;21;0;0;2;2;0;
10095;202000006584;154 730 665;B01;1;7;0;0;1;2;0;
10096;202000006585;154 730 663;A01;1;7;13;0;1;0;1;
10097;202000006586;154 730 662;A01;2;7;2;0;7;1;1;
10098;202000006587;154 730 661;A01;2;10;0;1;1;2;1;
10099;202000006588;154 730 660;A01;2;38;6;0;3;13;1;1.0
10100;202000006589;154 730 659;A01;1;7;8;0;9;0;1;
10101;202000006590;154 730 657;A01;3;10;0;2;7;15;1;
10102;202000006590;154 730 658;B01;3;2;0;2;1;1;1;
10103;202000006591;154 730 655;B01;2;2;0;0;1;5;1;
10104;202000006591;154 730 656;A01;1;7;0;0;1;1;1;
10105;202000006592;154 730 654;A01;1;7;0;1;1;1;1;
10106;202000006593;154 730 652;B01;2;38;0;2;8;1;1;34.0
10107;202000006593;154 730 653;A01;1;99;0;2;8;1;1;
10108;202000006594;154 730 650;B01;1;17;0;2;3;1;1;
10109;202000006594;154 730 651;A01;2;7;0;2;1;13;1;
10110;202000006595;154 730 648;A01;3;7;0;2;6;1;1;
10111;202000006595;154 730 649;B01;1;7;0;2;3;1;1;
10112;202000006596;154 730 644;A01;1;7;4;0;3;21;1;
10113;202000006597;154 730 642;B01;1;1;0;2;1;18;0;
10114;202000006597;154 730 643;A01;1;3;0;0;5;15;0;
10115;202000006598;154 730 640;A01;3;7;0;2;1;26;1;
10116;202000006598;154 730 641;B01;3;1;0;2;1;13;5;
10117;202000006599;154 730 638;A01;3;15;0;2;1;2;1;
10118;202000006599;154 730 639;B01;3;15;0;0;4;2;1;
10119;202000006600;154 730 636;A01;2;31;0;2;7;1;1;
10120;202000006600;154 730 637;B01;1;7;0;2;5;15;1;
10121;202000006601;154 730 634;B01;3;33;0;0;6;23;1;
10122;202000006601;154 730 635;A01;3;20;0;2;2;15;1;
10123;202000006602;154 730 632;A01;2;7;0;0;3;13;0;
10124;202000006602;154 730 633;B01;1;10;2;0;3;1;0;
10125;202000006603;154 730 631;A01;1;7;0;1;2;1;0;
10126;202000006604;154 730 630;A01;3;7;13;0;2;1;1;
10127;202000006605;154 730 627;C01;2;10;0;2;1;1;1;
10128;202000006605;154 730 628;B01;2;17;0;2;4;1;1;
10129;202000006605;154 730 629;A01;2;17;0;2;4;1;1;
10130;202000006606;154 730 626;A01;2;7;4;0;1;2;1;
10131;202000006607;154 730 624;B01;2;7;0;2;4;23;1;
10132;202000006607;154 730 625;A01;2;7;1;0;1;1;1;
10133;202000006608;154 730 623;A01;1;7;4;0;1;1;1;
10134;202000006609;154 730 621;B01;1;7;0;2;4;2;1;
10135;202000006609;154 730 622;A01;1;7;0;2;1;2;1;
10136;202000006610;154 730 619;B01;2;7;0;2;4;1;1;
10137;202000006610;154 730 620;A01;2;14;0;2;2;1;1;
10138;202000006612;154 730 614;A01;2;7;0;2;3;13;1;
10139;202000006612;154 730 615;B01;2;7;0;2;7;1;6;
10140;202000006613;154 730 612;B01;2;7;0;2;0;12;0;
10141;202000006613;154 730 613;A01;2;33;0;2;5;3;1;
10142;202000006614;154 730 611;A01;2;7;0;1;1;1;1;
10143;202000006615;154 730 609;A01;2;2;0;2;1;19;1;
10144;202000006615;154 730 610;B01;1;7;0;2;7;15;3;
10145;202000006616;154 730 608;A01;2;7;0;1;0;9;1;
10146;202000006617;154 730 606;B01;1;2;0;2;1;1;1;
10147;202000006617;154 730 607;A01;1;7;0;2;4;16;1;
10148;202000006618;154 730 605;A01;1;31;0;0;0;26;1;
10149;202000006619;154 730 604;A01;2;7;0;1;1;16;1;
10150;202000006620;154 730 603;Z01;1;7;0;1;0;1;1;
10151;202000006621;154 730 602;A01;1;7;0;1;1;26;1;
10152;202000006622;154 730 600;B01;1;2;0;2;9;15;1;
10153;202000006622;154 730 601;A01;2;7;0;2;3;0;1;
10154;202000006623;154 730 598;A01;3;10;8;2;1;7;0;
10155;202000006623;154 730 599;B01;3;7;8;2;7;7;0;
10156;202000006624;154 730 597;A01;2;50;14;0;0;1;3;
10157;202000006625;154 730 596;Z01;1;30;0;1;3;14;3;
10158;202000006626;154 730 595;A01;1;7;0;1;3;1;1;
10159;202000006628;154 730 593;A01;1;7;4;0;3;13;1;
10160;202000006629;154 730 592;A01;0;7;0;1;1;1;1;
10161;202000006630;154 730 590;A01;1;33;0;2;1;1;1;
10162;202000006630;154 730 591;B01;1;10;0;2;4;23;1;
10163;202000006631;154 730 589;A01;1;7;0;1;7;1;1;
10164;202000006632;154 730 587;A01;2;7;0;2;2;15;1;
10165;202000006632;154 730 588;B01;1;33;0;2;1;1;1;
10166;202000006633;154 730 586;A01;3;7;0;1;1;26;1;
10167;202000006634;154 730 584;B01;1;1;0;2;7;1;5;
10168;202000006634;154 730 585;A01;1;7;0;2;1;9;1;
10169;202000006635;154 730 583;A01;1;7;0;1;8;1;1;
10170;202000006636;154 730 581;A01;3;7;0;2;1;2;0;
10171;202000006636;154 730 582;B01;3;7;0;2;4;2;0;