;Num_Acc;id_vehicule;num_veh;senc;catv;obs;obsm;choc;manv;motor;occutc
10172;202000006637;154 730 580;A01;2;7;0;1;6;26;1;
10173;202000006638;154 730 578;B01;3;2;0;2;8;1;1;
10174;202000006638;154 730 579;A01;3;7;0;2;2;15;1;
10175;202000006639;154 730 577;A01;3;10;9;0;1;1;1;
10176;202000006640;154 730 575;B01;3;7;0;2;7;15;1;
10177;202000006640;154 730 576;A01;3;7;0;2;1;1;1;
10178;202000006641;154 730 574;A01;3;7;0;1;4;20;0;
10179;202000006642;154 730 572;A01;1;7;0;2;7;1;1;
10180;202000006642;154 730 573;B01;1;7;0;2;2;0;1;
10181;202000006643;154 730 570;A01;1;7;0;2;6;1;1;
10182;202000006643;154 730 571;B01;2;2;0;2;1;1;1;
10183;202000006644;154 730 568;B01;3;33;0;2;4;16;1;
10184;202000006644;154 730 569;A01;3;7;0;2;1;1;2;
10185;202000006645;154 730 567;A01;2;32;0;0;7;1;1;
10186;202000006646;154 730 565;B01;1;1;0;2;0;1;5;
10187;202000006646;154 730 566;A01;2;7;0;2;1;16;1;
10188;202000006647;154 730 564;A01;1;7;2;0;8;1;1;
10189;202000006648;154 730 562;A01;1;1;0;2;1;1;5;
10190;202000006648;154 730 563;B01;1;13;0;2;2;16;1;
10191;202000006649;154 730 560;A01;2;1;0;2;3;1;5;
10192;202000006649;154 730 561;Z01;1;7;0;0;0;0;0;
10193;202000006650;154 730 559;A01;1;31;14;0;0;1;1;
10194;202000006651;154 730 557;A01;1;7;0;2;2;19;1;
10195;202000006651;154 730 558;B01;1;31;0;2;1;1;1;
10196;202000006652;154 730 554;A01;1;7;0;1;2;1;0;
10197;202000006653;154 730 552;B01;2;10;0;9;0;1;1;
10198;202000006653;154 730 553;A01;2;30;0;2;1;19;1;
10199;202000006654;154 730 550;A01;1;7;0;2;3;10;1;
10200;202000006654;154 730 551;B01;3;1;0;2;1;1;5;
10201;202000006655;154 730 548;B01;1;2;0;2;1;1;1;
10202;202000006655;154 730 549;A01;1;7;0;2;6;9;1;
10203;202000006656;154 730 546;A01;2;7;0;2;2;9;0;
10204;202000006656;154 730 547;B01;2;7;0;2;8;1;0;
10205;202000006657;154 730 544;B01;0;7;0;0;5;0;1;
10206;202000006657;154 730 545;A01;0;33;0;2;1;2;1;
10207;202000006658;154 730 542;A01;0;10;0;2;1;15;1;
10208;202000006658;154 730 543;B01;0;10;0;2;7;1;0;
10209;202000006659;154 730 539;C01;1;10;0;2;5;1;0;
10210;202000006659;154 730 540;A01;1;14;0;2;3;14;0;
10211;202000006659;154 730 541;B01;1;33;0;2;1;1;0;
10212;202000006660;154 730 537;B01;2;7;0;9;1;1;1;
10213;202000006660;154 730 538;A01;1;10;0;0;0;0;1;
10214;202000006661;154 730 535;A01;3;32;0;9;3;26;1;
10215;202000006661;154 730 536;B01;3;99;0;2;1;19;3;
10216;202000006662;154 730 533;A01;1;33;0;2;1;3;1;
10217;202000006662;154 730 534;B01;1;7;0;2;6;12;1;
10218;202000006663;154 730 531;A01;2;33;0;2;1;11;1;
10219;202000006663;154 730 532;B01;2;10;0;2;6;1;1;
10220;202000006664;154 730 529;B01;1;33;0;2;7;12;1;
10221;202000006664;154 730 530;A01;1;32;0;2;8;18;3;
10222;202000006665;154 730 527;B01;1;33;0;2;2;3;1;
10223;202000006665;154 730 528;A01;1;7;0;2;6;11;1;
10224;202000006666;154 730 525;B01;2;1;0;2;1;18;5;
10225;202000006666;154 730 526;A01;1;10;0;2;7;22;1;
10226;202000006667;154 730 523;A01;2;7;0;2;7;16;1;
10227;202000006667;154 730 524;B01;2;1;0;2;1;1;5;
10228;202000006669;154 730 519;B01;2;14;0;2;7;1;6;
10229;202000006669;154 730 520;A01;2;30;8;2;8;18;1;
10230;202000006670;154 730 517;A01;1;30;0;2;1;1;3;
10231;202000006670;154 730 518;Z01;2;30;0;2;0;5;0;
10232;202000006671;154 730 515;A01;2;7;0;2;3;13;1;
10233;202000006671;154 730 516;B01;2;1;0;2;0;1;5;
10234;202000006672;154 730 513;B01;1;7;0;2;3;15;1;
10235;202000006672;154 730 514;A01;1;32;0;2;1;17;1;
10236;202000006673;154 730 511;B01;2;7;0;2;3;22;1;
10237;202000006673;154 730 512;A01;2;1;0;2;7;1;5;
10238;202000006674;154 730 510;A01;1;1;0;1;1;1;5;
10239;202000006675;154 730 508;B01;3;50;0;2;4;26;3;
10240;202000006675;154 730 509;A01;1;33;0;2;1;21;1;
10241;202000006676;154 730 507;A01;3;7;0;1;4;4;1;
10242;202000006677;154 730 505;A01;1;7;0;2;1;15;1;
10243;202000006677;154 730 506;B01;2;33;0;2;8;1;1;
10244;202000006678;154 730 503;B01;0;2;0;2;7;1;1;
10245;202000006678;154 730 504;A01;0;10;0;2;1;1;1;
10246;202000006679;154 730 502;A01;-1;7;0;1;2;9;0;
10247;202000006680;154 730 501;A01;3;7;0;1;2;2;6;
10248;202000006681;154 730 498;B01;2;7;0;2;7;1;1;
10249;202000006681;154 730 499;A01;2;7;0;2;1;1;1;
10250;202000006683;154 730 494;A01;1;34;0;2;0;21;1;
10251;202000006683;154 730 495;B01;1;10;0;0;0;9;1;
10252;202000006684;154 730 492;B01;3;7;0;2;4;23;1;
10253;202000006684;154 730 493;A01;3;7;0;2;1;1;1;
10254;202000006685;154 730 490;B01;1;7;0;2;6;15;1;
10255;202000006685;154 730 491;A01;1;31;0;2;1;17;1;
10256;202000006686;154 730 488;A01;2;7;6;2;2;17;1;
10257;202000006686;154 730 489;B01;1;13;0;2;6;1;1;
10258;202000006687;154 730 486;A01;1;7;3;0;4;1;1;
10259;202000006687;154 730 487;B01;2;10;0;2;1;1;1;
10260;202000006688;154 730 485;A01;3;7;13;0;3;14;1;
10261;202000006689;154 730 483;A01;2;7;0;2;1;2;1;
10262;202000006689;154 730 484;B01;2;7;0;2;4;2;1;
10263;202000006690;154 730 482;A01;0;1;0;0;0;0;5;
10264;202000006691;154 730 480;A01;1;10;0;2;7;1;1;
10265;202000006691;154 730 481;B01;1;1;0;2;1;9;5;
10266;202000006692;154 730 479;A01;1;7;2;0;8;1;1;
10267;202000006693;154 730 477;A01;1;7;0;2;3;13;1;
10268;202000006693;154 730 478;B01;2;7;0;2;8;21;1;
10269;202000006694;154 730 475;B01;2;7;0;2;1;1;1;
10270;202000006694;154 730 476;A01;1;7;0;2;3;15;1;
10271;202000006695;154 730 473;B01;2;7;0;2;1;1;1;
10272;202000006695;154 730 474;A01;1;7;0;2;7;1;1;
10273;202000006696;154 730 471;A01;1;10;0;2;3;1;0;
10274;202000006696;154 730 472;B01;2;7;0;2;1;13;1;
10275;202000006697;154 730 470;A01;2;33;0;0;4;1;1;
10276;202000006698;154 730 468;B01;1;7;0;2;2;1;1;
10277;202000006698;154 730 469;A01;1;7;0;2;3;9;1;
10278;202000006699;154 730 467;A01;1;7;2;0;8;1;1;
10279;202000006700;154 730 465;A01;1;7;0;2;1;17;1;
10280;202000006700;154 730 466;B01;1;7;0;2;6;15;1;
10281;202000006701;154 730 464;A01;2;7;15;0;2;13;1;
10282;202000006702;154 730 462;B01;2;7;0;2;3;1;1;
10283;202000006702;154 730 463;A01;1;7;0;2;3;13;1;
10284;202000006703;154 730 461;A01;1;7;13;0;1;1;1;
10285;202000006704;154 730 460;A01;1;2;12;0;2;1;1;
10286;202000006705;154 730 459;A01;1;13;6;0;1;1;1;
10287;202000006706;154 730 456;A01;3;1;0;1;1;2;5;
10288;202000006707;154 730 455;A01;1;7;2;0;1;1;1;
10289;202000006708;154 730 453;A01;2;7;0;2;1;16;1;
10290;202000006708;154 730 454;B01;1;1;0;2;4;1;5;
10291;202000006709;154 730 452;A01;1;15;0;1;4;4;1;
10292;202000006710;154 730 451;A01;2;7;2;0;3;13;1;
10293;202000006711;154 730 449;B01;2;32;0;2;2;17;1;
10294;202000006711;154 730 450;A01;2;7;0;2;8;10;1;
10295;202000006713;154 730 445;B01;0;7;0;0;2;1;1;
10296;202000006713;154 730 446;A01;0;1;0;2;1;9;6;
10297;202000006714;154 730 443;B01;1;10;0;2;1;15;1;
10298;202000006714;154 730 444;A01;2;31;0;2;1;1;1;
10299;202000006715;154 730 442;A01;2;7;0;1;2;14;1;
10300;202000006716;154 730 440;A01;2;7;0;0;4;2;0;
10301;202000006716;154 730 441;B01;2;33;0;2;1;0;0;
10302;202000006717;154 730 439;A01;0;1;0;0;0;1;5;
10303;202000006718;154 730 437;A01;1;7;0;2;1;15;1;
10304;202000006718;154 730 438;B01;2;2;0;2;3;1;1;
10305;202000006719;154 730 436;A01;0;7;15;0;1;0;1;
10306;202000006720;154 730 433;C01;3;7;0;2;4;1;1;
10307;202000006720;154 730 434;B01;3;7;0;2;4;1;1;
10308;202000006720;154 730 435;A01;3;7;0;2;1;1;1;
10309;202000006721;154 730 431;B01;2;2;0;2;1;1;1;
10310;202000006721;154 730 432;A01;2;10;0;2;3;15;1;
10311;202000006722;154 730 430;A01;3;7;0;1;1;19;1;
10312;202000006724;154 730 427;B01;1;30;0;2;1;0;1;
10313;202000006724;154 730 428;A01;1;30;0;2;8;15;1;
10314;202000006725;154 730 425;A01;1;30;0;2;3;1;1;
10315;202000006725;154 730 426;B01;2;10;0;2;2;1;1;
10316;202000006726;154 730 424;A01;1;7;0;1;2;2;1;
10317;202000006727;154 730 423;A01;2;7;0;1;8;15;1;
10318;202000006728;154 730 422;A01;1;7;0;1;1;1;1;
10319;202000006729;154 730 420;A01;1;7;0;2;8;13;1;
10320;202000006729;154 730 421;B01;1;7;0;2;7;1;1;
10321;202000006730;154 730 417;B01;1;7;0;2;7;9;0;
10322;202000006730;154 730 418;A01;1;7;0;2;1;9;1;
10323;202000006730;154 730 419;C01;1;7;0;2;3;1;0;
10324;202000006732;154 730 414;A01;1;2;0;2;8;1;1;
10325;202000006732;154 730 415;B01;1;7;0;2;3;1;1;
10326;202000006733;154 730 412;B01;1;31;0;2;0;0;1;
10327;202000006733;154 730 413;A01;1;7;0;2;1;19;1;
10328;202000006735;154 730 410;A01;1;10;0;1;3;1;0;
10329;202000006736;154 730 406;A01;3;7;2;0;1;14;1;
10330;202000006737;154 730 403;A01;2;7;0;0;7;1;1;
10331;202000006737;154 730 404;C01;1;7;0;0;1;23;1;
10332;202000006737;154 730 405;B01;3;7;0;0;1;1;1;
10333;202000006738;154 730 402;A01;1;30;6;0;1;0;1;
10334;202000006739;154 730 400;B01;2;30;0;2;1;1;1;
10335;202000006739;154 730 401;A01;1;7;0;2;2;15;1;
10336;202000006740;154 730 399;A01;2;31;9;0;1;13;1;
10337;202000006741;154 730 397;A01;1;7;0;2;2;1;1;
10338;202000006741;154 730 398;B01;3;1;0;2;2;15;5;
10339;202000006742;154 730 395;B01;1;7;0;9;0;0;1;
10340;202000006742;154 730 396;A01;1;1;0;2;3;15;5;
10341;202000006743;154 730 394;A01;0;7;1;0;2;1;1;
10342;202000006744;154 730 393;A01;3;2;0;0;4;26;1;
10343;202000006745;154 730 391;A01;3;2;0;2;8;16;1;
10344;202000006745;154 730 392;B01;3;2;0;2;2;1;1;
10345;202000006746;154 730 389;A01;3;7;0;2;2;15;1;
10346;202000006746;154 730 390;B01;3;32;0;2;1;7;1;
10347;202000006747;154 730 388;A01;3;7;0;0;3;9;1;
10348;202000006748;154 730 386;CA01;1;10;0;2;0;26;1;
10349;202000006748;154 730 387;B01;1;2;0;2;0;0;0;
10350;202000006749;154 730 385;A01;1;7;8;0;9;14;1;
10351;202000006750;154 730 384;A01;2;7;15;0;2;1;1;
10352;202000006751;154 730 383;A01;3;50;0;0;0;1;3;
10353;202000006752;154 730 381;A01;0;7;0;2;5;15;1;
10354;202000006752;154 730 382;B01;0;32;0;2;1;1;1;
10355;202000006754;154 730 378;B01;1;40;0;2;2;1;3;
10356;202000006754;154 730 379;A01;1;7;0;4;3;19;1;
10357;202000006755;154 730 377;A01;1;7;8;0;1;1;1;
10358;202000006756;154 730 375;Z01;1;7;0;2;8;14;1;
10359;202000006756;154 730 376;A01;1;30;0;2;7;1;1;
10360;202000006757;154 730 374;A01;1;7;0;1;7;1;1;
10361;202000006758;154 730 372;A01;2;7;0;2;2;15;1;
10362;202000006758;154 730 373;B01;1;30;0;2;1;1;1;
10363;202000006760;154 730 368;B01;1;1;0;2;3;15;0;
10364;202000006760;154 730 369;A01;1;7;0;2;2;17;2;
10365;202000006761;154 730 366;A01;3;1;0;2;3;1;5;
10366;202000006761;154 730 367;B01;2;7;0;2;3;1;3;
10367;202000006762;154 730 364;B01;2;34;0;2;7;17;1;
10368;202000006762;154 730 365;A01;2;7;0;2;3;13;1;
10369;202000006763;154 730 363;A01;1;34;1;0;1;1;1;
10370;202000006764;154 730 361;Z01;1;7;0;2;1;1;0;
10371;202000006764;154 730 362;A01;2;7;0;0;4;23;0;
10372;202000006765;154 730 359;B01;1;3;12;0;4;0;1;
10373;202000006765;154 730 360;A01;1;3;0;2;1;23;1;
10374;202000006768;154 730 355;B01;1;7;0;2;6;1;1;
10375;202000006768;154 730 356;A01;2;7;0;2;3;6;1;
10376;202000006769;154 730 353;A01;1;7;0;0;2;19;1;
10377;202000006769;154 730 354;B01;2;2;0;2;1;1;1;
10378;202000006770;154 730 348;E01;1;7;0;2;4;2;1;
10379;202000006770;154 730 349;D01;1;7;0;2;4;2;1;
10380;202000006770;154 730 350;C01;1;7;0;2;4;2;1;
10381;202000006770;154 730 351;B01;1;10;0;2;4;2;1;
10382;202000006770;154 730 352;A01;1;7;0;2;1;2;1;
10383;202000006771;154 730 346;B01;1;33;0;2;1;1;1;
10384;202000006771;154 730 347;A01;2;7;0;2;6;19;1;
10385;202000006772;154 730 343;C01;2;33;0;2;1;26;1;
10386;202000006772;154 730 344;B01;2;33;0;2;1;26;1;
10387;202000006772;154 730 345;A01;2;33;0;2;4;16;1;
10388;202000006773;154 730 339;B01;2;7;0;2;8;15;0;
10389;202000006773;154 730 340;A01;2;33;0;2;1;17;0;
10390;202000006774;154 730 338;A01;3;7;0;1;2;1;1;
10391;202000006776;154 730 336;A01;0;35;2;0;2;0;0;
10392;202000006777;154 730 335;A01;1;33;13;0;1;15;1;
10393;202000006778;154 730 334;A01;2;7;13;0;1;0;0;
10394;202000006779;154 730 332;B01;0;33;0;2;1;1;1;
10395;202000006779;154 730 333;A01;0;7;0;2;6;15;1;
10396;202000006780;154 730 331;A01;0;30;0;0;2;1;0;
10397;202000006781;154 730 329;A01;2;7;0;2;3;1;1;
10398;202000006781;154 730 330;B01;1;7;0;2;3;1;1;
10399;202000006783;154 730 327;A01;1;31;0;1;1;1;1;
10400;202000006785;154 730 325;A01;1;99;1;0;2;14;1;
10401;202000006786;154 730 324;A01;3;7;6;0;1;2;1;
10402;202000006787;154 730 323;A01;1;33;3;0;7;14;1;
10403;202000006788;154 730 322;A01;1;7;6;1;1;1;1;
10404;202000006789;154 730 320;A01;1;7;0;2;7;15;0;
10405;202000006789;154 730 321;B01;2;32;0;2;1;1;1;
10406;202000006790;154 730 319;A01;2;7;7;0;7;1;0;
10407;202000006791;154 730 318;A01;1;7;7;0;1;13;1;
10408;202000006792;154 730 317;A01;3;7;16;0;2;1;0;
10409;202000006793;154 730 316;A01;2;7;2;0;1;1;1;
10410;202000006794;154 730 314;A01;2;7;0;2;2;17;1;
10411;202000006794;154 730 315;B01;2;1;0;2;8;10;0;
10412;202000006795;154 730 313;A01;0;7;0;0;0;0;1;
10413;202000006796;154 730 312;A01;2;1;0;0;1;1;5;
10414;202000006797;154 730 310;B01;3;2;0;2;1;0;1;
10415;202000006797;154 730 311;A01;3;7;0;2;2;1;1;
10416;202000006798;154 730 309;A01;3;2;0;0;2;26;1;
10417;202000006799;154 730 306;C01;2;7;0;2;5;1;1;
10418;202000006799;154 730 307;A01;2;33;0;2;1;12;1;
10419;202000006799;154 730 308;B01;2;33;0;2;4;1;1;
10420;202000006800;154 730 305;A01;2;33;2;0;1;26;1;
10421;202000006801;154 730 304;A01;1;33;0;6;2;1;1;
10422;202000006802;154 730 302;B01;2;33;0;2;1;1;1;
10423;202000006802;154 730 303;A01;1;10;0;2;5;15;1;
10424;202000006803;154 730 300;B01;1;7;16;0;4;16;1;
10425;202000006803;154 730 301;A01;1;7;0;2;1;2;1;
10426;202000006804;154 730 299;A01;1;33;16;0;1;1;1;
10427;202000006805;154 730 297;A01;1;7;0;2;1;0;1;
10428;202000006805;154 730 298;B01;1;7;0;2;3;0;1;
10429;202000006806;154 730 293;A01;3;7;0;2;2;15;1;
10430;202000006806;154 730 294;B01;2;33;0;2;1;1;1;
10431;202000006807;154 730 292;A01;0;7;2;0;8;1;1;
10432;202000006808;154 730 290;A01;1;7;0;2;2;15;1;
10433;202000006808;154 730 291;B01;1;7;0;2;1;1;1;
10434;202000006809;154 730 289;A01;1;7;6;0;9;14;1;
10435;202000006810;154 730 287;A01;2;10;0;2;2;17;1;
10436;202000006810;154 730 288;B01;2;80;0;2;3;13;3;
10437;202000006812;154 730 284;A01;1;7;0;1;4;4;1;
10438;202000006813;154 730 282;B01;1;2;0;0;4;2;1;
10439;202000006813;154 730 283;A01;1;7;0;2;2;2;1;
10440;202000006814;154 730 280;B01;3;33;0;2;1;1;1;
10441;202000006814;154 730 281;A01;3;33;0;2;1;5;1;
10442;202000006815;154 730 278;B01;2;33;0;2;1;1;1;
10443;202000006815;154 730 279;A01;1;7;0;2;2;15;1;
10444;202000006816;154 730 277;A01;2;7;13;0;3;19;1;
10445;202000006817;154 730 275;B01;1;7;0;0;5;2;1;
10446;202000006817;154 730 276;A01;1;33;0;2;1;2;1;
10447;202000006818;154 730 273;A01;1;7;0;0;4;4;1;
10448;202000006818;154 730 274;B01;1;43;0;2;1;1;1;
10449;202000006819;154 730 271;B01;2;14;0;2;1;1;1;
10450;202000006819;154 730 272;A01;1;7;0;2;1;13;1;
10451;202000006820;154 730 270;A01;1;1;0;0;7;1;5;
10452;202000006821;154 730 267;A01;1;33;0;2;1;17;1;
10453;202000006821;154 730 268;B01;1;7;0;2;6;11;1;
10454;202000006821;154 730 269;C01;1;7;0;2;1;1;1;
10455;202000006822;154 730 265;B01;1;7;0;2;1;1;1;
10456;202000006822;154 730 266;A01;2;7;0;2;7;1;1;
10457;202000006823;154 730 262;C01;1;33;0;0;1;1;1;
10458;202000006823;154 730 263;B01;1;7;0;0;6;1;1;
10459;202000006823;154 730 264;A01;2;7;0;2;3;1;1;
10460;202000006824;154 730 260;A01;1;7;0;0;2;15;1;
10461;202000006824;154 730 261;B01;2;1;0;2;1;1;5;
10462;202000006825;154 730 259;A01;3;36;0;0;8;15;1;
10463;202000006826;154 730 257;A01;2;7;0;2;3;1;1;
10464;202000006826;154 730 258;B01;2;1;0;2;1;1;5;
10465;202000006827;154 730 255;A01;0;7;0;2;6;9;1;
10466;202000006827;154 730 256;B01;0;33;0;2;1;1;1;
10467;202000006828;154 730 253;B01;1;33;0;2;7;1;1;
10468;202000006828;154 730 254;A01;2;7;3;2;6;13;1;
10469;202000006829;154 730 251;B01;1;7;0;2;3;0;0;
10470;202000006829;154 730 252;A01;2;2;0;2;1;13;1;
10471;202000006830;154 730 249;A01;2;33;0;2;2;17;1;
10472;202000006830;154 730 250;B01;2;7;0;2;8;1;1;
10473;202000006831;154 730 247;B01;1;7;0;2;3;1;1;
10474;202000006831;154 730 248;A01;2;7;0;2;1;13;1;
10475;202000006832;154 730 245;B01;2;33;0;2;1;1;1;
10476;202000006832;154 730 246;A01;2;33;0;2;4;1;1;
10477;202000006833;154 730 242;A01;3;7;0;0;3;16;1;
10478;202000006833;154 730 243;B01;3;7;0;2;1;16;1;
10479;202000006834;154 730 241;A01;3;33;16;0;8;1;1;
10480;202000006835;154 730 240;A01;2;7;4;0;1;0;1;
10481;202000006836;154 730 239;A01;1;20;0;0;9;26;1;
10482;202000006837;154 730 238;A01;2;33;0;0;7;1;1;
10483;202000006838;154 730 235;B01;2;7;0;2;8;9;1;
10484;202000006838;154 730 236;C01;2;33;0;2;0;2;1;
10485;202000006838;154 730 237;A01;2;15;0;2;2;2;1;
10486;202000006839;154 730 234;A01;1;33;14;0;8;26;1;
10487;202000006840;154 730 232;B01;1;7;0;9;2;15;1;
10488;202000006840;154 730 233;A01;1;31;0;2;1;1;1;
10489;202000006841;154 730 230;A01;3;99;0;2;5;1;6;
10490;202000006841;154 730 231;B01;3;33;0;2;1;1;6;
10491;202000006842;154 730 228;B01;0;30;0;2;2;1;6;
10492;202000006842;154 730 229;A01;0;7;0;2;6;15;0;
10493;202000006844;154 730 225;A01;2;41;0;1;1;26;1;
10494;202000006845;154 730 224;A01;2;1;0;2;1;26;5;
10495;202000006846;154 730 222;B01;2;50;0;2;4;2;3;
10496;202000006846;154 730 223;A01;2;7;0;2;1;2;0;
10497;202000006847;154 730 220;A01;1;7;1;0;2;26;0;
10498;202000006847;154 730 221;B01;1;2;1;0;1;0;0;
10499;202000006848;154 730 218;B01;0;31;0;0;0;0;0;
10500;202000006848;154 730 219;A01;3;7;0;2;3;0;0;
10501;202000006849;154 730 217;A01;3;7;0;1;2;17;1;
10502;202000006852;154 730 212;C01;1;7;0;2;1;2;1;
10503;202000006852;154 730 213;A01;1;7;0;2;4;2;2;
10504;202000006852;154 730 214;B01;1;7;0;2;1;2;1;
10505;202000006853;154 730 210;B01;2;1;0;0;0;0;0;
10506;202000006853;154 730 211;A01;1;7;0;0;3;13;1;
10507;202000006854;154 730 206;A01;1;7;0;9;2;11;1;
10508;202000006854;154 730 207;B01;1;1;0;2;1;1;5;
10509;202000006855;154 730 204;B01;2;1;0;2;1;1;5;
10510;202000006855;154 730 205;A01;1;7;0;2;1;15;1;
10511;202000006856;154 730 202;A01;1;7;0;2;0;14;1;
10512;202000006856;154 730 203;B01;0;7;0;2;0;1;1;
10513;202000006857;154 730 201;A01;1;7;0;1;7;1;1;
10514;202000006858;154 730 200;A01;3;7;0;1;2;9;0;
10515;202000006859;154 730 198;A01;3;7;0;2;3;10;1;
10516;202000006859;154 730 199;B01;3;33;0;2;7;17;1;
10517;202000006860;154 730 196;A01;1;7;0;2;3;15;1;
10518;202000006860;154 730 197;B01;2;7;8;2;8;1;1;
10519;202000006861;154 730 194;B01;3;7;0;9;3;2;1;
10520;202000006861;154 730 195;A01;0;60;0;2;1;26;5;
10521;202000006862;154 730 193;A01;2;7;0;1;1;1;1;
10522;202000006863;154 730 192;A01;3;33;0;0;3;1;1;
10523;202000006864;154 730 191;A01;3;7;2;0;1;1;1;
10524;202000006865;154 730 189;B01;3;1;0;2;1;1;5;
10525;202000006865;154 730 190;A01;3;7;0;2;2;16;1;
10526;202000006866;154 730 186;C01;0;7;0;2;4;1;1;
10527;202000006866;154 730 187;B01;0;7;0;2;1;2;1;
10528;202000006866;154 730 188;A01;3;7;0;2;1;1;1;
10529;202000006868;154 730 183;A01;1;1;0;0;1;1;5;
10530;202000006869;154 730 181;B01;3;7;0;2;3;1;1;
10531;202000006869;154 730 182;A01;3;31;0;2;1;17;1;
10532;202000006870;154 730 177;A01;2;7;1;2;2;1;0;
10533;202000006870;154 730 178;B01;1;7;1;2;3;0;0;
10534;202000006870;154 730 179;D01;1;10;1;2;3;0;0;
10535;202000006870;154 730 180;C01;1;7;1;2;2;0;0;
10536;202000006871;154 730 175;B01;3;32;0;2;8;1;0;
10537;202000006871;154 730 176;A01;3;10;0;2;3;15;1;
10538;202000006872;154 730 174;A01;1;7;6;0;8;1;1;
10539;202000006873;154 730 173;A01;1;7;0;1;2;15;1;
10540;202000006874;154 730 171;A01;3;7;0;2;1;19;0;
10541;202000006874;154 730 172;B01;1;7;0;2;3;1;0;
10542;202000006875;154 730 167;A01;2;7;0;2;1;2;1;
10543;202000006875;154 730 168;C01;2;7;0;2;2;11;1;
10544;202000006875;154 730 169;D01;2;7;0;2;3;2;1;
10545;202000006875;154 730 170;B01;2;7;0;2;4;2;1;
10546;202000006876;154 730 165;A01;1;2;0;2;1;1;1;
10547;202000006876;154 730 166;B01;1;37;0;2;5;1;2;1.0
10548;202000006877;154 730 164;A01;2;30;0;1;2;1;3;
10549;202000006878;154 730 162;B01;3;1;0;2;8;1;5;
10550;202000006878;154 730 163;A01;2;7;0;2;2;1;3;
10551;202000006879;154 730 161;A01;2;30;14;0;7;14;3;
10552;202000006881;154 730 157;A01;1;7;0;2;7;22;1;
10553;202000006881;154 730 158;B01;2;1;0;2;1;5;5;
10554;202000006882;154 730 155;B01;1;30;0;2;8;1;1;
10555;202000006882;154 730 156;A01;0;7;0;2;2;15;1;
10556;202000006883;154 730 153;B01;3;1;0;2;1;1;5;
10557;202000006883;154 730 154;A01;3;7;0;2;3;10;1;
10558;202000006884;154 730 152;A01;1;1;12;0;1;1;5;
10559;202000006885;154 730 151;A01;2;1;0;1;1;25;5;
10560;202000006886;154 730 150;A01;1;7;0;1;2;16;1;
10561;202000006887;154 730 148;B01;2;1;0;2;2;1;5;
10562;202000006887;154 730 149;A01;2;10;0;2;3;22;1;
10563;202000006888;154 730 147;Z01;2;2;0;1;0;1;0;
10564;202000006890;154 730 143;A01;2;10;0;2;2;10;1;
10565;202000006890;154 730 144;B01;1;1;0;2;1;1;5;
10566;202000006891;154 730 142;A01;2;33;8;0;3;13;1;
10567;202000006892;154 730 140;B01;2;7;0;2;4;1;0;
10568;202000006892;154 730 141;A01;2;7;0;2;1;1;1;
10569;202000006895;154 730 134;A01;2;30;0;2;1;18;1;
10570;202000006895;154 730 135;B01;2;7;0;2;2;16;1;
10571;202000006896;154 730 132;B01;2;7;0;2;1;1;1;
10572;202000006896;154 730 133;A01;1;7;0;2;2;13;1;
10573;202000006897;154 730 130;A01;1;7;0;2;1;26;0;
10574;202000006897;154 730 131;B01;1;33;0;2;4;1;1;
10575;202000006898;154 730 128;A01;3;10;0;2;1;1;1;
10576;202000006898;154 730 129;B01;3;32;0;2;8;16;1;
10577;202000006899;154 730 127;A01;1;7;1;0;2;14;1;
10578;202000006900;154 730 125;A01;3;33;16;0;3;16;1;
10579;202000006900;154 730 126;B01;3;7;12;0;3;15;1;
10580;202000006901;154 730 123;A01;-1;7;1;0;4;23;1;
10581;202000006901;154 730 124;B01;-1;7;1;0;1;2;1;
10582;202000006902;154 730 121;B01;1;7;0;2;3;1;1;
10583;202000006902;154 730 122;A01;1;7;0;2;8;15;1;
10584;202000006903;154 730 117;D01;1;7;0;0;0;0;1;
10585;202000006903;154 730 118;C01;1;7;0;0;4;24;1;
10586;202000006903;154 730 119;B01;2;7;0;2;6;1;1;
10587;202000006903;154 730 120;A01;1;7;1;2;1;21;1;
10588;202000006904;154 730 115;B01;2;1;0;2;3;2;0;
10589;202000006904;154 730 116;A01;2;1;0;2;2;2;0;
10590;202000006905;154 730 113;B01;2;32;0;2;1;1;1;
10591;202000006905;154 730 114;A01;1;7;0;2;3;15;1;
10592;202000006906;154 730 112;A01;1;7;0;1;6;4;1;
10593;202000006907;154 730 111;A01;0;33;12;0;0;1;1;
10594;202000006908;154 730 110;A01;2;7;13;0;3;1;1;
10595;202000006909;154 730 108;A01;0;10;0;2;3;9;1;
10596;202000006909;154 730 109;B01;0;31;0;2;1;1;1;
10597;202000006911;154 730 105;A01;1;7;2;0;1;1;1;
10598;202000006913;154 730 103;A01;2;33;6;0;1;13;1;
10599;202000006914;154 730 102;A01;1;7;13;0;3;1;1;
10600;202000006915;154 730 100;B01;1;7;0;2;3;13;0;
10601;202000006915;154 730 101;A01;2;33;13;2;3;1;1;
10602;202000006916;154 730 097;A01;0;2;0;0;2;13;1;
10603;202000006917;154 730 096;A01;2;33;13;0;1;1;1;
10604;202000006918;154 730 095;A01;2;7;0;0;9;14;1;