;Num_Acc;id_vehicule;num_veh;senc;catv;obs;obsm;choc;manv;motor;occutc
10605;202000006919;154 730 094;A01;3;33;0;0;0;1;1;
10606;202000006920;154 730 092;A01;2;7;2;0;1;16;1;
10607;202000006921;154 730 090;B01;2;7;0;2;8;9;1;
10608;202000006921;154 730 091;A01;2;33;0;2;1;1;1;
10609;202000006922;154 730 089;A01;0;1;0;0;0;1;5;
10610;202000006923;154 730 087;A01;2;7;0;2;2;15;1;
10611;202000006923;154 730 088;B01;1;33;0;2;1;1;1;
10612;202000006924;154 730 086;A01;1;7;13;0;3;14;1;
10613;202000006926;154 730 082;B01;1;7;0;0;3;1;1;
10614;202000006926;154 730 083;A01;2;33;0;0;8;15;1;
10615;202000006927;154 730 081;A01;1;33;12;0;7;1;1;
10616;202000006928;154 730 079;B01;1;33;0;2;2;2;1;
10617;202000006928;154 730 080;A01;1;33;0;0;3;15;1;
10618;202000006929;154 730 078;A01;2;7;6;0;1;1;1;
10619;202000006930;154 730 076;B01;2;30;0;2;1;1;1;
10620;202000006930;154 730 077;A01;2;7;0;2;3;6;1;
10621;202000006931;154 730 073;A01;3;37;0;2;1;2;1;1.0
10622;202000006931;154 730 074;C01;3;7;0;2;4;1;1;
10623;202000006931;154 730 075;B01;3;7;0;2;4;1;1;
10624;202000006932;154 730 072;A01;2;7;0;1;1;1;1;
10625;202000006933;154 730 070;B01;2;2;0;2;8;1;1;
10626;202000006933;154 730 071;A01;1;7;0;2;1;15;1;
10627;202000006934;154 730 068;B01;2;33;0;2;1;1;1;
10628;202000006934;154 730 069;A01;1;7;0;2;3;15;1;
10629;202000006935;154 730 065;A01;1;7;0;2;1;2;1;
10630;202000006935;154 730 066;B01;1;7;0;2;4;1;1;
10631;202000006935;154 730 067;C01;1;7;0;2;4;23;1;
10632;202000006936;154 730 063;A01;0;30;0;2;1;1;1;
10633;202000006936;154 730 064;B01;2;7;0;2;5;2;1;
10634;202000006937;154 730 062;A01;2;7;0;0;0;1;1;
10635;202000006938;154 730 061;A01;1;33;0;0;8;2;1;
10636;202000006939;154 730 060;A01;0;7;0;1;2;17;1;
10637;202000006940;154 730 057;C01;2;7;0;2;4;2;1;
10638;202000006940;154 730 058;B01;2;10;0;2;4;2;1;
10639;202000006940;154 730 059;A01;2;10;0;2;1;2;1;
10640;202000006941;154 730 055;A01;1;7;0;2;8;11;1;
10641;202000006941;154 730 056;B01;1;33;0;2;2;1;1;
10642;202000006942;154 730 053;A01;3;33;0;2;1;2;1;
10643;202000006942;154 730 054;B01;3;7;0;2;3;15;1;
10644;202000006943;154 730 052;A01;1;10;0;1;2;19;1;
10645;202000006944;154 730 051;A01;3;7;8;0;7;16;1;
10646;202000006945;154 730 050;A01;0;43;11;0;1;1;1;
10647;202000006946;154 730 048;A01;0;32;0;2;1;1;1;
10648;202000006946;154 730 049;B01;0;7;0;2;2;1;1;
10649;202000006947;154 730 046;B01;0;7;0;2;2;1;1;
10650;202000006947;154 730 047;A01;0;7;0;2;3;13;1;
10651;202000006948;154 730 043;C01;2;7;0;2;4;1;1;
10652;202000006948;154 730 044;B01;2;14;0;2;1;1;1;
10653;202000006948;154 730 045;A01;2;7;0;2;1;1;1;
10654;202000006949;154 730 042;A01;1;7;0;1;1;9;1;
10655;202000006950;154 730 040;B01;2;7;0;2;3;1;1;
10656;202000006950;154 730 041;A01;1;7;0;2;2;15;1;
10657;202000006951;154 730 038;A01;0;7;0;2;2;14;1;
10658;202000006951;154 730 039;B01;0;80;0;2;3;1;3;
10659;202000006952;154 730 036;A01;1;50;0;2;1;9;3;
10660;202000006952;154 730 037;B01;2;7;0;2;3;1;1;
10661;202000006953;154 730 034;B01;0;50;0;2;0;0;3;
10662;202000006953;154 730 035;A01;0;7;0;2;0;17;1;
10663;202000006955;154 730 031;A01;0;7;0;1;1;9;1;
10664;202000006956;154 730 029;A01;1;7;0;2;1;13;1;
10665;202000006956;154 730 030;B01;2;7;0;2;1;1;1;
10666;202000006957;154 730 027;B01;2;7;0;2;1;1;1;
10667;202000006957;154 730 028;A01;1;7;0;2;1;13;1;
10668;202000006958;154 730 025;A01;1;33;0;2;1;1;1;
10669;202000006958;154 730 026;B01;2;7;0;2;1;10;1;
10670;202000006959;154 730 023;A01;1;7;0;2;1;2;1;
10671;202000006959;154 730 024;B01;1;15;0;0;4;1;1;
10672;202000006960;154 730 022;A01;1;7;6;0;1;1;1;
10673;202000006961;154 730 020;B01;0;1;0;0;8;2;0;
10674;202000006961;154 730 021;A01;3;7;0;2;7;17;0;
10675;202000006962;154 730 018;A01;1;7;0;2;1;1;1;
10676;202000006962;154 730 019;B01;1;7;0;2;4;1;1;
10677;202000006963;154 730 016;B01;3;7;0;2;4;1;1;
10678;202000006963;154 730 017;A01;3;7;0;2;2;1;1;
10679;202000006964;154 730 014;A01;1;10;10;0;1;1;1;
10680;202000006964;154 730 015;B01;1;7;0;2;1;2;1;
10681;202000006965;154 730 013;A01;1;7;0;1;1;0;1;
10682;202000006966;154 730 012;A01;2;7;0;1;1;15;1;
10683;202000006967;154 730 010;A01;2;7;0;2;1;0;1;
10684;202000006967;154 730 011;B01;2;7;0;2;4;1;1;
10685;202000006968;154 730 009;A01;3;7;8;1;1;26;1;
10686;202000006969;154 730 007;A01;2;7;13;0;3;1;1;
10687;202000006970;154 730 006;A01;1;7;0;1;4;4;1;
10688;202000006971;154 730 005;A01;0;14;0;1;7;1;1;
10689;202000006973;154 730 003;A01;1;7;15;0;2;14;1;
10690;202000006974;154 730 001;A01;1;7;0;2;3;10;1;
10691;202000006974;154 730 002;B01;2;7;0;2;1;21;1;
10692;202000006975;154 729 999;Z01;1;7;0;2;1;1;1;
10693;202000006975;154 730 000;B01;2;7;0;2;8;1;1;
10694;202000006976;154 729 997;B01;1;2;0;2;1;1;1;
10695;202000006976;154 729 998;A01;2;7;0;2;2;15;1;
10696;202000006977;154 729 995;A01;1;7;0;2;1;1;1;
10697;202000006977;154 729 996;B01;1;7;0;2;3;15;1;
10698;202000006978;154 729 993;A01;1;7;0;2;1;2;1;
10699;202000006978;154 729 994;B01;1;7;0;2;4;23;1;
10700;202000006979;154 729 992;A01;3;7;0;1;1;15;0;
10701;202000006980;154 729 991;A01;2;7;3;0;8;13;1;
10702;202000006981;154 729 989;A01;1;7;0;2;3;26;1;
10703;202000006981;154 729 990;B01;1;34;0;2;1;1;1;
10704;202000006982;154 729 988;A01;3;30;0;0;0;26;1;
10705;202000006983;154 729 986;A01;1;7;6;2;4;20;1;
10706;202000006983;154 729 987;B01;1;7;0;0;0;0;1;
10707;202000006984;154 729 984;B01;2;7;0;2;3;15;1;
10708;202000006984;154 729 985;A01;2;32;0;2;7;17;1;
10709;202000006985;154 729 982;B01;3;7;0;2;3;1;6;
10710;202000006985;154 729 983;A01;0;7;0;2;3;16;6;
10711;202000006986;154 729 980;B01;1;33;0;2;7;1;1;
10712;202000006986;154 729 981;A01;3;7;0;2;8;6;1;
10713;202000006987;154 729 979;A01;1;7;0;0;9;1;1;
10714;202000006988;154 729 973;A01;3;7;0;2;0;0;1;
10715;202000006988;154 729 974;B01;3;7;0;2;0;0;0;
10716;202000006989;154 729 970;B01;1;7;0;2;4;1;1;
10717;202000006989;154 729 971;C01;1;7;0;2;4;1;1;
10718;202000006989;154 729 972;A01;1;7;0;2;1;2;1;
10719;202000006990;154 729 968;A01;2;7;0;2;1;14;1;
10720;202000006990;154 729 969;B01;2;7;0;2;7;1;1;
10721;202000006991;154 729 967;A01;3;7;13;0;1;13;1;
10722;202000006992;154 729 966;A01;2;33;12;0;1;13;1;
10723;202000006994;154 729 963;B01;2;31;0;2;3;1;1;
10724;202000006994;154 729 964;Z01;1;7;0;2;5;1;1;
10725;202000006995;154 729 961;A01;3;7;0;2;4;4;1;
10726;202000006995;154 729 962;B01;3;1;0;2;7;1;5;
10727;202000006996;154 729 959;B01;3;7;0;2;8;15;1;
10728;202000006996;154 729 960;A01;3;2;0;2;7;17;1;
10729;202000006997;154 729 957;B01;3;30;0;2;7;17;1;
10730;202000006997;154 729 958;A01;3;7;0;2;3;15;1;
10731;202000006998;154 729 955;B01;3;10;0;2;4;23;1;
10732;202000006998;154 729 956;A01;3;10;0;2;1;1;1;
10733;202000006999;154 729 954;A01;1;7;0;1;1;15;1;
10734;202000007000;154 729 953;A01;1;99;0;0;0;1;1;
10735;202000007001;154 729 952;A01;1;30;12;0;8;13;1;
10736;202000007002;154 729 951;A01;1;7;15;0;2;15;1;
10737;202000007003;154 729 949;A01;2;7;0;2;1;1;1;
10738;202000007003;154 729 950;B01;2;7;0;2;4;1;1;
10739;202000007004;154 729 947;B01;1;50;0;2;3;1;3;
10740;202000007004;154 729 948;A01;3;7;0;2;2;1;1;
10741;202000007005;154 729 945;B01;3;7;0;2;4;2;1;
10742;202000007005;154 729 946;A01;3;7;0;2;1;2;1;
10743;202000007006;154 729 943;B01;2;33;0;2;0;0;1;
10744;202000007006;154 729 944;A01;2;7;0;2;0;0;1;
10745;202000007008;154 729 939;A01;1;7;0;2;8;10;2;
10746;202000007008;154 729 940;B01;1;33;0;2;1;1;1;
10747;202000007009;154 729 938;A01;1;7;0;1;1;1;0;
10748;202000007010;154 729 936;B01;1;2;0;2;8;1;1;
10749;202000007010;154 729 937;A01;1;7;0;2;7;16;1;
10750;202000007011;154 729 934;B01;1;7;0;2;2;14;1;
10751;202000007011;154 729 935;A01;1;30;0;2;3;18;1;
10752;202000007012;154 729 932;A01;2;7;8;1;7;19;1;
10753;202000007012;154 729 933;B01;2;7;0;2;1;19;1;
10754;202000007014;154 729 930;A01;1;7;0;1;1;15;1;
10755;202000007015;154 729 928;A01;1;1;0;2;7;19;6;
10756;202000007015;154 729 929;B01;1;7;0;2;1;1;1;
10757;202000007016;154 729 927;A01;1;10;0;1;1;15;1;
10758;202000007017;154 729 926;A01;1;0;0;0;0;0;1;
10759;202000007018;154 729 924;B01;1;0;0;2;8;1;0;
10760;202000007018;154 729 925;A01;1;7;0;2;1;1;1;
10761;202000007019;154 729 922;B01;2;99;0;2;0;0;0;
10762;202000007019;154 729 923;A01;1;32;0;2;1;0;1;
10763;202000007020;154 729 921;A01;1;7;0;1;0;0;0;
10764;202000007021;154 729 920;A01;1;7;0;1;2;1;1;
10765;202000007022;154 729 919;A01;1;7;0;1;5;1;1;
10766;202000007023;154 729 918;A01;1;33;0;0;0;26;0;
10767;202000007024;154 729 916;A01;2;7;0;2;3;15;1;
10768;202000007024;154 729 917;B01;2;30;0;2;1;1;1;
10769;202000007028;154 729 910;A01;2;7;0;1;2;1;1;
10770;202000007029;154 729 908;B01;1;33;0;2;2;1;1;
10771;202000007029;154 729 909;A01;1;7;0;2;8;11;1;
10772;202000007030;154 729 906;A01;1;7;0;2;2;26;1;
10773;202000007030;154 729 907;B01;1;7;0;2;1;5;1;
10774;202000007031;154 729 905;A01;3;7;0;1;3;15;1;
10775;202000007032;154 729 904;Z01;2;0;0;1;0;26;0;
10776;202000007033;154 729 902;B01;2;2;0;2;7;17;1;
10777;202000007033;154 729 903;A01;2;7;0;2;3;15;1;
10778;202000007034;154 729 900;B01;2;31;0;2;1;1;1;
10779;202000007034;154 729 901;A01;1;10;0;2;2;15;3;
10780;202000007035;154 729 898;A01;3;7;0;1;4;25;1;
10781;202000007035;154 729 899;B01;3;7;0;2;6;1;1;
10782;202000007036;154 729 897;A01;1;7;0;1;1;26;1;
10783;202000007037;154 729 896;A01;1;10;0;1;5;25;0;
10784;202000007038;154 729 895;A01;3;7;4;0;1;13;1;
10785;202000007039;154 729 894;A01;2;10;0;1;2;1;0;
10786;202000007040;154 729 893;A01;0;7;16;0;0;0;1;
10787;202000007041;154 729 892;A01;1;99;0;1;4;26;1;
10788;202000007042;154 729 890;B01;3;99;0;2;8;1;1;
10789;202000007042;154 729 891;A01;2;99;0;2;1;19;2;
10790;202000007043;154 729 888;B01;3;7;0;2;4;2;0;
10791;202000007043;154 729 889;A01;3;7;0;2;1;2;0;
10792;202000007044;154 729 887;A01;1;7;1;0;1;21;1;
10793;202000007045;154 729 885;B01;3;21;0;2;8;15;0;
10794;202000007045;154 729 886;A01;3;30;0;2;7;17;0;
10795;202000007046;154 729 883;A01;2;7;0;2;1;2;1;
10796;202000007046;154 729 884;B01;2;7;0;2;4;23;1;
10797;202000007047;154 729 881;B01;2;7;0;2;6;16;1;
10798;202000007047;154 729 882;A01;2;7;0;2;1;1;1;
10799;202000007048;154 729 880;A01;2;33;3;0;9;1;1;
10800;202000007049;154 729 878;A01;0;10;0;1;1;15;1;
10801;202000007050;154 729 876;B01;1;7;0;2;6;15;1;
10802;202000007050;154 729 877;A01;1;33;0;2;6;17;1;
10803;202000007051;154 729 875;A01;3;7;0;1;1;1;1;
10804;202000007052;154 729 873;B01;2;2;0;2;1;1;1;
10805;202000007052;154 729 874;A01;2;7;0;2;3;1;1;
10806;202000007053;154 729 872;MA01;3;33;0;0;0;2;1;
10807;202000007054;154 729 871;Z01;1;7;0;1;6;19;0;
10808;202000007055;154 729 869;A01;2;7;0;2;3;19;1;
10809;202000007055;154 729 870;B01;2;1;0;2;0;0;0;
10810;202000007056;154 729 867;B01;3;31;0;2;8;1;1;
10811;202000007056;154 729 868;A01;3;7;0;2;2;19;1;
10812;202000007057;154 729 866;A01;2;7;10;0;3;1;1;
10813;202000007058;154 729 864;B01;1;7;0;0;6;23;1;
10814;202000007058;154 729 865;A01;1;7;0;2;2;21;1;
10815;202000007059;154 729 862;B01;0;1;0;2;1;16;0;
10816;202000007059;154 729 863;A01;0;7;0;2;1;1;1;
10817;202000007060;154 729 860;B01;0;1;0;2;4;15;5;
10818;202000007060;154 729 861;A01;0;7;0;2;1;1;1;
10819;202000007061;154 729 859;A01;1;7;0;1;3;15;1;
10820;202000007063;154 729 850;B01;2;30;0;0;4;2;1;
10821;202000007063;154 729 851;A01;2;17;0;2;1;1;1;
10822;202000007064;154 729 848;A01;2;7;0;2;2;10;0;
10823;202000007064;154 729 849;B01;1;7;0;2;3;1;0;
10824;202000007065;154 729 847;A01;3;7;0;1;2;16;1;
10825;202000007066;154 729 846;A01;2;7;15;0;1;13;1;
10826;202000007067;154 729 843;C01;-1;7;0;2;2;1;1;
10827;202000007067;154 729 844;A01;-1;7;0;2;1;5;1;
10828;202000007067;154 729 845;B01;-1;7;0;2;1;1;2;
10829;202000007068;154 729 841;B01;3;7;0;2;1;1;1;
10830;202000007068;154 729 842;A01;3;7;0;2;1;1;1;
10831;202000007070;154 729 838;A01;3;7;0;1;7;1;1;
10832;202000007071;154 729 831;A01;0;7;0;2;2;15;1;
10833;202000007071;154 729 832;B01;0;1;0;2;1;1;5;
10834;202000007072;154 729 829;A01;0;7;0;2;1;0;1;
10835;202000007072;154 729 830;B01;0;7;0;2;7;0;1;
10836;202000007073;154 729 827;B01;2;1;0;2;3;18;5;
10837;202000007073;154 729 828;A01;2;14;0;2;7;16;1;
10838;202000007074;154 729 826;A01;1;7;0;1;1;15;1;
10839;202000007075;154 729 825;A01;1;7;0;1;2;1;1;
10840;202000007077;154 729 822;B01;3;7;0;2;7;1;1;
10841;202000007077;154 729 823;A01;3;7;0;2;2;9;1;
10842;202000007078;154 729 821;A01;1;7;0;1;1;1;1;
10843;202000007079;154 729 819;B01;1;40;0;2;1;1;3;
10844;202000007079;154 729 820;A01;1;7;0;4;2;1;1;
10845;202000007080;154 729 817;A01;1;99;0;2;4;26;1;
10846;202000007080;154 729 818;B01;1;7;0;2;4;0;1;
10847;202000007081;154 729 815;A01;3;10;0;9;7;19;5;
10848;202000007081;154 729 816;B01;3;50;0;2;2;19;3;
10849;202000007083;154 729 810;A01;1;7;8;2;2;15;1;
10850;202000007083;154 729 811;B01;2;7;0;2;3;1;1;
10851;202000007084;154 729 808;B01;2;40;0;2;2;1;3;
10852;202000007084;154 729 809;A01;1;10;0;4;3;1;1;
10853;202000007085;154 729 806;A01;1;7;0;2;8;10;1;
10854;202000007085;154 729 807;B01;2;7;0;2;1;1;1;
10855;202000007086;154 729 805;A01;1;7;0;1;1;1;1;
10856;202000007087;154 729 804;A01;1;7;0;1;1;1;1;
10857;202000007088;154 729 802;A01;2;7;0;2;3;0;1;
10858;202000007088;154 729 803;B01;2;7;0;2;3;1;1;
10859;202000007089;154 729 801;A01;1;7;0;1;1;9;1;
10860;202000007090;154 729 799;A01;1;31;0;2;2;9;1;
10861;202000007090;154 729 800;B01;1;7;0;2;3;0;1;
10862;202000007091;154 729 797;B01;2;1;0;2;1;1;5;
10863;202000007091;154 729 798;A01;1;7;0;2;1;15;1;
10864;202000007092;154 729 795;B01;1;80;0;2;8;1;3;
10865;202000007092;154 729 796;A01;2;7;0;2;1;19;1;
10866;202000007093;154 729 793;A01;1;7;0;2;1;2;1;
10867;202000007093;154 729 794;B01;1;7;0;2;4;2;1;
10868;202000007094;154 729 791;B01;1;7;0;2;4;2;1;
10869;202000007094;154 729 792;A01;1;7;0;2;1;2;0;
10870;202000007095;154 729 789;A01;1;7;0;2;6;15;1;
10871;202000007095;154 729 790;B01;1;33;0;2;1;1;1;
10872;202000007096;154 729 787;A01;2;7;0;2;3;15;1;
10873;202000007096;154 729 788;B01;2;33;0;2;1;17;1;
10874;202000007097;154 729 785;B01;1;1;0;2;5;1;5;
10875;202000007097;154 729 786;A01;1;7;0;2;3;9;1;
10876;202000007098;154 729 782;C01;1;7;0;2;4;23;1;
10877;202000007098;154 729 783;A01;1;7;0;2;1;1;1;
10878;202000007098;154 729 784;B01;1;7;0;2;4;23;1;
10879;202000007099;154 729 780;B01;1;7;0;2;3;15;1;
10880;202000007099;154 729 781;A01;1;2;0;2;3;1;1;
10881;202000007100;154 729 779;A01;2;10;0;1;8;1;1;
10882;202000007101;154 729 777;A01;1;37;0;2;1;1;1;1.0
10883;202000007101;154 729 778;B01;1;7;0;2;4;1;1;
10884;202000007102;154 729 775;A01;2;7;0;2;1;26;1;
10885;202000007102;154 729 776;B01;1;7;0;0;6;1;1;
10886;202000007103;154 729 773;B01;2;7;0;2;1;1;1;
10887;202000007103;154 729 774;A01;3;7;0;2;3;19;1;
10888;202000007104;154 729 771;B01;3;1;0;2;1;1;0;
10889;202000007104;154 729 772;A01;3;7;0;9;6;9;1;
10890;202000007105;154 729 769;B01;2;2;0;2;1;1;1;
10891;202000007105;154 729 770;A01;2;7;0;2;2;5;1;
10892;202000007107;154 729 765;B01;1;7;0;1;0;24;1;
10893;202000007107;154 729 766;A01;1;7;0;1;2;9;1;
10894;202000007108;154 729 763;B01;3;7;0;2;0;0;1;
10895;202000007108;154 729 764;A01;3;30;0;2;0;13;0;
10896;202000007109;154 729 761;A01;3;7;14;2;1;19;1;
10897;202000007109;154 729 762;B01;3;7;0;2;1;1;1;
10898;202000007111;154 729 759;A01;2;13;1;1;1;26;6;
10899;202000007112;154 729 757;A01;1;7;0;2;1;1;0;
10900;202000007112;154 729 758;B01;0;2;0;2;1;15;0;
10901;202000007113;154 729 756;A01;1;7;6;0;1;25;0;
10902;202000007114;154 729 754;B01;2;7;0;2;8;26;6;
10903;202000007114;154 729 755;A01;1;7;0;2;1;26;6;
10904;202000007115;154 729 753;A01;3;7;0;0;9;13;1;
10905;202000007116;154 729 751;B01;3;31;0;2;1;1;1;
10906;202000007116;154 729 752;A01;3;99;0;2;1;21;1;
10907;202000007117;154 729 750;A01;1;7;0;1;3;1;1;
10908;202000007118;154 729 749;A01;1;7;0;1;1;2;1;
10909;202000007119;154 729 748;A01;2;7;13;0;9;14;1;
10910;202000007120;154 729 746;A01;1;7;0;2;1;15;1;
10911;202000007120;154 729 747;C01;2;1;0;2;1;1;5;
10912;202000007121;154 729 744;B01;2;7;0;2;6;1;1;
10913;202000007121;154 729 745;A01;2;34;0;2;2;3;1;
10914;202000007122;154 729 741;B01;1;7;0;2;4;2;1;
10915;202000007122;154 729 742;C01;1;7;0;2;4;2;1;
10916;202000007122;154 729 743;A01;1;7;0;2;1;2;1;
10917;202000007123;154 729 737;B01;1;7;0;2;1;2;1;
10918;202000007123;154 729 738;A01;1;10;0;2;4;2;1;
10919;202000007123;154 729 739;D01;1;7;0;2;1;2;1;
10920;202000007123;154 729 740;C01;1;7;0;2;4;2;6;
10921;202000007124;154 729 735;A01;2;7;0;2;5;12;1;
10922;202000007124;154 729 736;B01;2;33;0;2;3;1;1;
10923;202000007125;154 729 734;A01;1;33;14;0;7;1;1;
10924;202000007126;154 729 732;A01;2;7;0;2;1;2;1;
10925;202000007126;154 729 733;B01;2;7;0;2;4;2;1;
10926;202000007127;154 729 730;B01;2;7;0;2;4;1;1;
10927;202000007127;154 729 731;A01;2;7;3;2;1;21;1;
10928;202000007128;154 729 727;A01;2;33;0;2;0;3;1;
10929;202000007128;154 729 728;B01;2;17;0;2;0;1;1;
10930;202000007128;154 729 729;C01;2;14;0;2;0;1;1;
10931;202000007129;154 729 725;A01;1;33;0;2;1;3;1;
10932;202000007129;154 729 726;B01;1;7;0;2;6;1;1;
10933;202000007131;154 729 721;A01;1;33;0;2;2;1;1;
10934;202000007131;154 729 722;B01;1;7;0;2;6;11;1;
10935;202000007134;154 729 715;B01;3;33;0;2;8;1;1;
10936;202000007134;154 729 716;A01;3;7;0;2;3;15;1;
10937;202000007135;154 729 713;B01;1;30;0;2;8;1;1;
10938;202000007135;154 729 714;A01;1;7;0;2;5;17;1;
10939;202000007136;154 729 712;A01;1;7;0;1;5;17;1;
10940;202000007137;154 729 710;B01;1;7;0;2;2;1;1;
10941;202000007137;154 729 711;A01;1;7;0;2;8;9;1;
10942;202000007138;154 729 708;B01;1;1;0;2;7;1;0;
10943;202000007138;154 729 709;A01;1;7;0;2;1;1;0;
10944;202000007139;154 729 706;A01;1;10;0;2;2;0;1;
10945;202000007139;154 729 707;B01;1;1;0;2;0;0;5;
10946;202000007140;154 729 705;A01;2;7;2;0;3;26;2;
10947;202000007141;154 729 703;A01;3;7;0;2;5;15;1;
10948;202000007141;154 729 704;B01;3;33;0;2;1;1;1;
10949;202000007142;154 729 701;A01;1;31;0;2;0;1;1;
10950;202000007142;154 729 702;B01;3;7;0;2;8;9;1;
10951;202000007143;154 729 698;B01;2;7;0;2;1;1;1;
10952;202000007143;154 729 699;C01;1;7;0;2;1;1;1;
10953;202000007143;154 729 700;A01;2;7;0;2;1;1;1;
10954;202000007144;154 729 696;B01;1;7;0;2;5;1;1;
10955;202000007144;154 729 697;A01;1;7;12;2;8;13;1;
10956;202000007145;154 729 695;A01;2;33;0;0;0;17;0;
10957;202000007146;154 729 693;A01;3;7;0;9;3;9;1;
10958;202000007146;154 729 694;B01;3;50;0;2;7;1;3;
10959;202000007147;154 729 691;A01;1;33;0;2;3;26;1;
10960;202000007147;154 729 692;B01;1;7;0;2;7;12;1;
10961;202000007148;154 729 689;A01;0;10;0;2;5;15;1;
10962;202000007148;154 729 690;B01;0;31;0;2;1;1;1;
10963;202000007149;154 729 687;A01;3;50;0;2;0;1;3;
10964;202000007149;154 729 688;B01;3;7;0;2;0;1;1;
10965;202000007150;154 729 686;A01;2;10;15;0;2;1;1;
10966;202000007151;154 729 684;B01;1;7;0;2;4;1;0;
10967;202000007151;154 729 685;A01;1;1;0;2;1;1;5;
10968;202000007152;154 729 682;A01;0;10;0;2;2;16;1;
10969;202000007152;154 729 683;B01;3;1;0;2;1;15;0;
10970;202000007153;154 729 680;B01;1;60;0;2;1;25;5;
10971;202000007153;154 729 681;A01;3;10;0;2;2;19;1;
10972;202000007154;154 729 678;A01;1;30;0;2;1;16;1;
10973;202000007154;154 729 679;B01;2;7;0;2;7;1;1;
10974;202000007155;154 729 677;A01;2;33;14;0;1;9;1;
10975;202000007157;154 729 674;A01;2;32;0;1;7;1;1;
10976;202000007158;154 729 672;B01;3;7;0;2;3;9;1;
10977;202000007158;154 729 673;A01;3;30;0;2;1;1;1;
10978;202000007159;154 729 670;B01;1;7;0;1;7;0;1;
10979;202000007159;154 729 671;A01;1;10;1;0;8;13;1;
10980;202000007160;154 729 668;A01;1;99;0;2;1;2;1;
10981;202000007160;154 729 669;B01;1;7;0;2;6;15;1;
10982;202000007161;154 729 667;A01;1;7;0;1;7;9;1;
10983;202000007162;154 729 665;A01;2;7;0;2;2;15;1;
10984;202000007162;154 729 666;B01;1;7;0;2;2;15;1;
10985;202000007163;154 729 663;A01;2;1;0;2;1;2;5;
10986;202000007163;154 729 664;B01;2;13;0;2;4;2;1;
10987;202000007164;154 729 661;A01;1;7;0;2;3;10;1;
10988;202000007164;154 729 662;B01;1;30;0;2;2;3;1;
10989;202000007165;154 729 659;B01;3;7;0;2;4;1;1;
10990;202000007165;154 729 660;A01;3;1;0;2;3;1;5;
10991;202000007166;154 729 657;B01;3;7;0;2;1;19;1;
10992;202000007166;154 729 658;A01;3;7;0;2;7;19;1;
10993;202000007167;154 729 655;A01;3;7;0;2;1;9;1;
10994;202000007167;154 729 656;B01;3;1;0;2;1;2;5;
10995;202000007170;154 729 649;B01;1;1;0;2;1;19;5;
10996;202000007170;154 729 650;A01;3;7;0;2;2;16;1;
10997;202000007171;154 729 648;A01;1;7;0;1;8;1;1;
10998;202000007172;154 729 647;A01;0;1;0;1;1;26;5;
10999;202000007173;154 729 645;B01;0;7;10;2;3;1;1;
11000;202000007173;154 729 646;A01;0;7;0;2;1;5;1;
11001;202000007174;154 729 643;A01;2;7;0;2;2;1;1;
11002;202000007174;154 729 644;B01;2;7;0;2;3;1;1;
11003;202000007175;154 729 641;B01;1;7;0;2;1;9;1;
11004;202000007175;154 729 642;A01;2;7;0;2;7;1;1;
11005;202000007176;154 729 639;B01;2;1;0;2;4;1;5;
11006;202000007176;154 729 640;A01;1;7;0;2;1;1;1;
11007;202000007177;154 729 637;B01;1;1;0;2;1;9;5;
11008;202000007177;154 729 638;A01;2;7;0;2;0;9;1;
11009;202000007179;154 729 633;A01;1;7;0;2;3;19;1;
11010;202000007179;154 729 634;B01;1;1;0;2;1;1;5;
11011;202000007180;154 729 631;A01;1;10;0;2;3;17;1;
11012;202000007180;154 729 632;B01;2;32;0;2;1;1;1;
11013;202000007181;154 729 630;A01;3;7;0;1;2;1;1;
11014;202000007183;154 729 626;B01;0;1;0;0;0;0;5;
11015;202000007183;154 729 627;A01;0;7;0;2;1;1;1;
11016;202000007184;154 729 624;B01;1;7;0;2;4;1;0;
11017;202000007184;154 729 625;A01;1;1;0;2;1;26;0;
11018;202000007185;154 729 622;B01;2;10;0;2;3;1;1;
11019;202000007185;154 729 623;A01;1;31;0;2;3;13;1;
11020;202000007186;154 729 620;A01;2;7;0;2;2;9;1;
11021;202000007186;154 729 621;B01;1;1;0;2;1;2;0;
11022;202000007187;154 729 619;A01;1;7;0;1;2;2;1;
11023;202000007188;154 729 617;B01;2;7;0;2;7;1;1;
11024;202000007188;154 729 618;A01;1;7;0;2;1;1;1;
11025;202000007189;154 729 615;A01;1;7;0;2;1;5;1;
11026;202000007189;154 729 616;B01;2;34;0;2;1;1;1;
11027;202000007190;154 729 613;B01;2;42;0;2;1;2;1;
11028;202000007190;154 729 614;A01;1;7;0;2;3;15;1;
11029;202000007191;154 729 611;A01;0;33;1;0;3;1;0;
11030;202000007191;154 729 612;B01;0;10;1;2;3;0;0;
11031;202000007192;154 729 609;A01;1;32;0;2;1;1;1;
11032;202000007192;154 729 610;B01;1;7;0;2;3;1;1;
11033;202000007193;154 729 608;A01;2;7;9;1;4;20;0;
11034;202000007194;154 729 607;A01;3;33;12;0;1;1;1;
11035;202000007195;154 729 605;A01;3;7;0;2;1;15;1;
11036;202000007195;154 729 606;B01;2;2;0;2;3;23;1;
11037;202000007196;154 729 602;A01;1;30;0;2;2;17;1;