;Num_Acc;id_vehicule;num_veh;senc;catv;obs;obsm;choc;manv;motor;occutc
11038;202000007196;154 729 603;C01;1;7;0;2;3;23;1;
11039;202000007196;154 729 604;B01;1;33;0;2;2;23;1;
11040;202000007197;154 729 600;B01;1;7;0;2;6;1;1;
11041;202000007197;154 729 601;A01;2;7;0;2;3;15;1;
11042;202000007198;154 729 599;A01;1;30;15;0;1;1;1;
11043;202000007199;154 729 597;B01;2;7;0;2;3;1;1;
11044;202000007199;154 729 598;A01;1;7;0;2;8;1;1;
11045;202000007200;154 729 596;A01;3;7;0;1;1;16;1;
11046;202000007201;154 729 594;B01;1;7;0;0;0;0;1;
11047;202000007201;154 729 595;A01;1;30;0;2;4;26;1;
11048;202000007202;154 729 591;C01;1;33;0;2;2;3;1;
11049;202000007202;154 729 592;B01;1;7;0;2;7;13;1;
11050;202000007202;154 729 593;A01;1;14;0;2;8;11;1;
11051;202000007204;154 729 587;A01;2;32;0;2;0;17;1;
11052;202000007204;154 729 588;B01;1;80;0;2;0;1;3;
11053;202000007205;154 729 586;Z01;2;7;0;1;8;1;1;
11054;202000007206;154 729 585;Z01;3;7;6;0;1;26;1;
11055;202000007207;154 729 583;B01;1;30;0;2;4;1;1;
11056;202000007207;154 729 584;A01;1;7;0;2;1;14;1;
11057;202000007208;154 729 582;A01;1;31;0;1;0;1;1;
11058;202000007210;154 729 578;B01;1;10;0;0;5;1;1;
11059;202000007210;154 729 579;A01;1;30;0;2;0;2;1;
11060;202000007211;154 729 576;B01;1;7;0;2;0;16;1;
11061;202000007211;154 729 577;A01;1;1;0;2;1;1;5;
11062;202000007212;154 729 574;A01;1;32;0;2;1;1;1;
11063;202000007212;154 729 575;B01;2;7;0;2;3;15;1;
11064;202000007213;154 729 573;A01;2;10;0;1;1;1;1;
11065;202000007214;154 729 571;A01;2;1;0;2;2;1;5;
11066;202000007214;154 729 572;B01;2;7;0;2;8;22;2;
11067;202000007215;154 729 569;B01;1;30;0;2;4;23;3;
11068;202000007215;154 729 570;A01;1;7;0;2;2;2;1;
11069;202000007216;154 729 567;B01;1;7;0;2;3;9;1;
11070;202000007216;154 729 568;A01;1;30;0;2;7;17;1;
11071;202000007217;154 729 566;A01;3;1;0;2;0;21;5;
11072;202000007218;154 729 564;A01;2;7;0;2;3;9;1;
11073;202000007218;154 729 565;B01;2;1;0;2;1;1;5;
11074;202000007219;154 729 562;B01;2;1;0;2;1;1;5;
11075;202000007219;154 729 563;A01;2;1;0;2;8;15;5;
11076;202000007220;154 729 561;A01;1;1;0;1;1;1;5;
11077;202000007221;154 729 559;A01;1;10;0;2;7;16;1;
11078;202000007221;154 729 560;B01;1;1;0;2;1;1;5;
11079;202000007223;154 729 555;A01;3;7;0;2;5;16;1;
11080;202000007223;154 729 556;B01;3;1;0;2;1;1;5;
11081;202000007224;154 729 553;A01;1;7;0;2;1;26;0;
11082;202000007224;154 729 554;B01;1;32;0;0;4;23;0;
11083;202000007225;154 729 552;A01;2;7;0;1;2;1;1;
11084;202000007226;154 729 550;A01;1;7;1;0;3;26;0;
11085;202000007226;154 729 551;B01;1;7;0;2;5;2;0;
11086;202000007227;154 729 548;B01;2;33;0;2;1;2;1;
11087;202000007227;154 729 549;A01;1;7;0;2;3;15;1;
11088;202000007229;154 729 545;A01;1;7;0;1;1;1;1;
11089;202000007231;154 729 542;B01;1;2;0;2;6;24;1;
11090;202000007231;154 729 543;A01;3;7;0;2;6;26;0;
11091;202000007232;154 729 541;A01;2;7;0;1;2;1;1;
11092;202000007233;154 729 539;A01;1;7;0;2;2;1;1;
11093;202000007233;154 729 540;B01;1;50;0;2;0;15;3;
11094;202000007235;154 729 536;A01;1;7;0;2;2;26;6;
11095;202000007235;154 729 537;B01;1;7;0;2;6;1;1;
11096;202000007236;154 729 534;B01;0;31;0;0;0;0;0;
11097;202000007236;154 729 535;A01;0;7;1;2;2;24;0;
11098;202000007238;154 729 531;A01;3;31;1;0;8;26;0;
11099;202000007239;154 729 529;B01;3;7;0;2;7;1;1;
11100;202000007239;154 729 530;A01;1;7;0;2;1;1;1;
11101;202000007240;154 729 528;A01;2;1;0;0;0;1;5;
11102;202000007241;154 729 526;B01;1;38;0;2;2;23;1;1.0
11103;202000007241;154 729 527;A01;2;30;0;2;2;13;1;
11104;202000007242;154 729 524;A01;1;31;0;9;8;15;1;
11105;202000007242;154 729 525;B01;2;99;0;2;3;16;3;
11106;202000007243;154 729 522;B01;2;7;0;2;2;1;1;
11107;202000007243;154 729 523;A01;2;7;0;2;3;9;1;
11108;202000007244;154 729 521;A01;1;7;2;0;2;1;1;
11109;202000007245;154 729 518;B01;1;2;0;2;7;1;1;
11110;202000007245;154 729 519;C01;1;7;0;2;1;0;1;
11111;202000007245;154 729 520;A01;1;7;0;2;1;1;1;
11112;202000007246;154 729 516;B01;2;15;0;2;2;1;1;
11113;202000007246;154 729 517;A01;2;7;0;2;3;19;1;
11114;202000007247;154 729 513;A01;2;7;0;2;3;17;1;
11115;202000007247;154 729 514;B01;1;7;0;2;6;1;1;
11116;202000007247;154 729 515;C01;1;7;0;2;1;1;1;
11117;202000007248;154 729 511;B01;2;7;0;2;1;1;1;
11118;202000007248;154 729 512;A01;1;7;0;2;1;13;1;
11119;202000007249;154 729 509;A01;0;7;0;2;1;17;1;
11120;202000007249;154 729 510;B01;0;7;0;2;1;1;1;
11121;202000007250;154 729 507;B01;1;1;0;2;8;1;5;
11122;202000007250;154 729 508;A01;1;15;0;2;6;17;1;
11123;202000007251;154 729 505;A01;1;14;0;9;2;17;1;
11124;202000007251;154 729 506;B01;1;1;0;2;3;15;5;
11125;202000007252;154 729 503;A01;2;7;0;2;1;15;1;
11126;202000007252;154 729 504;B01;1;31;0;2;1;1;1;
11127;202000007253;154 729 501;B01;1;2;0;2;1;1;1;
11128;202000007253;154 729 502;A01;0;7;0;2;3;9;1;
11129;202000007254;154 729 499;A01;2;33;0;2;1;17;1;
11130;202000007254;154 729 500;B01;2;21;0;2;4;15;1;
11131;202000007255;154 729 497;B01;2;10;0;2;1;5;1;
11132;202000007255;154 729 498;A01;1;14;0;2;1;5;1;
11133;202000007257;154 729 494;A01;2;7;0;2;3;15;1;
11134;202000007257;154 729 495;B01;2;33;0;2;0;1;1;
11135;202000007258;154 729 492;A01;3;7;0;2;3;1;1;
11136;202000007258;154 729 493;B01;3;7;0;2;3;15;1;
11137;202000007259;154 729 491;A01;3;33;13;0;3;1;1;
11138;202000007260;154 729 489;A01;1;7;0;2;1;13;1;
11139;202000007260;154 729 490;B01;2;7;0;2;1;1;1;
11140;202000007261;154 729 487;A01;2;7;0;9;7;2;1;
11141;202000007261;154 729 488;B01;2;1;0;2;8;2;5;
11142;202000007265;154 729 479;A01;1;7;0;2;2;17;1;
11143;202000007265;154 729 480;B01;1;1;0;2;4;1;5;
11144;202000007266;154 729 477;A01;1;31;0;2;1;13;1;
11145;202000007266;154 729 478;B01;2;30;0;2;1;1;1;
11146;202000007267;154 729 476;A01;2;31;0;6;1;1;1;
11147;202000007268;154 729 474;B01;2;7;0;2;1;1;1;
11148;202000007268;154 729 475;A01;1;33;0;2;1;13;1;
11149;202000007269;154 729 471;B01;3;7;13;2;3;1;1;
11150;202000007269;154 729 472;A01;3;7;0;2;3;13;1;
11151;202000007270;154 729 469;A01;1;7;0;2;7;2;1;
11152;202000007270;154 729 470;B01;1;1;0;0;7;2;5;
11153;202000007271;154 729 467;A01;1;7;0;2;1;15;1;
11154;202000007271;154 729 468;B01;2;2;15;2;1;1;1;
11155;202000007272;154 729 466;A01;1;33;3;0;3;1;1;
11156;202000007273;154 729 464;B01;1;7;0;2;3;15;1;
11157;202000007273;154 729 465;A01;1;7;0;2;7;17;1;
11158;202000007274;154 729 462;A01;1;33;0;2;8;1;1;
11159;202000007274;154 729 463;B01;2;7;0;2;8;1;1;
11160;202000007275;154 729 460;B01;1;2;0;0;6;15;1;
11161;202000007275;154 729 461;A01;1;7;0;2;1;17;1;
11162;202000007276;154 729 459;A01;3;7;6;0;1;1;1;
11163;202000007277;154 729 456;B01;3;2;0;2;6;1;1;
11164;202000007277;154 729 457;A01;3;7;0;2;5;13;1;
11165;202000007278;154 729 454;B01;2;7;0;2;2;17;1;
11166;202000007278;154 729 455;A01;2;1;0;0;4;13;5;
11167;202000007279;154 729 452;B01;2;7;8;2;8;1;1;
11168;202000007279;154 729 453;A01;2;7;0;2;1;15;1;
11169;202000007280;154 729 450;A01;2;7;0;2;7;1;1;
11170;202000007280;154 729 451;B01;2;7;0;2;1;1;1;
11171;202000007281;154 729 448;B01;2;10;0;0;4;1;1;
11172;202000007281;154 729 449;A01;2;7;7;2;2;1;1;
11173;202000007282;154 729 446;B01;1;7;0;2;7;12;1;
11174;202000007282;154 729 447;A01;1;33;0;2;3;3;1;
11175;202000007284;154 729 443;A01;2;7;15;0;2;1;1;
11176;202000007285;154 729 441;A01;3;7;0;9;2;1;1;
11177;202000007285;154 729 442;B01;3;1;0;2;1;25;5;
11178;202000007286;154 729 439;A01;2;7;0;2;5;15;1;
11179;202000007286;154 729 440;B01;1;1;0;2;1;1;5;
11180;202000007288;154 729 435;B01;3;1;0;2;8;1;5;
11181;202000007288;154 729 436;A01;3;7;0;2;1;1;1;
11182;202000007289;154 729 434;A01;1;33;16;0;9;1;1;
11183;202000007291;154 729 430;B01;1;33;0;2;1;1;1;
11184;202000007291;154 729 431;A01;2;15;0;2;3;9;1;
11185;202000007292;154 729 429;A01;1;7;16;0;0;1;1;
11186;202000007293;154 729 427;B01;3;7;0;2;2;1;6;
11187;202000007293;154 729 428;A01;3;15;0;0;6;23;1;
11188;202000007294;154 729 426;A01;2;7;0;0;3;1;0;
11189;202000007295;154 729 424;B01;2;21;0;0;4;1;1;
11190;202000007295;154 729 425;A01;2;10;0;2;1;2;1;
11191;202000007296;154 729 422;B01;2;33;0;2;1;1;1;
11192;202000007296;154 729 423;A01;1;7;0;2;3;11;1;
11193;202000007297;154 729 420;B01;1;15;0;0;0;26;1;
11194;202000007297;154 729 421;A01;0;33;0;0;0;1;1;
11195;202000007298;154 729 418;B01;2;7;0;0;6;15;1;
11196;202000007298;154 729 419;A01;2;33;0;2;1;17;1;
11197;202000007299;154 729 417;A01;1;33;0;0;0;0;0;
11198;202000007300;154 729 415;A01;1;2;0;2;8;19;1;
11199;202000007300;154 729 416;B01;1;10;0;2;1;1;1;
11200;202000007301;154 729 413;A01;1;7;0;9;2;17;1;
11201;202000007301;154 729 414;B01;2;99;0;2;8;1;5;
11202;202000007302;154 729 411;B01;2;7;0;2;8;15;1;
11203;202000007302;154 729 412;A01;2;33;0;2;1;1;1;
11204;202000007303;154 729 409;A01;0;2;0;9;0;1;1;
11205;202000007303;154 729 410;B01;0;1;0;0;1;19;5;
11206;202000007304;154 729 408;A01;2;33;3;0;8;1;1;
11207;202000007305;154 729 406;A01;2;7;0;2;3;1;1;
11208;202000007305;154 729 407;B01;1;15;0;2;8;1;1;
11209;202000007306;154 729 405;A01;2;15;3;0;3;0;1;
11210;202000007307;154 729 404;A01;1;7;0;1;1;1;1;
11211;202000007309;154 729 399;C01;2;7;0;0;0;0;2;
11212;202000007309;154 729 400;A01;2;7;0;0;0;0;1;
11213;202000007309;154 729 401;B01;2;7;0;0;0;0;1;
11214;202000007311;154 729 394;A01;2;7;0;2;2;1;1;
11215;202000007311;154 729 395;B01;2;7;0;2;8;1;1;
11216;202000007312;154 729 390;D01;2;7;0;2;4;2;1;
11217;202000007312;154 729 391;C01;2;7;0;2;4;2;1;
11218;202000007312;154 729 392;A01;2;7;0;2;1;2;1;
11219;202000007312;154 729 393;B01;2;7;0;2;4;2;1;
11220;202000007313;154 729 388;A01;2;7;0;2;3;9;1;
11221;202000007313;154 729 389;B01;2;15;0;2;7;1;1;
11222;202000007314;154 729 387;A01;1;7;4;0;1;1;1;
11223;202000007315;154 729 384;C01;1;7;0;2;4;2;1;
11224;202000007315;154 729 385;B01;1;7;0;2;4;2;1;
11225;202000007315;154 729 386;A01;1;7;0;2;1;2;1;
11226;202000007317;154 729 380;C01;1;7;0;2;3;1;1;
11227;202000007317;154 729 381;B01;1;7;0;2;7;1;2;
11228;202000007317;154 729 382;A01;1;7;0;2;8;1;1;
11229;202000007318;154 729 377;C01;1;7;0;2;8;12;1;
11230;202000007318;154 729 378;B01;1;33;0;2;8;3;1;
11231;202000007318;154 729 379;A01;1;7;0;2;2;17;1;
11232;202000007319;154 729 373;B01;2;7;0;2;3;15;0;
11233;202000007319;154 729 374;A01;2;33;1;2;5;3;0;
11234;202000007320;154 729 371;A01;3;7;0;2;3;16;1;
11235;202000007320;154 729 372;B01;3;7;0;2;5;16;1;
11236;202000007321;154 729 369;A01;3;7;0;2;7;16;1;
11237;202000007321;154 729 370;B01;3;60;0;2;1;13;5;
11238;202000007322;154 729 368;A01;2;7;0;1;2;1;1;
11239;202000007323;154 729 366;B01;2;7;0;2;4;1;1;
11240;202000007323;154 729 367;A01;2;7;0;2;1;1;1;
11241;202000007324;154 729 365;A01;1;99;0;1;0;16;0;
11242;202000007325;154 729 363;A01;0;7;0;2;3;16;1;
11243;202000007325;154 729 364;B01;2;1;0;2;0;19;5;
11244;202000007326;154 729 361;B01;2;7;0;2;1;1;1;
11245;202000007326;154 729 362;A01;1;50;0;2;7;1;3;
11246;202000007327;154 729 360;A01;1;7;0;1;1;1;1;
11247;202000007328;154 729 359;A01;1;7;0;1;7;21;1;
11248;202000007329;154 729 358;A01;2;10;0;1;2;1;1;
11249;202000007332;154 729 353;A01;3;7;0;2;2;1;0;
11250;202000007332;154 729 354;B01;3;36;0;2;3;1;0;
11251;202000007333;154 729 352;A01;0;7;0;1;1;1;-1;
11252;202000007334;154 729 350;A01;2;7;0;2;3;9;1;
11253;202000007334;154 729 351;B01;3;30;0;2;7;1;1;
11254;202000007335;154 729 347;C01;3;7;0;2;8;23;1;
11255;202000007335;154 729 348;B01;3;1;0;2;8;19;5;
11256;202000007335;154 729 349;A01;2;7;0;2;1;15;1;
11257;202000007336;154 729 345;B01;1;7;0;2;4;1;1;
11258;202000007336;154 729 346;A01;1;7;0;2;1;1;1;
11259;202000007337;154 729 343;B01;1;7;0;2;2;1;1;
11260;202000007337;154 729 344;A01;1;7;0;2;3;1;1;
11261;202000007338;154 729 342;A01;1;7;0;1;1;1;1;
11262;202000007340;154 729 337;B01;1;1;0;2;1;0;5;
11263;202000007340;154 729 338;A01;1;30;0;2;0;0;1;
11264;202000007341;154 729 336;A01;2;7;0;1;2;9;1;
11265;202000007342;154 729 334;B01;3;7;0;2;1;1;1;
11266;202000007342;154 729 335;A01;3;7;0;2;1;1;1;
11267;202000007343;154 729 333;A01;1;7;0;1;1;1;1;
11268;202000007344;154 729 332;A01;3;10;2;0;1;0;1;
11269;202000007345;154 729 331;A01;2;33;3;0;8;3;1;
11270;202000007346;154 729 329;A01;2;7;0;2;2;1;1;
11271;202000007346;154 729 330;B01;2;7;0;2;1;1;1;
11272;202000007347;154 729 327;A01;2;7;0;2;1;2;1;
11273;202000007347;154 729 328;B01;2;7;0;2;6;1;1;
11274;202000007348;154 729 326;A01;1;7;0;1;2;26;1;
11275;202000007349;154 729 323;A01;0;7;0;2;1;2;1;
11276;202000007349;154 729 324;B01;0;7;0;2;4;2;1;
11277;202000007349;154 729 325;C01;0;7;0;2;4;2;1;
11278;202000007350;154 729 321;A01;2;7;0;2;2;1;1;
11279;202000007350;154 729 322;B01;2;2;0;2;4;2;1;
11280;202000007351;154 729 319;A01;1;30;0;2;7;15;1;
11281;202000007351;154 729 320;B01;1;7;0;2;1;1;1;
11282;202000007352;154 729 318;A01;2;7;0;1;1;15;1;
11283;202000007353;154 729 316;B01;3;13;0;2;8;1;1;
11284;202000007353;154 729 317;A01;3;7;0;2;3;26;1;
11285;202000007354;154 729 314;B01;0;10;0;2;4;1;1;
11286;202000007354;154 729 315;A01;0;33;0;2;1;1;1;
11287;202000007355;154 729 312;A01;1;60;0;0;1;1;5;
11288;202000007355;154 729 313;B01;1;7;0;0;0;1;1;
11289;202000007356;154 729 310;A01;1;7;0;2;7;13;1;
11290;202000007356;154 729 311;B01;2;10;0;2;1;1;1;
11291;202000007357;154 729 308;B01;1;2;0;2;1;19;1;
11292;202000007357;154 729 309;A01;1;10;0;2;8;19;1;
11293;202000007358;154 729 306;B01;2;80;0;2;1;1;3;
11294;202000007358;154 729 307;A01;2;7;0;2;8;24;0;
11295;202000007359;154 729 304;B01;2;1;0;2;1;0;5;
11296;202000007359;154 729 305;A01;2;7;0;2;1;9;1;
11297;202000007360;154 729 302;A01;1;1;0;2;7;2;5;
11298;202000007360;154 729 303;B01;1;14;0;2;7;2;1;
11299;202000007361;154 729 300;A01;1;7;6;2;1;19;1;
11300;202000007361;154 729 301;B01;1;7;0;2;2;1;1;
11301;202000007363;154 729 297;A01;2;32;0;2;1;3;1;
11302;202000007363;154 729 298;B01;1;7;0;2;8;15;1;
11303;202000007364;154 729 295;A01;1;33;0;2;1;19;1;
11304;202000007364;154 729 296;B01;1;7;0;2;3;1;1;
11305;202000007365;154 729 293;A01;3;7;0;2;2;5;0;
11306;202000007365;154 729 294;B01;1;7;0;2;3;15;1;
11307;202000007366;154 729 291;A01;3;7;0;2;8;26;1;
11308;202000007366;154 729 292;Z01;3;7;0;2;1;15;0;
11309;202000007367;154 729 289;B01;3;7;0;0;0;2;1;
11310;202000007367;154 729 290;A01;3;7;0;0;1;2;1;
11311;202000007368;154 729 287;B01;1;15;0;2;4;23;1;
11312;202000007368;154 729 288;A01;1;7;0;2;1;26;1;
11313;202000007369;154 729 285;A01;1;7;0;2;5;10;1;
11314;202000007369;154 729 286;B01;2;7;0;2;1;1;1;
11315;202000007370;154 729 279;B01;3;7;0;2;8;24;1;
11316;202000007370;154 729 280;A01;3;7;1;0;1;24;1;
11317;202000007371;154 729 277;A01;2;36;0;2;1;9;1;
11318;202000007371;154 729 278;B01;1;7;0;2;5;15;1;
11319;202000007372;154 729 275;B01;1;7;0;2;4;2;1;
11320;202000007372;154 729 276;A01;1;31;0;2;1;2;1;
11321;202000007373;154 729 274;A01;1;32;0;0;8;1;1;
11322;202000007375;154 729 270;A01;2;7;0;1;2;1;1;
11323;202000007376;154 729 269;A01;0;7;0;1;2;1;1;
11324;202000007377;154 729 267;A01;2;7;0;2;3;15;1;
11325;202000007377;154 729 268;B01;1;30;0;2;3;1;1;
11326;202000007379;154 729 263;B01;2;33;0;2;4;2;1;
11327;202000007379;154 729 264;A01;2;7;0;2;1;2;1;
11328;202000007380;154 729 261;A01;1;43;0;2;4;2;1;
11329;202000007380;154 729 262;B01;1;7;0;2;4;23;1;
11330;202000007382;154 729 257;A01;3;1;0;2;3;15;5;
11331;202000007382;154 729 258;Z01;3;10;0;2;0;0;0;
11332;202000007384;154 729 255;A01;2;7;0;1;3;7;1;
11333;202000007385;154 729 253;A01;2;7;0;2;1;15;1;
11334;202000007385;154 729 254;B01;1;50;0;2;1;1;3;
11335;202000007386;154 729 251;A01;2;7;0;2;3;15;1;
11336;202000007386;154 729 252;B01;2;30;0;2;1;3;1;
11337;202000007388;154 729 248;A01;2;34;0;2;1;2;1;
11338;202000007388;154 729 249;B01;2;7;0;2;5;23;1;
11339;202000007389;154 729 246;Z01;1;7;0;2;0;14;0;
11340;202000007389;154 729 247;A01;1;33;0;2;3;3;1;
11341;202000007392;154 729 240;A01;3;10;0;2;7;1;1;
11342;202000007392;154 729 241;B01;3;1;0;2;2;1;5;
11343;202000007393;154 729 238;A01;2;10;0;2;2;1;1;
11344;202000007393;154 729 239;B01;2;30;0;2;8;1;1;
11345;202000007394;154 729 236;B01;1;1;0;2;4;2;5;
11346;202000007394;154 729 237;A01;1;30;0;2;1;2;1;
11347;202000007395;154 729 235;A01;2;50;0;1;1;1;3;
11348;202000007396;154 729 233;A01;2;50;0;2;1;7;3;
11349;202000007396;154 729 234;B01;2;7;0;2;7;16;1;
11350;202000007397;154 729 231;B01;3;7;0;2;3;1;0;
11351;202000007397;154 729 232;A01;1;7;0;2;1;1;0;
11352;202000007398;154 729 230;A01;2;32;0;1;1;26;1;
11353;202000007400;154 729 227;B01;1;99;0;0;8;15;1;
11354;202000007400;154 729 228;A01;1;14;0;2;1;17;1;
11355;202000007401;154 729 225;B01;1;0;0;2;4;1;0;
11356;202000007401;154 729 226;A01;1;32;4;2;1;2;0;
11357;202000007402;154 729 224;A01;2;7;0;1;1;1;1;
11358;202000007403;154 729 222;A01;2;7;0;2;2;9;1;
11359;202000007403;154 729 223;B01;2;33;0;2;1;1;1;
11360;202000007405;154 729 219;B01;1;34;0;2;4;26;1;
11361;202000007405;154 729 220;A01;1;7;0;2;1;2;1;
11362;202000007406;154 729 217;B01;3;7;0;2;6;0;1;
11363;202000007406;154 729 218;A01;3;7;0;9;2;14;1;
11364;202000007407;154 729 215;B01;1;10;0;2;3;23;1;
11365;202000007407;154 729 216;A01;2;33;0;2;1;1;1;
11366;202000007408;154 729 213;B01;3;1;0;2;2;19;5;
11367;202000007408;154 729 214;A01;2;7;0;9;3;1;1;
11368;202000007409;154 729 210;B01;1;7;0;2;1;9;1;
11369;202000007409;154 729 211;C01;2;1;0;2;3;1;5;
11370;202000007409;154 729 212;A01;1;10;0;2;5;17;1;
11371;202000007411;154 729 208;A01;2;7;0;1;3;1;1;
11372;202000007412;154 729 206;A01;1;7;0;2;8;10;1;
11373;202000007412;154 729 207;B01;1;30;0;2;1;1;3;
11374;202000007413;154 729 205;A01;1;30;0;0;8;2;1;
11375;202000007414;154 729 204;A01;1;7;13;0;2;1;1;
11376;202000007415;154 729 202;B01;2;2;0;0;4;1;1;
11377;202000007415;154 729 203;A01;2;7;0;2;1;2;1;
11378;202000007416;154 729 200;A01;2;7;0;2;1;5;1;
11379;202000007416;154 729 201;B01;1;14;0;2;1;1;1;
11380;202000007417;154 729 198;B01;2;17;0;2;6;1;1;
11381;202000007417;154 729 199;A01;2;7;0;2;1;0;1;
11382;202000007418;154 729 197;A01;1;7;0;1;1;1;1;
11383;202000007419;154 729 194;C01;2;17;0;2;6;2;1;
11384;202000007419;154 729 195;A01;2;7;4;0;3;21;1;
11385;202000007419;154 729 196;B01;2;7;3;2;8;17;1;
11386;202000007420;154 729 192;A01;1;7;0;2;1;5;0;
11387;202000007420;154 729 193;B01;2;7;0;2;3;1;0;
11388;202000007421;154 729 190;A01;2;7;0;2;6;17;1;
11389;202000007421;154 729 191;B01;2;33;0;2;1;17;1;
11390;202000007422;154 729 188;A01;0;10;0;2;7;26;1;
11391;202000007422;154 729 189;B01;0;7;3;2;1;9;1;
11392;202000007423;154 729 187;A01;1;7;0;1;2;1;1;
11393;202000007424;154 729 186;A01;1;7;0;1;1;1;1;
11394;202000007425;154 729 183;A01;2;7;0;2;3;13;1;
11395;202000007425;154 729 184;B01;1;14;0;2;3;1;1;
11396;202000007426;154 729 181;B01;2;7;0;2;5;19;0;
11397;202000007426;154 729 182;A01;1;7;0;2;1;21;6;
11398;202000007427;154 729 180;A01;1;7;0;1;3;1;1;
11399;202000007428;154 729 178;A01;3;7;0;2;2;16;0;
11400;202000007428;154 729 179;B01;0;60;0;2;0;23;5;
11401;202000007429;154 729 177;A01;3;7;2;0;1;0;1;
11402;202000007430;154 729 175;B01;1;7;0;2;1;1;1;
11403;202000007430;154 729 176;A01;2;7;0;2;1;13;1;
11404;202000007432;154 729 169;A01;1;7;7;2;7;19;1;
11405;202000007432;154 729 170;B01;2;7;0;2;1;1;1;
11406;202000007433;154 729 167;A01;2;3;0;2;1;13;1;
11407;202000007433;154 729 168;B01;1;7;0;2;1;1;1;
11408;202000007434;154 729 162;E01;2;7;0;2;1;1;1;
11409;202000007434;154 729 163;D01;2;7;0;2;8;1;1;
11410;202000007434;154 729 164;C01;2;7;0;2;8;1;1;
11411;202000007434;154 729 165;B01;2;7;0;2;8;1;1;
11412;202000007434;154 729 166;A01;1;7;0;2;1;13;1;
11413;202000007435;154 729 161;A01;0;7;8;0;8;0;1;
11414;202000007436;154 729 160;A01;0;7;0;1;2;1;1;
11415;202000007437;154 729 158;B01;3;7;0;2;1;1;1;
11416;202000007437;154 729 159;A01;3;7;0;2;3;1;2;
11417;202000007438;154 729 157;A01;1;7;13;0;1;15;1;
11418;202000007439;154 729 153;C01;2;7;0;2;4;23;0;
11419;202000007439;154 729 154;A01;2;7;0;2;4;15;0;
11420;202000007439;154 729 155;D01;2;10;0;2;1;1;0;
11421;202000007439;154 729 156;B01;2;7;0;2;4;23;0;
11422;202000007440;154 729 152;A01;1;7;0;1;2;1;1;
11423;202000007441;154 729 150;A01;1;7;0;2;1;1;1;
11424;202000007441;154 729 151;B01;2;33;0;2;1;17;1;
11425;202000007442;154 729 149;A01;2;7;13;0;2;14;0;
11426;202000007443;154 729 148;A01;1;7;0;0;7;1;1;
11427;202000007446;154 729 144;B01;2;30;0;2;1;1;1;
11428;202000007446;154 729 145;A01;1;21;0;2;1;1;1;
11429;202000007447;154 729 143;A01;2;10;15;0;0;1;1;
11430;202000007448;154 729 142;A01;1;7;0;1;3;21;1;
11431;202000007449;154 729 141;A01;1;7;13;0;3;1;1;
11432;202000007451;154 729 138;A01;3;7;0;1;3;1;1;
11433;202000007452;154 729 136;B01;2;15;0;2;8;1;1;
11434;202000007452;154 729 137;A01;2;7;4;2;9;17;1;
11435;202000007453;154 729 134;B01;0;7;0;9;3;13;1;
11436;202000007453;154 729 135;A01;3;1;0;2;1;13;5;
11437;202000007454;154 729 130;A01;1;33;0;2;9;3;1;
11438;202000007454;154 729 131;B01;1;10;0;2;7;2;1;
11439;202000007454;154 729 132;C01;1;38;0;2;8;0;1;1.0
11440;202000007454;154 729 133;D01;1;7;0;2;4;1;1;
11441;202000007455;154 729 128;A01;2;7;3;0;2;14;1;
11442;202000007455;154 729 129;B01;2;7;1;2;1;1;1;
11443;202000007456;154 729 127;A01;2;33;0;1;2;1;1;
11444;202000007457;154 729 124;B01;2;7;0;2;1;9;1;
11445;202000007457;154 729 125;A01;2;33;0;2;2;1;1;
11446;202000007458;154 729 123;A01;1;7;13;0;2;1;1;
11447;202000007460;154 729 119;A01;2;7;0;2;3;1;1;
11448;202000007460;154 729 120;B01;2;7;2;0;5;2;0;
11449;202000007461;154 729 117;B01;0;7;0;2;1;0;0;
11450;202000007461;154 729 118;A01;0;2;0;2;1;0;1;
11451;202000007462;154 729 116;A01;-1;7;15;0;1;6;1;
11452;202000007463;154 729 115;A01;1;7;13;0;9;1;1;
11453;202000007464;154 729 114;A01;3;7;0;1;2;1;1;
11454;202000007466;154 729 110;A01;2;7;0;2;1;2;1;
11455;202000007466;154 729 111;B01;2;7;0;2;6;1;1;
11456;202000007467;154 729 108;A01;2;10;0;2;1;2;1;
11457;202000007467;154 729 109;B01;2;7;0;2;4;2;1;
11458;202000007468;154 729 106;B01;1;7;0;2;4;2;1;
11459;202000007468;154 729 107;A01;1;7;0;2;3;2;1;
11460;202000007469;154 729 102;B01;1;10;0;2;2;2;1;
11461;202000007469;154 729 103;A01;1;33;0;2;1;3;1;
11462;202000007469;154 729 104;C01;1;7;0;2;5;2;1;
11463;202000007469;154 729 105;D01;1;7;0;2;7;2;1;
11464;202000007471;154 729 097;C01;1;7;0;2;6;1;1;
11465;202000007471;154 729 098;B01;1;32;0;2;1;3;1;
11466;202000007471;154 729 099;A01;1;7;0;2;8;11;1;
11467;202000007472;154 729 095;B01;2;31;3;2;7;1;1;
11468;202000007472;154 729 096;A01;2;7;0;2;8;11;1;
11469;202000007473;154 729 094;A01;2;7;4;0;3;21;1;
11470;202000007474;154 729 092;A01;1;7;0;2;3;1;1;