;Num_Acc;id_vehicule;num_veh;senc;catv;obs;obsm;choc;manv;motor;occutc
11471;202000007474;154 729 093;B01;1;7;0;2;5;12;1;
11472;202000007475;154 729 090;B01;2;7;0;2;4;23;1;
11473;202000007475;154 729 091;A01;2;7;1;0;1;2;1;
11474;202000007476;154 729 084;A01;2;17;0;2;1;2;1;
11475;202000007476;154 729 085;C01;2;7;0;2;4;1;1;
11476;202000007476;154 729 086;D01;2;10;0;2;4;1;1;
11477;202000007476;154 729 087;E01;2;7;0;2;4;1;1;
11478;202000007476;154 729 088;F01;2;10;0;2;4;1;1;
11479;202000007476;154 729 089;B01;2;7;0;2;4;1;1;
11480;202000007477;154 729 082;A01;2;7;0;2;1;2;1;
11481;202000007477;154 729 083;B01;2;7;0;2;4;2;1;
11482;202000007478;154 729 079;A01;2;7;4;0;8;19;1;
11483;202000007478;154 729 080;B01;2;7;0;2;1;1;1;
11484;202000007478;154 729 081;C01;2;7;0;2;1;1;1;
11485;202000007479;154 729 077;B01;2;7;0;2;2;2;1;
11486;202000007479;154 729 078;A01;3;30;0;2;6;2;1;
11487;202000007480;154 729 075;A01;2;7;0;2;3;9;1;
11488;202000007480;154 729 076;B01;2;2;0;2;7;1;3;
11489;202000007481;154 729 073;B01;1;32;0;2;1;5;1;
11490;202000007481;154 729 074;A01;2;10;0;2;3;15;1;
11491;202000007482;154 729 071;A01;2;7;0;2;3;26;1;
11492;202000007482;154 729 072;B01;1;33;0;2;1;26;1;
11493;202000007483;154 729 070;A01;1;7;0;1;1;15;1;
11494;202000007484;154 729 069;A01;3;7;8;0;7;16;1;
11495;202000007485;154 729 067;B01;3;2;0;2;1;1;1;
11496;202000007485;154 729 068;A01;3;7;0;2;1;15;1;
11497;202000007486;154 729 066;A01;3;7;0;1;1;16;1;
11498;202000007488;154 729 063;A01;2;7;0;1;1;1;1;
11499;202000007489;154 729 062;A01;2;7;3;0;3;13;1;
11500;202000007490;154 729 061;A01;1;7;1;1;2;1;1;
11501;202000007491;154 729 060;A01;1;31;14;0;2;17;1;
11502;202000007492;154 729 058;B01;1;99;0;2;0;0;0;
11503;202000007492;154 729 059;A01;1;31;0;2;1;17;0;
11504;202000007493;154 729 056;A01;1;30;0;2;1;2;1;
11505;202000007493;154 729 057;B01;1;7;0;2;4;2;1;
11506;202000007494;154 729 054;B01;1;7;0;2;7;1;1;
11507;202000007494;154 729 055;A01;3;10;0;2;1;19;1;
11508;202000007495;154 729 053;A01;-1;7;-1;1;-1;0;-1;
11509;202000007496;154 729 051;B01;1;2;1;0;1;1;1;
11510;202000007496;154 729 052;A01;3;7;1;0;3;9;1;
11511;202000007497;154 729 049;A01;1;7;0;2;1;13;1;
11512;202000007497;154 729 050;B01;2;7;13;2;1;21;1;
11513;202000007498;154 729 045;A01;3;10;0;0;3;10;6;
11514;202000007498;154 729 046;B01;3;33;0;2;2;17;0;
11515;202000007499;154 729 043;A01;3;7;0;2;5;9;0;
11516;202000007499;154 729 044;B01;3;2;0;2;8;1;0;
11517;202000007500;154 729 039;D01;3;10;0;2;1;2;1;
11518;202000007500;154 729 040;C01;3;7;0;2;4;2;1;
11519;202000007500;154 729 041;A01;3;7;0;2;0;23;1;
11520;202000007500;154 729 042;B01;3;7;0;2;4;2;1;
11521;202000007501;154 729 037;A01;1;30;0;2;2;1;1;
11522;202000007501;154 729 038;B01;1;7;0;2;3;19;1;
11523;202000007502;154 729 035;B01;1;33;0;2;8;1;1;
11524;202000007502;154 729 036;A01;1;7;0;2;1;15;1;
11525;202000007503;154 729 034;A01;2;10;0;1;1;1;1;
11526;202000007504;154 729 032;A01;1;7;8;0;4;1;1;
11527;202000007504;154 729 033;Z01;1;7;0;2;1;1;1;
11528;202000007505;154 729 029;B01;2;7;0;2;1;19;2;
11529;202000007505;154 729 030;C01;2;7;0;2;3;23;1;
11530;202000007505;154 729 031;A01;1;7;0;2;7;1;1;
11531;202000007506;154 729 028;A01;1;7;0;1;3;1;1;
11532;202000007507;154 729 027;A01;1;7;0;1;2;1;1;
11533;202000007508;154 729 025;B01;2;33;0;2;1;1;1;
11534;202000007508;154 729 026;A01;2;7;0;2;3;15;1;
11535;202000007509;154 729 024;A01;3;7;0;1;2;1;1;
11536;202000007510;154 729 023;A01;2;10;0;1;2;1;1;
11537;202000007513;154 729 018;A01;1;7;0;1;2;1;1;
11538;202000007514;154 729 017;A01;1;1;0;1;1;1;5;
11539;202000007515;154 729 016;A01;3;30;0;1;1;1;1;
11540;202000007517;154 729 013;Z01;1;10;0;1;1;1;1;
11541;202000007518;154 729 012;Z01;1;7;0;1;1;1;1;
11542;202000007519;154 729 010;A01;2;10;0;2;8;10;1;
11543;202000007519;154 729 011;B01;2;30;0;2;1;1;0;
11544;202000007520;154 729 009;A01;3;7;15;1;2;26;1;
11545;202000007521;154 729 008;A01;1;7;0;1;1;9;1;
11546;202000007522;154 729 007;A01;1;30;11;0;9;19;1;
11547;202000007523;154 729 006;A01;3;2;5;0;7;1;1;
11548;202000007525;154 729 003;B01;3;1;0;2;8;2;5;
11549;202000007525;154 729 004;A01;3;33;0;2;0;2;1;
11550;202000007526;154 729 001;Z01;2;7;0;2;1;2;1;
11551;202000007526;154 729 002;B01;2;30;0;2;4;1;1;
11552;202000007527;154 728 998;C01;2;10;0;2;4;1;1;
11553;202000007527;154 728 999;B01;2;10;0;2;4;1;1;
11554;202000007527;154 729 000;A01;2;15;0;2;2;2;1;
11555;202000007528;154 728 995;A01;1;7;0;2;1;2;1;
11556;202000007528;154 728 996;B01;1;7;0;2;4;1;1;
11557;202000007528;154 728 997;C01;2;1;0;2;8;19;5;
11558;202000007529;154 728 993;A01;1;7;0;2;1;9;1;
11559;202000007529;154 728 994;B01;1;31;0;2;0;0;1;
11560;202000007530;154 728 991;B01;1;1;0;2;8;1;5;
11561;202000007530;154 728 992;Z01;1;0;0;2;1;17;0;
11562;202000007531;154 728 989;B01;0;10;0;2;2;1;1;
11563;202000007531;154 728 990;A01;0;38;0;2;3;1;1;1.0
11564;202000007532;154 728 988;A01;2;7;0;1;7;26;1;
11565;202000007533;154 728 986;B01;3;32;0;2;1;1;1;
11566;202000007533;154 728 987;A01;3;7;0;2;5;15;1;
11567;202000007534;154 728 985;A01;3;7;0;1;4;4;1;
11568;202000007535;154 728 983;B01;1;1;0;9;5;1;5;
11569;202000007535;154 728 984;A01;1;7;0;2;1;9;1;
11570;202000007536;154 728 982;A01;2;33;13;0;0;26;1;
11571;202000007537;154 728 981;A01;3;7;6;0;1;1;1;
11572;202000007538;154 728 979;A01;1;7;0;1;1;1;1;
11573;202000007540;154 728 977;A01;2;7;0;1;4;4;1;
11574;202000007541;154 728 976;A01;1;7;16;0;9;1;1;
11575;202000007542;154 728 974;A01;1;10;0;2;1;9;1;
11576;202000007542;154 728 975;B01;1;60;0;2;1;1;5;
11577;202000007544;154 728 970;A01;1;50;0;0;1;1;3;
11578;202000007545;154 728 969;A01;1;7;0;1;2;1;1;
11579;202000007546;154 728 967;A01;0;7;9;4;1;9;0;
11580;202000007546;154 728 968;B01;3;40;0;2;1;15;0;
11581;202000007547;154 728 965;Z01;1;7;1;0;0;0;1;
11582;202000007547;154 728 966;A01;1;7;1;2;5;24;1;
11583;202000007548;154 728 964;A01;2;7;6;0;1;1;1;
11584;202000007549;154 728 963;A01;3;7;0;1;6;4;1;
11585;202000007550;154 728 961;A01;1;7;0;2;0;17;0;
11586;202000007550;154 728 962;B01;1;1;0;2;8;1;0;
11587;202000007551;154 728 958;A01;1;7;0;2;5;1;1;
11588;202000007551;154 728 960;B01;1;1;0;2;1;19;5;
11589;202000007552;154 728 957;A01;2;50;0;2;1;5;3;
11590;202000007552;154 728 959;B01;1;7;0;2;8;1;1;
11591;202000007553;154 728 953;B01;1;7;0;2;3;1;0;
11592;202000007553;154 728 955;A01;1;7;0;2;1;26;0;
11593;202000007554;154 728 954;A01;0;7;0;2;7;1;1;
11594;202000007554;154 728 956;B01;0;2;0;2;8;1;3;
11595;202000007555;154 728 950;A01;3;7;0;2;3;26;0;
11596;202000007555;154 728 952;B01;3;60;0;2;1;0;5;
11597;202000007556;154 728 948;B01;2;7;0;0;0;0;1;
11598;202000007556;154 728 949;A01;2;7;0;2;8;0;1;
11599;202000007557;154 728 945;A01;2;33;0;1;1;1;1;
11600;202000007558;154 728 946;B01;2;7;0;2;5;2;1;
11601;202000007558;154 728 947;A01;2;32;0;2;1;2;1;
11602;202000007559;154 728 943;B01;2;7;0;2;1;1;1;
11603;202000007559;154 728 944;A01;1;31;0;2;1;13;1;
11604;202000007560;154 728 938;A01;1;7;0;2;1;1;1;
11605;202000007560;154 728 940;B01;1;7;0;2;4;1;1;
11606;202000007561;154 728 939;B01;1;7;0;2;4;2;1;
11607;202000007561;154 728 941;C01;1;7;0;2;4;2;1;
11608;202000007561;154 728 942;A01;1;10;0;2;1;2;1;
11609;202000007562;154 728 936;A01;2;7;0;1;3;15;1;
11610;202000007563;154 728 934;A01;2;14;0;0;7;15;1;
11611;202000007564;154 728 932;B01;3;7;0;0;0;0;0;
11612;202000007564;154 728 933;A01;3;41;0;0;8;13;1;
11613;202000007565;154 728 935;A01;1;7;0;2;8;11;1;
11614;202000007565;154 728 937;B01;1;33;0;2;2;1;1;
11615;202000007566;154 728 929;A01;1;1;0;2;8;1;5;
11616;202000007566;154 728 931;Z01;0;7;0;2;0;0;1;
11617;202000007567;154 728 928;B01;1;33;0;2;2;1;1;
11618;202000007567;154 728 930;A01;1;7;0;2;3;11;2;
11619;202000007568;154 728 925;A01;1;7;0;2;7;12;1;
11620;202000007568;154 728 926;B01;1;33;0;2;8;3;1;
11621;202000007569;154 728 924;A01;1;7;0;2;8;9;1;
11622;202000007569;154 728 927;B01;1;7;0;2;1;1;1;
11623;202000007570;154 728 922;A01;1;2;0;2;1;1;1;
11624;202000007570;154 728 923;B01;1;7;0;2;4;1;1;
11625;202000007571;154 728 921;A01;2;7;0;1;1;1;1;
11626;202000007572;154 728 919;B01;1;7;0;2;7;17;1;
11627;202000007572;154 728 920;A01;1;30;0;2;8;7;1;
11628;202000007573;154 728 917;B01;3;1;0;2;8;2;5;
11629;202000007573;154 728 918;A01;3;7;0;2;7;14;0;
11630;202000007575;154 728 914;A01;2;7;0;1;1;1;2;
11631;202000007576;154 728 912;A01;3;10;0;1;4;25;1;
11632;202000007577;154 728 911;A01;2;10;0;2;3;9;1;
11633;202000007577;154 728 913;Z01;2;30;0;2;2;1;0;
11634;202000007578;154 728 909;Z01;2;0;0;0;0;0;0;
11635;202000007578;154 728 910;A01;2;7;0;2;0;0;1;
11636;202000007579;154 728 908;A01;1;30;0;1;1;1;1;
11637;202000007580;154 728 906;A01;1;1;0;2;4;1;5;
11638;202000007580;154 728 907;Z01;1;7;0;2;1;0;0;
11639;202000007581;154 728 903;A01;1;7;0;2;8;22;1;
11640;202000007581;154 728 905;B01;1;1;0;2;1;1;5;
11641;202000007582;154 728 902;B01;1;33;0;2;1;1;1;
11642;202000007582;154 728 904;A01;1;7;0;2;8;15;1;
11643;202000007583;154 728 901;A01;1;7;13;0;3;0;1;
11644;202000007584;154 728 899;B01;1;30;0;1;1;26;1;
11645;202000007585;154 728 898;B01;1;7;0;2;8;15;1;
11646;202000007585;154 728 900;A01;1;33;0;2;1;17;1;
11647;202000007586;154 728 895;B01;1;10;0;2;2;1;1;
11648;202000007586;154 728 897;A01;1;7;0;2;3;15;1;
11649;202000007588;154 728 893;A01;1;32;12;0;7;14;1;
11650;202000007589;154 728 892;A01;1;7;0;1;1;16;1;
11651;202000007590;154 728 889;C01;1;7;0;2;2;23;1;
11652;202000007590;154 728 890;B01;1;32;0;2;2;18;1;
11653;202000007590;154 728 891;A01;1;7;0;2;8;22;1;
11654;202000007591;154 728 887;Z01;1;7;0;2;0;2;0;
11655;202000007591;154 728 888;A01;1;1;0;2;0;2;5;
11656;202000007592;154 728 886;Z01;1;30;0;0;0;1;0;
11657;202000007593;154 728 884;Z01;1;7;0;2;0;15;0;
11658;202000007593;154 728 885;A01;1;30;0;2;8;1;1;
11659;202000007594;154 728 883;A01;1;30;0;0;7;15;1;
11660;202000007595;154 728 880;Z01;1;1;0;2;1;1;5;
11661;202000007595;154 728 882;A01;1;31;0;2;2;1;1;
11662;202000007596;154 728 879;B01;1;7;0;2;2;22;1;
11663;202000007596;154 728 881;A01;1;30;0;2;3;18;1;
11664;202000007597;154 728 876;B01;1;7;0;2;1;16;1;
11665;202000007597;154 728 878;A01;1;10;0;1;7;16;1;
11666;202000007598;154 728 875;B01;1;7;0;2;8;16;1;
11667;202000007598;154 728 877;A01;1;7;0;2;2;1;1;
11668;202000007599;154 728 872;B01;1;50;0;2;1;1;3;
11669;202000007599;154 728 874;A01;1;7;0;2;3;22;3;
11670;202000007600;154 728 871;B01;1;50;0;2;3;18;3;
11671;202000007600;154 728 873;A01;1;7;0;2;7;1;2;
11672;202000007601;154 728 869;A01;1;1;0;2;8;15;5;
11673;202000007601;154 728 870;B01;1;33;0;2;7;1;1;
11674;202000007602;154 728 865;A01;1;50;0;2;1;13;3;
11675;202000007602;154 728 868;B01;2;37;0;2;6;1;1;1.0
11676;202000007603;154 728 866;A01;2;31;0;2;7;2;1;
11677;202000007603;154 728 867;B01;2;34;0;2;8;2;1;
11678;202000007604;154 728 863;A01;1;30;0;2;1;18;1;
11679;202000007604;154 728 864;B01;1;7;0;2;7;16;1;
11680;202000007605;154 728 862;A01;2;1;8;0;3;1;5;
11681;202000007606;154 728 861;Z01;2;7;0;1;4;4;0;
11682;202000007607;154 728 860;A01;1;1;0;1;2;1;5;
11683;202000007608;154 728 859;A01;1;1;0;0;0;21;5;
11684;202000007610;154 728 857;A01;1;1;0;0;0;25;5;
11685;202000007611;154 728 854;B01;1;10;0;2;2;1;1;
11686;202000007611;154 728 856;A01;1;50;0;2;3;1;3;
11687;202000007612;154 728 853;A01;2;30;0;2;0;1;3;
11688;202000007612;154 728 855;Z01;2;7;0;2;5;17;0;
11689;202000007613;154 728 851;A01;2;7;0;2;7;19;1;
11690;202000007613;154 728 852;B01;2;31;0;2;3;19;1;
11691;202000007614;154 728 848;A01;1;7;0;2;4;23;1;
11692;202000007614;154 728 850;B01;1;32;0;2;1;2;1;
11693;202000007615;154 728 847;B01;3;7;0;2;7;15;1;
11694;202000007615;154 728 849;A01;1;2;0;2;1;1;1;
11695;202000007616;154 728 844;B01;1;7;0;2;2;10;1;
11696;202000007616;154 728 846;A01;2;7;0;2;1;1;1;
11697;202000007617;154 728 843;A01;1;33;0;2;1;2;1;
11698;202000007617;154 728 845;B01;1;7;0;2;7;15;1;
11699;202000007618;154 728 842;A01;2;33;0;1;7;1;0;
11700;202000007619;154 728 841;A01;0;43;15;0;1;21;4;
11701;202000007621;154 728 835;A01;1;7;0;2;1;1;1;
11702;202000007621;154 728 836;B01;1;7;0;2;4;23;1;
11703;202000007621;154 728 838;C01;2;7;0;2;4;23;1;
11704;202000007621;154 728 840;D01;1;7;0;2;4;23;1;
11705;202000007622;154 728 833;A01;1;30;11;0;1;1;1;
11706;202000007623;154 728 832;B01;1;7;0;2;2;16;1;
11707;202000007623;154 728 834;A01;1;7;0;2;2;18;1;
11708;202000007624;154 728 830;B01;1;7;0;2;1;1;1;
11709;202000007624;154 728 831;A01;2;7;0;2;3;1;1;
11710;202000007626;154 728 824;A01;3;10;0;2;6;9;1;
11711;202000007626;154 728 825;B01;3;10;0;2;3;13;1;
11712;202000007627;154 728 828;A01;1;30;0;2;1;1;1;
11713;202000007627;154 728 829;B01;1;7;0;2;2;15;1;
11714;202000007628;154 728 822;A01;1;37;0;2;4;4;6;1.0
11715;202000007628;154 728 823;B01;1;10;0;2;1;2;1;
11716;202000007629;154 728 821;A01;1;99;0;1;1;9;3;
11717;202000007630;154 728 820;A01;0;32;0;1;0;0;1;
11718;202000007631;154 728 818;A01;2;7;0;2;1;17;0;
11719;202000007631;154 728 819;B01;1;7;0;2;3;9;0;
11720;202000007632;154 728 816;B01;2;10;0;2;8;15;0;
11721;202000007632;154 728 817;A01;2;2;0;2;1;1;0;
11722;202000007633;154 728 814;B01;2;2;0;2;1;1;1;
11723;202000007633;154 728 815;A01;1;7;0;2;7;15;1;
11724;202000007634;154 728 811;B01;1;30;0;2;8;1;1;
11725;202000007634;154 728 813;A01;2;7;0;2;1;15;1;
11726;202000007636;154 728 809;A01;1;37;0;1;2;1;1;1.0
11727;202000007639;154 728 804;B01;0;7;0;2;3;15;1;
11728;202000007639;154 728 805;A01;0;32;0;2;2;1;1;
11729;202000007640;154 728 802;B01;1;7;0;2;1;1;1;
11730;202000007640;154 728 803;A01;2;33;0;2;1;5;1;
11731;202000007643;154 728 798;B01;1;33;0;2;2;1;1;
11732;202000007643;154 728 799;A01;1;7;0;2;3;16;1;
11733;202000007644;154 728 796;A01;3;7;2;0;2;1;1;
11734;202000007645;154 728 795;B01;2;7;0;2;5;23;1;
11735;202000007645;154 728 797;A01;2;30;0;2;1;1;1;
11736;202000007646;154 728 793;B01;1;7;0;2;3;1;1;
11737;202000007646;154 728 794;A01;2;7;0;2;3;5;1;
11738;202000007647;154 728 792;A01;1;7;0;1;1;1;1;
11739;202000007648;154 728 790;B01;3;30;6;0;1;1;1;
11740;202000007648;154 728 791;A01;3;7;0;0;0;13;0;
11741;202000007649;154 728 788;B01;1;33;0;2;5;16;1;
11742;202000007649;154 728 789;A01;1;7;0;0;6;1;1;
11743;202000007650;154 728 785;A01;1;17;0;2;3;13;1;
11744;202000007650;154 728 786;B01;2;7;0;2;3;1;1;
11745;202000007651;154 728 784;B01;2;2;0;2;1;2;6;
11746;202000007651;154 728 787;A01;2;7;0;2;2;16;6;
11747;202000007652;154 728 782;B01;1;7;0;2;1;1;1;
11748;202000007652;154 728 783;A01;2;7;0;2;1;13;1;
11749;202000007653;154 728 779;A01;2;7;0;1;3;26;1;
11750;202000007654;154 728 777;B01;2;2;0;0;4;1;1;
11751;202000007654;154 728 778;A01;2;7;0;2;1;1;1;
11752;202000007655;154 728 780;B01;2;1;0;2;4;23;5;
11753;202000007655;154 728 781;A01;2;7;14;0;1;1;1;
11754;202000007657;154 728 773;A01;2;7;0;2;1;15;1;
11755;202000007657;154 728 774;B01;2;1;0;2;8;14;5;
11756;202000007658;154 728 771;A01;3;36;0;0;7;15;1;
11757;202000007659;154 728 772;A01;1;7;0;2;8;15;1;
11758;202000007659;154 728 775;B01;1;30;0;2;7;17;1;
11759;202000007660;154 728 767;B01;1;7;0;2;3;1;1;
11760;202000007660;154 728 769;A01;2;2;0;2;1;1;1;
11761;202000007661;154 728 766;A01;1;1;12;0;7;1;5;
11762;202000007662;154 728 764;A01;1;33;0;2;1;2;1;
11763;202000007662;154 728 765;B01;1;33;0;0;8;2;1;
11764;202000007663;154 728 768;A01;1;7;1;0;1;14;1;
11765;202000007663;154 728 770;B01;1;2;0;0;4;24;1;
11766;202000007664;154 728 761;B01;1;33;0;2;1;17;1;
11767;202000007664;154 728 762;A01;1;7;0;2;8;10;1;
11768;202000007665;154 728 760;A01;3;31;0;0;0;1;1;
11769;202000007666;154 728 759;B01;1;33;0;2;1;1;1;
11770;202000007666;154 728 763;A01;2;7;0;2;2;5;1;
11771;202000007667;154 728 758;A01;2;7;15;0;9;1;1;
11772;202000007668;154 728 757;A01;1;33;12;0;8;0;1;
11773;202000007669;154 728 755;B01;1;2;16;0;4;2;1;
11774;202000007669;154 728 756;A01;1;7;16;2;1;2;1;
11775;202000007670;154 728 751;A01;1;7;0;2;2;5;1;
11776;202000007670;154 728 752;B01;2;7;0;2;2;17;1;
11777;202000007670;154 728 753;C01;2;7;3;0;5;21;1;
11778;202000007670;154 728 754;D01;2;7;0;2;0;1;1;
11779;202000007671;154 728 750;A01;1;7;8;0;2;1;1;
11780;202000007672;154 728 748;B01;1;33;0;2;7;1;0;
11781;202000007672;154 728 749;A01;1;7;0;2;3;1;0;
11782;202000007673;154 728 747;A01;1;2;0;0;0;1;1;
11783;202000007674;154 728 745;B01;2;7;0;0;8;15;1;
11784;202000007674;154 728 746;A01;2;34;0;2;1;1;1;
11785;202000007675;154 728 744;A01;1;7;17;0;9;0;1;
11786;202000007676;154 728 743;A01;1;7;2;0;3;0;1;
11787;202000007679;154 728 739;A01;1;33;13;0;1;1;1;
11788;202000007680;154 728 736;A01;2;7;0;0;6;15;1;
11789;202000007680;154 728 737;B01;2;33;0;2;1;2;1;
11790;202000007681;154 728 733;A01;1;7;0;2;3;5;1;
11791;202000007681;154 728 735;B01;2;7;0;2;3;1;1;
11792;202000007682;154 728 734;A01;2;33;6;0;2;1;1;
11793;202000007683;154 728 731;A01;2;7;16;0;1;1;1;
11794;202000007684;154 728 730;A01;2;7;0;2;2;9;1;
11795;202000007684;154 728 732;B01;1;1;0;2;3;1;5;
11796;202000007685;154 728 725;B01;2;33;0;2;3;1;0;
11797;202000007685;154 728 728;A01;2;15;0;0;8;9;0;
11798;202000007686;154 728 726;C01;1;33;0;2;1;1;1;
11799;202000007686;154 728 727;A01;1;7;0;2;1;15;1;
11800;202000007686;154 728 729;B01;1;10;0;2;8;23;1;
11801;202000007687;154 728 723;A01;3;7;0;2;3;9;1;
11802;202000007687;154 728 724;B01;3;2;0;2;1;2;1;
11803;202000007689;154 728 721;A01;2;10;6;0;1;0;0;
11804;202000007690;154 728 720;A01;3;36;0;0;0;0;1;
11805;202000007692;154 728 718;A01;1;3;17;0;2;1;0;
11806;202000007693;154 728 717;A01;0;7;13;0;0;1;1;
11807;202000007694;154 728 716;A01;3;7;0;0;9;1;1;
11808;202000007695;154 728 714;B01;1;7;0;2;1;15;1;
11809;202000007695;154 728 715;A01;2;7;0;2;3;1;1;
11810;202000007696;154 728 712;A01;0;33;4;0;0;1;1;
11811;202000007697;154 728 711;B01;1;33;0;2;1;2;1;
11812;202000007697;154 728 713;A01;1;33;0;0;1;2;1;
11813;202000007698;154 728 707;B01;1;30;0;2;1;1;1;
11814;202000007698;154 728 709;A01;1;7;0;2;2;1;1;
11815;202000007699;154 728 708;B01;1;7;0;0;6;15;1;
11816;202000007699;154 728 710;A01;1;2;0;2;1;2;1;
11817;202000007700;154 728 704;B01;1;7;0;0;6;2;1;
11818;202000007700;154 728 706;A01;1;7;13;2;1;2;1;
11819;202000007702;154 728 702;A01;2;7;7;0;1;13;1;
11820;202000007703;154 728 700;B01;1;7;0;2;3;15;1;
11821;202000007703;154 728 703;A01;1;33;0;2;2;17;1;
11822;202000007704;154 728 697;A01;1;7;3;0;1;19;1;
11823;202000007705;154 728 698;A01;2;33;8;0;1;14;1;
11824;202000007706;154 728 696;A01;1;7;13;0;3;13;1;
11825;202000007707;154 728 692;B01;1;7;0;2;8;15;1;
11826;202000007707;154 728 695;A01;1;33;0;2;1;17;1;
11827;202000007708;154 728 691;C01;2;7;0;2;3;1;1;
11828;202000007708;154 728 693;B01;2;7;16;0;0;1;1;
11829;202000007708;154 728 694;A01;1;7;0;2;3;13;1;
11830;202000007709;154 728 688;B01;2;33;0;2;8;1;1;
11831;202000007709;154 728 690;A01;1;33;0;2;8;13;1;
11832;202000007711;154 728 686;A01;2;7;2;0;1;13;1;
11833;202000007712;154 728 685;A01;1;33;0;0;7;1;1;
11834;202000007713;154 728 683;A01;1;7;13;0;3;1;1;
11835;202000007713;154 728 684;B01;2;7;0;0;3;1;1;
11836;202000007714;154 728 681;B01;2;7;3;2;3;1;1;
11837;202000007714;154 728 682;A01;1;7;0;2;3;5;1;
11838;202000007716;154 728 677;A01;2;7;0;2;4;4;1;
11839;202000007716;154 728 679;B01;2;1;0;2;1;2;5;
11840;202000007717;154 728 675;A01;2;15;1;0;2;15;6;
11841;202000007719;154 728 668;C01;2;16;0;0;0;11;0;
11842;202000007719;154 728 669;B01;2;7;0;9;1;2;0;
11843;202000007719;154 728 670;A01;2;7;0;0;0;1;0;
11844;202000007719;154 728 671;D01;2;17;0;0;6;11;0;
11845;202000007719;154 728 672;F01;2;7;0;2;1;2;0;
11846;202000007719;154 728 674;E01;2;33;0;2;1;3;0;
11847;202000007720;154 728 673;A01;2;33;14;0;1;0;0;
11848;202000007721;154 728 665;A01;2;7;14;0;2;0;1;
11849;202000007722;154 728 662;B01;2;7;0;2;6;15;1;
11850;202000007722;154 728 664;A01;2;33;0;2;1;17;1;
11851;202000007723;154 728 660;E01;2;7;0;2;4;2;1;
11852;202000007723;154 728 661;D01;2;10;0;2;4;2;1;
11853;202000007723;154 728 663;C01;2;7;0;2;4;2;1;
11854;202000007723;154 728 666;B01;2;7;0;2;4;2;1;
11855;202000007723;154 728 667;A01;2;7;0;2;1;2;1;
11856;202000007724;154 728 658;A01;2;10;15;0;3;0;1;
11857;202000007725;154 728 657;B01;0;7;0;2;8;15;0;
11858;202000007725;154 728 659;A01;0;33;0;2;7;17;1;
11859;202000007726;154 728 656;A01;0;7;0;0;0;0;1;
11860;202000007727;154 728 654;A01;2;14;0;0;2;1;1;
11861;202000007728;154 728 655;A01;2;7;13;0;1;1;1;
11862;202000007729;154 728 651;A01;2;7;0;2;1;13;1;
11863;202000007729;154 728 653;B01;1;10;0;2;1;1;1;
11864;202000007730;154 728 649;C01;1;7;0;2;4;2;1;
11865;202000007730;154 728 650;B01;1;7;14;2;4;2;1;
11866;202000007730;154 728 652;A01;1;7;0;2;1;2;1;
11867;202000007731;154 728 647;A01;2;7;13;2;3;13;1;
11868;202000007731;154 728 648;B01;1;7;16;2;3;1;1;
11869;202000007733;154 728 642;A01;2;7;0;2;3;15;0;
11870;202000007733;154 728 643;B01;2;33;0;2;1;1;0;
11871;202000007734;154 728 641;A01;3;7;0;2;1;19;1;
11872;202000007734;154 728 644;B01;3;7;0;2;3;1;1;
11873;202000007736;154 728 637;A01;2;7;0;2;2;12;1;
11874;202000007736;154 728 639;B01;1;7;0;2;2;11;1;
11875;202000007737;154 728 635;B01;1;33;0;2;3;1;1;
11876;202000007737;154 728 636;A01;3;14;0;2;2;19;1;
11877;202000007738;154 728 633;A01;2;7;0;0;9;14;1;
11878;202000007739;154 728 632;B01;0;99;0;2;5;0;1;
11879;202000007739;154 728 634;A01;3;7;0;2;2;13;1;
11880;202000007740;154 728 627;A01;2;7;0;0;9;0;1;
11881;202000007741;154 728 625;A01;2;7;0;2;1;9;1;
11882;202000007741;154 728 626;B01;1;33;0;2;1;2;1;
11883;202000007742;154 728 623;B01;1;7;0;2;1;1;1;
11884;202000007742;154 728 624;A01;1;7;0;0;4;15;1;
11885;202000007743;154 728 622;A01;2;7;0;1;2;1;0;
11886;202000007744;154 728 628;D01;1;7;0;0;4;23;1;
11887;202000007744;154 728 629;C01;1;7;0;0;1;23;1;
11888;202000007744;154 728 630;A01;1;33;0;2;1;2;1;
11889;202000007744;154 728 631;B01;1;7;0;0;1;23;1;
11890;202000007745;154 728 620;A01;3;2;0;2;1;1;1;
11891;202000007745;154 728 621;B01;3;7;0;2;1;1;1;
11892;202000007746;154 728 616;A01;2;50;0;2;1;15;3;
11893;202000007746;154 728 619;B01;1;10;0;2;2;1;1;
11894;202000007747;154 728 615;A01;3;7;2;0;1;1;1;
11895;202000007748;154 728 614;A01;1;7;15;0;1;1;1;
11896;202000007749;154 728 613;A01;2;7;6;0;2;1;6;
11897;202000007750;154 728 611;A01;2;7;0;0;3;2;1;
11898;202000007750;154 728 612;B01;1;7;7;0;2;15;1;
11899;202000007751;154 728 610;A01;2;33;12;0;1;1;1;
11900;202000007752;154 728 609;A01;2;7;8;0;1;14;1;
11901;202000007753;154 728 607;B01;2;33;0;2;1;1;1;
11902;202000007753;154 728 608;A01;1;3;0;2;3;15;1;