;Num_Acc;id_vehicule;num_veh;senc;catv;obs;obsm;choc;manv;motor;occutc
11903;202000007754;154 728 617;B01;1;7;0;2;3;1;1;
11904;202000007754;154 728 618;A01;1;33;0;2;2;17;1;
11905;202000007755;154 728 606;A01;1;7;2;0;3;9;1;
11906;202000007757;154 728 603;A01;2;2;1;0;1;1;1;
11907;202000007758;154 728 601;B01;2;10;0;0;3;0;1;
11908;202000007758;154 728 602;A01;1;7;0;0;1;0;1;
11909;202000007759;154 728 599;A01;2;33;1;0;1;1;0;
11910;202000007760;154 728 597;A01;3;7;4;0;0;0;1;
11911;202000007761;154 728 595;A01;1;7;0;0;3;13;6;
11912;202000007761;154 728 596;B01;2;7;0;0;3;1;1;
11913;202000007763;154 728 591;A01;1;14;0;2;3;1;1;
11914;202000007763;154 728 593;B01;1;33;0;2;1;3;1;
11915;202000007764;154 728 590;B01;1;7;0;2;8;19;1;
11916;202000007764;154 728 592;A01;1;33;0;2;1;17;1;
11917;202000007765;154 728 589;A01;2;10;2;0;1;1;1;
11918;202000007766;154 728 587;A01;0;2;0;2;7;1;1;
11919;202000007766;154 728 588;B01;0;7;0;2;2;15;1;
11920;202000007767;154 728 585;A01;2;7;0;2;4;1;1;
11921;202000007767;154 728 586;B01;2;33;0;2;1;3;1;
11922;202000007768;154 728 581;B01;2;7;0;2;6;1;0;
11923;202000007768;154 728 583;A01;2;32;0;2;7;3;1;
11924;202000007769;154 728 579;B01;1;17;1;0;3;1;1;
11925;202000007769;154 728 580;A01;1;7;0;2;6;23;0;
11926;202000007770;154 728 575;A01;2;33;0;2;1;9;6;
11927;202000007770;154 728 576;B01;2;34;0;2;7;0;6;
11928;202000007770;154 728 578;C01;2;7;0;2;7;9;6;
11929;202000007771;154 728 573;B01;2;33;0;0;2;17;1;
11930;202000007771;154 728 574;A01;2;7;0;0;8;10;0;
11931;202000007772;154 728 572;A01;3;10;12;0;9;14;1;
11932;202000007773;154 728 569;A01;3;7;0;1;3;15;1;
11933;202000007774;154 728 570;B01;1;33;0;2;1;2;1;
11934;202000007774;154 728 571;A01;1;7;0;0;4;1;1;
11935;202000007775;154 728 567;A01;2;7;0;2;3;9;1;
11936;202000007775;154 728 568;B01;2;32;0;2;1;21;1;
11937;202000007776;154 728 565;A01;3;7;0;1;3;1;1;
11938;202000007777;154 728 564;A01;3;31;12;0;1;1;6;
11939;202000007778;154 728 563;A01;1;7;0;1;1;1;1;
11940;202000007779;154 728 561;A01;1;7;0;2;6;2;1;
11941;202000007779;154 728 562;B01;1;7;0;2;2;12;1;
11942;202000007780;154 728 560;A01;1;7;9;0;1;14;1;
11943;202000007781;154 728 558;B01;2;7;0;2;1;1;1;
11944;202000007781;154 728 559;A01;2;15;0;2;4;1;1;
11945;202000007782;154 728 556;A01;0;33;0;2;1;2;1;
11946;202000007782;154 728 557;B01;0;7;0;2;8;2;1;
11947;202000007783;154 728 551;D01;1;10;0;2;4;2;1;
11948;202000007783;154 728 552;C01;1;10;0;2;4;2;1;
11949;202000007783;154 728 554;B01;1;10;0;2;4;2;1;
11950;202000007783;154 728 555;A01;1;7;0;2;1;2;1;
11951;202000007784;154 728 550;A01;1;7;0;2;2;15;1;
11952;202000007784;154 728 553;B01;1;31;0;2;1;1;1;
11953;202000007785;154 728 548;B01;1;7;0;2;6;11;1;
11954;202000007785;154 728 549;A01;1;33;0;2;2;3;1;
11955;202000007786;154 728 545;B01;1;7;0;0;5;1;1;
11956;202000007786;154 728 547;A01;2;30;0;2;1;1;1;
11957;202000007787;154 728 544;A01;2;7;0;2;7;12;1;
11958;202000007787;154 728 546;B01;2;32;0;2;3;3;1;
11959;202000007788;154 728 543;A01;2;7;1;1;1;26;1;
11960;202000007789;154 728 541;B01;1;7;0;2;4;2;1;
11961;202000007789;154 728 542;A01;1;10;0;2;1;2;1;
11962;202000007790;154 728 539;A01;1;7;0;2;3;15;0;
11963;202000007790;154 728 540;B01;2;33;0;2;1;1;0;
11964;202000007791;154 728 537;B01;2;7;0;2;4;2;1;
11965;202000007791;154 728 538;A01;2;7;0;2;1;2;1;
11966;202000007792;154 728 536;A01;2;7;9;1;1;1;1;
11967;202000007793;154 728 534;A01;2;7;0;1;2;1;1;
11968;202000007794;154 728 535;A01;1;33;0;0;0;1;1;
11969;202000007795;154 728 533;A01;1;34;15;0;2;14;1;
11970;202000007796;154 728 530;B01;2;7;0;2;2;15;1;
11971;202000007796;154 728 532;A01;2;30;0;2;1;1;1;
11972;202000007797;154 728 529;A01;3;0;0;1;4;4;0;
11973;202000007799;154 728 527;A01;3;7;16;0;0;1;1;
11974;202000007800;154 728 526;A01;1;7;0;1;6;9;1;
11975;202000007801;154 728 525;A01;3;7;15;0;1;13;1;
11976;202000007802;154 728 524;A01;1;7;13;0;3;13;1;
11977;202000007803;154 728 522;A01;2;10;0;2;3;15;1;
11978;202000007803;154 728 523;B01;1;7;0;2;3;1;1;
11979;202000007804;154 728 520;B01;2;7;0;2;8;15;1;
11980;202000007804;154 728 521;A01;1;33;0;2;1;7;1;
11981;202000007805;154 728 517;A01;1;7;8;0;1;1;1;
11982;202000007806;154 728 515;A01;3;7;0;2;1;1;1;
11983;202000007806;154 728 516;B01;3;1;0;2;7;19;5;
11984;202000007807;154 728 518;A01;2;33;0;2;1;2;1;
11985;202000007807;154 728 519;B01;2;1;0;2;4;15;0;
11986;202000007808;154 728 514;A01;2;30;11;0;1;17;1;
11987;202000007809;154 728 513;A01;3;7;1;0;3;1;0;
11988;202000007810;154 728 512;A01;2;7;0;1;1;1;1;
11989;202000007811;154 728 510;A01;2;10;0;0;9;26;1;
11990;202000007812;154 728 509;A01;2;7;0;2;1;1;1;
11991;202000007812;154 728 511;B01;3;1;0;2;1;5;0;
11992;202000007813;154 728 506;B01;2;1;0;2;0;1;5;
11993;202000007813;154 728 508;A01;2;7;0;2;0;9;1;
11994;202000007814;154 728 504;C01;0;7;0;2;4;1;1;
11995;202000007814;154 728 505;B01;0;7;0;2;1;1;1;
11996;202000007814;154 728 507;A01;0;7;0;2;1;1;1;
11997;202000007815;154 728 503;A01;3;34;0;1;1;1;1;
11998;202000007816;154 728 500;A01;1;7;0;9;2;1;1;
11999;202000007816;154 728 502;B01;2;50;0;2;1;1;3;
12000;202000007817;154 728 499;A01;3;1;0;2;1;19;5;
12001;202000007817;154 728 501;B01;3;7;0;2;2;1;1;
12002;202000007818;154 728 496;A01;1;32;0;2;1;21;1;
12003;202000007818;154 728 497;B01;1;32;0;2;4;1;1;
12004;202000007818;154 728 498;C01;1;7;0;2;2;1;1;
12005;202000007819;154 728 494;A01;1;10;8;0;1;14;1;
12006;202000007822;154 728 490;A01;2;32;11;0;3;21;1;
12007;202000007824;154 728 486;A01;0;7;6;0;1;1;1;
12008;202000007825;154 728 483;A01;3;7;0;1;2;1;3;
12009;202000007826;154 728 481;D01;1;7;0;0;0;0;1;
12010;202000007826;154 728 482;C01;1;7;0;0;7;1;1;
12011;202000007826;154 728 484;B01;1;7;0;0;5;0;1;
12012;202000007826;154 728 485;A01;1;7;4;2;1;11;1;
12013;202000007828;154 728 476;B01;1;10;0;2;1;1;1;
12014;202000007828;154 728 477;A01;1;7;0;2;2;15;1;
12015;202000007829;154 728 474;B01;1;7;0;2;2;1;1;
12016;202000007829;154 728 475;A01;1;7;0;2;5;1;1;
12017;202000007830;154 728 472;A01;1;1;0;2;1;15;5;
12018;202000007830;154 728 473;B01;2;1;0;2;1;1;5;
12019;202000007831;154 728 470;B01;1;7;0;2;2;16;1;
12020;202000007831;154 728 471;A01;1;33;0;2;3;18;1;
12021;202000007833;154 728 466;B01;2;1;0;2;7;1;5;
12022;202000007833;154 728 467;A01;2;32;0;2;7;17;1;
12023;202000007834;154 728 464;Z01;2;7;1;1;2;14;1;
12024;202000007835;154 728 461;A01;2;7;0;2;2;15;1;
12025;202000007835;154 728 462;B01;1;32;0;2;1;19;1;
12026;202000007835;154 728 463;C01;1;30;0;2;1;19;1;
12027;202000007837;154 728 458;B01;2;7;0;2;2;15;1;
12028;202000007837;154 728 459;A01;1;30;0;2;0;1;1;
12029;202000007838;154 728 457;A01;1;32;0;0;7;21;1;
12030;202000007839;154 728 456;A01;2;37;0;1;2;1;1;1.0
12031;202000007840;154 728 455;A01;2;7;1;0;6;14;1;
12032;202000007841;154 728 452;C01;2;7;0;0;0;0;0;
12033;202000007841;154 728 453;B01;2;7;0;2;5;1;1;
12034;202000007841;154 728 454;A01;2;7;0;2;3;2;1;
12035;202000007842;154 728 465;A01;1;7;0;1;3;1;1;
12036;202000007843;154 728 450;A01;1;30;12;0;1;14;1;
12037;202000007844;154 728 448;A01;2;7;0;2;6;9;0;
12038;202000007844;154 728 449;B01;2;33;0;2;0;1;0;
12039;202000007845;154 728 447;A01;3;7;0;1;1;1;1;
12040;202000007846;154 728 451;A01;3;99;0;1;1;9;1;
12041;202000007847;154 728 445;A01;3;7;0;2;1;13;1;
12042;202000007847;154 728 446;B01;3;7;0;2;1;1;1;
12043;202000007848;154 728 442;Z01;0;7;0;1;0;1;1;
12044;202000007849;154 728 443;A01;2;7;0;2;3;10;1;
12045;202000007849;154 728 444;B01;2;34;0;2;7;2;1;
12046;202000007850;154 728 441;A01;2;50;0;1;1;1;3;
12047;202000007851;154 728 440;A01;1;7;0;1;3;1;1;
12048;202000007852;154 728 439;A01;2;7;0;1;2;1;1;
12049;202000007853;154 728 438;A01;1;7;0;1;1;1;0;
12050;202000007854;154 728 436;A01;1;7;0;2;0;0;1;
12051;202000007854;154 728 437;B01;1;10;0;2;0;0;1;
12052;202000007855;154 728 434;B01;1;7;0;2;4;0;1;
12053;202000007855;154 728 435;A01;1;7;0;2;0;0;1;
12054;202000007856;154 728 431;C01;3;7;0;2;3;1;0;
12055;202000007856;154 728 432;B01;3;14;0;2;1;1;0;
12056;202000007856;154 728 433;A01;3;7;0;2;8;26;0;
12057;202000007857;154 728 429;A01;-1;7;0;1;-1;-1;-1;
12058;202000007859;154 728 424;B01;3;1;0;2;1;3;5;
12059;202000007859;154 728 425;A01;0;7;0;2;2;20;1;
12060;202000007860;154 728 422;B01;1;32;0;0;0;0;1;
12061;202000007860;154 728 423;A01;1;10;0;0;0;16;1;
12062;202000007861;154 728 421;A01;2;13;0;0;3;21;1;
12063;202000007862;154 728 417;A01;1;32;0;2;4;1;1;
12064;202000007862;154 728 418;B01;1;7;0;2;3;15;1;
12065;202000007863;154 728 415;B01;1;2;9;2;1;2;1;
12066;202000007863;154 728 416;A01;1;2;0;2;6;13;1;
12067;202000007864;154 728 412;A01;2;7;0;2;0;0;1;
12068;202000007864;154 728 413;B01;1;7;0;2;3;1;1;
12069;202000007864;154 728 414;C01;1;7;0;2;3;1;1;
12070;202000007865;154 728 411;A01;3;37;9;0;2;14;0;1.0
12071;202000007866;154 728 426;A01;1;7;0;2;0;1;0;
12072;202000007866;154 728 427;B01;1;13;0;0;0;0;0;
12073;202000007868;154 728 407;A01;0;10;0;1;4;4;1;
12074;202000007869;154 728 405;A01;0;7;0;2;1;15;0;
12075;202000007869;154 728 406;B01;0;1;0;2;7;1;5;
12076;202000007871;154 728 402;A01;3;1;0;0;1;26;5;
12077;202000007872;154 728 400;A01;3;7;0;2;8;19;1;
12078;202000007872;154 728 410;B01;3;7;0;2;1;19;1;
12079;202000007874;154 728 398;A01;3;7;0;1;7;23;1;
12080;202000007875;154 728 396;B01;2;7;0;0;4;1;1;
12081;202000007875;154 728 397;A01;2;7;0;0;1;12;1;
12082;202000007876;154 728 394;B01;1;10;0;2;6;1;1;
12083;202000007876;154 728 395;A01;1;7;0;2;2;17;1;
12084;202000007877;154 728 391;A01;2;7;0;2;3;1;1;
12085;202000007877;154 728 392;B01;2;7;0;2;4;12;1;
12086;202000007877;154 728 393;C01;2;7;0;2;1;1;1;
12087;202000007878;154 728 390;A01;3;2;0;1;1;0;1;
12088;202000007879;154 728 389;A01;1;7;13;0;1;0;1;
12089;202000007880;154 728 387;A01;1;7;0;0;8;10;1;
12090;202000007880;154 728 388;B01;1;17;0;2;2;1;1;
12091;202000007881;154 728 385;B01;2;7;0;2;3;15;1;
12092;202000007881;154 728 386;A01;2;7;0;2;0;17;1;
12093;202000007882;154 728 383;A01;3;7;0;2;1;13;1;
12094;202000007882;154 728 384;B01;3;7;0;2;1;1;1;
12095;202000007883;154 728 381;B01;1;31;0;2;1;1;1;
12096;202000007883;154 728 382;A01;2;7;0;2;2;5;1;
12097;202000007884;154 728 380;A01;1;7;13;0;1;14;1;
12098;202000007885;154 728 378;B01;1;33;0;2;1;26;1;
12099;202000007885;154 728 379;A01;1;7;0;0;6;19;1;
12100;202000007886;154 728 376;B01;1;7;0;2;3;26;1;
12101;202000007886;154 728 377;A01;2;33;1;0;3;13;1;
12102;202000007887;154 728 374;B01;1;1;0;0;8;1;6;
12103;202000007887;154 728 375;A01;1;36;0;9;4;17;1;
12104;202000007888;154 728 373;A01;1;7;0;0;0;1;1;
12105;202000007889;154 728 372;A01;2;33;0;0;8;1;1;
12106;202000007890;154 728 371;A01;1;31;0;0;0;1;1;
12107;202000007891;154 728 370;A01;1;7;2;0;3;1;1;
12108;202000007892;154 728 368;B01;1;7;0;2;2;1;1;
12109;202000007892;154 728 369;A01;1;7;0;2;3;19;1;
12110;202000007893;154 728 367;A01;2;14;0;0;8;1;1;
12111;202000007894;154 728 366;A01;2;7;0;0;0;1;1;
12112;202000007895;154 728 363;A01;3;7;0;2;1;17;1;
12113;202000007895;154 728 364;C01;3;1;0;9;4;2;5;
12114;202000007895;154 728 365;B01;3;1;0;2;0;26;5;
12115;202000007896;154 728 360;B01;1;7;0;2;1;2;1;
12116;202000007896;154 728 361;C01;1;7;0;2;2;1;1;
12117;202000007896;154 728 362;A01;1;7;0;2;4;26;1;
12118;202000007897;154 728 357;A01;1;7;0;2;4;1;1;
12119;202000007897;154 728 358;B01;1;7;0;2;1;1;1;
12120;202000007897;154 728 359;C01;1;7;0;2;1;1;0;
12121;202000007898;154 728 352;B01;2;7;0;2;4;2;0;
12122;202000007898;154 728 353;A01;2;7;0;2;1;1;0;
12123;202000007898;154 728 354;C01;2;7;0;2;1;2;0;
12124;202000007898;154 728 355;E01;2;7;0;2;4;0;0;
12125;202000007898;154 728 356;D01;2;10;0;2;4;0;0;
12126;202000007899;154 728 348;A01;2;7;0;2;1;1;0;
12127;202000007899;154 728 349;B01;2;10;0;2;4;2;0;
12128;202000007899;154 728 350;C01;2;10;0;2;4;2;0;
12129;202000007899;154 728 351;D01;2;10;0;2;4;2;0;
12130;202000007900;154 728 346;B01;1;10;0;2;5;1;1;
12131;202000007900;154 728 347;A01;1;33;0;2;1;3;1;
12132;202000007901;154 728 344;A01;1;34;0;2;3;3;1;
12133;202000007901;154 728 345;B01;1;10;0;2;5;1;1;
12134;202000007904;154 728 338;Y01;0;60;0;2;2;1;5;
12135;202000007904;154 728 339;A01;3;99;0;2;1;16;1;
12136;202000007905;154 728 336;B01;1;2;0;2;4;15;1;
12137;202000007905;154 728 337;A01;1;7;0;2;3;15;1;
12138;202000007906;154 728 335;A01;1;7;0;1;1;1;1;
12139;202000007907;154 728 334;A01;1;7;0;1;2;1;1;
12140;202000007908;154 728 332;A01;3;1;0;2;8;1;5;
12141;202000007908;154 728 333;B01;2;31;0;2;1;1;1;
12142;202000007910;154 728 328;A01;1;7;0;9;2;1;1;
12143;202000007910;154 728 329;B01;1;50;0;2;1;1;3;
12144;202000007911;154 728 327;A01;3;7;1;1;2;1;1;
12145;202000007912;154 728 326;A01;3;1;0;0;0;1;5;
12146;202000007913;154 728 324;B01;0;7;0;2;1;1;-1;
12147;202000007913;154 728 325;A01;0;7;0;2;1;1;-1;
12148;202000007914;154 728 322;A01;2;33;0;2;1;1;1;
12149;202000007914;154 728 323;B01;1;7;0;2;2;12;1;
12150;202000007915;154 728 321;A01;3;37;0;1;3;15;1;1.0
12151;202000007916;154 728 320;A01;2;10;0;1;1;1;3;
12152;202000007917;154 728 319;A01;0;7;0;1;2;1;1;
12153;202000007918;154 728 316;A01;0;7;1;0;1;26;1;
12154;202000007918;154 728 317;B01;0;7;0;0;8;0;1;
12155;202000007918;154 728 318;C01;0;7;0;0;6;0;1;
12156;202000007919;154 728 315;A01;2;37;0;1;3;1;1;1.0
12157;202000007920;154 728 313;B01;2;7;0;2;1;1;1;
12158;202000007920;154 728 314;A01;1;7;0;2;6;1;1;
12159;202000007921;154 728 311;A01;2;1;0;2;1;1;5;
12160;202000007921;154 728 312;B01;2;7;0;2;4;23;1;
12161;202000007922;154 728 310;A01;-1;7;-1;0;-1;-1;-1;
12162;202000007923;154 728 309;A01;3;7;0;1;1;1;1;
12163;202000007925;154 728 306;A01;3;33;0;0;7;1;1;
12164;202000007926;154 728 304;A01;2;37;0;2;2;1;1;1.0
12165;202000007926;154 728 305;B01;2;7;0;2;4;24;1;
12166;202000007927;154 728 303;A01;3;7;0;1;1;1;1;
12167;202000007929;154 728 300;B01;1;40;0;2;2;1;3;
12168;202000007929;154 728 301;A01;1;7;0;4;3;15;1;
12169;202000007931;154 728 297;B01;1;99;0;2;0;11;0;
12170;202000007931;154 728 298;A01;2;7;0;2;3;9;1;
12171;202000007933;154 728 294;A01;2;7;0;2;1;26;1;
12172;202000007933;154 728 295;B01;2;7;0;2;4;26;1;
12173;202000007935;154 728 291;A01;3;7;0;1;1;2;1;
12174;202000007936;154 728 289;B01;2;7;0;2;2;0;1;
12175;202000007936;154 728 290;A01;1;7;0;2;1;17;1;
12176;202000007937;154 728 288;A01;1;7;1;0;9;1;0;
12177;202000007938;154 728 287;Z01;1;7;0;1;2;9;0;
12178;202000007939;154 728 285;B01;1;1;0;2;1;13;5;
12179;202000007939;154 728 286;A01;3;7;0;2;7;16;1;
12180;202000007940;154 728 282;A01;2;7;0;2;1;1;1;
12181;202000007940;154 728 283;B01;2;7;0;2;4;23;1;
12182;202000007940;154 728 284;C01;2;7;0;2;4;23;1;
12183;202000007941;154 728 280;A01;1;7;0;2;2;1;1;
12184;202000007941;154 728 281;B01;1;7;0;2;3;9;1;
12185;202000007942;154 728 279;A01;3;33;0;0;7;15;1;
12186;202000007943;154 728 276;A01;3;7;0;2;2;15;1;
12187;202000007943;154 728 277;C01;3;7;0;2;3;1;1;
12188;202000007943;154 728 278;B01;3;7;0;2;3;1;1;
12189;202000007944;154 728 274;B01;1;1;0;2;5;1;5;
12190;202000007944;154 728 275;A01;2;7;0;2;1;1;1;
12191;202000007945;154 728 273;A01;1;7;0;1;3;1;2;
12192;202000007946;154 728 272;A01;1;10;0;1;8;1;1;
12193;202000007947;154 728 270;A01;3;7;0;2;2;15;1;
12194;202000007947;154 728 271;B01;1;30;0;2;2;1;1;
12195;202000007948;154 728 268;A01;3;10;0;2;8;10;1;
12196;202000007948;154 728 269;B01;1;2;0;2;2;1;1;
12197;202000007949;154 728 267;A01;1;30;0;0;8;26;1;
12198;202000007950;154 728 266;A01;1;7;0;1;7;16;1;
12199;202000007951;154 728 264;B01;3;7;0;2;2;15;1;
12200;202000007951;154 728 265;A01;3;7;0;2;3;26;1;
12201;202000007952;154 728 262;B01;1;1;0;2;6;2;5;
12202;202000007952;154 728 263;A01;1;7;0;2;6;22;1;
12203;202000007954;154 728 258;B01;0;1;0;2;4;1;5;
12204;202000007954;154 728 259;A01;0;7;0;9;1;1;1;
12205;202000007955;154 728 256;A01;1;33;0;2;1;1;1;
12206;202000007955;154 728 257;B01;2;7;0;2;3;15;1;
12207;202000007956;154 728 255;Z01;3;0;0;1;0;16;0;
12208;202000007957;154 728 253;A01;1;14;0;2;1;1;1;
12209;202000007957;154 728 254;B01;2;7;0;2;8;19;1;
12210;202000007958;154 728 251;A01;1;10;0;2;3;15;1;
12211;202000007958;154 728 252;B01;1;80;0;2;1;1;3;
12212;202000007959;154 728 246;B01;1;1;0;2;1;1;5;
12213;202000007959;154 728 247;A01;2;14;0;2;3;15;1;
12214;202000007960;154 728 244;B01;3;7;0;2;2;1;1;
12215;202000007960;154 728 245;A01;3;30;0;2;1;1;1;
12216;202000007961;154 728 243;A01;1;10;0;1;2;1;1;
12217;202000007962;154 728 241;A01;0;7;0;2;1;1;0;
12218;202000007962;154 728 242;B01;0;7;0;2;4;1;1;
12219;202000007963;154 728 239;B01;0;7;0;2;2;15;1;
12220;202000007963;154 728 240;A01;1;33;0;2;3;2;1;
12221;202000007964;154 728 238;A01;1;30;0;1;1;1;0;
12222;202000007965;154 728 236;A01;2;30;0;2;1;1;1;
12223;202000007965;154 728 237;B01;1;7;0;2;1;16;1;
12224;202000007966;154 728 235;A01;1;7;15;1;2;9;0;
12225;202000007969;154 728 231;A01;2;32;0;0;0;26;0;
12226;202000007970;154 728 229;B01;1;33;0;2;1;1;1;
12227;202000007970;154 728 230;A01;2;7;0;2;3;15;1;
12228;202000007971;154 728 228;A01;1;7;0;1;7;1;-1;
12229;202000007972;154 728 226;A01;2;43;0;2;1;3;1;
12230;202000007972;154 728 227;Z01;2;7;0;2;3;11;0;
12231;202000007973;154 728 224;A01;2;7;0;2;7;11;1;
12232;202000007973;154 728 225;B01;2;32;0;2;7;3;1;
12233;202000007976;154 728 219;B01;1;33;0;2;7;23;1;
12234;202000007976;154 728 220;A01;1;30;0;2;8;14;1;
12235;202000007977;154 728 218;A01;1;30;1;0;1;14;3;
12236;202000007978;154 728 216;Z01;1;31;0;2;8;5;1;
12237;202000007978;154 728 217;A01;1;1;0;2;0;1;5;
12238;202000007979;154 728 214;B01;2;1;0;2;1;1;5;
12239;202000007979;154 728 215;A01;2;7;0;2;2;22;1;
12240;202000007980;154 728 213;A01;1;30;0;1;1;1;3;
12241;202000007981;154 728 212;Z01;1;31;0;1;1;1;0;
12242;202000007982;154 728 210;A01;1;32;0;2;1;1;1;
12243;202000007982;154 728 211;B01;2;7;0;2;2;15;1;
12244;202000007983;154 728 208;A01;1;7;0;2;5;10;1;
12245;202000007983;154 728 209;B01;2;33;0;2;1;1;1;
12246;202000007984;154 728 206;B01;1;1;0;2;1;1;5;
12247;202000007984;154 728 207;A01;1;7;0;2;5;17;1;
12248;202000007985;154 728 204;A01;1;33;0;2;1;23;1;
12249;202000007985;154 728 205;B01;1;10;0;2;7;16;1;
12250;202000007987;154 728 201;A01;2;1;12;0;0;14;5;
12251;202000007988;154 728 199;B01;2;30;0;2;7;1;1;
12252;202000007988;154 728 200;A01;2;7;0;2;3;13;1;
12253;202000007989;154 728 197;A01;1;7;0;2;2;15;1;
12254;202000007989;154 728 198;B01;2;1;0;2;1;1;5;
12255;202000007990;154 728 195;A01;2;30;0;2;7;17;1;
12256;202000007990;154 728 196;B01;2;7;0;2;8;15;1;
12257;202000007991;154 728 193;A01;1;1;0;2;0;1;5;
12258;202000007991;154 728 194;B01;1;7;0;2;1;1;1;
12259;202000007992;154 728 191;Z01;1;7;0;2;2;16;1;
12260;202000007992;154 728 192;A01;1;1;0;2;1;7;5;
12261;202000007993;154 728 190;A01;2;10;0;1;2;20;1;
12262;202000007994;154 728 188;A01;3;1;0;2;7;9;5;
12263;202000007994;154 728 189;B01;3;1;0;2;8;1;5;
12264;202000007995;154 728 187;A01;1;32;0;0;0;1;1;
12265;202000007996;154 728 186;A01;1;1;15;0;8;21;5;
12266;202000007999;154 728 182;A01;2;7;0;2;3;16;1;
12267;202000007999;154 728 183;B01;1;60;0;2;1;5;5;
12268;202000008000;154 728 181;A01;1;99;0;1;1;26;3;
12269;202000008002;154 728 179;A01;3;10;0;1;1;1;3;
12270;202000008003;154 728 177;B01;0;30;0;0;0;15;0;
12271;202000008003;154 728 178;A01;3;10;0;0;3;0;1;
12272;202000008004;154 728 176;A01;2;7;0;1;4;4;2;
12273;202000008005;154 728 174;B01;-1;7;0;2;3;19;1;
12274;202000008005;154 728 175;A01;-1;34;0;2;2;17;1;
12275;202000008006;154 728 172;A01;2;10;0;2;1;1;1;
12276;202000008006;154 728 173;B01;2;7;0;2;8;1;1;
12277;202000008007;154 728 171;A01;1;33;0;0;8;1;1;
12278;202000008008;154 728 168;A01;2;7;1;2;3;10;0;
12279;202000008008;154 728 169;B01;1;34;1;0;2;1;0;
12280;202000008008;154 728 170;C01;2;30;1;2;3;1;0;
12281;202000008009;154 728 166;B01;0;34;0;2;2;1;1;
12282;202000008009;154 728 167;A01;0;7;0;2;6;15;1;
12283;202000008010;154 728 164;A01;3;10;0;2;1;16;1;
12284;202000008010;154 728 165;B01;3;7;0;2;3;1;1;
12285;202000008012;154 728 162;A01;1;32;0;1;1;1;1;
12286;202000008013;154 728 160;A01;1;30;0;2;1;1;1;
12287;202000008013;154 728 161;B01;1;3;0;2;3;9;1;
12288;202000008014;154 728 159;A01;1;15;0;0;0;14;1;
12289;202000008015;154 728 157;A01;3;7;0;2;1;1;1;
12290;202000008015;154 728 158;B01;3;7;0;2;4;16;1;
12291;202000008016;154 728 155;B01;3;31;0;2;1;2;1;
12292;202000008016;154 728 156;A01;3;7;0;2;4;2;1;
12293;202000008018;154 728 151;B01;3;2;0;2;1;1;1;
12294;202000008018;154 728 152;A01;3;7;0;2;3;11;1;
12295;202000008019;154 728 150;A01;3;7;13;0;3;19;1;
12296;202000008020;154 728 148;A01;1;7;0;2;2;9;1;
12297;202000008020;154 728 149;C01;1;7;0;2;3;11;1;
12298;202000008021;154 728 145;C01;2;17;0;2;8;1;1;
12299;202000008021;154 728 146;A01;2;3;0;9;1;17;1;
12300;202000008021;154 728 147;B01;1;21;0;2;8;1;1;
12301;202000008023;154 728 141;A01;1;7;0;2;2;2;1;
12302;202000008023;154 728 142;B01;1;2;3;2;6;2;1;
12303;202000008024;154 728 140;A01;3;7;2;0;1;14;1;
12304;202000008026;154 728 138;A01;1;7;11;0;1;1;1;
12305;202000008027;154 728 136;A01;1;7;0;0;8;19;1;
12306;202000008027;154 728 137;B01;2;7;0;2;1;1;1;
12307;202000008028;154 728 134;A01;1;7;0;2;1;2;1;
12308;202000008028;154 728 135;B01;1;7;0;0;4;1;1;
12309;202000008029;154 728 132;B01;1;7;2;2;1;1;1;
12310;202000008029;154 728 133;A01;2;7;2;2;1;5;1;
12311;202000008030;154 728 131;A01;2;1;0;0;6;1;5;
12312;202000008031;154 728 128;C01;1;14;0;2;8;1;1;
12313;202000008031;154 728 129;B01;1;7;0;2;3;1;1;
12314;202000008031;154 728 130;A01;2;7;0;2;3;13;1;
12315;202000008032;154 728 126;A01;2;7;0;2;1;2;1;
12316;202000008032;154 728 127;B01;2;7;0;0;4;15;1;
12317;202000008033;154 728 124;A01;1;7;0;2;1;17;1;
12318;202000008033;154 728 125;B01;2;7;0;2;1;1;1;
12319;202000008034;154 728 122;A01;2;30;0;2;1;1;1;
12320;202000008034;154 728 123;B01;2;7;0;2;1;1;0;
12321;202000008035;154 728 121;A01;0;1;0;0;9;0;5;
12322;202000008036;154 728 120;A01;1;31;0;0;0;21;0;
12323;202000008037;154 728 118;A01;2;2;0;2;3;13;1;
12324;202000008037;154 728 119;B01;1;7;0;2;8;1;1;
12325;202000008039;154 728 114;B01;1;10;0;2;3;1;1;
12326;202000008039;154 728 115;A01;2;3;0;2;3;1;1;
12327;202000008040;154 728 110;B01;1;7;0;2;1;1;1;
12328;202000008040;154 728 111;A01;1;7;10;2;7;19;1;
12329;202000008041;154 728 108;A01;1;7;0;2;1;19;1;
12330;202000008041;154 728 109;B01;2;7;0;2;2;21;1;
12331;202000008042;154 728 106;A01;2;7;0;2;1;13;1;
12332;202000008042;154 728 107;B01;1;7;0;2;1;1;1;
12333;202000008043;154 728 102;A01;1;80;0;2;5;1;3;
12334;202000008043;154 728 103;B01;0;7;0;2;4;9;0;
12335;202000008044;154 728 101;A01;1;7;6;0;1;1;1;