;Num_Acc;id_vehicule;num_veh;senc;catv;obs;obsm;choc;manv;motor;occutc
12336;202000008045;154 728 100;A01;1;33;0;0;7;1;1;
12337;202000008046;154 728 098;A01;1;7;0;2;5;2;1;
12338;202000008046;154 728 099;B01;1;7;0;2;1;2;1;
12339;202000008047;154 728 097;A01;1;7;0;1;1;1;1;
12340;202000008048;154 728 095;A01;2;7;6;0;8;15;1;
12341;202000008048;154 728 096;B01;1;7;0;2;3;1;1;
12342;202000008049;154 728 093;A01;2;2;0;2;3;11;1;
12343;202000008049;154 728 094;B01;2;7;0;0;5;1;1;
12344;202000008050;154 728 092;A01;2;7;6;0;2;2;1;
12345;202000008051;154 728 091;A01;2;7;0;1;2;1;0;
12346;202000008052;154 728 090;A01;2;7;12;0;0;1;1;
12347;202000008053;154 728 089;A01;2;7;0;1;2;1;0;
12348;202000008054;154 728 085;D01;2;15;0;0;4;2;1;
12349;202000008054;154 728 086;C01;2;15;0;2;4;2;1;
12350;202000008054;154 728 087;B01;2;15;0;2;4;2;1;
12351;202000008054;154 728 088;A01;2;15;0;2;1;2;1;
12352;202000008056;154 728 082;A01;1;33;0;2;3;13;1;
12353;202000008056;154 728 083;B01;1;7;0;2;3;1;1;
12354;202000008057;154 728 081;A01;1;7;0;1;0;0;0;
12355;202000008058;154 728 079;B01;1;10;0;2;6;1;1;
12356;202000008058;154 728 080;A01;2;33;0;2;2;1;1;
12357;202000008059;154 728 077;A01;2;7;0;9;8;1;1;
12358;202000008059;154 728 078;B01;2;1;0;2;1;1;5;
12359;202000008060;154 728 076;A01;2;7;13;0;3;0;0;
12360;202000008061;154 728 074;B01;0;33;0;2;3;1;1;
12361;202000008061;154 728 075;A01;0;7;0;2;2;16;1;
12362;202000008062;154 728 072;B01;2;7;0;2;7;15;1;
12363;202000008062;154 728 073;A01;1;7;0;2;1;1;1;
12364;202000008063;154 728 070;B01;3;10;0;2;2;15;1;
12365;202000008063;154 728 071;A01;2;33;0;2;1;1;1;
12366;202000008064;154 728 068;A01;1;2;0;0;5;2;1;
12367;202000008064;154 728 069;B01;1;7;0;2;1;2;0;
12368;202000008065;154 728 066;A01;1;7;0;2;3;15;1;
12369;202000008065;154 728 067;B01;2;1;0;2;1;1;5;
12370;202000008066;154 728 065;A01;2;7;0;1;1;0;1;
12371;202000008067;154 728 061;A01;0;7;0;1;2;15;1;
12372;202000008068;154 728 060;A01;0;37;0;1;2;26;1;1.0
12373;202000008069;154 728 058;A01;0;7;0;0;2;11;1;
12374;202000008069;154 728 059;B01;0;7;0;0;1;1;1;
12375;202000008070;154 728 056;A01;0;7;0;2;1;17;1;
12376;202000008070;154 728 057;B01;0;7;0;2;1;1;1;
12377;202000008071;154 728 055;A01;1;7;13;0;9;0;1;
12378;202000008072;154 728 052;A01;2;7;0;2;1;2;1;
12379;202000008072;154 728 053;B01;2;7;0;2;5;23;1;
12380;202000008072;154 728 054;C01;2;7;0;2;4;23;1;
12381;202000008073;154 728 051;A01;2;33;0;0;8;21;1;
12382;202000008074;154 728 050;A01;2;32;16;0;7;3;1;
12383;202000008075;154 728 048;A01;1;7;0;2;1;2;1;
12384;202000008075;154 728 049;B01;1;7;0;2;4;2;1;
12385;202000008076;154 728 047;A01;1;7;3;0;9;2;1;
12386;202000008077;154 728 045;B01;1;10;0;2;5;23;1;
12387;202000008077;154 728 046;A01;1;33;1;0;1;2;1;
12388;202000008078;154 728 043;B01;1;7;4;2;5;23;1;
12389;202000008078;154 728 044;A01;1;31;3;2;3;3;1;
12390;202000008079;154 728 042;A01;2;7;12;0;1;9;1;
12391;202000008080;154 728 040;B01;1;7;0;0;4;1;1;
12392;202000008080;154 728 041;A01;1;33;0;2;1;1;1;
12393;202000008082;154 728 037;B01;2;32;0;2;3;1;1;
12394;202000008083;154 728 035;B01;1;10;0;2;5;1;1;
12395;202000008083;154 728 036;A01;1;7;0;2;1;1;1;
12396;202000008084;154 728 033;B01;2;7;0;2;6;23;1;
12397;202000008084;154 728 034;A01;2;33;1;0;1;3;1;
12398;202000008085;154 728 029;A01;2;7;0;2;1;1;1;
12399;202000008085;154 728 030;B01;2;7;0;2;6;1;1;
12400;202000008085;154 728 031;C01;2;7;0;2;6;1;1;
12401;202000008085;154 728 032;D01;2;7;0;2;4;1;1;
12402;202000008086;154 728 027;A01;2;32;0;2;1;3;1;
12403;202000008086;154 728 028;B01;2;14;0;2;6;1;1;
12404;202000008088;154 728 024;A01;2;33;0;1;1;21;1;
12405;202000008089;154 728 023;A01;1;35;9;0;0;0;0;
12406;202000008090;154 728 020;A01;1;7;0;2;2;1;1;
12407;202000008090;154 728 021;C01;1;7;0;2;4;0;0;
12408;202000008090;154 728 022;B01;1;7;0;2;4;1;1;
12409;202000008091;154 728 019;A01;2;7;2;0;3;1;1;
12410;202000008092;154 728 017;B01;0;7;0;2;3;1;0;
12411;202000008092;154 728 018;A01;0;33;0;2;3;13;0;
12412;202000008093;154 728 015;A01;3;7;12;2;3;1;1;
12413;202000008093;154 728 016;B01;3;7;0;2;3;13;1;
12414;202000008094;154 728 013;A01;1;7;0;2;1;1;0;
12415;202000008094;154 728 014;B01;1;32;0;2;3;1;0;
12416;202000008095;154 728 012;A01;2;43;3;0;7;14;6;
12417;202000008096;154 728 010;A01;2;7;0;2;4;2;1;
12418;202000008096;154 728 011;B01;2;7;0;2;2;2;1;
12419;202000008097;154 728 008;A01;2;15;0;2;7;12;1;
12420;202000008097;154 728 009;B01;2;20;0;2;8;1;1;
12421;202000008098;154 728 007;A01;2;7;0;1;3;1;1;
12422;202000008099;154 728 006;A01;2;33;0;0;0;1;1;
12423;202000008100;154 728 005;A01;1;10;4;5;3;13;1;
12424;202000008101;154 728 001;D01;2;7;0;2;4;2;1;
12425;202000008101;154 728 002;C01;2;7;0;2;4;2;1;
12426;202000008101;154 728 003;B01;2;7;0;2;4;2;1;
12427;202000008101;154 728 004;A01;2;7;0;2;1;2;1;
12428;202000008102;154 728 000;A01;2;7;4;0;1;14;1;
12429;202000008103;154 727 997;A01;2;7;0;2;3;2;1;
12430;202000008103;154 727 998;B01;2;34;0;2;4;0;1;
12431;202000008103;154 727 999;C01;2;7;0;2;4;2;1;
12432;202000008104;154 727 996;A01;2;7;4;0;1;13;1;
12433;202000008105;154 727 994;B01;2;10;0;2;4;2;1;
12434;202000008105;154 727 995;A01;2;7;0;2;1;2;1;
12435;202000008106;154 727 992;A01;2;7;4;2;1;19;1;
12436;202000008106;154 727 993;B01;2;7;0;2;3;1;1;
12437;202000008107;154 727 990;B01;2;7;0;2;6;1;1;
12438;202000008107;154 727 991;A01;2;15;0;2;2;12;1;
12439;202000008108;154 727 986;A01;1;33;8;0;1;1;1;
12440;202000008109;154 727 985;A01;3;33;13;0;9;1;1;
12441;202000008110;154 727 978;A01;1;7;0;2;8;15;1;
12442;202000008110;154 727 979;B01;1;7;0;2;1;1;1;
12443;202000008111;154 727 976;B01;3;1;0;2;1;19;5;
12444;202000008111;154 727 977;A01;3;10;0;2;8;2;1;
12445;202000008112;154 727 975;A01;1;7;0;1;2;1;1;
12446;202000008113;154 727 973;A01;2;2;0;2;1;1;1;
12447;202000008113;154 727 974;B01;2;7;0;2;8;15;1;
12448;202000008114;154 727 971;B01;0;7;0;2;1;1;1;
12449;202000008114;154 727 972;A01;0;7;0;2;8;9;1;
12450;202000008116;154 727 967;B01;1;7;0;2;1;2;1;
12451;202000008116;154 727 968;A01;1;7;0;2;4;2;1;
12452;202000008117;154 727 966;A01;1;37;0;1;5;1;1;1.0
12453;202000008118;154 727 964;B01;2;17;0;2;3;1;1;
12454;202000008118;154 727 965;A01;1;7;0;2;3;13;1;
12455;202000008119;154 727 962;B01;1;7;0;2;4;2;1;
12456;202000008119;154 727 963;A01;1;10;0;2;1;2;1;
12457;202000008120;154 727 960;B01;1;7;0;2;4;2;1;
12458;202000008120;154 727 961;A01;1;7;0;2;1;2;1;
12459;202000008121;154 727 957;C01;1;7;0;2;7;21;1;
12460;202000008121;154 727 958;B01;1;7;0;2;4;1;1;
12461;202000008121;154 727 959;A01;1;30;0;2;1;2;1;
12462;202000008122;154 727 955;B01;2;1;0;2;3;1;5;
12463;202000008122;154 727 956;A01;1;7;0;2;3;15;1;
12464;202000008123;154 727 953;A01;1;10;0;2;3;9;1;
12465;202000008123;154 727 954;B01;1;2;0;2;7;15;1;
12466;202000008124;154 727 952;A01;1;10;0;1;3;1;1;
12467;202000008125;154 727 950;A01;1;30;0;2;1;7;1;
12468;202000008125;154 727 951;B01;1;7;0;2;7;16;1;
12469;202000008126;154 727 948;B01;1;7;0;2;2;1;0;
12470;202000008126;154 727 949;A01;1;32;0;2;0;1;0;
12471;202000008127;154 727 946;B01;3;1;0;2;1;26;5;
12472;202000008127;154 727 947;A01;3;7;0;9;5;15;1;
12473;202000008129;154 727 942;A01;1;10;0;2;6;2;1;
12474;202000008129;154 727 943;B01;1;7;1;0;1;2;1;
12475;202000008130;154 727 940;B01;1;1;0;2;4;1;5;
12476;202000008130;154 727 941;A01;1;7;0;2;3;9;1;
12477;202000008131;154 727 938;B01;1;1;0;2;1;1;5;
12478;202000008131;154 727 939;A01;1;7;0;2;3;9;1;
12479;202000008132;154 727 937;A01;1;2;0;0;7;14;1;
12480;202000008133;154 727 935;A01;2;7;0;0;0;9;1;
12481;202000008133;154 727 936;B01;2;33;0;2;0;1;1;
12482;202000008134;154 727 934;A01;1;7;2;0;9;13;1;
12483;202000008135;154 727 932;B01;1;7;2;2;1;1;1;
12484;202000008135;154 727 933;A01;2;7;0;2;1;13;1;
12485;202000008136;154 727 930;A01;0;7;1;0;2;9;1;
12486;202000008136;154 727 931;B01;3;7;0;2;6;23;1;
12487;202000008137;154 727 928;B01;1;2;0;2;4;2;1;
12488;202000008137;154 727 929;A01;1;32;0;2;1;17;1;
12489;202000008139;154 727 925;B01;3;7;0;2;1;1;1;
12490;202000008139;154 727 926;A01;3;3;0;2;7;19;1;
12491;202000008140;154 727 924;A01;1;50;15;0;1;1;3;
12492;202000008141;154 727 923;A01;1;7;16;0;8;1;1;
12493;202000008142;154 727 921;A01;1;7;0;2;3;26;1;
12494;202000008142;154 727 922;B01;1;7;0;2;2;1;1;
12495;202000008143;154 727 919;B01;3;7;0;-1;1;1;-1;
12496;202000008143;154 727 920;A01;3;33;0;-1;1;1;-1;
12497;202000008144;154 727 918;A01;3;7;0;1;1;2;0;
12498;202000008145;154 727 917;A01;2;7;4;0;2;1;1;
12499;202000008146;154 727 915;B01;1;10;0;2;3;1;1;
12500;202000008146;154 727 916;A01;2;7;0;2;2;1;1;
12501;202000008147;154 727 913;B01;2;7;0;2;4;1;1;
12502;202000008147;154 727 914;A01;3;7;0;2;1;1;1;
12503;202000008148;154 727 912;A01;3;1;0;1;2;2;5;
12504;202000008149;154 727 911;A01;2;33;0;1;2;1;1;
12505;202000008150;154 727 910;A01;3;7;1;1;2;14;1;
12506;202000008151;154 727 908;B01;3;80;0;2;1;1;3;
12507;202000008151;154 727 909;A01;3;7;0;2;8;15;1;
12508;202000008153;154 727 905;A01;0;7;0;2;1;0;1;
12509;202000008153;154 727 906;B01;0;2;0;2;7;0;1;
12510;202000008154;154 727 903;B01;1;32;0;0;0;0;1;
12511;202000008154;154 727 904;Z01;1;7;0;2;2;15;1;
12512;202000008155;154 727 901;A01;1;7;0;2;1;2;0;
12513;202000008155;154 727 902;B01;1;7;0;2;6;2;0;
12514;202000008156;154 727 899;B01;3;7;0;2;4;23;1;
12515;202000008156;154 727 900;A01;3;7;0;2;1;2;1;
12516;202000008157;154 727 897;A01;2;34;0;2;1;1;1;
12517;202000008157;154 727 898;B01;3;7;0;2;8;9;1;
12518;202000008158;154 727 895;B01;2;7;0;2;2;1;1;
12519;202000008158;154 727 896;A01;2;1;0;2;8;9;5;
12520;202000008159;154 727 893;B01;1;7;0;2;4;2;1;
12521;202000008159;154 727 894;A01;1;2;0;2;1;2;1;
12522;202000008160;154 727 892;A01;1;7;0;1;3;15;1;
12523;202000008162;154 727 889;B01;1;2;0;2;4;23;1;
12524;202000008162;154 727 890;A01;1;7;0;2;1;1;1;
12525;202000008163;154 727 887;B01;3;1;0;2;1;1;5;
12526;202000008163;154 727 888;A01;1;7;0;2;2;16;1;
12527;202000008164;154 727 885;B01;1;32;0;2;1;3;1;
12528;202000008164;154 727 886;A01;1;7;0;2;1;5;1;
12529;202000008165;154 727 883;Z01;1;43;0;2;1;1;1;
12530;202000008165;154 727 884;A01;1;30;0;2;4;23;1;
12531;202000008166;154 727 881;B01;3;32;0;2;7;1;1;
12532;202000008166;154 727 882;A01;3;7;0;2;8;11;1;
12533;202000008167;154 727 879;A01;1;32;0;2;1;1;1;
12534;202000008167;154 727 880;B01;1;7;0;2;3;1;1;
12535;202000008168;154 727 877;B01;1;7;0;2;3;1;1;
12536;202000008168;154 727 878;A01;1;50;0;2;1;1;3;
12537;202000008169;154 727 876;A01;3;1;0;1;1;5;5;
12538;202000008170;154 727 874;Z01;1;7;0;2;8;10;1;
12539;202000008170;154 727 875;A01;1;32;0;2;2;1;1;
12540;202000008171;154 727 873;A01;1;1;0;0;0;1;5;
12541;202000008172;154 727 872;A01;1;1;0;0;0;1;5;
12542;202000008174;154 727 868;A01;3;7;0;2;1;26;1;
12543;202000008174;154 727 869;B01;3;3;0;2;2;1;1;
12544;202000008175;154 727 866;B01;2;7;0;2;6;2;1;
12545;202000008175;154 727 867;A01;2;33;14;0;1;2;1;
12546;202000008176;154 727 864;B01;2;30;0;2;2;15;1;
12547;202000008176;154 727 865;A01;1;7;0;2;3;9;1;
12548;202000008177;154 727 863;A01;1;7;14;1;2;16;1;
12549;202000008178;154 727 861;A01;1;7;0;2;1;13;1;
12550;202000008178;154 727 862;B01;1;7;0;2;7;16;1;
12551;202000008179;154 727 859;B01;3;1;0;2;1;25;6;
12552;202000008179;154 727 860;A01;3;7;0;2;3;9;1;
12553;202000008180;154 727 857;B01;1;14;1;0;7;12;0;
12554;202000008180;154 727 858;A01;1;34;1;2;8;3;1;
12555;202000008181;154 727 855;B01;2;50;15;0;2;1;3;
12556;202000008181;154 727 856;A01;1;7;15;2;2;9;1;
12557;202000008182;154 727 853;A01;1;99;0;2;1;2;6;
12558;202000008182;154 727 854;B01;2;33;0;2;4;2;6;
12559;202000008183;154 727 851;A01;3;99;0;2;1;19;1;
12560;202000008183;154 727 852;B01;3;7;0;2;8;1;1;
12561;202000008184;154 727 849;B01;0;50;0;2;1;9;3;
12562;202000008184;154 727 850;A01;3;3;0;9;3;9;1;
12563;202000008185;154 727 847;B01;0;7;0;2;2;1;1;
12564;202000008185;154 727 848;A01;0;7;0;2;1;26;1;
12565;202000008187;154 727 843;C01;1;7;0;0;1;1;1;
12566;202000008187;154 727 844;B01;2;7;3;0;8;1;1;
12567;202000008187;154 727 845;A01;1;7;0;2;3;19;1;
12568;202000008189;154 727 840;A01;1;7;0;2;3;1;1;
12569;202000008189;154 727 841;B01;1;1;0;2;5;1;5;
12570;202000008190;154 727 838;A01;2;7;0;2;1;13;1;
12571;202000008190;154 727 839;B01;1;7;0;2;1;1;1;
12572;202000008191;154 727 837;A01;-1;33;0;0;1;1;1;
12573;202000008192;154 727 835;B01;1;7;0;0;4;1;1;
12574;202000008192;154 727 836;A01;1;31;0;2;1;2;1;
12575;202000008193;154 727 834;A01;2;7;13;0;3;1;1;
12576;202000008195;154 727 832;A01;2;33;3;0;7;1;1;
12577;202000008196;154 727 831;A01;2;7;4;0;3;13;1;
12578;202000008197;154 727 828;B01;1;7;0;2;1;1;0;
12579;202000008197;154 727 829;A01;2;7;0;2;3;15;1;
12580;202000008199;154 727 825;B01;0;7;0;2;1;1;1;
12581;202000008199;154 727 826;A01;3;7;8;0;2;1;1;
12582;202000008200;154 727 823;A01;2;7;0;2;5;12;1;
12583;202000008200;154 727 824;B01;2;10;0;2;3;1;1;
12584;202000008201;154 727 822;A01;1;33;7;0;1;1;0;
12585;202000008203;154 727 818;A01;2;7;0;2;3;17;0;
12586;202000008203;154 727 819;B01;2;33;0;2;9;17;0;
12587;202000008204;154 727 816;B01;3;33;0;2;3;1;1;
12588;202000008204;154 727 817;A01;3;10;0;0;2;19;0;
12589;202000008206;154 727 809;A01;2;10;3;0;1;0;1;
12590;202000008207;154 727 807;B01;2;7;3;2;5;17;1;
12591;202000008207;154 727 808;A01;2;7;3;2;3;13;1;
12592;202000008208;154 727 806;A01;2;7;13;0;0;1;1;
12593;202000008209;154 727 805;A01;1;7;16;0;3;1;1;
12594;202000008210;154 727 803;A01;1;7;0;0;3;15;1;
12595;202000008210;154 727 804;B01;1;33;0;0;8;21;1;
12596;202000008211;154 727 801;A01;1;7;0;2;2;21;0;
12597;202000008211;154 727 802;B01;1;1;0;2;3;2;5;
12598;202000008212;154 727 800;A01;0;2;0;0;1;0;1;
12599;202000008213;154 727 799;A01;2;7;13;0;3;2;1;
12600;202000008214;154 727 798;A01;1;7;13;0;1;1;1;
12601;202000008215;154 727 796;B01;1;33;0;2;1;1;1;
12602;202000008215;154 727 797;A01;1;7;0;2;4;1;1;
12603;202000008216;154 727 794;A01;1;2;0;2;1;2;1;
12604;202000008216;154 727 795;B01;1;7;0;2;5;15;1;
12605;202000008217;154 727 792;A01;3;99;0;0;0;10;6;
12606;202000008218;154 727 791;A01;1;7;0;0;1;0;1;
12607;202000008219;154 727 789;A01;1;33;0;2;1;17;1;
12608;202000008219;154 727 790;B01;2;7;0;2;1;1;1;
12609;202000008220;154 727 788;A01;2;7;2;0;3;1;0;
12610;202000008221;154 727 786;A01;2;33;0;0;4;23;0;
12611;202000008221;154 727 787;B01;2;7;0;2;1;1;0;
12612;202000008222;154 727 782;B01;1;7;0;2;1;1;1;
12613;202000008222;154 727 783;A01;1;1;0;2;2;1;5;
12614;202000008222;154 727 784;C01;1;7;0;9;4;1;1;
12615;202000008222;154 727 785;D01;2;7;0;0;2;1;1;
12616;202000008223;154 727 780;B01;1;14;0;2;8;1;1;
12617;202000008223;154 727 781;A01;2;33;13;2;3;17;1;
12618;202000008224;154 727 778;B01;2;10;0;2;1;1;1;
12619;202000008224;154 727 779;A01;1;7;0;2;1;13;1;
12620;202000008225;154 727 776;B01;1;32;0;2;1;17;1;
12621;202000008225;154 727 777;A01;2;7;0;2;3;19;1;
12622;202000008226;154 727 775;A01;1;7;0;1;2;1;1;
12623;202000008227;154 727 773;A01;2;10;0;0;4;1;1;
12624;202000008227;154 727 774;B01;2;7;0;2;1;1;1;
12625;202000008228;154 727 772;A01;1;7;15;0;2;14;1;
12626;202000008229;154 727 770;A01;3;7;0;2;1;19;1;
12627;202000008229;154 727 771;B01;2;7;0;2;5;1;1;
12628;202000008230;154 727 769;A01;1;10;0;0;9;1;0;
12629;202000008231;154 727 768;A01;2;7;4;0;1;1;1;
12630;202000008232;154 727 766;A01;0;7;0;2;2;19;1;
12631;202000008232;154 727 767;B01;0;1;0;2;2;1;5;
12632;202000008233;154 727 764;B01;3;7;0;2;1;1;1;
12633;202000008233;154 727 765;A01;3;60;0;2;8;19;5;
12634;202000008234;154 727 762;B01;2;21;0;2;6;1;1;
12635;202000008234;154 727 763;A01;1;33;0;2;3;1;1;
12636;202000008235;154 727 760;B01;1;7;0;2;8;15;1;
12637;202000008235;154 727 761;A01;2;14;0;2;1;1;1;
12638;202000008236;154 727 759;A01;3;1;0;0;1;0;5;
12639;202000008237;154 727 758;A01;1;7;0;1;3;1;1;
12640;202000008238;154 727 756;B01;2;7;0;2;6;2;1;
12641;202000008238;154 727 757;A01;2;10;0;2;2;2;1;
12642;202000008239;154 727 755;A01;2;7;0;1;1;1;0;
12643;202000008240;154 727 753;B01;1;7;0;2;8;9;1;
12644;202000008240;154 727 754;A01;1;30;0;2;7;1;1;
12645;202000008241;154 727 750;A01;1;7;0;0;1;15;1;
12646;202000008241;154 727 751;B01;2;1;0;2;1;1;5;
12647;202000008241;154 727 752;C01;2;1;0;2;1;1;5;
12648;202000008242;154 727 748;A01;1;7;0;1;4;24;1;
12649;202000008242;154 727 749;B01;1;7;1;2;1;26;1;
12650;202000008243;154 727 745;A01;3;7;0;2;3;13;1;
12651;202000008243;154 727 746;B01;3;7;0;2;1;1;1;
12652;202000008244;154 727 742;A01;3;2;0;0;3;0;1;
12653;202000008245;154 727 741;A01;1;33;0;0;0;2;1;
12654;202000008246;154 727 739;B01;3;31;0;2;3;1;1;
12655;202000008246;154 727 740;A01;3;7;0;2;3;1;1;
12656;202000008247;154 727 738;A01;1;33;0;0;7;1;0;
12657;202000008248;154 727 737;A01;2;33;0;0;0;21;1;
12658;202000008249;154 727 736;A01;2;7;2;0;1;14;1;
12659;202000008250;154 727 734;A01;2;1;12;2;1;1;5;
12660;202000008250;154 727 735;B01;1;10;0;2;3;17;1;
12661;202000008251;154 727 732;B01;0;7;0;2;1;1;1;
12662;202000008251;154 727 733;A01;0;7;0;2;7;19;1;
12663;202000008252;154 727 731;A01;1;7;2;0;1;0;1;
12664;202000008253;154 727 729;B01;1;1;0;0;6;2;5;
12665;202000008253;154 727 730;A01;1;7;0;9;2;1;0;
12666;202000008254;154 727 728;A01;1;33;11;0;7;1;1;
12667;202000008255;154 727 726;A01;1;7;0;0;7;15;1;
12668;202000008255;154 727 727;B01;2;33;0;2;1;1;1;
12669;202000008256;154 727 725;A01;0;2;1;0;1;14;1;
12670;202000008257;154 727 724;A01;3;7;6;1;2;26;1;
12671;202000008258;154 727 723;A01;1;7;15;0;9;1;1;
12672;202000008259;154 727 721;A01;0;7;0;2;3;15;0;
12673;202000008259;154 727 722;B01;0;7;8;2;2;17;0;
12674;202000008260;154 727 719;B01;2;2;0;0;1;5;1;
12675;202000008260;154 727 720;A01;1;7;0;0;3;1;1;
12676;202000008261;154 727 717;B01;2;7;0;0;6;1;0;
12677;202000008261;154 727 718;A01;2;7;0;2;1;1;0;
12678;202000008262;154 727 715;B01;3;33;0;2;1;1;0;
12679;202000008262;154 727 716;A01;3;7;0;2;1;1;0;
12680;202000008263;154 727 714;A01;1;7;2;0;1;13;1;
12681;202000008264;154 727 712;A01;1;7;0;2;3;15;1;
12682;202000008264;154 727 713;B01;1;15;0;2;1;1;1;
12683;202000008265;154 727 711;A01;1;7;13;0;1;1;1;
12684;202000008266;154 727 710;A01;1;15;3;0;1;1;1;
12685;202000008268;154 727 706;A01;1;7;17;0;1;12;1;
12686;202000008269;154 727 704;A01;2;7;0;2;2;19;1;
12687;202000008269;154 727 705;B01;2;33;0;0;8;1;0;
12688;202000008270;154 727 703;A01;1;7;0;1;1;1;1;
12689;202000008271;154 727 701;A01;0;31;0;2;1;13;1;
12690;202000008271;154 727 702;B01;0;3;0;2;3;1;1;
12691;202000008272;154 727 699;A01;2;7;0;0;8;0;1;
12692;202000008272;154 727 700;B01;2;14;1;0;2;1;1;
12693;202000008273;154 727 697;A01;2;14;0;2;5;15;1;
12694;202000008273;154 727 698;B01;1;1;0;2;2;1;5;
12695;202000008274;154 727 696;A01;1;10;13;0;3;0;1;
12696;202000008275;154 727 694;B01;1;15;0;0;4;2;1;
12697;202000008275;154 727 695;A01;1;7;0;2;4;2;1;
12698;202000008276;154 727 691;C01;2;15;0;0;6;2;1;
12699;202000008276;154 727 692;B01;2;7;0;2;1;2;1;
12700;202000008276;154 727 693;A01;2;7;0;2;1;2;1;
12701;202000008277;154 727 690;A01;0;15;0;1;1;1;6;
12702;202000008278;154 727 688;B01;1;32;0;2;1;1;1;
12703;202000008278;154 727 689;A01;2;7;0;2;3;9;1;
12704;202000008280;154 727 685;B01;1;7;0;2;3;9;1;
12705;202000008280;154 727 686;A01;2;33;0;0;5;2;1;
12706;202000008281;154 727 684;A01;2;7;0;1;2;0;1;
12707;202000008282;154 727 682;B01;1;7;0;2;1;2;1;
12708;202000008282;154 727 683;A01;1;7;0;2;4;2;1;
12709;202000008283;154 727 681;A01;1;14;0;1;0;26;0;
12710;202000008284;154 727 680;A01;1;2;1;0;1;1;1;
12711;202000008285;154 727 678;B01;3;1;0;2;8;0;5;
12712;202000008285;154 727 679;A01;3;32;0;9;1;0;1;
12713;202000008286;154 727 677;A01;1;30;0;0;0;1;1;
12714;202000008287;154 727 676;A01;1;30;0;1;1;1;1;
12715;202000008288;154 727 674;A01;2;1;0;2;1;26;5;
12716;202000008288;154 727 675;B01;3;7;0;2;3;0;1;
12717;202000008289;154 727 672;A01;2;2;1;2;1;1;1;
12718;202000008289;154 727 673;Z01;1;7;0;2;1;1;0;
12719;202000008290;154 727 670;B01;1;7;0;9;8;15;1;
12720;202000008290;154 727 671;A01;2;50;0;2;1;1;3;
12721;202000008291;154 727 668;A01;2;7;6;0;1;9;0;
12722;202000008291;154 727 669;B01;2;7;0;2;1;0;0;
12723;202000008292;154 727 666;B01;1;1;0;2;6;19;5;
12724;202000008292;154 727 667;A01;1;7;0;9;2;1;1;
12725;202000008293;154 727 665;A01;2;36;12;0;1;15;1;
12726;202000008294;154 727 662;A01;1;7;0;2;1;13;1;
12727;202000008294;154 727 663;B01;2;7;0;2;8;21;1;
12728;202000008294;154 727 664;C01;2;7;0;2;3;21;1;
12729;202000008295;154 727 661;A01;3;7;0;1;1;1;0;
12730;202000008296;154 727 659;B01;3;7;0;2;5;1;1;
12731;202000008296;154 727 660;A01;3;10;0;2;3;9;1;
12732;202000008297;154 727 657;A01;3;7;0;2;1;2;1;
12733;202000008297;154 727 658;B01;3;7;0;2;4;2;1;
12734;202000008298;154 727 655;B01;1;10;6;2;0;21;1;
12735;202000008298;154 727 656;A01;1;10;0;2;1;1;1;
12736;202000008299;154 727 653;B01;3;7;0;2;3;1;1;
12737;202000008299;154 727 654;A01;3;7;0;2;2;1;1;
12738;202000008300;154 727 652;A01;1;7;15;0;1;1;1;
12739;202000008301;154 727 651;A01;2;7;0;1;1;1;1;
12740;202000008302;154 727 649;B01;1;7;0;2;3;15;1;
12741;202000008302;154 727 650;A01;1;30;0;2;5;17;1;
12742;202000008303;154 727 647;A01;2;10;0;2;0;15;1;
12743;202000008303;154 727 648;B01;1;2;0;2;0;18;1;
12744;202000008304;154 727 644;A01;2;7;0;2;4;23;1;
12745;202000008304;154 727 645;B01;2;7;1;2;4;23;1;
12746;202000008304;154 727 646;C01;2;37;1;2;1;2;1;1.0
12747;202000008305;154 727 642;A01;3;50;0;2;1;19;3;
12748;202000008305;154 727 643;B01;3;7;0;9;8;1;1;
12749;202000008306;154 727 640;B01;2;7;0;2;4;23;1;
12750;202000008306;154 727 641;A01;2;30;0;2;1;1;1;
12751;202000008307;154 727 639;A01;2;7;0;1;3;21;1;
12752;202000008308;154 727 637;B01;3;7;0;2;2;2;1;
12753;202000008308;154 727 638;A01;3;7;0;2;3;9;1;
12754;202000008309;154 727 636;A01;2;7;0;1;1;1;1;
12755;202000008310;154 727 635;A01;1;7;0;1;0;9;1;
12756;202000008311;154 727 633;A01;3;7;0;2;3;1;1;
12757;202000008311;154 727 634;B01;3;7;0;2;7;16;1;
12758;202000008312;154 727 631;B01;1;1;0;2;8;9;5;
12759;202000008312;154 727 632;A01;1;10;0;2;2;9;1;
12760;202000008313;154 727 630;A01;1;7;0;1;4;20;1;
12761;202000008314;154 727 629;A01;1;7;0;1;1;1;1;
12762;202000008315;154 727 627;B01;1;7;0;2;7;15;1;
12763;202000008315;154 727 628;A01;2;7;0;2;1;1;1;
12764;202000008316;154 727 625;A01;1;7;0;2;3;9;1;
12765;202000008316;154 727 626;B01;1;7;0;2;1;1;1;
12766;202000008317;154 727 622;A01;2;7;0;2;3;9;1;
12767;202000008317;154 727 623;B01;2;1;0;2;2;1;5;
12768;202000008318;154 727 620;B01;1;1;0;2;1;1;5;