;Num_Acc;id_vehicule;num_veh;senc;catv;obs;obsm;choc;manv;motor;occutc
12769;202000008318;154 727 621;A01;2;7;0;2;1;15;1;
12770;202000008320;154 727 615;C01;2;7;0;2;0;1;1;
12771;202000008320;154 727 616;B01;2;7;0;2;6;1;1;
12772;202000008320;154 727 617;A01;2;7;0;2;1;17;1;
12773;202000008321;154 727 613;A01;3;30;1;0;7;1;1;
12774;202000008322;154 727 612;PA01;1;7;0;1;1;1;1;
12775;202000008324;154 727 609;B01;2;7;0;2;1;1;1;
12776;202000008324;154 727 610;A01;1;33;0;2;1;13;1;
12777;202000008325;154 727 607;B01;2;1;1;0;1;1;0;
12778;202000008325;154 727 608;A01;2;7;0;2;3;24;1;
12779;202000008326;154 727 605;B01;2;10;0;2;7;0;1;
12780;202000008326;154 727 606;A01;2;33;0;2;8;2;1;
12781;202000008329;154 727 599;Z01;2;7;0;2;3;9;0;
12782;202000008329;154 727 600;B01;2;1;0;2;2;1;0;
12783;202000008330;154 727 597;B01;1;32;0;2;0;0;1;
12784;202000008330;154 727 598;A01;1;7;0;2;8;11;1;
12785;202000008331;154 727 595;Z01;0;7;0;2;0;26;0;
12786;202000008331;154 727 596;A01;1;1;0;2;4;1;5;
12787;202000008332;154 727 593;B01;1;1;0;2;0;19;5;
12788;202000008332;154 727 594;A01;1;7;0;2;2;15;1;
12789;202000008333;154 727 592;A01;2;7;0;1;3;1;1;
12790;202000008334;154 727 591;A01;1;30;0;0;0;1;1;
12791;202000008335;154 727 589;Z01;0;7;0;2;7;0;1;
12792;202000008335;154 727 590;B01;3;10;0;2;1;1;1;
12793;202000008336;154 727 588;A01;1;7;9;0;1;1;1;
12794;202000008337;154 727 587;Z01;1;30;0;1;1;1;0;
12795;202000008338;154 727 586;A01;1;7;0;1;3;1;1;
12796;202000008339;154 727 584;B01;3;10;0;2;4;2;1;
12797;202000008339;154 727 585;A01;3;7;0;2;1;1;5;
12798;202000008340;154 727 582;A01;3;7;0;2;1;1;1;
12799;202000008340;154 727 583;B01;3;7;0;2;7;1;1;
12800;202000008341;154 727 580;A01;1;33;0;2;1;1;1;
12801;202000008341;154 727 581;B01;1;7;0;2;3;15;1;
12802;202000008342;154 727 578;B01;1;7;0;2;3;0;6;
12803;202000008342;154 727 579;A01;3;7;0;2;3;15;6;
12804;202000008343;154 727 577;A01;1;7;4;0;4;14;1;
12805;202000008344;154 727 575;B01;1;7;0;2;3;9;1;
12806;202000008344;154 727 576;A01;1;7;0;2;2;1;1;
12807;202000008345;154 727 573;B01;1;50;0;2;1;1;3;
12808;202000008345;154 727 574;A01;1;7;0;2;5;16;1;
12809;202000008346;154 727 571;A01;2;10;0;2;8;9;1;
12810;202000008346;154 727 572;B01;2;30;0;2;2;1;1;
12811;202000008347;154 727 570;A01;3;1;0;0;1;1;5;
12812;202000008348;154 727 569;A01;2;34;14;1;1;17;6;
12813;202000008349;154 727 566;C01;3;7;1;0;1;0;1;
12814;202000008349;154 727 567;B01;3;7;16;0;5;26;1;
12815;202000008349;154 727 568;A01;1;7;1;2;1;5;1;
12816;202000008350;154 727 564;B01;2;30;1;0;1;17;0;
12817;202000008350;154 727 565;A01;1;7;0;0;3;1;0;
12818;202000008351;154 727 561;A01;1;10;1;2;3;1;0;
12819;202000008351;154 727 562;C01;2;10;1;0;0;0;0;
12820;202000008351;154 727 563;B01;2;10;1;2;0;0;0;
12821;202000008352;154 727 559;B01;-1;7;1;2;1;17;3;
12822;202000008352;154 727 560;A01;-1;7;0;2;3;15;1;
12823;202000008353;154 727 557;A01;1;33;0;2;1;1;1;
12824;202000008353;154 727 558;B01;1;7;0;2;2;15;1;
12825;202000008354;154 727 556;A01;1;7;0;1;2;15;1;
12826;202000008355;154 727 554;A01;3;7;6;2;1;19;1;
12827;202000008355;154 727 555;B01;1;7;7;2;3;1;1;
12828;202000008356;154 727 553;A01;2;7;6;0;1;1;1;
12829;202000008357;154 727 552;A01;3;7;0;1;1;15;1;
12830;202000008358;154 727 550;B01;0;2;0;0;0;0;1;
12831;202000008358;154 727 551;A01;0;2;0;2;0;0;1;
12832;202000008359;154 727 548;B01;1;7;0;2;1;1;1;
12833;202000008359;154 727 549;A01;2;7;0;2;1;13;1;
12834;202000008360;154 727 543;A01;2;7;0;2;7;2;1;
12835;202000008360;154 727 544;B01;2;7;14;2;4;2;1;
12836;202000008360;154 727 545;C01;2;7;14;2;1;2;1;
12837;202000008360;154 727 546;D01;2;7;14;2;1;2;1;
12838;202000008360;154 727 547;E01;2;7;14;2;1;2;1;
12839;202000008361;154 727 542;A01;1;7;4;0;2;14;1;
12840;202000008362;154 727 540;B01;2;7;0;2;4;2;1;
12841;202000008362;154 727 541;A01;2;10;0;2;2;21;1;
12842;202000008363;154 727 535;Z01;1;7;0;0;0;0;0;
12843;202000008363;154 727 536;B01;1;7;0;2;1;2;1;
12844;202000008363;154 727 537;A01;1;7;0;2;1;2;1;
12845;202000008363;154 727 538;D01;1;7;0;2;4;0;1;
12846;202000008363;154 727 539;C01;1;7;0;2;4;0;0;
12847;202000008364;154 727 532;C01;1;7;0;2;4;2;1;
12848;202000008364;154 727 533;A01;1;7;0;2;1;2;1;
12849;202000008364;154 727 534;B01;1;7;0;2;1;2;1;
12850;202000008365;154 727 531;A01;2;7;4;0;1;1;1;
12851;202000008366;154 727 530;A01;1;7;12;0;2;1;1;
12852;202000008367;154 727 527;C01;2;7;0;2;4;1;1;
12853;202000008367;154 727 528;A01;2;7;0;2;1;1;1;
12854;202000008367;154 727 529;B01;2;7;0;2;9;1;1;
12855;202000008369;154 727 524;A01;2;7;3;0;8;13;1;
12856;202000008370;154 727 521;A01;1;7;0;2;1;1;1;
12857;202000008370;154 727 522;B01;1;7;0;2;4;2;1;
12858;202000008370;154 727 523;C01;1;10;0;2;4;2;1;
12859;202000008371;154 727 519;A01;2;7;0;2;1;9;1;
12860;202000008371;154 727 520;B01;2;7;3;0;4;9;1;
12861;202000008372;154 727 518;A01;1;14;3;0;1;21;1;
12862;202000008373;154 727 517;A01;2;10;4;0;3;1;1;
12863;202000008374;154 727 516;A01;2;7;4;0;6;13;1;
12864;202000008375;154 727 514;B01;1;7;0;2;4;2;1;
12865;202000008375;154 727 515;A01;1;7;0;2;1;1;1;
12866;202000008376;154 727 512;B01;1;7;0;2;1;1;1;
12867;202000008376;154 727 513;A01;1;7;0;2;6;2;1;
12868;202000008377;154 727 511;A01;1;7;3;0;1;1;1;
12869;202000008378;154 727 509;B01;1;7;0;2;6;24;1;
12870;202000008378;154 727 510;A01;1;10;1;2;2;1;1;
12871;202000008379;154 727 508;A01;3;7;0;1;3;1;1;
12872;202000008380;154 727 506;A01;1;10;0;2;7;15;1;
12873;202000008380;154 727 507;EB01;1;34;0;2;1;1;1;
12874;202000008381;154 727 504;A01;1;32;0;9;0;17;1;
12875;202000008381;154 727 505;B01;1;14;0;9;0;23;1;
12876;202000008382;154 727 502;A01;2;7;0;2;8;13;1;
12877;202000008382;154 727 503;B01;1;2;0;2;1;17;1;
12878;202000008384;154 727 498;B01;2;7;0;2;3;1;1;
12879;202000008384;154 727 499;A01;1;2;0;2;1;13;1;
12880;202000008385;154 727 496;A01;1;7;0;2;8;1;1;
12881;202000008385;154 727 497;B01;1;34;0;2;1;17;1;
12882;202000008386;154 727 495;A01;0;33;0;4;0;26;1;
12883;202000008387;154 727 494;A01;2;10;0;1;5;14;0;
12884;202000008388;154 727 492;B01;1;7;0;9;4;1;1;
12885;202000008388;154 727 493;A01;1;1;0;2;1;2;5;
12886;202000008389;154 727 491;A01;0;30;0;0;0;2;1;
12887;202000008390;154 727 489;A01;3;7;0;2;1;1;1;
12888;202000008390;154 727 490;B01;3;7;0;2;4;1;1;
12889;202000008391;154 727 487;A01;1;2;0;2;1;21;6;
12890;202000008391;154 727 488;B01;1;7;0;2;4;1;6;
12891;202000008393;154 727 484;A01;1;33;0;1;3;21;1;
12892;202000008394;154 727 482;A01;2;30;0;2;2;5;1;
12893;202000008394;154 727 483;B01;1;10;0;2;1;1;1;
12894;202000008395;154 727 480;B01;3;7;0;2;3;2;1;
12895;202000008395;154 727 481;A01;3;32;0;2;1;26;1;
12896;202000008396;154 727 478;B01;2;7;0;2;1;1;0;
12897;202000008396;154 727 479;A01;1;7;0;2;7;1;0;
12898;202000008397;154 727 476;B01;2;10;0;2;2;1;1;
12899;202000008397;154 727 477;A01;2;7;0;2;3;10;1;
12900;202000008398;154 727 474;A01;0;10;0;2;3;19;1;
12901;202000008398;154 727 475;B01;3;10;0;2;1;1;1;
12902;202000008399;154 727 473;A01;3;1;12;0;1;14;5;
12903;202000008400;154 727 471;B01;2;7;0;2;4;1;1;
12904;202000008400;154 727 472;A01;2;7;0;2;1;1;1;
12905;202000008401;154 727 469;B01;3;50;0;2;7;1;3;
12906;202000008401;154 727 470;A01;3;7;0;2;3;9;1;
12907;202000008402;154 727 468;A01;1;7;0;1;1;15;1;
12908;202000008403;154 727 466;B01;2;7;0;2;8;1;1;
12909;202000008403;154 727 467;A01;2;7;0;2;7;14;1;
12910;202000008404;154 727 464;A01;1;7;0;2;1;26;1;
12911;202000008404;154 727 465;B01;1;7;0;2;8;26;1;
12912;202000008405;154 727 462;B01;1;7;0;2;3;1;1;
12913;202000008405;154 727 463;A01;1;7;0;2;3;15;1;
12914;202000008406;154 727 459;A01;1;7;0;2;1;2;0;
12915;202000008406;154 727 460;B01;1;7;0;2;4;2;6;
12916;202000008406;154 727 461;C01;1;7;16;0;4;2;6;
12917;202000008407;154 727 457;B01;0;2;0;2;1;1;1;
12918;202000008407;154 727 458;A01;0;7;0;2;3;15;1;
12919;202000008408;154 727 455;B01;0;7;0;2;1;1;1;
12920;202000008408;154 727 456;A01;0;7;0;2;1;1;1;
12921;202000008409;154 727 454;A01;1;7;0;1;4;20;1;
12922;202000008411;154 727 450;A01;1;10;0;2;1;9;1;
12923;202000008411;154 727 451;B01;1;7;0;2;4;9;0;
12924;202000008413;154 727 448;A01;1;7;0;0;2;21;1;
12925;202000008415;154 727 445;A01;0;1;0;2;0;0;5;
12926;202000008415;154 727 446;Z01;0;7;0;2;0;0;0;
12927;202000008416;154 727 443;A01;2;7;0;2;1;9;1;
12928;202000008416;154 727 444;B01;2;7;0;2;6;1;1;
12929;202000008417;154 727 441;A01;3;1;0;2;7;0;5;
12930;202000008417;154 727 442;B01;3;1;0;2;8;0;5;
12931;202000008419;154 727 436;C01;2;7;0;2;3;1;1;
12932;202000008419;154 727 437;B01;1;7;0;2;1;1;1;
12933;202000008419;154 727 438;A01;1;7;0;2;7;15;1;
12934;202000008420;154 727 434;B01;1;7;0;2;4;2;1;
12935;202000008420;154 727 435;A01;1;30;0;2;1;2;1;
12936;202000008423;154 727 429;A01;1;7;0;2;1;26;1;
12937;202000008423;154 727 430;B01;1;2;0;2;4;0;1;
12938;202000008424;154 727 427;A01;1;10;0;2;0;0;1;
12939;202000008424;154 727 428;B01;2;32;12;2;1;21;1;
12940;202000008425;154 727 426;A01;1;10;0;1;3;2;1;
12941;202000008426;154 727 425;A01;1;7;2;0;9;26;1;
12942;202000008427;154 727 423;A01;1;7;0;2;3;9;1;
12943;202000008427;154 727 424;B01;1;2;0;2;5;12;1;
12944;202000008428;154 727 422;A01;2;3;8;0;1;1;1;
12945;202000008429;154 727 420;B01;1;32;0;2;3;18;1;
12946;202000008429;154 727 421;A01;1;7;0;2;5;16;1;
12947;202000008430;154 727 418;B01;3;10;0;2;3;15;1;
12948;202000008430;154 727 419;A01;3;34;0;2;1;17;1;
12949;202000008432;154 727 414;B01;2;7;0;2;3;1;1;
12950;202000008432;154 727 415;A01;2;34;0;2;3;17;1;
12951;202000008433;154 727 412;B01;1;7;0;2;1;1;1;
12952;202000008433;154 727 413;A01;2;7;0;2;1;1;0;
12953;202000008434;154 727 410;B01;1;7;0;2;8;9;1;
12954;202000008434;154 727 411;A01;1;2;0;2;1;1;1;
12955;202000008435;154 727 408;B01;3;37;0;2;2;0;1;1.0
12956;202000008435;154 727 409;A01;3;7;0;2;3;9;1;
12957;202000008436;154 727 407;A01;2;7;5;0;3;12;1;
12958;202000008437;154 727 406;A01;1;0;0;1;1;16;0;
12959;202000008438;154 727 405;A01;1;7;6;0;2;26;1;
12960;202000008439;154 727 403;A01;3;7;1;0;8;15;1;
12961;202000008439;154 727 404;B01;3;7;1;0;0;1;1;
12962;202000008440;154 727 402;A01;0;10;0;1;4;26;0;
12963;202000008441;154 727 400;B01;1;2;0;2;7;0;0;
12964;202000008441;154 727 401;A01;1;7;0;2;1;26;6;
12965;202000008443;154 727 397;B01;3;7;0;2;6;19;0;
12966;202000008443;154 727 398;A01;3;33;0;2;1;1;1;
12967;202000008444;154 727 395;B01;1;32;0;2;8;1;1;
12968;202000008444;154 727 396;A01;1;34;0;2;1;1;1;
12969;202000008445;154 727 393;B01;2;7;0;2;2;1;1;
12970;202000008445;154 727 394;A01;1;30;0;2;7;1;1;
12971;202000008446;154 727 391;B01;2;2;0;2;2;1;1;
12972;202000008446;154 727 392;A01;2;10;0;2;8;15;1;
12973;202000008447;154 727 389;B01;3;60;0;2;4;13;5;
12974;202000008447;154 727 390;A01;1;34;0;2;1;17;0;
12975;202000008448;154 727 388;A01;1;7;0;1;1;0;1;
12976;202000008449;154 727 386;B01;2;7;0;2;2;2;1;
12977;202000008449;154 727 387;A01;1;7;0;2;7;19;1;
12978;202000008450;154 727 385;A01;2;7;0;1;1;26;1;
12979;202000008451;154 727 383;A01;3;7;0;2;3;5;6;
12980;202000008451;154 727 384;B01;3;32;0;2;1;1;0;
12981;202000008452;154 727 382;A01;1;33;0;0;9;14;1;
12982;202000008453;154 727 381;A01;2;7;13;0;2;1;1;
12983;202000008454;154 727 380;A01;2;7;0;1;3;1;1;
12984;202000008455;154 727 379;A01;2;7;13;0;1;1;1;
12985;202000008456;154 727 378;A01;1;33;0;0;8;1;1;
12986;202000008457;154 727 377;A01;1;7;16;0;9;1;1;
12987;202000008460;154 727 371;B01;1;10;0;2;3;1;1;
12988;202000008460;154 727 372;C01;2;10;0;2;3;1;1;
12989;202000008460;154 727 373;A01;2;21;0;2;0;1;1;
12990;202000008461;154 727 370;A01;0;2;0;0;0;0;1;
12991;202000008464;154 727 366;A01;1;7;3;0;2;1;1;
12992;202000008465;154 727 364;A01;1;7;0;2;5;13;1;
12993;202000008465;154 727 365;B01;2;10;0;2;2;1;1;
12994;202000008467;154 727 361;A01;3;7;0;9;1;13;1;
12995;202000008467;154 727 362;B01;3;1;0;0;1;1;5;
12996;202000008468;154 727 360;A01;1;31;14;0;8;1;0;
12997;202000008469;154 727 359;A01;0;10;0;1;3;1;0;
12998;202000008470;154 727 357;A01;2;30;0;2;1;15;1;
12999;202000008470;154 727 358;B01;1;7;0;2;2;1;1;
13000;202000008471;154 727 355;B01;2;7;0;0;3;1;1;
13001;202000008471;154 727 356;A01;3;7;0;2;1;19;1;
13002;202000008472;154 727 349;C01;2;7;0;2;1;1;1;
13003;202000008472;154 727 350;B01;2;7;0;2;8;1;1;
13004;202000008472;154 727 351;A01;2;7;0;2;1;17;1;
13005;202000008473;154 727 347;B01;2;7;0;2;1;1;1;
13006;202000008473;154 727 348;A01;3;7;0;2;8;19;1;
13007;202000008474;154 727 345;B01;3;2;0;2;1;21;1;
13008;202000008474;154 727 346;A01;3;7;0;2;8;21;1;
13009;202000008475;154 727 344;A01;2;7;0;1;1;1;1;
13010;202000008477;154 727 341;A01;1;7;0;1;0;9;2;
13011;202000008478;154 727 339;B01;0;33;0;2;8;1;1;
13012;202000008478;154 727 340;A01;0;10;0;2;2;19;1;
13013;202000008479;154 727 336;A01;1;10;0;2;1;5;1;
13014;202000008479;154 727 337;C01;2;7;0;2;1;1;1;
13015;202000008479;154 727 338;B01;2;7;0;2;3;1;1;
13016;202000008480;154 727 335;A01;1;7;0;1;1;1;1;
13017;202000008481;154 727 333;B01;1;2;0;2;1;1;1;
13018;202000008481;154 727 334;A01;2;7;0;2;1;5;1;
13019;202000008482;154 727 331;B01;2;7;0;2;7;1;1;
13020;202000008482;154 727 332;A01;2;30;0;2;1;19;1;
13021;202000008483;154 727 330;Z01;1;7;0;1;1;1;0;
13022;202000008485;154 727 328;A01;1;37;0;1;5;1;1;1.0
13023;202000008486;154 727 326;A01;1;7;0;9;8;19;1;
13024;202000008486;154 727 327;B01;1;50;0;2;1;1;3;
13025;202000008487;154 727 325;A01;3;7;0;1;1;15;1;
13026;202000008488;154 727 323;A01;0;1;0;2;8;1;5;
13027;202000008488;154 727 324;B01;3;37;0;2;2;1;1;1.0
13028;202000008489;154 727 321;A01;1;10;0;9;3;1;0;
13029;202000008489;154 727 322;B01;1;1;0;2;2;1;5;
13030;202000008491;154 727 318;A01;1;7;0;2;0;0;1;
13031;202000008491;154 727 319;B01;1;7;0;2;0;0;1;
13032;202000008492;154 727 314;C01;3;7;0;1;1;2;1;
13033;202000008492;154 727 315;D01;3;7;0;1;1;2;0;
13034;202000008492;154 727 316;E01;3;7;0;2;1;2;1;
13035;202000008492;154 727 317;A01;3;7;12;0;1;1;1;
13036;202000008493;154 727 312;A01;3;30;0;2;1;1;1;
13037;202000008493;154 727 313;B01;0;7;0;0;4;26;1;
13038;202000008495;154 727 309;B01;2;2;0;0;1;1;1;
13039;202000008495;154 727 310;A01;1;7;0;2;1;15;1;
13040;202000008496;154 727 307;A01;0;7;0;2;3;9;1;
13041;202000008496;154 727 308;B01;0;1;0;0;7;19;5;
13042;202000008497;154 727 306;A01;1;7;0;1;2;1;2;
13043;202000008498;154 727 304;B01;2;33;0;2;1;15;1;
13044;202000008498;154 727 305;A01;1;7;0;2;5;1;1;
13045;202000008499;154 727 302;A01;1;7;0;2;3;13;1;
13046;202000008499;154 727 303;B01;2;15;0;0;6;1;1;
13047;202000008500;154 727 301;A01;1;30;0;0;7;1;1;
13048;202000008501;154 727 299;B01;3;33;15;2;1;1;1;
13049;202000008501;154 727 300;A01;3;7;0;2;7;12;1;
13050;202000008502;154 727 298;A01;1;7;0;1;1;1;1;
13051;202000008503;154 727 296;A01;1;7;0;2;2;19;0;
13052;202000008503;154 727 297;B01;1;7;0;2;3;26;0;
13053;202000008504;154 727 294;A01;3;7;0;2;2;15;1;
13054;202000008504;154 727 295;B01;1;32;0;2;1;2;1;
13055;202000008505;154 727 292;A01;1;7;0;2;8;26;1;
13056;202000008505;154 727 293;B01;1;34;0;2;1;2;1;
13057;202000008507;154 727 288;B01;1;7;0;2;0;0;1;
13058;202000008507;154 727 289;A01;2;7;0;2;2;15;1;
13059;202000008508;154 727 286;A01;2;7;0;2;3;13;1;
13060;202000008508;154 727 287;B01;1;7;0;2;3;1;1;
13061;202000008510;154 727 283;A01;1;7;9;0;2;1;1;
13062;202000008511;154 727 279;C01;1;33;0;2;2;3;1;
13063;202000008511;154 727 280;B01;1;7;0;2;2;1;1;
13064;202000008511;154 727 281;A01;1;10;0;2;3;11;1;
13065;202000008511;154 727 282;D01;1;10;0;2;7;1;1;
13066;202000008512;154 727 277;A01;2;32;0;2;1;17;1;
13067;202000008512;154 727 278;B01;2;7;0;2;3;15;1;
13068;202000008513;154 727 275;A01;1;7;0;2;3;15;1;
13069;202000008513;154 727 276;B01;2;1;0;2;3;1;5;
13070;202000008514;154 727 274;A01;2;1;0;1;1;1;5;
13071;202000008515;154 727 272;B01;1;1;0;2;1;1;5;
13072;202000008515;154 727 273;A01;2;7;0;2;3;15;1;
13073;202000008517;154 727 268;A01;1;1;0;2;2;15;5;
13074;202000008517;154 727 269;B01;2;32;0;2;1;1;1;
13075;202000008518;154 727 266;B01;1;7;0;2;6;15;1;
13076;202000008518;154 727 267;A01;1;30;0;2;1;1;1;
13077;202000008519;154 727 264;B01;2;32;0;2;2;1;1;
13078;202000008519;154 727 265;A01;2;7;0;2;3;9;1;
13079;202000008521;154 727 262;A01;1;1;14;0;1;13;5;
13080;202000008522;154 727 261;A01;1;80;14;0;7;13;3;
13081;202000008523;154 727 259;B01;1;7;0;2;4;2;1;
13082;202000008523;154 727 260;A01;1;7;0;2;1;1;1;
13083;202000008524;154 727 258;A01;2;30;0;0;7;0;1;
13084;202000008525;154 727 256;B01;1;7;0;2;1;1;0;
13085;202000008525;154 727 257;A01;0;7;0;2;7;0;1;
13086;202000008526;154 727 254;A01;0;10;0;2;1;1;0;
13087;202000008526;154 727 255;B01;0;7;0;2;4;1;1;
13088;202000008528;154 727 250;A01;-1;7;0;2;5;0;0;
13089;202000008528;154 727 251;B01;-1;33;0;2;1;2;0;
13090;202000008529;154 727 249;A01;1;7;12;1;3;1;0;
13091;202000008530;154 727 248;A01;1;7;0;1;1;1;1;
13092;202000008531;154 727 247;A01;3;32;1;0;0;21;1;
13093;202000008532;154 727 245;B01;1;32;0;2;2;1;1;
13094;202000008532;154 727 246;A01;1;1;0;2;3;15;5;
13095;202000008533;154 727 243;A01;2;10;0;2;1;13;3;
13096;202000008533;154 727 244;B01;1;30;0;2;1;1;1;
13097;202000008535;154 727 240;A01;1;7;2;0;1;1;1;
13098;202000008536;154 727 239;A01;3;7;2;0;8;1;1;
13099;202000008537;154 727 237;A01;1;7;0;9;2;1;1;
13100;202000008537;154 727 238;B01;1;1;0;2;4;1;2;
13101;202000008538;154 727 236;A01;2;10;7;1;2;2;0;
13102;202000008540;154 727 233;A01;2;10;6;0;3;13;1;
13103;202000008542;154 727 230;A01;1;7;3;0;1;1;1;
13104;202000008543;154 727 228;B01;2;2;0;2;1;1;0;
13105;202000008543;154 727 229;A01;2;7;0;2;3;9;0;
13106;202000008545;154 727 225;A01;1;14;16;0;1;13;1;
13107;202000008546;154 727 222;A01;2;7;13;2;1;13;1;
13108;202000008546;154 727 223;B01;1;17;0;2;1;1;1;
13109;202000008546;154 727 224;C01;1;7;0;2;1;1;1;
13110;202000008547;154 727 221;A01;2;2;0;0;9;1;1;
13111;202000008548;154 727 220;A01;2;7;2;0;1;1;1;
13112;202000008549;154 727 219;A01;2;7;2;0;1;13;1;
13113;202000008550;154 727 218;A01;1;10;2;0;1;13;1;
13114;202000008552;154 727 215;B01;1;7;0;2;7;1;1;
13115;202000008552;154 727 216;A01;1;7;0;2;1;19;1;
13116;202000008553;154 727 213;A01;2;2;0;2;8;13;0;
13117;202000008553;154 727 214;B01;1;7;0;2;3;1;0;
13118;202000008554;154 727 211;A01;1;7;0;2;2;15;1;
13119;202000008554;154 727 212;B01;2;1;0;2;1;1;5;
13120;202000008555;154 727 209;B01;1;33;0;2;1;1;1;
13121;202000008555;154 727 210;A01;2;7;0;2;5;15;3;
13122;202000008556;154 727 207;B01;2;10;0;0;3;15;1;
13123;202000008556;154 727 208;A01;2;33;0;0;2;17;1;
13124;202000008557;154 727 206;A01;1;7;13;0;1;14;1;
13125;202000008558;154 727 204;A01;1;7;0;2;3;13;1;
13126;202000008558;154 727 205;B01;2;7;0;2;3;1;1;
13127;202000008559;154 727 203;A01;2;2;0;0;7;1;1;
13128;202000008560;154 727 202;A01;1;31;0;0;0;1;1;
13129;202000008561;154 727 201;A01;1;2;0;0;7;1;1;
13130;202000008562;154 727 200;A01;1;1;1;0;8;14;5;
13131;202000008563;154 727 199;A01;1;21;1;1;2;1;0;
13132;202000008564;154 727 198;A01;3;7;0;6;1;1;1;
13133;202000008565;154 727 197;A01;2;7;13;0;2;1;1;
13134;202000008566;154 727 195;B01;0;13;0;2;3;1;1;
13135;202000008566;154 727 196;A01;0;3;0;2;1;13;1;
13136;202000008567;154 727 194;A01;2;7;6;0;4;1;1;
13137;202000008568;154 727 192;B01;1;7;0;2;1;1;1;
13138;202000008568;154 727 193;A01;2;7;0;2;2;13;1;
13139;202000008570;154 727 189;A01;2;2;0;1;1;21;1;
13140;202000008572;154 727 187;A01;2;7;14;1;1;1;1;
13141;202000008573;154 727 185;B01;1;7;0;0;4;1;1;
13142;202000008573;154 727 186;A01;1;10;0;2;1;1;1;
13143;202000008574;154 727 184;A01;3;33;0;0;0;1;0;
13144;202000008575;154 727 182;B01;2;99;4;0;8;1;0;
13145;202000008575;154 727 183;A01;2;17;4;0;8;1;1;
13146;202000008576;154 727 181;A01;2;7;2;0;7;1;1;
13147;202000008578;154 727 177;B01;3;36;0;0;1;2;0;
13148;202000008578;154 727 178;A01;3;7;0;0;4;2;0;
13149;202000008579;154 727 175;A01;1;17;0;2;3;9;1;
13150;202000008579;154 727 176;B01;1;7;0;2;7;1;1;
13151;202000008580;154 727 174;A01;1;7;0;1;0;1;1;
13152;202000008581;154 727 172;B01;2;30;0;2;1;3;1;
13153;202000008581;154 727 173;A01;1;7;0;2;3;15;1;
13154;202000008582;154 727 168;A01;1;7;0;2;3;20;1;
13155;202000008582;154 727 169;B01;1;2;0;2;7;1;1;
13156;202000008583;154 727 166;A01;2;31;0;2;0;1;1;
13157;202000008583;154 727 167;B01;3;7;0;0;8;15;1;
13158;202000008584;154 727 164;B01;-1;7;0;2;3;1;1;
13159;202000008584;154 727 165;A01;0;7;0;2;3;1;1;
13160;202000008585;154 727 163;A01;1;1;0;0;0;1;5;
13161;202000008586;154 727 159;D01;2;7;0;9;0;2;1;
13162;202000008586;154 727 160;C01;2;7;0;9;0;2;1;
13163;202000008586;154 727 161;B01;2;14;0;2;1;2;1;
13164;202000008586;154 727 162;A01;2;14;0;2;4;1;1;
13165;202000008587;154 727 158;A01;1;7;2;0;1;14;1;
13166;202000008588;154 727 156;A01;2;15;0;2;1;1;1;
13167;202000008588;154 727 157;B01;2;7;0;2;4;1;1;
13168;202000008589;154 727 154;B01;2;15;0;2;4;1;1;
13169;202000008589;154 727 155;A01;2;10;0;2;1;1;1;
13170;202000008590;154 727 152;B01;1;15;0;2;3;1;1;
13171;202000008590;154 727 153;A01;1;7;0;2;2;0;1;
13172;202000008591;154 727 150;A01;2;7;0;2;1;2;1;
13173;202000008591;154 727 151;B01;2;7;0;2;4;2;1;
13174;202000008592;154 727 146;A01;2;7;0;2;1;1;2;
13175;202000008592;154 727 147;B01;2;7;0;2;4;23;1;
13176;202000008593;154 727 143;C01;1;7;0;2;1;1;1;
13177;202000008593;154 727 144;B01;2;7;0;2;4;15;1;
13178;202000008593;154 727 145;A01;2;7;0;2;1;1;1;
13179;202000008594;154 727 141;A01;1;99;0;2;5;16;6;
13180;202000008594;154 727 142;B01;1;2;0;2;1;1;6;
13181;202000008595;154 727 139;Z01;2;7;0;9;6;10;0;
13182;202000008595;154 727 140;A01;2;33;0;2;1;1;1;
13183;202000008596;154 727 137;A01;2;1;0;2;1;1;5;
13184;202000008596;154 727 138;B01;2;7;0;9;3;1;1;
13185;202000008597;154 727 135;B01;2;7;0;2;1;1;0;
13186;202000008597;154 727 136;A01;2;7;0;2;4;15;0;
13187;202000008598;154 727 133;B01;1;33;0;2;4;16;1;
13188;202000008598;154 727 134;A01;1;7;0;2;2;2;1;
13189;202000008599;154 727 131;A01;3;7;0;2;2;1;0;
13190;202000008599;154 727 132;B01;3;10;0;2;3;20;0;
13191;202000008601;154 727 127;A01;1;7;0;2;8;9;1;
13192;202000008601;154 727 128;B01;1;7;0;2;2;1;1;
13193;202000008602;154 727 126;A01;1;7;0;1;3;1;1;
13194;202000008603;154 727 124;A01;1;30;0;2;1;15;1;
13195;202000008603;154 727 125;C01;1;7;0;2;4;2;1;
13196;202000008604;154 727 123;A01;0;7;0;1;3;15;1;
13197;202000008606;154 727 120;A01;1;33;0;0;3;1;1;
13198;202000008607;154 727 118;Z01;1;10;0;2;1;1;1;
13199;202000008607;154 727 119;B01;1;30;0;2;4;23;1;
13200;202000008609;154 727 115;B01;2;7;0;2;1;1;1;
13201;202000008609;154 727 116;A01;1;10;0;2;1;9;1;