;Num_Acc;id_vehicule;num_veh;senc;catv;obs;obsm;choc;manv;motor;occutc
13202;202000008610;154 727 114;A01;1;7;8;0;1;1;1;
13203;202000008611;154 727 112;B01;2;1;0;2;8;1;5;
13204;202000008611;154 727 113;A01;2;7;0;2;7;17;1;
13205;202000008612;154 727 111;A01;2;7;0;1;2;9;1;
13206;202000008613;154 727 109;B01;1;7;0;9;1;1;1;
13207;202000008613;154 727 110;A01;2;99;0;2;8;25;3;
13208;202000008614;154 727 108;A01;3;7;0;1;3;15;1;
13209;202000008616;154 727 104;B01;1;1;0;2;1;1;5;
13210;202000008616;154 727 105;A01;1;7;0;2;3;9;1;
13211;202000008617;154 727 103;A01;2;7;0;1;8;1;1;
13212;202000008618;154 727 102;Z01;3;7;0;1;0;0;0;
13213;202000008619;154 727 101;A01;1;33;0;1;0;0;1;
13214;202000008620;154 727 099;A01;1;1;0;2;8;19;5;
13215;202000008620;154 727 100;B01;1;7;0;2;6;1;1;
13216;202000008621;154 727 097;A01;1;7;0;2;0;1;1;
13217;202000008621;154 727 098;B01;1;30;0;2;0;0;1;
13218;202000008622;154 727 095;B01;3;1;0;2;8;15;5;
13219;202000008622;154 727 096;A01;3;99;0;2;1;1;1;
13220;202000008624;154 727 091;B01;1;37;0;2;2;1;1;1.0
13221;202000008624;154 727 092;A01;1;7;0;2;3;15;2;
13222;202000008625;154 727 090;A01;1;34;11;0;1;26;1;
13223;202000008626;154 727 088;B01;1;31;0;2;4;1;1;
13224;202000008626;154 727 089;A01;1;7;0;2;1;1;1;
13225;202000008627;154 727 087;A01;1;33;0;1;1;1;1;
13226;202000008629;154 727 081;B01;0;7;0;2;3;1;1;
13227;202000008629;154 727 082;A01;0;7;0;2;2;1;1;
13228;202000008630;154 727 079;A01;2;33;0;0;8;15;1;
13229;202000008631;154 727 077;A01;3;7;0;2;3;15;1;
13230;202000008631;154 727 078;B01;3;2;0;2;1;17;1;
13231;202000008632;154 727 075;B01;1;10;0;2;3;1;1;
13232;202000008632;154 727 076;A01;1;10;0;2;1;1;1;
13233;202000008633;154 727 073;A01;1;33;0;2;1;26;0;
13234;202000008633;154 727 074;B01;2;7;0;0;8;15;6;
13235;202000008634;154 727 072;A01;0;32;0;1;1;0;1;
13236;202000008635;154 727 071;A01;2;7;0;1;1;0;1;
13237;202000008636;154 727 070;A01;1;7;0;0;1;17;0;
13238;202000008637;154 727 069;A01;2;7;0;1;1;1;1;
13239;202000008638;154 727 067;A01;1;7;8;2;7;15;1;
13240;202000008638;154 727 068;B01;2;33;0;2;1;1;1;
13241;202000008639;154 727 066;A01;1;7;0;1;3;9;1;
13242;202000008640;154 727 064;A01;1;32;0;2;2;2;1;
13243;202000008640;154 727 065;B01;1;7;0;2;5;2;1;
13244;202000008641;154 727 063;A01;2;30;0;1;8;1;1;
13245;202000008642;154 727 062;A01;3;32;14;0;1;21;1;
13246;202000008643;154 727 060;B01;1;7;0;2;3;9;1;
13247;202000008643;154 727 061;A01;1;50;0;2;3;25;3;
13248;202000008644;154 727 059;A01;2;33;0;1;1;17;1;
13249;202000008645;154 727 057;Z01;2;7;0;2;0;10;0;
13250;202000008645;154 727 058;A01;1;1;0;2;0;1;5;
13251;202000008646;154 727 054;A01;2;32;0;1;8;1;1;
13252;202000008647;154 727 052;B01;2;33;0;2;1;1;1;
13253;202000008647;154 727 053;A01;1;7;0;2;7;10;1;
13254;202000008648;154 727 050;A01;1;10;0;2;1;5;6;
13255;202000008648;154 727 051;B01;2;1;0;2;8;1;5;
13256;202000008649;154 727 049;A01;2;7;0;1;2;24;0;
13257;202000008650;154 727 047;A01;3;7;6;2;5;1;1;
13258;202000008650;154 727 048;B01;3;10;0;2;1;1;1;
13259;202000008651;154 727 046;A01;2;34;1;0;1;21;1;
13260;202000008652;154 727 044;B01;1;34;0;2;6;2;1;
13261;202000008652;154 727 045;A01;1;7;0;2;6;10;1;
13262;202000008653;154 727 043;A01;3;33;14;0;1;19;1;
13263;202000008654;154 727 042;Z01;3;7;15;1;1;9;0;
13264;202000008655;154 727 040;A01;1;30;0;2;8;26;1;
13265;202000008655;154 727 041;Z01;1;7;0;2;0;26;1;
13266;202000008656;154 727 039;A01;1;10;14;1;1;26;1;
13267;202000008657;154 727 037;B01;3;7;0;2;5;1;1;
13268;202000008657;154 727 038;A01;-1;7;0;2;3;9;1;
13269;202000008658;154 727 035;B01;1;7;0;2;3;1;1;
13270;202000008658;154 727 036;A01;1;30;0;2;1;1;1;
13271;202000008659;154 727 033;B01;2;20;0;2;5;9;1;
13272;202000008659;154 727 034;A01;1;20;0;2;5;19;1;
13273;202000008660;154 727 032;A01;0;7;0;1;2;1;1;
13274;202000008661;154 727 030;A01;0;7;0;0;6;23;0;
13275;202000008661;154 727 031;B01;0;15;0;0;1;0;0;
13276;202000008662;154 727 029;A01;-1;7;0;1;1;2;1;
13277;202000008663;154 727 027;B01;3;7;0;2;6;23;1;
13278;202000008663;154 727 028;A01;3;7;0;2;2;2;1;
13279;202000008665;154 727 024;A01;1;7;8;0;1;16;0;
13280;202000008666;154 727 022;B01;2;7;0;2;3;1;1;
13281;202000008666;154 727 023;A01;1;7;0;2;1;1;1;
13282;202000008667;154 727 020;A01;2;7;0;2;1;1;1;
13283;202000008667;154 727 021;B01;1;7;0;2;1;1;1;
13284;202000008668;154 727 017;A01;1;7;0;9;3;9;0;
13285;202000008668;154 727 018;D01;1;1;0;2;1;1;5;
13286;202000008668;154 727 019;F01;1;1;0;2;1;2;-1;
13287;202000008670;154 727 011;A01;3;7;0;2;6;15;1;
13288;202000008670;154 727 012;B01;2;33;0;2;1;21;1;
13289;202000008670;154 727 013;C01;2;33;0;0;1;21;1;
13290;202000008670;154 727 014;D01;2;33;0;2;1;21;1;
13291;202000008671;154 727 010;A01;2;33;4;0;0;0;1;
13292;202000008672;154 727 008;B01;1;7;0;2;1;1;1;
13293;202000008672;154 727 009;A01;2;33;0;2;1;13;1;
13294;202000008673;154 727 006;A01;1;7;0;2;2;1;1;
13295;202000008673;154 727 007;B01;1;1;0;2;4;0;5;
13296;202000008674;154 727 005;A01;2;33;0;0;0;1;1;
13297;202000008675;154 727 003;A01;0;33;0;2;8;1;1;
13298;202000008675;154 727 004;B01;0;31;0;2;8;1;1;
13299;202000008676;154 727 002;A01;1;7;6;0;3;1;1;
13300;202000008677;154 727 000;A01;2;7;6;0;2;1;1;
13301;202000008678;154 726 998;B01;2;2;0;2;1;13;1;
13302;202000008678;154 726 999;A01;1;7;3;2;3;1;1;
13303;202000008679;154 726 997;A01;1;36;6;0;1;1;1;
13304;202000008680;154 726 996;A01;2;2;5;0;7;1;1;
13305;202000008681;154 726 995;A01;2;80;0;0;7;15;3;
13306;202000008682;154 726 994;A01;2;33;13;0;1;0;1;
13307;202000008683;154 726 992;A01;3;7;0;2;2;11;1;
13308;202000008683;154 726 993;B01;3;1;0;2;1;1;0;
13309;202000008684;154 726 989;A01;2;33;0;2;1;1;1;
13310;202000008684;154 726 990;B01;2;7;0;2;6;15;1;
13311;202000008685;154 726 987;B01;2;7;0;2;3;9;1;
13312;202000008685;154 726 988;A01;1;1;0;2;2;1;0;
13313;202000008686;154 726 985;B01;2;7;0;2;3;1;1;
13314;202000008686;154 726 986;A01;2;30;0;2;6;26;1;
13315;202000008687;154 726 983;B01;3;7;0;2;3;1;1;
13316;202000008687;154 726 984;A01;3;7;0;2;3;13;1;
13317;202000008688;154 726 982;A01;1;7;16;0;2;1;1;
13318;202000008689;154 726 978;A01;2;7;0;2;8;11;1;
13319;202000008689;154 726 979;B01;2;2;0;2;7;1;1;
13320;202000008689;154 726 980;C01;2;2;0;2;7;1;1;
13321;202000008689;154 726 981;D01;2;2;16;0;0;1;1;
13322;202000008690;154 726 977;A01;1;33;0;0;3;1;1;
13323;202000008691;154 726 976;A01;2;33;5;0;8;1;1;
13324;202000008692;154 726 974;B01;1;7;0;0;1;2;1;
13325;202000008692;154 726 975;A01;1;7;0;0;4;23;1;
13326;202000008693;154 726 972;B01;2;7;0;2;1;1;1;
13327;202000008693;154 726 973;A01;2;7;8;2;3;19;1;
13328;202000008694;154 726 970;A01;1;7;0;0;5;15;1;
13329;202000008694;154 726 971;B01;2;33;0;2;1;1;1;
13330;202000008695;154 726 969;A01;2;33;0;0;2;26;1;
13331;202000008696;154 726 968;A01;1;7;0;0;0;1;1;
13332;202000008698;154 726 964;B01;1;7;0;2;1;13;1;
13333;202000008698;154 726 965;A01;2;7;0;2;1;1;1;
13334;202000008699;154 726 963;A01;3;7;13;0;1;1;1;
13335;202000008700;154 726 961;A01;2;33;0;2;1;17;1;
13336;202000008700;154 726 962;B01;2;36;0;0;8;15;1;
13337;202000008701;154 726 959;B01;1;33;0;2;1;1;1;
13338;202000008701;154 726 960;A01;2;3;0;2;3;13;1;
13339;202000008702;154 726 957;A01;1;7;5;2;4;1;1;
13340;202000008702;154 726 958;B01;1;7;3;2;1;1;1;
13341;202000008703;154 726 955;A01;2;7;4;2;5;4;1;
13342;202000008703;154 726 956;B01;2;7;0;2;3;21;1;
13343;202000008704;154 726 952;A01;2;10;0;2;6;9;2;
13344;202000008704;154 726 953;C01;2;10;3;2;1;2;1;
13345;202000008704;154 726 954;B01;2;10;0;2;2;2;1;
13346;202000008705;154 726 950;B01;2;10;0;2;2;1;1;
13347;202000008705;154 726 951;A01;2;10;0;2;3;11;1;
13348;202000008706;154 726 949;A01;1;7;4;0;2;21;1;
13349;202000008707;154 726 947;B01;2;7;0;2;5;1;1;
13350;202000008707;154 726 948;A01;2;33;0;2;1;21;1;
13351;202000008708;154 726 944;C01;1;7;3;2;6;1;1;
13352;202000008708;154 726 945;D01;1;7;0;2;2;1;6;
13353;202000008708;154 726 946;B01;1;33;0;2;2;21;1;
13354;202000008710;154 726 939;A01;3;7;0;2;1;13;1;
13355;202000008710;154 726 940;B01;3;7;0;2;8;1;1;
13356;202000008711;154 726 937;B01;3;7;0;2;7;0;1;
13357;202000008711;154 726 938;A01;3;7;0;2;1;0;1;
13358;202000008713;154 726 933;B01;1;7;0;2;7;16;1;
13359;202000008713;154 726 934;A01;2;0;0;2;0;17;0;
13360;202000008714;154 726 931;B01;2;7;0;2;2;15;0;
13361;202000008714;154 726 932;A01;2;7;0;2;7;1;0;
13362;202000008715;154 726 930;A01;1;33;0;0;7;16;1;
13363;202000008716;154 726 929;A01;1;7;0;1;5;26;1;
13364;202000008717;154 726 927;A01;1;33;14;0;0;21;1;
13365;202000008717;154 726 928;B01;1;7;0;9;3;23;0;
13366;202000008719;154 726 923;B01;1;7;0;2;3;1;1;
13367;202000008719;154 726 924;A01;2;30;0;2;1;1;1;
13368;202000008721;154 726 919;C01;2;7;0;2;4;2;1;
13369;202000008721;154 726 920;A01;2;7;0;2;1;2;1;
13370;202000008721;154 726 921;B01;2;7;0;2;4;2;1;
13371;202000008722;154 726 918;A01;0;10;0;1;1;26;0;
13372;202000008723;154 726 915;B01;1;33;1;0;1;14;0;
13373;202000008724;154 726 913;A01;1;7;0;2;1;1;1;
13374;202000008724;154 726 914;B01;1;7;0;2;4;20;1;
13375;202000008725;154 726 909;A01;2;7;1;0;2;13;1;
13376;202000008726;154 726 907;B01;0;7;0;2;0;0;1;
13377;202000008726;154 726 908;A01;0;7;0;2;1;15;1;
13378;202000008727;154 726 906;A01;0;7;15;0;7;14;1;
13379;202000008728;154 726 903;C01;2;15;0;0;0;0;1;
13380;202000008728;154 726 904;B01;2;7;0;2;8;1;1;
13381;202000008728;154 726 905;A01;1;7;0;2;1;13;1;
13382;202000008729;154 726 901;B01;1;7;0;2;3;15;1;
13383;202000008729;154 726 902;A01;2;2;0;2;1;1;1;
13384;202000008730;154 726 900;A01;2;7;0;1;1;15;0;
13385;202000008731;154 726 899;A01;1;30;14;1;3;25;0;
13386;202000008732;154 726 898;A01;1;30;5;0;3;11;1;
13387;202000008733;154 726 897;A01;1;7;9;0;3;13;1;
13388;202000008734;154 726 896;A01;1;7;0;1;2;26;1;
13389;202000008735;154 726 894;B01;1;33;0;2;3;13;1;
13390;202000008735;154 726 895;A01;2;7;0;2;3;13;1;
13391;202000008736;154 726 892;B01;2;7;0;2;8;1;1;
13392;202000008736;154 726 893;A01;1;7;0;2;0;0;1;
13393;202000008738;154 726 889;A01;1;7;0;2;2;15;2;
13394;202000008738;154 726 890;B01;2;33;0;2;1;1;1;
13395;202000008739;154 726 887;A01;1;7;0;2;1;1;1;
13396;202000008739;154 726 888;B01;1;7;0;2;4;1;1;
13397;202000008740;154 726 886;A01;1;7;0;1;1;0;1;
13398;202000008741;154 726 884;A01;1;7;0;2;1;0;1;
13399;202000008741;154 726 885;B01;1;7;0;2;0;0;1;
13400;202000008742;154 726 883;A01;1;1;0;0;0;0;5;
13401;202000008743;154 726 881;A01;1;7;0;2;8;0;1;
13402;202000008743;154 726 882;B01;1;1;0;2;1;0;5;
13403;202000008744;154 726 879;B01;0;7;0;2;4;23;1;
13404;202000008744;154 726 880;A01;0;33;0;2;1;0;1;
13405;202000008745;154 726 877;A01;1;7;0;2;1;2;1;
13406;202000008745;154 726 878;B01;1;7;0;2;4;2;1;
13407;202000008746;154 726 876;A01;1;7;0;1;2;1;1;
13408;202000008748;154 726 873;B01;3;7;0;2;7;1;1;
13409;202000008748;154 726 874;A01;3;33;0;2;8;15;1;
13410;202000008749;154 726 872;A01;3;31;12;0;1;1;1;
13411;202000008750;154 726 870;B01;3;7;0;2;3;0;0;
13412;202000008750;154 726 871;A01;1;7;0;2;7;26;1;
13413;202000008751;154 726 868;A01;0;33;14;0;2;21;1;
13414;202000008751;154 726 869;B01;1;7;0;2;6;2;1;
13415;202000008753;154 726 865;A01;2;10;14;0;1;1;1;
13416;202000008754;154 726 863;B01;1;10;0;2;3;1;1;
13417;202000008754;154 726 864;A01;1;31;0;2;1;1;1;
13418;202000008755;154 726 860;C01;2;7;0;2;1;1;1;
13419;202000008755;154 726 861;B01;2;7;0;2;1;1;1;
13420;202000008755;154 726 862;A01;2;37;0;2;0;26;1;1.0
13421;202000008756;154 726 859;A01;0;7;0;1;1;1;1;
13422;202000008757;154 726 856;A01;2;10;0;2;1;1;1;
13423;202000008757;154 726 857;C01;2;7;0;2;4;23;1;
13424;202000008757;154 726 858;B01;2;7;0;2;4;23;1;
13425;202000008758;154 726 853;C01;2;7;0;2;4;2;1;
13426;202000008758;154 726 854;B01;2;7;0;2;1;2;1;
13427;202000008758;154 726 855;A01;2;7;0;2;1;26;1;
13428;202000008759;154 726 852;A01;1;7;0;1;2;1;1;
13429;202000008760;154 726 850;A01;2;34;0;2;3;17;6;
13430;202000008760;154 726 851;B01;1;7;0;2;3;1;6;
13431;202000008762;154 726 847;B01;1;7;0;2;1;15;1;
13432;202000008762;154 726 848;A01;2;30;0;2;8;8;1;
13433;202000008763;154 726 846;Z01;1;30;0;1;1;1;1;
13434;202000008764;154 726 844;A01;2;50;0;2;8;1;3;
13435;202000008764;154 726 845;B01;1;7;0;2;2;15;1;
13436;202000008765;154 726 842;B01;1;1;0;2;3;1;5;
13437;202000008765;154 726 843;A01;1;7;0;2;2;16;1;
13438;202000008766;154 726 841;A01;1;30;0;1;3;17;3;
13439;202000008768;154 726 838;A01;3;7;8;0;3;1;1;
13440;202000008770;154 726 835;A01;1;7;0;1;3;1;1;
13441;202000008771;154 726 833;A01;1;7;0;9;3;10;1;
13442;202000008771;154 726 834;B01;1;2;0;2;1;1;1;
13443;202000008772;154 726 831;B01;1;30;0;2;2;1;1;
13444;202000008772;154 726 832;A01;1;99;0;2;0;13;0;
13445;202000008773;154 726 829;B01;2;60;0;2;1;1;5;
13446;202000008773;154 726 830;A01;1;10;0;2;0;15;1;
13447;202000008774;154 726 827;B01;1;34;0;2;7;13;1;
13448;202000008774;154 726 828;A01;1;7;0;2;0;15;1;
13449;202000008775;154 726 825;A01;1;7;0;2;2;15;1;
13450;202000008775;154 726 826;B01;2;43;0;2;1;1;1;
13451;202000008776;154 726 823;A01;1;7;0;2;4;15;1;
13452;202000008776;154 726 824;B01;1;30;0;2;1;1;1;
13453;202000008777;154 726 821;A01;1;31;0;2;1;17;0;
13454;202000008777;154 726 822;B01;0;7;0;0;0;0;0;
13455;202000008778;154 726 819;B01;1;30;0;2;4;2;1;
13456;202000008778;154 726 820;A01;1;32;0;2;1;2;1;
13457;202000008779;154 726 817;B01;0;0;0;2;0;0;0;
13458;202000008779;154 726 818;A01;0;7;0;2;4;20;1;
13459;202000008780;154 726 815;B01;3;10;0;2;5;1;1;
13460;202000008780;154 726 816;A01;3;34;0;2;1;1;1;
13461;202000008782;154 726 811;B01;1;7;0;2;3;1;1;
13462;202000008782;154 726 812;A01;1;7;0;2;1;9;1;
13463;202000008783;154 726 807;D01;0;13;0;2;3;0;0;
13464;202000008783;154 726 808;C01;0;7;0;2;3;0;0;
13465;202000008783;154 726 809;B01;0;7;0;2;3;0;0;
13466;202000008783;154 726 810;A01;0;7;0;2;1;1;6;
13467;202000008784;154 726 806;A01;1;7;0;1;2;26;1;
13468;202000008785;154 726 804;A01;1;7;0;2;4;20;1;
13469;202000008785;154 726 805;B01;1;50;0;2;1;1;3;
13470;202000008789;154 726 796;A01;1;7;0;2;3;22;1;
13471;202000008789;154 726 797;B01;1;2;0;2;1;17;0;
13472;202000008790;154 726 795;A01;0;7;13;0;3;1;0;
13473;202000008791;154 726 793;A01;3;7;0;2;8;1;1;
13474;202000008791;154 726 794;B01;3;2;0;2;1;19;1;
13475;202000008792;154 726 791;A01;1;7;0;9;1;9;1;
13476;202000008792;154 726 792;B01;1;1;0;2;7;12;5;
13477;202000008793;154 726 789;B01;1;15;0;2;1;21;1;
13478;202000008793;154 726 790;A01;2;7;0;2;3;13;1;
13479;202000008794;154 726 788;A01;2;33;0;0;1;1;1;
13480;202000008795;154 726 786;A01;2;7;0;0;3;1;1;
13481;202000008795;154 726 787;B01;1;7;0;2;3;1;1;
13482;202000008796;154 726 784;B01;0;33;0;0;8;1;1;
13483;202000008796;154 726 785;A01;0;7;0;2;7;17;1;
13484;202000008798;154 726 781;B01;3;7;0;2;8;1;1;
13485;202000008798;154 726 782;A01;3;31;0;2;8;13;1;
13486;202000008799;154 726 779;A01;1;7;0;0;1;15;1;
13487;202000008799;154 726 780;B01;2;33;0;2;1;1;1;
13488;202000008800;154 726 777;B01;2;1;12;2;1;1;5;
13489;202000008800;154 726 778;A01;1;7;12;2;2;15;1;
13490;202000008801;154 726 775;B01;2;7;2;2;2;17;1;
13491;202000008801;154 726 776;A01;2;7;0;2;3;15;1;
13492;202000008802;154 726 774;A01;1;7;0;1;5;26;1;
13493;202000008804;154 726 770;A01;2;7;0;2;2;15;1;
13494;202000008804;154 726 771;B01;1;1;0;2;1;1;5;
13495;202000008805;154 726 769;A01;2;7;13;0;1;14;1;
13496;202000008806;154 726 767;A01;1;7;0;0;7;15;1;
13497;202000008806;154 726 768;B01;2;2;0;2;1;1;1;
13498;202000008807;154 726 765;A01;1;7;0;2;1;1;2;
13499;202000008807;154 726 766;B01;1;1;0;2;8;19;5;
13500;202000008808;154 726 763;B01;1;7;0;2;2;1;1;
13501;202000008808;154 726 764;A01;3;1;0;2;3;15;5;
13502;202000008809;154 726 762;A01;1;33;0;0;8;1;1;
13503;202000008810;154 726 761;A01;1;2;6;0;1;1;1;
13504;202000008811;154 726 760;A01;3;1;0;0;1;1;6;
13505;202000008813;154 726 758;A01;1;33;2;0;0;1;1;
13506;202000008814;154 726 756;B01;2;2;0;2;8;1;1;
13507;202000008814;154 726 757;A01;1;7;0;2;3;15;1;
13508;202000008815;154 726 754;A01;2;7;0;2;3;19;1;
13509;202000008815;154 726 755;B01;2;33;0;2;1;21;1;
13510;202000008816;154 726 753;A01;1;7;8;0;3;1;1;
13511;202000008817;154 726 752;A01;3;33;16;0;1;0;1;
13512;202000008818;154 726 751;A01;2;33;17;0;1;2;1;
13513;202000008819;154 726 750;A01;2;33;12;0;7;26;1;
13514;202000008820;154 726 749;A01;1;10;2;0;1;1;0;
13515;202000008821;154 726 747;B01;2;7;0;2;1;16;1;
13516;202000008821;154 726 748;A01;1;31;0;2;1;17;0;
13517;202000008822;154 726 745;B01;1;10;0;0;4;15;0;
13518;202000008822;154 726 746;A01;1;7;0;2;1;1;0;
13519;202000008823;154 726 742;A01;0;1;0;0;0;1;5;
13520;202000008824;154 726 740;B01;0;14;0;0;0;0;0;
13521;202000008824;154 726 741;A01;0;7;13;0;2;1;1;
13522;202000008825;154 726 739;A01;1;33;3;0;7;1;1;
13523;202000008826;154 726 737;B01;1;7;0;0;6;2;1;
13524;202000008826;154 726 738;A01;1;33;0;2;1;2;1;
13525;202000008827;154 726 735;A01;1;7;0;2;1;0;1;
13526;202000008827;154 726 736;B01;2;10;0;2;3;0;1;
13527;202000008829;154 726 732;A01;2;7;15;0;8;0;1;
13528;202000008830;154 726 731;A01;1;7;7;0;9;1;0;
13529;202000008831;154 726 730;A01;1;31;16;0;0;0;1;
13530;202000008832;154 726 729;A01;0;2;0;0;0;0;1;
13531;202000008833;154 726 728;A01;3;36;13;0;1;14;1;
13532;202000008835;154 726 725;A01;3;2;0;0;8;23;0;
13533;202000008836;154 726 723;B01;1;2;0;2;2;13;1;
13534;202000008836;154 726 724;A01;2;7;0;2;3;9;1;
13535;202000008837;154 726 721;A01;0;7;0;2;1;15;1;
13536;202000008837;154 726 722;B01;3;33;0;2;8;1;1;
13537;202000008838;154 726 719;B01;2;7;12;2;8;16;1;
13538;202000008838;154 726 720;A01;2;7;0;2;7;16;1;
13539;202000008839;154 726 717;B01;2;7;0;2;2;6;1;
13540;202000008839;154 726 718;A01;2;7;0;0;8;1;1;
13541;202000008841;154 726 714;B01;2;7;0;2;6;15;1;
13542;202000008841;154 726 715;A01;2;33;0;2;1;17;1;
13543;202000008843;154 726 709;A01;2;7;4;0;2;1;1;
13544;202000008844;154 726 707;Z01;2;0;0;2;4;2;0;
13545;202000008844;154 726 708;A01;2;10;0;2;1;2;1;
13546;202000008845;154 726 705;A01;1;7;0;2;1;2;1;
13547;202000008845;154 726 706;B01;1;17;0;2;4;2;1;
13548;202000008846;154 726 703;B01;2;34;0;2;3;2;1;
13549;202000008846;154 726 704;A01;2;10;0;2;5;2;1;
13550;202000008847;154 726 701;A01;2;10;0;2;2;2;0;
13551;202000008847;154 726 702;B01;2;30;0;2;6;2;3;
13552;202000008848;154 726 700;A01;3;7;0;1;2;15;1;
13553;202000008849;154 726 698;A01;1;7;0;2;2;15;1;
13554;202000008849;154 726 699;B01;1;14;0;2;3;1;1;
13555;202000008850;154 726 696;A01;2;7;0;2;1;1;1;
13556;202000008850;154 726 697;B01;1;7;0;2;3;1;1;
13557;202000008852;154 726 693;A01;1;7;0;1;1;15;1;
13558;202000008853;154 726 692;A01;1;40;0;1;2;19;0;
13559;202000008854;154 726 691;A01;2;7;0;1;1;15;0;
13560;202000008855;154 726 689;A01;1;7;0;2;7;12;1;
13561;202000008855;154 726 690;B01;1;34;0;2;8;2;1;
13562;202000008857;154 726 686;B01;3;7;0;2;1;1;1;
13563;202000008857;154 726 687;A01;3;30;0;2;1;13;1;
13564;202000008858;154 726 685;A01;1;7;4;0;7;14;1;
13565;202000008859;154 726 683;A01;1;7;0;2;2;15;5;
13566;202000008859;154 726 684;B01;2;33;0;2;1;1;5;
13567;202000008860;154 726 681;A01;1;31;0;2;0;1;1;
13568;202000008860;154 726 682;B01;1;7;0;2;0;0;1;
13569;202000008861;154 726 679;C01;2;7;0;2;3;1;1;
13570;202000008861;154 726 680;A01;1;7;0;2;3;13;1;
13571;202000008862;154 726 678;A01;1;7;0;1;1;15;1;
13572;202000008863;154 726 676;A01;1;7;0;2;2;15;1;
13573;202000008863;154 726 677;B01;1;33;0;2;1;1;1;
13574;202000008864;154 726 675;A01;3;7;0;1;1;16;1;
13575;202000008865;154 726 671;B01;3;7;0;2;6;1;1;
13576;202000008865;154 726 672;A01;3;7;4;2;2;1;1;
13577;202000008866;154 726 668;B01;3;7;0;2;1;1;1;
13578;202000008866;154 726 669;A01;3;7;0;2;8;13;1;
13579;202000008866;154 726 670;C01;3;7;0;2;1;1;1;
13580;202000008867;154 726 666;A01;0;7;0;2;8;9;1;
13581;202000008867;154 726 667;B01;0;7;0;2;1;1;1;
13582;202000008868;154 726 665;A01;2;7;14;1;5;9;2;
13583;202000008869;154 726 663;A01;2;30;0;2;1;2;1;
13584;202000008869;154 726 664;B01;2;7;0;2;4;2;1;
13585;202000008870;154 726 661;B01;2;7;0;2;4;2;1;
13586;202000008870;154 726 662;A01;2;7;0;2;4;2;1;
13587;202000008871;154 726 660;A01;1;7;0;1;8;0;1;
13588;202000008872;154 726 658;A01;1;7;0;2;2;0;1;
13589;202000008872;154 726 659;B01;1;7;0;2;6;0;1;
13590;202000008873;154 726 657;A01;1;7;0;1;1;1;1;
13591;202000008874;154 726 655;B01;2;30;0;2;1;1;1;
13592;202000008874;154 726 656;A01;1;7;0;2;2;15;1;
13593;202000008875;154 726 652;C01;2;7;0;0;0;21;1;
13594;202000008875;154 726 653;B01;2;7;15;2;3;1;1;
13595;202000008875;154 726 654;A01;2;7;0;2;6;17;1;
13596;202000008877;154 726 649;B01;2;32;0;2;7;1;1;
13597;202000008877;154 726 650;A01;2;7;0;2;6;9;1;
13598;202000008878;154 726 647;B01;1;7;0;2;4;1;0;
13599;202000008878;154 726 648;A01;1;7;0;2;1;1;1;
13600;202000008879;154 726 646;A01;1;31;4;2;7;1;1;
13601;202000008880;154 726 645;A01;2;33;4;0;1;14;0;
13602;202000008881;154 726 644;A01;1;30;2;0;1;1;1;
13603;202000008882;154 726 643;A01;1;37;0;1;1;1;4;1.0
13604;202000008883;154 726 641;B01;1;33;0;2;2;1;1;
13605;202000008883;154 726 642;A01;2;7;0;2;1;15;1;
13606;202000008884;154 726 639;A01;1;99;0;2;3;17;0;
13607;202000008884;154 726 640;B01;2;32;0;2;1;9;0;
13608;202000008885;154 726 636;Z01;1;7;0;2;0;0;0;
13609;202000008885;154 726 637;B01;1;1;0;2;4;19;5;
13610;202000008886;154 726 635;B01;2;7;0;1;3;16;1;
13611;202000008888;154 726 631;B01;1;1;0;2;8;1;5;
13612;202000008888;154 726 632;A01;2;7;0;2;1;15;1;
13613;202000008889;154 726 630;A01;2;7;0;1;1;1;1;
13614;202000008890;154 726 629;A01;0;7;0;1;1;1;1;
13615;202000008891;154 726 627;B01;1;80;0;2;3;16;3;
13616;202000008891;154 726 628;A01;0;7;0;2;3;1;1;
13617;202000008892;154 726 626;A01;2;32;0;1;1;1;1;
13618;202000008894;154 726 622;B01;2;10;0;2;6;2;1;
13619;202000008894;154 726 623;A01;2;30;0;2;1;2;1;
13620;202000008895;154 726 621;A01;2;7;0;1;1;15;1;
13621;202000008896;154 726 619;B01;1;34;0;2;1;1;1;
13622;202000008896;154 726 620;A01;1;7;0;2;8;15;1;
13623;202000008897;154 726 618;A01;1;30;0;1;2;1;1;
13624;202000008898;154 726 616;B01;1;1;0;2;4;1;5;
13625;202000008898;154 726 617;A01;1;7;0;2;3;1;1;
13626;202000008899;154 726 614;A01;1;50;0;2;1;8;3;
13627;202000008899;154 726 615;B01;2;7;0;2;8;20;1;
13628;202000008900;154 726 613;A01;1;7;0;1;4;26;1;
13629;202000008901;154 726 611;A01;2;7;0;2;1;1;1;
13630;202000008901;154 726 612;B01;2;7;0;2;4;1;1;
13631;202000008902;154 726 610;A01;0;7;1;0;1;14;1;
13632;202000008903;154 726 609;A01;2;7;1;0;2;14;1;
13633;202000008904;154 726 608;A01;0;40;0;1;2;1;3;