;Num_Acc;id_vehicule;num_veh;senc;catv;obs;obsm;choc;manv;motor;occutc
13634;202000008905;154 726 606;A01;1;7;0;2;1;1;1;
13635;202000008905;154 726 607;B01;2;7;0;2;3;1;1;
13636;202000008906;154 726 604;A01;0;7;0;2;5;1;1;
13637;202000008906;154 726 605;B01;0;1;0;2;1;1;5;
13638;202000008907;154 726 603;A01;2;7;0;1;1;1;1;
13639;202000008908;154 726 600;B01;2;1;0;2;8;1;5;
13640;202000008908;154 726 601;A01;2;7;0;2;7;1;1;
13641;202000008908;154 726 602;C01;2;1;0;2;4;1;5;
13642;202000008909;154 726 598;B01;0;1;0;2;1;1;5;
13643;202000008909;154 726 599;A01;0;7;0;2;3;1;1;
13644;202000008910;154 726 596;B01;3;7;0;2;5;23;1;
13645;202000008910;154 726 597;A01;3;7;0;2;3;2;1;
13646;202000008911;154 726 594;A01;2;7;0;2;3;1;1;
13647;202000008911;154 726 595;B01;2;7;0;2;2;1;1;
13648;202000008912;154 726 593;A01;2;2;12;0;1;1;1;
13649;202000008913;154 726 591;B01;1;7;0;2;3;1;1;
13650;202000008913;154 726 592;A01;1;7;0;2;3;19;1;
13651;202000008914;154 726 589;B01;2;1;0;2;5;1;5;
13652;202000008914;154 726 590;A01;1;7;0;2;1;9;1;
13653;202000008915;154 726 587;B01;1;30;0;2;1;1;1;
13654;202000008915;154 726 588;A01;1;7;0;2;2;19;1;
13655;202000008916;154 726 585;B01;1;10;0;2;3;1;1;
13656;202000008916;154 726 586;A01;1;1;0;2;1;9;5;
13657;202000008917;154 726 583;A01;2;7;0;2;1;13;1;
13658;202000008917;154 726 584;B01;1;7;0;2;1;1;1;
13659;202000008918;154 726 581;B01;1;7;0;2;1;1;1;
13660;202000008918;154 726 582;A01;1;7;0;2;6;9;1;
13661;202000008919;154 726 580;A01;3;7;0;1;1;1;1;
13662;202000008920;154 726 579;A01;3;14;0;1;4;4;1;
13663;202000008921;154 726 577;A01;1;2;0;2;1;16;1;
13664;202000008921;154 726 578;B01;2;7;0;2;6;13;1;
13665;202000008922;154 726 570;A01;1;7;0;2;2;16;1;
13666;202000008922;154 726 571;B01;0;1;0;2;7;19;5;
13667;202000008923;154 726 569;A01;0;7;15;0;1;2;1;
13668;202000008924;154 726 567;B01;2;7;0;2;3;1;0;
13669;202000008924;154 726 568;A01;1;30;0;2;1;13;1;
13670;202000008926;154 726 563;A01;2;7;0;2;3;15;1;
13671;202000008926;154 726 564;B01;2;7;7;2;1;17;1;
13672;202000008927;154 726 562;A01;2;7;12;0;3;16;1;
13673;202000008928;154 726 561;A01;1;30;0;0;8;1;1;
13674;202000008929;154 726 560;A01;1;7;10;0;9;26;1;
13675;202000008930;154 726 559;A01;3;7;0;1;1;1;2;
13676;202000008931;154 726 558;A01;2;31;15;0;0;14;1;
13677;202000008932;154 726 557;A01;1;7;2;0;1;1;1;
13678;202000008933;154 726 556;A01;1;7;8;0;1;1;1;
13679;202000008934;154 726 554;B01;1;7;0;2;3;1;0;
13680;202000008934;154 726 555;G01;1;7;0;2;6;9;0;
13681;202000008935;154 726 553;A01;1;7;6;0;1;1;1;
13682;202000008936;154 726 551;B01;1;7;0;2;1;1;1;
13683;202000008936;154 726 552;A01;2;17;0;2;8;19;1;
13684;202000008937;154 726 550;A01;1;7;0;1;1;15;1;
13685;202000008938;154 726 548;B01;1;43;0;2;1;1;1;
13686;202000008938;154 726 549;A01;2;7;0;2;2;15;1;
13687;202000008939;154 726 547;B01;3;32;0;2;1;1;1;
13688;202000008940;154 726 546;B01;2;31;0;2;1;1;1;
13689;202000008941;154 726 545;A01;1;33;0;1;1;1;1;
13690;202000008942;154 726 543;B01;3;7;0;2;3;1;1;
13691;202000008942;154 726 544;A01;3;7;0;2;3;1;1;
13692;202000008943;154 726 542;A01;1;7;0;1;2;2;0;
13693;202000008946;154 726 537;B01;0;7;0;2;1;1;1;
13694;202000008946;154 726 538;A01;0;7;0;2;8;15;1;
13695;202000008947;154 726 535;B01;2;2;0;2;1;1;1;
13696;202000008947;154 726 536;A01;2;7;0;2;8;9;1;
13697;202000008948;154 726 533;B01;1;7;0;2;1;5;0;
13698;202000008948;154 726 534;A01;2;10;0;2;1;1;0;
13699;202000008949;154 726 531;A01;1;32;0;2;7;17;1;
13700;202000008949;154 726 532;B01;1;7;0;2;3;15;1;
13701;202000008950;154 726 530;Z01;2;10;0;1;2;2;1;
13702;202000008951;154 726 528;A01;1;99;0;2;7;17;1;
13703;202000008951;154 726 529;B01;1;7;0;2;3;2;1;
13704;202000008953;154 726 524;B01;0;7;0;2;6;1;1;
13705;202000008953;154 726 525;A01;0;7;0;2;1;13;1;
13706;202000008954;154 726 522;A01;1;7;0;2;6;1;1;
13707;202000008954;154 726 523;B01;1;7;0;2;2;2;1;
13708;202000008956;154 726 518;B01;2;2;0;2;1;13;1;
13709;202000008956;154 726 519;A01;1;7;0;2;3;1;1;
13710;202000008957;154 726 516;A01;3;7;0;2;0;0;0;
13711;202000008957;154 726 517;B01;2;2;0;2;1;1;0;
13712;202000008958;154 726 514;B01;3;1;0;2;1;1;0;
13713;202000008958;154 726 515;A01;3;10;0;9;1;15;1;
13714;202000008959;154 726 512;B01;1;7;14;0;4;26;1;
13715;202000008959;154 726 513;A01;1;7;0;2;1;2;1;
13716;202000008960;154 726 511;A01;2;33;0;1;1;1;1;
13717;202000008961;154 726 509;B01;1;7;0;2;3;0;0;
13718;202000008961;154 726 510;A01;1;30;0;2;2;17;0;
13719;202000008964;154 726 502;A01;3;10;0;1;1;26;1;
13720;202000008966;154 726 498;B01;2;7;0;2;4;15;1;
13721;202000008966;154 726 499;A01;2;7;0;2;1;1;1;
13722;202000008967;154 726 496;B01;1;1;0;2;5;1;5;
13723;202000008967;154 726 497;A01;2;7;0;2;2;15;1;
13724;202000008968;154 726 494;A01;1;7;0;2;7;2;1;
13725;202000008968;154 726 495;B01;1;31;3;2;8;2;1;
13726;202000008969;154 726 492;A01;1;31;0;2;1;1;1;
13727;202000008969;154 726 493;B01;1;7;0;0;4;15;1;
13728;202000008970;154 726 490;A01;2;7;0;2;3;12;1;
13729;202000008970;154 726 491;B01;2;10;0;2;5;1;1;
13730;202000008971;154 726 488;B01;2;7;0;2;4;2;1;
13731;202000008971;154 726 489;A01;2;7;0;2;1;2;1;
13732;202000008972;154 726 485;B01;1;7;0;2;4;23;1;
13733;202000008972;154 726 486;C01;1;10;0;2;4;23;1;
13734;202000008972;154 726 487;A01;1;7;0;2;1;2;1;
13735;202000008973;154 726 483;A01;1;7;0;2;1;2;1;
13736;202000008973;154 726 484;B01;1;7;0;2;4;2;1;
13737;202000008974;154 726 479;A01;1;7;0;2;7;12;1;
13738;202000008974;154 726 480;D01;1;43;0;2;1;3;1;
13739;202000008974;154 726 481;C01;1;7;0;2;8;1;1;
13740;202000008974;154 726 482;B01;1;31;0;2;4;3;1;
13741;202000008975;154 726 477;B01;1;33;0;2;8;11;1;
13742;202000008975;154 726 478;A01;1;7;0;2;7;1;1;
13743;202000008976;154 726 474;C01;2;7;0;2;8;1;1;
13744;202000008976;154 726 475;B01;2;33;0;2;3;3;1;
13745;202000008976;154 726 476;A01;2;10;0;2;2;12;1;
13746;202000008977;154 726 471;B01;2;33;0;2;4;3;1;
13747;202000008977;154 726 472;C01;2;7;0;2;4;1;1;
13748;202000008977;154 726 473;A01;2;43;0;2;1;3;1;
13749;202000008978;154 726 470;A01;2;32;14;0;1;3;1;
13750;202000008979;154 726 467;A01;2;33;0;2;1;3;1;
13751;202000008979;154 726 468;C01;2;7;0;2;6;1;1;
13752;202000008979;154 726 469;B01;2;7;0;2;7;13;1;
13753;202000008981;154 726 463;B01;1;32;0;2;7;3;1;
13754;202000008981;154 726 464;A01;1;7;0;2;3;11;1;
13755;202000008981;154 726 465;C01;1;7;0;2;4;1;1;
13756;202000008982;154 726 460;A01;2;33;0;2;3;2;1;
13757;202000008982;154 726 461;B01;2;7;0;2;5;2;1;
13758;202000008982;154 726 462;C01;2;10;0;2;3;1;1;
13759;202000008983;154 726 458;A01;1;32;0;2;1;2;1;
13760;202000008983;154 726 459;B01;1;7;0;2;6;2;1;
13761;202000008984;154 726 456;A01;2;7;0;2;1;1;1;
13762;202000008984;154 726 457;B01;1;7;0;2;4;1;1;
13763;202000008985;154 726 455;A01;1;37;0;1;1;1;1;1.0
13764;202000008986;154 726 454;A01;1;7;2;1;1;1;1;
13765;202000008988;154 726 451;A01;1;7;0;1;3;16;1;
13766;202000008989;154 726 449;A01;1;1;0;2;4;11;5;
13767;202000008989;154 726 450;B01;1;7;0;2;2;1;1;
13768;202000008990;154 726 447;Z01;1;7;6;2;2;1;1;
13769;202000008990;154 726 448;A01;1;10;0;1;3;1;1;
13770;202000008991;154 726 445;A01;1;7;0;2;1;15;1;
13771;202000008991;154 726 446;B01;2;33;0;2;1;3;1;
13772;202000008992;154 726 444;A01;2;1;0;1;1;1;5;
13773;202000008993;154 726 443;A01;1;7;0;1;8;1;1;
13774;202000008994;154 726 441;B01;1;7;0;2;6;13;1;
13775;202000008994;154 726 442;A01;1;33;0;2;2;17;1;
13776;202000008995;154 726 440;A01;1;2;0;1;1;1;1;
13777;202000008997;154 726 437;B01;1;30;1;2;9;17;1;
13778;202000008997;154 726 438;A01;1;7;0;2;3;13;1;
13779;202000008998;154 726 435;A01;1;7;0;2;8;16;1;
13780;202000008998;154 726 436;B01;1;60;0;2;1;19;5;
13781;202000008999;154 726 433;A01;2;7;0;2;2;16;2;
13782;202000008999;154 726 434;B01;2;1;0;2;1;1;5;
13783;202000009000;154 726 431;B01;2;1;0;2;1;1;5;
13784;202000009000;154 726 432;A01;2;7;0;2;3;15;1;
13785;202000009001;154 726 429;A01;2;1;0;2;6;5;5;
13786;202000009001;154 726 430;B01;2;7;0;2;3;2;2;
13787;202000009002;154 726 428;Z01;3;2;0;1;0;1;0;
13788;202000009003;154 726 427;A01;1;30;1;0;0;21;1;
13789;202000009004;154 726 426;A01;2;7;0;1;3;20;1;
13790;202000009006;154 726 423;B01;2;7;0;2;3;9;1;
13791;202000009006;154 726 424;A01;1;30;0;2;2;17;1;
13792;202000009007;154 726 421;Z01;1;7;0;2;0;1;0;
13793;202000009007;154 726 422;A01;1;33;0;2;8;1;1;
13794;202000009009;154 726 417;A01;3;7;0;2;1;9;1;
13795;202000009009;154 726 418;B01;3;50;0;2;0;1;3;
13796;202000009011;154 726 413;A01;2;43;0;1;1;18;1;
13797;202000009012;154 726 412;A01;3;7;0;1;4;4;1;
13798;202000009013;154 726 410;B01;3;10;0;2;4;23;1;
13799;202000009013;154 726 411;A01;3;7;0;2;1;1;1;
13800;202000009014;154 726 408;A01;2;7;0;2;1;1;2;
13801;202000009014;154 726 409;B01;2;7;0;2;5;23;1;
13802;202000009015;154 726 407;A01;1;33;0;1;1;1;1;
13803;202000009016;154 726 406;A01;2;31;11;0;1;1;1;
13804;202000009017;154 726 404;A01;1;33;0;2;1;1;1;
13805;202000009017;154 726 405;B01;1;7;0;2;7;1;1;
13806;202000009018;154 726 402;A01;1;7;0;2;2;1;1;
13807;202000009018;154 726 403;B01;1;7;0;2;3;1;1;
13808;202000009019;154 726 401;A01;1;1;0;1;1;5;5;
13809;202000009020;154 726 399;A01;1;7;0;2;6;15;1;
13810;202000009020;154 726 400;B01;1;33;0;2;2;17;1;
13811;202000009021;154 726 398;A01;3;31;0;1;1;1;1;
13812;202000009022;154 726 397;A01;2;7;0;1;1;15;1;
13813;202000009023;154 726 395;A01;1;7;0;2;3;15;1;
13814;202000009023;154 726 396;B01;1;32;0;2;3;1;1;
13815;202000009024;154 726 393;B01;1;7;0;2;4;23;1;
13816;202000009024;154 726 394;A01;1;37;0;2;2;13;1;2.0
13817;202000009025;154 726 391;B01;1;7;0;2;3;15;1;
13818;202000009025;154 726 392;A01;1;43;0;2;2;17;1;
13819;202000009026;154 726 390;A01;2;7;0;1;4;20;1;
13820;202000009027;154 726 388;A01;2;7;0;2;6;11;1;
13821;202000009027;154 726 389;B01;2;33;0;2;1;17;1;
13822;202000009028;154 726 387;Z01;3;10;0;1;0;1;0;
13823;202000009029;154 726 384;B01;2;1;0;2;2;1;5;
13824;202000009029;154 726 385;A01;2;7;0;2;3;22;1;
13825;202000009029;154 726 386;C01;1;7;0;2;1;1;1;
13826;202000009030;154 726 383;A01;2;10;0;1;3;15;1;
13827;202000009031;154 726 382;A01;1;7;0;1;3;1;1;
13828;202000009032;154 726 379;B01;2;7;0;2;4;23;1;
13829;202000009032;154 726 380;C01;2;7;0;2;4;23;1;
13830;202000009032;154 726 381;A01;2;7;0;2;1;2;1;
13831;202000009033;154 726 378;A01;2;32;0;1;2;1;1;
13832;202000009034;154 726 375;A01;1;10;0;2;1;2;1;
13833;202000009034;154 726 376;C01;1;7;0;2;4;23;1;
13834;202000009034;154 726 377;B01;1;7;0;2;9;23;1;
13835;202000009035;154 726 374;A01;2;30;0;1;8;1;1;
13836;202000009036;154 726 372;B01;1;1;0;2;6;15;5;
13837;202000009036;154 726 373;A01;1;7;0;2;2;17;1;
13838;202000009037;154 726 371;A01;2;1;0;0;1;1;5;
13839;202000009038;154 726 369;B01;1;32;1;2;3;1;1;
13840;202000009038;154 726 370;A01;1;7;0;2;2;9;1;
13841;202000009040;154 726 365;B01;2;1;0;2;7;1;5;
13842;202000009040;154 726 366;A01;2;7;0;2;7;16;1;
13843;202000009041;154 726 363;B01;1;7;0;2;1;17;2;
13844;202000009041;154 726 364;A01;1;34;0;2;8;15;1;
13845;202000009042;154 726 362;A01;1;10;0;1;1;16;1;
13846;202000009043;154 726 361;A01;2;2;1;0;3;13;3;
13847;202000009044;154 726 359;B01;2;7;0;2;4;23;1;
13848;202000009044;154 726 360;A01;2;30;0;2;1;2;1;
13849;202000009046;154 726 356;Z01;1;32;0;1;1;1;1;
13850;202000009047;154 726 354;B01;1;30;0;2;2;17;1;
13851;202000009047;154 726 355;A01;1;7;0;2;3;13;1;
13852;202000009048;154 726 351;B01;1;1;0;2;4;1;5;
13853;202000009048;154 726 352;A01;1;7;0;2;2;1;1;
13854;202000009048;154 726 353;C01;1;7;0;2;2;1;1;
13855;202000009049;154 726 349;B01;1;7;0;2;3;13;1;
13856;202000009049;154 726 350;A01;2;43;0;2;1;17;1;
13857;202000009050;154 726 347;Z01;0;7;0;2;0;16;1;
13858;202000009050;154 726 348;A01;1;33;0;2;0;1;1;
13859;202000009051;154 726 345;A01;2;31;0;2;1;1;1;
13860;202000009051;154 726 346;Z01;1;2;0;2;1;1;1;
13861;202000009053;154 726 342;B01;2;2;0;2;2;17;1;
13862;202000009053;154 726 343;A01;2;10;0;2;6;13;1;
13863;202000009054;154 726 341;A01;1;33;0;1;2;1;1;
13864;202000009055;154 726 339;A01;2;32;0;2;1;13;1;
13865;202000009055;154 726 340;B01;2;7;0;2;5;1;1;
13866;202000009056;154 726 337;A01;2;33;0;2;1;21;1;
13867;202000009056;154 726 338;B01;2;7;0;2;5;2;1;
13868;202000009057;154 726 335;B01;2;7;0;2;3;11;1;
13869;202000009057;154 726 336;A01;2;33;0;2;2;3;1;
13870;202000009058;154 726 333;A01;2;7;0;2;1;1;1;
13871;202000009058;154 726 334;B01;2;7;0;2;4;2;1;
13872;202000009059;154 726 330;C01;2;7;0;2;4;1;1;
13873;202000009059;154 726 331;A01;2;7;0;2;3;13;1;
13874;202000009059;154 726 332;B01;2;7;0;2;2;3;1;
13875;202000009060;154 726 328;A01;2;33;0;2;8;3;1;
13876;202000009060;154 726 329;B01;2;33;0;2;8;11;0;
13877;202000009061;154 726 325;C01;2;7;0;2;1;1;1;
13878;202000009061;154 726 326;A01;2;15;0;2;7;12;1;
13879;202000009061;154 726 327;B01;2;7;3;2;8;1;1;
13880;202000009062;154 726 321;B01;1;7;0;2;4;23;1;
13881;202000009062;154 726 322;A01;1;14;0;2;1;1;1;
13882;202000009063;154 726 319;B01;1;43;0;2;1;1;1;
13883;202000009063;154 726 320;A01;2;7;0;2;5;15;1;
13884;202000009064;154 726 318;A01;1;30;0;0;0;21;3;
13885;202000009066;154 726 316;A01;1;7;0;1;2;1;1;
13886;202000009067;154 726 315;A01;1;7;8;0;2;1;1;
13887;202000009068;154 726 313;B01;1;7;0;2;5;16;0;
13888;202000009068;154 726 314;A01;1;7;0;2;0;18;0;
13889;202000009069;154 726 311;A01;3;7;0;9;3;1;1;
13890;202000009069;154 726 312;B01;1;1;0;2;1;15;6;
13891;202000009070;154 726 309;A01;1;7;0;0;3;1;1;
13892;202000009070;154 726 310;B01;2;33;0;2;1;1;0;
13893;202000009071;154 726 307;A01;2;32;0;2;1;1;0;
13894;202000009071;154 726 308;B01;0;7;0;0;5;1;0;
13895;202000009072;154 726 306;A01;3;10;0;1;2;1;1;
13896;202000009073;154 726 305;A01;3;7;0;0;0;15;1;
13897;202000009074;154 726 303;B01;1;2;0;2;1;9;1;
13898;202000009074;154 726 304;A01;1;7;0;2;2;1;1;
13899;202000009075;154 726 302;A01;1;37;14;0;2;1;0;1.0
13900;202000009076;154 726 300;B01;1;31;0;2;1;1;0;
13901;202000009076;154 726 301;A01;1;7;0;2;2;15;0;
13902;202000009077;154 726 299;A01;1;10;12;0;2;14;1;
13903;202000009078;154 726 298;A01;3;7;0;1;2;1;0;
13904;202000009079;154 726 297;A01;2;7;0;1;7;1;2;
13905;202000009080;154 726 295;B01;1;10;0;2;4;0;0;
13906;202000009080;154 726 296;A01;1;37;0;2;2;26;0;3.0
13907;202000009081;154 726 294;A01;0;7;8;0;4;15;1;
13908;202000009082;154 726 293;A01;1;7;0;1;3;1;1;
13909;202000009083;154 726 292;A01;1;7;7;0;1;15;1;
13910;202000009084;154 726 289;A01;1;10;0;2;1;2;1;
13911;202000009084;154 726 290;B01;1;7;0;2;4;23;1;
13912;202000009084;154 726 291;C01;1;10;0;2;4;23;1;
13913;202000009085;154 726 286;A01;1;7;14;0;1;2;1;
13914;202000009085;154 726 287;B01;1;7;14;2;4;23;1;
13915;202000009085;154 726 288;C01;1;7;0;2;4;23;1;
13916;202000009086;154 726 284;A01;1;7;0;2;5;15;1;
13917;202000009086;154 726 285;B01;2;33;0;2;1;1;1;
13918;202000009087;154 726 282;A01;3;7;0;2;2;19;1;
13919;202000009087;154 726 283;B01;3;31;0;2;8;1;1;
13920;202000009088;154 726 279;A01;3;7;0;2;1;1;0;
13921;202000009088;154 726 280;B01;3;10;0;0;4;1;0;
13922;202000009089;154 726 277;Z01;1;7;0;2;3;15;0;
13923;202000009089;154 726 278;A01;2;30;0;2;1;1;6;
13924;202000009090;154 726 274;A01;2;7;0;2;3;15;1;
13925;202000009090;154 726 275;B01;2;7;0;2;1;17;1;
13926;202000009090;154 726 276;C01;2;7;0;9;8;2;1;
13927;202000009091;154 726 272;A01;1;7;0;2;7;10;1;
13928;202000009091;154 726 273;B01;2;33;0;2;1;1;6;
13929;202000009092;154 726 270;A01;0;10;0;2;3;11;1;
13930;202000009092;154 726 271;B01;0;33;0;2;7;1;1;
13931;202000009093;154 726 268;A01;1;10;0;2;3;5;1;
13932;202000009093;154 726 269;B01;2;7;0;2;3;2;1;
13933;202000009094;154 726 265;A01;1;1;0;0;0;0;0;
13934;202000009095;154 726 263;B01;3;7;0;2;1;0;1;
13935;202000009095;154 726 264;A01;3;30;0;2;1;5;1;
13936;202000009096;154 726 262;A01;1;39;0;1;1;1;3;
13937;202000009097;154 726 260;B01;2;31;0;2;1;1;1;
13938;202000009097;154 726 261;A01;1;7;0;2;2;15;1;
13939;202000009098;154 726 258;B01;2;50;0;2;0;0;3;
13940;202000009098;154 726 259;A01;1;7;0;2;1;9;1;
13941;202000009099;154 726 256;A01;0;7;0;2;1;9;0;
13942;202000009099;154 726 257;B01;0;50;0;2;8;1;3;
13943;202000009100;154 726 255;A01;1;7;1;0;5;2;1;
13944;202000009102;154 726 251;A01;1;7;0;2;1;2;1;
13945;202000009102;154 726 252;B01;1;7;0;2;4;23;1;
13946;202000009102;154 726 253;C01;1;7;0;2;4;23;1;
13947;202000009103;154 726 247;D01;2;10;0;2;3;23;1;
13948;202000009103;154 726 248;C01;2;10;0;2;3;0;3;
13949;202000009103;154 726 249;B01;1;7;0;2;6;1;3;
13950;202000009103;154 726 250;A01;1;7;0;2;2;1;2;
13951;202000009104;154 726 245;A01;1;7;0;2;1;15;1;
13952;202000009104;154 726 246;B01;2;30;0;2;6;1;1;
13953;202000009105;154 726 243;A01;1;30;0;2;1;2;1;
13954;202000009105;154 726 244;B01;1;7;0;2;4;23;1;
13955;202000009106;154 726 241;A01;2;7;2;2;2;2;1;
13956;202000009106;154 726 242;B01;2;7;0;2;6;2;1;
13957;202000009108;154 726 238;A01;1;7;0;1;1;20;1;
13958;202000009109;154 726 236;A01;2;7;0;2;7;15;1;
13959;202000009109;154 726 237;B01;1;1;0;2;1;1;5;
13960;202000009110;154 726 234;B01;3;43;0;2;7;2;1;
13961;202000009110;154 726 235;A01;3;43;0;2;8;2;1;
13962;202000009111;154 726 233;A01;3;7;0;1;1;23;1;
13963;202000009113;154 726 230;A01;2;7;0;2;2;1;1;
13964;202000009113;154 726 231;B01;2;10;0;2;3;15;1;
13965;202000009114;154 726 228;A01;3;7;0;2;1;1;1;
13966;202000009114;154 726 229;B01;3;33;0;2;7;1;1;
13967;202000009115;154 726 226;A01;0;7;0;2;2;14;0;
13968;202000009115;154 726 227;B01;1;80;0;2;4;23;3;
13969;202000009116;154 726 224;A01;1;7;0;2;0;1;1;
13970;202000009116;154 726 225;B01;1;33;0;2;1;1;1;
13971;202000009117;154 726 223;A01;1;7;0;1;2;1;6;
13972;202000009118;154 726 221;A01;1;7;0;2;7;1;1;
13973;202000009118;154 726 222;B01;1;7;0;2;1;1;1;
13974;202000009119;154 726 219;B01;1;7;0;2;4;1;1;
13975;202000009119;154 726 220;A01;1;7;0;2;1;2;1;
13976;202000009120;154 726 217;A01;1;7;0;2;1;26;1;
13977;202000009120;154 726 218;B01;1;7;0;2;4;26;1;
13978;202000009121;154 726 215;B01;1;2;0;2;8;1;1;
13979;202000009121;154 726 216;A01;2;7;0;2;3;15;1;
13980;202000009122;154 726 212;A01;3;7;0;2;1;15;1;
13981;202000009122;154 726 213;B01;3;7;0;2;1;1;1;
13982;202000009123;154 726 210;A01;2;7;0;2;3;11;1;
13983;202000009123;154 726 211;B01;2;7;0;2;2;1;1;
13984;202000009124;154 726 208;B01;2;20;16;2;5;1;1;
13985;202000009124;154 726 209;A01;2;20;0;2;1;2;1;
13986;202000009125;154 726 206;B01;1;7;0;2;1;0;1;
13987;202000009125;154 726 207;A01;1;7;0;2;4;26;1;
13988;202000009126;154 726 203;A01;2;10;0;2;1;2;1;
13989;202000009126;154 726 204;B01;2;10;0;2;4;23;1;
13990;202000009126;154 726 205;C01;2;7;0;2;4;23;1;
13991;202000009127;154 726 201;B01;2;1;0;2;7;1;5;
13992;202000009127;154 726 202;A01;1;7;0;2;1;15;1;
13993;202000009128;154 726 198;A01;0;3;0;2;4;1;1;
13994;202000009128;154 726 199;Z01;0;7;0;2;0;1;1;
13995;202000009128;154 726 200;B01;0;38;0;2;4;1;1;1.0
13996;202000009129;154 726 195;C01;1;7;0;2;1;1;1;
13997;202000009129;154 726 196;B01;1;7;0;2;9;1;1;
13998;202000009129;154 726 197;A01;1;10;0;2;4;1;1;
13999;202000009130;154 726 193;A01;2;7;14;2;1;16;1;
14000;202000009130;154 726 194;B01;2;7;0;1;4;1;1;
14001;202000009131;154 726 191;B01;2;7;0;2;3;15;1;
14002;202000009131;154 726 192;A01;1;33;0;2;1;1;1;
14003;202000009132;154 726 189;A01;2;7;0;2;3;15;1;
14004;202000009132;154 726 190;B01;1;30;0;2;1;1;0;
14005;202000009133;154 726 188;A01;1;7;0;1;1;1;1;
14006;202000009134;154 726 186;A01;0;2;0;2;1;1;1;
14007;202000009134;154 726 187;B01;0;7;0;2;4;10;1;
14008;202000009135;154 726 184;Z01;3;7;0;2;1;1;1;
14009;202000009135;154 726 185;A01;3;32;0;2;7;1;1;
14010;202000009136;154 726 181;C01;1;7;0;9;4;26;1;
14011;202000009136;154 726 182;B01;1;7;0;0;4;26;1;
14012;202000009136;154 726 183;A01;1;7;0;2;1;26;0;
14013;202000009137;154 726 179;B01;1;7;0;2;4;1;1;
14014;202000009137;154 726 180;A01;1;7;0;2;1;1;1;
14015;202000009138;154 726 178;A01;1;60;1;1;1;9;5;
14016;202000009139;154 726 176;B01;1;7;0;2;1;1;1;
14017;202000009139;154 726 177;A01;1;1;0;2;1;1;5;
14018;202000009140;154 726 174;A01;1;7;0;2;7;17;1;
14019;202000009140;154 726 175;B01;1;7;0;2;8;1;1;
14020;202000009141;154 726 172;B01;1;7;0;2;1;1;1;
14021;202000009141;154 726 173;A01;1;7;0;2;3;19;1;
14022;202000009142;154 726 170;B01;0;7;0;2;1;23;1;
14023;202000009142;154 726 171;A01;0;7;0;2;1;5;1;
14024;202000009143;154 726 168;B01;2;7;0;2;4;23;1;
14025;202000009143;154 726 169;A01;0;7;0;2;1;2;1;
14026;202000009144;154 726 166;B01;2;7;0;2;4;2;1;
14027;202000009144;154 726 167;A01;2;7;0;2;1;1;1;
14028;202000009145;154 726 164;A01;1;33;0;2;8;1;1;
14029;202000009145;154 726 165;B01;1;33;0;2;1;1;1;
14030;202000009146;154 726 163;A01;3;7;6;0;1;15;1;
14031;202000009147;154 726 162;A01;1;7;0;1;0;0;1;
14032;202000009148;154 726 159;A01;2;7;0;2;1;1;1;
14033;202000009148;154 726 160;B01;2;7;0;2;4;1;1;
14034;202000009148;154 726 161;C01;2;7;0;2;4;1;1;
14035;202000009149;154 726 157;B01;1;7;0;2;3;1;1;
14036;202000009149;154 726 158;A01;2;7;0;2;1;13;1;
14037;202000009150;154 726 155;B01;3;1;0;2;7;1;5;
14038;202000009150;154 726 156;A01;3;7;0;9;1;1;1;
14039;202000009151;154 726 153;A01;3;7;0;2;1;1;1;
14040;202000009151;154 726 154;B01;3;33;0;2;0;16;1;
14041;202000009152;154 726 151;A01;2;7;0;0;2;15;1;
14042;202000009152;154 726 152;B01;1;7;1;0;1;21;1;
14043;202000009154;154 726 147;B01;2;7;0;2;8;15;1;
14044;202000009154;154 726 148;A01;2;33;0;2;1;21;1;
14045;202000009156;154 726 145;A01;3;7;0;1;7;1;1;
14046;202000009157;154 726 143;B01;1;32;0;2;1;3;1;
14047;202000009157;154 726 144;A01;1;7;0;2;2;12;1;
14048;202000009158;154 726 142;A01;2;7;4;0;1;13;1;
14049;202000009159;154 726 138;A01;1;33;0;2;2;21;1;
14050;202000009159;154 726 139;B01;1;33;0;2;6;3;1;
14051;202000009159;154 726 140;C01;1;7;0;2;5;1;1;
14052;202000009159;154 726 141;D01;1;7;0;2;8;1;1;
14053;202000009162;154 726 134;Z01;2;30;0;1;1;1;0;
14054;202000009163;154 726 132;A01;2;30;0;2;0;1;1;
14055;202000009163;154 726 133;Z01;2;10;0;2;0;22;0;
14056;202000009164;154 726 130;A01;1;37;0;2;2;1;2;1.0
14057;202000009164;154 726 131;B01;2;37;0;2;6;1;1;3.0
14058;202000009165;154 726 128;B01;2;50;0;2;2;1;3;
14059;202000009165;154 726 129;A01;2;10;0;2;8;1;1;
14060;202000009166;154 726 126;B01;2;7;0;2;0;2;1;
14061;202000009166;154 726 127;A01;2;7;0;2;4;2;1;
14062;202000009167;154 726 124;B01;1;7;0;2;2;16;1;
14063;202000009167;154 726 125;A01;1;60;0;2;1;5;5;
14064;202000009168;154 726 122;B01;1;50;0;2;0;19;3;
14065;202000009168;154 726 123;A01;1;10;0;2;3;1;1;
14066;202000009169;154 726 120;A01;1;1;0;2;0;15;5;