;Num_Acc;id_vehicule;num_veh;senc;catv;obs;obsm;choc;manv;motor;occutc
14067;202000009169;154 726 121;Z01;2;7;0;2;1;1;1;
14068;202000009170;154 726 118;B01;2;7;0;2;2;1;1;
14069;202000009170;154 726 119;A01;2;30;0;2;8;9;3;
14070;202000009171;154 726 116;B01;1;7;0;2;4;23;2;
14071;202000009171;154 726 117;A01;1;10;0;2;1;1;1;
14072;202000009172;154 726 114;A01;2;7;0;2;2;14;1;
14073;202000009172;154 726 115;B01;2;7;1;1;6;23;1;
14074;202000009175;154 726 109;B01;1;7;0;2;4;23;1;
14075;202000009175;154 726 110;A01;1;30;0;2;5;2;1;
14076;202000009176;154 726 107;B01;1;1;0;2;8;9;5;
14077;202000009176;154 726 108;A01;1;50;0;2;1;1;3;
14078;202000009177;154 726 105;A01;2;7;0;2;3;13;1;
14079;202000009177;154 726 106;B01;2;32;0;2;2;17;1;
14080;202000009178;154 726 103;A01;3;1;0;2;7;1;5;
14081;202000009178;154 726 104;B01;3;32;0;2;1;1;1;
14082;202000009179;154 726 101;Z01;2;50;0;2;0;5;3;
14083;202000009179;154 726 102;A01;1;1;0;2;0;1;5;
14084;202000009180;154 726 099;A01;2;7;0;2;1;15;1;
14085;202000009180;154 726 100;B01;1;33;0;2;8;1;1;
14086;202000009181;154 726 097;B01;3;10;0;2;6;11;1;
14087;202000009181;154 726 098;A01;3;10;0;2;2;21;1;
14088;202000009182;154 726 096;A01;1;30;12;0;0;11;1;
14089;202000009183;154 726 095;A01;2;7;0;1;1;2;0;
14090;202000009184;154 726 093;B01;1;31;0;2;2;17;1;
14091;202000009184;154 726 094;A01;1;7;0;2;3;15;1;
14092;202000009185;154 726 092;A01;3;7;0;1;2;1;1;
14093;202000009186;154 726 090;B01;0;99;0;2;8;26;3;
14094;202000009186;154 726 091;A01;1;7;0;2;1;1;1;
14095;202000009187;154 726 087;C01;2;7;0;2;8;1;1;
14096;202000009187;154 726 088;B01;1;33;0;2;7;1;1;
14097;202000009187;154 726 089;A01;1;10;0;2;3;11;1;
14098;202000009188;154 726 085;B01;1;1;0;2;4;2;5;
14099;202000009188;154 726 086;A01;1;32;9;2;1;2;1;
14100;202000009189;154 726 083;B01;2;7;0;2;4;26;1;
14101;202000009189;154 726 084;A01;2;50;0;2;1;1;3;
14102;202000009190;154 726 082;A01;2;7;0;1;2;16;1;
14103;202000009191;154 726 080;B01;1;33;0;2;0;0;1;
14104;202000009191;154 726 081;A01;1;7;0;2;0;0;1;
14105;202000009192;154 726 078;A01;2;1;0;2;1;26;5;
14106;202000009192;154 726 079;B01;1;7;0;9;1;9;1;
14107;202000009193;154 726 076;A01;1;7;0;2;3;9;1;
14108;202000009193;154 726 077;B01;1;2;0;2;0;0;1;
14109;202000009194;154 726 074;A01;0;30;0;2;1;25;0;
14110;202000009194;154 726 075;B01;1;7;0;2;2;2;0;
14111;202000009195;154 726 072;B01;1;33;0;2;4;1;1;
14112;202000009195;154 726 073;A01;1;7;0;2;2;1;6;
14113;202000009196;154 726 070;B01;2;7;0;2;1;2;1;
14114;202000009196;154 726 071;A01;1;7;0;2;7;15;1;
14115;202000009197;154 726 068;A01;1;10;0;2;1;1;1;
14116;202000009197;154 726 069;B01;0;1;0;2;1;19;0;
14117;202000009198;154 726 066;B01;3;7;0;2;3;15;1;
14118;202000009198;154 726 067;A01;3;33;0;2;1;17;1;
14119;202000009199;154 726 064;B01;3;1;0;2;1;11;5;
14120;202000009199;154 726 065;A01;3;10;0;2;2;1;1;
14121;202000009200;154 726 063;A01;1;7;0;1;1;1;1;
14122;202000009201;154 726 062;A01;1;7;0;1;1;26;0;
14123;202000009202;154 726 060;A01;1;7;0;2;1;26;1;
14124;202000009202;154 726 061;B01;1;33;0;0;4;0;1;
14125;202000009203;154 726 058;A01;3;30;0;2;7;10;1;
14126;202000009203;154 726 059;B01;3;32;0;2;1;1;1;
14127;202000009204;154 726 056;A01;2;15;0;2;1;2;1;
14128;202000009204;154 726 057;B01;2;2;0;2;4;23;1;
14129;202000009205;154 726 054;A01;3;31;0;2;1;19;1;
14130;202000009205;154 726 055;B01;3;7;0;2;8;2;1;
14131;202000009206;154 726 052;A01;1;7;0;2;2;13;1;
14132;202000009206;154 726 053;B01;2;7;0;2;1;1;1;
14133;202000009207;154 726 050;A01;2;7;0;2;2;1;1;
14134;202000009207;154 726 051;B01;1;2;0;2;1;15;1;
14135;202000009208;154 726 047;C01;2;7;0;2;1;1;1;
14136;202000009208;154 726 048;A01;0;7;0;2;3;19;1;
14137;202000009208;154 726 049;B01;1;7;0;2;1;1;1;
14138;202000009209;154 726 045;A01;1;7;0;2;4;12;0;
14139;202000009209;154 726 046;B01;1;1;0;2;1;1;6;
14140;202000009210;154 726 043;A01;2;7;0;2;3;13;0;
14141;202000009210;154 726 044;B01;1;7;0;2;3;1;0;
14142;202000009211;154 726 041;B01;2;33;0;2;1;21;1;
14143;202000009211;154 726 042;A01;1;7;0;2;3;15;0;
14144;202000009212;154 726 039;A01;1;7;0;2;8;19;1;
14145;202000009212;154 726 040;B01;1;14;0;2;2;1;1;
14146;202000009213;154 726 037;B01;0;31;0;2;1;1;1;
14147;202000009213;154 726 038;A01;3;7;0;0;5;23;1;
14148;202000009214;154 726 036;A01;1;7;0;0;0;1;1;
14149;202000009215;154 726 034;A01;1;7;0;2;3;16;1;
14150;202000009215;154 726 035;B01;1;15;0;2;3;1;1;
14151;202000009216;154 726 033;A01;2;7;3;0;3;1;1;
14152;202000009217;154 726 032;A01;1;13;7;0;2;2;0;
14153;202000009218;154 726 030;B01;1;33;0;2;1;0;1;
14154;202000009218;154 726 031;A01;2;7;0;2;3;0;1;
14155;202000009219;154 726 029;A01;1;7;0;1;3;1;1;
14156;202000009220;154 726 027;B01;2;33;0;2;1;1;1;
14157;202000009220;154 726 028;A01;1;7;0;2;3;15;1;
14158;202000009221;154 726 025;B01;2;33;0;2;1;1;0;
14159;202000009221;154 726 026;A01;1;7;0;2;2;15;0;
14160;202000009222;154 726 023;A01;0;7;0;2;1;19;1;
14161;202000009222;154 726 024;B01;0;7;0;2;3;1;1;
14162;202000009223;154 726 021;A01;1;7;0;2;2;17;1;
14163;202000009223;154 726 022;B01;2;7;0;2;2;1;1;
14164;202000009224;154 726 018;A01;2;33;0;2;4;26;1;
14165;202000009224;154 726 019;B01;1;7;0;2;8;1;1;
14166;202000009224;154 726 020;C01;2;33;0;2;1;1;1;
14167;202000009225;154 726 017;A01;3;1;0;0;7;1;5;
14168;202000009226;154 726 015;A01;2;7;0;2;3;5;1;
14169;202000009226;154 726 016;B01;1;7;0;2;1;1;1;
14170;202000009227;154 726 013;A01;2;2;0;2;1;2;1;
14171;202000009227;154 726 014;B01;2;7;0;0;4;15;1;
14172;202000009228;154 726 012;A01;2;7;15;0;1;1;1;
14173;202000009229;154 726 011;A01;2;7;0;0;0;1;1;
14174;202000009230;154 726 009;B01;1;10;0;0;8;15;2;
14175;202000009230;154 726 010;A01;1;10;7;2;2;2;1;
14176;202000009231;154 726 008;A01;2;10;16;0;1;1;1;
14177;202000009232;154 726 005;A01;1;7;0;2;1;1;1;
14178;202000009232;154 726 006;B01;3;2;0;2;7;1;1;
14179;202000009232;154 726 007;C01;3;2;0;2;1;1;1;
14180;202000009233;154 726 003;A01;2;7;0;2;3;1;1;
14181;202000009233;154 726 004;B01;1;10;0;2;2;1;1;
14182;202000009234;154 726 001;A01;1;33;0;0;0;1;1;
14183;202000009236;154 725 998;A01;2;21;6;0;3;1;1;
14184;202000009237;154 725 997;A01;2;7;2;0;2;1;1;
14185;202000009239;154 725 995;A01;1;7;0;1;1;1;1;
14186;202000009240;154 725 993;A01;3;32;0;2;4;1;1;
14187;202000009240;154 725 994;B01;3;10;0;2;3;9;1;
14188;202000009241;154 725 991;B01;1;7;3;0;6;24;1;
14189;202000009241;154 725 992;A01;1;14;1;0;2;14;1;
14190;202000009242;154 725 990;A01;1;7;17;0;0;14;1;
14191;202000009243;154 725 988;A01;3;7;1;9;1;1;6;
14192;202000009243;154 725 989;B01;3;2;0;2;8;0;6;
14193;202000009244;154 725 986;A01;0;7;0;2;3;5;1;
14194;202000009244;154 725 987;B01;0;33;0;2;1;5;1;
14195;202000009245;154 725 984;A01;2;33;0;2;1;5;1;
14196;202000009245;154 725 985;B01;1;10;0;2;1;1;1;
14197;202000009246;154 725 983;A01;3;7;0;1;3;1;1;
14198;202000009247;154 725 981;A01;2;7;0;0;4;23;1;
14199;202000009247;154 725 982;B01;2;10;0;2;1;2;1;
14200;202000009248;154 725 979;A01;0;7;0;0;4;26;0;
14201;202000009248;154 725 980;B01;1;7;0;2;1;26;0;
14202;202000009249;154 725 978;A01;3;7;0;1;3;1;1;
14203;202000009250;154 725 976;A01;1;7;0;2;3;15;1;
14204;202000009250;154 725 977;B01;1;31;0;2;1;1;1;
14205;202000009251;154 725 975;A01;2;7;0;1;1;1;1;
14206;202000009252;154 725 973;B01;0;7;0;2;3;23;1;
14207;202000009252;154 725 974;A01;0;7;0;1;2;1;1;
14208;202000009254;154 725 971;A01;1;10;0;1;1;26;1;
14209;202000009255;154 725 969;B01;2;7;0;2;3;1;1;
14210;202000009255;154 725 970;A01;1;7;0;2;3;13;1;
14211;202000009256;154 725 968;A01;0;7;0;1;3;1;1;
14212;202000009257;154 725 966;A01;3;7;0;2;8;15;1;
14213;202000009257;154 725 967;B01;3;31;0;2;8;1;1;
14214;202000009258;154 725 965;A01;3;7;0;1;1;1;1;
14215;202000009259;154 725 963;B01;1;7;0;2;4;0;1;
14216;202000009259;154 725 964;A01;1;7;0;2;1;1;1;
14217;202000009260;154 725 962;A01;2;10;13;0;0;1;1;
14218;202000009261;154 725 960;A01;1;31;0;2;1;26;1;
14219;202000009261;154 725 961;B01;2;7;0;2;5;15;1;
14220;202000009262;154 725 958;A01;2;32;0;2;2;1;1;
14221;202000009262;154 725 959;B01;3;7;0;2;3;1;1;
14222;202000009263;154 725 956;A01;2;7;0;2;2;15;1;
14223;202000009263;154 725 957;B01;1;7;0;2;3;1;1;
14224;202000009264;154 725 955;A01;2;7;0;1;1;17;1;
14225;202000009266;154 725 950;A01;1;7;0;2;3;2;0;
14226;202000009266;154 725 951;B01;1;7;0;2;4;2;1;
14227;202000009267;154 725 949;A01;1;7;0;1;1;1;2;
14228;202000009268;154 725 947;A01;2;34;0;2;1;1;1;
14229;202000009268;154 725 948;B01;2;10;0;2;7;16;1;
14230;202000009269;154 725 946;A01;1;14;0;1;1;9;1;
14231;202000009270;154 725 943;A01;1;7;0;2;1;9;0;
14232;202000009270;154 725 944;B01;0;7;0;2;4;9;0;
14233;202000009270;154 725 945;C01;0;7;0;0;4;23;1;
14234;202000009272;154 725 939;A01;0;7;0;2;1;1;1;
14235;202000009272;154 725 940;B01;0;7;0;2;4;23;1;
14236;202000009273;154 725 938;A01;2;7;0;1;1;1;1;
14237;202000009274;154 725 937;A01;2;7;0;1;3;1;1;
14238;202000009275;154 725 936;A01;1;7;0;1;2;1;1;
14239;202000009276;154 725 935;B01;3;15;0;1;1;1;1;
14240;202000009278;154 725 932;A01;1;7;0;1;3;26;1;
14241;202000009279;154 725 930;B01;2;7;0;2;4;23;1;
14242;202000009279;154 725 931;A01;2;14;0;2;1;2;1;
14243;202000009280;154 725 929;A01;1;10;1;0;1;14;3;
14244;202000009281;154 725 927;B01;1;31;0;2;2;2;1;
14245;202000009281;154 725 928;A01;1;10;0;2;3;13;1;
14246;202000009282;154 725 925;A01;2;32;0;2;1;1;1;
14247;202000009282;154 725 926;B01;1;7;0;2;3;15;1;
14248;202000009283;154 725 923;A01;2;7;14;2;1;1;1;
14249;202000009283;154 725 924;B01;1;7;0;2;1;1;0;
14250;202000009284;154 725 921;A01;2;2;0;2;1;1;3;
14251;202000009284;154 725 922;B01;2;7;0;2;7;1;1;
14252;202000009285;154 725 920;A01;1;1;0;1;1;1;5;
14253;202000009286;154 725 918;B01;0;7;1;2;3;1;1;
14254;202000009286;154 725 919;A01;1;7;0;2;3;9;1;
14255;202000009287;154 725 916;B01;2;10;0;2;4;23;1;
14256;202000009287;154 725 917;A01;2;7;0;2;4;2;1;
14257;202000009289;154 725 913;A01;2;33;0;1;1;1;1;
14258;202000009290;154 725 912;A01;2;1;0;0;0;1;5;
14259;202000009291;154 725 910;B01;1;50;0;2;1;1;3;
14260;202000009291;154 725 911;A01;2;7;0;2;3;16;1;
14261;202000009292;154 725 908;B01;1;1;0;0;3;1;5;
14262;202000009292;154 725 909;A01;1;10;0;2;1;0;0;
14263;202000009293;154 725 906;B01;0;1;0;2;1;5;0;
14264;202000009293;154 725 907;A01;0;10;0;2;3;2;1;
14265;202000009294;154 725 904;B01;2;7;0;2;4;2;0;
14266;202000009294;154 725 905;A01;2;17;0;2;1;1;0;
14267;202000009295;154 725 902;A01;2;7;1;2;8;15;1;
14268;202000009295;154 725 903;B01;2;7;1;2;1;1;1;
14269;202000009296;154 725 900;B01;-1;50;0;2;5;15;3;
14270;202000009296;154 725 901;A01;-1;7;0;9;3;9;1;
14271;202000009297;154 725 898;A01;2;10;0;2;3;11;0;
14272;202000009297;154 725 899;WB01;2;31;0;0;2;1;0;
14273;202000009298;154 725 897;A01;1;10;0;1;2;1;1;
14274;202000009299;154 725 895;A01;1;10;0;2;5;19;1;
14275;202000009299;154 725 896;B01;2;10;7;2;3;2;1;
14276;202000009301;154 725 892;B01;-1;7;0;2;4;2;1;
14277;202000009301;154 725 893;A01;-1;7;0;2;1;9;1;
14278;202000009303;154 725 889;B01;1;10;7;0;4;2;1;
14279;202000009303;154 725 890;A01;1;10;1;2;1;21;1;
14280;202000009304;154 725 887;A01;3;7;0;2;1;15;0;
14281;202000009304;154 725 888;B01;3;2;0;2;1;2;0;
14282;202000009305;154 725 885;B01;3;7;0;2;3;9;0;
14283;202000009305;154 725 886;A01;1;7;0;2;7;1;1;
14284;202000009306;154 725 884;A01;-1;99;0;1;2;26;0;
14285;202000009307;154 725 882;A01;0;7;0;2;2;15;1;
14286;202000009307;154 725 883;B01;3;2;0;2;1;26;1;
14287;202000009308;154 725 880;A01;3;1;1;2;5;2;0;
14288;202000009308;154 725 881;Y01;3;60;0;2;2;0;5;
14289;202000009309;154 725 879;A01;1;3;0;1;7;14;1;
14290;202000009310;154 725 878;A01;2;7;0;1;1;1;1;
14291;202000009312;154 725 875;B01;2;32;0;2;1;0;1;
14292;202000009312;154 725 876;A01;0;7;0;2;3;15;1;
14293;202000009313;154 725 874;A01;1;33;0;1;2;13;1;
14294;202000009314;154 725 872;A01;1;7;0;2;2;1;1;
14295;202000009314;154 725 873;B01;3;7;0;2;3;9;1;
14296;202000009315;154 725 870;A01;2;15;0;2;2;1;1;
14297;202000009315;154 725 871;B01;1;10;0;2;8;16;1;
14298;202000009316;154 725 868;A01;1;7;0;2;1;1;1;
14299;202000009316;154 725 869;B01;1;7;0;2;1;1;1;
14300;202000009317;154 725 867;A01;3;7;2;0;2;1;0;
14301;202000009319;154 725 864;A01;1;7;2;0;1;1;1;
14302;202000009320;154 725 863;A01;2;7;13;0;1;13;1;
14303;202000009321;154 725 860;C01;2;7;0;2;5;21;1;
14304;202000009321;154 725 861;B01;1;33;0;2;4;13;1;
14305;202000009321;154 725 862;A01;1;7;0;2;3;2;1;
14306;202000009322;154 725 859;A01;2;30;0;0;0;1;1;
14307;202000009323;154 725 858;A01;2;10;13;0;1;1;1;
14308;202000009325;154 725 855;B01;1;15;0;2;6;1;1;
14309;202000009325;154 725 856;A01;2;7;13;2;3;13;1;
14310;202000009326;154 725 854;A01;1;21;0;1;1;1;1;
14311;202000009328;154 725 851;A01;3;7;2;0;1;1;1;
14312;202000009329;154 725 849;A01;2;7;0;2;1;13;1;
14313;202000009329;154 725 850;B01;1;10;0;2;8;1;1;
14314;202000009330;154 725 847;B01;1;7;0;0;7;26;1;
14315;202000009330;154 725 848;A01;1;7;0;2;3;1;1;
14316;202000009331;154 725 845;B01;2;7;0;2;1;1;1;
14317;202000009331;154 725 846;A01;1;7;0;2;1;13;1;
14318;202000009332;154 725 844;A01;3;33;13;0;1;1;1;
14319;202000009334;154 725 842;A01;2;2;3;0;1;13;1;
14320;202000009335;154 725 841;A01;2;1;16;0;1;15;5;
14321;202000009336;154 725 840;A01;2;7;3;0;1;1;1;
14322;202000009337;154 725 839;A01;1;7;15;0;1;1;1;
14323;202000009339;154 725 836;A01;1;33;8;0;7;0;1;
14324;202000009340;154 725 835;A01;1;10;0;1;7;0;0;
14325;202000009342;154 725 833;A01;1;7;0;0;4;13;1;
14326;202000009343;154 725 831;B01;1;7;0;2;1;1;1;
14327;202000009343;154 725 832;A01;2;7;0;2;1;13;1;
14328;202000009345;154 725 828;A01;0;7;0;9;3;5;1;
14329;202000009345;154 725 829;B01;2;33;0;2;8;1;1;
14330;202000009346;154 725 826;B01;1;10;0;2;1;1;1;
14331;202000009346;154 725 827;A01;1;7;8;2;2;1;1;
14332;202000009347;154 725 824;B01;2;2;0;2;3;1;1;
14333;202000009347;154 725 825;A01;2;7;0;2;2;17;1;
14334;202000009348;154 725 822;A01;1;7;0;2;1;19;1;
14335;202000009348;154 725 823;B01;1;7;0;2;8;1;1;
14336;202000009349;154 725 821;A01;0;2;13;0;2;1;1;
14337;202000009350;154 725 820;A01;3;7;13;0;8;13;1;
14338;202000009351;154 725 815;B01;1;7;0;0;4;1;1;
14339;202000009351;154 725 816;A01;1;10;0;2;1;2;1;
14340;202000009352;154 725 814;A01;2;7;0;0;0;2;1;
14341;202000009353;154 725 812;A01;1;34;0;2;7;26;1;
14342;202000009353;154 725 813;B01;1;7;0;2;8;26;1;
14343;202000009354;154 725 810;A01;2;7;0;2;1;1;1;
14344;202000009354;154 725 811;B01;2;7;0;2;4;1;1;
14345;202000009356;154 725 801;E01;1;7;0;2;4;2;6;
14346;202000009356;154 725 802;D01;1;17;0;2;8;21;1;
14347;202000009356;154 725 803;A01;1;13;1;0;1;1;1;
14348;202000009356;154 725 804;B01;1;10;1;2;4;23;1;
14349;202000009356;154 725 805;C01;1;7;0;2;4;23;1;
14350;202000009356;154 725 806;F01;1;10;0;2;7;2;1;
14351;202000009356;154 725 807;G01;1;7;0;2;1;2;1;
14352;202000009357;154 725 799;B01;1;7;0;2;4;0;1;
14353;202000009357;154 725 800;A01;1;17;0;2;1;0;1;
14354;202000009359;154 725 794;C01;1;7;0;2;6;1;1;
14355;202000009359;154 725 795;B01;1;33;0;2;8;3;1;
14356;202000009359;154 725 796;A01;1;10;0;2;2;12;1;
14357;202000009360;154 725 792;A01;1;10;0;2;8;11;1;
14358;202000009360;154 725 793;B01;1;7;0;2;1;1;1;
14359;202000009361;154 725 790;B01;1;7;0;2;4;1;1;
14360;202000009361;154 725 791;A01;1;7;0;2;1;1;1;
14361;202000009362;154 725 788;B01;2;7;0;2;3;1;1;
14362;202000009362;154 725 789;A01;2;7;14;2;3;17;1;
14363;202000009363;154 725 787;A01;2;10;0;1;1;1;1;
14364;202000009364;154 725 785;A01;1;7;0;2;8;15;1;
14365;202000009364;154 725 786;B01;2;7;0;2;3;1;1;
14366;202000009365;154 725 783;B01;1;30;0;2;1;1;1;
14367;202000009365;154 725 784;A01;2;7;0;2;7;26;1;
14368;202000009366;154 725 782;A01;3;7;12;0;9;0;1;
14369;202000009367;154 725 780;B01;1;7;0;2;1;1;0;
14370;202000009367;154 725 781;A01;1;7;0;2;3;1;0;
14371;202000009368;154 725 778;B01;1;7;0;2;1;1;1;
14372;202000009368;154 725 779;A01;1;7;0;2;3;1;1;
14373;202000009369;154 725 777;A01;2;7;0;1;1;15;0;
14374;202000009370;154 725 775;B01;2;7;0;2;2;26;1;
14375;202000009370;154 725 776;A01;2;1;0;2;1;19;5;
14376;202000009371;154 725 773;A01;2;7;0;2;1;1;1;
14377;202000009371;154 725 774;B01;2;7;0;2;6;1;1;
14378;202000009372;154 725 772;A01;1;7;0;1;1;1;0;
14379;202000009373;154 725 770;A01;1;7;0;2;1;26;1;
14380;202000009373;154 725 771;B01;1;7;0;2;1;1;1;
14381;202000009374;154 725 769;A01;0;7;0;1;2;14;0;
14382;202000009376;154 725 766;A01;3;7;0;1;1;1;1;
14383;202000009377;154 725 764;B01;1;7;0;2;1;1;2;
14384;202000009377;154 725 765;A01;2;7;3;2;1;1;1;
14385;202000009378;154 725 762;B01;2;1;0;2;1;1;5;
14386;202000009378;154 725 763;A01;1;31;0;1;1;17;1;
14387;202000009381;154 725 755;A01;2;7;0;2;7;17;0;
14388;202000009381;154 725 756;B01;2;1;0;2;8;13;0;
14389;202000009382;154 725 754;A01;0;7;0;1;1;1;1;
14390;202000009383;154 725 753;A01;3;7;6;0;1;1;1;
14391;202000009384;154 725 752;A01;0;7;0;0;0;21;1;
14392;202000009385;154 725 751;A01;2;7;0;1;7;17;1;
14393;202000009386;154 725 749;A01;1;7;0;2;0;16;1;
14394;202000009386;154 725 750;B01;2;1;0;2;1;16;5;
14395;202000009387;154 725 748;A01;1;7;0;1;2;16;2;
14396;202000009388;154 725 747;A01;1;30;0;0;8;26;1;
14397;202000009389;154 725 745;Z01;3;7;0;2;0;0;0;
14398;202000009389;154 725 746;B01;0;30;0;2;9;1;0;
14399;202000009392;154 725 741;B01;1;7;0;2;3;1;1;
14400;202000009392;154 725 742;A01;2;7;0;2;2;19;1;
14401;202000009393;154 725 739;A01;1;7;0;2;1;1;1;
14402;202000009393;154 725 740;B01;1;7;0;2;7;1;1;
14403;202000009394;154 725 737;B01;3;7;0;2;5;15;1;
14404;202000009394;154 725 738;A01;1;30;0;2;1;1;1;
14405;202000009396;154 725 734;A01;3;10;0;2;1;2;1;
14406;202000009396;154 725 735;B01;3;7;0;2;4;2;1;
14407;202000009397;154 725 733;A01;2;7;0;1;1;19;1;
14408;202000009398;154 725 731;A01;1;7;0;2;1;1;1;
14409;202000009398;154 725 732;B01;1;7;0;0;4;1;1;
14410;202000009399;154 725 728;A01;2;7;0;2;7;1;1;
14411;202000009399;154 725 729;C01;2;7;0;2;3;23;1;
14412;202000009399;154 725 730;B01;2;7;0;2;1;1;1;
14413;202000009400;154 725 727;A01;2;7;0;1;1;16;1;
14414;202000009401;154 725 726;A01;1;17;0;1;3;26;1;
14415;202000009402;154 725 724;A01;0;1;0;2;0;26;5;
14416;202000009402;154 725 725;B01;0;7;0;2;1;1;1;
14417;202000009403;154 725 722;A01;3;10;0;2;3;13;1;
14418;202000009403;154 725 723;B01;2;10;0;2;3;1;1;
14419;202000009404;154 725 721;A01;0;7;0;1;1;1;1;
14420;202000009405;154 725 720;A01;2;7;0;1;1;1;1;
14421;202000009407;154 725 716;B01;1;7;0;2;3;0;1;
14422;202000009407;154 725 717;A01;3;7;0;2;8;23;1;
14423;202000009408;154 725 710;C01;3;7;0;2;4;1;1;
14424;202000009408;154 725 711;A01;3;7;0;2;1;1;1;
14425;202000009408;154 725 712;B01;3;7;0;2;5;1;1;
14426;202000009409;154 725 709;A01;0;30;12;0;0;1;1;
14427;202000009410;154 725 707;B01;0;1;0;2;1;1;5;
14428;202000009410;154 725 708;A01;0;7;0;2;3;9;1;
14429;202000009411;154 725 706;A01;3;7;0;1;1;1;1;
14430;202000009412;154 725 705;A01;1;7;4;0;1;1;1;
14431;202000009413;154 725 703;B01;3;7;0;0;8;1;1;
14432;202000009413;154 725 704;A01;3;7;0;2;1;15;1;
14433;202000009414;154 725 701;B01;2;32;0;2;1;0;1;
14434;202000009414;154 725 702;A01;0;7;0;2;7;0;1;
14435;202000009415;154 725 698;B01;1;33;0;2;1;1;0;
14436;202000009415;154 725 699;A01;1;7;0;2;1;0;0;
14437;202000009415;154 725 700;C01;1;7;0;2;3;1;0;
14438;202000009416;154 725 696;A01;1;7;0;2;3;1;1;
14439;202000009416;154 725 697;C01;1;1;0;2;2;1;0;
14440;202000009417;154 725 693;A01;1;99;0;2;3;23;1;
14441;202000009417;154 725 694;C01;2;31;0;2;1;1;1;
14442;202000009417;154 725 695;B01;2;7;14;0;3;1;1;
14443;202000009419;154 725 688;A01;1;7;0;2;1;19;1;
14444;202000009419;154 725 689;B01;2;7;0;2;7;1;1;
14445;202000009420;154 725 687;A01;2;7;4;0;0;13;1;
14446;202000009422;154 725 685;A01;3;7;0;1;2;1;1;
14447;202000009423;154 725 683;A01;2;7;0;2;2;1;1;
14448;202000009423;154 725 684;B01;3;60;0;2;5;19;5;
14449;202000009424;154 725 681;B01;2;7;0;2;4;2;2;
14450;202000009424;154 725 682;A01;2;32;0;2;1;2;1;
14451;202000009425;154 725 678;B01;1;7;0;2;4;2;1;
14452;202000009425;154 725 679;C01;1;7;0;2;4;1;1;
14453;202000009425;154 725 680;A01;1;7;0;2;1;2;1;
14454;202000009426;154 725 676;B01;1;33;0;2;6;1;1;
14455;202000009426;154 725 677;A01;1;7;0;2;2;12;1;
14456;202000009429;154 725 670;A01;1;33;8;2;1;1;1;
14457;202000009429;154 725 671;B01;1;1;0;2;7;12;5;
14458;202000009430;154 725 669;Z01;2;30;0;1;8;17;0;
14459;202000009431;154 725 668;A01;1;30;0;1;1;1;0;
14460;202000009432;154 725 666;B01;2;7;0;2;3;15;1;
14461;202000009432;154 725 667;A01;2;2;0;2;1;17;1;
14462;202000009433;154 725 664;B01;3;50;0;2;7;19;3;
14463;202000009433;154 725 665;A01;3;7;0;2;2;1;1;
14464;202000009434;154 725 663;A01;1;30;0;1;1;1;1;
14465;202000009436;154 725 659;B01;1;30;0;2;1;1;1;
14466;202000009436;154 725 660;A01;2;50;0;2;1;15;3;
14467;202000009437;154 725 658;Z01;1;7;0;1;3;15;1;
14468;202000009438;154 725 657;A01;2;7;0;1;1;1;1;
14469;202000009439;154 725 655;B01;3;7;0;2;1;1;1;
14470;202000009439;154 725 656;A01;2;7;0;2;8;5;1;
14471;202000009441;154 725 651;B01;1;33;0;2;3;1;1;
14472;202000009441;154 725 652;A01;1;7;0;2;2;12;1;
14473;202000009442;154 725 650;A01;2;1;0;0;0;0;5;
14474;202000009443;154 725 648;A01;1;99;0;2;1;13;1;
14475;202000009443;154 725 649;B01;2;1;0;2;1;1;5;
14476;202000009444;154 725 647;A01;2;31;0;0;1;1;1;
14477;202000009445;154 725 645;B01;1;33;0;2;1;1;1;
14478;202000009445;154 725 646;A01;2;7;0;2;2;15;1;
14479;202000009446;154 725 643;A01;2;7;0;9;6;15;6;
14480;202000009446;154 725 644;B01;2;1;0;2;1;17;0;
14481;202000009447;154 725 639;C01;2;1;0;2;0;2;5;
14482;202000009447;154 725 640;B01;2;1;0;2;0;2;5;
14483;202000009447;154 725 641;D01;2;1;0;2;0;2;5;
14484;202000009447;154 725 642;A01;2;1;0;2;0;2;5;
14485;202000009448;154 725 635;D01;1;7;0;2;4;23;1;
14486;202000009448;154 725 636;A01;1;7;0;2;1;16;1;
14487;202000009448;154 725 637;C01;1;7;0;0;4;23;1;
14488;202000009448;154 725 638;B01;1;7;0;2;4;23;1;
14489;202000009449;154 725 634;A01;0;36;0;0;1;0;1;
14490;202000009451;154 725 631;A01;2;10;8;0;1;1;1;
14491;202000009452;154 725 630;A01;2;7;0;1;1;1;1;
14492;202000009453;154 725 625;B01;3;1;0;2;3;15;5;
14493;202000009453;154 725 626;A01;3;7;0;2;5;1;1;
14494;202000009454;154 725 624;A01;1;32;0;6;1;1;1;
14495;202000009455;154 725 623;A01;1;7;13;0;1;1;1;
14496;202000009456;154 725 622;A01;1;33;13;0;2;14;6;
14497;202000009457;154 725 620;B01;1;15;0;2;1;1;1;
14498;202000009457;154 725 621;A01;2;7;0;2;1;13;1;
14499;202000009458;154 725 619;A01;2;33;3;0;3;13;1;