;Num_Acc;id_vehicule;num_veh;senc;catv;obs;obsm;choc;manv;motor;occutc
14500;202000009459;154 725 618;A01;2;7;13;0;3;1;1;
14501;202000009461;154 725 615;A01;1;7;0;1;1;1;1;
14502;202000009462;154 725 614;A01;3;31;0;0;0;1;1;
14503;202000009463;154 725 613;A01;1;33;0;0;0;1;1;
14504;202000009464;154 725 612;A01;2;33;0;0;7;1;1;
14505;202000009465;154 725 610;A01;0;33;0;2;1;1;1;
14506;202000009465;154 725 611;B01;0;33;0;2;4;1;1;
14507;202000009466;154 725 608;B01;2;31;0;2;7;1;1;
14508;202000009466;154 725 609;A01;1;7;0;2;1;1;1;
14509;202000009467;154 725 606;B01;1;1;0;2;1;1;5;
14510;202000009467;154 725 607;A01;2;7;0;9;2;15;1;
14511;202000009469;154 725 603;A01;1;80;0;0;0;0;3;
14512;202000009470;154 725 601;A01;2;7;8;0;1;1;1;
14513;202000009472;154 725 598;A01;0;2;6;0;7;1;1;
14514;202000009473;154 725 597;A01;0;10;13;0;1;13;1;
14515;202000009474;154 725 595;B01;3;1;0;0;7;2;5;
14516;202000009474;154 725 596;A01;3;1;0;0;8;26;5;
14517;202000009475;154 725 593;A01;1;1;1;0;1;1;5;
14518;202000009475;154 725 594;B01;2;14;0;1;6;23;1;
14519;202000009476;154 725 591;B01;3;7;0;9;1;1;1;
14520;202000009476;154 725 592;A01;3;1;0;2;1;16;5;
14521;202000009478;154 725 588;A01;3;1;0;0;1;0;5;
14522;202000009479;154 725 587;A01;0;33;6;0;1;1;0;
14523;202000009480;154 725 585;A01;2;7;0;2;6;0;1;
14524;202000009480;154 725 586;B01;1;7;0;2;3;0;1;
14525;202000009481;154 725 583;B01;2;1;0;2;2;17;5;
14526;202000009481;154 725 584;A01;2;7;0;9;8;15;1;
14527;202000009483;154 725 581;A01;2;7;13;0;2;1;1;
14528;202000009484;154 725 580;A01;1;33;0;0;0;1;1;
14529;202000009485;154 725 579;A01;2;2;6;0;1;14;1;
14530;202000009486;154 725 577;A01;2;1;0;1;8;1;5;
14531;202000009486;154 725 578;B01;2;1;0;5;8;1;5;
14532;202000009487;154 725 575;A01;1;10;0;2;7;17;1;
14533;202000009487;154 725 576;B01;1;1;0;2;8;13;5;
14534;202000009488;154 725 574;A01;0;33;0;0;2;1;1;
14535;202000009489;154 725 573;A01;1;7;1;1;2;1;1;
14536;202000009490;154 725 571;A01;2;7;0;2;5;15;1;
14537;202000009490;154 725 572;B01;1;33;0;2;1;1;1;
14538;202000009491;154 725 569;B01;1;33;0;2;3;1;1;
14539;202000009491;154 725 570;A01;1;7;0;2;2;15;1;
14540;202000009493;154 725 565;A01;2;7;3;2;6;13;1;
14541;202000009493;154 725 566;B01;2;7;3;2;2;1;1;
14542;202000009494;154 725 563;B01;2;7;0;2;8;13;1;
14543;202000009494;154 725 564;A01;2;7;0;2;7;1;1;
14544;202000009495;154 725 560;C01;1;7;0;2;4;23;1;
14545;202000009495;154 725 561;A01;1;7;4;2;7;14;1;
14546;202000009495;154 725 562;B01;1;7;0;2;8;1;1;
14547;202000009496;154 725 558;Z01;1;7;0;2;1;3;1;
14548;202000009496;154 725 559;B01;1;7;6;2;5;0;1;
14549;202000009497;154 725 556;A01;2;7;0;2;2;1;1;
14550;202000009497;154 725 557;B01;2;7;0;2;0;1;1;
14551;202000009498;154 725 555;A01;2;7;4;0;2;1;1;
14552;202000009499;154 725 554;A01;2;7;0;0;3;13;1;
14553;202000009500;154 725 553;A01;2;33;0;0;9;1;1;
14554;202000009501;154 725 552;A01;2;33;16;0;7;15;1;
14555;202000009502;154 725 550;A01;1;7;0;2;6;2;1;
14556;202000009502;154 725 551;B01;1;7;0;2;2;2;1;
14557;202000009503;154 725 546;D01;2;7;0;2;1;2;1;
14558;202000009503;154 725 547;B01;2;7;0;2;4;1;1;
14559;202000009503;154 725 548;C01;2;7;0;2;4;2;1;
14560;202000009503;154 725 549;A01;2;7;0;2;1;1;1;
14561;202000009504;154 725 545;A01;1;10;3;0;2;1;0;
14562;202000009505;154 725 544;A01;3;7;0;1;3;15;1;
14563;202000009506;154 725 543;A01;3;7;0;1;3;17;1;
14564;202000009507;154 725 541;B01;1;10;0;2;6;23;1;
14565;202000009507;154 725 542;A01;1;31;0;2;2;2;1;
14566;202000009508;154 725 540;A01;1;10;15;0;1;14;1;
14567;202000009509;154 725 538;B01;2;7;0;2;8;15;1;
14568;202000009509;154 725 539;A01;2;34;0;2;2;17;1;
14569;202000009510;154 725 537;A01;2;7;0;0;9;1;1;
14570;202000009511;154 725 535;A01;3;7;0;9;3;9;1;
14571;202000009511;154 725 536;B01;3;80;0;2;1;1;3;
14572;202000009513;154 725 531;A01;1;7;0;2;3;2;1;
14573;202000009513;154 725 532;B01;1;7;0;0;5;2;1;
14574;202000009514;154 725 529;A01;3;0;0;2;0;0;0;
14575;202000009514;154 725 530;B01;0;7;0;2;5;17;1;
14576;202000009515;154 725 527;B01;1;7;0;2;2;11;1;
14577;202000009515;154 725 528;A01;1;7;0;2;8;12;1;
14578;202000009516;154 725 526;Y01;2;50;0;2;4;1;3;
14579;202000009517;154 725 524;B01;1;2;14;2;1;5;1;
14580;202000009517;154 725 525;A01;1;7;0;2;1;1;1;
14581;202000009518;154 725 523;A01;3;7;0;1;2;26;1;
14582;202000009520;154 725 519;A01;1;7;0;1;1;1;1;
14583;202000009521;154 725 518;Z01;1;31;1;0;1;15;0;
14584;202000009522;154 725 515;B01;1;7;0;2;0;15;1;
14585;202000009522;154 725 516;C01;1;7;0;2;8;15;1;
14586;202000009522;154 725 517;A01;2;7;0;1;3;26;1;
14587;202000009523;154 725 514;A01;1;32;4;0;1;26;1;
14588;202000009524;154 725 512;A01;3;7;0;2;8;15;1;
14589;202000009524;154 725 513;B01;3;2;0;2;1;1;1;
14590;202000009525;154 725 510;A01;2;30;0;2;7;1;1;
14591;202000009525;154 725 511;B01;2;7;0;2;1;1;1;
14592;202000009526;154 725 508;B01;2;7;0;2;5;0;1;
14593;202000009526;154 725 509;A01;2;7;15;2;1;26;1;
14594;202000009527;154 725 506;B01;1;7;0;2;1;1;1;
14595;202000009527;154 725 507;A01;2;7;0;2;1;1;1;
14596;202000009528;154 725 504;B01;2;1;0;2;3;1;5;
14597;202000009528;154 725 505;A01;1;7;0;2;3;15;1;
14598;202000009529;154 725 502;A01;3;7;0;2;8;15;1;
14599;202000009529;154 725 503;B01;3;31;0;2;1;17;1;
14600;202000009530;154 725 501;A01;3;7;0;1;4;4;1;
14601;202000009531;154 725 499;A01;0;7;0;2;8;24;1;
14602;202000009531;154 725 500;B01;2;1;1;0;1;1;5;
14603;202000009532;154 725 497;A01;3;7;0;2;2;10;1;
14604;202000009532;154 725 498;B01;3;33;0;2;8;2;1;
14605;202000009533;154 725 494;A01;2;7;14;2;1;26;1;
14606;202000009533;154 725 495;B01;3;7;0;2;4;23;1;
14607;202000009533;154 725 496;C01;3;7;0;2;4;23;1;
14608;202000009534;154 725 492;X01;0;7;0;1;0;0;0;
14609;202000009535;154 725 490;B01;1;7;0;2;4;23;1;
14610;202000009535;154 725 491;A01;1;15;0;2;1;15;1;
14611;202000009536;154 725 488;B01;2;32;0;2;1;1;1;
14612;202000009536;154 725 489;A01;1;7;0;2;1;15;0;
14613;202000009537;154 725 486;B01;1;7;0;2;1;1;1;
14614;202000009537;154 725 487;A01;2;7;0;2;1;1;1;
14615;202000009538;154 725 484;A01;1;31;0;2;1;7;1;
14616;202000009538;154 725 485;B01;1;7;0;2;7;16;1;
14617;202000009539;154 725 483;A01;0;7;0;1;1;1;1;
14618;202000009540;154 725 481;B01;1;34;0;2;4;2;1;
14619;202000009540;154 725 482;Z01;0;7;0;2;1;9;0;
14620;202000009541;154 725 480;A01;2;7;0;1;1;16;1;
14621;202000009542;154 725 478;A01;1;10;13;2;1;21;1;
14622;202000009542;154 725 479;B01;2;33;0;2;1;13;1;
14623;202000009543;154 725 476;B01;3;7;0;2;7;15;1;
14624;202000009543;154 725 477;A01;3;7;0;2;1;1;1;
14625;202000009544;154 725 474;B01;2;2;0;2;1;1;1;
14626;202000009544;154 725 475;A01;1;7;0;2;3;13;1;
14627;202000009545;154 725 473;A01;1;7;1;0;3;1;1;
14628;202000009546;154 725 472;A01;3;7;2;0;8;1;1;
14629;202000009547;154 725 470;A01;0;10;0;2;1;2;1;
14630;202000009547;154 725 471;B01;0;7;0;2;4;0;1;
14631;202000009548;154 725 468;B01;2;7;0;2;3;2;0;
14632;202000009548;154 725 469;A01;2;32;0;2;4;21;0;
14633;202000009551;154 725 460;B01;0;7;0;2;2;1;1;
14634;202000009551;154 725 461;A01;1;2;0;2;8;11;1;
14635;202000009552;154 725 458;A01;1;7;0;2;2;2;1;
14636;202000009552;154 725 459;B01;1;31;0;2;4;23;1;
14637;202000009553;154 725 457;Z01;1;34;0;1;1;1;1;
14638;202000009554;154 725 455;A01;1;7;0;2;4;2;1;
14639;202000009554;154 725 456;B01;1;33;0;2;1;2;1;
14640;202000009555;154 725 453;A01;1;7;0;2;2;1;2;
14641;202000009555;154 725 454;B01;1;7;0;2;2;1;1;
14642;202000009556;154 725 452;A01;2;30;12;0;8;1;3;
14643;202000009557;154 725 451;A01;1;1;1;0;5;1;5;
14644;202000009558;154 725 450;A01;2;30;0;0;7;1;1;
14645;202000009559;154 725 448;Z01;0;7;0;2;3;15;0;
14646;202000009559;154 725 449;A01;3;2;12;2;8;1;1;
14647;202000009560;154 725 445;C01;1;7;0;2;4;2;1;
14648;202000009560;154 725 446;B01;1;7;0;2;4;2;1;
14649;202000009560;154 725 447;A01;1;7;0;2;1;2;1;
14650;202000009561;154 725 444;A01;1;30;12;0;8;21;3;
14651;202000009562;154 725 443;A01;1;50;12;0;9;26;3;
14652;202000009563;154 725 442;A01;0;30;0;1;0;25;1;
14653;202000009564;154 725 441;A01;3;7;0;1;1;9;0;
14654;202000009565;154 725 440;A01;2;30;0;1;1;1;1;
14655;202000009566;154 725 438;B01;3;7;0;9;0;0;1;
14656;202000009566;154 725 439;A01;3;30;0;2;1;15;1;
14657;202000009567;154 725 437;A01;2;32;0;1;1;21;1;
14658;202000009568;154 725 435;A01;1;10;0;2;2;16;1;
14659;202000009568;154 725 436;B01;1;2;0;2;3;2;1;
14660;202000009569;154 725 433;B01;2;7;0;2;1;11;1;
14661;202000009569;154 725 434;A01;1;2;0;2;1;17;1;
14662;202000009570;154 725 431;A01;-1;10;0;0;5;0;1;
14663;202000009570;154 725 432;B01;-1;7;0;2;3;0;1;
14664;202000009572;154 725 428;A01;1;33;0;0;7;1;1;
14665;202000009574;154 725 425;A01;1;7;0;1;1;26;1;
14666;202000009575;154 725 423;B01;1;7;13;0;6;1;1;
14667;202000009575;154 725 424;A01;1;7;4;2;2;17;1;
14668;202000009576;154 725 421;A01;1;7;0;2;2;15;1;
14669;202000009576;154 725 422;B01;2;1;0;2;1;1;5;
14670;202000009578;154 725 418;A01;2;7;0;0;3;9;1;
14671;202000009578;154 725 419;B01;2;7;0;2;1;1;1;
14672;202000009579;154 725 417;A01;3;7;13;0;0;0;1;
14673;202000009580;154 725 413;A01;3;7;6;2;1;19;1;
14674;202000009580;154 725 414;B01;1;7;6;2;2;1;1;
14675;202000009581;154 725 410;A01;2;7;0;0;5;0;0;
14676;202000009581;154 725 411;C01;2;1;0;2;8;1;0;
14677;202000009581;154 725 412;D01;2;1;0;2;8;1;0;
14678;202000009582;154 725 408;A01;1;33;0;0;2;1;1;
14679;202000009583;154 725 407;A01;2;7;0;0;9;11;1;
14680;202000009585;154 725 403;A01;2;7;0;9;1;13;1;
14681;202000009585;154 725 404;B01;2;80;0;2;8;13;3;
14682;202000009586;154 725 402;A01;3;36;13;0;2;0;1;
14683;202000009587;154 725 401;A01;1;33;0;0;8;1;1;
14684;202000009588;154 725 400;A01;2;7;13;0;2;1;1;
14685;202000009589;154 725 398;B01;2;21;0;0;6;15;0;
14686;202000009589;154 725 399;A01;2;33;0;2;1;17;0;
14687;202000009590;154 725 397;A01;2;33;3;0;7;21;1;
14688;202000009591;154 725 396;A01;2;33;3;0;0;1;1;
14689;202000009592;154 725 395;A01;1;33;0;0;1;1;1;
14690;202000009593;154 725 394;A01;2;7;0;1;2;2;1;
14691;202000009594;154 725 391;A01;0;7;0;1;1;1;1;
14692;202000009595;154 725 389;B01;3;1;0;2;1;26;5;
14693;202000009595;154 725 390;A01;3;7;0;2;2;13;1;
14694;202000009596;154 725 388;A01;0;2;0;0;0;0;1;
14695;202000009597;154 725 386;B01;2;7;0;2;2;19;1;
14696;202000009597;154 725 387;A01;2;7;13;0;1;1;1;
14697;202000009598;154 725 385;A01;1;7;15;0;0;1;1;
14698;202000009599;154 725 383;A01;2;10;0;9;3;0;1;
14699;202000009599;154 725 384;B01;1;1;0;2;7;0;5;
14700;202000009600;154 725 381;B01;3;7;0;2;3;1;1;
14701;202000009600;154 725 382;A01;3;31;0;2;3;1;1;
14702;202000009601;154 725 380;A01;1;7;2;0;1;14;1;
14703;202000009602;154 725 377;A01;1;7;0;2;3;17;1;
14704;202000009602;154 725 378;C01;1;33;0;2;4;1;1;
14705;202000009602;154 725 379;B01;1;33;0;2;1;1;1;
14706;202000009603;154 725 376;A01;2;7;10;0;1;11;1;
14707;202000009604;154 725 374;A01;1;33;0;2;1;13;1;
14708;202000009604;154 725 375;B01;2;7;0;2;1;1;1;
14709;202000009605;154 725 373;A01;1;7;2;0;9;16;1;
14710;202000009606;154 725 372;A01;1;33;0;0;1;1;1;
14711;202000009607;154 725 370;A01;2;7;0;2;1;13;1;
14712;202000009607;154 725 371;B01;1;7;0;2;1;1;1;
14713;202000009608;154 725 368;B01;2;33;0;2;8;15;1;
14714;202000009608;154 725 369;A01;1;7;0;2;3;15;1;
14715;202000009609;154 725 365;B01;1;7;0;0;6;1;1;
14716;202000009609;154 725 366;A01;1;33;0;2;1;17;1;
14717;202000009609;154 725 367;C01;2;7;0;0;8;1;1;
14718;202000009610;154 725 363;A01;2;7;0;2;1;13;1;
14719;202000009610;154 725 364;B01;1;7;0;2;1;23;1;
14720;202000009611;154 725 362;A01;0;33;6;0;3;1;1;
14721;202000009612;154 725 361;A01;0;7;2;0;1;0;1;
14722;202000009613;154 725 359;B01;2;7;0;2;8;1;1;
14723;202000009613;154 725 360;A01;3;7;0;2;1;1;1;
14724;202000009614;154 725 357;B01;1;10;0;0;8;15;1;
14725;202000009614;154 725 358;A01;1;2;0;2;2;17;1;
14726;202000009615;154 725 355;A01;1;7;0;2;1;1;1;
14727;202000009615;154 725 356;B01;2;33;0;2;1;2;1;
14728;202000009616;154 725 354;A01;2;33;13;0;0;17;1;
14729;202000009617;154 725 353;A01;1;7;16;0;9;14;1;
14730;202000009618;154 725 351;B01;2;7;0;2;2;2;1;
14731;202000009618;154 725 352;A01;2;21;13;0;4;1;1;
14732;202000009619;154 725 348;B01;1;7;0;2;4;2;1;
14733;202000009619;154 725 349;C01;1;7;0;0;4;2;1;
14734;202000009619;154 725 350;A01;1;7;0;2;1;2;1;
14735;202000009620;154 725 343;E01;2;7;0;2;1;2;1;
14736;202000009620;154 725 344;D01;2;7;0;0;3;1;1;
14737;202000009620;154 725 345;C01;2;7;0;2;3;1;1;
14738;202000009620;154 725 346;B01;2;7;0;2;2;2;1;
14739;202000009620;154 725 347;A01;2;7;0;0;3;1;1;
14740;202000009621;154 725 342;A01;1;10;8;0;2;14;1;
14741;202000009622;154 725 341;A01;2;7;2;0;1;1;1;
14742;202000009623;154 725 339;B01;2;34;0;2;1;1;1;
14743;202000009623;154 725 340;A01;1;7;0;2;8;9;1;
14744;202000009624;154 725 337;A01;2;2;0;2;3;1;1;
14745;202000009624;154 725 338;B01;1;7;0;2;3;1;1;
14746;202000009625;154 725 336;A01;1;7;13;0;2;1;0;
14747;202000009626;154 725 335;A01;3;31;16;0;1;0;1;
14748;202000009627;154 725 333;B01;2;7;13;2;1;1;0;
14749;202000009627;154 725 334;A01;3;10;13;2;2;1;0;
14750;202000009628;154 725 331;B01;2;1;0;2;7;19;5;
14751;202000009628;154 725 332;A01;2;7;0;9;1;1;1;
14752;202000009630;154 725 326;A01;1;7;0;2;1;1;1;
14753;202000009630;154 725 327;C01;2;7;0;2;8;1;1;
14754;202000009630;154 725 328;B01;2;7;0;2;1;1;1;
14755;202000009631;154 725 325;A01;2;10;0;0;9;1;1;
14756;202000009632;154 725 324;A01;1;7;13;0;1;0;1;
14757;202000009633;154 725 322;B01;0;31;0;2;7;1;0;
14758;202000009633;154 725 323;A01;0;7;0;2;1;1;0;
14759;202000009634;154 725 320;A01;1;7;0;2;3;11;1;
14760;202000009634;154 725 321;B01;1;34;0;2;1;1;1;
14761;202000009635;154 725 319;Z01;2;34;0;1;1;19;0;
14762;202000009636;154 725 317;A01;0;31;0;2;1;2;0;
14763;202000009636;154 725 318;B01;0;10;0;9;4;23;1;
14764;202000009638;154 725 311;B01;2;7;0;2;3;13;1;
14765;202000009638;154 725 312;A01;2;30;0;2;2;1;1;
14766;202000009638;154 725 313;C01;1;7;0;2;3;1;1;
14767;202000009639;154 725 310;A01;0;7;0;1;8;9;1;
14768;202000009640;154 725 308;A01;1;32;0;2;2;15;1;
14769;202000009640;154 725 309;B01;2;99;0;2;3;1;3;
14770;202000009641;154 725 307;A01;1;33;0;0;0;15;1;
14771;202000009642;154 725 305;A01;2;1;0;2;0;18;5;
14772;202000009642;154 725 306;B01;2;7;0;2;2;14;1;
14773;202000009643;154 725 304;Z01;1;7;15;1;0;26;0;
14774;202000009644;154 725 302;B01;3;7;0;2;5;16;1;
14775;202000009644;154 725 303;A01;3;30;0;2;3;16;1;
14776;202000009645;154 725 301;Z01;2;7;0;1;3;13;1;
14777;202000009646;154 725 299;B01;2;7;0;2;3;0;1;
14778;202000009646;154 725 300;A01;1;7;0;2;3;13;1;
14779;202000009647;154 725 297;B01;3;7;0;2;1;1;1;
14780;202000009647;154 725 298;A01;3;7;0;2;1;15;1;
14781;202000009648;154 725 295;A01;2;7;0;2;3;9;1;
14782;202000009648;154 725 296;B01;2;1;0;2;7;1;5;
14783;202000009649;154 725 294;A01;1;10;0;1;7;1;1;
14784;202000009650;154 725 291;A01;2;10;0;2;1;5;1;
14785;202000009650;154 725 292;C01;2;7;0;2;4;2;1;
14786;202000009650;154 725 293;B01;1;7;0;2;1;1;0;
14787;202000009651;154 725 288;A01;2;7;0;2;5;12;1;
14788;202000009651;154 725 289;B01;2;32;0;2;1;3;1;
14789;202000009651;154 725 290;C01;2;7;0;2;3;1;1;
14790;202000009652;154 725 286;A01;2;7;0;2;7;12;1;
14791;202000009652;154 725 287;B01;2;32;0;2;3;3;1;
14792;202000009653;154 725 284;B01;1;10;0;2;6;2;1;
14793;202000009653;154 725 285;A01;1;43;0;2;1;3;1;
14794;202000009654;154 725 282;B01;2;10;0;2;4;2;1;
14795;202000009654;154 725 283;A01;2;10;0;2;1;2;1;
14796;202000009655;154 725 280;A01;1;1;0;2;7;15;5;
14797;202000009655;154 725 281;B01;1;33;0;2;1;1;1;
14798;202000009656;154 725 278;A01;1;2;0;2;1;1;1;
14799;202000009656;154 725 279;B01;3;7;0;2;5;1;1;
14800;202000009657;154 725 276;A01;2;1;0;2;5;1;5;
14801;202000009657;154 725 277;B01;1;1;0;2;5;1;5;
14802;202000009658;154 725 275;A01;2;32;0;1;5;17;1;
14803;202000009659;154 725 274;A01;1;30;0;0;0;1;1;
14804;202000009660;154 725 273;A01;1;7;0;1;2;1;1;
14805;202000009662;154 725 269;A01;2;7;0;2;2;1;2;
14806;202000009662;154 725 270;B01;2;1;0;2;0;1;5;
14807;202000009663;154 725 267;A01;3;7;0;2;3;1;1;
14808;202000009663;154 725 268;B01;3;33;0;2;5;1;1;
14809;202000009664;154 725 265;B01;2;33;0;2;7;1;0;
14810;202000009664;154 725 266;A01;2;7;0;2;1;15;1;
14811;202000009665;154 725 264;A01;1;30;14;0;7;14;1;
14812;202000009666;154 725 262;B01;2;1;0;2;1;1;0;
14813;202000009666;154 725 263;A01;2;7;0;2;3;9;1;
14814;202000009667;154 725 260;A01;1;10;0;2;3;22;1;
14815;202000009667;154 725 261;B01;1;1;0;2;2;1;5;
14816;202000009668;154 725 258;A01;1;30;0;2;7;15;1;
14817;202000009668;154 725 259;B01;1;30;0;2;1;1;1;
14818;202000009669;154 725 256;A01;2;33;0;2;6;1;1;
14819;202000009669;154 725 257;Z01;2;1;0;2;1;19;5;
14820;202000009671;154 725 253;A01;2;43;0;1;1;1;1;
14821;202000009672;154 725 251;B01;1;32;0;2;1;1;1;
14822;202000009672;154 725 252;A01;1;7;0;2;6;1;1;
14823;202000009673;154 725 249;A01;1;1;0;2;1;5;5;
14824;202000009673;154 725 250;B01;1;7;0;2;6;1;1;
14825;202000009675;154 725 246;A01;1;2;0;0;0;1;3;
14826;202000009676;154 725 244;A01;1;7;0;2;0;0;1;
14827;202000009676;154 725 245;B01;1;7;0;0;0;0;1;
14828;202000009677;154 725 242;A01;2;7;14;0;3;2;1;
14829;202000009677;154 725 243;B01;2;7;0;0;5;0;1;
14830;202000009678;154 725 241;A01;1;30;0;1;1;18;1;
14831;202000009679;154 725 239;A01;1;10;0;2;4;16;1;
14832;202000009679;154 725 240;B01;1;10;0;2;0;0;1;
14833;202000009680;154 725 237;A01;1;7;0;2;1;2;0;
14834;202000009680;154 725 238;B01;1;7;0;2;4;2;0;
14835;202000009681;154 725 236;A01;1;37;0;0;0;1;0;3.0
14836;202000009682;154 725 234;A01;1;7;0;2;3;26;1;
14837;202000009682;154 725 235;B01;1;30;0;2;1;1;1;
14838;202000009683;154 725 232;A01;2;7;0;2;1;15;1;
14839;202000009683;154 725 233;B01;1;34;0;2;7;1;1;
14840;202000009684;154 725 230;A01;1;32;0;2;4;1;0;
14841;202000009684;154 725 231;Z01;1;0;0;2;1;17;0;
14842;202000009685;154 725 228;A01;1;7;0;2;2;10;1;
14843;202000009685;154 725 229;B01;1;32;0;2;1;1;1;
14844;202000009686;154 725 227;A01;2;31;12;0;1;13;1;
14845;202000009688;154 725 222;A01;1;7;11;0;1;16;1;
14846;202000009688;154 725 223;B01;1;7;3;2;4;16;1;
14847;202000009688;154 725 224;C01;1;17;0;2;1;0;1;
14848;202000009689;154 725 220;A01;1;14;0;2;3;11;1;
14849;202000009689;154 725 221;B01;1;10;0;2;7;21;1;
14850;202000009690;154 725 218;A01;2;7;0;2;1;1;0;
14851;202000009690;154 725 219;B01;1;7;0;2;3;16;0;
14852;202000009691;154 725 216;A01;3;7;0;2;3;26;1;
14853;202000009691;154 725 217;B01;3;7;0;2;1;1;1;
14854;202000009692;154 725 214;A01;1;7;6;2;7;2;1;
14855;202000009692;154 725 215;B01;1;1;0;2;8;15;5;
14856;202000009693;154 725 211;B01;0;7;0;2;1;1;1;
14857;202000009693;154 725 212;C01;0;7;0;2;3;2;1;
14858;202000009693;154 725 213;A01;0;7;0;2;1;13;1;
14859;202000009694;154 725 209;A01;1;7;0;0;5;17;1;
14860;202000009694;154 725 210;B01;1;2;0;2;3;2;1;
14861;202000009695;154 725 207;A01;2;7;1;1;3;5;1;
14862;202000009695;154 725 208;B01;2;7;0;1;6;26;1;
14863;202000009696;154 725 203;B01;2;1;0;2;4;1;5;
14864;202000009696;154 725 204;A01;2;7;0;2;2;1;1;
14865;202000009697;154 725 201;A01;2;7;0;2;1;1;6;
14866;202000009697;154 725 202;B01;2;31;0;0;5;1;6;
14867;202000009698;154 725 200;A01;1;7;2;0;1;13;1;
14868;202000009700;154 725 195;A01;1;7;0;2;7;19;1;
14869;202000009700;154 725 196;B01;2;33;0;2;1;1;1;
14870;202000009701;154 725 194;A01;2;33;9;0;1;1;1;
14871;202000009702;154 725 193;A01;2;7;15;0;3;1;6;
14872;202000009703;154 725 192;A01;1;7;13;0;3;1;1;
14873;202000009704;154 725 190;A01;3;1;1;2;1;2;5;
14874;202000009704;154 725 191;B01;3;7;0;0;4;2;1;
14875;202000009705;154 725 188;A01;3;10;0;2;3;3;1;
14876;202000009705;154 725 189;B01;0;2;0;2;1;1;1;
14877;202000009706;154 725 186;B01;1;7;0;2;8;15;1;
14878;202000009706;154 725 187;A01;1;33;0;2;1;2;1;
14879;202000009707;154 725 184;B01;2;14;0;0;0;0;1;
14880;202000009707;154 725 185;A01;1;36;16;0;1;21;1;
14881;202000009708;154 725 183;A01;1;7;0;0;0;1;1;
14882;202000009709;154 725 178;A01;1;7;0;2;1;15;1;
14883;202000009709;154 725 179;B01;2;1;0;2;1;0;5;
14884;202000009710;154 725 177;A01;0;32;0;0;1;2;1;
14885;202000009711;154 725 176;A01;2;3;0;0;0;1;1;
14886;202000009712;154 725 175;A01;0;7;0;1;4;4;1;
14887;202000009714;154 725 171;A01;2;7;0;2;3;10;1;
14888;202000009714;154 725 172;B01;2;13;0;2;2;1;1;
14889;202000009715;154 725 169;B01;3;7;0;2;3;1;1;
14890;202000009715;154 725 170;A01;3;1;0;2;0;1;5;
14891;202000009716;154 725 168;A01;2;10;0;1;1;1;1;
14892;202000009717;154 725 166;B01;2;7;0;2;3;15;1;
14893;202000009717;154 725 167;A01;1;33;0;2;1;1;1;
14894;202000009718;154 725 165;A01;2;7;0;0;9;2;1;
14895;202000009719;154 725 164;A01;0;3;6;1;1;1;1;
14896;202000009720;154 725 162;A01;3;7;0;2;8;15;1;
14897;202000009720;154 725 163;B01;3;31;0;2;1;26;1;
14898;202000009721;154 725 160;B01;2;7;3;2;3;1;1;
14899;202000009721;154 725 161;A01;1;7;0;2;3;13;1;
14900;202000009722;154 725 158;C01;2;17;0;2;1;1;1;
14901;202000009722;154 725 159;A01;1;10;0;0;0;1;1;
14902;202000009723;154 725 156;B01;1;14;0;0;4;1;1;
14903;202000009723;154 725 157;A01;1;7;0;2;3;2;1;
14904;202000009724;154 725 155;A01;2;33;0;1;3;26;1;
14905;202000009725;154 725 154;A01;2;7;3;0;3;1;1;
14906;202000009726;154 725 151;C01;1;17;0;0;5;2;1;
14907;202000009726;154 725 152;B01;1;17;0;0;4;2;1;
14908;202000009726;154 725 153;A01;1;7;0;2;1;9;1;
14909;202000009727;154 725 150;A01;0;7;6;0;3;1;1;
14910;202000009728;154 725 148;B01;2;7;0;2;2;21;1;
14911;202000009728;154 725 149;A01;1;7;0;2;3;17;1;
14912;202000009730;154 725 145;A01;1;10;0;0;8;15;1;
14913;202000009730;154 725 146;B01;1;34;0;2;1;17;1;
14914;202000009731;154 725 144;A01;3;2;0;1;1;1;1;
14915;202000009732;154 725 143;A01;2;33;8;0;1;1;1;
14916;202000009733;154 725 141;A01;2;7;0;2;3;1;1;
14917;202000009733;154 725 142;B01;1;7;0;2;5;26;1;
14918;202000009734;154 725 139;A01;2;7;0;2;3;26;1;
14919;202000009734;154 725 140;B01;2;33;0;2;2;1;1;
14920;202000009735;154 725 137;A01;2;7;0;2;3;15;1;
14921;202000009735;154 725 138;B01;1;33;0;2;1;2;1;
14922;202000009736;154 725 135;A01;3;33;0;2;1;1;1;
14923;202000009736;154 725 136;B01;3;7;0;0;6;10;1;
14924;202000009738;154 725 131;A01;2;7;1;2;2;1;1;
14925;202000009738;154 725 132;B01;2;7;1;0;6;24;1;
14926;202000009738;154 725 133;D01;1;7;0;2;8;1;1;
14927;202000009739;154 725 129;B01;1;31;0;2;4;1;1;
14928;202000009739;154 725 130;A01;1;7;0;2;3;14;1;
14929;202000009740;154 725 127;B01;1;7;0;2;1;1;1;
14930;202000009740;154 725 128;A01;1;7;0;2;0;0;1;
14931;202000009741;154 725 126;A01;1;33;0;0;0;26;1;