;Num_Acc;id_vehicule;num_veh;senc;catv;obs;obsm;choc;manv;motor;occutc
14932;202000009742;154 725 124;B01;1;10;0;2;1;1;1;
14933;202000009742;154 725 125;A01;1;10;0;2;4;1;1;
14934;202000009743;154 725 122;B01;1;10;0;2;1;2;1;
14935;202000009743;154 725 123;A01;1;10;0;2;4;1;1;
14936;202000009744;154 725 121;A01;2;7;3;0;1;14;0;
14937;202000009745;154 725 119;B01;1;7;0;2;5;1;1;
14938;202000009745;154 725 120;A01;1;33;0;2;3;3;1;
14939;202000009746;154 725 117;A01;2;33;0;2;1;13;1;
14940;202000009746;154 725 118;B01;2;7;0;2;4;1;1;
14941;202000009748;154 725 114;B01;1;7;0;2;4;2;1;
14942;202000009748;154 725 115;A01;1;7;0;2;1;2;1;
14943;202000009749;154 725 112;B01;1;7;0;2;2;1;1;
14944;202000009749;154 725 113;A01;1;32;0;2;3;11;1;
14945;202000009750;154 725 110;B01;2;7;0;2;4;2;1;
14946;202000009750;154 725 111;A01;2;7;0;2;1;2;1;
14947;202000009751;154 725 108;B01;1;33;0;2;8;1;1;
14948;202000009751;154 725 109;A01;1;7;0;2;2;12;1;
14949;202000009752;154 725 106;B01;2;34;0;2;3;1;1;
14950;202000009752;154 725 107;A01;2;32;0;2;7;12;1;
14951;202000009753;154 725 105;A01;2;7;4;2;5;14;1;
14952;202000009754;154 725 103;A01;2;33;0;2;1;3;1;
14953;202000009754;154 725 104;B01;2;7;0;2;6;11;1;
14954;202000009755;154 725 100;C01;2;7;0;2;5;1;1;
14955;202000009755;154 725 101;B01;2;7;0;2;2;1;1;
14956;202000009755;154 725 102;A01;2;7;0;2;3;13;1;
14957;202000009756;154 725 097;C01;2;7;0;2;4;2;1;
14958;202000009756;154 725 098;B01;2;7;0;2;4;2;1;
14959;202000009756;154 725 099;A01;2;10;0;2;1;2;1;
14960;202000009757;154 725 095;A01;2;33;0;2;1;1;1;
14961;202000009757;154 725 096;B01;2;7;0;2;4;1;1;
14962;202000009758;154 725 094;A01;1;7;0;1;1;16;1;
14963;202000009759;154 725 093;A01;3;7;0;1;2;1;1;
14964;202000009760;154 725 090;C01;1;2;0;2;4;26;1;
14965;202000009760;154 725 091;B01;1;2;0;2;4;26;1;
14966;202000009760;154 725 092;A01;1;2;0;2;4;26;1;
14967;202000009761;154 725 087;C01;3;7;14;0;0;0;1;
14968;202000009761;154 725 088;B01;3;7;14;0;0;0;1;
14969;202000009761;154 725 089;A01;3;7;14;0;4;26;1;
14970;202000009762;154 725 084;A01;3;7;0;2;7;12;1;
14971;202000009762;154 725 085;B01;3;33;0;2;6;3;1;
14972;202000009762;154 725 086;C01;3;7;0;2;6;1;1;
14973;202000009763;154 725 082;B01;1;7;0;2;6;19;1;
14974;202000009763;154 725 083;A01;2;30;0;2;1;1;1;
14975;202000009764;154 725 079;A01;2;7;14;0;1;1;1;
14976;202000009764;154 725 080;B01;2;7;0;2;4;23;1;
14977;202000009765;154 725 077;A01;1;7;0;2;1;2;1;
14978;202000009765;154 725 078;B01;1;7;0;9;4;2;1;
14979;202000009766;154 725 075;B01;1;1;0;2;0;1;0;
14980;202000009766;154 725 076;A01;1;3;0;2;7;14;0;
14981;202000009767;154 725 073;A01;2;7;0;2;3;20;1;
14982;202000009767;154 725 074;B01;2;50;0;2;3;17;3;
14983;202000009768;154 725 071;B01;3;33;0;2;3;9;1;
14984;202000009768;154 725 072;A01;3;7;0;2;3;9;1;
14985;202000009769;154 725 070;A01;1;7;0;1;2;1;1;
14986;202000009770;154 725 067;B01;1;33;15;2;1;18;1;
14987;202000009770;154 725 068;A01;1;7;0;2;2;16;1;
14988;202000009771;154 725 066;A01;2;7;0;1;1;1;1;
14989;202000009772;154 725 065;A01;2;10;2;0;7;14;1;
14990;202000009773;154 725 064;A01;3;37;0;1;7;26;1;1.0
14991;202000009774;154 725 062;B01;2;7;0;2;4;1;1;
14992;202000009774;154 725 063;A01;2;7;0;2;1;1;1;
14993;202000009775;154 725 058;B01;1;2;0;2;2;1;1;
14994;202000009775;154 725 059;A01;2;7;0;2;1;15;1;
14995;202000009776;154 725 056;B01;1;1;0;2;0;1;0;
14996;202000009776;154 725 057;A01;1;7;0;2;1;2;1;
14997;202000009777;154 725 055;A01;1;10;0;1;3;1;1;
14998;202000009778;154 725 053;A01;1;33;0;2;1;17;1;
14999;202000009778;154 725 054;B01;1;7;0;2;3;15;1;
15000;202000009779;154 725 051;A01;1;7;0;2;8;11;1;
15001;202000009779;154 725 052;B01;1;7;0;2;1;2;1;
15002;202000009780;154 725 049;B01;1;1;0;2;8;2;-1;
15003;202000009780;154 725 050;A01;1;14;0;9;0;0;1;
15004;202000009781;154 725 047;B01;1;33;0;2;1;1;1;
15005;202000009781;154 725 048;A01;2;10;0;2;1;15;1;
15006;202000009782;154 725 046;A01;1;7;8;0;1;1;1;
15007;202000009784;154 725 043;A01;2;1;0;1;1;1;5;
15008;202000009785;154 725 041;A01;1;7;0;2;0;0;1;
15009;202000009785;154 725 042;B01;1;7;0;2;0;0;1;
15010;202000009786;154 725 040;A01;3;99;13;0;1;16;1;
15011;202000009787;154 725 039;A01;1;7;0;1;2;19;1;
15012;202000009788;154 725 037;A01;1;7;0;2;0;0;2;
15013;202000009788;154 725 038;B01;1;2;0;2;1;0;1;
15014;202000009789;154 725 035;A01;1;7;0;2;1;0;1;
15015;202000009789;154 725 036;B01;1;7;0;2;3;0;1;
15016;202000009790;154 725 033;B01;3;33;0;2;7;1;1;
15017;202000009790;154 725 034;A01;1;7;0;2;8;13;1;
15018;202000009791;154 725 030;C01;2;7;0;2;4;23;1;
15019;202000009791;154 725 031;B01;2;7;0;2;4;23;1;
15020;202000009791;154 725 032;A01;2;10;0;2;1;1;1;
15021;202000009792;154 725 029;A01;1;7;0;1;3;1;0;
15022;202000009793;154 725 027;A01;1;7;0;2;4;15;0;
15023;202000009793;154 725 028;B01;1;2;0;2;1;1;1;
15024;202000009794;154 725 026;A01;3;32;0;1;3;1;1;
15025;202000009795;154 725 024;A01;1;30;0;2;8;18;1;
15026;202000009795;154 725 025;B01;1;7;0;2;7;16;1;
15027;202000009796;154 725 021;C01;1;7;0;2;4;1;1;
15028;202000009796;154 725 022;A01;1;7;0;2;3;1;1;
15029;202000009796;154 725 023;B01;2;7;0;2;3;1;1;
15030;202000009798;154 725 018;A01;1;7;0;2;6;15;1;
15031;202000009798;154 725 019;B01;1;33;0;2;1;17;1;
15032;202000009799;154 725 017;A01;0;1;0;1;1;1;5;
15033;202000009800;154 725 015;A01;1;7;0;2;2;1;1;
15034;202000009800;154 725 016;B01;2;7;0;2;3;1;1;
15035;202000009801;154 725 014;A01;3;7;0;1;1;15;1;
15036;202000009802;154 725 013;A01;0;7;0;1;4;4;1;
15037;202000009803;154 725 012;A01;2;7;6;0;1;1;1;
15038;202000009804;154 725 010;B01;1;33;0;2;2;17;1;
15039;202000009804;154 725 011;A01;1;7;0;2;3;10;1;
15040;202000009805;154 725 008;B01;3;2;0;2;2;3;1;
15041;202000009805;154 725 009;A01;0;7;0;2;6;15;1;
15042;202000009806;154 725 006;B01;0;7;0;2;2;26;1;
15043;202000009806;154 725 007;A01;3;7;0;2;2;26;1;
15044;202000009807;154 725 005;A01;0;2;0;1;1;1;3;
15045;202000009808;154 725 004;A01;1;7;0;1;3;9;0;
15046;202000009809;154 725 002;A01;1;7;0;2;8;15;0;
15047;202000009809;154 725 003;B01;1;7;0;2;1;1;0;
15048;202000009810;154 725 000;A01;2;7;0;2;1;1;0;
15049;202000009810;154 725 001;B01;2;7;0;2;4;1;0;
15050;202000009811;154 724 998;B01;2;7;10;2;1;1;1;
15051;202000009811;154 724 999;A01;1;7;10;2;1;17;1;
15052;202000009812;154 724 996;A01;1;7;0;2;1;1;1;
15053;202000009812;154 724 997;B01;3;7;0;2;8;9;6;
15054;202000009813;154 724 994;A01;2;32;0;2;8;3;1;
15055;202000009813;154 724 995;B01;2;10;0;2;7;1;1;
15056;202000009814;154 724 992;A01;1;7;0;2;1;14;1;
15057;202000009814;154 724 993;B01;1;15;0;2;6;23;1;
15058;202000009815;154 724 991;A01;0;10;0;1;1;20;1;
15059;202000009816;154 724 989;A01;1;30;0;2;1;1;3;
15060;202000009816;154 724 990;B01;1;7;0;2;5;1;1;
15061;202000009817;154 724 987;B01;1;50;0;2;8;1;3;
15062;202000009817;154 724 988;A01;1;10;0;2;7;16;1;
15063;202000009818;154 724 986;A01;1;30;0;1;1;1;1;
15064;202000009819;154 724 984;B01;2;1;0;2;3;13;5;
15065;202000009819;154 724 985;A01;2;7;0;2;5;1;1;
15066;202000009820;154 724 982;A01;2;7;0;2;1;1;1;
15067;202000009820;154 724 983;B01;2;7;0;2;4;23;1;
15068;202000009821;154 724 980;A01;3;7;0;2;2;16;1;
15069;202000009821;154 724 981;B01;2;1;0;2;1;1;5;
15070;202000009822;154 724 978;B01;2;7;0;2;2;16;1;
15071;202000009822;154 724 979;A01;2;32;0;2;3;7;1;
15072;202000009824;154 724 974;A01;2;7;0;2;8;22;2;
15073;202000009824;154 724 975;B01;2;1;0;2;2;1;5;
15074;202000009825;154 724 972;A01;3;50;0;2;7;17;3;
15075;202000009825;154 724 973;Z01;3;7;0;2;8;13;1;
15076;202000009826;154 724 970;B01;0;10;0;2;0;0;0;
15077;202000009826;154 724 971;A01;1;7;0;2;0;0;0;
15078;202000009827;154 724 969;A01;0;2;13;0;1;0;1;
15079;202000009828;154 724 967;A01;1;33;0;2;1;1;1;
15080;202000009828;154 724 968;B01;1;7;0;2;6;1;1;
15081;202000009829;154 724 965;A01;1;10;0;2;2;1;1;
15082;202000009829;154 724 966;B01;1;30;0;2;1;1;1;
15083;202000009830;154 724 963;B01;0;7;0;2;1;1;0;
15084;202000009830;154 724 964;A01;0;7;0;2;7;1;0;
15085;202000009833;154 724 958;A01;3;7;0;2;2;13;1;
15086;202000009833;154 724 959;B01;3;7;0;2;3;14;1;
15087;202000009834;154 724 957;A01;1;33;0;0;3;13;1;
15088;202000009835;154 724 954;C01;1;17;0;2;5;23;1;
15089;202000009835;154 724 955;B01;1;14;0;2;1;2;1;
15090;202000009835;154 724 956;A01;1;7;0;0;0;20;1;
15091;202000009837;154 724 950;A01;2;30;0;2;1;15;3;
15092;202000009837;154 724 951;C01;2;7;0;9;2;1;1;
15093;202000009837;154 724 952;B01;2;7;0;2;8;1;1;
15094;202000009838;154 724 948;B01;1;7;0;2;3;13;1;
15095;202000009838;154 724 949;A01;2;2;0;2;3;13;1;
15096;202000009839;154 724 947;A01;2;7;0;1;3;15;1;
15097;202000009840;154 724 946;A01;3;7;0;2;1;21;1;
15098;202000009841;154 724 943;A01;1;7;0;2;1;2;1;
15099;202000009841;154 724 944;B01;2;7;0;2;4;23;1;
15100;202000009841;154 724 945;C01;1;7;0;2;4;23;1;
15101;202000009842;154 724 941;A01;3;7;0;2;7;15;1;
15102;202000009842;154 724 942;B01;3;7;0;2;1;1;1;
15103;202000009843;154 724 940;A01;2;7;0;1;2;1;1;
15104;202000009844;154 724 939;A01;3;7;0;0;0;1;1;
15105;202000009845;154 724 937;A01;2;7;0;2;6;13;1;
15106;202000009845;154 724 938;B01;1;7;0;2;3;1;1;
15107;202000009846;154 724 936;A01;3;15;0;1;7;1;1;
15108;202000009847;154 724 935;A01;0;7;0;1;3;17;1;
15109;202000009848;154 724 933;A01;3;30;0;2;1;16;1;
15110;202000009848;154 724 934;B01;3;1;0;2;4;1;5;
15111;202000009850;154 724 929;B01;3;7;0;2;2;1;1;
15112;202000009850;154 724 930;A01;3;7;0;2;7;20;2;
15113;202000009851;154 724 927;A01;1;7;0;2;3;19;1;
15114;202000009851;154 724 928;B01;1;7;0;2;2;1;1;
15115;202000009852;154 724 925;A01;1;1;0;2;1;1;5;
15116;202000009852;154 724 926;Z01;2;7;0;2;8;16;0;
15117;202000009853;154 724 923;B01;1;1;0;2;7;26;5;
15118;202000009853;154 724 924;Z01;1;7;0;2;1;1;3;
15119;202000009855;154 724 921;A01;1;10;0;1;7;2;1;
15120;202000009856;154 724 919;A01;0;7;0;2;1;2;1;
15121;202000009856;154 724 920;B01;2;7;0;2;5;2;1;
15122;202000009857;154 724 916;A01;1;7;0;2;3;15;1;
15123;202000009857;154 724 917;B01;2;33;0;2;1;1;1;
15124;202000009857;154 724 918;C01;2;7;0;9;1;23;1;
15125;202000009858;154 724 912;B01;1;1;0;2;1;1;5;
15126;202000009858;154 724 913;A01;1;7;0;2;3;9;1;
15127;202000009859;154 724 909;A01;1;7;0;1;0;0;1;
15128;202000009860;154 724 907;A01;1;10;0;9;7;17;1;
15129;202000009860;154 724 908;B01;1;1;0;2;3;15;5;
15130;202000009861;154 724 905;A01;2;7;0;2;4;1;1;
15131;202000009861;154 724 906;B01;2;7;0;2;1;1;1;
15132;202000009862;154 724 903;B01;3;1;0;2;7;19;5;
15133;202000009862;154 724 904;A01;3;7;0;2;2;19;1;
15134;202000009863;154 724 901;B01;3;7;0;2;5;1;1;
15135;202000009863;154 724 902;A01;3;7;0;2;1;2;1;
15136;202000009864;154 724 900;A01;2;7;0;1;1;1;1;
15137;202000009865;154 724 898;B01;1;7;0;2;4;23;1;
15138;202000009865;154 724 899;Z01;1;7;0;2;1;1;1;
15139;202000009866;154 724 897;A01;2;7;0;1;1;1;1;
15140;202000009867;154 724 896;A01;2;7;6;0;8;1;1;
15141;202000009868;154 724 894;B01;3;1;0;2;1;25;5;
15142;202000009868;154 724 895;A01;3;7;0;2;2;16;1;
15143;202000009870;154 724 891;A01;0;7;0;2;1;13;1;
15144;202000009870;154 724 892;B01;0;7;0;2;1;1;1;
15145;202000009871;154 724 889;A01;2;34;0;2;1;7;1;
15146;202000009871;154 724 890;B01;1;7;0;2;2;15;1;
15147;202000009872;154 724 888;A01;3;7;0;1;1;1;1;
15148;202000009873;154 724 886;B01;2;7;0;2;8;9;4;
15149;202000009873;154 724 887;A01;1;80;0;2;1;1;3;
15150;202000009874;154 724 884;B01;0;1;0;2;1;1;5;
15151;202000009874;154 724 885;A01;0;7;0;2;8;1;1;
15152;202000009875;154 724 883;A01;2;7;0;1;2;1;1;
15153;202000009876;154 724 882;A01;1;7;0;1;8;1;1;
15154;202000009877;154 724 878;A01;1;10;0;2;1;26;1;
15155;202000009877;154 724 879;B01;1;7;0;0;4;23;1;
15156;202000009877;154 724 880;C01;1;7;0;2;4;0;1;
15157;202000009877;154 724 881;D01;1;7;0;2;4;0;1;
15158;202000009878;154 724 876;A01;1;1;0;2;8;1;5;
15159;202000009878;154 724 877;B01;1;7;0;2;1;1;1;
15160;202000009879;154 724 875;A01;3;7;0;1;2;16;1;
15161;202000009880;154 724 873;A01;2;2;0;2;1;13;1;
15162;202000009880;154 724 874;B01;1;7;0;0;6;1;1;
15163;202000009881;154 724 871;A01;2;7;0;2;1;26;1;
15164;202000009881;154 724 872;B01;2;13;1;0;4;23;1;
15165;202000009882;154 724 869;B01;1;2;0;2;7;13;1;
15166;202000009882;154 724 870;A01;1;10;0;2;3;15;1;
15167;202000009883;154 724 868;A01;3;7;0;1;1;26;1;
15168;202000009884;154 724 867;A01;2;30;6;0;1;2;1;
15169;202000009885;154 724 864;C01;1;7;0;2;8;2;1;
15170;202000009885;154 724 865;B01;2;7;0;2;4;2;1;
15171;202000009885;154 724 866;A01;2;10;0;2;1;2;1;
15172;202000009886;154 724 862;B01;1;7;0;0;4;1;0;
15173;202000009886;154 724 863;A01;1;7;0;2;1;1;0;
15174;202000009887;154 724 860;A01;2;33;0;2;1;1;1;
15175;202000009887;154 724 861;B01;1;99;0;2;7;19;0;
15176;202000009888;154 724 859;A01;1;7;4;0;3;13;1;
15177;202000009889;154 724 858;A01;1;1;0;0;0;0;5;
15178;202000009890;154 724 857;A01;3;7;9;0;1;20;1;
15179;202000009891;154 724 856;A01;2;7;2;0;0;1;1;
15180;202000009892;154 724 854;A01;3;7;0;2;2;15;1;
15181;202000009892;154 724 855;B01;3;7;0;2;2;1;1;
15182;202000009893;154 724 852;A01;1;43;0;2;1;1;1;
15183;202000009893;154 724 853;B01;1;7;0;2;6;11;1;
15184;202000009894;154 724 849;A01;1;7;0;2;8;11;1;
15185;202000009894;154 724 850;B01;1;43;0;2;2;1;1;
15186;202000009894;154 724 851;C01;1;7;0;2;8;9;1;
15187;202000009896;154 724 846;B01;2;31;0;2;1;1;1;
15188;202000009896;154 724 847;A01;2;1;0;2;8;11;5;
15189;202000009897;154 724 844;A01;1;7;0;2;2;9;1;
15190;202000009897;154 724 845;B01;1;43;0;2;3;1;1;
15191;202000009898;154 724 842;A01;2;7;0;2;3;9;1;
15192;202000009898;154 724 843;B01;1;50;0;2;2;1;3;
15193;202000009899;154 724 840;A01;1;30;0;2;1;1;1;
15194;202000009899;154 724 841;B01;1;7;0;2;2;1;2;
15195;202000009900;154 724 838;B01;1;7;0;2;4;23;1;
15196;202000009900;154 724 839;A01;1;7;0;2;1;1;1;
15197;202000009901;154 724 836;A01;1;7;0;2;3;1;1;
15198;202000009901;154 724 837;Z01;1;7;0;2;1;1;1;
15199;202000009902;154 724 834;A01;2;1;0;2;1;1;5;
15200;202000009902;154 724 835;B01;2;7;0;2;4;23;1;
15201;202000009903;154 724 832;A01;1;7;0;2;3;1;1;
15202;202000009903;154 724 833;B01;2;1;0;2;1;1;5;
15203;202000009904;154 724 830;A01;2;7;0;2;7;22;1;
15204;202000009904;154 724 831;B01;2;50;0;2;1;1;3;
15205;202000009905;154 724 829;A01;1;7;0;1;3;15;2;
15206;202000009907;154 724 823;A01;1;7;0;2;3;10;1;
15207;202000009907;154 724 824;B01;2;32;0;2;2;1;1;
15208;202000009908;154 724 822;A01;2;1;0;1;1;1;5;
15209;202000009910;154 724 819;A01;2;50;0;2;6;1;3;
15210;202000009910;154 724 820;B01;1;10;0;2;3;15;1;
15211;202000009911;154 724 818;A01;2;32;1;0;1;26;0;
15212;202000009912;154 724 817;A01;1;7;0;1;1;16;0;
15213;202000009913;154 724 815;A01;3;7;0;9;0;0;0;
15214;202000009913;154 724 816;B01;2;50;0;2;0;16;3;
15215;202000009914;154 724 814;A01;3;7;0;1;3;16;0;
15216;202000009915;154 724 812;A01;2;7;0;2;7;15;1;
15217;202000009915;154 724 813;B01;1;33;0;2;1;1;1;
15218;202000009916;154 724 810;B01;2;7;14;0;4;23;1;
15219;202000009916;154 724 811;A01;2;7;0;2;1;2;1;
15220;202000009918;154 724 808;A01;2;10;1;1;2;2;1;
15221;202000009919;154 724 807;A01;1;7;0;1;3;15;0;
15222;202000009920;154 724 805;Z01;0;7;0;2;1;26;1;
15223;202000009920;154 724 806;A01;0;7;0;2;6;19;1;
15224;202000009922;154 724 802;A01;1;10;0;1;0;9;0;
15225;202000009923;154 724 798;A01;3;1;0;0;0;1;5;
15226;202000009924;154 724 797;A01;1;7;0;1;2;1;1;
15227;202000009925;154 724 796;A01;0;10;0;1;2;16;1;
15228;202000009926;154 724 794;A01;3;7;0;2;2;14;1;
15229;202000009926;154 724 795;B01;3;7;0;2;6;1;1;
15230;202000009927;154 724 792;A01;2;7;0;2;1;15;1;
15231;202000009927;154 724 793;B01;2;50;0;2;1;1;3;
15232;202000009928;154 724 791;A01;1;50;0;1;1;1;3;
15233;202000009930;154 724 788;A01;3;7;0;0;7;19;0;
15234;202000009930;154 724 789;B01;3;2;0;2;1;1;0;
15235;202000009931;154 724 786;B01;2;7;0;2;3;14;1;
15236;202000009931;154 724 787;A01;1;7;0;2;3;13;1;
15237;202000009932;154 724 785;A01;2;7;0;1;6;20;1;
15238;202000009933;154 724 783;B01;2;7;3;2;3;1;1;
15239;202000009933;154 724 784;A01;1;34;0;2;1;0;1;
15240;202000009934;154 724 782;A01;1;7;0;1;1;16;1;
15241;202000009935;154 724 780;B01;3;33;0;0;7;26;1;
15242;202000009935;154 724 781;A01;3;7;0;0;0;19;1;
15243;202000009936;154 724 778;B01;2;7;0;2;1;1;1;
15244;202000009936;154 724 779;A01;1;7;0;2;1;13;1;
15245;202000009937;154 724 776;A01;2;7;0;2;7;13;1;
15246;202000009937;154 724 777;B01;1;38;0;2;2;1;1;1.0
15247;202000009938;154 724 774;A01;3;7;0;2;5;17;1;
15248;202000009938;154 724 775;B01;3;2;0;2;6;2;1;
15249;202000009939;154 724 771;C01;2;7;0;0;1;15;1;
15250;202000009939;154 724 772;B01;1;7;0;0;2;1;1;
15251;202000009939;154 724 773;A01;1;7;0;0;3;9;1;
15252;202000009940;154 724 770;A01;1;7;2;0;1;1;1;
15253;202000009941;154 724 768;A01;1;7;0;2;3;13;1;
15254;202000009941;154 724 769;B01;2;7;0;2;3;1;1;
15255;202000009942;154 724 766;A01;1;7;0;2;8;9;1;
15256;202000009942;154 724 767;B01;1;14;0;2;2;1;1;
15257;202000009944;154 724 763;A01;1;7;6;0;3;1;1;
15258;202000009945;154 724 761;A01;1;7;0;2;6;9;1;
15259;202000009945;154 724 762;B01;1;7;0;2;2;1;1;
15260;202000009946;154 724 759;B01;1;7;0;2;4;2;1;
15261;202000009946;154 724 760;A01;1;7;0;2;1;2;1;
15262;202000009948;154 724 756;A01;2;7;0;1;4;4;1;
15263;202000009949;154 724 754;A01;2;2;0;2;8;13;1;
15264;202000009949;154 724 755;B01;1;7;0;2;2;1;1;
15265;202000009950;154 724 753;A01;1;7;13;0;2;1;1;
15266;202000009951;154 724 752;A01;3;7;0;1;2;1;1;
15267;202000009952;154 724 751;A01;2;7;13;0;3;1;1;
15268;202000009953;154 724 750;A01;2;33;0;0;3;1;1;
15269;202000009954;154 724 747;A01;0;7;0;1;0;0;0;
15270;202000009955;154 724 745;B01;2;7;0;2;1;2;1;
15271;202000009955;154 724 746;A01;2;7;0;0;4;1;1;
15272;202000009956;154 724 742;C01;2;33;0;2;1;2;1;
15273;202000009956;154 724 743;B01;2;7;0;0;4;2;1;
15274;202000009956;154 724 744;A01;2;7;0;0;4;2;1;
15275;202000009957;154 724 740;A01;1;7;0;9;2;15;1;
15276;202000009957;154 724 741;B01;1;1;0;2;3;1;5;
15277;202000009958;154 724 738;B01;1;7;0;2;3;0;1;
15278;202000009958;154 724 739;A01;1;10;0;2;1;1;1;
15279;202000009959;154 724 737;A01;2;7;0;1;2;1;1;
15280;202000009960;154 724 736;A01;3;7;1;0;2;2;1;
15281;202000009961;154 724 735;A01;1;30;8;0;1;26;1;
15282;202000009963;154 724 732;A01;1;7;0;0;2;15;1;
15283;202000009963;154 724 733;B01;2;7;0;2;1;1;1;
15284;202000009964;154 724 731;A01;3;7;0;1;1;26;1;
15285;202000009965;154 724 730;A01;0;7;15;0;2;1;1;
15286;202000009966;154 724 726;B01;1;2;0;2;1;1;1;
15287;202000009966;154 724 727;A01;1;7;0;2;2;19;1;
15288;202000009967;154 724 725;A01;3;7;0;1;3;26;1;
15289;202000009968;154 724 724;A01;1;7;4;0;3;0;1;
15290;202000009969;154 724 722;A01;1;7;0;2;1;26;1;
15291;202000009969;154 724 723;B01;1;7;0;2;4;0;1;
15292;202000009970;154 724 721;A01;2;7;0;0;8;12;1;
15293;202000009971;154 724 719;Z01;2;7;0;2;1;13;6;
15294;202000009971;154 724 720;B01;2;7;0;2;6;0;1;
15295;202000009972;154 724 713;D01;2;7;0;2;4;0;1;
15296;202000009972;154 724 714;E01;2;7;0;2;4;1;1;
15297;202000009972;154 724 715;F01;2;10;0;2;4;1;1;
15298;202000009972;154 724 716;A01;2;17;0;2;1;1;1;
15299;202000009972;154 724 717;B01;2;7;0;2;4;1;1;
15300;202000009972;154 724 718;C01;2;7;0;2;6;1;1;
15301;202000009973;154 724 709;D01;1;10;0;2;4;2;1;
15302;202000009973;154 724 710;C01;1;10;0;2;4;1;1;
15303;202000009973;154 724 711;B01;1;7;0;2;4;1;1;
15304;202000009973;154 724 712;A01;1;7;0;2;1;2;1;
15305;202000009974;154 724 707;A01;2;7;0;2;6;11;1;
15306;202000009974;154 724 708;B01;2;33;0;2;7;3;1;
15307;202000009976;154 724 703;A01;2;7;0;2;1;2;1;
15308;202000009976;154 724 704;B01;2;7;0;2;4;2;1;
15309;202000009977;154 724 702;A01;1;7;3;0;9;2;1;
15310;202000009978;154 724 701;A01;2;7;0;2;9;2;1;
15311;202000009979;154 724 699;B01;2;32;0;2;8;1;1;
15312;202000009979;154 724 700;A01;2;7;0;2;2;14;1;
15313;202000009980;154 724 697;A01;1;7;0;2;5;1;1;
15314;202000009980;154 724 698;Z01;1;7;0;2;3;0;1;
15315;202000009982;154 724 693;C01;2;7;0;2;4;1;1;
15316;202000009982;154 724 694;B01;2;7;0;2;1;0;1;
15317;202000009982;154 724 695;A01;2;10;0;2;1;1;1;
15318;202000009983;154 724 690;C01;2;13;0;2;2;2;1;
15319;202000009983;154 724 691;B01;2;42;0;2;1;1;0;
15320;202000009983;154 724 692;A01;2;10;0;2;3;11;1;
15321;202000009984;154 724 687;C01;1;7;0;2;1;1;1;
15322;202000009984;154 724 688;B01;1;10;0;2;1;1;1;
15323;202000009984;154 724 689;A01;1;7;4;2;1;21;1;
15324;202000009985;154 724 685;B01;1;10;0;0;4;2;1;
15325;202000009985;154 724 686;A01;1;33;0;2;1;2;1;
15326;202000009987;154 724 681;B01;2;15;0;2;1;1;1;
15327;202000009987;154 724 682;A01;2;7;0;2;4;1;1;
15328;202000009988;154 724 678;A01;2;13;0;2;1;2;0;
15329;202000009988;154 724 679;C01;1;7;0;2;6;2;0;
15330;202000009988;154 724 680;B01;1;10;0;2;6;0;0;
15331;202000009989;154 724 676;B01;1;7;0;2;5;12;1;
15332;202000009989;154 724 677;A01;1;33;0;2;1;18;1;
15333;202000009990;154 724 673;C01;1;7;0;2;4;2;1;
15334;202000009990;154 724 674;B01;1;7;0;2;4;2;1;
15335;202000009990;154 724 675;A01;1;7;0;2;1;2;1;
15336;202000009991;154 724 671;A01;2;33;0;2;1;3;1;
15337;202000009991;154 724 672;B01;1;7;0;2;6;11;1;
15338;202000009992;154 724 669;B01;2;7;0;2;6;11;0;
15339;202000009992;154 724 670;A01;2;31;0;2;1;3;1;
15340;202000009993;154 724 668;A01;2;7;5;0;1;1;1;
15341;202000009994;154 724 666;B01;2;15;0;2;4;1;1;
15342;202000009994;154 724 667;A01;2;10;0;2;1;1;1;
15343;202000009995;154 724 665;A01;1;33;0;2;1;2;1;
15344;202000009996;154 724 663;B01;2;15;0;2;3;1;1;
15345;202000009996;154 724 664;A01;2;7;0;2;2;12;1;
15346;202000009997;154 724 661;A01;1;17;0;2;2;14;1;
15347;202000009997;154 724 662;B01;1;7;4;0;6;1;1;
15348;202000009998;154 724 660;A01;1;7;4;0;1;1;1;
15349;202000009999;154 724 658;B01;1;10;0;2;4;1;1;
15350;202000009999;154 724 659;A01;1;7;0;2;1;1;1;
15351;202000010000;154 724 657;A01;3;3;0;1;1;26;1;
15352;202000010001;154 724 656;A01;1;50;0;1;1;17;3;
15353;202000010002;154 724 654;A01;1;7;0;2;1;5;1;
15354;202000010002;154 724 655;B01;2;17;0;2;1;9;1;
15355;202000010003;154 724 652;B01;0;7;0;2;1;1;1;
15356;202000010003;154 724 653;A01;0;7;0;2;7;15;1;
15357;202000010004;154 724 651;A01;2;7;0;1;1;0;1;
15358;202000010005;154 724 649;B01;3;7;0;2;7;1;1;
15359;202000010005;154 724 650;A01;3;10;0;2;1;16;1;
15360;202000010006;154 724 647;A01;3;33;0;2;1;2;1;
15361;202000010006;154 724 648;B01;3;7;0;2;4;2;1;
15362;202000010007;154 724 645;B01;1;7;0;2;1;2;1;
15363;202000010007;154 724 646;A01;1;7;0;2;4;2;1;
15364;202000010008;154 724 643;B01;1;30;0;2;1;1;1;
15365;202000010008;154 724 644;A01;1;7;0;2;7;16;1;