;Num_Acc;id_vehicule;num_veh;senc;catv;obs;obsm;choc;manv;motor;occutc
15366;202000010009;154 724 641;B01;1;2;0;2;7;17;1;
15367;202000010009;154 724 642;A01;2;7;0;2;1;19;1;
15368;202000010010;154 724 639;B01;2;40;0;2;1;1;0;
15369;202000010010;154 724 640;A01;2;7;0;2;8;15;0;
15370;202000010011;154 724 637;A01;2;7;0;2;4;12;1;
15371;202000010011;154 724 638;B01;2;15;0;2;1;1;6;
15372;202000010012;154 724 635;A01;1;34;0;2;1;13;1;
15373;202000010012;154 724 636;B01;2;7;0;2;8;1;1;
15374;202000010014;154 724 631;B01;3;7;0;2;1;1;1;
15375;202000010014;154 724 632;A01;3;13;0;2;8;19;1;
15376;202000010015;154 724 629;A01;2;7;0;2;1;15;1;
15377;202000010015;154 724 630;B01;1;7;0;2;6;1;1;
15378;202000010016;154 724 627;A01;3;32;16;2;8;15;1;
15379;202000010016;154 724 628;B01;3;10;16;2;3;1;1;
15380;202000010017;154 724 625;A01;1;34;0;2;1;26;1;
15381;202000010017;154 724 626;B01;1;7;0;2;6;9;1;
15382;202000010018;154 724 622;C01;1;7;0;9;0;14;1;
15383;202000010018;154 724 623;B01;2;33;0;2;1;1;1;
15384;202000010018;154 724 624;A01;1;37;0;2;5;15;0;1.0
15385;202000010019;154 724 621;A01;1;7;13;0;9;2;1;
15386;202000010020;154 724 620;A01;1;33;2;0;7;1;1;
15387;202000010022;154 724 617;B01;0;1;0;2;0;25;5;
15388;202000010022;154 724 618;A01;0;7;0;9;1;1;1;
15389;202000010024;154 724 613;B01;2;7;0;2;3;1;0;
15390;202000010024;154 724 614;A01;1;2;0;2;1;13;1;
15391;202000010025;154 724 612;A01;3;10;0;1;2;1;1;
15392;202000010026;154 724 610;B01;3;10;7;2;3;23;1;
15393;202000010026;154 724 611;A01;1;7;0;2;1;14;1;
15394;202000010027;154 724 609;A01;1;33;8;0;1;1;1;
15395;202000010028;154 724 607;A01;3;7;0;2;2;1;0;
15396;202000010028;154 724 608;B01;0;7;0;2;3;15;0;
15397;202000010029;154 724 605;A01;1;7;0;2;3;26;1;
15398;202000010029;154 724 606;B01;2;7;0;2;1;1;1;
15399;202000010030;154 724 604;A01;0;7;6;0;1;1;1;
15400;202000010031;154 724 603;A01;1;7;0;1;2;1;1;
15401;202000010032;154 724 602;A01;1;7;0;1;1;1;1;
15402;202000010033;154 724 601;A01;1;7;2;0;1;14;1;
15403;202000010034;154 724 600;A01;0;32;13;0;0;1;1;
15404;202000010036;154 724 593;D01;1;7;0;2;3;1;1;
15405;202000010036;154 724 594;E01;1;7;0;2;6;1;2;
15406;202000010036;154 724 595;A01;2;33;0;2;2;17;1;
15407;202000010036;154 724 596;B01;2;33;0;2;6;1;1;
15408;202000010036;154 724 597;C01;2;7;0;2;6;1;1;
15409;202000010037;154 724 592;A01;1;7;0;1;2;1;6;
15410;202000010038;154 724 590;B01;1;7;0;0;3;1;1;
15411;202000010038;154 724 591;A01;2;7;0;0;1;15;1;
15412;202000010039;154 724 588;A01;2;1;0;2;8;13;5;
15413;202000010039;154 724 589;B01;2;7;0;9;7;17;1;
15414;202000010040;154 724 586;B01;2;7;0;9;1;16;1;
15415;202000010040;154 724 587;A01;2;1;0;2;8;19;2;
15416;202000010041;154 724 584;A01;1;7;0;2;2;6;1;
15417;202000010041;154 724 585;B01;1;2;0;2;6;1;1;
15418;202000010042;154 724 583;A01;1;7;0;1;2;2;1;
15419;202000010043;154 724 581;B01;3;7;0;9;2;17;1;
15420;202000010043;154 724 582;A01;3;1;0;2;3;15;5;
15421;202000010044;154 724 579;A01;1;7;0;9;8;22;1;
15422;202000010044;154 724 580;B01;1;80;1;0;1;1;3;
15423;202000010045;154 724 577;A01;2;7;0;9;3;15;1;
15424;202000010045;154 724 578;B01;1;80;0;2;3;13;3;
15425;202000010046;154 724 576;A01;1;7;0;1;1;1;1;
15426;202000010047;154 724 575;A01;2;7;13;0;1;1;1;
15427;202000010048;154 724 573;B01;1;33;0;2;1;1;0;
15428;202000010048;154 724 574;A01;1;7;0;2;2;19;1;
15429;202000010049;154 724 572;A01;1;7;13;0;1;1;1;
15430;202000010050;154 724 570;A01;1;21;0;9;7;17;1;
15431;202000010050;154 724 571;B01;1;1;0;2;8;1;5;
15432;202000010051;154 724 568;A01;1;7;0;2;1;1;1;
15433;202000010051;154 724 569;B01;2;7;0;2;3;19;1;
15434;202000010052;154 724 567;A01;3;7;0;1;2;1;1;
15435;202000010053;154 724 566;A01;1;10;2;0;3;1;1;
15436;202000010055;154 724 564;A01;2;32;13;0;7;1;1;
15437;202000010056;154 724 559;A01;1;10;0;2;1;2;1;
15438;202000010056;154 724 560;B01;1;7;0;2;4;2;1;
15439;202000010056;154 724 561;D01;1;7;0;2;4;2;1;
15440;202000010056;154 724 562;C01;1;7;0;2;4;2;1;
15441;202000010056;154 724 563;E01;1;7;0;2;4;2;1;
15442;202000010057;154 724 558;A01;0;7;13;0;1;1;1;
15443;202000010058;154 724 556;A01;2;7;0;2;4;26;1;
15444;202000010058;154 724 557;B01;1;7;0;2;1;11;1;
15445;202000010059;154 724 555;A01;1;30;12;0;1;1;1;
15446;202000010060;154 724 553;B01;1;7;0;2;4;1;1;
15447;202000010060;154 724 554;A01;1;7;0;2;1;2;1;
15448;202000010061;154 724 551;B01;1;7;0;2;4;2;1;
15449;202000010061;154 724 552;A01;2;32;0;2;1;2;1;
15450;202000010062;154 724 549;Z01;2;7;0;2;1;1;1;
15451;202000010062;154 724 550;B01;2;7;0;2;4;1;1;
15452;202000010063;154 724 547;B01;2;13;0;2;2;0;0;
15453;202000010063;154 724 548;A01;2;7;0;2;6;0;1;
15454;202000010064;154 724 546;A01;2;33;0;2;1;18;1;
15455;202000010065;154 724 545;A01;1;50;0;1;1;1;3;
15456;202000010066;154 724 542;C01;1;7;0;2;4;0;0;
15457;202000010066;154 724 543;B01;1;7;0;2;4;0;3;
15458;202000010066;154 724 544;A01;1;7;0;2;1;1;0;
15459;202000010067;154 724 541;A01;1;31;0;0;3;1;1;
15460;202000010068;154 724 539;B01;2;60;0;2;1;1;5;
15461;202000010068;154 724 540;A01;1;7;0;2;3;15;0;
15462;202000010070;154 724 537;A01;1;7;16;0;3;26;1;
15463;202000010073;154 724 531;A01;3;37;0;2;3;9;1;1.0
15464;202000010073;154 724 532;B01;3;30;0;2;1;26;1;
15465;202000010075;154 724 528;A01;2;3;2;0;1;14;1;
15466;202000010076;154 724 526;A01;3;38;0;2;3;15;1;1.0
15467;202000010076;154 724 527;B01;3;2;0;2;7;1;1;
15468;202000010077;154 724 524;A01;2;7;0;2;8;15;1;
15469;202000010077;154 724 525;B01;2;33;0;2;7;17;1;
15470;202000010078;154 724 522;Z01;0;7;0;2;1;1;0;
15471;202000010078;154 724 523;B01;3;10;0;0;0;0;0;
15472;202000010079;154 724 520;B01;1;33;0;2;0;0;1;
15473;202000010079;154 724 521;A01;1;7;0;2;8;1;1;
15474;202000010080;154 724 518;A01;1;7;0;2;8;24;1;
15475;202000010080;154 724 519;B01;1;1;1;2;1;2;6;
15476;202000010081;154 724 516;B01;1;7;0;2;2;1;1;
15477;202000010081;154 724 517;A01;1;7;0;2;4;4;1;
15478;202000010082;154 724 514;B01;2;2;0;2;1;1;1;
15479;202000010082;154 724 515;A01;1;7;0;2;7;15;1;
15480;202000010083;154 724 512;A01;3;2;0;2;1;13;1;
15481;202000010083;154 724 513;B01;2;7;0;2;3;1;1;
15482;202000010084;154 724 510;B01;1;1;0;2;7;3;5;
15483;202000010084;154 724 511;A01;1;7;0;2;3;9;1;
15484;202000010085;154 724 509;A01;2;30;0;0;8;1;1;
15485;202000010086;154 724 507;A01;2;7;0;2;3;15;1;
15486;202000010086;154 724 508;B01;2;32;0;2;8;17;1;
15487;202000010087;154 724 506;A01;3;7;14;1;1;9;1;
15488;202000010088;154 724 504;B01;2;7;0;2;2;1;1;
15489;202000010088;154 724 505;A01;2;7;0;2;8;26;1;
15490;202000010089;154 724 503;A01;3;10;0;1;2;1;1;
15491;202000010090;154 724 502;A01;3;7;2;0;1;19;1;
15492;202000010091;154 724 500;B01;2;10;0;2;3;26;1;
15493;202000010091;154 724 501;A01;2;7;1;2;1;14;1;
15494;202000010092;154 724 498;A01;1;1;0;2;8;11;5;
15495;202000010092;154 724 499;B01;1;7;0;2;2;1;1;
15496;202000010093;154 724 497;A01;1;1;0;0;0;1;5;
15497;202000010094;154 724 496;A01;1;10;0;1;7;1;1;
15498;202000010095;154 724 493;B01;2;7;0;2;4;23;1;
15499;202000010095;154 724 494;A01;2;7;0;2;4;23;1;
15500;202000010095;154 724 495;C01;2;7;0;2;1;2;1;
15501;202000010097;154 724 489;A01;3;7;0;2;8;9;1;
15502;202000010097;154 724 490;B01;3;7;0;2;1;21;1;
15503;202000010098;154 724 487;B01;3;7;0;2;6;1;1;
15504;202000010098;154 724 488;A01;3;36;8;2;1;26;1;
15505;202000010099;154 724 485;B01;2;7;0;2;4;1;1;
15506;202000010099;154 724 486;A01;1;7;0;2;1;1;1;
15507;202000010100;154 724 483;B01;1;7;0;2;1;1;1;
15508;202000010100;154 724 484;A01;0;7;0;2;3;15;1;
15509;202000010101;154 724 481;A01;0;34;0;2;1;0;0;
15510;202000010101;154 724 482;B01;0;34;0;2;0;0;0;
15511;202000010102;154 724 479;Z01;2;7;0;2;7;17;0;
15512;202000010102;154 724 480;A01;2;2;0;2;8;1;1;
15513;202000010103;154 724 477;B01;2;1;0;2;8;1;5;
15514;202000010103;154 724 478;A01;1;30;0;2;2;10;1;
15515;202000010104;154 724 475;B01;0;7;0;2;5;1;1;
15516;202000010104;154 724 476;A01;1;7;0;2;3;1;1;
15517;202000010105;154 724 473;B01;2;33;0;2;5;1;1;
15518;202000010105;154 724 474;A01;2;7;0;2;3;9;1;
15519;202000010106;154 724 471;A01;3;30;0;2;1;13;1;
15520;202000010106;154 724 472;B01;3;30;0;2;1;1;1;
15521;202000010107;154 724 469;A01;1;34;0;2;7;19;1;
15522;202000010107;154 724 470;B01;2;37;0;2;1;1;1;1.0
15523;202000010108;154 724 467;B01;1;33;0;2;1;1;1;
15524;202000010108;154 724 468;A01;1;10;0;2;5;15;1;
15525;202000010109;154 724 466;A01;1;30;0;0;7;1;1;
15526;202000010110;154 724 465;A01;2;33;0;0;0;1;1;
15527;202000010111;154 724 464;A01;3;33;0;0;0;1;1;
15528;202000010112;154 724 461;C01;1;7;0;2;4;23;1;
15529;202000010112;154 724 462;B01;1;7;0;2;4;23;1;
15530;202000010112;154 724 463;A01;2;7;0;2;1;2;1;
15531;202000010113;154 724 460;A01;1;7;5;0;2;1;1;
15532;202000010115;154 724 457;A01;2;1;0;0;0;25;5;
15533;202000010116;154 724 455;A01;2;7;0;2;1;1;1;
15534;202000010116;154 724 456;B01;2;7;0;2;4;23;1;
15535;202000010117;154 724 454;A01;1;33;0;0;1;1;1;
15536;202000010118;154 724 453;A01;2;7;0;0;1;17;1;
15537;202000010119;154 724 451;A01;1;7;0;2;1;15;1;
15538;202000010119;154 724 452;B01;1;2;0;2;1;17;1;
15539;202000010121;154 724 448;A01;2;7;2;0;1;14;1;
15540;202000010122;154 724 446;B01;3;99;0;2;3;9;1;
15541;202000010122;154 724 447;A01;3;7;0;2;1;0;1;
15542;202000010123;154 724 443;B01;2;7;0;2;3;13;1;
15543;202000010123;154 724 444;A01;1;30;0;2;1;21;1;
15544;202000010123;154 724 445;C01;1;7;0;2;8;1;3;
15545;202000010124;154 724 439;A01;2;1;0;2;1;16;5;
15546;202000010124;154 724 440;D01;1;7;0;2;3;23;1;
15547;202000010124;154 724 441;B01;1;34;0;2;1;1;1;
15548;202000010124;154 724 442;C01;1;7;0;2;6;23;2;
15549;202000010125;154 724 437;A01;2;10;0;2;2;21;1;
15550;202000010125;154 724 438;B01;2;1;0;2;6;1;5;
15551;202000010126;154 724 435;B01;1;50;0;2;3;1;3;
15552;202000010126;154 724 436;A01;1;7;0;2;2;16;1;
15553;202000010127;154 724 434;A01;1;1;0;0;0;25;5;
15554;202000010128;154 724 432;B01;1;10;0;2;3;1;1;
15555;202000010128;154 724 433;A01;1;1;0;2;2;19;5;
15556;202000010129;154 724 430;A01;1;1;0;2;1;1;5;
15557;202000010129;154 724 431;B01;1;7;0;2;8;1;1;
15558;202000010130;154 724 429;A01;2;60;0;0;0;25;5;
15559;202000010131;154 724 428;A01;1;32;0;1;1;1;1;
15560;202000010132;154 724 426;A01;2;30;0;2;1;17;1;
15561;202000010132;154 724 427;B01;2;7;0;2;3;15;1;
15562;202000010133;154 724 424;B01;2;1;0;2;8;1;5;
15563;202000010133;154 724 425;A01;1;7;0;2;2;1;2;
15564;202000010134;154 724 423;A01;2;60;7;1;1;25;5;
15565;202000010135;154 724 421;A01;1;7;0;2;2;16;1;
15566;202000010135;154 724 422;B01;2;1;0;2;1;1;5;
15567;202000010136;154 724 418;A01;3;10;0;2;1;1;0;
15568;202000010136;154 724 419;B01;3;7;0;2;5;1;0;
15569;202000010136;154 724 420;C01;3;7;0;2;4;1;0;
15570;202000010137;154 724 416;B01;1;33;0;2;3;1;1;
15571;202000010137;154 724 417;A01;2;10;0;2;3;15;1;
15572;202000010138;154 724 414;A01;3;7;0;2;2;16;1;
15573;202000010138;154 724 415;B01;3;2;0;2;3;18;1;
15574;202000010140;154 724 411;A01;2;10;0;2;2;15;1;
15575;202000010140;154 724 412;B01;1;33;0;2;8;1;1;
15576;202000010141;154 724 409;B01;2;2;0;2;1;17;1;
15577;202000010141;154 724 410;A01;2;7;0;2;3;13;1;
15578;202000010142;154 724 407;B01;3;7;0;2;3;1;1;
15579;202000010142;154 724 408;A01;3;2;0;2;1;1;1;
15580;202000010143;154 724 405;B01;1;7;0;2;6;23;1;
15581;202000010143;154 724 406;A01;1;32;0;2;2;17;1;
15582;202000010144;154 724 403;B01;2;7;0;2;4;23;1;
15583;202000010144;154 724 404;A01;2;7;0;2;4;9;1;
15584;202000010146;154 724 400;A01;3;34;1;1;3;26;1;
15585;202000010147;154 724 398;A01;2;7;0;2;4;2;1;
15586;202000010147;154 724 399;B01;2;7;0;2;1;2;1;
15587;202000010148;154 724 396;A01;2;17;0;2;2;12;1;
15588;202000010148;154 724 397;B01;2;7;0;2;6;1;1;
15589;202000010149;154 724 394;A01;1;7;0;2;6;1;1;
15590;202000010149;154 724 395;B01;1;10;0;2;2;12;1;
15591;202000010150;154 724 391;C01;2;7;0;2;4;1;1;
15592;202000010150;154 724 392;B01;2;7;0;2;5;1;1;
15593;202000010150;154 724 393;A01;2;7;0;2;3;18;1;
15594;202000010151;154 724 388;A01;1;7;0;2;1;17;1;
15595;202000010151;154 724 389;Z01;1;7;0;2;1;17;1;
15596;202000010151;154 724 390;B01;1;7;0;2;4;17;1;
15597;202000010152;154 724 387;A01;1;7;4;0;1;26;1;
15598;202000010155;154 724 380;B01;1;7;0;2;1;1;1;
15599;202000010155;154 724 381;C01;2;7;0;0;0;1;1;
15600;202000010155;154 724 382;A01;1;7;0;0;0;1;1;
15601;202000010156;154 724 378;A01;2;33;0;2;1;26;1;
15602;202000010156;154 724 379;B01;2;7;0;2;4;0;1;
15603;202000010157;154 724 372;F01;1;10;0;2;1;2;1;
15604;202000010157;154 724 373;E01;1;10;0;2;4;2;1;
15605;202000010157;154 724 374;D01;1;7;0;2;4;2;1;
15606;202000010157;154 724 375;C01;1;7;0;2;4;2;1;
15607;202000010157;154 724 376;B01;1;7;0;2;4;2;1;
15608;202000010157;154 724 377;A01;1;10;0;2;4;2;1;
15609;202000010158;154 724 370;B01;2;10;0;2;6;23;1;
15610;202000010158;154 724 371;A01;2;34;1;0;1;9;1;
15611;202000010159;154 724 367;C01;1;7;0;2;1;2;1;
15612;202000010159;154 724 368;B01;1;10;0;2;1;2;1;
15613;202000010159;154 724 369;A01;1;7;0;2;2;2;1;
15614;202000010160;154 724 366;A01;2;7;4;0;1;12;1;
15615;202000010161;154 724 363;A01;1;7;0;2;1;1;1;
15616;202000010161;154 724 364;C01;1;7;0;2;4;2;1;
15617;202000010161;154 724 365;B01;1;7;0;2;4;2;1;
15618;202000010162;154 724 362;A01;1;7;4;0;1;14;1;
15619;202000010163;154 724 361;A01;1;7;0;2;4;2;1;
15620;202000010164;154 724 359;A01;2;7;0;2;1;2;1;
15621;202000010164;154 724 360;B01;2;7;0;2;4;2;1;
15622;202000010165;154 724 356;A01;2;7;0;2;7;1;1;
15623;202000010165;154 724 357;B01;0;7;0;2;1;1;1;
15624;202000010166;154 724 354;B01;2;7;0;2;9;1;1;
15625;202000010166;154 724 355;A01;1;7;0;2;1;1;1;
15626;202000010167;154 724 352;A01;3;32;0;2;2;17;1;
15627;202000010167;154 724 353;B01;3;7;0;2;3;15;1;
15628;202000010168;154 724 350;B01;3;1;0;2;0;0;0;
15629;202000010168;154 724 351;A01;0;10;0;2;0;16;1;
15630;202000010169;154 724 348;B01;0;33;0;2;2;1;0;
15631;202000010169;154 724 349;A01;0;7;0;2;1;9;0;
15632;202000010171;154 724 345;A01;3;30;0;0;2;26;0;
15633;202000010172;154 724 343;A01;2;10;0;2;5;1;1;
15634;202000010172;154 724 344;B01;1;2;0;2;1;19;1;
15635;202000010173;154 724 341;B01;2;33;0;2;1;1;1;
15636;202000010173;154 724 342;A01;1;1;0;2;1;15;5;
15637;202000010174;154 724 339;A01;2;7;0;2;4;2;1;
15638;202000010174;154 724 340;B01;2;7;0;2;1;2;1;
15639;202000010175;154 724 338;A01;3;14;0;1;1;15;1;
15640;202000010176;154 724 336;B01;3;7;0;2;3;26;1;
15641;202000010176;154 724 337;A01;3;7;0;2;3;9;1;
15642;202000010177;154 724 335;A01;1;7;3;0;1;14;1;
15643;202000010178;154 724 334;A01;1;7;6;0;1;1;1;
15644;202000010179;154 724 333;A01;1;7;15;0;6;21;1;
15645;202000010180;154 724 331;Z01;1;7;0;2;4;14;1;
15646;202000010180;154 724 332;A01;1;1;0;2;1;1;5;
15647;202000010181;154 724 329;C01;-1;7;0;2;5;19;-1;
15648;202000010181;154 724 330;B01;1;7;0;2;3;1;1;
15649;202000010183;154 724 326;B01;1;7;0;2;1;1;1;
15650;202000010183;154 724 327;A01;2;7;0;2;1;15;1;
15651;202000010184;154 724 324;A01;1;1;0;2;8;1;5;
15652;202000010184;154 724 325;B01;1;10;0;2;1;1;1;
15653;202000010185;154 724 322;B01;1;32;0;2;7;2;1;
15654;202000010185;154 724 323;A01;1;7;0;2;8;15;1;
15655;202000010186;154 724 320;B01;2;30;0;2;1;26;1;
15656;202000010186;154 724 321;A01;1;80;0;2;1;19;3;
15657;202000010187;154 724 319;A01;1;10;13;0;1;0;1;
15658;202000010188;154 724 317;A01;2;7;0;1;1;1;1;
15659;202000010189;154 724 315;A01;1;33;8;0;7;1;1;
15660;202000010190;154 724 313;B01;1;34;0;2;1;1;1;
15661;202000010190;154 724 314;A01;2;14;0;2;5;15;1;
15662;202000010191;154 724 312;A01;2;30;0;0;8;1;1;
15663;202000010192;154 724 311;A01;0;7;0;1;1;9;1;
15664;202000010193;154 724 309;A01;1;31;0;2;1;5;1;
15665;202000010193;154 724 310;B01;2;7;0;2;3;1;1;
15666;202000010194;154 724 307;B01;1;7;0;2;3;15;1;
15667;202000010194;154 724 308;A01;1;2;0;2;1;17;1;
15668;202000010195;154 724 305;A01;1;7;0;2;1;2;1;
15669;202000010195;154 724 306;B01;1;7;0;2;4;2;1;
15670;202000010196;154 724 303;B01;1;7;0;2;4;15;1;
15671;202000010196;154 724 304;A01;1;7;0;2;1;1;1;
15672;202000010197;154 724 302;A01;3;7;1;0;1;26;1;
15673;202000010198;154 724 300;B01;1;7;0;2;3;15;1;
15674;202000010198;154 724 301;A01;2;33;0;2;7;17;1;
15675;202000010199;154 724 299;A01;1;7;9;0;1;26;1;
15676;202000010200;154 724 297;A01;1;7;0;2;2;1;1;
15677;202000010200;154 724 298;B01;1;7;0;2;3;1;1;
15678;202000010201;154 724 294;B01;2;7;0;2;6;15;1;
15679;202000010201;154 724 295;A01;2;30;0;2;1;1;1;
15680;202000010202;154 724 292;B01;1;17;0;0;6;24;6;
15681;202000010202;154 724 293;A01;2;7;1;0;8;14;1;
15682;202000010203;154 724 291;A01;1;30;8;0;1;26;6;
15683;202000010204;154 724 290;A01;1;30;16;0;0;0;1;
15684;202000010205;154 724 288;B01;2;7;0;2;1;1;1;
15685;202000010205;154 724 289;A01;1;7;0;2;1;15;1;
15686;202000010206;154 724 286;A01;1;7;0;2;5;15;1;
15687;202000010206;154 724 287;B01;2;7;0;2;1;1;1;
15688;202000010207;154 724 284;A01;0;7;0;2;3;1;1;
15689;202000010207;154 724 285;B01;0;7;0;0;0;0;1;
15690;202000010208;154 724 283;A01;1;30;0;0;7;1;1;
15691;202000010209;154 724 282;A01;1;7;4;0;1;1;1;
15692;202000010210;154 724 281;A01;1;7;6;0;5;10;1;
15693;202000010211;154 724 280;A01;1;7;13;0;1;1;1;
15694;202000010213;154 724 276;A01;0;7;6;0;1;13;1;
15695;202000010214;154 724 274;B01;0;50;0;2;1;1;3;
15696;202000010214;154 724 275;Z01;1;7;0;0;0;0;0;
15697;202000010215;154 724 273;A01;3;7;12;0;1;1;1;
15698;202000010216;154 724 271;A01;1;33;0;0;3;0;1;
15699;202000010216;154 724 272;B01;1;7;0;2;5;1;1;
15700;202000010218;154 724 267;A01;2;7;0;2;1;13;1;
15701;202000010218;154 724 268;B01;1;7;0;2;3;1;1;
15702;202000010219;154 724 265;B01;2;31;0;2;7;1;1;
15703;202000010219;154 724 266;A01;1;7;0;2;1;9;1;
15704;202000010220;154 724 264;A01;1;15;0;0;7;16;1;
15705;202000010221;154 724 262;A01;1;7;0;2;1;0;1;
15706;202000010221;154 724 263;B01;1;16;0;0;6;1;1;
15707;202000010222;154 724 261;A01;1;7;4;0;9;1;1;
15708;202000010223;154 724 258;B01;1;7;0;2;6;1;1;
15709;202000010223;154 724 259;Z01;1;7;0;2;1;1;1;
15710;202000010223;154 724 260;A01;1;7;6;0;4;1;1;
15711;202000010224;154 724 257;A01;1;7;4;0;1;13;1;
15712;202000010225;154 724 256;A01;3;7;4;0;1;14;1;
15713;202000010226;154 724 254;A01;2;7;0;2;1;26;0;
15714;202000010226;154 724 255;B01;2;7;0;2;4;0;1;
15715;202000010227;154 724 253;A01;1;7;4;0;1;26;1;
15716;202000010228;154 724 252;A01;2;7;1;1;3;2;1;
15717;202000010229;154 724 250;A01;1;7;4;2;1;0;1;
15718;202000010229;154 724 251;B01;1;7;0;2;5;0;1;
15719;202000010230;154 724 249;A01;2;7;3;0;0;2;1;
15720;202000010231;154 724 248;A01;2;10;4;0;9;14;1;
15721;202000010232;154 724 247;A01;1;7;4;0;1;1;1;
15722;202000010233;154 724 246;A01;2;7;4;0;2;14;1;
15723;202000010234;154 724 245;A01;0;7;6;0;1;1;1;
15724;202000010235;154 724 243;A01;1;10;0;2;1;2;1;
15725;202000010235;154 724 244;B01;1;7;0;2;4;23;1;
15726;202000010236;154 724 241;A01;1;7;0;2;1;1;1;
15727;202000010236;154 724 242;B01;2;7;0;2;7;9;1;
15728;202000010237;154 724 240;A01;1;2;0;1;0;0;1;
15729;202000010238;154 724 238;B01;1;34;0;2;1;0;0;
15730;202000010238;154 724 239;A01;2;7;0;2;1;15;1;
15731;202000010239;154 724 236;A01;3;7;1;0;3;5;1;
15732;202000010240;154 724 234;A01;1;7;0;2;5;15;1;
15733;202000010240;154 724 235;B01;2;2;0;2;1;1;1;
15734;202000010241;154 724 231;A01;1;7;2;0;1;1;1;
15735;202000010242;154 724 230;A01;2;14;6;0;1;19;1;
15736;202000010243;154 724 228;B01;1;7;0;2;2;19;1;
15737;202000010243;154 724 229;A01;2;30;0;2;2;13;1;
15738;202000010244;154 724 227;Z01;2;7;0;1;0;15;0;
15739;202000010245;154 724 225;B01;3;7;0;2;3;15;1;
15740;202000010245;154 724 226;A01;3;7;0;2;3;1;1;
15741;202000010246;154 724 224;A01;1;3;0;0;1;1;1;
15742;202000010247;154 724 223;A01;2;7;0;1;1;1;1;
15743;202000010248;154 724 221;B01;2;7;0;2;4;2;1;
15744;202000010248;154 724 222;A01;2;13;0;2;1;2;1;
15745;202000010249;154 724 219;B01;1;2;0;2;1;0;1;
15746;202000010249;154 724 220;A01;1;10;0;2;3;0;1;
15747;202000010250;154 724 217;A01;2;7;0;2;1;26;1;
15748;202000010250;154 724 218;B01;2;50;0;2;1;19;3;
15749;202000010251;154 724 216;A01;2;7;0;1;7;1;1;
15750;202000010252;154 724 215;A01;1;7;0;1;1;1;-1;
15751;202000010253;154 724 213;B01;1;31;0;2;7;1;0;
15752;202000010253;154 724 214;A01;3;7;0;2;3;9;1;
15753;202000010254;154 724 211;B01;1;7;0;2;1;1;0;
15754;202000010254;154 724 212;A01;1;1;0;2;1;1;5;
15755;202000010255;154 724 210;A01;2;7;0;1;3;1;1;
15756;202000010256;154 724 208;B01;1;7;0;2;7;1;1;
15757;202000010256;154 724 209;A01;1;10;0;2;1;19;1;
15758;202000010257;154 724 206;B01;2;30;0;2;7;26;1;
15759;202000010257;154 724 207;A01;2;7;0;2;7;26;1;
15760;202000010258;154 724 204;A01;3;7;0;2;2;15;1;
15761;202000010258;154 724 205;B01;3;7;0;2;1;1;1;
15762;202000010259;154 724 202;B01;3;7;0;2;4;26;1;
15763;202000010259;154 724 203;A01;3;7;0;2;1;2;1;
15764;202000010260;154 724 201;A01;3;7;0;0;9;16;1;
15765;202000010261;154 724 199;A01;2;7;0;2;3;1;1;
15766;202000010261;154 724 200;B01;1;7;0;2;6;1;1;
15767;202000010263;154 724 196;A01;2;7;0;2;7;21;1;
15768;202000010264;154 724 194;B01;2;1;0;2;4;1;5;
15769;202000010264;154 724 195;A01;2;7;0;2;1;7;1;
15770;202000010265;154 724 193;A01;3;37;0;1;1;1;1;1.0
15771;202000010267;154 724 191;A01;2;10;0;1;5;26;1;
15772;202000010268;154 724 189;B01;0;7;0;2;3;1;1;
15773;202000010268;154 724 190;A01;0;32;0;2;1;5;1;
15774;202000010269;154 724 185;A01;3;7;0;9;8;9;1;
15775;202000010269;154 724 186;B01;3;1;0;0;0;0;5;
15776;202000010271;154 724 181;B01;2;7;0;2;1;15;1;
15777;202000010271;154 724 182;A01;1;1;0;2;1;1;5;
15778;202000010272;154 724 180;A01;2;7;0;1;8;1;1;
15779;202000010273;154 724 179;A01;2;7;11;0;1;1;1;
15780;202000010274;154 724 178;A01;1;1;8;0;0;13;5;
15781;202000010275;154 724 176;B01;1;1;0;2;3;1;5;
15782;202000010275;154 724 177;A01;1;7;0;9;2;17;0;
15783;202000010276;154 724 174;A01;0;17;0;2;1;1;1;
15784;202000010276;154 724 175;B01;0;32;0;2;8;1;1;
15785;202000010277;154 724 173;A01;1;7;0;1;1;1;1;
15786;202000010278;154 724 171;A01;1;2;0;2;4;4;0;
15787;202000010278;154 724 172;B01;1;37;0;2;7;1;0;1.0
15788;202000010279;154 724 169;A01;1;7;0;2;1;2;1;
15789;202000010279;154 724 170;B01;2;7;0;2;3;15;1;
15790;202000010280;154 724 168;A01;3;7;0;1;3;16;0;
15791;202000010281;154 724 166;B01;3;1;0;2;0;0;5;
15792;202000010281;154 724 167;A01;1;7;0;9;0;0;1;
15793;202000010282;154 724 165;A01;2;10;0;1;0;15;1;
15794;202000010283;154 724 163;B01;1;7;0;2;1;1;0;
15795;202000010283;154 724 164;A01;-1;7;0;2;4;1;0;
15796;202000010285;154 724 159;A01;3;7;0;2;1;5;0;
15797;202000010285;154 724 160;B01;3;7;0;2;7;1;0;