;Num_Acc;id_vehicule;num_veh;senc;catv;obs;obsm;choc;manv;motor;occutc
15798;202000010285;154 724 161;C01;3;7;14;0;4;24;0;
15799;202000010286;154 724 157;A01;2;7;0;2;2;15;1;
15800;202000010286;154 724 158;B01;1;32;0;2;1;1;1;
15801;202000010287;154 724 155;A01;2;7;0;2;1;21;1;
15802;202000010287;154 724 156;Z01;1;7;0;2;4;11;0;
15803;202000010288;154 724 154;A01;2;7;0;1;1;1;1;
15804;202000010289;154 724 152;B01;1;1;0;2;1;1;6;
15805;202000010289;154 724 153;A01;1;7;0;9;1;1;1;
15806;202000010290;154 724 151;A01;1;7;0;1;7;1;1;
15807;202000010291;154 724 150;A01;1;33;14;0;1;1;1;
15808;202000010292;154 724 149;A01;3;7;0;1;7;1;1;
15809;202000010293;154 724 147;A01;2;7;0;2;1;0;0;
15810;202000010293;154 724 148;B01;2;7;0;0;4;2;0;
15811;202000010294;154 724 145;A01;1;2;0;2;1;13;1;
15812;202000010294;154 724 146;B01;2;7;0;2;2;1;1;
15813;202000010295;154 724 144;A01;3;21;0;0;6;1;1;
15814;202000010296;154 724 142;A01;1;7;0;9;8;10;1;
15815;202000010296;154 724 143;B01;1;1;0;2;1;1;5;
15816;202000010297;154 724 141;A01;1;7;0;1;2;1;0;
15817;202000010298;154 724 139;A01;2;15;0;2;1;1;1;
15818;202000010298;154 724 140;B01;1;7;0;2;1;1;1;
15819;202000010299;154 724 138;A01;1;7;17;0;8;1;1;
15820;202000010300;154 724 137;A01;3;7;0;0;9;0;0;
15821;202000010301;154 724 135;A01;2;7;0;2;1;1;0;
15822;202000010301;154 724 136;B01;3;2;0;2;8;1;0;
15823;202000010302;154 724 133;B01;3;7;0;2;9;1;0;
15824;202000010302;154 724 134;A01;3;7;0;2;1;19;0;
15825;202000010303;154 724 127;F01;2;7;3;0;1;1;1;
15826;202000010303;154 724 128;E01;2;7;0;2;8;21;1;
15827;202000010303;154 724 129;D01;2;17;0;2;4;20;1;
15828;202000010303;154 724 130;C01;2;7;3;0;1;1;1;
15829;202000010303;154 724 131;B01;2;7;0;2;1;1;1;
15830;202000010303;154 724 132;A01;2;15;0;2;5;2;1;
15831;202000010304;154 724 126;A01;1;1;0;0;0;1;5;
15832;202000010305;154 724 122;A01;1;7;0;0;4;23;1;
15833;202000010305;154 724 123;B01;1;7;0;2;4;23;1;
15834;202000010305;154 724 124;C01;1;7;0;2;4;23;1;
15835;202000010305;154 724 125;D01;1;7;0;2;1;2;1;
15836;202000010306;154 724 121;A01;2;7;2;0;8;1;1;
15837;202000010307;154 724 119;A01;1;1;0;9;2;17;5;
15838;202000010307;154 724 120;B01;1;1;0;9;3;1;5;
15839;202000010309;154 724 117;A01;1;7;0;1;2;1;1;
15840;202000010311;154 724 114;A01;1;7;0;2;1;1;1;
15841;202000010311;154 724 115;B01;2;7;0;2;1;1;1;
15842;202000010312;154 724 112;B01;1;7;0;2;1;1;1;
15843;202000010312;154 724 113;A01;1;7;5;0;1;1;1;
15844;202000010313;154 724 111;A01;1;7;16;0;2;1;0;
15845;202000010314;154 724 110;A01;2;7;4;0;1;1;1;
15846;202000010315;154 724 109;A01;2;7;5;0;1;1;1;
15847;202000010316;154 724 107;A01;2;17;0;2;8;1;1;
15848;202000010316;154 724 108;B01;2;7;0;2;7;12;1;
15849;202000010317;154 724 105;B01;1;10;0;2;3;0;1;
15850;202000010317;154 724 106;A01;1;7;3;2;9;0;1;
15851;202000010318;154 724 102;C01;1;7;0;2;2;1;1;
15852;202000010318;154 724 103;B01;1;13;0;0;6;1;0;
15853;202000010318;154 724 104;A01;1;7;0;2;2;17;1;
15854;202000010319;154 724 101;A01;1;33;0;0;7;1;1;
15855;202000010320;154 724 100;A01;1;7;13;0;2;1;1;
15856;202000010321;154 724 096;A01;0;7;0;2;1;2;0;
15857;202000010321;154 724 097;B01;0;7;0;2;4;2;0;
15858;202000010321;154 724 098;C01;0;7;0;0;4;2;0;
15859;202000010322;154 724 095;A01;3;7;6;0;1;1;1;
15860;202000010323;154 724 094;A01;1;7;13;0;9;1;1;
15861;202000010324;154 724 093;A01;2;7;5;0;1;0;1;
15862;202000010325;154 724 091;A01;2;7;0;2;0;5;1;
15863;202000010325;154 724 092;B01;1;7;0;2;2;2;1;
15864;202000010326;154 724 090;A01;2;7;4;0;2;2;1;
15865;202000010327;154 724 089;A01;1;7;4;0;1;2;1;
15866;202000010329;154 724 086;A01;2;7;3;0;2;2;1;
15867;202000010330;154 724 084;A01;2;10;0;2;1;1;1;
15868;202000010330;154 724 085;B01;2;10;0;2;4;1;1;
15869;202000010332;154 724 081;B01;2;7;0;2;8;2;1;
15870;202000010332;154 724 082;A01;2;7;0;2;2;12;1;
15871;202000010333;154 724 080;A01;1;7;4;0;1;16;1;
15872;202000010334;154 724 078;A01;2;7;0;2;1;1;1;
15873;202000010334;154 724 079;B01;2;7;0;2;5;2;1;
15874;202000010335;154 724 077;A01;2;10;0;2;3;1;0;
15875;202000010336;154 724 075;B01;2;17;0;2;5;2;1;
15876;202000010336;154 724 076;A01;2;7;0;2;2;13;1;
15877;202000010337;154 724 070;C01;1;7;0;2;8;23;1;
15878;202000010337;154 724 071;B01;1;10;0;2;4;9;1;
15879;202000010337;154 724 072;A01;1;7;0;2;1;1;1;
15880;202000010337;154 724 073;E01;1;7;0;2;3;23;1;
15881;202000010337;154 724 074;D01;1;14;0;2;3;23;1;
15882;202000010338;154 724 069;A01;2;10;3;0;1;0;1;
15883;202000010339;154 724 067;A01;2;7;0;2;4;1;1;
15884;202000010339;154 724 068;B01;2;13;0;2;1;0;1;
15885;202000010340;154 724 066;A01;1;10;3;0;2;26;1;
15886;202000010341;154 724 062;A01;2;7;0;2;1;1;1;
15887;202000010341;154 724 063;D01;2;7;0;2;4;2;1;
15888;202000010341;154 724 064;C01;2;7;0;2;4;2;1;
15889;202000010341;154 724 065;B01;2;7;0;2;4;2;1;
15890;202000010342;154 724 061;A01;1;10;11;0;1;1;-1;
15891;202000010343;154 724 060;A01;2;7;9;0;3;1;-1;
15892;202000010344;154 724 059;A01;1;7;1;0;3;13;1;
15893;202000010345;154 724 058;A01;3;7;1;0;1;14;1;
15894;202000010346;154 724 056;B01;0;33;0;2;7;17;1;
15895;202000010346;154 724 057;A01;1;7;0;2;8;15;1;
15896;202000010347;154 724 054;A01;0;7;0;2;1;9;1;
15897;202000010347;154 724 055;B01;0;7;0;2;8;1;1;
15898;202000010348;154 724 052;B01;2;7;11;2;2;1;1;
15899;202000010348;154 724 053;A01;1;7;11;2;1;15;2;
15900;202000010349;154 724 050;B01;1;7;0;2;4;2;1;
15901;202000010349;154 724 051;A01;1;14;0;2;2;2;1;
15902;202000010350;154 724 046;D01;2;2;0;2;4;23;1;
15903;202000010350;154 724 047;A01;2;7;0;2;1;26;1;
15904;202000010350;154 724 048;B01;2;2;0;2;4;1;1;
15905;202000010350;154 724 049;C01;2;2;0;2;4;1;1;
15906;202000010351;154 724 044;A01;3;7;0;2;7;1;1;
15907;202000010351;154 724 045;B01;3;7;0;2;3;1;1;
15908;202000010352;154 724 042;A01;3;1;0;2;7;19;5;
15909;202000010352;154 724 043;B01;3;7;0;2;1;15;1;
15910;202000010353;154 724 041;A01;3;7;0;1;1;1;1;
15911;202000010354;154 724 039;B01;1;33;0;2;1;3;1;
15912;202000010354;154 724 040;A01;1;10;0;2;8;15;1;
15913;202000010355;154 724 038;A01;3;7;9;0;1;16;1;
15914;202000010356;154 724 037;A01;0;7;0;1;3;16;1;
15915;202000010357;154 724 036;A01;1;1;0;0;0;1;5;
15916;202000010358;154 724 034;A01;2;1;0;2;1;1;5;
15917;202000010358;154 724 035;B01;1;7;0;2;2;15;1;
15918;202000010359;154 724 033;A01;1;7;0;1;1;1;1;
15919;202000010360;154 724 030;A01;1;7;3;0;0;1;1;
15920;202000010362;154 724 023;A01;1;7;0;1;1;15;1;
15921;202000010363;154 724 022;A01;1;7;0;1;0;9;1;
15922;202000010364;154 724 021;A01;3;10;0;1;4;4;1;
15923;202000010365;154 724 020;A01;2;7;0;1;1;15;1;
15924;202000010366;154 724 019;A01;1;7;0;1;1;1;1;
15925;202000010367;154 724 018;A01;2;13;0;1;5;2;0;
15926;202000010369;154 724 016;A01;2;7;0;1;1;1;1;
15927;202000010371;154 724 014;A01;1;7;0;1;2;1;1;
15928;202000010372;154 724 012;A01;1;7;0;2;3;9;1;
15929;202000010372;154 724 013;B01;1;7;0;2;1;1;1;
15930;202000010373;154 724 010;A01;2;10;0;2;2;1;1;
15931;202000010373;154 724 011;B01;2;7;0;2;6;1;1;
15932;202000010374;154 724 008;A01;1;7;0;2;1;2;1;
15933;202000010374;154 724 009;B01;1;7;0;2;4;2;1;
15934;202000010375;154 724 006;B01;1;7;0;2;4;1;1;
15935;202000010375;154 724 007;A01;1;7;0;2;1;26;3;
15936;202000010376;154 724 004;B01;3;7;0;2;1;1;1;
15937;202000010376;154 724 005;A01;2;7;6;2;1;1;1;
15938;202000010377;154 724 001;C01;2;10;0;2;1;1;1;
15939;202000010377;154 724 002;B01;2;7;0;2;0;1;1;
15940;202000010377;154 724 003;A01;2;7;4;0;8;1;1;
15941;202000010378;154 723 999;B01;1;7;0;0;1;1;0;
15942;202000010378;154 724 000;A01;2;50;0;2;1;19;3;
15943;202000010380;154 723 995;A01;1;7;0;2;2;1;1;
15944;202000010380;154 723 996;B01;1;7;0;2;1;15;1;
15945;202000010382;154 723 992;A01;3;7;0;0;5;0;1;
15946;202000010383;154 723 990;Z01;1;7;0;2;1;1;1;
15947;202000010383;154 723 991;B01;1;7;0;2;4;1;1;
15948;202000010384;154 723 987;A01;1;7;0;1;1;1;1;
15949;202000010385;154 723 986;A01;3;7;0;1;1;9;1;
15950;202000010386;154 723 984;A01;3;10;0;2;1;11;1;
15951;202000010386;154 723 985;B01;3;2;0;2;4;1;1;
15952;202000010387;154 723 983;A01;3;7;0;1;1;1;1;
15953;202000010388;154 723 982;A01;3;10;0;1;1;26;1;
15954;202000010389;154 723 980;A01;3;7;0;2;1;1;1;
15955;202000010389;154 723 981;B01;3;7;0;2;4;1;1;
15956;202000010390;154 723 979;A01;3;7;2;0;8;13;1;
15957;202000010391;154 723 977;B01;1;2;0;2;8;1;1;
15958;202000010391;154 723 978;A01;2;7;0;2;3;15;1;
15959;202000010392;154 723 975;B01;1;7;0;2;3;9;1;
15960;202000010392;154 723 976;A01;1;32;0;2;1;1;1;
15961;202000010393;154 723 974;A01;1;14;0;1;1;1;1;
15962;202000010394;154 723 973;A01;3;7;0;1;1;1;0;
15963;202000010395;154 723 971;B01;3;14;0;2;0;1;1;
15964;202000010395;154 723 972;A01;3;7;0;2;1;13;1;
15965;202000010396;154 723 970;A01;1;1;0;0;0;1;5;
15966;202000010398;154 723 966;B01;2;7;0;2;4;23;1;
15967;202000010398;154 723 967;Z01;2;10;0;2;1;1;0;
15968;202000010399;154 723 965;A01;2;1;0;0;0;21;5;
15969;202000010400;154 723 964;A01;2;10;0;1;1;15;1;
15970;202000010402;154 723 962;A01;1;30;11;0;2;1;3;
15971;202000010403;154 723 961;A01;2;7;0;1;2;1;0;
15972;202000010404;154 723 959;B01;2;7;0;2;4;26;1;
15973;202000010404;154 723 960;A01;2;7;0;2;1;0;1;
15974;202000010405;154 723 957;B01;1;1;1;0;0;2;5;
15975;202000010405;154 723 958;A01;1;10;0;2;8;22;1;
15976;202000010406;154 723 956;A01;1;10;0;1;4;4;1;
15977;202000010407;154 723 954;A01;2;2;0;0;8;13;1;
15978;202000010407;154 723 955;B01;2;2;0;0;7;17;1;
15979;202000010408;154 723 952;A01;1;33;0;2;4;23;1;
15980;202000010408;154 723 953;B01;1;7;0;2;1;1;0;
15981;202000010409;154 723 951;A01;1;7;3;0;7;1;1;
15982;202000010410;154 723 950;A01;3;14;0;1;4;4;0;
15983;202000010411;154 723 949;A01;1;7;0;1;3;1;1;
15984;202000010412;154 723 947;B01;3;7;0;2;3;15;0;
15985;202000010412;154 723 948;A01;3;1;0;2;3;1;5;
15986;202000010413;154 723 945;B01;0;33;0;2;1;2;1;
15987;202000010413;154 723 946;A01;0;7;0;2;4;4;0;
15988;202000010414;154 723 943;A01;3;17;0;2;2;1;1;
15989;202000010414;154 723 944;B01;3;2;0;2;1;0;1;
15990;202000010415;154 723 941;B01;1;7;0;2;1;1;1;
15991;202000010415;154 723 942;A01;2;7;0;2;2;1;1;
15992;202000010416;154 723 939;B01;2;10;0;2;3;16;1;
15993;202000010416;154 723 940;A01;1;32;0;2;1;1;1;
15994;202000010417;154 723 937;B01;2;7;0;0;1;1;1;
15995;202000010417;154 723 938;A01;2;10;7;2;2;15;1;
15996;202000010418;154 723 936;A01;2;10;0;1;7;20;1;
15997;202000010419;154 723 934;B01;2;34;0;2;1;17;1;
15998;202000010419;154 723 935;A01;2;7;0;2;6;15;1;
15999;202000010420;154 723 933;A01;1;17;13;0;2;0;0;
16000;202000010421;154 723 931;B01;2;38;0;2;1;1;1;1.0
16001;202000010421;154 723 932;A01;1;7;0;2;1;5;1;
16002;202000010422;154 723 930;A01;3;10;0;1;2;9;1;
16003;202000010423;154 723 929;A01;0;7;0;1;4;0;0;
16004;202000010424;154 723 928;A01;1;7;8;0;1;0;1;
16005;202000010425;154 723 927;A01;1;7;0;1;2;1;1;
16006;202000010428;154 723 923;A01;0;7;0;2;1;1;1;
16007;202000010428;154 723 924;B01;0;7;0;2;6;1;1;
16008;202000010429;154 723 921;A01;1;7;0;2;7;17;2;
16009;202000010429;154 723 922;B01;1;1;0;2;3;13;5;
16010;202000010430;154 723 920;A01;3;7;0;1;1;9;0;
16011;202000010431;154 723 917;A01;1;33;16;0;9;1;1;
16012;202000010432;154 723 915;B01;2;7;0;2;2;1;0;
16013;202000010432;154 723 916;A01;3;7;0;2;2;15;0;
16014;202000010433;154 723 913;B01;2;7;3;0;3;1;0;
16015;202000010433;154 723 914;A01;1;7;0;2;0;26;0;
16016;202000010434;154 723 912;A01;0;7;0;1;2;16;1;
16017;202000010435;154 723 910;B01;1;7;0;2;6;21;0;
16018;202000010435;154 723 911;A01;1;7;0;2;2;21;0;
16019;202000010437;154 723 908;A01;1;7;0;1;1;2;1;
16020;202000010438;154 723 907;A01;1;7;3;0;1;1;1;
16021;202000010439;154 723 901;D01;1;7;0;2;4;2;1;
16022;202000010439;154 723 902;E01;1;10;0;2;4;0;1;
16023;202000010439;154 723 903;F01;1;7;0;2;4;2;1;
16024;202000010439;154 723 904;A01;1;10;0;2;1;1;1;
16025;202000010439;154 723 905;B01;1;10;0;2;4;2;1;
16026;202000010439;154 723 906;C01;1;7;0;2;4;1;1;
16027;202000010440;154 723 899;A01;1;7;0;2;1;1;1;
16028;202000010440;154 723 900;B01;2;7;0;2;4;2;0;
16029;202000010441;154 723 897;B01;1;33;0;2;2;17;1;
16030;202000010441;154 723 898;A01;1;10;0;2;3;13;1;
16031;202000010442;154 723 896;A01;1;7;8;0;2;16;1;
16032;202000010443;154 723 894;A01;1;7;0;2;8;1;1;
16033;202000010443;154 723 895;B01;2;7;0;2;1;1;1;
16034;202000010444;154 723 892;B01;1;7;0;9;1;2;1;
16035;202000010444;154 723 893;A01;1;32;0;2;4;2;1;
16036;202000010445;154 723 890;B01;1;7;0;2;8;1;1;
16037;202000010445;154 723 891;A01;2;7;0;2;1;17;2;
16038;202000010446;154 723 889;A01;3;7;0;1;1;1;1;
16039;202000010447;154 723 887;B01;2;7;0;2;1;1;0;
16040;202000010447;154 723 888;A01;1;7;0;2;1;16;1;
16041;202000010448;154 723 886;Z01;3;7;0;1;1;15;1;
16042;202000010449;154 723 884;A01;3;7;0;2;1;1;1;
16043;202000010449;154 723 885;B01;3;7;0;2;8;1;1;
16044;202000010450;154 723 882;A01;2;7;0;2;1;15;1;
16045;202000010450;154 723 883;B01;2;32;0;2;1;23;1;
16046;202000010451;154 723 880;A01;1;7;0;2;7;15;6;
16047;202000010451;154 723 881;B01;2;7;0;2;2;1;6;
16048;202000010452;154 723 878;B01;2;7;0;2;4;1;1;
16049;202000010452;154 723 879;A01;2;7;0;2;1;2;1;
16050;202000010453;154 723 876;A01;3;7;0;2;3;9;1;
16051;202000010453;154 723 877;B01;1;34;0;2;7;1;1;
16052;202000010454;154 723 874;A01;3;1;0;2;1;5;5;
16053;202000010454;154 723 875;B01;3;7;0;2;1;1;1;
16054;202000010455;154 723 872;B01;2;33;1;2;2;17;1;
16055;202000010455;154 723 873;A01;2;7;0;2;3;15;1;
16056;202000010456;154 723 871;A01;1;32;0;1;1;1;1;
16057;202000010457;154 723 869;B01;1;31;0;2;4;23;1;
16058;202000010457;154 723 870;A01;1;30;0;2;1;2;1;
16059;202000010458;154 723 867;B01;1;32;0;2;1;1;1;
16060;202000010458;154 723 868;A01;2;7;0;2;7;15;2;
16061;202000010459;154 723 865;A01;1;7;0;2;2;15;2;
16062;202000010459;154 723 866;B01;2;30;0;2;1;1;1;
16063;202000010460;154 723 863;Z01;2;1;0;2;1;16;5;
16064;202000010460;154 723 864;A01;2;1;0;2;1;1;5;
16065;202000010461;154 723 862;A01;2;32;0;0;7;1;1;
16066;202000010462;154 723 860;B01;1;1;0;2;0;16;5;
16067;202000010462;154 723 861;A01;2;7;0;2;3;15;1;
16068;202000010463;154 723 859;A01;3;37;0;1;2;1;1;1.0
16069;202000010464;154 723 857;A01;1;34;0;2;1;13;1;
16070;202000010464;154 723 858;B01;1;7;0;2;3;15;1;
16071;202000010465;154 723 856;A01;0;7;0;1;0;0;0;
16072;202000010466;154 723 854;A01;0;3;0;2;3;24;0;
16073;202000010466;154 723 855;B01;2;7;1;2;5;9;0;
16074;202000010467;154 723 853;A01;2;7;0;1;3;1;1;
16075;202000010468;154 723 851;A01;1;2;0;2;3;13;1;
16076;202000010468;154 723 852;B01;2;2;0;2;3;13;1;
16077;202000010469;154 723 849;B01;2;7;0;2;1;1;6;
16078;202000010469;154 723 850;A01;1;7;0;2;1;13;6;
16079;202000010471;154 723 846;A01;3;15;0;2;3;1;1;
16080;202000010471;154 723 847;B01;3;7;0;2;2;1;1;
16081;202000010473;154 723 843;A01;1;2;11;0;8;17;1;
16082;202000010474;154 723 842;A01;1;7;8;0;1;13;1;
16083;202000010475;154 723 841;A01;2;10;0;1;1;21;1;
16084;202000010476;154 723 840;A01;-1;7;2;0;1;19;0;
16085;202000010477;154 723 838;B01;1;14;0;2;2;17;1;
16086;202000010477;154 723 839;A01;1;7;6;0;8;15;1;
16087;202000010479;154 723 835;A01;1;7;0;2;1;1;1;
16088;202000010479;154 723 836;B01;2;7;0;2;1;1;1;
16089;202000010480;154 723 832;B01;1;7;0;2;3;1;1;
16090;202000010480;154 723 833;A01;2;10;0;2;3;13;1;
16091;202000010481;154 723 830;A01;1;7;0;2;2;19;1;
16092;202000010481;154 723 831;B01;1;31;0;2;1;1;0;
16093;202000010482;154 723 829;A01;2;7;8;0;1;1;1;
16094;202000010483;154 723 828;A01;2;14;3;0;1;6;1;
16095;202000010484;154 723 827;A01;1;33;0;0;8;1;1;
16096;202000010485;154 723 825;B01;1;7;0;2;2;15;1;
16097;202000010485;154 723 826;A01;1;7;0;2;1;1;1;
16098;202000010486;154 723 823;B01;0;2;0;0;0;0;1;
16099;202000010486;154 723 824;A01;0;2;0;2;0;0;1;
16100;202000010487;154 723 821;A01;1;7;0;2;2;1;1;
16101;202000010487;154 723 822;B01;1;37;0;0;6;1;1;1.0
16102;202000010488;154 723 815;C01;2;10;0;2;1;1;1;
16103;202000010488;154 723 816;A01;1;10;0;2;1;13;1;
16104;202000010488;154 723 817;B01;2;37;0;2;3;1;1;1.0
16105;202000010489;154 723 814;A01;1;7;3;2;2;18;1;
16106;202000010490;154 723 812;B01;2;7;0;9;1;1;1;
16107;202000010490;154 723 813;A01;2;17;0;9;2;1;1;
16108;202000010491;154 723 811;A01;1;2;12;0;7;2;1;
16109;202000010492;154 723 810;A01;1;31;11;0;3;1;1;
16110;202000010493;154 723 809;A01;2;2;13;0;0;1;1;
16111;202000010494;154 723 808;A01;2;7;0;0;9;1;1;
16112;202000010495;154 723 806;A01;2;7;0;0;2;15;1;
16113;202000010495;154 723 807;B01;1;33;0;2;1;1;1;
16114;202000010496;154 723 805;B01;2;7;1;0;2;26;1;
16115;202000010497;154 723 803;B01;2;7;0;2;5;1;1;
16116;202000010497;154 723 804;A01;2;7;0;2;1;11;1;
16117;202000010498;154 723 802;A01;2;7;13;0;2;2;1;
16118;202000010499;154 723 799;B01;0;7;0;0;2;16;0;
16119;202000010499;154 723 800;A01;0;2;7;0;8;18;1;
16120;202000010501;154 723 795;A01;2;7;0;2;3;15;1;
16121;202000010501;154 723 796;B01;1;7;0;2;3;1;1;
16122;202000010502;154 723 793;A01;1;38;0;2;1;1;1;1.0
16123;202000010502;154 723 794;B01;2;7;0;2;8;10;1;
16124;202000010503;154 723 791;A01;2;7;0;2;1;2;1;
16125;202000010503;154 723 792;B01;2;21;0;2;4;1;1;
16126;202000010504;154 723 790;A01;1;7;13;0;1;13;1;
16127;202000010505;154 723 788;B01;1;7;0;2;2;1;1;
16128;202000010505;154 723 789;A01;1;7;0;2;8;11;1;
16129;202000010506;154 723 787;A01;2;7;13;0;8;26;1;
16130;202000010508;154 723 783;A01;1;7;0;2;4;4;1;
16131;202000010508;154 723 784;B01;1;7;0;2;1;2;1;
16132;202000010509;154 723 782;A01;1;7;14;0;1;13;1;
16133;202000010510;154 723 781;A01;2;33;4;0;0;18;1;
16134;202000010511;154 723 779;A01;2;14;0;2;7;12;1;
16135;202000010511;154 723 780;B01;2;7;0;2;8;1;1;
16136;202000010512;154 723 776;A01;2;7;0;2;2;1;1;
16137;202000010512;154 723 777;B01;2;7;0;2;2;1;1;
16138;202000010512;154 723 778;Z01;2;0;0;2;8;0;0;
16139;202000010514;154 723 773;A01;1;33;0;2;1;1;1;
16140;202000010514;154 723 774;B01;1;7;0;0;6;9;1;
16141;202000010515;154 723 772;A01;2;30;6;0;1;15;1;
16142;202000010516;154 723 770;B01;3;7;0;2;1;1;1;
16143;202000010516;154 723 771;A01;1;7;0;2;3;1;1;
16144;202000010517;154 723 768;A01;1;20;0;2;5;19;1;
16145;202000010517;154 723 769;B01;3;30;0;2;1;1;1;
16146;202000010518;154 723 765;B01;0;30;0;2;1;0;2;
16147;202000010518;154 723 766;C01;3;7;1;2;4;23;1;
16148;202000010518;154 723 767;A01;0;7;0;2;0;0;0;
16149;202000010519;154 723 764;A01;3;7;0;1;1;9;1;
16150;202000010520;154 723 763;A01;2;10;0;9;1;2;1;
16151;202000010521;154 723 761;A01;1;10;0;9;1;19;1;
16152;202000010521;154 723 762;B01;2;1;0;2;8;2;5;
16153;202000010522;154 723 759;A01;1;7;0;2;2;9;1;
16154;202000010522;154 723 760;B01;1;7;0;2;1;1;1;
16155;202000010523;154 723 758;A01;1;7;9;0;2;1;1;
16156;202000010524;154 723 756;A01;2;30;0;2;1;1;1;
16157;202000010524;154 723 757;B01;1;7;0;2;7;1;1;
16158;202000010525;154 723 754;A01;1;7;0;2;2;15;1;
16159;202000010525;154 723 755;B01;2;2;0;2;1;1;1;
16160;202000010526;154 723 748;B01;3;7;0;2;1;26;1;
16161;202000010526;154 723 749;A01;3;7;0;2;1;26;1;
16162;202000010527;154 723 747;A01;0;7;0;1;1;13;1;
16163;202000010528;154 723 746;A01;2;30;0;1;1;1;0;
16164;202000010529;154 723 744;A01;1;7;0;2;3;15;1;
16165;202000010529;154 723 745;B01;1;32;0;2;2;17;1;
16166;202000010530;154 723 741;A01;2;33;0;0;0;1;0;
16167;202000010532;154 723 737;Z01;1;7;0;9;0;1;0;
16168;202000010532;154 723 738;B01;1;50;0;2;0;1;3;
16169;202000010533;154 723 735;A01;2;7;0;2;1;2;1;
16170;202000010533;154 723 736;B01;2;7;0;2;4;2;1;
16171;202000010534;154 723 733;A01;3;7;0;2;3;16;1;
16172;202000010534;154 723 734;B01;1;7;0;2;2;1;1;
16173;202000010535;154 723 732;A01;3;7;0;1;5;4;1;
16174;202000010536;154 723 730;A01;2;7;0;2;3;1;1;
16175;202000010536;154 723 731;B01;1;7;0;2;1;15;1;
16176;202000010537;154 723 728;A01;3;7;0;2;1;17;1;
16177;202000010537;154 723 729;B01;3;80;0;2;1;1;3;
16178;202000010538;154 723 726;B01;2;1;0;2;1;1;0;
16179;202000010538;154 723 727;A01;2;7;0;2;6;26;2;
16180;202000010539;154 723 724;A01;3;7;0;2;3;15;6;
16181;202000010539;154 723 725;B01;3;7;0;2;3;1;6;
16182;202000010540;154 723 722;B01;3;7;0;2;1;0;0;
16183;202000010540;154 723 723;A01;3;7;0;2;1;26;1;
16184;202000010541;154 723 720;B01;2;7;0;2;7;1;1;
16185;202000010541;154 723 721;A01;1;7;0;2;1;19;1;
16186;202000010542;154 723 718;B01;3;7;0;2;3;1;1;
16187;202000010542;154 723 719;A01;1;2;0;2;1;1;1;
16188;202000010543;154 723 716;B01;2;31;0;2;1;1;1;
16189;202000010543;154 723 717;A01;1;7;0;2;1;9;1;
16190;202000010544;154 723 714;B01;1;33;0;2;1;1;1;
16191;202000010544;154 723 715;A01;1;7;0;2;8;19;1;
16192;202000010546;154 723 710;B01;1;7;0;2;4;1;1;
16193;202000010546;154 723 711;A01;1;33;0;2;1;1;1;
16194;202000010547;154 723 708;A01;1;31;0;2;1;2;1;
16195;202000010547;154 723 709;B01;1;7;0;2;4;2;1;
16196;202000010548;154 723 706;A01;1;7;0;2;1;1;1;
16197;202000010548;154 723 707;B01;1;1;0;2;7;1;5;
16198;202000010549;154 723 705;A01;2;1;0;1;1;1;5;
16199;202000010550;154 723 703;B01;1;7;0;2;6;15;1;
16200;202000010550;154 723 704;A01;1;32;0;2;3;1;1;
16201;202000010551;154 723 701;A01;1;30;0;2;2;7;1;
16202;202000010551;154 723 702;B01;1;1;0;2;8;23;5;
16203;202000010552;154 723 700;A01;2;1;0;1;1;1;5;
16204;202000010553;154 723 699;A01;1;7;0;1;0;1;0;
16205;202000010554;154 723 698;Z01;2;33;0;1;1;7;0;
16206;202000010555;154 723 697;A01;2;30;0;1;7;7;1;
16207;202000010556;154 723 695;B01;3;32;0;2;2;17;1;
16208;202000010556;154 723 696;A01;3;7;0;2;3;13;1;
16209;202000010558;154 723 693;A01;2;1;0;0;0;1;5;
16210;202000010559;154 723 691;B01;2;7;0;2;6;2;1;
16211;202000010559;154 723 692;A01;2;31;0;2;1;2;1;
16212;202000010560;154 723 689;A01;0;7;8;2;7;17;1;
16213;202000010560;154 723 690;B01;0;7;0;2;5;15;1;
16214;202000010561;154 723 687;B01;3;1;0;2;1;9;5;
16215;202000010561;154 723 688;A01;2;34;0;2;1;1;1;
16216;202000010562;154 723 685;B01;1;99;0;2;4;2;0;
16217;202000010562;154 723 686;A01;1;30;0;2;1;1;0;
16218;202000010563;154 723 683;A01;0;37;0;2;1;1;1;1.0
16219;202000010563;154 723 684;B01;0;30;0;2;8;8;1;
16220;202000010564;154 723 681;B01;1;33;0;2;1;1;1;
16221;202000010564;154 723 682;A01;1;7;0;2;3;15;5;
16222;202000010567;154 723 675;B01;1;30;0;2;7;21;1;
16223;202000010567;154 723 676;A01;1;99;0;2;3;1;1;
16224;202000010568;154 723 674;A01;3;7;0;1;1;1;2;
16225;202000010570;154 723 672;A01;1;7;0;1;3;1;1;
16226;202000010571;154 723 669;A01;2;7;0;2;1;2;1;
16227;202000010571;154 723 670;B01;2;16;0;2;6;1;1;
16228;202000010571;154 723 671;C01;2;7;1;0;1;2;1;
16229;202000010572;154 723 667;A01;2;2;8;2;1;1;0;
16230;202000010572;154 723 668;B01;1;7;0;2;1;1;0;
16231;202000010573;154 723 665;B01;2;10;0;2;1;1;0;