;Num_Acc;id_vehicule;num_veh;senc;catv;obs;obsm;choc;manv;motor;occutc
16232;202000010573;154 723 666;A01;1;30;0;2;1;15;0;
16233;202000010574;154 723 664;A01;3;36;13;0;0;21;1;
16234;202000010575;154 723 663;A01;2;33;3;0;8;1;0;
16235;202000010576;154 723 661;B01;3;60;0;0;8;19;5;
16236;202000010576;154 723 662;A01;1;7;0;2;2;1;1;
16237;202000010577;154 723 659;A01;1;7;0;2;1;2;1;
16238;202000010577;154 723 660;B01;1;7;0;0;4;1;1;
16239;202000010578;154 723 657;B01;1;33;0;2;8;1;1;
16240;202000010578;154 723 658;A01;2;7;0;2;1;15;1;
16241;202000010579;154 723 656;A01;2;7;13;0;1;0;1;
16242;202000010580;154 723 655;A01;0;7;0;1;4;4;1;
16243;202000010581;154 723 653;A01;1;13;0;2;8;13;1;
16244;202000010581;154 723 654;B01;2;13;0;2;8;1;1;
16245;202000010582;154 723 652;A01;3;36;2;0;0;0;1;
16246;202000010583;154 723 651;A01;3;36;13;0;2;0;1;
16247;202000010584;154 723 649;A01;1;2;0;2;1;1;1;
16248;202000010584;154 723 650;B01;2;7;0;0;8;1;1;
16249;202000010585;154 723 648;A01;3;2;0;0;0;1;1;
16250;202000010586;154 723 647;A01;2;7;3;0;3;21;0;
16251;202000010588;154 723 643;A01;2;7;13;0;3;1;1;
16252;202000010589;154 723 641;B01;3;7;0;2;2;15;1;
16253;202000010589;154 723 642;A01;1;7;0;0;3;1;1;
16254;202000010590;154 723 640;A01;2;7;0;1;2;1;1;
16255;202000010591;154 723 638;B01;2;21;0;0;6;1;1;
16256;202000010591;154 723 639;A01;2;7;0;2;3;1;1;
16257;202000010592;154 723 636;B01;2;7;0;2;1;1;1;
16258;202000010592;154 723 637;A01;2;7;0;2;8;19;1;
16259;202000010593;154 723 634;A01;1;10;0;2;2;0;1;
16260;202000010593;154 723 635;B01;1;7;0;2;4;1;1;
16261;202000010594;154 723 632;A01;2;15;0;2;3;1;1;
16262;202000010594;154 723 633;B01;2;7;0;2;4;1;1;
16263;202000010595;154 723 630;Z01;2;99;0;0;0;0;0;
16264;202000010595;154 723 631;A01;2;7;0;2;2;18;1;
16265;202000010596;154 723 627;B01;2;10;1;0;2;26;1;
16266;202000010596;154 723 628;A01;2;7;0;2;6;26;1;
16267;202000010596;154 723 629;C01;2;7;3;2;0;26;1;
16268;202000010597;154 723 626;A01;1;7;14;0;1;13;0;
16269;202000010598;154 723 624;B01;1;7;0;2;5;12;1;
16270;202000010598;154 723 625;A01;1;7;0;2;1;11;1;
16271;202000010599;154 723 622;B01;3;7;0;2;4;2;1;
16272;202000010599;154 723 623;A01;3;7;0;2;1;2;1;
16273;202000010600;154 723 621;A01;1;7;15;0;7;15;1;
16274;202000010601;154 723 620;A01;1;1;0;1;1;0;5;
16275;202000010602;154 723 619;A01;1;2;14;0;1;14;1;
16276;202000010603;154 723 616;A01;1;7;2;0;2;14;1;
16277;202000010604;154 723 614;B01;1;7;0;2;4;2;1;
16278;202000010604;154 723 615;A01;1;10;0;2;1;2;1;
16279;202000010605;154 723 612;B01;2;7;0;2;1;1;1;
16280;202000010605;154 723 613;A01;2;7;0;2;2;1;1;
16281;202000010606;154 723 611;A01;3;7;0;1;4;20;1;
16282;202000010607;154 723 609;B01;2;7;0;2;4;23;1;
16283;202000010607;154 723 610;A01;2;7;0;2;1;1;1;
16284;202000010608;154 723 608;A01;1;7;0;1;1;1;1;
16285;202000010609;154 723 606;A01;1;7;0;2;1;2;1;
16286;202000010609;154 723 607;B01;1;7;0;2;4;23;1;
16287;202000010610;154 723 604;B01;2;7;0;0;1;2;1;
16288;202000010610;154 723 605;A01;1;33;0;2;1;2;1;
16289;202000010611;154 723 602;B01;2;33;0;2;8;1;0;
16290;202000010611;154 723 603;A01;1;10;0;2;1;15;1;
16291;202000010612;154 723 599;A01;2;7;0;1;2;15;1;
16292;202000010613;154 723 597;A01;1;7;0;2;1;1;1;
16293;202000010613;154 723 598;B01;1;7;0;2;4;15;1;
16294;202000010614;154 723 595;B01;2;30;0;2;1;1;1;
16295;202000010614;154 723 596;A01;2;7;0;2;3;16;1;
16296;202000010615;154 723 594;A01;1;50;0;1;1;1;3;
16297;202000010616;154 723 592;A01;2;17;0;2;2;21;1;
16298;202000010616;154 723 593;B01;2;7;0;2;8;1;1;
16299;202000010617;154 723 590;A01;1;7;0;2;8;9;1;
16300;202000010617;154 723 591;B01;1;1;0;2;7;1;5;
16301;202000010618;154 723 588;B01;1;10;0;2;5;16;1;
16302;202000010618;154 723 589;A01;1;31;0;2;8;1;1;
16303;202000010619;154 723 586;A01;1;15;0;2;5;4;1;
16304;202000010619;154 723 587;B01;1;7;0;2;2;1;1;
16305;202000010620;154 723 585;A01;2;32;0;0;7;26;1;
16306;202000010621;154 723 583;B01;1;1;0;2;1;5;5;
16307;202000010621;154 723 584;A01;2;7;0;2;3;1;1;
16308;202000010622;154 723 581;B01;2;10;0;2;7;1;1;
16309;202000010622;154 723 582;A01;2;7;0;2;1;16;1;
16310;202000010623;154 723 579;B01;2;2;0;2;6;17;1;
16311;202000010623;154 723 580;A01;2;7;0;2;3;15;1;
16312;202000010624;154 723 578;A01;2;7;0;1;2;1;1;
16313;202000010625;154 723 576;B01;1;34;0;2;1;1;1;
16314;202000010625;154 723 577;A01;2;7;0;0;0;19;1;
16315;202000010626;154 723 574;A01;0;7;0;2;5;20;1;
16316;202000010626;154 723 575;B01;0;33;0;2;1;0;1;
16317;202000010627;154 723 572;A01;1;33;0;2;1;13;1;
16318;202000010627;154 723 573;B01;2;7;0;2;1;1;1;
16319;202000010628;154 723 571;A01;2;2;0;0;0;1;0;
16320;202000010629;154 723 570;A01;3;10;0;1;4;4;1;
16321;202000010631;154 723 566;A01;1;33;0;2;2;13;1;
16322;202000010631;154 723 567;B01;1;7;0;2;6;23;1;
16323;202000010632;154 723 565;A01;1;1;0;1;8;16;5;
16324;202000010633;154 723 563;A01;1;33;0;2;1;1;1;
16325;202000010633;154 723 564;Z01;1;7;0;2;8;10;1;
16326;202000010634;154 723 561;B01;2;7;0;2;0;15;1;
16327;202000010634;154 723 562;A01;1;7;1;2;2;1;3;
16328;202000010635;154 723 559;A01;2;7;0;2;2;1;1;
16329;202000010635;154 723 560;B01;1;7;0;1;8;1;1;
16330;202000010636;154 723 557;B01;1;43;0;2;3;1;1;
16331;202000010636;154 723 558;A01;3;7;0;2;1;10;1;
16332;202000010637;154 723 555;B01;2;43;0;2;1;1;1;
16333;202000010637;154 723 556;A01;1;7;0;2;5;15;1;
16334;202000010638;154 723 553;A01;1;7;0;2;1;2;1;
16335;202000010638;154 723 554;B01;1;30;0;2;4;2;1;
16336;202000010639;154 723 551;B01;2;1;0;2;1;1;5;
16337;202000010639;154 723 552;A01;1;7;0;2;5;15;1;
16338;202000010640;154 723 549;A01;1;7;0;2;3;15;1;
16339;202000010640;154 723 550;B01;1;2;0;2;2;15;1;
16340;202000010641;154 723 548;A01;2;7;0;1;3;1;1;
16341;202000010642;154 723 546;A01;1;30;0;2;0;17;1;
16342;202000010642;154 723 547;B01;1;7;0;2;3;26;1;
16343;202000010643;154 723 544;A01;1;10;0;2;1;1;1;
16344;202000010643;154 723 545;B01;1;10;0;2;0;2;0;
16345;202000010644;154 723 542;A01;1;2;6;0;2;17;0;
16346;202000010644;154 723 543;B01;1;7;0;2;3;15;1;
16347;202000010645;154 723 540;A01;1;3;0;2;8;15;1;
16348;202000010645;154 723 541;B01;1;32;0;2;0;0;0;
16349;202000010646;154 723 539;A01;1;7;0;2;7;15;0;
16350;202000010647;154 723 537;A01;1;14;0;2;4;23;0;
16351;202000010647;154 723 538;B01;1;14;1;0;1;1;0;
16352;202000010648;154 723 536;A01;3;32;0;1;1;25;1;
16353;202000010649;154 723 534;B01;1;7;1;1;8;23;1;
16354;202000010649;154 723 535;A01;1;10;1;1;2;1;1;
16355;202000010650;154 723 532;B01;1;7;0;2;2;16;0;
16356;202000010650;154 723 533;A01;2;32;0;2;9;0;1;
16357;202000010651;154 723 530;B01;3;7;0;2;3;1;1;
16358;202000010651;154 723 531;A01;3;50;0;2;3;19;3;
16359;202000010652;154 723 528;B01;1;2;0;2;2;0;0;
16360;202000010652;154 723 529;A01;2;10;0;2;0;0;0;
16361;202000010653;154 723 526;B01;2;2;0;2;8;13;1;
16362;202000010653;154 723 527;A01;1;7;0;2;8;1;1;
16363;202000010654;154 723 524;A01;2;7;0;2;1;1;1;
16364;202000010654;154 723 525;B01;1;17;0;2;1;1;1;
16365;202000010655;154 723 523;A01;3;33;0;0;3;0;1;
16366;202000010656;154 723 521;B01;1;7;0;2;3;16;1;
16367;202000010656;154 723 522;A01;1;7;0;2;2;1;1;
16368;202000010657;154 723 519;A01;1;7;0;1;3;1;1;
16369;202000010658;154 723 517;A01;1;14;0;0;6;0;1;
16370;202000010658;154 723 518;B01;1;33;13;2;2;21;1;
16371;202000010659;154 723 515;B01;2;7;0;2;2;15;1;
16372;202000010659;154 723 516;A01;1;7;0;2;1;1;1;
16373;202000010660;154 723 514;A01;1;33;0;0;0;1;0;
16374;202000010662;154 723 510;B01;2;7;0;2;1;1;1;
16375;202000010662;154 723 511;A01;1;7;0;2;1;1;1;
16376;202000010663;154 723 508;B01;1;7;0;2;1;1;0;
16377;202000010663;154 723 509;A01;2;7;0;2;3;16;0;
16378;202000010664;154 723 507;A01;2;7;6;0;3;17;1;
16379;202000010665;154 723 506;A01;3;1;0;0;0;1;5;
16380;202000010666;154 723 503;A01;3;2;0;2;1;13;1;
16381;202000010666;154 723 504;B01;3;7;0;2;2;1;1;
16382;202000010667;154 723 502;A01;0;7;0;1;2;1;1;
16383;202000010669;154 723 500;A01;2;7;2;0;9;1;1;
16384;202000010670;154 723 498;A01;3;7;0;0;1;19;1;
16385;202000010670;154 723 499;B01;0;7;0;0;1;19;1;
16386;202000010671;154 723 496;A01;1;1;0;2;8;19;5;
16387;202000010671;154 723 497;B01;2;7;0;2;1;1;1;
16388;202000010672;154 723 494;A01;1;7;0;2;7;1;1;
16389;202000010672;154 723 495;B01;2;2;0;2;1;1;1;
16390;202000010673;154 723 492;B01;2;7;0;2;1;21;1;
16391;202000010673;154 723 493;A01;1;7;0;2;2;13;1;
16392;202000010674;154 723 491;A01;3;7;0;1;2;1;1;
16393;202000010675;154 723 490;A01;3;10;2;0;1;21;1;
16394;202000010676;154 723 488;A01;2;7;0;0;1;1;0;
16395;202000010676;154 723 489;B01;1;7;0;0;2;13;0;
16396;202000010677;154 723 487;A01;1;7;4;0;2;0;0;
16397;202000010678;154 723 485;A01;2;7;0;2;3;15;1;
16398;202000010678;154 723 486;B01;1;33;0;2;1;1;1;
16399;202000010679;154 723 482;C01;2;7;0;2;8;1;1;
16400;202000010679;154 723 483;B01;2;10;0;2;3;1;1;
16401;202000010679;154 723 484;A01;1;7;0;2;1;13;1;
16402;202000010680;154 723 480;A01;2;7;0;2;2;16;1;
16403;202000010680;154 723 481;B01;2;1;0;2;1;1;5;
16404;202000010681;154 723 478;B01;1;7;0;0;8;15;1;
16405;202000010681;154 723 479;A01;1;33;0;2;1;1;1;
16406;202000010682;154 723 476;A01;0;7;0;2;1;9;0;
16407;202000010682;154 723 477;B01;1;32;1;2;9;1;1;
16408;202000010683;154 723 474;A01;1;7;0;2;6;15;0;
16409;202000010683;154 723 475;B01;2;2;0;2;1;1;0;
16410;202000010684;154 723 472;B01;1;33;16;0;7;1;1;
16411;202000010684;154 723 473;A01;1;2;16;0;0;1;1;
16412;202000010685;154 723 470;A01;3;33;0;2;1;2;1;
16413;202000010685;154 723 471;B01;3;7;0;0;4;15;1;
16414;202000010686;154 723 466;A01;1;10;0;2;4;1;1;
16415;202000010686;154 723 467;B01;1;7;0;2;6;1;1;
16416;202000010686;154 723 468;C01;1;7;0;2;1;17;1;
16417;202000010686;154 723 469;D01;1;7;0;2;1;1;1;
16418;202000010688;154 723 463;B01;1;7;0;2;4;1;1;
16419;202000010688;154 723 464;A01;1;7;0;2;1;26;1;
16420;202000010689;154 723 462;A01;3;7;0;1;4;20;0;
16421;202000010690;154 723 460;A01;1;7;1;2;7;15;1;
16422;202000010690;154 723 461;B01;2;0;1;2;1;1;0;
16423;202000010691;154 723 459;A01;1;7;0;2;1;14;1;
16424;202000010692;154 723 457;B01;2;7;0;2;4;2;1;
16425;202000010692;154 723 458;A01;2;7;0;2;1;2;1;
16426;202000010693;154 723 455;B01;1;7;0;2;6;15;1;
16427;202000010693;154 723 456;A01;1;32;0;2;1;1;1;
16428;202000010694;154 723 454;A01;2;7;7;2;1;9;1;
16429;202000010695;154 723 452;A01;2;7;0;2;8;22;1;
16430;202000010695;154 723 453;B01;2;1;0;0;0;0;0;
16431;202000010696;154 723 451;A01;0;7;0;1;1;1;1;
16432;202000010697;154 723 450;A01;2;7;8;0;1;1;1;
16433;202000010698;154 723 449;A01;2;80;0;0;1;1;3;
16434;202000010699;154 723 448;A01;1;30;0;0;0;13;1;
16435;202000010700;154 723 446;B01;0;1;0;2;7;9;0;
16436;202000010700;154 723 447;A01;0;2;0;2;1;9;1;
16437;202000010703;154 723 441;A01;3;7;0;1;2;20;1;
16438;202000010704;154 723 439;A01;0;7;0;2;8;15;1;
16439;202000010704;154 723 440;B01;1;7;0;2;1;1;1;
16440;202000010705;154 723 438;A01;1;7;0;1;2;1;1;
16441;202000010707;154 723 435;B01;2;7;0;2;3;1;1;
16442;202000010707;154 723 436;A01;1;30;0;2;1;15;1;
16443;202000010708;154 723 433;A01;1;7;0;2;1;2;1;
16444;202000010708;154 723 434;B01;1;10;0;2;4;23;1;
16445;202000010710;154 723 430;B01;1;30;0;2;1;17;1;
16446;202000010710;154 723 431;A01;1;21;0;2;3;15;1;
16447;202000010711;154 723 428;A01;3;7;0;2;1;26;1;
16448;202000010711;154 723 429;B01;3;1;0;2;3;1;0;
16449;202000010712;154 723 427;A01;2;30;16;0;8;14;3;
16450;202000010713;154 723 425;A01;2;7;1;0;3;13;1;
16451;202000010715;154 723 422;A01;1;1;0;0;0;0;5;
16452;202000010716;154 723 420;A01;1;7;0;2;3;0;1;
16453;202000010716;154 723 421;B01;1;2;0;2;1;0;1;
16454;202000010717;154 723 418;B01;2;80;0;2;2;19;3;
16455;202000010717;154 723 419;A01;3;7;0;2;2;1;1;
16456;202000010719;154 723 414;A01;3;1;0;2;7;19;5;
16457;202000010719;154 723 415;B01;3;10;0;2;1;16;0;
16458;202000010720;154 723 409;B01;3;7;0;2;3;0;2;
16459;202000010720;154 723 410;A01;3;7;0;2;2;15;1;
16460;202000010721;154 723 408;A01;1;33;0;0;1;1;1;
16461;202000010722;154 723 406;A01;1;7;0;2;5;15;1;
16462;202000010722;154 723 407;B01;2;2;0;2;1;1;1;
16463;202000010723;154 723 405;A01;1;7;0;1;1;0;1;
16464;202000010724;154 723 404;A01;1;7;0;1;1;1;1;
16465;202000010725;154 723 402;B01;2;7;0;2;4;1;1;
16466;202000010725;154 723 403;A01;2;7;0;2;1;1;1;
16467;202000010726;154 723 401;A01;3;7;3;0;3;13;1;
16468;202000010727;154 723 399;B01;1;32;0;2;1;1;1;
16469;202000010727;154 723 400;A01;1;1;0;2;8;15;5;
16470;202000010728;154 723 398;A01;2;10;1;0;3;26;1;
16471;202000010729;154 723 397;A01;1;7;0;1;6;4;1;
16472;202000010730;154 723 395;B01;2;31;0;2;1;1;1;
16473;202000010730;154 723 396;A01;2;30;0;2;7;16;1;
16474;202000010731;154 723 393;A01;2;7;0;2;3;10;1;
16475;202000010731;154 723 394;B01;2;1;0;2;1;1;5;
16476;202000010732;154 723 391;A01;1;10;0;2;3;13;1;
16477;202000010732;154 723 392;B01;1;30;0;2;2;17;3;
16478;202000010733;154 723 389;A01;2;30;0;2;1;1;0;
16479;202000010733;154 723 390;B01;2;7;0;2;5;23;0;
16480;202000010734;154 723 387;B01;1;7;1;0;3;15;0;
16481;202000010734;154 723 388;A01;1;7;1;0;2;17;0;
16482;202000010735;154 723 386;A01;2;7;0;1;3;15;0;
16483;202000010736;154 723 384;B01;3;1;0;2;1;1;5;
16484;202000010736;154 723 385;A01;3;7;14;0;2;26;0;
16485;202000010737;154 723 382;A01;-1;7;0;2;3;1;1;
16486;202000010737;154 723 383;B01;0;7;0;2;8;1;1;
16487;202000010739;154 723 379;B01;2;7;0;2;3;15;1;
16488;202000010739;154 723 380;A01;2;2;0;2;2;1;1;
16489;202000010740;154 723 377;A01;2;7;0;2;0;0;1;
16490;202000010740;154 723 378;B01;2;7;0;2;0;0;1;
16491;202000010741;154 723 375;B01;0;7;0;0;0;18;1;
16492;202000010741;154 723 376;A01;3;7;4;0;0;21;1;
16493;202000010742;154 723 372;A01;3;33;13;0;1;1;1;
16494;202000010743;154 723 371;A01;2;33;13;0;8;1;1;
16495;202000010744;154 723 370;A01;3;7;13;0;1;9;1;
16496;202000010745;154 723 368;A01;2;33;0;2;1;1;1;
16497;202000010745;154 723 369;B01;3;7;0;2;8;15;1;
16498;202000010746;154 723 366;A01;1;33;0;2;1;18;1;
16499;202000010746;154 723 367;B01;1;21;0;0;5;16;1;
16500;202000010748;154 723 363;A01;2;7;0;2;1;0;1;
16501;202000010748;154 723 364;B01;1;7;0;2;4;1;1;
16502;202000010749;154 723 362;A01;0;7;13;0;3;13;0;
16503;202000010750;154 723 360;A01;2;7;0;0;1;1;1;
16504;202000010750;154 723 361;B01;2;1;0;2;1;9;6;
16505;202000010751;154 723 359;A01;2;33;0;0;9;2;1;
16506;202000010752;154 723 357;B01;1;17;13;2;2;21;1;
16507;202000010752;154 723 358;A01;2;7;13;2;2;5;1;
16508;202000010753;154 723 355;B01;2;7;0;2;3;1;0;
16509;202000010753;154 723 356;A01;1;7;0;2;3;13;0;
16510;202000010754;154 723 354;A01;0;36;12;0;1;19;0;
16511;202000010755;154 723 353;A01;0;7;13;0;0;1;1;
16512;202000010757;154 723 351;A01;1;7;4;0;1;2;1;
16513;202000010758;154 723 349;B01;1;7;0;2;3;14;1;
16514;202000010758;154 723 350;A01;2;2;0;2;1;13;1;
16515;202000010759;154 723 348;A01;3;36;13;0;4;4;1;
16516;202000010760;154 723 347;A01;1;7;8;0;3;1;1;
16517;202000010761;154 723 344;A01;2;7;4;2;1;5;1;
16518;202000010761;154 723 345;B01;1;7;0;2;1;2;1;
16519;202000010763;154 723 341;A01;1;31;13;0;6;1;6;
16520;202000010764;154 723 339;A01;0;7;0;2;1;13;0;
16521;202000010764;154 723 340;B01;0;10;0;2;1;23;0;
16522;202000010765;154 723 338;A01;1;32;13;0;2;1;1;
16523;202000010766;154 723 334;B01;3;7;0;2;3;1;0;
16524;202000010766;154 723 335;A01;3;2;0;2;1;13;0;
16525;202000010767;154 723 332;B01;0;7;0;0;3;0;1;
16526;202000010767;154 723 333;A01;0;30;1;0;1;0;3;
16527;202000010768;154 723 330;B01;1;7;0;2;8;1;1;
16528;202000010768;154 723 331;A01;2;7;8;2;8;1;1;
16529;202000010769;154 723 328;B01;2;7;0;2;3;1;1;
16530;202000010769;154 723 329;A01;1;7;0;2;3;13;1;
16531;202000010770;154 723 326;A01;1;7;0;2;1;19;1;
16532;202000010770;154 723 327;B01;1;33;0;2;8;1;1;
16533;202000010772;154 723 321;B01;1;7;0;2;1;1;1;
16534;202000010772;154 723 322;C01;1;10;0;2;1;1;0;
16535;202000010772;154 723 323;A01;1;7;0;0;4;1;1;
16536;202000010773;154 723 320;A01;0;7;0;1;1;1;1;
16537;202000010774;154 723 319;A01;1;7;0;1;7;16;1;
16538;202000010779;154 723 309;A01;1;1;0;2;1;14;5;
16539;202000010779;154 723 310;B01;2;7;0;9;7;1;1;
16540;202000010780;154 723 307;B01;1;7;0;2;4;2;1;
16541;202000010780;154 723 308;A01;1;30;0;2;1;2;1;
16542;202000010782;154 723 303;A01;2;7;0;2;3;1;1;
16543;202000010782;154 723 304;Z01;1;7;0;2;2;1;0;
16544;202000010783;154 723 301;B01;2;7;0;2;1;1;1;
16545;202000010783;154 723 302;A01;2;34;0;2;1;1;1;
16546;202000010784;154 723 299;A01;2;33;15;0;1;13;1;
16547;202000010784;154 723 300;B01;2;37;0;2;1;1;1;1.0
16548;202000010785;154 723 297;A01;1;7;0;2;3;15;1;
16549;202000010785;154 723 298;B01;1;7;0;2;2;1;1;
16550;202000010786;154 723 295;A01;1;7;0;2;3;1;1;
16551;202000010786;154 723 296;B01;2;32;0;2;7;1;1;
16552;202000010787;154 723 294;A01;1;7;0;1;4;4;1;
16553;202000010788;154 723 292;B01;1;32;0;2;2;1;1;
16554;202000010788;154 723 293;A01;2;30;0;2;3;15;1;
16555;202000010789;154 723 290;A01;1;7;0;2;7;1;1;
16556;202000010789;154 723 291;B01;1;7;0;2;3;1;1;
16557;202000010790;154 723 289;A01;1;10;0;1;1;15;1;
16558;202000010791;154 723 286;B01;3;7;0;2;8;1;1;
16559;202000010791;154 723 287;A01;3;7;0;2;1;13;2;
16560;202000010791;154 723 288;C01;3;32;0;2;1;1;1;
16561;202000010792;154 723 285;A01;1;7;0;1;1;16;0;
16562;202000010793;154 723 283;B01;1;33;0;2;8;2;1;
16563;202000010793;154 723 284;A01;1;7;0;2;7;12;2;
16564;202000010794;154 723 282;A01;1;7;0;1;1;15;1;
16565;202000010795;154 723 281;Z01;1;7;0;1;1;2;0;
16566;202000010796;154 723 279;B01;1;7;0;2;5;23;1;
16567;202000010796;154 723 280;A01;1;32;0;2;1;3;1;
16568;202000010797;154 723 277;B01;2;7;0;2;5;1;2;
16569;202000010797;154 723 278;A01;2;7;0;2;3;18;1;
16570;202000010798;154 723 276;A01;2;50;0;0;1;1;3;
16571;202000010799;154 723 274;Z01;2;7;0;2;1;2;0;
16572;202000010799;154 723 275;A01;2;7;0;2;4;23;1;
16573;202000010800;154 723 273;A01;1;50;12;0;1;19;3;
16574;202000010801;154 723 272;A01;1;50;0;0;0;1;3;
16575;202000010803;154 723 269;A01;1;1;0;0;0;1;5;
16576;202000010804;154 723 267;B01;2;10;0;2;1;1;0;
16577;202000010804;154 723 268;A01;1;33;0;2;1;13;1;
16578;202000010805;154 723 266;A01;2;7;0;1;1;1;0;
16579;202000010806;154 723 264;A01;2;7;0;2;8;13;1;
16580;202000010806;154 723 265;B01;2;30;0;2;7;2;3;
16581;202000010807;154 723 262;B01;2;33;0;2;4;23;1;
16582;202000010807;154 723 263;A01;2;7;0;2;1;2;1;
16583;202000010808;154 723 260;Z01;2;10;0;2;8;11;0;
16584;202000010808;154 723 261;B01;2;33;0;2;7;26;0;
16585;202000010809;154 723 259;A01;3;34;0;0;1;26;0;
16586;202000010810;154 723 258;A01;2;7;9;0;1;14;1;
16587;202000010811;154 723 256;A01;3;7;0;2;3;11;1;
16588;202000010811;154 723 257;B01;3;33;0;2;7;1;1;
16589;202000010812;154 723 254;B01;1;7;0;2;3;15;1;
16590;202000010812;154 723 255;A01;1;30;0;2;1;2;1;
16591;202000010813;154 723 252;B01;2;7;0;2;3;15;1;
16592;202000010813;154 723 253;A01;2;31;0;2;2;1;1;
16593;202000010814;154 723 251;A01;1;30;0;0;0;1;1;
16594;202000010815;154 723 250;A01;1;7;12;0;1;9;1;
16595;202000010816;154 723 249;A01;1;30;0;0;8;21;1;
16596;202000010817;154 723 248;A01;3;37;0;1;1;26;6;1.0
16597;202000010818;154 723 245;C01;1;7;0;2;1;2;0;
16598;202000010818;154 723 246;B01;2;7;0;2;4;2;1;
16599;202000010818;154 723 247;A01;2;7;0;2;4;26;0;
16600;202000010819;154 723 244;A01;1;7;1;0;1;1;1;
16601;202000010820;154 723 242;B01;2;31;0;2;2;1;1;
16602;202000010820;154 723 243;A01;1;7;0;2;0;0;1;
16603;202000010821;154 723 239;C01;1;10;0;0;1;24;1;
16604;202000010821;154 723 240;B01;1;7;0;2;1;9;1;
16605;202000010821;154 723 241;A01;2;30;1;2;1;1;1;
16606;202000010822;154 723 237;B01;1;32;0;2;1;1;1;
16607;202000010822;154 723 238;A01;2;7;0;2;3;15;1;
16608;202000010824;154 723 234;A01;1;10;0;2;3;9;1;
16609;202000010824;154 723 235;B01;1;50;0;2;5;0;3;
16610;202000010826;154 723 231;A01;1;13;0;2;5;9;1;
16611;202000010826;154 723 232;B01;1;7;0;2;1;1;0;
16612;202000010827;154 723 230;A01;1;7;0;1;0;1;1;
16613;202000010828;154 723 227;C01;2;7;0;2;7;1;1;
16614;202000010828;154 723 228;B01;2;43;0;2;7;12;1;
16615;202000010828;154 723 229;A01;2;33;0;2;1;3;1;
16616;202000010830;154 723 223;B01;1;1;0;2;8;1;5;
16617;202000010830;154 723 224;A01;2;7;0;2;1;15;1;
16618;202000010831;154 723 221;A01;1;14;0;2;1;2;1;
16619;202000010831;154 723 222;B01;1;7;15;0;4;2;1;
16620;202000010832;154 723 219;B01;1;2;0;2;0;0;0;
16621;202000010832;154 723 220;A01;1;7;0;2;4;0;1;
16622;202000010833;154 723 218;A01;1;7;0;1;4;4;1;
16623;202000010834;154 723 217;A01;3;7;0;1;2;1;1;
16624;202000010835;154 723 216;A01;1;37;0;1;2;21;1;1.0
16625;202000010836;154 723 214;A01;3;10;0;2;1;19;1;
16626;202000010836;154 723 215;B01;3;10;0;2;4;2;1;
16627;202000010837;154 723 212;A01;1;7;0;2;1;2;6;
16628;202000010837;154 723 213;B01;1;37;12;0;4;23;0;1.0
16629;202000010838;154 723 211;A01;1;7;0;1;3;17;0;
16630;202000010839;154 723 208;B01;3;7;0;2;4;2;1;
16631;202000010839;154 723 209;C01;3;7;0;2;4;2;1;
16632;202000010839;154 723 210;A01;3;7;0;2;1;2;1;
16633;202000010841;154 723 205;A01;0;7;0;1;1;26;0;
16634;202000010842;154 723 204;A01;2;7;0;1;1;2;1;
16635;202000010843;154 723 202;Z01;1;7;0;0;0;0;0;
16636;202000010843;154 723 203;B01;1;34;0;2;8;15;1;
16637;202000010844;154 723 200;A01;1;1;0;2;1;5;5;
16638;202000010844;154 723 201;B01;1;7;0;9;3;1;1;
16639;202000010845;154 723 198;B01;1;31;0;2;4;1;1;
16640;202000010845;154 723 199;A01;1;7;0;2;2;1;1;
16641;202000010847;154 723 195;A01;1;10;0;2;1;2;1;
16642;202000010847;154 723 196;B01;1;10;0;2;0;0;1;
16643;202000010848;154 723 194;Z01;1;31;0;1;7;1;1;
16644;202000010849;154 723 192;A01;2;30;0;2;1;2;1;
16645;202000010849;154 723 193;B01;1;7;0;2;4;2;1;
16646;202000010850;154 723 190;A01;1;7;0;2;1;5;1;
16647;202000010850;154 723 191;B01;1;7;0;2;1;1;1;
16648;202000010851;154 723 189;A01;2;7;0;1;2;2;1;
16649;202000010852;154 723 186;C01;1;7;0;2;1;2;1;
16650;202000010852;154 723 187;B01;1;7;0;2;1;2;1;
16651;202000010852;154 723 188;A01;1;7;0;2;4;26;1;
16652;202000010853;154 723 185;A01;0;7;2;0;2;14;1;
16653;202000010854;154 723 183;B01;2;99;0;2;1;1;6;
16654;202000010854;154 723 184;A01;3;99;0;2;2;19;6;
16655;202000010856;154 723 178;A01;1;7;0;2;1;1;1;
16656;202000010856;154 723 179;B01;1;7;0;2;4;23;1;
16657;202000010856;154 723 180;C01;1;7;0;2;4;0;1;
16658;202000010857;154 723 175;A01;1;7;7;0;4;23;1;
16659;202000010857;154 723 176;B01;1;7;7;0;9;2;1;
16660;202000010857;154 723 177;MC01;1;7;14;2;1;1;1;
16661;202000010858;154 723 174;A01;0;7;0;1;3;0;1;
16662;202000010861;154 723 171;A01;1;30;0;1;0;19;0;
16663;202000010862;154 723 170;A01;2;99;0;1;3;9;1;