;Num_Acc;id_vehicule;num_veh;senc;catv;obs;obsm;choc;manv;motor;occutc
16664;202000010864;154 723 167;A01;2;7;12;0;1;1;1;
16665;202000010865;154 723 166;A01;1;99;0;1;1;1;6;
16666;202000010866;154 723 165;A01;3;7;3;0;1;9;0;
16667;202000010867;154 723 163;B01;1;33;0;2;1;1;1;
16668;202000010867;154 723 164;A01;2;7;0;2;1;15;1;
16669;202000010868;154 723 161;A01;1;7;0;2;7;15;1;
16670;202000010868;154 723 162;Y01;1;1;0;2;1;1;5;
16671;202000010869;154 723 159;A01;-1;0;0;2;6;1;0;
16672;202000010869;154 723 160;B01;3;7;0;2;2;15;0;
16673;202000010870;154 723 157;A01;1;33;0;0;0;0;1;
16674;202000010870;154 723 158;B01;1;7;0;0;0;0;1;
16675;202000010871;154 723 154;C01;0;7;0;2;8;24;0;
16676;202000010871;154 723 155;B01;0;7;0;2;8;24;0;
16677;202000010871;154 723 156;A01;0;7;1;0;2;2;0;
16678;202000010872;154 723 151;C01;2;10;0;2;6;23;1;
16679;202000010872;154 723 152;B01;2;10;0;2;4;23;1;
16680;202000010872;154 723 153;A01;2;13;0;2;1;2;1;
16681;202000010873;154 723 149;A01;2;7;0;2;8;15;1;
16682;202000010873;154 723 150;B01;2;34;0;2;2;17;1;
16683;202000010874;154 723 148;A01;1;7;0;1;3;1;0;
16684;202000010875;154 723 146;A01;3;7;1;2;2;1;1;
16685;202000010875;154 723 147;B01;0;7;0;2;5;16;1;
16686;202000010877;154 723 142;A01;2;7;0;2;8;10;1;
16687;202000010877;154 723 143;B01;2;32;0;2;2;1;1;
16688;202000010878;154 723 141;A01;1;7;0;1;1;1;1;
16689;202000010879;154 723 140;A01;1;34;0;1;2;17;1;
16690;202000010881;154 723 137;A01;2;7;1;2;8;2;1;
16691;202000010881;154 723 138;B01;3;7;0;2;1;2;1;
16692;202000010882;154 723 136;A01;1;10;0;1;1;15;1;
16693;202000010884;154 723 132;B01;1;7;1;0;1;1;1;
16694;202000010884;154 723 133;A01;1;7;0;2;4;23;1;
16695;202000010885;154 723 131;A01;1;10;0;1;1;1;1;
16696;202000010886;154 723 129;A01;0;7;0;2;3;15;1;
16697;202000010886;154 723 130;B01;0;7;0;2;1;19;1;
16698;202000010887;154 723 128;A01;0;37;0;1;2;1;0;1.0
16699;202000010888;154 723 126;B01;1;20;0;2;4;1;1;
16700;202000010888;154 723 127;A01;1;7;0;2;1;2;1;
16701;202000010889;154 723 125;A01;1;32;0;1;1;3;1;
16702;202000010890;154 723 123;B01;3;7;0;2;4;23;1;
16703;202000010890;154 723 124;A01;3;7;14;0;1;2;1;
16704;202000010891;154 723 122;A01;2;7;0;1;2;16;1;
16705;202000010892;154 723 120;B01;0;34;0;2;3;1;1;
16706;202000010892;154 723 121;A01;0;7;0;2;5;16;1;
16707;202000010893;154 723 118;B01;1;7;0;0;0;0;1;
16708;202000010893;154 723 119;A01;1;2;0;0;0;0;1;
16709;202000010894;154 723 117;A01;3;7;0;1;1;2;1;
16710;202000010895;154 723 112;A01;3;33;0;2;1;26;1;
16711;202000010895;154 723 113;B01;3;7;0;2;2;15;1;
16712;202000010896;154 723 110;B01;3;32;0;2;1;1;1;
16713;202000010896;154 723 111;A01;2;7;0;2;3;20;1;
16714;202000010899;154 723 106;A01;1;7;0;1;1;1;1;
16715;202000010900;154 723 104;A01;2;7;0;2;8;15;1;
16716;202000010900;154 723 105;B01;2;30;0;2;7;17;1;
16717;202000010901;154 723 103;A01;1;7;15;0;1;1;1;
16718;202000010902;154 723 101;B01;1;30;0;2;8;3;1;
16719;202000010902;154 723 102;A01;2;7;0;2;6;9;1;
16720;202000010903;154 723 099;A01;1;37;0;0;7;1;1;1.0
16721;202000010903;154 723 100;B01;1;1;0;0;8;1;0;
16722;202000010904;154 723 098;A01;1;7;0;1;1;16;1;
16723;202000010905;154 723 097;A01;1;30;0;1;1;25;1;
16724;202000010906;154 723 095;A01;1;7;0;2;3;16;1;
16725;202000010906;154 723 096;B01;1;32;0;2;2;3;1;
16726;202000010907;154 723 093;A01;1;13;0;2;3;22;0;
16727;202000010907;154 723 094;B01;0;7;0;2;5;2;0;
16728;202000010908;154 723 091;A01;1;7;0;9;2;2;0;
16729;202000010908;154 723 092;B01;0;50;0;0;1;16;3;
16730;202000010909;154 723 089;B01;2;7;0;2;3;1;1;
16731;202000010909;154 723 090;A01;2;32;0;2;1;1;1;
16732;202000010910;154 723 088;A01;1;7;0;1;7;15;1;
16733;202000010911;154 723 086;A01;1;7;0;2;1;9;1;
16734;202000010911;154 723 087;B01;2;3;0;2;6;1;1;
16735;202000010912;154 723 084;B01;2;37;0;2;2;1;1;2.0
16736;202000010912;154 723 085;A01;2;7;0;2;3;20;1;
16737;202000010913;154 723 082;B01;2;32;0;2;1;3;1;
16738;202000010913;154 723 083;A01;3;7;0;2;2;15;1;
16739;202000010914;154 723 081;A01;1;7;9;1;1;1;1;
16740;202000010915;154 723 079;B01;2;2;0;2;8;16;1;
16741;202000010915;154 723 080;A01;2;10;0;2;7;16;1;
16742;202000010916;154 723 077;A01;2;7;0;2;5;15;1;
16743;202000010916;154 723 078;B01;1;50;0;2;1;1;3;
16744;202000010917;154 723 074;B01;1;7;0;2;6;16;1;
16745;202000010917;154 723 075;C01;1;7;0;2;6;16;1;
16746;202000010917;154 723 076;A01;1;37;0;2;2;1;1;1.0
16747;202000010918;154 723 072;B01;1;7;0;2;1;9;1;
16748;202000010918;154 723 073;A01;1;33;0;2;2;1;1;
16749;202000010919;154 723 071;A01;1;32;0;1;1;17;1;
16750;202000010920;154 723 069;B01;2;7;0;2;8;1;1;
16751;202000010920;154 723 070;A01;1;7;0;2;2;15;1;
16752;202000010921;154 723 067;A01;1;7;0;2;2;15;1;
16753;202000010921;154 723 068;B01;1;33;0;2;8;16;1;
16754;202000010922;154 723 066;A01;2;7;0;1;3;15;0;
16755;202000010924;154 723 063;A01;2;15;0;2;5;16;0;
16756;202000010924;154 723 064;B01;2;1;0;2;1;2;5;
16757;202000010925;154 723 061;A01;1;30;0;2;2;26;1;
16758;202000010925;154 723 062;Z01;0;7;0;2;7;26;0;
16759;202000010926;154 723 060;A01;1;33;0;1;3;1;1;
16760;202000010927;154 723 057;A01;1;7;0;2;3;15;1;
16761;202000010927;154 723 058;D01;0;10;0;2;0;0;0;
16762;202000010927;154 723 059;B01;1;33;1;2;1;17;1;
16763;202000010928;154 723 056;A01;2;32;0;2;7;1;0;
16764;202000010929;154 723 055;A01;3;7;0;1;2;17;1;
16765;202000010930;154 723 053;B01;2;2;0;2;1;1;0;
16766;202000010930;154 723 054;A01;1;7;0;2;2;15;0;
16767;202000010931;154 723 052;A01;3;7;0;1;0;0;1;
16768;202000010932;154 723 050;A01;0;2;0;2;1;2;1;
16769;202000010932;154 723 051;B01;0;20;0;2;8;15;1;
16770;202000010933;154 723 048;B01;1;7;0;0;1;1;1;
16771;202000010933;154 723 049;A01;2;7;0;2;1;13;1;
16772;202000010934;154 723 046;B01;1;33;0;2;1;13;1;
16773;202000010934;154 723 047;A01;2;7;0;2;1;15;1;
16774;202000010935;154 723 044;B01;2;2;0;0;1;2;1;
16775;202000010935;154 723 045;A01;2;7;0;0;4;0;0;
16776;202000010936;154 723 043;A01;2;7;2;9;2;1;1;
16777;202000010937;154 723 042;A01;2;7;0;1;2;1;1;
16778;202000010938;154 723 039;A01;1;7;13;0;1;14;1;
16779;202000010939;154 723 037;A01;3;7;0;2;8;15;1;
16780;202000010939;154 723 038;B01;0;7;0;2;1;1;1;
16781;202000010941;154 723 034;B01;1;7;0;2;1;2;1;
16782;202000010941;154 723 035;A01;1;7;0;2;4;1;1;
16783;202000010942;154 723 033;A01;1;7;8;0;1;1;1;
16784;202000010944;154 723 030;A01;1;7;2;0;2;14;0;
16785;202000010945;154 723 028;B01;2;7;0;2;3;13;0;
16786;202000010945;154 723 029;A01;1;33;0;2;1;1;1;
16787;202000010946;154 723 027;A01;1;7;15;0;1;1;0;
16788;202000010947;154 723 025;A01;2;10;8;2;2;9;1;
16789;202000010947;154 723 026;B01;2;7;0;2;3;2;1;
16790;202000010948;154 723 023;A01;2;7;0;2;3;13;1;
16791;202000010948;154 723 024;B01;1;7;0;2;3;1;1;
16792;202000010949;154 723 021;A01;2;7;0;2;3;13;1;
16793;202000010949;154 723 022;B01;1;7;0;2;3;1;1;
16794;202000010950;154 723 018;A01;1;7;1;0;1;1;0;
16795;202000010951;154 723 017;A01;2;7;1;0;2;0;1;
16796;202000010952;154 723 014;A01;1;10;0;1;2;1;1;
16797;202000010954;154 723 011;B01;1;7;0;2;1;1;1;
16798;202000010954;154 723 012;A01;2;7;0;2;2;19;1;
16799;202000010955;154 723 008;C01;2;7;0;0;4;1;1;
16800;202000010955;154 723 009;B01;2;7;0;2;4;2;1;
16801;202000010955;154 723 010;A01;2;7;0;2;1;2;1;
16802;202000010957;154 723 005;A01;3;7;0;2;1;2;6;
16803;202000010957;154 723 006;B01;3;33;0;2;5;16;6;
16804;202000010958;154 723 000;C01;2;10;0;2;0;0;1;
16805;202000010958;154 723 001;B01;2;10;0;2;0;0;1;
16806;202000010958;154 723 002;A01;2;10;3;2;0;0;1;
16807;202000010958;154 723 003;E01;2;10;0;2;0;0;1;
16808;202000010958;154 723 004;D01;2;10;0;2;0;0;1;
16809;202000010959;154 722 999;A01;1;7;0;0;2;1;1;
16810;202000010960;154 722 997;B01;2;15;0;2;3;1;1;
16811;202000010960;154 722 998;A01;1;7;0;2;3;17;1;
16812;202000010962;154 722 993;A01;1;7;0;2;1;13;1;
16813;202000010962;154 722 994;B01;2;7;0;2;1;1;1;
16814;202000010963;154 722 991;B01;3;2;0;2;1;16;1;
16815;202000010963;154 722 992;A01;1;7;0;2;1;9;1;
16816;202000010966;154 722 986;A01;3;7;0;1;1;15;1;
16817;202000010967;154 722 985;A01;2;7;13;0;9;1;1;
16818;202000010968;154 722 984;A01;1;7;2;0;1;1;1;
16819;202000010969;154 722 982;A01;1;7;0;0;9;2;1;
16820;202000010970;154 722 981;A01;1;7;2;0;8;1;1;
16821;202000010971;154 722 979;B01;2;7;0;2;3;1;1;
16822;202000010971;154 722 980;A01;1;7;0;2;1;13;1;
16823;202000010972;154 722 976;C01;1;7;0;0;4;2;1;
16824;202000010972;154 722 977;B01;1;7;0;2;4;2;1;
16825;202000010972;154 722 978;A01;1;10;0;2;1;2;1;
16826;202000010974;154 722 973;B01;2;2;0;2;1;13;1;
16827;202000010974;154 722 974;A01;1;7;0;2;3;1;1;
16828;202000010975;154 722 971;B01;1;7;0;2;1;1;1;
16829;202000010975;154 722 972;A01;2;7;3;2;1;13;1;
16830;202000010976;154 722 970;A01;2;80;0;0;9;0;3;
16831;202000010978;154 722 966;B01;0;2;0;2;1;1;1;
16832;202000010978;154 722 967;A01;1;7;0;2;7;1;1;
16833;202000010979;154 722 965;A01;1;2;0;0;0;0;1;
16834;202000010980;154 722 963;A01;1;7;0;1;7;1;1;
16835;202000010981;154 722 961;B01;2;1;0;2;7;1;5;
16836;202000010981;154 722 962;A01;2;30;0;2;7;18;1;
16837;202000010982;154 722 960;A01;1;7;0;1;3;1;1;
16838;202000010983;154 722 958;A01;3;7;0;2;1;1;1;
16839;202000010983;154 722 959;B01;3;1;0;2;2;9;5;
16840;202000010984;154 722 956;B01;2;1;0;2;1;1;5;
16841;202000010984;154 722 957;A01;1;7;0;2;2;15;1;
16842;202000010986;154 722 953;A01;1;50;0;2;1;9;3;
16843;202000010986;154 722 954;B01;1;1;0;2;8;1;5;
16844;202000010987;154 722 951;A01;1;7;0;2;8;15;1;
16845;202000010987;154 722 952;B01;1;1;0;2;1;1;5;
16846;202000010988;154 722 950;A01;1;34;0;1;1;1;1;
16847;202000010990;154 722 947;Z01;1;7;0;1;1;16;0;
16848;202000010991;154 722 945;A01;2;7;0;2;1;17;1;
16849;202000010991;154 722 946;B01;1;7;0;0;1;1;1;
16850;202000010993;154 722 941;A01;1;7;0;2;3;1;1;
16851;202000010993;154 722 942;B01;1;7;0;2;2;1;0;
16852;202000010994;154 722 939;B01;2;7;0;2;7;9;1;
16853;202000010994;154 722 940;A01;1;7;0;2;1;1;1;
16854;202000010995;154 722 937;A01;0;7;0;2;4;4;1;
16855;202000010995;154 722 938;B01;0;32;0;2;8;2;1;
16856;202000010996;154 722 936;A01;2;20;0;1;1;14;1;
16857;202000010997;154 722 935;A01;2;33;0;1;8;21;1;
16858;202000010998;154 722 933;B01;1;10;0;2;3;2;1;
16859;202000010998;154 722 934;A01;1;7;0;2;3;21;1;
16860;202000010999;154 722 932;A01;2;7;15;1;1;26;1;
16861;202000011000;154 722 931;A01;1;7;0;1;2;0;1;
16862;202000011001;154 722 930;A01;3;7;0;1;2;15;0;
16863;202000011002;154 722 929;A01;2;30;0;0;0;16;1;
16864;202000011003;154 722 927;A01;1;7;0;9;4;9;1;
16865;202000011003;154 722 928;B01;3;1;0;0;4;0;0;
16866;202000011005;154 722 922;A01;1;7;0;1;1;15;1;
16867;202000011006;154 722 920;B01;1;1;0;2;8;16;6;
16868;202000011006;154 722 921;A01;1;10;0;2;7;16;1;
16869;202000011007;154 722 919;A01;2;50;0;1;1;5;3;
16870;202000011008;154 722 918;A01;0;10;0;1;6;20;1;
16871;202000011009;154 722 916;A01;1;7;0;2;3;1;1;
16872;202000011009;154 722 917;B01;1;33;0;2;7;1;1;
16873;202000011010;154 722 915;A01;2;60;0;1;1;5;5;
16874;202000011011;154 722 914;A01;1;10;0;1;2;16;1;
16875;202000011012;154 722 913;A01;2;7;0;1;1;26;1;
16876;202000011013;154 722 911;B01;2;10;0;2;3;23;1;
16877;202000011013;154 722 912;A01;1;30;0;2;1;21;1;
16878;202000011014;154 722 909;B01;2;33;0;2;3;1;1;
16879;202000011014;154 722 910;A01;1;7;0;2;3;15;1;
16880;202000011015;154 722 907;B01;1;7;0;0;6;20;1;
16881;202000011015;154 722 908;A01;1;33;1;0;1;1;1;
16882;202000011016;154 722 906;A01;2;7;0;1;3;1;1;
16883;202000011017;154 722 905;A01;1;2;13;0;7;1;1;
16884;202000011018;154 722 904;A01;2;7;0;1;1;16;1;
16885;202000011019;154 722 902;B01;2;13;0;0;4;2;1;
16886;202000011019;154 722 903;A01;2;7;0;2;1;1;1;
16887;202000011020;154 722 900;B01;2;7;0;2;1;1;1;
16888;202000011020;154 722 901;A01;1;7;0;2;1;13;1;
16889;202000011021;154 722 899;A01;2;7;16;0;9;1;0;
16890;202000011022;154 722 897;B01;1;7;0;2;2;1;1;
16891;202000011022;154 722 898;A01;2;7;0;2;5;1;1;
16892;202000011023;154 722 895;A01;1;7;3;2;1;1;1;
16893;202000011023;154 722 896;B01;2;7;0;2;1;1;1;
16894;202000011024;154 722 893;B01;1;7;0;2;1;13;1;
16895;202000011024;154 722 894;A01;2;7;0;2;1;1;1;
16896;202000011025;154 722 891;A01;2;7;0;2;3;1;1;
16897;202000011025;154 722 892;B01;1;7;0;2;2;1;1;
16898;202000011026;154 722 888;B01;1;7;0;2;6;15;1;
16899;202000011026;154 722 889;A01;1;7;0;2;3;1;1;
16900;202000011026;154 722 890;C01;2;15;0;2;1;1;1;
16901;202000011027;154 722 887;A01;2;7;2;0;4;1;1;
16902;202000011029;154 722 879;A01;2;7;0;2;2;2;1;
16903;202000011029;154 722 880;B01;2;1;0;0;4;2;5;
16904;202000011029;154 722 881;C01;2;1;0;0;4;2;5;
16905;202000011030;154 722 877;A01;2;7;0;2;2;2;1;
16906;202000011030;154 722 878;B01;2;1;0;2;0;2;5;
16907;202000011031;154 722 875;A01;1;7;0;2;3;13;1;
16908;202000011031;154 722 876;B01;2;7;0;2;3;1;1;
16909;202000011033;154 722 872;A01;1;1;0;0;0;1;5;
16910;202000011034;154 722 870;A01;2;7;0;2;3;9;1;
16911;202000011034;154 722 871;B01;2;33;0;2;5;1;1;
16912;202000011035;154 722 869;A01;3;7;0;1;2;1;0;
16913;202000011036;154 722 867;B01;2;7;0;2;1;1;2;
16914;202000011036;154 722 868;A01;1;7;0;2;1;1;1;
16915;202000011037;154 722 865;A01;2;7;0;2;1;2;1;
16916;202000011037;154 722 866;B01;2;7;0;0;4;2;1;
16917;202000011038;154 722 864;A01;3;7;0;1;7;20;1;
16918;202000011039;154 722 862;A01;3;32;0;2;1;21;1;
16919;202000011039;154 722 863;B01;0;1;0;2;1;21;5;
16920;202000011040;154 722 860;B01;2;7;0;2;6;0;1;
16921;202000011040;154 722 861;A01;2;7;0;2;1;0;1;
16922;202000011041;154 722 858;B01;1;7;0;2;7;0;1;
16923;202000011041;154 722 859;A01;1;17;0;2;6;1;1;
16924;202000011044;154 722 848;B01;3;32;0;2;1;2;1;
16925;202000011044;154 722 849;A01;0;7;0;2;5;26;1;
16926;202000011045;154 722 846;A01;1;32;0;2;1;1;1;
16927;202000011045;154 722 847;B01;2;38;0;2;8;15;1;1.0
16928;202000011046;154 722 843;A01;1;7;0;2;3;13;1;
16929;202000011046;154 722 844;C01;1;15;0;2;8;2;1;
16930;202000011046;154 722 845;B01;2;21;0;2;3;1;1;
16931;202000011047;154 722 841;B01;2;7;0;2;1;1;1;
16932;202000011047;154 722 842;A01;1;7;0;2;3;15;1;
16933;202000011049;154 722 838;A01;2;7;2;0;1;14;1;
16934;202000011050;154 722 837;A01;1;7;0;0;9;1;1;
16935;202000011051;154 722 835;A01;1;7;0;2;1;5;1;
16936;202000011051;154 722 836;B01;2;7;0;2;1;1;1;
16937;202000011052;154 722 833;A01;1;3;7;0;4;1;1;
16938;202000011052;154 722 834;B01;1;7;0;2;1;2;1;
16939;202000011053;154 722 832;A01;0;7;0;1;3;1;1;
16940;202000011054;154 722 831;A01;1;7;0;1;8;1;1;
16941;202000011055;154 722 830;A01;1;7;1;0;1;1;1;
16942;202000011056;154 722 826;B01;1;1;0;2;4;2;5;
16943;202000011056;154 722 827;D01;1;1;0;2;4;2;5;
16944;202000011056;154 722 828;C01;1;1;0;2;4;2;5;
16945;202000011056;154 722 829;A01;1;7;0;9;2;2;1;
16946;202000011057;154 722 823;B01;1;10;0;0;4;2;1;
16947;202000011057;154 722 824;C01;1;10;1;0;1;2;1;
16948;202000011057;154 722 825;A01;1;10;0;0;0;2;1;
16949;202000011058;154 722 819;A01;1;10;0;2;6;26;1;
16950;202000011058;154 722 820;B01;1;7;0;2;2;1;1;
16951;202000011058;154 722 821;D01;1;10;0;2;3;1;1;
16952;202000011058;154 722 822;C01;1;7;0;2;1;1;1;
16953;202000011059;154 722 817;B01;2;7;3;2;1;2;1;
16954;202000011059;154 722 818;A01;2;7;3;2;4;2;1;
16955;202000011060;154 722 815;B01;2;10;0;2;6;1;1;
16956;202000011060;154 722 816;Z01;2;17;0;2;0;0;0;
16957;202000011061;154 722 811;Z01;1;10;0;2;1;2;1;
16958;202000011061;154 722 812;C01;1;7;0;2;4;2;1;
16959;202000011061;154 722 813;B01;1;7;0;2;4;2;1;
16960;202000011061;154 722 814;A01;1;7;0;2;4;2;1;
16961;202000011062;154 722 809;B01;2;17;0;2;4;23;1;
16962;202000011062;154 722 810;A01;2;17;0;2;1;1;1;
16963;202000011063;154 722 807;A01;1;17;0;2;2;12;1;
16964;202000011063;154 722 808;B01;1;7;0;2;8;1;1;
16965;202000011064;154 722 805;B01;2;7;0;2;3;11;1;
16966;202000011064;154 722 806;A01;2;33;0;2;2;0;1;
16967;202000011065;154 722 803;B01;2;7;0;2;3;3;1;
16968;202000011065;154 722 804;A01;2;7;0;2;6;12;1;
16969;202000011066;154 722 801;A01;2;7;8;0;9;9;1;
16970;202000011066;154 722 802;B01;2;7;0;2;3;9;1;
16971;202000011067;154 722 800;A01;1;31;0;0;7;1;0;
16972;202000011068;154 722 798;B01;1;7;0;2;4;2;1;
16973;202000011068;154 722 799;A01;1;7;0;2;1;2;1;
16974;202000011069;154 722 796;B01;1;10;0;2;4;2;1;
16975;202000011069;154 722 797;A01;1;7;0;2;1;2;1;
16976;202000011070;154 722 794;B01;1;7;0;2;5;2;1;
16977;202000011070;154 722 795;A01;1;10;0;2;1;2;1;
16978;202000011071;154 722 791;A01;2;7;1;0;1;2;1;
16979;202000011071;154 722 792;B01;2;7;0;2;4;23;1;
16980;202000011071;154 722 793;C01;2;7;0;2;4;23;1;
16981;202000011072;154 722 790;A01;1;43;0;0;9;1;1;
16982;202000011073;154 722 788;A01;2;7;4;2;3;17;1;
16983;202000011073;154 722 789;B01;2;7;0;2;8;1;1;
16984;202000011074;154 722 787;A01;2;33;0;0;9;3;1;
16985;202000011075;154 722 786;A01;1;7;3;0;2;14;1;
16986;202000011076;154 722 783;A01;1;33;0;2;1;1;1;
16987;202000011076;154 722 784;C01;1;7;0;2;4;1;1;
16988;202000011076;154 722 785;B01;1;7;0;2;4;1;1;
16989;202000011077;154 722 781;A01;2;10;0;2;7;12;1;
16990;202000011077;154 722 782;B01;2;33;0;2;8;3;1;
16991;202000011078;154 722 779;A01;3;30;0;2;1;26;1;
16992;202000011078;154 722 780;B01;3;7;0;2;2;1;1;
16993;202000011079;154 722 778;A01;3;7;6;0;1;1;1;
16994;202000011080;154 722 775;A01;1;7;0;2;1;1;0;
16995;202000011080;154 722 776;B01;1;7;0;2;4;0;0;
16996;202000011080;154 722 777;C01;1;7;0;2;0;0;0;
16997;202000011081;154 722 773;B01;2;2;0;2;2;2;1;
16998;202000011081;154 722 774;A01;2;7;0;2;3;20;1;
16999;202000011082;154 722 772;A01;3;7;0;1;1;1;0;
17000;202000011083;154 722 771;A01;1;7;0;1;1;26;1;
17001;202000011084;154 722 769;A01;1;7;0;2;2;26;1;
17002;202000011084;154 722 770;B01;2;7;0;2;1;15;1;
17003;202000011085;154 722 767;B01;2;7;0;2;2;15;1;
17004;202000011085;154 722 768;A01;1;2;0;2;1;1;1;
17005;202000011086;154 722 765;A01;3;32;0;2;9;19;1;
17006;202000011086;154 722 766;B01;3;7;0;2;3;19;1;
17007;202000011087;154 722 764;A01;3;7;0;1;4;4;1;
17008;202000011088;154 722 762;B01;3;1;0;2;2;19;5;
17009;202000011088;154 722 763;A01;3;7;0;9;1;1;1;
17010;202000011089;154 722 760;A01;3;7;0;2;8;9;1;
17011;202000011089;154 722 761;B01;3;1;0;2;1;21;0;
17012;202000011090;154 722 759;A01;0;99;0;1;1;15;0;
17013;202000011091;154 722 757;A01;2;7;0;2;1;2;1;
17014;202000011091;154 722 758;B01;2;7;0;2;4;2;1;
17015;202000011092;154 722 756;A01;2;7;0;1;8;15;1;
17016;202000011093;154 722 755;A01;2;33;3;0;7;1;1;
17017;202000011094;154 722 754;A01;2;7;0;1;2;16;1;
17018;202000011095;154 722 752;A01;2;1;0;2;1;16;5;
17019;202000011095;154 722 753;B01;2;7;0;9;1;15;1;
17020;202000011096;154 722 750;B01;2;7;0;2;1;1;0;
17021;202000011096;154 722 751;A01;2;7;0;2;4;4;6;
17022;202000011097;154 722 748;B01;1;7;0;2;8;0;1;
17023;202000011097;154 722 749;A01;2;7;0;2;3;13;1;
17024;202000011098;154 722 745;A01;1;7;0;1;1;1;1;
17025;202000011100;154 722 740;A01;1;7;0;2;1;2;1;
17026;202000011100;154 722 741;B01;1;31;0;2;8;26;1;
17027;202000011101;154 722 738;B01;1;7;0;2;1;1;1;
17028;202000011101;154 722 739;A01;1;7;0;2;5;1;1;
17029;202000011102;154 722 737;A01;1;7;15;0;1;26;1;
17030;202000011103;154 722 735;B01;1;33;0;2;1;1;1;
17031;202000011103;154 722 736;A01;1;7;0;2;8;13;1;
17032;202000011104;154 722 733;B01;2;7;0;2;3;1;1;
17033;202000011104;154 722 734;A01;1;7;0;2;2;15;1;
17034;202000011105;154 722 732;A01;2;7;0;1;2;1;1;
17035;202000011106;154 722 730;B01;2;2;0;2;1;1;1;
17036;202000011106;154 722 731;A01;1;7;0;2;2;15;1;
17037;202000011107;154 722 728;A01;3;7;0;2;2;15;1;
17038;202000011107;154 722 729;B01;3;7;0;2;2;1;1;
17039;202000011108;154 722 727;A01;2;7;15;0;1;1;1;
17040;202000011109;154 722 726;A01;1;7;0;1;8;15;1;
17041;202000011110;154 722 724;B01;1;7;0;2;1;1;0;
17042;202000011110;154 722 725;A01;1;7;0;2;2;19;0;
17043;202000011111;154 722 723;A01;1;7;3;0;9;0;1;
17044;202000011112;154 722 721;B01;1;7;0;1;1;16;1;
17045;202000011112;154 722 722;A01;1;7;0;2;1;1;1;
17046;202000011113;154 722 719;A01;2;7;0;2;3;15;1;
17047;202000011113;154 722 720;B01;1;7;0;2;3;1;1;
17048;202000011114;154 722 718;A01;2;7;13;0;1;14;1;
17049;202000011115;154 722 717;A01;1;7;0;1;2;1;1;
17050;202000011117;154 722 714;B01;2;7;0;0;6;15;1;
17051;202000011117;154 722 715;A01;0;31;0;2;7;15;1;
17052;202000011118;154 722 713;A01;2;7;13;0;3;9;1;
17053;202000011119;154 722 712;A01;1;2;0;1;1;1;1;
17054;202000011120;154 722 711;A01;1;7;8;0;1;1;1;
17055;202000011121;154 722 709;B01;2;1;0;2;1;1;5;
17056;202000011121;154 722 710;A01;1;7;0;2;3;1;1;
17057;202000011122;154 722 707;B01;1;30;0;4;8;1;1;
17058;202000011122;154 722 708;A01;0;40;0;2;2;1;3;
17059;202000011123;154 722 706;A01;0;7;0;1;1;1;1;
17060;202000011124;154 722 703;A01;2;7;0;2;1;9;1;
17061;202000011124;154 722 704;B01;2;7;0;2;1;1;1;
17062;202000011125;154 722 701;A01;1;7;0;2;1;9;1;
17063;202000011125;154 722 702;B01;2;50;0;2;1;1;3;
17064;202000011126;154 722 699;B01;1;7;0;2;8;1;1;
17065;202000011126;154 722 700;A01;1;7;0;2;8;9;1;
17066;202000011127;154 722 697;A01;1;33;0;2;1;2;1;
17067;202000011127;154 722 698;B01;1;7;0;2;4;23;1;
17068;202000011129;154 722 693;A01;2;7;6;0;1;15;1;
17069;202000011130;154 722 691;B01;1;7;0;2;2;1;1;
17070;202000011130;154 722 692;A01;1;7;0;2;1;15;1;
17071;202000011131;154 722 687;A01;2;7;0;1;3;26;1;
17072;202000011132;154 722 686;A01;2;7;0;1;1;1;1;
17073;202000011134;154 722 683;B01;1;1;0;2;0;0;5;
17074;202000011134;154 722 684;A01;1;10;0;2;7;2;0;
17075;202000011135;154 722 682;A01;3;7;0;1;1;4;1;
17076;202000011136;154 722 680;B01;2;15;0;2;7;1;1;
17077;202000011136;154 722 681;A01;2;7;0;2;3;9;1;
17078;202000011138;154 722 677;A01;1;30;0;1;1;1;1;
17079;202000011140;154 722 673;A01;1;7;0;2;2;15;1;
17080;202000011140;154 722 674;B01;2;42;0;2;1;2;0;
17081;202000011141;154 722 671;B01;1;30;0;2;2;1;1;
17082;202000011141;154 722 672;A01;1;7;0;2;3;9;1;
17083;202000011142;154 722 669;B01;3;7;0;2;7;19;1;
17084;202000011142;154 722 670;A01;3;7;0;2;1;19;2;
17085;202000011143;154 722 668;A01;1;7;0;1;7;26;1;
17086;202000011144;154 722 666;A01;2;7;0;2;1;2;1;
17087;202000011144;154 722 667;B01;2;15;0;2;4;2;1;
17088;202000011145;154 722 663;B01;2;7;0;2;1;1;1;
17089;202000011145;154 722 664;A01;2;7;0;2;8;1;1;
17090;202000011145;154 722 665;Z01;2;15;0;2;0;12;0;
17091;202000011146;154 722 662;A01;3;7;2;0;1;14;1;
17092;202000011147;154 722 660;A01;2;7;0;2;3;15;2;
17093;202000011147;154 722 661;B01;1;33;0;2;1;17;1;
17094;202000011148;154 722 659;Z01;1;7;0;1;8;1;0;
17095;202000011149;154 722 658;A01;1;30;0;2;0;1;1;
17096;202000011150;154 722 657;A01;1;33;0;1;1;1;1;