;Num_Acc;id_vehicule;num_veh;senc;catv;obs;obsm;choc;manv;motor;occutc
17097;202000011151;154 722 656;A01;2;7;0;1;2;1;6;
17098;202000011152;154 722 654;B01;1;7;0;2;2;1;1;
17099;202000011152;154 722 655;A01;1;7;0;2;3;16;1;
17100;202000011153;154 722 652;B01;2;1;0;2;1;1;5;
17101;202000011153;154 722 653;A01;1;7;0;2;5;16;1;
17102;202000011154;154 722 650;A01;2;3;0;2;1;1;1;
17103;202000011154;154 722 651;B01;3;7;0;2;8;16;1;
17104;202000011155;154 722 648;B01;1;7;0;2;2;1;1;
17105;202000011155;154 722 649;A01;1;32;0;2;3;15;1;
17106;202000011156;154 722 647;Z01;3;7;0;1;6;4;0;
17107;202000011157;154 722 646;A01;2;30;0;1;1;1;1;
17108;202000011158;154 722 644;B01;1;30;0;2;1;1;1;
17109;202000011158;154 722 645;A01;1;33;0;2;4;23;1;
17110;202000011159;154 722 643;A01;2;7;1;0;1;1;1;
17111;202000011160;154 722 642;A01;1;32;0;0;8;1;1;
17112;202000011161;154 722 641;A01;2;50;0;1;1;17;3;
17113;202000011162;154 722 639;A01;1;7;0;2;1;13;1;
17114;202000011162;154 722 640;B01;2;7;0;2;1;1;1;
17115;202000011164;154 722 637;A01;2;7;0;1;1;1;1;
17116;202000011165;154 722 635;B01;1;7;0;2;4;2;0;
17117;202000011165;154 722 636;A01;1;7;0;2;1;2;0;
17118;202000011166;154 722 633;A01;1;7;0;2;4;16;1;
17119;202000011166;154 722 634;B01;1;7;0;2;1;2;2;
17120;202000011167;154 722 631;B01;1;2;0;2;0;1;1;
17121;202000011167;154 722 632;A01;1;7;0;2;3;10;1;
17122;202000011168;154 722 629;B01;1;7;0;2;1;2;1;
17123;202000011168;154 722 630;A01;1;7;0;2;4;1;1;
17124;202000011169;154 722 628;A01;1;99;0;1;1;16;0;
17125;202000011170;154 722 626;A01;0;7;0;2;1;26;6;
17126;202000011170;154 722 627;B01;0;7;0;2;4;26;6;
17127;202000011171;154 722 624;A01;1;7;0;2;8;1;1;
17128;202000011171;154 722 625;B01;2;2;0;2;1;1;1;
17129;202000011172;154 722 621;C01;1;7;0;0;3;1;1;
17130;202000011172;154 722 622;B01;1;2;0;2;8;19;1;
17131;202000011172;154 722 623;A01;1;7;0;2;1;21;1;
17132;202000011173;154 722 618;A01;1;7;0;2;1;19;3;
17133;202000011173;154 722 619;C01;2;14;0;0;1;23;1;
17134;202000011173;154 722 620;B01;2;7;0;2;8;1;1;
17135;202000011174;154 722 616;B01;0;7;0;0;5;9;1;
17136;202000011174;154 722 617;A01;0;80;0;0;5;1;3;
17137;202000011175;154 722 614;A01;3;7;0;2;1;13;1;
17138;202000011175;154 722 615;B01;3;7;0;2;1;1;1;
17139;202000011176;154 722 612;A01;1;7;0;2;3;13;1;
17140;202000011176;154 722 613;B01;2;33;0;0;1;1;1;
17141;202000011177;154 722 610;A01;2;7;0;2;3;9;1;
17142;202000011177;154 722 611;B01;2;2;0;0;7;1;1;
17143;202000011178;154 722 609;A01;1;2;0;0;0;1;1;
17144;202000011179;154 722 607;A01;1;7;0;2;4;2;1;
17145;202000011179;154 722 608;B01;1;7;0;2;1;2;1;
17146;202000011180;154 722 604;C01;1;10;0;2;8;1;1;
17147;202000011180;154 722 605;B01;1;7;0;2;5;1;1;
17148;202000011180;154 722 606;A01;1;7;0;2;8;11;1;
17149;202000011181;154 722 602;A01;2;7;0;2;4;1;1;
17150;202000011181;154 722 603;B01;2;7;0;2;1;2;0;
17151;202000011182;154 722 600;A01;2;7;0;2;4;2;1;
17152;202000011182;154 722 601;B01;2;7;0;2;2;2;1;
17153;202000011183;154 722 599;A01;1;34;0;0;5;1;1;
17154;202000011186;154 722 592;A01;1;7;0;2;8;18;1;
17155;202000011186;154 722 593;B01;1;37;0;2;2;9;1;1.0
17156;202000011186;154 722 594;C01;1;7;0;2;1;1;1;
17157;202000011187;154 722 590;B01;1;17;0;2;2;12;1;
17158;202000011187;154 722 591;A01;1;7;3;0;8;1;1;
17159;202000011188;154 722 588;A01;1;33;0;2;1;2;1;
17160;202000011188;154 722 589;B01;1;33;0;2;4;2;1;
17161;202000011189;154 722 586;B01;2;33;0;2;7;2;1;
17162;202000011189;154 722 587;A01;2;7;0;2;8;11;1;
17163;202000011190;154 722 584;A01;2;15;0;2;2;2;1;
17164;202000011190;154 722 585;B01;2;15;0;2;6;2;1;
17165;202000011192;154 722 580;B01;2;33;0;0;4;1;1;
17166;202000011192;154 722 581;A01;2;43;3;0;2;18;1;
17167;202000011193;154 722 578;A01;2;10;0;0;0;26;1;
17168;202000011193;154 722 579;B01;2;34;0;0;0;0;1;
17169;202000011194;154 722 573;D01;1;7;0;2;4;2;1;
17170;202000011194;154 722 574;A01;1;13;0;2;1;2;1;
17171;202000011194;154 722 575;B01;1;7;0;2;4;23;1;
17172;202000011194;154 722 576;C01;1;7;0;2;4;2;1;
17173;202000011194;154 722 577;E01;1;7;0;0;4;2;1;
17174;202000011195;154 722 570;C01;2;7;0;2;7;1;1;
17175;202000011195;154 722 571;B01;2;7;0;2;6;1;1;
17176;202000011195;154 722 572;A01;2;33;0;2;7;3;1;
17177;202000011196;154 722 568;B01;2;17;0;2;1;23;1;
17178;202000011196;154 722 569;A01;2;17;0;2;4;4;1;
17179;202000011197;154 722 565;C01;2;10;0;2;4;1;0;
17180;202000011197;154 722 566;B01;2;7;0;2;3;11;1;
17181;202000011197;154 722 567;A01;2;33;0;2;2;3;1;
17182;202000011198;154 722 562;B01;2;10;0;2;4;2;1;
17183;202000011198;154 722 563;C01;2;10;0;2;1;2;1;
17184;202000011198;154 722 564;A01;1;7;0;2;4;23;1;
17185;202000011199;154 722 560;B01;1;33;0;2;1;3;1;
17186;202000011199;154 722 561;A01;1;10;0;2;8;11;1;
17187;202000011200;154 722 556;A01;1;33;0;2;3;3;1;
17188;202000011200;154 722 557;B01;1;7;0;2;5;2;1;
17189;202000011200;154 722 558;C01;1;7;0;2;1;1;1;
17190;202000011200;154 722 559;D01;1;7;0;2;1;1;1;
17191;202000011201;154 722 553;C01;1;7;0;2;1;1;1;
17192;202000011201;154 722 554;B01;1;13;0;2;2;1;1;
17193;202000011201;154 722 555;A01;1;7;0;2;8;1;1;
17194;202000011202;154 722 550;Z01;2;7;0;2;2;12;0;
17195;202000011202;154 722 551;B01;2;7;0;2;6;1;1;
17196;202000011202;154 722 552;A01;2;33;0;2;1;1;1;
17197;202000011205;154 722 544;A01;1;7;0;2;2;16;0;
17198;202000011205;154 722 545;B01;1;2;0;2;1;9;0;
17199;202000011206;154 722 542;B01;3;7;0;2;3;15;1;
17200;202000011206;154 722 543;A01;1;31;0;2;1;1;1;
17201;202000011207;154 722 540;B01;3;7;0;2;8;1;1;
17202;202000011207;154 722 541;A01;3;7;0;2;2;15;0;
17203;202000011208;154 722 538;B01;1;2;0;2;8;1;1;
17204;202000011208;154 722 539;A01;2;7;0;2;1;15;1;
17205;202000011209;154 722 536;B01;3;7;0;2;2;26;1;
17206;202000011209;154 722 537;A01;3;7;0;2;3;9;1;
17207;202000011210;154 722 535;A01;2;15;0;1;1;1;0;
17208;202000011211;154 722 532;B01;1;7;0;2;1;0;1;
17209;202000011211;154 722 533;C01;1;7;0;2;6;1;1;
17210;202000011211;154 722 534;A01;1;7;0;2;2;9;1;
17211;202000011212;154 722 529;C01;2;7;0;2;4;2;1;
17212;202000011212;154 722 530;B01;2;7;0;2;4;2;1;
17213;202000011212;154 722 531;A01;2;7;0;2;1;2;1;
17214;202000011213;154 722 527;Y01;1;1;0;2;6;19;5;
17215;202000011213;154 722 528;A01;1;7;0;2;1;1;1;
17216;202000011214;154 722 526;A01;1;7;0;1;1;13;5;
17217;202000011215;154 722 525;A01;2;7;0;1;3;15;0;
17218;202000011216;154 722 523;A01;1;10;0;2;1;1;1;
17219;202000011216;154 722 524;B01;1;7;0;2;4;1;1;
17220;202000011217;154 722 519;D01;1;7;0;2;4;2;1;
17221;202000011217;154 722 520;C01;1;7;0;2;4;2;1;
17222;202000011217;154 722 521;B01;1;7;0;2;4;2;1;
17223;202000011217;154 722 522;A01;1;7;0;2;1;2;1;
17224;202000011220;154 722 515;A01;1;7;0;2;1;9;0;
17225;202000011220;154 722 516;B01;1;7;0;2;8;1;0;
17226;202000011221;154 722 513;A01;3;7;0;2;7;9;1;
17227;202000011221;154 722 514;B01;3;1;0;2;7;1;5;
17228;202000011222;154 722 510;A01;2;34;0;1;1;1;1;
17229;202000011223;154 722 508;B01;0;1;0;2;1;1;5;
17230;202000011223;154 722 509;A01;0;7;0;2;7;15;1;
17231;202000011224;154 722 507;A01;0;7;0;0;0;1;1;
17232;202000011226;154 722 505;A01;0;7;9;0;1;1;1;
17233;202000011227;154 722 504;A01;0;7;16;0;1;1;1;
17234;202000011228;154 722 502;A01;1;1;0;2;1;5;5;
17235;202000011228;154 722 503;B01;1;7;0;2;3;1;3;
17236;202000011229;154 722 500;B01;2;1;0;0;4;14;5;
17237;202000011229;154 722 501;A01;1;7;0;0;0;0;0;
17238;202000011230;154 722 496;B01;2;2;0;2;8;15;1;
17239;202000011230;154 722 497;A01;2;32;0;2;8;15;1;
17240;202000011233;154 722 491;B01;3;7;0;2;8;1;1;
17241;202000011233;154 722 492;C01;3;7;0;2;3;1;1;
17242;202000011234;154 722 489;B01;1;30;0;2;6;1;1;
17243;202000011234;154 722 490;A01;1;7;0;2;3;1;1;
17244;202000011235;154 722 487;A01;0;1;0;2;1;3;5;
17245;202000011235;154 722 488;B01;2;7;0;2;3;1;1;
17246;202000011236;154 722 486;A01;2;7;0;1;1;1;1;
17247;202000011237;154 722 483;A01;1;7;0;2;8;10;1;
17248;202000011237;154 722 484;B01;1;33;0;2;1;1;1;
17249;202000011238;154 722 482;B01;2;1;0;2;1;1;5;
17250;202000011238;154 722 485;A01;1;7;0;2;2;9;1;
17251;202000011239;154 722 480;A01;2;7;0;2;1;2;1;
17252;202000011239;154 722 481;B01;2;7;3;2;3;1;1;
17253;202000011240;154 722 478;B01;0;1;0;2;2;1;5;
17254;202000011240;154 722 479;A01;0;7;0;2;1;9;1;
17255;202000011241;154 722 477;A01;3;7;0;0;0;0;1;
17256;202000011243;154 722 473;A01;1;33;0;2;4;1;1;
17257;202000011243;154 722 474;B01;1;33;0;2;2;1;1;
17258;202000011244;154 722 471;A01;1;31;0;0;1;1;1;
17259;202000011246;154 722 469;A01;2;10;0;2;4;2;1;
17260;202000011246;154 722 470;B01;2;10;0;2;1;2;1;
17261;202000011247;154 722 468;A01;2;32;12;0;2;14;1;
17262;202000011248;154 722 466;A01;1;32;0;0;1;26;1;
17263;202000011249;154 722 465;A01;2;13;0;2;4;2;1;
17264;202000011249;154 722 467;B01;2;33;0;2;1;2;1;
17265;202000011251;154 722 463;B01;2;2;0;2;0;0;1;
17266;202000011251;154 722 464;A01;2;10;0;9;0;13;1;
17267;202000011252;154 722 459;A01;1;33;0;2;5;1;1;
17268;202000011252;154 722 460;Z01;1;7;0;2;0;0;6;
17269;202000011253;154 722 457;A01;2;7;3;0;1;14;1;
17270;202000011254;154 722 458;A01;2;7;0;1;1;15;1;
17271;202000011255;154 722 455;A01;1;33;0;2;1;2;1;
17272;202000011255;154 722 456;B01;1;7;0;2;6;2;1;
17273;202000011257;154 722 450;B01;2;20;0;1;2;1;1;
17274;202000011258;154 722 449;B01;2;7;0;2;8;11;1;
17275;202000011258;154 722 451;A01;2;33;0;2;7;3;1;
17276;202000011259;154 722 447;A01;3;1;0;2;1;13;5;
17277;202000011259;154 722 448;B01;3;7;0;2;1;1;1;
17278;202000011260;154 722 445;A01;1;7;0;2;4;1;1;
17279;202000011260;154 722 446;B01;1;7;0;2;1;1;1;
17280;202000011261;154 722 444;A01;2;7;1;0;2;14;1;
17281;202000011263;154 722 437;A01;1;7;0;2;1;1;1;
17282;202000011263;154 722 438;B01;1;30;0;2;1;1;1;
17283;202000011264;154 722 435;B01;1;1;0;2;1;1;5;
17284;202000011264;154 722 436;A01;1;7;0;2;1;1;1;
17285;202000011266;154 722 441;C01;1;17;0;2;5;1;1;
17286;202000011266;154 722 442;B01;1;10;0;2;2;12;1;
17287;202000011266;154 722 443;A01;1;10;0;2;3;1;1;
17288;202000011267;154 722 432;A01;2;7;12;0;1;1;1;
17289;202000011268;154 722 433;A01;1;7;0;1;2;1;1;
17290;202000011269;154 722 430;B01;2;80;0;2;4;2;3;
17291;202000011269;154 722 431;A01;2;7;0;2;2;2;1;
17292;202000011271;154 722 426;B01;3;1;0;9;1;1;5;
17293;202000011272;154 722 424;B01;0;1;0;2;7;0;0;
17294;202000011272;154 722 425;A01;0;7;0;2;1;1;1;
17295;202000011273;154 722 428;A01;2;0;0;1;1;1;0;
17296;202000011274;154 722 422;A01;2;7;0;1;2;1;1;
17297;202000011275;154 722 421;A01;1;40;0;1;3;1;3;
17298;202000011276;154 722 419;A01;0;7;0;2;1;1;0;
17299;202000011276;154 722 420;B01;0;7;0;2;1;1;0;
17300;202000011277;154 722 417;B01;1;2;0;2;1;1;1;
17301;202000011277;154 722 418;A01;1;7;0;2;2;16;1;
17302;202000011278;154 722 415;B01;1;7;0;2;7;1;1;
17303;202000011278;154 722 416;A01;1;7;0;2;1;19;1;
17304;202000011279;154 722 414;A01;2;30;0;2;1;5;1;
17305;202000011279;154 722 423;B01;1;7;0;2;2;1;1;
17306;202000011280;154 722 412;A01;2;30;1;0;8;0;3;
17307;202000011281;154 722 410;A01;0;1;0;2;1;19;5;
17308;202000011281;154 722 411;B01;0;31;0;2;1;1;1;
17309;202000011282;154 722 409;A01;0;7;1;0;1;1;1;
17310;202000011283;154 722 407;A01;1;7;0;2;5;12;1;
17311;202000011283;154 722 408;B01;1;31;0;2;6;1;1;
17312;202000011284;154 722 405;B01;2;7;0;2;8;1;1;
17313;202000011284;154 722 406;A01;1;7;0;2;3;13;1;
17314;202000011285;154 722 403;B01;1;7;0;2;1;2;1;
17315;202000011285;154 722 404;A01;1;7;0;2;4;2;1;
17316;202000011286;154 722 400;Y01;0;1;0;0;0;0;5;
17317;202000011286;154 722 402;A01;0;7;0;0;3;1;1;
17318;202000011287;154 722 401;A01;3;7;0;9;2;15;0;
17319;202000011287;154 722 413;B01;3;1;0;2;1;19;5;
17320;202000011288;154 722 399;A01;0;3;0;1;2;1;1;
17321;202000011289;154 722 398;A01;2;7;3;0;0;1;1;
17322;202000011290;154 722 394;A01;0;10;0;2;2;1;1;
17323;202000011290;154 722 395;B01;0;10;0;2;3;15;1;
17324;202000011291;154 722 392;A01;1;7;0;2;5;4;1;
17325;202000011291;154 722 393;B01;1;1;0;2;2;1;5;
17326;202000011292;154 722 390;A01;2;31;0;2;4;12;1;
17327;202000011292;154 722 391;B01;2;7;0;2;3;19;1;
17328;202000011293;154 722 388;B01;2;10;0;2;6;10;1;
17329;202000011293;154 722 389;A01;2;32;0;2;3;17;1;
17330;202000011294;154 722 385;A01;2;7;0;2;1;2;1;
17331;202000011294;154 722 386;B01;2;7;1;2;4;20;1;
17332;202000011294;154 722 387;C01;1;7;1;2;6;0;1;
17333;202000011295;154 722 396;A01;1;41;0;2;8;10;1;
17334;202000011295;154 722 397;B01;2;7;0;2;8;1;1;
17335;202000011296;154 722 384;A01;3;7;0;1;1;1;1;
17336;202000011297;154 722 382;B01;3;1;0;2;2;19;5;
17337;202000011297;154 722 383;A01;1;7;0;2;2;9;1;
17338;202000011298;154 722 381;A01;3;7;0;1;2;1;1;
17339;202000011300;154 722 375;A01;0;7;0;2;1;9;1;
17340;202000011300;154 722 376;B01;3;7;0;2;2;1;1;
17341;202000011300;154 722 377;C01;0;7;0;2;3;1;1;
17342;202000011301;154 722 373;B01;3;32;0;2;2;3;1;
17343;202000011301;154 722 374;A01;3;7;0;2;3;15;0;
17344;202000011302;154 722 371;A01;1;7;0;2;4;4;1;
17345;202000011302;154 722 372;B01;1;7;0;2;1;1;1;
17346;202000011303;154 722 367;C01;1;7;0;2;6;2;1;
17347;202000011303;154 722 368;B01;1;7;0;2;6;2;1;
17348;202000011303;154 722 369;A01;1;33;0;2;1;2;1;
17349;202000011304;154 722 366;A01;1;7;2;0;1;1;1;
17350;202000011305;154 722 364;A01;3;7;0;2;2;15;1;
17351;202000011305;154 722 365;B01;3;33;0;2;1;1;1;
17352;202000011306;154 722 363;A01;2;7;0;1;2;1;0;
17353;202000011307;154 722 370;B01;3;1;0;2;3;1;5;
17354;202000011307;154 722 380;A01;1;7;0;2;2;1;1;
17355;202000011308;154 722 360;A01;1;33;4;0;2;14;1;
17356;202000011309;154 722 361;A01;1;7;0;2;2;9;2;
17357;202000011309;154 722 362;B01;1;33;0;2;1;1;1;
17358;202000011310;154 722 355;A01;1;7;0;1;4;1;1;
17359;202000011310;154 722 356;B01;1;7;0;2;1;1;1;
17360;202000011310;154 722 357;C01;1;7;0;2;1;1;1;
17361;202000011311;154 722 353;A01;1;7;0;2;3;19;1;
17362;202000011311;154 722 354;B01;1;34;0;2;1;1;1;
17363;202000011313;154 722 351;A01;1;31;12;0;1;1;1;
17364;202000011316;154 722 347;A01;3;31;0;0;0;26;1;
17365;202000011317;154 722 345;A01;3;32;0;0;0;26;1;
17366;202000011318;154 722 344;B01;3;10;0;2;3;1;1;
17367;202000011318;154 722 346;A01;3;2;0;2;1;1;1;
17368;202000011319;154 722 342;B01;3;7;1;2;7;1;1;
17369;202000011319;154 722 343;A01;3;7;0;2;1;1;1;
17370;202000011320;154 722 339;B01;3;60;0;2;1;19;5;
17371;202000011320;154 722 341;A01;3;7;0;2;8;1;1;
17372;202000011321;154 722 338;B01;2;33;0;2;3;1;1;
17373;202000011321;154 722 340;A01;1;7;0;2;1;15;1;
17374;202000011322;154 722 335;Z01;1;10;0;2;0;26;0;
17375;202000011322;154 722 336;B01;2;31;0;2;7;26;1;
17376;202000011323;154 722 334;A01;1;1;14;0;1;1;5;
17377;202000011323;154 722 337;B01;1;7;14;0;4;2;1;
17378;202000011324;154 722 330;B01;1;2;0;2;3;1;1;
17379;202000011324;154 722 332;A01;1;2;0;2;7;18;0;
17380;202000011325;154 722 331;A01;2;7;0;9;8;22;1;
17381;202000011325;154 722 333;B01;2;80;1;0;2;1;3;
17382;202000011326;154 722 329;A01;2;32;0;0;0;1;1;
17383;202000011327;154 722 328;A01;2;10;0;1;4;0;1;
17384;202000011328;154 722 325;B01;2;1;0;2;1;13;5;
17385;202000011328;154 722 327;A01;1;10;0;2;3;1;1;
17386;202000011329;154 722 322;A01;2;1;14;2;0;18;5;
17387;202000011329;154 722 323;B01;1;7;0;2;0;1;1;
17388;202000011330;154 722 318;A01;3;1;0;2;7;19;5;
17389;202000011330;154 722 319;Z01;1;50;0;2;1;1;3;
17390;202000011332;154 722 315;A01;1;43;0;2;1;2;1;
17391;202000011332;154 722 316;B01;1;7;0;2;5;2;3;
17392;202000011333;154 722 314;A01;2;10;0;2;1;1;1;
17393;202000011334;154 722 312;B01;2;10;0;2;7;12;1;
17394;202000011334;154 722 313;A01;2;32;0;2;1;7;1;
17395;202000011336;154 722 306;Z01;0;10;0;2;1;1;1;
17396;202000011336;154 722 307;B01;3;37;0;2;5;23;2;1.0
17397;202000011336;154 722 308;C01;3;7;0;2;6;23;1;
17398;202000011336;154 722 310;D01;3;7;0;2;4;23;1;
17399;202000011337;154 722 303;A01;1;7;14;0;1;2;1;
17400;202000011338;154 722 304;B01;1;32;0;2;4;23;1;
17401;202000011338;154 722 305;A01;2;10;0;2;1;2;1;
17402;202000011339;154 722 301;A01;2;30;0;2;1;1;1;
17403;202000011339;154 722 302;B01;2;1;0;2;8;19;5;
17404;202000011340;154 722 299;A01;1;30;0;2;1;9;0;
17405;202000011340;154 722 300;B01;1;7;0;2;4;1;1;
17406;202000011341;154 722 295;C01;2;7;0;2;5;24;1;
17407;202000011341;154 722 297;A01;2;7;0;2;1;13;1;
17408;202000011341;154 722 298;B01;2;7;0;2;6;24;1;
17409;202000011342;154 722 294;A01;3;7;0;2;1;15;1;
17410;202000011342;154 722 296;B01;1;33;0;2;1;19;1;
17411;202000011343;154 722 291;B01;1;30;0;2;1;1;1;
17412;202000011343;154 722 293;A01;2;7;0;2;2;15;1;
17413;202000011344;154 722 290;B01;1;7;0;2;0;0;1;
17414;202000011344;154 722 292;A01;2;33;0;2;0;26;1;
17415;202000011345;154 722 287;A01;3;32;0;2;1;1;1;
17416;202000011345;154 722 289;B01;1;33;0;2;7;1;1;
17417;202000011347;154 722 285;A01;1;10;0;1;7;1;1;
17418;202000011348;154 722 283;B01;1;32;0;2;5;1;1;
17419;202000011348;154 722 284;A01;1;7;0;9;1;15;1;
17420;202000011349;154 722 282;A01;1;7;0;1;2;16;1;
17421;202000011350;154 722 281;A01;2;10;8;0;3;20;1;
17422;202000011352;154 722 277;A01;0;7;0;2;1;15;1;
17423;202000011352;154 722 279;B01;0;7;0;2;3;2;0;
17424;202000011353;154 722 276;A01;1;7;1;0;2;1;1;
17425;202000011354;154 722 273;C01;1;7;0;0;4;23;0;
17426;202000011354;154 722 274;B01;1;7;0;2;1;17;1;
17427;202000011354;154 722 275;A01;1;7;0;2;4;17;0;
17428;202000011355;154 722 272;A01;3;7;0;1;1;15;1;
17429;202000011356;154 722 270;B01;3;1;0;2;2;1;0;
17430;202000011356;154 722 271;A01;3;7;0;2;1;1;1;
17431;202000011357;154 722 268;B01;1;31;0;2;4;2;1;
17432;202000011357;154 722 269;D01;1;7;0;2;1;0;-1;
17433;202000011358;154 722 265;A01;1;1;0;1;1;1;5;
17434;202000011359;154 722 264;A01;2;10;8;0;1;25;0;
17435;202000011360;154 722 266;Z01;2;7;0;2;4;2;1;
17436;202000011360;154 722 267;A01;2;7;0;2;4;23;1;
17437;202000011361;154 722 261;A01;2;7;0;2;3;10;1;
17438;202000011361;154 722 263;B01;1;7;0;2;2;17;1;
17439;202000011362;154 722 259;A01;2;7;0;1;1;1;1;
17440;202000011363;154 722 260;B01;1;33;0;2;1;1;0;
17441;202000011363;154 722 262;A01;2;7;0;2;3;26;2;
17442;202000011364;154 722 257;C01;2;3;0;2;3;26;1;
17443;202000011364;154 722 258;B01;2;7;0;2;9;26;1;
17444;202000011365;154 722 254;A01;1;7;0;2;1;6;1;
17445;202000011365;154 722 256;B01;2;7;0;0;0;0;1;
17446;202000011366;154 722 255;A01;2;7;0;1;3;16;1;
17447;202000011367;154 722 253;A01;1;7;0;1;2;1;1;
17448;202000011368;154 722 251;B01;3;99;0;2;0;19;0;
17449;202000011368;154 722 252;A01;1;7;0;2;2;1;0;
17450;202000011369;154 722 247;C01;2;33;14;0;0;1;1;
17451;202000011369;154 722 248;B01;1;33;0;2;0;1;1;
17452;202000011369;154 722 250;A01;1;33;0;2;1;1;1;
17453;202000011370;154 722 245;A01;0;33;12;0;1;1;1;
17454;202000011371;154 722 244;A01;2;34;12;0;1;1;1;
17455;202000011372;154 722 246;A01;1;7;0;2;0;9;1;
17456;202000011372;154 722 249;B01;1;30;0;0;4;1;1;
17457;202000011373;154 722 242;A01;1;7;8;0;1;14;1;
17458;202000011374;154 722 243;A01;3;7;6;0;1;13;1;
17459;202000011375;154 722 240;B01;1;1;0;2;1;2;5;
17460;202000011375;154 722 241;A01;1;7;0;2;8;15;1;
17461;202000011376;154 722 239;A01;1;7;1;0;1;14;1;
17462;202000011377;154 722 234;B01;1;30;0;2;7;15;1;
17463;202000011377;154 722 235;A01;1;34;0;2;1;1;1;
17464;202000011378;154 722 232;B01;1;7;0;2;6;16;0;
17465;202000011378;154 722 233;A01;1;32;0;2;6;18;6;
17466;202000011379;154 722 230;A01;2;7;0;2;5;15;1;
17467;202000011379;154 722 231;B01;1;1;0;2;1;1;6;
17468;202000011380;154 722 229;A01;2;33;0;0;0;26;6;
17469;202000011381;154 722 236;A01;1;10;0;2;8;13;1;
17470;202000011381;154 722 237;C01;2;7;0;2;7;1;1;
17471;202000011381;154 722 238;B01;1;7;0;2;7;1;1;
17472;202000011382;154 722 227;A01;1;7;0;1;1;1;1;
17473;202000011383;154 722 226;A01;2;7;0;2;7;19;1;
17474;202000011383;154 722 228;B01;1;60;0;2;7;19;5;
17475;202000011384;154 722 224;A01;1;33;0;2;0;13;1;
17476;202000011384;154 722 225;Z01;1;7;0;2;0;0;1;
17477;202000011385;154 722 222;B01;1;7;0;2;4;2;1;
17478;202000011385;154 722 223;A01;1;7;0;2;1;2;1;
17479;202000011386;154 722 220;B01;1;7;0;2;5;15;1;
17480;202000011386;154 722 221;A01;2;33;0;2;1;1;1;
17481;202000011387;154 722 219;A01;1;7;13;0;0;14;1;
17482;202000011388;154 722 216;B01;1;32;0;2;1;1;1;
17483;202000011388;154 722 218;A01;2;7;0;2;8;15;1;
17484;202000011389;154 722 215;B01;2;1;0;2;0;0;5;
17485;202000011389;154 722 217;A01;2;1;0;2;0;2;5;
17486;202000011391;154 722 210;A01;0;7;0;0;0;15;1;
17487;202000011391;154 722 212;B01;2;33;0;0;3;1;1;
17488;202000011392;154 722 208;A01;2;7;0;2;0;9;1;
17489;202000011392;154 722 209;B01;2;2;1;2;2;0;1;
17490;202000011393;154 722 207;A01;1;33;0;0;9;1;1;
17491;202000011394;154 722 205;A01;2;7;1;9;3;1;1;
17492;202000011394;154 722 206;B01;2;1;1;2;7;19;5;
17493;202000011395;154 722 203;B01;3;7;0;0;8;15;1;
17494;202000011395;154 722 204;A01;3;2;0;2;2;17;1;
17495;202000011396;154 722 200;A01;1;7;0;2;3;13;0;
17496;202000011396;154 722 202;B01;1;7;0;2;8;1;0;
17497;202000011397;154 722 199;B01;3;3;0;2;2;1;5;
17498;202000011397;154 722 201;A01;0;7;0;2;3;9;1;
17499;202000011398;154 722 197;A01;1;7;0;2;2;1;1;
17500;202000011398;154 722 198;B01;1;1;0;2;5;2;5;
17501;202000011399;154 722 194;B01;3;7;0;2;3;1;1;
17502;202000011399;154 722 196;A01;3;7;0;2;3;13;1;
17503;202000011400;154 722 191;A01;2;7;0;2;0;1;1;
17504;202000011400;154 722 193;B01;1;7;0;2;8;1;1;
17505;202000011400;154 722 195;C01;1;33;0;2;6;1;1;
17506;202000011401;154 722 190;A01;0;33;0;0;9;1;1;
17507;202000011402;154 722 192;A01;1;7;0;1;1;1;0;
17508;202000011403;154 722 188;A01;1;7;0;1;2;1;1;
17509;202000011404;154 722 185;B01;3;7;0;0;0;26;1;
17510;202000011404;154 722 186;A01;3;80;0;0;1;26;3;
17511;202000011406;154 722 182;B01;2;7;0;0;4;2;0;
17512;202000011406;154 722 184;A01;2;10;0;2;1;2;0;
17513;202000011407;154 722 181;B01;1;10;0;2;2;1;1;
17514;202000011407;154 722 183;A01;2;7;0;2;1;19;1;
17515;202000011408;154 722 179;A01;2;7;0;0;0;1;1;
17516;202000011409;154 722 178;B01;2;7;0;2;3;16;1;
17517;202000011409;154 722 180;A01;1;10;0;2;3;15;1;
17518;202000011410;154 722 175;B01;2;7;0;2;4;2;0;
17519;202000011410;154 722 176;A01;2;7;0;2;1;2;1;
17520;202000011412;154 722 172;Z01;2;7;0;2;1;1;0;
17521;202000011412;154 722 173;B01;2;7;0;2;4;1;1;
17522;202000011412;154 722 174;A01;2;7;0;2;9;1;1;
17523;202000011413;154 722 166;A01;1;32;0;2;3;3;1;
17524;202000011413;154 722 168;B01;1;7;0;2;2;12;1;
17525;202000011414;154 722 165;A01;0;30;14;0;1;14;1;
17526;202000011415;154 722 167;A01;2;10;14;0;1;1;1;
17527;202000011415;154 722 169;B01;2;7;14;0;4;23;1;
17528;202000011415;154 722 170;C01;2;7;14;0;4;23;1;
17529;202000011415;154 722 171;D01;2;7;14;0;4;23;1;
17530;202000011417;154 722 162;A01;3;7;0;1;3;1;1;