;Num_Acc;id_vehicule;num_veh;senc;catv;obs;obsm;choc;manv;motor;occutc
17531;202000011418;154 722 161;B01;1;43;0;2;8;18;1;
17532;202000011418;154 722 163;A01;1;10;0;2;7;20;1;
17533;202000011419;154 722 158;B01;2;7;0;2;3;13;1;
17534;202000011419;154 722 160;A01;1;15;3;2;1;1;1;
17535;202000011421;154 722 154;A01;2;7;0;1;1;1;1;
17536;202000011422;154 722 153;C01;2;7;0;9;0;2;1;
17537;202000011422;154 722 155;B01;2;36;0;2;4;2;1;
17538;202000011422;154 722 156;A01;2;36;0;2;1;2;1;
17539;202000011423;154 722 151;A01;1;7;0;2;1;1;1;
17540;202000011423;154 722 152;B01;1;1;0;2;1;1;5;
17541;202000011424;154 722 150;A01;1;15;0;1;1;1;1;
17542;202000011425;154 722 147;A01;1;30;0;2;7;16;1;
17543;202000011425;154 722 149;B01;1;50;0;2;8;1;3;
17544;202000011426;154 722 146;A01;3;2;0;2;1;1;1;
17545;202000011426;154 722 148;B01;3;7;0;2;3;15;1;
17546;202000011428;154 722 141;B01;2;7;0;2;1;1;1;
17547;202000011428;154 722 144;C01;1;7;0;2;3;23;1;
17548;202000011428;154 722 145;Z01;1;33;0;2;0;15;1;
17549;202000011429;154 722 140;A01;2;7;0;0;3;9;1;
17550;202000011429;154 722 142;B01;2;2;0;2;1;1;1;
17551;202000011430;154 722 138;A01;2;7;14;2;2;14;1;
17552;202000011430;154 722 139;B01;2;30;0;2;4;23;3;
17553;202000011431;154 722 136;B01;2;7;0;2;3;1;1;
17554;202000011431;154 722 137;A01;1;31;0;2;1;1;1;
17555;202000011432;154 722 134;A01;3;50;0;2;1;19;3;
17556;202000011432;154 722 135;B01;2;7;0;2;3;1;1;
17557;202000011433;154 722 132;A01;1;7;0;2;8;15;1;
17558;202000011433;154 722 133;B01;1;33;0;2;1;11;1;
17559;202000011434;154 722 130;A01;1;33;7;0;1;1;1;
17560;202000011435;154 722 129;Z01;1;7;0;2;0;1;1;
17561;202000011435;154 722 131;A01;1;7;0;2;6;1;2;
17562;202000011436;154 722 128;A01;1;33;16;0;0;2;1;
17563;202000011438;154 722 124;A01;3;3;0;0;2;19;1;
17564;202000011438;154 722 125;B01;1;7;0;0;1;1;1;
17565;202000011439;154 722 122;B01;2;50;0;2;3;1;3;
17566;202000011439;154 722 123;A01;2;7;0;2;3;9;1;
17567;202000011441;154 722 119;A01;1;50;0;2;8;1;3;
17568;202000011441;154 722 120;Z01;1;7;0;2;0;15;0;
17569;202000011442;154 722 117;B01;2;7;0;2;3;1;1;
17570;202000011442;154 722 118;A01;1;7;0;2;3;13;1;
17571;202000011444;154 722 114;A01;1;3;0;2;2;15;1;
17572;202000011444;154 722 116;B01;1;32;8;2;1;1;1;
17573;202000011445;154 722 112;A01;1;33;8;0;1;1;1;
17574;202000011446;154 722 110;A01;1;33;14;0;1;13;1;
17575;202000011447;154 722 106;B01;1;1;0;2;1;1;5;
17576;202000011447;154 722 108;A01;2;50;0;2;1;14;3;
17577;202000011449;154 722 104;A01;1;50;0;0;0;1;3;
17578;202000011450;154 722 103;A01;1;33;0;0;8;26;1;
17579;202000011451;154 722 101;B01;1;30;0;2;2;2;1;
17580;202000011451;154 722 102;A01;2;1;0;2;6;1;5;
17581;202000011452;154 722 099;B01;2;33;0;2;1;1;1;
17582;202000011452;154 722 100;A01;2;7;0;2;1;16;1;
17583;202000011453;154 722 096;B01;2;32;0;2;5;17;1;
17584;202000011453;154 722 098;A01;2;7;0;2;3;15;1;
17585;202000011455;154 722 094;Z01;2;7;12;0;1;14;1;
17586;202000011456;154 722 093;A01;0;33;0;0;7;17;1;
17587;202000011456;154 722 095;B01;0;10;0;0;0;17;1;
17588;202000011457;154 722 092;A01;1;1;9;0;3;15;5;
17589;202000011458;154 722 091;A01;0;1;0;0;1;1;5;
17590;202000011459;154 722 090;A01;0;7;0;1;0;1;1;
17591;202000011462;154 722 085;B01;3;10;0;2;1;1;1;
17592;202000011462;154 722 086;A01;1;10;0;2;8;1;1;
17593;202000011464;154 722 078;A01;2;7;0;0;4;23;1;
17594;202000011464;154 722 079;B01;2;31;0;2;1;1;1;
17595;202000011465;154 722 076;A01;1;7;0;2;1;2;1;
17596;202000011465;154 722 077;B01;2;7;0;2;7;21;1;
17597;202000011466;154 722 075;A01;2;7;2;0;7;14;1;
17598;202000011467;154 722 072;A01;2;7;0;2;1;1;1;
17599;202000011467;154 722 073;B01;1;7;0;2;1;1;1;
17600;202000011468;154 722 074;C01;1;7;0;2;8;1;1;
17601;202000011468;154 722 080;B01;1;7;0;2;5;23;1;
17602;202000011468;154 722 081;A01;1;7;0;2;1;11;1;
17603;202000011469;154 722 070;A01;2;7;0;9;6;17;1;
17604;202000011469;154 722 071;B01;1;1;0;2;8;1;5;
17605;202000011470;154 722 068;B01;2;7;0;2;8;0;1;
17606;202000011470;154 722 069;A01;2;7;0;2;1;15;1;
17607;202000011471;154 722 065;B01;2;1;0;2;1;1;5;
17608;202000011471;154 722 067;A01;1;3;0;2;7;9;0;
17609;202000011472;154 722 064;A01;3;33;0;2;1;2;1;
17610;202000011472;154 722 066;B01;3;7;0;2;7;9;1;
17611;202000011473;154 722 063;A01;1;7;6;0;3;13;1;
17612;202000011474;154 722 062;A01;1;3;0;0;9;1;1;
17613;202000011475;154 722 061;A01;2;33;17;0;0;1;1;
17614;202000011476;154 722 060;A01;1;7;0;1;2;14;1;
17615;202000011477;154 722 058;A01;1;7;0;1;7;9;1;
17616;202000011478;154 722 057;A01;3;7;0;2;3;16;1;
17617;202000011478;154 722 059;B01;2;1;0;2;2;1;5;
17618;202000011479;154 722 055;A01;-1;7;0;2;9;16;1;
17619;202000011479;154 722 056;B01;1;32;0;2;3;16;1;
17620;202000011480;154 722 053;A01;1;7;0;0;2;15;1;
17621;202000011480;154 722 054;B01;2;2;0;0;1;1;1;
17622;202000011482;154 722 050;B01;3;33;0;2;1;14;1;
17623;202000011482;154 722 052;A01;3;7;1;0;6;20;1;
17624;202000011483;154 722 048;B01;2;33;0;2;7;0;1;
17625;202000011483;154 722 049;A01;2;7;0;2;3;15;1;
17626;202000011484;154 722 046;B01;3;32;0;2;3;1;1;
17627;202000011484;154 722 047;A01;3;7;0;2;2;14;1;
17628;202000011485;154 722 043;A01;2;7;0;2;1;2;1;
17629;202000011485;154 722 044;B01;2;7;0;2;4;2;1;
17630;202000011485;154 722 045;C01;2;7;0;2;4;2;1;
17631;202000011486;154 722 041;A01;1;34;0;2;1;17;1;
17632;202000011486;154 722 042;B01;1;7;0;2;3;9;1;
17633;202000011487;154 722 040;A01;1;7;12;1;3;13;1;
17634;202000011488;154 722 037;A01;1;1;0;2;1;1;5;
17635;202000011488;154 722 038;B01;1;1;0;9;4;1;5;
17636;202000011489;154 722 035;B01;2;37;0;2;3;1;1;1.0
17637;202000011489;154 722 036;A01;1;10;0;2;3;13;1;
17638;202000011490;154 722 034;A01;2;31;0;5;0;21;1;
17639;202000011491;154 722 032;B01;1;31;0;2;3;1;1;
17640;202000011491;154 722 033;A01;1;7;0;2;2;19;1;
17641;202000011492;154 722 030;A01;3;31;13;2;3;1;1;
17642;202000011492;154 722 031;B01;3;7;0;9;3;16;1;
17643;202000011493;154 722 029;A01;2;3;2;0;1;1;1;
17644;202000011494;154 722 039;A01;2;7;1;0;2;16;6;
17645;202000011495;154 722 027;A01;2;7;0;2;3;19;1;
17646;202000011495;154 722 028;B01;2;33;0;2;1;1;1;
17647;202000011496;154 722 025;A01;2;7;1;0;2;16;1;
17648;202000011496;154 722 026;B01;2;30;1;0;1;1;1;
17649;202000011497;154 722 021;D01;1;10;0;2;6;1;1;
17650;202000011497;154 722 022;C01;1;7;0;2;6;1;1;
17651;202000011497;154 722 023;B01;1;10;0;2;1;1;1;
17652;202000011497;154 722 024;A01;2;37;16;2;1;26;0;1.0
17653;202000011498;154 722 019;A01;1;7;6;2;3;15;1;
17654;202000011498;154 722 020;B01;1;2;6;2;2;17;1;
17655;202000011500;154 722 015;B01;2;1;1;0;1;1;0;
17656;202000011500;154 722 016;A01;2;7;0;9;8;22;1;
17657;202000011501;154 722 014;A01;2;10;0;1;2;1;1;
17658;202000011502;154 722 012;B01;2;7;13;2;6;17;1;
17659;202000011502;154 722 013;A01;2;13;0;2;2;17;1;
17660;202000011503;154 722 010;B01;2;7;0;2;3;1;1;
17661;202000011503;154 722 011;A01;1;7;0;2;3;1;1;
17662;202000011504;154 722 008;B01;1;7;0;2;4;2;1;
17663;202000011504;154 722 009;A01;1;7;3;2;1;2;1;
17664;202000011506;154 722 002;A01;2;7;13;0;3;1;1;
17665;202000011507;154 722 001;A01;1;7;0;1;3;1;0;
17666;202000011509;154 721 998;A01;2;31;2;0;1;21;0;
17667;202000011510;154 721 997;A01;2;21;3;0;3;1;1;
17668;202000011511;154 721 995;B01;2;1;0;2;1;1;5;
17669;202000011511;154 721 996;A01;1;7;0;2;7;15;1;
17670;202000011512;154 721 993;B01;2;31;0;2;1;17;0;
17671;202000011512;154 721 994;A01;2;7;0;2;3;15;0;
17672;202000011513;154 721 991;A01;1;2;0;2;1;15;1;
17673;202000011513;154 721 992;B01;1;2;0;0;4;15;1;
17674;202000011514;154 721 990;A01;1;33;0;0;3;1;6;
17675;202000011515;154 721 989;A01;1;31;13;0;1;1;1;
17676;202000011516;154 721 988;A01;1;2;7;0;1;14;1;
17677;202000011518;154 721 985;A01;3;36;16;0;0;16;1;
17678;202000011519;154 721 984;A01;2;33;15;0;1;13;1;
17679;202000011520;154 721 983;A01;2;33;0;0;8;1;1;
17680;202000011521;154 721 981;A01;3;7;0;2;1;1;1;
17681;202000011521;154 721 982;B01;3;7;0;2;1;1;1;
17682;202000011522;154 721 979;B01;2;7;0;2;8;1;0;
17683;202000011522;154 721 980;A01;1;10;0;2;3;1;1;
17684;202000011523;154 721 978;A01;1;2;0;0;9;15;1;
17685;202000011525;154 721 975;A01;0;33;13;0;2;1;1;
17686;202000011527;154 721 970;A01;1;33;0;2;1;1;1;
17687;202000011527;154 721 971;B01;3;7;0;2;2;20;1;
17688;202000011528;154 721 968;A01;1;7;0;2;3;1;1;
17689;202000011528;154 721 969;B01;2;1;0;2;2;1;5;
17690;202000011529;154 721 966;B01;3;7;0;2;3;16;0;
17691;202000011529;154 721 967;A01;1;2;0;2;7;1;1;
17692;202000011530;154 721 964;A01;0;7;0;2;2;9;1;
17693;202000011530;154 721 965;B01;0;33;0;2;1;26;1;
17694;202000011531;154 721 962;A01;1;7;0;2;1;2;0;
17695;202000011531;154 721 963;B01;1;17;0;0;4;2;0;
17696;202000011532;154 721 961;A01;2;7;3;0;3;2;1;
17697;202000011533;154 721 958;A01;1;7;0;2;8;11;0;
17698;202000011533;154 721 959;B01;1;7;4;0;9;1;1;
17699;202000011533;154 721 960;C01;1;7;0;2;1;1;1;
17700;202000011534;154 721 957;A01;0;7;0;0;1;1;1;
17701;202000011535;154 721 956;A01;2;33;7;0;1;12;1;
17702;202000011536;154 721 954;A01;3;7;0;2;3;1;0;
17703;202000011536;154 721 955;B01;3;7;0;2;3;1;0;
17704;202000011537;154 721 953;A01;1;33;0;0;1;0;1;
17705;202000011538;154 721 951;A01;0;7;0;2;1;1;6;
17706;202000011538;154 721 952;B01;0;7;0;2;7;15;1;
17707;202000011539;154 721 949;A01;0;7;0;2;1;1;0;
17708;202000011539;154 721 950;B01;0;7;0;2;1;1;0;
17709;202000011540;154 721 947;A01;1;7;16;2;1;1;1;
17710;202000011540;154 721 948;B01;2;2;0;2;1;1;1;
17711;202000011541;154 721 945;A01;1;7;0;2;1;6;1;
17712;202000011541;154 721 946;B01;2;7;0;2;1;1;1;
17713;202000011542;154 721 944;A01;2;33;2;0;9;1;1;
17714;202000011543;154 721 942;B01;1;99;0;2;1;1;1;
17715;202000011543;154 721 943;A01;2;33;0;2;2;19;1;
17716;202000011544;154 721 940;B01;1;34;0;2;2;16;1;
17717;202000011544;154 721 941;A01;1;7;0;0;3;0;1;
17718;202000011545;154 721 939;A01;1;7;0;0;2;0;1;
17719;202000011547;154 721 936;A01;3;7;0;1;1;1;1;
17720;202000011548;154 721 935;A01;0;16;0;0;0;0;0;
17721;202000011549;154 721 934;A01;2;33;3;0;3;1;1;
17722;202000011550;154 721 931;C01;0;1;0;2;8;23;5;
17723;202000011550;154 721 932;A01;1;7;0;2;3;1;1;
17724;202000011550;154 721 933;B01;2;7;0;2;3;1;1;
17725;202000011551;154 721 930;A01;2;10;1;2;2;0;1;
17726;202000011553;154 721 928;A01;3;7;0;1;4;4;1;
17727;202000011555;154 721 923;C01;1;7;0;2;2;1;1;
17728;202000011555;154 721 924;B01;1;10;0;2;4;0;1;
17729;202000011555;154 721 925;A01;1;7;4;2;0;1;1;
17730;202000011556;154 721 919;B01;1;7;0;2;2;2;1;
17731;202000011556;154 721 920;A01;1;7;0;2;4;2;1;
17732;202000011556;154 721 921;C01;1;7;0;2;4;2;1;
17733;202000011556;154 721 922;D01;1;7;0;2;3;0;1;
17734;202000011557;154 721 917;B01;1;7;0;0;0;0;1;
17735;202000011557;154 721 918;A01;1;7;0;0;0;0;1;
17736;202000011558;154 721 916;A01;1;7;0;2;5;2;1;
17737;202000011559;154 721 914;A01;1;7;0;2;1;2;1;
17738;202000011559;154 721 915;B01;1;7;0;2;4;2;1;
17739;202000011560;154 721 912;A01;1;7;0;2;1;2;1;
17740;202000011560;154 721 913;B01;1;7;0;2;4;2;1;
17741;202000011561;154 721 910;B01;1;33;0;2;4;2;1;
17742;202000011561;154 721 911;A01;1;33;0;2;1;2;1;
17743;202000011562;154 721 905;E01;2;7;0;2;5;1;1;
17744;202000011562;154 721 906;A01;2;7;0;2;1;21;1;
17745;202000011562;154 721 907;D01;2;7;0;2;8;1;1;
17746;202000011562;154 721 908;C01;2;7;0;2;6;1;1;
17747;202000011562;154 721 909;B01;2;7;0;2;5;1;1;
17748;202000011563;154 721 903;B01;2;7;0;2;4;2;1;
17749;202000011563;154 721 904;A01;2;33;0;2;1;2;1;
17750;202000011564;154 721 901;A01;2;10;0;2;7;12;1;
17751;202000011564;154 721 902;B01;2;50;0;2;3;1;3;
17752;202000011565;154 721 900;A01;1;7;12;0;1;1;1;
17753;202000011566;154 721 898;B01;1;7;0;2;1;23;1;
17754;202000011566;154 721 899;A01;2;10;0;2;4;4;1;
17755;202000011567;154 721 896;B01;1;1;0;2;6;15;5;
17756;202000011567;154 721 897;A01;1;7;0;2;2;1;1;
17757;202000011568;154 721 895;A01;1;1;0;2;1;21;5;
17758;202000011569;154 721 893;A01;2;1;0;2;1;2;5;
17759;202000011569;154 721 894;B01;2;7;0;2;5;23;1;
17760;202000011571;154 721 891;A01;0;33;0;0;8;26;1;
17761;202000011572;154 721 889;A01;3;7;0;2;1;15;1;
17762;202000011572;154 721 890;B01;1;33;15;2;3;1;1;
17763;202000011573;154 721 887;A01;2;34;1;0;7;13;1;
17764;202000011573;154 721 888;B01;1;7;0;2;3;17;1;
17765;202000011574;154 721 885;B01;3;7;0;0;1;1;1;
17766;202000011574;154 721 886;A01;3;7;0;0;0;0;1;
17767;202000011576;154 721 881;A01;1;33;0;2;1;1;1;
17768;202000011576;154 721 882;B01;1;7;0;2;4;16;1;
17769;202000011577;154 721 879;B01;0;10;1;0;1;15;1;
17770;202000011577;154 721 880;A01;1;10;0;2;2;26;1;
17771;202000011578;154 721 877;B01;0;7;0;0;4;0;0;
17772;202000011578;154 721 878;A01;0;37;0;2;1;0;0;1.0
17773;202000011579;154 721 875;B01;1;99;0;2;0;1;3;
17774;202000011579;154 721 876;A01;1;0;0;2;0;13;0;
17775;202000011580;154 721 874;A01;1;32;0;1;1;1;1;
17776;202000011581;154 721 872;B01;2;2;16;2;3;2;1;
17777;202000011581;154 721 873;A01;3;2;0;2;1;19;1;
17778;202000011582;154 721 870;B01;1;17;0;2;4;1;1;
17779;202000011582;154 721 871;A01;1;2;0;2;1;2;1;
17780;202000011583;154 721 868;B01;2;1;0;2;1;1;5;
17781;202000011583;154 721 869;A01;1;32;0;2;8;16;1;
17782;202000011584;154 721 867;A01;2;30;0;1;1;25;1;
17783;202000011585;154 721 863;C01;1;7;0;2;3;0;1;
17784;202000011585;154 721 864;A01;2;7;0;2;3;17;1;
17785;202000011585;154 721 865;B01;2;33;0;2;0;17;1;
17786;202000011586;154 721 861;A01;1;32;0;2;8;20;1;
17787;202000011586;154 721 862;B01;1;7;0;2;1;1;1;
17788;202000011587;154 721 860;A01;3;31;0;0;0;1;1;
17789;202000011588;154 721 858;B01;1;7;7;2;1;1;0;
17790;202000011588;154 721 859;A01;2;7;7;0;7;19;0;
17791;202000011589;154 721 856;B01;2;7;0;2;3;1;1;
17792;202000011589;154 721 857;A01;1;34;0;2;8;1;1;
17793;202000011590;154 721 853;A01;1;7;13;0;9;17;1;
17794;202000011590;154 721 854;B01;1;7;0;0;0;17;1;
17795;202000011590;154 721 855;C01;1;1;0;0;0;2;5;
17796;202000011591;154 721 851;B01;1;7;0;2;3;1;1;
17797;202000011591;154 721 852;A01;1;7;7;2;2;19;1;
17798;202000011592;154 721 850;A01;1;38;13;0;7;1;1;1.0
17799;202000011593;154 721 848;B01;2;7;0;2;1;1;1;
17800;202000011593;154 721 849;A01;1;7;0;0;2;15;1;
17801;202000011594;154 721 847;A01;2;7;13;0;0;2;1;
17802;202000011595;154 721 845;A01;1;7;0;2;6;9;0;
17803;202000011595;154 721 846;B01;1;33;0;2;1;1;0;
17804;202000011596;154 721 844;A01;1;7;0;1;8;1;1;
17805;202000011597;154 721 842;A01;2;7;0;2;1;1;1;
17806;202000011597;154 721 843;B01;2;7;0;0;4;2;1;
17807;202000011599;154 721 840;A01;1;33;0;0;0;17;1;
17808;202000011600;154 721 838;A01;1;7;0;2;1;15;1;
17809;202000011600;154 721 839;B01;2;7;0;2;1;1;1;
17810;202000011601;154 721 837;A01;2;7;2;0;1;1;1;
17811;202000011602;154 721 836;A01;3;35;8;0;1;1;1;
17812;202000011603;154 721 834;B01;2;7;0;2;3;1;1;
17813;202000011603;154 721 835;A01;1;7;0;2;3;9;1;
17814;202000011605;154 721 830;A01;2;7;0;2;3;1;2;
17815;202000011605;154 721 831;B01;3;2;0;2;1;15;1;
17816;202000011606;154 721 828;A01;2;7;0;0;6;2;1;
17817;202000011606;154 721 829;B01;2;7;0;2;6;2;1;
17818;202000011607;154 721 827;A01;2;7;13;0;1;26;1;
17819;202000011608;154 721 825;A01;0;7;0;2;1;16;1;
17820;202000011608;154 721 826;B01;0;1;0;2;4;16;5;
17821;202000011609;154 721 824;A01;2;7;2;0;1;14;0;
17822;202000011610;154 721 820;D01;0;1;0;0;4;1;5;
17823;202000011610;154 721 821;C01;0;1;0;0;4;1;5;
17824;202000011610;154 721 822;B01;0;1;0;0;4;1;5;
17825;202000011610;154 721 823;A01;0;7;0;2;2;1;1;
17826;202000011611;154 721 816;A01;1;7;3;0;4;1;1;
17827;202000011611;154 721 817;B01;1;7;0;2;1;2;1;
17828;202000011612;154 721 814;A01;2;33;0;2;1;11;6;
17829;202000011612;154 721 815;B01;1;10;0;2;2;13;1;
17830;202000011614;154 721 809;A01;-1;7;6;0;8;1;1;
17831;202000011615;154 721 807;A01;2;34;0;2;1;1;1;
17832;202000011615;154 721 808;B01;1;13;0;2;5;15;1;
17833;202000011616;154 721 805;B01;2;7;0;2;3;1;1;
17834;202000011616;154 721 806;A01;1;32;0;2;3;1;1;
17835;202000011617;154 721 803;B01;1;7;0;0;3;0;1;
17836;202000011617;154 721 804;A01;2;33;0;0;3;13;1;
17837;202000011618;154 721 802;A01;1;7;3;0;0;1;1;
17838;202000011620;154 721 799;A01;2;7;0;2;1;13;0;
17839;202000011620;154 721 800;B01;1;7;0;2;1;1;0;
17840;202000011622;154 721 797;A01;1;10;2;0;1;1;0;
17841;202000011623;154 721 794;A01;3;33;8;0;3;1;1;
17842;202000011624;154 721 792;A01;2;33;0;2;1;21;1;
17843;202000011624;154 721 793;B01;1;10;0;2;3;19;0;
17844;202000011626;154 721 788;A01;1;7;0;2;2;1;1;
17845;202000011626;154 721 789;B01;1;7;0;0;6;11;1;
17846;202000011627;154 721 786;B01;1;31;0;2;0;0;1;
17847;202000011627;154 721 787;A01;1;7;0;2;1;1;1;
17848;202000011628;154 721 784;A01;2;32;0;2;7;12;1;
17849;202000011628;154 721 785;B01;2;34;3;2;0;1;1;
17850;202000011629;154 721 781;B01;1;13;0;2;3;0;1;
17851;202000011629;154 721 782;C01;1;7;0;2;1;1;1;
17852;202000011629;154 721 783;A01;1;10;0;2;0;0;1;
17853;202000011630;154 721 778;A01;2;7;0;2;9;2;1;
17854;202000011630;154 721 779;B01;2;7;0;2;7;1;1;
17855;202000011630;154 721 780;C01;2;7;0;2;3;1;1;
17856;202000011631;154 721 776;A01;1;33;0;2;6;0;0;
17857;202000011631;154 721 777;B01;1;7;0;2;1;15;0;
17858;202000011632;154 721 774;A01;1;30;0;2;1;26;1;
17859;202000011632;154 721 775;B01;2;7;0;2;2;15;1;
17860;202000011633;154 721 772;A01;1;7;0;2;1;1;1;
17861;202000011633;154 721 773;B01;2;7;0;2;4;23;1;
17862;202000011635;154 721 769;A01;1;7;0;2;1;26;1;
17863;202000011635;154 721 770;B01;1;1;0;2;4;0;5;
17864;202000011636;154 721 768;A01;0;2;0;1;1;1;1;
17865;202000011637;154 721 766;A01;2;33;0;2;7;17;1;
17866;202000011637;154 721 767;B01;2;7;0;2;8;9;1;
17867;202000011638;154 721 765;A01;1;7;0;1;4;26;1;
17868;202000011639;154 721 763;B01;1;7;0;0;4;2;0;
17869;202000011639;154 721 764;A01;1;37;0;2;1;2;1;1.0
17870;202000011640;154 721 762;A01;1;7;1;0;1;0;1;
17871;202000011641;154 721 760;A01;2;33;0;2;7;17;1;
17872;202000011641;154 721 761;B01;2;7;0;2;6;17;1;
17873;202000011642;154 721 757;C01;2;7;0;2;8;26;1;
17874;202000011642;154 721 758;B01;2;7;14;0;5;26;1;
17875;202000011642;154 721 759;A01;2;31;0;2;5;18;1;
17876;202000011643;154 721 756;A01;1;7;6;0;1;15;1;
17877;202000011644;154 721 754;B01;3;7;0;2;8;15;6;
17878;202000011644;154 721 755;A01;3;34;0;2;1;17;6;
17879;202000011645;154 721 753;A01;1;7;4;0;2;1;1;
17880;202000011646;154 721 751;A01;2;10;0;2;7;1;1;
17881;202000011646;154 721 752;B01;2;10;0;2;2;9;1;
17882;202000011647;154 721 749;B01;2;10;0;2;8;1;1;
17883;202000011647;154 721 750;A01;2;10;0;2;1;9;1;
17884;202000011648;154 721 748;A01;2;7;0;1;2;26;1;
17885;202000011649;154 721 747;A01;3;7;0;1;3;19;1;
17886;202000011650;154 721 746;A01;1;7;0;1;1;26;1;
17887;202000011651;154 721 744;A01;3;7;0;2;3;15;1;
17888;202000011651;154 721 745;B01;3;7;0;2;7;1;1;
17889;202000011652;154 721 743;A01;1;37;6;0;1;1;1;15.0
17890;202000011653;154 721 742;A01;1;7;4;0;3;13;1;
17891;202000011654;154 721 740;A01;2;7;0;2;7;17;1;
17892;202000011654;154 721 741;B01;2;3;0;2;8;1;1;
17893;202000011655;154 721 739;A01;2;7;0;1;8;15;1;
17894;202000011656;154 721 737;B01;1;7;0;2;2;1;1;
17895;202000011656;154 721 738;A01;1;30;0;2;8;3;1;
17896;202000011657;154 721 736;A01;2;1;12;0;1;14;5;
17897;202000011658;154 721 734;B01;1;2;0;2;1;21;1;
17898;202000011658;154 721 735;A01;1;30;0;2;4;26;1;
17899;202000011659;154 721 732;B01;1;1;0;2;0;0;0;
17900;202000011659;154 721 733;A01;1;7;0;2;1;0;1;
17901;202000011660;154 721 730;A01;1;1;0;2;1;1;5;
17902;202000011660;154 721 731;B01;1;7;0;2;4;1;1;
17903;202000011662;154 721 726;B01;0;7;0;9;3;15;1;
17904;202000011662;154 721 727;A01;0;1;0;2;8;5;0;
17905;202000011663;154 721 724;A01;2;7;0;2;7;17;1;
17906;202000011663;154 721 725;B01;2;1;0;2;8;13;5;
17907;202000011664;154 721 722;B01;3;1;0;2;1;15;5;
17908;202000011664;154 721 723;A01;3;7;0;2;2;16;1;
17909;202000011665;154 721 720;B01;1;7;0;0;3;1;1;
17910;202000011665;154 721 721;A01;1;7;0;2;2;9;1;
17911;202000011666;154 721 718;B01;2;33;0;2;1;1;1;
17912;202000011666;154 721 719;A01;1;7;0;2;1;1;1;
17913;202000011668;154 721 716;A01;2;7;0;1;7;1;1;
17914;202000011669;154 721 714;B01;1;7;0;2;3;15;1;
17915;202000011669;154 721 715;A01;1;7;0;2;2;1;1;
17916;202000011670;154 721 712;B01;0;7;0;2;7;17;0;
17917;202000011670;154 721 713;A01;0;1;0;0;0;1;5;
17918;202000011672;154 721 708;A01;1;7;0;2;2;0;1;
17919;202000011672;154 721 709;B01;1;2;0;2;3;0;1;
17920;202000011673;154 721 707;A01;1;7;15;0;0;0;1;
17921;202000011674;154 721 706;A01;2;34;3;0;7;15;1;
17922;202000011675;154 721 704;B01;2;7;0;2;2;1;1;
17923;202000011675;154 721 705;A01;0;7;0;2;1;15;1;
17924;202000011676;154 721 701;A01;1;7;0;2;1;2;3;
17925;202000011676;154 721 702;B01;1;7;0;2;4;2;1;
17926;202000011676;154 721 703;C01;1;7;0;2;4;2;1;
17927;202000011677;154 721 699;A01;3;10;0;2;3;13;1;
17928;202000011677;154 721 700;B01;3;15;0;2;3;1;1;
17929;202000011678;154 721 697;B01;1;33;0;2;1;2;1;
17930;202000011678;154 721 698;A01;1;7;0;2;2;0;1;
17931;202000011679;154 721 696;A01;3;7;0;0;9;1;1;
17932;202000011681;154 721 691;A01;2;30;0;2;4;16;1;
17933;202000011681;154 721 692;Z01;0;10;0;2;3;26;1;
17934;202000011682;154 721 690;A01;1;32;0;1;0;0;0;
17935;202000011683;154 721 689;A01;3;31;0;0;0;0;1;
17936;202000011684;154 721 688;A01;2;10;0;1;3;15;1;
17937;202000011685;154 721 687;A01;0;7;1;1;4;20;0;
17938;202000011686;154 721 685;B01;3;30;0;2;1;19;1;
17939;202000011686;154 721 686;A01;3;7;0;2;7;19;1;
17940;202000011687;154 721 683;A01;2;10;0;2;3;15;1;
17941;202000011687;154 721 684;B01;2;33;0;2;1;17;1;
17942;202000011688;154 721 681;B01;1;32;0;2;1;1;1;
17943;202000011688;154 721 682;A01;1;7;0;2;2;15;2;
17944;202000011689;154 721 679;B01;0;10;0;2;3;1;1;
17945;202000011689;154 721 680;A01;2;30;0;2;1;13;1;
17946;202000011690;154 721 677;B01;2;1;0;2;0;14;5;
17947;202000011690;154 721 678;A01;2;7;0;2;1;2;1;
17948;202000011691;154 721 676;A01;1;7;6;0;1;1;1;
17949;202000011692;154 721 675;A01;1;7;0;0;1;1;1;
17950;202000011693;154 721 673;B01;1;10;0;2;5;12;1;
17951;202000011693;154 721 674;A01;1;33;0;2;1;1;1;
17952;202000011695;154 721 670;A01;1;7;14;0;3;13;1;
17953;202000011696;154 721 668;A01;1;7;0;2;3;1;1;
17954;202000011696;154 721 669;B01;2;2;0;2;3;15;1;
17955;202000011697;154 721 666;B01;1;32;0;2;1;18;1;
17956;202000011697;154 721 667;A01;1;15;0;2;7;16;1;
17957;202000011698;154 721 665;A01;1;10;0;1;4;4;3;
17958;202000011699;154 721 663;B01;1;1;0;2;1;1;5;
17959;202000011699;154 721 664;A01;1;43;0;2;8;1;1;
17960;202000011701;154 721 661;A01;1;7;0;1;3;15;3;
17961;202000011702;154 721 659;B01;1;1;0;2;1;7;5;
17962;202000011702;154 721 660;A01;1;10;0;2;7;16;1;