;Num_Acc;id_vehicule;num_veh;senc;catv;obs;obsm;choc;manv;motor;occutc
17963;202000011703;154 721 658;A01;1;10;0;1;6;1;1;
17964;202000011704;154 721 657;A01;1;1;0;1;1;1;5;
17965;202000011705;154 721 655;B01;1;10;0;2;7;16;0;
17966;202000011705;154 721 656;A01;1;1;0;2;1;7;5;
17967;202000011706;154 721 652;B01;2;10;0;2;4;23;1;
17968;202000011706;154 721 653;C01;2;7;0;2;4;23;1;
17969;202000011706;154 721 654;A01;2;10;0;2;1;1;1;
17970;202000011707;154 721 651;A01;3;1;0;1;1;1;5;
17971;202000011708;154 721 649;B01;1;10;0;2;4;24;1;
17972;202000011708;154 721 650;A01;1;30;0;2;1;13;1;
17973;202000011709;154 721 648;A01;1;1;12;0;7;14;5;
17974;202000011711;154 721 644;A01;1;2;0;2;1;1;1;
17975;202000011711;154 721 645;B01;2;7;0;2;3;15;1;
17976;202000011712;154 721 642;A01;1;7;0;2;3;15;1;
17977;202000011712;154 721 643;B01;1;1;0;2;1;1;5;
17978;202000011713;154 721 640;A01;2;30;0;2;1;13;4;
17979;202000011713;154 721 641;B01;1;7;0;2;1;1;1;
17980;202000011714;154 721 637;B01;2;7;0;2;4;2;1;
17981;202000011714;154 721 638;A01;2;7;0;2;1;2;1;
17982;202000011714;154 721 639;C01;2;7;0;2;4;2;1;
17983;202000011715;154 721 635;A01;2;7;0;2;2;26;0;
17984;202000011715;154 721 636;Y01;-1;0;0;2;8;19;0;
17985;202000011716;154 721 633;A01;2;10;0;2;2;1;0;
17986;202000011716;154 721 634;B01;1;0;0;2;0;0;0;
17987;202000011717;154 721 632;A01;2;20;15;1;1;9;2;
17988;202000011718;154 721 631;A01;2;7;0;1;6;1;1;
17989;202000011719;154 721 630;A01;2;7;0;1;2;1;2;
17990;202000011720;154 721 627;A01;2;33;0;2;4;1;1;
17991;202000011720;154 721 628;B01;2;7;0;2;4;1;1;
17992;202000011721;154 721 626;A01;1;31;14;0;2;14;1;
17993;202000011722;154 721 624;A01;1;7;0;2;1;19;0;
17994;202000011722;154 721 625;B01;0;7;0;0;3;19;0;
17995;202000011723;154 721 623;A01;1;7;0;1;2;1;1;
17996;202000011724;154 721 621;A01;1;1;0;2;1;16;5;
17997;202000011724;154 721 622;B01;3;7;0;2;1;23;1;
17998;202000011725;154 721 619;A01;2;7;0;2;1;15;1;
17999;202000011725;154 721 620;B01;1;43;0;2;8;0;1;
18000;202000011726;154 721 618;A01;1;7;9;1;2;14;1;
18001;202000011727;154 721 616;B01;3;31;0;2;8;1;1;
18002;202000011727;154 721 617;A01;1;7;8;2;2;19;1;
18003;202000011728;154 721 615;A01;1;15;2;0;8;13;1;
18004;202000011729;154 721 614;A01;1;7;6;0;1;13;1;
18005;202000011730;154 721 612;A01;1;7;0;2;6;15;1;
18006;202000011730;154 721 613;B01;2;2;0;2;1;1;1;
18007;202000011731;154 721 611;A01;0;7;5;0;9;0;1;
18008;202000011732;154 721 608;B01;2;7;0;2;3;1;1;
18009;202000011732;154 721 609;A01;1;7;0;2;3;0;1;
18010;202000011733;154 721 607;A01;1;7;8;0;9;1;1;
18011;202000011734;154 721 606;A01;3;33;0;0;0;1;1;
18012;202000011735;154 721 602;B01;2;7;0;9;8;9;1;
18013;202000011735;154 721 603;A01;2;80;0;2;1;1;3;
18014;202000011736;154 721 601;A01;1;7;2;0;1;1;1;
18015;202000011737;154 721 599;A01;2;10;0;9;3;13;1;
18016;202000011737;154 721 600;B01;2;1;0;2;1;1;5;
18017;202000011738;154 721 597;B01;2;7;13;9;3;1;1;
18018;202000011738;154 721 598;A01;1;14;13;0;1;1;1;
18019;202000011739;154 721 596;A01;1;33;16;0;0;14;1;
18020;202000011740;154 721 595;A01;2;15;8;0;1;1;1;
18021;202000011741;154 721 593;A01;3;2;0;2;1;5;1;
18022;202000011741;154 721 594;B01;3;7;0;2;3;1;1;
18023;202000011742;154 721 592;A01;2;7;2;0;1;1;1;
18024;202000011743;154 721 590;A01;2;7;0;2;1;14;0;
18025;202000011743;154 721 591;B01;1;7;0;2;3;1;0;
18026;202000011744;154 721 589;A01;3;10;0;1;6;20;1;
18027;202000011745;154 721 588;A01;1;33;13;0;1;17;1;
18028;202000011747;154 721 585;A01;1;15;3;0;1;1;1;
18029;202000011748;154 721 583;B01;1;7;0;2;9;1;1;
18030;202000011748;154 721 584;A01;0;7;0;2;2;19;1;
18031;202000011749;154 721 581;C01;1;31;8;2;8;1;1;
18032;202000011749;154 721 582;B01;1;7;0;2;2;9;1;
18033;202000011750;154 721 580;A01;0;2;0;0;0;0;5;
18034;202000011751;154 721 579;A01;3;7;0;1;2;1;1;
18035;202000011752;154 721 577;B01;0;7;0;2;1;26;1;
18036;202000011752;154 721 578;A01;0;7;0;0;8;1;1;
18037;202000011753;154 721 575;B01;2;7;0;2;2;1;0;
18038;202000011753;154 721 576;A01;1;10;0;2;1;13;0;
18039;202000011754;154 721 574;A01;1;7;2;0;9;13;1;
18040;202000011755;154 721 573;A01;2;7;13;0;1;16;1;
18041;202000011756;154 721 572;A01;2;33;0;1;2;13;1;
18042;202000011757;154 721 570;B01;2;7;0;2;4;23;1;
18043;202000011757;154 721 571;A01;2;7;0;2;1;2;1;
18044;202000011758;154 721 568;A01;1;7;0;2;1;5;1;
18045;202000011758;154 721 569;B01;2;7;0;2;1;1;1;
18046;202000011759;154 721 566;B01;-1;50;0;2;3;15;3;
18047;202000011759;154 721 567;A01;-1;7;0;2;3;1;-1;
18048;202000011760;154 721 564;B01;3;1;0;2;7;1;5;
18049;202000011760;154 721 565;A01;2;10;0;2;1;9;1;
18050;202000011761;154 721 562;B01;3;7;0;2;7;1;1;
18051;202000011761;154 721 563;A01;3;1;0;2;8;9;5;
18052;202000011762;154 721 560;B01;2;2;0;2;1;1;1;
18053;202000011762;154 721 561;A01;3;7;0;2;3;9;1;
18054;202000011763;154 721 559;A01;3;32;0;1;7;21;1;
18055;202000011764;154 721 557;B01;0;3;0;2;1;16;1;
18056;202000011764;154 721 558;A01;0;7;0;2;1;1;1;
18057;202000011765;154 721 555;B01;0;7;0;2;4;1;1;
18058;202000011765;154 721 556;A01;0;7;0;2;1;1;1;
18059;202000011766;154 721 554;A01;0;50;0;1;1;25;3;
18060;202000011767;154 721 552;A01;0;7;0;2;7;4;1;
18061;202000011767;154 721 553;B01;1;2;0;2;1;17;1;
18062;202000011768;154 721 547;C01;2;7;0;2;4;1;1;
18063;202000011768;154 721 548;B01;2;7;0;2;5;1;1;
18064;202000011768;154 721 549;A01;2;7;0;2;3;1;1;
18065;202000011769;154 721 542;B01;1;7;0;2;8;16;1;
18066;202000011769;154 721 543;A01;1;14;0;2;5;15;1;
18067;202000011770;154 721 540;A01;1;30;0;2;1;0;1;
18068;202000011770;154 721 541;B01;2;7;0;2;6;1;1;
18069;202000011773;154 721 535;A01;1;10;1;0;1;13;1;
18070;202000011774;154 721 533;A01;1;7;0;2;2;4;1;
18071;202000011774;154 721 534;B01;2;1;0;2;3;1;5;
18072;202000011776;154 721 530;A01;1;7;0;1;2;1;1;
18073;202000011777;154 721 529;A01;1;7;14;0;1;1;1;
18074;202000011778;154 721 527;A01;1;7;0;2;1;19;1;
18075;202000011778;154 721 528;B01;2;7;0;2;3;1;1;
18076;202000011779;154 721 525;A01;1;30;0;0;0;1;1;
18077;202000011779;154 721 526;B01;1;7;0;0;0;23;1;
18078;202000011780;154 721 523;A01;1;10;0;2;1;2;1;
18079;202000011780;154 721 524;B01;1;7;0;2;4;2;1;
18080;202000011781;154 721 521;A01;2;10;0;2;8;10;1;
18081;202000011781;154 721 522;B01;2;31;0;2;6;2;1;
18082;202000011782;154 721 520;A01;1;7;3;0;1;14;1;
18083;202000011783;154 721 519;A01;2;7;0;1;2;0;1;
18084;202000011784;154 721 518;A01;1;7;2;0;1;26;1;
18085;202000011785;154 721 516;B01;1;7;0;2;6;15;1;
18086;202000011785;154 721 517;A01;1;33;0;2;1;17;1;
18087;202000011786;154 721 514;B01;1;7;0;2;7;1;1;
18088;202000011786;154 721 515;A01;2;7;0;2;1;9;1;
18089;202000011787;154 721 512;B01;1;1;0;2;4;1;5;
18090;202000011787;154 721 513;A01;2;7;0;2;1;9;1;
18091;202000011788;154 721 511;A01;2;7;4;0;2;14;1;
18092;202000011789;154 721 509;A01;2;7;0;2;3;9;1;
18093;202000011789;154 721 510;B01;1;31;0;2;7;1;1;
18094;202000011790;154 721 508;A01;1;7;13;0;2;14;1;
18095;202000011791;154 721 507;A01;1;7;0;1;2;1;1;
18096;202000011792;154 721 506;A01;1;7;0;1;1;1;1;
18097;202000011795;154 721 501;B01;3;7;0;2;0;0;1;
18098;202000011795;154 721 502;A01;3;50;0;2;0;1;3;
18099;202000011796;154 721 499;B01;3;1;0;2;0;0;5;
18100;202000011796;154 721 500;A01;3;10;0;9;0;0;1;
18101;202000011797;154 721 497;B01;-1;1;0;2;0;0;5;
18102;202000011797;154 721 498;A01;3;10;0;2;0;1;1;
18103;202000011798;154 721 495;B01;3;33;0;2;0;0;1;
18104;202000011798;154 721 496;A01;3;7;0;2;0;15;1;
18105;202000011799;154 721 494;A01;3;30;0;0;0;1;1;
18106;202000011800;154 721 492;A01;2;7;0;2;7;16;1;
18107;202000011800;154 721 493;B01;2;30;0;2;1;18;1;
18108;202000011801;154 721 491;A01;2;31;0;1;1;1;1;
18109;202000011802;154 721 490;A01;1;7;0;1;2;1;1;
18110;202000011803;154 721 489;A01;2;7;0;1;1;1;0;
18111;202000011804;154 721 487;A01;2;38;0;2;5;17;1;1.0
18112;202000011804;154 721 488;B01;0;80;0;2;3;13;3;
18113;202000011805;154 721 486;A01;0;7;1;0;2;1;1;
18114;202000011806;154 721 484;A01;2;7;0;2;3;1;1;
18115;202000011806;154 721 485;B01;1;7;0;2;7;9;1;
18116;202000011807;154 721 483;A01;3;7;0;1;3;15;1;
18117;202000011808;154 721 481;A01;0;10;0;2;1;1;1;
18118;202000011808;154 721 482;B01;0;7;0;2;8;1;1;
18119;202000011809;154 721 479;B01;1;2;0;2;1;17;1;
18120;202000011809;154 721 480;A01;1;7;0;2;3;15;1;
18121;202000011810;154 721 477;A01;3;7;0;2;2;1;1;
18122;202000011810;154 721 478;B01;3;1;0;2;4;1;5;
18123;202000011811;154 721 474;B01;2;40;0;2;3;1;3;
18124;202000011811;154 721 475;A01;1;1;0;4;3;15;5;
18125;202000011812;154 721 473;A01;2;7;6;1;2;1;1;
18126;202000011813;154 721 470;A01;2;7;0;2;3;13;1;
18127;202000011813;154 721 471;B01;1;99;0;2;1;21;1;
18128;202000011813;154 721 472;C01;2;7;0;2;3;1;1;
18129;202000011814;154 721 476;Z01;1;7;0;1;0;26;0;
18130;202000011815;154 721 469;A01;1;2;0;0;8;1;1;
18131;202000011817;154 721 467;A01;2;30;0;1;1;1;1;
18132;202000011818;154 721 465;A01;1;7;0;2;3;1;1;
18133;202000011818;154 721 466;B01;1;2;0;2;1;1;1;
18134;202000011819;154 721 464;A01;1;7;0;1;2;1;1;
18135;202000011820;154 721 462;A01;1;7;0;1;1;1;1;
18136;202000011821;154 721 461;A01;1;7;0;2;4;1;1;
18137;202000011821;154 721 463;B01;1;7;0;2;1;1;1;
18138;202000011822;154 721 457;B01;1;1;0;2;8;1;5;
18139;202000011822;154 721 459;A01;1;10;0;2;7;1;1;
18140;202000011823;154 721 458;A01;0;33;0;2;1;26;1;
18141;202000011823;154 721 460;B01;0;7;0;2;3;1;0;
18142;202000011824;154 721 456;A01;0;7;14;0;1;1;1;
18143;202000011825;154 721 455;A01;0;7;8;0;1;1;1;
18144;202000011826;154 721 453;B01;2;10;0;2;8;15;1;
18145;202000011826;154 721 454;A01;2;7;6;2;2;2;1;
18146;202000011827;154 721 451;A01;2;31;0;1;1;1;1;
18147;202000011828;154 721 449;A01;2;33;0;1;1;13;1;
18148;202000011829;154 721 446;A01;2;7;0;2;3;13;1;
18149;202000011829;154 721 448;B01;1;10;0;2;1;1;1;
18150;202000011830;154 721 445;B01;2;2;0;2;1;1;1;
18151;202000011830;154 721 447;Z01;1;7;0;2;1;0;1;
18152;202000011831;154 721 441;B01;3;31;0;2;1;9;0;
18153;202000011831;154 721 443;A01;3;7;0;2;3;9;1;
18154;202000011832;154 721 440;B01;1;7;0;2;4;1;1;
18155;202000011832;154 721 442;C01;1;7;0;2;4;1;1;
18156;202000011832;154 721 444;A01;1;7;0;2;1;1;1;
18157;202000011833;154 721 439;A01;2;7;0;1;1;1;1;
18158;202000011834;154 721 438;A01;1;7;0;1;1;2;1;
18159;202000011836;154 721 434;B01;1;32;0;2;1;1;0;
18160;202000011836;154 721 435;A01;1;7;0;2;6;1;1;
18161;202000011837;154 721 432;A01;-1;3;0;2;1;15;1;
18162;202000011837;154 721 433;B01;3;31;0;2;1;1;1;
18163;202000011838;154 721 431;A01;3;7;9;0;2;26;1;
18164;202000011839;154 721 427;A01;1;7;0;2;8;11;1;
18165;202000011839;154 721 429;C01;1;7;0;2;4;1;1;
18166;202000011839;154 721 430;B01;1;32;0;2;2;3;1;
18167;202000011840;154 721 426;B01;1;33;0;2;1;1;2;
18168;202000011840;154 721 428;A01;1;10;0;2;2;1;1;
18169;202000011841;154 721 424;A01;1;32;0;2;1;2;1;
18170;202000011841;154 721 425;B01;1;7;0;2;5;14;1;
18171;202000011842;154 721 423;A01;1;7;0;9;9;21;1;
18172;202000011843;154 721 421;A01;1;7;0;2;2;17;1;
18173;202000011843;154 721 422;B01;1;50;0;2;3;1;3;
18174;202000011844;154 721 419;A01;1;1;1;1;1;1;5;
18175;202000011845;154 721 420;A01;2;33;0;1;1;1;1;
18176;202000011847;154 721 415;Z01;1;1;0;1;0;1;5;
18177;202000011848;154 721 416;A01;2;7;0;1;3;1;1;
18178;202000011849;154 721 414;A01;1;1;0;1;8;1;5;
18179;202000011850;154 721 410;A01;2;1;0;2;1;1;5;
18180;202000011850;154 721 413;B01;2;7;0;2;4;15;1;
18181;202000011851;154 721 411;B01;1;30;0;2;7;1;1;
18182;202000011851;154 721 412;A01;1;10;0;2;8;10;1;
18183;202000011853;154 721 406;B01;2;1;0;2;1;1;5;
18184;202000011853;154 721 407;A01;2;7;0;2;2;16;2;
18185;202000011854;154 721 404;B01;3;7;0;2;2;15;1;
18186;202000011854;154 721 405;A01;3;7;0;2;3;1;1;
18187;202000011855;154 721 402;B01;2;1;0;2;8;1;5;
18188;202000011855;154 721 403;A01;2;1;0;2;7;13;5;
18189;202000011856;154 721 401;A01;1;10;0;1;4;4;1;
18190;202000011857;154 721 398;B01;1;1;0;2;1;1;5;
18191;202000011857;154 721 400;A01;2;1;0;2;1;13;5;
18192;202000011858;154 721 397;B01;1;32;0;2;2;2;1;
18193;202000011858;154 721 399;A01;1;7;0;2;3;10;1;
18194;202000011859;154 721 396;A01;3;1;0;1;2;13;5;
18195;202000011860;154 721 394;B01;1;30;0;2;1;1;1;
18196;202000011860;154 721 395;A01;1;1;0;2;2;15;5;
18197;202000011862;154 721 391;B01;1;31;0;2;2;1;1;
18198;202000011862;154 721 392;A01;1;10;0;2;6;15;1;
18199;202000011863;154 721 389;A01;2;10;0;2;3;15;1;
18200;202000011863;154 721 390;B01;2;33;0;2;2;1;1;
18201;202000011864;154 721 388;A01;2;80;12;0;1;13;3;
18202;202000011865;154 721 386;A01;1;7;0;2;8;22;1;
18203;202000011865;154 721 387;B01;1;1;0;2;1;2;5;
18204;202000011866;154 721 384;A01;2;10;0;2;5;10;1;
18205;202000011866;154 721 385;B01;1;43;0;2;1;2;1;
18206;202000011867;154 721 383;A01;2;32;1;0;1;14;1;
18207;202000011868;154 721 381;A01;1;1;0;2;1;1;5;
18208;202000011868;154 721 382;Z01;2;1;0;2;1;13;5;
18209;202000011869;154 721 379;A01;1;7;0;2;7;22;2;
18210;202000011869;154 721 380;B01;1;1;0;2;1;18;5;
18211;202000011870;154 721 377;A01;1;1;0;2;1;1;5;
18212;202000011870;154 721 378;Z01;2;30;0;2;1;13;1;
18213;202000011871;154 721 374;A01;2;33;0;2;7;1;1;
18214;202000011871;154 721 376;B01;3;7;0;2;1;15;2;
18215;202000011872;154 721 375;A01;1;7;0;1;7;26;1;
18216;202000011873;154 721 372;A01;1;10;0;2;1;2;1;
18217;202000011873;154 721 373;B01;1;7;0;2;4;2;1;
18218;202000011874;154 721 369;A01;1;10;0;2;6;13;1;
18219;202000011874;154 721 370;B01;1;31;0;2;3;17;1;
18220;202000011875;154 721 368;A01;1;7;0;2;1;1;1;
18221;202000011875;154 721 371;B01;1;50;0;2;8;19;3;
18222;202000011876;154 721 367;A01;2;7;0;1;1;21;0;
18223;202000011877;154 721 366;A01;1;7;12;0;0;13;0;
18224;202000011878;154 721 364;A01;3;7;0;2;1;1;0;
18225;202000011878;154 721 365;B01;3;0;0;2;8;9;3;
18226;202000011880;154 721 360;A01;1;7;0;2;2;19;1;
18227;202000011880;154 721 361;B01;2;7;0;2;3;1;1;
18228;202000011881;154 721 358;B01;1;34;1;2;1;2;1;
18229;202000011881;154 721 359;A01;1;10;0;2;3;15;1;
18230;202000011882;154 721 356;A01;2;7;0;0;1;19;0;
18231;202000011882;154 721 357;B01;2;14;0;0;4;1;0;
18232;202000011883;154 721 354;RA01;1;2;0;2;1;2;1;
18233;202000011883;154 721 355;B01;1;7;0;2;4;2;2;
18234;202000011884;154 721 353;A01;1;7;1;0;9;26;1;
18235;202000011885;154 721 351;A01;1;7;0;1;5;4;0;
18236;202000011886;154 721 350;MV01;0;1;0;2;1;1;5;
18237;202000011886;154 721 352;A01;0;7;0;2;1;9;1;
18238;202000011887;154 721 348;B01;1;32;0;0;0;0;0;
18239;202000011887;154 721 349;A01;1;7;0;2;6;16;1;
18240;202000011890;154 721 342;A01;2;33;0;2;6;15;1;
18241;202000011890;154 721 344;B01;2;30;0;2;1;14;1;
18242;202000011891;154 721 339;B01;1;2;0;2;1;1;1;
18243;202000011891;154 721 340;A01;2;7;0;2;2;15;1;
18244;202000011892;154 721 337;A01;3;7;0;2;3;9;1;
18245;202000011892;154 721 338;B01;3;1;0;2;1;1;5;
18246;202000011893;154 721 341;A01;1;30;1;0;1;26;1;
18247;202000011894;154 721 335;B01;1;7;0;2;3;1;1;
18248;202000011894;154 721 336;A01;3;1;0;2;3;1;5;
18249;202000011895;154 721 333;A01;1;7;0;2;5;1;0;
18250;202000011895;154 721 334;B01;1;2;0;0;0;0;1;
18251;202000011896;154 721 332;A01;3;99;0;0;0;26;0;
18252;202000011897;154 721 328;B01;2;7;0;2;4;2;0;
18253;202000011897;154 721 330;A01;2;33;0;2;1;2;0;
18254;202000011898;154 721 327;C01;-1;7;0;2;0;0;0;
18255;202000011898;154 721 329;B01;-1;7;0;2;0;0;1;
18256;202000011898;154 721 331;A01;-1;30;0;2;1;13;1;
18257;202000011899;154 721 325;A01;2;31;0;0;0;0;0;
18258;202000011899;154 721 326;B01;2;7;0;0;0;0;0;
18259;202000011900;154 721 322;Y01;2;60;0;2;0;19;5;
18260;202000011900;154 721 324;A01;2;10;0;2;3;1;1;
18261;202000011901;154 721 321;B01;1;7;0;2;4;2;1;
18262;202000011901;154 721 323;A01;1;7;0;2;2;17;1;
18263;202000011904;154 721 312;B01;3;2;0;0;4;24;1;
18264;202000011904;154 721 313;A01;2;13;1;2;2;14;1;
18265;202000011905;154 721 307;A01;1;7;1;0;3;1;0;
18266;202000011905;154 721 309;B01;1;7;14;2;4;23;0;
18267;202000011905;154 721 310;C01;1;7;1;2;4;23;0;
18268;202000011905;154 721 311;D01;1;7;0;2;4;23;0;
18269;202000011906;154 721 306;B01;3;7;0;2;5;4;1;
18270;202000011906;154 721 308;A01;3;2;0;2;1;1;3;
18271;202000011907;154 721 305;A01;1;34;0;0;2;14;1;
18272;202000011909;154 721 300;A01;1;7;0;2;4;0;1;
18273;202000011909;154 721 302;B01;1;7;0;2;1;0;1;
18274;202000011910;154 721 298;A01;3;7;0;2;6;15;0;
18275;202000011910;154 721 299;B01;2;2;0;2;1;1;1;
18276;202000011913;154 721 291;B01;1;7;0;2;6;9;1;
18277;202000011913;154 721 292;A01;1;15;0;2;2;12;1;
18278;202000011914;154 721 294;A01;1;7;7;2;2;1;6;
18279;202000011914;154 721 295;B01;1;7;0;2;1;1;6;
18280;202000011915;154 721 289;A01;1;7;0;2;2;1;1;
18281;202000011915;154 721 290;B01;1;7;0;2;4;2;1;
18282;202000011916;154 721 288;A01;1;2;2;0;1;1;1;
18283;202000011917;154 721 286;A01;0;2;0;0;0;1;1;
18284;202000011918;154 721 285;B01;2;7;0;2;8;1;1;
18285;202000011918;154 721 287;A01;2;15;0;2;7;12;1;
18286;202000011919;154 721 284;A01;2;7;0;1;2;1;1;
18287;202000011920;154 721 283;A01;1;7;0;0;3;2;1;
18288;202000011921;154 721 280;B01;2;7;0;0;4;23;1;
18289;202000011921;154 721 282;A01;2;7;0;2;1;1;1;
18290;202000011923;154 721 278;B01;1;7;0;2;7;0;1;
18291;202000011923;154 721 281;A01;1;15;0;2;8;1;1;
18292;202000011924;154 721 275;A01;1;7;6;0;3;2;1;
18293;202000011925;154 721 274;A01;1;7;4;2;1;14;1;
18294;202000011925;154 721 276;B01;1;7;0;2;3;1;1;
18295;202000011926;154 721 273;A01;2;7;5;0;1;0;1;
18296;202000011927;154 721 271;B01;1;15;0;2;3;5;1;
18297;202000011927;154 721 272;A01;2;7;0;2;3;5;1;
18298;202000011928;154 721 269;B01;3;30;0;2;8;16;1;
18299;202000011928;154 721 270;A01;3;7;0;2;3;15;1;
18300;202000011929;154 721 265;B01;0;1;0;2;2;1;5;
18301;202000011929;154 721 266;A01;0;7;0;2;2;15;1;
18302;202000011930;154 721 267;B01;1;10;0;2;3;1;1;
18303;202000011930;154 721 268;A01;1;10;4;2;0;13;1;
18304;202000011931;154 721 262;A01;1;2;0;2;8;15;1;
18305;202000011931;154 721 264;B01;1;2;0;2;1;17;1;
18306;202000011932;154 721 256;A01;2;1;0;0;8;1;5;
18307;202000011933;154 721 258;B01;2;7;0;2;4;2;1;
18308;202000011933;154 721 260;A01;2;10;0;2;1;2;1;
18309;202000011933;154 721 261;C01;2;7;0;2;4;2;1;
18310;202000011933;154 721 263;D01;2;7;0;2;4;2;1;
18311;202000011934;154 721 254;B01;1;33;0;2;1;1;1;
18312;202000011934;154 721 255;A01;1;33;3;0;1;1;1;
18313;202000011936;154 721 250;A01;2;1;0;0;0;1;0;
18314;202000011936;154 721 252;B01;2;21;0;0;0;1;1;
18315;202000011937;154 721 248;A01;1;7;2;0;3;13;1;
18316;202000011938;154 721 246;A01;1;2;0;0;0;1;1;
18317;202000011939;154 721 247;B01;2;7;0;2;1;0;1;
18318;202000011939;154 721 249;A01;1;7;14;2;1;16;1;
18319;202000011940;154 721 242;A01;1;33;0;2;2;17;1;
18320;202000011940;154 721 244;B01;1;14;0;2;8;15;1;
18321;202000011941;154 721 241;B01;3;7;0;2;1;1;1;
18322;202000011941;154 721 243;A01;3;7;0;2;2;1;1;
18323;202000011942;154 721 240;A01;2;33;13;0;0;1;1;
18324;202000011943;154 721 238;B01;1;7;0;2;0;0;1;
18325;202000011943;154 721 239;A01;1;2;0;2;3;1;1;
18326;202000011944;154 721 237;A01;1;7;0;0;1;0;1;
18327;202000011945;154 721 236;A01;1;7;3;0;1;17;1;
18328;202000011946;154 721 233;A01;1;7;0;1;2;11;1;
18329;202000011947;154 721 234;A01;1;33;0;2;1;2;1;
18330;202000011947;154 721 235;B01;1;7;0;2;5;2;1;
18331;202000011948;154 721 231;A01;1;7;14;0;3;13;1;
18332;202000011949;154 721 230;B01;3;1;0;2;7;1;5;
18333;202000011949;154 721 232;A01;3;7;0;9;1;9;1;
18334;202000011950;154 721 229;A01;2;2;0;0;8;1;1;
18335;202000011952;154 721 227;A01;1;33;4;0;7;14;1;
18336;202000011953;154 721 224;A01;2;32;0;2;1;21;1;
18337;202000011953;154 721 225;B01;1;1;0;2;1;21;5;
18338;202000011954;154 721 223;A01;1;10;0;0;2;26;1;
18339;202000011954;154 721 226;B01;1;7;0;2;5;2;1;
18340;202000011956;154 721 219;B01;2;7;0;0;5;1;1;
18341;202000011956;154 721 221;A01;2;7;0;2;3;1;1;
18342;202000011957;154 721 218;A01;1;33;0;2;1;16;1;
18343;202000011957;154 721 220;B01;1;7;0;2;1;21;1;
18344;202000011958;154 721 215;B01;3;7;13;2;3;1;1;
18345;202000011958;154 721 217;A01;3;7;0;2;3;13;1;
18346;202000011959;154 721 214;A01;3;7;0;2;7;1;1;
18347;202000011959;154 721 216;B01;3;7;0;2;1;1;1;
18348;202000011961;154 721 211;B01;2;2;0;2;8;1;1;
18349;202000011961;154 721 212;A01;2;10;0;2;3;15;1;
18350;202000011963;154 721 207;A01;1;7;0;1;1;15;1;
18351;202000011964;154 721 206;A01;1;7;9;1;1;13;1;
18352;202000011965;154 721 205;A01;2;7;13;0;1;14;1;
18353;202000011966;154 721 203;A01;0;7;0;1;4;4;1;
18354;202000011967;154 721 202;A01;1;7;0;2;1;15;1;
18355;202000011967;154 721 204;B01;1;50;0;2;8;0;3;
18356;202000011968;154 721 201;A01;2;31;0;1;1;17;1;
18357;202000011969;154 721 200;A01;1;7;0;1;3;1;1;
18358;202000011970;154 721 198;B01;1;34;0;1;4;23;1;
18359;202000011970;154 721 199;A01;2;10;0;2;1;2;1;
18360;202000011971;154 721 196;B01;0;32;0;2;8;1;1;
18361;202000011971;154 721 197;A01;0;7;0;2;2;26;1;
18362;202000011972;154 721 194;B01;3;7;0;2;1;1;1;
18363;202000011972;154 721 195;A01;3;1;0;2;3;19;5;
18364;202000011973;154 721 190;B01;1;7;8;2;1;6;1;
18365;202000011973;154 721 191;A01;1;7;0;2;4;1;1;
18366;202000011974;154 721 192;B01;2;33;0;2;1;1;1;
18367;202000011974;154 721 193;A01;2;7;0;2;8;10;0;
18368;202000011975;154 721 188;A01;3;33;7;0;3;1;1;
18369;202000011976;154 721 187;B01;0;7;0;2;1;1;1;
18370;202000011976;154 721 189;A01;0;7;0;2;1;13;1;
18371;202000011977;154 721 185;A01;2;7;6;0;1;16;1;
18372;202000011978;154 721 184;B01;3;7;0;2;1;1;1;
18373;202000011978;154 721 186;A01;3;7;0;2;1;13;1;
18374;202000011979;154 721 182;A01;2;3;0;2;3;13;1;
18375;202000011979;154 721 183;B01;1;7;0;2;3;21;1;
18376;202000011981;154 721 179;A01;3;7;2;0;1;1;1;
18377;202000011982;154 721 178;A01;3;31;8;0;1;1;1;
18378;202000011983;154 721 176;A01;1;7;0;1;7;1;1;
18379;202000011984;154 721 177;A01;3;7;0;1;2;1;1;
18380;202000011985;154 721 173;A01;1;7;9;2;1;5;1;
18381;202000011985;154 721 175;B01;2;7;0;2;1;1;1;
18382;202000011986;154 721 172;B01;1;32;0;2;1;1;1;
18383;202000011986;154 721 174;A01;1;30;0;2;8;15;1;
18384;202000011987;154 721 169;A01;2;7;4;0;1;1;1;
18385;202000011988;154 721 166;C01;2;7;0;2;6;1;1;
18386;202000011988;154 721 167;B01;1;7;0;2;8;1;1;
18387;202000011988;154 721 168;A01;1;7;0;2;2;17;1;
18388;202000011989;154 721 162;D01;2;33;0;2;1;3;1;
18389;202000011989;154 721 163;C01;2;7;0;2;1;2;1;
18390;202000011989;154 721 164;B01;2;7;0;2;1;2;1;
18391;202000011989;154 721 165;A01;2;7;0;2;4;2;1;
18392;202000011990;154 721 160;A01;1;7;0;2;1;11;1;
18393;202000011990;154 721 161;B01;2;99;0;2;3;15;1;
18394;202000011991;154 721 157;Z01;2;7;0;1;2;0;0;