;Num_Acc;id_vehicule;num_veh;senc;catv;obs;obsm;choc;manv;motor;occutc
18395;202000011992;154 721 156;A01;1;7;0;2;1;2;1;
18396;202000011992;154 721 158;B01;1;7;0;2;4;1;1;
18397;202000011992;154 721 159;C01;1;7;0;2;4;1;1;
18398;202000011994;154 721 150;B01;2;7;0;2;4;1;1;
18399;202000011994;154 721 152;A01;2;7;0;2;1;1;1;
18400;202000011994;154 721 154;C01;2;7;0;2;6;1;1;
18401;202000011995;154 721 151;B01;1;2;0;2;1;17;0;
18402;202000011995;154 721 153;A01;2;7;0;2;3;19;0;
18403;202000011996;154 721 146;B01;2;7;0;2;0;2;1;
18404;202000011996;154 721 148;A01;2;7;0;2;3;21;1;
18405;202000011996;154 721 149;C01;2;7;0;2;4;1;1;
18406;202000011997;154 721 147;A01;1;7;0;1;1;15;1;
18407;202000011998;154 721 143;A01;2;7;0;2;1;1;1;
18408;202000011998;154 721 145;B01;2;7;0;2;4;23;1;
18409;202000011999;154 721 140;B01;1;7;0;2;1;1;1;
18410;202000011999;154 721 141;A01;2;7;0;2;7;13;1;
18411;202000012000;154 721 139;C01;2;7;0;2;8;1;1;
18412;202000012000;154 721 142;B01;1;7;0;2;3;1;1;
18413;202000012000;154 721 144;A01;2;7;0;2;3;17;1;
18414;202000012001;154 721 138;A01;1;33;9;4;1;1;1;
18415;202000012002;154 721 136;A01;1;7;0;2;8;13;1;
18416;202000012002;154 721 137;B01;2;7;0;2;8;1;0;
18417;202000012003;154 721 135;A01;1;40;0;1;3;1;3;
18418;202000012004;154 721 131;C01;2;7;0;2;4;23;1;
18419;202000012004;154 721 133;A01;2;7;0;2;1;2;1;
18420;202000012004;154 721 134;B01;2;7;0;2;4;23;1;
18421;202000012005;154 721 129;A01;3;7;0;2;8;1;1;
18422;202000012005;154 721 130;C01;3;7;0;2;1;15;1;
18423;202000012005;154 721 132;B01;3;7;0;2;3;1;1;
18424;202000012006;154 721 126;A01;2;2;0;0;7;1;1;
18425;202000012007;154 721 127;B01;0;7;0;2;3;1;1;
18426;202000012007;154 721 128;A01;0;7;14;2;2;14;1;
18427;202000012008;154 721 123;A01;2;7;0;2;1;9;1;
18428;202000012008;154 721 125;B01;1;2;0;2;7;1;1;
18429;202000012009;154 721 122;B01;2;7;0;2;7;1;1;
18430;202000012009;154 721 124;A01;2;30;0;2;1;19;1;
18431;202000012010;154 721 121;A01;1;7;0;1;2;1;1;
18432;202000012011;154 721 120;A01;2;34;9;1;0;18;1;
18433;202000012012;154 721 117;B01;2;7;0;2;7;1;1;
18434;202000012012;154 721 118;A01;2;43;0;2;8;3;1;
18435;202000012013;154 721 115;B01;3;7;0;2;4;1;1;
18436;202000012013;154 721 116;A01;3;7;0;2;1;26;1;
18437;202000012015;154 721 114;A01;2;1;0;9;1;21;5;
18438;202000012016;154 721 111;A01;1;34;0;2;7;1;1;
18439;202000012016;154 721 112;B01;2;7;0;2;1;1;1;
18440;202000012017;154 721 107;B01;2;2;0;2;2;13;1;
18441;202000012017;154 721 108;A01;1;7;0;2;3;15;1;
18442;202000012019;154 721 105;A01;2;7;0;2;7;1;0;
18443;202000012019;154 721 106;B01;1;7;0;2;1;1;0;
18444;202000012020;154 721 101;A01;3;7;0;2;3;1;1;
18445;202000012020;154 721 103;C01;3;7;0;2;5;23;1;
18446;202000012020;154 721 104;B01;3;1;0;2;4;23;5;
18447;202000012021;154 721 100;A01;1;7;0;2;5;13;1;
18448;202000012021;154 721 102;B01;2;31;0;2;1;1;1;
18449;202000012022;154 721 099;A01;2;7;0;1;2;1;1;
18450;202000012023;154 721 097;A01;2;7;0;2;3;1;1;
18451;202000012023;154 721 098;B01;1;7;0;2;1;1;1;
18452;202000012024;154 721 096;A01;1;7;0;1;2;1;1;
18453;202000012025;154 721 094;A01;1;50;12;0;1;14;3;
18454;202000012026;154 721 093;A01;3;7;0;2;5;23;1;
18455;202000012026;154 721 095;B01;3;7;0;2;0;0;1;
18456;202000012027;154 721 092;A01;1;34;8;0;3;17;1;
18457;202000012028;154 721 090;B01;0;7;0;2;3;1;1;
18458;202000012028;154 721 091;A01;0;2;0;2;1;9;1;
18459;202000012029;154 721 087;B01;1;10;0;2;0;16;3;
18460;202000012029;154 721 089;A01;2;50;0;2;1;8;3;
18461;202000012030;154 721 086;B01;1;2;0;2;1;1;1;
18462;202000012030;154 721 088;A01;0;7;0;2;0;0;1;
18463;202000012032;154 721 083;A01;0;7;0;1;2;19;1;
18464;202000012033;154 721 080;A01;0;31;0;2;1;26;1;
18465;202000012033;154 721 082;B01;2;7;0;2;6;15;0;
18466;202000012035;154 721 078;A01;2;7;0;1;3;15;1;
18467;202000012036;154 721 076;B01;2;7;0;2;1;13;1;
18468;202000012036;154 721 077;A01;1;7;0;2;1;1;4;
18469;202000012037;154 721 073;A01;0;7;6;0;1;26;1;
18470;202000012039;154 721 068;A01;0;7;0;2;2;16;1;
18471;202000012039;154 721 069;B01;0;30;0;2;2;1;1;
18472;202000012040;154 721 066;B01;1;7;0;0;4;1;1;
18473;202000012040;154 721 071;A01;1;7;0;2;1;1;1;
18474;202000012041;154 721 065;B01;2;1;0;2;4;23;6;
18475;202000012041;154 721 067;A01;2;7;0;2;1;26;1;
18476;202000012042;154 721 063;A01;2;7;14;0;1;1;0;
18477;202000012042;154 721 064;B01;3;7;1;0;0;0;0;
18478;202000012043;154 721 062;A01;1;7;6;0;9;26;1;
18479;202000012044;154 721 059;A01;1;7;0;2;1;1;1;
18480;202000012044;154 721 060;B01;1;7;0;2;4;23;1;
18481;202000012044;154 721 061;C01;2;7;0;2;8;19;1;
18482;202000012045;154 721 058;A01;1;7;3;0;1;13;1;
18483;202000012046;154 721 056;A01;2;7;0;2;1;0;0;
18484;202000012046;154 721 057;B01;2;7;0;0;4;23;0;
18485;202000012047;154 721 054;B01;2;7;0;2;3;1;1;
18486;202000012047;154 721 055;A01;1;34;0;2;3;5;1;
18487;202000012048;154 721 052;A01;0;7;0;2;3;15;1;
18488;202000012048;154 721 053;B01;0;7;15;2;8;1;1;
18489;202000012049;154 721 049;A01;3;7;0;2;2;19;1;
18490;202000012049;154 721 051;B01;1;7;0;2;3;1;1;
18491;202000012051;154 721 047;A01;1;7;13;0;9;15;1;
18492;202000012052;154 721 045;A01;1;7;0;2;7;1;0;
18493;202000012052;154 721 046;B01;1;2;0;2;1;0;0;
18494;202000012054;154 721 041;A01;2;7;0;2;3;13;1;
18495;202000012054;154 721 042;B01;1;7;0;2;1;16;1;
18496;202000012055;154 721 040;A01;1;7;0;1;2;15;1;
18497;202000012056;154 721 039;A01;2;7;0;1;4;4;2;
18498;202000012057;154 721 037;B01;2;7;4;0;6;1;1;
18499;202000012057;154 721 038;A01;2;7;0;2;2;14;1;
18500;202000012059;154 721 034;B01;2;7;0;2;7;17;1;
18501;202000012059;154 721 035;A01;2;31;0;2;3;1;1;
18502;202000012060;154 721 031;A01;3;7;0;2;6;5;0;
18503;202000012060;154 721 032;B01;3;10;0;2;6;1;1;
18504;202000012060;154 721 033;C01;3;7;0;9;1;1;1;
18505;202000012061;154 721 029;A01;2;7;0;2;2;17;1;
18506;202000012061;154 721 030;B01;2;2;0;2;4;2;1;
18507;202000012062;154 721 028;A01;1;7;0;0;0;1;0;
18508;202000012063;154 721 027;A01;3;35;13;0;9;26;1;
18509;202000012064;154 721 026;A01;1;7;6;0;1;1;1;
18510;202000012065;154 721 024;A01;2;7;0;2;3;0;0;
18511;202000012065;154 721 025;B01;1;7;0;2;3;0;1;
18512;202000012066;154 721 023;A01;2;1;0;0;9;0;5;
18513;202000012067;154 721 021;B01;1;32;0;2;7;17;1;
18514;202000012067;154 721 022;A01;1;10;0;2;8;15;1;
18515;202000012068;154 721 019;B01;2;15;0;2;5;1;1;
18516;202000012068;154 721 020;A01;1;1;0;2;2;14;6;
18517;202000012069;154 721 018;A01;1;36;13;0;1;15;1;
18518;202000012070;154 721 016;B01;2;2;0;2;4;1;1;
18519;202000012070;154 721 017;A01;2;7;0;2;1;1;1;
18520;202000012071;154 721 015;A01;2;7;0;1;3;15;1;
18521;202000012072;154 721 014;A01;1;31;0;0;8;1;1;
18522;202000012073;154 721 012;B01;2;7;0;2;3;0;0;
18523;202000012073;154 721 013;A01;1;7;0;2;3;0;0;
18524;202000012074;154 721 011;A01;2;33;0;0;8;1;1;
18525;202000012075;154 721 010;A01;2;7;10;0;1;14;1;
18526;202000012076;154 721 009;A01;1;7;2;0;2;1;1;
18527;202000012077;154 721 008;A01;1;7;14;0;0;1;1;
18528;202000012078;154 721 006;B01;1;7;0;2;7;17;1;
18529;202000012078;154 721 007;A01;1;30;0;2;8;2;1;
18530;202000012079;154 721 004;B01;1;33;0;2;2;3;1;
18531;202000012079;154 721 005;A01;1;7;0;2;3;15;1;
18532;202000012080;154 721 003;A01;2;7;2;0;3;1;0;
18533;202000012081;154 721 001;B01;1;17;0;2;2;1;1;
18534;202000012081;154 721 002;A01;2;7;0;2;1;13;1;
18535;202000012082;154 721 000;A01;1;2;0;0;8;1;1;
18536;202000012084;154 720 997;A01;3;2;13;0;7;1;6;
18537;202000012084;154 720 998;B01;3;7;0;0;0;13;0;
18538;202000012085;154 720 996;A01;1;7;6;0;1;1;0;
18539;202000012086;154 720 995;A01;2;7;2;0;2;1;1;
18540;202000012087;154 720 994;A01;1;7;6;0;1;1;1;
18541;202000012088;154 720 993;A01;1;33;2;0;0;14;1;
18542;202000012089;154 720 992;A01;1;33;4;0;2;15;1;
18543;202000012090;154 720 991;A01;1;7;2;0;3;13;1;
18544;202000012091;154 720 990;A01;1;33;6;0;3;16;1;
18545;202000012093;154 720 986;C01;1;7;0;2;1;2;1;
18546;202000012093;154 720 987;B01;1;7;0;2;9;2;1;
18547;202000012093;154 720 988;A01;1;7;0;0;4;2;1;
18548;202000012094;154 720 985;A01;1;7;7;0;1;6;2;
18549;202000012095;154 720 984;A01;1;7;7;0;1;1;1;
18550;202000012096;154 720 983;A01;2;33;8;0;1;1;1;
18551;202000012097;154 720 981;B01;2;33;0;0;7;17;1;
18552;202000012097;154 720 982;A01;2;7;0;2;0;13;0;
18553;202000012098;154 720 979;B01;1;7;0;2;3;1;1;
18554;202000012098;154 720 980;A01;2;7;0;2;3;13;1;
18555;202000012099;154 720 978;A01;2;2;6;0;1;1;1;
18556;202000012100;154 720 977;A01;1;7;15;0;9;1;1;
18557;202000012102;154 720 973;A01;1;7;0;2;2;11;1;
18558;202000012102;154 720 974;B01;1;15;0;0;6;1;1;
18559;202000012103;154 720 970;A01;2;7;0;2;7;17;0;
18560;202000012103;154 720 971;B01;1;7;0;2;1;5;0;
18561;202000012104;154 720 968;A01;2;7;0;0;4;1;1;
18562;202000012104;154 720 969;B01;2;1;0;2;1;1;5;
18563;202000012105;154 720 966;A01;1;7;0;2;1;2;1;
18564;202000012105;154 720 967;B01;1;7;4;0;4;2;1;
18565;202000012106;154 720 962;D01;1;7;0;2;4;1;1;
18566;202000012106;154 720 963;C01;1;7;0;2;1;2;2;
18567;202000012106;154 720 964;B01;1;7;0;0;5;1;1;
18568;202000012106;154 720 965;A01;1;7;0;2;1;0;1;
18569;202000012107;154 720 960;B01;2;7;0;2;2;21;1;
18570;202000012107;154 720 961;A01;1;7;0;0;4;11;1;
18571;202000012108;154 720 958;A01;1;7;0;2;5;1;1;
18572;202000012108;154 720 959;B01;1;7;0;2;3;12;1;
18573;202000012109;154 720 957;A01;2;30;0;0;8;14;1;
18574;202000012110;154 720 955;B01;1;33;0;2;1;17;1;
18575;202000012110;154 720 956;A01;1;20;0;0;8;15;1;
18576;202000012111;154 720 953;A01;0;7;0;2;1;1;1;
18577;202000012111;154 720 954;B01;0;7;0;0;8;9;1;
18578;202000012112;154 720 951;A01;2;7;0;2;1;1;0;
18579;202000012112;154 720 952;B01;1;33;0;2;1;13;0;
18580;202000012113;154 720 950;A01;0;7;0;1;1;1;1;
18581;202000012114;154 720 949;A01;2;33;0;0;8;24;1;
18582;202000012115;154 720 947;B01;2;7;13;0;4;2;1;
18583;202000012115;154 720 948;A01;2;10;0;2;2;2;0;
18584;202000012116;154 720 945;A01;1;7;0;0;3;15;1;
18585;202000012116;154 720 946;B01;2;33;0;2;1;1;1;
18586;202000012117;154 720 944;A01;3;7;9;9;2;1;1;
18587;202000012118;154 720 942;B01;1;7;0;2;3;11;1;
18588;202000012118;154 720 943;A01;2;7;0;2;8;1;1;
18589;202000012119;154 720 941;A01;2;7;13;0;9;1;1;
18590;202000012120;154 720 940;A01;2;31;0;0;1;1;1;
18591;202000012121;154 720 938;A01;2;7;0;2;1;5;1;
18592;202000012121;154 720 939;B01;1;7;0;0;1;1;1;
18593;202000012122;154 720 936;A01;3;7;0;2;3;19;1;
18594;202000012122;154 720 937;B01;1;33;0;2;2;1;1;
18595;202000012123;154 720 935;A01;2;7;13;0;1;17;1;
18596;202000012124;154 720 934;A01;1;33;0;1;7;1;1;
18597;202000012125;154 720 932;A01;1;7;3;0;2;2;1;
18598;202000012126;154 720 931;A01;2;33;0;0;3;17;1;
18599;202000012127;154 720 928;C01;1;7;0;2;1;2;1;
18600;202000012127;154 720 929;B01;1;7;0;2;4;2;1;
18601;202000012127;154 720 930;A01;1;7;0;2;4;2;1;
18602;202000012128;154 720 927;A01;1;10;0;2;2;11;1;
18603;202000012129;154 720 925;A01;1;33;0;2;7;0;1;
18604;202000012129;154 720 926;B01;1;7;0;2;6;1;1;
18605;202000012130;154 720 922;A01;2;7;0;2;1;2;1;
18606;202000012130;154 720 923;B01;2;7;0;2;4;2;1;
18607;202000012130;154 720 924;C01;2;7;0;2;4;2;1;
18608;202000012131;154 720 920;B01;2;7;0;2;4;2;1;
18609;202000012131;154 720 921;A01;2;7;0;2;1;2;1;
18610;202000012132;154 720 919;A01;2;7;3;0;2;14;1;
18611;202000012133;154 720 918;A01;1;7;4;0;3;11;1;
18612;202000012134;154 720 916;A01;1;7;0;2;1;1;1;
18613;202000012134;154 720 917;B01;1;7;0;2;4;2;1;
18614;202000012135;154 720 915;A01;1;7;3;0;2;14;1;
18615;202000012136;154 720 914;A01;2;7;0;0;9;14;1;
18616;202000012137;154 720 913;A01;1;7;4;0;2;1;1;
18617;202000012138;154 720 912;A01;2;31;4;0;0;13;1;
18618;202000012139;154 720 911;A01;1;7;4;0;3;1;1;
18619;202000012140;154 720 910;A01;1;7;4;0;2;14;1;
18620;202000012141;154 720 909;A01;1;7;13;0;1;26;1;
18621;202000012142;154 720 908;A01;3;10;0;1;4;4;1;
18622;202000012143;154 720 906;B01;3;20;0;2;8;0;0;
18623;202000012143;154 720 907;A01;3;7;15;0;7;0;0;
18624;202000012144;154 720 902;D01;0;7;0;2;1;0;0;
18625;202000012144;154 720 903;C01;0;7;0;2;1;0;0;
18626;202000012144;154 720 904;B01;0;7;0;0;4;0;0;
18627;202000012144;154 720 905;A01;0;7;0;0;4;1;0;
18628;202000012145;154 720 901;A01;1;37;0;1;8;15;1;1.0
18629;202000012146;154 720 899;B01;2;31;0;2;1;1;1;
18630;202000012146;154 720 900;A01;1;7;0;2;2;15;1;
18631;202000012147;154 720 898;A01;1;7;0;1;1;19;1;
18632;202000012148;154 720 897;A01;1;7;1;1;1;14;1;
18633;202000012149;154 720 895;B01;1;1;0;2;6;1;5;
18634;202000012149;154 720 896;A01;1;7;0;9;2;1;1;
18635;202000012151;154 720 890;A01;2;14;0;2;3;16;1;
18636;202000012151;154 720 891;B01;1;2;0;2;1;1;1;
18637;202000012152;154 720 888;B01;2;7;0;0;1;23;1;
18638;202000012152;154 720 889;A01;1;7;1;1;4;26;1;
18639;202000012153;154 720 887;A01;1;7;1;1;2;2;0;
18640;202000012154;154 720 884;A01;1;7;0;2;3;13;0;
18641;202000012154;154 720 885;B01;1;7;0;0;3;1;0;
18642;202000012154;154 720 886;C01;1;7;0;0;6;16;0;
18643;202000012155;154 720 881;A01;3;7;0;2;7;1;1;
18644;202000012155;154 720 882;B01;3;7;0;2;1;1;1;
18645;202000012157;154 720 877;A01;2;7;0;2;1;1;1;
18646;202000012157;154 720 878;B01;2;7;0;0;4;15;1;
18647;202000012158;154 720 876;A01;2;7;16;0;9;14;1;
18648;202000012159;154 720 875;A01;3;20;0;1;5;1;1;
18649;202000012160;154 720 874;A01;0;7;13;0;1;1;0;
18650;202000012161;154 720 873;A01;1;7;0;1;7;1;1;
18651;202000012162;154 720 871;A01;2;7;0;2;1;1;1;
18652;202000012162;154 720 872;B01;1;7;3;2;0;1;1;
18653;202000012163;154 720 868;B01;1;2;15;2;1;1;1;
18654;202000012163;154 720 869;A01;1;7;0;2;3;1;1;
18655;202000012164;154 720 867;A01;3;7;0;1;1;1;0;
18656;202000012165;154 720 864;A01;2;7;8;0;1;1;1;
18657;202000012166;154 720 863;A01;2;7;6;0;1;1;1;
18658;202000012167;154 720 862;A01;2;7;13;0;2;1;1;
18659;202000012168;154 720 860;B01;1;7;0;2;1;1;1;
18660;202000012168;154 720 861;A01;2;7;0;2;1;0;1;
18661;202000012169;154 720 859;A01;1;7;0;1;4;4;0;
18662;202000012170;154 720 858;A01;2;2;0;0;8;1;1;
18663;202000012171;154 720 857;A01;3;7;0;1;2;1;0;
18664;202000012172;154 720 856;A01;3;7;0;1;4;26;1;
18665;202000012173;154 720 855;A01;1;7;9;0;3;1;1;
18666;202000012174;154 720 854;A01;2;34;0;2;1;1;1;
18667;202000012175;154 720 853;A01;2;7;0;1;1;1;1;
18668;202000012176;154 720 851;B01;1;7;0;2;2;1;1;
18669;202000012176;154 720 852;A01;3;7;0;2;3;19;1;
18670;202000012177;154 720 848;A01;2;10;0;2;8;21;1;
18671;202000012177;154 720 849;B01;2;7;0;2;0;9;1;
18672;202000012177;154 720 850;C01;2;99;0;2;7;2;1;
18673;202000012179;154 720 846;A01;1;7;16;0;9;1;1;
18674;202000012180;154 720 843;C01;1;7;0;2;3;1;1;
18675;202000012180;154 720 844;B01;1;7;0;2;7;1;1;
18676;202000012180;154 720 845;Z01;1;7;0;2;8;13;0;
18677;202000012182;154 720 840;A01;2;30;0;2;1;1;1;
18678;202000012182;154 720 841;B01;2;7;0;2;4;23;1;
18679;202000012183;154 720 838;B01;1;31;0;2;2;1;1;
18680;202000012183;154 720 839;A01;2;7;0;2;8;1;1;
18681;202000012184;154 720 836;B01;2;7;0;2;4;23;0;
18682;202000012184;154 720 837;A01;2;7;1;0;1;1;0;
18683;202000012185;154 720 832;A01;1;7;0;2;1;1;1;
18684;202000012185;154 720 833;D01;3;7;0;2;1;0;1;
18685;202000012185;154 720 834;C01;1;7;0;2;1;1;1;
18686;202000012185;154 720 835;B01;3;7;0;2;4;0;1;
18687;202000012186;154 720 830;B01;2;31;1;2;1;21;1;
18688;202000012186;154 720 831;A01;3;1;0;2;2;21;5;
18689;202000012187;154 720 829;A01;3;99;0;1;2;15;6;
18690;202000012188;154 720 827;A01;3;10;0;2;3;16;1;
18691;202000012188;154 720 828;B01;3;2;0;2;1;1;1;
18692;202000012189;154 720 825;A01;1;10;0;2;1;15;1;
18693;202000012189;154 720 826;B01;2;34;0;2;1;1;1;
18694;202000012190;154 720 822;C01;1;10;0;2;4;23;1;
18695;202000012190;154 720 823;A01;1;10;0;2;1;1;1;
18696;202000012190;154 720 824;B01;1;7;0;2;4;1;1;
18697;202000012192;154 720 819;B01;-1;37;0;2;1;15;1;1.0
18698;202000012192;154 720 820;A01;-1;7;0;2;1;1;1;
18699;202000012193;154 720 817;B01;1;2;0;2;3;1;1;
18700;202000012193;154 720 818;A01;1;7;0;2;2;1;1;
18701;202000012195;154 720 815;A01;1;7;2;0;3;1;1;
18702;202000012196;154 720 814;A01;2;7;0;1;3;1;1;
18703;202000012197;154 720 812;B01;1;10;0;2;4;23;1;
18704;202000012197;154 720 813;A01;1;10;1;0;1;1;1;
18705;202000012198;154 720 811;A01;0;13;0;1;6;16;0;
18706;202000012199;154 720 809;A01;2;7;0;2;1;15;1;
18707;202000012199;154 720 810;B01;1;33;0;2;1;2;1;
18708;202000012200;154 720 808;A01;2;7;4;0;1;14;1;
18709;202000012201;154 720 803;A01;3;10;0;2;1;1;1;
18710;202000012201;154 720 804;B01;0;7;0;2;1;1;1;
18711;202000012202;154 720 802;A01;1;7;9;0;2;1;1;
18712;202000012203;154 720 801;A01;2;7;13;0;1;1;1;
18713;202000012204;154 720 799;B01;2;99;0;2;8;1;1;
18714;202000012204;154 720 800;A01;1;7;8;0;3;1;1;
18715;202000012205;154 720 797;B01;1;2;0;2;1;1;1;
18716;202000012205;154 720 798;A01;1;7;0;2;2;9;1;
18717;202000012206;154 720 796;A01;1;34;14;0;1;14;1;
18718;202000012207;154 720 795;A01;3;7;12;0;1;9;1;
18719;202000012208;154 720 794;A01;1;10;8;0;1;13;6;
18720;202000012209;154 720 792;B01;2;32;0;2;1;1;1;
18721;202000012209;154 720 793;A01;2;7;0;2;8;9;1;
18722;202000012211;154 720 790;A01;2;7;2;0;3;13;1;
18723;202000012212;154 720 788;B01;1;7;0;1;5;24;1;
18724;202000012212;154 720 789;A01;1;7;0;2;2;2;1;
18725;202000012213;154 720 786;A01;2;7;0;2;1;13;1;
18726;202000012213;154 720 787;B01;1;7;0;2;1;1;1;
18727;202000012214;154 720 784;B01;2;36;0;2;1;1;0;
18728;202000012214;154 720 785;A01;1;7;0;2;1;1;0;
18729;202000012215;154 720 783;A01;1;7;0;1;7;2;1;
18730;202000012216;154 720 782;A01;1;2;0;0;0;1;1;
18731;202000012218;154 720 779;A01;3;3;0;2;3;13;1;
18732;202000012218;154 720 780;B01;3;7;0;2;3;1;1;
18733;202000012220;154 720 777;A01;1;7;13;9;1;1;1;
18734;202000012221;154 720 776;A01;3;7;6;1;1;20;1;
18735;202000012222;154 720 775;A01;2;7;7;0;0;1;1;
18736;202000012223;154 720 774;A01;1;7;13;0;3;13;1;
18737;202000012224;154 720 773;A01;0;7;14;0;3;13;1;
18738;202000012225;154 720 772;A01;1;7;0;1;7;1;1;
18739;202000012226;154 720 769;A01;2;7;0;0;0;2;0;
18740;202000012226;154 720 770;C01;2;7;0;0;4;23;1;
18741;202000012226;154 720 771;B01;2;7;0;2;7;2;1;
18742;202000012227;154 720 767;A01;1;7;0;2;2;14;1;
18743;202000012227;154 720 768;B01;1;7;0;2;6;1;1;
18744;202000012228;154 720 763;D01;1;7;0;2;1;2;1;
18745;202000012228;154 720 764;C01;1;7;0;0;4;2;1;
18746;202000012228;154 720 765;B01;1;7;0;2;1;2;1;
18747;202000012228;154 720 766;A01;1;7;0;2;1;2;1;
18748;202000012229;154 720 758;E01;1;7;3;0;2;1;1;
18749;202000012229;154 720 759;C01;1;7;0;0;6;1;1;
18750;202000012229;154 720 760;D01;1;7;0;2;2;1;1;
18751;202000012229;154 720 761;B01;1;7;0;2;1;1;1;
18752;202000012229;154 720 762;A01;1;7;3;2;1;1;1;
18753;202000012230;154 720 757;A01;1;7;0;1;3;1;1;
18754;202000012231;154 720 756;A01;1;7;8;0;8;0;1;
18755;202000012232;154 720 754;A01;2;7;8;0;7;15;1;
18756;202000012232;154 720 755;B01;2;7;14;0;1;1;1;
18757;202000012233;154 720 753;A01;3;7;0;1;1;1;1;
18758;202000012235;154 720 751;A01;3;7;2;0;1;1;1;
18759;202000012236;154 720 749;A01;2;7;0;2;3;15;1;
18760;202000012236;154 720 750;B01;1;7;0;0;1;1;1;
18761;202000012237;154 720 747;A01;1;7;17;0;0;1;1;
18762;202000012238;154 720 746;A01;1;7;6;0;2;2;1;
18763;202000012239;154 720 745;A01;2;7;4;0;1;14;1;
18764;202000012240;154 720 742;A01;1;7;0;2;1;1;1;
18765;202000012240;154 720 743;B01;1;7;0;2;4;2;1;
18766;202000012240;154 720 744;C01;1;7;0;2;4;2;1;
18767;202000012242;154 720 737;A01;1;7;4;0;1;2;1;
18768;202000012243;154 720 736;A01;2;7;0;1;0;26;1;
18769;202000012244;154 720 734;B01;2;7;0;2;4;2;1;
18770;202000012244;154 720 735;A01;2;7;0;2;1;2;1;
18771;202000012245;154 720 733;A01;2;10;0;0;9;17;1;
18772;202000012246;154 720 731;A01;1;7;0;2;2;2;1;
18773;202000012246;154 720 732;B01;1;7;0;2;3;2;1;
18774;202000012247;154 720 729;A01;2;15;0;2;7;17;0;
18775;202000012247;154 720 730;B01;2;7;0;2;8;1;0;
18776;202000012249;154 720 724;A01;1;7;0;2;3;1;1;
18777;202000012250;154 720 723;A01;2;7;8;0;1;14;1;
18778;202000012251;154 720 722;A01;1;30;7;0;1;1;1;
18779;202000012252;154 720 721;A01;1;32;6;0;1;13;1;
18780;202000012253;154 720 719;A01;1;31;0;9;8;9;1;
18781;202000012253;154 720 720;B01;1;2;0;9;7;1;0;
18782;202000012254;154 720 717;A01;1;3;0;2;1;15;1;
18783;202000012254;154 720 718;B01;3;2;0;2;1;19;1;
18784;202000012255;154 720 716;A01;3;7;9;0;0;15;1;
18785;202000012256;154 720 712;D01;2;7;0;2;3;23;1;
18786;202000012256;154 720 713;A01;1;7;0;2;1;1;1;
18787;202000012256;154 720 714;B01;1;7;0;2;4;1;1;
18788;202000012256;154 720 715;C01;1;7;0;2;6;1;1;
18789;202000012258;154 720 707;A01;1;7;8;2;2;15;0;
18790;202000012258;154 720 708;B01;1;7;8;2;6;15;0;
18791;202000012258;154 720 709;C01;1;7;0;2;0;1;0;
18792;202000012259;154 720 706;A01;1;7;0;1;2;1;1;
18793;202000012260;154 720 704;A01;3;7;0;2;1;2;1;
18794;202000012260;154 720 705;B01;3;7;0;2;4;2;1;
18795;202000012261;154 720 702;B01;2;33;0;2;1;1;1;
18796;202000012261;154 720 703;A01;1;7;0;2;8;15;1;
18797;202000012262;154 720 698;B01;3;7;0;9;2;1;1;
18798;202000012262;154 720 699;A01;3;1;0;2;2;26;5;
18799;202000012263;154 720 696;B01;2;33;0;2;2;26;0;
18800;202000012263;154 720 697;A01;1;7;1;2;1;13;0;
18801;202000012264;154 720 694;B01;2;7;0;2;2;1;1;
18802;202000012264;154 720 695;A01;0;7;0;2;3;5;1;
18803;202000012265;154 720 693;A01;1;7;0;1;1;1;1;
18804;202000012266;154 720 691;A01;1;7;0;2;1;13;1;
18805;202000012266;154 720 692;B01;2;7;0;2;2;1;1;
18806;202000012267;154 720 690;A01;2;7;0;1;2;1;1;
18807;202000012268;154 720 688;A01;2;7;0;2;2;15;1;
18808;202000012268;154 720 689;B01;1;10;0;2;5;1;1;
18809;202000012269;154 720 684;D01;1;7;0;2;4;2;1;
18810;202000012269;154 720 685;C01;1;7;0;2;4;2;1;
18811;202000012269;154 720 686;B01;1;7;0;2;4;2;1;
18812;202000012269;154 720 687;A01;1;7;0;2;1;2;2;
18813;202000012270;154 720 683;A01;0;7;0;1;4;26;1;
18814;202000012271;154 720 682;A01;3;33;6;0;1;0;1;
18815;202000012272;154 720 680;A01;1;30;0;2;7;1;1;
18816;202000012272;154 720 681;Z01;1;0;0;2;0;0;0;
18817;202000012273;154 720 678;A01;1;7;0;2;8;26;1;
18818;202000012273;154 720 679;B01;1;30;0;2;1;1;1;
18819;202000012275;154 720 675;A01;2;3;11;0;3;13;1;
18820;202000012276;154 720 673;B01;1;7;0;2;5;23;1;
18821;202000012276;154 720 674;A01;1;30;0;2;1;1;0;
18822;202000012277;154 720 672;A01;1;7;0;1;1;1;1;
18823;202000012278;154 720 670;A01;2;7;0;2;4;4;1;
18824;202000012278;154 720 671;B01;2;1;0;2;1;23;5;
18825;202000012279;154 720 668;A01;1;7;0;2;6;24;1;
18826;202000012279;154 720 669;B01;1;1;0;2;1;1;5;
18827;202000012280;154 720 666;B01;1;2;0;2;1;17;1;
18828;202000012280;154 720 667;A01;1;7;0;2;3;23;2;