;Num_Acc;id_vehicule;num_veh;senc;catv;obs;obsm;choc;manv;motor;occutc
18829;202000012282;154 720 664;A01;1;7;0;1;4;20;1;
18830;202000012283;154 720 663;A01;0;30;0;0;0;1;0;
18831;202000012284;154 720 662;A01;2;10;4;0;1;1;1;
18832;202000012285;154 720 661;A01;2;30;0;0;3;26;0;
18833;202000012286;154 720 660;A01;3;7;0;1;5;4;1;
18834;202000012287;154 720 658;A01;1;7;0;2;3;19;0;
18835;202000012287;154 720 659;B01;1;7;0;0;5;1;3;
18836;202000012288;154 720 656;A01;1;33;0;0;4;26;1;
18837;202000012288;154 720 657;B01;1;7;0;2;1;26;1;
18838;202000012289;154 720 655;A01;1;7;0;1;1;15;6;
18839;202000012290;154 720 653;B01;1;7;0;2;1;1;1;
18840;202000012290;154 720 654;A01;2;7;0;2;1;13;1;
18841;202000012291;154 720 651;A01;1;7;0;2;1;0;1;
18842;202000012291;154 720 652;B01;2;7;0;2;1;0;1;
18843;202000012292;154 720 649;A01;1;7;0;2;1;2;1;
18844;202000012292;154 720 650;B01;1;7;0;2;4;2;1;
18845;202000012293;154 720 648;A01;1;7;2;0;3;0;1;
18846;202000012294;154 720 647;A01;3;7;0;1;2;1;0;
18847;202000012295;154 720 645;B01;1;7;0;2;2;1;1;
18848;202000012295;154 720 646;A01;0;2;0;2;1;15;1;
18849;202000012297;154 720 641;B01;1;7;0;2;1;1;1;
18850;202000012297;154 720 642;A01;2;7;0;2;2;15;1;
18851;202000012298;154 720 638;A01;0;7;0;2;2;9;0;
18852;202000012298;154 720 639;B01;0;7;1;2;3;1;0;
18853;202000012298;154 720 640;D01;-1;7;0;0;-1;23;-1;
18854;202000012299;154 720 637;A01;2;7;0;1;1;19;1;
18855;202000012300;154 720 635;B01;2;7;0;2;2;1;1;
18856;202000012300;154 720 636;A01;2;7;0;2;1;26;1;
18857;202000012301;154 720 634;A01;1;7;0;1;1;1;1;
18858;202000012302;154 720 632;A01;1;7;0;2;3;13;1;
18859;202000012302;154 720 633;B01;2;7;0;0;3;1;1;
18860;202000012303;154 720 629;C01;2;7;1;0;1;1;1;
18861;202000012303;154 720 630;A01;2;7;0;2;1;2;1;
18862;202000012303;154 720 631;B01;2;7;0;0;4;2;1;
18863;202000012304;154 720 627;B01;1;17;0;0;4;1;1;
18864;202000012304;154 720 628;A01;1;7;3;2;1;2;1;
18865;202000012305;154 720 626;A01;2;2;0;0;0;13;1;
18866;202000012306;154 720 625;A01;0;7;0;0;0;0;1;
18867;202000012307;154 720 623;B01;1;7;13;0;4;1;1;
18868;202000012307;154 720 624;A01;1;7;0;2;2;14;1;
18869;202000012308;154 720 622;A01;2;7;15;0;2;1;1;
18870;202000012310;154 720 619;A01;3;31;0;0;0;0;0;
18871;202000012311;154 720 618;A01;2;80;6;1;1;1;3;
18872;202000012312;154 720 616;A01;1;7;8;0;1;14;0;
18873;202000012313;154 720 615;A01;2;7;0;1;3;15;1;
18874;202000012314;154 720 612;A01;2;7;0;2;3;17;1;
18875;202000012314;154 720 613;B01;2;7;0;2;3;1;1;
18876;202000012314;154 720 614;C01;1;7;0;2;3;1;1;
18877;202000012316;154 720 609;A01;2;10;0;1;2;0;1;
18878;202000012317;154 720 607;B01;2;7;0;2;3;1;1;
18879;202000012317;154 720 608;A01;1;7;7;2;2;13;1;
18880;202000012318;154 720 606;A01;0;7;0;1;1;15;1;
18881;202000012319;154 720 605;A01;3;7;6;0;3;1;1;
18882;202000012320;154 720 603;A01;2;7;0;2;6;19;1;
18883;202000012320;154 720 604;B01;2;2;0;2;1;1;1;
18884;202000012321;154 720 602;A01;1;7;6;0;2;14;1;
18885;202000012322;154 720 599;B01;1;7;0;2;2;2;1;
18886;202000012322;154 720 600;C01;1;7;1;0;3;2;1;
18887;202000012322;154 720 601;A01;1;7;0;2;4;1;1;
18888;202000012323;154 720 598;A01;2;7;0;5;1;1;1;
18889;202000012324;154 720 596;A01;2;33;0;2;1;1;1;
18890;202000012324;154 720 597;B01;0;7;0;2;6;1;1;
18891;202000012325;154 720 595;A01;2;7;4;0;1;1;1;
18892;202000012327;154 720 592;A01;1;7;16;0;0;21;1;
18893;202000012328;154 720 590;B01;0;1;0;1;0;0;5;
18894;202000012328;154 720 591;A01;0;50;0;1;1;21;3;
18895;202000012329;154 720 589;A01;1;7;0;0;0;1;0;
18896;202000012330;154 720 588;A01;3;7;0;1;4;4;1;
18897;202000012331;154 720 587;A01;0;7;4;0;2;15;0;
18898;202000012332;154 720 585;Z01;1;7;0;0;0;0;0;
18899;202000012332;154 720 586;B01;1;2;3;2;0;1;1;
18900;202000012333;154 720 583;A01;1;7;1;0;1;14;1;
18901;202000012333;154 720 584;B01;1;7;0;2;8;23;1;
18902;202000012334;154 720 582;A01;1;7;8;0;1;0;1;
18903;202000012335;154 720 580;B01;1;7;0;2;1;1;1;
18904;202000012335;154 720 581;A01;2;7;0;2;1;26;1;
18905;202000012336;154 720 578;A01;1;30;0;2;1;17;1;
18906;202000012336;154 720 579;B01;1;7;0;2;6;1;1;
18907;202000012337;154 720 576;A01;2;2;0;2;8;17;1;
18908;202000012337;154 720 577;B01;2;7;0;2;8;1;1;
18909;202000012338;154 720 574;B01;1;30;0;2;1;1;1;
18910;202000012338;154 720 575;A01;1;7;0;2;1;26;1;
18911;202000012339;154 720 573;A01;2;7;1;1;1;1;1;
18912;202000012340;154 720 570;C01;2;7;0;2;3;1;1;
18913;202000012340;154 720 571;B01;1;7;0;2;6;2;1;
18914;202000012340;154 720 572;A01;1;31;0;2;1;2;1;
18915;202000012341;154 720 568;A01;3;34;0;2;1;1;1;
18916;202000012341;154 720 569;B01;3;7;0;2;6;11;1;
18917;202000012342;154 720 566;A01;3;7;0;2;7;2;1;
18918;202000012342;154 720 567;B01;3;7;0;2;1;2;1;
18919;202000012343;154 720 563;A01;2;7;0;2;1;1;1;
18920;202000012343;154 720 564;B01;2;7;0;2;4;1;1;
18921;202000012343;154 720 565;C01;2;7;0;2;4;1;0;
18922;202000012344;154 720 561;B01;1;7;0;2;1;1;1;
18923;202000012344;154 720 562;A01;1;33;0;2;1;1;1;
18924;202000012345;154 720 559;B01;1;7;0;2;1;1;1;
18925;202000012345;154 720 560;A01;3;7;0;2;1;15;1;
18926;202000012346;154 720 557;B01;2;2;0;2;7;1;1;
18927;202000012346;154 720 558;A01;1;7;0;2;1;16;1;
18928;202000012347;154 720 555;B01;1;10;0;2;7;16;1;
18929;202000012347;154 720 556;A01;1;30;0;2;1;16;1;
18930;202000012348;154 720 554;A01;2;30;0;2;7;21;1;
18931;202000012349;154 720 552;B01;3;7;14;0;0;0;1;
18932;202000012349;154 720 553;A01;1;50;1;0;4;25;3;
18933;202000012350;154 720 549;A01;2;7;0;2;1;1;1;
18934;202000012350;154 720 550;B01;2;7;0;2;2;1;1;
18935;202000012350;154 720 551;C01;2;7;0;2;1;1;1;
18936;202000012351;154 720 546;A01;1;7;0;2;1;2;1;
18937;202000012351;154 720 547;B01;1;7;0;2;4;2;1;
18938;202000012351;154 720 548;C01;1;7;16;0;4;2;1;
18939;202000012352;154 720 544;A01;2;0;0;2;1;1;0;
18940;202000012352;154 720 545;B01;1;2;0;2;7;1;3;
18941;202000012353;154 720 543;A01;1;7;0;1;2;1;1;
18942;202000012354;154 720 541;A01;2;7;0;2;3;1;1;
18943;202000012354;154 720 542;B01;1;10;0;2;3;15;1;
18944;202000012355;154 720 539;A01;2;7;0;2;3;1;1;
18945;202000012355;154 720 540;B01;1;7;0;2;3;15;1;
18946;202000012356;154 720 537;B01;1;7;1;2;1;2;1;
18947;202000012356;154 720 538;A01;1;7;2;2;1;26;1;
18948;202000012357;154 720 536;A01;1;7;0;1;3;1;1;
18949;202000012358;154 720 534;A01;1;10;0;9;0;15;1;
18950;202000012358;154 720 535;B01;2;1;0;2;2;1;5;
18951;202000012359;154 720 533;A01;2;80;0;0;0;1;3;
18952;202000012361;154 720 530;A01;1;10;0;1;1;1;1;
18953;202000012362;154 720 527;B01;3;7;0;2;1;13;1;
18954;202000012362;154 720 528;A01;3;7;0;2;3;21;1;
18955;202000012363;154 720 525;B01;1;10;0;2;3;1;1;
18956;202000012363;154 720 526;A01;2;32;0;2;1;1;1;
18957;202000012364;154 720 524;A01;2;10;0;1;2;21;1;
18958;202000012365;154 720 522;A01;2;7;0;2;4;23;1;
18959;202000012365;154 720 523;B01;2;10;14;0;1;2;1;
18960;202000012366;154 720 521;A01;2;7;0;1;2;1;1;
18961;202000012367;154 720 520;A01;2;10;0;1;2;1;1;
18962;202000012368;154 720 518;A01;1;30;0;2;1;2;1;
18963;202000012368;154 720 519;B01;2;7;0;2;4;2;1;
18964;202000012369;154 720 517;A01;1;7;0;1;3;1;1;
18965;202000012371;154 720 513;A01;0;7;0;2;1;1;1;
18966;202000012371;154 720 514;B01;0;7;0;2;9;23;1;
18967;202000012371;154 720 515;C01;0;7;0;2;4;23;1;
18968;202000012372;154 720 512;A01;3;33;13;0;1;1;1;
18969;202000012373;154 720 511;A01;1;7;2;0;1;26;1;
18970;202000012374;154 720 507;A01;1;30;0;2;1;17;1;
18971;202000012374;154 720 508;B01;1;7;0;2;5;0;1;
18972;202000012376;154 720 501;B01;1;7;0;2;1;1;1;
18973;202000012376;154 720 502;A01;1;7;0;2;2;1;1;
18974;202000012377;154 720 499;B01;2;1;0;2;2;1;5;
18975;202000012377;154 720 500;A01;1;32;0;2;1;5;1;
18976;202000012378;154 720 497;B01;0;7;0;2;6;1;1;
18977;202000012378;154 720 498;A01;0;7;0;2;1;0;1;
18978;202000012379;154 720 495;B01;0;7;0;2;6;15;0;
18979;202000012379;154 720 496;A01;0;2;0;2;1;17;1;
18980;202000012380;154 720 493;A01;1;7;0;2;3;15;1;
18981;202000012380;154 720 494;B01;2;30;0;2;1;1;1;
18982;202000012381;154 720 491;A01;1;7;0;2;3;9;1;
18983;202000012381;154 720 492;B01;1;1;0;2;7;1;5;
18984;202000012382;154 720 489;B01;3;7;4;0;4;1;1;
18985;202000012382;154 720 490;A01;3;7;0;2;3;2;1;
18986;202000012383;154 720 488;A01;1;30;0;0;0;1;1;
18987;202000012384;154 720 485;C01;2;16;0;2;3;0;1;
18988;202000012384;154 720 486;A01;2;7;0;2;3;13;1;
18989;202000012384;154 720 487;B01;1;7;0;2;1;0;1;
18990;202000012385;154 720 484;A01;3;31;0;0;0;0;1;
18991;202000012386;154 720 483;A01;0;7;0;1;4;20;1;
18992;202000012387;154 720 480;B01;2;7;0;2;4;2;1;
18993;202000012387;154 720 481;A01;2;7;0;2;1;2;1;
18994;202000012387;154 720 482;C01;2;7;0;2;4;2;1;
18995;202000012388;154 720 478;A01;3;30;0;2;8;11;1;
18996;202000012388;154 720 479;B01;3;7;0;2;7;1;1;
18997;202000012389;154 720 477;A01;2;7;0;1;0;16;1;
18998;202000012390;154 720 475;A01;2;7;0;2;1;26;1;
18999;202000012390;154 720 476;B01;2;33;0;2;4;1;1;
19000;202000012391;154 720 473;A01;1;7;0;2;3;13;2;
19001;202000012391;154 720 474;B01;2;37;0;2;3;1;1;1.0
19002;202000012392;154 720 472;A01;2;7;1;0;2;1;1;
19003;202000012393;154 720 470;B01;3;31;0;2;8;1;1;
19004;202000012393;154 720 471;A01;3;7;0;2;3;13;1;
19005;202000012394;154 720 468;A01;2;7;0;2;2;15;1;
19006;202000012394;154 720 469;B01;1;7;0;2;1;1;1;
19007;202000012395;154 720 466;A01;1;33;0;2;2;12;1;
19008;202000012395;154 720 467;B01;1;7;0;2;6;1;1;
19009;202000012396;154 720 464;A01;3;1;0;2;1;25;5;
19010;202000012396;154 720 465;B01;3;1;0;2;2;1;5;
19011;202000012397;154 720 462;A01;2;7;1;0;1;15;1;
19012;202000012397;154 720 463;B01;2;7;0;2;8;24;1;
19013;202000012398;154 720 460;A01;2;7;0;2;1;2;1;
19014;202000012398;154 720 461;B01;2;7;0;2;4;1;2;
19015;202000012399;154 720 458;B01;3;7;0;2;1;0;1;
19016;202000012399;154 720 459;A01;3;10;0;1;7;9;1;
19017;202000012400;154 720 454;A01;2;10;0;2;1;26;1;
19018;202000012400;154 720 455;B01;2;7;0;2;4;0;1;
19019;202000012400;154 720 456;C01;2;7;0;0;4;0;1;
19020;202000012400;154 720 457;D01;2;7;0;0;4;0;1;
19021;202000012401;154 720 453;A01;1;7;8;0;3;13;1;
19022;202000012402;154 720 451;B01;2;2;0;2;1;1;1;
19023;202000012402;154 720 452;A01;2;7;0;2;3;20;1;
19024;202000012403;154 720 449;A01;3;7;0;2;2;16;1;
19025;202000012403;154 720 450;B01;3;60;0;2;8;2;5;
19026;202000012404;154 720 447;Z01;3;1;0;2;4;0;5;
19027;202000012404;154 720 448;A01;3;7;0;9;1;0;1;
19028;202000012405;154 720 445;A01;1;14;1;0;1;1;1;
19029;202000012405;154 720 446;B01;1;7;0;2;4;23;1;
19030;202000012406;154 720 443;A01;0;7;0;2;5;15;1;
19031;202000012406;154 720 444;B01;0;33;0;2;1;1;1;
19032;202000012407;154 720 441;A01;2;7;0;2;3;26;0;
19033;202000012407;154 720 442;Z01;2;7;0;2;3;13;0;
19034;202000012408;154 720 439;A01;1;7;0;2;2;15;1;
19035;202000012408;154 720 440;B01;2;32;0;2;1;1;1;
19036;202000012409;154 720 437;B01;2;7;9;2;1;2;1;
19037;202000012409;154 720 438;Z01;1;7;0;2;2;15;1;
19038;202000012410;154 720 435;B01;1;7;0;2;3;26;1;
19039;202000012410;154 720 436;A01;2;7;0;2;1;19;1;
19040;202000012412;154 720 431;A01;2;34;0;2;1;1;1;
19041;202000012412;154 720 432;B01;2;10;0;1;1;1;1;
19042;202000012413;154 720 430;A01;2;2;12;0;1;1;6;
19043;202000012415;154 720 427;A01;2;30;0;2;1;26;1;
19044;202000012415;154 720 428;B01;1;7;0;2;3;1;0;
19045;202000012416;154 720 425;A01;3;31;0;1;3;1;3;
19046;202000012417;154 720 423;B01;1;10;0;2;8;1;1;
19047;202000012417;154 720 424;A01;2;43;0;2;1;1;1;
19048;202000012418;154 720 422;A01;1;31;0;0;0;1;1;
19049;202000012419;154 720 421;A01;1;30;1;0;3;13;1;
19050;202000012420;154 720 420;A01;1;33;0;1;1;21;1;
19051;202000012421;154 720 418;B01;1;33;0;2;1;1;1;
19052;202000012421;154 720 419;A01;2;7;0;2;6;15;1;
19053;202000012422;154 720 416;B01;1;30;0;2;3;1;1;
19054;202000012422;154 720 417;A01;1;30;0;2;3;16;1;
19055;202000012423;154 720 414;B01;1;7;0;2;2;16;1;
19056;202000012423;154 720 415;A01;1;31;0;2;3;18;1;
19057;202000012425;154 720 411;A01;3;31;0;0;0;1;1;
19058;202000012426;154 720 409;A01;2;32;0;2;7;2;1;
19059;202000012426;154 720 410;B01;2;10;0;2;6;23;1;
19060;202000012427;154 720 407;A01;1;31;0;2;8;1;1;
19061;202000012427;154 720 408;B01;1;7;0;2;2;17;1;
19062;202000012428;154 720 405;A01;2;1;0;2;2;16;5;
19063;202000012428;154 720 406;B01;2;33;0;2;3;1;1;
19064;202000012429;154 720 404;A01;1;32;0;1;1;1;1;
19065;202000012430;154 720 402;Z01;2;7;0;2;1;2;1;
19066;202000012430;154 720 403;A01;2;33;0;2;4;23;1;
19067;202000012431;154 720 401;A01;3;32;12;0;1;13;1;
19068;202000012432;154 720 399;B01;1;10;0;2;4;2;1;
19069;202000012432;154 720 400;A01;1;7;0;2;1;2;1;
19070;202000012434;154 720 396;B01;1;34;0;2;1;2;1;
19071;202000012434;154 720 397;A01;1;10;0;2;6;11;1;
19072;202000012436;154 720 393;A01;1;7;0;2;3;20;1;
19073;202000012436;154 720 394;B01;1;7;0;2;2;1;1;
19074;202000012437;154 720 391;B01;2;50;0;2;1;5;3;
19075;202000012437;154 720 392;A01;2;1;0;2;1;1;5;
19076;202000012438;154 720 390;A01;0;7;0;1;2;26;1;
19077;202000012439;154 720 389;A01;0;1;0;2;0;26;5;
19078;202000012440;154 720 387;A01;1;7;0;2;5;15;1;
19079;202000012440;154 720 388;B01;2;2;0;2;1;16;1;
19080;202000012442;154 720 384;A01;1;7;0;1;2;1;1;
19081;202000012443;154 720 383;A01;1;7;0;1;1;2;1;
19082;202000012444;154 720 382;A01;2;34;1;0;0;1;1;
19083;202000012445;154 720 380;A01;2;33;0;2;1;1;1;
19084;202000012445;154 720 381;B01;0;60;0;2;3;1;5;
19085;202000012446;154 720 378;A01;3;32;0;2;1;1;1;
19086;202000012446;154 720 379;B01;3;7;0;2;2;15;1;
19087;202000012447;154 720 375;A01;3;10;0;2;4;24;1;
19088;202000012447;154 720 376;B01;3;10;0;2;2;1;1;
19089;202000012447;154 720 377;C01;3;50;0;2;1;2;3;
19090;202000012448;154 720 373;B01;2;2;0;2;1;1;1;
19091;202000012448;154 720 374;A01;1;7;0;2;1;5;1;
19092;202000012449;154 720 371;B01;1;80;0;2;4;17;3;
19093;202000012449;154 720 372;A01;1;7;0;2;3;16;3;
19094;202000012450;154 720 370;A01;2;7;0;1;1;2;1;
19095;202000012451;154 720 368;A01;2;7;0;2;3;9;1;
19096;202000012451;154 720 369;B01;3;33;0;2;1;1;1;
19097;202000012452;154 720 366;A01;2;1;0;2;0;0;0;
19098;202000012452;154 720 367;B01;2;2;0;9;0;17;1;
19099;202000012454;154 720 364;A01;1;7;3;0;5;1;1;
19100;202000012455;154 720 362;A01;2;33;0;2;1;1;0;
19101;202000012455;154 720 363;B01;1;7;0;2;2;15;0;
19102;202000012456;154 720 361;A01;1;7;0;1;4;20;1;
19103;202000012458;154 720 357;A01;3;15;0;2;1;1;1;
19104;202000012458;154 720 358;B01;3;2;0;2;7;15;1;
19105;202000012459;154 720 354;A01;3;7;17;0;1;1;1;
19106;202000012460;154 720 352;A01;1;7;0;2;1;15;1;
19107;202000012460;154 720 353;B01;1;33;0;2;7;1;1;
19108;202000012461;154 720 350;A01;1;7;0;9;1;1;1;
19109;202000012461;154 720 351;B01;2;1;0;2;1;5;5;
19110;202000012462;154 720 349;A01;1;7;8;0;1;21;1;
19111;202000012463;154 720 348;A01;1;7;0;1;1;1;1;
19112;202000012464;154 720 347;A01;1;7;17;0;1;1;1;
19113;202000012465;154 720 345;B01;1;15;0;2;3;1;1;
19114;202000012465;154 720 346;A01;2;7;0;2;8;1;1;
19115;202000012466;154 720 344;A01;2;7;2;0;7;1;1;
19116;202000012467;154 720 342;A01;2;7;0;2;1;13;1;
19117;202000012467;154 720 343;B01;1;7;0;2;1;1;1;
19118;202000012469;154 720 339;B01;2;7;0;2;3;1;1;
19119;202000012469;154 720 340;A01;3;38;0;0;7;26;1;1.0
19120;202000012470;154 720 338;A01;1;7;0;1;7;1;1;
19121;202000012471;154 720 336;A01;1;7;0;2;3;1;1;
19122;202000012471;154 720 337;B01;2;1;0;2;7;1;5;
19123;202000012472;154 720 334;B01;3;10;0;2;8;19;1;
19124;202000012472;154 720 335;A01;1;31;0;2;2;1;1;
19125;202000012473;154 720 332;A01;1;2;0;2;1;15;1;
19126;202000012473;154 720 333;B01;2;7;0;2;2;1;1;
19127;202000012474;154 720 330;B01;1;17;0;0;6;2;1;
19128;202000012474;154 720 331;A01;1;7;0;2;1;2;1;
19129;202000012475;154 720 329;A01;1;7;0;0;1;1;0;
19130;202000012476;154 720 328;A01;0;33;0;0;0;0;0;
19131;202000012477;154 720 327;A01;1;10;0;1;1;1;1;
19132;202000012478;154 720 325;B01;1;7;0;2;2;1;1;
19133;202000012478;154 720 326;A01;1;7;0;2;8;19;1;
19134;202000012479;154 720 324;A01;2;7;0;1;4;26;1;
19135;202000012480;154 720 322;A01;1;7;0;2;5;15;1;
19136;202000012480;154 720 323;B01;2;30;0;2;1;1;1;
19137;202000012481;154 720 320;A01;1;7;0;2;1;13;1;
19138;202000012481;154 720 321;B01;2;21;0;2;3;1;1;
19139;202000012482;154 720 318;A01;1;7;6;2;8;1;1;
19140;202000012482;154 720 319;B01;2;7;13;2;2;9;1;
19141;202000012483;154 720 317;A01;0;7;9;0;1;0;1;
19142;202000012484;154 720 315;A01;2;34;0;2;1;3;1;
19143;202000012484;154 720 316;B01;2;7;0;2;6;1;1;
19144;202000012485;154 720 314;A01;2;7;4;0;9;13;1;
19145;202000012487;154 720 311;A01;2;7;14;0;1;14;1;
19146;202000012488;154 720 309;A01;1;7;0;2;6;2;1;
19147;202000012488;154 720 310;B01;1;33;0;2;1;1;1;
19148;202000012489;154 720 307;A01;1;33;0;2;7;1;1;
19149;202000012489;154 720 308;B01;1;7;0;2;8;1;1;
19150;202000012490;154 720 305;A01;3;7;0;2;2;1;1;
19151;202000012490;154 720 306;B01;2;7;0;2;3;1;1;
19152;202000012491;154 720 304;A01;1;2;0;1;2;14;0;
19153;202000012492;154 720 302;B01;1;32;0;2;7;17;1;
19154;202000012492;154 720 303;A01;2;7;0;2;3;15;1;
19155;202000012493;154 720 301;A01;1;50;0;1;2;1;3;
19156;202000012494;154 720 299;A01;1;7;0;2;1;2;1;
19157;202000012494;154 720 300;B01;1;7;0;2;5;2;1;
19158;202000012496;154 720 295;B01;3;7;1;2;4;20;1;
19159;202000012496;154 720 296;A01;3;38;0;2;1;1;1;1.0
19160;202000012497;154 720 294;A01;2;3;0;1;3;1;6;
19161;202000012499;154 720 292;A01;1;7;0;1;1;15;1;
19162;202000012500;154 720 291;A01;3;7;0;1;3;1;1;
19163;202000012501;154 720 289;B01;1;7;0;2;6;15;1;
19164;202000012501;154 720 290;A01;1;31;0;2;8;17;6;
19165;202000012502;154 720 288;A01;2;10;0;1;1;1;1;
19166;202000012503;154 720 286;A01;3;10;0;2;3;1;1;
19167;202000012503;154 720 287;B01;1;32;0;2;1;1;1;
19168;202000012504;154 720 283;C01;3;7;0;2;6;24;1;
19169;202000012504;154 720 284;B01;3;7;0;2;3;20;1;
19170;202000012504;154 720 285;A01;3;7;0;2;2;1;2;
19171;202000012505;154 720 282;A01;3;7;8;0;1;13;1;
19172;202000012506;154 720 278;D01;3;7;0;0;6;1;1;
19173;202000012506;154 720 279;C01;3;7;0;2;1;1;1;
19174;202000012506;154 720 280;B01;3;7;0;2;1;1;1;
19175;202000012506;154 720 281;A01;3;7;0;2;1;1;1;
19176;202000012507;154 720 277;A01;1;35;0;1;1;14;1;
19177;202000012510;154 720 272;A01;1;7;0;2;3;9;1;
19178;202000012510;154 720 273;B01;2;1;0;2;7;1;5;
19179;202000012511;154 720 270;A01;2;2;0;2;1;1;1;
19180;202000012511;154 720 271;B01;2;7;0;2;3;15;1;
19181;202000012512;154 720 269;A01;2;7;0;1;3;1;1;
19182;202000012513;154 720 266;A01;1;7;0;1;2;1;1;
19183;202000012514;154 720 265;A01;2;33;0;1;1;2;1;
19184;202000012515;154 720 263;A01;1;7;0;9;2;2;1;
19185;202000012515;154 720 264;B01;2;1;0;2;4;19;5;
19186;202000012516;154 720 261;A01;1;7;0;2;6;1;1;
19187;202000012516;154 720 262;B01;1;2;0;2;1;1;0;
19188;202000012517;154 720 260;A01;2;7;8;0;3;26;1;
19189;202000012518;154 720 258;A01;2;1;0;2;2;1;5;
19190;202000012518;154 720 259;B01;1;37;0;2;3;15;1;1.0
19191;202000012519;154 720 256;B01;1;7;0;2;4;2;1;
19192;202000012519;154 720 257;A01;1;7;0;2;1;2;1;
19193;202000012520;154 720 254;A01;3;7;0;2;0;9;0;
19194;202000012520;154 720 255;B01;1;33;0;2;0;21;1;
19195;202000012523;154 720 249;A01;2;7;12;0;7;9;1;
19196;202000012524;154 720 246;C01;2;7;0;2;4;1;1;
19197;202000012524;154 720 247;B01;2;7;0;2;4;1;1;
19198;202000012524;154 720 248;A01;2;10;0;2;1;1;1;
19199;202000012525;154 720 244;B01;1;30;0;2;1;1;1;
19200;202000012525;154 720 245;A01;2;7;0;2;3;9;1;
19201;202000012526;154 720 243;A01;3;10;0;1;3;15;1;
19202;202000012528;154 720 240;B01;0;10;0;2;1;1;1;
19203;202000012528;154 720 241;A01;0;7;0;2;7;1;1;
19204;202000012529;154 720 238;B01;0;7;0;2;2;1;1;
19205;202000012529;154 720 239;A01;0;7;0;2;6;9;1;
19206;202000012531;154 720 232;A01;3;30;9;0;2;1;1;
19207;202000012532;154 720 231;A01;3;7;0;1;1;1;1;
19208;202000012533;154 720 229;B01;0;7;0;2;8;1;0;
19209;202000012533;154 720 230;A01;2;7;0;2;1;19;1;
19210;202000012534;154 720 227;A01;3;7;12;0;3;11;0;
19211;202000012534;154 720 228;B01;3;7;0;2;3;1;0;
19212;202000012535;154 720 226;A01;3;10;0;1;1;26;1;
19213;202000012536;154 720 224;A01;2;30;0;2;1;2;1;
19214;202000012536;154 720 225;B01;2;7;0;2;5;2;1;
19215;202000012537;154 720 223;A01;3;7;0;1;2;1;1;
19216;202000012538;154 720 222;A01;2;1;0;0;1;1;5;
19217;202000012540;154 720 220;A01;2;99;6;1;4;4;1;
19218;202000012541;154 720 218;A01;1;30;0;2;2;18;1;
19219;202000012541;154 720 219;B01;1;10;0;2;5;16;1;
19220;202000012542;154 720 216;A01;2;10;0;2;3;15;1;
19221;202000012542;154 720 217;B01;2;50;0;2;7;1;3;
19222;202000012543;154 720 214;A01;1;30;0;2;1;1;1;
19223;202000012543;154 720 215;B01;1;7;0;2;3;1;1;
19224;202000012544;154 720 213;A01;2;7;0;1;2;10;1;
19225;202000012545;154 720 211;B01;1;7;0;2;6;2;1;
19226;202000012545;154 720 212;A01;1;33;0;2;2;17;1;
19227;202000012546;154 720 209;A01;1;33;0;2;2;14;1;
19228;202000012546;154 720 210;B01;1;10;0;2;6;23;1;
19229;202000012547;154 720 207;B01;1;1;0;2;8;1;5;
19230;202000012547;154 720 208;A01;1;7;0;2;4;4;3;
19231;202000012548;154 720 206;A01;1;30;11;0;1;1;3;
19232;202000012549;154 720 204;A01;2;33;0;2;1;18;1;
19233;202000012549;154 720 205;B01;2;7;0;2;5;16;1;
19234;202000012550;154 720 203;A01;1;7;0;1;0;0;0;
19235;202000012551;154 720 202;A01;1;33;12;0;1;1;1;
19236;202000012552;154 720 201;A01;2;7;1;0;1;19;1;
19237;202000012555;154 720 194;A01;2;7;0;0;3;20;0;
19238;202000012555;154 720 195;B01;2;34;0;2;2;17;0;
19239;202000012556;154 720 192;A01;0;34;0;2;1;0;0;
19240;202000012556;154 720 193;B01;0;1;0;2;3;19;5;
19241;202000012557;154 720 191;A01;1;7;0;1;1;1;1;
19242;202000012558;154 720 190;A01;3;0;0;0;0;26;0;
19243;202000012559;154 720 188;A01;1;32;0;2;7;1;1;
19244;202000012559;154 720 189;Z01;1;7;0;2;1;9;1;
19245;202000012560;154 720 187;A01;1;34;0;1;1;9;1;
19246;202000012561;154 720 185;A01;1;7;0;2;1;17;1;
19247;202000012561;154 720 186;B01;1;2;0;2;7;26;1;
19248;202000012563;154 720 181;A01;2;30;0;2;1;2;1;
19249;202000012563;154 720 182;B01;2;33;0;2;4;23;1;
19250;202000012564;154 720 179;B01;1;43;0;2;1;1;1;
19251;202000012564;154 720 180;A01;0;7;0;2;7;9;1;
19252;202000012565;154 720 177;A01;0;7;0;2;1;26;1;
19253;202000012565;154 720 178;B01;0;7;0;2;4;0;1;
19254;202000012567;154 720 173;A01;1;7;6;2;2;11;1;
19255;202000012567;154 720 174;C01;1;7;0;2;3;11;1;
19256;202000012568;154 720 171;A01;1;7;0;2;5;17;1;
19257;202000012568;154 720 172;B01;1;1;0;0;8;1;6;
19258;202000012569;154 720 169;B01;1;15;0;2;4;2;1;
19259;202000012569;154 720 170;A01;1;10;0;2;1;2;0;
19260;202000012571;154 720 166;A01;2;2;0;0;0;1;1;
19261;202000012573;154 720 164;A01;1;7;3;0;3;17;1;