;Num_Acc;id_vehicule;num_veh;senc;catv;obs;obsm;choc;manv;motor;occutc
19262;202000012574;154 720 162;B01;2;15;0;2;3;1;1;
19263;202000012574;154 720 163;A01;1;7;0;2;3;13;1;
19264;202000012575;154 720 160;A01;2;7;0;2;8;17;1;
19265;202000012575;154 720 161;B01;2;33;0;2;7;17;1;
19266;202000012576;154 720 158;B01;2;7;0;2;2;1;1;
19267;202000012576;154 720 159;A01;2;7;0;2;1;9;1;
19268;202000012577;154 720 156;B01;1;1;0;2;1;1;5;
19269;202000012577;154 720 157;A01;2;7;0;9;1;15;1;
19270;202000012578;154 720 155;A01;2;7;6;0;1;1;1;
19271;202000012579;154 720 153;B01;0;7;0;0;6;1;1;
19272;202000012579;154 720 154;A01;1;33;0;2;1;1;1;
19273;202000012580;154 720 152;A01;0;7;0;1;1;1;0;
19274;202000012581;154 720 150;A01;1;7;3;2;1;1;1;
19275;202000012581;154 720 151;B01;2;7;0;2;1;1;1;
19276;202000012582;154 720 148;A01;1;7;0;2;1;1;1;
19277;202000012582;154 720 149;B01;1;21;0;2;3;15;1;
19278;202000012583;154 720 147;A01;1;33;0;6;1;1;1;
19279;202000012584;154 720 146;A01;2;7;0;1;3;1;1;
19280;202000012585;154 720 145;A01;1;1;0;0;0;1;5;
19281;202000012586;154 720 143;B01;3;16;0;2;1;1;1;
19282;202000012586;154 720 144;A01;3;2;0;2;1;1;1;
19283;202000012587;154 720 139;D01;1;7;0;2;4;1;1;
19284;202000012587;154 720 140;A01;1;7;0;2;1;1;1;
19285;202000012587;154 720 141;B01;1;7;0;2;1;1;1;
19286;202000012587;154 720 142;C01;1;7;0;2;1;1;1;
19287;202000012588;154 720 137;A01;2;7;0;2;2;9;1;
19288;202000012588;154 720 138;B01;2;7;0;2;3;1;1;
19289;202000012589;154 720 136;A01;2;7;11;0;2;1;1;
19290;202000012590;154 720 134;B01;1;7;0;2;3;1;1;
19291;202000012590;154 720 135;A01;2;10;0;2;1;13;1;
19292;202000012591;154 720 132;A01;2;7;0;2;3;1;1;
19293;202000012591;154 720 133;B01;2;10;0;0;5;1;1;
19294;202000012592;154 720 130;B01;2;38;0;2;2;1;1;2.0
19295;202000012592;154 720 131;A01;2;7;0;2;3;19;0;
19296;202000012593;154 720 129;A01;2;7;2;0;5;1;0;
19297;202000012594;154 720 127;B01;1;7;0;0;6;15;1;
19298;202000012594;154 720 128;A01;1;30;0;2;1;17;1;
19299;202000012595;154 720 125;A01;0;7;0;2;1;1;0;
19300;202000012595;154 720 126;B01;0;7;0;2;3;15;0;
19301;202000012596;154 720 124;A01;1;7;13;0;3;17;1;
19302;202000012597;154 720 122;A01;3;7;0;2;7;26;0;
19303;202000012597;154 720 123;B01;3;7;0;2;3;1;0;
19304;202000012599;154 720 119;A01;1;7;0;1;2;1;1;
19305;202000012600;154 720 117;B01;2;33;0;2;1;21;1;
19306;202000012600;154 720 118;A01;1;7;0;2;3;19;1;
19307;202000012601;154 720 116;A01;2;10;0;1;1;1;1;
19308;202000012603;154 720 113;A01;1;32;0;2;1;1;1;
19309;202000012603;154 720 114;B01;1;7;0;2;6;12;1;
19310;202000012604;154 720 110;A01;1;10;0;1;2;1;0;
19311;202000012605;154 720 108;Z01;1;7;0;9;7;2;0;
19312;202000012605;154 720 109;B01;1;1;0;2;8;1;5;
19313;202000012606;154 720 107;A01;3;33;0;0;0;1;1;
19314;202000012608;154 720 104;B01;3;14;0;2;2;1;1;
19315;202000012608;154 720 105;A01;3;10;0;2;5;26;1;
19316;202000012609;154 720 102;A01;1;33;0;2;8;14;1;
19317;202000012609;154 720 103;B01;1;7;0;2;1;1;1;
19318;202000012610;154 720 101;A01;1;34;0;1;1;26;1;
19319;202000012611;154 720 098;B01;1;7;0;2;4;21;1;
19320;202000012611;154 720 099;A01;1;7;0;2;4;1;1;
19321;202000012611;154 720 100;C01;1;7;0;2;4;1;1;
19322;202000012613;154 720 093;A01;3;7;0;2;2;9;1;
19323;202000012613;154 720 094;C01;3;7;0;2;3;23;1;
19324;202000012613;154 720 095;B01;3;7;0;2;6;9;1;
19325;202000012616;154 720 089;A01;1;7;2;0;1;1;0;
19326;202000012617;154 720 086;A01;1;7;0;1;2;1;1;
19327;202000012618;154 720 085;A01;0;7;12;0;3;13;1;
19328;202000012619;154 720 084;A01;1;7;9;0;2;26;1;
19329;202000012620;154 720 082;A01;1;7;0;2;1;2;1;
19330;202000012620;154 720 083;B01;1;10;0;2;4;2;1;
19331;202000012621;154 720 079;A01;2;10;0;1;2;1;1;
19332;202000012622;154 720 077;A01;2;31;0;2;3;21;1;
19333;202000012622;154 720 078;B01;1;7;0;2;2;2;1;
19334;202000012623;154 720 075;B01;0;2;0;2;1;1;1;
19335;202000012623;154 720 076;A01;0;7;0;2;3;9;1;
19336;202000012624;154 720 074;A01;1;7;10;0;1;0;1;
19337;202000012625;154 720 072;A01;1;7;0;2;7;15;1;
19338;202000012625;154 720 073;B01;1;7;0;2;1;1;1;
19339;202000012626;154 720 070;A01;1;30;0;2;8;1;1;
19340;202000012626;154 720 071;Z01;1;7;0;2;7;1;1;
19341;202000012627;154 720 068;B01;1;1;0;2;8;19;5;
19342;202000012627;154 720 069;A01;1;10;0;2;1;1;1;
19343;202000012629;154 720 064;C01;1;7;0;2;1;1;1;
19344;202000012629;154 720 065;B01;1;7;0;2;3;1;1;
19345;202000012629;154 720 066;A01;2;7;0;2;3;13;1;
19346;202000012630;154 720 062;B01;1;7;0;2;4;23;1;
19347;202000012630;154 720 063;A01;1;30;0;2;1;1;1;
19348;202000012631;154 720 061;A01;1;7;13;0;0;14;1;
19349;202000012632;154 720 059;B01;1;14;0;2;6;9;0;
19350;202000012632;154 720 060;A01;1;7;0;2;1;1;0;
19351;202000012633;154 720 058;A01;2;7;0;1;3;1;1;
19352;202000012634;154 720 056;B01;1;1;0;2;8;1;0;
19353;202000012634;154 720 057;A01;1;10;0;2;1;1;1;
19354;202000012635;154 720 054;A01;2;33;1;1;8;5;1;
19355;202000012635;154 720 055;B01;2;33;1;2;1;5;1;
19356;202000012636;154 720 052;A01;2;30;0;2;4;2;1;
19357;202000012636;154 720 053;B01;2;7;0;2;4;23;1;
19358;202000012637;154 720 051;A01;1;10;11;0;1;1;1;
19359;202000012638;154 720 049;B01;2;43;0;2;2;17;1;
19360;202000012638;154 720 050;A01;2;7;0;2;3;15;1;
19361;202000012639;154 720 048;A01;2;1;0;0;8;1;5;
19362;202000012640;154 720 046;A01;1;7;15;2;3;17;1;
19363;202000012640;154 720 047;B01;0;33;15;2;3;15;1;
19364;202000012642;154 720 043;A01;1;33;0;2;7;13;0;
19365;202000012642;154 720 044;B01;2;7;0;2;1;15;0;
19366;202000012643;154 720 041;B01;3;7;0;2;3;1;1;
19367;202000012643;154 720 042;A01;3;7;0;2;3;1;1;
19368;202000012644;154 720 039;A01;3;7;0;2;2;15;1;
19369;202000012644;154 720 040;B01;3;33;0;2;8;1;1;
19370;202000012646;154 720 035;A01;2;7;0;2;2;14;0;
19371;202000012646;154 720 036;B01;2;34;0;2;8;1;0;
19372;202000012648;154 720 032;A01;1;7;0;2;2;15;1;
19373;202000012648;154 720 033;B01;2;7;0;2;3;1;1;
19374;202000012650;154 720 030;A01;2;7;13;0;1;1;1;
19375;202000012651;154 720 028;B01;3;7;0;2;5;9;1;
19376;202000012651;154 720 029;A01;2;7;13;0;3;1;1;
19377;202000012652;154 720 025;A01;1;7;0;2;1;5;1;
19378;202000012652;154 720 026;B01;2;7;0;2;7;21;1;
19379;202000012652;154 720 027;C01;2;7;0;2;1;1;1;
19380;202000012655;154 720 020;A01;2;7;6;0;8;1;1;
19381;202000012657;154 720 017;A01;1;2;0;0;8;1;1;
19382;202000012658;154 720 016;A01;1;7;15;0;0;14;1;
19383;202000012659;154 720 014;A01;1;2;0;2;1;1;0;
19384;202000012659;154 720 015;B01;1;7;0;0;5;23;0;
19385;202000012661;154 720 011;B01;1;2;0;2;7;26;1;
19386;202000012661;154 720 012;A01;2;7;0;9;2;15;1;
19387;202000012662;154 720 010;A01;2;7;6;0;2;14;1;
19388;202000012663;154 720 008;A01;2;7;0;2;3;15;1;
19389;202000012663;154 720 009;B01;1;7;0;2;2;1;2;
19390;202000012664;154 720 006;B01;2;33;0;2;7;1;1;
19391;202000012664;154 720 007;A01;2;7;0;2;3;9;1;
19392;202000012665;154 720 005;A01;3;99;16;0;1;1;1;
19393;202000012666;154 720 004;A01;3;7;13;0;3;1;1;
19394;202000012667;154 720 003;A01;1;7;2;0;3;1;1;
19395;202000012668;154 720 002;A01;1;33;8;0;7;1;1;
19396;202000012669;154 720 000;B01;1;10;0;0;4;1;1;
19397;202000012669;154 720 001;A01;1;7;0;2;1;17;1;
19398;202000012671;154 719 998;A01;2;7;3;0;3;0;0;
19399;202000012672;154 719 996;A01;1;2;0;2;1;2;1;
19400;202000012672;154 719 997;B01;1;7;0;0;6;2;0;
19401;202000012673;154 719 995;A01;3;33;0;0;0;1;1;
19402;202000012674;154 719 993;A01;2;33;0;2;3;13;1;
19403;202000012674;154 719 994;B01;1;7;0;2;6;1;1;
19404;202000012675;154 719 991;A01;1;10;15;0;7;1;1;
19405;202000012675;154 719 992;B01;3;10;0;2;1;16;1;
19406;202000012677;154 719 987;A01;2;7;0;2;1;13;1;
19407;202000012677;154 719 988;B01;1;7;0;2;1;1;1;
19408;202000012678;154 719 985;B01;2;14;0;2;3;1;1;
19409;202000012678;154 719 986;A01;1;2;0;2;1;16;1;
19410;202000012679;154 719 983;A01;2;1;0;0;2;0;5;
19411;202000012681;154 719 978;B01;1;7;0;2;6;9;1;
19412;202000012681;154 719 979;A01;1;33;0;2;2;9;1;
19413;202000012682;154 719 977;A01;3;7;9;0;3;1;1;
19414;202000012683;154 719 976;A01;2;7;4;0;7;14;1;
19415;202000012684;154 719 973;C01;1;7;0;2;0;1;1;
19416;202000012684;154 719 974;B01;1;33;0;2;1;17;1;
19417;202000012684;154 719 975;A01;1;7;0;2;8;0;1;
19418;202000012685;154 719 971;Z01;1;0;0;2;0;2;0;
19419;202000012685;154 719 972;A01;1;7;0;2;4;2;1;
19420;202000012687;154 719 969;A01;2;10;3;0;1;13;1;
19421;202000012688;154 719 968;A01;1;7;0;0;9;2;1;
19422;202000012689;154 719 966;A01;1;7;0;2;3;13;1;
19423;202000012689;154 719 967;B01;2;7;0;2;3;13;1;
19424;202000012690;154 719 965;A01;1;30;0;0;7;1;1;
19425;202000012691;154 719 964;A01;2;10;0;1;0;26;1;
19426;202000012692;154 719 962;A01;0;7;0;2;2;15;1;
19427;202000012692;154 719 963;B01;0;7;0;2;1;1;1;
19428;202000012693;154 719 961;A01;1;33;0;1;0;26;0;
19429;202000012695;154 719 957;B01;3;7;0;2;2;1;0;
19430;202000012695;154 719 958;A01;3;7;0;2;1;15;1;
19431;202000012696;154 719 955;A01;2;7;0;2;1;2;1;
19432;202000012696;154 719 956;B01;2;7;0;2;4;23;1;
19433;202000012697;154 719 953;A01;1;7;0;2;7;1;1;
19434;202000012697;154 719 954;B01;1;1;0;2;4;1;5;
19435;202000012698;154 719 952;A01;1;7;13;5;1;21;1;
19436;202000012699;154 719 950;B01;0;2;0;2;1;9;1;
19437;202000012699;154 719 951;A01;0;7;0;2;1;9;1;
19438;202000012700;154 719 949;Z01;1;7;0;1;1;1;1;
19439;202000012701;154 719 947;B01;1;7;0;2;3;1;1;
19440;202000012701;154 719 948;A01;2;7;0;2;6;13;1;
19441;202000012702;154 719 946;A01;1;43;8;0;1;13;1;
19442;202000012703;154 719 944;B01;1;1;0;2;3;1;5;
19443;202000012703;154 719 945;A01;1;10;0;2;2;23;1;
19444;202000012704;154 719 943;A01;1;30;14;0;1;13;1;
19445;202000012705;154 719 942;A01;1;33;3;0;2;13;1;
19446;202000012707;154 719 939;A01;3;7;0;2;1;1;1;
19447;202000012707;154 719 940;B01;3;1;0;2;1;13;5;
19448;202000012708;154 719 937;B01;1;33;0;2;8;1;1;
19449;202000012708;154 719 938;A01;2;7;0;2;3;1;1;
19450;202000012709;154 719 936;A01;1;7;4;9;1;1;1;
19451;202000012711;154 719 932;A01;1;10;0;2;3;0;1;
19452;202000012711;154 719 933;B01;1;10;0;2;2;1;1;
19453;202000012712;154 719 931;A01;1;7;10;0;1;1;1;
19454;202000012713;154 719 929;A01;2;33;0;0;3;1;1;
19455;202000012714;154 719 927;B01;3;7;0;2;2;1;1;
19456;202000012714;154 719 928;A01;3;2;0;2;1;19;1;
19457;202000012715;154 719 926;A01;2;7;13;0;2;0;1;
19458;202000012718;154 719 922;A01;1;7;0;1;1;1;1;
19459;202000012719;154 719 918;A01;0;7;8;2;3;19;1;
19460;202000012719;154 719 919;B01;0;7;0;2;5;1;1;
19461;202000012720;154 719 916;B01;1;7;0;2;0;1;0;
19462;202000012720;154 719 917;A01;1;2;0;2;0;14;1;
19463;202000012721;154 719 915;A01;2;7;2;0;1;13;1;
19464;202000012722;154 719 913;B01;2;7;0;2;3;1;1;
19465;202000012722;154 719 914;A01;1;7;0;2;3;5;1;
19466;202000012723;154 719 912;A01;1;10;2;0;1;1;6;
19467;202000012724;154 719 910;B01;1;7;0;2;3;1;1;
19468;202000012724;154 719 911;A01;2;43;0;2;3;1;0;
19469;202000012725;154 719 909;A01;0;7;6;0;1;16;1;
19470;202000012726;154 719 908;A01;2;7;2;0;1;1;1;
19471;202000012727;154 719 904;A01;0;7;0;2;1;2;0;
19472;202000012727;154 719 905;B01;1;7;0;2;4;2;0;
19473;202000012727;154 719 906;C01;1;7;0;2;4;2;0;
19474;202000012727;154 719 907;D01;1;7;0;0;4;2;0;
19475;202000012728;154 719 903;A01;0;7;0;1;5;4;0;
19476;202000012729;154 719 901;A01;1;7;0;2;7;19;1;
19477;202000012729;154 719 902;B01;2;7;0;2;1;1;1;
19478;202000012730;154 719 899;B01;2;17;0;0;0;24;1;
19479;202000012730;154 719 900;A01;2;7;1;0;1;1;1;
19480;202000012731;154 719 898;A01;1;7;6;0;3;1;1;
19481;202000012732;154 719 897;A01;2;7;13;0;2;0;1;
19482;202000012733;154 719 895;A01;1;7;0;2;7;26;1;
19483;202000012733;154 719 896;B01;2;7;0;2;1;14;1;
19484;202000012734;154 719 894;C01;1;7;0;1;1;21;1;
19485;202000012735;154 719 893;A01;1;7;0;5;2;1;1;
19486;202000012736;154 719 892;A01;1;7;1;0;2;1;1;
19487;202000012738;154 719 889;A01;3;7;0;2;1;9;1;
19488;202000012738;154 719 891;B01;3;31;0;2;0;0;1;
19489;202000012739;154 719 886;A01;-1;7;0;1;7;15;0;
19490;202000012740;154 719 885;A01;3;7;0;2;3;1;1;
19491;202000012740;154 719 887;B01;3;2;0;2;1;19;1;
19492;202000012741;154 719 883;A01;1;7;0;1;1;1;1;
19493;202000012741;154 719 884;B01;1;7;0;1;1;1;1;
19494;202000012742;154 719 881;A01;1;30;0;1;1;1;1;
19495;202000012743;154 719 879;A01;2;7;0;2;2;15;0;
19496;202000012743;154 719 880;B01;2;7;0;2;3;0;0;
19497;202000012744;154 719 882;A01;1;7;2;0;1;13;1;
19498;202000012745;154 719 876;B01;3;7;0;2;3;1;1;
19499;202000012745;154 719 878;A01;3;7;0;2;3;1;1;
19500;202000012746;154 719 877;A01;3;7;16;0;0;1;0;
19501;202000012747;154 719 871;A01;3;2;9;0;1;13;1;
19502;202000012748;154 719 872;B01;2;7;0;2;1;1;1;
19503;202000012748;154 719 873;A01;1;7;0;2;3;1;1;
19504;202000012749;154 719 870;A01;2;7;2;0;1;1;1;
19505;202000012750;154 719 869;A01;2;33;0;0;9;1;1;
19506;202000012751;154 719 867;A01;2;31;0;2;8;1;1;
19507;202000012751;154 719 868;B01;1;7;0;2;3;15;1;
19508;202000012753;154 719 862;A01;1;7;0;2;1;19;1;
19509;202000012753;154 719 864;B01;1;7;7;2;8;1;1;
19510;202000012754;154 719 861;A01;3;7;13;0;1;1;1;
19511;202000012755;154 719 859;B01;2;10;0;2;3;12;0;
19512;202000012755;154 719 860;A01;2;15;0;0;5;1;0;
19513;202000012756;154 719 857;A01;1;7;0;2;3;0;1;
19514;202000012756;154 719 858;B01;2;7;0;2;3;0;1;
19515;202000012757;154 719 856;A01;2;7;3;0;2;14;1;
19516;202000012758;154 719 854;B01;1;7;0;2;1;1;1;
19517;202000012758;154 719 855;A01;1;7;0;0;4;1;1;
19518;202000012759;154 719 850;A01;2;7;15;0;0;1;1;
19519;202000012760;154 719 851;A01;2;7;0;2;3;13;1;
19520;202000012760;154 719 852;B01;1;7;0;2;3;1;1;
19521;202000012760;154 719 853;C01;1;7;0;2;1;0;1;
19522;202000012761;154 719 848;A01;1;7;0;0;0;0;1;
19523;202000012762;154 719 846;C01;1;7;0;2;1;1;1;
19524;202000012762;154 719 847;B01;2;7;0;2;7;1;1;
19525;202000012762;154 719 849;A01;1;7;0;2;2;9;1;
19526;202000012763;154 719 844;A01;1;7;0;2;7;15;1;
19527;202000012763;154 719 845;B01;2;7;0;2;2;1;1;
19528;202000012764;154 719 840;B01;3;7;0;2;1;1;0;
19529;202000012764;154 719 842;A01;3;7;0;2;2;19;0;
19530;202000012765;154 719 841;A01;1;7;9;2;5;16;1;
19531;202000012765;154 719 843;B01;1;7;15;2;2;15;1;
19532;202000012766;154 719 837;B01;1;7;0;2;3;1;1;
19533;202000012766;154 719 838;A01;2;7;0;2;3;5;1;
19534;202000012767;154 719 836;A01;0;10;0;4;6;23;1;
19535;202000012767;154 719 839;B01;1;39;0;4;1;19;3;
19536;202000012769;154 719 834;A01;1;7;2;0;2;1;1;
19537;202000012770;154 719 833;A01;1;2;0;0;0;1;1;
19538;202000012771;154 719 831;B01;2;7;0;2;1;1;0;
19539;202000012771;154 719 832;A01;1;7;0;2;1;17;0;
19540;202000012772;154 719 829;B01;1;7;0;2;1;17;1;
19541;202000012772;154 719 830;A01;2;7;0;2;1;1;1;
19542;202000012773;154 719 828;A01;1;7;2;0;1;13;1;
19543;202000012774;154 719 826;B01;1;7;0;2;1;1;1;
19544;202000012774;154 719 827;A01;2;7;0;2;1;13;1;
19545;202000012775;154 719 825;A01;2;38;15;0;2;14;1;18.0
19546;202000012776;154 719 824;A01;0;2;0;0;0;0;1;
19547;202000012777;154 719 822;B01;1;7;0;2;2;21;1;
19548;202000012777;154 719 823;A01;2;7;0;2;3;0;1;
19549;202000012779;154 719 819;A01;3;7;2;0;1;1;1;
19550;202000012780;154 719 816;A01;2;14;0;2;3;1;1;
19551;202000012780;154 719 817;B01;1;7;0;2;1;1;1;
19552;202000012781;154 719 815;A01;3;7;8;0;1;14;1;
19553;202000012782;154 719 811;B01;2;7;3;0;4;2;1;
19554;202000012782;154 719 813;A01;2;10;0;2;2;2;1;
19555;202000012783;154 719 810;A01;1;10;3;0;1;1;0;
19556;202000012784;154 719 807;A01;1;7;0;0;3;17;1;
19557;202000012784;154 719 808;B01;1;3;0;0;7;15;1;
19558;202000012785;154 719 805;A01;1;7;3;2;3;2;1;
19559;202000012785;154 719 806;B01;1;7;0;0;3;1;1;
19560;202000012786;154 719 809;A01;0;7;0;1;2;1;1;
19561;202000012787;154 719 801;C01;1;7;0;0;2;1;1;
19562;202000012787;154 719 802;B01;1;10;0;0;5;1;1;
19563;202000012787;154 719 804;A01;1;7;0;2;3;1;1;
19564;202000012789;154 719 793;B01;2;7;3;2;1;2;1;
19565;202000012789;154 719 794;D01;2;7;3;2;7;2;1;
19566;202000012789;154 719 795;C01;2;7;3;2;8;2;1;
19567;202000012789;154 719 797;A01;2;7;1;2;1;2;1;
19568;202000012789;154 719 798;E01;2;10;0;0;3;2;1;
19569;202000012789;154 719 799;F01;2;10;0;1;0;2;1;
19570;202000012790;154 719 790;A01;2;7;0;2;7;12;1;
19571;202000012790;154 719 791;B01;2;7;0;2;8;18;1;
19572;202000012791;154 719 792;B01;1;7;13;2;8;1;1;
19573;202000012791;154 719 796;A01;2;7;2;2;3;13;1;
19574;202000012792;154 719 787;A01;3;7;5;0;1;0;6;
19575;202000012793;154 719 788;A01;1;7;0;2;1;5;1;
19576;202000012793;154 719 789;B01;1;7;0;2;1;5;1;
19577;202000012794;154 719 786;A01;2;7;15;0;0;1;1;
19578;202000012795;154 719 785;A01;1;7;0;1;1;1;1;
19579;202000012796;154 719 782;A01;2;7;0;1;3;1;1;
19580;202000012797;154 719 783;A01;1;7;0;2;7;17;1;
19581;202000012797;154 719 784;B01;1;1;0;2;4;1;5;
19582;202000012798;154 719 778;B01;1;7;0;2;1;1;1;
19583;202000012798;154 719 780;A01;2;7;9;2;1;1;1;
19584;202000012799;154 719 777;A01;2;7;0;9;8;26;6;
19585;202000012799;154 719 779;B01;0;1;0;2;7;26;6;
19586;202000012800;154 719 775;A01;1;7;2;0;1;1;1;
19587;202000012802;154 719 769;A01;1;7;0;0;9;17;1;
19588;202000012803;154 719 768;A01;2;7;0;1;2;1;1;
19589;202000012804;154 719 765;A01;1;7;9;2;1;15;1;
19590;202000012804;154 719 767;B01;2;1;0;2;8;1;5;
19591;202000012805;154 719 763;A01;2;7;6;0;3;1;1;
19592;202000012807;154 719 760;B01;1;7;0;2;1;0;1;
19593;202000012807;154 719 761;A01;1;7;0;2;4;1;1;
19594;202000012808;154 719 762;A01;1;7;0;0;9;1;1;
19595;202000012809;154 719 757;A01;1;7;0;2;4;23;1;
19596;202000012809;154 719 759;B01;1;10;0;2;1;12;1;
19597;202000012810;154 719 756;B01;2;7;0;0;4;23;1;
19598;202000012810;154 719 758;A01;2;7;0;2;1;1;1;
19599;202000012811;154 719 754;B01;2;7;0;2;2;1;1;
19600;202000012811;154 719 755;A01;1;2;0;2;3;1;1;
19601;202000012812;154 719 753;A01;2;7;2;0;3;16;0;
19602;202000012813;154 719 751;B01;1;7;0;1;1;2;1;
19603;202000012814;154 719 750;A01;1;7;0;2;3;1;1;
19604;202000012814;154 719 752;B01;2;7;0;2;3;1;1;
19605;202000012815;154 719 748;B01;2;7;0;2;6;11;1;
19606;202000012815;154 719 749;A01;2;31;0;2;1;3;1;
19607;202000012816;154 719 746;A01;3;7;0;9;2;13;1;
19608;202000012816;154 719 747;B01;3;1;0;0;1;13;5;
19609;202000012817;154 719 744;A01;2;7;0;2;2;1;1;
19610;202000012817;154 719 745;B01;2;33;0;2;8;3;1;
19611;202000012818;154 719 741;B01;1;7;0;0;2;1;1;
19612;202000012818;154 719 743;A01;2;3;0;0;2;15;1;
19613;202000012819;154 719 740;A01;2;7;0;2;3;11;1;
19614;202000012819;154 719 742;B01;2;7;0;2;5;1;1;
19615;202000012820;154 719 738;B01;1;7;0;2;1;1;1;
19616;202000012820;154 719 739;A01;2;7;0;2;1;5;1;
19617;202000012821;154 719 736;B01;2;10;0;2;4;2;1;
19618;202000012821;154 719 737;A01;2;10;0;2;1;2;1;
19619;202000012823;154 719 732;B01;1;7;0;2;1;1;1;
19620;202000012823;154 719 735;A01;2;7;0;2;7;13;1;
19621;202000012824;154 719 728;A01;3;3;0;2;2;16;1;
19622;202000012824;154 719 730;B01;1;2;0;2;0;1;1;
19623;202000012825;154 719 729;B01;1;7;0;2;4;2;1;
19624;202000012825;154 719 731;A01;1;7;0;2;1;2;1;
19625;202000012826;154 719 727;A01;0;2;1;0;1;1;1;
19626;202000012828;154 719 724;B01;2;7;0;2;2;1;1;
19627;202000012828;154 719 725;A01;3;7;0;2;1;1;1;
19628;202000012829;154 719 722;B01;1;7;3;2;3;2;1;
19629;202000012829;154 719 723;A01;1;7;0;2;8;2;1;
19630;202000012830;154 719 721;A01;1;7;0;1;2;14;1;
19631;202000012831;154 719 719;B01;1;7;0;2;1;15;1;
19632;202000012831;154 719 720;A01;2;7;0;2;1;1;1;
19633;202000012832;154 719 718;B01;1;2;0;2;1;1;1;
19634;202000012833;154 719 715;A01;0;7;0;1;1;1;0;
19635;202000012834;154 719 716;B01;2;7;0;2;4;23;1;
19636;202000012834;154 719 717;A01;2;7;0;2;1;2;1;
19637;202000012835;154 719 714;A01;2;7;16;0;1;1;1;
19638;202000012836;154 719 712;B01;3;10;0;2;6;15;0;
19639;202000012836;154 719 713;A01;0;7;0;2;3;1;4;
19640;202000012837;154 719 710;A01;2;7;15;0;2;2;1;
19641;202000012838;154 719 711;A01;1;7;2;0;1;1;1;
19642;202000012840;154 719 708;A01;2;7;8;0;1;14;1;
19643;202000012841;154 719 707;A01;2;7;2;0;1;13;1;
19644;202000012842;154 719 705;A01;1;33;13;0;0;1;1;
19645;202000012843;154 719 704;A01;3;7;0;2;3;15;1;
19646;202000012843;154 719 706;B01;1;7;0;2;2;1;1;
19647;202000012844;154 719 703;A01;1;7;13;0;1;6;1;
19648;202000012845;154 719 702;A01;1;7;6;0;2;26;1;
19649;202000012846;154 719 699;B01;2;7;0;2;1;1;1;
19650;202000012846;154 719 700;A01;3;7;8;2;7;19;1;
19651;202000012847;154 719 698;A01;2;33;0;2;1;1;1;
19652;202000012848;154 719 701;A01;1;7;13;0;1;1;1;
19653;202000012849;154 719 696;A01;3;10;0;9;1;15;1;
19654;202000012849;154 719 697;B01;3;2;0;2;1;1;1;
19655;202000012850;154 719 695;A01;2;33;4;0;1;17;1;
19656;202000012851;154 719 693;B01;2;2;0;2;1;16;1;
19657;202000012851;154 719 694;A01;1;7;0;2;1;13;1;
19658;202000012852;154 719 691;A01;1;7;2;2;1;1;1;
19659;202000012852;154 719 692;B01;1;7;0;2;3;1;1;
19660;202000012853;154 719 689;B01;2;7;0;2;1;15;1;
19661;202000012853;154 719 690;A01;1;7;0;2;3;1;1;
19662;202000012854;154 719 688;A01;1;7;0;1;2;15;1;
19663;202000012855;154 719 686;A01;3;7;0;2;2;1;1;
19664;202000012855;154 719 687;B01;3;7;0;2;3;16;1;
19665;202000012856;154 719 682;A01;0;7;0;2;1;2;0;
19666;202000012856;154 719 683;B01;3;7;0;2;4;23;0;
19667;202000012857;154 719 681;A01;3;7;2;0;1;14;0;
19668;202000012859;154 719 679;A01;1;7;1;0;8;1;1;
19669;202000012859;154 719 680;B01;1;17;0;0;4;24;1;
19670;202000012860;154 719 676;A01;0;7;0;1;2;15;1;
19671;202000012861;154 719 675;B01;1;1;0;0;8;1;5;
19672;202000012861;154 719 677;A01;1;3;0;2;7;17;1;
19673;202000012862;154 719 672;A01;3;7;0;2;1;5;1;
19674;202000012862;154 719 673;B01;1;7;0;2;1;1;1;
19675;202000012863;154 719 674;A01;2;7;0;0;9;2;1;
19676;202000012864;154 719 669;B01;2;7;0;0;4;2;1;
19677;202000012864;154 719 670;A01;2;7;0;2;1;2;1;
19678;202000012865;154 719 668;B01;1;7;0;2;1;1;1;
19679;202000012865;154 719 671;A01;2;7;0;2;1;13;1;
19680;202000012866;154 719 666;B01;1;1;0;2;4;1;5;
19681;202000012866;154 719 667;A01;1;1;0;2;1;17;5;
19682;202000012867;154 719 665;A01;1;7;13;0;0;1;1;
19683;202000012868;154 719 663;A01;2;7;2;0;1;13;1;
19684;202000012869;154 719 661;B01;2;7;0;2;1;15;1;
19685;202000012869;154 719 662;A01;1;7;0;2;1;1;1;
19686;202000012869;154 719 664;C01;2;7;0;2;3;23;1;
19687;202000012871;154 719 658;B01;2;99;0;2;2;1;3;
19688;202000012871;154 719 660;A01;2;7;0;2;3;10;1;
19689;202000012872;154 719 657;A01;1;7;2;0;0;1;0;
19690;202000012873;154 719 656;A01;1;3;0;1;0;16;0;
19691;202000012874;154 719 654;B01;1;7;0;2;1;15;1;
19692;202000012874;154 719 655;A01;3;7;1;2;1;1;1;
19693;202000012875;154 719 652;A01;1;7;0;9;2;15;1;
19694;202000012875;154 719 653;B01;1;1;0;2;1;1;5;
19695;202000012876;154 719 651;A01;1;7;0;0;0;1;0;