;Num_Acc;id_vehicule;num_veh;senc;catv;obs;obsm;choc;manv;motor;occutc
19696;202000012877;154 719 649;A01;1;7;0;2;6;15;0;
19697;202000012877;154 719 650;B01;1;7;0;2;1;1;0;
19698;202000012878;154 719 646;B01;0;7;0;2;2;1;1;
19699;202000012878;154 719 648;A01;3;7;0;2;2;1;1;
19700;202000012879;154 719 645;B01;1;2;0;2;1;1;0;
19701;202000012879;154 719 647;A01;2;7;0;2;5;15;0;
19702;202000012880;154 719 643;B01;1;2;0;2;1;1;0;
19703;202000012880;154 719 644;A01;2;7;0;2;5;15;0;
19704;202000012881;154 719 641;A01;1;2;0;2;5;1;1;
19705;202000012881;154 719 642;B01;2;7;0;2;3;1;1;
19706;202000012882;154 719 639;B01;1;7;0;2;6;1;1;
19707;202000012882;154 719 640;A01;2;7;0;2;1;1;1;
19708;202000012884;154 719 635;B01;2;7;0;2;1;1;0;
19709;202000012884;154 719 636;A01;1;7;0;1;1;1;0;
19710;202000012885;154 719 634;A01;3;7;0;2;1;0;0;
19711;202000012885;154 719 637;B01;3;7;8;0;4;0;0;
19712;202000012887;154 719 629;A01;1;7;15;0;1;1;1;
19713;202000012888;154 719 627;A01;1;7;9;0;2;1;1;
19714;202000012889;154 719 625;A01;2;2;1;0;1;2;1;
19715;202000012890;154 719 623;A01;2;7;0;2;1;2;1;
19716;202000012890;154 719 626;B01;2;7;0;2;4;2;1;
19717;202000012891;154 719 622;B01;1;7;0;2;3;23;1;
19718;202000012891;154 719 624;A01;2;7;0;2;3;13;1;
19719;202000012892;154 719 621;A01;1;31;12;0;1;14;1;
19720;202000012893;154 719 618;Z01;2;7;0;1;3;1;1;
19721;202000012894;154 719 619;A01;3;7;0;0;4;1;1;
19722;202000012894;154 719 620;B01;3;7;0;2;1;2;1;
19723;202000012895;154 719 617;A01;1;7;1;9;8;1;1;
19724;202000012896;154 719 615;B01;1;30;0;2;7;17;1;
19725;202000012896;154 719 616;A01;1;7;0;2;8;1;1;
19726;202000012897;154 719 613;A01;2;7;0;2;1;13;1;
19727;202000012897;154 719 614;B01;1;7;0;2;3;1;4;
19728;202000012898;154 719 611;A01;1;7;10;0;9;1;1;
19729;202000012899;154 719 610;A01;2;7;0;2;3;9;1;
19730;202000012899;154 719 612;B01;2;7;0;2;2;1;2;
19731;202000012900;154 719 608;B01;3;7;0;0;4;1;1;
19732;202000012900;154 719 609;A01;3;10;0;2;1;1;1;
19733;202000012901;154 719 607;A01;2;7;0;1;1;15;1;
19734;202000012902;154 719 606;A01;2;7;6;0;2;1;1;
19735;202000012903;154 719 604;B01;2;15;0;2;2;15;1;
19736;202000012903;154 719 605;A01;1;7;0;2;1;16;1;
19737;202000012904;154 719 599;B01;3;7;0;2;3;1;1;
19738;202000012904;154 719 600;A01;3;7;0;2;1;6;1;
19739;202000012905;154 719 601;C01;2;10;0;2;3;1;1;
19740;202000012905;154 719 602;B01;1;7;0;2;1;2;1;
19741;202000012905;154 719 603;A01;1;34;0;2;4;17;1;
19742;202000012906;154 719 597;B01;1;2;7;2;8;14;1;
19743;202000012906;154 719 598;A01;1;7;0;0;7;9;1;
19744;202000012907;154 719 596;A01;1;30;0;1;2;18;1;
19745;202000012908;154 719 594;B01;2;7;0;9;1;1;1;
19746;202000012908;154 719 595;A01;2;1;0;0;8;15;5;
19747;202000012909;154 719 592;A01;0;36;6;0;1;1;1;
19748;202000012910;154 719 593;A01;3;30;0;0;1;15;1;
19749;202000012912;154 719 590;A01;1;31;0;0;7;1;1;
19750;202000012913;154 719 588;B01;1;7;0;2;1;5;1;
19751;202000012913;154 719 589;A01;1;7;0;2;1;1;1;
19752;202000012914;154 719 587;A01;3;1;12;0;0;1;5;
19753;202000012915;154 719 586;A01;0;33;8;0;1;0;1;
19754;202000012916;154 719 583;B01;1;30;0;2;8;1;1;
19755;202000012916;154 719 584;C01;1;7;0;2;3;1;1;
19756;202000012916;154 719 585;A01;1;7;0;2;8;22;1;
19757;202000012917;154 719 582;A01;3;7;13;0;2;1;1;
19758;202000012918;154 719 581;A01;3;50;0;0;0;1;3;
19759;202000012919;154 719 576;B01;2;30;0;2;8;1;1;
19760;202000012919;154 719 577;A01;1;7;0;2;3;15;1;
19761;202000012920;154 719 578;B01;3;15;0;2;1;2;1;
19762;202000012920;154 719 579;A01;3;7;0;0;4;2;1;
19763;202000012921;154 719 573;A01;0;7;0;2;3;1;0;
19764;202000012921;154 719 575;B01;-1;7;0;2;1;1;0;
19765;202000012922;154 719 572;B01;1;7;0;0;4;16;1;
19766;202000012922;154 719 574;A01;1;7;0;2;1;2;1;
19767;202000012923;154 719 571;A01;0;7;0;1;2;1;1;
19768;202000012924;154 719 570;A01;2;99;0;1;5;10;1;
19769;202000012925;154 719 568;A01;2;7;6;0;5;1;1;
19770;202000012926;154 719 569;A01;1;33;0;1;3;21;1;
19771;202000012927;154 719 565;A01;1;7;15;0;3;1;1;
19772;202000012928;154 719 566;A01;2;7;0;2;1;2;1;
19773;202000012928;154 719 567;B01;2;7;0;5;4;1;1;
19774;202000012929;154 719 561;B01;1;50;0;2;5;1;3;
19775;202000012929;154 719 563;A01;1;7;0;9;1;18;1;
19776;202000012930;154 719 560;A01;1;7;0;2;2;10;1;
19777;202000012930;154 719 562;C01;1;7;0;1;8;26;1;
19778;202000012930;154 719 564;B01;1;7;1;0;8;26;1;
19779;202000012931;154 719 558;A01;3;7;0;1;2;15;1;
19780;202000012932;154 719 557;B01;1;7;0;2;3;26;1;
19781;202000012932;154 719 559;A01;1;2;0;2;1;17;1;
19782;202000012933;154 719 556;A01;0;31;15;0;1;1;1;
19783;202000012934;154 719 554;B01;2;14;0;0;1;1;1;
19784;202000012934;154 719 555;A01;2;7;0;2;8;19;1;
19785;202000012935;154 719 553;A01;3;7;0;1;1;16;1;
19786;202000012936;154 719 552;A01;1;7;2;0;1;2;1;
19787;202000012937;154 719 551;A01;1;33;0;0;8;15;1;
19788;202000012938;154 719 548;A01;2;7;0;2;1;19;1;
19789;202000012938;154 719 549;B01;1;7;0;2;7;1;1;
19790;202000012939;154 719 550;A01;1;7;2;0;2;1;1;
19791;202000012941;154 719 544;B01;1;2;0;0;6;1;1;
19792;202000012941;154 719 546;A01;2;7;0;2;3;15;1;
19793;202000012942;154 719 543;A01;1;7;8;0;1;14;1;
19794;202000012943;154 719 540;A01;2;7;4;2;3;5;1;
19795;202000012943;154 719 542;B01;1;7;0;2;1;1;1;
19796;202000012944;154 719 539;B01;2;7;0;2;1;1;1;
19797;202000012944;154 719 541;A01;1;7;0;2;1;15;1;
19798;202000012945;154 719 538;A01;1;7;15;0;3;1;1;
19799;202000012946;154 719 537;A01;3;31;15;0;2;15;1;
19800;202000012947;154 719 534;B01;2;7;0;2;3;15;1;
19801;202000012947;154 719 536;A01;1;7;0;2;1;1;1;
19802;202000012949;154 719 532;A01;1;7;2;0;7;1;1;
19803;202000012950;154 719 526;B01;1;7;0;0;8;1;1;
19804;202000012950;154 719 528;A01;1;7;0;2;1;26;1;
19805;202000012951;154 719 524;A01;2;7;0;2;1;17;1;
19806;202000012951;154 719 525;B01;1;7;0;2;1;1;1;
19807;202000012952;154 719 523;A01;1;2;3;0;0;1;0;
19808;202000012953;154 719 522;A01;1;2;6;0;1;1;1;
19809;202000012954;154 719 520;A01;1;7;8;0;7;13;1;
19810;202000012955;154 719 521;A01;1;2;3;0;8;5;1;
19811;202000012956;154 719 517;A01;1;2;13;0;7;1;1;
19812;202000012957;154 719 516;A01;1;7;0;2;3;15;1;
19813;202000012957;154 719 518;B01;3;7;0;2;3;15;1;
19814;202000012958;154 719 513;A01;2;7;15;0;3;1;1;
19815;202000012959;154 719 511;A01;0;7;0;2;1;2;1;
19816;202000012959;154 719 512;B01;0;7;0;0;4;2;1;
19817;202000012961;154 719 508;B01;2;7;0;2;1;1;1;
19818;202000012961;154 719 509;A01;1;7;0;2;1;13;1;
19819;202000012962;154 719 507;A01;3;7;0;1;1;1;1;
19820;202000012963;154 719 502;D01;2;7;0;2;3;1;1;
19821;202000012963;154 719 503;B01;2;7;0;2;1;1;1;
19822;202000012963;154 719 505;C01;2;7;0;2;3;1;1;
19823;202000012963;154 719 506;A01;1;7;0;2;1;1;1;
19824;202000012964;154 719 501;A01;0;7;8;0;1;2;1;
19825;202000012965;154 719 498;A01;1;10;0;2;1;15;1;
19826;202000012965;154 719 499;B01;2;15;8;2;1;1;1;
19827;202000012965;154 719 500;C01;1;7;0;2;1;1;1;
19828;202000012966;154 719 495;A01;2;1;0;2;1;25;5;
19829;202000012966;154 719 496;B01;1;7;0;2;1;1;1;
19830;202000012967;154 719 497;A01;3;7;6;0;4;10;1;
19831;202000012968;154 719 491;A01;2;7;0;2;1;5;1;
19832;202000012968;154 719 493;B01;1;7;0;2;1;1;1;
19833;202000012969;154 719 490;A01;2;7;0;0;7;5;1;
19834;202000012969;154 719 492;C01;1;7;13;0;1;1;1;
19835;202000012969;154 719 494;B01;1;7;0;0;1;1;1;
19836;202000012970;154 719 487;A01;2;7;0;1;2;1;1;
19837;202000012971;154 719 488;B01;0;33;0;2;3;1;1;
19838;202000012971;154 719 489;A01;0;7;0;2;2;1;1;
19839;202000012972;154 719 485;A01;1;7;0;0;9;1;1;
19840;202000012973;154 719 484;B01;1;7;0;0;4;15;1;
19841;202000012973;154 719 486;A01;3;7;0;0;1;2;1;
19842;202000012974;154 719 483;A01;1;7;2;0;1;14;1;
19843;202000012975;154 719 480;A01;1;7;0;2;3;19;0;
19844;202000012975;154 719 482;B01;2;7;0;2;2;1;0;
19845;202000012977;154 719 477;B01;1;7;0;2;1;11;1;
19846;202000012977;154 719 478;A01;1;7;4;0;1;1;1;
19847;202000012978;154 719 476;A01;2;7;0;0;2;1;1;
19848;202000012979;154 719 472;B01;1;7;0;2;1;26;1;
19849;202000012979;154 719 473;A01;1;7;0;2;1;26;1;
19850;202000012980;154 719 468;B01;2;7;0;0;8;15;1;
19851;202000012980;154 719 470;A01;2;2;0;2;8;17;1;
19852;202000012981;154 719 464;A01;2;7;0;2;1;1;1;
19853;202000012981;154 719 465;B01;1;7;0;2;1;1;1;
19854;202000012982;154 719 463;A01;3;2;0;0;0;1;1;
19855;202000012983;154 719 459;B01;2;7;0;2;3;1;0;
19856;202000012983;154 719 460;A01;1;7;0;2;3;1;0;
19857;202000012984;154 719 457;B01;1;7;0;9;3;1;1;
19858;202000012984;154 719 458;A01;2;1;0;2;3;16;5;
19859;202000012985;154 719 455;A01;3;10;0;2;3;1;1;
19860;202000012985;154 719 456;B01;3;7;0;2;3;1;1;
19861;202000012986;154 719 454;A01;1;7;2;0;1;1;1;
19862;202000012987;154 719 453;A01;1;7;15;0;1;1;1;
19863;202000012989;154 719 450;A01;3;31;13;0;1;1;1;
19864;202000012990;154 719 448;A01;0;2;0;0;2;0;1;
19865;202000012991;154 719 447;A01;3;7;0;2;1;20;1;
19866;202000012991;154 719 449;B01;0;1;0;2;6;20;5;
19867;202000012992;154 719 445;A01;2;7;0;2;1;15;1;
19868;202000012992;154 719 446;B01;1;7;0;2;1;1;1;
19869;202000012993;154 719 442;B01;2;34;0;2;3;1;1;
19870;202000012993;154 719 443;A01;1;7;0;2;7;15;1;
19871;202000012994;154 719 440;B01;1;7;0;2;1;1;1;
19872;202000012994;154 719 441;A01;2;7;7;2;1;13;1;
19873;202000012994;154 719 444;C01;1;7;0;2;1;1;1;
19874;202000012995;154 719 437;B01;1;7;0;2;3;15;1;
19875;202000012995;154 719 439;A01;1;2;0;2;2;1;1;
19876;202000012996;154 719 438;A01;0;31;0;1;1;1;1;
19877;202000012997;154 719 435;B01;1;34;0;2;2;1;1;
19878;202000012997;154 719 436;A01;2;7;0;2;1;15;1;
19879;202000012999;154 719 431;A01;1;7;0;0;8;19;1;
19880;202000012999;154 719 434;B01;2;7;0;2;1;1;1;
19881;202000013000;154 719 428;B01;2;7;5;0;4;1;1;
19882;202000013000;154 719 430;A01;2;7;0;2;1;1;1;
19883;202000013001;154 719 425;B01;2;7;0;2;1;1;3;
19884;202000013001;154 719 426;A01;1;7;0;2;1;1;0;
19885;202000013002;154 719 427;A01;1;7;0;2;8;0;1;
19886;202000013002;154 719 429;B01;1;7;0;2;2;0;1;
19887;202000013004;154 719 420;A01;3;20;0;1;4;4;1;
19888;202000013005;154 719 418;A01;2;7;13;0;1;2;1;
19889;202000013006;154 719 419;A01;1;7;2;0;1;1;1;
19890;202000013007;154 719 415;A01;1;7;4;2;7;12;1;
19891;202000013007;154 719 416;B01;1;10;0;2;2;11;1;
19892;202000013007;154 719 417;C01;1;7;4;2;8;1;1;
19893;202000013008;154 719 413;A01;1;7;0;2;1;17;1;
19894;202000013008;154 719 414;B01;2;32;0;2;1;0;1;
19895;202000013009;154 719 411;A01;1;7;0;2;4;2;1;
19896;202000013009;154 719 412;B01;1;7;0;2;4;2;1;
19897;202000013011;154 719 408;B01;2;2;0;2;1;1;1;
19898;202000013011;154 719 409;A01;1;7;0;2;3;9;0;
19899;202000013012;154 719 407;A01;1;7;13;0;1;17;1;
19900;202000013013;154 719 406;A01;1;2;0;0;1;1;1;
19901;202000013014;154 719 403;C01;1;17;0;2;8;1;1;
19902;202000013014;154 719 404;B01;1;7;0;2;1;1;1;
19903;202000013014;154 719 405;A01;1;3;0;2;1;13;1;
19904;202000013015;154 719 401;A01;1;7;17;0;7;1;1;
19905;202000013016;154 719 400;A01;2;7;0;2;5;2;1;
19906;202000013016;154 719 402;B01;2;7;0;2;3;2;1;
19907;202000013018;154 719 397;A01;2;7;6;0;2;1;1;
19908;202000013019;154 719 394;A01;1;7;4;0;1;0;1;
19909;202000013020;154 719 395;A01;1;7;0;2;3;5;1;
19910;202000013020;154 719 396;B01;2;7;0;2;3;17;1;
19911;202000013021;154 719 393;A01;1;32;6;0;8;17;1;
19912;202000013022;154 719 392;A01;2;7;0;1;1;26;1;
19913;202000013023;154 719 391;A01;2;7;0;0;2;1;1;
19914;202000013024;154 719 390;A01;1;7;10;0;7;1;1;
19915;202000013025;154 719 389;A01;2;7;2;0;1;13;1;
19916;202000013026;154 719 388;A01;2;7;0;1;1;17;1;
19917;202000013028;154 719 385;A01;1;7;0;2;1;13;0;
19918;202000013028;154 719 387;B01;2;7;0;2;3;1;6;
19919;202000013029;154 719 383;A01;3;7;0;2;3;13;1;
19920;202000013029;154 719 384;B01;0;7;0;2;3;1;1;
19921;202000013030;154 719 381;A01;3;7;0;0;3;19;1;
19922;202000013030;154 719 382;B01;3;32;0;2;1;21;1;
19923;202000013031;154 719 379;A01;0;7;0;2;5;15;1;
19924;202000013031;154 719 380;B01;3;1;0;2;7;1;0;
19925;202000013033;154 719 378;A01;0;32;13;0;7;1;1;
19926;202000013034;154 719 374;A01;3;2;0;1;1;0;1;
19927;202000013035;154 719 371;C01;2;7;0;2;4;1;1;
19928;202000013035;154 719 372;B01;2;7;0;2;4;1;1;
19929;202000013035;154 719 373;A01;2;10;0;2;1;1;0;
19930;202000013036;154 719 375;B01;2;33;0;2;1;17;1;
19931;202000013036;154 719 376;A01;1;7;0;2;7;15;1;
19932;202000013037;154 719 369;A01;3;2;6;0;1;13;1;
19933;202000013038;154 719 367;A01;1;10;2;0;1;0;1;
19934;202000013039;154 719 365;A01;2;33;0;0;0;11;0;
19935;202000013039;154 719 366;B01;2;7;4;0;1;1;1;
19936;202000013040;154 719 363;A01;2;7;0;2;2;1;1;
19937;202000013040;154 719 368;B01;1;7;0;2;2;13;1;
19938;202000013041;154 719 361;B01;1;7;0;2;1;11;1;
19939;202000013041;154 719 362;A01;1;33;0;2;4;1;1;
19940;202000013042;154 719 359;A01;1;10;0;2;3;15;1;
19941;202000013042;154 719 360;B01;2;32;0;2;1;1;1;
19942;202000013043;154 719 358;A01;1;30;6;0;1;0;1;
19943;202000013044;154 719 357;B01;1;7;0;2;6;9;1;
19944;202000013044;154 719 364;A01;2;15;0;2;3;1;1;
19945;202000013045;154 719 356;A01;2;7;0;1;3;1;1;
19946;202000013046;154 719 355;A01;1;7;2;0;7;1;1;
19947;202000013047;154 719 353;A01;2;7;0;1;1;15;1;
19948;202000013048;154 719 351;A01;1;7;6;2;3;5;1;
19949;202000013048;154 719 354;B01;2;7;0;2;2;1;1;
19950;202000013049;154 719 350;B01;2;33;0;2;2;17;1;
19951;202000013049;154 719 352;A01;2;7;0;0;8;15;1;
19952;202000013050;154 719 346;A01;1;7;0;2;7;1;1;
19953;202000013050;154 719 347;B01;1;33;0;2;8;9;1;
19954;202000013051;154 719 345;A01;1;10;4;0;1;26;1;
19955;202000013052;154 719 349;A01;2;7;2;0;1;13;1;
19956;202000013054;154 719 343;A01;2;10;3;0;8;13;1;
19957;202000013055;154 719 342;A01;1;7;4;0;1;14;1;
19958;202000013056;154 719 339;A01;1;10;7;0;1;6;1;
19959;202000013058;154 719 336;A01;1;7;16;0;1;1;1;
19960;202000013060;154 719 333;A01;0;7;0;2;3;9;1;
19961;202000013060;154 719 334;B01;0;7;0;2;2;1;1;
19962;202000013061;154 719 331;B01;1;7;0;2;1;1;1;
19963;202000013061;154 719 332;A01;1;10;11;0;3;1;1;
19964;202000013062;154 719 330;A01;1;2;13;0;0;1;1;
19965;202000013064;154 719 340;B01;1;7;0;2;4;1;1;
19966;202000013064;154 719 341;A01;1;7;0;2;1;2;1;
19967;202000013065;154 719 325;A01;1;10;4;0;2;9;1;
19968;202000013066;154 719 326;A01;1;7;0;1;1;1;6;
19969;202000013067;154 719 322;A01;1;7;0;1;2;1;6;
19970;202000013068;154 719 323;B01;1;7;0;2;4;1;1;
19971;202000013068;154 719 324;A01;1;33;0;2;1;1;1;
19972;202000013069;154 719 319;A01;1;7;4;0;1;13;1;
19973;202000013070;154 719 316;A01;2;7;0;2;8;13;1;
19974;202000013070;154 719 317;B01;1;7;0;2;8;1;1;
19975;202000013071;154 719 315;B01;2;7;0;2;1;2;1;
19976;202000013071;154 719 318;A01;2;7;0;2;4;11;1;
19977;202000013072;154 719 313;B01;1;1;0;2;4;1;5;
19978;202000013072;154 719 314;A01;1;7;0;9;4;1;1;
19979;202000013073;154 719 311;B01;1;7;0;2;3;13;1;
19980;202000013073;154 719 312;A01;2;7;0;2;2;16;1;
19981;202000013074;154 719 309;B01;3;7;0;0;4;1;1;
19982;202000013074;154 719 310;A01;3;7;0;2;1;2;1;
19983;202000013075;154 719 307;B01;1;7;0;2;3;1;1;
19984;202000013075;154 719 308;A01;2;7;0;2;3;1;1;
19985;202000013076;154 719 305;B01;2;7;0;2;5;1;1;
19986;202000013076;154 719 306;A01;2;33;0;2;1;2;1;
19987;202000013077;154 719 303;B01;1;34;0;2;3;1;0;
19988;202000013077;154 719 304;A01;2;7;0;2;3;15;1;
19989;202000013078;154 719 300;B01;1;31;0;2;4;1;0;
19990;202000013078;154 719 302;A01;1;7;0;2;1;1;0;
19991;202000013079;154 719 299;A01;1;7;0;1;1;15;1;
19992;202000013080;154 719 297;A01;3;99;0;2;1;2;1;
19993;202000013080;154 719 298;B01;3;10;0;2;4;15;1;
19994;202000013081;154 719 295;B01;2;7;0;2;4;2;1;
19995;202000013081;154 719 296;A01;2;7;0;2;1;2;1;
19996;202000013082;154 719 293;A01;1;10;0;2;1;9;0;
19997;202000013082;154 719 294;B01;1;1;0;2;8;2;0;
19998;202000013083;154 719 292;Z01;1;7;0;1;0;1;0;
19999;202000013084;154 719 291;A01;1;7;4;0;3;13;1;
20000;202000013085;154 719 301;A01;3;7;0;1;3;20;1;
20001;202000013086;154 719 289;B01;3;3;0;2;4;0;1;
20002;202000013086;154 719 290;A01;3;7;0;2;1;2;1;
20003;202000013087;154 719 288;A01;2;7;0;1;1;1;1;
20004;202000013088;154 719 287;A01;1;7;0;1;1;15;1;
20005;202000013089;154 719 286;A01;1;7;0;1;1;1;0;
20006;202000013090;154 719 283;C01;2;10;0;2;4;2;1;
20007;202000013090;154 719 284;B01;2;7;0;2;4;2;1;
20008;202000013090;154 719 285;A01;2;7;0;2;1;1;1;
20009;202000013091;154 719 282;A01;1;7;8;0;2;14;1;
20010;202000013092;154 719 278;C01;2;14;0;2;1;2;1;
20011;202000013092;154 719 279;B01;1;14;0;2;1;2;1;
20012;202000013092;154 719 280;A01;1;10;0;2;1;1;1;
20013;202000013092;154 719 281;D01;2;33;0;2;3;1;1;
20014;202000013093;154 719 276;B01;1;7;1;0;2;1;1;
20015;202000013093;154 719 277;A01;1;7;0;2;6;23;1;
20016;202000013094;154 719 272;B01;-1;3;0;2;2;1;0;
20017;202000013094;154 719 273;A01;-1;34;0;2;6;2;0;
20018;202000013095;154 719 270;B01;3;7;0;2;6;15;1;
20019;202000013095;154 719 271;A01;3;31;0;2;1;13;1;
20020;202000013096;154 719 268;A01;3;14;0;2;7;14;1;
20021;202000013096;154 719 269;B01;3;1;0;2;8;26;5;
20022;202000013097;154 719 267;A01;1;7;0;1;3;25;1;
20023;202000013098;154 719 265;B01;1;7;0;2;3;9;0;
20024;202000013098;154 719 266;A01;2;7;0;2;1;1;0;
20025;202000013099;154 719 264;A01;1;7;0;1;1;15;1;
20026;202000013100;154 719 262;B01;1;7;0;2;2;1;0;
20027;202000013100;154 719 263;A01;1;7;0;2;6;13;0;
20028;202000013101;154 719 260;B01;3;7;0;2;7;1;1;
20029;202000013101;154 719 261;A01;3;7;0;2;8;11;1;
20030;202000013102;154 719 258;B01;1;7;0;2;1;1;0;
20031;202000013102;154 719 259;A01;2;14;0;2;2;15;0;
20032;202000013103;154 719 256;A01;2;10;0;2;6;1;1;
20033;202000013103;154 719 257;B01;2;33;0;2;0;17;1;
20034;202000013104;154 719 252;B01;3;7;0;2;2;1;1;
20035;202000013104;154 719 253;A01;3;7;0;2;3;15;1;
20036;202000013105;154 719 250;A01;0;7;0;2;1;15;1;
20037;202000013105;154 719 251;B01;0;33;0;2;1;1;1;
20038;202000013106;154 719 248;B01;0;7;0;2;4;1;1;
20039;202000013106;154 719 249;A01;0;7;0;2;1;1;1;
20040;202000013107;154 719 246;B01;0;7;0;2;4;15;1;
20041;202000013107;154 719 247;A01;0;7;0;2;1;1;1;
20042;202000013108;154 719 244;A01;0;7;0;2;3;15;1;
20043;202000013108;154 719 245;B01;0;1;0;2;1;1;5;
20044;202000013109;154 719 242;B01;1;7;0;2;2;1;1;
20045;202000013109;154 719 243;A01;2;32;0;2;1;1;1;
20046;202000013110;154 719 241;A01;3;14;0;1;4;26;1;
20047;202000013111;154 719 240;A01;2;34;0;0;0;1;1;
20048;202000013112;154 719 237;B01;2;7;0;2;6;15;1;
20049;202000013112;154 719 238;A01;2;7;0;2;1;26;1;
20050;202000013112;154 719 239;C01;2;7;0;2;5;15;1;
20051;202000013113;154 719 234;C01;1;7;0;2;1;2;1;
20052;202000013113;154 719 235;A01;1;7;0;2;4;2;1;
20053;202000013113;154 719 236;B01;1;7;0;2;4;2;1;
20054;202000013114;154 719 231;A01;1;7;0;2;2;15;1;
20055;202000013114;154 719 232;B01;2;7;0;2;1;1;1;
20056;202000013114;154 719 233;C01;2;7;0;2;4;23;1;
20057;202000013115;154 719 229;B01;2;30;0;2;2;1;1;
20058;202000013115;154 719 230;A01;2;7;0;2;6;4;1;
20059;202000013116;154 719 227;A01;1;32;0;2;1;2;1;
20060;202000013116;154 719 228;B01;1;7;0;2;4;23;1;
20061;202000013117;154 719 224;C01;2;7;0;2;0;0;1;
20062;202000013117;154 719 225;B01;2;7;0;0;0;0;1;
20063;202000013117;154 719 226;A01;2;7;0;2;4;26;1;
20064;202000013118;154 719 223;A01;1;7;13;0;9;9;1;
20065;202000013119;154 719 219;D01;1;7;0;2;3;1;1;
20066;202000013119;154 719 220;C01;1;10;0;2;8;1;1;
20067;202000013119;154 719 221;B01;1;15;0;2;6;1;1;
20068;202000013119;154 719 222;A01;2;7;0;2;8;13;1;
20069;202000013120;154 719 217;B01;3;7;0;2;4;23;1;
20070;202000013120;154 719 218;A01;3;10;0;2;1;2;1;
20071;202000013121;154 719 216;Z01;0;7;0;1;0;17;0;
20072;202000013122;154 719 215;A01;1;1;0;1;1;1;5;
20073;202000013123;154 719 214;A01;3;7;0;1;4;26;1;
20074;202000013124;154 719 213;A01;1;7;9;0;1;14;1;
20075;202000013125;154 719 210;C01;1;7;0;2;4;1;1;
20076;202000013125;154 719 211;B01;1;7;0;2;4;1;1;
20077;202000013125;154 719 212;A01;1;7;0;2;1;1;1;
20078;202000013126;154 719 207;B01;2;7;0;2;4;2;1;
20079;202000013126;154 719 208;A01;2;7;0;2;1;2;1;
20080;202000013126;154 719 209;C01;2;7;0;2;4;2;1;
20081;202000013128;154 719 204;B01;1;33;0;2;1;1;1;
20082;202000013128;154 719 205;A01;2;7;0;2;2;15;1;
20083;202000013130;154 719 202;A01;0;7;9;0;1;1;1;
20084;202000013131;154 719 199;B01;0;10;0;2;4;0;1;
20085;202000013131;154 719 200;C01;0;7;0;2;4;0;1;
20086;202000013131;154 719 201;A01;0;10;0;2;1;26;1;
20087;202000013132;154 719 197;A01;2;7;0;2;3;13;1;
20088;202000013132;154 719 198;B01;1;7;0;2;8;1;1;
20089;202000013133;154 719 196;A01;0;7;0;1;5;26;1;
20090;202000013134;154 719 194;A01;2;7;0;2;4;1;1;
20091;202000013134;154 719 195;Z01;2;7;0;2;1;0;1;
20092;202000013135;154 719 192;A01;3;30;0;2;1;1;1;
20093;202000013135;154 719 193;B01;3;7;0;2;2;15;1;
20094;202000013136;154 719 191;A01;3;7;0;1;3;26;1;
20095;202000013137;154 719 188;C01;1;7;0;0;4;23;1;
20096;202000013137;154 719 189;A01;1;7;0;2;1;26;1;
20097;202000013137;154 719 190;B01;1;7;0;2;4;23;1;
20098;202000013138;154 719 187;A01;1;7;9;0;3;15;1;
20099;202000013139;154 719 186;A01;2;7;0;1;5;4;1;
20100;202000013140;154 719 185;A01;1;33;15;0;1;26;0;
20101;202000013141;154 719 183;A01;1;7;0;2;2;9;1;
20102;202000013141;154 719 184;B01;1;30;0;2;7;1;1;
20103;202000013142;154 719 182;A01;1;7;6;0;1;0;0;
20104;202000013143;154 719 180;A01;3;7;0;2;2;9;0;
20105;202000013143;154 719 181;B01;1;32;0;2;3;1;1;
20106;202000013144;154 719 179;A01;1;33;0;1;2;1;1;
20107;202000013145;154 719 177;A01;1;3;9;2;7;1;1;
20108;202000013145;154 719 178;B01;0;10;0;2;1;19;0;
20109;202000013147;154 719 175;A01;1;20;0;1;2;26;1;
20110;202000013148;154 719 173;B01;2;2;0;2;1;1;1;
20111;202000013148;154 719 174;A01;2;7;0;2;8;15;1;
20112;202000013149;154 719 171;B01;2;32;0;2;1;1;1;
20113;202000013149;154 719 172;A01;1;7;0;2;2;15;1;
20114;202000013150;154 719 169;B01;1;10;0;2;6;23;1;
20115;202000013150;154 719 170;A01;1;33;0;2;1;2;1;
20116;202000013152;154 719 165;A01;1;7;0;2;1;15;2;
20117;202000013152;154 719 166;B01;2;33;0;2;6;1;1;
20118;202000013153;154 719 163;B01;2;1;0;2;1;1;5;
20119;202000013153;154 719 164;A01;2;7;0;2;7;16;1;
20120;202000013154;154 719 162;A01;0;38;0;0;0;1;4;2.0
20121;202000013155;154 719 161;A01;2;10;0;1;3;1;3;
20122;202000013156;154 719 160;A01;1;1;0;1;1;1;5;
20123;202000013157;154 719 158;A01;2;30;0;2;1;2;1;
20124;202000013157;154 719 159;B01;2;7;0;2;5;2;1;
20125;202000013158;154 719 157;A01;2;32;14;0;1;17;1;
20126;202000013159;154 719 156;A01;2;80;0;0;0;7;3;
20127;202000013160;154 719 154;A01;2;7;0;9;1;2;1;
20128;202000013160;154 719 155;B01;3;1;0;2;3;1;5;
20129;202000013161;154 719 152;B01;2;1;12;2;0;12;5;