;Num_Acc;id_vehicule;num_veh;senc;catv;obs;obsm;choc;manv;motor;occutc
20130;202000013161;154 719 153;A01;2;7;0;9;7;16;0;
20131;202000013162;154 719 150;B01;1;34;0;2;4;23;1;
20132;202000013162;154 719 151;A01;1;7;0;2;1;1;1;
20133;202000013164;154 719 145;B01;1;7;0;0;6;23;1;
20134;202000013164;154 719 146;A01;1;7;0;0;2;26;1;
20135;202000013164;154 719 147;C01;2;7;0;0;4;23;0;
20136;202000013165;154 719 143;A01;2;33;14;0;1;1;1;
20137;202000013165;154 719 144;B01;1;7;0;2;2;1;1;
20138;202000013166;154 719 141;B01;3;7;0;2;7;15;1;
20139;202000013166;154 719 142;A01;3;30;0;2;3;21;1;
20140;202000013167;154 719 139;A01;-1;7;0;2;2;15;0;
20141;202000013167;154 719 140;B01;-1;7;0;2;1;1;0;
20142;202000013168;154 719 137;B01;2;31;0;2;0;1;1;
20143;202000013168;154 719 138;A01;1;7;0;2;1;9;1;
20144;202000013169;154 719 136;A01;1;50;0;0;8;2;3;
20145;202000013170;154 719 134;B01;-1;7;0;2;1;1;1;
20146;202000013170;154 719 135;A01;-1;7;0;2;5;16;1;
20147;202000013171;154 719 132;A01;1;7;0;2;1;16;1;
20148;202000013171;154 719 133;B01;1;3;0;2;4;16;1;
20149;202000013173;154 719 128;A01;1;7;0;2;2;26;1;
20150;202000013173;154 719 129;B01;1;43;0;2;1;1;1;
20151;202000013174;154 719 124;C01;1;10;0;2;8;26;0;
20152;202000013174;154 719 125;A01;2;10;0;2;4;2;0;
20153;202000013174;154 719 126;B01;1;10;0;2;0;0;0;
20154;202000013174;154 719 127;D01;1;10;0;2;1;23;0;
20155;202000013175;154 719 122;B01;2;7;0;2;3;23;0;
20156;202000013175;154 719 123;A01;1;7;0;2;3;13;1;
20157;202000013177;154 719 118;B01;3;33;0;2;3;1;1;
20158;202000013177;154 719 119;A01;3;7;0;2;8;10;1;
20159;202000013178;154 719 116;B01;2;7;0;2;4;2;1;
20160;202000013178;154 719 117;A01;2;7;0;2;1;17;1;
20161;202000013179;154 719 115;A01;2;7;0;1;2;1;1;
20162;202000013180;154 719 113;A01;1;7;0;2;1;2;0;
20163;202000013180;154 719 114;B01;1;7;0;2;4;2;0;
20164;202000013182;154 719 109;C01;2;7;0;0;4;2;1;
20165;202000013182;154 719 110;D01;2;7;0;0;5;2;1;
20166;202000013182;154 719 111;A01;2;17;0;2;1;2;1;
20167;202000013183;154 719 107;B01;1;7;0;0;6;23;1;
20168;202000013183;154 719 108;A01;1;2;14;2;1;2;1;
20169;202000013184;154 719 105;A01;1;7;0;2;1;1;1;
20170;202000013184;154 719 106;B01;2;7;0;2;1;1;1;
20171;202000013185;154 719 103;B01;1;7;0;2;1;1;1;
20172;202000013185;154 719 104;A01;3;7;0;2;2;1;1;
20173;202000013186;154 719 102;A01;3;15;0;1;7;17;1;
20174;202000013187;154 719 100;B01;3;31;0;2;3;1;1;
20175;202000013187;154 719 101;A01;3;7;0;2;2;1;1;
20176;202000013188;154 719 098;B01;1;2;0;2;1;1;1;
20177;202000013188;154 719 099;A01;3;7;0;0;5;19;1;
20178;202000013189;154 719 097;A01;1;33;17;0;1;0;1;
20179;202000013191;154 719 092;C01;2;7;0;2;1;1;1;
20180;202000013191;154 719 093;B01;1;7;0;2;4;15;1;
20181;202000013191;154 719 094;A01;1;7;0;2;1;2;1;
20182;202000013192;154 719 091;A01;2;7;15;0;0;13;1;
20183;202000013193;154 719 090;A01;2;7;13;0;1;1;1;
20184;202000013194;154 719 089;A01;1;31;6;0;1;1;0;
20185;202000013195;154 719 087;A01;1;7;0;2;2;15;1;
20186;202000013195;154 719 088;B01;2;1;0;2;1;1;5;
20187;202000013196;154 719 086;A01;1;7;2;0;1;1;1;
20188;202000013197;154 719 084;A01;3;7;0;2;0;1;1;
20189;202000013197;154 719 085;B01;3;1;0;2;6;9;5;
20190;202000013198;154 719 083;A01;1;7;13;0;1;14;1;
20191;202000013199;154 719 081;B01;1;7;0;2;2;1;1;
20192;202000013199;154 719 082;A01;3;7;0;2;2;15;1;
20193;202000013200;154 719 080;A01;3;1;6;0;3;1;5;
20194;202000013201;154 719 079;A01;1;33;0;0;0;15;0;
20195;202000013202;154 719 078;A01;2;33;0;5;1;1;1;
20196;202000013203;154 719 076;B01;2;1;0;2;1;15;5;
20197;202000013203;154 719 077;A01;1;7;0;2;7;19;0;
20198;202000013204;154 719 075;A01;1;32;0;0;0;0;1;
20199;202000013205;154 719 074;A01;1;33;0;0;8;1;1;
20200;202000013206;154 719 073;A01;1;33;0;6;1;19;1;
20201;202000013207;154 719 072;A01;1;7;13;0;3;1;1;
20202;202000013208;154 719 071;A01;3;2;1;0;1;0;1;
20203;202000013209;154 719 069;A01;2;3;0;1;2;1;1;
20204;202000013210;154 719 067;A01;3;7;0;2;1;15;1;
20205;202000013210;154 719 068;B01;3;33;0;2;1;1;1;
20206;202000013212;154 719 063;A01;1;7;0;9;2;2;1;
20207;202000013212;154 719 064;B01;1;1;0;0;4;2;5;
20208;202000013214;154 719 059;B01;2;10;0;0;8;1;1;
20209;202000013214;154 719 060;A01;1;36;0;2;1;13;1;
20210;202000013215;154 719 058;A01;1;7;6;0;1;14;1;
20211;202000013216;154 719 056;B01;1;7;0;2;1;1;1;
20212;202000013216;154 719 057;A01;1;7;0;2;8;19;1;
20213;202000013217;154 719 054;B01;2;33;0;2;3;1;1;
20214;202000013217;154 719 055;A01;1;33;0;2;3;1;1;
20215;202000013218;154 719 052;A01;1;7;1;2;1;2;0;
20216;202000013218;154 719 053;B01;1;7;0;0;4;0;0;
20217;202000013219;154 719 049;C01;2;7;0;0;4;2;0;
20218;202000013219;154 719 050;B01;1;7;0;2;4;2;0;
20219;202000013219;154 719 051;A01;2;10;0;2;2;2;0;
20220;202000013220;154 719 047;A01;3;99;0;2;1;1;3;
20221;202000013220;154 719 048;B01;3;7;0;2;4;4;1;
20222;202000013221;154 719 046;A01;2;7;16;0;3;1;0;
20223;202000013222;154 719 045;A01;1;7;13;0;1;1;1;
20224;202000013223;154 719 042;B01;1;7;0;2;3;1;1;
20225;202000013223;154 719 044;A01;2;7;0;2;3;13;1;
20226;202000013224;154 719 041;A01;3;7;0;2;3;1;1;
20227;202000013224;154 719 043;B01;3;10;0;2;3;1;1;
20228;202000013225;154 719 037;B01;2;15;0;2;1;15;0;
20229;202000013225;154 719 039;A01;1;31;0;2;8;1;0;
20230;202000013226;154 719 036;B01;2;31;0;2;1;0;1;
20231;202000013226;154 719 038;C01;2;7;0;0;8;1;1;
20232;202000013226;154 719 040;A01;1;7;0;2;3;13;1;
20233;202000013230;154 719 028;C01;2;7;0;2;8;1;1;
20234;202000013230;154 719 030;A01;1;33;0;2;3;17;1;
20235;202000013230;154 719 032;B01;1;7;0;2;6;1;1;
20236;202000013231;154 719 027;A01;2;1;0;0;0;26;5;
20237;202000013232;154 719 025;A01;2;1;0;0;9;1;5;
20238;202000013233;154 719 023;B01;3;2;0;2;1;2;1;
20239;202000013233;154 719 026;A01;3;2;0;2;4;2;1;
20240;202000013236;154 719 020;A01;0;7;0;0;0;1;1;
20241;202000013237;154 719 018;A01;3;2;13;0;1;1;1;
20242;202000013238;154 719 017;A01;2;15;0;2;1;2;1;
20243;202000013238;154 719 019;B01;2;7;0;0;4;2;1;
20244;202000013239;154 719 015;B01;2;7;0;2;3;19;1;
20245;202000013239;154 719 016;A01;1;1;0;2;1;1;5;
20246;202000013240;154 719 012;A01;1;3;0;1;1;1;0;
20247;202000013243;154 719 005;B01;1;17;0;2;4;2;1;
20248;202000013243;154 719 006;A01;1;33;0;2;1;2;1;
20249;202000013244;154 719 001;B01;1;7;0;2;1;1;1;
20250;202000013244;154 719 003;A01;1;7;0;2;4;23;1;
20251;202000013245;154 719 000;C01;2;7;0;2;4;2;1;
20252;202000013245;154 719 002;B01;2;7;0;2;4;0;1;
20253;202000013245;154 719 004;A01;2;10;0;2;1;1;1;
20254;202000013247;154 718 998;A01;1;2;0;2;7;15;1;
20255;202000013247;154 718 999;B01;2;33;0;2;1;1;1;
20256;202000013248;154 718 993;B01;1;33;0;2;8;3;1;
20257;202000013248;154 718 994;A01;1;7;0;2;7;21;1;
20258;202000013249;154 718 991;A01;2;33;0;2;1;17;1;
20259;202000013249;154 718 992;B01;2;20;0;2;3;15;1;
20260;202000013250;154 718 989;B01;1;7;0;2;6;1;1;
20261;202000013250;154 718 990;A01;1;33;0;2;2;3;1;
20262;202000013251;154 718 986;A01;2;7;0;0;0;1;1;
20263;202000013253;154 718 984;A01;2;7;0;2;1;2;1;
20264;202000013253;154 718 985;B01;2;7;0;2;4;2;1;
20265;202000013254;154 718 981;B01;2;1;0;2;4;2;5;
20266;202000013254;154 718 983;A01;2;7;0;2;2;2;1;
20267;202000013255;154 718 980;A01;1;7;1;0;1;14;0;
20268;202000013256;154 718 978;A01;1;7;0;2;4;1;1;
20269;202000013256;154 718 979;B01;1;7;0;2;1;1;1;
20270;202000013257;154 718 976;B01;2;7;0;2;1;21;1;
20271;202000013257;154 718 977;A01;2;7;0;2;7;1;1;
20272;202000013258;154 718 974;A01;1;7;0;2;6;1;1;
20273;202000013258;154 718 975;B01;1;10;0;2;2;12;1;
20274;202000013259;154 718 971;B01;1;7;0;2;4;2;1;
20275;202000013259;154 718 972;C01;1;7;0;2;4;1;2;
20276;202000013259;154 718 982;Z01;1;7;0;2;1;1;0;
20277;202000013260;154 718 969;Z01;0;7;0;0;0;0;0;
20278;202000013260;154 718 973;A01;2;7;0;2;4;2;1;
20279;202000013261;154 718 968;B01;1;10;0;2;1;1;1;
20280;202000013261;154 718 970;A01;2;7;12;2;2;1;1;
20281;202000013262;154 718 965;B01;1;7;0;2;1;1;1;
20282;202000013262;154 718 967;A01;1;10;0;2;4;1;1;
20283;202000013263;154 718 964;B01;1;33;0;2;1;1;1;
20284;202000013263;154 718 966;A01;2;7;0;2;5;15;1;
20285;202000013264;154 718 961;B01;0;2;1;2;8;24;1;
20286;202000013264;154 718 963;A01;2;15;1;0;9;1;1;
20287;202000013265;154 718 957;B01;2;2;0;2;1;1;1;
20288;202000013265;154 718 958;A01;2;7;0;2;5;15;1;
20289;202000013266;154 718 955;A01;1;7;0;2;8;24;1;
20290;202000013266;154 718 956;B01;1;1;1;0;1;1;0;
20291;202000013267;154 718 959;B01;2;7;0;1;1;2;1;
20292;202000013267;154 718 960;C01;2;7;0;2;1;2;1;
20293;202000013268;154 718 953;A01;1;33;0;0;9;2;1;
20294;202000013269;154 718 952;A01;2;32;0;2;7;2;1;
20295;202000013269;154 718 954;B01;2;7;0;2;0;10;0;
20296;202000013270;154 718 949;A01;1;7;0;2;4;2;1;
20297;202000013270;154 718 950;B01;1;33;0;2;4;2;1;
20298;202000013271;154 718 948;B01;2;7;0;2;3;24;1;
20299;202000013271;154 718 951;A01;2;7;1;0;2;14;1;
20300;202000013272;154 718 943;A01;2;7;0;2;1;19;2;
20301;202000013272;154 718 944;B01;1;7;0;2;5;1;1;
20302;202000013273;154 718 941;B01;1;7;0;2;1;1;1;
20303;202000013273;154 718 942;A01;1;7;0;2;6;19;1;
20304;202000013274;154 718 945;Z01;2;0;0;2;0;1;0;
20305;202000013274;154 718 946;C01;2;7;0;2;7;1;1;
20306;202000013274;154 718 947;B01;2;10;0;2;4;1;1;
20307;202000013275;154 718 939;A01;1;7;0;0;1;13;0;
20308;202000013276;154 718 938;B01;2;7;0;0;0;0;1;
20309;202000013276;154 718 940;A01;1;42;0;0;0;26;1;
20310;202000013277;154 718 935;B01;1;7;0;2;7;12;1;
20311;202000013277;154 718 937;A01;1;32;0;2;8;3;1;
20312;202000013278;154 718 934;B01;3;7;0;2;6;15;1;
20313;202000013278;154 718 936;A01;3;2;0;2;1;2;1;
20314;202000013279;154 718 933;A01;1;31;0;0;9;1;1;
20315;202000013281;154 718 932;A01;1;14;0;2;1;13;1;
20316;202000013282;154 718 929;A01;3;30;0;2;1;26;1;
20317;202000013282;154 718 930;B01;1;7;0;2;6;1;1;
20318;202000013283;154 718 926;B01;1;7;1;0;2;1;1;
20319;202000013283;154 718 928;A01;2;7;0;2;6;23;1;
20320;202000013284;154 718 925;A01;1;7;0;2;6;15;1;
20321;202000013284;154 718 927;B01;1;33;0;0;7;1;1;
20322;202000013285;154 718 923;A01;1;33;0;2;1;18;1;
20323;202000013285;154 718 924;B01;1;10;0;2;6;23;1;
20324;202000013286;154 718 921;Z01;3;7;0;2;0;16;0;
20325;202000013286;154 718 922;A01;2;30;0;2;4;11;1;
20326;202000013287;154 718 919;A01;2;7;6;0;1;2;1;
20327;202000013289;154 718 914;A01;1;7;0;1;1;1;1;
20328;202000013290;154 718 912;A01;1;7;0;0;0;2;1;
20329;202000013290;154 718 913;B01;2;1;0;0;0;0;5;
20330;202000013291;154 718 910;A01;2;7;0;2;8;10;1;
20331;202000013291;154 718 911;B01;2;2;0;2;1;17;1;
20332;202000013292;154 718 909;A01;3;7;6;0;1;26;1;
20333;202000013293;154 718 908;A01;2;7;0;1;3;1;1;
20334;202000013294;154 718 904;A01;1;7;0;2;3;15;1;
20335;202000013294;154 718 905;B01;1;34;0;2;1;11;1;
20336;202000013295;154 718 906;A01;0;7;0;2;1;9;1;
20337;202000013295;154 718 907;B01;0;7;1;2;9;1;1;
20338;202000013297;154 718 900;B01;2;7;0;2;5;1;1;
20339;202000013297;154 718 902;A01;2;2;0;2;3;18;1;
20340;202000013299;154 718 897;A01;1;34;0;0;0;0;1;
20341;202000013300;154 718 893;B01;1;7;0;2;1;2;0;
20342;202000013300;154 718 895;A01;1;1;0;2;4;1;5;
20343;202000013301;154 718 892;A01;2;7;0;2;1;1;1;
20344;202000013301;154 718 894;B01;2;7;0;2;4;1;1;
20345;202000013301;154 718 896;C01;2;7;0;2;4;1;3;
20346;202000013302;154 718 890;A01;2;7;0;2;1;2;1;
20347;202000013302;154 718 891;B01;2;7;0;2;4;2;1;
20348;202000013303;154 718 888;A01;3;10;0;2;8;15;1;
20349;202000013303;154 718 889;B01;3;34;0;2;1;2;1;
20350;202000013304;154 718 885;B01;0;7;0;2;7;1;0;
20351;202000013304;154 718 887;A01;2;30;0;2;1;1;1;
20352;202000013305;154 718 884;B01;2;1;0;2;4;1;5;
20353;202000013305;154 718 886;Z01;2;7;0;9;2;7;0;
20354;202000013306;154 718 882;A01;2;7;8;0;1;1;1;
20355;202000013308;154 718 880;A01;3;2;0;0;8;13;1;
20356;202000013312;154 718 874;B01;3;30;0;0;0;0;1;
20357;202000013312;154 718 875;A01;3;7;0;2;8;26;1;
20358;202000013313;154 718 873;A01;1;1;12;0;1;21;5;
20359;202000013315;154 718 867;A01;1;7;0;2;8;1;1;
20360;202000013315;154 718 869;B01;1;7;0;2;1;1;1;
20361;202000013316;154 718 868;B01;3;1;0;0;4;2;5;
20362;202000013316;154 718 870;A01;2;7;0;2;2;2;2;
20363;202000013317;154 718 864;A01;3;7;0;2;1;9;1;
20364;202000013317;154 718 866;B01;3;7;0;2;7;1;1;
20365;202000013318;154 718 865;A01;3;30;0;0;0;1;3;
20366;202000013319;154 718 861;A01;2;10;0;2;3;15;1;
20367;202000013319;154 718 863;B01;2;1;0;2;1;1;6;
20368;202000013320;154 718 862;A01;2;31;0;0;1;1;1;
20369;202000013321;154 718 860;A01;1;33;0;1;1;25;1;
20370;202000013322;154 718 858;B01;1;31;0;2;7;1;1;
20371;202000013322;154 718 859;A01;2;7;0;2;1;1;1;
20372;202000013323;154 718 857;A01;2;99;0;1;8;25;5;
20373;202000013324;154 718 856;A01;1;34;0;1;1;17;0;
20374;202000013325;154 718 854;A01;1;7;0;2;6;1;1;
20375;202000013325;154 718 855;B01;2;33;0;2;1;2;1;
20376;202000013326;154 718 851;A01;1;33;0;2;2;21;1;
20377;202000013326;154 718 852;B01;1;7;0;2;5;1;1;
20378;202000013327;154 718 850;A01;3;33;8;2;1;17;1;
20379;202000013327;154 718 853;B01;3;7;0;2;8;15;1;
20380;202000013329;154 718 847;A01;2;10;8;2;8;1;1;
20381;202000013329;154 718 849;B01;2;10;0;2;1;1;0;
20382;202000013330;154 718 845;A01;3;33;12;0;1;26;1;
20383;202000013331;154 718 842;A01;2;7;0;2;3;15;1;
20384;202000013331;154 718 843;B01;1;33;0;2;1;17;1;
20385;202000013332;154 718 841;A01;1;7;0;2;7;1;1;
20386;202000013332;154 718 844;B01;1;7;0;2;1;1;1;
20387;202000013333;154 718 839;B01;1;33;0;2;1;1;1;
20388;202000013333;154 718 840;A01;2;7;0;2;2;15;1;
20389;202000013334;154 718 838;A01;1;7;0;1;1;1;1;
20390;202000013336;154 718 833;A01;1;7;0;1;1;1;1;
20391;202000013337;154 718 834;A01;3;34;1;0;1;1;1;
20392;202000013338;154 718 831;A01;2;7;14;0;1;1;1;
20393;202000013339;154 718 830;B01;3;2;0;2;7;9;1;
20394;202000013339;154 718 832;A01;3;14;0;2;1;9;1;
20395;202000013340;154 718 827;A01;1;7;0;2;3;5;1;
20396;202000013340;154 718 828;B01;2;43;0;2;3;1;3;
20397;202000013341;154 718 826;B01;2;7;9;2;7;1;1;
20398;202000013341;154 718 829;A01;1;7;0;2;1;1;1;
20399;202000013343;154 718 822;A01;3;1;0;2;0;0;5;
20400;202000013343;154 718 824;B01;3;7;0;2;3;26;1;
20401;202000013344;154 718 820;A01;2;7;0;2;1;15;1;
20402;202000013344;154 718 821;B01;1;33;0;2;1;1;1;
20403;202000013345;154 718 818;B01;1;7;0;2;7;16;1;
20404;202000013345;154 718 819;A01;2;30;0;2;1;15;1;
20405;202000013347;154 718 816;A01;1;7;0;1;1;1;1;
20406;202000013348;154 718 814;A01;1;7;0;2;6;2;1;
20407;202000013348;154 718 815;B01;1;1;0;2;1;2;5;
20408;202000013349;154 718 813;A01;3;1;0;1;1;1;5;
20409;202000013350;154 718 811;B01;1;1;0;2;0;11;5;
20410;202000013350;154 718 812;A01;1;7;0;2;5;1;1;
20411;202000013351;154 718 809;A01;1;7;0;2;3;15;1;
20412;202000013351;154 718 810;B01;1;30;0;2;1;1;3;
20413;202000013352;154 718 807;B01;1;1;0;2;1;18;5;
20414;202000013352;154 718 808;A01;1;1;0;2;4;14;5;
20415;202000013353;154 718 805;A01;2;7;0;2;1;22;1;
20416;202000013353;154 718 806;B01;1;1;0;2;2;25;5;
20417;202000013354;154 718 804;A01;2;7;1;0;2;13;1;
20418;202000013355;154 718 803;A01;2;50;0;0;0;1;3;
20419;202000013356;154 718 801;B01;1;1;0;2;1;1;5;
20420;202000013356;154 718 802;A01;1;7;0;2;3;15;1;
20421;202000013357;154 718 800;A01;3;80;0;0;1;1;3;
20422;202000013358;154 718 798;A01;2;37;0;2;3;16;2;1.0
20423;202000013358;154 718 799;B01;1;1;0;2;1;1;5;
20424;202000013360;154 718 794;B01;1;7;0;2;3;15;1;
20425;202000013360;154 718 795;A01;1;33;0;2;1;2;1;
20426;202000013361;154 718 792;A01;3;7;0;2;1;1;1;
20427;202000013361;154 718 793;B01;-1;1;0;2;1;-1;-1;
20428;202000013363;154 718 788;B01;2;30;0;2;1;23;1;
20429;202000013363;154 718 789;Z01;1;7;0;2;1;16;1;
20430;202000013364;154 718 787;A01;-1;7;9;0;1;9;0;
20431;202000013365;154 718 785;B01;2;7;0;2;4;1;1;
20432;202000013365;154 718 786;A01;2;7;0;2;1;2;1;
20433;202000013366;154 718 784;A01;3;30;12;0;2;16;1;
20434;202000013367;154 718 783;A01;2;7;0;1;3;1;1;
20435;202000013368;154 718 781;A01;1;7;0;0;4;1;0;
20436;202000013368;154 718 782;B01;1;2;0;2;1;1;0;
20437;202000013369;154 718 780;Z01;2;7;0;1;0;0;1;
20438;202000013370;154 718 778;A01;2;33;0;2;1;1;1;
20439;202000013370;154 718 779;B01;0;7;0;2;3;15;1;
20440;202000013371;154 718 777;A01;1;7;8;0;1;14;1;
20441;202000013372;154 718 775;A01;1;33;0;0;3;1;1;
20442;202000013372;154 718 776;B01;2;7;0;0;0;15;1;
20443;202000013373;154 718 774;A01;1;33;6;0;3;1;1;
20444;202000013374;154 718 772;A01;2;7;0;2;2;1;1;
20445;202000013374;154 718 773;B01;1;7;0;2;2;1;1;
20446;202000013375;154 718 770;B01;0;7;0;2;1;1;0;
20447;202000013375;154 718 771;A01;0;7;0;2;3;5;0;
20448;202000013376;154 718 769;A01;0;33;16;0;0;0;0;
20449;202000013377;154 718 768;A01;2;7;13;0;2;17;1;
20450;202000013378;154 718 766;A01;3;2;8;0;1;1;1;
20451;202000013378;154 718 767;B01;1;7;0;2;4;2;-1;
20452;202000013379;154 718 764;B01;2;1;0;0;6;1;5;
20453;202000013379;154 718 765;A01;2;10;0;2;2;1;1;
20454;202000013380;154 718 762;A01;3;7;0;2;1;1;1;
20455;202000013380;154 718 763;B01;3;7;0;2;1;1;1;
20456;202000013381;154 718 760;B01;1;7;0;2;5;17;1;
20457;202000013381;154 718 761;A01;1;2;0;2;8;13;0;
20458;202000013382;154 718 758;B01;1;7;0;2;1;2;0;
20459;202000013382;154 718 759;A01;1;31;0;0;4;1;1;
20460;202000013383;154 718 756;A01;1;32;0;2;7;17;1;
20461;202000013383;154 718 757;B01;1;13;0;2;8;16;1;
20462;202000013384;154 718 754;A01;2;7;0;0;6;26;6;
20463;202000013384;154 718 755;B01;1;33;0;2;1;1;0;
20464;202000013385;154 718 753;A01;3;33;0;0;0;1;1;
20465;202000013386;154 718 751;A01;3;7;0;2;5;16;1;
20466;202000013386;154 718 752;B01;3;1;0;2;3;1;5;
20467;202000013387;154 718 750;A01;2;7;14;0;2;2;1;
20468;202000013388;154 718 749;A01;2;21;17;0;2;1;1;
20469;202000013389;154 718 747;B01;1;7;0;2;8;9;1;
20470;202000013389;154 718 748;A01;1;32;0;0;7;1;1;
20471;202000013390;154 718 746;A01;2;21;0;0;0;15;1;
20472;202000013391;154 718 745;A01;3;30;16;0;0;14;1;
20473;202000013392;154 718 743;A01;1;33;0;0;0;2;1;
20474;202000013393;154 718 741;B01;2;60;0;2;1;1;5;
20475;202000013393;154 718 742;A01;1;7;0;2;3;15;1;
20476;202000013395;154 718 739;A01;2;7;0;1;0;0;0;
20477;202000013396;154 718 737;B01;1;33;0;2;1;1;0;
20478;202000013396;154 718 738;A01;2;7;0;2;2;15;0;
20479;202000013397;154 718 733;A01;0;10;0;0;0;0;0;
20480;202000013398;154 718 730;C01;1;7;0;2;2;23;1;
20481;202000013398;154 718 731;B01;2;7;0;2;3;1;1;
20482;202000013398;154 718 732;A01;1;7;0;2;3;15;1;
20483;202000013400;154 718 727;A01;1;7;2;0;1;14;1;
20484;202000013401;154 718 725;A01;1;7;0;2;5;26;1;
20485;202000013401;154 718 726;B01;2;7;0;2;1;26;1;
20486;202000013402;154 718 723;B01;1;33;0;2;1;3;1;
20487;202000013402;154 718 724;A01;2;7;0;2;3;1;1;
20488;202000013403;154 718 722;A01;0;33;16;0;1;14;1;
20489;202000013404;154 718 720;B01;2;7;0;2;3;1;1;
20490;202000013404;154 718 721;A01;1;7;0;2;3;13;1;
20491;202000013406;154 718 718;A01;2;33;1;0;1;1;1;
20492;202000013407;154 718 717;A01;1;33;0;0;0;1;1;
20493;202000013408;154 718 716;A01;2;7;13;0;1;13;1;
20494;202000013409;154 718 714;A01;2;7;0;2;2;17;1;
20495;202000013409;154 718 715;B01;2;1;0;2;4;2;5;
20496;202000013410;154 718 713;A01;2;7;0;1;1;1;1;
20497;202000013411;154 718 711;A01;1;7;0;2;2;1;1;
20498;202000013411;154 718 712;B01;1;7;0;2;1;1;1;
20499;202000013412;154 718 710;A01;2;7;2;0;9;1;1;
20500;202000013413;154 718 708;A01;1;7;0;2;1;15;1;
20501;202000013413;154 718 709;B01;2;1;0;2;8;1;5;
20502;202000013414;154 718 707;A01;1;7;5;0;0;1;1;
20503;202000013415;154 718 705;B01;1;7;0;2;7;1;1;
20504;202000013415;154 718 706;A01;1;1;0;2;1;1;5;
20505;202000013416;154 718 703;B01;2;1;0;2;1;1;5;
20506;202000013416;154 718 704;A01;1;7;0;2;6;15;1;
20507;202000013417;154 718 702;A01;1;7;0;0;9;1;1;
20508;202000013418;154 718 701;A01;2;7;13;0;1;2;1;
20509;202000013419;154 718 700;A01;3;7;16;9;0;26;1;
20510;202000013420;154 718 699;A01;3;2;0;0;0;2;0;
20511;202000013421;154 718 698;A01;2;33;17;0;1;1;1;
20512;202000013424;154 718 694;A01;2;32;0;2;1;17;1;
20513;202000013424;154 718 695;B01;2;33;0;2;1;1;1;
20514;202000013425;154 718 692;B01;2;7;0;2;1;0;1;
20515;202000013425;154 718 693;A01;2;1;0;2;4;1;5;
20516;202000013428;154 718 687;B01;2;33;0;2;1;1;1;
20517;202000013428;154 718 688;A01;3;31;0;2;3;19;1;
20518;202000013429;154 718 684;B01;3;7;13;0;1;17;1;
20519;202000013429;154 718 685;A01;3;7;0;0;1;1;1;
20520;202000013431;154 718 681;A01;1;7;0;2;3;13;1;
20521;202000013431;154 718 682;B01;2;7;0;2;3;1;1;
20522;202000013433;154 718 679;A01;2;1;14;9;1;1;5;
20523;202000013434;154 718 677;B01;2;7;0;2;1;1;1;
20524;202000013434;154 718 678;A01;1;7;0;2;1;6;1;
20525;202000013435;154 718 675;A01;3;7;2;0;2;0;1;
20526;202000013436;154 718 673;B01;3;33;0;2;8;1;1;
20527;202000013436;154 718 674;A01;3;7;0;2;3;15;1;
20528;202000013437;154 718 671;A01;1;7;0;2;7;10;1;
20529;202000013437;154 718 672;B01;2;33;0;2;1;1;1;
20530;202000013438;154 718 670;A01;2;33;8;0;1;1;1;
20531;202000013439;154 718 668;B01;1;15;0;0;5;2;1;
20532;202000013439;154 718 669;A01;1;15;0;2;3;2;1;
20533;202000013440;154 718 666;B01;1;16;0;0;0;2;1;
20534;202000013440;154 718 667;A01;1;7;4;2;2;2;1;
20535;202000013441;154 718 664;A01;1;33;0;2;7;1;1;
20536;202000013441;154 718 665;B01;1;7;0;2;8;11;1;
20537;202000013442;154 718 662;A01;1;7;3;2;4;2;1;
20538;202000013442;154 718 663;B01;1;7;3;2;1;2;1;
20539;202000013443;154 718 660;B01;1;38;0;2;7;12;1;1.0
20540;202000013443;154 718 661;A01;1;7;0;2;8;1;1;
20541;202000013444;154 718 659;A01;1;7;4;0;2;21;1;
20542;202000013446;154 718 654;A01;2;7;0;2;8;11;1;
20543;202000013446;154 718 655;B01;2;33;0;2;7;3;1;
20544;202000013446;154 718 656;C01;2;7;0;2;4;1;1;
20545;202000013448;154 718 650;B01;1;7;0;0;4;1;1;
20546;202000013448;154 718 651;A01;1;7;0;2;1;1;1;
20547;202000013449;154 718 649;A01;2;7;4;0;1;21;1;
20548;202000013451;154 718 645;Z01;2;0;0;2;0;0;0;
20549;202000013451;154 718 646;A01;2;32;0;2;2;1;1;
20550;202000013453;154 718 640;A01;1;7;0;2;1;2;6;
20551;202000013453;154 718 641;B01;1;7;0;2;4;2;1;
20552;202000013453;154 718 642;C01;1;7;0;2;4;2;0;
20553;202000013454;154 718 638;A01;2;33;0;2;1;2;1;
20554;202000013454;154 718 639;B01;2;7;0;2;4;2;1;
20555;202000013455;154 718 637;A01;1;7;4;0;1;14;1;
20556;202000013456;154 718 635;A01;2;7;0;2;2;14;1;
20557;202000013456;154 718 636;B01;2;7;4;2;4;1;1;
20558;202000013457;154 718 632;A01;1;10;0;0;6;21;1;
20559;202000013457;154 718 633;B01;1;33;0;2;2;3;1;
20560;202000013457;154 718 634;C01;1;7;0;2;2;1;1;
20561;202000013458;154 718 631;A01;1;33;4;0;1;15;1;
20562;202000013459;154 718 629;A01;1;7;0;2;4;12;2;