;Num_Acc;id_vehicule;num_veh;senc;catv;obs;obsm;choc;manv;motor;occutc
20563;202000013459;154 718 630;B01;1;32;0;2;1;1;1;
20564;202000013460;154 718 627;A01;2;7;0;2;4;23;0;
20565;202000013460;154 718 628;B01;2;7;0;2;1;0;0;
20566;202000013461;154 718 625;A01;2;7;0;2;6;12;1;
20567;202000013461;154 718 626;B01;2;33;0;2;1;3;1;
20568;202000013462;154 718 622;C01;1;7;0;2;4;1;1;
20569;202000013462;154 718 623;A01;1;33;0;2;7;3;1;
20570;202000013462;154 718 624;B01;1;7;0;2;8;11;1;
20571;202000013463;154 718 621;A01;3;0;0;1;0;26;0;
20572;202000013464;154 718 619;A01;2;30;0;2;1;26;1;
20573;202000013464;154 718 620;B01;2;7;0;2;4;1;1;
20574;202000013465;154 718 618;A01;2;33;9;0;1;2;1;
20575;202000013466;154 718 616;B01;1;7;0;2;7;1;1;
20576;202000013466;154 718 617;A01;1;2;0;2;1;10;1;
20577;202000013467;154 718 614;B01;3;7;0;2;8;1;1;
20578;202000013467;154 718 615;A01;2;7;0;2;1;1;1;
20579;202000013468;154 718 612;A01;1;7;0;2;1;16;1;
20580;202000013468;154 718 613;B01;1;1;0;2;7;1;5;
20581;202000013469;154 718 611;A01;1;2;0;1;1;1;1;
20582;202000013470;154 718 609;A01;3;7;0;2;1;9;1;
20583;202000013470;154 718 610;B01;0;7;0;2;7;1;1;
20584;202000013471;154 718 608;A01;1;33;10;0;1;1;1;
20585;202000013472;154 718 606;A01;1;7;0;2;2;1;0;
20586;202000013472;154 718 607;B01;1;1;0;2;8;19;5;
20587;202000013473;154 718 605;A01;1;7;0;1;0;16;0;
20588;202000013474;154 718 604;A01;1;33;0;2;0;1;1;
20589;202000013476;154 718 601;A01;2;7;13;0;9;14;1;
20590;202000013477;154 718 599;B01;2;7;0;0;6;0;1;
20591;202000013477;154 718 600;A01;2;10;0;2;2;1;1;
20592;202000013478;154 718 598;A01;1;7;3;0;1;2;1;
20593;202000013479;154 718 595;B01;1;34;4;2;2;17;1;
20594;202000013479;154 718 596;A01;1;7;0;2;6;2;1;
20595;202000013479;154 718 597;C01;1;7;0;2;1;1;1;
20596;202000013480;154 718 593;A01;2;33;1;0;1;14;0;
20597;202000013480;154 718 594;B01;0;15;0;0;4;24;6;
20598;202000013481;154 718 591;B01;2;33;0;0;4;23;6;
20599;202000013481;154 718 592;A01;2;33;0;2;1;21;6;
20600;202000013482;154 718 588;C01;1;7;0;0;0;15;1;
20601;202000013482;154 718 589;A01;2;7;0;2;1;14;1;
20602;202000013482;154 718 590;B01;3;7;0;0;8;23;1;
20603;202000013483;154 718 586;A01;1;1;0;2;6;10;5;
20604;202000013483;154 718 587;B01;1;7;0;2;2;17;1;
20605;202000013484;154 718 584;A01;3;7;0;2;3;9;1;
20606;202000013484;154 718 585;B01;3;31;0;2;7;26;1;
20607;202000013485;154 718 581;B01;1;7;13;2;3;1;1;
20608;202000013485;154 718 582;A01;2;7;3;2;3;13;1;
20609;202000013486;154 718 576;B01;0;7;1;2;4;1;1;
20610;202000013486;154 718 577;A01;0;37;0;2;2;1;1;1.0
20611;202000013487;154 718 573;B01;1;7;0;2;4;1;1;
20612;202000013487;154 718 574;C01;1;7;0;2;1;1;1;
20613;202000013487;154 718 575;A01;2;10;0;2;4;1;1;
20614;202000013488;154 718 570;C01;2;7;0;2;1;2;1;
20615;202000013488;154 718 571;B01;2;7;0;2;1;2;1;
20616;202000013488;154 718 572;A01;2;10;0;2;4;1;1;
20617;202000013489;154 718 568;B01;2;7;0;2;6;11;1;
20618;202000013489;154 718 569;A01;2;7;0;2;2;1;1;
20619;202000013491;154 718 564;B01;2;7;0;2;6;1;1;
20620;202000013491;154 718 565;A01;2;17;0;2;0;14;1;
20621;202000013493;154 718 559;B01;2;7;0;2;5;2;1;
20622;202000013493;154 718 560;A01;2;7;3;2;3;18;1;
20623;202000013495;154 718 556;B01;1;7;0;2;4;1;1;
20624;202000013495;154 718 557;A01;1;7;0;2;2;2;1;
20625;202000013496;154 718 554;A01;2;7;4;2;1;1;1;
20626;202000013496;154 718 555;B01;2;7;3;2;4;2;0;
20627;202000013497;154 718 551;A01;2;15;0;2;1;1;1;
20628;202000013497;154 718 552;B01;2;15;0;2;4;1;1;
20629;202000013497;154 718 553;C01;2;15;0;2;1;1;1;
20630;202000013498;154 718 549;A01;2;32;0;2;8;9;1;
20631;202000013498;154 718 550;B01;2;17;0;2;7;1;1;
20632;202000013499;154 718 545;A01;1;10;8;2;2;16;1;
20633;202000013499;154 718 546;B01;1;7;0;2;5;2;1;
20634;202000013500;154 718 544;A01;1;7;0;1;2;1;1;
20635;202000013501;154 718 543;A01;2;7;0;1;2;1;1;
20636;202000013502;154 718 541;A01;1;7;0;2;1;26;1;
20637;202000013502;154 718 542;B01;1;99;0;2;4;2;1;
20638;202000013503;154 718 539;A01;3;7;15;2;1;1;1;
20639;202000013503;154 718 540;B01;3;7;0;2;7;1;1;
20640;202000013504;154 718 536;A01;2;7;0;2;1;15;1;
20641;202000013504;154 718 537;B01;1;7;0;2;3;1;1;
20642;202000013504;154 718 538;C01;2;2;0;2;1;1;1;
20643;202000013505;154 718 535;A01;1;40;0;1;1;19;0;
20644;202000013507;154 718 532;B01;3;1;0;2;1;16;5;
20645;202000013507;154 718 533;A01;3;7;1;2;3;1;1;
20646;202000013508;154 718 530;A01;2;7;0;2;7;14;1;
20647;202000013508;154 718 531;B01;2;2;0;2;8;1;1;
20648;202000013509;154 718 529;A01;1;32;0;1;1;1;1;
20649;202000013510;154 718 527;A01;0;3;16;2;8;26;1;
20650;202000013510;154 718 528;B01;0;37;0;2;1;1;1;1.0
20651;202000013511;154 718 525;A01;1;10;0;2;3;26;1;
20652;202000013511;154 718 526;B01;1;7;0;2;3;1;1;
20653;202000013512;154 718 524;A01;3;32;14;0;2;26;1;
20654;202000013513;154 718 522;A01;1;7;0;2;2;9;1;
20655;202000013513;154 718 523;B01;2;2;0;2;1;1;1;
20656;202000013514;154 718 520;B01;2;30;0;2;0;0;1;
20657;202000013514;154 718 521;A01;2;7;0;9;8;15;1;
20658;202000013515;154 718 518;B01;2;7;0;2;8;1;1;
20659;202000013515;154 718 519;A01;1;10;0;2;3;16;1;
20660;202000013516;154 718 516;A01;1;7;0;2;1;13;1;
20661;202000013516;154 718 517;B01;2;7;0;2;1;1;1;
20662;202000013517;154 718 514;B01;1;30;0;2;2;1;1;
20663;202000013517;154 718 515;A01;1;2;0;2;3;19;1;
20664;202000013518;154 718 512;A01;1;7;0;2;2;14;1;
20665;202000013518;154 718 513;B01;1;10;0;0;6;23;1;
20666;202000013519;154 718 511;A01;1;33;6;0;0;26;1;
20667;202000013520;154 718 509;A01;3;30;0;2;1;15;1;
20668;202000013520;154 718 510;B01;1;7;0;2;3;2;1;
20669;202000013521;154 718 507;B01;0;30;0;2;1;1;1;
20670;202000013521;154 718 508;A01;0;7;0;2;7;15;1;
20671;202000013523;154 718 504;A01;1;7;5;0;1;1;1;
20672;202000013524;154 718 501;C01;1;7;0;2;1;1;1;
20673;202000013524;154 718 502;B01;1;7;0;2;4;1;1;
20674;202000013524;154 718 503;A01;1;7;0;2;1;1;1;
20675;202000013525;154 718 500;A01;3;7;0;1;3;18;1;
20676;202000013526;154 718 498;A01;1;7;0;9;7;1;1;
20677;202000013526;154 718 499;B01;1;1;0;2;1;19;5;
20678;202000013527;154 718 496;B01;2;1;0;2;7;15;0;
20679;202000013527;154 718 497;A01;1;10;0;9;2;15;1;
20680;202000013529;154 718 492;A01;1;7;0;2;2;15;1;
20681;202000013529;154 718 493;B01;2;1;0;2;1;19;5;
20682;202000013530;154 718 490;B01;1;7;0;2;3;1;1;
20683;202000013530;154 718 491;A01;1;7;0;2;1;1;1;
20684;202000013531;154 718 488;B01;1;7;0;2;2;1;1;
20685;202000013531;154 718 489;A01;2;7;0;2;2;13;1;
20686;202000013532;154 718 486;A01;1;1;0;2;1;1;5;
20687;202000013532;154 718 487;B01;1;10;0;2;1;1;0;
20688;202000013533;154 718 485;A01;1;7;2;0;1;1;1;
20689;202000013534;154 718 484;A01;3;7;1;1;3;17;1;
20690;202000013535;154 718 483;A01;0;7;8;1;1;0;1;
20691;202000013537;154 718 480;A01;2;7;0;2;1;13;1;
20692;202000013537;154 718 481;B01;1;7;0;2;1;1;1;
20693;202000013538;154 718 478;A01;1;50;0;2;1;25;3;
20694;202000013538;154 718 479;B01;1;7;0;2;0;0;1;
20695;202000013539;154 718 476;B01;1;7;0;2;4;17;1;
20696;202000013539;154 718 477;A01;1;7;0;2;4;17;1;
20697;202000013540;154 718 474;B01;1;1;0;2;7;0;5;
20698;202000013540;154 718 475;A01;1;7;0;2;3;9;1;
20699;202000013541;154 718 470;D01;1;7;0;2;6;0;1;
20700;202000013541;154 718 471;B01;1;7;0;2;6;0;1;
20701;202000013541;154 718 472;A01;1;36;0;2;1;2;1;
20702;202000013541;154 718 473;C01;1;7;0;2;6;0;1;
20703;202000013542;154 718 468;B01;1;33;0;0;0;0;1;
20704;202000013542;154 718 469;A01;2;7;0;0;0;15;1;
20705;202000013543;154 718 467;A01;0;7;0;1;3;1;1;
20706;202000013544;154 718 466;A01;2;33;2;0;0;1;1;
20707;202000013545;154 718 464;A01;0;7;0;2;2;15;1;
20708;202000013545;154 718 465;B01;0;33;0;2;1;1;1;
20709;202000013546;154 718 462;A01;1;99;0;2;8;15;1;
20710;202000013546;154 718 463;B01;1;30;0;2;1;1;1;
20711;202000013547;154 718 460;B01;3;31;0;2;1;1;1;
20712;202000013547;154 718 461;A01;3;7;0;2;1;15;1;
20713;202000013548;154 718 457;A01;3;7;0;2;1;1;1;
20714;202000013548;154 718 458;B01;3;7;0;2;4;1;1;
20715;202000013548;154 718 459;C01;3;7;0;2;5;1;1;
20716;202000013549;154 718 456;A01;3;7;12;0;1;1;1;
20717;202000013550;154 718 454;B01;2;7;0;2;2;2;1;
20718;202000013550;154 718 455;A01;2;7;0;2;6;23;1;
20719;202000013552;154 718 449;C01;2;7;0;2;4;1;1;
20720;202000013552;154 718 450;A01;2;7;0;2;1;1;1;
20721;202000013552;154 718 451;B01;2;7;0;2;4;1;1;
20722;202000013553;154 718 448;A01;2;30;12;0;1;14;1;
20723;202000013554;154 718 447;A01;2;7;2;0;1;14;1;
20724;202000013555;154 718 445;A01;2;7;0;2;2;1;1;
20725;202000013555;154 718 446;B01;2;1;0;2;8;19;5;
20726;202000013556;154 718 443;B01;0;7;0;2;3;15;1;
20727;202000013556;154 718 444;A01;0;2;0;2;1;1;1;
20728;202000013557;154 718 441;A01;3;7;1;1;2;1;1;
20729;202000013557;154 718 442;B01;3;7;0;0;7;24;1;
20730;202000013558;154 718 439;B01;1;7;0;2;1;2;0;
20731;202000013558;154 718 440;A01;2;10;0;2;3;13;0;
20732;202000013559;154 718 437;B01;1;7;0;2;0;0;1;
20733;202000013559;154 718 438;A01;1;7;0;2;8;15;1;
20734;202000013560;154 718 435;B01;1;7;1;2;7;24;0;
20735;202000013560;154 718 436;A01;1;7;1;0;2;19;0;
20736;202000013562;154 718 432;B01;1;7;0;2;1;1;1;
20737;202000013562;154 718 433;A01;1;30;0;1;0;26;1;
20738;202000013565;154 718 427;A01;1;10;0;2;2;1;0;
20739;202000013565;154 718 428;B01;1;32;0;0;4;1;0;
20740;202000013566;154 718 425;A01;3;31;0;2;1;2;1;
20741;202000013566;154 718 426;B01;3;10;0;2;4;15;1;
20742;202000013567;154 718 424;A01;0;30;0;0;7;0;1;
20743;202000013569;154 718 421;A01;3;30;0;2;1;1;1;
20744;202000013569;154 718 422;B01;3;7;0;2;0;15;1;
20745;202000013571;154 718 418;B01;2;1;0;2;0;18;5;
20746;202000013571;154 718 419;A01;2;7;0;2;2;12;1;
20747;202000013572;154 718 416;B01;2;7;0;2;8;11;1;
20748;202000013572;154 718 417;A01;2;32;0;2;2;17;1;
20749;202000013573;154 718 415;A01;2;32;1;0;8;15;1;
20750;202000013574;154 718 413;B01;2;1;0;2;1;1;5;
20751;202000013574;154 718 414;A01;2;7;0;2;3;22;1;
20752;202000013575;154 718 411;B01;1;7;0;2;6;1;1;
20753;202000013575;154 718 412;A01;1;33;0;2;1;3;1;
20754;202000013576;154 718 410;A01;1;37;0;1;2;7;3;1.0
20755;202000013578;154 718 408;A01;1;50;0;0;0;1;3;
20756;202000013579;154 718 406;B01;1;2;0;2;1;1;1;
20757;202000013579;154 718 407;A01;2;7;0;2;8;1;1;
20758;202000013580;154 718 403;C01;2;7;0;2;6;1;1;
20759;202000013580;154 718 404;B01;1;7;0;2;1;1;1;
20760;202000013580;154 718 405;A01;2;7;0;2;1;17;1;
20761;202000013581;154 718 401;A01;2;7;0;2;8;1;0;
20762;202000013581;154 718 402;B01;1;7;0;2;3;23;0;
20763;202000013582;154 718 400;A01;2;7;0;1;7;1;1;
20764;202000013583;154 718 398;A01;1;1;0;2;7;19;5;
20765;202000013583;154 718 399;B01;2;31;0;2;1;1;1;
20766;202000013584;154 718 396;B01;1;7;0;9;1;1;1;
20767;202000013584;154 718 397;A01;1;31;0;9;1;26;1;
20768;202000013585;154 718 394;B01;1;33;0;2;2;2;1;
20769;202000013585;154 718 395;A01;1;7;11;2;3;15;1;
20770;202000013586;154 718 392;A01;3;7;0;2;1;15;1;
20771;202000013586;154 718 393;B01;3;10;0;2;3;1;1;
20772;202000013588;154 718 387;C01;1;30;0;2;3;0;1;
20773;202000013588;154 718 388;B01;2;7;0;2;3;1;1;
20774;202000013588;154 718 389;A01;1;30;0;2;1;13;1;
20775;202000013589;154 718 385;A01;3;7;0;2;3;10;1;
20776;202000013589;154 718 386;B01;3;34;0;2;2;17;1;
20777;202000013590;154 718 384;A01;2;7;0;1;5;20;0;
20778;202000013591;154 718 383;A01;1;7;0;1;3;26;1;
20779;202000013592;154 718 382;A01;1;7;0;1;1;2;1;
20780;202000013593;154 718 380;B01;1;7;0;2;1;15;1;
20781;202000013593;154 718 381;A01;2;7;0;2;3;23;1;
20782;202000013594;154 718 377;C01;1;7;0;2;4;23;0;
20783;202000013594;154 718 378;B01;1;7;0;2;4;2;1;
20784;202000013594;154 718 379;A01;1;7;0;2;1;2;1;
20785;202000013595;154 718 375;A01;1;7;0;2;2;9;1;
20786;202000013595;154 718 376;B01;1;34;0;2;1;1;1;
20787;202000013596;154 718 373;A01;1;10;0;2;8;10;0;
20788;202000013596;154 718 374;B01;1;2;0;2;1;1;0;
20789;202000013597;154 718 372;A01;2;30;8;0;2;14;1;
20790;202000013598;154 718 369;B01;1;7;0;2;3;1;1;
20791;202000013598;154 718 370;C01;1;34;0;2;2;1;1;
20792;202000013598;154 718 371;A01;1;7;0;2;6;0;0;
20793;202000013599;154 718 367;A01;2;7;4;0;8;1;1;
20794;202000013600;154 718 364;A01;2;7;2;0;1;17;1;
20795;202000013601;154 718 361;B01;2;7;0;2;5;17;1;
20796;202000013601;154 718 362;A01;2;1;0;2;3;13;5;
20797;202000013602;154 718 357;D01;1;7;0;2;4;23;1;
20798;202000013602;154 718 358;C01;1;7;0;2;4;23;1;
20799;202000013602;154 718 359;B01;1;7;0;2;4;23;1;
20800;202000013602;154 718 360;A01;1;7;0;2;1;1;1;
20801;202000013603;154 718 355;A01;2;2;0;2;1;5;1;
20802;202000013603;154 718 356;B01;1;7;0;2;3;1;1;
20803;202000013604;154 718 354;A01;2;33;0;0;3;26;1;
20804;202000013606;154 718 350;A01;0;7;13;0;1;1;1;
20805;202000013607;154 718 349;A01;2;33;6;6;1;1;1;
20806;202000013609;154 718 346;A01;0;32;12;0;7;1;1;
20807;202000013610;154 718 345;A01;2;7;2;0;3;14;1;
20808;202000013611;154 718 343;A01;1;10;0;2;3;13;0;
20809;202000013611;154 718 344;B01;2;31;0;2;8;21;0;
20810;202000013612;154 718 342;A01;2;33;13;0;2;14;1;
20811;202000013613;154 718 340;B01;1;7;0;0;4;23;1;
20812;202000013613;154 718 341;A01;1;7;0;2;1;1;1;
20813;202000013614;154 718 338;B01;3;2;0;2;1;1;1;
20814;202000013614;154 718 339;A01;3;7;0;2;1;11;1;
20815;202000013615;154 718 336;A01;1;7;0;9;1;1;1;
20816;202000013615;154 718 337;B01;1;1;0;2;7;19;5;
20817;202000013616;154 718 334;B01;2;21;0;2;3;13;1;
20818;202000013616;154 718 335;A01;1;7;0;2;3;13;1;
20819;202000013617;154 718 332;A01;1;1;0;2;1;1;5;
20820;202000013617;154 718 333;B01;1;1;0;2;4;1;-1;
20821;202000013618;154 718 331;A01;2;33;8;0;1;1;0;
20822;202000013619;154 718 324;B01;2;2;0;0;8;1;1;
20823;202000013619;154 718 325;A01;1;7;0;0;8;1;1;
20824;202000013620;154 718 319;A01;2;33;0;0;3;26;1;
20825;202000013621;154 718 318;A01;0;7;13;0;7;1;1;
20826;202000013622;154 718 316;A01;0;7;0;2;3;15;1;
20827;202000013622;154 718 317;B01;0;7;6;2;3;1;1;
20828;202000013623;154 718 315;A01;2;33;0;0;8;1;1;
20829;202000013625;154 718 312;A01;3;7;0;2;2;15;1;
20830;202000013625;154 718 313;B01;3;7;0;0;3;1;1;
20831;202000013626;154 718 310;A01;1;7;0;2;3;15;1;
20832;202000013626;154 718 311;B01;2;7;6;2;2;17;1;
20833;202000013628;154 718 308;A01;2;7;8;0;8;13;1;
20834;202000013629;154 718 307;A01;3;7;0;0;0;0;1;
20835;202000013630;154 718 305;B01;2;7;0;2;8;0;1;
20836;202000013630;154 718 306;A01;1;99;0;2;1;1;1;
20837;202000013631;154 718 303;B01;1;7;0;2;5;17;0;
20838;202000013631;154 718 304;A01;1;7;0;0;6;2;0;
20839;202000013632;154 718 301;B01;0;1;0;2;1;1;5;
20840;202000013632;154 718 302;A01;3;7;0;9;3;1;1;
20841;202000013633;154 718 299;A01;2;7;0;9;2;17;0;
20842;202000013633;154 718 300;B01;2;1;0;2;4;1;6;
20843;202000013634;154 718 297;A01;2;33;0;2;1;5;1;
20844;202000013634;154 718 298;B01;1;7;0;2;1;21;1;
20845;202000013635;154 718 293;A01;1;7;0;2;4;23;1;
20846;202000013635;154 718 294;B01;1;7;0;2;1;1;1;
20847;202000013636;154 718 292;A01;1;7;0;1;7;1;1;
20848;202000013637;154 718 290;B01;1;7;0;2;1;0;1;
20849;202000013637;154 718 291;A01;2;7;0;2;1;0;1;
20850;202000013639;154 718 287;A01;1;7;2;0;1;1;1;
20851;202000013640;154 718 286;A01;3;7;13;0;1;0;1;
20852;202000013641;154 718 284;B01;1;7;0;2;1;1;1;
20853;202000013641;154 718 285;A01;2;7;0;2;1;1;1;
20854;202000013642;154 718 283;A01;1;10;0;0;3;0;1;
20855;202000013643;154 718 279;C01;2;7;0;2;4;2;1;
20856;202000013643;154 718 280;D01;2;7;0;2;4;2;1;
20857;202000013643;154 718 281;B01;2;33;0;2;4;2;1;
20858;202000013643;154 718 282;A01;2;7;0;2;1;2;1;
20859;202000013644;154 718 278;A01;1;33;0;2;1;1;1;
20860;202000013645;154 718 277;A01;1;33;14;0;7;1;0;
20861;202000013646;154 718 275;B01;2;7;0;2;6;1;1;
20862;202000013646;154 718 276;A01;2;7;0;2;3;1;1;
20863;202000013647;154 718 273;B01;2;7;0;2;4;23;1;
20864;202000013647;154 718 274;A01;2;7;1;0;1;2;1;
20865;202000013648;154 718 271;A01;2;7;0;2;3;2;1;
20866;202000013648;154 718 272;B01;2;10;4;2;4;2;1;
20867;202000013649;154 718 269;B01;2;7;1;0;2;1;1;
20868;202000013649;154 718 270;A01;2;7;0;2;6;23;1;
20869;202000013650;154 718 267;B01;2;7;3;2;6;2;1;
20870;202000013650;154 718 268;A01;2;7;0;2;1;1;1;
20871;202000013652;154 718 262;C01;2;7;0;2;4;2;1;
20872;202000013652;154 718 263;B01;2;7;0;2;3;1;1;
20873;202000013652;154 718 264;A01;2;33;0;2;1;12;1;
20874;202000013653;154 718 260;B01;2;7;0;2;4;1;1;
20875;202000013653;154 718 261;A01;2;10;0;2;1;2;1;
20876;202000013654;154 718 258;B01;2;7;0;2;1;1;1;
20877;202000013654;154 718 259;A01;2;7;0;2;6;17;1;
20878;202000013655;154 718 256;A01;1;7;2;0;1;0;0;
20879;202000013656;154 718 255;A01;1;10;0;1;2;15;1;
20880;202000013657;154 718 254;A01;2;50;0;1;1;1;3;
20881;202000013658;154 718 252;B01;1;7;0;2;2;23;1;
20882;202000013658;154 718 253;A01;2;7;0;2;1;5;1;
20883;202000013659;154 718 249;C01;3;7;0;2;1;1;1;
20884;202000013659;154 718 250;B01;3;7;0;2;2;1;1;
20885;202000013659;154 718 251;A01;3;7;0;2;8;16;1;
20886;202000013660;154 718 247;A01;1;7;15;2;3;1;1;
20887;202000013660;154 718 248;B01;2;7;0;2;1;1;1;
20888;202000013661;154 718 245;B01;2;34;0;2;1;1;1;
20889;202000013661;154 718 246;A01;2;7;0;2;3;15;1;
20890;202000013662;154 718 243;A01;1;7;0;2;4;1;1;
20891;202000013662;154 718 244;B01;1;7;0;2;1;2;1;
20892;202000013663;154 718 240;C01;1;7;1;0;1;2;1;
20893;202000013663;154 718 241;B01;1;7;1;0;1;2;1;
20894;202000013663;154 718 242;A01;1;7;0;0;0;0;1;
20895;202000013664;154 718 239;A01;1;7;6;0;1;16;0;
20896;202000013665;154 718 238;A01;2;34;12;0;1;1;1;
20897;202000013666;154 718 237;A01;1;7;0;1;7;1;1;
20898;202000013668;154 718 234;A01;1;7;8;0;1;1;1;
20899;202000013669;154 718 232;B01;1;7;0;2;4;2;1;
20900;202000013669;154 718 233;A01;2;7;0;2;1;2;1;
20901;202000013670;154 718 230;B01;1;7;0;2;3;26;1;
20902;202000013670;154 718 231;A01;2;31;0;2;3;1;1;
20903;202000013671;154 718 229;A01;1;10;1;0;2;1;1;
20904;202000013672;154 718 228;A01;3;7;1;1;2;13;1;
20905;202000013673;154 718 226;B01;3;7;0;2;0;0;0;
20906;202000013673;154 718 227;A01;3;7;0;2;0;0;0;
20907;202000013674;154 718 222;B01;1;33;0;2;2;11;1;
20908;202000013674;154 718 223;A01;2;2;1;2;1;26;1;
20909;202000013675;154 718 221;A01;2;2;0;0;8;1;1;
20910;202000013676;154 718 219;A01;2;33;15;0;1;17;1;
20911;202000013676;154 718 220;B01;2;7;0;2;3;15;1;
20912;202000013677;154 718 218;A01;2;7;0;1;3;1;1;
20913;202000013678;154 718 216;B01;3;1;0;2;0;1;0;
20914;202000013678;154 718 217;A01;3;7;0;2;0;9;1;
20915;202000013679;154 718 215;A01;1;33;12;0;1;1;1;
20916;202000013680;154 718 213;A01;1;33;0;2;2;2;0;
20917;202000013680;154 718 214;B01;1;10;0;2;8;15;0;
20918;202000013681;154 718 211;A01;3;7;0;2;3;9;1;
20919;202000013681;154 718 212;B01;2;33;0;2;3;1;1;
20920;202000013682;154 718 209;B01;3;7;0;2;6;15;1;
20921;202000013682;154 718 210;A01;1;30;0;2;2;21;1;
20922;202000013683;154 718 208;A01;3;7;0;1;2;1;6;
20923;202000013684;154 718 207;A01;1;7;12;0;1;1;1;
20924;202000013685;154 718 205;B01;1;7;0;2;4;1;1;
20925;202000013685;154 718 206;A01;1;7;0;2;1;2;1;
20926;202000013686;154 718 204;A01;2;7;3;0;2;1;1;
20927;202000013687;154 718 203;A01;1;7;14;0;0;0;1;
20928;202000013688;154 718 201;A01;1;33;0;2;0;1;1;
20929;202000013688;154 718 202;B01;1;7;0;2;3;10;1;
20930;202000013689;154 718 199;B01;1;7;8;2;5;16;1;
20931;202000013689;154 718 200;A01;1;7;0;2;3;1;1;
20932;202000013690;154 718 197;B01;2;7;0;2;1;1;1;
20933;202000013690;154 718 198;A01;2;20;0;2;8;11;0;
20934;202000013691;154 718 195;A01;1;7;0;9;0;16;1;
20935;202000013691;154 718 196;B01;3;60;0;2;8;1;5;
20936;202000013692;154 718 193;A01;2;10;0;2;2;19;1;
20937;202000013692;154 718 194;B01;3;10;0;2;1;1;1;
20938;202000013693;154 718 192;A01;1;7;2;0;1;14;1;
20939;202000013694;154 718 189;B01;1;7;0;2;4;2;1;
20940;202000013694;154 718 190;A01;1;7;0;2;1;2;1;
20941;202000013694;154 718 191;C01;1;7;0;2;4;2;1;
20942;202000013695;154 718 188;A01;1;34;1;0;6;14;1;
20943;202000013696;154 718 186;B01;1;99;0;2;0;23;0;
20944;202000013696;154 718 187;A01;1;37;0;2;3;2;1;1.0
20945;202000013697;154 718 184;A01;1;7;0;2;3;15;0;
20946;202000013697;154 718 185;B01;2;30;0;2;1;1;1;
20947;202000013698;154 718 182;A01;1;37;0;9;7;1;1;1.0
20948;202000013698;154 718 183;B01;1;1;0;2;3;13;5;
20949;202000013699;154 718 181;A01;0;3;0;1;0;26;0;
20950;202000013700;154 718 179;A01;2;7;0;2;2;9;1;
20951;202000013700;154 718 180;B01;2;31;16;2;1;1;1;
20952;202000013701;154 718 178;A01;1;7;0;1;2;19;0;
20953;202000013702;154 718 176;B01;1;32;0;2;1;1;1;
20954;202000013702;154 718 177;A01;2;7;0;2;2;15;0;
20955;202000013703;154 718 174;A01;3;3;0;2;1;9;1;
20956;202000013703;154 718 175;B01;3;7;0;2;3;16;1;
20957;202000013704;154 718 173;A01;3;7;0;1;2;26;1;
20958;202000013705;154 718 171;B01;-1;7;0;0;4;1;1;
20959;202000013705;154 718 172;A01;-1;37;0;2;1;1;0;1.0
20960;202000013706;154 718 170;A01;1;7;0;1;3;26;0;
20961;202000013707;154 718 168;B01;1;10;0;2;1;1;1;
20962;202000013707;154 718 169;A01;1;10;0;2;1;1;1;
20963;202000013708;154 718 167;A01;2;31;0;2;2;1;1;
20964;202000013709;154 718 166;A01;2;7;0;0;1;0;1;
20965;202000013710;154 718 164;A01;3;10;0;2;2;3;1;
20966;202000013710;154 718 165;B01;3;10;0;2;6;1;1;
20967;202000013711;154 718 162;B01;2;7;0;2;1;1;1;
20968;202000013711;154 718 163;A01;2;7;0;2;4;2;1;
20969;202000013712;154 718 160;B01;2;7;0;2;3;1;1;
20970;202000013712;154 718 161;A01;2;7;0;2;2;12;1;
20971;202000013714;154 718 157;A01;1;10;0;2;2;15;1;
20972;202000013714;154 718 158;B01;2;2;0;2;1;1;1;
20973;202000013715;154 718 155;A01;0;7;0;2;1;1;1;
20974;202000013715;154 718 156;B01;3;7;0;2;9;1;1;
20975;202000013716;154 718 154;A01;3;33;0;0;1;15;1;
20976;202000013717;154 718 153;A01;3;2;14;0;1;1;1;
20977;202000013720;154 718 148;A01;1;34;0;0;8;26;1;
20978;202000013721;154 718 146;B01;2;7;0;2;4;14;1;
20979;202000013721;154 718 147;A01;2;7;0;2;3;1;0;
20980;202000013722;154 718 144;A01;1;32;0;2;1;15;0;
20981;202000013722;154 718 145;B01;1;33;0;2;1;1;0;
20982;202000013723;154 718 142;B01;1;2;0;2;4;1;1;
20983;202000013723;154 718 143;A01;1;7;0;2;1;1;1;
20984;202000013724;154 718 140;A01;1;33;0;2;1;9;1;
20985;202000013724;154 718 141;B01;1;7;0;2;2;1;1;
20986;202000013725;154 718 139;A01;2;30;0;1;1;1;0;
20987;202000013726;154 718 137;B01;2;33;0;2;1;1;1;
20988;202000013726;154 718 138;A01;2;7;0;2;8;15;1;
20989;202000013727;154 718 135;B01;1;7;0;2;3;1;1;
20990;202000013727;154 718 136;A01;1;30;0;2;1;15;1;
20991;202000013728;154 718 133;B01;2;2;0;2;1;17;1;
20992;202000013728;154 718 134;A01;3;7;0;2;1;1;1;
20993;202000013729;154 718 132;A01;2;37;0;1;5;1;1;1.0
20994;202000013730;154 718 130;B01;1;33;0;2;1;1;1;