;Num_Acc;id_vehicule;num_veh;senc;catv;obs;obsm;choc;manv;motor;occutc
20995;202000013730;154 718 131;A01;2;7;0;2;7;15;1;
20996;202000013731;154 718 128;Y01;0;1;0;2;1;26;5;
20997;202000013731;154 718 129;A01;0;7;0;9;7;15;1;
20998;202000013732;154 718 127;A01;3;7;0;1;1;1;1;
20999;202000013733;154 718 126;A01;3;36;2;0;1;26;1;
21000;202000013734;154 718 124;B01;2;33;0;2;7;9;1;
21001;202000013734;154 718 125;A01;2;7;1;2;3;9;1;
21002;202000013735;154 718 122;B01;2;40;0;2;7;1;3;
21003;202000013735;154 718 123;A01;1;1;0;4;1;19;5;
21004;202000013736;154 718 120;Z01;2;7;0;2;1;1;1;
21005;202000013736;154 718 121;B01;1;7;0;2;1;1;1;
21006;202000013737;154 718 118;A01;1;15;0;2;1;1;1;
21007;202000013737;154 718 119;B01;1;15;0;2;4;2;1;
21008;202000013738;154 718 116;A01;1;7;0;2;3;15;1;
21009;202000013738;154 718 117;B01;1;33;0;2;1;1;1;
21010;202000013739;154 718 114;B01;2;7;0;2;7;16;1;
21011;202000013739;154 718 115;A01;2;2;0;2;8;18;1;
21012;202000013741;154 718 111;B01;2;33;0;2;7;17;1;
21013;202000013741;154 718 112;A01;2;30;0;2;8;11;1;
21014;202000013742;154 718 110;A01;3;32;0;0;7;16;1;
21015;202000013743;154 718 108;B01;1;2;0;2;3;21;1;
21016;202000013743;154 718 109;A01;1;7;0;2;3;9;1;
21017;202000013744;154 718 107;A01;1;30;12;0;8;13;1;
21018;202000013745;154 718 105;A01;2;7;0;2;1;15;1;
21019;202000013745;154 718 106;B01;3;33;0;2;1;1;1;
21020;202000013747;154 718 101;A01;1;32;0;0;0;17;1;
21021;202000013747;154 718 102;Z01;1;10;0;0;0;0;0;
21022;202000013748;154 718 099;B01;1;1;0;2;8;15;6;
21023;202000013748;154 718 100;A01;1;7;0;9;1;16;1;
21024;202000013749;154 718 097;A01;0;80;0;2;1;1;3;
21025;202000013749;154 718 098;B01;0;7;0;2;3;15;1;
21026;202000013750;154 718 095;B01;2;7;0;2;5;17;1;
21027;202000013750;154 718 096;A01;2;33;0;2;3;11;1;
21028;202000013751;154 718 093;A01;1;2;0;2;1;18;1;
21029;202000013751;154 718 094;B01;1;7;0;2;5;1;1;
21030;202000013752;154 718 091;A01;2;1;0;2;7;1;5;
21031;202000013752;154 718 092;B01;3;7;0;2;7;23;1;
21032;202000013754;154 718 088;A01;3;7;0;-1;1;1;-1;
21033;202000013754;154 718 089;B01;3;1;0;-1;1;1;-1;
21034;202000013755;154 718 086;B01;3;1;0;2;1;13;5;
21035;202000013755;154 718 087;A01;3;50;0;2;1;14;3;
21036;202000013756;154 718 084;B01;3;7;0;2;3;1;1;
21037;202000013756;154 718 085;A01;2;7;10;2;1;2;1;
21038;202000013757;154 718 083;A01;2;31;0;1;2;1;1;
21039;202000013758;154 718 080;C01;2;7;0;2;3;1;1;
21040;202000013758;154 718 081;A01;2;7;1;2;6;11;1;
21041;202000013758;154 718 082;B01;2;7;0;2;2;1;1;
21042;202000013759;154 718 079;A01;3;7;0;1;4;20;1;
21043;202000013760;154 718 077;Z01;0;2;0;2;1;11;0;
21044;202000013760;154 718 078;A01;3;1;0;0;4;2;5;
21045;202000013761;154 718 075;A01;2;7;0;2;1;9;1;
21046;202000013761;154 718 076;B01;1;32;0;2;4;1;1;
21047;202000013762;154 718 073;B01;2;7;0;2;4;2;1;
21048;202000013762;154 718 074;A01;2;7;0;2;1;2;1;
21049;202000013763;154 718 072;A01;2;1;0;0;1;1;5;
21050;202000013764;154 718 070;B01;1;1;0;2;1;1;5;
21051;202000013764;154 718 071;A01;2;10;0;2;3;15;1;
21052;202000013765;154 718 068;B01;1;7;0;2;3;23;1;
21053;202000013765;154 718 069;A01;1;7;0;2;3;1;1;
21054;202000013766;154 718 066;Z01;1;7;0;0;0;0;0;
21055;202000013766;154 718 067;B01;1;7;0;2;8;1;1;
21056;202000013767;154 718 064;A01;2;7;0;2;1;2;1;
21057;202000013767;154 718 065;B01;2;7;0;2;4;0;1;
21058;202000013768;154 718 062;A01;2;7;0;2;9;16;1;
21059;202000013768;154 718 063;B01;2;14;0;2;3;1;1;
21060;202000013769;154 718 061;A01;1;7;8;0;1;4;1;
21061;202000013770;154 718 059;B01;1;7;0;2;1;0;1;
21062;202000013770;154 718 060;A01;1;7;0;2;0;0;0;
21063;202000013771;154 718 057;A01;1;7;0;2;6;15;1;
21064;202000013771;154 718 058;B01;1;7;0;2;2;1;1;
21065;202000013773;154 718 054;A01;2;7;0;1;3;1;1;
21066;202000013774;154 718 052;A01;2;3;0;2;6;9;1;
21067;202000013774;154 718 053;B01;1;32;0;2;1;1;1;
21068;202000013775;154 718 050;A01;2;10;0;2;3;15;1;
21069;202000013775;154 718 051;B01;3;33;0;2;1;1;1;
21070;202000013776;154 718 048;A01;2;7;0;2;1;2;1;
21071;202000013776;154 718 049;B01;2;34;0;2;4;2;1;
21072;202000013777;154 718 046;A01;3;7;0;2;1;1;1;
21073;202000013777;154 718 047;B01;3;3;0;0;1;13;0;
21074;202000013778;154 718 045;A01;1;32;0;1;2;1;3;
21075;202000013779;154 718 043;A01;3;2;0;2;4;15;1;
21076;202000013779;154 718 044;B01;3;7;0;2;2;1;1;
21077;202000013780;154 718 040;C01;3;7;0;2;4;1;1;
21078;202000013780;154 718 041;B01;3;7;0;2;9;1;1;
21079;202000013780;154 718 042;A01;0;7;0;2;1;1;1;
21080;202000013781;154 718 038;A01;3;50;0;2;3;26;3;
21081;202000013781;154 718 039;B01;3;2;0;2;3;15;1;
21082;202000013783;154 718 035;A01;3;10;0;1;4;4;1;
21083;202000013785;154 718 032;A01;2;7;0;1;1;1;1;
21084;202000013786;154 718 030;A01;2;7;0;2;7;15;1;
21085;202000013786;154 718 031;B01;1;32;0;2;1;1;1;
21086;202000013787;154 718 027;C01;2;30;0;2;4;23;1;
21087;202000013787;154 718 028;B01;2;7;0;2;4;23;1;
21088;202000013787;154 718 029;A01;2;7;0;2;1;2;1;
21089;202000013788;154 718 025;B01;2;10;0;2;3;9;1;
21090;202000013788;154 718 026;A01;2;1;0;2;7;1;5;
21091;202000013789;154 718 023;B01;2;10;0;2;2;2;1;
21092;202000013789;154 718 024;A01;2;7;0;2;6;23;1;
21093;202000013790;154 718 021;B01;2;7;0;2;2;1;1;
21094;202000013790;154 718 022;A01;2;10;0;2;2;9;1;
21095;202000013793;154 718 016;A01;2;7;0;2;4;2;1;
21096;202000013793;154 718 017;B01;2;30;0;2;4;23;1;
21097;202000013794;154 718 014;A01;1;7;0;2;2;15;1;
21098;202000013794;154 718 015;B01;2;30;0;2;1;1;1;
21099;202000013795;154 718 011;C01;1;7;0;2;4;2;1;
21100;202000013795;154 718 012;A01;1;14;0;2;1;2;1;
21101;202000013795;154 718 013;B01;1;7;0;2;4;2;1;
21102;202000013797;154 718 007;B01;2;1;0;2;3;1;5;
21103;202000013797;154 718 008;A01;2;37;0;2;2;12;1;1.0
21104;202000013798;154 718 005;A01;2;7;0;2;7;1;1;
21105;202000013798;154 718 006;B01;1;30;0;2;1;1;3;
21106;202000013799;154 718 004;A01;1;1;0;0;0;15;5;
21107;202000013800;154 718 002;B01;1;7;0;0;4;0;0;
21108;202000013800;154 718 003;A01;1;30;0;0;1;0;0;
21109;202000013801;154 718 000;B01;1;7;0;2;8;23;1;
21110;202000013801;154 718 001;A01;2;2;0;2;1;26;3;
21111;202000013802;154 717 999;A01;1;30;1;2;1;1;1;
21112;202000013803;154 717 997;A01;1;7;0;2;3;15;1;
21113;202000013803;154 717 998;B01;1;32;0;2;2;1;1;
21114;202000013804;154 717 995;A01;1;2;0;2;4;1;0;
21115;202000013804;154 717 996;B01;1;7;0;2;1;1;0;
21116;202000013805;154 717 993;A01;1;7;0;2;1;26;1;
21117;202000013805;154 717 994;B01;1;7;0;2;5;15;1;
21118;202000013807;154 717 989;B01;-1;7;0;2;2;2;1;
21119;202000013807;154 717 990;A01;-1;30;0;2;6;17;1;
21120;202000013808;154 717 987;A01;-1;7;0;2;1;15;1;
21121;202000013808;154 717 988;B01;-1;7;8;2;7;0;1;
21122;202000013809;154 717 986;A01;2;7;0;1;2;1;1;
21123;202000013810;154 717 985;A01;0;10;0;1;4;4;0;
21124;202000013814;154 717 978;B01;1;50;0;2;1;19;3;
21125;202000013814;154 717 979;A01;1;7;0;2;7;1;1;
21126;202000013815;154 717 977;A01;1;50;0;0;2;1;3;
21127;202000013816;154 717 974;A01;1;7;0;2;1;2;1;
21128;202000013816;154 717 975;B01;1;10;0;2;4;2;1;
21129;202000013816;154 717 976;C01;1;7;0;9;4;2;1;
21130;202000013817;154 717 972;B01;2;7;0;2;1;1;2;
21131;202000013817;154 717 973;A01;1;7;16;2;5;5;0;
21132;202000013818;154 717 971;A01;1;31;12;0;1;1;1;
21133;202000013819;154 717 970;A01;1;7;0;1;1;1;0;
21134;202000013820;154 717 969;A01;1;10;13;0;1;1;1;
21135;202000013821;154 717 968;A01;1;2;6;0;3;13;0;
21136;202000013822;154 717 967;A01;1;10;2;0;1;19;0;
21137;202000013823;154 717 965;A01;1;7;0;2;2;2;0;
21138;202000013823;154 717 966;B01;1;30;0;0;4;2;0;
21139;202000013824;154 717 964;A01;1;7;3;0;3;1;1;
21140;202000013825;154 717 962;B01;1;33;0;2;8;1;1;
21141;202000013825;154 717 963;A01;2;7;0;2;1;17;0;
21142;202000013827;154 717 959;A01;1;33;13;0;1;1;1;
21143;202000013829;154 717 956;A01;3;3;0;0;0;1;1;
21144;202000013830;154 717 954;A01;1;7;0;2;8;26;1;
21145;202000013830;154 717 955;B01;1;33;0;2;8;1;1;
21146;202000013831;154 717 953;A01;3;1;0;0;9;1;5;
21147;202000013832;154 717 951;B01;2;7;0;2;3;1;1;
21148;202000013832;154 717 952;A01;1;7;0;2;3;13;1;
21149;202000013833;154 717 950;A01;1;7;6;0;3;1;1;
21150;202000013834;154 717 948;B01;2;7;0;2;1;0;1;
21151;202000013834;154 717 949;A01;1;7;0;2;1;0;1;
21152;202000013835;154 717 946;A01;2;33;0;2;7;1;1;
21153;202000013835;154 717 947;B01;2;7;0;2;3;9;1;
21154;202000013837;154 717 943;A01;1;7;6;0;1;6;1;
21155;202000013838;154 717 941;B01;2;7;0;2;8;1;1;
21156;202000013838;154 717 942;A01;1;7;0;2;1;19;1;
21157;202000013839;154 717 940;A01;1;1;12;0;0;1;5;
21158;202000013840;154 717 938;A01;1;7;0;2;8;15;1;
21159;202000013840;154 717 939;B01;1;30;0;2;1;13;1;
21160;202000013842;154 717 936;A01;1;33;7;0;1;0;1;
21161;202000013843;154 717 935;A01;2;7;13;0;1;1;1;
21162;202000013844;154 717 933;B01;1;33;0;2;1;9;1;
21163;202000013844;154 717 934;A01;2;7;0;2;6;1;1;
21164;202000013845;154 717 931;A01;2;2;0;2;1;1;1;
21165;202000013845;154 717 932;B01;1;7;0;2;7;1;1;
21166;202000013846;154 717 930;A01;1;7;5;0;1;14;1;
21167;202000013847;154 717 929;A01;1;33;2;0;0;1;1;
21168;202000013848;154 717 928;A01;2;7;15;0;2;1;1;
21169;202000013849;154 717 927;A01;1;2;1;0;1;1;1;
21170;202000013850;154 717 925;B01;2;10;0;2;3;1;1;
21171;202000013850;154 717 926;A01;1;17;0;2;6;1;0;
21172;202000013851;154 717 924;A01;1;7;13;0;0;0;1;
21173;202000013852;154 717 922;A01;0;7;0;2;1;1;1;
21174;202000013852;154 717 923;B01;0;1;0;0;4;1;5;
21175;202000013853;154 717 920;A01;1;7;0;2;2;2;1;
21176;202000013853;154 717 921;B01;1;7;0;0;6;2;1;
21177;202000013855;154 717 916;A01;2;32;0;2;2;17;1;
21178;202000013855;154 717 917;B01;2;7;0;0;8;15;1;
21179;202000013856;154 717 915;A01;3;7;2;1;2;20;1;
21180;202000013857;154 717 914;A01;1;33;13;0;1;1;1;
21181;202000013859;154 717 912;A01;2;7;13;0;1;13;1;
21182;202000013860;154 717 910;B01;1;7;0;2;1;15;1;
21183;202000013860;154 717 911;A01;1;1;0;2;1;1;5;
21184;202000013861;154 717 909;A01;1;7;1;0;2;14;1;
21185;202000013862;154 717 907;B01;3;7;0;2;8;23;1;
21186;202000013862;154 717 908;A01;3;30;0;2;0;14;1;
21187;202000013863;154 717 904;A01;1;33;12;2;3;14;1;
21188;202000013863;154 717 905;C01;2;1;0;2;2;1;5;
21189;202000013863;154 717 906;B01;1;1;0;2;3;1;5;
21190;202000013864;154 717 902;A01;1;32;0;2;1;1;1;
21191;202000013864;154 717 903;Z01;1;7;0;2;1;9;1;
21192;202000013866;154 717 898;A01;1;7;0;2;3;15;1;
21193;202000013866;154 717 899;B01;1;43;0;2;1;1;1;
21194;202000013868;154 717 896;A01;1;30;1;0;5;14;3;
21195;202000013869;154 717 894;B01;1;33;0;2;1;17;1;
21196;202000013869;154 717 895;A01;1;7;0;2;6;13;1;
21197;202000013870;154 717 893;A01;2;1;0;0;1;7;5;
21198;202000013871;154 717 892;A01;1;30;12;0;1;14;1;
21199;202000013872;154 717 890;A01;2;7;0;2;3;10;1;
21200;202000013872;154 717 891;B01;2;80;0;2;3;15;3;
21201;202000013873;154 717 888;B01;0;7;0;2;1;2;1;
21202;202000013873;154 717 889;A01;0;7;0;2;1;11;1;
21203;202000013874;154 717 887;A01;3;7;0;1;1;1;1;
21204;202000013875;154 717 885;B01;2;7;0;2;2;2;1;
21205;202000013875;154 717 886;A01;2;7;0;2;8;20;1;
21206;202000013876;154 717 883;B01;2;1;0;9;2;25;5;
21207;202000013876;154 717 884;A01;1;50;0;9;1;25;3;
21208;202000013877;154 717 882;A01;1;10;0;1;2;1;1;
21209;202000013878;154 717 880;A01;1;7;0;1;3;15;1;
21210;202000013878;154 717 881;B01;2;31;0;0;0;0;1;
21211;202000013879;154 717 879;A01;2;10;0;1;5;26;1;
21212;202000013880;154 717 878;A01;-1;20;7;0;5;4;1;
21213;202000013881;154 717 877;A01;1;10;0;1;2;1;1;
21214;202000013882;154 717 876;A01;0;30;14;9;1;1;1;
21215;202000013883;154 717 870;F01;2;7;1;0;8;3;1;
21216;202000013883;154 717 871;E01;2;7;3;0;7;21;1;
21217;202000013883;154 717 872;D01;2;7;1;0;3;2;1;
21218;202000013883;154 717 873;C01;2;7;1;0;3;2;1;
21219;202000013883;154 717 874;B01;2;7;1;0;2;2;1;
21220;202000013883;154 717 875;A01;2;7;3;6;3;21;1;
21221;202000013885;154 717 866;B01;1;10;0;2;6;15;1;
21222;202000013885;154 717 867;A01;2;32;0;2;1;1;1;
21223;202000013886;154 717 864;B01;2;15;0;2;8;1;1;
21224;202000013886;154 717 865;A01;2;7;0;2;5;15;1;
21225;202000013887;154 717 862;B01;0;39;0;2;2;1;3;
21226;202000013887;154 717 863;A01;3;7;0;4;5;26;1;
21227;202000013888;154 717 860;B01;1;7;0;2;8;1;1;
21228;202000013888;154 717 861;A01;2;7;0;2;8;13;1;
21229;202000013889;154 717 859;A01;0;7;0;1;1;15;1;
21230;202000013890;154 717 858;A01;1;7;0;0;1;1;1;
21231;202000013891;154 717 856;A01;2;2;0;6;3;0;1;
21232;202000013892;154 717 854;A01;2;33;0;2;2;1;1;
21233;202000013892;154 717 855;B01;2;7;0;2;8;26;1;
21234;202000013893;154 717 853;A01;1;7;0;1;1;0;1;
21235;202000013894;154 717 851;A01;1;7;0;2;3;15;1;
21236;202000013894;154 717 852;B01;2;33;0;2;1;1;1;
21237;202000013895;154 717 850;A01;1;7;13;0;1;19;1;
21238;202000013896;154 717 849;A01;1;33;16;0;0;1;1;
21239;202000013897;154 717 848;A01;2;33;0;0;1;1;1;
21240;202000013898;154 717 846;B01;1;7;0;2;3;1;1;
21241;202000013898;154 717 847;A01;2;7;0;2;3;13;1;
21242;202000013899;154 717 845;A01;3;7;13;0;7;1;1;
21243;202000013901;154 717 842;B01;1;33;0;2;1;1;1;
21244;202000013901;154 717 843;A01;1;10;0;2;8;9;1;
21245;202000013902;154 717 841;A01;3;7;0;1;2;2;1;
21246;202000013903;154 717 838;C01;1;7;0;0;4;2;1;
21247;202000013903;154 717 839;B01;1;7;0;0;4;2;1;
21248;202000013903;154 717 840;A01;1;7;0;2;1;2;1;
21249;202000013904;154 717 836;B01;1;15;0;0;4;2;0;
21250;202000013904;154 717 837;A01;1;7;0;2;1;2;0;
21251;202000013905;154 717 833;A01;3;7;0;2;3;13;1;
21252;202000013905;154 717 834;B01;0;7;0;2;3;1;1;
21253;202000013906;154 717 832;A01;2;7;0;0;9;0;1;
21254;202000013907;154 717 830;A01;1;17;0;2;5;19;1;
21255;202000013907;154 717 831;B01;1;10;0;2;1;1;1;
21256;202000013908;154 717 829;A01;2;33;16;0;1;17;0;
21257;202000013909;154 717 827;B01;1;33;0;2;1;17;1;
21258;202000013909;154 717 828;A01;2;7;0;2;3;15;1;
21259;202000013910;154 717 826;A01;1;33;0;0;1;0;1;
21260;202000013911;154 717 824;B01;2;7;0;2;3;13;1;
21261;202000013911;154 717 825;A01;1;7;0;2;3;1;0;
21262;202000013912;154 717 823;A01;1;7;2;0;1;13;1;
21263;202000013913;154 717 821;B01;1;7;6;0;8;1;1;
21264;202000013913;154 717 822;A01;3;7;0;2;2;9;1;
21265;202000013914;154 717 819;A01;0;7;0;2;3;13;0;
21266;202000013914;154 717 820;B01;0;7;0;2;3;1;0;
21267;202000013915;154 717 817;B01;2;33;0;2;1;1;1;
21268;202000013915;154 717 818;A01;1;7;0;2;2;15;1;
21269;202000013916;154 717 816;A01;2;7;8;0;1;13;1;
21270;202000013917;154 717 815;A01;2;7;14;0;1;1;1;
21271;202000013918;154 717 814;A01;1;7;2;0;3;13;1;
21272;202000013919;154 717 812;B01;1;7;0;2;1;1;1;
21273;202000013919;154 717 813;A01;1;7;0;2;1;17;1;
21274;202000013920;154 717 810;B01;1;17;0;2;1;2;1;
21275;202000013920;154 717 811;A01;1;7;0;2;4;1;1;
21276;202000013921;154 717 808;A01;1;7;0;2;6;1;1;
21277;202000013921;154 717 809;B01;2;7;0;2;2;14;1;
21278;202000013922;154 717 804;D01;1;7;0;2;1;2;1;
21279;202000013922;154 717 805;C01;1;7;0;2;4;2;1;
21280;202000013922;154 717 806;B01;1;7;0;2;4;2;1;
21281;202000013922;154 717 807;A01;1;7;0;2;4;2;1;
21282;202000013923;154 717 803;A01;1;7;4;0;1;1;1;
21283;202000013924;154 717 802;A01;1;7;4;0;1;1;1;
21284;202000013925;154 717 801;A01;1;7;3;2;3;2;1;
21285;202000013926;154 717 800;A01;2;7;4;0;1;26;1;
21286;202000013927;154 717 798;A01;1;7;0;2;7;9;1;
21287;202000013927;154 717 799;B01;1;33;4;2;5;2;1;
21288;202000013928;154 717 797;A01;1;7;4;0;1;1;1;
21289;202000013929;154 717 794;C01;2;7;0;2;1;2;1;
21290;202000013929;154 717 795;B01;2;7;0;2;4;2;1;
21291;202000013929;154 717 796;A01;2;7;0;2;4;1;1;
21292;202000013931;154 717 792;A01;1;7;4;0;0;0;1;
21293;202000013934;154 717 787;B01;3;10;0;2;3;1;1;
21294;202000013934;154 717 788;A01;3;30;0;2;1;2;1;
21295;202000013935;154 717 786;A01;1;7;0;1;2;1;6;
21296;202000013936;154 717 784;A01;0;7;0;0;8;15;1;
21297;202000013936;154 717 785;B01;0;2;0;0;1;3;1;
21298;202000013937;154 717 783;A01;-1;7;0;1;2;1;1;
21299;202000013940;154 717 778;A01;1;7;0;0;4;1;1;
21300;202000013940;154 717 779;B01;1;7;0;2;1;2;1;
21301;202000013941;154 717 776;A01;1;7;0;2;1;9;1;
21302;202000013941;154 717 777;B01;1;2;0;2;2;1;1;
21303;202000013943;154 717 773;A01;2;7;10;0;9;2;1;
21304;202000013944;154 717 772;A01;1;7;0;0;0;26;0;
21305;202000013945;154 717 770;A01;1;30;0;2;1;1;1;
21306;202000013945;154 717 771;B01;1;7;0;2;7;1;1;
21307;202000013946;154 717 768;B01;3;1;0;2;1;0;5;
21308;202000013946;154 717 769;A01;3;7;0;2;2;13;1;
21309;202000013947;154 717 766;B01;2;1;0;2;0;0;0;
21310;202000013947;154 717 767;A01;3;7;0;2;7;12;0;
21311;202000013948;154 717 764;A01;1;7;0;2;8;1;1;
21312;202000013948;154 717 765;B01;1;7;0;2;1;1;1;
21313;202000013949;154 717 763;A01;2;31;12;0;1;1;6;
21314;202000013950;154 717 762;A01;1;7;0;1;1;26;6;
21315;202000013951;154 717 760;A01;0;2;0;2;1;1;1;
21316;202000013951;154 717 761;B01;0;7;0;2;2;15;1;
21317;202000013952;154 717 758;B01;1;33;0;2;1;1;1;
21318;202000013952;154 717 759;A01;1;7;0;2;8;19;1;
21319;202000013953;154 717 757;A01;1;7;0;1;2;17;0;
21320;202000013954;154 717 756;A01;1;31;1;0;0;14;1;
21321;202000013955;154 717 754;B01;1;7;0;2;1;16;1;
21322;202000013955;154 717 755;A01;2;7;0;2;1;15;1;
21323;202000013956;154 717 752;B01;1;7;0;2;2;15;1;
21324;202000013956;154 717 753;A01;1;7;0;2;3;13;1;
21325;202000013957;154 717 750;A01;3;1;0;2;8;2;5;
21326;202000013957;154 717 751;B01;3;7;0;2;7;17;1;
21327;202000013958;154 717 748;A01;1;33;0;2;1;2;1;
21328;202000013958;154 717 749;B01;1;7;0;2;4;2;1;
21329;202000013960;154 717 744;B01;3;7;0;2;4;1;1;
21330;202000013960;154 717 745;A01;3;33;0;2;1;1;1;
21331;202000013961;154 717 743;A01;3;7;12;0;1;2;0;
21332;202000013962;154 717 741;B01;1;37;0;2;2;1;0;1.0
21333;202000013962;154 717 742;A01;1;7;0;2;1;19;0;
21334;202000013963;154 717 740;A01;2;7;14;0;1;13;1;
21335;202000013964;154 717 738;B01;1;2;0;2;3;2;1;
21336;202000013964;154 717 739;A01;1;7;0;2;5;17;1;
21337;202000013965;154 717 735;A01;2;7;0;1;3;15;1;
21338;202000013966;154 717 733;A01;0;7;0;2;1;1;1;
21339;202000013966;154 717 734;B01;3;7;0;2;4;1;1;
21340;202000013967;154 717 731;B01;1;7;0;0;0;0;0;
21341;202000013967;154 717 732;A01;1;33;3;2;2;9;1;
21342;202000013968;154 717 729;A01;3;30;0;2;1;1;1;
21343;202000013968;154 717 730;B01;3;7;0;9;1;1;1;
21344;202000013969;154 717 726;A01;2;7;0;2;4;2;1;
21345;202000013969;154 717 727;B01;2;3;0;2;1;1;1;
21346;202000013969;154 717 728;C01;1;7;0;2;1;1;1;
21347;202000013970;154 717 724;A01;1;7;0;2;2;2;1;
21348;202000013970;154 717 725;B01;1;7;0;2;4;2;1;
21349;202000013971;154 717 721;C01;1;7;0;2;4;1;1;
21350;202000013971;154 717 722;B01;1;7;0;2;1;2;1;
21351;202000013971;154 717 723;A01;1;7;0;2;1;2;1;
21352;202000013972;154 717 718;A01;1;43;8;0;2;0;1;
21353;202000013973;154 717 716;B01;2;20;0;2;1;1;1;
21354;202000013973;154 717 717;A01;1;7;0;2;3;19;1;
21355;202000013974;154 717 714;A01;1;7;0;2;3;0;0;
21356;202000013974;154 717 715;B01;1;7;0;2;4;0;0;
21357;202000013975;154 717 712;B01;3;32;0;2;7;2;1;
21358;202000013975;154 717 713;A01;3;7;0;2;8;17;1;
21359;202000013976;154 717 711;A01;1;7;0;1;0;26;0;
21360;202000013977;154 717 709;B01;1;7;0;2;2;1;1;
21361;202000013977;154 717 710;A01;2;30;0;2;1;15;3;
21362;202000013978;154 717 706;A01;2;7;0;2;1;2;1;
21363;202000013978;154 717 707;B01;2;7;0;2;4;2;1;
21364;202000013978;154 717 708;C01;2;7;0;2;4;2;1;
21365;202000013979;154 717 704;B01;3;1;0;0;0;0;5;
21366;202000013979;154 717 705;A01;3;7;0;0;0;0;1;
21367;202000013980;154 717 701;Z01;1;10;0;2;5;1;0;
21368;202000013980;154 717 702;A01;1;33;0;2;3;13;1;
21369;202000013980;154 717 703;B01;1;7;0;2;3;1;1;
21370;202000013981;154 717 699;B01;2;10;0;2;5;1;1;
21371;202000013981;154 717 700;A01;2;31;0;2;3;12;1;
21372;202000013982;154 717 697;B01;1;7;0;2;4;1;1;
21373;202000013982;154 717 698;A01;1;7;0;2;1;1;1;
21374;202000013983;154 717 695;B01;1;7;0;2;5;12;1;
21375;202000013983;154 717 696;A01;1;43;0;2;1;3;1;
21376;202000013984;154 717 693;A01;1;30;0;2;3;18;1;
21377;202000013984;154 717 694;B01;1;7;0;2;5;22;1;
21378;202000013985;154 717 691;A01;2;30;0;2;3;17;1;
21379;202000013985;154 717 692;B01;2;1;0;2;0;15;5;
21380;202000013986;154 717 689;Z01;1;7;0;2;1;5;1;
21381;202000013986;154 717 690;A01;2;1;0;2;1;1;5;
21382;202000013987;154 717 687;B01;1;33;0;2;1;1;1;
21383;202000013987;154 717 688;A01;1;7;0;2;8;1;1;
21384;202000013988;154 717 686;A01;3;32;0;0;2;16;1;
21385;202000013989;154 717 684;A01;1;30;0;2;8;18;1;
21386;202000013989;154 717 685;B01;1;7;0;2;2;1;1;
21387;202000013990;154 717 682;A01;1;7;0;2;8;22;1;
21388;202000013990;154 717 683;B01;1;1;0;2;1;1;5;
21389;202000013991;154 717 680;A01;2;30;0;2;2;1;1;
21390;202000013991;154 717 681;B01;2;7;0;2;6;9;1;
21391;202000013992;154 717 679;A01;1;32;1;0;1;14;1;
21392;202000013993;154 717 677;A01;1;7;7;2;0;1;1;
21393;202000013993;154 717 678;Z01;3;30;0;2;0;1;0;
21394;202000013994;154 717 675;A01;1;7;0;2;2;15;1;
21395;202000013994;154 717 676;B01;2;1;0;2;1;1;5;
21396;202000013995;154 717 672;A01;2;10;0;2;1;15;1;
21397;202000013995;154 717 673;B01;1;7;0;2;1;1;1;
21398;202000013995;154 717 674;C01;2;7;0;2;3;15;1;
21399;202000013996;154 717 670;B01;2;30;0;2;1;1;1;
21400;202000013996;154 717 671;A01;2;7;0;2;3;9;1;
21401;202000013997;154 717 669;A01;2;32;1;0;1;1;1;
21402;202000013998;154 717 667;A01;1;7;0;2;0;16;1;
21403;202000013998;154 717 668;B01;2;1;0;2;0;1;5;
21404;202000013999;154 717 666;A01;1;1;14;0;1;13;5;
21405;202000014000;154 717 663;A01;1;7;0;2;4;1;1;
21406;202000014000;154 717 664;B01;1;7;0;2;1;1;1;
21407;202000014000;154 717 665;C01;1;7;0;2;1;1;1;
21408;202000014001;154 717 661;B01;1;7;0;2;7;16;1;
21409;202000014001;154 717 662;A01;1;31;0;2;1;18;1;
21410;202000014002;154 717 659;A01;1;7;0;2;0;0;0;
21411;202000014002;154 717 660;B01;1;10;0;2;0;0;0;
21412;202000014003;154 717 658;A01;1;34;0;1;1;1;1;
21413;202000014004;154 717 656;B01;-1;33;0;2;1;1;1;
21414;202000014004;154 717 657;A01;-1;7;0;2;8;10;1;
21415;202000014005;154 717 654;A01;1;10;0;2;2;17;6;
21416;202000014005;154 717 655;B01;1;37;0;2;3;15;0;1.0
21417;202000014006;154 717 652;A01;1;7;0;2;2;1;0;
21418;202000014006;154 717 653;B01;3;7;0;2;1;15;0;
21419;202000014007;154 717 650;A01;1;7;0;0;4;23;1;
21420;202000014007;154 717 651;B01;1;7;0;2;1;2;1;
21421;202000014008;154 717 648;B01;1;7;0;2;2;1;1;
21422;202000014008;154 717 649;A01;3;7;0;2;3;9;1;
21423;202000014009;154 717 645;A01;1;7;0;2;1;26;1;
21424;202000014009;154 717 646;B01;1;7;1;0;4;2;1;
21425;202000014009;154 717 647;C01;1;7;0;2;4;23;1;
21426;202000014010;154 717 644;A01;2;7;4;0;9;12;0;
21427;202000014011;154 717 642;A01;1;7;0;2;1;26;1;