;Num_Acc;id_vehicule;num_veh;senc;catv;obs;obsm;choc;manv;motor;occutc
21428;202000014011;154 717 643;B01;1;7;0;2;8;1;1;
21429;202000014012;154 717 640;A01;1;7;0;2;2;24;1;
21430;202000014012;154 717 641;B01;1;2;0;2;8;18;1;
21431;202000014013;154 717 639;A01;1;7;0;1;2;1;1;
21432;202000014014;154 717 638;A01;2;7;17;0;1;0;1;
21433;202000014015;154 717 636;B01;2;7;0;0;8;15;0;
21434;202000014015;154 717 637;A01;2;7;0;2;1;17;1;
21435;202000014016;154 717 635;A01;2;99;0;1;3;1;3;
21436;202000014017;154 717 634;A01;0;7;17;0;1;1;1;
21437;202000014018;154 717 633;A01;1;31;7;9;3;13;1;
21438;202000014019;154 717 632;A01;1;2;12;0;1;26;1;
21439;202000014020;154 717 630;A01;2;7;3;0;0;0;1;
21440;202000014020;154 717 631;B01;2;7;3;1;0;0;1;
21441;202000014021;154 717 629;A01;2;17;3;0;7;1;1;
21442;202000014022;154 717 628;A01;3;2;12;0;9;1;1;
21443;202000014023;154 717 626;B01;1;2;0;2;1;13;1;
21444;202000014023;154 717 627;A01;2;7;0;2;2;1;1;
21445;202000014024;154 717 625;A01;2;7;13;0;2;0;1;
21446;202000014025;154 717 624;A01;2;7;7;0;1;1;1;
21447;202000014026;154 717 621;B01;1;7;0;0;1;2;1;
21448;202000014026;154 717 622;A01;1;7;0;2;2;2;1;
21449;202000014026;154 717 623;C01;1;7;0;0;6;2;1;
21450;202000014027;154 717 620;A01;3;7;13;0;3;1;1;
21451;202000014028;154 717 618;A01;1;33;0;2;7;1;1;
21452;202000014028;154 717 619;B01;1;7;0;2;3;13;1;
21453;202000014029;154 717 617;A01;1;7;15;0;2;14;1;
21454;202000014030;154 717 615;B01;1;7;0;2;7;17;1;
21455;202000014030;154 717 616;A01;1;31;0;2;8;1;1;
21456;202000014031;154 717 613;B01;1;7;0;2;3;13;1;
21457;202000014031;154 717 614;A01;2;7;0;2;3;13;1;
21458;202000014032;154 717 611;A01;1;7;0;2;1;13;1;
21459;202000014032;154 717 612;B01;2;7;0;2;1;1;1;
21460;202000014033;154 717 608;C01;1;7;0;2;8;1;1;
21461;202000014033;154 717 609;A01;1;33;0;2;7;17;1;
21462;202000014033;154 717 610;B01;2;7;0;2;3;1;1;
21463;202000014034;154 717 607;A01;1;7;0;0;0;1;1;
21464;202000014035;154 717 605;A01;1;7;0;2;1;13;1;
21465;202000014035;154 717 606;B01;2;7;0;2;1;1;1;
21466;202000014036;154 717 604;A01;2;10;0;1;2;1;0;
21467;202000014037;154 717 603;A01;1;7;0;0;0;1;0;
21468;202000014038;154 717 602;A01;1;7;6;0;1;1;1;
21469;202000014039;154 717 600;B01;0;1;0;2;1;1;5;
21470;202000014039;154 717 601;A01;2;7;0;2;3;1;1;
21471;202000014040;154 717 598;A01;2;7;0;2;3;2;1;
21472;202000014040;154 717 599;B01;2;7;0;0;4;2;1;
21473;202000014041;154 717 597;A01;1;33;12;0;1;14;1;
21474;202000014042;154 717 595;A01;2;10;0;2;8;17;1;
21475;202000014042;154 717 596;B01;2;33;0;2;7;17;1;
21476;202000014043;154 717 593;A01;1;10;0;2;2;1;1;
21477;202000014043;154 717 594;B01;1;50;0;2;4;1;3;
21478;202000014044;154 717 591;A01;1;7;0;0;4;23;1;
21479;202000014044;154 717 592;B01;1;7;0;2;1;1;1;
21480;202000014045;154 717 589;A01;2;7;0;2;1;13;1;
21481;202000014045;154 717 590;B01;1;7;0;2;1;1;1;
21482;202000014046;154 717 587;A01;3;31;0;2;0;5;1;
21483;202000014046;154 717 588;C01;1;7;0;2;3;15;-1;
21484;202000014047;154 717 585;A01;1;7;8;2;1;17;1;
21485;202000014047;154 717 586;B01;1;2;0;2;4;15;1;
21486;202000014050;154 717 580;B01;2;1;0;2;6;1;0;
21487;202000014050;154 717 581;A01;1;7;0;2;1;10;1;
21488;202000014051;154 717 579;A01;1;33;0;0;7;16;1;
21489;202000014052;154 717 578;A01;2;7;2;0;3;13;1;
21490;202000014053;154 717 575;A01;2;7;0;2;1;13;1;
21491;202000014053;154 717 576;B01;1;7;0;2;1;1;1;
21492;202000014053;154 717 577;C01;1;7;0;2;1;1;1;
21493;202000014054;154 717 574;A01;1;33;3;0;8;26;1;
21494;202000014056;154 717 571;A01;3;7;1;1;6;14;0;
21495;202000014056;154 717 572;B01;1;7;1;1;6;20;6;
21496;202000014057;154 717 570;A01;1;7;0;1;0;21;0;
21497;202000014058;154 717 568;B01;1;7;0;2;3;1;1;
21498;202000014058;154 717 569;A01;1;7;0;2;2;1;1;
21499;202000014059;154 717 567;A01;0;7;6;2;9;21;1;
21500;202000014061;154 717 565;A01;1;7;8;0;1;20;1;
21501;202000014062;154 717 563;A01;1;7;7;2;2;1;1;
21502;202000014062;154 717 564;B01;2;7;7;2;1;0;1;
21503;202000014063;154 717 562;Z01;2;7;0;1;1;1;0;
21504;202000014064;154 717 561;A01;1;7;0;1;2;1;0;
21505;202000014065;154 717 560;A01;2;7;6;0;1;17;1;
21506;202000014066;154 717 559;A01;3;7;0;1;3;26;1;
21507;202000014068;154 717 557;A01;0;7;2;0;1;1;0;
21508;202000014069;154 717 555;A01;2;10;0;2;3;15;1;
21509;202000014069;154 717 556;B01;2;7;0;2;1;1;1;
21510;202000014070;154 717 554;A01;0;7;4;0;1;1;1;
21511;202000014071;154 717 552;B01;0;7;0;2;3;1;1;
21512;202000014071;154 717 553;A01;0;7;0;2;1;13;1;
21513;202000014072;154 717 551;A01;2;10;8;0;8;12;1;
21514;202000014073;154 717 550;A01;2;1;0;0;1;14;5;
21515;202000014074;154 717 549;A01;1;7;0;1;3;1;1;
21516;202000014076;154 717 546;B01;2;33;0;2;6;1;1;
21517;202000014076;154 717 547;A01;2;30;0;2;6;1;1;
21518;202000014077;154 717 544;B01;-1;7;0;2;7;1;0;
21519;202000014077;154 717 545;A01;-1;7;14;2;1;19;0;
21520;202000014078;154 717 542;A01;2;7;0;2;7;1;1;
21521;202000014078;154 717 543;B01;2;2;0;2;6;13;1;
21522;202000014079;154 717 541;A01;0;7;14;0;0;9;1;
21523;202000014080;154 717 539;B01;0;32;0;2;1;1;1;
21524;202000014080;154 717 540;A01;0;1;0;2;3;15;5;
21525;202000014081;154 717 537;A01;1;7;0;2;4;1;0;
21526;202000014081;154 717 538;B01;1;30;0;2;1;1;0;
21527;202000014082;154 717 535;B01;1;7;0;2;8;19;1;
21528;202000014082;154 717 536;A01;1;7;0;2;1;19;1;
21529;202000014084;154 717 533;A01;0;7;0;0;0;14;1;
21530;202000014085;154 717 532;A01;1;7;13;0;0;1;1;
21531;202000014086;154 717 531;A01;0;2;12;0;1;2;0;
21532;202000014087;154 717 530;A01;1;7;0;1;2;0;1;
21533;202000014088;154 717 526;A01;0;7;0;2;2;0;1;
21534;202000014088;154 717 527;B01;0;7;0;0;6;1;1;
21535;202000014088;154 717 528;C01;0;7;0;2;1;1;1;
21536;202000014088;154 717 529;D01;0;7;0;2;8;0;1;
21537;202000014089;154 717 524;B01;2;7;0;2;3;1;1;
21538;202000014089;154 717 525;A01;1;7;0;2;1;13;1;
21539;202000014090;154 717 522;B01;1;2;0;2;8;2;1;
21540;202000014090;154 717 523;A01;1;2;6;2;2;2;1;
21541;202000014091;154 717 520;A01;1;7;0;2;5;17;1;
21542;202000014091;154 717 521;B01;1;7;13;0;3;1;1;
21543;202000014092;154 717 519;A01;1;7;13;0;2;1;1;
21544;202000014093;154 717 518;A01;1;33;0;0;9;1;1;
21545;202000014094;154 717 516;A01;2;7;0;2;3;17;1;
21546;202000014094;154 717 517;B01;2;1;0;2;4;1;5;
21547;202000014095;154 717 514;B01;0;7;0;2;8;14;0;
21548;202000014095;154 717 515;A01;0;10;0;2;3;19;0;
21549;202000014096;154 717 511;A01;1;33;0;2;3;0;1;
21550;202000014096;154 717 512;B01;2;7;0;2;3;1;1;
21551;202000014097;154 717 510;A01;0;10;0;1;4;4;1;
21552;202000014098;154 717 508;B01;3;2;0;2;8;9;1;
21553;202000014098;154 717 509;A01;1;7;0;2;2;1;1;
21554;202000014099;154 717 505;A01;1;7;0;2;3;17;1;
21555;202000014099;154 717 506;C01;1;7;0;2;8;2;1;
21556;202000014099;154 717 507;B01;2;7;0;2;3;1;1;
21557;202000014100;154 717 504;A01;1;7;12;0;1;14;1;
21558;202000014101;154 717 503;A01;1;2;0;0;1;1;1;
21559;202000014102;154 717 502;A01;1;7;2;0;9;1;1;
21560;202000014103;154 717 500;B01;2;7;0;9;1;1;1;
21561;202000014103;154 717 501;A01;1;21;0;9;6;1;1;
21562;202000014104;154 717 499;A01;2;7;17;0;1;1;1;
21563;202000014105;154 717 498;A01;2;2;13;0;1;14;1;
21564;202000014106;154 717 496;B01;1;1;0;2;1;5;5;
21565;202000014106;154 717 497;A01;2;7;0;0;3;1;1;
21566;202000014107;154 717 495;A01;1;7;0;1;2;1;1;
21567;202000014108;154 717 494;A01;1;15;0;0;7;14;1;
21568;202000014109;154 717 490;B01;1;7;0;2;0;1;1;
21569;202000014109;154 717 491;C01;1;7;0;2;0;1;1;
21570;202000014109;154 717 492;A01;1;7;0;0;4;1;1;
21571;202000014109;154 717 493;D01;1;7;0;2;1;1;1;
21572;202000014110;154 717 485;C01;1;7;0;2;4;1;1;
21573;202000014110;154 717 486;B01;1;7;0;2;4;1;1;
21574;202000014110;154 717 487;A01;1;7;0;2;1;1;1;
21575;202000014110;154 717 488;E01;1;7;0;0;4;1;1;
21576;202000014110;154 717 489;D01;1;7;0;2;4;1;1;
21577;202000014111;154 717 484;A01;1;7;2;0;2;14;1;
21578;202000014112;154 717 483;A01;1;7;2;0;1;1;1;
21579;202000014114;154 717 479;B01;1;7;0;2;1;2;1;
21580;202000014114;154 717 480;A01;1;1;0;0;4;2;5;
21581;202000014115;154 717 476;A01;3;7;6;0;1;0;1;
21582;202000014116;154 717 474;A01;1;7;0;2;1;1;1;
21583;202000014116;154 717 475;B01;2;7;0;2;1;1;1;
21584;202000014117;154 717 473;A01;0;7;0;1;1;26;1;
21585;202000014118;154 717 471;A01;2;33;0;2;1;1;1;
21586;202000014118;154 717 472;B01;1;7;0;2;1;19;1;
21587;202000014119;154 717 470;A01;2;7;13;0;1;1;1;
21588;202000014120;154 717 466;Z01;2;7;0;2;0;0;0;
21589;202000014120;154 717 467;C01;2;7;0;2;2;1;1;
21590;202000014120;154 717 468;A01;2;7;0;2;0;1;1;
21591;202000014120;154 717 469;B01;2;7;14;2;1;1;1;
21592;202000014121;154 717 465;A01;2;7;4;0;3;2;1;
21593;202000014122;154 717 463;A01;1;7;0;2;3;13;0;
21594;202000014122;154 717 464;B01;1;7;0;2;2;2;0;
21595;202000014123;154 717 461;A01;2;7;0;2;2;21;0;
21596;202000014123;154 717 462;B01;2;10;0;2;6;1;0;
21597;202000014124;154 717 459;B01;2;2;0;2;1;1;1;
21598;202000014124;154 717 460;A01;1;7;0;2;7;15;1;
21599;202000014125;154 717 457;B01;3;7;0;2;8;15;1;
21600;202000014125;154 717 458;A01;3;30;0;2;8;1;1;
21601;202000014126;154 717 456;A01;2;7;0;1;5;20;1;
21602;202000014127;154 717 454;B01;-1;7;0;2;8;2;1;
21603;202000014127;154 717 455;A01;3;7;0;2;1;9;1;
21604;202000014128;154 717 452;A01;2;1;0;2;1;1;5;
21605;202000014128;154 717 453;B01;2;10;0;2;6;1;1;
21606;202000014129;154 717 450;A01;1;7;0;2;3;26;1;
21607;202000014129;154 717 451;B01;2;60;0;2;0;0;5;
21608;202000014130;154 717 449;A01;3;50;0;1;1;0;3;
21609;202000014131;154 717 448;A01;1;10;0;1;3;1;1;
21610;202000014132;154 717 446;B01;2;7;0;2;1;1;1;
21611;202000014132;154 717 447;A01;1;7;0;2;1;13;1;
21612;202000014133;154 717 444;B01;1;7;0;2;8;1;1;
21613;202000014133;154 717 445;A01;1;3;0;2;1;9;1;
21614;202000014134;154 717 442;B01;0;1;0;2;0;0;5;
21615;202000014134;154 717 443;A01;0;10;0;2;3;0;1;
21616;202000014135;154 717 441;A01;2;7;0;1;4;25;1;
21617;202000014136;154 717 440;A01;2;7;6;0;1;14;1;
21618;202000014137;154 717 439;A01;1;37;0;1;2;26;1;1.0
21619;202000014138;154 717 438;A01;1;7;0;1;3;1;1;
21620;202000014139;154 717 434;A01;0;7;0;1;2;1;1;
21621;202000014140;154 717 430;A01;0;10;0;2;3;11;1;
21622;202000014140;154 717 431;B01;0;7;0;2;5;1;1;
21623;202000014140;154 717 432;C01;0;7;0;2;8;23;1;
21624;202000014140;154 717 433;D01;0;15;0;2;3;23;1;
21625;202000014141;154 717 428;A01;2;7;0;2;3;13;1;
21626;202000014141;154 717 429;B01;1;7;0;2;3;1;1;
21627;202000014142;154 717 426;B01;2;7;0;2;1;15;1;
21628;202000014142;154 717 427;A01;2;7;0;2;7;1;1;
21629;202000014143;154 717 424;A01;1;7;0;2;2;15;1;
21630;202000014143;154 717 425;B01;2;7;0;2;3;1;1;
21631;202000014144;154 717 422;B01;1;33;0;2;1;1;1;
21632;202000014144;154 717 423;A01;2;7;0;2;2;15;1;
21633;202000014145;154 717 420;B01;2;7;0;2;0;0;0;
21634;202000014145;154 717 421;A01;2;33;0;2;0;17;1;
21635;202000014146;154 717 419;B01;2;7;0;1;2;19;0;
21636;202000014147;154 717 418;A01;1;30;0;1;1;17;0;
21637;202000014148;154 717 417;A01;1;7;0;1;3;1;1;
21638;202000014149;154 717 414;A01;1;7;0;2;2;1;1;
21639;202000014149;154 717 415;C01;1;7;0;2;6;1;1;
21640;202000014149;154 717 416;B01;1;2;0;2;1;1;1;
21641;202000014151;154 717 411;B01;1;50;0;2;1;1;3;
21642;202000014151;154 717 412;A01;1;7;0;9;1;15;1;
21643;202000014152;154 717 409;B01;1;37;0;2;3;1;1;1.0
21644;202000014152;154 717 410;A01;1;7;0;2;0;7;1;
21645;202000014153;154 717 407;A01;1;7;0;2;1;2;1;
21646;202000014153;154 717 408;B01;1;7;0;2;4;2;1;
21647;202000014154;154 717 406;A01;1;7;0;1;8;1;1;
21648;202000014155;154 717 403;C01;1;7;0;2;4;23;0;
21649;202000014155;154 717 404;B01;1;7;0;2;4;23;1;
21650;202000014155;154 717 405;A01;1;7;0;2;1;2;1;
21651;202000014156;154 717 402;A01;1;1;13;0;0;1;5;
21652;202000014157;154 717 400;A01;1;1;0;2;1;1;5;
21653;202000014157;154 717 401;B01;1;7;0;2;1;1;1;
21654;202000014158;154 717 398;A01;2;7;0;2;1;13;1;
21655;202000014158;154 717 399;B01;1;30;0;2;1;1;3;
21656;202000014159;154 717 396;A01;3;7;0;2;2;16;1;
21657;202000014159;154 717 397;B01;3;30;0;2;1;1;1;
21658;202000014160;154 717 394;A01;3;7;0;2;2;2;1;
21659;202000014160;154 717 395;B01;3;2;0;0;4;1;1;
21660;202000014162;154 717 392;Z01;2;2;0;1;7;19;3;
21661;202000014163;154 717 391;A01;2;7;13;0;0;1;1;
21662;202000014164;154 717 390;A01;3;7;0;1;1;15;1;
21663;202000014165;154 717 388;B01;2;7;0;2;1;1;1;
21664;202000014165;154 717 389;A01;1;7;0;2;3;1;1;
21665;202000014166;154 717 386;A01;3;31;0;2;7;19;1;
21666;202000014166;154 717 387;B01;3;33;0;2;1;1;1;
21667;202000014167;154 717 384;B01;1;7;0;2;8;1;1;
21668;202000014167;154 717 385;A01;1;7;0;2;1;15;1;
21669;202000014168;154 717 382;B01;0;1;0;2;1;1;5;
21670;202000014168;154 717 383;A01;0;7;0;2;3;9;1;
21671;202000014169;154 717 381;A01;1;37;0;1;2;1;1;1.0
21672;202000014170;154 717 380;A01;3;7;0;1;3;26;1;
21673;202000014171;154 717 378;A01;2;7;0;2;2;16;1;
21674;202000014171;154 717 379;B01;2;2;0;2;1;1;1;
21675;202000014172;154 717 376;A01;0;7;0;2;1;23;1;
21676;202000014172;154 717 377;B01;0;14;0;0;0;0;1;
21677;202000014173;154 717 374;B01;3;2;0;2;2;17;0;
21678;202000014173;154 717 375;A01;3;7;0;2;3;15;0;
21679;202000014174;154 717 373;A01;1;7;0;1;1;26;1;
21680;202000014175;154 717 372;A01;2;7;0;1;1;1;1;
21681;202000014176;154 717 370;B01;2;30;0;2;1;1;1;
21682;202000014176;154 717 371;A01;2;7;0;2;7;9;1;
21683;202000014177;154 717 369;A01;1;7;4;0;1;14;1;
21684;202000014178;154 717 367;A01;3;7;0;2;1;2;1;
21685;202000014178;154 717 368;B01;3;7;0;2;4;2;1;
21686;202000014179;154 717 365;B01;2;7;0;2;3;26;1;
21687;202000014179;154 717 366;A01;1;30;0;2;1;15;1;
21688;202000014180;154 717 363;A01;1;7;0;2;1;13;1;
21689;202000014180;154 717 364;B01;2;30;0;2;1;1;1;
21690;202000014181;154 717 362;A01;3;7;0;1;1;26;1;
21691;202000014182;154 717 361;A01;2;43;0;1;1;1;1;
21692;202000014183;154 717 358;A01;1;10;0;2;1;26;1;
21693;202000014183;154 717 359;B01;1;7;0;9;4;23;1;
21694;202000014183;154 717 360;C01;1;15;0;2;4;23;1;
21695;202000014184;154 717 357;A01;2;7;7;0;1;21;1;
21696;202000014185;154 717 355;B01;1;10;0;2;8;1;1;
21697;202000014185;154 717 356;A01;2;7;0;2;1;13;1;
21698;202000014186;154 717 353;B01;1;37;0;2;2;1;1;1.0
21699;202000014186;154 717 354;A01;2;7;0;2;3;1;1;
21700;202000014187;154 717 352;A01;3;37;9;0;3;14;1;1.0
21701;202000014188;154 717 350;A01;2;7;0;2;8;22;1;
21702;202000014188;154 717 351;B01;2;50;0;2;1;1;3;
21703;202000014189;154 717 348;A01;1;32;0;2;1;1;1;
21704;202000014189;154 717 349;B01;1;7;0;2;6;12;1;
21705;202000014190;154 717 347;A01;1;7;0;1;2;24;1;
21706;202000014191;154 717 346;A01;1;2;0;1;0;18;0;
21707;202000014192;154 717 344;A01;2;10;0;2;3;10;1;
21708;202000014192;154 717 345;B01;2;43;0;2;2;1;1;
21709;202000014194;154 717 341;A01;2;30;0;2;1;1;1;
21710;202000014194;154 717 342;B01;2;7;0;2;4;1;1;
21711;202000014195;154 717 339;B01;3;10;0;2;3;9;1;
21712;202000014195;154 717 340;A01;2;30;0;2;1;17;1;
21713;202000014196;154 717 337;A01;1;7;0;2;0;15;1;
21714;202000014196;154 717 338;B01;2;7;0;2;0;16;1;
21715;202000014197;154 717 336;A01;1;10;0;0;1;1;1;
21716;202000014198;154 717 335;A01;3;10;0;1;4;4;0;
21717;202000014199;154 717 334;A01;2;32;0;0;7;1;1;
21718;202000014200;154 717 333;A01;1;34;8;0;1;1;0;
21719;202000014201;154 717 331;A01;1;80;1;0;1;25;3;
21720;202000014201;154 717 332;B01;2;7;0;9;8;24;1;
21721;202000014202;154 717 329;B01;3;31;0;1;1;1;1;
21722;202000014202;154 717 330;A01;3;7;1;0;6;20;1;
21723;202000014203;154 717 328;A01;1;38;0;1;3;1;1;1.0
21724;202000014204;154 717 327;A01;2;1;14;0;0;9;5;
21725;202000014205;154 717 326;A01;1;7;0;1;1;1;1;
21726;202000014206;154 717 324;A01;-1;2;0;2;1;1;1;
21727;202000014206;154 717 325;B01;-1;7;0;2;1;11;1;
21728;202000014207;154 717 322;A01;0;7;0;2;3;15;1;
21729;202000014207;154 717 323;B01;3;7;0;2;3;2;1;
21730;202000014209;154 717 318;B01;0;32;0;2;3;0;0;
21731;202000014209;154 717 319;A01;0;7;0;2;1;15;0;
21732;202000014210;154 717 317;A01;1;60;14;0;0;17;5;
21733;202000014211;154 717 316;A01;2;34;12;0;3;21;1;
21734;202000014212;154 717 315;A01;0;7;1;0;1;14;2;
21735;202000014213;154 717 313;B01;1;32;0;2;1;3;1;
21736;202000014213;154 717 314;A01;1;7;0;2;8;1;1;
21737;202000014214;154 717 311;B01;1;33;1;2;1;1;1;
21738;202000014214;154 717 312;A01;1;7;1;2;7;15;1;
21739;202000014215;154 717 308;B01;1;7;0;2;1;1;1;
21740;202000014215;154 717 309;A01;1;7;15;2;4;1;1;
21741;202000014215;154 717 310;C01;1;15;0;2;1;1;1;
21742;202000014216;154 717 306;B01;2;7;0;2;7;1;1;
21743;202000014216;154 717 307;A01;1;7;0;2;3;1;1;
21744;202000014217;154 717 305;A01;2;7;0;1;3;1;0;
21745;202000014218;154 717 304;A01;0;2;0;6;8;1;1;
21746;202000014219;154 717 302;B01;2;7;3;0;4;2;1;
21747;202000014219;154 717 303;A01;2;7;0;2;1;2;1;
21748;202000014220;154 717 301;A01;1;7;13;0;2;1;1;
21749;202000014222;154 717 297;A01;1;7;0;2;1;17;1;
21750;202000014222;154 717 298;B01;2;2;0;2;1;1;1;
21751;202000014223;154 717 294;A01;3;7;0;1;1;26;1;
21752;202000014224;154 717 293;A01;1;1;14;0;1;11;5;
21753;202000014225;154 717 292;A01;1;7;3;0;1;1;2;
21754;202000014226;154 717 290;A01;2;7;0;2;3;17;1;
21755;202000014226;154 717 291;B01;1;7;3;2;3;0;1;
21756;202000014227;154 717 288;B01;3;10;0;9;7;2;1;
21757;202000014227;154 717 289;A01;3;1;0;2;8;2;5;
21758;202000014228;154 717 286;B01;1;7;0;2;1;1;1;
21759;202000014228;154 717 287;A01;2;7;0;2;7;26;1;
21760;202000014229;154 717 284;A01;0;7;0;2;5;15;0;
21761;202000014229;154 717 285;B01;0;7;0;2;2;1;0;
21762;202000014231;154 717 281;A01;1;7;2;0;1;1;1;
21763;202000014233;154 717 278;A01;1;33;3;0;1;1;1;
21764;202000014234;154 717 277;A01;3;7;8;0;3;1;1;
21765;202000014235;154 717 276;A01;2;33;0;0;0;0;1;
21766;202000014236;154 717 275;A01;2;33;0;0;7;0;1;
21767;202000014237;154 717 274;A01;2;7;13;0;9;1;1;
21768;202000014238;154 717 273;A01;1;7;0;1;3;1;1;
21769;202000014239;154 717 270;B01;2;7;0;2;3;1;1;
21770;202000014239;154 717 271;C01;1;7;0;2;6;2;1;
21771;202000014239;154 717 272;A01;1;7;0;2;1;5;1;
21772;202000014240;154 717 269;A01;1;7;0;1;2;1;1;
21773;202000014241;154 717 268;A01;3;33;0;0;0;1;1;
21774;202000014242;154 717 266;A01;2;7;0;0;4;1;5;
21775;202000014242;154 717 267;B01;2;7;0;2;1;2;0;
21776;202000014243;154 717 265;A01;2;7;1;0;1;15;0;
21777;202000014244;154 717 264;A01;1;2;0;0;0;1;1;
21778;202000014245;154 717 263;A01;2;7;2;0;2;0;1;
21779;202000014246;154 717 262;A01;1;7;6;0;1;13;1;
21780;202000014247;154 717 261;A01;1;7;13;0;2;21;1;
21781;202000014248;154 717 258;C01;1;7;0;2;2;12;1;
21782;202000014248;154 717 259;B01;1;7;0;2;4;1;1;
21783;202000014248;154 717 260;A01;1;7;0;2;5;1;1;
21784;202000014249;154 717 256;B01;1;7;0;2;3;13;1;
21785;202000014249;154 717 257;A01;1;7;0;2;2;1;1;
21786;202000014250;154 717 255;A01;2;32;14;0;1;21;1;
21787;202000014251;154 717 253;Z01;0;7;0;2;0;0;1;
21788;202000014251;154 717 254;A01;0;1;0;2;4;1;5;
21789;202000014253;154 717 250;A01;1;7;0;1;2;1;1;
21790;202000014254;154 717 249;Z01;1;7;0;1;1;1;0;
21791;202000014255;154 717 245;A01;1;7;0;2;4;26;1;
21792;202000014255;154 717 246;B01;1;7;0;2;1;2;1;
21793;202000014256;154 717 241;B01;3;1;0;2;8;19;5;
21794;202000014256;154 717 242;A01;3;2;0;2;1;2;0;
21795;202000014257;154 717 240;A01;1;7;4;0;2;1;1;
21796;202000014258;154 717 239;A01;1;7;1;1;1;1;3;
21797;202000014259;154 717 238;A01;0;7;0;1;1;15;1;
21798;202000014260;154 717 237;A01;1;7;0;1;3;1;1;
21799;202000014261;154 717 235;A01;3;7;0;2;1;2;1;
21800;202000014261;154 717 236;B01;1;1;0;2;4;2;5;
21801;202000014262;154 717 233;B01;1;30;0;2;1;13;1;
21802;202000014262;154 717 234;A01;2;7;0;2;1;1;1;
21803;202000014263;154 717 231;A01;1;33;0;2;7;15;1;
21804;202000014263;154 717 232;B01;1;30;0;2;3;1;1;
21805;202000014264;154 717 230;A01;3;7;0;1;4;20;1;
21806;202000014265;154 717 228;A01;2;7;0;2;3;15;1;
21807;202000014265;154 717 229;B01;1;32;0;2;9;1;1;
21808;202000014266;154 717 226;A01;3;7;0;2;8;1;1;
21809;202000014266;154 717 227;Z01;3;14;0;2;2;12;1;
21810;202000014267;154 717 224;A01;1;7;0;2;8;13;1;
21811;202000014267;154 717 225;B01;1;31;0;2;5;1;1;
21812;202000014268;154 717 223;A01;1;10;0;1;7;1;1;
21813;202000014269;154 717 221;A01;1;33;0;2;1;15;1;
21814;202000014269;154 717 222;B01;1;30;0;2;8;1;1;
21815;202000014270;154 717 220;A01;1;30;0;0;8;11;1;
21816;202000014271;154 717 218;Z01;3;7;0;2;0;1;0;
21817;202000014271;154 717 219;A01;3;1;0;2;6;15;5;
21818;202000014272;154 717 216;B01;2;7;0;2;3;1;1;
21819;202000014272;154 717 217;A01;1;50;0;2;1;15;3;
21820;202000014273;154 717 214;A01;3;33;0;2;7;15;1;
21821;202000014273;154 717 215;B01;3;7;0;2;2;1;1;
21822;202000014274;154 717 212;A01;2;7;0;2;2;8;1;
21823;202000014274;154 717 213;B01;1;1;0;2;1;8;1;
21824;202000014276;154 717 208;B01;2;13;0;2;1;1;1;
21825;202000014276;154 717 209;A01;1;7;0;2;7;1;1;
21826;202000014277;154 717 206;A01;1;10;0;2;0;16;1;
21827;202000014277;154 717 207;B01;1;1;0;2;6;1;5;
21828;202000014278;154 717 204;B01;2;50;0;2;2;15;3;
21829;202000014278;154 717 205;A01;2;10;0;2;1;1;3;
21830;202000014280;154 717 202;A01;1;1;0;1;1;1;0;
21831;202000014281;154 717 200;B01;1;33;0;2;4;1;1;
21832;202000014281;154 717 201;Z01;2;7;0;2;1;1;0;
21833;202000014282;154 717 198;A01;3;7;12;0;8;1;0;
21834;202000014282;154 717 199;B01;3;32;12;0;7;1;0;
21835;202000014283;154 717 196;A01;3;14;0;2;2;15;1;
21836;202000014283;154 717 197;B01;1;7;0;2;8;1;1;
21837;202000014284;154 717 194;B01;2;13;0;2;4;1;1;
21838;202000014284;154 717 195;A01;2;37;0;2;1;1;1;2.0
21839;202000014285;154 717 193;A01;3;7;0;1;1;1;1;
21840;202000014286;154 717 192;A01;3;10;13;0;0;14;1;
21841;202000014288;154 717 188;A01;-1;7;0;1;1;15;1;
21842;202000014289;154 717 187;A01;1;20;8;5;2;26;1;
21843;202000014290;154 717 186;A01;3;7;0;1;2;1;1;
21844;202000014291;154 717 185;A01;1;30;8;0;1;13;3;
21845;202000014292;154 717 183;B01;2;7;0;2;6;23;1;
21846;202000014292;154 717 184;A01;2;30;0;2;1;2;1;
21847;202000014293;154 717 182;A01;2;7;0;1;1;1;1;
21848;202000014294;154 717 181;A01;2;2;0;0;0;1;0;
21849;202000014295;154 717 179;B01;2;2;0;2;7;1;1;
21850;202000014295;154 717 180;A01;1;10;0;2;3;15;1;
21851;202000014296;154 717 177;B01;1;2;0;2;2;17;1;
21852;202000014296;154 717 178;A01;1;7;0;2;3;15;1;
21853;202000014297;154 717 176;A01;3;1;0;1;1;1;5;
21854;202000014298;154 717 175;A01;1;7;0;1;1;15;1;
21855;202000014301;154 717 168;A01;1;33;0;2;8;13;1;
21856;202000014301;154 717 169;B01;2;37;0;2;3;1;1;1.0
21857;202000014301;154 717 170;C01;2;7;0;2;3;1;1;
21858;202000014302;154 717 166;A01;1;7;0;0;5;15;1;
21859;202000014302;154 717 167;B01;2;33;0;2;1;1;1;