;Num_Acc;id_vehicule;num_veh;senc;catv;obs;obsm;choc;manv;motor;occutc
21860;202000014304;154 717 163;A01;2;15;13;0;1;1;1;
21861;202000014305;154 717 162;A01;0;7;0;0;9;1;1;
21862;202000014306;154 717 161;A01;1;7;0;1;1;1;1;
21863;202000014307;154 717 159;A01;1;10;0;2;1;21;1;
21864;202000014307;154 717 160;B01;1;2;0;2;4;1;1;
21865;202000014308;154 717 157;A01;1;7;0;2;1;2;1;
21866;202000014308;154 717 158;B01;1;15;0;0;4;2;1;
21867;202000014309;154 717 154;A01;2;30;0;2;1;1;1;
21868;202000014309;154 717 155;B01;2;7;0;0;4;15;1;
21869;202000014309;154 717 156;C01;2;2;16;0;0;1;1;
21870;202000014310;154 717 153;A01;2;7;2;0;3;14;1;
21871;202000014311;154 717 152;A01;2;10;0;0;1;2;1;
21872;202000014313;154 717 148;B01;1;2;0;2;1;1;1;
21873;202000014313;154 717 149;A01;2;7;0;2;3;15;1;
21874;202000014314;154 717 147;A01;3;10;0;1;3;1;1;
21875;202000014315;154 717 146;A01;3;2;0;0;0;26;1;
21876;202000014316;154 717 144;B01;2;30;0;2;3;1;1;
21877;202000014316;154 717 145;A01;0;7;0;2;3;19;1;
21878;202000014317;154 717 143;A01;1;7;6;0;1;2;1;
21879;202000014318;154 717 141;B01;1;7;0;2;1;13;1;
21880;202000014318;154 717 142;A01;2;7;0;2;1;1;1;
21881;202000014319;154 717 140;A01;1;7;0;1;3;0;1;
21882;202000014320;154 717 138;A01;2;7;0;2;7;1;1;
21883;202000014320;154 717 139;B01;1;60;0;2;0;5;5;
21884;202000014321;154 717 137;A01;2;7;0;1;8;1;1;
21885;202000014322;154 717 136;A01;1;2;15;0;7;1;1;
21886;202000014323;154 717 135;A01;2;7;13;0;3;2;1;
21887;202000014324;154 717 134;A01;1;7;6;0;1;1;1;
21888;202000014325;154 717 132;B01;1;7;0;0;4;2;0;
21889;202000014325;154 717 133;A01;1;2;0;0;1;2;0;
21890;202000014326;154 717 131;A01;1;10;0;1;1;15;3;
21891;202000014327;154 717 130;A01;3;7;0;1;2;26;1;
21892;202000014328;154 717 129;A01;3;50;0;0;0;0;3;
21893;202000014329;154 717 127;B01;2;7;0;2;1;1;1;
21894;202000014329;154 717 128;A01;1;7;0;2;1;13;1;
21895;202000014330;154 717 125;A01;1;7;0;2;1;2;1;
21896;202000014330;154 717 126;B01;1;7;0;0;4;1;1;
21897;202000014331;154 717 123;B01;1;7;0;2;1;5;1;
21898;202000014331;154 717 124;A01;2;17;3;2;1;1;1;
21899;202000014332;154 717 121;A01;1;7;0;2;3;17;1;
21900;202000014332;154 717 122;B01;0;1;0;2;4;19;5;
21901;202000014333;154 717 120;A01;3;7;0;1;2;1;1;
21902;202000014334;154 717 119;A01;2;2;0;0;7;11;1;
21903;202000014335;154 717 118;A01;1;7;7;0;1;1;1;
21904;202000014336;154 717 117;A01;0;7;0;1;2;16;0;
21905;202000014337;154 717 115;A01;2;2;0;2;1;17;1;
21906;202000014337;154 717 116;B01;2;7;0;2;3;15;1;
21907;202000014338;154 717 114;A01;3;7;0;1;2;1;1;
21908;202000014340;154 717 109;A01;1;33;0;2;7;0;1;
21909;202000014340;154 717 110;B01;2;7;0;2;3;9;1;
21910;202000014341;154 717 108;A01;1;33;0;0;0;1;1;
21911;202000014342;154 717 107;A01;1;7;15;0;3;1;0;
21912;202000014343;154 717 106;A01;1;7;6;0;1;1;1;
21913;202000014344;154 717 103;C01;1;10;0;2;1;14;1;
21914;202000014344;154 717 104;B01;1;10;0;2;4;1;0;
21915;202000014344;154 717 105;A01;1;10;0;2;1;2;1;
21916;202000014345;154 717 101;B01;1;7;0;2;6;2;1;
21917;202000014345;154 717 102;A01;1;15;0;2;1;12;1;
21918;202000014346;154 717 099;A01;1;7;0;2;1;2;1;
21919;202000014346;154 717 100;B01;1;7;0;2;6;23;1;
21920;202000014347;154 717 096;B01;2;17;0;9;1;1;1;
21921;202000014347;154 717 097;Z01;2;7;0;2;1;0;0;
21922;202000014347;154 717 098;A01;2;7;0;2;4;1;1;
21923;202000014348;154 717 093;C01;1;7;0;2;1;1;1;
21924;202000014348;154 717 094;B01;1;7;0;2;8;1;0;
21925;202000014348;154 717 095;A01;1;17;0;2;2;12;1;
21926;202000014349;154 717 090;C01;1;10;0;2;4;2;1;
21927;202000014349;154 717 091;B01;1;10;0;2;1;2;0;
21928;202000014349;154 717 092;A01;1;10;0;2;1;2;1;
21929;202000014350;154 717 087;C01;1;14;0;2;2;12;1;
21930;202000014350;154 717 088;B01;1;7;0;2;6;11;1;
21931;202000014350;154 717 089;A01;1;15;0;2;2;1;1;
21932;202000014351;154 717 085;A01;2;33;0;2;1;3;1;
21933;202000014351;154 717 086;B01;2;10;0;2;7;12;1;
21934;202000014352;154 717 084;A01;1;33;0;2;1;2;1;
21935;202000014353;154 717 081;A01;1;15;0;2;3;2;1;
21936;202000014353;154 717 082;B01;1;7;0;2;4;2;1;
21937;202000014353;154 717 083;C01;1;7;0;2;3;14;1;
21938;202000014354;154 717 079;A01;3;7;0;2;1;9;1;
21939;202000014354;154 717 080;B01;3;7;0;2;2;0;1;
21940;202000014355;154 717 077;B01;2;7;0;2;1;1;1;
21941;202000014355;154 717 078;A01;1;7;0;2;2;15;1;
21942;202000014356;154 717 076;A01;1;33;4;0;8;2;1;
21943;202000014357;154 717 075;A01;0;7;0;1;2;1;3;
21944;202000014358;154 717 073;B01;1;2;0;2;8;1;1;
21945;202000014358;154 717 074;A01;1;7;0;2;7;1;1;
21946;202000014360;154 717 070;A01;1;7;0;1;7;16;6;
21947;202000014361;154 717 068;B01;1;2;0;2;8;2;1;
21948;202000014361;154 717 069;A01;1;17;0;2;7;9;1;
21949;202000014362;154 717 065;A01;3;7;0;2;1;13;1;
21950;202000014362;154 717 066;C01;3;7;0;2;3;1;1;
21951;202000014362;154 717 067;B01;3;7;0;2;3;1;1;
21952;202000014363;154 717 063;A01;1;10;0;2;1;16;1;
21953;202000014363;154 717 064;B01;1;50;0;2;1;1;3;
21954;202000014364;154 717 062;A01;3;7;1;1;3;16;1;
21955;202000014365;154 717 060;B01;1;32;0;2;1;1;1;
21956;202000014365;154 717 061;A01;2;7;0;2;3;15;1;
21957;202000014366;154 717 059;A01;3;32;13;0;9;26;1;
21958;202000014367;154 717 056;A01;3;10;0;2;1;10;0;
21959;202000014367;154 717 057;B01;0;10;0;2;5;13;0;
21960;202000014367;154 717 058;C01;3;37;0;2;4;24;0;1.0
21961;202000014368;154 717 052;B01;3;7;0;2;3;18;1;
21962;202000014368;154 717 053;A01;3;33;0;2;7;12;1;
21963;202000014369;154 717 048;B01;2;7;0;2;4;1;1;
21964;202000014369;154 717 049;A01;2;15;0;2;1;1;1;
21965;202000014370;154 717 045;A01;1;7;0;2;2;15;1;
21966;202000014370;154 717 046;B01;0;31;0;2;1;1;1;
21967;202000014370;154 717 047;C01;0;7;0;2;1;1;1;
21968;202000014371;154 717 043;B01;1;10;0;2;2;1;1;
21969;202000014371;154 717 044;A01;2;10;0;2;3;15;1;
21970;202000014372;154 717 042;A01;2;38;0;1;2;11;1;1.0
21971;202000014373;154 717 041;A01;2;30;0;0;2;1;1;
21972;202000014374;154 717 039;A01;1;7;14;0;1;1;1;
21973;202000014374;154 717 040;B01;1;32;0;2;0;0;1;
21974;202000014375;154 717 038;A01;1;7;0;1;2;15;1;
21975;202000014376;154 717 037;A01;2;10;8;0;4;26;1;
21976;202000014377;154 717 035;A01;1;1;0;2;3;1;5;
21977;202000014377;154 717 036;Z01;3;7;0;2;1;15;0;
21978;202000014378;154 717 033;B01;1;7;0;2;2;1;1;
21979;202000014378;154 717 034;A01;1;1;0;2;3;15;5;
21980;202000014379;154 717 031;B01;1;60;0;2;8;19;5;
21981;202000014379;154 717 032;Z01;3;3;0;9;1;11;1;
21982;202000014380;154 717 029;B01;2;33;0;2;8;1;1;
21983;202000014380;154 717 030;A01;1;7;0;2;1;16;1;
21984;202000014381;154 717 028;A01;2;7;0;1;1;1;1;
21985;202000014383;154 717 024;A01;3;33;0;2;1;1;1;
21986;202000014383;154 717 025;B01;3;7;0;2;3;1;1;
21987;202000014384;154 717 023;A01;0;7;8;1;1;1;1;
21988;202000014385;154 717 021;B01;0;7;0;2;3;1;1;
21989;202000014385;154 717 022;A01;0;7;0;2;3;13;1;
21990;202000014387;154 717 018;A01;2;7;0;2;7;1;1;
21991;202000014387;154 717 019;B01;3;7;0;2;1;15;1;
21992;202000014388;154 717 017;A01;2;7;15;0;2;1;1;
21993;202000014389;154 717 016;A01;1;10;0;1;3;16;1;
21994;202000014390;154 717 015;A01;1;7;0;1;2;1;1;
21995;202000014391;154 717 013;A01;3;7;0;2;8;1;1;
21996;202000014391;154 717 014;B01;2;7;0;2;1;1;1;
21997;202000014392;154 717 012;A01;3;7;0;1;2;1;1;
21998;202000014393;154 717 011;A01;3;1;0;0;0;26;5;
21999;202000014394;154 717 010;V01;2;7;0;5;1;26;1;
22000;202000014395;154 717 009;A01;1;7;0;1;1;16;1;
22001;202000014398;154 717 003;A01;2;7;0;2;1;0;3;
22002;202000014398;154 717 004;B01;1;2;0;2;1;0;1;
22003;202000014398;154 717 005;Z01;2;7;0;2;0;0;0;
22004;202000014399;154 717 001;A01;1;7;0;2;7;15;1;
22005;202000014399;154 717 002;B01;1;33;0;2;3;1;0;
22006;202000014400;154 716 998;B01;1;14;0;2;6;24;1;
22007;202000014400;154 716 999;C01;2;7;0;2;1;1;1;
22008;202000014400;154 717 000;A01;1;7;1;1;1;17;2;
22009;202000014401;154 716 996;A01;0;33;0;2;1;1;0;
22010;202000014401;154 716 997;Z01;0;7;0;2;1;17;0;
22011;202000014404;154 716 990;A01;1;7;0;2;1;1;1;
22012;202000014404;154 716 991;B01;1;10;0;2;5;1;1;
22013;202000014405;154 716 987;A01;1;7;0;1;3;1;1;
22014;202000014406;154 716 985;A01;1;7;0;2;3;9;1;
22015;202000014406;154 716 986;B01;2;34;0;2;2;1;1;
22016;202000014408;154 716 982;A01;1;1;0;1;1;1;5;
22017;202000014409;154 716 981;Z01;2;7;0;1;1;1;0;
22018;202000014410;154 716 979;B01;3;32;0;2;2;15;1;
22019;202000014410;154 716 980;A01;3;7;0;2;3;13;1;
22020;202000014411;154 716 977;A01;2;7;0;2;5;23;2;
22021;202000014411;154 716 978;B01;2;7;0;2;3;2;1;
22022;202000014412;154 716 975;A01;1;1;0;2;1;2;5;
22023;202000014412;154 716 976;Z01;1;7;0;2;4;23;0;
22024;202000014413;154 716 973;B01;2;1;0;2;1;2;5;
22025;202000014413;154 716 974;A01;2;7;0;2;8;22;1;
22026;202000014414;154 716 971;B01;1;33;0;2;1;1;1;
22027;202000014414;154 716 972;A01;1;7;0;2;3;4;1;
22028;202000014415;154 716 969;B01;1;30;0;2;2;15;1;
22029;202000014415;154 716 970;A01;2;32;0;2;1;1;1;
22030;202000014416;154 716 967;Z01;2;7;0;2;7;17;2;
22031;202000014416;154 716 968;A01;2;1;0;2;8;15;5;
22032;202000014417;154 716 966;A01;2;10;0;1;4;4;1;
22033;202000014418;154 716 965;A01;2;7;0;1;5;4;0;
22034;202000014419;154 716 964;A01;1;7;0;1;0;1;0;
22035;202000014420;154 716 963;A01;3;30;0;1;1;1;1;
22036;202000014421;154 716 961;B01;1;2;0;2;1;17;1;
22037;202000014421;154 716 962;A01;1;7;0;2;3;15;1;
22038;202000014422;154 716 958;B01;-1;7;0;2;8;22;1;
22039;202000014422;154 716 959;C01;-1;10;14;0;3;1;1;
22040;202000014422;154 716 960;A01;-1;33;14;0;1;2;1;
22041;202000014424;154 716 955;A01;1;33;0;1;1;9;1;
22042;202000014425;154 716 953;B01;1;10;0;2;3;15;0;
22043;202000014425;154 716 954;A01;0;10;0;2;1;1;0;
22044;202000014426;154 716 951;A01;2;7;0;2;1;18;0;
22045;202000014426;154 716 952;B01;2;7;0;0;0;0;0;
22046;202000014427;154 716 950;A01;3;7;0;1;3;15;0;
22047;202000014428;154 716 949;A01;3;33;0;1;0;21;1;
22048;202000014429;154 716 947;A01;3;7;0;2;3;10;1;
22049;202000014429;154 716 948;B01;3;33;0;2;0;1;1;
22050;202000014430;154 716 945;A01;3;15;0;2;2;1;1;
22051;202000014430;154 716 946;B01;3;33;0;2;8;15;1;
22052;202000014431;154 716 943;B01;1;7;0;2;8;1;1;
22053;202000014431;154 716 944;A01;1;0;0;2;1;1;0;
22054;202000014432;154 716 941;B01;1;7;0;2;5;2;3;
22055;202000014432;154 716 942;A01;1;30;0;2;1;2;1;
22056;202000014433;154 716 939;A01;3;7;0;2;3;15;1;
22057;202000014433;154 716 940;B01;3;31;0;2;2;1;1;
22058;202000014434;154 716 937;A01;2;15;0;2;2;1;1;
22059;202000014434;154 716 938;B01;1;2;0;2;1;13;1;
22060;202000014436;154 716 929;A01;1;7;0;2;1;5;1;
22061;202000014436;154 716 930;B01;2;7;0;2;1;0;1;
22062;202000014437;154 716 925;A01;1;2;0;2;8;15;1;
22063;202000014437;154 716 926;B01;1;7;0;2;3;1;1;
22064;202000014438;154 716 923;B01;1;17;6;2;3;21;1;
22065;202000014438;154 716 924;A01;2;20;0;2;3;13;1;
22066;202000014439;154 716 922;A01;1;7;0;0;9;1;1;
22067;202000014440;154 716 920;A01;2;7;0;2;3;13;1;
22068;202000014440;154 716 921;B01;1;7;0;2;3;1;1;
22069;202000014441;154 716 919;A01;2;7;3;0;9;1;0;
22070;202000014442;154 716 916;C01;1;15;0;2;1;1;1;
22071;202000014442;154 716 917;B01;2;7;0;0;6;23;1;
22072;202000014442;154 716 918;A01;2;7;0;2;2;2;1;
22073;202000014443;154 716 914;B01;1;7;0;2;1;1;1;
22074;202000014443;154 716 915;A01;1;17;0;2;2;15;1;
22075;202000014445;154 716 911;A01;2;7;3;0;3;17;1;
22076;202000014446;154 716 910;A01;2;7;3;0;2;1;1;
22077;202000014447;154 716 909;A01;1;7;3;0;1;13;1;
22078;202000014448;154 716 907;B01;2;7;9;2;8;1;1;
22079;202000014448;154 716 908;A01;1;7;0;2;1;1;1;
22080;202000014449;154 716 905;B01;2;7;0;2;1;1;1;
22081;202000014449;154 716 906;A01;1;7;0;2;8;15;1;
22082;202000014450;154 716 904;A01;0;7;0;1;2;26;1;
22083;202000014451;154 716 902;B01;3;99;0;0;4;2;6;
22084;202000014451;154 716 903;A01;0;33;0;2;1;2;6;
22085;202000014452;154 716 901;A01;1;33;15;0;1;0;1;
22086;202000014453;154 716 899;A01;2;7;0;2;1;17;1;
22087;202000014453;154 716 900;B01;2;17;0;0;8;1;1;
22088;202000014454;154 716 897;A01;2;1;0;2;1;15;5;
22089;202000014454;154 716 898;B01;1;7;0;2;2;1;1;
22090;202000014455;154 716 896;A01;1;7;15;0;1;1;1;
22091;202000014456;154 716 895;A01;1;7;0;1;2;1;0;
22092;202000014457;154 716 893;A01;0;7;0;9;3;16;0;
22093;202000014457;154 716 894;B01;0;1;0;2;7;12;5;
22094;202000014458;154 716 891;B01;2;7;7;2;1;1;1;
22095;202000014458;154 716 892;A01;1;7;0;2;7;13;1;
22096;202000014459;154 716 890;A01;1;7;4;0;2;1;1;
22097;202000014460;154 716 888;B01;1;10;0;0;6;0;1;
22098;202000014460;154 716 889;A01;1;7;0;2;2;0;1;
22099;202000014461;154 716 885;A01;2;7;0;2;1;1;1;
22100;202000014461;154 716 886;B01;2;7;0;0;4;1;1;
22101;202000014461;154 716 887;C01;2;7;0;2;4;1;1;
22102;202000014463;154 716 883;A01;1;7;0;1;1;1;0;
22103;202000014464;154 716 882;A01;2;7;0;1;7;1;1;
22104;202000014465;154 716 879;A01;1;30;0;2;1;17;1;
22105;202000014465;154 716 880;B01;1;7;0;2;8;15;1;
22106;202000014467;154 716 876;B01;3;7;0;2;3;10;1;
22107;202000014467;154 716 877;A01;2;7;0;2;2;2;1;
22108;202000014468;154 716 874;A01;0;7;0;2;2;13;1;
22109;202000014468;154 716 875;B01;0;7;0;2;3;1;1;
22110;202000014471;154 716 869;A01;1;7;0;2;2;1;1;
22111;202000014471;154 716 870;Z01;1;7;0;2;3;18;1;
22112;202000014472;154 716 867;B01;1;7;0;2;5;23;1;
22113;202000014472;154 716 868;A01;1;33;0;2;1;12;1;
22114;202000014473;154 716 866;A01;3;32;0;0;1;1;1;
22115;202000014474;154 716 864;A01;1;1;0;2;7;1;5;
22116;202000014474;154 716 865;B01;1;7;0;2;6;1;1;
22117;202000014475;154 716 862;A01;3;33;0;2;7;1;1;
22118;202000014475;154 716 863;B01;3;7;0;2;7;1;1;
22119;202000014476;154 716 861;A01;1;31;0;0;0;1;1;
22120;202000014477;154 716 859;B01;1;7;0;2;3;16;1;
22121;202000014477;154 716 860;A01;3;34;6;2;1;15;1;
22122;202000014478;154 716 858;A01;1;7;0;1;1;15;1;
22123;202000014479;154 716 856;C01;1;7;0;2;1;0;0;
22124;202000014479;154 716 857;A01;2;30;0;0;4;23;0;
22125;202000014481;154 716 853;A01;1;30;0;0;8;1;4;
22126;202000014483;154 716 851;A01;1;7;0;1;1;1;0;
22127;202000014484;154 716 850;A01;1;7;2;0;3;1;1;
22128;202000014485;154 716 848;B01;3;1;0;2;1;5;5;
22129;202000014485;154 716 849;A01;3;7;0;2;3;1;1;
22130;202000014486;154 716 847;A01;2;7;0;0;9;1;1;
22131;202000014487;154 716 845;A01;0;7;0;9;8;26;1;
22132;202000014487;154 716 846;B01;0;1;0;2;8;2;5;
22133;202000014488;154 716 844;A01;1;33;13;0;1;1;1;
22134;202000014489;154 716 842;A01;3;7;0;2;2;1;1;
22135;202000014489;154 716 843;B01;3;1;0;2;8;16;5;
22136;202000014491;154 716 840;A01;1;7;13;0;3;1;0;
22137;202000014492;154 716 839;A01;1;7;6;0;1;1;1;
22138;202000014493;154 716 838;A01;3;7;9;0;1;0;1;
22139;202000014495;154 716 835;A01;1;7;0;2;3;15;1;
22140;202000014495;154 716 836;B01;2;1;0;2;1;26;5;
22141;202000014496;154 716 834;A01;1;7;0;0;0;13;1;
22142;202000014498;154 716 832;A01;2;2;0;0;0;1;1;
22143;202000014499;154 716 831;A01;2;2;0;1;1;1;0;
22144;202000014500;154 716 829;A01;2;7;0;2;6;1;1;
22145;202000014500;154 716 830;B01;2;7;0;2;8;12;1;
22146;202000014501;154 716 828;A01;1;7;6;0;2;21;1;
22147;202000014502;154 716 827;A01;2;7;3;0;1;1;1;
22148;202000014503;154 716 825;B01;3;10;0;2;6;1;1;
22149;202000014503;154 716 826;A01;3;7;0;2;3;13;1;
22150;202000014505;154 716 823;A01;1;31;0;0;0;19;1;
22151;202000014506;154 716 822;A01;1;7;0;2;1;26;1;
22152;202000014507;154 716 821;A01;1;3;4;0;1;26;1;
22153;202000014508;154 716 819;B01;2;7;0;0;5;1;1;
22154;202000014508;154 716 820;A01;2;7;4;2;9;2;1;
22155;202000014509;154 716 816;C01;1;7;0;2;1;2;1;
22156;202000014509;154 716 817;B01;1;7;0;2;1;1;1;
22157;202000014509;154 716 818;A01;1;10;0;2;4;2;1;
22158;202000014510;154 716 815;A01;2;33;12;0;3;0;1;
22159;202000014511;154 716 814;A01;0;30;0;0;1;1;3;
22160;202000014512;154 716 812;B01;1;31;0;2;1;21;1;
22161;202000014512;154 716 813;A01;1;7;0;2;4;1;1;
22162;202000014513;154 716 810;A01;1;7;0;2;2;2;1;
22163;202000014513;154 716 811;B01;1;7;0;2;6;23;1;
22164;202000014514;154 716 809;A01;1;1;12;0;1;25;5;
22165;202000014515;154 716 808;B01;0;7;7;0;1;14;1;
22166;202000014516;154 716 807;A01;2;1;0;1;1;1;5;
22167;202000014517;154 716 806;A01;1;7;2;0;1;14;1;
22168;202000014518;154 716 805;A01;0;7;0;1;7;1;1;
22169;202000014519;154 716 804;A01;1;33;4;0;8;13;1;
22170;202000014520;154 716 803;A01;1;1;0;0;1;1;5;
22171;202000014521;154 716 802;A01;1;80;2;0;2;14;3;
22172;202000014522;154 716 800;A01;2;1;0;2;4;21;5;
22173;202000014522;154 716 801;Z01;2;1;0;2;1;1;5;
22174;202000014523;154 716 799;A01;1;7;14;0;3;1;1;
22175;202000014524;154 716 798;A01;2;1;0;0;0;1;5;
22176;202000014525;154 716 797;Z01;0;30;0;1;1;1;0;
22177;202000014526;154 716 796;A01;1;7;0;1;4;4;0;
22178;202000014527;154 716 795;A01;2;7;0;1;2;21;1;
22179;202000014528;154 716 790;B01;3;7;0;2;3;15;1;
22180;202000014528;154 716 791;A01;3;2;0;2;1;1;1;
22181;202000014529;154 716 788;A01;1;10;0;2;1;1;1;
22182;202000014529;154 716 789;B01;2;7;0;2;8;19;1;
22183;202000014530;154 716 786;A01;2;50;0;2;2;1;3;
22184;202000014530;154 716 787;B01;1;7;0;2;3;9;1;
22185;202000014531;154 716 785;A01;3;1;9;0;1;15;5;
22186;202000014532;154 716 784;A01;1;35;0;0;1;0;1;
22187;202000014533;154 716 782;A01;1;7;0;2;1;2;1;
22188;202000014533;154 716 783;B01;1;34;0;2;4;2;1;
22189;202000014534;154 716 780;B01;1;7;0;2;2;1;1;
22190;202000014534;154 716 781;A01;1;7;0;2;1;15;1;
22191;202000014535;154 716 779;A01;1;33;0;0;1;1;1;
22192;202000014536;154 716 778;A01;1;50;0;0;0;1;3;
22193;202000014537;154 716 776;B01;3;7;0;2;1;1;1;
22194;202000014537;154 716 777;A01;3;7;0;2;1;1;1;
22195;202000014538;154 716 775;A01;1;7;2;0;2;0;0;
22196;202000014539;154 716 773;A01;3;34;0;0;8;1;1;
22197;202000014540;154 716 771;A01;1;7;13;2;5;15;1;
22198;202000014540;154 716 772;B01;2;7;13;2;1;1;1;
22199;202000014541;154 716 770;A01;0;2;5;0;0;0;1;
22200;202000014542;154 716 769;A01;1;7;0;0;3;0;1;
22201;202000014543;154 716 768;A01;2;7;7;0;5;2;1;
22202;202000014544;154 716 767;A01;3;33;0;0;9;1;1;
22203;202000014545;154 716 766;A01;1;7;0;1;2;1;0;
22204;202000014546;154 716 762;C01;2;7;0;2;1;13;1;
22205;202000014546;154 716 763;A01;1;7;0;2;8;1;1;
22206;202000014546;154 716 764;B01;1;7;0;2;1;1;1;
22207;202000014547;154 716 761;A01;2;7;2;0;3;17;1;
22208;202000014548;154 716 759;A01;1;7;3;0;3;13;1;
22209;202000014548;154 716 760;B01;2;17;0;0;1;1;1;
22210;202000014549;154 716 757;B01;1;33;0;2;1;1;1;
22211;202000014549;154 716 758;A01;1;7;0;0;6;9;0;
22212;202000014550;154 716 756;A01;3;2;0;0;0;0;1;
22213;202000014551;154 716 754;A01;1;33;0;2;1;17;1;
22214;202000014551;154 716 755;B01;1;17;0;2;6;17;0;
22215;202000014552;154 716 751;A01;1;33;0;0;0;21;1;
22216;202000014553;154 716 749;A01;1;7;2;0;0;13;1;
22217;202000014554;154 716 747;B01;2;7;0;2;4;0;1;
22218;202000014554;154 716 748;A01;2;17;0;2;1;2;1;
22219;202000014557;154 716 741;A01;3;2;0;2;1;1;1;
22220;202000014557;154 716 742;B01;3;2;0;2;1;1;0;
22221;202000014559;154 716 738;A01;3;7;10;0;1;0;1;
22222;202000014560;154 716 737;A01;1;7;0;1;2;21;1;
22223;202000014561;154 716 735;A01;2;7;0;2;1;15;1;
22224;202000014561;154 716 736;B01;2;33;0;2;1;15;1;
22225;202000014562;154 716 733;A01;1;7;0;2;3;1;1;
22226;202000014562;154 716 734;B01;2;1;0;2;1;1;5;
22227;202000014563;154 716 732;A01;3;33;0;1;7;14;1;
22228;202000014565;154 716 730;B01;3;10;1;0;1;1;1;
22229;202000014566;154 716 728;B01;2;33;0;2;1;1;1;
22230;202000014566;154 716 729;A01;1;7;0;2;1;15;1;
22231;202000014567;154 716 726;B01;3;33;0;2;1;1;1;
22232;202000014567;154 716 727;A01;3;10;0;2;2;15;1;
22233;202000014568;154 716 725;A01;3;7;0;1;1;1;1;
22234;202000014569;154 716 723;A01;2;7;0;2;2;15;1;
22235;202000014569;154 716 724;B01;1;33;0;2;3;0;1;
22236;202000014570;154 716 721;A01;1;7;0;2;0;10;1;
22237;202000014570;154 716 722;B01;1;32;0;2;1;1;1;
22238;202000014571;154 716 720;A01;1;80;11;0;1;1;3;
22239;202000014572;154 716 719;A01;1;7;0;1;1;15;0;
22240;202000014573;154 716 717;A01;1;7;0;2;8;15;1;
22241;202000014573;154 716 718;B01;0;1;0;2;5;0;5;
22242;202000014574;154 716 716;A01;3;33;14;0;1;1;1;
22243;202000014575;154 716 715;A01;1;30;0;0;1;1;1;
22244;202000014576;154 716 713;A01;2;33;0;2;0;0;1;
22245;202000014576;154 716 714;Z01;2;7;0;2;8;22;1;
22246;202000014577;154 716 711;A01;0;33;0;2;0;0;1;
22247;202000014577;154 716 712;Z01;0;10;0;0;0;0;0;
22248;202000014578;154 716 710;A01;1;10;0;1;1;15;1;
22249;202000014579;154 716 709;A01;1;7;0;1;1;1;1;
22250;202000014580;154 716 707;A01;2;7;0;2;3;13;1;
22251;202000014580;154 716 708;B01;2;7;0;2;2;23;1;
22252;202000014581;154 716 705;A01;1;7;14;2;3;26;1;
22253;202000014581;154 716 706;B01;1;7;9;2;6;0;1;
22254;202000014582;154 716 703;B01;0;2;0;2;2;1;1;
22255;202000014582;154 716 704;A01;0;7;0;2;6;10;0;
22256;202000014583;154 716 701;A01;1;7;0;2;3;13;1;
22257;202000014583;154 716 702;B01;2;7;0;2;3;1;1;
22258;202000014585;154 716 698;Z01;1;10;0;1;4;4;0;
22259;202000014587;154 716 694;A01;3;1;0;2;7;16;5;
22260;202000014587;154 716 695;B01;2;7;0;2;8;1;1;
22261;202000014588;154 716 693;A01;1;1;0;0;3;21;5;
22262;202000014589;154 716 691;A01;1;7;0;2;1;2;1;
22263;202000014589;154 716 692;B01;1;7;0;2;0;0;1;
22264;202000014590;154 716 689;B01;1;7;0;2;1;26;1;
22265;202000014590;154 716 690;A01;2;1;0;2;7;1;5;
22266;202000014591;154 716 687;A01;2;30;0;2;6;1;1;
22267;202000014591;154 716 688;B01;2;7;0;2;2;10;0;
22268;202000014592;154 716 685;B01;2;33;0;1;9;23;1;
22269;202000014592;154 716 686;A01;2;10;0;2;1;2;1;
22270;202000014593;154 716 683;A01;2;7;0;2;0;4;1;
22271;202000014593;154 716 684;B01;2;1;0;2;1;1;5;
22272;202000014594;154 716 681;B01;1;1;0;2;8;1;5;
22273;202000014594;154 716 682;A01;1;7;0;2;1;16;1;
22274;202000014595;154 716 679;A01;-1;10;0;2;2;1;1;
22275;202000014595;154 716 680;B01;0;7;0;2;3;1;1;
22276;202000014596;154 716 678;A01;0;7;9;1;1;1;0;
22277;202000014597;154 716 677;A01;3;7;2;0;7;15;1;
22278;202000014598;154 716 674;C01;1;7;0;2;4;2;1;
22279;202000014598;154 716 675;A01;1;7;0;2;1;1;1;
22280;202000014598;154 716 676;B01;1;7;0;2;4;1;1;
22281;202000014599;154 716 672;B01;2;7;0;2;8;1;1;
22282;202000014599;154 716 673;A01;1;7;0;2;1;1;1;
22283;202000014601;154 716 670;A01;1;7;13;0;9;1;1;
22284;202000014602;154 716 669;A01;3;7;0;1;0;1;0;
22285;202000014603;154 716 667;A01;1;7;0;2;2;12;1;
22286;202000014603;154 716 668;B01;1;3;3;0;4;1;1;
22287;202000014604;154 716 665;B01;2;10;13;2;1;2;1;
22288;202000014604;154 716 666;A01;2;17;0;0;5;2;1;
22289;202000014605;154 716 664;A01;2;7;6;0;9;1;1;
22290;202000014606;154 716 660;B01;1;7;0;2;1;1;1;
22291;202000014606;154 716 661;A01;2;7;0;2;1;17;1;
22292;202000014607;154 716 659;A01;2;33;0;0;3;1;1;