;Num_Acc;id_vehicule;num_veh;senc;catv;obs;obsm;choc;manv;motor;occutc
22293;202000014608;154 716 657;B01;2;14;0;2;6;2;1;
22294;202000014608;154 716 658;A01;2;7;0;2;1;2;1;
22295;202000014609;154 716 655;B01;2;7;0;0;4;23;1;
22296;202000014609;154 716 656;A01;2;7;0;2;1;2;1;
22297;202000014610;154 716 653;A01;1;10;0;2;1;2;1;
22298;202000014610;154 716 654;B01;1;7;0;0;4;2;1;
22299;202000014611;154 716 652;A01;3;50;0;0;0;0;3;
22300;202000014612;154 716 651;A01;3;7;0;1;4;20;1;
22301;202000014613;154 716 650;A01;1;33;0;0;1;1;1;
22302;202000014614;154 716 649;A01;1;15;0;0;0;1;1;
22303;202000014615;154 716 648;A01;2;7;13;0;2;14;1;
22304;202000014616;154 716 647;A01;2;33;13;0;8;1;1;
22305;202000014618;154 716 645;A01;0;7;8;0;1;1;1;
22306;202000014619;154 716 644;A01;1;7;0;0;0;1;6;
22307;202000014620;154 716 643;A01;3;7;6;0;1;1;1;
22308;202000014622;154 716 641;A01;2;34;0;0;1;12;1;
22309;202000014623;154 716 640;A01;2;34;0;2;1;2;1;
22310;202000014624;154 716 638;B01;2;32;0;2;3;2;1;
22311;202000014624;154 716 639;A01;2;7;0;2;7;2;1;
22312;202000014625;154 716 636;B01;1;17;0;2;4;2;1;
22313;202000014625;154 716 637;A01;1;7;0;2;1;2;1;
22314;202000014626;154 716 634;B01;2;7;0;2;1;1;1;
22315;202000014626;154 716 635;A01;1;32;0;2;1;1;1;
22316;202000014627;154 716 631;A01;1;7;0;2;2;21;1;
22317;202000014627;154 716 632;B01;1;7;0;2;6;23;1;
22318;202000014627;154 716 633;C01;1;7;0;2;3;23;1;
22319;202000014628;154 716 630;A01;1;7;14;1;1;13;1;
22320;202000014629;154 716 628;B01;1;33;0;2;1;1;0;
22321;202000014629;154 716 629;A01;2;7;0;2;1;15;0;
22322;202000014630;154 716 627;A01;2;7;0;1;1;1;1;
22323;202000014631;154 716 623;B01;1;7;0;2;4;1;1;
22324;202000014631;154 716 624;A01;1;17;0;2;1;1;1;
22325;202000014632;154 716 621;B01;3;10;0;2;1;1;1;
22326;202000014632;154 716 622;A01;3;7;0;2;2;15;1;
22327;202000014633;154 716 619;B01;2;1;0;2;1;8;5;
22328;202000014633;154 716 620;A01;2;7;0;2;0;19;1;
22329;202000014635;154 716 616;A01;2;30;0;2;8;9;1;
22330;202000014635;154 716 617;B01;2;7;0;2;2;26;1;
22331;202000014636;154 716 614;A01;1;32;0;2;1;9;1;
22332;202000014636;154 716 615;Z01;1;7;0;2;0;9;1;
22333;202000014637;154 716 613;A01;2;7;0;1;1;15;1;
22334;202000014638;154 716 612;A01;3;7;0;1;1;1;1;
22335;202000014639;154 716 611;A01;1;7;0;1;1;1;1;
22336;202000014640;154 716 609;A01;3;7;12;0;2;1;1;
22337;202000014641;154 716 607;A01;1;7;0;2;1;2;1;
22338;202000014641;154 716 608;B01;1;34;0;2;4;1;1;
22339;202000014642;154 716 605;B01;1;7;0;2;3;1;1;
22340;202000014642;154 716 606;A01;3;7;0;2;2;1;1;
22341;202000014643;154 716 603;B01;1;33;0;2;1;1;1;
22342;202000014643;154 716 604;A01;2;7;0;2;1;15;1;
22343;202000014644;154 716 602;A01;0;31;0;1;1;1;1;
22344;202000014645;154 716 601;A01;1;7;0;1;2;1;1;
22345;202000014646;154 716 599;B01;3;30;0;2;4;23;3;
22346;202000014646;154 716 600;A01;3;7;0;2;1;1;1;
22347;202000014647;154 716 597;Z01;1;10;0;2;1;1;1;
22348;202000014647;154 716 598;B01;2;32;0;2;3;1;1;
22349;202000014648;154 716 595;B01;3;7;0;2;5;16;0;
22350;202000014648;154 716 596;A01;3;33;0;2;1;7;0;
22351;202000014649;154 716 593;A01;3;10;0;2;3;19;1;
22352;202000014649;154 716 594;B01;1;34;0;2;1;1;1;
22353;202000014650;154 716 591;A01;2;10;0;2;7;26;1;
22354;202000014650;154 716 592;B01;1;10;0;2;1;1;1;
22355;202000014651;154 716 588;C01;1;7;0;2;6;1;1;
22356;202000014651;154 716 589;B01;1;33;0;2;2;3;1;
22357;202000014651;154 716 590;A01;1;7;0;2;0;12;1;
22358;202000014652;154 716 586;A01;1;32;0;2;4;1;1;
22359;202000014652;154 716 587;Z01;1;7;0;2;1;11;0;
22360;202000014654;154 716 584;A01;1;30;1;0;1;14;1;
22361;202000014655;154 716 582;B01;2;37;0;2;8;15;1;1.0
22362;202000014655;154 716 583;A01;1;31;0;2;3;1;1;
22363;202000014656;154 716 581;A01;2;7;0;1;7;16;1;
22364;202000014657;154 716 579;A01;2;7;0;1;8;1;2;
22365;202000014657;154 716 580;Z01;1;7;0;2;3;1;0;
22366;202000014658;154 716 577;B01;2;1;0;2;3;15;5;
22367;202000014658;154 716 578;A01;1;7;0;2;3;15;1;
22368;202000014659;154 716 575;A01;2;32;0;2;1;17;1;
22369;202000014659;154 716 576;B01;1;32;0;2;1;1;1;
22370;202000014660;154 716 573;A01;1;1;0;2;0;1;5;
22371;202000014660;154 716 574;B01;2;7;0;1;1;1;1;
22372;202000014662;154 716 570;Z01;1;7;0;2;1;1;0;
22373;202000014662;154 716 571;A01;2;43;0;2;8;1;1;
22374;202000014663;154 716 569;A01;2;34;0;0;0;9;1;
22375;202000014664;154 716 567;B01;1;33;0;2;2;1;1;
22376;202000014664;154 716 568;A01;2;7;0;2;7;15;1;
22377;202000014665;154 716 566;A01;3;33;0;0;3;1;1;
22378;202000014666;154 716 564;A01;1;7;0;2;3;9;2;
22379;202000014666;154 716 565;B01;1;7;0;2;1;1;1;
22380;202000014667;154 716 563;A01;1;50;12;0;2;15;3;
22381;202000014669;154 716 559;B01;3;37;0;2;2;1;1;1.0
22382;202000014669;154 716 560;A01;3;30;0;2;3;15;1;
22383;202000014670;154 716 558;A01;2;7;12;0;1;1;1;
22384;202000014671;154 716 557;A01;1;7;0;1;1;1;0;
22385;202000014673;154 716 553;B01;0;2;0;2;1;1;1;
22386;202000014673;154 716 554;A01;0;7;0;2;7;1;1;
22387;202000014674;154 716 552;A01;2;3;9;0;8;1;1;
22388;202000014675;154 716 551;A01;3;0;0;1;0;0;0;
22389;202000014676;154 716 549;B01;3;7;0;2;1;1;1;
22390;202000014676;154 716 550;A01;1;7;0;2;5;26;1;
22391;202000014677;154 716 547;A01;1;7;0;2;3;5;1;
22392;202000014677;154 716 548;B01;2;7;0;2;3;1;1;
22393;202000014678;154 716 546;A01;2;7;2;0;8;1;1;
22394;202000014679;154 716 545;A01;1;7;0;1;2;9;1;
22395;202000014680;154 716 543;A01;2;7;0;2;1;17;1;
22396;202000014680;154 716 544;B01;1;32;0;2;1;1;1;
22397;202000014681;154 716 542;A01;2;7;13;0;1;1;1;
22398;202000014682;154 716 540;B01;1;7;0;0;0;23;1;
22399;202000014682;154 716 541;A01;1;7;0;1;1;1;1;
22400;202000014683;154 716 539;A01;2;2;0;0;0;14;1;
22401;202000014684;154 716 537;A01;2;7;0;2;1;2;1;
22402;202000014684;154 716 538;B01;2;17;0;0;6;2;1;
22403;202000014685;154 716 536;A01;1;2;12;0;1;0;1;
22404;202000014686;154 716 533;A01;2;2;0;0;0;0;1;
22405;202000014687;154 716 532;A01;3;7;12;0;1;6;1;
22406;202000014688;154 716 530;A01;2;7;0;2;1;13;1;
22407;202000014688;154 716 531;B01;1;21;0;2;3;23;0;
22408;202000014689;154 716 529;A01;2;7;13;0;1;1;1;
22409;202000014690;154 716 528;A01;2;7;8;0;3;1;1;
22410;202000014691;154 716 527;A01;3;7;0;1;2;1;1;
22411;202000014692;154 716 525;B01;1;1;0;0;4;2;5;
22412;202000014692;154 716 526;A01;1;0;0;2;2;2;1;
22413;202000014693;154 716 522;A01;2;7;16;0;9;1;1;
22414;202000014694;154 716 520;A01;2;7;0;0;1;1;0;
22415;202000014694;154 716 521;B01;1;7;0;0;3;1;0;
22416;202000014695;154 716 516;A01;1;7;0;2;2;17;1;
22417;202000014695;154 716 517;B01;1;7;0;2;6;1;1;
22418;202000014695;154 716 518;C01;1;7;0;9;2;1;1;
22419;202000014695;154 716 519;D01;2;7;0;2;8;1;1;
22420;202000014696;154 716 515;A01;1;7;3;6;1;1;1;
22421;202000014697;154 716 514;A01;2;7;13;0;3;1;1;
22422;202000014698;154 716 512;A01;3;7;0;2;2;9;6;
22423;202000014698;154 716 513;B01;3;31;0;2;1;1;6;
22424;202000014699;154 716 511;A01;0;3;13;0;1;0;1;
22425;202000014700;154 716 510;A01;2;7;0;1;1;1;1;
22426;202000014701;154 716 509;A01;2;7;1;0;4;0;1;
22427;202000014702;154 716 507;B01;1;7;0;2;0;1;1;
22428;202000014702;154 716 508;A01;2;31;0;0;0;1;1;
22429;202000014703;154 716 505;A01;0;7;0;0;2;15;1;
22430;202000014703;154 716 506;B01;0;1;0;2;1;1;5;
22431;202000014704;154 716 503;B01;3;30;0;2;1;1;0;
22432;202000014704;154 716 504;A01;3;7;0;9;8;9;0;
22433;202000014705;154 716 502;A01;1;7;13;0;2;1;1;
22434;202000014706;154 716 500;B01;2;34;0;0;4;1;1;
22435;202000014706;154 716 501;A01;2;7;0;2;3;2;1;
22436;202000014708;154 716 497;B01;2;10;3;0;6;1;1;
22437;202000014708;154 716 498;A01;2;10;0;2;2;14;1;
22438;202000014709;154 716 495;A01;2;7;0;2;5;26;1;
22439;202000014709;154 716 496;B01;2;7;0;2;3;2;1;
22440;202000014712;154 716 488;B01;1;33;0;2;6;2;1;
22441;202000014712;154 716 489;A01;1;7;0;2;2;2;1;
22442;202000014714;154 716 484;A01;2;34;0;2;1;3;1;
22443;202000014714;154 716 485;B01;2;10;0;2;5;1;1;
22444;202000014715;154 716 481;C01;2;7;0;2;1;1;1;
22445;202000014715;154 716 482;A01;2;15;0;2;7;12;1;
22446;202000014715;154 716 483;B01;2;7;0;2;8;1;1;
22447;202000014716;154 716 478;A01;2;10;0;2;5;14;1;
22448;202000014716;154 716 479;C01;2;7;0;2;8;1;1;
22449;202000014716;154 716 480;B01;2;33;0;2;1;3;1;
22450;202000014718;154 716 474;A01;2;32;0;2;1;26;1;
22451;202000014718;154 716 475;B01;1;7;0;2;5;26;1;
22452;202000014720;154 716 470;B01;2;10;0;2;1;1;1;
22453;202000014720;154 716 471;A01;2;7;0;2;7;19;1;
22454;202000014721;154 716 468;A01;1;7;0;2;1;15;1;
22455;202000014721;154 716 469;B01;1;30;0;2;1;23;1;
22456;202000014722;154 716 466;A01;1;7;0;2;3;1;1;
22457;202000014722;154 716 467;B01;1;33;0;2;1;1;1;
22458;202000014723;154 716 464;B01;1;7;0;2;4;1;0;
22459;202000014723;154 716 465;A01;3;7;0;0;1;1;0;
22460;202000014724;154 716 462;B01;2;10;0;2;2;1;1;
22461;202000014724;154 716 463;A01;1;10;0;2;8;11;1;
22462;202000014725;154 716 460;B01;1;1;0;2;1;13;5;
22463;202000014725;154 716 461;A01;2;13;0;2;5;1;1;
22464;202000014726;154 716 459;A01;3;7;1;0;1;0;1;
22465;202000014727;154 716 458;A01;2;32;0;0;0;1;1;
22466;202000014728;154 716 457;A01;1;7;0;1;2;1;1;
22467;202000014730;154 716 454;B01;3;10;0;2;1;9;0;
22468;202000014730;154 716 455;A01;3;2;0;2;3;1;0;
22469;202000014731;154 716 453;A01;3;7;0;1;3;1;1;
22470;202000014732;154 716 452;A01;3;7;0;1;3;15;0;
22471;202000014733;154 716 450;B01;1;7;0;0;4;1;1;
22472;202000014733;154 716 451;A01;1;7;0;2;1;2;1;
22473;202000014734;154 716 449;A01;3;7;4;0;1;2;0;
22474;202000014735;154 716 447;B01;1;1;0;2;7;9;0;
22475;202000014735;154 716 448;A01;1;7;0;2;1;9;1;
22476;202000014736;154 716 446;A01;3;33;0;0;7;1;1;
22477;202000014737;154 716 444;A01;1;7;0;2;3;19;1;
22478;202000014737;154 716 445;B01;1;2;0;2;1;1;1;
22479;202000014738;154 716 440;C01;1;10;0;2;1;2;1;
22480;202000014738;154 716 441;B01;1;7;0;2;1;2;1;
22481;202000014738;154 716 442;D01;1;7;0;2;4;1;1;
22482;202000014738;154 716 443;A01;1;7;0;2;1;2;1;
22483;202000014739;154 716 438;A01;2;7;0;2;3;16;1;
22484;202000014739;154 716 439;B01;2;1;0;2;7;1;5;
22485;202000014740;154 716 437;A01;1;7;0;1;3;1;1;
22486;202000014741;154 716 434;B01;1;7;0;2;2;1;1;
22487;202000014741;154 716 435;C01;1;7;0;2;8;24;1;
22488;202000014741;154 716 436;A01;1;7;0;2;8;20;1;
22489;202000014742;154 716 433;A01;1;7;0;1;8;1;0;
22490;202000014743;154 716 432;Z01;2;33;0;1;1;5;1;
22491;202000014744;154 716 430;B01;2;7;0;2;3;1;1;
22492;202000014744;154 716 431;A01;1;7;0;2;2;1;1;
22493;202000014746;154 716 427;A01;1;7;0;2;1;15;1;
22494;202000014746;154 716 428;B01;2;1;0;2;1;19;5;
22495;202000014747;154 716 425;A01;1;7;0;2;2;1;1;
22496;202000014747;154 716 426;B01;2;1;0;2;3;19;5;
22497;202000014748;154 716 424;A01;1;7;0;1;1;1;1;
22498;202000014749;154 716 422;A01;1;31;0;2;1;2;1;
22499;202000014749;154 716 423;B01;1;7;0;2;4;23;0;
22500;202000014751;154 716 418;A01;2;7;0;2;8;15;1;
22501;202000014751;154 716 419;B01;2;2;0;2;7;17;1;
22502;202000014752;154 716 416;B01;2;36;0;2;3;1;1;
22503;202000014752;154 716 417;A01;1;7;1;2;3;13;1;
22504;202000014753;154 716 414;B01;2;7;0;2;8;0;1;
22505;202000014753;154 716 415;A01;3;7;0;2;1;15;1;
22506;202000014754;154 716 412;A01;2;7;0;2;3;15;1;
22507;202000014754;154 716 413;B01;2;34;0;2;1;2;1;
22508;202000014756;154 716 409;A01;1;7;0;1;2;1;1;
22509;202000014757;154 716 407;B01;1;7;0;2;8;13;1;
22510;202000014757;154 716 408;A01;1;2;0;2;1;17;1;
22511;202000014758;154 716 405;A01;1;7;0;2;7;17;0;
22512;202000014758;154 716 406;B01;1;2;1;2;8;1;0;
22513;202000014759;154 716 404;A01;2;7;0;1;2;1;1;
22514;202000014760;154 716 402;A01;1;7;0;1;1;1;1;
22515;202000014761;154 716 400;Z01;1;7;0;2;4;1;0;
22516;202000014761;154 716 401;A01;1;30;0;2;1;1;0;
22517;202000014762;154 716 399;A01;0;7;0;1;1;16;1;
22518;202000014763;154 716 397;A01;2;7;0;2;1;2;1;
22519;202000014763;154 716 398;B01;2;7;0;2;4;2;1;
22520;202000014765;154 716 395;A01;1;14;0;1;0;0;1;
22521;202000014766;154 716 393;B01;0;32;0;2;1;1;1;
22522;202000014766;154 716 394;A01;3;7;0;2;2;15;1;
22523;202000014767;154 716 391;B01;1;7;0;2;3;15;1;
22524;202000014767;154 716 392;A01;2;31;0;2;1;17;1;
22525;202000014768;154 716 389;A01;3;7;0;2;1;5;1;
22526;202000014768;154 716 390;B01;3;7;0;2;1;1;1;
22527;202000014769;154 716 387;B01;3;7;0;2;2;1;1;
22528;202000014769;154 716 388;A01;3;7;0;2;2;0;1;
22529;202000014770;154 716 385;B01;3;1;0;2;8;15;5;
22530;202000014770;154 716 386;A01;3;7;0;2;1;1;1;
22531;202000014771;154 716 384;A01;3;7;13;0;2;1;1;
22532;202000014772;154 716 382;B01;1;1;0;2;0;2;5;
22533;202000014772;154 716 383;Z01;1;7;0;2;2;16;0;
22534;202000014773;154 716 380;B01;2;1;0;2;1;1;0;
22535;202000014773;154 716 381;A01;1;7;0;2;3;15;1;
22536;202000014774;154 716 378;B01;0;2;0;2;1;1;1;
22537;202000014774;154 716 379;A01;0;7;0;2;1;5;1;
22538;202000014775;154 716 377;A01;0;7;0;1;3;1;1;
22539;202000014776;154 716 375;B01;0;33;1;2;2;1;1;
22540;202000014776;154 716 376;A01;0;10;1;2;3;1;1;
22541;202000014777;154 716 374;A01;2;7;0;1;3;1;1;
22542;202000014778;154 716 373;A01;3;0;0;1;2;1;0;
22543;202000014779;154 716 371;A01;3;7;0;2;1;1;1;
22544;202000014779;154 716 372;B01;3;7;0;2;4;23;1;
22545;202000014780;154 716 368;A01;2;10;0;2;1;1;1;
22546;202000014780;154 716 369;B01;2;7;0;2;4;1;1;
22547;202000014780;154 716 370;C01;2;7;0;2;4;1;2;
22548;202000014781;154 716 366;B01;0;7;0;2;3;2;1;
22549;202000014781;154 716 367;A01;3;30;0;2;1;17;1;
22550;202000014782;154 716 365;A01;1;7;0;1;8;1;1;
22551;202000014784;154 716 361;A01;1;7;0;2;7;1;1;
22552;202000014784;154 716 362;B01;1;7;0;2;1;1;1;
22553;202000014785;154 716 359;B01;2;14;0;2;4;15;1;
22554;202000014785;154 716 360;A01;2;7;0;2;1;15;1;
22555;202000014786;154 716 357;A01;2;1;0;2;1;16;5;
22556;202000014786;154 716 358;B01;1;7;0;2;3;1;1;
22557;202000014787;154 716 355;A01;3;7;0;2;1;1;1;
22558;202000014787;154 716 356;B01;3;7;0;2;4;1;1;
22559;202000014788;154 716 354;A01;1;10;0;1;3;1;1;
22560;202000014789;154 716 352;B01;3;2;0;2;1;2;1;
22561;202000014789;154 716 353;A01;3;7;0;2;1;13;1;
22562;202000014790;154 716 350;A01;1;7;0;2;1;1;1;
22563;202000014790;154 716 351;B01;1;33;0;2;4;1;1;
22564;202000014791;154 716 349;A01;1;7;0;1;2;1;1;
22565;202000014792;154 716 347;B01;2;7;0;2;4;2;1;
22566;202000014792;154 716 348;A01;2;7;0;2;1;2;1;
22567;202000014793;154 716 345;B01;1;33;0;2;6;1;1;
22568;202000014793;154 716 346;A01;1;7;0;2;5;12;1;
22569;202000014794;154 716 343;B01;1;32;0;2;8;3;1;
22570;202000014794;154 716 344;A01;1;7;0;2;2;12;1;
22571;202000014795;154 716 341;B01;2;34;0;2;3;3;1;
22572;202000014795;154 716 342;A01;2;10;0;2;7;12;1;
22573;202000014796;154 716 339;A01;2;7;0;2;1;2;1;
22574;202000014796;154 716 340;B01;2;32;0;2;4;23;1;
22575;202000014798;154 716 335;A01;2;30;0;2;8;2;1;
22576;202000014798;154 716 336;Z01;2;34;0;2;0;2;0;
22577;202000014798;154 716 337;B01;2;10;0;2;6;23;6;
22578;202000014799;154 716 333;B01;1;31;0;2;7;1;1;
22579;202000014799;154 716 334;A01;1;50;0;2;3;19;3;
22580;202000014800;154 716 331;A01;2;33;0;2;1;17;1;
22581;202000014800;154 716 332;B01;1;7;0;2;3;1;1;
22582;202000014801;154 716 329;A01;1;32;0;2;8;11;1;
22583;202000014801;154 716 330;B01;1;32;0;2;7;1;1;
22584;202000014802;154 716 326;A01;1;7;0;2;1;2;1;
22585;202000014802;154 716 327;B01;1;7;0;2;4;23;1;
22586;202000014802;154 716 328;C01;1;10;0;2;4;23;1;
22587;202000014803;154 716 325;A01;1;37;0;1;0;7;2;1.0
22588;202000014804;154 716 324;A01;2;30;14;0;3;15;1;
22589;202000014805;154 716 322;A01;2;7;0;2;2;9;1;
22590;202000014805;154 716 323;B01;1;30;0;2;1;1;1;
22591;202000014806;154 716 321;A01;1;30;11;0;1;17;1;
22592;202000014807;154 716 319;B01;2;33;0;2;2;17;1;
22593;202000014807;154 716 320;A01;2;10;0;2;8;15;1;
22594;202000014808;154 716 317;A01;1;7;0;2;7;1;1;
22595;202000014808;154 716 318;B01;1;7;0;2;2;1;1;
22596;202000014809;154 716 316;A01;1;32;12;0;8;13;1;
22597;202000014810;154 716 314;B01;2;1;0;2;3;1;5;
22598;202000014810;154 716 315;A01;1;10;0;2;2;15;1;
22599;202000014811;154 716 312;B01;1;32;0;2;1;1;1;
22600;202000014811;154 716 313;A01;2;1;0;2;1;15;5;
22601;202000014812;154 716 310;B01;1;1;0;2;1;1;5;
22602;202000014812;154 716 311;A01;1;14;0;2;3;9;1;
22603;202000014813;154 716 308;B01;2;32;0;2;7;1;1;
22604;202000014813;154 716 309;A01;1;7;0;2;1;1;1;
22605;202000014814;154 716 305;C01;1;7;0;2;7;0;1;
22606;202000014814;154 716 306;B01;1;7;0;2;7;0;1;
22607;202000014814;154 716 307;A01;1;33;0;2;3;26;1;
22608;202000014815;154 716 304;A01;2;7;0;1;1;1;1;
22609;202000014816;154 716 302;B01;3;7;0;2;1;1;1;
22610;202000014816;154 716 303;A01;3;7;0;2;7;1;1;
22611;202000014817;154 716 298;A01;1;7;0;2;1;15;0;
22612;202000014817;154 716 299;B01;1;2;0;2;0;0;1;
22613;202000014818;154 716 297;A01;2;33;0;1;1;1;1;
22614;202000014819;154 716 296;A01;2;7;0;1;3;1;1;
22615;202000014820;154 716 294;A01;2;7;0;2;2;15;1;
22616;202000014820;154 716 295;B01;1;1;0;2;1;1;5;
22617;202000014821;154 716 293;A01;1;7;0;1;3;1;1;
22618;202000014822;154 716 292;A01;2;20;0;1;2;15;1;
22619;202000014823;154 716 290;A01;2;7;0;2;3;1;1;
22620;202000014823;154 716 291;B01;2;7;0;2;2;1;1;
22621;202000014824;154 716 288;B01;2;32;0;2;1;1;1;
22622;202000014824;154 716 289;A01;2;7;0;2;3;26;1;
22623;202000014825;154 716 286;B01;2;7;0;2;1;15;1;
22624;202000014825;154 716 287;A01;1;32;0;2;1;17;1;
22625;202000014827;154 716 284;A01;-1;7;0;1;1;9;0;
22626;202000014828;154 716 282;B01;3;32;0;0;5;0;1;
22627;202000014828;154 716 283;A01;3;31;0;2;3;21;1;
22628;202000014829;154 716 280;B01;1;1;0;2;1;2;0;
22629;202000014829;154 716 281;A01;1;7;0;9;4;4;0;
22630;202000014830;154 716 275;C01;1;7;0;2;1;2;0;
22631;202000014830;154 716 276;E01;1;7;0;2;8;1;0;
22632;202000014830;154 716 277;D01;1;7;0;2;8;1;0;
22633;202000014830;154 716 278;B01;1;7;0;2;1;1;0;
22634;202000014830;154 716 279;A01;2;7;0;2;1;5;0;
22635;202000014831;154 716 273;A01;1;7;0;2;7;13;1;
22636;202000014831;154 716 274;B01;2;7;0;2;3;1;1;
22637;202000014832;154 716 271;B01;1;7;1;2;3;1;1;
22638;202000014832;154 716 272;A01;2;7;0;0;3;13;1;
22639;202000014833;154 716 268;B01;1;13;0;2;1;21;1;
22640;202000014833;154 716 269;C01;2;7;0;2;1;1;1;
22641;202000014833;154 716 270;A01;1;7;0;2;6;2;1;
22642;202000014834;154 716 267;A01;1;7;8;0;2;1;1;
22643;202000014835;154 716 264;C01;2;7;8;2;3;1;1;
22644;202000014835;154 716 265;A01;1;7;0;2;1;1;1;
22645;202000014835;154 716 266;B01;1;7;0;2;4;15;1;
22646;202000014837;154 716 260;A01;1;41;0;2;3;13;1;
22647;202000014837;154 716 261;B01;2;7;0;2;3;14;1;
22648;202000014838;154 716 258;A01;2;7;0;1;3;1;1;
22649;202000014839;154 716 259;B01;1;7;0;2;3;1;1;
22650;202000014839;154 716 262;A01;1;7;0;2;3;1;1;
22651;202000014841;154 716 255;A01;3;10;0;2;3;1;1;
22652;202000014841;154 716 256;B01;3;7;0;0;4;1;1;
22653;202000014842;154 716 253;A01;2;15;0;2;1;2;1;
22654;202000014842;154 716 254;B01;2;7;3;2;4;2;1;
22655;202000014843;154 716 251;A01;3;2;0;0;7;23;1;
22656;202000014845;154 716 248;A01;2;7;0;2;2;15;1;
22657;202000014845;154 716 249;B01;1;32;0;2;1;21;1;
22658;202000014846;154 716 246;A01;2;7;0;0;6;2;1;
22659;202000014846;154 716 247;B01;2;7;0;2;2;2;1;
22660;202000014848;154 716 243;A01;1;7;13;0;9;1;1;
22661;202000014849;154 716 239;C01;2;7;0;2;4;1;1;
22662;202000014849;154 716 240;B01;1;7;0;2;4;23;1;
22663;202000014849;154 716 242;A01;1;10;0;2;1;1;1;
22664;202000014850;154 716 236;A01;3;7;0;2;3;1;1;
22665;202000014850;154 716 238;B01;3;7;0;2;3;1;1;
22666;202000014851;154 716 235;B01;2;1;0;2;8;1;5;
22667;202000014851;154 716 237;A01;2;7;0;2;2;17;1;
22668;202000014852;154 716 233;B01;1;7;0;2;1;1;1;
22669;202000014852;154 716 234;A01;1;7;0;2;1;13;1;
22670;202000014853;154 716 230;A01;2;7;2;0;2;1;1;
22671;202000014854;154 716 229;A01;1;7;0;2;1;2;1;
22672;202000014854;154 716 231;B01;1;7;0;2;4;23;1;
22673;202000014854;154 716 232;C01;2;33;0;2;9;1;1;
22674;202000014855;154 716 227;A01;2;33;0;9;8;1;1;
22675;202000014856;154 716 228;A01;3;33;14;0;0;1;1;
22676;202000014857;154 716 224;B01;1;7;0;2;1;1;1;
22677;202000014857;154 716 226;A01;2;1;0;2;1;13;5;
22678;202000014858;154 716 222;C01;2;7;0;0;5;1;1;
22679;202000014858;154 716 223;A01;2;7;0;2;8;17;1;
22680;202000014858;154 716 225;B01;1;7;0;2;1;1;1;
22681;202000014860;154 716 217;B01;2;10;0;0;1;0;1;
22682;202000014860;154 716 218;A01;1;7;0;0;1;0;1;
22683;202000014861;154 716 215;A01;0;2;0;2;1;1;1;
22684;202000014861;154 716 216;B01;0;7;0;2;2;15;1;
22685;202000014862;154 716 219;A01;0;2;0;2;0;1;1;
22686;202000014862;154 716 221;B01;0;7;0;2;1;15;1;
22687;202000014864;154 716 211;B01;1;7;0;2;7;1;6;
22688;202000014864;154 716 213;A01;1;14;0;2;3;15;6;
22689;202000014865;154 716 200;B01;1;7;0;2;3;9;1;
22690;202000014865;154 716 202;A01;2;2;0;2;0;1;1;
22691;202000014867;154 716 197;A01;3;7;0;9;2;19;0;
22692;202000014867;154 716 199;B01;0;1;0;0;0;0;5;
22693;202000014869;154 716 193;B01;3;38;0;2;0;1;1;1.0
22694;202000014869;154 716 195;A01;3;7;7;2;5;16;1;
22695;202000014870;154 716 188;A01;3;7;0;2;1;1;1;
22696;202000014870;154 716 190;B01;3;7;0;2;2;15;1;
22697;202000014871;154 716 185;A01;2;7;0;2;1;19;1;
22698;202000014871;154 716 186;B01;1;7;0;2;1;1;1;
22699;202000014872;154 716 184;B01;0;10;0;2;8;1;1;
22700;202000014872;154 716 187;A01;0;2;0;2;1;9;1;
22701;202000014873;154 716 181;A01;1;7;0;2;3;10;1;
22702;202000014873;154 716 182;B01;1;33;0;2;1;1;1;
22703;202000014874;154 716 183;A01;1;7;5;0;1;1;1;
22704;202000014875;154 716 179;B01;2;7;0;2;8;15;1;
22705;202000014875;154 716 180;A01;2;32;0;2;7;17;1;
22706;202000014876;154 716 178;A01;1;7;16;0;1;0;0;
22707;202000014877;154 716 176;B01;2;7;0;2;6;24;1;
22708;202000014877;154 716 177;A01;2;7;1;0;2;14;1;
22709;202000014878;154 716 174;B01;1;20;0;2;1;17;1;
22710;202000014878;154 716 175;A01;1;7;0;0;8;10;1;
22711;202000014879;154 716 171;A01;2;7;0;1;2;1;1;
22712;202000014880;154 716 172;A01;2;7;0;2;2;26;1;
22713;202000014880;154 716 173;B01;2;7;0;2;6;1;2;
22714;202000014881;154 716 169;B01;1;7;0;0;2;15;1;
22715;202000014881;154 716 170;A01;2;33;0;0;3;1;1;
22716;202000014883;154 716 165;B01;2;31;0;2;1;1;1;
22717;202000014883;154 716 166;A01;1;7;0;0;7;15;1;
22718;202000014885;154 716 161;A01;1;34;8;1;8;18;1;
22719;202000014885;154 716 162;B01;1;7;0;0;8;16;0;
22720;202000014885;154 716 164;C01;3;7;0;0;5;24;1;
22721;202000014886;154 716 160;A01;3;7;8;0;8;1;1;
22722;202000014887;154 716 157;A01;2;7;11;0;1;1;1;
22723;202000014888;154 716 156;A01;2;7;0;2;1;13;1;
22724;202000014888;154 716 158;B01;1;14;0;2;3;1;1;
22725;202000014888;154 716 159;C01;2;7;0;2;3;1;1;