;Num_Acc;id_vehicule;num_veh;senc;catv;obs;obsm;choc;manv;motor;occutc
22726;202000014889;154 716 154;B01;2;7;0;2;3;15;1;
22727;202000014889;154 716 155;A01;2;32;0;2;1;17;1;
22728;202000014890;154 716 149;A01;2;10;0;2;3;2;1;
22729;202000014890;154 716 151;B01;2;31;0;2;4;2;1;
22730;202000014891;154 716 150;A01;1;33;0;2;1;17;1;
22731;202000014891;154 716 152;B01;1;7;0;2;6;17;1;
22732;202000014892;154 716 146;A01;1;7;0;2;2;16;1;
22733;202000014892;154 716 148;B01;1;1;0;2;6;1;5;
22734;202000014893;154 716 145;A01;2;2;0;2;1;2;1;
22735;202000014893;154 716 147;B01;2;7;0;2;4;1;1;
22736;202000014894;154 716 143;A01;2;7;0;2;3;22;1;
22737;202000014894;154 716 144;B01;2;80;0;2;1;1;3;
22738;202000014895;154 716 141;A01;2;7;0;2;1;15;1;
22739;202000014895;154 716 142;B01;1;2;0;2;1;1;1;
22740;202000014896;154 716 140;A01;2;7;2;0;2;16;1;
22741;202000014897;154 716 139;A01;1;7;2;0;1;14;1;
22742;202000014898;154 716 138;A01;2;30;0;1;8;7;3;
22743;202000014899;154 716 137;A01;1;31;0;0;9;1;1;
22744;202000014900;154 716 134;A01;3;7;0;2;2;1;1;
22745;202000014900;154 716 136;B01;3;1;0;2;1;5;5;
22746;202000014902;154 716 131;A01;2;7;0;1;5;4;1;
22747;202000014903;154 716 130;A01;2;7;0;2;2;1;1;
22748;202000014903;154 716 132;B01;2;7;0;2;4;16;1;
22749;202000014904;154 716 128;A01;2;30;0;1;3;18;1;
22750;202000014905;154 716 127;B01;2;33;0;2;1;1;1;
22751;202000014905;154 716 129;A01;1;7;0;2;2;15;1;
22752;202000014906;154 716 126;A01;1;10;0;1;1;1;1;
22753;202000014907;154 716 121;A01;3;32;0;2;4;2;1;
22754;202000014907;154 716 122;B01;1;7;0;2;4;23;1;
22755;202000014908;154 716 119;B01;2;7;0;2;1;1;1;
22756;202000014908;154 716 120;A01;1;1;0;2;1;13;5;
22757;202000014909;154 716 117;B01;2;17;0;2;3;1;1;
22758;202000014909;154 716 118;A01;1;7;0;2;3;5;1;
22759;202000014910;154 716 115;A01;1;32;8;2;3;1;1;
22760;202000014910;154 716 116;B01;1;10;0;2;2;16;1;
22761;202000014911;154 716 113;B01;3;7;0;2;6;1;1;
22762;202000014911;154 716 114;A01;0;7;0;2;2;17;1;
22763;202000014912;154 716 109;B01;3;33;0;2;2;17;1;
22764;202000014912;154 716 111;A01;3;10;0;2;3;10;1;
22765;202000014913;154 716 110;B01;1;7;0;2;2;2;1;
22766;202000014913;154 716 112;A01;1;7;0;2;6;13;1;
22767;202000014914;154 716 107;A01;3;7;0;2;2;1;1;
22768;202000014914;154 716 108;B01;3;34;0;2;6;1;1;
22769;202000014915;154 716 101;C01;2;7;0;2;3;1;1;
22770;202000014915;154 716 104;A01;1;7;0;2;1;5;1;
22771;202000014915;154 716 105;B01;2;7;0;2;8;1;1;
22772;202000014915;154 716 106;D01;2;7;0;2;1;17;1;
22773;202000014916;154 716 102;B01;0;50;0;2;0;9;3;
22774;202000014916;154 716 103;A01;1;32;0;2;1;1;1;
22775;202000014917;154 716 097;Z01;1;7;0;2;0;23;1;
22776;202000014917;154 716 098;A01;1;32;0;2;1;2;1;
22777;202000014918;154 716 095;B01;2;17;0;2;5;1;1;
22778;202000014918;154 716 096;A01;2;10;0;2;1;1;1;
22779;202000014919;154 716 092;A01;2;7;3;0;9;1;1;
22780;202000014920;154 716 091;A01;1;7;2;0;2;6;1;
22781;202000014921;154 716 093;A01;1;1;0;2;5;11;5;
22782;202000014921;154 716 094;Z01;1;7;0;2;7;1;1;
22783;202000014922;154 716 089;A01;1;31;0;0;7;21;1;
22784;202000014923;154 716 088;A01;1;7;0;0;4;2;1;
22785;202000014923;154 716 090;B01;1;7;0;2;1;2;1;
22786;202000014924;154 716 086;B01;2;33;0;2;1;1;1;
22787;202000014924;154 716 087;A01;2;7;0;2;6;10;1;
22788;202000014925;154 716 082;A01;1;32;1;2;1;18;1;
22789;202000014925;154 716 083;B01;1;7;0;2;5;16;1;
22790;202000014925;154 716 084;C01;1;7;0;2;8;26;1;
22791;202000014926;154 716 081;A01;1;33;6;0;1;1;1;
22792;202000014927;154 716 080;A01;1;7;1;2;2;17;0;
22793;202000014928;154 716 078;A01;1;33;0;0;7;1;6;
22794;202000014928;154 716 079;B01;1;7;0;0;0;11;1;
22795;202000014929;154 716 074;A01;2;1;1;0;0;0;0;
22796;202000014929;154 716 075;B01;2;7;0;2;0;22;0;
22797;202000014931;154 716 072;A01;2;7;0;2;3;15;1;
22798;202000014931;154 716 073;B01;2;7;0;2;1;17;1;
22799;202000014932;154 716 070;A01;3;7;0;1;0;4;1;
22800;202000014933;154 716 071;A01;1;7;0;1;6;1;1;
22801;202000014934;154 716 069;A01;3;7;2;0;7;1;1;
22802;202000014936;154 716 065;A01;1;30;0;0;1;2;0;
22803;202000014936;154 716 067;B01;1;7;0;0;7;1;0;
22804;202000014937;154 716 063;A01;1;7;0;2;4;26;1;
22805;202000014937;154 716 064;C01;1;10;0;2;0;0;1;
22806;202000014937;154 716 066;B01;1;10;0;2;0;0;1;
22807;202000014938;154 716 060;A01;2;7;0;2;2;0;6;
22808;202000014938;154 716 062;B01;2;13;0;2;3;21;0;
22809;202000014940;154 716 057;A01;1;7;4;0;3;26;1;
22810;202000014941;154 716 056;B01;2;2;0;2;1;1;1;
22811;202000014941;154 716 058;A01;1;10;0;2;5;4;1;
22812;202000014942;154 716 055;A01;2;10;4;0;2;1;1;
22813;202000014943;154 716 053;A01;3;32;0;2;1;26;1;
22814;202000014943;154 716 054;B01;3;7;0;2;1;15;1;
22815;202000014944;154 716 052;A01;1;7;6;0;3;1;1;
22816;202000014945;154 716 049;B01;2;1;0;2;7;2;5;
22817;202000014945;154 716 051;A01;2;7;0;2;4;2;1;
22818;202000014947;154 716 045;A01;1;30;0;0;0;0;1;
22819;202000014947;154 716 046;B01;1;7;0;2;2;2;1;
22820;202000014948;154 716 044;A01;1;7;6;0;3;26;1;
22821;202000014949;154 716 042;A01;2;7;0;2;5;1;1;
22822;202000014950;154 716 041;A01;1;7;0;2;3;9;1;
22823;202000014950;154 716 043;B01;1;32;0;2;1;9;1;
22824;202000014951;154 716 038;Z01;1;7;0;2;1;1;1;
22825;202000014951;154 716 040;A01;1;7;0;2;4;12;1;
22826;202000014952;154 716 037;B01;1;7;0;2;1;19;1;
22827;202000014952;154 716 039;A01;1;7;0;2;7;19;1;
22828;202000014953;154 716 035;A01;1;33;0;2;1;2;1;
22829;202000014953;154 716 036;B01;1;10;0;2;4;2;1;
22830;202000014954;154 716 032;B01;2;7;0;2;9;0;1;
22831;202000014954;154 716 034;A01;2;7;0;2;6;10;1;
22832;202000014955;154 716 031;A01;2;10;0;2;7;2;1;
22833;202000014955;154 716 033;B01;2;33;0;2;1;2;1;
22834;202000014957;154 716 025;D01;1;7;0;2;1;1;0;
22835;202000014957;154 716 026;A01;1;10;0;2;8;9;1;
22836;202000014957;154 716 027;B01;1;7;0;2;2;14;1;
22837;202000014957;154 716 028;C01;1;7;0;2;1;1;1;
22838;202000014958;154 716 022;A01;1;7;0;2;3;15;1;
22839;202000014958;154 716 024;B01;2;31;0;2;1;1;1;
22840;202000014959;154 716 021;A01;2;2;2;0;1;0;1;
22841;202000014960;154 716 019;A01;2;7;13;0;2;14;1;
22842;202000014961;154 716 017;B01;2;33;0;0;7;15;1;
22843;202000014961;154 716 018;A01;2;7;0;9;1;9;1;
22844;202000014962;154 716 015;A01;2;33;0;2;8;17;1;
22845;202000014962;154 716 016;B01;2;10;0;2;8;15;1;
22846;202000014963;154 716 020;A01;1;20;0;2;4;1;1;
22847;202000014963;154 716 023;B01;1;20;0;2;1;11;1;
22848;202000014964;154 716 011;A01;2;7;0;2;6;1;1;
22849;202000014964;154 716 013;Z01;2;10;0;2;2;12;0;
22850;202000014965;154 716 012;A01;2;34;0;2;1;1;1;
22851;202000014965;154 716 014;B01;2;7;0;2;3;10;1;
22852;202000014966;154 716 009;A01;2;7;0;2;2;14;1;
22853;202000014966;154 716 010;B01;2;7;0;2;6;23;1;
22854;202000014967;154 716 007;B01;2;33;0;2;1;1;1;
22855;202000014967;154 716 008;A01;1;7;0;2;8;15;1;
22856;202000014968;154 716 006;A01;1;7;0;1;2;9;1;
22857;202000014969;154 716 004;A01;2;33;0;2;8;1;1;
22858;202000014969;154 716 005;B01;1;7;0;2;8;1;1;
22859;202000014970;154 716 000;B01;3;30;0;2;1;1;1;
22860;202000014970;154 716 002;A01;3;7;0;2;3;1;1;
22861;202000014972;154 715 997;A01;1;7;0;2;8;15;1;
22862;202000014972;154 715 999;B01;2;31;0;2;1;1;1;
22863;202000014973;154 715 996;A01;2;7;0;2;1;26;1;
22864;202000014973;154 715 998;B01;2;7;0;2;4;1;1;
22865;202000014974;154 715 992;B01;2;10;0;2;4;2;1;
22866;202000014974;154 715 994;Z01;2;7;0;2;1;1;0;
22867;202000014975;154 715 993;B01;0;7;0;2;1;1;0;
22868;202000014975;154 715 995;A01;0;7;0;2;7;1;0;
22869;202000014976;154 715 985;A01;1;7;16;0;1;1;1;
22870;202000014977;154 715 982;A01;3;7;0;1;1;1;1;
22871;202000014978;154 715 983;E01;1;10;0;2;1;2;1;
22872;202000014978;154 715 984;H01;1;7;0;2;4;2;1;
22873;202000014978;154 715 986;F01;1;7;0;2;4;2;1;
22874;202000014978;154 715 987;D01;1;7;0;2;4;2;1;
22875;202000014978;154 715 988;C01;1;10;0;2;3;2;1;
22876;202000014978;154 715 989;G01;1;7;0;2;4;1;1;
22877;202000014978;154 715 990;B01;1;7;0;2;1;2;1;
22878;202000014978;154 715 991;A01;1;10;0;2;1;2;1;
22879;202000014979;154 715 979;A01;1;7;8;0;1;0;1;
22880;202000014980;154 715 978;A01;2;7;3;2;4;26;1;
22881;202000014980;154 715 980;C01;2;17;0;2;8;2;1;
22882;202000014980;154 715 981;B01;2;10;0;2;1;17;1;
22883;202000014981;154 715 977;A01;1;7;2;0;2;14;1;
22884;202000014983;154 715 974;B01;1;7;0;2;2;2;1;
22885;202000014983;154 715 976;A01;1;10;0;2;6;3;1;
22886;202000014984;154 715 973;A01;3;7;2;0;2;13;1;
22887;202000014985;154 715 971;B01;1;10;0;2;4;2;0;
22888;202000014985;154 715 972;A01;1;10;0;2;1;2;0;
22889;202000014987;154 715 967;B01;2;31;0;2;7;17;1;
22890;202000014987;154 715 970;A01;2;7;0;2;8;15;1;
22891;202000014988;154 715 966;A01;1;7;4;0;1;1;1;
22892;202000014990;154 715 961;A01;2;7;0;2;1;1;1;
22893;202000014990;154 715 962;B01;2;7;0;2;4;1;1;
22894;202000014990;154 715 963;C01;2;7;0;2;4;1;1;
22895;202000014991;154 715 957;A01;2;7;0;2;2;5;1;
22896;202000014991;154 715 958;B01;1;7;0;2;2;5;1;
22897;202000014992;154 715 951;A01;1;10;0;1;1;1;1;
22898;202000014993;154 715 948;C01;2;7;0;2;6;1;1;
22899;202000014993;154 715 950;B01;2;7;0;2;7;1;1;
22900;202000014993;154 715 952;A01;2;7;0;2;1;1;1;
22901;202000014993;154 715 953;G01;2;7;0;2;8;1;1;
22902;202000014993;154 715 954;F01;2;7;0;2;6;1;1;
22903;202000014993;154 715 955;E01;2;7;0;2;7;1;1;
22904;202000014993;154 715 956;D01;2;7;0;2;5;1;1;
22905;202000014994;154 715 949;A01;2;7;6;0;3;1;1;
22906;202000014995;154 715 946;A01;2;7;0;2;3;1;1;
22907;202000014995;154 715 947;B01;2;7;0;2;4;2;1;
22908;202000014996;154 715 945;A01;1;33;0;0;7;1;0;
22909;202000014997;154 715 942;A01;2;7;0;2;4;26;1;
22910;202000014997;154 715 944;B01;2;0;0;2;1;0;-1;
22911;202000014998;154 715 941;A01;2;7;0;2;1;2;1;
22912;202000014998;154 715 943;B01;2;1;0;2;4;2;5;
22913;202000014999;154 715 940;A01;1;7;4;0;1;13;1;
22914;202000015000;154 715 939;A01;2;7;0;1;1;1;1;
22915;202000015001;154 715 936;A01;2;7;0;2;2;12;1;
22916;202000015001;154 715 937;B01;2;7;0;2;3;1;1;
22917;202000015001;154 715 938;C01;2;17;0;2;1;1;1;
22918;202000015002;154 715 935;A01;0;7;1;0;1;1;1;
22919;202000015004;154 715 931;A01;1;7;0;2;3;11;1;
22920;202000015004;154 715 932;B01;1;33;0;2;1;1;1;
22921;202000015005;154 715 930;A01;3;2;0;1;0;1;1;
22922;202000015006;154 715 926;B01;0;31;0;2;7;1;1;
22923;202000015006;154 715 927;A01;0;7;0;2;1;15;1;
22924;202000015007;154 715 928;A01;2;7;0;2;8;2;1;
22925;202000015007;154 715 929;B01;2;33;0;2;7;2;1;
22926;202000015008;154 715 921;A01;1;10;0;2;2;2;1;
22927;202000015008;154 715 923;B01;1;7;0;2;6;2;1;
22928;202000015009;154 715 920;B01;1;15;0;0;6;1;1;
22929;202000015009;154 715 922;A01;1;10;3;2;2;14;1;
22930;202000015010;154 715 915;A01;1;7;3;0;0;0;1;
22931;202000015011;154 715 914;A01;3;33;0;0;2;0;1;
22932;202000015012;154 715 912;A01;1;7;0;2;1;5;1;
22933;202000015012;154 715 913;B01;2;7;0;2;1;1;1;
22934;202000015013;154 715 916;A01;1;15;0;2;1;2;1;
22935;202000015013;154 715 917;B01;1;7;0;2;4;2;1;
22936;202000015013;154 715 918;C01;1;7;0;2;4;2;1;
22937;202000015013;154 715 919;D01;1;7;0;2;4;2;1;
22938;202000015014;154 715 909;A01;2;7;0;9;1;2;1;
22939;202000015014;154 715 911;B01;2;80;0;0;4;2;3;
22940;202000015015;154 715 908;B01;1;99;0;2;0;0;1;
22941;202000015015;154 715 910;A01;1;33;0;2;3;1;1;
22942;202000015017;154 715 906;A01;1;7;16;0;1;19;1;
22943;202000015018;154 715 903;A01;1;10;0;2;8;15;1;
22944;202000015018;154 715 905;B01;1;31;6;2;1;17;1;
22945;202000015019;154 715 902;A01;1;7;4;2;2;2;1;
22946;202000015019;154 715 904;B01;1;7;0;2;1;2;1;
22947;202000015021;154 715 898;A01;2;7;0;2;1;1;1;
22948;202000015021;154 715 899;B01;2;7;0;2;4;1;1;
22949;202000015021;154 715 900;C01;2;7;0;2;4;1;1;
22950;202000015022;154 715 897;A01;3;7;0;1;1;1;1;
22951;202000015023;154 715 894;A01;1;7;0;2;3;0;1;
22952;202000015023;154 715 895;B01;2;7;0;2;1;1;1;
22953;202000015025;154 715 890;B01;1;7;0;2;1;1;1;
22954;202000015025;154 715 892;A01;2;7;3;2;1;13;1;
22955;202000015026;154 715 891;A01;1;7;4;0;7;1;1;
22956;202000015027;154 715 887;B01;2;7;0;1;3;0;1;
22957;202000015027;154 715 889;A01;2;7;0;1;0;0;1;
22958;202000015028;154 715 884;A01;2;7;0;2;1;2;1;
22959;202000015028;154 715 885;D01;2;10;14;2;1;2;1;
22960;202000015028;154 715 886;C01;2;7;0;2;4;2;1;
22961;202000015028;154 715 888;B01;2;7;0;0;6;24;1;
22962;202000015029;154 715 883;A01;1;1;13;0;1;1;5;
22963;202000015030;154 715 881;B01;2;10;0;2;1;1;1;
22964;202000015030;154 715 882;A01;2;10;0;2;7;15;1;
22965;202000015031;154 715 878;A01;1;34;0;2;1;3;1;
22966;202000015031;154 715 880;B01;1;33;0;2;4;3;1;
22967;202000015032;154 715 877;A01;2;7;4;0;1;0;1;
22968;202000015033;154 715 875;B01;2;33;0;2;1;9;1;
22969;202000015033;154 715 876;A01;2;17;0;2;4;1;1;
22970;202000015034;154 715 874;A01;1;33;13;0;1;13;1;
22971;202000015035;154 715 871;C01;1;10;0;2;4;1;1;
22972;202000015035;154 715 872;A01;1;10;0;2;4;1;1;
22973;202000015035;154 715 873;B01;1;10;0;2;1;1;1;
22974;202000015037;154 715 868;A01;1;7;0;2;3;2;1;
22975;202000015037;154 715 870;B01;1;10;0;2;3;2;1;
22976;202000015038;154 715 861;A01;2;7;0;2;3;13;1;
22977;202000015038;154 715 863;B01;1;7;0;2;3;0;1;
22978;202000015040;154 715 856;C01;2;7;0;2;4;2;1;
22979;202000015040;154 715 857;B01;2;7;0;2;1;2;1;
22980;202000015040;154 715 858;A01;2;7;0;2;1;2;1;
22981;202000015041;154 715 851;A01;2;7;0;2;7;1;1;
22982;202000015041;154 715 852;B01;2;7;0;2;3;11;1;
22983;202000015041;154 715 853;C01;2;7;0;2;8;1;1;
22984;202000015041;154 715 854;D01;2;7;0;2;6;1;1;
22985;202000015041;154 715 855;E01;2;7;0;2;6;1;1;
22986;202000015042;154 715 849;B01;1;7;0;2;6;1;1;
22987;202000015042;154 715 850;A01;1;99;0;2;1;2;1;
22988;202000015043;154 715 845;C01;2;7;0;2;3;1;1;
22989;202000015043;154 715 846;B01;2;7;0;2;7;1;1;
22990;202000015043;154 715 847;A01;2;31;0;2;3;3;1;
22991;202000015044;154 715 848;A01;1;7;0;9;1;6;1;
22992;202000015045;154 715 842;A01;2;33;4;0;2;26;1;
22993;202000015046;154 715 838;A01;2;7;3;0;2;13;1;
22994;202000015047;154 715 837;F01;2;10;0;2;0;0;1;
22995;202000015047;154 715 839;E01;2;10;0;2;0;0;1;
22996;202000015047;154 715 840;D01;2;33;0;2;8;21;1;
22997;202000015047;154 715 841;C01;2;10;0;2;4;1;1;
22998;202000015047;154 715 843;B01;2;7;0;2;6;1;1;
22999;202000015047;154 715 844;A01;2;7;0;2;1;19;1;
23000;202000015048;154 715 832;D01;2;7;0;0;4;1;1;
23001;202000015048;154 715 833;A01;2;7;0;2;1;2;1;
23002;202000015048;154 715 834;B01;2;7;0;2;4;2;1;
23003;202000015048;154 715 835;C01;2;10;0;2;1;2;1;
23004;202000015050;154 715 826;A01;1;7;0;2;1;2;1;
23005;202000015050;154 715 828;B01;1;7;0;2;1;2;1;
23006;202000015050;154 715 829;C01;1;7;0;2;1;2;1;
23007;202000015050;154 715 830;D01;1;33;0;2;0;2;1;
23008;202000015051;154 715 825;B01;2;33;0;2;1;1;1;
23009;202000015051;154 715 827;A01;2;7;0;2;5;12;1;
23010;202000015052;154 715 822;A01;2;10;0;1;1;14;1;
23011;202000015053;154 715 820;D01;2;99;0;2;2;3;0;
23012;202000015053;154 715 821;C01;2;33;0;2;3;11;1;
23013;202000015053;154 715 823;B01;2;7;0;2;2;1;1;
23014;202000015053;154 715 824;A01;2;7;0;2;8;1;1;
23015;202000015054;154 715 816;A01;2;10;1;0;2;1;1;
23016;202000015054;154 715 818;C01;3;7;0;1;0;0;0;
23017;202000015054;154 715 819;D01;2;7;16;0;0;0;1;
23018;202000015055;154 715 815;A01;1;33;0;2;1;1;1;
23019;202000015055;154 715 817;B01;1;7;0;2;4;1;1;
23020;202000015056;154 715 813;A01;1;7;3;0;2;14;1;
23021;202000015057;154 715 812;B01;2;7;16;2;4;1;2;
23022;202000015057;154 715 814;A01;2;10;0;2;1;1;3;
23023;202000015058;154 715 810;Z01;1;7;0;2;0;0;0;
23024;202000015058;154 715 811;B01;1;33;0;2;1;3;1;
23025;202000015059;154 715 809;A01;2;1;13;0;2;26;5;
23026;202000015060;154 715 808;A01;1;7;4;0;0;1;1;
23027;202000015061;154 715 807;A01;1;10;0;1;4;26;1;
23028;202000015062;154 715 806;A01;1;7;3;0;1;1;1;
23029;202000015063;154 715 804;Z01;3;7;0;0;0;17;0;
23030;202000015063;154 715 805;A01;3;1;0;0;3;2;5;
23031;202000015064;154 715 802;A01;1;7;0;2;6;14;1;
23032;202000015064;154 715 803;B01;1;7;0;2;6;1;0;
23033;202000015066;154 715 798;A01;2;7;0;2;3;11;1;
23034;202000015066;154 715 800;B01;2;31;0;2;7;2;1;
23035;202000015067;154 715 797;A01;1;43;2;0;1;13;1;
23036;202000015068;154 715 794;A01;2;10;0;1;2;1;1;
23037;202000015069;154 715 793;C01;1;10;0;2;4;0;1;
23038;202000015069;154 715 795;B01;1;10;0;2;4;0;1;
23039;202000015069;154 715 796;A01;1;7;0;2;1;0;1;
23040;202000015070;154 715 791;B01;3;10;0;2;0;21;1;
23041;202000015070;154 715 792;A01;3;32;0;2;0;21;0;
23042;202000015071;154 715 789;A01;1;7;0;2;1;2;1;
23043;202000015071;154 715 790;B01;1;7;0;2;4;2;1;
23044;202000015073;154 715 786;A01;1;7;0;2;1;0;1;
23045;202000015073;154 715 787;B01;1;7;0;2;4;0;1;
23046;202000015074;154 715 784;A01;3;7;0;2;2;19;1;
23047;202000015074;154 715 785;B01;3;31;0;2;1;1;1;
23048;202000015075;154 715 779;A01;1;7;0;1;3;21;1;
23049;202000015076;154 715 778;B01;1;7;0;2;1;1;1;
23050;202000015076;154 715 780;A01;1;7;0;2;1;14;1;
23051;202000015076;154 715 781;D01;1;7;0;2;4;1;1;
23052;202000015076;154 715 782;E01;1;7;0;2;5;1;1;
23053;202000015076;154 715 783;C01;1;7;0;2;1;1;1;
23054;202000015077;154 715 776;B01;0;7;0;2;3;19;0;
23055;202000015077;154 715 777;A01;0;7;0;2;1;1;0;
23056;202000015078;154 715 772;A01;1;10;0;2;1;19;1;
23057;202000015078;154 715 773;B01;1;1;0;2;0;19;0;
23058;202000015079;154 715 774;B01;1;7;0;2;5;12;1;
23059;202000015079;154 715 775;A01;1;34;0;2;8;3;1;
23060;202000015080;154 715 770;B01;1;7;0;2;4;2;1;
23061;202000015080;154 715 771;A01;0;7;0;2;4;2;1;
23062;202000015081;154 715 768;A01;1;7;0;1;1;1;1;
23063;202000015083;154 715 765;A01;3;7;0;2;2;1;1;
23064;202000015083;154 715 766;B01;3;1;0;2;8;1;5;
23065;202000015084;154 715 763;A01;2;10;0;2;1;2;1;
23066;202000015084;154 715 764;B01;2;7;0;2;4;2;1;
23067;202000015085;154 715 762;A01;1;7;0;0;1;13;1;
23068;202000015086;154 715 759;A01;1;7;0;0;2;1;1;
23069;202000015087;154 715 758;A01;2;7;0;2;1;2;1;
23070;202000015087;154 715 760;C01;2;7;0;2;4;2;1;
23071;202000015087;154 715 761;B01;2;7;0;2;4;2;1;
23072;202000015088;154 715 757;A01;2;33;0;0;8;14;1;
23073;202000015089;154 715 756;A01;1;7;0;1;2;1;2;
23074;202000015090;154 715 750;B01;3;7;0;2;1;1;1;
23075;202000015090;154 715 753;A01;3;7;0;2;1;19;1;
23076;202000015091;154 715 747;G01;1;7;0;2;4;26;1;
23077;202000015091;154 715 749;E01;1;7;0;2;5;26;1;
23078;202000015091;154 715 751;D01;1;7;0;2;4;26;1;
23079;202000015091;154 715 752;A01;1;15;0;2;1;12;1;
23080;202000015091;154 715 754;B01;1;7;0;2;4;26;1;
23081;202000015091;154 715 755;C01;1;7;0;2;3;26;1;
23082;202000015092;154 715 746;A01;3;2;0;2;2;15;1;
23083;202000015092;154 715 748;B01;3;7;0;2;1;1;1;
23084;202000015093;154 715 744;B01;1;7;0;2;5;11;1;
23085;202000015093;154 715 745;A01;1;32;0;2;3;3;1;
23086;202000015094;154 715 743;A01;3;7;9;0;1;14;0;
23087;202000015095;154 715 741;B01;2;7;0;2;1;1;1;
23088;202000015095;154 715 742;A01;2;7;4;2;7;14;1;
23089;202000015096;154 715 740;A01;2;7;0;1;3;1;1;
23090;202000015097;154 715 738;B01;2;32;0;2;2;1;1;
23091;202000015097;154 715 739;A01;2;7;0;2;8;11;1;
23092;202000015098;154 715 734;Z01;1;7;0;2;3;18;1;
23093;202000015098;154 715 735;C01;1;7;0;2;4;1;1;
23094;202000015098;154 715 736;B01;1;7;4;2;7;1;1;
23095;202000015099;154 715 737;A01;1;32;8;0;1;0;1;
23096;202000015100;154 715 728;D01;2;7;0;2;1;2;1;
23097;202000015100;154 715 730;C01;2;7;0;2;1;2;1;
23098;202000015100;154 715 732;B01;2;10;0;2;1;2;1;
23099;202000015100;154 715 733;A01;2;7;0;2;4;2;1;
23100;202000015101;154 715 727;C01;2;7;0;2;4;23;1;
23101;202000015101;154 715 729;B01;2;7;0;2;4;23;1;
23102;202000015101;154 715 731;A01;2;7;0;2;1;2;1;
23103;202000015102;154 715 726;A01;2;7;3;0;3;13;1;
23104;202000015103;154 715 725;A01;2;7;4;0;1;1;1;
23105;202000015104;154 715 721;A01;3;10;0;2;2;5;1;
23106;202000015104;154 715 723;B01;3;7;0;2;1;1;1;
23107;202000015105;154 715 719;B01;1;7;0;2;1;1;0;
23108;202000015105;154 715 720;A01;2;33;8;2;8;1;1;
23109;202000015107;154 715 716;B01;2;10;0;2;4;1;1;
23110;202000015107;154 715 718;A01;2;7;0;2;1;1;1;
23111;202000015108;154 715 715;B01;1;7;0;2;4;2;2;
23112;202000015108;154 715 717;A01;1;7;0;2;1;2;1;
23113;202000015109;154 715 714;A01;2;7;4;0;1;13;1;
23114;202000015110;154 715 711;A01;2;7;0;2;1;1;1;
23115;202000015110;154 715 712;B01;2;10;0;2;4;2;1;
23116;202000015111;154 715 713;A01;3;7;0;1;5;15;1;
23117;202000015112;154 715 709;Z01;1;7;0;2;0;0;0;
23118;202000015112;154 715 710;B01;1;7;4;2;8;1;1;
23119;202000015113;154 715 708;A01;1;32;0;1;8;21;1;
23120;202000015114;154 715 705;A01;2;50;0;0;1;1;3;
23121;202000015115;154 715 704;C01;2;10;0;2;4;2;1;
23122;202000015115;154 715 706;B01;2;33;0;2;4;2;1;
23123;202000015115;154 715 707;A01;2;7;0;2;1;2;1;
23124;202000015116;154 715 701;B01;3;1;0;2;0;19;5;
23125;202000015116;154 715 703;A01;3;7;0;2;0;15;1;
23126;202000015117;154 715 700;B01;2;7;0;2;4;2;1;
23127;202000015117;154 715 702;A01;2;7;0;2;1;2;1;
23128;202000015118;154 715 698;A01;2;7;0;2;3;2;0;
23129;202000015118;154 715 699;B01;2;31;0;2;5;2;0;
23130;202000015119;154 715 697;A01;1;7;4;0;1;2;1;
23131;202000015120;154 715 696;A01;0;10;0;1;2;1;0;
23132;202000015121;154 715 695;A01;1;7;4;0;1;17;1;
23133;202000015122;154 715 694;A01;0;3;1;0;1;14;0;
23134;202000015123;154 715 693;A01;2;7;4;0;1;1;1;
23135;202000015124;154 715 689;Z01;2;7;0;2;7;0;0;
23136;202000015124;154 715 691;B01;2;31;0;2;8;3;1;
23137;202000015125;154 715 690;B01;2;34;0;2;0;0;1;
23138;202000015125;154 715 692;A01;2;7;0;2;0;0;1;
23139;202000015126;154 715 686;C01;1;10;0;2;4;2;1;
23140;202000015126;154 715 687;Z01;1;7;0;2;1;2;0;
23141;202000015126;154 715 688;B01;1;7;0;2;4;2;1;
23142;202000015127;154 715 684;B01;3;7;0;2;2;15;0;
23143;202000015127;154 715 685;A01;1;30;0;2;1;1;0;
23144;202000015128;154 715 679;A01;2;7;0;2;2;13;1;
23145;202000015128;154 715 680;B01;2;7;0;2;1;2;1;
23146;202000015128;154 715 681;C01;2;10;0;2;3;2;1;
23147;202000015128;154 715 682;E01;2;33;0;2;8;2;1;
23148;202000015128;154 715 683;D01;2;7;0;2;1;2;1;
23149;202000015129;154 715 677;A01;3;7;0;2;1;1;1;
23150;202000015129;154 715 678;B01;3;1;0;2;8;19;5;
23151;202000015130;154 715 674;A01;2;7;0;2;1;1;1;
23152;202000015130;154 715 675;C01;2;7;0;2;4;2;1;
23153;202000015130;154 715 676;B01;2;10;0;2;4;2;1;
23154;202000015131;154 715 673;A01;3;7;1;1;3;19;1;
23155;202000015132;154 715 671;B01;1;33;0;2;2;3;1;
23156;202000015132;154 715 672;A01;1;7;0;2;3;11;1;
23157;202000015133;154 715 668;B01;1;7;0;2;4;1;1;
23158;202000015133;154 715 669;A01;1;7;0;2;1;26;1;
23159;202000015134;154 715 666;B01;2;7;0;2;8;24;1;