;Num_Acc;id_vehicule;num_veh;senc;catv;obs;obsm;choc;manv;motor;occutc
23160;202000015134;154 715 670;A01;2;32;0;2;2;1;1;
23161;202000015135;154 715 664;A01;2;1;1;0;1;1;0;
23162;202000015136;154 715 660;A01;1;7;0;2;1;1;1;
23163;202000015136;154 715 661;B01;1;7;0;2;9;23;0;
23164;202000015136;154 715 662;C01;1;7;0;2;4;23;1;
23165;202000015137;154 715 663;C01;1;7;0;2;2;1;1;
23166;202000015137;154 715 665;B01;1;7;0;2;6;1;1;
23167;202000015137;154 715 667;A01;1;7;0;2;2;14;1;
23168;202000015138;154 715 657;B01;1;7;0;2;4;2;1;
23169;202000015138;154 715 658;A01;1;7;0;2;1;2;1;
23170;202000015139;154 715 656;A01;3;7;0;2;3;19;1;
23171;202000015139;154 715 659;B01;1;33;0;2;1;1;1;
23172;202000015140;154 715 653;A01;1;7;0;2;1;2;1;
23173;202000015140;154 715 654;B01;1;7;0;2;1;2;6;
23174;202000015140;154 715 655;C01;1;10;0;2;4;2;1;
23175;202000015141;154 715 650;B01;1;7;0;2;1;13;1;
23176;202000015141;154 715 652;A01;2;7;0;2;1;1;1;
23177;202000015142;154 715 649;B01;1;10;0;2;3;11;1;
23178;202000015142;154 715 651;A01;1;33;0;2;2;3;1;
23179;202000015143;154 715 647;A01;2;7;3;0;8;13;1;
23180;202000015144;154 715 646;A01;1;7;4;0;3;1;1;
23181;202000015145;154 715 644;A01;1;2;0;2;3;13;1;
23182;202000015145;154 715 645;B01;2;7;0;2;8;1;1;
23183;202000015146;154 715 642;B01;2;7;0;2;6;1;1;
23184;202000015146;154 715 643;A01;2;14;0;2;2;12;1;
23185;202000015147;154 715 641;A01;3;31;6;0;1;15;1;
23186;202000015148;154 715 639;B01;1;7;0;2;4;23;1;
23187;202000015148;154 715 640;Z01;1;7;1;0;1;2;1;
23188;202000015149;154 715 637;B01;0;33;0;2;8;1;1;
23189;202000015149;154 715 638;A01;0;7;0;2;3;13;1;
23190;202000015150;154 715 634;B01;2;7;0;2;4;2;1;
23191;202000015150;154 715 635;A01;2;10;0;2;4;2;1;
23192;202000015150;154 715 636;Z01;2;7;0;2;1;2;0;
23193;202000015151;154 715 633;A01;1;32;0;1;1;0;1;
23194;202000015152;154 715 631;A01;2;7;0;0;9;14;1;
23195;202000015153;154 715 629;A01;1;1;0;0;3;1;0;
23196;202000015154;154 715 628;A01;1;1;0;0;0;1;5;
23197;202000015155;154 715 630;B01;1;7;0;2;2;12;1;
23198;202000015155;154 715 632;A01;1;10;0;2;8;1;1;
23199;202000015156;154 715 627;A01;2;7;16;0;9;1;1;
23200;202000015157;154 715 625;A01;2;21;3;0;1;13;1;
23201;202000015158;154 715 624;A01;2;7;0;2;5;2;1;
23202;202000015158;154 715 626;B01;2;31;0;2;1;2;1;
23203;202000015159;154 715 622;A01;1;7;4;0;1;13;1;
23204;202000015160;154 715 621;B01;2;7;0;2;8;15;1;
23205;202000015160;154 715 623;A01;2;33;0;2;1;17;1;
23206;202000015162;154 715 618;B01;3;7;0;2;1;26;1;
23207;202000015162;154 715 619;A01;3;7;0;2;3;9;1;
23208;202000015164;154 715 614;A01;2;7;13;0;9;18;1;
23209;202000015165;154 715 613;A01;3;7;2;0;3;0;1;
23210;202000015167;154 715 615;B01;1;10;0;2;4;2;1;
23211;202000015167;154 715 617;A01;1;32;0;2;1;2;1;
23212;202000015168;154 715 610;A01;2;31;0;0;9;1;1;
23213;202000015169;154 715 609;A01;2;7;6;0;1;16;1;
23214;202000015170;154 715 606;A01;1;7;13;0;3;13;1;
23215;202000015171;154 715 605;B01;2;7;0;2;4;1;1;
23216;202000015171;154 715 607;A01;2;7;3;2;4;1;1;
23217;202000015171;154 715 608;Z01;2;14;0;2;0;0;0;
23218;202000015172;154 715 602;A01;1;7;0;2;3;19;1;
23219;202000015172;154 715 604;B01;2;7;0;2;1;1;1;
23220;202000015173;154 715 601;B01;1;7;0;2;6;11;1;
23221;202000015173;154 715 603;A01;1;33;0;2;1;1;1;
23222;202000015174;154 715 600;A01;3;31;16;0;0;0;1;
23223;202000015175;154 715 598;B01;1;43;0;2;3;3;1;
23224;202000015175;154 715 599;A01;1;7;0;2;5;14;1;
23225;202000015176;154 715 595;A01;3;7;0;2;2;1;1;
23226;202000015176;154 715 597;B01;3;1;0;2;1;19;5;
23227;202000015177;154 715 594;B01;1;7;4;2;6;2;1;
23228;202000015177;154 715 596;Z01;1;7;0;2;1;2;0;
23229;202000015178;154 715 592;B01;1;7;0;2;8;1;1;
23230;202000015178;154 715 593;A01;2;10;0;2;1;19;1;
23231;202000015179;154 715 590;A01;0;31;0;6;1;1;1;
23232;202000015181;154 715 587;A01;3;7;0;4;2;16;1;
23233;202000015181;154 715 588;B01;1;39;0;4;3;0;1;
23234;202000015182;154 715 585;A01;1;7;4;0;8;13;1;
23235;202000015183;154 715 584;B01;1;1;0;0;3;1;5;
23236;202000015183;154 715 586;A01;1;7;0;9;2;1;1;
23237;202000015184;154 715 582;B01;2;33;0;0;1;3;1;
23238;202000015184;154 715 583;A01;2;10;0;2;6;11;1;
23239;202000015185;154 715 581;A01;1;31;12;0;1;1;1;
23240;202000015186;154 715 579;B01;1;32;0;2;7;3;1;
23241;202000015186;154 715 580;A01;1;7;0;2;8;11;1;
23242;202000015187;154 715 576;C01;1;7;0;2;3;1;1;
23243;202000015187;154 715 577;B01;2;2;0;2;3;1;1;
23244;202000015187;154 715 578;A01;1;7;0;2;2;17;1;
23245;202000015188;154 715 574;A01;1;33;0;6;3;21;1;
23246;202000015190;154 715 571;A01;1;32;0;0;9;1;1;
23247;202000015191;154 715 572;A01;1;33;13;0;1;1;1;
23248;202000015192;154 715 568;A01;1;7;0;2;1;1;1;
23249;202000015192;154 715 570;B01;1;7;0;2;4;1;1;
23250;202000015193;154 715 569;A01;2;10;6;0;1;1;1;
23251;202000015194;154 715 566;B01;2;10;0;9;2;2;0;
23252;202000015194;154 715 567;A01;2;15;0;2;0;2;0;
23253;202000015195;154 715 564;B01;1;32;0;2;1;1;1;
23254;202000015195;154 715 565;A01;2;7;0;2;5;15;1;
23255;202000015196;154 715 561;A01;2;10;0;2;1;1;1;
23256;202000015196;154 715 563;B01;2;10;0;2;4;1;1;
23257;202000015197;154 715 559;B01;2;7;0;2;1;1;1;
23258;202000015197;154 715 560;A01;1;7;6;2;3;13;0;
23259;202000015197;154 715 562;C01;2;7;0;2;3;1;1;
23260;202000015198;154 715 557;A01;2;7;0;2;1;2;1;
23261;202000015198;154 715 558;B01;2;7;0;2;5;2;1;
23262;202000015199;154 715 556;A01;2;7;3;2;1;1;1;
23263;202000015200;154 715 554;B01;2;31;0;2;1;2;1;
23264;202000015200;154 715 555;A01;2;7;0;2;5;12;1;
23265;202000015201;154 715 551;A01;2;7;0;2;7;9;1;
23266;202000015201;154 715 553;B01;1;17;0;2;1;1;1;
23267;202000015202;154 715 550;A01;2;7;0;2;1;2;1;
23268;202000015202;154 715 552;B01;2;15;0;2;4;2;1;
23269;202000015205;154 715 544;A01;1;7;0;2;1;18;1;
23270;202000015205;154 715 545;B01;1;7;0;2;4;1;1;
23271;202000015206;154 715 542;B01;2;17;0;2;2;1;1;
23272;202000015206;154 715 543;A01;2;7;0;2;6;1;1;
23273;202000015207;154 715 540;B01;2;31;0;2;1;3;1;
23274;202000015207;154 715 541;A01;2;7;0;2;5;1;1;
23275;202000015209;154 715 536;B01;2;7;0;2;3;2;1;
23276;202000015209;154 715 537;A01;1;7;0;2;3;13;1;
23277;202000015210;154 715 534;B01;1;2;0;2;1;15;1;
23278;202000015210;154 715 535;A01;1;7;0;2;1;16;1;
23279;202000015211;154 715 532;A01;2;10;0;2;2;17;1;
23280;202000015211;154 715 533;B01;2;1;0;2;8;15;0;
23281;202000015212;154 715 530;B01;2;7;0;2;1;2;1;
23282;202000015212;154 715 531;A01;2;7;0;2;4;23;1;
23283;202000015213;154 715 529;A01;1;7;2;0;1;14;1;
23284;202000015214;154 715 526;A01;2;7;0;2;0;0;0;
23285;202000015214;154 715 527;C01;2;7;0;2;0;0;0;
23286;202000015214;154 715 528;B01;2;7;0;2;0;0;0;
23287;202000015215;154 715 524;A01;1;33;0;2;4;17;1;
23288;202000015215;154 715 525;B01;2;7;0;2;3;13;0;
23289;202000015216;154 715 522;B01;3;1;0;2;5;15;5;
23290;202000015216;154 715 523;A01;3;7;0;9;3;9;1;
23291;202000015217;154 715 520;A01;1;7;0;9;3;15;1;
23292;202000015217;154 715 521;B01;2;2;0;2;0;0;1;
23293;202000015218;154 715 518;B01;2;7;0;2;1;1;1;
23294;202000015218;154 715 519;A01;2;7;0;2;7;1;1;
23295;202000015219;154 715 516;A01;1;7;0;2;1;15;1;
23296;202000015219;154 715 517;B01;2;7;0;2;1;1;1;
23297;202000015220;154 715 515;A01;1;7;0;1;1;1;1;
23298;202000015221;154 715 513;B01;3;7;0;2;1;1;1;
23299;202000015221;154 715 514;A01;3;7;0;2;8;19;1;
23300;202000015222;154 715 511;B01;1;1;0;2;1;1;5;
23301;202000015222;154 715 512;A01;1;7;0;2;8;22;1;
23302;202000015223;154 715 509;A01;3;7;0;2;1;15;1;
23303;202000015223;154 715 510;B01;3;1;0;2;1;1;1;
23304;202000015224;154 715 508;A01;3;30;8;0;0;0;1;
23305;202000015225;154 715 507;A01;2;7;0;1;2;1;1;
23306;202000015226;154 715 505;B01;2;30;0;2;2;17;1;
23307;202000015226;154 715 506;A01;2;7;0;0;3;15;1;
23308;202000015227;154 715 504;A01;2;33;3;0;2;1;1;
23309;202000015228;154 715 503;A01;3;7;8;0;8;1;1;
23310;202000015229;154 715 501;B01;1;7;0;2;7;16;0;
23311;202000015229;154 715 502;A01;1;7;6;1;1;1;1;
23312;202000015230;154 715 499;B01;2;7;0;2;2;16;1;
23313;202000015230;154 715 500;A01;2;33;0;2;1;1;1;
23314;202000015231;154 715 498;A01;1;7;0;1;3;1;1;
23315;202000015232;154 715 496;B01;1;7;0;2;5;23;1;
23316;202000015232;154 715 497;A01;1;33;0;2;1;2;1;
23317;202000015233;154 715 494;A01;0;7;0;2;3;1;1;
23318;202000015233;154 715 495;B01;0;33;0;2;0;17;1;
23319;202000015234;154 715 492;B01;2;7;0;2;4;1;0;
23320;202000015234;154 715 493;A01;2;7;0;2;1;1;0;
23321;202000015235;154 715 490;A01;2;7;0;2;3;15;1;
23322;202000015235;154 715 491;B01;2;33;0;2;1;17;1;
23323;202000015236;154 715 489;A01;1;17;0;1;1;1;1;
23324;202000015237;154 715 487;B01;1;10;0;2;3;9;1;
23325;202000015237;154 715 488;A01;2;31;0;2;1;9;1;
23326;202000015238;154 715 485;A01;1;7;0;2;2;15;1;
23327;202000015238;154 715 486;B01;2;2;0;2;1;26;1;
23328;202000015239;154 715 483;B01;1;7;0;2;4;1;1;
23329;202000015239;154 715 484;A01;1;7;0;2;1;2;1;
23330;202000015240;154 715 481;B01;1;7;0;2;1;1;1;
23331;202000015240;154 715 482;A01;2;7;0;2;3;9;1;
23332;202000015241;154 715 479;A01;1;31;0;2;1;1;1;
23333;202000015241;154 715 480;B01;1;7;0;2;2;1;1;
23334;202000015243;154 715 476;A01;2;10;2;0;2;14;1;
23335;202000015245;154 715 473;B01;1;31;0;2;7;1;1;
23336;202000015245;154 715 474;A01;1;7;0;2;3;11;1;
23337;202000015246;154 715 471;B01;1;33;0;2;4;0;0;
23338;202000015246;154 715 472;A01;1;7;0;1;1;2;1;
23339;202000015247;154 715 469;B01;1;2;0;2;2;1;1;
23340;202000015247;154 715 470;A01;2;7;0;2;3;15;1;
23341;202000015248;154 715 468;A01;1;1;13;0;2;21;5;
23342;202000015249;154 715 466;B01;3;7;0;2;1;15;1;
23343;202000015249;154 715 467;A01;3;7;0;2;2;1;1;
23344;202000015250;154 715 464;B01;1;7;0;2;7;1;1;
23345;202000015250;154 715 465;A01;2;7;0;2;1;1;1;
23346;202000015251;154 715 463;A01;2;34;4;0;1;14;1;
23347;202000015252;154 715 461;A01;2;30;0;2;1;1;1;
23348;202000015252;154 715 462;Z01;1;7;0;2;1;5;1;
23349;202000015253;154 715 460;Z01;2;7;0;1;8;1;1;
23350;202000015254;154 715 458;B01;2;7;0;2;4;23;1;
23351;202000015254;154 715 459;A01;2;10;0;2;1;2;1;
23352;202000015255;154 715 457;Z01;2;7;0;1;1;10;1;
23353;202000015256;154 715 455;A01;2;7;0;2;2;9;1;
23354;202000015256;154 715 456;B01;2;1;0;2;1;1;5;
23355;202000015259;154 715 449;A01;2;34;0;2;2;17;1;
23356;202000015259;154 715 450;B01;2;7;0;2;3;13;1;
23357;202000015259;154 715 451;C01;1;1;0;2;3;1;5;
23358;202000015260;154 715 447;A01;3;30;0;2;1;18;1;
23359;202000015260;154 715 448;B01;3;7;0;2;4;1;1;
23360;202000015261;154 715 445;A01;1;2;0;2;2;1;3;
23361;202000015261;154 715 446;B01;2;33;0;2;1;1;1;
23362;202000015262;154 715 444;A01;1;32;0;2;2;21;1;
23363;202000015263;154 715 442;A01;1;32;0;2;1;1;1;
23364;202000015263;154 715 443;B01;2;50;0;2;1;5;3;
23365;202000015264;154 715 441;A01;2;1;0;1;1;1;5;
23366;202000015265;154 715 439;A01;3;50;0;2;1;19;3;
23367;202000015265;154 715 440;B01;3;7;0;2;2;1;1;
23368;202000015266;154 715 438;A01;1;10;0;1;2;1;1;
23369;202000015267;154 715 437;Z01;1;7;0;1;1;5;1;
23370;202000015268;154 715 436;A01;3;34;0;1;1;25;0;
23371;202000015269;154 715 435;A01;3;1;15;1;1;25;5;
23372;202000015270;154 715 433;A01;2;7;0;2;1;1;1;
23373;202000015270;154 715 434;B01;3;33;0;2;4;23;1;
23374;202000015271;154 715 431;B01;0;7;0;2;1;15;0;
23375;202000015271;154 715 432;A01;2;30;0;2;8;1;1;
23376;202000015272;154 715 429;B01;3;7;0;2;3;1;1;
23377;202000015272;154 715 430;A01;3;41;0;2;1;15;1;
23378;202000015273;154 715 427;B01;3;7;0;2;3;9;0;
23379;202000015273;154 715 428;A01;1;33;0;2;7;1;0;
23380;202000015274;154 715 425;B01;0;7;0;2;2;14;1;
23381;202000015274;154 715 426;A01;1;33;0;2;1;1;1;
23382;202000015275;154 715 424;A01;1;30;1;0;2;21;1;
23383;202000015276;154 715 423;A01;2;10;1;0;2;26;6;
23384;202000015277;154 715 421;A01;1;7;0;2;1;1;1;
23385;202000015277;154 715 422;B01;0;1;0;0;7;19;5;
23386;202000015278;154 715 419;A01;1;7;0;2;1;2;1;
23387;202000015278;154 715 420;B01;1;14;0;2;4;23;1;
23388;202000015279;154 715 417;A01;1;3;0;2;3;26;0;
23389;202000015279;154 715 418;B01;1;2;0;2;1;2;0;
23390;202000015280;154 715 415;A01;1;7;0;2;3;0;0;
23391;202000015280;154 715 416;B01;1;34;0;2;2;1;1;
23392;202000015281;154 715 413;A01;2;7;0;2;2;15;1;
23393;202000015281;154 715 414;B01;1;30;0;2;1;16;1;
23394;202000015282;154 715 410;C01;2;7;0;2;1;1;1;
23395;202000015282;154 715 411;B01;2;7;0;2;1;1;1;
23396;202000015282;154 715 412;A01;2;7;4;0;2;1;1;
23397;202000015283;154 715 409;A01;3;33;0;0;9;26;0;
23398;202000015284;154 715 407;A01;1;7;5;0;1;5;0;
23399;202000015284;154 715 408;B01;2;7;5;0;1;26;0;
23400;202000015285;154 715 406;A01;1;7;0;1;2;1;1;
23401;202000015286;154 715 405;A01;2;7;1;0;0;13;1;
23402;202000015287;154 715 403;B01;2;7;0;2;1;1;1;
23403;202000015287;154 715 404;A01;1;7;0;2;1;1;1;
23404;202000015289;154 715 400;A01;1;7;10;0;1;1;1;
23405;202000015290;154 715 398;A01;2;7;0;2;5;15;1;
23406;202000015290;154 715 399;B01;1;33;0;2;1;1;1;
23407;202000015291;154 715 396;A01;1;7;0;2;3;1;1;
23408;202000015291;154 715 397;B01;2;15;0;2;8;1;1;
23409;202000015292;154 715 394;A01;0;2;0;2;3;1;1;
23410;202000015292;154 715 395;B01;0;7;0;2;3;1;1;
23411;202000015293;154 715 392;B01;2;7;0;2;2;21;1;
23412;202000015293;154 715 393;A01;1;1;0;2;0;25;5;
23413;202000015294;154 715 389;B01;1;7;0;2;3;1;1;
23414;202000015294;154 715 390;A01;1;7;0;2;2;17;1;
23415;202000015294;154 715 391;C01;1;7;0;2;7;21;1;
23416;202000015295;154 715 387;A01;1;7;3;0;8;1;1;
23417;202000015296;154 715 386;A01;1;7;4;0;1;1;1;
23418;202000015297;154 715 385;A01;0;7;15;0;0;1;1;
23419;202000015298;154 715 384;A01;2;33;2;0;1;1;1;
23420;202000015299;154 715 382;B01;1;7;0;2;3;1;1;
23421;202000015299;154 715 383;A01;2;33;0;2;3;13;1;
23422;202000015300;154 715 380;A01;1;31;0;2;1;1;1;
23423;202000015300;154 715 381;B01;1;7;0;2;6;1;1;
23424;202000015301;154 715 378;A01;0;7;0;2;3;1;1;
23425;202000015301;154 715 379;B01;0;1;0;2;1;1;5;
23426;202000015302;154 715 376;B01;1;33;0;2;3;1;1;
23427;202000015302;154 715 377;A01;2;33;0;2;3;13;1;
23428;202000015303;154 715 374;A01;2;10;0;2;3;16;1;
23429;202000015303;154 715 375;B01;0;1;0;2;7;1;5;
23430;202000015304;154 715 372;B01;1;7;0;2;2;2;1;
23431;202000015304;154 715 373;A01;1;1;0;2;4;1;5;
23432;202000015305;154 715 370;A01;3;7;1;0;6;20;0;
23433;202000015305;154 715 371;B01;3;7;0;1;5;24;0;
23434;202000015307;154 715 367;A01;2;33;13;0;0;21;0;
23435;202000015308;154 715 365;B01;1;30;0;2;4;2;1;
23436;202000015308;154 715 366;A01;1;33;0;2;1;2;1;
23437;202000015309;154 715 364;A01;0;33;0;0;0;1;1;
23438;202000015310;154 715 363;A01;2;7;2;0;0;19;1;
23439;202000015311;154 715 362;A01;1;7;13;0;3;13;1;
23440;202000015312;154 715 360;A01;2;33;0;2;1;1;1;
23441;202000015312;154 715 361;B01;3;7;0;2;7;19;1;
23442;202000015313;154 715 359;A01;2;7;0;0;2;1;1;
23443;202000015314;154 715 357;A01;1;7;11;2;1;17;1;
23444;202000015314;154 715 358;B01;1;7;0;2;3;15;1;
23445;202000015315;154 715 355;B01;2;1;0;2;7;1;5;
23446;202000015315;154 715 356;A01;2;7;0;2;8;26;1;
23447;202000015316;154 715 351;A01;1;7;12;0;2;14;1;
23448;202000015316;154 715 352;B01;2;10;0;2;1;1;0;
23449;202000015317;154 715 350;A01;1;2;9;0;5;20;1;
23450;202000015318;154 715 349;A01;0;1;0;0;3;1;5;
23451;202000015319;154 715 348;A01;3;1;0;0;7;1;5;
23452;202000015320;154 715 346;B01;1;7;0;0;0;1;1;
23453;202000015320;154 715 347;A01;1;33;13;0;0;17;1;
23454;202000015321;154 715 345;A01;1;33;0;0;0;1;1;
23455;202000015322;154 715 344;A01;1;7;0;1;3;1;1;
23456;202000015323;154 715 343;A01;1;33;4;6;8;1;1;
23457;202000015324;154 715 342;A01;1;2;6;0;8;16;1;
23458;202000015325;154 715 340;B01;2;7;0;0;1;1;2;
23459;202000015325;154 715 341;A01;1;7;0;0;1;13;1;
23460;202000015326;154 715 339;A01;1;7;6;0;1;13;1;
23461;202000015327;154 715 337;A01;0;7;0;0;1;6;1;
23462;202000015327;154 715 338;B01;0;7;0;0;1;15;1;
23463;202000015328;154 715 335;B01;1;33;0;2;4;0;1;
23464;202000015328;154 715 336;A01;2;34;0;2;1;13;1;
23465;202000015329;154 715 333;A01;3;2;0;2;1;13;1;
23466;202000015329;154 715 334;B01;3;7;0;2;3;1;1;
23467;202000015330;154 715 332;A01;1;33;0;0;0;1;1;
23468;202000015332;154 715 329;B01;3;33;0;2;3;1;1;
23469;202000015332;154 715 330;A01;3;7;0;2;2;15;1;
23470;202000015334;154 715 326;A01;1;2;11;0;1;1;1;
23471;202000015335;154 715 325;A01;1;7;0;0;2;1;1;
23472;202000015336;154 715 322;A01;2;32;7;0;2;1;1;
23473;202000015337;154 715 320;B01;2;33;0;2;1;21;1;
23474;202000015337;154 715 321;A01;1;7;0;0;8;15;1;
23475;202000015338;154 715 317;C01;2;7;0;9;0;1;1;
23476;202000015338;154 715 318;B01;2;33;0;2;1;26;1;
23477;202000015338;154 715 319;A01;1;2;0;2;1;17;1;
23478;202000015339;154 715 315;B01;1;7;0;0;4;1;1;
23479;202000015339;154 715 316;A01;1;7;0;2;1;2;6;
23480;202000015340;154 715 313;B01;1;7;0;2;8;10;1;
23481;202000015340;154 715 314;A01;1;7;0;2;2;11;1;
23482;202000015341;154 715 312;A01;1;7;0;1;2;1;1;
23483;202000015342;154 715 310;A01;2;33;0;2;8;17;1;
23484;202000015342;154 715 311;B01;1;7;0;2;8;21;1;
23485;202000015343;154 715 309;A01;2;7;1;0;3;1;1;
23486;202000015345;154 715 306;A01;0;2;0;0;0;0;0;
23487;202000015346;154 715 305;A01;0;7;6;0;1;0;1;
23488;202000015347;154 715 304;A01;1;33;0;0;7;14;1;
23489;202000015348;154 715 303;A01;1;7;17;0;2;1;1;
23490;202000015349;154 715 302;A01;1;7;0;0;1;21;1;
23491;202000015350;154 715 301;A01;0;7;0;1;3;1;1;
23492;202000015351;154 715 299;A01;1;1;0;0;3;1;5;
23493;202000015351;154 715 300;B01;2;7;0;9;3;1;1;
23494;202000015352;154 715 297;B01;0;7;0;2;3;1;1;
23495;202000015352;154 715 298;A01;0;7;0;2;3;1;1;
23496;202000015353;154 715 295;A01;2;33;0;2;1;1;1;
23497;202000015353;154 715 296;B01;2;1;0;0;4;1;5;
23498;202000015354;154 715 294;A01;1;31;3;0;1;1;1;
23499;202000015355;154 715 292;B01;1;32;0;0;4;3;0;
23500;202000015355;154 715 293;A01;1;7;0;2;3;2;0;
23501;202000015356;154 715 289;A01;2;7;6;0;1;17;1;
23502;202000015357;154 715 288;A01;1;7;6;0;1;0;1;
23503;202000015358;154 715 287;A01;1;7;13;0;7;17;1;
23504;202000015359;154 715 285;B01;2;7;0;2;3;1;0;
23505;202000015359;154 715 286;A01;1;7;0;2;3;13;0;
23506;202000015360;154 715 284;A01;3;7;13;0;9;1;1;
23507;202000015361;154 715 283;A01;1;7;8;0;1;14;1;
23508;202000015362;154 715 282;A01;2;7;9;0;1;19;1;
23509;202000015363;154 715 280;C01;3;33;0;2;3;1;0;
23510;202000015363;154 715 281;A01;1;7;0;2;3;1;0;
23511;202000015364;154 715 278;B01;3;7;0;2;3;15;1;
23512;202000015364;154 715 279;A01;2;2;0;2;1;1;1;
23513;202000015366;154 715 274;A01;2;10;0;2;6;23;1;
23514;202000015366;154 715 275;B01;2;10;0;2;2;1;1;
23515;202000015367;154 715 272;A01;1;31;0;2;1;2;1;
23516;202000015367;154 715 273;B01;1;7;0;2;4;2;1;
23517;202000015368;154 715 265;A01;2;7;0;2;6;23;1;
23518;202000015368;154 715 266;B01;2;7;0;2;3;21;1;
23519;202000015368;154 715 267;C01;2;7;0;2;4;2;1;
23520;202000015368;154 715 268;D01;2;7;3;2;1;21;1;
23521;202000015368;154 715 269;E01;2;7;0;2;1;2;2;
23522;202000015368;154 715 270;F01;2;7;0;2;2;2;1;
23523;202000015368;154 715 271;G01;2;7;0;2;1;2;1;
23524;202000015369;154 715 264;A01;2;7;4;0;0;13;1;
23525;202000015370;154 715 262;A01;2;7;0;2;7;12;1;
23526;202000015370;154 715 263;B01;2;33;0;2;3;3;1;
23527;202000015371;154 715 260;B01;1;7;3;2;6;1;1;
23528;202000015371;154 715 261;A01;1;7;0;2;1;2;1;
23529;202000015372;154 715 257;A01;1;7;1;0;1;14;1;
23530;202000015372;154 715 258;B01;1;7;0;0;4;23;1;
23531;202000015372;154 715 259;C01;1;7;1;0;1;2;1;
23532;202000015374;154 715 253;A01;2;7;0;2;2;11;1;
23533;202000015374;154 715 254;B01;2;7;0;2;6;1;1;
23534;202000015375;154 715 251;A01;1;7;0;2;3;1;1;
23535;202000015375;154 715 252;B01;1;7;0;2;2;17;1;
23536;202000015376;154 715 250;A01;1;7;4;0;3;15;1;
23537;202000015377;154 715 249;Z01;1;10;0;1;1;1;1;
23538;202000015378;154 715 247;B01;1;7;0;2;2;15;1;
23539;202000015378;154 715 248;A01;2;1;0;2;2;1;5;
23540;202000015379;154 715 245;B01;2;33;0;2;1;5;1;
23541;202000015379;154 715 246;A01;1;10;0;2;1;15;1;
23542;202000015380;154 715 244;A01;2;30;0;1;1;1;1;
23543;202000015381;154 715 242;A01;2;10;0;2;5;1;1;
23544;202000015381;154 715 243;B01;2;7;0;2;1;1;1;
23545;202000015382;154 715 240;B01;3;7;0;2;1;1;1;
23546;202000015382;154 715 241;A01;3;7;0;2;3;13;1;
23547;202000015383;154 715 237;A01;1;7;0;2;8;1;1;
23548;202000015383;154 715 238;B01;1;7;0;2;2;0;1;
23549;202000015383;154 715 239;Z01;1;7;0;2;8;13;1;
23550;202000015384;154 715 235;B01;0;7;0;2;7;16;1;
23551;202000015384;154 715 236;A01;0;30;0;2;8;1;1;
23552;202000015385;154 715 234;B01;1;7;0;1;3;1;1;
23553;202000015386;154 715 233;A01;2;32;0;0;8;1;1;
23554;202000015387;154 715 232;A01;3;7;0;1;3;1;0;
23555;202000015388;154 715 230;B01;3;50;0;2;7;2;3;
23556;202000015388;154 715 231;A01;3;7;0;9;8;15;1;
23557;202000015391;154 715 225;A01;1;37;0;2;3;23;1;2.0
23558;202000015391;154 715 226;Z01;2;7;0;2;4;26;1;
23559;202000015393;154 715 223;A01;1;7;0;1;8;21;1;
23560;202000015394;154 715 222;A01;1;7;0;1;7;15;1;
23561;202000015395;154 715 220;B01;1;7;0;2;2;1;1;
23562;202000015395;154 715 221;A01;3;7;0;2;1;16;1;
23563;202000015396;154 715 219;A01;0;7;0;1;1;2;1;
23564;202000015397;154 715 218;A01;2;7;0;1;1;1;1;
23565;202000015398;154 715 217;A01;2;7;0;1;1;1;1;
23566;202000015399;154 715 215;B01;3;7;0;2;1;1;1;
23567;202000015399;154 715 216;A01;3;7;0;2;1;13;1;
23568;202000015400;154 715 211;B01;1;32;0;2;0;1;1;
23569;202000015400;154 715 212;A01;1;7;0;2;0;15;1;
23570;202000015401;154 715 209;B01;1;7;0;0;0;23;1;
23571;202000015401;154 715 210;A01;1;32;0;2;7;21;1;
23572;202000015402;154 715 207;A01;3;30;0;2;0;1;1;
23573;202000015402;154 715 208;B01;3;7;0;2;0;0;0;
23574;202000015403;154 715 205;B01;1;1;0;2;4;1;5;
23575;202000015403;154 715 206;A01;1;7;0;2;1;9;1;
23576;202000015404;154 715 204;A01;0;7;0;1;3;1;1;
23577;202000015405;154 715 202;A01;0;7;1;2;1;2;1;
23578;202000015405;154 715 203;B01;3;7;0;2;4;0;1;
23579;202000015406;154 715 201;A01;0;7;6;0;1;1;1;
23580;202000015407;154 715 200;A01;1;10;0;1;3;1;1;
23581;202000015408;154 715 199;A01;2;10;13;0;1;14;1;
23582;202000015409;154 715 197;A01;1;7;0;2;2;2;1;
23583;202000015409;154 715 198;B01;1;2;0;2;4;2;1;
23584;202000015410;154 715 196;A01;3;10;0;1;5;4;1;
23585;202000015411;154 715 194;B01;2;7;0;2;7;23;1;
23586;202000015411;154 715 195;Y01;1;50;14;0;1;5;3;
23587;202000015412;154 715 192;A01;3;7;0;2;3;1;1;
23588;202000015412;154 715 193;B01;3;7;0;2;6;16;1;
23589;202000015413;154 715 191;A01;2;7;2;0;1;2;1;
23590;202000015414;154 715 188;A01;0;7;0;2;0;1;1;
23591;202000015414;154 715 189;B01;1;7;0;2;7;1;1;
23592;202000015415;154 715 187;A01;1;30;8;0;1;1;1;