;Num_Acc;id_vehicule;num_veh;senc;catv;obs;obsm;choc;manv;motor;occutc
23593;202000015416;154 715 186;A01;2;7;1;0;2;1;1;
23594;202000015417;154 715 184;A01;2;1;0;2;3;19;5;
23595;202000015417;154 715 185;B01;1;10;0;9;3;1;1;
23596;202000015418;154 715 182;A01;3;7;0;2;7;15;1;
23597;202000015418;154 715 183;B01;3;10;0;2;1;0;1;
23598;202000015419;154 715 180;B01;2;7;0;2;4;2;1;
23599;202000015419;154 715 181;A01;2;7;0;2;1;2;1;
23600;202000015420;154 715 179;A01;1;10;0;1;3;1;1;
23601;202000015421;154 715 177;B01;1;32;0;2;2;17;1;
23602;202000015421;154 715 178;A01;1;7;0;2;3;20;1;
23603;202000015422;154 715 175;Z01;0;7;0;2;0;0;0;
23604;202000015422;154 715 176;A01;0;50;0;2;8;13;3;
23605;202000015423;154 715 173;A01;1;7;0;2;2;15;1;
23606;202000015423;154 715 174;B01;2;7;0;2;3;1;1;
23607;202000015425;154 715 169;Z01;3;10;0;2;2;17;1;
23608;202000015425;154 715 170;B01;3;1;0;2;8;11;5;
23609;202000015426;154 715 166;C01;1;7;0;2;4;23;1;
23610;202000015426;154 715 167;B01;1;7;0;2;4;23;1;
23611;202000015426;154 715 168;A01;1;7;0;2;1;2;1;
23612;202000015427;154 715 163;C01;2;7;0;2;1;1;1;
23613;202000015427;154 715 164;A01;2;7;0;2;6;11;1;
23614;202000015427;154 715 165;B01;2;7;4;2;1;1;1;
23615;202000015428;154 715 157;A01;2;7;0;2;2;12;1;
23616;202000015428;154 715 158;B01;2;33;0;2;1;3;1;
23617;202000015428;154 715 159;C01;2;31;0;2;1;3;1;
23618;202000015428;154 715 160;D01;2;31;0;2;1;3;1;
23619;202000015428;154 715 161;E01;2;31;0;2;1;3;1;
23620;202000015428;154 715 162;F01;2;7;0;2;1;1;1;
23621;202000015429;154 715 155;A01;1;32;0;2;1;1;1;
23622;202000015429;154 715 156;Z01;2;7;0;2;3;10;0;
23623;202000015430;154 715 153;A01;2;7;0;2;1;1;2;
23624;202000015430;154 715 154;B01;3;7;0;2;7;15;1;
23625;202000015432;154 715 149;A01;1;7;0;2;8;22;1;
23626;202000015432;154 715 150;B01;1;30;0;2;1;1;1;
23627;202000015433;154 715 148;A01;1;10;0;1;3;1;1;
23628;202000015434;154 715 147;A01;1;50;12;0;1;5;3;
23629;202000015435;154 715 146;A01;2;30;0;1;1;1;1;
23630;202000015436;154 715 144;B01;1;1;0;2;3;1;5;
23631;202000015436;154 715 145;A01;1;7;0;9;2;15;1;
23632;202000015437;154 715 142;A01;3;7;0;2;2;17;0;
23633;202000015437;154 715 143;B01;1;7;0;2;6;0;1;
23634;202000015438;154 715 138;A01;1;7;0;2;3;1;1;
23635;202000015438;154 715 139;B01;2;2;0;2;1;1;1;
23636;202000015438;154 715 140;C01;2;7;0;2;3;1;1;
23637;202000015438;154 715 141;T01;1;7;0;9;0;0;1;
23638;202000015439;154 715 136;A01;1;7;0;2;1;26;1;
23639;202000015439;154 715 137;B01;1;7;7;0;4;23;1;
23640;202000015440;154 715 134;B01;3;1;0;2;2;19;5;
23641;202000015440;154 715 135;A01;1;7;0;2;2;16;1;
23642;202000015441;154 715 133;A01;2;99;1;0;2;1;1;
23643;202000015443;154 715 129;A01;2;7;0;2;2;15;1;
23644;202000015443;154 715 130;B01;1;32;0;2;1;1;1;
23645;202000015444;154 715 127;B01;1;7;0;0;6;24;1;
23646;202000015444;154 715 128;A01;1;7;1;0;2;14;1;
23647;202000015445;154 715 126;A01;1;7;13;0;9;14;1;
23648;202000015446;154 715 124;A01;1;7;0;2;3;13;1;
23649;202000015446;154 715 125;B01;2;7;0;2;6;1;1;
23650;202000015447;154 715 123;A01;0;7;0;1;2;15;0;
23651;202000015448;154 715 121;B01;2;32;0;2;1;17;1;
23652;202000015448;154 715 122;A01;2;7;0;0;3;10;1;
23653;202000015449;154 715 119;A01;2;7;0;0;6;2;1;
23654;202000015449;154 715 120;B01;2;33;0;2;1;2;1;
23655;202000015450;154 715 116;A01;3;33;0;0;0;1;1;
23656;202000015450;154 715 117;B01;3;33;0;2;1;1;1;
23657;202000015450;154 715 118;C01;3;33;0;2;1;1;1;
23658;202000015452;154 715 113;A01;2;7;6;0;1;1;1;
23659;202000015453;154 715 111;A01;2;7;0;2;1;10;1;
23660;202000015453;154 715 112;B01;2;7;0;2;8;10;1;
23661;202000015454;154 715 109;A01;1;7;0;9;2;0;1;
23662;202000015454;154 715 110;B01;1;1;0;0;5;2;5;
23663;202000015455;154 715 107;A01;1;2;0;2;1;2;1;
23664;202000015455;154 715 108;B01;1;7;0;0;8;15;1;
23665;202000015456;154 715 106;A01;3;7;0;1;2;1;1;
23666;202000015457;154 715 105;A01;2;2;0;0;0;1;1;
23667;202000015458;154 715 104;A01;1;2;0;1;2;1;1;
23668;202000015459;154 715 102;B01;2;2;0;2;1;2;6;
23669;202000015459;154 715 103;A01;2;7;0;0;4;2;6;
23670;202000015460;154 715 101;A01;3;7;0;0;9;1;1;
23671;202000015461;154 715 099;A01;3;7;0;9;3;15;1;
23672;202000015461;154 715 100;B01;3;1;0;2;1;0;5;
23673;202000015462;154 715 096;A01;3;33;0;0;0;21;1;
23674;202000015463;154 715 095;A01;3;31;0;0;0;21;1;
23675;202000015464;154 715 093;A01;2;33;0;2;2;17;1;
23676;202000015464;154 715 094;B01;2;7;0;2;8;15;1;
23677;202000015465;154 715 092;A01;2;2;13;0;7;1;1;
23678;202000015466;154 715 091;A01;2;7;0;0;0;1;1;
23679;202000015467;154 715 089;A01;3;7;0;2;2;1;1;
23680;202000015467;154 715 090;B01;3;7;0;2;1;1;1;
23681;202000015468;154 715 087;B01;1;7;0;2;6;1;1;
23682;202000015468;154 715 088;A01;2;7;0;2;3;19;1;
23683;202000015469;154 715 085;A01;2;10;0;2;2;15;1;
23684;202000015469;154 715 086;B01;1;33;0;2;1;1;1;
23685;202000015471;154 715 081;A01;1;7;13;0;2;14;1;
23686;202000015472;154 715 079;A01;1;33;0;2;3;11;1;
23687;202000015472;154 715 080;B01;1;7;0;2;5;17;1;
23688;202000015473;154 715 078;A01;2;7;3;0;2;0;1;
23689;202000015474;154 715 077;A01;2;17;0;0;9;1;1;
23690;202000015476;154 715 073;A01;3;14;0;9;7;16;1;
23691;202000015476;154 715 074;B01;1;1;0;2;1;1;5;
23692;202000015478;154 715 069;A01;1;7;0;2;1;15;1;
23693;202000015478;154 715 070;B01;2;33;0;2;3;0;1;
23694;202000015479;154 715 066;A01;1;7;0;2;1;2;0;
23695;202000015479;154 715 067;B01;1;7;0;2;4;2;0;
23696;202000015479;154 715 068;C01;1;7;0;0;4;2;0;
23697;202000015480;154 715 063;A01;3;2;15;0;1;0;1;
23698;202000015481;154 715 060;C01;2;7;0;2;7;23;1;
23699;202000015481;154 715 061;B01;2;7;0;2;8;22;1;
23700;202000015481;154 715 062;A01;2;33;0;2;7;3;1;
23701;202000015483;154 715 056;B01;2;7;0;9;7;17;1;
23702;202000015483;154 715 057;A01;2;1;0;2;8;2;5;
23703;202000015484;154 715 054;B01;1;7;0;2;1;1;1;
23704;202000015484;154 715 055;A01;2;10;0;2;1;15;1;
23705;202000015485;154 715 052;A01;2;7;0;2;3;1;1;
23706;202000015485;154 715 053;B01;1;7;0;2;3;1;1;
23707;202000015486;154 715 050;A01;2;7;0;2;7;1;1;
23708;202000015486;154 715 051;B01;2;10;0;2;3;15;1;
23709;202000015487;154 715 048;A01;3;7;0;9;2;20;1;
23710;202000015487;154 715 049;B01;3;1;0;2;8;1;5;
23711;202000015488;154 715 047;A01;1;7;9;1;1;13;1;
23712;202000015489;154 715 045;A01;3;7;0;2;3;1;1;
23713;202000015489;154 715 046;B01;3;1;0;2;1;1;5;
23714;202000015490;154 715 043;A01;1;7;0;2;1;15;1;
23715;202000015490;154 715 044;B01;1;7;0;2;2;1;1;
23716;202000015491;154 715 042;A01;1;7;1;1;1;15;1;
23717;202000015493;154 715 039;A01;1;7;14;0;2;1;1;
23718;202000015494;154 715 037;A01;1;7;0;2;3;9;1;
23719;202000015494;154 715 038;B01;2;33;0;2;1;1;1;
23720;202000015495;154 715 035;B01;2;33;0;2;7;1;1;
23721;202000015495;154 715 036;A01;1;7;0;2;1;19;1;
23722;202000015496;154 715 033;B01;1;7;0;2;1;1;1;
23723;202000015496;154 715 034;A01;1;7;3;0;1;1;1;
23724;202000015497;154 715 032;A01;2;7;8;0;9;2;1;
23725;202000015499;154 715 030;A01;1;7;4;0;0;13;1;
23726;202000015500;154 715 026;C01;2;7;0;2;4;2;1;
23727;202000015500;154 715 027;A01;2;7;0;2;1;2;1;
23728;202000015500;154 715 028;B01;2;7;0;2;4;2;1;
23729;202000015500;154 715 029;D01;2;7;0;2;4;2;1;
23730;202000015501;154 715 023;C01;1;7;0;2;4;0;1;
23731;202000015501;154 715 024;B01;1;7;0;2;9;0;1;
23732;202000015501;154 715 025;A01;1;7;0;2;1;26;1;
23733;202000015502;154 715 020;B01;1;10;0;2;8;1;1;
23734;202000015502;154 715 021;C01;1;10;0;2;4;1;1;
23735;202000015502;154 715 022;A01;1;10;0;0;7;12;1;
23736;202000015503;154 715 017;A01;2;7;0;2;1;2;1;
23737;202000015503;154 715 018;B01;2;7;0;2;4;2;1;
23738;202000015503;154 715 019;C01;2;7;0;2;4;2;1;
23739;202000015505;154 715 013;A01;2;33;4;0;3;13;1;
23740;202000015506;154 715 011;A01;1;34;0;2;1;3;1;
23741;202000015506;154 715 012;B01;1;10;0;2;3;1;1;
23742;202000015507;154 715 010;A01;2;31;0;0;0;1;1;
23743;202000015508;154 715 008;A01;2;10;0;1;1;26;1;
23744;202000015508;154 715 009;Z01;1;-1;0;1;0;0;0;
23745;202000015509;154 715 007;A01;1;7;16;0;9;1;1;
23746;202000015510;154 715 005;B01;0;33;0;2;1;1;0;
23747;202000015510;154 715 006;A01;0;7;0;2;3;15;0;
23748;202000015511;154 715 004;A01;2;10;0;1;4;20;1;
23749;202000015512;154 715 003;A01;2;30;9;0;1;1;1;
23750;202000015513;154 715 001;A01;2;7;0;2;0;0;0;
23751;202000015513;154 715 002;B01;1;7;0;2;3;2;1;
23752;202000015514;154 714 999;A01;1;7;0;2;2;2;1;
23753;202000015514;154 715 000;B01;1;10;8;2;6;2;1;
23754;202000015516;154 714 996;A01;3;7;0;0;0;21;-1;
23755;202000015517;154 714 993;A01;1;7;0;1;2;1;1;
23756;202000015518;154 714 992;A01;1;7;8;0;4;1;1;
23757;202000015519;154 714 990;B01;0;7;0;2;1;1;1;
23758;202000015519;154 714 991;A01;2;7;0;2;2;1;1;
23759;202000015520;154 714 988;A01;2;7;0;2;3;2;1;
23760;202000015520;154 714 989;B01;2;2;0;2;7;2;0;
23761;202000015521;154 714 986;B01;0;7;0;2;1;1;1;
23762;202000015521;154 714 987;A01;0;2;0;2;1;5;1;
23763;202000015522;154 714 985;A01;3;7;0;1;1;1;1;
23764;202000015523;154 714 983;A01;3;32;0;2;1;17;1;
23765;202000015523;154 714 984;B01;3;7;0;0;6;15;1;
23766;202000015524;154 714 982;A01;1;7;0;1;1;1;0;
23767;202000015525;154 714 981;A01;3;7;0;1;1;15;1;
23768;202000015526;154 714 979;A01;0;7;0;2;7;15;1;
23769;202000015526;154 714 980;B01;0;33;0;2;1;1;1;
23770;202000015527;154 714 978;A01;3;7;0;1;1;15;1;
23771;202000015528;154 714 976;A01;3;30;0;2;3;15;1;
23772;202000015528;154 714 977;B01;1;7;0;2;1;1;1;
23773;202000015529;154 714 974;B01;2;1;0;2;1;1;5;
23774;202000015529;154 714 975;A01;2;7;0;2;3;16;1;
23775;202000015530;154 714 972;A01;0;7;0;2;1;1;1;
23776;202000015530;154 714 973;B01;0;32;0;2;7;1;0;
23777;202000015531;154 714 970;A01;1;3;0;2;3;1;1;
23778;202000015531;154 714 971;B01;2;7;0;2;3;1;1;
23779;202000015532;154 714 968;A01;2;10;0;0;1;13;1;
23780;202000015532;154 714 969;B01;1;7;0;2;1;1;1;
23781;202000015533;154 714 967;A01;1;33;0;0;8;1;1;
23782;202000015534;154 714 966;A01;1;30;0;1;1;16;1;
23783;202000015535;154 714 964;A01;1;1;0;2;8;2;5;
23784;202000015535;154 714 965;Z01;1;50;0;2;0;2;3;
23785;202000015536;154 714 963;A01;1;1;1;0;1;13;5;
23786;202000015537;154 714 959;D01;1;7;0;2;4;2;1;
23787;202000015537;154 714 960;C01;1;7;0;2;4;2;1;
23788;202000015537;154 714 961;B01;1;7;0;2;1;2;1;
23789;202000015537;154 714 962;A01;1;7;0;2;1;2;1;
23790;202000015538;154 714 957;B01;1;7;0;2;4;23;1;
23791;202000015538;154 714 958;A01;1;33;0;2;1;2;1;
23792;202000015539;154 714 956;A01;1;7;0;1;1;1;1;
23793;202000015540;154 714 955;A01;1;10;0;1;2;15;1;
23794;202000015541;154 714 954;A01;2;32;0;0;0;15;1;
23795;202000015542;154 714 952;A01;1;7;0;2;7;22;2;
23796;202000015542;154 714 953;B01;1;1;0;2;1;1;5;
23797;202000015543;154 714 950;B01;1;30;0;2;6;1;1;
23798;202000015543;154 714 951;A01;1;32;0;2;7;13;1;
23799;202000015544;154 714 948;A01;2;30;0;2;1;17;1;
23800;202000015544;154 714 949;B01;2;7;0;2;3;10;1;
23801;202000015545;154 714 946;A01;1;1;0;2;4;2;5;
23802;202000015545;154 714 947;Z01;1;7;0;2;1;2;0;
23803;202000015546;154 714 944;A01;2;7;0;2;5;23;1;
23804;202000015546;154 714 945;Z01;2;7;0;2;1;2;1;
23805;202000015547;154 714 942;A01;2;30;0;2;1;1;1;
23806;202000015547;154 714 943;B01;1;7;0;2;1;1;1;
23807;202000015548;154 714 940;A01;2;7;0;2;5;16;1;
23808;202000015548;154 714 941;B01;2;37;0;2;3;7;1;2.0
23809;202000015549;154 714 939;A01;2;30;0;0;1;1;1;
23810;202000015550;154 714 938;A01;0;1;0;1;4;1;5;
23811;202000015551;154 714 937;A01;1;7;0;1;1;15;2;
23812;202000015552;154 714 935;B01;1;1;0;2;1;26;5;
23813;202000015552;154 714 936;A01;1;7;0;2;2;16;1;
23814;202000015553;154 714 934;A01;1;30;1;0;1;26;0;
23815;202000015554;154 714 932;A01;2;7;0;2;6;2;0;
23816;202000015554;154 714 933;B01;2;7;0;2;2;21;0;
23817;202000015555;154 714 930;A01;1;7;0;2;7;15;1;
23818;202000015555;154 714 931;B01;2;2;0;0;1;1;1;
23819;202000015556;154 714 928;B01;2;7;0;2;2;9;1;
23820;202000015556;154 714 929;A01;2;33;0;2;1;13;1;
23821;202000015557;154 714 926;A01;1;7;1;2;2;17;1;
23822;202000015557;154 714 927;B01;1;7;1;2;2;17;1;
23823;202000015558;154 714 924;B01;2;2;0;2;7;17;1;
23824;202000015558;154 714 925;A01;2;7;0;2;3;15;1;
23825;202000015560;154 714 921;A01;-1;2;0;2;1;26;1;
23826;202000015560;154 714 922;B01;-1;7;0;2;3;26;1;
23827;202000015561;154 714 919;A01;3;30;0;2;4;15;3;
23828;202000015561;154 714 920;B01;3;7;0;2;3;2;1;
23829;202000015562;154 714 917;A01;1;7;0;9;7;22;1;
23830;202000015562;154 714 918;B01;1;1;1;0;2;21;5;
23831;202000015563;154 714 915;A01;1;10;0;2;2;16;1;
23832;202000015563;154 714 916;B01;1;50;0;2;8;1;3;
23833;202000015564;154 714 913;A01;2;7;0;2;1;0;1;
23834;202000015564;154 714 914;B01;2;7;0;2;4;0;1;
23835;202000015565;154 714 912;A01;1;33;8;0;1;0;1;
23836;202000015566;154 714 911;A01;0;33;0;0;1;1;1;
23837;202000015567;154 714 909;B01;1;7;7;2;1;1;1;
23838;202000015567;154 714 910;A01;3;7;0;2;2;9;1;
23839;202000015568;154 714 906;B01;2;7;0;2;1;21;0;
23840;202000015568;154 714 907;C01;1;33;0;2;1;0;0;
23841;202000015568;154 714 908;A01;2;10;0;0;6;23;0;
23842;202000015569;154 714 904;B01;2;7;0;2;1;17;1;
23843;202000015569;154 714 905;A01;1;7;0;2;1;1;1;
23844;202000015570;154 714 902;B01;1;7;0;2;1;1;1;
23845;202000015570;154 714 903;A01;2;7;0;2;3;1;1;
23846;202000015571;154 714 901;A01;1;33;11;0;1;1;0;
23847;202000015572;154 714 899;A01;3;7;0;2;3;1;0;
23848;202000015572;154 714 900;B01;3;1;0;2;8;19;5;
23849;202000015573;154 714 898;A01;1;31;0;0;0;10;1;
23850;202000015575;154 714 895;A01;2;10;0;0;8;1;1;
23851;202000015576;154 714 894;A01;2;7;16;0;0;13;1;
23852;202000015577;154 714 892;A01;0;1;0;2;8;19;6;
23853;202000015577;154 714 893;B01;3;7;0;2;2;1;1;
23854;202000015578;154 714 890;A01;1;33;0;2;1;5;1;
23855;202000015578;154 714 891;B01;1;7;0;2;7;1;1;
23856;202000015579;154 714 889;A01;2;7;6;0;0;14;1;
23857;202000015580;154 714 888;A01;2;36;8;0;1;1;1;
23858;202000015581;154 714 887;A01;1;36;0;0;0;0;1;
23859;202000015584;154 714 883;A01;1;33;0;0;1;14;1;
23860;202000015585;154 714 881;A01;3;7;0;0;8;19;1;
23861;202000015585;154 714 882;C01;1;7;0;9;1;1;1;
23862;202000015586;154 714 879;A01;2;7;0;2;1;13;1;
23863;202000015586;154 714 880;B01;1;7;0;2;3;1;1;
23864;202000015587;154 714 878;A01;1;2;6;0;3;13;1;
23865;202000015588;154 714 876;B01;2;7;0;2;3;2;0;
23866;202000015588;154 714 877;A01;2;7;0;2;5;2;0;
23867;202000015589;154 714 874;A01;1;7;0;2;2;1;1;
23868;202000015589;154 714 875;B01;1;7;0;2;1;1;1;
23869;202000015591;154 714 870;A01;1;33;13;0;2;1;1;
23870;202000015593;154 714 866;A01;3;7;0;0;8;19;1;
23871;202000015593;154 714 867;B01;1;7;0;2;1;1;1;
23872;202000015594;154 714 864;A01;2;7;0;2;3;1;1;
23873;202000015594;154 714 865;B01;1;7;0;2;7;19;1;
23874;202000015595;154 714 862;A01;1;7;3;0;2;1;1;
23875;202000015595;154 714 863;B01;1;7;0;2;3;1;1;
23876;202000015596;154 714 861;A01;1;7;10;0;2;1;1;
23877;202000015597;154 714 859;A01;1;7;0;2;3;1;0;
23878;202000015597;154 714 860;B01;2;7;0;2;3;1;1;
23879;202000015598;154 714 858;A01;0;36;2;0;1;1;0;
23880;202000015599;154 714 857;A01;1;10;13;0;1;13;1;
23881;202000015600;154 714 856;A01;1;33;0;0;7;1;1;
23882;202000015601;154 714 854;A01;0;7;0;9;8;1;0;
23883;202000015601;154 714 855;C01;3;1;0;2;1;1;5;
23884;202000015602;154 714 852;B01;2;33;0;2;9;13;1;
23885;202000015602;154 714 853;A01;1;7;0;2;1;1;1;
23886;202000015603;154 714 851;A01;1;7;13;0;3;0;1;
23887;202000015605;154 714 847;B01;1;33;0;2;7;17;1;
23888;202000015605;154 714 848;A01;1;10;0;2;8;11;1;
23889;202000015606;154 714 846;A01;3;2;1;0;1;5;1;
23890;202000015608;154 714 843;B01;2;7;0;2;1;2;1;
23891;202000015608;154 714 844;A01;2;33;0;2;4;1;1;
23892;202000015609;154 714 839;T01;1;32;0;0;0;0;1;
23893;202000015609;154 714 840;A01;1;7;0;2;6;0;1;
23894;202000015609;154 714 841;B01;1;33;0;2;2;0;1;
23895;202000015609;154 714 842;C01;1;7;4;2;1;0;1;
23896;202000015610;154 714 837;B01;2;7;0;2;4;2;1;
23897;202000015610;154 714 838;A01;2;34;0;2;1;2;1;
23898;202000015611;154 714 835;Z01;2;7;0;2;3;11;1;
23899;202000015611;154 714 836;B01;2;7;0;2;7;21;1;
23900;202000015612;154 714 828;G01;1;7;0;2;4;2;1;
23901;202000015612;154 714 829;F01;1;10;0;2;4;2;1;
23902;202000015612;154 714 830;E01;1;7;0;2;4;2;1;
23903;202000015612;154 714 831;C01;1;7;0;2;4;2;1;
23904;202000015612;154 714 832;B01;1;7;0;2;9;2;1;
23905;202000015612;154 714 833;A01;1;10;0;2;1;2;1;
23906;202000015612;154 714 834;D01;1;7;0;2;4;2;1;
23907;202000015613;154 714 826;B01;2;10;0;2;4;2;1;
23908;202000015613;154 714 827;A01;2;14;0;2;1;26;1;
23909;202000015614;154 714 823;C01;1;7;0;2;4;1;1;
23910;202000015614;154 714 824;B01;1;7;0;2;4;1;1;
23911;202000015614;154 714 825;A01;1;7;0;2;1;1;1;
23912;202000015615;154 714 821;B01;1;7;0;2;4;1;1;
23913;202000015615;154 714 822;A01;1;7;0;2;1;2;1;
23914;202000015616;154 714 819;A01;1;7;0;2;1;2;1;
23915;202000015616;154 714 820;B01;1;15;0;2;4;2;1;
23916;202000015617;154 714 818;A01;1;10;4;0;1;13;1;
23917;202000015619;154 714 815;B01;1;13;0;2;1;2;1;
23918;202000015619;154 714 816;A01;1;7;0;2;4;1;1;
23919;202000015620;154 714 812;B01;3;80;0;2;1;19;3;
23920;202000015620;154 714 813;A01;1;10;0;2;1;19;1;
23921;202000015621;154 714 810;A01;2;1;0;2;1;1;5;
23922;202000015621;154 714 811;B01;2;7;0;2;1;15;1;
23923;202000015622;154 714 808;A01;1;7;0;2;1;2;1;
23924;202000015622;154 714 809;B01;1;10;0;0;4;2;1;
23925;202000015623;154 714 807;A01;1;7;0;1;2;1;2;
23926;202000015624;154 714 806;A01;0;7;0;1;3;9;0;
23927;202000015625;154 714 805;A01;3;7;0;1;3;1;0;
23928;202000015626;154 714 803;A01;1;30;0;2;5;21;1;
23929;202000015626;154 714 804;B01;2;7;0;2;1;9;1;
23930;202000015627;154 714 802;A01;1;7;0;1;7;1;1;
23931;202000015628;154 714 799;A01;3;7;0;2;7;9;1;
23932;202000015628;154 714 800;B01;3;7;0;2;1;1;1;
23933;202000015628;154 714 801;C01;3;15;0;2;1;1;1;
23934;202000015629;154 714 797;B01;2;7;0;2;1;26;1;
23935;202000015629;154 714 798;A01;1;7;16;2;1;13;1;
23936;202000015630;154 714 795;A01;1;1;0;0;8;1;5;
23937;202000015631;154 714 793;B01;2;7;0;2;4;2;1;
23938;202000015631;154 714 794;A01;2;10;0;2;1;2;1;
23939;202000015632;154 714 791;A01;1;7;0;2;3;26;1;
23940;202000015632;154 714 792;B01;2;7;0;2;5;26;1;
23941;202000015633;154 714 790;A01;1;34;0;1;0;26;0;
23942;202000015634;154 714 789;A01;2;30;0;1;1;17;1;
23943;202000015635;154 714 788;A01;0;0;0;1;0;0;0;
23944;202000015636;154 714 786;B01;1;7;0;2;4;2;0;
23945;202000015636;154 714 787;A01;1;7;0;2;1;16;0;
23946;202000015638;154 714 783;A01;3;7;0;2;3;11;1;
23947;202000015638;154 714 784;B01;3;7;0;2;2;17;1;
23948;202000015639;154 714 781;A01;1;1;0;2;0;0;0;
23949;202000015639;154 714 782;B01;0;7;0;2;0;0;0;
23950;202000015640;154 714 780;A01;2;7;0;1;3;1;1;
23951;202000015641;154 714 778;A01;2;7;0;2;1;1;1;
23952;202000015641;154 714 779;B01;2;7;0;1;4;1;1;
23953;202000015642;154 714 776;B01;1;7;0;2;4;1;1;
23954;202000015642;154 714 777;A01;1;33;0;2;1;2;1;
23955;202000015644;154 714 772;B01;2;10;0;2;4;23;1;
23956;202000015644;154 714 773;A01;2;17;0;2;2;1;1;
23957;202000015645;154 714 770;A01;3;7;0;2;8;15;1;
23958;202000015645;154 714 771;B01;3;50;0;2;8;19;3;
23959;202000015646;154 714 768;A01;2;7;0;2;1;19;1;
23960;202000015646;154 714 769;B01;0;1;0;2;7;1;5;
23961;202000015647;154 714 767;A01;1;7;0;1;1;26;1;
23962;202000015648;154 714 765;A01;1;33;0;2;1;17;1;
23963;202000015648;154 714 766;B01;1;21;0;2;0;0;1;
23964;202000015649;154 714 764;A01;1;7;0;1;2;16;1;
23965;202000015650;154 714 762;A01;0;7;0;2;7;15;1;
23966;202000015650;154 714 763;B01;0;33;0;2;1;1;1;
23967;202000015651;154 714 760;A01;2;2;0;2;1;1;1;
23968;202000015651;154 714 761;B01;2;7;0;2;3;1;1;
23969;202000015652;154 714 759;A01;2;33;15;0;0;1;1;
23970;202000015653;154 714 757;A01;3;7;0;2;2;15;1;
23971;202000015653;154 714 758;B01;0;7;0;2;1;26;1;
23972;202000015654;154 714 756;A01;1;7;11;0;3;1;1;
23973;202000015655;154 714 755;A01;1;30;16;0;0;0;1;
23974;202000015656;154 714 754;A01;3;7;16;0;1;1;1;
23975;202000015657;154 714 752;B01;1;7;16;0;0;26;0;
23976;202000015657;154 714 753;A01;1;30;16;0;0;26;0;
23977;202000015658;154 714 750;B01;3;7;0;2;4;23;1;
23978;202000015658;154 714 751;A01;3;7;0;2;1;2;1;
23979;202000015660;154 714 747;A01;3;7;0;1;1;0;1;
23980;202000015661;154 714 745;A01;3;7;0;2;1;1;1;
23981;202000015661;154 714 746;B01;3;1;0;2;7;19;5;
23982;202000015662;154 714 743;A01;3;7;0;2;1;1;1;
23983;202000015662;154 714 744;B01;3;32;0;2;4;1;1;
23984;202000015664;154 714 739;B01;1;7;0;2;2;1;1;
23985;202000015664;154 714 740;A01;3;30;0;2;1;5;1;
23986;202000015665;154 714 737;B01;1;7;0;2;1;1;1;
23987;202000015665;154 714 738;A01;1;1;0;2;1;1;5;
23988;202000015666;154 714 735;B01;1;1;0;2;1;1;5;
23989;202000015666;154 714 736;Z01;2;7;0;2;0;13;3;
23990;202000015667;154 714 733;A01;2;7;0;2;1;13;1;
23991;202000015667;154 714 734;B01;1;7;0;2;1;1;1;
23992;202000015668;154 714 731;A01;1;1;0;2;4;15;5;
23993;202000015668;154 714 732;Z01;1;7;0;2;4;17;0;
23994;202000015669;154 714 728;Z01;2;7;0;2;3;18;1;
23995;202000015669;154 714 729;B01;1;7;0;2;3;1;1;
23996;202000015669;154 714 730;A01;2;7;0;2;2;1;1;
23997;202000015670;154 714 726;B01;1;7;0;0;4;1;0;
23998;202000015670;154 714 727;A01;1;7;0;2;0;0;0;
23999;202000015671;154 714 725;A01;2;7;1;1;4;4;1;
24000;202000015672;154 714 723;A01;2;31;0;2;1;13;0;
24001;202000015672;154 714 724;B01;1;7;0;2;3;1;0;
24002;202000015673;154 714 721;B01;2;7;0;1;4;23;1;
24003;202000015673;154 714 722;A01;2;10;0;2;1;2;1;
24004;202000015674;154 714 720;A01;2;32;0;0;0;11;1;
24005;202000015675;154 714 716;A01;1;1;0;2;8;19;5;
24006;202000015675;154 714 717;Z01;1;7;1;2;1;1;1;
24007;202000015676;154 714 714;B01;1;1;0;2;1;1;5;
24008;202000015676;154 714 715;A01;1;13;0;2;7;16;1;
24009;202000015677;154 714 713;A01;1;1;0;1;1;25;5;
24010;202000015678;154 714 711;B01;1;7;0;2;2;15;1;
24011;202000015678;154 714 712;A01;2;30;0;2;1;1;1;
24012;202000015679;154 714 708;Z01;3;0;0;2;3;16;0;
24013;202000015679;154 714 709;A01;3;2;0;2;0;0;1;
24014;202000015681;154 714 705;A01;2;7;15;0;8;1;1;
24015;202000015682;154 714 703;A01;1;32;0;2;1;9;1;
24016;202000015682;154 714 704;B01;1;7;0;2;1;9;1;
24017;202000015683;154 714 701;A01;1;1;0;2;0;1;5;
24018;202000015683;154 714 702;B01;1;7;0;9;2;15;1;
24019;202000015684;154 714 699;B01;2;7;0;2;6;23;1;
24020;202000015684;154 714 700;A01;2;30;0;0;3;17;1;
24021;202000015685;154 714 697;B01;1;7;1;0;6;21;1;
24022;202000015685;154 714 698;A01;2;7;1;0;3;21;1;
24023;202000015686;154 714 695;A01;-1;7;0;2;1;1;0;
24024;202000015686;154 714 696;B01;-1;1;0;2;7;19;5;
24025;202000015687;154 714 692;A01;2;7;0;2;1;1;1;