;Num_Acc;id_vehicule;num_veh;senc;catv;obs;obsm;choc;manv;motor;occutc
24026;202000015687;154 714 693;C01;2;7;0;2;7;1;1;
24027;202000015687;154 714 694;B01;2;7;0;2;8;12;1;
24028;202000015688;154 714 691;A01;3;7;0;1;3;1;1;
24029;202000015689;154 714 690;A01;2;7;0;1;4;4;2;
24030;202000015690;154 714 689;A01;1;80;5;1;1;1;3;
24031;202000015691;154 714 687;B01;1;7;14;2;1;19;1;
24032;202000015691;154 714 688;A01;1;7;14;2;6;19;1;
24033;202000015692;154 714 685;A01;1;7;0;2;8;22;1;
24034;202000015692;154 714 686;B01;1;1;0;2;1;0;5;
24035;202000015693;154 714 684;A01;1;7;13;0;1;1;1;
24036;202000015694;154 714 682;B01;1;7;0;2;1;1;1;
24037;202000015694;154 714 683;A01;2;7;0;2;0;9;1;
24038;202000015695;154 714 680;A01;3;7;0;2;1;1;1;
24039;202000015695;154 714 681;B01;3;1;0;2;4;11;5;
24040;202000015696;154 714 679;A01;2;7;2;0;3;1;1;
24041;202000015697;154 714 678;A01;2;7;3;0;2;2;1;
24042;202000015698;154 714 676;A01;2;33;0;2;1;17;1;
24043;202000015698;154 714 677;B01;2;7;0;2;6;15;1;
24044;202000015699;154 714 671;A01;3;21;0;9;2;19;0;
24045;202000015699;154 714 672;B01;1;1;0;2;1;1;0;
24046;202000015700;154 714 670;A01;2;33;9;0;1;1;1;
24047;202000015701;154 714 669;A01;1;7;8;0;1;14;1;
24048;202000015702;154 714 668;A01;1;7;0;1;2;1;0;
24049;202000015703;154 714 667;A01;2;33;0;0;0;1;1;
24050;202000015704;154 714 665;A01;0;7;0;2;2;26;1;
24051;202000015704;154 714 666;B01;3;7;0;2;3;21;1;
24052;202000015705;154 714 663;B01;0;7;0;0;0;20;0;
24053;202000015705;154 714 664;A01;0;2;0;0;0;21;1;
24054;202000015706;154 714 662;A01;0;31;0;0;5;1;1;
24055;202000015707;154 714 661;A01;2;33;16;0;7;1;1;
24056;202000015708;154 714 660;A01;2;7;13;0;1;1;1;
24057;202000015709;154 714 658;A01;1;7;0;2;2;1;1;
24058;202000015709;154 714 659;B01;1;7;0;2;4;15;1;
24059;202000015710;154 714 655;C01;2;7;3;2;4;1;1;
24060;202000015710;154 714 656;A01;2;7;1;2;1;1;1;
24061;202000015710;154 714 657;B01;3;7;0;2;3;23;1;
24062;202000015711;154 714 653;A01;0;33;0;9;0;0;0;
24063;202000015711;154 714 654;B01;0;1;0;9;0;0;5;
24064;202000015712;154 714 651;A01;1;7;0;2;2;15;1;
24065;202000015712;154 714 652;B01;2;33;0;2;1;1;1;
24066;202000015713;154 714 649;B01;1;33;0;2;1;1;1;
24067;202000015713;154 714 650;A01;1;7;0;0;5;1;1;
24068;202000015714;154 714 647;B01;1;7;0;2;2;1;1;
24069;202000015714;154 714 648;A01;2;7;0;2;1;1;1;
24070;202000015715;154 714 645;A01;2;33;0;0;0;1;1;
24071;202000015715;154 714 646;B01;1;7;0;0;3;1;1;
24072;202000015716;154 714 644;A01;1;14;0;1;3;1;1;
24073;202000015717;154 714 642;B01;0;2;0;2;1;1;1;
24074;202000015717;154 714 643;A01;3;10;0;2;3;5;1;
24075;202000015718;154 714 641;B01;1;1;0;0;9;1;5;
24076;202000015720;154 714 636;C01;2;7;0;0;3;1;1;
24077;202000015720;154 714 637;B01;2;7;0;0;6;1;1;
24078;202000015720;154 714 638;A01;1;7;0;2;3;13;1;
24079;202000015721;154 714 635;A01;1;1;0;0;2;1;5;
24080;202000015722;154 714 634;A01;1;33;0;0;8;1;1;
24081;202000015723;154 714 632;B01;1;33;0;2;1;0;1;
24082;202000015723;154 714 633;A01;2;7;0;9;7;15;1;
24083;202000015724;154 714 631;A01;1;33;0;0;0;1;1;
24084;202000015725;154 714 630;A01;1;7;16;0;3;1;1;
24085;202000015726;154 714 628;A01;1;7;0;2;3;1;1;
24086;202000015726;154 714 629;B01;2;7;0;2;1;13;1;
24087;202000015727;154 714 627;A01;2;7;2;1;9;14;1;
24088;202000015728;154 714 626;A01;3;2;1;0;3;1;1;
24089;202000015729;154 714 624;B01;2;7;13;0;6;1;6;
24090;202000015729;154 714 625;A01;2;7;9;2;1;26;6;
24091;202000015731;154 714 620;B01;2;99;0;2;1;1;0;
24092;202000015731;154 714 621;A01;1;7;0;2;3;1;0;
24093;202000015732;154 714 619;A01;3;7;0;0;0;14;1;
24094;202000015733;154 714 617;A01;1;7;0;2;3;0;1;
24095;202000015733;154 714 618;B01;1;2;0;2;1;0;1;
24096;202000015734;154 714 616;A01;1;2;0;0;0;1;1;
24097;202000015735;154 714 613;A01;1;14;0;2;3;5;1;
24098;202000015735;154 714 614;B01;2;7;0;2;1;2;1;
24099;202000015735;154 714 615;C01;0;7;0;2;7;23;1;
24100;202000015736;154 714 609;B01;2;7;0;2;4;2;1;
24101;202000015736;154 714 610;A01;2;7;0;2;1;2;1;
24102;202000015737;154 714 607;A01;1;10;0;2;1;13;1;
24103;202000015737;154 714 608;B01;2;15;0;2;2;21;1;
24104;202000015738;154 714 602;B01;1;15;0;0;6;0;1;
24105;202000015738;154 714 603;A01;1;7;0;2;2;1;1;
24106;202000015739;154 714 600;A01;1;7;0;2;1;13;1;
24107;202000015739;154 714 601;B01;2;7;0;2;1;1;1;
24108;202000015740;154 714 598;B01;1;7;13;2;3;1;1;
24109;202000015740;154 714 599;A01;2;7;0;2;3;1;1;
24110;202000015741;154 714 596;A01;1;7;0;9;3;1;1;
24111;202000015741;154 714 597;B01;2;1;0;2;1;0;0;
24112;202000015743;154 714 591;A01;1;17;0;0;4;2;1;
24113;202000015743;154 714 592;C01;1;7;0;2;1;2;1;
24114;202000015743;154 714 593;B01;1;7;1;0;1;2;1;
24115;202000015744;154 714 589;B01;2;7;0;0;3;1;1;
24116;202000015744;154 714 590;A01;2;7;0;2;8;15;1;
24117;202000015745;154 714 587;A01;1;7;0;2;2;26;1;
24118;202000015745;154 714 588;B01;0;7;0;2;3;0;1;
24119;202000015746;154 714 585;A01;1;7;0;2;3;15;1;
24120;202000015746;154 714 586;B01;2;2;0;2;1;1;1;
24121;202000015747;154 714 584;A01;1;7;15;0;3;1;1;
24122;202000015748;154 714 583;A01;2;7;6;0;2;17;1;
24123;202000015749;154 714 582;A01;2;34;1;0;1;13;1;
24124;202000015750;154 714 580;B01;2;7;0;2;7;16;1;
24125;202000015750;154 714 581;A01;2;33;0;2;1;18;1;
24126;202000015751;154 714 579;A01;2;7;0;1;3;1;1;
24127;202000015752;154 714 577;B01;2;7;0;0;4;23;1;
24128;202000015752;154 714 578;A01;2;7;0;2;1;1;1;
24129;202000015753;154 714 576;A01;2;7;8;0;1;1;1;
24130;202000015754;154 714 574;B01;1;1;0;2;1;1;5;
24131;202000015754;154 714 575;A01;2;7;0;9;3;15;1;
24132;202000015755;154 714 570;A01;1;10;0;2;2;0;1;
24133;202000015755;154 714 571;D01;1;7;0;2;4;26;1;
24134;202000015755;154 714 572;C01;1;7;0;2;4;26;1;
24135;202000015755;154 714 573;B01;1;7;0;2;4;26;1;
24136;202000015756;154 714 568;A01;1;7;0;2;1;2;1;
24137;202000015756;154 714 569;B01;1;10;0;2;4;2;1;
24138;202000015757;154 714 566;B01;1;7;0;2;4;2;1;
24139;202000015757;154 714 567;A01;1;7;0;2;9;2;1;
24140;202000015758;154 714 565;A01;1;7;4;0;1;21;1;
24141;202000015760;154 714 562;A01;1;7;6;0;1;14;1;
24142;202000015761;154 714 561;A01;2;7;4;0;7;14;1;
24143;202000015762;154 714 560;A01;2;13;4;0;1;14;1;
24144;202000015763;154 714 558;B01;2;7;0;2;4;2;1;
24145;202000015763;154 714 559;A01;2;7;0;2;1;2;1;
24146;202000015764;154 714 555;A01;2;10;0;2;1;1;1;
24147;202000015764;154 714 556;B01;2;10;0;2;4;23;1;
24148;202000015764;154 714 557;C01;2;7;0;2;4;23;1;
24149;202000015765;154 714 552;B01;1;2;0;0;0;1;1;
24150;202000015765;154 714 553;A01;1;7;0;0;0;17;1;
24151;202000015766;154 714 551;A01;0;99;8;0;1;16;6;
24152;202000015767;154 714 549;A01;2;7;0;2;8;1;1;
24153;202000015767;154 714 550;B01;1;31;0;2;0;3;1;
24154;202000015768;154 714 548;A01;1;10;4;0;3;13;1;
24155;202000015769;154 714 546;B01;2;7;0;2;4;2;1;
24156;202000015769;154 714 547;A01;2;1;0;2;1;2;5;
24157;202000015770;154 714 544;B01;1;33;0;2;1;0;1;
24158;202000015770;154 714 545;A01;2;7;0;2;0;0;1;
24159;202000015771;154 714 543;A01;1;7;0;1;1;17;1;
24160;202000015772;154 714 541;B01;1;32;0;2;1;9;1;
24161;202000015772;154 714 542;A01;2;3;0;2;3;11;1;
24162;202000015773;154 714 539;A01;3;7;0;2;8;9;1;
24163;202000015773;154 714 540;B01;1;33;0;2;1;9;1;
24164;202000015776;154 714 535;A01;3;7;0;1;3;15;1;
24165;202000015777;154 714 533;A01;3;7;4;2;1;2;1;
24166;202000015777;154 714 534;B01;3;7;0;2;4;2;1;
24167;202000015778;154 714 530;B01;2;7;0;2;8;19;1;
24168;202000015778;154 714 531;A01;1;7;0;2;1;19;1;
24169;202000015779;154 714 528;B01;1;7;0;0;0;0;1;
24170;202000015779;154 714 529;A01;1;7;0;2;1;1;1;
24171;202000015780;154 714 526;A01;1;7;0;2;1;1;1;
24172;202000015780;154 714 527;B01;1;32;0;2;8;1;1;
24173;202000015781;154 714 524;A01;1;2;0;2;1;25;1;
24174;202000015781;154 714 525;B01;2;7;0;2;3;1;1;
24175;202000015782;154 714 522;B01;2;50;0;2;1;19;3;
24176;202000015782;154 714 523;A01;1;7;0;2;2;1;2;
24177;202000015783;154 714 520;B01;1;7;0;2;7;23;1;
24178;202000015783;154 714 521;A01;1;30;0;2;8;18;1;
24179;202000015784;154 714 519;A01;1;30;4;0;1;13;1;
24180;202000015785;154 714 516;B01;1;7;0;2;3;21;0;
24181;202000015785;154 714 517;C01;2;7;0;2;3;1;0;
24182;202000015785;154 714 518;A01;1;10;5;0;1;14;0;
24183;202000015786;154 714 513;A01;2;7;0;0;9;1;1;
24184;202000015787;154 714 510;C01;0;7;0;2;2;1;1;
24185;202000015787;154 714 511;B01;0;7;0;2;3;1;1;
24186;202000015787;154 714 512;A01;0;33;0;2;1;17;1;
24187;202000015789;154 714 507;A01;1;7;0;1;1;1;6;
24188;202000015790;154 714 504;A01;0;2;0;2;3;19;0;
24189;202000015790;154 714 505;B01;3;7;0;2;2;1;0;
24190;202000015792;154 714 501;B01;1;7;0;2;2;13;1;
24191;202000015792;154 714 502;A01;2;33;0;2;1;14;1;
24192;202000015793;154 714 499;A01;1;7;7;2;7;19;1;
24193;202000015793;154 714 500;B01;1;7;7;2;1;1;1;
24194;202000015794;154 714 497;B01;1;7;0;2;1;0;1;
24195;202000015794;154 714 498;A01;1;7;0;2;4;1;1;
24196;202000015795;154 714 495;B01;2;7;0;2;8;1;1;
24197;202000015795;154 714 496;A01;2;14;0;2;7;12;1;
24198;202000015797;154 714 489;B01;2;7;0;2;6;12;1;
24199;202000015797;154 714 490;A01;2;7;0;2;2;17;1;
24200;202000015799;154 714 485;A01;2;7;0;2;1;2;1;
24201;202000015799;154 714 486;B01;2;7;0;2;4;2;1;
24202;202000015800;154 714 483;Z01;2;0;0;2;0;0;1;
24203;202000015800;154 714 484;B01;2;7;0;2;6;1;1;
24204;202000015801;154 714 482;A01;1;7;0;2;1;1;1;
24205;202000015802;154 714 480;B01;1;33;0;2;1;3;1;
24206;202000015802;154 714 481;A01;1;10;0;2;2;12;1;
24207;202000015803;154 714 477;A01;2;7;0;2;8;13;2;
24208;202000015803;154 714 478;B01;2;7;4;0;7;17;1;
24209;202000015803;154 714 479;C01;2;7;0;2;1;21;1;
24210;202000015804;154 714 475;A01;2;7;0;2;1;2;1;
24211;202000015804;154 714 476;B01;2;7;0;2;4;2;1;
24212;202000015805;154 714 473;B01;1;10;4;0;4;1;1;
24213;202000015805;154 714 474;A01;1;10;0;2;1;12;1;
24214;202000015806;154 714 469;A01;1;7;0;2;1;2;1;
24215;202000015806;154 714 470;B01;1;7;0;2;4;2;1;
24216;202000015806;154 714 471;C01;1;7;0;2;4;2;1;
24217;202000015806;154 714 472;D01;1;7;0;2;4;2;1;
24218;202000015808;154 714 466;A01;2;7;0;0;3;1;1;
24219;202000015809;154 714 464;B01;1;7;0;2;5;12;6;
24220;202000015809;154 714 465;A01;1;33;0;2;3;3;6;
24221;202000015810;154 714 463;A01;2;7;14;0;3;13;1;
24222;202000015811;154 714 462;A01;3;7;0;1;1;1;1;
24223;202000015812;154 714 460;B01;2;7;0;0;0;15;1;
24224;202000015812;154 714 461;A01;1;33;0;0;9;21;1;
24225;202000015813;154 714 458;B01;2;30;0;2;1;1;1;
24226;202000015813;154 714 459;A01;2;7;0;2;3;10;1;
24227;202000015814;154 714 456;B01;3;7;15;0;3;15;0;
24228;202000015814;154 714 457;A01;2;33;15;2;1;17;0;
24229;202000015815;154 714 454;A01;2;7;0;2;1;9;1;
24230;202000015815;154 714 455;B01;1;2;0;2;7;1;1;
24231;202000015816;154 714 452;A01;0;32;0;2;1;1;0;
24232;202000015816;154 714 453;B01;0;1;0;2;1;5;0;
24233;202000015817;154 714 451;A01;2;7;0;1;1;1;0;
24234;202000015818;154 714 449;A01;2;7;0;2;2;16;1;
24235;202000015818;154 714 450;B01;2;60;0;0;6;1;5;
24236;202000015819;154 714 447;A01;1;7;0;2;1;9;0;
24237;202000015819;154 714 448;B01;1;7;0;2;4;1;0;
24238;202000015820;154 714 446;A01;3;99;0;1;0;26;0;
24239;202000015821;154 714 444;B01;2;7;0;2;3;15;6;
24240;202000015821;154 714 445;A01;2;34;0;2;6;9;6;
24241;202000015823;154 714 442;A01;3;7;0;1;1;1;1;
24242;202000015825;154 714 440;A01;2;7;14;1;3;1;1;
24243;202000015826;154 714 439;A01;1;7;0;1;2;1;1;
24244;202000015827;154 714 436;B01;1;7;0;2;0;26;1;
24245;202000015827;154 714 437;C01;2;7;0;2;0;26;1;
24246;202000015827;154 714 438;A01;1;7;0;2;0;26;1;
24247;202000015828;154 714 434;A01;2;33;0;2;1;2;1;
24248;202000015828;154 714 435;B01;2;7;0;2;4;23;1;
24249;202000015829;154 714 432;A01;3;7;0;2;0;1;0;
24250;202000015829;154 714 433;B01;3;1;0;2;0;1;5;
24251;202000015830;154 714 431;A01;1;30;0;0;2;9;1;
24252;202000015831;154 714 430;A01;1;7;6;0;1;1;1;
24253;202000015832;154 714 426;B01;1;7;0;2;8;15;1;
24254;202000015832;154 714 427;A01;1;7;0;2;1;1;1;
24255;202000015834;154 714 422;B01;2;50;0;2;7;14;3;
24256;202000015834;154 714 423;A01;2;7;0;9;1;9;1;
24257;202000015835;154 714 420;B01;1;7;0;2;1;2;1;
24258;202000015835;154 714 421;A01;1;7;0;2;4;23;1;
24259;202000015836;154 714 415;C01;2;7;0;2;4;0;0;
24260;202000015836;154 714 416;B01;2;7;0;2;4;1;0;
24261;202000015836;154 714 417;A01;2;7;0;2;1;1;0;
24262;202000015837;154 714 411;A01;1;7;0;2;1;2;1;
24263;202000015837;154 714 412;B01;1;7;0;2;4;2;1;
24264;202000015837;154 714 413;C01;1;7;0;2;4;2;1;
24265;202000015837;154 714 414;D01;1;7;0;2;4;2;1;
24266;202000015838;154 714 408;C01;2;7;0;2;3;1;1;
24267;202000015838;154 714 409;B01;2;7;0;2;3;1;1;
24268;202000015838;154 714 410;A01;1;7;0;2;1;15;1;
24269;202000015839;154 714 405;C01;2;50;0;2;1;1;3;
24270;202000015839;154 714 406;B01;2;7;0;2;8;1;1;
24271;202000015839;154 714 407;A01;1;7;7;2;1;1;1;
24272;202000015840;154 714 402;C01;0;7;0;2;4;1;0;
24273;202000015840;154 714 403;B01;1;7;0;2;4;1;0;
24274;202000015840;154 714 404;A01;1;7;0;2;1;1;0;
24275;202000015841;154 714 400;B01;2;1;0;2;1;2;5;
24276;202000015841;154 714 401;A01;1;7;0;2;2;16;1;
24277;202000015842;154 714 399;A01;1;7;0;1;2;1;1;
24278;202000015843;154 714 397;B01;2;1;0;2;4;2;5;
24279;202000015843;154 714 398;A01;2;30;0;2;1;18;1;
24280;202000015844;154 714 395;B01;2;7;0;2;3;1;0;
24281;202000015844;154 714 396;A01;1;2;0;2;3;13;1;
24282;202000015845;154 714 393;B01;2;2;0;2;7;17;1;
24283;202000015845;154 714 394;Z01;1;7;0;2;3;15;0;
24284;202000015847;154 714 389;A01;3;2;0;2;1;17;1;
24285;202000015847;154 714 390;B01;3;7;0;2;3;15;1;
24286;202000015848;154 714 387;A01;1;7;0;2;7;20;1;
24287;202000015848;154 714 388;B01;2;2;0;2;8;7;1;
24288;202000015849;154 714 386;A01;2;7;0;1;1;1;0;
24289;202000015850;154 714 385;A01;1;7;7;0;1;14;1;
24290;202000015851;154 714 383;A01;2;7;0;2;2;15;1;
24291;202000015851;154 714 384;B01;1;50;0;2;8;1;3;
24292;202000015852;154 714 381;Z01;3;13;0;2;1;14;1;
24293;202000015852;154 714 382;B01;3;7;0;2;4;16;1;
24294;202000015854;154 714 377;B01;2;1;0;2;8;2;5;
24295;202000015854;154 714 378;A01;2;38;0;2;5;16;1;1.0
24296;202000015855;154 714 376;A01;1;10;0;0;1;1;1;
24297;202000015856;154 714 374;A01;1;7;0;2;2;15;1;
24298;202000015856;154 714 375;B01;2;2;0;2;3;0;1;
24299;202000015858;154 714 372;A01;-1;7;4;0;1;26;1;
24300;202000015859;154 714 371;A01;1;7;0;1;2;9;1;
24301;202000015860;154 714 370;A01;2;7;0;1;2;1;1;
24302;202000015861;154 714 368;B01;3;7;0;2;1;1;1;
24303;202000015861;154 714 369;A01;3;7;0;2;1;15;1;
24304;202000015862;154 714 366;B01;2;33;0;2;2;1;1;
24305;202000015862;154 714 367;A01;2;7;0;2;8;11;1;
24306;202000015864;154 714 363;B01;3;2;0;2;7;1;6;
24307;202000015864;154 714 364;A01;0;7;0;2;5;15;6;
24308;202000015865;154 714 361;A01;3;50;0;2;7;1;3;
24309;202000015865;154 714 362;B01;3;7;0;9;3;1;1;
24310;202000015866;154 714 357;C01;2;7;0;2;4;1;1;
24311;202000015866;154 714 358;B01;2;7;0;2;1;1;1;
24312;202000015866;154 714 359;A01;2;7;0;2;1;1;1;
24313;202000015867;154 714 356;A01;3;33;0;0;0;1;1;
24314;202000015868;154 714 354;B01;2;30;0;2;1;1;1;
24315;202000015868;154 714 355;A01;1;7;0;2;1;15;1;
24316;202000015869;154 714 352;A01;2;7;0;2;1;1;1;
24317;202000015869;154 714 353;B01;1;7;0;2;2;15;1;
24318;202000015871;154 714 349;B01;1;7;0;2;2;26;1;
24319;202000015871;154 714 350;A01;1;10;0;2;6;23;1;
24320;202000015872;154 714 348;A01;0;7;5;0;1;1;1;
24321;202000015873;154 714 347;A01;0;7;0;1;3;15;1;
24322;202000015875;154 714 344;A01;2;7;0;1;3;16;0;
24323;202000015875;154 714 345;B01;2;7;0;0;0;1;1;
24324;202000015876;154 714 342;A01;1;7;0;2;2;16;1;
24325;202000015876;154 714 343;B01;1;1;0;2;8;19;0;
24326;202000015877;154 714 337;A01;0;32;0;2;1;1;1;
24327;202000015877;154 714 338;B01;0;7;0;0;4;1;1;
24328;202000015878;154 714 335;B01;3;7;0;2;2;17;1;
24329;202000015878;154 714 336;A01;3;7;0;2;2;9;1;
24330;202000015879;154 714 333;A01;2;7;0;5;7;21;1;
24331;202000015879;154 714 334;B01;1;7;0;5;8;1;1;
24332;202000015881;154 714 328;B01;1;7;0;2;8;19;1;
24333;202000015881;154 714 329;A01;2;1;0;2;1;19;5;
24334;202000015882;154 714 326;B01;2;1;0;2;8;1;5;
24335;202000015882;154 714 327;A01;1;7;0;2;1;15;3;
24336;202000015883;154 714 324;B01;2;30;0;2;1;1;1;
24337;202000015883;154 714 325;A01;1;7;0;2;5;15;1;
24338;202000015884;154 714 322;A01;0;7;0;2;2;9;1;
24339;202000015884;154 714 323;B01;1;33;0;2;3;17;1;
24340;202000015885;154 714 319;C01;2;7;0;2;0;1;0;
24341;202000015885;154 714 320;A01;1;7;0;2;3;13;1;
24342;202000015885;154 714 321;B01;2;7;0;2;6;1;1;
24343;202000015886;154 714 317;A01;1;34;0;2;8;9;6;
24344;202000015886;154 714 318;B01;1;15;0;0;4;26;6;
24345;202000015887;154 714 315;B01;1;7;0;2;2;15;1;
24346;202000015887;154 714 316;A01;2;34;0;2;1;1;1;
24347;202000015888;154 714 313;A01;2;33;0;2;8;18;1;
24348;202000015888;154 714 314;B01;2;10;0;2;2;2;1;
24349;202000015889;154 714 311;B01;1;7;0;2;8;1;1;
24350;202000015889;154 714 312;A01;1;7;0;2;1;1;0;
24351;202000015890;154 714 310;A01;2;30;12;0;1;1;1;
24352;202000015891;154 714 308;B01;1;10;0;2;5;2;1;
24353;202000015891;154 714 309;A01;1;7;0;2;0;2;1;
24354;202000015892;154 714 307;A01;-1;7;13;0;7;0;1;
24355;202000015893;154 714 306;A01;1;30;0;1;1;26;1;
24356;202000015895;154 714 303;A01;3;33;0;0;1;1;1;
24357;202000015896;154 714 302;A01;3;7;6;0;1;15;1;
24358;202000015897;154 714 301;A01;2;7;0;1;2;1;1;
24359;202000015898;154 714 298;A01;1;7;0;2;3;13;1;
24360;202000015898;154 714 299;C01;1;10;0;2;7;0;1;
24361;202000015898;154 714 300;B01;2;7;0;2;3;0;1;
24362;202000015899;154 714 296;A01;1;7;8;4;5;13;1;
24363;202000015899;154 714 297;B01;2;39;0;2;1;1;3;
24364;202000015900;154 714 294;B01;1;33;0;2;1;1;1;
24365;202000015900;154 714 295;A01;1;7;0;2;2;12;1;
24366;202000015901;154 714 293;Z01;1;34;0;1;1;16;1;
24367;202000015902;154 714 292;A01;1;33;0;1;1;17;1;
24368;202000015903;154 714 290;A01;1;7;1;2;4;9;1;
24369;202000015903;154 714 291;B01;1;7;0;2;1;1;1;
24370;202000015904;154 714 288;A01;2;32;0;2;4;1;1;
24371;202000015904;154 714 289;Z01;2;7;0;2;1;2;3;
24372;202000015905;154 714 286;A01;1;32;0;2;3;9;1;
24373;202000015905;154 714 287;B01;1;1;0;2;2;1;5;
24374;202000015906;154 714 285;A01;1;10;0;1;3;15;1;
24375;202000015907;154 714 283;B01;1;10;0;2;7;1;1;
24376;202000015907;154 714 284;A01;1;30;0;2;8;11;1;
24377;202000015908;154 714 282;A01;3;33;0;0;0;26;1;
24378;202000015909;154 714 280;A01;1;1;0;2;4;1;5;
24379;202000015909;154 714 281;B01;1;7;0;2;2;1;1;
24380;202000015910;154 714 278;A01;3;32;0;2;2;17;1;
24381;202000015910;154 714 279;B01;3;7;0;2;8;22;2;
24382;202000015911;154 714 275;A01;1;30;0;1;1;1;1;
24383;202000015912;154 714 273;A01;2;31;0;2;7;17;1;
24384;202000015912;154 714 274;B01;2;7;0;2;3;15;1;
24385;202000015913;154 714 271;A01;2;30;0;2;1;15;1;
24386;202000015913;154 714 272;B01;1;1;0;2;1;1;5;
24387;202000015914;154 714 269;A01;2;1;0;4;1;19;5;
24388;202000015914;154 714 270;B01;2;40;0;2;7;1;3;
24389;202000015915;154 714 267;A01;1;33;0;2;8;1;1;
24390;202000015915;154 714 268;B01;1;15;0;2;7;17;1;
24391;202000015916;154 714 265;A01;0;30;0;2;7;19;1;
24392;202000015916;154 714 266;B01;3;10;0;2;3;1;1;
24393;202000015917;154 714 264;A01;1;7;0;1;2;1;1;
24394;202000015922;154 714 255;B01;2;10;0;2;0;0;0;
24395;202000015922;154 714 256;A01;2;7;0;2;2;15;0;
24396;202000015923;154 714 253;A01;1;1;0;2;1;2;5;
24397;202000015923;154 714 254;B01;1;7;0;2;4;23;1;
24398;202000015924;154 714 251;A01;-1;7;8;0;1;26;1;
24399;202000015924;154 714 252;B01;-1;7;1;2;1;2;1;
24400;202000015925;154 714 249;B01;2;10;0;2;2;1;1;
24401;202000015925;154 714 250;A01;1;7;0;2;3;9;1;
24402;202000015926;154 714 247;B01;2;33;0;2;1;17;1;
24403;202000015926;154 714 248;A01;2;7;0;2;3;15;1;
24404;202000015927;154 714 245;A01;2;7;0;2;3;7;0;
24405;202000015927;154 714 246;B01;1;50;0;2;1;8;3;
24406;202000015928;154 714 243;B01;1;7;0;2;5;15;1;
24407;202000015928;154 714 244;A01;1;7;0;2;2;0;1;
24408;202000015929;154 714 242;A01;-1;10;0;1;3;1;0;
24409;202000015930;154 714 241;A01;1;7;0;1;1;1;0;
24410;202000015931;154 714 238;C01;1;7;0;2;3;1;0;
24411;202000015931;154 714 239;B01;1;33;0;2;3;1;0;
24412;202000015931;154 714 240;A01;1;7;0;2;2;1;0;
24413;202000015932;154 714 236;A01;1;10;0;2;7;1;1;
24414;202000015932;154 714 237;B01;1;32;0;2;1;9;1;
24415;202000015933;154 714 234;B01;0;32;0;2;1;17;0;
24416;202000015933;154 714 235;A01;0;7;0;2;3;26;0;
24417;202000015934;154 714 232;A01;1;32;0;2;1;1;1;
24418;202000015934;154 714 233;B01;2;7;0;2;7;15;1;
24419;202000015935;154 714 230;A01;1;33;0;2;1;2;0;
24420;202000015935;154 714 231;B01;1;1;0;2;3;15;0;
24421;202000015936;154 714 228;B01;2;32;0;2;1;1;1;
24422;202000015936;154 714 229;A01;1;7;0;2;3;15;1;
24423;202000015937;154 714 226;A01;2;7;0;2;3;15;1;
24424;202000015937;154 714 227;B01;2;33;0;2;1;2;1;
24425;202000015938;154 714 224;B01;2;7;0;2;5;16;0;
24426;202000015938;154 714 225;A01;2;1;0;2;1;2;5;
24427;202000015939;154 714 222;B01;1;32;9;2;1;1;1;
24428;202000015939;154 714 223;A01;2;7;1;2;1;15;1;
24429;202000015940;154 714 220;A01;1;32;0;2;0;0;0;
24430;202000015940;154 714 221;B01;1;7;0;2;4;23;0;
24431;202000015941;154 714 219;A01;1;7;8;0;1;21;1;
24432;202000015942;154 714 218;A01;2;7;13;0;1;15;1;
24433;202000015943;154 714 217;A01;2;7;2;0;8;1;1;
24434;202000015944;154 714 215;A01;2;7;0;2;8;17;1;
24435;202000015944;154 714 216;B01;2;33;0;2;7;17;1;
24436;202000015946;154 714 212;B01;3;7;0;2;2;1;1;
24437;202000015946;154 714 213;A01;3;1;0;2;8;19;5;
24438;202000015947;154 714 210;A01;0;7;0;2;7;9;1;
24439;202000015947;154 714 211;B01;0;50;0;2;8;0;3;
24440;202000015948;154 714 207;C01;2;7;13;2;8;1;1;
24441;202000015948;154 714 208;B01;2;7;0;2;1;1;1;
24442;202000015948;154 714 209;A01;1;7;0;2;7;13;1;
24443;202000015949;154 714 206;A01;3;7;0;0;2;1;1;
24444;202000015950;154 714 205;A01;2;7;6;0;1;26;1;
24445;202000015951;154 714 204;A01;2;7;0;1;8;16;0;
24446;202000015952;154 714 202;B01;1;7;0;2;3;1;0;
24447;202000015952;154 714 203;A01;2;7;0;2;1;6;0;
24448;202000015953;154 714 201;A01;0;7;2;0;1;0;0;
24449;202000015954;154 714 200;A01;2;30;0;0;0;0;1;
24450;202000015955;154 714 199;A01;1;7;4;0;2;14;1;
24451;202000015956;154 714 197;A01;2;33;3;0;0;1;1;
24452;202000015957;154 714 195;A01;3;7;0;2;6;15;1;
24453;202000015957;154 714 196;B01;2;31;0;2;1;1;1;
24454;202000015959;154 714 191;A01;0;15;1;1;1;1;1;
24455;202000015960;154 714 190;A01;1;7;8;0;0;1;1;
24456;202000015961;154 714 189;A01;2;7;7;0;1;6;1;
24457;202000015962;154 714 188;A01;1;33;8;0;1;1;1;
24458;202000015963;154 714 185;A01;1;7;0;2;3;15;1;