;Num_Acc;id_vehicule;num_veh;senc;catv;obs;obsm;choc;manv;motor;occutc
24459;202000015963;154 714 186;B01;2;21;0;2;3;1;1;
24460;202000015964;154 714 183;A01;2;33;1;0;1;1;1;
24461;202000015964;154 714 184;B01;2;20;0;2;1;23;1;
24462;202000015965;154 714 181;A01;1;7;0;2;2;17;1;
24463;202000015965;154 714 182;B01;1;2;0;2;3;13;1;
24464;202000015967;154 714 177;B01;2;33;0;2;1;1;1;
24465;202000015967;154 714 178;A01;1;10;0;2;1;9;1;
24466;202000015969;154 714 174;A01;1;13;2;0;2;14;1;
24467;202000015971;154 714 172;A01;1;2;4;0;8;1;1;
24468;202000015972;154 714 170;A01;1;13;0;2;7;1;1;
24469;202000015972;154 714 171;B01;2;10;16;0;8;1;1;
24470;202000015973;154 714 168;A01;3;7;0;2;2;9;1;
24471;202000015973;154 714 169;B01;3;32;0;2;1;1;1;
24472;202000015974;154 714 166;A01;2;17;0;0;0;15;1;
24473;202000015974;154 714 167;B01;1;33;8;0;1;21;1;
24474;202000015975;154 714 164;A01;2;7;0;2;1;15;1;
24475;202000015975;154 714 165;B01;1;1;0;2;8;16;5;
24476;202000015976;154 714 161;A01;2;7;4;2;8;11;1;
24477;202000015976;154 714 162;B01;2;14;0;2;2;1;1;
24478;202000015976;154 714 163;C01;2;7;4;2;1;1;1;
24479;202000015977;154 714 159;B01;1;7;4;2;1;0;1;
24480;202000015977;154 714 160;A01;1;10;4;0;6;1;1;
24481;202000015978;154 714 156;C01;2;7;0;2;4;2;1;
24482;202000015978;154 714 157;B01;2;7;0;2;4;2;1;
24483;202000015978;154 714 158;A01;2;7;0;2;1;1;1;
24484;202000015979;154 714 154;B01;2;10;3;2;5;14;1;
24485;202000015979;154 714 155;A01;2;33;3;2;1;3;1;
24486;202000015980;154 714 153;A01;1;7;4;0;3;13;1;
24487;202000015981;154 714 152;A01;1;7;0;0;0;14;1;
24488;202000015982;154 714 149;A01;1;10;0;2;3;1;1;
24489;202000015982;154 714 150;B01;1;7;0;2;4;2;1;
24490;202000015982;154 714 151;C01;1;7;0;0;4;2;1;
24491;202000015983;154 714 147;A01;1;7;0;2;1;2;1;
24492;202000015983;154 714 148;B01;1;10;0;2;4;2;1;
24493;202000015984;154 714 146;A01;2;7;4;0;1;11;1;
24494;202000015985;154 714 142;A01;1;7;0;2;1;2;1;
24495;202000015985;154 714 143;B01;1;7;0;2;4;2;1;
24496;202000015985;154 714 144;C01;1;7;0;2;4;2;1;
24497;202000015985;154 714 145;D01;1;7;0;2;4;2;1;
24498;202000015986;154 714 141;A01;2;7;4;0;1;2;1;
24499;202000015987;154 714 139;A01;2;10;0;2;1;2;1;
24500;202000015987;154 714 140;B01;2;10;0;2;4;23;1;
24501;202000015988;154 714 137;B01;2;7;0;2;4;2;1;
24502;202000015988;154 714 138;A01;2;7;0;2;1;1;1;
24503;202000015989;154 714 132;E01;1;10;0;2;4;2;1;
24504;202000015989;154 714 133;D01;1;10;0;2;4;2;1;
24505;202000015989;154 714 134;C01;1;10;0;2;4;2;1;
24506;202000015989;154 714 135;B01;1;10;0;2;4;2;1;
24507;202000015989;154 714 136;A01;1;10;0;2;1;2;1;
24508;202000015990;154 714 130;Z01;1;7;0;2;0;0;0;
24509;202000015990;154 714 131;A01;1;33;0;2;2;2;0;
24510;202000015991;154 714 127;A01;2;7;0;2;1;2;1;
24511;202000015991;154 714 128;B01;2;7;0;2;4;2;1;
24512;202000015991;154 714 129;C01;2;7;0;2;4;2;1;
24513;202000015992;154 714 126;A01;1;7;3;0;1;1;0;
24514;202000015993;154 714 125;A01;2;3;12;0;3;1;1;
24515;202000015995;154 714 121;A01;3;1;0;2;1;13;5;
24516;202000015995;154 714 122;B01;3;7;0;9;2;9;1;
24517;202000015996;154 714 120;A01;1;7;0;1;3;1;1;
24518;202000015997;154 714 118;A01;2;7;0;2;2;15;1;
24519;202000015997;154 714 119;B01;1;7;0;2;1;1;1;
24520;202000015998;154 714 116;Z01;1;7;0;2;8;9;1;
24521;202000015998;154 714 117;B01;1;7;0;2;7;1;1;
24522;202000016000;154 714 113;CA01;3;20;9;2;1;21;1;
24523;202000016001;154 714 111;B01;1;50;0;2;0;0;3;
24524;202000016001;154 714 112;A01;1;7;0;2;3;26;1;
24525;202000016003;154 714 107;B01;3;10;0;2;2;0;0;
24526;202000016003;154 714 108;A01;3;7;0;2;8;24;0;
24527;202000016005;154 714 101;B01;3;60;0;2;7;19;5;
24528;202000016005;154 714 102;A01;2;7;0;2;1;1;1;
24529;202000016006;154 714 099;A01;1;7;0;2;1;1;1;
24530;202000016006;154 714 100;B01;1;7;0;2;4;23;1;
24531;202000016007;154 714 098;A01;2;7;6;0;2;1;1;
24532;202000016008;154 714 097;A01;1;15;0;1;2;1;1;
24533;202000016010;154 714 094;A01;3;7;0;1;1;1;0;
24534;202000016011;154 714 087;A01;1;33;0;0;8;26;1;
24535;202000016012;154 714 084;B01;0;7;0;2;1;1;1;
24536;202000016012;154 714 085;A01;0;30;0;2;8;1;1;
24537;202000016013;154 714 081;C01;0;7;0;2;2;1;1;
24538;202000016013;154 714 082;B01;0;7;0;2;8;1;1;
24539;202000016013;154 714 083;A01;2;7;15;2;1;17;1;
24540;202000016015;154 714 077;B01;2;1;0;2;1;19;5;
24541;202000016015;154 714 078;A01;1;10;0;2;3;17;1;
24542;202000016016;154 714 076;A01;2;7;0;1;3;1;1;
24543;202000016017;154 714 075;A01;3;7;0;1;3;15;0;
24544;202000016018;154 714 074;A01;1;7;0;1;1;1;1;
24545;202000016020;154 714 071;A01;2;7;0;1;3;16;1;
24546;202000016021;154 714 070;A01;2;7;0;1;1;19;1;
24547;202000016022;154 714 069;A01;1;7;12;0;1;1;1;
24548;202000016023;154 714 068;A01;1;7;0;1;3;15;1;
24549;202000016024;154 714 067;A01;1;7;0;1;7;9;1;
24550;202000016025;154 714 065;B01;1;99;0;2;1;1;3;
24551;202000016025;154 714 066;A01;1;7;0;9;1;1;1;
24552;202000016026;154 714 063;B01;1;1;0;2;1;15;5;
24553;202000016026;154 714 064;A01;3;7;0;2;1;1;1;
24554;202000016027;154 714 061;B01;3;7;0;2;1;1;1;
24555;202000016027;154 714 062;A01;1;7;0;2;6;9;1;
24556;202000016028;154 714 059;A01;3;1;0;2;7;1;5;
24557;202000016028;154 714 060;Z01;1;7;0;2;1;9;1;
24558;202000016029;154 714 056;C01;3;7;0;2;4;1;1;
24559;202000016029;154 714 057;B01;3;7;0;2;4;1;1;
24560;202000016029;154 714 058;A01;3;7;0;2;1;1;1;
24561;202000016030;154 714 055;A01;3;7;12;0;1;1;1;
24562;202000016031;154 714 054;A01;1;7;0;1;0;1;3;
24563;202000016033;154 714 051;A01;3;7;0;1;2;26;1;
24564;202000016036;154 714 046;B01;1;10;0;2;1;15;1;
24565;202000016036;154 714 047;A01;2;2;0;2;1;1;1;
24566;202000016037;154 714 044;B01;0;33;0;2;7;1;1;
24567;202000016037;154 714 045;A01;0;7;0;2;3;9;1;
24568;202000016038;154 714 042;B01;0;7;0;2;6;23;1;
24569;202000016038;154 714 043;A01;0;33;0;2;1;1;1;
24570;202000016039;154 714 040;A01;1;2;0;2;1;9;1;
24571;202000016039;154 714 041;B01;1;7;0;2;5;1;1;
24572;202000016040;154 714 037;A01;1;7;0;2;1;1;1;
24573;202000016040;154 714 038;B01;1;7;0;2;9;1;1;
24574;202000016040;154 714 039;C01;1;7;0;2;4;1;1;
24575;202000016041;154 714 035;A01;2;7;0;2;7;15;1;
24576;202000016041;154 714 036;B01;1;30;0;2;1;1;1;
24577;202000016042;154 714 034;A01;2;7;0;1;3;1;0;
24578;202000016043;154 714 032;B01;2;40;0;2;1;1;3;
24579;202000016043;154 714 033;A01;2;7;0;4;2;15;1;
24580;202000016045;154 714 027;A01;3;7;0;4;1;0;1;
24581;202000016045;154 714 028;B01;3;40;0;2;0;0;6;
24582;202000016046;154 714 025;B01;1;2;0;2;8;18;1;
24583;202000016046;154 714 026;A01;1;7;0;2;7;16;1;
24584;202000016047;154 714 023;A01;1;7;0;2;1;1;1;
24585;202000016047;154 714 024;B01;1;7;0;2;4;1;1;
24586;202000016048;154 714 022;A01;3;32;0;0;0;26;1;
24587;202000016049;154 714 020;A01;3;7;0;2;2;14;1;
24588;202000016049;154 714 021;B01;3;34;0;2;8;1;1;
24589;202000016050;154 714 019;A01;3;7;3;0;2;16;1;
24590;202000016051;154 714 018;A01;1;7;0;1;1;1;0;
24591;202000016052;154 714 017;A01;0;10;0;1;2;1;1;
24592;202000016053;154 714 015;A01;1;32;0;2;3;1;1;
24593;202000016053;154 714 016;B01;2;7;0;2;6;15;1;
24594;202000016054;154 714 014;A01;1;7;0;1;1;9;1;
24595;202000016055;154 714 012;A01;0;2;0;2;1;1;0;
24596;202000016055;154 714 013;Z01;0;10;0;2;1;1;0;
24597;202000016056;154 714 011;A01;2;7;0;1;1;16;1;
24598;202000016057;154 714 009;B01;1;33;0;2;9;1;1;
24599;202000016057;154 714 010;A01;1;50;0;2;8;18;3;
24600;202000016059;154 714 006;A01;1;10;0;2;2;15;1;
24601;202000016059;154 714 007;B01;1;43;0;2;1;1;1;
24602;202000016060;154 714 005;A01;1;7;0;1;1;1;1;
24603;202000016061;154 714 004;A01;2;7;0;1;2;1;1;
24604;202000016062;154 714 002;B01;3;7;0;2;2;16;3;
24605;202000016062;154 714 003;A01;3;50;0;2;1;1;3;
24606;202000016064;154 714 000;A01;1;50;12;0;8;13;3;
24607;202000016065;154 713 998;B01;1;7;0;2;3;1;1;
24608;202000016065;154 713 999;A01;1;7;0;2;2;1;2;
24609;202000016066;154 713 996;A01;2;7;0;0;3;20;1;
24610;202000016066;154 713 997;B01;2;99;0;0;1;1;0;
24611;202000016067;154 713 994;A01;2;30;0;2;8;18;1;
24612;202000016067;154 713 995;B01;2;10;0;2;7;16;1;
24613;202000016068;154 713 989;A01;2;7;0;2;1;2;0;
24614;202000016068;154 713 990;E01;2;7;0;2;4;2;0;
24615;202000016068;154 713 991;D01;2;7;0;2;4;2;0;
24616;202000016068;154 713 992;C01;2;7;0;2;4;2;0;
24617;202000016068;154 713 993;B01;2;7;0;2;4;2;0;
24618;202000016069;154 713 987;B01;2;7;0;2;7;16;1;
24619;202000016069;154 713 988;A01;1;0;0;2;0;0;0;
24620;202000016070;154 713 986;A01;1;10;0;1;1;26;1;
24621;202000016071;154 713 984;B01;2;50;0;2;2;19;3;
24622;202000016071;154 713 985;A01;2;7;0;9;3;1;1;
24623;202000016072;154 713 982;A01;2;7;0;2;2;19;1;
24624;202000016072;154 713 983;B01;1;30;0;2;1;5;0;
24625;202000016073;154 713 981;A01;1;37;6;1;1;16;1;1.0
24626;202000016074;154 713 980;A01;1;10;0;1;4;20;1;
24627;202000016075;154 713 978;A01;3;37;0;2;1;1;0;1.0
24628;202000016075;154 713 979;B01;3;7;0;2;4;15;0;
24629;202000016077;154 713 974;A01;2;30;0;2;7;26;1;
24630;202000016077;154 713 975;B01;2;7;0;2;0;0;1;
24631;202000016078;154 713 973;A01;1;32;0;2;3;2;1;
24632;202000016079;154 713 972;A01;3;2;0;0;8;1;1;
24633;202000016080;154 713 971;A01;0;2;0;0;1;0;1;
24634;202000016081;154 713 970;A01;1;33;13;0;0;17;1;
24635;202000016082;154 713 968;B01;0;2;0;2;1;1;1;
24636;202000016082;154 713 969;A01;0;7;0;0;7;1;1;
24637;202000016083;154 713 966;A01;2;7;0;2;1;13;1;
24638;202000016083;154 713 967;B01;1;7;0;2;1;1;1;
24639;202000016084;154 713 965;A01;2;7;3;0;1;0;0;
24640;202000016085;154 713 964;A01;1;7;0;1;3;16;1;
24641;202000016086;154 713 962;B01;1;7;6;2;7;1;1;
24642;202000016086;154 713 963;A01;1;7;0;2;1;19;1;
24643;202000016087;154 713 961;A01;2;7;0;1;2;1;1;
24644;202000016089;154 713 958;A01;2;7;0;2;1;15;1;
24645;202000016089;154 713 959;B01;1;7;0;2;1;1;1;
24646;202000016091;154 713 955;B01;3;1;0;2;1;9;5;
24647;202000016091;154 713 956;A01;3;7;0;2;5;26;1;
24648;202000016093;154 713 952;B01;1;7;0;2;1;1;1;
24649;202000016093;154 713 953;A01;1;7;0;0;4;1;1;
24650;202000016094;154 713 950;A01;0;7;0;2;2;9;1;
24651;202000016094;154 713 951;B01;0;2;0;2;1;1;1;
24652;202000016095;154 713 949;A01;1;10;15;0;2;1;1;
24653;202000016096;154 713 947;B01;1;3;0;2;1;1;1;
24654;202000016096;154 713 948;A01;1;7;0;2;7;19;1;
24655;202000016097;154 713 946;A01;1;7;0;1;2;1;1;
24656;202000016099;154 713 943;B01;1;1;0;2;1;1;5;
24657;202000016099;154 713 944;A01;2;7;0;2;2;15;1;
24658;202000016100;154 713 941;B01;0;10;0;2;1;0;1;
24659;202000016100;154 713 942;A01;0;1;0;2;4;1;5;
24660;202000016102;154 713 936;A01;2;7;0;6;2;1;1;
24661;202000016102;154 713 937;B01;2;7;0;6;3;1;1;
24662;202000016102;154 713 938;C01;2;7;0;6;2;1;1;
24663;202000016103;154 713 934;A01;3;7;0;2;1;1;0;
24664;202000016103;154 713 935;B01;3;2;0;2;1;13;0;
24665;202000016104;154 713 933;A01;1;7;3;0;1;12;1;
24666;202000016105;154 713 931;A01;3;33;0;2;1;1;0;
24667;202000016105;154 713 932;B01;3;7;0;2;1;1;0;
24668;202000016106;154 713 929;B01;1;1;0;2;4;2;5;
24669;202000016106;154 713 930;A01;1;7;0;9;1;2;1;
24670;202000016107;154 713 927;A01;0;7;7;2;3;1;0;
24671;202000016107;154 713 928;B01;0;7;0;2;1;0;0;
24672;202000016108;154 713 925;B01;1;7;0;0;7;2;1;
24673;202000016108;154 713 926;A01;1;7;0;0;2;5;1;
24674;202000016109;154 713 923;A01;3;7;9;9;2;14;1;
24675;202000016109;154 713 924;B01;0;1;0;2;0;0;5;
24676;202000016110;154 713 921;A01;2;7;0;2;1;1;1;
24677;202000016110;154 713 922;B01;2;7;0;2;2;9;1;
24678;202000016111;154 713 920;A01;3;7;0;1;2;26;1;
24679;202000016112;154 713 918;A01;2;7;0;2;7;17;1;
24680;202000016112;154 713 919;B01;2;7;0;2;8;1;1;
24681;202000016113;154 713 915;B01;2;7;0;2;4;2;1;
24682;202000016113;154 713 916;C01;2;7;0;0;4;1;1;
24683;202000016113;154 713 917;A01;2;7;0;2;1;1;1;
24684;202000016114;154 713 913;B01;2;7;0;2;4;1;1;
24685;202000016114;154 713 914;A01;2;7;0;2;1;1;1;
24686;202000016115;154 713 910;Z01;1;10;0;2;7;0;1;
24687;202000016115;154 713 911;B01;1;7;0;0;0;0;1;
24688;202000016115;154 713 912;C01;1;7;0;0;0;0;1;
24689;202000016116;154 713 909;A01;1;10;4;0;2;12;1;
24690;202000016117;154 713 908;A01;2;7;4;0;2;16;1;
24691;202000016118;154 713 905;C01;2;34;0;2;3;0;1;
24692;202000016118;154 713 906;A01;2;7;0;2;4;0;1;
24693;202000016118;154 713 907;B01;2;7;0;2;3;11;1;
24694;202000016119;154 713 903;B01;1;7;0;2;3;2;1;
24695;202000016119;154 713 904;A01;1;33;0;2;5;2;1;
24696;202000016120;154 713 900;C01;1;7;0;2;1;0;1;
24697;202000016120;154 713 901;B01;1;15;0;2;6;0;1;
24698;202000016120;154 713 902;A01;1;7;0;2;9;26;1;
24699;202000016121;154 713 899;A01;2;7;3;0;1;12;1;
24700;202000016122;154 713 898;A01;1;7;0;1;3;1;1;
24701;202000016123;154 713 897;A01;2;7;0;1;0;21;1;
24702;202000016124;154 713 896;A01;2;7;0;1;2;1;1;
24703;202000016125;154 713 893;A01;1;10;0;2;3;13;1;
24704;202000016125;154 713 894;B01;1;7;0;2;8;1;1;
24705;202000016125;154 713 895;C01;1;7;0;2;3;1;0;
24706;202000016127;154 713 890;A01;3;30;0;0;0;26;1;
24707;202000016128;154 713 887;A01;2;7;0;2;1;2;1;
24708;202000016128;154 713 888;B01;2;10;0;2;1;2;1;
24709;202000016128;154 713 889;C01;2;10;0;2;4;2;4;
24710;202000016129;154 713 885;B01;0;2;0;2;1;1;1;
24711;202000016129;154 713 886;A01;0;7;0;2;3;15;1;
24712;202000016131;154 713 881;A01;1;7;0;2;1;1;1;
24713;202000016131;154 713 882;B01;2;2;0;2;8;19;1;
24714;202000016132;154 713 880;A01;2;7;8;0;2;1;1;
24715;202000016133;154 713 878;A01;3;7;0;2;8;1;1;
24716;202000016133;154 713 879;B01;3;37;0;2;2;2;1;1.0
24717;202000016134;154 713 875;C01;1;7;0;2;4;2;1;
24718;202000016134;154 713 876;B01;1;7;0;2;4;2;1;
24719;202000016134;154 713 877;A01;1;10;0;2;1;2;1;
24720;202000016135;154 713 873;B01;3;7;0;2;1;1;0;
24721;202000016135;154 713 874;A01;3;7;0;2;7;1;0;
24722;202000016137;154 713 869;B01;2;7;0;2;4;1;1;
24723;202000016137;154 713 870;A01;2;10;0;2;1;1;1;
24724;202000016138;154 713 868;B01;2;7;0;1;2;1;1;
24725;202000016139;154 713 867;A01;1;10;0;1;2;16;1;
24726;202000016140;154 713 865;B01;2;7;0;2;4;2;1;
24727;202000016140;154 713 866;A01;2;7;0;2;4;2;1;
24728;202000016141;154 713 864;A01;1;7;0;1;1;19;1;
24729;202000016142;154 713 862;B01;3;7;0;2;1;1;1;
24730;202000016142;154 713 863;A01;3;7;0;2;7;13;1;
24731;202000016143;154 713 861;A01;2;7;9;0;4;13;1;
24732;202000016144;154 713 860;A01;2;30;11;0;1;13;1;
24733;202000016145;154 713 859;A01;2;7;0;1;3;1;0;
24734;202000016147;154 713 855;A01;1;33;0;2;1;13;1;
24735;202000016147;154 713 856;B01;1;7;0;2;3;1;0;
24736;202000016148;154 713 853;B01;3;1;0;2;1;1;5;
24737;202000016148;154 713 854;A01;3;7;0;2;8;26;1;
24738;202000016149;154 713 852;A01;1;10;0;1;2;1;1;
24739;202000016150;154 713 849;B01;1;7;0;2;4;23;1;
24740;202000016150;154 713 850;C01;1;7;0;2;4;23;1;
24741;202000016150;154 713 851;A01;1;7;0;2;1;2;1;
24742;202000016151;154 713 847;A01;3;7;0;2;3;13;1;
24743;202000016151;154 713 848;B01;3;7;0;2;8;1;1;
24744;202000016152;154 713 844;B01;2;7;0;2;0;0;1;
24745;202000016152;154 713 845;A01;2;7;0;2;3;17;1;
24746;202000016153;154 713 842;A01;2;7;0;2;2;19;1;
24747;202000016153;154 713 843;B01;3;10;0;2;1;1;1;
24748;202000016154;154 713 840;B01;2;32;0;2;3;1;1;
24749;202000016154;154 713 841;A01;2;7;0;2;3;15;1;
24750;202000016155;154 713 838;A01;1;7;0;2;2;15;1;
24751;202000016155;154 713 839;B01;2;33;0;2;2;1;1;
24752;202000016156;154 713 837;A01;2;30;0;1;1;18;0;
24753;202000016158;154 713 834;A01;1;7;0;2;0;0;0;
24754;202000016158;154 713 835;B01;1;7;0;2;3;1;0;
24755;202000016159;154 713 833;A01;1;7;16;9;0;1;1;
24756;202000016160;154 713 832;Z01;1;7;0;1;7;16;1;
24757;202000016161;154 713 830;B01;1;1;0;0;4;1;5;
24758;202000016161;154 713 831;A01;1;7;0;2;2;1;1;
24759;202000016162;154 713 829;A01;0;2;0;1;1;1;3;
24760;202000016163;154 713 828;A01;1;30;13;0;0;1;1;
24761;202000016164;154 713 826;B01;1;10;0;1;1;1;1;
24762;202000016164;154 713 827;A01;1;7;0;1;3;1;1;
24763;202000016165;154 713 825;A01;1;7;0;1;1;1;1;
24764;202000016166;154 713 823;B01;1;7;0;2;0;1;1;
24765;202000016166;154 713 824;A01;1;7;0;2;1;1;1;
24766;202000016167;154 713 822;A01;3;7;0;1;3;1;1;
24767;202000016168;154 713 820;B01;2;33;0;2;1;1;1;
24768;202000016168;154 713 821;A01;1;7;0;2;1;15;1;
24769;202000016169;154 713 818;A01;2;7;0;2;2;1;1;
24770;202000016169;154 713 819;B01;2;50;0;2;1;1;3;
24771;202000016170;154 713 816;B01;1;7;0;2;8;15;1;
24772;202000016170;154 713 817;A01;1;7;14;2;7;17;1;
24773;202000016171;154 713 814;B01;2;37;0;2;3;13;1;1.0
24774;202000016171;154 713 815;A01;1;14;13;2;3;13;1;
24775;202000016172;154 713 813;A01;1;7;0;1;1;0;1;
24776;202000016173;154 713 811;A01;3;7;0;2;1;11;1;
24777;202000016173;154 713 812;B01;3;7;0;2;1;1;1;
24778;202000016174;154 713 809;B01;1;2;0;2;1;1;0;
24779;202000016174;154 713 810;A01;1;7;0;2;2;19;0;
24780;202000016176;154 713 805;B01;2;31;0;2;1;1;1;
24781;202000016176;154 713 806;A01;1;7;0;2;1;17;1;
24782;202000016177;154 713 804;A01;2;33;0;6;1;14;1;
24783;202000016178;154 713 801;A01;2;7;4;0;7;0;1;
24784;202000016179;154 713 799;A01;2;7;0;2;3;17;1;
24785;202000016179;154 713 800;B01;1;2;0;2;1;1;1;
24786;202000016180;154 713 798;A01;1;14;6;0;2;2;0;
24787;202000016182;154 713 795;A01;1;7;0;2;2;15;1;
24788;202000016182;154 713 796;B01;2;7;0;2;3;1;1;
24789;202000016183;154 713 794;A01;1;10;0;1;3;1;1;
24790;202000016184;154 713 792;B01;2;2;0;2;1;1;1;
24791;202000016184;154 713 793;A01;1;7;0;0;1;15;1;
24792;202000016185;154 713 789;B01;1;7;0;2;3;1;1;
24793;202000016185;154 713 790;A01;2;7;0;2;3;13;1;
24794;202000016186;154 713 788;A01;3;33;0;0;0;1;1;
24795;202000016188;154 713 784;B01;0;7;0;2;1;1;1;
24796;202000016188;154 713 785;A01;3;7;0;2;1;1;1;
24797;202000016189;154 713 782;A01;1;17;0;2;2;12;1;
24798;202000016189;154 713 783;B01;1;7;0;2;8;1;1;
24799;202000016190;154 713 776;G01;1;7;0;1;1;1;1;
24800;202000016190;154 713 777;C01;1;17;0;1;1;1;1;
24801;202000016190;154 713 778;B01;1;7;0;1;1;1;1;
24802;202000016190;154 713 779;A01;1;7;0;1;3;1;1;
24803;202000016190;154 713 780;H01;1;7;0;1;1;1;1;
24804;202000016190;154 713 781;E01;1;7;0;1;1;17;1;
24805;202000016191;154 713 771;C01;1;7;0;2;8;1;1;
24806;202000016191;154 713 772;D01;1;17;0;2;3;1;1;
24807;202000016191;154 713 773;E01;1;7;0;2;3;1;1;
24808;202000016191;154 713 774;B01;1;7;0;2;5;23;1;
24809;202000016191;154 713 775;A01;2;7;0;2;1;1;1;
24810;202000016192;154 713 768;C01;2;10;0;2;6;1;1;
24811;202000016192;154 713 769;B01;2;31;0;2;2;3;1;
24812;202000016192;154 713 770;A01;2;10;0;2;2;12;1;
24813;202000016193;154 713 765;C01;2;7;0;2;4;2;1;
24814;202000016193;154 713 766;B01;2;7;0;2;4;2;1;
24815;202000016193;154 713 767;A01;2;7;0;2;1;2;1;
24816;202000016194;154 713 759;A01;1;7;0;2;8;1;2;
24817;202000016194;154 713 760;C01;1;7;0;2;3;1;1;
24818;202000016194;154 713 761;B01;1;7;0;2;7;1;1;
24819;202000016196;154 713 756;B01;3;37;0;2;1;7;1;5.0
24820;202000016196;154 713 757;A01;3;7;0;2;6;15;1;
24821;202000016197;154 713 754;A01;3;10;0;2;3;13;1;
24822;202000016197;154 713 755;B01;1;7;0;2;3;0;1;
24823;202000016198;154 713 753;A01;1;32;0;0;0;2;1;
24824;202000016199;154 713 751;B01;3;1;0;2;1;1;5;
24825;202000016199;154 713 752;A01;3;10;0;2;5;9;1;
24826;202000016200;154 713 749;A01;2;17;0;2;5;15;0;
24827;202000016200;154 713 750;B01;1;1;0;2;2;5;5;
24828;202000016201;154 713 748;A01;2;7;0;1;1;1;1;
24829;202000016202;154 713 745;A01;2;14;0;2;1;2;1;
24830;202000016202;154 713 746;B01;2;7;0;2;4;2;1;
24831;202000016202;154 713 747;C01;2;7;0;2;4;2;1;
24832;202000016203;154 713 744;A01;0;7;0;1;1;1;1;
24833;202000016204;154 713 743;A01;1;7;1;0;3;14;1;
24834;202000016205;154 713 740;A01;1;7;0;1;2;1;1;
24835;202000016206;154 713 738;B01;2;1;0;2;1;1;5;
24836;202000016206;154 713 739;A01;1;50;0;2;1;5;3;
24837;202000016208;154 713 736;A01;2;7;0;1;2;1;1;
24838;202000016209;154 713 735;A01;1;7;0;1;1;1;1;
24839;202000016211;154 713 732;B01;3;7;0;2;3;26;0;
24840;202000016211;154 713 733;A01;3;60;1;0;1;25;5;
24841;202000016212;154 713 730;A01;1;7;0;9;3;15;1;
24842;202000016212;154 713 731;B01;2;60;0;2;1;1;5;
24843;202000016213;154 713 728;A01;1;7;0;2;2;1;1;
24844;202000016213;154 713 729;B01;2;7;0;2;3;16;1;
24845;202000016214;154 713 726;A01;1;30;0;2;1;2;1;
24846;202000016214;154 713 727;B01;1;7;0;2;6;2;1;
24847;202000016215;154 713 724;A01;1;10;0;2;3;15;1;
24848;202000016215;154 713 725;B01;2;1;0;2;8;15;5;
24849;202000016216;154 713 722;A01;1;7;0;2;1;1;1;
24850;202000016216;154 713 723;B01;3;3;0;2;0;23;1;
24851;202000016218;154 713 718;B01;1;7;0;2;9;1;0;
24852;202000016218;154 713 719;A01;1;31;0;2;9;18;1;
24853;202000016219;154 713 717;A01;1;7;0;1;1;1;1;
24854;202000016220;154 713 715;B01;2;7;0;2;1;1;1;
24855;202000016220;154 713 716;A01;2;1;0;2;1;21;5;
24856;202000016221;154 713 714;Z01;1;7;0;1;3;1;1;
24857;202000016222;154 713 713;A01;2;7;0;1;1;1;1;
24858;202000016223;154 713 711;A01;2;7;0;2;1;16;1;
24859;202000016223;154 713 712;B01;1;1;0;2;1;1;5;
24860;202000016224;154 713 709;A01;2;7;0;2;1;1;1;
24861;202000016224;154 713 710;B01;1;3;0;2;2;15;1;
24862;202000016225;154 713 707;A01;1;10;1;0;1;1;1;
24863;202000016225;154 713 708;C01;2;20;1;0;7;24;1;
24864;202000016226;154 713 705;A01;1;7;0;2;1;1;1;
24865;202000016226;154 713 706;B01;1;1;0;2;2;0;5;
24866;202000016227;154 713 704;A01;3;7;2;0;1;1;1;
24867;202000016228;154 713 703;A01;2;1;0;0;1;13;5;
24868;202000016230;154 713 699;Z01;0;7;0;2;0;2;0;
24869;202000016230;154 713 700;A01;0;7;0;2;4;1;1;
24870;202000016231;154 713 697;B01;2;10;0;2;3;1;1;
24871;202000016231;154 713 698;A01;1;7;0;2;3;13;1;
24872;202000016233;154 713 694;A01;1;33;0;1;1;1;1;
24873;202000016234;154 713 693;A01;1;7;0;1;7;1;1;
24874;202000016235;154 713 692;A01;2;34;0;0;8;1;6;
24875;202000016236;154 713 690;B01;2;1;0;2;5;1;5;
24876;202000016236;154 713 691;C01;2;7;0;2;3;9;1;
24877;202000016239;154 713 685;A01;2;30;0;2;7;17;1;
24878;202000016239;154 713 686;Z01;2;7;0;2;0;1;0;
24879;202000016240;154 713 683;A01;3;2;0;2;1;1;1;
24880;202000016240;154 713 684;B01;3;1;0;2;1;1;5;
24881;202000016241;154 713 680;B01;1;7;0;2;5;23;1;
24882;202000016241;154 713 681;C01;1;10;0;2;6;23;1;
24883;202000016241;154 713 682;A01;1;10;0;2;1;2;1;
24884;202000016242;154 713 678;A01;1;7;0;2;7;19;6;
24885;202000016242;154 713 679;B01;1;2;0;2;1;19;1;
24886;202000016243;154 713 677;A01;1;10;0;1;2;1;1;
24887;202000016244;154 713 675;A01;2;13;0;2;0;0;1;
24888;202000016244;154 713 676;B01;2;34;0;9;4;23;1;
24889;202000016245;154 713 674;A01;3;33;0;0;1;26;1;
24890;202000016246;154 713 672;B01;0;50;1;0;2;25;3;
24891;202000016246;154 713 673;A01;1;7;0;2;2;25;1;