;Num_Acc;id_vehicule;num_veh;senc;catv;obs;obsm;choc;manv;motor;occutc
24892;202000016248;154 713 669;A01;-1;37;0;1;1;2;1;3.0
24893;202000016249;154 713 667;A01;1;10;1;0;5;26;4;
24894;202000016249;154 713 668;B01;2;10;0;0;8;24;4;
24895;202000016250;154 713 665;A01;1;7;0;2;1;1;1;
24896;202000016250;154 713 666;Y01;1;1;0;2;4;1;5;
24897;202000016251;154 713 663;A01;0;31;0;2;1;1;1;
24898;202000016251;154 713 664;B01;0;7;0;2;2;9;1;
24899;202000016252;154 713 661;A01;0;7;0;2;3;15;1;
24900;202000016252;154 713 662;B01;1;34;14;0;2;3;1;
24901;202000016253;154 713 659;B01;1;33;0;2;1;26;1;
24902;202000016253;154 713 660;A01;1;7;0;2;0;26;0;
24903;202000016254;154 713 657;A01;1;10;0;2;2;16;0;
24904;202000016254;154 713 658;B01;1;1;0;2;0;0;0;
24905;202000016255;154 713 653;D01;1;10;0;2;4;0;1;
24906;202000016255;154 713 654;C01;1;10;0;2;1;2;1;
24907;202000016255;154 713 655;B01;1;10;0;2;1;2;1;
24908;202000016255;154 713 656;A01;1;10;0;9;1;2;1;
24909;202000016256;154 713 652;A01;0;7;2;0;2;1;1;
24910;202000016257;154 713 648;D01;1;17;0;2;1;2;1;
24911;202000016257;154 713 649;C01;1;14;1;0;7;1;1;
24912;202000016257;154 713 650;A01;1;16;0;0;0;20;1;
24913;202000016257;154 713 651;E01;1;99;0;0;0;1;6;
24914;202000016258;154 713 646;A01;2;7;0;2;3;11;1;
24915;202000016258;154 713 647;B01;1;7;0;2;3;1;1;
24916;202000016259;154 713 645;A01;1;7;0;1;1;1;1;
24917;202000016260;154 713 641;A01;1;7;0;2;1;2;1;
24918;202000016260;154 713 642;D01;1;7;0;2;4;2;1;
24919;202000016260;154 713 643;C01;1;7;0;2;4;2;1;
24920;202000016260;154 713 644;B01;1;7;0;2;4;2;1;
24921;202000016261;154 713 638;A01;1;7;0;2;4;23;1;
24922;202000016261;154 713 639;C01;1;7;0;2;1;23;1;
24923;202000016261;154 713 640;B01;1;7;0;2;4;23;1;
24924;202000016262;154 713 636;A01;2;10;0;2;7;17;1;
24925;202000016262;154 713 637;B01;2;1;0;2;8;2;6;
24926;202000016263;154 713 634;B01;2;10;0;2;1;1;1;
24927;202000016263;154 713 635;A01;1;2;0;2;1;1;1;
24928;202000016264;154 713 632;B01;2;7;0;2;3;11;1;
24929;202000016264;154 713 633;A01;1;30;0;2;7;1;1;
24930;202000016265;154 713 631;A01;2;10;6;0;1;1;1;
24931;202000016266;154 713 630;A01;1;7;6;0;1;1;1;
24932;202000016267;154 713 629;A01;1;15;16;0;7;14;1;
24933;202000016269;154 713 625;B01;1;7;0;2;1;1;1;
24934;202000016269;154 713 626;A01;2;7;0;2;1;1;1;
24935;202000016270;154 713 624;A01;0;7;1;1;3;4;1;
24936;202000016271;154 713 623;A01;2;7;8;0;1;1;1;
24937;202000016272;154 713 622;A01;2;7;14;1;2;1;1;
24938;202000016273;154 713 620;A01;0;10;0;2;3;19;1;
24939;202000016273;154 713 621;B01;3;1;0;2;3;23;5;
24940;202000016274;154 713 617;A01;1;7;0;1;1;1;1;
24941;202000016275;154 713 615;A01;3;7;0;0;6;23;1;
24942;202000016275;154 713 616;B01;3;7;1;2;2;21;1;
24943;202000016276;154 713 613;A01;0;21;0;9;6;1;0;
24944;202000016276;154 713 614;B01;0;1;0;2;1;13;5;
24945;202000016277;154 713 611;B01;2;33;0;2;1;17;1;
24946;202000016277;154 713 612;A01;2;7;0;2;3;15;1;
24947;202000016278;154 713 610;A01;3;38;2;0;7;1;1;4.0
24948;202000016279;154 713 607;C01;2;15;0;2;1;2;1;
24949;202000016279;154 713 608;B01;1;17;0;2;3;5;1;
24950;202000016279;154 713 609;A01;2;7;0;2;3;5;1;
24951;202000016280;154 713 606;A01;2;7;0;0;0;1;0;
24952;202000016282;154 713 602;A01;1;7;0;2;3;13;1;
24953;202000016282;154 713 603;B01;2;7;0;2;3;1;0;
24954;202000016283;154 713 601;A01;3;7;0;1;3;20;1;
24955;202000016284;154 713 599;A01;3;10;2;2;2;1;1;
24956;202000016284;154 713 600;B01;0;7;0;2;3;26;0;
24957;202000016285;154 713 598;A01;2;7;13;0;1;1;1;
24958;202000016286;154 713 596;B01;1;7;0;2;4;2;1;
24959;202000016286;154 713 597;A01;1;7;0;2;1;2;1;
24960;202000016287;154 713 592;B01;2;10;0;2;4;1;1;
24961;202000016287;154 713 593;A01;2;7;0;2;1;10;1;
24962;202000016287;154 713 594;C01;2;7;0;2;1;1;1;
24963;202000016287;154 713 595;D01;2;7;0;2;1;1;1;
24964;202000016288;154 713 590;A01;2;10;0;2;3;2;1;
24965;202000016288;154 713 591;B01;2;7;0;2;1;2;0;
24966;202000016289;154 713 589;A01;1;10;5;0;1;13;1;
24967;202000016290;154 713 587;B01;2;7;0;2;4;1;1;
24968;202000016290;154 713 588;A01;2;7;0;2;1;1;1;
24969;202000016291;154 713 582;D01;1;7;0;2;1;1;1;
24970;202000016291;154 713 583;E01;1;7;0;2;1;1;1;
24971;202000016291;154 713 584;B01;1;7;0;2;1;1;1;
24972;202000016291;154 713 585;C01;1;7;0;2;1;1;1;
24973;202000016291;154 713 586;A01;1;7;0;2;4;1;1;
24974;202000016293;154 713 579;A01;1;7;0;1;3;1;1;
24975;202000016294;154 713 578;A01;1;7;0;1;4;26;1;
24976;202000016295;154 713 577;A01;0;30;0;1;1;1;1;
24977;202000016296;154 713 575;B01;1;7;0;2;1;21;1;
24978;202000016296;154 713 576;A01;1;7;0;2;9;15;1;
24979;202000016297;154 713 573;A01;1;7;0;2;1;1;1;
24980;202000016297;154 713 574;B01;2;7;0;2;7;1;1;
24981;202000016298;154 713 572;A01;3;7;9;0;2;9;1;
24982;202000016299;154 713 571;A01;2;31;0;0;7;1;0;
24983;202000016300;154 713 569;A01;1;30;0;2;5;17;0;
24984;202000016300;154 713 570;B01;1;7;0;2;8;15;0;
24985;202000016301;154 713 567;B01;1;7;0;2;8;15;1;
24986;202000016301;154 713 568;A01;1;7;0;2;1;17;1;
24987;202000016302;154 713 566;A01;2;10;0;1;5;2;1;
24988;202000016303;154 713 565;A01;2;33;14;0;9;17;1;
24989;202000016304;154 713 564;A01;1;7;0;9;2;13;1;
24990;202000016305;154 713 562;A01;1;7;0;2;3;15;1;
24991;202000016305;154 713 563;B01;1;33;8;2;1;1;1;
24992;202000016306;154 713 558;D01;1;7;0;2;1;1;0;
24993;202000016306;154 713 559;C01;1;7;0;2;6;1;0;
24994;202000016306;154 713 560;B01;1;7;0;2;6;1;0;
24995;202000016306;154 713 561;A01;1;7;0;2;1;26;0;
24996;202000016307;154 713 556;B01;3;7;0;2;7;1;1;
24997;202000016307;154 713 557;A01;2;7;0;2;1;9;1;
24998;202000016308;154 713 554;A01;1;7;0;2;2;15;1;
24999;202000016308;154 713 555;B01;2;1;0;2;1;1;5;
25000;202000016309;154 713 552;B01;0;1;0;2;7;19;0;
25001;202000016309;154 713 553;A01;0;7;0;2;1;16;1;
25002;202000016310;154 713 551;A01;0;7;0;1;1;1;1;
25003;202000016311;154 713 550;A01;0;7;0;0;1;15;1;
25004;202000016313;154 713 547;A01;2;33;0;5;1;1;1;
25005;202000016314;154 713 545;B01;0;80;0;2;6;15;3;
25006;202000016314;154 713 546;A01;0;7;0;2;2;1;1;
25007;202000016315;154 713 544;A01;3;10;0;1;0;1;1;
25008;202000016318;154 713 537;C01;1;7;0;2;8;1;1;
25009;202000016318;154 713 538;B01;1;7;0;2;3;1;1;
25010;202000016318;154 713 539;A01;2;7;4;2;9;6;1;
25011;202000016319;154 713 535;B01;2;30;0;2;1;1;3;
25012;202000016319;154 713 536;A01;2;7;0;2;1;15;1;
25013;202000016321;154 713 531;A01;2;7;0;9;6;20;1;
25014;202000016321;154 713 532;B01;1;1;0;2;1;2;5;
25015;202000016323;154 713 528;A01;1;7;8;0;1;13;1;
25016;202000016324;154 713 527;A01;2;7;0;1;3;15;1;
25017;202000016325;154 713 525;B01;2;7;0;2;3;0;1;
25018;202000016325;154 713 526;A01;1;30;0;2;1;15;1;
25019;202000016326;154 713 523;B01;1;30;0;2;1;1;1;
25020;202000016326;154 713 524;A01;2;7;0;2;1;9;1;
25021;202000016327;154 713 522;A01;3;7;0;1;1;1;1;
25022;202000016328;154 713 521;A01;3;7;0;1;5;1;1;
25023;202000016329;154 713 519;B01;1;7;0;2;4;23;1;
25024;202000016329;154 713 520;A01;1;7;0;2;1;1;1;
25025;202000016330;154 713 517;A01;1;1;0;9;7;1;5;
25026;202000016330;154 713 518;B01;1;1;0;9;3;1;5;
25027;202000016331;154 713 516;A01;1;7;0;1;1;1;1;
25028;202000016332;154 713 514;A01;1;7;0;2;3;1;1;
25029;202000016332;154 713 515;B01;2;2;0;2;1;13;1;
25030;202000016335;154 713 509;A01;2;10;0;1;3;1;1;
25031;202000016336;154 713 507;A01;3;7;0;2;2;2;1;
25032;202000016336;154 713 508;B01;3;7;0;2;1;15;1;
25033;202000016337;154 713 506;A01;1;7;0;1;2;1;1;
25034;202000016338;154 713 504;B01;1;33;0;2;7;1;1;
25035;202000016338;154 713 505;A01;1;7;0;2;6;11;1;
25036;202000016339;154 713 502;B01;0;1;0;2;1;1;0;
25037;202000016339;154 713 503;A01;0;10;0;2;2;13;0;
25038;202000016340;154 713 500;A01;1;7;0;2;2;13;1;
25039;202000016340;154 713 501;B01;1;7;0;2;3;15;1;
25040;202000016341;154 713 498;B01;1;7;0;0;6;15;1;
25041;202000016341;154 713 499;A01;1;2;0;2;6;13;1;
25042;202000016342;154 713 496;B01;3;7;0;2;3;1;1;
25043;202000016342;154 713 497;A01;3;7;0;2;3;1;1;
25044;202000016344;154 713 492;B01;2;7;0;2;2;15;3;
25045;202000016344;154 713 493;A01;2;2;0;2;1;1;1;
25046;202000016345;154 713 490;B01;2;7;0;2;3;1;1;
25047;202000016345;154 713 491;A01;1;7;0;1;3;9;1;
25048;202000016346;154 713 485;A01;3;7;0;1;1;9;1;
25049;202000016347;154 713 484;A01;3;7;0;1;0;26;0;
25050;202000016349;154 713 481;A01;1;7;0;2;4;2;1;
25051;202000016349;154 713 482;B01;1;30;0;2;1;2;1;
25052;202000016350;154 713 478;C01;1;10;0;2;6;24;1;
25053;202000016350;154 713 479;B01;1;30;0;2;8;1;3;
25054;202000016350;154 713 480;A01;1;7;0;2;7;14;1;
25055;202000016351;154 713 476;B01;2;10;0;2;8;15;1;
25056;202000016351;154 713 477;A01;2;31;0;2;7;17;1;
25057;202000016352;154 713 474;A01;1;7;14;2;1;1;1;
25058;202000016352;154 713 475;B01;1;7;0;2;2;1;1;
25059;202000016353;154 713 472;A01;1;10;0;2;2;16;1;
25060;202000016353;154 713 473;B01;1;1;0;2;1;1;5;
25061;202000016354;154 713 470;A01;1;7;0;2;2;15;1;
25062;202000016354;154 713 471;B01;2;31;0;2;1;1;1;
25063;202000016355;154 713 469;A01;2;1;0;2;7;14;5;
25064;202000016356;154 713 468;A01;1;32;0;0;3;1;1;
25065;202000016357;154 713 466;A01;3;33;0;2;3;1;1;
25066;202000016357;154 713 467;B01;0;7;0;2;2;1;1;
25067;202000016358;154 713 464;A01;2;99;15;2;1;1;3;
25068;202000016358;154 713 465;B01;1;1;15;2;1;1;0;
25069;202000016359;154 713 463;A01;2;0;0;1;1;1;0;
25070;202000016360;154 713 461;A01;3;7;0;2;7;16;1;
25071;202000016360;154 713 462;B01;3;34;0;2;8;16;1;
25072;202000016361;154 713 460;A01;1;32;0;0;7;15;1;
25073;202000016362;154 713 458;B01;3;7;0;2;3;1;1;
25074;202000016362;154 713 459;A01;3;7;0;2;1;1;1;
25075;202000016363;154 713 456;A01;2;7;0;2;3;15;1;
25076;202000016363;154 713 457;B01;1;7;0;2;3;1;1;
25077;202000016364;154 713 455;A01;3;2;9;0;1;26;1;
25078;202000016365;154 713 454;A01;1;7;0;1;1;1;0;
25079;202000016366;154 713 451;A01;1;7;0;2;9;0;1;
25080;202000016366;154 713 452;B01;1;7;0;2;6;0;1;
25081;202000016366;154 713 453;C01;1;7;0;2;8;0;1;
25082;202000016367;154 713 450;A01;3;3;2;0;1;26;1;
25083;202000016368;154 713 449;A01;3;32;12;0;1;26;1;
25084;202000016370;154 713 447;A01;1;30;0;1;1;1;1;
25085;202000016371;154 713 445;A01;1;7;0;2;1;1;1;
25086;202000016371;154 713 446;B01;2;34;0;2;3;1;1;
25087;202000016372;154 713 444;A01;0;7;0;1;1;9;1;
25088;202000016373;154 713 443;A01;3;7;14;0;1;1;1;
25089;202000016374;154 713 441;A01;3;30;0;2;1;13;1;
25090;202000016374;154 713 442;B01;3;7;0;2;1;1;1;
25091;202000016375;154 713 439;B01;1;10;0;2;6;23;1;
25092;202000016375;154 713 440;A01;1;32;0;2;2;21;1;
25093;202000016376;154 713 437;B01;2;30;0;2;1;1;1;
25094;202000016376;154 713 438;A01;1;7;0;2;3;9;1;
25095;202000016377;154 713 435;A01;2;30;0;2;1;1;1;
25096;202000016377;154 713 436;B01;1;7;0;2;6;15;1;
25097;202000016378;154 713 433;A01;2;1;0;2;3;1;5;
25098;202000016378;154 713 434;Z01;1;2;0;2;3;15;0;
25099;202000016379;154 713 431;A01;3;30;0;2;7;10;1;
25100;202000016379;154 713 432;B01;2;7;0;2;1;7;1;
25101;202000016380;154 713 428;A01;1;32;0;2;3;17;1;
25102;202000016380;154 713 429;C01;1;10;0;2;5;24;1;
25103;202000016380;154 713 430;B01;1;10;0;2;4;1;1;
25104;202000016381;154 713 427;A01;1;7;0;1;1;9;1;
25105;202000016382;154 713 425;A01;1;7;4;0;4;23;1;
25106;202000016382;154 713 426;B01;1;7;14;0;1;2;1;
25107;202000016383;154 713 424;A01;3;0;0;1;0;0;0;
25108;202000016384;154 713 422;A01;1;10;0;2;1;1;1;
25109;202000016384;154 713 423;B01;2;10;0;2;7;1;1;
25110;202000016385;154 713 420;B01;2;7;0;0;5;16;0;
25111;202000016385;154 713 421;A01;2;80;0;2;3;9;3;
25112;202000016386;154 713 418;B01;1;14;0;2;3;1;1;
25113;202000016386;154 713 419;A01;2;7;0;2;3;13;1;
25114;202000016387;154 713 417;A01;2;7;2;0;1;0;1;
25115;202000016388;154 713 415;B01;1;10;0;2;1;23;1;
25116;202000016388;154 713 416;A01;1;10;0;2;3;1;1;
25117;202000016389;154 713 414;A01;1;7;13;0;2;2;1;
25118;202000016390;154 713 412;A01;1;7;0;2;1;5;1;
25119;202000016390;154 713 413;B01;1;10;0;2;1;1;1;
25120;202000016391;154 713 410;B01;1;7;0;0;2;1;1;
25121;202000016391;154 713 411;A01;2;10;0;0;2;1;1;
25122;202000016393;154 713 408;A01;1;36;7;0;7;1;1;
25123;202000016394;154 713 407;A01;1;7;13;0;2;14;1;
25124;202000016397;154 713 401;A01;3;7;0;1;2;1;1;
25125;202000016398;154 713 399;B01;1;7;0;2;5;1;1;
25126;202000016398;154 713 400;A01;2;2;0;2;2;1;1;
25127;202000016399;154 713 398;A01;2;7;13;0;0;1;1;
25128;202000016400;154 713 395;C01;3;1;0;2;1;1;5;
25129;202000016400;154 713 396;B01;3;1;0;2;1;1;5;
25130;202000016400;154 713 397;A01;3;7;0;2;3;15;1;
25131;202000016401;154 713 394;A01;1;7;6;0;1;1;1;
25132;202000016402;154 713 393;A01;1;15;6;0;1;1;1;
25133;202000016403;154 713 392;A01;2;7;3;0;1;1;1;
25134;202000016404;154 713 390;B01;1;7;0;2;8;1;1;
25135;202000016404;154 713 391;A01;3;7;0;2;1;1;1;
25136;202000016405;154 713 387;A01;1;17;0;0;0;17;1;
25137;202000016405;154 713 388;C01;1;7;0;2;1;1;1;
25138;202000016405;154 713 389;B01;2;7;0;2;7;1;1;
25139;202000016406;154 713 386;A01;0;2;6;0;7;1;0;
25140;202000016407;154 713 385;A01;2;7;2;0;1;14;0;
25141;202000016408;154 713 383;B01;3;1;0;2;2;1;5;
25142;202000016408;154 713 384;A01;3;10;0;2;1;15;1;
25143;202000016409;154 713 382;A01;1;33;1;0;0;1;1;
25144;202000016410;154 713 380;A01;2;7;0;2;1;0;0;
25145;202000016410;154 713 381;B01;1;13;0;2;3;0;0;
25146;202000016411;154 713 377;B01;1;10;0;2;5;2;1;
25147;202000016411;154 713 378;C01;1;10;0;2;6;1;1;
25148;202000016411;154 713 379;A01;1;33;0;2;1;2;1;
25149;202000016412;154 713 376;A01;3;7;0;1;1;15;1;
25150;202000016413;154 713 375;A01;1;7;0;1;3;15;1;
25151;202000016414;154 713 373;B01;2;33;0;2;7;17;1;
25152;202000016414;154 713 374;A01;2;10;0;2;8;11;1;
25153;202000016415;154 713 372;A01;1;33;4;0;0;16;1;
25154;202000016416;154 713 370;B01;3;14;0;2;1;1;0;
25155;202000016416;154 713 371;A01;3;7;0;2;1;13;0;
25156;202000016417;154 713 368;A01;1;7;0;2;1;9;1;
25157;202000016417;154 713 369;B01;3;30;0;2;4;1;1;
25158;202000016418;154 713 366;B01;2;7;0;2;3;1;1;
25159;202000016418;154 713 367;A01;1;30;0;2;1;1;1;
25160;202000016420;154 713 362;B01;1;1;0;2;7;17;0;
25161;202000016420;154 713 363;A01;1;7;0;9;3;2;0;
25162;202000016421;154 713 360;B01;0;7;0;2;8;1;1;
25163;202000016421;154 713 361;A01;0;7;0;2;1;1;1;
25164;202000016422;154 713 358;A01;1;10;3;2;1;17;1;
25165;202000016422;154 713 359;B01;1;7;0;2;8;1;1;
25166;202000016423;154 713 356;A01;0;31;0;2;0;6;1;
25167;202000016423;154 713 357;B01;0;7;0;2;3;1;1;
25168;202000016424;154 713 354;B01;2;33;0;2;1;5;1;
25169;202000016424;154 713 355;A01;1;7;0;2;2;26;1;
25170;202000016425;154 713 352;B01;2;2;0;2;3;1;1;
25171;202000016425;154 713 353;A01;1;7;0;2;2;1;1;
25172;202000016426;154 713 351;A01;3;10;0;9;1;1;1;
25173;202000016427;154 713 349;A01;1;37;0;2;1;1;1;1.0
25174;202000016427;154 713 350;B01;2;31;0;2;1;13;1;
25175;202000016429;154 713 343;A01;1;7;3;0;0;17;1;
25176;202000016430;154 713 341;B01;2;7;0;2;1;1;1;
25177;202000016430;154 713 342;A01;2;7;0;2;3;9;1;
25178;202000016431;154 713 339;B01;3;10;0;2;6;0;0;
25179;202000016431;154 713 340;A01;3;10;0;2;3;0;6;
25180;202000016432;154 713 338;A01;1;10;0;1;4;20;0;
25181;202000016433;154 713 336;A01;1;10;15;2;1;19;1;
25182;202000016433;154 713 337;B01;1;7;0;2;2;19;1;
25183;202000016434;154 713 335;A01;2;7;4;0;3;13;1;
25184;202000016435;154 713 333;B01;3;7;0;2;3;1;1;
25185;202000016435;154 713 334;A01;2;10;0;2;2;17;1;
25186;202000016436;154 713 331;A01;1;10;0;2;1;15;1;
25187;202000016436;154 713 332;B01;2;32;0;2;3;1;1;
25188;202000016437;154 713 329;B01;1;7;0;2;2;1;1;
25189;202000016437;154 713 330;A01;1;1;0;2;1;15;5;
25190;202000016438;154 713 328;A01;3;1;15;0;7;16;5;
25191;202000016439;154 713 327;A01;2;7;0;1;1;9;6;
25192;202000016440;154 713 325;A01;1;7;0;1;0;26;1;
25193;202000016440;154 713 326;Y01;3;-1;0;2;3;25;5;
25194;202000016441;154 713 323;A01;2;30;0;2;1;1;1;
25195;202000016441;154 713 324;B01;2;7;0;0;4;1;1;
25196;202000016442;154 713 320;B01;1;7;0;2;3;17;1;
25197;202000016442;154 713 321;A01;1;7;0;2;1;1;1;
25198;202000016442;154 713 322;C01;1;7;0;2;1;2;1;
25199;202000016443;154 713 318;A01;1;30;0;2;8;13;1;
25200;202000016443;154 713 319;B01;1;7;0;2;2;1;1;
25201;202000016444;154 713 316;B01;3;7;0;9;2;1;1;
25202;202000016444;154 713 317;A01;3;1;0;2;0;26;5;
25203;202000016445;154 713 314;B01;1;7;0;2;3;1;1;
25204;202000016445;154 713 315;A01;2;3;0;2;3;1;1;
25205;202000016446;154 713 312;A01;2;33;0;9;1;1;1;
25206;202000016446;154 713 313;B01;1;15;0;2;6;16;1;
25207;202000016447;154 713 311;A01;3;7;6;0;1;0;1;
25208;202000016448;154 713 310;A01;2;7;2;0;2;14;1;
25209;202000016449;154 713 309;A01;3;7;13;0;3;13;1;
25210;202000016450;154 713 308;A01;2;33;0;0;1;1;1;
25211;202000016451;154 713 306;B01;2;7;0;2;6;1;1;
25212;202000016451;154 713 307;A01;2;34;0;2;5;1;1;
25213;202000016452;154 713 305;A01;0;7;7;0;2;0;0;
25214;202000016453;154 713 304;A01;2;7;2;0;8;1;1;
25215;202000016454;154 713 303;A01;2;7;13;0;9;13;1;
25216;202000016455;154 713 301;B01;2;7;0;2;3;1;1;
25217;202000016455;154 713 302;A01;1;7;0;2;3;13;1;
25218;202000016456;154 713 300;A01;0;7;6;0;1;1;1;
25219;202000016457;154 713 299;A01;2;7;0;1;4;4;1;
25220;202000016459;154 713 295;C01;1;7;13;0;0;26;6;
25221;202000016459;154 713 296;B01;1;7;0;2;2;17;6;
25222;202000016459;154 713 297;A01;1;7;0;0;6;2;6;
25223;202000016460;154 713 294;A01;2;7;2;0;2;1;1;
25224;202000016461;154 713 292;A01;1;21;0;2;3;15;1;
25225;202000016461;154 713 293;B01;1;30;0;2;1;13;0;
25226;202000016462;154 713 291;A01;0;7;13;0;3;1;1;
25227;202000016463;154 713 289;B01;1;33;0;2;8;1;1;
25228;202000016463;154 713 290;A01;2;7;0;2;3;15;1;
25229;202000016464;154 713 288;A01;1;33;0;6;1;1;1;
25230;202000016465;154 713 287;A01;3;7;2;0;3;21;1;
25231;202000016466;154 713 285;B01;1;7;10;2;1;1;1;
25232;202000016466;154 713 286;A01;2;7;0;2;1;13;1;
25233;202000016467;154 713 283;B01;2;1;0;2;7;15;5;
25234;202000016467;154 713 284;A01;2;7;0;2;1;0;1;
25235;202000016468;154 713 282;A01;1;7;0;0;9;14;1;
25236;202000016469;154 713 281;A01;2;10;17;0;1;1;1;
25237;202000016470;154 713 279;A01;1;7;0;9;2;2;0;
25238;202000016470;154 713 280;B01;1;1;0;0;4;2;0;
25239;202000016471;154 713 277;A01;1;7;0;0;6;1;1;
25240;202000016471;154 713 278;B01;2;7;0;2;1;1;1;
25241;202000016472;154 713 275;A01;2;33;0;2;1;17;1;
25242;202000016472;154 713 276;B01;2;7;0;2;3;15;1;
25243;202000016473;154 713 273;B01;2;7;0;0;5;16;1;
25244;202000016473;154 713 274;A01;2;16;0;2;3;2;1;
25245;202000016474;154 713 271;A01;2;7;0;2;2;15;1;
25246;202000016474;154 713 272;B01;1;7;0;2;3;1;1;
25247;202000016475;154 713 269;A01;1;7;0;2;3;26;1;
25248;202000016475;154 713 270;B01;2;10;3;2;3;1;1;
25249;202000016476;154 713 268;A01;3;7;2;0;1;1;1;
25250;202000016477;154 713 267;A01;2;33;0;0;0;17;1;
25251;202000016478;154 713 265;A01;3;14;0;0;0;1;1;
25252;202000016478;154 713 266;B01;0;31;0;0;0;9;1;
25253;202000016479;154 713 262;A01;1;7;0;5;1;1;1;
25254;202000016479;154 713 263;B01;1;7;14;0;1;2;1;
25255;202000016479;154 713 264;C01;1;7;0;2;5;2;1;
25256;202000016480;154 713 259;B01;2;10;0;2;6;1;1;
25257;202000016480;154 713 260;A01;1;10;0;2;2;17;1;
25258;202000016480;154 713 261;C01;1;10;0;0;0;26;1;
25259;202000016481;154 713 258;A01;2;17;3;0;2;1;1;
25260;202000016482;154 713 257;A01;2;7;4;0;2;1;1;
25261;202000016483;154 713 256;A01;2;7;0;0;9;1;1;
25262;202000016484;154 713 254;B01;2;7;0;2;4;2;1;
25263;202000016484;154 713 255;A01;2;10;0;2;1;2;1;
25264;202000016485;154 713 253;A01;2;33;4;0;3;1;1;
25265;202000016486;154 713 249;C01;1;15;0;2;1;2;1;
25266;202000016486;154 713 250;A01;1;7;0;0;4;11;1;
25267;202000016486;154 713 251;B01;1;7;0;0;4;1;1;
25268;202000016486;154 713 252;D01;0;14;0;2;6;2;1;
25269;202000016487;154 713 245;B01;1;1;0;2;7;19;5;
25270;202000016487;154 713 246;A01;1;7;0;2;1;1;1;
25271;202000016488;154 713 244;A01;3;7;0;1;1;19;1;
25272;202000016489;154 713 243;A01;3;50;0;0;1;19;3;
25273;202000016490;154 713 242;A01;1;32;12;0;0;13;1;
25274;202000016491;154 713 241;Z01;1;7;0;1;6;1;2;
25275;202000016492;154 713 240;A01;3;30;0;0;0;1;1;
25276;202000016493;154 713 239;A01;2;7;0;4;2;1;1;
25277;202000016494;154 713 237;B01;2;99;0;2;4;2;1;
25278;202000016494;154 713 238;A01;2;10;0;2;1;2;1;
25279;202000016495;154 713 235;B01;2;7;0;2;6;1;1;
25280;202000016495;154 713 236;A01;1;7;0;2;1;19;1;
25281;202000016496;154 713 234;A01;3;2;2;0;0;1;1;
25282;202000016497;154 713 232;B01;2;7;0;2;3;16;1;
25283;202000016497;154 713 233;A01;2;1;0;2;1;1;5;
25284;202000016498;154 713 231;A01;2;7;2;0;1;1;1;
25285;202000016499;154 713 229;B01;2;7;0;2;1;1;1;
25286;202000016499;154 713 230;A01;2;10;6;1;8;19;1;
25287;202000016500;154 713 228;A01;1;2;12;0;1;14;1;
25288;202000016502;154 713 224;B01;1;7;0;2;1;1;1;
25289;202000016502;154 713 225;A01;1;7;0;2;2;1;1;
25290;202000016503;154 713 223;A01;2;33;7;0;1;13;1;
25291;202000016504;154 713 221;A01;1;7;0;2;7;0;1;
25292;202000016504;154 713 222;B01;1;7;0;2;1;0;1;
25293;202000016505;154 713 220;A01;0;33;0;0;9;9;1;
25294;202000016506;154 713 219;A01;0;7;0;1;1;1;1;
25295;202000016508;154 713 217;A01;3;33;0;0;1;1;1;
25296;202000016509;154 713 215;B01;2;7;0;2;1;1;1;
25297;202000016509;154 713 216;A01;1;7;0;2;2;16;1;
25298;202000016511;154 713 212;A01;2;7;6;0;1;1;1;
25299;202000016512;154 713 210;A01;2;1;0;2;7;19;6;
25300;202000016512;154 713 211;B01;1;7;0;2;3;1;1;
25301;202000016513;154 713 209;A01;2;10;11;0;2;14;1;
25302;202000016514;154 713 208;A01;2;99;0;0;0;25;6;
25303;202000016515;154 713 207;A01;1;33;0;0;8;26;1;
25304;202000016516;154 713 206;A01;3;7;0;1;2;1;1;
25305;202000016518;154 713 202;A01;2;7;2;0;4;1;1;
25306;202000016518;154 713 203;B01;2;10;2;2;1;2;1;
25307;202000016519;154 713 201;A01;3;17;6;0;3;0;1;
25308;202000016521;154 713 198;B01;1;7;0;2;3;1;6;
25309;202000016521;154 713 199;A01;2;7;0;2;1;21;6;
25310;202000016522;154 713 197;A01;2;7;8;0;1;0;6;
25311;202000016523;154 713 195;A01;0;7;13;0;2;18;1;
25312;202000016524;154 713 191;B01;1;2;0;2;3;15;1;
25313;202000016524;154 713 192;A01;2;7;0;2;1;1;1;
25314;202000016525;154 713 190;A01;3;7;3;0;1;1;1;
25315;202000016526;154 713 189;A01;1;7;7;0;0;1;0;
25316;202000016527;154 713 186;C01;3;7;0;0;8;23;6;
25317;202000016527;154 713 187;B01;1;7;0;2;8;1;1;
25318;202000016527;154 713 188;A01;2;7;0;2;1;15;1;
25319;202000016528;154 713 185;A01;1;1;13;0;0;0;6;
25320;202000016529;154 713 183;B01;3;33;0;2;0;1;1;
25321;202000016529;154 713 184;A01;0;7;0;2;2;11;1;
25322;202000016530;154 713 182;A01;2;7;10;0;2;0;1;
25323;202000016531;154 713 181;A01;2;33;0;0;1;1;1;
25324;202000016532;154 713 180;A01;1;2;0;0;9;1;1;