;Num_Acc;id_vehicule;num_veh;senc;catv;obs;obsm;choc;manv;motor;occutc
25325;202000016533;154 713 179;A01;3;7;0;1;1;15;1;
25326;202000016534;154 713 178;A01;0;32;0;0;7;1;1;
25327;202000016535;154 713 177;Z01;0;7;0;1;0;0;0;
25328;202000016536;154 713 175;Z01;3;17;0;2;0;0;1;
25329;202000016536;154 713 176;A01;3;10;0;2;1;19;1;
25330;202000016537;154 713 174;A01;3;7;0;0;0;14;1;
25331;202000016538;154 713 173;A01;2;3;0;1;1;1;1;
25332;202000016539;154 713 171;Z01;1;7;0;2;1;2;0;
25333;202000016539;154 713 172;B01;1;31;0;2;4;1;1;
25334;202000016540;154 713 168;C01;3;7;1;0;7;24;1;
25335;202000016540;154 713 169;B01;1;32;0;2;3;0;1;
25336;202000016540;154 713 170;A01;2;7;0;2;0;0;1;
25337;202000016541;154 713 166;A01;1;7;0;2;7;15;1;
25338;202000016541;154 713 167;B01;2;2;0;2;1;1;1;
25339;202000016542;154 713 164;A01;1;30;0;2;1;26;0;
25340;202000016542;154 713 165;B01;2;7;0;2;2;0;1;
25341;202000016543;154 713 163;A01;2;10;0;1;1;26;1;
25342;202000016545;154 713 160;A01;2;7;0;2;1;26;0;
25343;202000016545;154 713 161;B01;1;7;0;0;0;0;0;
25344;202000016546;154 713 158;B01;3;2;0;2;8;19;1;
25345;202000016546;154 713 159;A01;3;7;0;2;1;1;1;
25346;202000016547;154 713 156;A01;1;34;0;2;1;13;0;
25347;202000016547;154 713 157;B01;2;7;0;2;1;1;0;
25348;202000016548;154 713 154;B01;1;7;0;2;7;15;1;
25349;202000016548;154 713 155;A01;2;7;0;2;1;1;1;
25350;202000016550;154 713 151;A01;3;2;0;2;1;1;1;
25351;202000016550;154 713 152;B01;3;10;0;2;1;1;1;
25352;202000016551;154 713 149;A01;1;10;0;2;1;2;1;
25353;202000016551;154 713 150;B01;1;15;0;0;6;2;1;
25354;202000016552;154 713 147;B01;1;17;0;0;6;1;0;
25355;202000016552;154 713 148;A01;1;10;0;2;2;2;6;
25356;202000016553;154 713 146;A01;2;33;7;0;1;1;0;
25357;202000016554;154 713 144;A01;1;7;0;2;3;1;1;
25358;202000016554;154 713 145;B01;2;1;0;2;1;1;5;
25359;202000016555;154 713 143;A01;1;33;0;0;7;1;1;
25360;202000016556;154 713 142;A01;2;7;2;0;7;13;1;
25361;202000016557;154 713 140;A01;1;3;0;2;3;15;1;
25362;202000016557;154 713 141;B01;1;7;0;2;1;1;1;
25363;202000016559;154 713 136;B01;1;32;0;2;1;3;1;
25364;202000016559;154 713 137;A01;2;7;0;2;3;15;1;
25365;202000016560;154 713 134;B01;3;30;0;2;3;5;1;
25366;202000016560;154 713 135;A01;3;7;0;2;3;15;1;
25367;202000016561;154 713 132;B01;2;7;0;2;5;16;1;
25368;202000016561;154 713 133;A01;2;7;0;2;1;9;0;
25369;202000016562;154 713 131;A01;2;34;12;0;2;14;1;
25370;202000016563;154 713 130;A01;1;7;0;1;1;0;1;
25371;202000016564;154 713 129;A01;3;2;0;0;7;1;1;
25372;202000016565;154 713 127;B01;1;7;0;2;1;1;1;
25373;202000016565;154 713 128;A01;2;7;0;2;1;15;1;
25374;202000016566;154 713 126;A01;2;7;6;0;1;0;1;
25375;202000016567;154 713 124;A01;2;7;0;2;1;19;1;
25376;202000016567;154 713 125;B01;1;30;0;2;1;17;1;
25377;202000016568;154 713 122;A01;1;7;13;0;3;26;1;
25378;202000016571;154 713 117;A01;2;7;2;0;1;1;1;
25379;202000016572;154 713 116;A01;1;10;13;0;1;1;1;
25380;202000016573;154 713 114;B01;2;7;0;2;1;1;1;
25381;202000016573;154 713 115;A01;1;7;0;2;1;1;1;
25382;202000016574;154 713 112;B01;1;7;0;2;1;1;1;
25383;202000016574;154 713 113;A01;2;7;0;2;3;13;1;
25384;202000016575;154 713 111;A01;1;7;1;0;1;1;1;
25385;202000016576;154 713 109;B01;1;7;0;0;4;2;1;
25386;202000016576;154 713 110;A01;1;10;0;2;1;2;1;
25387;202000016577;154 713 108;A01;3;7;2;0;1;1;1;
25388;202000016578;154 713 105;B01;1;7;0;2;1;1;1;
25389;202000016578;154 713 106;A01;2;7;0;2;1;13;1;
25390;202000016579;154 713 102;A01;3;7;13;0;1;1;1;
25391;202000016580;154 713 100;B01;2;7;0;9;2;19;0;
25392;202000016580;154 713 101;A01;2;1;0;2;8;1;0;
25393;202000016581;154 713 098;B01;2;1;0;2;2;12;5;
25394;202000016581;154 713 099;A01;2;7;0;2;8;1;1;
25395;202000016582;154 713 097;A01;1;7;13;0;2;1;1;
25396;202000016583;154 713 096;A01;2;33;8;0;0;1;1;
25397;202000016584;154 713 095;A01;1;2;0;0;7;0;1;
25398;202000016585;154 713 094;A01;3;31;0;0;8;21;1;
25399;202000016587;154 713 090;A01;1;7;15;0;1;2;1;
25400;202000016588;154 713 089;A01;1;7;0;1;1;1;1;
25401;202000016589;154 713 088;A01;2;7;13;0;3;1;1;
25402;202000016590;154 713 086;B01;2;33;0;2;1;2;1;
25403;202000016590;154 713 087;A01;2;7;0;2;4;23;1;
25404;202000016592;154 713 083;A01;2;32;0;5;1;1;1;
25405;202000016594;154 713 078;A01;1;10;0;2;1;1;1;
25406;202000016594;154 713 079;B01;2;7;0;0;4;2;1;
25407;202000016594;154 713 080;C01;2;10;0;2;4;2;1;
25408;202000016594;154 713 081;D01;2;7;0;0;4;2;1;
25409;202000016595;154 713 074;D01;1;7;0;2;0;0;0;
25410;202000016595;154 713 075;B01;1;7;0;2;4;2;1;
25411;202000016595;154 713 076;C01;1;7;0;2;1;2;1;
25412;202000016595;154 713 077;A01;1;7;0;2;3;2;1;
25413;202000016596;154 713 072;B01;2;2;0;0;1;1;0;
25414;202000016596;154 713 073;A01;1;7;0;0;1;15;0;
25415;202000016597;154 713 071;A01;1;10;8;0;1;1;1;
25416;202000016599;154 713 068;A01;2;7;0;2;1;15;0;
25417;202000016599;154 713 069;B01;1;2;0;2;8;1;1;
25418;202000016600;154 713 066;A01;1;7;0;2;3;0;1;
25419;202000016600;154 713 067;B01;2;7;0;2;1;0;0;
25420;202000016601;154 713 065;A01;2;7;2;0;1;1;1;
25421;202000016602;154 713 063;A01;1;2;0;0;4;1;3;
25422;202000016602;154 713 064;B01;1;7;0;2;2;1;1;
25423;202000016603;154 713 061;A01;1;7;0;2;1;5;1;
25424;202000016603;154 713 062;B01;2;7;0;2;3;1;1;
25425;202000016604;154 713 059;A01;1;7;0;2;0;1;1;
25426;202000016604;154 713 060;B01;2;7;0;2;0;1;1;
25427;202000016605;154 713 058;A01;1;7;2;0;1;2;1;
25428;202000016606;154 713 056;B01;1;7;0;0;2;1;1;
25429;202000016606;154 713 057;A01;2;7;0;0;5;15;1;
25430;202000016607;154 713 055;A01;1;7;13;0;1;1;1;
25431;202000016608;154 713 054;A01;1;7;0;1;2;1;6;
25432;202000016609;154 713 045;C01;2;0;0;2;0;1;0;
25433;202000016609;154 713 046;A01;2;17;0;2;5;1;1;
25434;202000016609;154 713 047;B01;2;33;0;2;3;3;1;
25435;202000016610;154 713 043;B01;2;37;0;2;4;23;1;1.0
25436;202000016610;154 713 044;A01;2;7;0;2;1;14;1;
25437;202000016611;154 713 040;C01;1;7;0;2;4;23;1;
25438;202000016611;154 713 041;B01;1;7;0;2;4;23;1;
25439;202000016611;154 713 042;A01;1;7;0;2;1;2;1;
25440;202000016612;154 713 038;B01;1;17;0;2;4;2;1;
25441;202000016612;154 713 039;A01;1;17;0;2;1;2;1;
25442;202000016614;154 713 034;B01;1;34;0;2;3;3;0;
25443;202000016614;154 713 035;A01;1;7;0;2;2;12;1;
25444;202000016615;154 713 032;B01;2;14;0;2;6;2;2;
25445;202000016615;154 713 033;A01;2;7;4;2;3;13;1;
25446;202000016616;154 713 029;C01;1;38;0;2;6;12;1;1.0
25447;202000016616;154 713 030;B01;1;7;0;2;1;1;1;
25448;202000016616;154 713 031;A01;1;7;0;2;1;23;2;
25449;202000016617;154 713 027;A01;2;7;0;2;2;12;1;
25450;202000016617;154 713 028;B01;2;33;0;2;3;3;1;
25451;202000016618;154 713 026;A01;2;32;0;0;9;1;1;
25452;202000016619;154 713 024;B01;2;7;0;2;1;1;0;
25453;202000016619;154 713 025;A01;1;60;0;2;8;1;5;
25454;202000016620;154 713 022;B01;1;7;0;2;7;16;0;
25455;202000016620;154 713 023;A01;1;2;0;2;1;18;1;
25456;202000016621;154 713 021;A01;1;2;0;1;1;1;1;
25457;202000016622;154 713 019;A01;1;7;0;2;4;15;1;
25458;202000016622;154 713 020;B01;1;7;0;2;2;15;1;
25459;202000016623;154 713 016;C01;3;7;0;0;4;2;1;
25460;202000016623;154 713 017;B01;3;7;0;2;1;2;1;
25461;202000016623;154 713 018;A01;3;7;0;2;1;2;1;
25462;202000016624;154 713 014;B01;3;1;0;2;3;2;5;
25463;202000016624;154 713 015;A01;0;7;0;9;2;2;1;
25464;202000016625;154 713 011;C01;2;7;0;2;4;23;1;
25465;202000016625;154 713 012;A01;2;7;0;2;1;1;1;
25466;202000016625;154 713 013;B01;2;7;0;2;4;23;1;
25467;202000016626;154 713 009;B01;1;7;0;2;1;2;1;
25468;202000016626;154 713 010;A01;1;1;0;2;4;15;5;
25469;202000016627;154 713 007;A01;1;7;0;2;2;15;1;
25470;202000016627;154 713 008;B01;2;7;0;2;8;1;1;
25471;202000016628;154 713 005;B01;0;7;0;2;1;1;1;
25472;202000016628;154 713 006;A01;0;7;6;2;1;11;1;
25473;202000016629;154 713 003;A01;1;7;0;2;1;15;1;
25474;202000016629;154 713 004;B01;2;7;0;2;3;1;1;
25475;202000016630;154 713 001;B01;3;2;0;2;1;26;1;
25476;202000016630;154 713 002;A01;2;7;0;2;3;26;1;
25477;202000016631;154 713 000;A01;1;7;2;0;1;1;1;
25478;202000016632;154 712 998;B01;2;2;0;2;8;1;1;
25479;202000016632;154 712 999;A01;2;7;0;2;5;16;1;
25480;202000016633;154 712 994;A01;1;7;0;2;4;23;1;
25481;202000016633;154 712 995;B01;1;7;1;0;1;2;1;
25482;202000016634;154 712 993;A01;1;20;0;1;1;9;1;
25483;202000016635;154 712 992;A01;1;7;2;0;1;17;1;
25484;202000016636;154 712 990;A01;1;7;0;2;8;1;1;
25485;202000016636;154 712 991;B01;2;10;0;2;2;1;1;
25486;202000016637;154 712 988;B01;1;3;0;2;4;2;1;
25487;202000016637;154 712 989;A01;1;7;0;2;1;2;1;
25488;202000016638;154 712 985;C01;1;7;0;2;4;1;0;
25489;202000016638;154 712 986;B01;1;7;0;2;4;1;1;
25490;202000016638;154 712 987;A01;1;7;0;2;2;1;1;
25491;202000016639;154 712 983;B01;2;30;0;2;4;1;1;
25492;202000016639;154 712 984;A01;2;7;0;2;1;26;1;
25493;202000016640;154 712 982;A01;1;2;0;1;1;3;1;
25494;202000016641;154 712 980;A01;2;7;0;2;6;10;1;
25495;202000016641;154 712 981;B01;1;2;0;2;1;1;1;
25496;202000016642;154 712 978;A01;3;7;0;2;1;2;1;
25497;202000016642;154 712 979;B01;3;7;0;2;4;1;1;
25498;202000016643;154 712 977;A01;1;7;0;1;1;17;1;
25499;202000016644;154 712 976;A01;3;7;0;1;3;1;1;
25500;202000016645;154 712 974;B01;2;10;0;2;8;19;1;
25501;202000016645;154 712 975;A01;2;7;0;2;3;1;1;
25502;202000016646;154 712 972;A01;1;7;0;2;1;0;1;
25503;202000016646;154 712 973;B01;1;1;0;2;1;0;5;
25504;202000016647;154 712 971;A01;1;37;0;1;4;0;1;1.0
25505;202000016648;154 712 970;A01;1;7;8;0;5;14;1;
25506;202000016649;154 712 969;A01;1;7;0;1;3;17;0;
25507;202000016651;154 712 966;B01;1;33;0;0;8;1;1;
25508;202000016651;154 712 967;A01;1;10;0;2;7;14;1;
25509;202000016652;154 712 964;B01;3;1;0;2;6;16;5;
25510;202000016652;154 712 965;A01;3;7;0;2;1;19;1;
25511;202000016653;154 712 963;A01;2;7;0;1;1;1;1;
25512;202000016654;154 712 962;A01;1;40;0;1;2;1;3;
25513;202000016655;154 712 961;A01;1;31;0;1;1;1;1;
25514;202000016656;154 712 959;A01;1;7;0;9;2;16;1;
25515;202000016656;154 712 960;B01;1;1;0;2;1;1;5;
25516;202000016657;154 712 957;A01;1;7;0;9;1;1;1;
25517;202000016657;154 712 958;B01;1;1;0;2;4;1;5;
25518;202000016658;154 712 956;A01;1;7;2;0;1;14;1;
25519;202000016659;154 712 954;B01;2;13;0;2;5;9;1;
25520;202000016659;154 712 955;A01;2;7;0;2;1;9;1;
25521;202000016660;154 712 952;A01;3;7;0;9;1;9;1;
25522;202000016660;154 712 953;B01;0;1;0;0;0;0;0;
25523;202000016661;154 712 949;A01;0;7;0;2;1;1;1;
25524;202000016661;154 712 950;B01;2;7;0;2;8;15;1;
25525;202000016661;154 712 951;C01;2;33;0;2;1;2;1;
25526;202000016662;154 712 947;A01;2;7;0;2;2;16;1;
25527;202000016662;154 712 948;B01;1;7;0;2;1;1;1;
25528;202000016663;154 712 945;A01;0;7;0;2;1;15;1;
25529;202000016663;154 712 946;B01;0;7;0;2;1;1;1;
25530;202000016665;154 712 942;A01;0;7;8;0;2;1;1;
25531;202000016666;154 712 940;A01;2;7;0;2;1;15;1;
25532;202000016666;154 712 941;B01;1;7;0;2;1;1;1;
25533;202000016667;154 712 939;A01;2;32;0;0;1;1;1;
25534;202000016668;154 712 937;B01;1;33;0;2;3;26;1;
25535;202000016668;154 712 938;A01;1;7;0;2;1;15;1;
25536;202000016669;154 712 936;A01;3;30;0;0;3;1;1;
25537;202000016670;154 712 934;B01;1;31;0;2;1;1;1;
25538;202000016670;154 712 935;A01;0;7;0;2;3;15;1;
25539;202000016671;154 712 932;B01;3;30;0;2;0;1;1;
25540;202000016671;154 712 933;A01;0;13;0;2;0;1;1;
25541;202000016672;154 712 930;B01;2;10;0;2;7;1;1;
25542;202000016672;154 712 931;A01;2;10;14;2;2;13;1;
25543;202000016673;154 712 929;A01;1;7;1;0;2;14;1;
25544;202000016674;154 712 928;A01;1;7;0;1;1;26;1;
25545;202000016675;154 712 926;B01;3;7;12;0;6;23;0;
25546;202000016675;154 712 927;A01;3;7;16;0;2;2;1;
25547;202000016676;154 712 924;B01;1;34;0;2;7;1;1;
25548;202000016676;154 712 925;A01;1;7;0;2;1;1;1;
25549;202000016678;154 712 921;A01;1;7;0;0;1;1;1;
25550;202000016679;154 712 919;A01;1;7;0;2;2;1;1;
25551;202000016679;154 712 920;B01;1;43;0;2;3;23;1;
25552;202000016680;154 712 918;A01;2;7;6;0;2;14;1;
25553;202000016681;154 712 914;C01;2;7;0;2;4;23;1;
25554;202000016681;154 712 915;A01;2;7;0;2;1;1;1;
25555;202000016681;154 712 916;B01;2;7;0;2;4;23;1;
25556;202000016681;154 712 917;D01;2;7;0;2;4;23;1;
25557;202000016682;154 712 913;A01;2;7;0;1;2;0;1;
25558;202000016684;154 712 909;A01;1;33;0;2;1;2;1;
25559;202000016684;154 712 910;B01;1;7;0;2;5;2;1;
25560;202000016685;154 712 907;A01;2;31;0;2;5;3;1;
25561;202000016685;154 712 908;Z01;2;33;0;2;0;3;0;
25562;202000016686;154 712 905;A01;2;7;0;2;3;15;1;
25563;202000016686;154 712 906;B01;1;33;0;1;1;1;1;
25564;202000016687;154 712 903;B01;1;32;0;2;7;17;1;
25565;202000016687;154 712 904;A01;1;7;0;2;3;15;1;
25566;202000016688;154 712 902;A01;1;30;14;0;8;13;1;
25567;202000016689;154 712 900;B01;1;1;0;2;4;2;5;
25568;202000016689;154 712 901;A01;1;7;0;2;1;2;1;
25569;202000016690;154 712 899;A01;1;7;0;1;4;4;1;
25570;202000016691;154 712 897;A01;2;30;0;2;1;2;1;
25571;202000016691;154 712 898;B01;2;7;0;2;6;23;1;
25572;202000016692;154 712 893;A01;2;30;0;2;3;18;1;
25573;202000016692;154 712 894;B01;2;10;0;2;2;1;1;
25574;202000016693;154 712 892;A01;1;34;0;1;1;17;1;
25575;202000016694;154 712 890;B01;2;7;0;2;6;23;2;
25576;202000016694;154 712 891;A01;2;1;0;2;1;2;5;
25577;202000016696;154 712 886;A01;2;7;0;2;2;1;2;
25578;202000016696;154 712 887;B01;1;50;0;2;1;19;3;
25579;202000016697;154 712 885;A01;1;7;0;1;3;20;1;
25580;202000016698;154 712 883;A01;2;1;0;2;5;1;5;
25581;202000016698;154 712 884;B01;2;7;0;2;2;1;1;
25582;202000016699;154 712 882;A01;1;1;0;1;1;1;5;
25583;202000016700;154 712 880;B01;1;7;0;2;2;1;2;
25584;202000016700;154 712 881;A01;1;10;0;2;3;9;1;
25585;202000016701;154 712 878;B01;2;1;0;2;1;1;5;
25586;202000016701;154 712 879;A01;2;10;0;2;6;4;1;
25587;202000016702;154 712 877;A01;2;43;0;1;1;7;1;
25588;202000016703;154 712 875;B01;1;1;0;2;3;13;5;
25589;202000016703;154 712 876;A01;1;31;0;2;2;1;1;
25590;202000016704;154 712 873;B01;2;1;0;2;8;1;5;
25591;202000016704;154 712 874;A01;1;7;0;2;1;19;1;
25592;202000016705;154 712 871;A01;1;7;0;2;7;15;1;
25593;202000016705;154 712 872;B01;2;2;0;2;1;2;1;
25594;202000016707;154 712 868;A01;3;1;0;1;1;1;5;
25595;202000016708;154 712 867;A01;1;7;0;1;3;1;1;
25596;202000016709;154 712 865;B01;3;10;0;2;1;1;1;
25597;202000016709;154 712 866;A01;3;7;0;2;7;21;1;
25598;202000016710;154 712 863;A01;3;7;0;2;1;2;1;
25599;202000016710;154 712 864;B01;3;7;0;2;4;2;1;
25600;202000016711;154 712 862;A01;3;7;0;1;2;1;0;
25601;202000016712;154 712 861;A01;2;7;0;1;5;26;6;
25602;202000016714;154 712 857;A01;1;7;0;1;3;1;1;
25603;202000016715;154 712 855;B01;3;2;0;2;1;1;1;
25604;202000016715;154 712 856;A01;3;7;0;2;2;10;1;
25605;202000016716;154 712 853;B01;1;7;0;2;1;1;1;
25606;202000016716;154 712 854;A01;2;7;0;2;2;15;3;
25607;202000016718;154 712 851;A01;2;30;1;1;1;1;1;
25608;202000016719;154 712 849;B01;2;7;0;2;1;1;1;
25609;202000016719;154 712 850;A01;2;30;0;2;7;2;0;
25610;202000016720;154 712 847;A01;2;32;0;2;0;0;1;
25611;202000016720;154 712 848;B01;1;7;0;2;1;1;1;
25612;202000016721;154 712 846;A01;1;7;9;0;1;15;1;
25613;202000016722;154 712 845;A01;2;7;0;1;3;1;1;
25614;202000016723;154 712 843;A01;0;7;0;2;3;13;1;
25615;202000016723;154 712 844;B01;3;7;0;2;3;1;1;
25616;202000016724;154 712 841;B01;2;7;0;2;3;19;1;
25617;202000016724;154 712 842;A01;2;7;0;2;6;1;1;
25618;202000016725;154 712 839;B01;1;10;0;2;7;1;1;
25619;202000016725;154 712 840;A01;2;7;0;2;2;13;1;
25620;202000016726;154 712 837;B01;2;7;0;2;2;1;1;
25621;202000016726;154 712 838;A01;1;7;0;2;1;1;1;
25622;202000016727;154 712 835;B01;2;2;0;2;1;1;1;
25623;202000016727;154 712 836;A01;0;7;0;2;2;19;1;
25624;202000016728;154 712 833;B01;2;15;0;2;1;1;0;
25625;202000016728;154 712 834;A01;1;7;0;2;1;13;0;
25626;202000016729;154 712 830;C01;1;10;0;2;8;23;1;
25627;202000016729;154 712 831;B01;1;7;0;2;1;1;1;
25628;202000016729;154 712 832;A01;2;7;0;2;1;15;1;
25629;202000016730;154 712 828;A01;1;7;0;2;1;1;1;
25630;202000016730;154 712 829;B01;1;7;0;2;4;16;1;
25631;202000016731;154 712 827;A01;1;7;16;9;1;13;0;
25632;202000016732;154 712 825;A01;1;7;0;2;8;9;1;
25633;202000016732;154 712 826;B01;2;30;0;2;3;21;1;
25634;202000016733;154 712 824;A01;1;7;0;1;2;1;1;
25635;202000016734;154 712 823;A01;1;7;2;0;1;1;1;
25636;202000016736;154 712 820;B01;1;2;13;2;3;21;1;
25637;202000016736;154 712 821;A01;2;7;0;2;3;17;1;
25638;202000016737;154 712 819;A01;2;7;2;0;1;1;1;
25639;202000016738;154 712 816;A01;1;33;0;2;1;1;1;
25640;202000016738;154 712 817;C01;2;7;0;2;3;1;1;
25641;202000016738;154 712 818;B01;2;7;0;2;7;15;1;
25642;202000016739;154 712 815;A01;2;7;15;0;1;13;1;
25643;202000016740;154 712 812;A01;2;7;0;2;1;13;0;
25644;202000016740;154 712 813;C01;1;7;0;2;8;1;0;
25645;202000016740;154 712 814;B01;1;7;0;2;0;1;0;
25646;202000016741;154 712 810;A01;2;17;0;1;1;23;1;
25647;202000016741;154 712 811;B01;1;7;7;0;8;23;1;
25648;202000016743;154 712 803;B01;2;7;0;0;3;15;1;
25649;202000016743;154 712 804;A01;2;7;0;2;2;17;1;
25650;202000016744;154 712 801;A01;2;7;1;0;7;15;1;
25651;202000016744;154 712 802;B01;0;7;0;1;8;24;1;
25652;202000016745;154 712 800;A01;1;7;3;0;1;1;1;
25653;202000016746;154 712 798;A01;1;2;0;2;1;1;1;
25654;202000016746;154 712 799;B01;3;7;0;2;3;19;1;
25655;202000016747;154 712 795;B01;1;7;0;2;5;23;1;
25656;202000016747;154 712 796;A01;1;10;0;2;3;2;1;
25657;202000016748;154 712 793;B01;2;7;0;2;5;1;1;
25658;202000016748;154 712 794;A01;2;7;0;2;4;2;1;
25659;202000016749;154 712 791;A01;1;15;1;0;2;1;1;
25660;202000016749;154 712 792;B01;1;7;0;2;4;2;1;
25661;202000016751;154 712 787;A01;2;15;0;2;1;1;1;
25662;202000016751;154 712 788;B01;1;10;0;2;1;13;1;
25663;202000016752;154 712 785;B01;1;7;0;2;1;1;1;
25664;202000016752;154 712 786;A01;1;7;0;0;4;1;1;
25665;202000016753;154 712 783;B01;2;7;0;2;3;1;1;
25666;202000016753;154 712 784;A01;1;7;0;2;8;11;1;
25667;202000016754;154 712 781;A01;0;7;0;2;3;17;1;
25668;202000016754;154 712 782;B01;0;7;0;2;5;9;1;
25669;202000016755;154 712 779;B01;2;7;0;2;4;2;1;
25670;202000016755;154 712 780;A01;2;33;0;2;1;2;1;
25671;202000016756;154 712 778;A01;3;7;2;0;8;1;1;
25672;202000016757;154 712 776;B01;1;7;0;2;3;15;1;
25673;202000016757;154 712 777;A01;2;33;0;2;1;1;1;
25674;202000016758;154 712 774;A01;0;7;0;2;8;19;1;
25675;202000016758;154 712 775;B01;2;2;0;2;1;1;1;
25676;202000016759;154 712 773;A01;2;10;13;0;1;0;1;
25677;202000016760;154 712 770;A01;2;33;0;2;1;21;1;
25678;202000016760;154 712 771;B01;2;1;0;2;4;11;5;
25679;202000016760;154 712 772;C01;1;1;0;2;1;11;5;
25680;202000016761;154 712 767;C01;2;33;0;2;1;1;1;
25681;202000016761;154 712 768;A01;1;7;0;2;3;13;1;
25682;202000016761;154 712 769;B01;2;7;0;2;6;1;1;
25683;202000016762;154 712 766;A01;1;7;2;0;3;13;1;
25684;202000016763;154 712 764;B01;1;7;0;2;8;1;1;
25685;202000016763;154 712 765;A01;1;7;0;2;2;17;1;
25686;202000016764;154 712 762;A01;2;34;0;1;7;1;1;
25687;202000016765;154 712 760;B01;2;7;13;2;1;5;1;
25688;202000016765;154 712 761;A01;2;7;0;2;3;1;1;
25689;202000016766;154 712 759;A01;1;7;2;0;2;1;0;
25690;202000016767;154 712 758;A01;1;7;14;0;3;1;6;
25691;202000016770;154 712 752;A01;2;7;3;0;1;14;1;
25692;202000016771;154 712 751;A01;2;7;4;0;7;14;1;
25693;202000016772;154 712 750;A01;1;7;4;0;1;14;1;
25694;202000016773;154 712 749;A01;2;7;4;0;1;2;1;
25695;202000016774;154 712 748;A01;0;7;0;1;3;0;1;
25696;202000016775;154 712 746;B01;2;7;0;2;3;1;1;
25697;202000016775;154 712 747;A01;2;7;0;2;1;15;1;
25698;202000016776;154 712 745;A01;1;1;0;9;1;26;5;
25699;202000016777;154 712 743;B01;2;99;13;2;2;1;0;
25700;202000016777;154 712 744;A01;1;7;16;0;1;15;0;
25701;202000016778;154 712 742;A01;3;7;0;1;2;25;1;
25702;202000016779;154 712 740;A01;1;7;0;2;2;15;1;
25703;202000016779;154 712 741;B01;2;31;0;2;1;1;1;
25704;202000016781;154 712 733;A01;1;7;4;0;8;1;1;
25705;202000016781;154 712 734;C01;1;7;16;2;1;1;1;
25706;202000016781;154 712 735;B01;1;7;16;0;6;1;1;
25707;202000016782;154 712 732;A01;1;7;0;1;8;1;1;
25708;202000016783;154 712 730;A01;2;33;0;2;7;17;1;
25709;202000016783;154 712 731;B01;2;10;0;2;8;15;1;
25710;202000016784;154 712 729;A01;0;7;9;1;0;26;0;
25711;202000016785;154 712 727;B01;1;10;0;9;2;16;1;
25712;202000016785;154 712 728;A01;1;50;0;2;2;5;3;
25713;202000016786;154 712 726;A01;2;7;0;1;3;15;1;
25714;202000016787;154 712 722;A01;2;7;0;2;4;26;1;
25715;202000016787;154 712 723;B01;2;10;0;2;1;2;1;
25716;202000016787;154 712 724;C01;2;7;0;2;1;2;1;
25717;202000016787;154 712 725;D01;2;7;0;2;1;2;1;
25718;202000016788;154 712 720;B01;1;30;0;2;0;1;1;
25719;202000016788;154 712 721;A01;2;7;0;2;0;1;1;
25720;202000016789;154 712 719;A01;3;7;0;1;3;15;1;
25721;202000016790;154 712 717;A01;0;1;0;2;1;9;5;
25722;202000016790;154 712 718;B01;0;7;0;2;2;1;1;
25723;202000016791;154 712 716;A01;0;7;0;1;3;1;1;
25724;202000016792;154 712 713;A01;3;7;0;2;2;13;1;
25725;202000016792;154 712 714;B01;3;7;0;2;1;1;1;
25726;202000016792;154 712 715;C01;3;7;0;2;1;1;1;
25727;202000016793;154 712 711;B01;2;7;0;2;1;1;1;
25728;202000016793;154 712 712;A01;1;7;0;2;7;15;1;
25729;202000016795;154 712 708;A01;2;30;11;0;8;21;1;
25730;202000016796;154 712 706;B01;2;7;0;2;3;1;1;
25731;202000016796;154 712 707;A01;1;7;0;2;3;15;1;
25732;202000016797;154 712 705;A01;1;10;0;1;4;4;1;
25733;202000016798;154 712 703;B01;3;7;0;2;3;1;1;
25734;202000016798;154 712 704;A01;3;34;0;2;1;1;1;
25735;202000016799;154 712 701;A01;1;7;0;2;1;19;0;
25736;202000016799;154 712 702;B01;1;7;0;2;7;1;1;
25737;202000016802;154 712 696;A01;0;7;0;1;1;1;1;
25738;202000016803;154 712 695;A01;0;7;9;0;1;1;1;
25739;202000016804;154 712 694;A01;1;7;0;1;2;16;1;
25740;202000016805;154 712 693;A01;3;7;2;0;1;15;1;
25741;202000016806;154 712 691;A01;2;7;0;0;1;13;1;
25742;202000016807;154 712 689;A01;2;7;0;2;1;2;1;
25743;202000016807;154 712 690;B01;2;7;0;2;4;2;1;
25744;202000016808;154 712 688;A01;2;33;15;0;8;1;1;
25745;202000016809;154 712 686;A01;3;7;1;0;2;1;1;
25746;202000016809;154 712 687;B01;3;7;0;2;2;24;1;
25747;202000016810;154 712 684;B01;2;30;0;2;7;14;1;
25748;202000016810;154 712 685;A01;2;33;0;2;1;1;1;
25749;202000016811;154 712 682;B01;3;7;0;2;8;19;1;
25750;202000016811;154 712 683;A01;0;7;0;2;1;1;1;
25751;202000016812;154 712 680;B01;1;10;0;2;3;5;1;
25752;202000016812;154 712 681;A01;1;7;0;2;3;9;1;
25753;202000016813;154 712 679;A01;1;7;0;1;7;1;1;
25754;202000016814;154 712 677;A01;2;7;0;2;2;15;1;
25755;202000016814;154 712 678;B01;1;99;8;2;1;1;1;
25756;202000016816;154 712 673;A01;1;1;0;2;0;1;5;
25757;202000016816;154 712 674;Z01;2;7;0;2;0;15;1;