;Num_Acc;id_vehicule;num_veh;senc;catv;obs;obsm;choc;manv;motor;occutc
25758;202000016817;154 712 671;B01;1;7;0;2;3;1;1;
25759;202000016817;154 712 672;A01;1;2;0;2;1;9;1;
25760;202000016818;154 712 670;A01;1;7;0;0;9;1;1;
25761;202000016820;154 712 666;B01;1;31;0;2;2;1;1;
25762;202000016820;154 712 667;A01;1;7;0;2;8;26;1;
25763;202000016821;154 712 664;B01;3;7;0;0;0;0;1;
25764;202000016821;154 712 665;A01;3;33;0;0;0;0;1;
25765;202000016822;154 712 663;A01;1;30;0;1;2;1;1;
25766;202000016824;154 712 656;A01;2;7;0;1;1;1;1;
25767;202000016825;154 712 655;A01;1;32;0;0;0;1;1;
25768;202000016826;154 712 652;B01;2;7;0;2;4;1;1;
25769;202000016826;154 712 653;C01;2;7;0;2;4;1;1;
25770;202000016826;154 712 654;A01;2;10;0;2;1;2;1;
25771;202000016827;154 712 651;A01;1;7;1;0;2;2;1;
25772;202000016828;154 712 649;A01;2;31;0;2;1;5;0;
25773;202000016828;154 712 650;B01;1;7;0;2;8;2;1;
25774;202000016829;154 712 647;B01;2;1;0;2;8;25;5;
25775;202000016829;154 712 648;A01;2;7;0;2;1;15;1;
25776;202000016831;154 712 645;A01;1;30;0;0;0;1;1;
25777;202000016832;154 712 643;A01;1;7;0;2;2;0;1;
25778;202000016832;154 712 644;B01;1;2;0;2;7;0;1;
25779;202000016833;154 712 640;C01;1;7;0;2;4;2;1;
25780;202000016833;154 712 641;B01;1;7;0;2;4;2;1;
25781;202000016833;154 712 642;A01;1;7;0;2;1;2;1;
25782;202000016834;154 712 638;A01;1;7;0;2;1;19;1;
25783;202000016834;154 712 639;B01;1;7;0;2;2;17;1;
25784;202000016835;154 712 637;A01;0;2;0;0;0;15;1;
25785;202000016836;154 712 635;B01;1;7;15;0;2;1;1;
25786;202000016836;154 712 636;A01;1;7;0;2;1;1;1;
25787;202000016837;154 712 632;A01;2;7;5;2;1;5;1;
25788;202000016837;154 712 633;C01;1;7;0;2;1;1;1;
25789;202000016837;154 712 634;B01;1;7;3;2;9;1;1;
25790;202000016838;154 712 629;A01;2;7;0;2;2;19;1;
25791;202000016838;154 712 630;C01;2;7;0;2;8;1;1;
25792;202000016838;154 712 631;B01;1;31;0;2;1;1;1;
25793;202000016839;154 712 627;B01;1;33;0;2;1;1;1;
25794;202000016839;154 712 628;A01;1;7;0;2;3;11;1;
25795;202000016840;154 712 625;A01;2;7;0;2;1;9;1;
25796;202000016840;154 712 626;B01;2;1;0;2;7;1;5;
25797;202000016844;154 712 619;B01;1;1;0;2;8;1;5;
25798;202000016844;154 712 620;A01;1;7;0;2;7;15;1;
25799;202000016845;154 712 618;A01;2;7;0;1;1;1;1;
25800;202000016846;154 712 616;B01;2;34;0;2;4;23;1;
25801;202000016846;154 712 617;A01;2;30;0;2;1;26;1;
25802;202000016847;154 712 615;Z01;0;7;0;1;2;1;0;
25803;202000016849;154 712 611;B01;2;33;0;2;1;16;1;
25804;202000016849;154 712 612;A01;1;30;0;2;1;1;1;
25805;202000016850;154 712 609;A01;3;7;0;2;1;5;1;
25806;202000016850;154 712 610;B01;3;7;0;2;1;1;1;
25807;202000016851;154 712 608;A01;0;7;0;1;2;19;0;
25808;202000016852;154 712 606;A01;1;7;0;2;1;9;0;
25809;202000016852;154 712 607;B01;1;7;0;2;2;26;0;
25810;202000016853;154 712 604;B01;2;7;0;2;8;15;1;
25811;202000016853;154 712 605;A01;2;33;0;2;2;17;1;
25812;202000016854;154 712 602;A01;1;1;0;2;3;11;5;
25813;202000016854;154 712 603;B01;1;7;0;2;1;26;1;
25814;202000016855;154 712 600;A01;3;7;0;2;2;1;1;
25815;202000016855;154 712 601;B01;3;7;0;2;3;1;1;
25816;202000016856;154 712 598;A01;0;14;0;2;2;1;1;
25817;202000016856;154 712 599;B01;0;32;0;2;4;23;1;
25818;202000016857;154 712 596;A01;1;14;0;2;0;26;0;
25819;202000016857;154 712 597;B01;1;31;0;0;0;0;0;
25820;202000016858;154 712 594;Z01;0;7;0;2;1;10;0;
25821;202000016858;154 712 595;B01;1;2;0;2;1;1;1;
25822;202000016859;154 712 592;B01;2;30;0;2;7;1;1;
25823;202000016859;154 712 593;A01;2;32;0;2;1;15;1;
25824;202000016860;154 712 589;A01;1;33;0;2;2;17;1;
25825;202000016860;154 712 590;C01;1;33;0;2;2;17;1;
25826;202000016860;154 712 591;B01;1;7;0;2;6;23;1;
25827;202000016861;154 712 587;B01;2;1;0;2;1;1;5;
25828;202000016861;154 712 588;A01;2;10;0;2;4;23;1;
25829;202000016862;154 712 586;A01;1;37;1;0;2;14;1;1.0
25830;202000016864;154 712 583;A01;2;1;0;2;8;1;5;
25831;202000016864;154 712 584;B01;2;7;0;2;8;9;2;
25832;202000016866;154 712 579;Z01;2;7;0;2;7;14;0;
25833;202000016866;154 712 580;A01;2;33;0;2;8;1;1;
25834;202000016867;154 712 577;A01;3;1;0;2;1;1;5;
25835;202000016867;154 712 578;B01;1;7;0;2;3;9;1;
25836;202000016868;154 712 575;A01;1;10;0;2;1;1;1;
25837;202000016868;154 712 576;B01;1;33;0;2;4;23;1;
25838;202000016870;154 712 573;A01;2;50;0;0;1;1;3;
25839;202000016871;154 712 571;B01;1;1;0;2;3;15;5;
25840;202000016871;154 712 572;A01;1;33;0;2;2;1;1;
25841;202000016873;154 712 567;B01;1;33;0;2;1;1;1;
25842;202000016873;154 712 568;A01;1;10;0;2;0;0;0;
25843;202000016874;154 712 565;A01;2;10;15;0;2;15;1;
25844;202000016874;154 712 566;B01;1;50;9;0;1;1;3;
25845;202000016875;154 712 563;A01;2;7;0;2;1;15;0;
25846;202000016875;154 712 564;B01;2;2;1;2;7;1;1;
25847;202000016876;154 712 561;B01;1;7;0;2;1;16;1;
25848;202000016876;154 712 562;A01;1;7;0;2;1;1;1;
25849;202000016877;154 712 559;B01;1;99;0;2;0;0;0;
25850;202000016877;154 712 560;A01;1;31;0;2;0;26;1;
25851;202000016878;154 712 557;B01;1;7;0;2;4;23;1;
25852;202000016878;154 712 558;A01;1;7;1;0;1;2;1;
25853;202000016879;154 712 556;A01;2;7;1;0;3;1;1;
25854;202000016880;154 712 554;A01;2;7;0;2;3;15;1;
25855;202000016880;154 712 555;B01;1;30;0;2;8;1;1;
25856;202000016882;154 712 550;A01;1;10;0;2;8;10;1;
25857;202000016882;154 712 551;B01;1;33;0;2;1;2;1;
25858;202000016883;154 712 548;A01;3;1;0;2;1;1;5;
25859;202000016883;154 712 549;B01;3;7;0;9;4;23;1;
25860;202000016884;154 712 547;A01;2;7;0;1;1;1;1;
25861;202000016885;154 712 546;A01;3;7;0;1;4;20;1;
25862;202000016886;154 712 544;B01;3;33;0;2;8;1;0;
25863;202000016886;154 712 545;A01;2;7;0;2;2;0;0;
25864;202000016887;154 712 543;A01;-1;7;6;0;3;1;1;
25865;202000016888;154 712 541;B01;2;33;0;2;1;1;1;
25866;202000016888;154 712 542;A01;2;7;0;2;3;11;1;
25867;202000016889;154 712 538;A01;0;32;0;0;1;11;0;
25868;202000016890;154 712 536;A01;2;33;0;2;1;17;1;
25869;202000016890;154 712 537;B01;2;21;0;0;6;15;1;
25870;202000016892;154 712 532;B01;2;2;7;2;7;17;1;
25871;202000016892;154 712 533;A01;2;7;0;2;3;15;1;
25872;202000016893;154 712 530;B01;2;7;0;2;2;21;1;
25873;202000016893;154 712 531;A01;1;7;0;2;7;15;1;
25874;202000016894;154 712 529;A01;1;7;6;0;1;1;1;
25875;202000016895;154 712 527;B01;1;31;0;2;7;17;0;
25876;202000016895;154 712 528;A01;1;7;0;2;8;17;0;
25877;202000016896;154 712 526;A01;2;33;0;0;7;1;1;
25878;202000016897;154 712 524;A01;1;7;8;1;4;26;1;
25879;202000016897;154 712 525;B01;1;7;15;1;4;24;1;
25880;202000016898;154 712 522;B01;2;7;0;2;1;1;1;
25881;202000016898;154 712 523;A01;2;7;0;0;7;19;1;
25882;202000016899;154 712 519;A01;2;7;0;2;1;26;1;
25883;202000016899;154 712 520;B01;1;7;0;2;1;0;1;
25884;202000016899;154 712 521;C01;2;10;0;2;8;0;1;
25885;202000016900;154 712 518;A01;2;7;0;1;3;1;1;
25886;202000016901;154 712 516;A01;1;7;0;0;7;1;1;
25887;202000016901;154 712 517;B01;1;7;0;0;1;16;1;
25888;202000016902;154 712 515;A01;1;17;6;0;7;0;0;
25889;202000016903;154 712 513;A01;1;7;0;9;2;11;0;
25890;202000016903;154 712 514;B01;1;1;0;2;3;11;5;
25891;202000016904;154 712 512;A01;1;33;0;0;9;1;0;
25892;202000016905;154 712 511;A01;1;7;13;0;0;14;1;
25893;202000016906;154 712 510;A01;3;1;0;0;7;1;5;
25894;202000016907;154 712 508;B01;2;1;0;2;2;1;5;
25895;202000016907;154 712 509;A01;2;7;0;2;3;9;1;
25896;202000016908;154 712 507;A01;1;32;12;0;2;1;1;
25897;202000016909;154 712 506;A01;3;36;15;0;0;1;1;
25898;202000016910;154 712 505;A01;1;10;2;0;2;2;1;
25899;202000016911;154 712 504;A01;2;2;2;0;1;16;1;
25900;202000016912;154 712 503;A01;2;7;13;0;9;14;1;
25901;202000016913;154 712 499;A01;2;2;0;0;8;21;1;
25902;202000016914;154 712 498;A01;2;7;2;0;3;1;1;
25903;202000016915;154 712 497;A01;1;33;0;0;0;1;0;
25904;202000016916;154 712 495;A01;2;7;0;2;7;15;1;
25905;202000016916;154 712 496;B01;1;33;0;2;1;1;1;
25906;202000016917;154 712 494;A01;2;33;0;6;1;1;0;
25907;202000016918;154 712 492;B01;1;7;0;2;1;1;1;
25908;202000016918;154 712 493;A01;1;2;0;2;4;1;6;
25909;202000016919;154 712 490;B01;1;7;0;2;2;9;1;
25910;202000016919;154 712 491;A01;1;80;0;2;7;1;3;
25911;202000016920;154 712 488;B01;2;7;0;0;8;1;1;
25912;202000016920;154 712 489;A01;1;7;0;2;1;1;1;
25913;202000016921;154 712 486;A01;3;33;0;2;7;17;1;
25914;202000016921;154 712 487;B01;3;1;0;2;8;2;5;
25915;202000016923;154 712 483;A01;1;33;13;0;9;1;1;
25916;202000016924;154 712 482;A01;3;2;0;0;8;17;1;
25917;202000016925;154 712 481;A01;1;33;14;0;1;1;1;
25918;202000016927;154 712 474;B01;3;13;0;2;8;1;0;
25919;202000016927;154 712 475;A01;3;2;0;2;8;1;0;
25920;202000016928;154 712 473;A01;1;7;2;0;8;1;1;
25921;202000016929;154 712 471;B01;1;2;0;2;7;1;1;
25922;202000016929;154 712 472;A01;1;10;0;2;1;19;1;
25923;202000016930;154 712 467;A01;1;7;0;2;1;19;1;
25924;202000016930;154 712 468;C01;1;7;0;2;3;23;1;
25925;202000016930;154 712 469;B01;1;7;0;2;8;1;1;
25926;202000016930;154 712 470;D01;1;7;0;2;3;23;0;
25927;202000016931;154 712 465;A01;3;7;0;2;2;15;1;
25928;202000016931;154 712 466;B01;3;7;0;2;1;1;1;
25929;202000016932;154 712 464;A01;3;2;1;0;1;1;1;
25930;202000016933;154 712 462;B01;2;7;0;2;6;1;1;
25931;202000016933;154 712 463;A01;1;33;0;2;1;13;1;
25932;202000016934;154 712 461;A01;0;7;6;0;3;1;1;
25933;202000016935;154 712 460;A01;-1;33;7;0;0;14;1;
25934;202000016936;154 712 459;A01;2;33;0;1;1;2;1;
25935;202000016937;154 712 458;A01;1;10;0;1;2;16;1;
25936;202000016938;154 712 456;B01;3;7;0;2;4;1;1;
25937;202000016938;154 712 457;A01;3;7;0;2;1;1;1;
25938;202000016939;154 712 454;B01;2;7;0;2;1;0;1;
25939;202000016939;154 712 455;A01;2;34;0;0;4;16;1;
25940;202000016940;154 712 453;A01;1;1;0;1;0;9;0;
25941;202000016942;154 712 449;A01;2;33;4;0;0;13;1;
25942;202000016943;154 712 448;A01;1;7;6;0;1;14;1;
25943;202000016944;154 712 446;B01;1;10;0;2;3;15;1;
25944;202000016944;154 712 447;A01;1;7;0;2;1;1;1;
25945;202000016945;154 712 445;A01;1;7;0;1;6;26;1;
25946;202000016946;154 712 444;A01;2;30;0;0;7;1;1;
25947;202000016947;154 712 442;A01;1;7;0;2;2;15;1;
25948;202000016947;154 712 443;B01;2;30;0;2;3;1;1;
25949;202000016948;154 712 440;A01;1;7;0;2;1;20;1;
25950;202000016948;154 712 441;B01;1;7;0;2;8;2;1;
25951;202000016949;154 712 439;A01;3;7;0;1;1;15;1;
25952;202000016950;154 712 437;B01;2;10;0;2;4;2;1;
25953;202000016950;154 712 438;A01;2;7;0;2;1;2;1;
25954;202000016951;154 712 435;A01;2;33;0;2;1;2;1;
25955;202000016951;154 712 436;B01;2;7;0;2;4;2;1;
25956;202000016952;154 712 433;A01;1;7;0;2;1;9;1;
25957;202000016952;154 712 434;B01;1;33;0;2;7;1;1;
25958;202000016953;154 712 431;A01;2;7;0;2;7;15;1;
25959;202000016953;154 712 432;B01;1;7;0;2;1;1;1;
25960;202000016954;154 712 430;A01;1;7;0;1;1;16;1;
25961;202000016956;154 712 426;B01;3;10;0;2;4;23;1;
25962;202000016956;154 712 427;A01;3;7;0;2;1;2;1;
25963;202000016957;154 712 424;A01;1;7;0;2;1;2;1;
25964;202000016957;154 712 425;B01;1;7;0;2;4;1;1;
25965;202000016958;154 712 422;A01;1;80;0;2;8;11;3;
25966;202000016958;154 712 423;B01;1;14;0;2;5;2;1;
25967;202000016959;154 712 418;A01;2;7;0;2;3;9;1;
25968;202000016959;154 712 419;B01;2;33;0;2;1;1;1;
25969;202000016960;154 712 416;B01;3;41;0;2;0;0;0;
25970;202000016960;154 712 417;A01;3;33;0;2;0;0;0;
25971;202000016962;154 712 414;A01;0;7;15;0;1;15;1;
25972;202000016963;154 712 412;B01;1;99;14;2;8;15;1;
25973;202000016963;154 712 413;A01;1;32;0;2;1;17;1;
25974;202000016964;154 712 410;B01;2;7;0;2;2;16;1;
25975;202000016964;154 712 411;A01;1;34;0;2;1;18;1;
25976;202000016965;154 712 407;A01;1;10;0;2;1;2;1;
25977;202000016965;154 712 408;B01;1;7;0;2;4;2;1;
25978;202000016965;154 712 409;C01;1;7;0;2;4;2;1;
25979;202000016966;154 712 404;C01;1;7;0;2;4;1;1;
25980;202000016966;154 712 405;B01;1;7;0;2;4;1;1;
25981;202000016966;154 712 406;A01;1;7;0;2;1;1;1;
25982;202000016967;154 712 403;A01;1;7;0;1;1;1;1;
25983;202000016969;154 712 400;B01;2;7;0;2;1;1;1;
25984;202000016969;154 712 401;A01;1;7;0;2;2;17;1;
25985;202000016970;154 712 399;A01;2;7;0;1;4;4;1;
25986;202000016971;154 712 398;A01;0;7;0;1;7;1;1;
25987;202000016972;154 712 397;A01;2;10;0;1;4;20;1;
25988;202000016973;154 712 393;D01;1;7;0;2;4;2;1;
25989;202000016973;154 712 394;C01;1;7;0;2;4;2;1;
25990;202000016973;154 712 395;A01;1;7;0;2;1;2;1;
25991;202000016973;154 712 396;B01;1;7;0;2;4;2;1;
25992;202000016974;154 712 392;A01;1;7;0;1;1;1;1;
25993;202000016975;154 712 390;A01;1;7;0;2;1;1;1;
25994;202000016975;154 712 391;B01;1;7;0;2;8;1;1;
25995;202000016976;154 712 388;B01;1;1;0;2;1;1;5;
25996;202000016976;154 712 389;A01;1;7;0;2;2;16;1;
25997;202000016977;154 712 387;A01;1;7;0;1;4;4;1;
25998;202000016980;154 712 383;A01;1;7;0;2;1;1;1;
25999;202000016980;154 712 384;B01;2;7;0;2;3;23;1;
26000;202000016981;154 712 377;C01;0;7;1;0;3;24;1;
26001;202000016981;154 712 378;B01;0;7;0;2;3;10;1;
26002;202000016981;154 712 379;A01;0;2;1;2;3;17;1;
26003;202000016982;154 712 376;A01;3;7;16;0;1;10;1;
26004;202000016983;154 712 375;A01;1;15;0;1;1;1;1;
26005;202000016984;154 712 374;A01;1;7;0;1;3;15;1;
26006;202000016985;154 712 372;Z01;1;7;0;2;6;9;0;
26007;202000016985;154 712 373;A01;2;1;0;2;1;26;5;
26008;202000016986;154 712 370;B01;1;7;0;2;4;9;1;
26009;202000016986;154 712 371;A01;1;7;0;2;1;2;0;
26010;202000016988;154 712 365;A01;0;7;0;2;6;1;1;
26011;202000016988;154 712 366;B01;0;31;0;2;1;1;1;
26012;202000016989;154 712 363;A01;2;37;0;2;2;1;1;1.0
26013;202000016989;154 712 364;B01;2;1;0;2;8;1;5;
26014;202000016990;154 712 360;A01;1;30;1;0;1;1;1;
26015;202000016992;154 712 357;A01;1;10;0;2;2;9;1;
26016;202000016992;154 712 358;B01;2;7;0;2;5;1;1;
26017;202000016993;154 712 355;A01;1;33;0;2;1;2;1;
26018;202000016993;154 712 356;B01;1;7;0;2;4;23;1;
26019;202000016994;154 712 353;B01;2;32;0;2;8;2;1;
26020;202000016994;154 712 354;A01;2;7;0;2;2;14;1;
26021;202000016995;154 712 352;A01;0;7;0;1;1;1;1;
26022;202000016996;154 712 350;A01;1;7;0;2;2;16;1;
26023;202000016996;154 712 351;B01;1;2;0;2;1;1;1;
26024;202000016999;154 712 344;C01;1;7;0;2;4;1;1;
26025;202000016999;154 712 345;B01;1;7;0;2;4;1;1;
26026;202000016999;154 712 346;A01;1;7;0;2;2;1;1;
26027;202000017000;154 712 342;B01;2;7;0;2;3;1;1;
26028;202000017000;154 712 343;A01;1;10;0;2;1;1;1;
26029;202000017001;154 712 341;A01;1;7;2;0;1;1;1;
26030;202000017002;154 712 340;A01;1;7;17;0;3;15;1;
26031;202000017003;154 712 338;A01;2;7;0;2;1;1;1;
26032;202000017003;154 712 339;B01;1;33;0;2;1;1;1;
26033;202000017004;154 712 337;A01;1;32;14;0;2;21;1;
26034;202000017005;154 712 335;A01;1;10;0;2;1;15;1;
26035;202000017005;154 712 336;B01;2;33;0;2;1;1;1;
26036;202000017006;154 712 333;B01;0;7;0;2;1;1;1;
26037;202000017006;154 712 334;A01;0;7;0;2;1;9;1;
26038;202000017007;154 712 332;A01;2;7;2;0;1;0;1;
26039;202000017008;154 712 331;A01;1;7;13;0;2;14;1;
26040;202000017009;154 712 329;B01;2;7;0;2;4;1;1;
26041;202000017009;154 712 330;A01;2;7;0;2;1;2;1;
26042;202000017010;154 712 327;B01;1;7;0;2;4;1;1;
26043;202000017010;154 712 328;A01;1;7;0;2;1;1;1;
26044;202000017011;154 712 325;A01;2;7;0;2;1;1;1;
26045;202000017011;154 712 326;B01;1;7;0;2;1;1;1;
26046;202000017012;154 712 324;A01;1;33;0;0;8;16;1;
26047;202000017014;154 712 320;B01;2;7;0;2;3;1;1;
26048;202000017014;154 712 321;A01;1;33;0;2;1;5;1;
26049;202000017015;154 712 318;A01;0;7;0;2;2;17;1;
26050;202000017015;154 712 319;B01;0;10;0;2;3;23;1;
26051;202000017016;154 712 317;A01;1;33;0;1;2;1;1;
26052;202000017017;154 712 315;A01;1;7;0;2;8;9;1;
26053;202000017017;154 712 316;B01;2;32;0;2;1;1;1;
26054;202000017018;154 712 313;A01;1;1;0;2;8;13;5;
26055;202000017018;154 712 314;B01;2;32;0;2;2;2;1;
26056;202000017019;154 712 312;A01;1;7;1;0;9;20;1;
26057;202000017020;154 712 311;A01;2;10;0;1;3;15;1;
26058;202000017021;154 712 309;B01;2;7;0;2;5;1;1;
26059;202000017021;154 712 310;A01;3;7;0;2;3;1;1;
26060;202000017022;154 712 307;A01;1;7;0;2;8;22;1;
26061;202000017022;154 712 308;B01;1;50;0;2;1;1;3;
26062;202000017023;154 712 306;A01;1;7;0;1;7;1;1;
26063;202000017024;154 712 305;A01;1;30;0;1;1;1;3;
26064;202000017026;154 712 300;B01;1;34;0;2;1;1;1;
26065;202000017026;154 712 301;C01;2;32;0;2;3;1;1;
26066;202000017026;154 712 302;A01;2;10;0;2;2;15;1;
26067;202000017027;154 712 299;Z01;1;1;0;1;0;1;5;
26068;202000017028;154 712 298;A01;3;33;0;1;1;21;1;
26069;202000017029;154 712 295;A01;1;7;0;2;1;2;1;
26070;202000017029;154 712 296;B01;1;7;0;2;4;2;0;
26071;202000017029;154 712 297;C01;1;7;0;2;4;0;0;
26072;202000017031;154 712 293;A01;1;7;4;0;7;16;1;
26073;202000017033;154 712 290;A01;2;10;0;2;2;1;1;
26074;202000017033;154 712 291;B01;1;10;1;2;3;15;1;
26075;202000017034;154 712 289;A01;-1;7;0;0;3;26;1;
26076;202000017035;154 712 288;A01;0;7;0;0;0;1;1;
26077;202000017036;154 712 286;A01;-1;10;0;2;3;0;1;
26078;202000017036;154 712 287;B01;-1;1;0;2;2;0;2;
26079;202000017037;154 712 284;B01;0;7;0;2;3;1;0;
26080;202000017037;154 712 285;A01;0;10;0;2;2;1;0;
26081;202000017038;154 712 283;EA01;1;50;0;1;1;25;3;
26082;202000017039;154 712 281;B01;3;7;0;2;1;1;0;
26083;202000017039;154 712 282;A01;-1;7;0;2;-1;-1;-1;
26084;202000017040;154 712 279;A01;0;10;0;2;3;2;1;
26085;202000017040;154 712 280;B01;0;34;0;2;7;2;1;
26086;202000017041;154 712 278;A01;1;7;15;0;1;13;1;
26087;202000017042;154 712 276;B01;1;33;0;2;1;1;1;
26088;202000017042;154 712 277;A01;1;7;0;2;5;23;1;
26089;202000017043;154 712 275;A01;0;7;2;0;2;1;0;
26090;202000017045;154 712 271;A01;2;33;0;0;3;1;1;
26091;202000017046;154 712 269;A01;2;7;0;2;3;1;1;
26092;202000017046;154 712 270;B01;1;2;0;0;4;23;1;
26093;202000017047;154 712 267;A01;1;7;0;2;2;1;1;
26094;202000017047;154 712 268;B01;3;2;0;0;8;26;1;
26095;202000017048;154 712 265;A01;3;7;8;2;8;15;1;
26096;202000017048;154 712 266;B01;3;7;0;2;1;1;1;
26097;202000017049;154 712 263;B01;1;33;0;0;7;1;1;
26098;202000017049;154 712 264;A01;1;7;0;2;1;19;1;
26099;202000017050;154 712 261;A01;2;7;0;1;1;1;1;
26100;202000017051;154 712 259;B01;1;32;0;2;7;17;1;
26101;202000017051;154 712 260;A01;1;7;0;0;3;15;1;
26102;202000017052;154 712 257;A01;1;7;0;0;2;15;1;
26103;202000017052;154 712 258;B01;2;7;0;2;1;1;1;
26104;202000017053;154 712 256;A01;2;7;0;1;2;15;1;
26105;202000017054;154 712 254;B01;2;7;0;2;4;2;1;
26106;202000017054;154 712 255;A01;2;7;0;2;1;2;1;
26107;202000017055;154 712 253;A01;2;7;6;0;1;1;1;
26108;202000017056;154 712 252;A01;1;7;0;1;1;1;1;
26109;202000017057;154 712 251;A01;3;7;2;0;3;13;1;
26110;202000017058;154 712 249;A01;1;7;0;0;4;23;1;
26111;202000017058;154 712 250;B01;1;7;0;0;1;1;1;
26112;202000017060;154 712 244;A01;2;7;0;2;7;15;1;
26113;202000017060;154 712 245;C01;1;33;0;2;1;1;1;
26114;202000017060;154 712 246;B01;2;7;0;2;3;1;1;
26115;202000017061;154 712 243;A01;3;7;0;1;2;1;1;
26116;202000017062;154 712 242;A01;2;17;0;0;8;0;1;
26117;202000017063;154 712 240;B01;2;7;0;2;1;15;1;
26118;202000017063;154 712 241;A01;1;33;0;2;7;17;1;
26119;202000017064;154 712 239;A01;1;7;0;1;2;1;0;
26120;202000017065;154 712 237;A01;0;7;0;9;3;15;1;
26121;202000017065;154 712 238;B01;3;32;0;2;1;1;1;
26122;202000017066;154 712 235;A01;1;7;0;2;8;15;0;
26123;202000017066;154 712 236;B01;1;2;0;2;1;17;0;
26124;202000017067;154 712 234;A01;0;7;13;0;1;0;0;
26125;202000017068;154 712 233;A01;1;2;0;2;1;2;1;
26126;202000017069;154 712 231;B01;2;1;0;2;4;1;5;
26127;202000017069;154 712 232;A01;2;7;0;2;2;1;0;
26128;202000017070;154 712 230;A01;3;10;2;0;1;26;1;
26129;202000017071;154 712 228;B01;1;7;0;2;1;13;1;
26130;202000017071;154 712 229;A01;2;7;0;2;3;1;1;
26131;202000017072;154 712 226;B01;2;2;0;2;2;17;1;
26132;202000017072;154 712 227;A01;1;7;0;0;8;19;1;
26133;202000017073;154 712 224;A01;2;7;0;2;4;2;1;
26134;202000017073;154 712 225;B01;2;7;0;2;1;2;0;
26135;202000017075;154 712 220;B01;2;31;0;2;0;1;1;
26136;202000017075;154 712 221;A01;2;7;0;2;0;1;1;
26137;202000017076;154 712 218;A01;2;7;0;2;4;1;1;
26138;202000017076;154 712 219;B01;2;14;0;2;1;1;1;
26139;202000017077;154 712 216;A01;2;7;0;2;6;1;1;
26140;202000017077;154 712 217;B01;2;31;0;2;2;1;1;
26141;202000017079;154 712 213;A01;0;30;0;0;0;0;0;
26142;202000017080;154 712 211;B01;1;1;0;2;8;1;0;
26143;202000017080;154 712 212;A01;2;7;0;2;2;15;0;
26144;202000017081;154 712 207;D01;2;99;0;2;4;2;1;
26145;202000017081;154 712 208;A01;1;7;0;2;4;9;1;
26146;202000017081;154 712 209;B01;2;7;0;2;4;2;1;
26147;202000017081;154 712 210;C01;1;7;0;2;4;2;1;
26148;202000017082;154 712 206;A01;0;7;0;1;2;1;0;
26149;202000017083;154 712 204;A01;1;7;0;2;2;10;1;
26150;202000017083;154 712 205;B01;1;33;0;2;1;1;1;
26151;202000017084;154 712 202;B01;3;7;0;2;3;11;0;
26152;202000017084;154 712 203;A01;3;7;0;2;2;2;0;
26153;202000017085;154 712 200;G01;2;7;0;2;2;9;1;
26154;202000017085;154 712 201;A01;1;7;0;2;3;2;1;
26155;202000017086;154 712 197;A01;3;7;0;1;2;1;1;
26156;202000017087;154 712 193;D01;1;7;0;2;4;2;1;
26157;202000017087;154 712 194;B01;1;7;0;2;4;2;1;
26158;202000017087;154 712 195;C01;1;7;0;2;4;2;1;
26159;202000017087;154 712 196;A01;1;7;0;2;1;2;1;
26160;202000017089;154 712 189;A01;3;7;0;1;1;26;1;
26161;202000017090;154 712 188;A01;1;7;0;1;4;20;1;
26162;202000017091;154 712 186;B01;2;1;0;2;4;1;5;
26163;202000017091;154 712 187;Z01;2;10;0;2;2;15;0;
26164;202000017092;154 712 185;Z01;1;7;8;1;1;14;1;
26165;202000017093;154 712 183;A01;2;7;0;2;1;2;3;
26166;202000017093;154 712 184;B01;2;7;0;2;4;2;1;
26167;202000017094;154 712 182;A01;2;7;0;1;2;9;0;
26168;202000017095;154 712 181;A01;1;7;0;1;7;16;1;
26169;202000017096;154 712 179;B01;2;1;0;2;7;15;5;
26170;202000017096;154 712 180;A01;1;7;0;2;1;1;1;
26171;202000017097;154 712 178;A01;1;7;7;0;1;14;1;
26172;202000017098;154 712 176;A01;1;30;0;2;1;1;1;
26173;202000017098;154 712 177;B01;1;7;0;2;7;15;1;
26174;202000017099;154 712 171;A01;1;7;0;2;1;1;1;
26175;202000017099;154 712 172;E01;1;7;0;0;4;2;0;
26176;202000017099;154 712 173;C01;1;7;0;2;4;1;1;
26177;202000017099;154 712 174;D01;1;7;0;2;4;1;1;
26178;202000017099;154 712 175;B01;1;7;0;2;4;1;1;
26179;202000017100;154 712 170;A01;2;7;0;1;3;15;1;
26180;202000017101;154 712 169;A01;2;33;0;0;1;1;1;
26181;202000017102;154 712 167;A01;1;2;0;2;1;21;1;
26182;202000017102;154 712 168;B01;1;2;0;2;4;1;1;
26183;202000017104;154 712 163;A01;3;7;0;0;0;26;1;
26184;202000017105;154 712 162;A01;2;7;0;1;2;26;1;
26185;202000017106;154 712 160;B01;3;7;0;2;4;1;1;
26186;202000017106;154 712 161;A01;3;10;0;2;1;1;1;
26187;202000017107;154 712 158;B01;1;7;0;2;9;1;1;
26188;202000017107;154 712 159;A01;2;7;0;2;1;1;1;
26189;202000017108;154 712 157;A01;1;7;0;1;3;1;1;
26190;202000017109;154 712 155;A01;3;7;0;2;1;9;0;