;Num_Acc;id_vehicule;num_veh;senc;catv;obs;obsm;choc;manv;motor;occutc
26191;202000017109;154 712 156;B01;3;10;0;2;7;1;0;
26192;202000017110;154 712 154;A01;3;10;4;1;1;1;1;
26193;202000017111;154 712 152;B01;1;33;0;2;7;2;1;
26194;202000017111;154 712 153;A01;1;7;0;2;6;11;1;
26195;202000017113;154 712 148;B01;1;33;0;2;2;1;1;
26196;202000017113;154 712 149;A01;1;10;0;2;3;22;1;
26197;202000017114;154 712 147;Z01;1;7;0;1;1;1;2;
26198;202000017115;154 712 145;B01;1;7;0;2;2;22;1;
26199;202000017115;154 712 146;A01;1;30;0;2;2;18;1;
26200;202000017116;154 712 143;A01;1;1;0;2;8;13;5;
26201;202000017116;154 712 144;B01;1;7;0;2;2;7;1;
26202;202000017117;154 712 141;A01;3;7;0;2;3;13;1;
26203;202000017117;154 712 142;B01;3;7;0;2;3;1;1;
26204;202000017118;154 712 140;A01;1;1;1;1;1;21;5;
26205;202000017119;154 712 138;A01;1;10;0;2;2;1;1;
26206;202000017119;154 712 139;B01;1;1;0;2;4;23;5;
26207;202000017120;154 712 136;B01;1;1;0;2;3;18;5;
26208;202000017120;154 712 137;A01;1;7;0;2;2;23;1;
26209;202000017121;154 712 134;A01;1;1;0;2;1;19;5;
26210;202000017121;154 712 135;B01;1;50;0;2;1;1;3;
26211;202000017122;154 712 131;Z01;2;99;0;2;0;0;0;
26212;202000017122;154 712 132;B01;2;7;0;2;0;0;1;
26213;202000017122;154 712 133;A01;2;7;0;0;0;0;1;
26214;202000017123;154 712 130;A01;2;7;8;0;1;15;6;
26215;202000017124;154 712 128;A01;1;7;0;2;9;9;0;
26216;202000017124;154 712 129;B01;1;7;1;0;3;1;1;
26217;202000017125;154 712 126;A01;1;7;0;2;1;19;1;
26218;202000017125;154 712 127;B01;2;34;0;2;1;19;1;
26219;202000017126;154 712 124;B01;2;7;0;2;6;9;1;
26220;202000017126;154 712 125;A01;1;33;0;2;1;0;1;
26221;202000017127;154 712 121;C01;1;15;0;2;1;1;1;
26222;202000017127;154 712 122;B01;1;17;0;2;6;21;1;
26223;202000017127;154 712 123;A01;2;7;0;2;1;13;6;
26224;202000017128;154 712 120;A01;1;7;15;0;1;13;1;
26225;202000017129;154 712 118;B01;1;7;0;2;0;0;1;
26226;202000017129;154 712 119;A01;2;34;0;2;0;0;1;
26227;202000017130;154 712 117;A01;2;7;4;0;2;14;1;
26228;202000017131;154 712 115;B01;1;33;0;2;4;2;1;
26229;202000017131;154 712 116;A01;1;7;0;2;1;2;1;
26230;202000017132;154 712 113;B01;3;7;0;2;3;0;1;
26231;202000017132;154 712 114;A01;3;34;0;2;1;0;1;
26232;202000017133;154 712 111;B01;3;7;0;0;0;0;1;
26233;202000017133;154 712 112;A01;3;7;0;2;1;13;1;
26234;202000017135;154 712 107;B01;1;7;0;2;7;19;1;
26235;202000017135;154 712 108;A01;2;32;0;2;1;19;1;
26236;202000017136;154 712 106;A01;1;7;0;1;2;18;1;
26237;202000017137;154 712 105;A01;1;7;0;1;2;16;1;
26238;202000017138;154 712 103;A01;1;1;0;2;1;1;5;
26239;202000017138;154 712 104;Z01;2;7;0;2;0;0;1;
26240;202000017140;154 712 099;A01;0;7;0;2;8;24;1;
26241;202000017140;154 712 100;B01;1;1;0;0;0;1;5;
26242;202000017142;154 712 096;A01;1;32;12;0;8;1;1;
26243;202000017143;154 712 094;A01;2;7;0;2;1;2;1;
26244;202000017143;154 712 095;B01;2;7;0;2;4;23;1;
26245;202000017144;154 712 092;B01;2;37;0;2;6;0;2;1.0
26246;202000017144;154 712 093;A01;2;33;0;2;2;11;1;
26247;202000017145;154 712 091;A01;3;7;12;0;1;16;1;
26248;202000017146;154 712 089;A01;3;30;0;2;7;26;1;
26249;202000017146;154 712 090;B01;3;7;0;2;0;9;1;
26250;202000017147;154 712 088;A01;2;43;13;0;8;26;1;
26251;202000017148;154 712 086;B01;1;7;12;0;5;23;1;
26252;202000017148;154 712 087;A01;2;7;3;2;3;13;1;
26253;202000017149;154 712 084;B01;2;31;0;2;1;0;6;
26254;202000017149;154 712 085;A01;2;7;0;2;2;15;6;
26255;202000017150;154 712 083;A01;2;7;0;1;7;17;1;
26256;202000017151;154 712 081;A01;1;1;0;2;7;12;5;
26257;202000017151;154 712 082;B01;1;7;0;2;3;9;1;
26258;202000017152;154 712 079;A01;3;10;0;2;7;16;1;
26259;202000017152;154 712 080;B01;3;1;0;2;8;1;5;
26260;202000017153;154 712 077;B01;3;31;0;2;1;1;1;
26261;202000017153;154 712 078;Z01;3;7;0;2;4;1;1;
26262;202000017154;154 712 075;A01;3;7;0;0;0;20;1;
26263;202000017154;154 712 076;B01;1;2;0;2;0;21;1;
26264;202000017156;154 712 071;A01;1;7;0;0;7;15;0;
26265;202000017156;154 712 072;B01;2;33;0;2;1;1;0;
26266;202000017157;154 712 069;A01;1;7;0;2;3;15;1;
26267;202000017157;154 712 070;B01;1;17;0;2;2;1;1;
26268;202000017158;154 712 065;A01;1;7;0;2;3;5;1;
26269;202000017158;154 712 066;B01;2;10;0;2;4;1;1;
26270;202000017158;154 712 067;C01;2;7;0;2;5;1;1;
26271;202000017158;154 712 068;D01;2;10;0;2;3;1;1;
26272;202000017159;154 712 064;A01;1;7;0;1;0;1;0;
26273;202000017160;154 712 062;B01;1;1;0;0;3;19;6;
26274;202000017160;154 712 063;A01;2;40;0;2;1;1;3;
26275;202000017161;154 712 061;A01;2;32;0;1;1;1;1;
26276;202000017162;154 712 059;A01;3;7;0;2;1;26;1;
26277;202000017162;154 712 060;B01;3;7;0;2;4;1;1;
26278;202000017163;154 712 057;A01;2;30;0;2;1;1;1;
26279;202000017163;154 712 058;B01;2;7;0;2;7;15;1;
26280;202000017164;154 712 055;A01;1;7;0;2;2;15;1;
26281;202000017164;154 712 056;B01;2;30;0;2;1;1;1;
26282;202000017165;154 712 053;B01;2;7;0;2;7;15;1;
26283;202000017165;154 712 054;A01;3;7;0;2;0;26;0;
26284;202000017166;154 712 051;B01;3;7;0;2;2;1;1;
26285;202000017166;154 712 052;A01;3;33;0;2;1;18;0;
26286;202000017167;154 712 050;A01;0;7;0;1;1;1;1;
26287;202000017168;154 712 048;A01;0;7;0;2;4;1;1;
26288;202000017168;154 712 049;B01;0;2;0;2;1;0;3;
26289;202000017171;154 712 039;A01;1;7;0;1;1;19;0;
26290;202000017172;154 712 037;B01;2;2;0;2;1;1;1;
26291;202000017172;154 712 038;A01;1;7;0;2;2;15;1;
26292;202000017174;154 712 031;B01;3;7;0;2;1;1;1;
26293;202000017174;154 712 032;D01;3;7;0;2;4;1;1;
26294;202000017174;154 712 033;C01;3;7;0;2;1;1;1;
26295;202000017174;154 712 034;A01;3;7;0;2;1;1;1;
26296;202000017175;154 712 030;A01;1;7;0;1;1;15;1;
26297;202000017177;154 712 027;B01;3;30;0;9;8;0;-1;
26298;202000017177;154 712 028;A01;3;37;0;2;2;16;-1;1.0
26299;202000017178;154 712 025;B01;1;10;0;2;3;1;1;
26300;202000017178;154 712 026;A01;1;10;0;2;8;10;1;
26301;202000017179;154 712 023;A01;1;10;0;1;1;1;1;
26302;202000017179;154 712 024;B01;1;10;0;2;4;0;1;
26303;202000017180;154 712 021;B01;2;7;0;2;6;23;1;
26304;202000017180;154 712 022;A01;2;7;0;2;2;21;1;
26305;202000017181;154 712 019;A01;1;31;0;2;2;14;1;
26306;202000017181;154 712 020;B01;1;7;0;2;0;1;1;
26307;202000017182;154 712 017;B01;1;10;0;2;7;1;1;
26308;202000017182;154 712 018;A01;1;31;0;2;3;11;1;
26309;202000017183;154 712 015;A01;2;30;0;2;8;1;1;
26310;202000017183;154 712 016;Z01;2;7;0;2;7;12;1;
26311;202000017184;154 712 013;B01;1;7;0;2;2;16;1;
26312;202000017184;154 712 014;A01;1;7;7;2;3;7;1;
26313;202000017185;154 712 011;A01;1;38;0;2;8;8;2;1.0
26314;202000017185;154 712 012;B01;1;80;0;2;7;17;3;
26315;202000017186;154 712 009;B01;3;10;0;2;1;1;1;
26316;202000017186;154 712 010;A01;2;7;0;2;2;1;1;
26317;202000017187;154 712 007;B01;3;37;0;2;3;15;2;1.0
26318;202000017187;154 712 008;A01;3;33;0;2;2;17;1;
26319;202000017188;154 712 006;A01;1;10;0;1;1;1;1;
26320;202000017189;154 712 004;B01;1;7;0;2;7;22;1;
26321;202000017189;154 712 005;A01;1;1;0;2;1;1;5;
26322;202000017190;154 712 002;A01;1;30;0;2;0;1;1;
26323;202000017190;154 712 003;Z01;0;7;0;2;0;0;0;
26324;202000017191;154 712 000;B01;2;7;0;2;6;23;1;
26325;202000017191;154 712 001;A01;2;1;0;2;6;2;5;
26326;202000017192;154 711 999;Z01;2;1;0;1;1;2;5;
26327;202000017193;154 711 998;A01;1;32;0;0;0;1;1;
26328;202000017194;154 711 997;A01;1;1;0;1;1;1;5;
26329;202000017195;154 711 996;A01;3;80;12;0;7;14;3;
26330;202000017196;154 711 994;A01;1;7;0;2;1;1;2;
26331;202000017196;154 711 995;B01;1;7;0;2;8;1;1;
26332;202000017197;154 711 993;A01;1;50;12;0;1;14;3;
26333;202000017198;154 711 991;B01;1;50;0;2;2;1;3;
26334;202000017198;154 711 992;A01;1;7;0;2;1;1;2;
26335;202000017201;154 711 985;B01;2;7;0;2;4;1;1;
26336;202000017201;154 711 986;A01;2;34;0;2;1;1;1;
26337;202000017202;154 711 984;A01;1;33;0;0;7;1;1;
26338;202000017203;154 711 982;A01;2;33;0;2;2;17;1;
26339;202000017203;154 711 983;B01;2;10;0;2;3;15;1;
26340;202000017204;154 711 981;A01;1;7;0;1;1;1;1;
26341;202000017205;154 711 978;A01;1;7;0;2;1;26;1;
26342;202000017205;154 711 979;B01;1;20;0;2;4;26;1;
26343;202000017205;154 711 980;C01;1;7;0;2;4;1;2;
26344;202000017206;154 711 977;A01;2;7;0;1;1;1;3;
26345;202000017207;154 711 975;A01;3;50;0;2;1;5;3;
26346;202000017207;154 711 976;B01;0;7;0;9;8;15;1;
26347;202000017209;154 711 971;B01;1;99;0;2;3;1;1;
26348;202000017209;154 711 972;A01;2;7;0;2;2;19;1;
26349;202000017210;154 711 969;A01;-1;17;0;2;6;9;1;
26350;202000017210;154 711 970;B01;-1;33;0;2;2;2;1;
26351;202000017213;154 711 965;A01;-1;10;0;1;1;15;1;
26352;202000017214;154 711 964;A01;3;7;0;1;3;1;1;
26353;202000017216;154 711 960;A01;0;7;0;2;4;16;1;
26354;202000017216;154 711 961;B01;0;1;0;2;1;1;0;
26355;202000017217;154 711 958;B01;3;33;0;2;1;17;1;
26356;202000017217;154 711 959;A01;3;7;0;2;3;15;1;
26357;202000017218;154 711 957;A01;1;7;6;0;1;9;0;
26358;202000017219;154 711 956;X01;3;34;0;1;7;5;0;
26359;202000017220;154 711 954;B01;2;2;0;2;1;1;1;
26360;202000017220;154 711 955;A01;1;7;0;2;2;10;1;
26361;202000017221;154 711 952;B01;2;50;0;2;1;1;3;
26362;202000017221;154 711 953;A01;1;7;0;9;8;15;1;
26363;202000017222;154 711 950;A01;1;1;0;2;1;25;5;
26364;202000017222;154 711 951;B01;1;14;0;2;5;16;1;
26365;202000017223;154 711 948;B01;2;34;0;2;8;9;0;
26366;202000017223;154 711 949;A01;1;7;0;2;2;9;1;
26367;202000017226;154 711 943;A01;1;7;0;2;2;19;1;
26368;202000017226;154 711 944;B01;1;32;0;2;3;0;1;
26369;202000017227;154 711 941;A01;2;7;0;2;3;15;1;
26370;202000017227;154 711 942;B01;1;33;0;2;0;0;1;
26371;202000017228;154 711 940;A01;3;33;3;0;7;1;1;
26372;202000017229;154 711 939;A01;1;31;8;0;7;1;1;
26373;202000017230;154 711 938;A01;3;2;11;0;3;1;1;
26374;202000017231;154 711 937;A01;1;7;8;0;2;1;1;
26375;202000017232;154 711 935;A01;1;7;0;2;1;2;1;
26376;202000017232;154 711 936;B01;1;31;0;0;4;2;1;
26377;202000017233;154 711 933;B01;1;33;0;2;1;1;1;
26378;202000017233;154 711 934;A01;1;7;0;2;3;9;1;
26379;202000017235;154 711 927;A01;3;34;0;0;8;1;1;
26380;202000017237;154 711 924;A01;3;33;6;0;8;1;1;
26381;202000017238;154 711 923;A01;3;7;13;0;2;1;1;
26382;202000017239;154 711 921;B01;1;33;0;2;2;16;0;
26383;202000017239;154 711 922;A01;1;7;0;2;3;16;0;
26384;202000017240;154 711 919;A01;3;7;0;2;2;17;1;
26385;202000017240;154 711 920;B01;3;7;0;2;6;1;1;
26386;202000017241;154 711 917;A01;1;7;0;2;3;13;1;
26387;202000017241;154 711 918;B01;1;10;0;2;2;17;1;
26388;202000017242;154 711 915;B01;0;2;0;2;1;1;1;
26389;202000017242;154 711 916;A01;3;7;0;2;7;15;1;
26390;202000017243;154 711 912;A01;1;7;13;0;1;13;1;
26391;202000017244;154 711 911;A01;1;7;0;1;3;1;1;
26392;202000017245;154 711 910;A01;3;7;6;0;2;0;0;
26393;202000017246;154 711 908;A01;3;7;0;2;1;15;1;
26394;202000017246;154 711 909;B01;3;2;0;2;1;1;1;
26395;202000017249;154 711 903;A01;1;33;0;0;8;0;1;
26396;202000017250;154 711 901;A01;1;21;0;2;3;15;1;
26397;202000017250;154 711 902;B01;1;10;0;2;2;17;1;
26398;202000017252;154 711 896;B01;3;21;0;2;3;16;1;
26399;202000017252;154 711 897;A01;3;33;0;2;1;1;1;
26400;202000017253;154 711 895;A01;2;7;0;1;1;1;1;
26401;202000017254;154 711 894;A01;2;33;0;0;9;1;1;
26402;202000017255;154 711 893;A01;2;33;0;0;0;13;1;
26403;202000017256;154 711 891;A01;3;10;0;2;1;16;1;
26404;202000017256;154 711 892;B01;3;7;0;2;2;1;1;
26405;202000017257;154 711 888;A01;1;10;0;2;3;13;1;
26406;202000017257;154 711 889;B01;2;7;0;2;1;1;1;
26407;202000017257;154 711 890;C01;1;10;0;2;3;1;1;
26408;202000017258;154 711 887;A01;1;7;13;0;1;1;1;
26409;202000017259;154 711 886;A01;1;7;16;0;9;14;1;
26410;202000017260;154 711 885;A01;1;7;3;0;1;1;1;
26411;202000017261;154 711 883;A01;1;2;0;2;8;5;1;
26412;202000017261;154 711 884;B01;2;7;0;2;3;1;1;
26413;202000017262;154 711 879;A01;1;7;0;2;3;13;0;
26414;202000017262;154 711 880;B01;2;7;0;2;3;1;0;
26415;202000017262;154 711 881;C01;2;7;0;2;3;1;0;
26416;202000017262;154 711 882;D01;2;7;0;2;1;1;0;
26417;202000017263;154 711 877;B01;1;7;0;2;1;1;6;
26418;202000017263;154 711 878;A01;2;7;0;2;5;13;6;
26419;202000017264;154 711 875;B01;2;1;0;2;3;13;5;
26420;202000017264;154 711 876;A01;1;33;0;2;1;21;1;
26421;202000017265;154 711 874;A01;3;7;0;1;2;9;1;
26422;202000017266;154 711 872;B01;2;7;0;2;6;1;1;
26423;202000017266;154 711 873;A01;2;7;0;2;2;21;1;
26424;202000017267;154 711 870;A01;3;7;0;2;2;1;0;
26425;202000017267;154 711 871;B01;2;33;0;2;1;1;0;
26426;202000017268;154 711 869;A01;1;7;14;0;2;1;1;
26427;202000017269;154 711 867;B01;1;7;0;2;1;1;1;
26428;202000017269;154 711 868;A01;2;7;0;2;7;13;1;
26429;202000017271;154 711 865;A01;2;7;0;1;2;1;1;
26430;202000017272;154 711 864;A01;1;7;0;0;1;1;1;
26431;202000017273;154 711 862;A01;2;33;0;2;9;17;1;
26432;202000017273;154 711 863;B01;1;7;0;2;3;1;1;
26433;202000017274;154 711 859;A01;2;7;6;0;1;1;1;
26434;202000017275;154 711 857;A01;1;7;0;2;3;1;1;
26435;202000017275;154 711 858;B01;3;1;0;2;8;15;5;
26436;202000017278;154 711 853;A01;1;7;0;1;2;1;2;
26437;202000017279;154 711 851;A01;1;7;0;2;3;9;1;
26438;202000017279;154 711 852;B01;1;1;0;2;7;1;5;
26439;202000017280;154 711 849;A01;1;7;3;0;3;13;1;
26440;202000017282;154 711 846;A01;2;32;13;0;7;16;1;
26441;202000017283;154 711 845;A01;3;33;12;0;2;1;1;
26442;202000017284;154 711 843;B01;2;33;0;9;1;2;1;
26443;202000017284;154 711 844;A01;2;7;0;0;-1;1;1;
26444;202000017285;154 711 841;A01;1;10;0;2;2;1;0;
26445;202000017285;154 711 842;B01;3;10;0;2;3;1;0;
26446;202000017286;154 711 840;A01;3;33;3;0;2;1;1;
26447;202000017287;154 711 839;A01;2;33;0;0;0;1;1;
26448;202000017288;154 711 836;A01;2;7;0;2;1;21;1;
26449;202000017288;154 711 837;B01;1;1;0;2;1;1;5;
26450;202000017288;154 711 838;C01;1;1;0;2;1;1;5;
26451;202000017289;154 711 834;B01;2;7;0;2;1;1;1;
26452;202000017289;154 711 835;A01;1;7;0;2;1;13;1;
26453;202000017290;154 711 833;A01;1;7;0;1;3;1;1;
26454;202000017291;154 711 831;A01;2;7;0;2;1;19;1;
26455;202000017291;154 711 832;B01;2;7;0;2;8;1;1;
26456;202000017292;154 711 827;A01;1;7;0;2;4;1;1;
26457;202000017292;154 711 828;B01;1;7;0;2;4;2;1;
26458;202000017292;154 711 829;C01;1;7;0;2;1;2;1;
26459;202000017293;154 711 824;C01;2;7;0;2;1;2;1;
26460;202000017293;154 711 825;B01;2;7;0;2;4;2;1;
26461;202000017293;154 711 826;A01;2;7;0;2;4;1;1;
26462;202000017294;154 711 821;A01;2;7;0;2;1;1;1;
26463;202000017294;154 711 822;C01;2;7;0;2;4;1;1;
26464;202000017294;154 711 823;B01;2;7;0;2;4;1;1;
26465;202000017295;154 711 820;A01;2;7;0;0;1;26;1;
26466;202000017296;154 711 816;C01;2;7;0;2;1;2;1;
26467;202000017296;154 711 817;A01;2;7;0;0;4;1;1;
26468;202000017296;154 711 818;D01;2;7;0;2;1;2;1;
26469;202000017296;154 711 819;B01;2;7;0;2;1;2;0;
26470;202000017297;154 711 812;B01;2;7;4;0;1;2;0;
26471;202000017297;154 711 813;A01;2;15;0;0;0;2;1;
26472;202000017297;154 711 814;C01;2;7;4;0;1;2;1;
26473;202000017297;154 711 815;D01;2;7;4;0;6;2;1;
26474;202000017298;154 711 808;A01;2;7;0;2;1;1;1;
26475;202000017298;154 711 809;B01;2;7;0;2;0;2;1;
26476;202000017298;154 711 810;C01;2;7;0;2;0;2;1;
26477;202000017298;154 711 811;D01;2;7;0;2;0;2;1;
26478;202000017299;154 711 806;B01;2;7;0;2;5;1;1;
26479;202000017299;154 711 807;A01;2;7;0;2;1;2;1;
26480;202000017300;154 711 805;A01;2;14;3;0;1;13;1;
26481;202000017301;154 711 804;A01;1;33;0;0;9;2;1;
26482;202000017302;154 711 802;A01;3;7;0;2;8;9;1;
26483;202000017302;154 711 803;B01;3;33;0;2;7;2;1;
26484;202000017303;154 711 800;B01;2;7;0;0;4;2;1;
26485;202000017303;154 711 801;A01;2;7;0;2;1;1;1;
26486;202000017304;154 711 798;A01;1;15;0;2;2;1;1;
26487;202000017304;154 711 799;B01;1;7;0;2;6;11;1;
26488;202000017305;154 711 796;B01;2;7;0;2;5;1;1;
26489;202000017305;154 711 797;A01;2;33;0;2;1;3;1;
26490;202000017307;154 711 793;A01;2;7;0;0;9;21;1;
26491;202000017308;154 711 792;A01;1;33;14;0;9;3;1;
26492;202000017309;154 711 790;B01;2;31;0;2;8;3;1;
26493;202000017309;154 711 791;A01;2;7;0;2;5;12;1;
26494;202000017310;154 711 788;B01;1;7;0;2;6;9;4;
26495;202000017310;154 711 789;A01;1;33;0;2;1;1;1;
26496;202000017311;154 711 787;A01;1;33;0;9;1;21;1;
26497;202000017312;154 711 785;A01;1;7;0;1;0;1;1;
26498;202000017313;154 711 782;A01;2;7;0;2;1;1;1;
26499;202000017313;154 711 783;B01;2;10;0;2;4;23;1;
26500;202000017313;154 711 784;C01;2;7;0;2;4;23;1;
26501;202000017314;154 711 779;C01;1;7;0;2;4;2;1;
26502;202000017314;154 711 780;B01;1;7;0;2;4;2;1;
26503;202000017314;154 711 781;A01;1;7;0;2;1;2;1;
26504;202000017316;154 711 776;A01;2;7;0;1;5;16;1;
26505;202000017317;154 711 774;A01;0;7;0;9;7;14;0;
26506;202000017317;154 711 775;B01;0;50;0;2;8;1;3;
26507;202000017318;154 711 773;A01;1;36;6;0;1;1;1;
26508;202000017319;154 711 771;A01;2;7;16;2;2;2;1;
26509;202000017319;154 711 772;B01;2;10;16;2;6;2;1;
26510;202000017320;154 711 770;A01;1;7;6;0;3;5;0;
26511;202000017321;154 711 768;B01;1;7;0;2;2;1;1;
26512;202000017321;154 711 769;A01;2;7;13;2;9;1;1;
26513;202000017322;154 711 767;A01;0;7;17;0;3;0;1;
26514;202000017323;154 711 765;A01;1;7;0;2;2;2;1;
26515;202000017323;154 711 766;B01;1;80;0;2;2;2;3;
26516;202000017324;154 711 763;A01;1;10;2;0;7;26;1;
26517;202000017325;154 711 760;A01;2;7;0;2;1;2;1;
26518;202000017325;154 711 761;C01;2;7;0;2;4;23;1;
26519;202000017325;154 711 762;B01;2;7;0;2;4;23;1;
26520;202000017327;154 711 757;A01;2;7;2;0;2;1;1;
26521;202000017330;154 711 752;A01;2;7;8;0;2;1;1;
26522;202000017331;154 711 750;A01;1;7;0;2;1;1;1;
26523;202000017331;154 711 751;B01;1;7;0;0;4;1;1;
26524;202000017332;154 711 748;A01;2;7;0;2;4;2;1;
26525;202000017332;154 711 749;B01;2;7;0;2;1;1;1;
26526;202000017333;154 711 745;A01;2;7;4;2;2;14;1;
26527;202000017333;154 711 746;B01;2;7;0;2;1;1;1;
26528;202000017333;154 711 747;C01;2;7;0;2;7;1;1;
26529;202000017334;154 711 742;C01;2;7;0;2;4;2;1;
26530;202000017334;154 711 743;B01;2;7;0;2;4;2;1;
26531;202000017334;154 711 744;A01;2;7;0;2;1;2;1;
26532;202000017336;154 711 739;A01;1;7;4;0;1;13;0;
26533;202000017337;154 711 738;A01;1;7;0;0;9;13;1;
26534;202000017338;154 711 736;B01;1;7;0;2;2;1;1;
26535;202000017338;154 711 737;A01;1;7;0;2;7;9;1;
26536;202000017339;154 711 734;B01;1;7;0;2;1;2;1;
26537;202000017339;154 711 735;A01;1;7;0;2;1;2;1;
26538;202000017340;154 711 733;A01;1;33;15;0;1;14;1;
26539;202000017341;154 711 731;B01;1;7;0;2;7;1;1;
26540;202000017341;154 711 732;A01;2;7;0;2;1;15;1;
26541;202000017342;154 711 730;A01;1;7;6;0;1;14;1;
26542;202000017343;154 711 728;A01;2;7;0;2;5;9;1;
26543;202000017343;154 711 729;B01;1;31;0;2;1;1;1;
26544;202000017344;154 711 726;B01;1;7;0;2;6;13;1;
26545;202000017344;154 711 727;A01;1;7;0;2;3;1;1;
26546;202000017345;154 711 724;B01;0;7;14;0;0;0;0;
26547;202000017345;154 711 725;A01;0;31;0;2;7;17;0;
26548;202000017346;154 711 723;A01;1;7;0;1;4;20;1;
26549;202000017347;154 711 721;A01;1;34;0;2;1;19;1;
26550;202000017347;154 711 722;B01;1;7;0;2;7;19;1;
26551;202000017348;154 711 720;A01;1;33;4;0;7;17;1;
26552;202000017349;154 711 717;B01;1;7;0;2;7;1;1;
26553;202000017349;154 711 718;A01;2;7;0;2;2;9;1;
26554;202000017350;154 711 716;A01;3;7;8;0;1;26;1;
26555;202000017351;154 711 715;A01;1;7;0;1;1;1;0;
26556;202000017353;154 711 713;A01;2;7;0;1;1;1;1;
26557;202000017354;154 711 711;B01;2;7;0;2;3;15;1;
26558;202000017354;154 711 712;A01;1;7;0;2;2;17;1;
26559;202000017355;154 711 710;A01;1;7;13;0;9;1;1;
26560;202000017356;154 711 708;B01;2;7;0;2;0;1;1;
26561;202000017356;154 711 709;A01;1;10;0;2;0;26;1;
26562;202000017358;154 711 704;B01;1;7;0;2;3;1;1;
26563;202000017358;154 711 705;A01;1;7;0;2;1;1;1;
26564;202000017359;154 711 702;A01;2;7;0;2;1;19;1;
26565;202000017359;154 711 703;B01;3;7;0;2;3;19;1;
26566;202000017360;154 711 699;A01;2;99;0;1;3;19;3;
26567;202000017361;154 711 695;A01;1;7;0;2;3;19;1;
26568;202000017361;154 711 696;B01;3;1;0;2;2;1;5;
26569;202000017362;154 711 693;A01;2;10;0;2;2;9;1;
26570;202000017362;154 711 694;B01;1;33;0;0;1;15;1;
26571;202000017363;154 711 691;A01;3;7;12;0;1;13;1;
26572;202000017363;154 711 692;B01;3;7;14;0;1;26;1;
26573;202000017364;154 711 688;B01;1;10;0;2;7;1;0;
26574;202000017364;154 711 689;A01;1;10;1;2;9;1;0;
26575;202000017364;154 711 690;C01;1;10;0;2;8;1;0;
26576;202000017366;154 711 684;A01;1;1;0;2;3;13;5;
26577;202000017366;154 711 685;B01;2;80;0;2;2;14;3;
26578;202000017367;154 711 682;B01;2;7;0;2;1;1;1;
26579;202000017367;154 711 683;A01;1;7;0;2;1;1;1;
26580;202000017368;154 711 680;B01;1;2;0;2;1;1;1;
26581;202000017368;154 711 681;A01;1;7;0;2;6;9;1;
26582;202000017369;154 711 678;A01;1;7;0;2;1;2;1;
26583;202000017369;154 711 679;B01;2;1;0;2;4;1;5;
26584;202000017370;154 711 675;B01;1;7;0;2;1;1;1;
26585;202000017370;154 711 676;C01;1;7;0;2;3;23;1;
26586;202000017370;154 711 677;A01;2;7;0;2;7;1;1;
26587;202000017371;154 711 673;A01;1;7;0;2;0;20;0;
26588;202000017371;154 711 674;B01;2;50;0;2;0;0;3;
26589;202000017372;154 711 671;B01;3;32;0;2;1;1;1;
26590;202000017372;154 711 672;A01;3;7;0;2;7;15;1;
26591;202000017373;154 711 669;A01;3;7;0;2;1;15;1;
26592;202000017373;154 711 670;B01;1;7;0;2;3;19;1;
26593;202000017374;154 711 667;B01;1;33;0;2;8;26;1;
26594;202000017374;154 711 668;A01;2;7;0;2;1;15;1;
26595;202000017375;154 711 665;A01;1;7;0;9;1;15;1;
26596;202000017375;154 711 666;B01;1;1;0;2;1;13;5;
26597;202000017376;154 711 663;B01;1;30;0;2;5;1;1;
26598;202000017376;154 711 664;A01;2;7;0;2;1;9;1;
26599;202000017377;154 711 662;A01;1;7;2;0;0;0;1;
26600;202000017378;154 711 660;A01;1;10;0;2;1;9;1;
26601;202000017378;154 711 661;B01;1;7;0;2;5;0;1;
26602;202000017379;154 711 658;A01;1;7;0;2;0;0;1;
26603;202000017379;154 711 659;B01;1;7;0;2;0;0;1;
26604;202000017381;154 711 656;A01;1;33;0;0;8;16;1;
26605;202000017382;154 711 655;A01;1;10;13;0;1;1;1;
26606;202000017383;154 711 653;B01;2;15;0;2;5;1;1;
26607;202000017383;154 711 654;A01;1;33;0;2;3;9;1;
26608;202000017384;154 711 652;A01;2;7;8;0;1;1;1;
26609;202000017386;154 711 650;A01;2;7;0;1;2;1;1;
26610;202000017387;154 711 648;B01;3;7;0;2;3;16;1;
26611;202000017387;154 711 649;A01;0;30;0;2;1;1;1;
26612;202000017388;154 711 646;B01;2;7;0;2;7;16;0;
26613;202000017388;154 711 647;A01;1;7;0;2;3;26;1;
26614;202000017389;154 711 645;A01;0;7;8;0;1;1;1;
26615;202000017390;154 711 643;B01;2;7;0;2;7;15;1;
26616;202000017390;154 711 644;A01;1;7;0;2;1;1;1;
26617;202000017391;154 711 641;A01;1;7;0;2;0;0;0;
26618;202000017391;154 711 642;B01;1;7;0;0;0;0;1;
26619;202000017392;154 711 640;A01;3;7;0;1;2;1;1;
26620;202000017393;154 711 638;B01;1;7;0;2;8;1;1;
26621;202000017393;154 711 639;A01;1;7;0;2;4;20;1;
26622;202000017394;154 711 636;A01;1;7;0;0;1;1;1;
26623;202000017394;154 711 637;B01;1;7;0;2;4;23;0;