;Num_Acc;id_vehicule;num_veh;senc;catv;obs;obsm;choc;manv;motor;occutc
26624;202000017395;154 711 634;A01;1;7;0;0;1;2;0;
26625;202000017395;154 711 635;B01;1;33;0;0;4;2;0;
26626;202000017396;154 711 633;A01;3;2;0;0;0;16;1;
26627;202000017397;154 711 632;A01;3;7;0;0;1;1;1;
26628;202000017398;154 711 630;A01;1;7;0;2;1;1;1;
26629;202000017398;154 711 631;B01;2;15;0;2;1;1;1;
26630;202000017399;154 711 627;A01;1;1;0;2;1;19;5;
26631;202000017399;154 711 628;C01;2;7;0;2;1;1;1;
26632;202000017399;154 711 629;B01;2;7;0;2;2;1;1;
26633;202000017400;154 711 625;B01;3;2;0;2;1;11;1;
26634;202000017400;154 711 626;A01;1;7;0;2;2;9;1;
26635;202000017401;154 711 624;A01;2;7;0;1;1;26;1;
26636;202000017402;154 711 622;A01;1;7;0;2;1;5;1;
26637;202000017402;154 711 623;B01;1;7;0;2;1;1;1;
26638;202000017404;154 711 619;A01;0;7;5;0;1;1;1;
26639;202000017405;154 711 617;A01;1;2;0;2;1;1;1;
26640;202000017405;154 711 618;B01;1;7;0;2;6;2;1;
26641;202000017406;154 711 615;B01;1;32;0;2;1;23;1;
26642;202000017406;154 711 616;A01;1;10;0;2;4;4;1;
26643;202000017407;154 711 613;B01;2;32;0;2;8;1;1;
26644;202000017407;154 711 614;A01;1;7;0;2;1;15;1;
26645;202000017408;154 711 612;A01;2;7;8;0;1;1;1;
26646;202000017409;154 711 610;B01;1;7;0;2;5;1;1;
26647;202000017409;154 711 611;A01;2;33;0;2;1;18;1;
26648;202000017410;154 711 608;A01;1;34;0;2;1;3;1;
26649;202000017410;154 711 609;B01;1;7;0;2;5;1;1;
26650;202000017411;154 711 606;Z01;1;7;0;2;0;1;1;
26651;202000017411;154 711 607;A01;1;60;0;2;7;19;5;
26652;202000017412;154 711 605;A01;1;50;0;1;1;1;3;
26653;202000017413;154 711 604;A01;3;7;9;0;2;15;1;
26654;202000017414;154 711 602;B01;1;7;0;2;8;15;1;
26655;202000017414;154 711 603;A01;1;32;0;2;2;17;1;
26656;202000017415;154 711 601;A01;1;1;0;0;0;1;5;
26657;202000017416;154 711 600;Z01;1;10;0;1;1;1;0;
26658;202000017417;154 711 599;A01;2;43;0;1;2;1;1;
26659;202000017418;154 711 597;B01;2;80;0;2;1;15;3;
26660;202000017418;154 711 598;A01;1;7;0;2;3;1;1;
26661;202000017419;154 711 595;B01;1;7;0;2;3;16;2;
26662;202000017419;154 711 596;A01;1;32;0;2;4;1;1;
26663;202000017420;154 711 593;A01;1;7;0;2;1;15;1;
26664;202000017420;154 711 594;B01;2;1;0;2;1;1;5;
26665;202000017421;154 711 591;A01;1;7;0;2;2;1;1;
26666;202000017421;154 711 592;B01;1;1;0;2;1;19;5;
26667;202000017422;154 711 590;A01;1;10;0;1;5;16;1;
26668;202000017423;154 711 588;B01;1;7;0;2;2;16;1;
26669;202000017423;154 711 589;A01;1;37;0;2;3;7;1;2.0
26670;202000017424;154 711 586;A01;2;30;0;2;3;1;1;
26671;202000017424;154 711 587;B01;2;10;0;2;7;12;1;
26672;202000017425;154 711 585;A01;0;10;0;1;4;20;1;
26673;202000017426;154 711 582;B01;1;33;1;2;4;16;1;
26674;202000017426;154 711 583;A01;1;7;14;2;1;1;1;
26675;202000017426;154 711 584;C01;1;7;1;2;4;0;1;
26676;202000017427;154 711 580;A01;1;7;0;2;1;1;1;
26677;202000017427;154 711 581;B01;1;7;0;2;4;2;1;
26678;202000017428;154 711 579;A01;1;7;0;1;0;1;0;
26679;202000017429;154 711 578;A01;2;7;0;1;2;1;1;
26680;202000017430;154 711 576;A01;1;7;0;9;7;22;1;
26681;202000017430;154 711 577;B01;1;2;0;0;8;0;1;
26682;202000017431;154 711 575;A01;0;30;0;1;1;14;1;
26683;202000017432;154 711 573;B01;1;7;0;2;1;2;0;
26684;202000017432;154 711 574;A01;1;15;0;2;4;2;1;
26685;202000017433;154 711 571;A01;2;7;0;2;1;19;1;
26686;202000017433;154 711 572;B01;1;7;0;2;1;2;1;
26687;202000017434;154 711 570;A01;2;7;12;0;2;26;0;
26688;202000017435;154 711 568;B01;0;1;0;2;8;26;5;
26689;202000017435;154 711 569;A01;0;7;0;2;3;15;0;
26690;202000017436;154 711 566;A01;1;7;0;2;2;20;1;
26691;202000017436;154 711 567;B01;1;1;0;2;2;1;0;
26692;202000017437;154 711 565;A01;2;7;0;1;1;1;1;
26693;202000017438;154 711 563;B01;2;10;0;2;2;19;1;
26694;202000017438;154 711 564;A01;1;7;0;2;3;19;1;
26695;202000017439;154 711 562;A01;1;7;0;1;1;1;1;
26696;202000017440;154 711 560;A01;2;33;0;1;1;17;1;
26697;202000017440;154 711 561;B01;2;7;0;2;8;23;0;
26698;202000017441;154 711 559;A01;2;34;0;1;7;25;1;
26699;202000017443;154 711 555;A01;1;7;0;2;2;17;1;
26700;202000017443;154 711 556;B01;2;7;0;2;3;1;1;
26701;202000017444;154 711 553;A01;3;7;0;2;1;15;1;
26702;202000017444;154 711 554;B01;2;33;0;0;7;1;1;
26703;202000017445;154 711 551;A01;0;7;0;2;7;17;1;
26704;202000017445;154 711 552;B01;0;2;0;2;8;1;1;
26705;202000017446;154 711 549;B01;1;17;0;2;6;1;1;
26706;202000017446;154 711 550;A01;1;7;3;2;2;17;1;
26707;202000017447;154 711 548;A01;1;7;0;1;2;15;6;
26708;202000017448;154 711 547;A01;1;7;13;0;3;13;1;
26709;202000017449;154 711 546;A01;3;35;0;0;0;13;0;
26710;202000017450;154 711 544;B01;1;7;0;2;2;0;1;
26711;202000017450;154 711 545;A01;2;7;0;2;2;0;1;
26712;202000017452;154 711 541;A01;1;7;0;1;1;1;1;
26713;202000017453;154 711 538;A01;2;7;0;2;2;2;1;
26714;202000017453;154 711 539;B01;2;1;0;2;4;2;5;
26715;202000017453;154 711 540;C01;2;1;0;2;4;2;5;
26716;202000017455;154 711 533;B01;3;7;0;2;1;15;1;
26717;202000017455;154 711 534;A01;2;7;8;2;2;1;1;
26718;202000017456;154 711 531;B01;1;7;6;2;5;1;1;
26719;202000017456;154 711 532;A01;2;7;0;2;2;19;1;
26720;202000017457;154 711 530;A01;1;7;8;0;1;0;1;
26721;202000017458;154 711 528;B01;1;2;0;2;1;2;1;
26722;202000017458;154 711 529;A01;1;10;0;2;4;4;1;
26723;202000017460;154 711 526;A01;1;7;13;0;1;1;1;
26724;202000017461;154 711 525;A01;1;33;13;0;1;17;1;
26725;202000017462;154 711 521;B01;3;1;0;2;8;16;5;
26726;202000017462;154 711 522;A01;3;7;0;2;1;1;1;
26727;202000017463;154 711 520;A01;2;7;13;0;2;21;1;
26728;202000017464;154 711 517;A01;2;7;0;2;1;15;1;
26729;202000017464;154 711 518;B01;1;1;0;2;1;1;5;
26730;202000017465;154 711 513;C01;2;1;0;2;1;1;5;
26731;202000017465;154 711 514;B01;2;1;0;2;1;1;5;
26732;202000017465;154 711 515;A01;1;7;0;2;1;13;1;
26733;202000017466;154 711 511;A01;1;10;0;2;2;19;1;
26734;202000017466;154 711 512;B01;1;33;0;2;7;1;1;
26735;202000017468;154 711 507;B01;2;7;0;2;1;1;1;
26736;202000017468;154 711 508;A01;1;7;0;2;1;17;1;
26737;202000017469;154 711 506;A01;2;7;2;0;1;19;1;
26738;202000017470;154 711 504;B01;2;7;0;2;3;1;1;
26739;202000017470;154 711 505;A01;1;33;0;2;1;13;1;
26740;202000017471;154 711 503;A01;2;7;13;0;1;14;1;
26741;202000017472;154 711 501;B01;1;2;0;0;1;1;0;
26742;202000017472;154 711 502;A01;2;7;0;0;3;1;0;
26743;202000017473;154 711 500;A01;1;7;6;0;2;1;1;
26744;202000017474;154 711 499;A01;1;10;2;0;8;2;1;
26745;202000017475;154 711 494;A01;1;7;0;2;1;13;1;
26746;202000017475;154 711 495;B01;2;7;0;2;1;1;1;
26747;202000017475;154 711 496;C01;1;15;0;2;6;2;1;
26748;202000017475;154 711 497;D01;2;31;1;0;1;2;1;
26749;202000017475;154 711 498;E01;1;7;0;2;3;1;1;
26750;202000017476;154 711 492;A01;1;7;0;2;2;15;1;
26751;202000017476;154 711 493;B01;1;2;0;2;1;1;1;
26752;202000017477;154 711 486;B01;2;17;0;0;6;1;6;
26753;202000017477;154 711 487;A01;2;10;0;2;2;12;6;
26754;202000017478;154 711 485;A01;3;2;0;0;9;1;1;
26755;202000017479;154 711 483;B01;2;7;0;2;1;1;1;
26756;202000017479;154 711 484;A01;1;7;0;2;1;17;1;
26757;202000017480;154 711 482;A01;3;2;12;0;7;0;0;
26758;202000017481;154 711 480;A01;0;7;0;2;3;15;6;
26759;202000017481;154 711 481;B01;3;2;0;2;1;1;1;
26760;202000017483;154 711 478;A01;2;1;0;0;0;1;0;
26761;202000017484;154 711 477;A01;2;7;0;0;9;26;1;
26762;202000017485;154 711 476;A01;0;7;0;1;3;1;1;
26763;202000017487;154 711 474;A01;1;7;2;0;8;1;0;
26764;202000017488;154 711 473;A01;2;7;16;0;9;1;1;
26765;202000017489;154 711 472;A01;0;7;8;0;2;1;1;
26766;202000017490;154 711 469;C01;3;33;0;2;1;1;1;
26767;202000017490;154 711 470;B01;3;7;0;2;3;1;1;
26768;202000017490;154 711 471;A01;3;7;0;2;3;21;1;
26769;202000017491;154 711 467;B01;1;7;0;2;7;1;1;
26770;202000017491;154 711 468;A01;1;7;0;2;3;11;1;
26771;202000017492;154 711 465;B01;2;32;0;2;4;1;1;
26772;202000017492;154 711 466;A01;2;10;0;2;1;2;1;
26773;202000017493;154 711 463;B01;1;10;0;2;5;1;1;
26774;202000017493;154 711 464;A01;1;33;0;2;1;3;1;
26775;202000017494;154 711 461;A01;2;7;0;2;1;1;1;
26776;202000017494;154 711 462;B01;2;7;0;2;4;1;1;
26777;202000017495;154 711 458;C01;2;7;0;2;4;2;1;
26778;202000017495;154 711 459;A01;2;7;0;2;1;2;1;
26779;202000017495;154 711 460;B01;2;10;0;2;4;2;1;
26780;202000017497;154 711 453;C01;1;7;3;2;4;1;1;
26781;202000017497;154 711 454;A01;1;10;0;2;1;2;1;
26782;202000017497;154 711 455;B01;1;10;0;2;5;2;1;
26783;202000017498;154 711 452;A01;2;7;4;0;2;14;1;
26784;202000017499;154 711 450;B01;2;7;0;2;8;1;1;
26785;202000017499;154 711 451;A01;2;17;0;2;2;14;1;
26786;202000017500;154 711 447;C01;2;10;0;2;4;2;1;
26787;202000017500;154 711 448;B01;2;7;0;2;4;2;1;
26788;202000017500;154 711 449;A01;2;10;0;2;1;2;1;
26789;202000017501;154 711 445;B01;1;7;4;2;6;1;1;
26790;202000017501;154 711 446;A01;1;7;0;2;2;1;1;
26791;202000017502;154 711 442;C01;2;7;0;2;4;1;1;
26792;202000017502;154 711 443;B01;2;7;0;2;4;1;1;
26793;202000017502;154 711 444;A01;2;7;0;2;1;1;1;
26794;202000017503;154 711 441;A01;1;7;0;1;1;1;1;
26795;202000017504;154 711 440;A01;3;31;0;0;8;26;1;
26796;202000017506;154 711 437;A01;3;1;0;1;0;0;5;
26797;202000017507;154 711 435;B01;1;7;0;2;4;23;1;
26798;202000017507;154 711 436;A01;1;7;0;2;1;1;1;
26799;202000017508;154 711 433;B01;1;7;0;2;1;1;1;
26800;202000017508;154 711 434;A01;1;7;0;2;5;15;1;
26801;202000017509;154 711 432;A01;1;17;6;1;1;1;1;
26802;202000017510;154 711 431;A01;0;7;2;0;1;26;0;
26803;202000017511;154 711 429;A01;3;31;0;2;8;16;1;
26804;202000017511;154 711 430;B01;3;30;0;2;7;2;1;
26805;202000017512;154 711 428;A01;1;7;4;0;1;1;1;
26806;202000017513;154 711 426;B01;0;1;0;2;6;19;5;
26807;202000017513;154 711 427;A01;1;7;0;2;4;16;1;
26808;202000017514;154 711 424;B01;1;7;0;0;3;9;1;
26809;202000017514;154 711 425;A01;1;34;0;2;2;21;1;
26810;202000017515;154 711 422;A01;1;7;0;2;2;1;1;
26811;202000017515;154 711 423;B01;3;60;0;2;8;1;5;
26812;202000017516;154 711 421;A01;2;33;0;0;7;15;1;
26813;202000017517;154 711 420;A01;2;7;1;0;1;13;1;
26814;202000017519;154 711 418;A01;2;7;6;0;1;26;1;
26815;202000017520;154 711 417;Z01;1;7;0;1;0;0;0;
26816;202000017522;154 711 412;C01;2;37;0;0;4;1;1;1.0
26817;202000017522;154 711 413;B01;2;7;0;2;4;1;1;
26818;202000017522;154 711 414;Z01;2;7;0;2;1;1;1;
26819;202000017523;154 711 410;A01;2;7;0;2;2;1;0;
26820;202000017523;154 711 411;B01;2;7;0;2;1;1;0;
26821;202000017524;154 711 408;B01;1;7;0;2;1;9;1;
26822;202000017524;154 711 409;A01;1;7;0;2;4;9;1;
26823;202000017525;154 711 405;B01;1;7;0;2;2;15;1;
26824;202000017525;154 711 406;A01;1;32;0;2;1;18;1;
26825;202000017525;154 711 407;C01;1;7;0;2;4;0;1;
26826;202000017526;154 711 403;A01;2;33;0;2;1;1;1;
26827;202000017526;154 711 404;B01;2;10;0;2;4;1;1;
26828;202000017527;154 711 401;A01;2;7;0;2;3;15;1;
26829;202000017527;154 711 402;B01;1;7;0;2;3;1;1;
26830;202000017528;154 711 400;A01;1;7;0;1;1;15;1;
26831;202000017529;154 711 398;B01;2;7;0;2;4;2;1;
26832;202000017529;154 711 399;A01;2;7;0;2;1;2;1;
26833;202000017530;154 711 396;A01;1;7;0;2;2;1;1;
26834;202000017530;154 711 397;B01;1;60;0;2;0;9;5;
26835;202000017531;154 711 394;A01;1;7;0;2;1;2;1;
26836;202000017531;154 711 395;B01;1;7;0;2;4;2;1;
26837;202000017532;154 711 392;A01;1;7;0;2;2;1;1;
26838;202000017532;154 711 393;B01;1;7;1;2;0;9;1;
26839;202000017533;154 711 390;B01;1;7;0;2;0;15;1;
26840;202000017533;154 711 391;A01;2;30;0;2;1;1;1;
26841;202000017534;154 711 389;A01;1;1;12;0;1;14;5;
26842;202000017535;154 711 387;A01;1;7;0;2;1;1;1;
26843;202000017535;154 711 388;B01;1;10;0;2;4;23;1;
26844;202000017536;154 711 385;A01;2;7;0;2;7;1;1;
26845;202000017536;154 711 386;B01;2;32;0;2;1;1;1;
26846;202000017537;154 711 384;A01;1;32;0;1;1;1;1;
26847;202000017539;154 711 380;A01;1;7;0;2;2;1;1;
26848;202000017539;154 711 381;B01;1;43;0;2;8;3;1;
26849;202000017540;154 711 379;A01;1;1;14;0;1;13;5;
26850;202000017541;154 711 377;A01;1;10;0;2;2;26;1;
26851;202000017541;154 711 378;B01;1;34;0;2;1;1;1;
26852;202000017542;154 711 376;A01;3;13;0;1;2;21;1;
26853;202000017543;154 711 374;A01;1;7;0;2;1;1;0;
26854;202000017543;154 711 375;B01;1;7;0;2;4;1;0;
26855;202000017544;154 711 372;B01;2;10;0;2;2;1;1;
26856;202000017544;154 711 373;A01;1;7;0;2;4;15;1;
26857;202000017545;154 711 370;A01;-1;20;0;2;1;2;0;
26858;202000017545;154 711 371;B01;-1;20;0;2;0;0;0;
26859;202000017546;154 711 367;C01;1;7;1;0;3;0;1;
26860;202000017546;154 711 368;B01;1;7;0;0;4;0;1;
26861;202000017546;154 711 369;A01;1;7;0;2;1;13;1;
26862;202000017547;154 711 365;A01;1;34;0;2;1;19;1;
26863;202000017547;154 711 366;B01;1;7;0;9;3;15;1;
26864;202000017548;154 711 364;B01;1;30;0;0;5;26;1;
26865;202000017549;154 711 363;A01;3;50;0;1;4;25;3;
26866;202000017550;154 711 361;A01;3;10;0;2;3;18;0;
26867;202000017550;154 711 362;B01;3;34;0;0;0;0;0;
26868;202000017551;154 711 360;A01;1;30;0;0;7;8;1;
26869;202000017552;154 711 358;A01;2;7;0;2;3;20;1;
26870;202000017552;154 711 359;B01;2;99;1;2;3;2;3;
26871;202000017553;154 711 356;B01;2;7;0;0;6;1;1;
26872;202000017553;154 711 357;A01;0;7;0;2;8;9;1;
26873;202000017554;154 711 354;B01;1;99;0;0;6;23;6;
26874;202000017554;154 711 355;A01;1;7;0;2;2;17;1;
26875;202000017555;154 711 353;A01;1;7;0;1;6;4;1;
26876;202000017556;154 711 351;A01;2;7;0;2;1;13;1;
26877;202000017556;154 711 352;B01;1;7;0;2;1;1;1;
26878;202000017557;154 711 349;A01;2;10;4;2;9;17;1;
26879;202000017557;154 711 350;B01;2;17;0;2;8;1;1;
26880;202000017560;154 711 343;A01;2;7;0;2;4;2;1;
26881;202000017560;154 711 344;B01;2;2;0;2;1;2;1;
26882;202000017561;154 711 342;A01;2;7;0;0;1;1;1;
26883;202000017562;154 711 340;A01;1;7;0;2;1;2;1;
26884;202000017562;154 711 341;B01;1;10;0;0;4;2;1;
26885;202000017563;154 711 338;B01;1;32;0;0;4;1;1;
26886;202000017563;154 711 339;A01;1;7;0;2;1;1;1;
26887;202000017564;154 711 335;B01;1;10;0;2;1;1;1;
26888;202000017564;154 711 336;C01;1;10;0;2;3;1;1;
26889;202000017564;154 711 337;A01;2;15;3;2;1;0;1;
26890;202000017565;154 711 334;A01;2;17;13;0;2;1;1;
26891;202000017567;154 711 326;B01;2;33;0;2;1;1;1;
26892;202000017567;154 711 327;A01;2;7;0;2;7;19;1;
26893;202000017568;154 711 324;A01;2;7;0;2;8;9;1;
26894;202000017568;154 711 325;B01;2;2;0;2;1;1;1;
26895;202000017569;154 711 323;A01;3;2;13;0;1;14;1;
26896;202000017570;154 711 321;B01;1;32;0;2;1;1;1;
26897;202000017570;154 711 322;A01;2;7;0;2;3;15;1;
26898;202000017571;154 711 319;A01;3;7;0;2;3;1;1;
26899;202000017571;154 711 320;B01;3;2;0;2;3;1;1;
26900;202000017572;154 711 317;B01;2;33;0;2;1;1;1;
26901;202000017572;154 711 318;A01;1;10;0;2;6;15;1;
26902;202000017573;154 711 316;A01;2;33;13;0;1;13;1;
26903;202000017574;154 711 314;B01;1;7;0;2;1;1;1;
26904;202000017574;154 711 315;A01;2;7;0;2;1;13;1;
26905;202000017575;154 711 313;A01;3;2;1;0;1;1;0;
26906;202000017576;154 711 312;A01;1;2;13;0;1;1;1;
26907;202000017577;154 711 310;B01;0;1;0;2;1;1;5;
26908;202000017577;154 711 311;A01;0;7;0;2;3;1;1;
26909;202000017578;154 711 307;B01;2;7;0;2;3;23;1;
26910;202000017578;154 711 308;C01;2;7;0;2;2;1;1;
26911;202000017578;154 711 309;A01;1;7;0;2;7;15;1;
26912;202000017579;154 711 305;B01;3;31;0;2;1;16;1;
26913;202000017579;154 711 306;A01;3;7;0;2;3;15;1;
26914;202000017580;154 711 303;B01;1;7;0;0;8;16;1;
26915;202000017580;154 711 304;A01;1;7;0;2;1;1;1;
26916;202000017581;154 711 302;A01;2;1;3;0;3;1;5;
26917;202000017582;154 711 299;C01;1;7;0;2;1;13;1;
26918;202000017582;154 711 300;B01;2;7;0;2;1;1;1;
26919;202000017582;154 711 301;A01;2;7;0;2;8;1;1;
26920;202000017583;154 711 295;A01;1;7;0;2;3;1;1;
26921;202000017583;154 711 296;B01;2;7;0;2;3;1;1;
26922;202000017584;154 711 293;A01;3;7;8;0;1;1;1;
26923;202000017585;154 711 290;A01;1;7;1;0;3;15;1;
26924;202000017585;154 711 291;B01;1;37;0;2;2;13;1;1.0
26925;202000017585;154 711 292;C01;2;7;0;0;4;26;1;
26926;202000017586;154 711 288;A01;0;7;0;2;1;13;1;
26927;202000017586;154 711 289;B01;0;7;0;2;1;1;1;
26928;202000017587;154 711 286;A01;0;7;0;2;3;13;1;
26929;202000017587;154 711 287;B01;1;7;0;2;3;1;1;
26930;202000017588;154 711 284;A01;2;7;0;2;2;5;1;
26931;202000017588;154 711 285;B01;1;2;0;2;7;1;1;
26932;202000017589;154 711 282;A01;3;2;0;2;3;13;1;
26933;202000017589;154 711 283;B01;3;7;0;2;3;1;1;
26934;202000017590;154 711 280;A01;1;30;0;2;1;15;1;
26935;202000017590;154 711 281;B01;2;7;0;2;3;1;1;
26936;202000017591;154 711 279;A01;2;7;8;0;2;14;1;
26937;202000017592;154 711 277;B01;1;7;0;2;8;9;6;
26938;202000017592;154 711 278;A01;2;7;0;2;1;1;6;
26939;202000017593;154 711 276;A01;1;33;0;6;1;0;1;
26940;202000017594;154 711 275;A01;1;7;0;0;9;1;1;
26941;202000017595;154 711 271;D01;2;7;0;2;7;1;0;
26942;202000017595;154 711 272;C01;2;7;0;2;3;2;0;
26943;202000017595;154 711 273;B01;2;7;0;2;5;13;0;
26944;202000017595;154 711 274;A01;2;7;0;0;0;1;0;
26945;202000017596;154 711 270;A01;1;7;13;0;0;0;1;
26946;202000017598;154 711 267;A01;1;7;2;0;5;1;1;
26947;202000017599;154 711 264;A01;0;7;13;0;0;1;1;
26948;202000017600;154 711 261;B01;2;15;0;2;8;1;1;
26949;202000017600;154 711 263;A01;2;7;4;2;1;17;1;
26950;202000017601;154 711 260;B01;1;1;0;2;4;2;5;
26951;202000017601;154 711 262;A01;1;7;0;2;2;2;1;
26952;202000017602;154 711 257;A01;2;7;0;2;7;3;0;
26953;202000017602;154 711 258;B01;2;7;0;2;1;1;0;
26954;202000017602;154 711 259;C01;2;13;0;2;2;1;0;
26955;202000017603;154 711 255;A01;1;2;12;0;2;0;1;
26956;202000017604;154 711 254;A01;1;7;3;2;1;13;2;
26957;202000017604;154 711 256;B01;1;7;0;2;5;1;1;
26958;202000017605;154 711 253;A01;1;33;12;0;2;1;1;
26959;202000017606;154 711 251;A01;2;7;15;0;1;13;1;
26960;202000017607;154 711 250;A01;1;7;0;2;1;1;1;
26961;202000017607;154 711 252;B01;1;7;0;2;4;2;1;
26962;202000017608;154 711 249;A01;3;7;0;1;2;16;1;
26963;202000017609;154 711 247;A01;1;7;0;2;1;2;1;
26964;202000017609;154 711 248;B01;1;1;0;2;4;2;5;
26965;202000017610;154 711 245;A01;1;1;0;0;8;1;5;
26966;202000017610;154 711 246;B01;1;7;0;2;7;2;1;
26967;202000017611;154 711 244;A01;2;7;5;0;1;26;1;
26968;202000017612;154 711 241;A01;1;10;4;0;1;13;1;
26969;202000017613;154 711 240;A01;1;7;0;1;2;1;1;
26970;202000017614;154 711 242;B01;2;10;0;2;1;1;1;
26971;202000017614;154 711 243;A01;1;7;0;2;1;13;1;
26972;202000017615;154 711 238;A01;1;7;0;2;1;15;1;
26973;202000017615;154 711 239;B01;2;33;0;2;2;1;1;
26974;202000017616;154 711 236;B01;2;31;0;2;1;17;1;
26975;202000017616;154 711 237;A01;1;10;0;2;3;20;1;
26976;202000017617;154 711 233;A01;1;7;0;2;3;9;0;
26977;202000017617;154 711 235;B01;1;7;0;2;7;1;1;
26978;202000017618;154 711 231;C01;2;7;0;9;7;10;1;
26979;202000017618;154 711 232;B01;1;1;0;2;1;1;5;
26980;202000017618;154 711 234;A01;1;1;0;2;1;1;5;
26981;202000017619;154 711 229;B01;1;7;0;2;7;13;1;
26982;202000017619;154 711 230;A01;2;7;3;2;2;13;1;
26983;202000017620;154 711 227;A01;0;7;0;9;1;1;0;
26984;202000017620;154 711 228;B01;0;1;0;2;2;5;0;
26985;202000017621;154 711 226;A01;2;7;2;0;7;13;1;
26986;202000017622;154 711 224;A01;2;7;0;2;1;1;0;
26987;202000017622;154 711 225;B01;1;7;0;2;7;15;0;
26988;202000017623;154 711 221;B01;0;7;0;2;8;15;0;
26989;202000017623;154 711 223;A01;2;31;0;2;1;13;0;
26990;202000017624;154 711 220;B01;1;99;0;2;1;1;3;
26991;202000017624;154 711 222;A01;2;7;0;9;3;1;1;
26992;202000017625;154 711 216;A01;1;7;0;2;0;0;1;
26993;202000017625;154 711 218;C01;1;7;0;2;4;1;1;
26994;202000017625;154 711 219;B01;1;7;0;2;4;1;1;
26995;202000017626;154 711 215;A01;1;7;0;2;1;1;1;
26996;202000017626;154 711 217;B01;1;7;0;2;4;1;1;
26997;202000017627;154 711 213;B01;2;7;0;2;0;0;1;
26998;202000017627;154 711 214;A01;2;7;0;2;1;2;1;
26999;202000017628;154 711 211;A01;2;7;0;2;2;26;1;
27000;202000017628;154 711 212;B01;2;30;0;2;4;0;1;
27001;202000017629;154 711 209;A01;2;15;0;2;2;1;1;
27002;202000017629;154 711 210;B01;2;7;4;2;6;1;1;
27003;202000017630;154 711 207;B01;2;99;0;2;2;1;1;
27004;202000017630;154 711 208;A01;2;1;0;2;2;19;5;
27005;202000017631;154 711 204;A01;3;7;0;2;1;26;1;
27006;202000017631;154 711 205;B01;3;1;0;2;6;26;5;
27007;202000017632;154 711 206;A01;1;33;0;0;5;1;1;
27008;202000017633;154 711 203;A01;1;30;9;0;1;1;1;
27009;202000017634;154 711 202;A01;1;7;0;5;1;21;1;
27010;202000017635;154 711 199;A01;3;7;0;9;3;1;1;
27011;202000017635;154 711 201;B01;3;1;12;2;1;1;5;
27012;202000017636;154 711 200;A01;1;7;3;0;2;14;1;
27013;202000017637;154 711 195;A01;3;10;0;2;2;15;1;
27014;202000017637;154 711 197;B01;3;33;0;2;1;1;1;
27015;202000017638;154 711 196;A01;2;15;0;2;2;12;1;
27016;202000017638;154 711 198;B01;2;7;0;2;6;1;1;
27017;202000017639;154 711 193;A01;2;33;0;2;7;2;1;
27018;202000017639;154 711 194;B01;2;7;0;2;6;2;1;
27019;202000017640;154 711 192;A01;2;7;0;1;1;1;1;
27020;202000017641;154 711 189;B01;1;33;0;2;4;2;1;
27021;202000017641;154 711 191;A01;1;7;0;2;1;2;1;
27022;202000017642;154 711 183;E01;1;7;0;2;4;26;1;
27023;202000017642;154 711 185;D01;1;7;0;2;4;21;1;
27024;202000017642;154 711 187;C01;1;7;0;2;4;26;1;
27025;202000017642;154 711 188;A01;1;7;0;2;1;21;1;
27026;202000017642;154 711 190;B01;1;7;0;2;4;21;1;
27027;202000017643;154 711 184;A01;2;10;0;2;5;1;1;
27028;202000017643;154 711 186;B01;2;1;0;2;5;1;5;
27029;202000017644;154 711 180;A01;0;7;0;9;8;15;1;
27030;202000017644;154 711 182;B01;1;31;0;2;1;1;1;
27031;202000017645;154 711 179;A01;2;7;0;2;6;19;1;
27032;202000017645;154 711 181;B01;2;33;1;2;1;1;1;
27033;202000017646;154 711 177;A01;2;0;0;9;7;16;0;
27034;202000017646;154 711 178;B01;2;2;0;2;1;1;1;
27035;202000017647;154 711 176;A01;3;7;0;1;2;2;3;
27036;202000017648;154 711 174;A01;1;34;0;9;0;26;1;
27037;202000017648;154 711 175;B01;2;30;0;9;0;0;1;
27038;202000017649;154 711 170;A01;2;7;0;2;2;12;1;
27039;202000017649;154 711 171;B01;2;7;0;2;3;1;1;
27040;202000017650;154 711 167;A01;1;1;0;2;1;1;5;
27041;202000017650;154 711 169;B01;2;7;0;2;8;1;1;
27042;202000017651;154 711 164;A01;1;1;0;1;1;5;5;
27043;202000017652;154 711 165;Z01;1;7;0;2;1;1;1;
27044;202000017652;154 711 166;B01;2;7;0;2;1;1;1;
27045;202000017653;154 711 163;A01;1;7;0;0;9;14;1;
27046;202000017654;154 711 161;A01;1;7;12;0;1;26;1;
27047;202000017655;154 711 160;A01;1;30;0;2;8;1;1;
27048;202000017655;154 711 162;B01;1;7;0;2;2;16;1;
27049;202000017656;154 711 158;A01;2;7;0;2;1;15;1;
27050;202000017656;154 711 159;B01;0;33;0;2;8;1;1;
27051;202000017657;154 711 157;A01;1;10;0;1;0;1;1;
27052;202000017658;154 711 154;A01;1;30;0;0;8;1;1;
27053;202000017660;154 711 150;A01;0;7;0;2;1;1;1;
27054;202000017660;154 711 152;B01;0;7;0;2;8;1;1;
27055;202000017661;154 711 149;A01;1;7;0;2;1;1;0;
27056;202000017661;154 711 151;B01;1;7;0;0;0;0;0;