;Num_Acc;id_vehicule;num_veh;senc;catv;obs;obsm;choc;manv;motor;occutc
27057;202000017662;154 711 147;A01;3;7;0;1;8;0;1;
27058;202000017663;154 711 146;A01;1;7;0;2;1;26;1;
27059;202000017663;154 711 148;B01;1;2;0;2;1;26;1;
27060;202000017664;154 711 145;A01;1;7;0;1;1;1;1;
27061;202000017665;154 711 144;A01;1;7;0;1;2;1;1;
27062;202000017666;154 711 142;A01;0;7;0;1;0;0;1;
27063;202000017667;154 711 141;B01;0;7;0;2;8;1;1;
27064;202000017667;154 711 143;A01;0;7;0;2;3;1;1;
27065;202000017668;154 711 138;A01;2;7;0;2;2;17;1;
27066;202000017668;154 711 140;B01;2;80;0;2;8;1;3;
27067;202000017669;154 711 137;B01;1;37;0;0;7;1;1;1.0
27068;202000017669;154 711 139;A01;1;1;0;2;7;9;5;
27069;202000017670;154 711 134;A01;1;7;0;2;4;2;1;
27070;202000017670;154 711 135;B01;1;7;0;2;4;2;1;
27071;202000017670;154 711 136;Z01;1;7;0;2;1;2;1;
27072;202000017671;154 711 132;A01;1;7;0;2;1;1;1;
27073;202000017671;154 711 133;B01;1;7;0;2;4;1;1;
27074;202000017672;154 711 130;Z01;1;7;0;2;0;1;0;
27075;202000017672;154 711 131;A01;0;34;0;2;8;1;1;
27076;202000017673;154 711 128;B01;1;7;14;0;0;16;1;
27077;202000017673;154 711 129;A01;1;7;15;0;0;15;1;
27078;202000017674;154 711 126;A01;1;7;0;2;1;2;1;
27079;202000017674;154 711 127;B01;1;10;0;2;4;2;1;
27080;202000017675;154 711 123;A01;2;7;0;1;3;1;1;
27081;202000017677;154 711 120;A01;1;7;0;2;3;1;1;
27082;202000017677;154 711 122;B01;1;7;0;2;1;1;1;
27083;202000017678;154 711 119;A01;1;7;0;2;3;9;1;
27084;202000017678;154 711 121;B01;1;1;0;2;7;1;5;
27085;202000017679;154 711 115;A01;1;7;0;2;1;2;0;
27086;202000017679;154 711 117;B01;1;7;0;2;4;2;0;
27087;202000017680;154 711 116;B01;1;33;0;2;4;2;1;
27088;202000017680;154 711 118;A01;1;7;0;2;1;2;1;
27089;202000017681;154 711 112;A01;0;99;0;2;3;19;1;
27090;202000017681;154 711 114;B01;0;99;8;2;1;1;1;
27091;202000017682;154 711 111;A01;3;7;0;1;1;15;1;
27092;202000017683;154 711 109;A01;2;7;0;1;3;1;2;
27093;202000017684;154 711 110;B01;0;3;0;2;7;0;1;
27094;202000017684;154 711 113;A01;0;7;0;2;1;1;1;
27095;202000017686;154 711 106;A01;1;7;0;2;1;1;1;
27096;202000017686;154 711 107;B01;1;7;0;2;0;23;1;
27097;202000017687;154 711 104;B01;3;7;0;2;1;1;1;
27098;202000017687;154 711 105;A01;3;7;0;1;1;1;1;
27099;202000017688;154 711 101;A01;2;7;0;9;3;1;1;
27100;202000017688;154 711 103;B01;1;1;0;2;1;19;5;
27101;202000017689;154 711 100;A01;1;1;0;2;0;1;5;
27102;202000017689;154 711 102;B01;1;7;0;2;0;0;1;
27103;202000017690;154 711 098;A01;1;7;14;0;1;1;1;
27104;202000017691;154 711 099;A01;2;34;12;0;1;14;1;
27105;202000017692;154 711 097;A01;1;80;14;0;1;9;3;
27106;202000017693;154 711 096;A01;3;32;0;0;8;26;1;
27107;202000017694;154 711 093;B01;1;7;0;2;4;23;1;
27108;202000017694;154 711 094;C01;1;7;0;2;4;23;1;
27109;202000017694;154 711 095;A01;1;10;0;2;1;9;1;
27110;202000017695;154 711 092;A01;2;32;0;0;8;17;1;
27111;202000017696;154 711 090;B01;3;7;0;2;1;2;1;
27112;202000017696;154 711 091;A01;3;7;0;2;8;13;1;
27113;202000017697;154 711 087;A01;2;7;0;2;1;1;1;
27114;202000017697;154 711 089;B01;2;35;0;2;4;1;1;
27115;202000017698;154 711 086;B01;0;1;0;2;1;2;5;
27116;202000017698;154 711 088;A01;0;99;0;2;3;22;1;
27117;202000017699;154 711 084;B01;1;1;0;2;1;1;5;
27118;202000017699;154 711 085;A01;2;7;0;2;1;15;1;
27119;202000017700;154 711 079;B01;3;2;0;2;7;1;1;
27120;202000017700;154 711 081;A01;3;7;0;2;6;19;1;
27121;202000017701;154 711 080;B01;2;33;0;2;1;1;1;
27122;202000017701;154 711 082;A01;1;7;0;2;1;15;1;
27123;202000017702;154 711 077;A01;3;7;0;2;8;10;0;
27124;202000017702;154 711 078;B01;3;31;0;0;0;0;0;
27125;202000017704;154 711 073;A01;1;10;0;2;3;16;1;
27126;202000017704;154 711 075;B01;1;1;0;2;2;1;5;
27127;202000017705;154 711 072;A01;1;7;0;2;1;14;1;
27128;202000017706;154 711 071;A01;0;40;0;1;1;1;3;
27129;202000017707;154 711 069;B01;1;7;0;2;7;1;1;
27130;202000017707;154 711 070;A01;1;30;0;2;8;1;1;
27131;202000017708;154 711 066;B01;0;40;0;2;1;1;3;
27132;202000017708;154 711 067;A01;0;1;0;4;1;1;5;
27133;202000017709;154 711 068;A01;3;7;4;0;1;0;1;
27134;202000017710;154 711 064;A01;1;1;0;2;8;11;5;
27135;202000017710;154 711 065;B01;1;31;0;2;1;1;1;
27136;202000017711;154 711 062;B01;1;7;0;2;3;21;1;
27137;202000017711;154 711 063;A01;2;7;0;2;1;13;1;
27138;202000017712;154 711 061;A01;0;7;1;0;1;1;1;
27139;202000017713;154 711 059;A01;1;7;0;1;1;1;1;
27140;202000017714;154 711 058;A01;1;7;0;2;2;16;1;
27141;202000017714;154 711 060;B01;1;31;0;2;1;1;1;
27142;202000017715;154 711 056;A01;2;7;13;0;9;0;1;
27143;202000017715;154 711 057;B01;2;7;0;2;1;2;1;
27144;202000017716;154 711 055;A01;1;7;0;0;9;1;1;
27145;202000017717;154 711 053;B01;1;1;0;2;8;1;5;
27146;202000017717;154 711 054;A01;1;7;0;2;2;16;1;
27147;202000017718;154 711 052;A01;0;2;0;1;1;1;1;
27148;202000017719;154 711 050;A01;2;32;11;0;1;1;1;
27149;202000017720;154 711 049;B01;1;7;0;0;4;1;3;
27150;202000017720;154 711 051;A01;1;31;0;2;1;1;1;
27151;202000017721;154 711 046;B01;1;33;0;0;0;0;0;
27152;202000017721;154 711 048;A01;2;7;0;2;8;17;1;
27153;202000017722;154 711 045;A01;0;7;0;2;3;15;1;
27154;202000017722;154 711 047;B01;0;7;0;2;1;1;1;
27155;202000017723;154 711 042;B01;3;50;0;2;0;0;3;
27156;202000017723;154 711 044;A01;3;7;0;2;1;9;1;
27157;202000017724;154 711 041;B01;0;33;0;0;4;1;1;
27158;202000017724;154 711 043;A01;0;7;0;2;1;2;1;
27159;202000017725;154 711 038;B01;2;1;0;2;1;1;0;
27160;202000017725;154 711 040;A01;1;7;0;9;3;15;1;
27161;202000017726;154 711 033;B01;0;7;0;2;8;1;1;
27162;202000017726;154 711 034;A01;0;7;0;2;0;1;1;
27163;202000017727;154 711 030;Z01;0;7;0;2;0;0;0;
27164;202000017727;154 711 031;A01;2;7;0;2;8;2;1;
27165;202000017728;154 711 032;A01;3;10;0;2;8;9;6;
27166;202000017728;154 711 035;B01;3;1;0;2;7;1;0;
27167;202000017729;154 711 028;A01;1;33;3;0;1;0;1;
27168;202000017730;154 711 027;A01;2;7;0;2;2;26;1;
27169;202000017730;154 711 029;B01;2;7;0;2;6;26;1;
27170;202000017731;154 711 026;A01;2;7;3;0;1;15;1;
27171;202000017732;154 711 025;A01;3;37;0;1;3;19;1;1.0
27172;202000017733;154 711 023;A01;1;7;8;0;1;2;1;
27173;202000017734;154 711 022;A01;2;7;0;2;8;9;1;
27174;202000017734;154 711 024;B01;1;30;0;2;0;1;0;
27175;202000017735;154 711 020;B01;1;32;0;2;1;1;1;
27176;202000017735;154 711 021;A01;1;7;0;2;3;10;1;
27177;202000017736;154 711 018;Z01;1;3;0;1;5;1;0;
27178;202000017737;154 711 017;B01;1;7;0;2;4;0;1;
27179;202000017737;154 711 019;A01;1;7;0;2;1;26;1;
27180;202000017738;154 711 015;B01;1;7;0;2;6;4;1;
27181;202000017738;154 711 016;A01;1;31;0;2;1;2;1;
27182;202000017739;154 711 014;A01;2;80;0;0;0;1;3;
27183;202000017740;154 711 010;C01;2;7;0;2;4;1;0;
27184;202000017740;154 711 012;B01;2;7;0;2;9;1;1;
27185;202000017740;154 711 013;A01;2;10;0;2;1;1;1;
27186;202000017741;154 711 009;B01;2;7;0;2;4;1;1;
27187;202000017741;154 711 011;A01;1;31;0;2;1;26;1;
27188;202000017742;154 711 007;A01;0;7;0;2;2;13;1;
27189;202000017742;154 711 008;B01;1;7;0;2;2;1;1;
27190;202000017743;154 711 004;A01;1;10;0;1;1;2;1;
27191;202000017743;154 711 005;B01;1;7;0;2;1;2;1;
27192;202000017744;154 711 001;B01;3;7;0;2;1;1;0;
27193;202000017744;154 711 003;A01;3;7;0;2;1;13;0;
27194;202000017745;154 711 000;B01;2;17;0;2;6;1;1;
27195;202000017745;154 711 002;A01;2;33;0;2;1;2;1;
27196;202000017746;154 710 998;B01;1;1;0;2;8;0;5;
27197;202000017746;154 710 999;A01;1;7;0;2;7;16;1;
27198;202000017747;154 710 992;B01;1;7;0;2;2;26;0;
27199;202000017747;154 710 995;A01;1;7;16;2;6;15;1;
27200;202000017748;154 710 991;D01;1;10;0;2;1;2;6;
27201;202000017748;154 710 993;E01;1;7;0;2;4;9;1;
27202;202000017748;154 710 994;A01;1;32;0;2;1;2;1;
27203;202000017748;154 710 996;B01;1;10;0;2;1;2;1;
27204;202000017748;154 710 997;C01;1;7;0;2;1;2;1;
27205;202000017749;154 710 988;B01;1;32;0;2;8;3;1;
27206;202000017749;154 710 990;A01;1;7;0;2;7;12;1;
27207;202000017751;154 710 984;A01;1;7;0;2;3;15;1;
27208;202000017751;154 710 985;B01;1;31;0;2;1;21;1;
27209;202000017753;154 710 982;A01;1;30;0;2;1;2;1;
27210;202000017753;154 710 983;B01;2;7;0;2;0;15;1;
27211;202000017754;154 710 981;A01;1;7;12;1;1;14;3;
27212;202000017755;154 710 980;A01;1;1;0;1;0;21;5;
27213;202000017756;154 710 979;A01;1;7;0;1;6;1;1;
27214;202000017757;154 710 977;A01;1;7;0;2;2;10;1;
27215;202000017757;154 710 978;B01;2;1;0;2;8;1;5;
27216;202000017760;154 710 972;A01;1;1;0;2;1;1;5;
27217;202000017760;154 710 973;B01;1;1;0;2;6;1;5;
27218;202000017761;154 710 970;A01;3;7;0;2;1;2;1;
27219;202000017761;154 710 971;B01;3;7;0;2;3;1;1;
27220;202000017762;154 710 969;A01;2;7;8;0;3;13;1;
27221;202000017763;154 710 968;A01;1;10;0;1;1;1;1;
27222;202000017764;154 710 965;B01;3;7;0;2;3;0;2;
27223;202000017764;154 710 966;A01;3;33;0;2;0;0;1;
27224;202000017765;154 710 964;B01;2;30;0;2;1;11;1;
27225;202000017765;154 710 967;A01;2;7;0;2;2;15;1;
27226;202000017766;154 710 962;A01;2;1;0;0;0;1;5;
27227;202000017767;154 710 961;B01;1;7;0;2;4;1;1;
27228;202000017767;154 710 963;A01;1;7;0;2;3;2;1;
27229;202000017768;154 710 957;C01;1;7;0;2;4;2;1;
27230;202000017768;154 710 958;B01;1;7;0;2;6;23;1;
27231;202000017768;154 710 959;A01;1;7;0;2;1;2;1;
27232;202000017769;154 710 956;A01;2;7;0;2;2;15;1;
27233;202000017769;154 710 960;B01;2;33;0;2;1;8;1;
27234;202000017770;154 710 954;A01;3;30;0;2;1;1;3;
27235;202000017770;154 710 955;B01;3;7;0;2;3;1;1;
27236;202000017771;154 710 950;B01;1;7;0;2;5;1;1;
27237;202000017771;154 710 952;A01;1;34;0;2;1;1;1;
27238;202000017772;154 710 951;A01;2;32;0;2;8;1;1;
27239;202000017772;154 710 953;B01;1;7;0;2;2;15;1;
27240;202000017773;154 710 947;A01;1;7;0;2;6;11;1;
27241;202000017773;154 710 949;B01;1;33;0;2;1;1;1;
27242;202000017774;154 710 946;B01;2;50;0;2;1;1;3;
27243;202000017774;154 710 948;A01;2;50;0;2;4;17;3;
27244;202000017775;154 710 943;A01;2;7;0;2;3;9;1;
27245;202000017775;154 710 944;B01;2;33;0;2;1;1;1;
27246;202000017776;154 710 942;A01;3;32;0;2;6;18;1;
27247;202000017776;154 710 945;B01;3;7;0;2;2;1;1;
27248;202000017778;154 710 939;B01;3;7;0;2;3;15;1;
27249;202000017778;154 710 940;A01;3;7;0;2;2;1;1;
27250;202000017779;154 710 937;A01;1;30;0;2;1;1;1;
27251;202000017779;154 710 938;B01;1;7;0;2;8;15;1;
27252;202000017780;154 710 935;A01;2;50;0;2;8;15;3;
27253;202000017780;154 710 936;Z01;1;1;0;2;1;1;5;
27254;202000017781;154 710 934;A01;2;1;0;0;0;15;5;
27255;202000017782;154 710 932;A01;1;1;0;0;1;1;5;
27256;202000017783;154 710 933;A01;2;34;0;1;1;17;1;
27257;202000017784;154 710 930;B01;2;30;0;2;8;1;0;
27258;202000017784;154 710 931;A01;2;10;0;2;2;16;0;
27259;202000017785;154 710 928;B01;1;1;0;2;1;1;5;
27260;202000017785;154 710 929;A01;1;10;0;2;8;22;1;
27261;202000017786;154 710 927;A01;2;99;0;1;1;15;1;
27262;202000017788;154 710 925;A01;3;7;0;1;1;1;0;
27263;202000017789;154 710 924;Z01;2;0;0;1;4;20;0;
27264;202000017790;154 710 922;B01;3;2;0;2;1;1;1;
27265;202000017790;154 710 923;A01;3;7;0;2;2;1;1;
27266;202000017791;154 710 919;B01;-1;2;0;2;1;1;1;
27267;202000017791;154 710 921;A01;-1;7;0;2;3;15;1;
27268;202000017792;154 710 918;B01;2;60;0;2;3;19;5;
27269;202000017792;154 710 920;A01;1;7;0;2;8;15;1;
27270;202000017793;154 710 915;B01;-1;14;0;2;6;0;1;
27271;202000017793;154 710 917;A01;-1;7;14;0;2;11;1;
27272;202000017794;154 710 914;B01;2;7;0;0;0;9;1;
27273;202000017794;154 710 916;A01;2;1;8;0;2;21;0;
27274;202000017796;154 710 912;A01;0;7;0;1;4;26;0;
27275;202000017797;154 710 910;A01;2;7;0;1;0;1;0;
27276;202000017798;154 710 909;A01;3;50;0;2;1;5;3;
27277;202000017798;154 710 911;B01;2;33;0;2;2;2;1;
27278;202000017799;154 710 908;A01;1;60;0;0;0;19;5;
27279;202000017801;154 710 905;B01;1;7;0;2;4;23;1;
27280;202000017801;154 710 906;A01;2;7;0;2;3;2;1;
27281;202000017802;154 710 903;A01;2;33;0;2;1;19;1;
27282;202000017802;154 710 904;B01;1;7;0;2;2;19;1;
27283;202000017803;154 710 901;B01;1;7;15;2;8;0;0;
27284;202000017803;154 710 902;A01;1;30;0;2;1;19;0;
27285;202000017804;154 710 900;A01;2;32;0;1;1;17;1;
27286;202000017807;154 710 894;B01;-1;33;0;0;3;2;1;
27287;202000017807;154 710 895;A01;-1;7;0;2;5;9;0;
27288;202000017808;154 710 892;A01;2;10;0;2;5;14;0;
27289;202000017808;154 710 893;B01;2;50;0;2;8;1;3;
27290;202000017809;154 710 891;A01;-1;7;0;0;9;13;0;
27291;202000017810;154 710 890;A01;3;80;0;0;0;1;3;
27292;202000017811;154 710 889;A01;1;1;0;0;1;25;5;
27293;202000017812;154 710 887;B01;2;60;0;2;0;0;5;
27294;202000017812;154 710 888;A01;2;10;0;2;7;21;1;
27295;202000017813;154 710 885;A01;2;7;0;2;1;1;1;
27296;202000017813;154 710 886;B01;1;1;1;0;1;15;5;
27297;202000017814;154 710 883;B01;1;34;0;2;1;19;1;
27298;202000017814;154 710 884;A01;2;30;0;2;5;5;1;
27299;202000017816;154 710 881;A01;1;32;0;1;1;3;1;
27300;202000017817;154 710 877;B01;3;7;0;2;1;1;1;
27301;202000017817;154 710 878;A01;3;7;0;2;1;1;1;
27302;202000017818;154 710 875;B01;2;1;0;2;1;1;5;
27303;202000017818;154 710 876;A01;1;7;0;9;2;17;1;
27304;202000017819;154 710 874;A01;1;7;0;1;2;0;0;
27305;202000017820;154 710 872;A01;3;7;2;2;3;1;0;
27306;202000017820;154 710 873;B01;3;7;2;2;7;15;0;
27307;202000017821;154 710 870;B01;2;7;0;2;4;1;1;
27308;202000017821;154 710 871;A01;2;7;0;2;1;1;1;
27309;202000017822;154 710 868;A01;1;7;0;2;1;2;1;
27310;202000017822;154 710 869;B01;1;7;0;0;4;2;1;
27311;202000017823;154 710 867;A01;1;7;0;1;2;1;1;
27312;202000017824;154 710 866;A01;2;33;0;0;8;1;1;
27313;202000017825;154 710 865;A01;3;7;0;1;4;20;1;
27314;202000017826;154 710 863;A01;1;7;0;2;7;19;1;
27315;202000017826;154 710 864;B01;2;17;0;2;3;1;1;
27316;202000017827;154 710 862;A01;1;2;0;0;0;1;1;
27317;202000017828;154 710 858;B01;2;7;1;2;1;1;1;
27318;202000017828;154 710 859;A01;2;7;0;0;5;23;1;
27319;202000017828;154 710 860;C01;2;7;0;0;0;23;1;
27320;202000017829;154 710 856;B01;1;1;0;2;1;1;5;
27321;202000017829;154 710 857;A01;0;7;0;0;6;15;1;
27322;202000017830;154 710 853;B01;2;7;0;2;8;2;0;
27323;202000017830;154 710 854;A01;1;33;0;2;2;17;0;
27324;202000017830;154 710 855;C01;2;7;0;2;0;2;0;
27325;202000017831;154 710 852;A01;2;7;8;0;0;1;6;
27326;202000017832;154 710 850;A01;1;33;0;2;1;0;1;
27327;202000017832;154 710 851;B01;1;10;0;0;4;2;1;
27328;202000017833;154 710 849;A01;0;31;13;0;0;1;1;
27329;202000017834;154 710 848;A01;2;7;13;0;9;1;1;
27330;202000017835;154 710 846;B01;2;7;0;0;3;1;1;
27331;202000017835;154 710 847;A01;1;31;0;2;0;13;1;
27332;202000017836;154 710 843;A01;1;7;0;2;2;1;1;
27333;202000017836;154 710 844;B01;2;21;0;2;3;1;1;
27334;202000017836;154 710 845;C01;2;7;0;2;6;1;1;
27335;202000017837;154 710 842;A01;1;33;2;0;0;14;0;
27336;202000017838;154 710 841;A01;0;10;8;0;1;0;1;
27337;202000017839;154 710 839;A01;1;2;0;2;1;2;1;
27338;202000017839;154 710 840;B01;1;15;0;0;6;2;1;
27339;202000017840;154 710 837;A01;2;10;0;2;3;13;1;
27340;202000017840;154 710 838;B01;1;38;0;2;3;1;1;1.0
27341;202000017841;154 710 836;A01;-1;31;6;0;7;0;1;
27342;202000017842;154 710 834;B01;1;7;0;2;5;15;0;
27343;202000017842;154 710 835;A01;1;33;0;2;1;2;1;
27344;202000017843;154 710 832;A01;2;7;0;2;3;9;1;
27345;202000017843;154 710 833;B01;2;10;0;2;3;2;1;
27346;202000017844;154 710 830;A01;3;7;0;9;5;10;0;
27347;202000017844;154 710 831;B01;0;33;0;2;1;1;1;
27348;202000017845;154 710 828;A01;1;0;0;2;7;17;0;
27349;202000017845;154 710 829;B01;1;1;0;2;6;2;5;
27350;202000017846;154 710 826;B01;3;37;0;2;8;1;1;1.0
27351;202000017846;154 710 827;A01;3;33;0;2;8;1;1;
27352;202000017847;154 710 825;A01;1;10;0;0;3;2;1;
27353;202000017848;154 710 824;A01;2;7;0;2;1;0;1;
27354;202000017849;154 710 822;B01;1;1;0;2;8;2;6;
27355;202000017849;154 710 823;A01;1;14;0;9;1;2;1;
27356;202000017850;154 710 820;A01;1;7;0;2;2;0;1;
27357;202000017850;154 710 821;B01;2;7;0;2;3;0;1;
27358;202000017851;154 710 818;A01;1;7;0;2;1;5;1;
27359;202000017851;154 710 819;B01;2;7;0;2;2;21;1;
27360;202000017852;154 710 817;A01;3;7;13;0;3;15;1;
27361;202000017853;154 710 815;A01;2;33;0;2;1;2;1;
27362;202000017853;154 710 816;B01;2;7;0;0;4;2;1;
27363;202000017854;154 710 813;A01;3;7;0;2;7;1;1;
27364;202000017854;154 710 814;B01;3;50;0;2;1;1;3;
27365;202000017855;154 710 812;A01;0;7;0;1;1;1;1;
27366;202000017856;154 710 808;C01;3;7;0;2;3;23;1;
27367;202000017856;154 710 809;B01;1;2;0;2;1;1;1;
27368;202000017856;154 710 810;A01;1;7;0;2;2;1;1;
27369;202000017857;154 710 806;A01;3;7;0;2;2;9;1;
27370;202000017857;154 710 807;B01;2;1;0;2;5;1;5;
27371;202000017858;154 710 805;A01;2;33;0;0;8;1;0;
27372;202000017860;154 710 803;A01;1;7;0;0;9;0;1;
27373;202000017861;154 710 801;B01;2;7;0;2;1;1;1;
27374;202000017861;154 710 802;A01;3;7;0;2;1;9;1;
27375;202000017862;154 710 799;B01;1;7;0;2;6;2;1;
27376;202000017862;154 710 800;A01;1;33;0;2;1;2;1;
27377;202000017863;154 710 798;A01;3;10;0;1;1;1;1;
27378;202000017864;154 710 797;A01;1;2;0;0;7;1;1;
27379;202000017865;154 710 795;A01;3;7;0;2;1;1;1;
27380;202000017865;154 710 796;B01;2;10;0;2;3;1;1;
27381;202000017866;154 710 793;A01;1;10;0;9;2;1;1;
27382;202000017866;154 710 794;B01;1;1;0;2;1;26;5;
27383;202000017867;154 710 792;A01;3;7;6;0;1;1;1;
27384;202000017868;154 710 791;A01;1;7;0;5;1;1;1;
27385;202000017869;154 710 789;A01;0;7;0;2;3;9;1;
27386;202000017869;154 710 790;B01;1;7;0;2;5;0;1;
27387;202000017870;154 710 788;A01;1;33;0;2;1;12;1;
27388;202000017871;154 710 786;A01;2;7;0;2;2;17;1;
27389;202000017871;154 710 787;B01;2;38;0;2;6;1;1;1.0
27390;202000017872;154 710 784;B01;2;7;0;2;2;17;1;
27391;202000017872;154 710 785;A01;2;7;0;2;6;1;1;
27392;202000017873;154 710 779;D01;1;10;0;2;4;1;1;
27393;202000017873;154 710 780;A01;1;7;0;2;1;2;1;
27394;202000017873;154 710 781;C01;1;7;0;2;4;2;1;
27395;202000017873;154 710 782;B01;1;10;0;2;4;2;1;
27396;202000017873;154 710 783;E01;1;7;0;2;4;1;1;
27397;202000017874;154 710 778;A01;2;33;16;0;1;14;1;
27398;202000017875;154 710 776;B01;2;33;0;2;8;12;1;
27399;202000017875;154 710 777;A01;2;10;0;2;7;12;1;
27400;202000017876;154 710 774;A01;2;31;0;2;1;2;1;
27401;202000017876;154 710 775;B01;2;7;0;2;6;0;1;
27402;202000017877;154 710 771;A01;1;7;0;0;0;26;1;
27403;202000017877;154 710 772;C01;1;7;0;0;0;0;1;
27404;202000017877;154 710 773;B01;1;7;0;0;0;0;1;
27405;202000017878;154 710 769;B01;2;32;0;2;2;26;1;
27406;202000017878;154 710 770;A01;2;32;0;2;3;26;1;
27407;202000017879;154 710 766;A01;1;14;0;2;0;2;1;
27408;202000017879;154 710 767;B01;1;14;0;2;5;2;1;
27409;202000017879;154 710 768;C01;1;10;0;2;1;2;1;
27410;202000017880;154 710 765;A01;2;32;0;0;3;1;1;
27411;202000017881;154 710 763;A01;1;15;3;0;4;23;1;
27412;202000017881;154 710 764;B01;1;2;3;2;1;1;1;
27413;202000017882;154 710 761;A01;1;7;0;2;8;11;1;
27414;202000017882;154 710 762;B01;1;33;0;2;7;1;1;
27415;202000017883;154 710 758;B01;1;7;0;2;4;23;1;
27416;202000017883;154 710 759;C01;1;7;0;2;1;2;1;
27417;202000017883;154 710 760;A01;1;7;0;2;4;23;1;
27418;202000017884;154 710 757;A01;2;7;4;0;3;1;1;
27419;202000017885;154 710 755;A01;2;7;0;2;5;12;1;
27420;202000017885;154 710 756;B01;2;33;0;2;3;3;1;
27421;202000017886;154 710 754;A01;1;31;0;0;0;26;1;
27422;202000017887;154 710 752;B01;3;2;0;2;7;1;1;
27423;202000017887;154 710 753;A01;3;7;0;2;8;15;1;
27424;202000017888;154 710 750;B01;1;34;0;2;7;1;1;
27425;202000017888;154 710 751;A01;1;7;0;2;8;17;1;
27426;202000017889;154 710 749;A01;3;7;0;1;1;1;0;
27427;202000017891;154 710 745;A01;1;7;0;2;3;5;1;
27428;202000017891;154 710 746;B01;2;7;0;2;3;2;1;
27429;202000017892;154 710 744;A01;3;7;0;1;3;19;0;
27430;202000017893;154 710 743;A01;1;7;0;1;1;1;1;
27431;202000017894;154 710 741;B01;1;30;0;2;3;13;1;
27432;202000017894;154 710 742;A01;1;7;0;2;3;2;0;
27433;202000017895;154 710 739;B01;3;7;14;2;4;1;1;
27434;202000017895;154 710 740;A01;3;7;0;2;1;2;1;
27435;202000017896;154 710 736;A01;1;7;0;2;1;2;1;
27436;202000017896;154 710 737;C01;1;7;0;2;4;23;1;
27437;202000017896;154 710 738;B01;1;7;0;2;4;23;1;
27438;202000017897;154 710 735;A01;1;7;0;0;9;1;1;
27439;202000017898;154 710 733;B01;1;7;0;2;7;1;1;
27440;202000017898;154 710 734;A01;1;7;0;2;9;26;1;
27441;202000017899;154 710 732;A01;0;7;0;1;1;1;1;
27442;202000017900;154 710 730;B01;2;1;0;4;1;1;5;
27443;202000017900;154 710 731;A01;1;40;0;2;8;26;3;
27444;202000017901;154 710 728;A01;2;30;0;2;1;13;1;
27445;202000017901;154 710 729;B01;1;7;0;2;3;1;1;
27446;202000017902;154 710 726;B01;1;7;0;2;4;23;1;
27447;202000017902;154 710 727;A01;1;31;0;2;1;1;1;
27448;202000017903;154 710 724;A01;1;7;0;2;3;15;1;
27449;202000017903;154 710 725;B01;2;7;0;2;3;0;1;
27450;202000017904;154 710 722;B01;3;32;0;2;4;1;1;
27451;202000017904;154 710 723;A01;3;7;0;2;1;26;1;
27452;202000017905;154 710 721;A01;1;10;0;1;2;1;1;
27453;202000017907;154 710 717;C01;1;7;0;2;4;2;1;
27454;202000017907;154 710 718;B01;1;7;0;2;1;2;1;
27455;202000017907;154 710 719;A01;1;7;0;2;1;2;1;
27456;202000017908;154 710 716;A01;0;0;0;1;0;26;0;
27457;202000017909;154 710 714;A01;3;1;0;2;1;1;5;
27458;202000017909;154 710 715;B01;3;7;0;2;8;1;1;
27459;202000017910;154 710 713;A01;3;33;9;0;7;15;1;
27460;202000017911;154 710 711;B01;2;31;0;2;1;1;1;
27461;202000017911;154 710 712;A01;1;7;0;2;3;15;1;
27462;202000017914;154 710 704;Z01;2;7;0;2;0;16;1;
27463;202000017914;154 710 705;A01;2;30;0;2;1;18;1;
27464;202000017915;154 710 703;A01;2;7;0;1;2;15;2;
27465;202000017916;154 710 702;A01;1;30;14;0;7;14;1;
27466;202000017918;154 710 698;B01;2;7;0;2;2;16;2;
27467;202000017918;154 710 699;A01;2;30;0;2;3;18;1;
27468;202000017919;154 710 697;A01;2;50;0;1;1;1;3;
27469;202000017921;154 710 695;A01;0;7;12;0;3;13;1;
27470;202000017922;154 710 693;B01;1;7;0;2;3;15;0;
27471;202000017922;154 710 694;A01;1;32;0;2;7;17;1;
27472;202000017923;154 710 692;A01;2;50;12;0;1;14;3;
27473;202000017924;154 710 691;A01;3;50;0;1;1;1;3;
27474;202000017925;154 710 689;B01;2;1;1;0;1;1;5;
27475;202000017925;154 710 690;A01;2;7;0;2;8;24;0;
27476;202000017926;154 710 687;B01;3;7;0;2;1;1;1;
27477;202000017926;154 710 688;A01;3;7;0;2;4;1;1;
27478;202000017927;154 710 685;A01;1;10;0;2;2;1;1;
27479;202000017927;154 710 686;B01;1;13;0;2;3;15;1;
27480;202000017928;154 710 684;A01;1;2;0;0;8;1;1;
27481;202000017929;154 710 683;A01;1;7;0;1;1;0;1;
27482;202000017930;154 710 682;A01;3;7;0;1;1;9;1;
27483;202000017932;154 710 679;A01;3;10;0;2;3;9;1;
27484;202000017932;154 710 680;B01;3;37;0;2;1;1;1;1.0
27485;202000017933;154 710 678;A01;-1;7;0;1;1;26;0;
27486;202000017935;154 710 675;A01;1;10;0;2;2;2;1;
27487;202000017935;154 710 676;B01;1;7;0;0;4;23;1;
27488;202000017937;154 710 673;A01;1;10;0;1;3;15;1;