;Num_Acc;id_vehicule;num_veh;senc;catv;obs;obsm;choc;manv;motor;occutc
27489;202000017938;154 710 672;A01;-1;7;0;1;1;1;1;
27490;202000017939;154 710 670;A01;-1;7;1;2;2;21;1;
27491;202000017939;154 710 671;B01;1;34;1;0;2;26;1;
27492;202000017940;154 710 669;A01;0;7;0;1;2;1;3;
27493;202000017941;154 710 668;A01;1;30;4;0;8;21;0;
27494;202000017942;154 710 666;B01;1;31;0;2;8;1;1;
27495;202000017942;154 710 667;A01;1;7;0;2;1;1;1;
27496;202000017943;154 710 664;A01;2;10;0;2;1;17;6;
27497;202000017943;154 710 665;B01;1;14;0;2;1;1;1;
27498;202000017944;154 710 662;A01;2;7;0;2;3;15;1;
27499;202000017944;154 710 663;B01;3;33;0;2;3;26;1;
27500;202000017945;154 710 659;C01;2;7;0;2;1;1;1;
27501;202000017945;154 710 660;B01;2;7;0;2;4;23;1;
27502;202000017945;154 710 661;A01;2;10;0;0;4;23;1;
27503;202000017947;154 710 657;A01;-1;7;0;1;2;1;6;
27504;202000017948;154 710 655;B01;1;33;0;2;1;1;1;
27505;202000017948;154 710 656;A01;0;7;0;2;3;15;1;
27506;202000017949;154 710 654;A01;1;7;2;0;1;1;0;
27507;202000017950;154 710 653;A01;3;33;0;1;1;1;1;
27508;202000017951;154 710 651;A01;0;7;0;2;2;19;1;
27509;202000017951;154 710 652;B01;2;7;0;2;8;1;1;
27510;202000017953;154 710 648;A01;1;33;6;0;2;15;1;
27511;202000017954;154 710 646;B01;1;31;0;0;2;1;1;
27512;202000017954;154 710 647;A01;1;7;0;0;4;9;1;
27513;202000017955;154 710 644;B01;1;1;0;2;1;15;5;
27514;202000017955;154 710 645;A01;1;7;0;9;7;1;1;
27515;202000017956;154 710 643;A01;1;10;0;1;1;0;1;
27516;202000017957;154 710 639;A01;1;7;0;2;7;15;1;
27517;202000017957;154 710 640;B01;1;7;0;2;1;1;1;
27518;202000017957;154 710 641;C01;1;7;0;2;2;2;1;
27519;202000017957;154 710 642;D01;2;7;0;2;3;1;1;
27520;202000017958;154 710 636;A01;1;7;8;0;8;1;1;
27521;202000017959;154 710 635;A01;2;7;15;0;7;19;1;
27522;202000017960;154 710 633;A01;0;7;0;2;3;17;1;
27523;202000017960;154 710 634;B01;0;7;0;2;2;0;1;
27524;202000017961;154 710 632;A01;2;30;0;9;7;2;1;
27525;202000017962;154 710 630;B01;2;7;0;2;1;1;0;
27526;202000017962;154 710 631;A01;1;7;0;2;1;13;1;
27527;202000017963;154 710 629;A01;1;15;0;1;3;1;1;
27528;202000017964;154 710 626;C01;1;7;0;2;2;12;1;
27529;202000017964;154 710 627;B01;1;7;0;9;3;21;1;
27530;202000017964;154 710 628;A01;1;1;0;2;6;1;5;
27531;202000017965;154 710 620;C01;0;7;0;0;2;1;0;
27532;202000017965;154 710 621;B01;0;7;0;0;1;13;0;
27533;202000017965;154 710 622;A01;3;7;5;0;8;0;0;
27534;202000017966;154 710 617;B01;2;14;0;2;3;15;1;
27535;202000017966;154 710 618;A01;1;2;0;2;1;1;1;
27536;202000017968;154 710 614;B01;2;7;0;2;1;1;0;
27537;202000017968;154 710 615;A01;2;7;3;0;6;11;1;
27538;202000017969;154 710 613;A01;2;7;4;0;1;1;1;
27539;202000017970;154 710 612;A01;1;7;0;1;7;1;1;
27540;202000017971;154 710 611;A01;1;7;13;0;1;1;1;
27541;202000017972;154 710 610;A01;1;7;0;0;9;1;0;
27542;202000017973;154 710 609;A01;1;7;6;0;2;1;1;
27543;202000017975;154 710 605;A01;1;10;0;2;3;15;1;
27544;202000017975;154 710 606;B01;2;2;0;2;1;1;1;
27545;202000017976;154 710 601;A01;0;7;0;2;1;19;0;
27546;202000017976;154 710 602;B01;0;7;0;2;3;26;0;
27547;202000017977;154 710 599;B01;1;31;0;2;1;1;1;
27548;202000017977;154 710 600;A01;2;10;0;2;2;15;1;
27549;202000017978;154 710 598;A01;2;7;0;1;3;1;1;
27550;202000017979;154 710 597;A01;2;7;0;1;1;19;1;
27551;202000017980;154 710 595;A01;1;2;0;2;1;1;1;
27552;202000017980;154 710 596;B01;1;10;0;2;6;21;1;
27553;202000017981;154 710 589;B01;0;7;0;0;4;2;1;
27554;202000017981;154 710 590;C01;0;7;0;0;1;2;1;
27555;202000017981;154 710 591;A01;0;7;0;0;4;2;1;
27556;202000017982;154 710 587;Z01;1;7;0;2;1;2;1;
27557;202000017982;154 710 588;A01;1;33;0;2;4;2;1;
27558;202000017983;154 710 584;A01;2;10;0;2;4;2;1;
27559;202000017983;154 710 585;B01;2;10;0;2;1;2;1;
27560;202000017983;154 710 586;C01;2;10;0;2;1;2;1;
27561;202000017984;154 710 582;A01;1;17;0;2;2;12;1;
27562;202000017984;154 710 583;B01;1;7;0;2;8;1;1;
27563;202000017986;154 710 578;A01;1;7;0;2;8;11;1;
27564;202000017986;154 710 579;B01;1;31;0;2;7;12;6;
27565;202000017987;154 710 577;A01;2;7;0;0;9;1;1;
27566;202000017989;154 710 574;A01;1;7;4;0;9;2;1;
27567;202000017991;154 710 570;A01;1;7;0;2;1;2;1;
27568;202000017991;154 710 571;B01;1;7;0;2;4;2;1;
27569;202000017992;154 710 569;A01;2;7;5;0;1;26;1;
27570;202000017993;154 710 567;A01;1;7;0;2;1;1;1;
27571;202000017993;154 710 568;B01;1;7;0;2;4;2;1;
27572;202000017994;154 710 565;B01;1;7;0;2;4;1;1;
27573;202000017994;154 710 566;A01;1;15;0;2;1;1;1;
27574;202000017995;154 710 564;A01;2;7;4;0;2;1;1;
27575;202000017996;154 710 563;A01;1;7;4;0;2;0;1;
27576;202000017997;154 710 561;A01;1;7;0;2;1;26;1;
27577;202000017997;154 710 562;B01;1;7;0;2;4;2;1;
27578;202000017998;154 710 560;A01;2;7;4;0;1;2;1;
27579;202000017999;154 710 557;A01;2;7;0;2;8;11;1;
27580;202000017999;154 710 558;B01;2;34;0;2;7;3;1;
27581;202000017999;154 710 559;C01;2;10;0;2;5;1;1;
27582;202000018000;154 710 555;B01;1;33;0;2;1;2;1;
27583;202000018000;154 710 556;A01;1;7;0;2;7;12;1;
27584;202000018001;154 710 553;B01;2;33;0;2;7;3;1;
27585;202000018001;154 710 554;A01;2;7;0;2;8;11;1;
27586;202000018002;154 710 552;A01;1;17;4;0;1;2;1;
27587;202000018003;154 710 549;A01;2;7;0;2;4;2;1;
27588;202000018003;154 710 550;B01;2;7;0;2;4;2;1;
27589;202000018003;154 710 551;C01;2;7;0;2;1;2;1;
27590;202000018004;154 710 547;A01;1;7;0;2;3;13;1;
27591;202000018004;154 710 548;B01;2;7;0;2;3;1;1;
27592;202000018005;154 710 545;B01;1;7;0;2;1;1;0;
27593;202000018005;154 710 546;A01;2;7;0;2;1;13;1;
27594;202000018006;154 710 543;A01;3;7;0;1;2;15;1;
27595;202000018007;154 710 542;A01;2;40;0;1;2;2;3;
27596;202000018008;154 710 541;A01;1;7;0;1;1;1;1;
27597;202000018009;154 710 540;A01;2;32;0;1;1;17;1;
27598;202000018010;154 710 538;B01;1;1;0;2;2;18;5;
27599;202000018010;154 710 539;A01;1;7;0;2;6;18;1;
27600;202000018011;154 710 536;A01;2;7;0;2;1;13;1;
27601;202000018011;154 710 537;B01;1;7;0;2;1;1;1;
27602;202000018012;154 710 535;A01;2;7;0;1;3;15;1;
27603;202000018013;154 710 534;A01;1;31;0;0;0;26;1;
27604;202000018014;154 710 532;A01;3;7;0;2;6;9;1;
27605;202000018014;154 710 533;B01;3;2;0;2;0;1;1;
27606;202000018015;154 710 531;A01;2;7;0;1;1;15;1;
27607;202000018016;154 710 530;A01;1;33;0;0;8;26;1;
27608;202000018017;154 710 528;B01;3;7;0;2;3;1;1;
27609;202000018017;154 710 529;A01;3;7;0;2;2;16;1;
27610;202000018018;154 710 526;A01;2;7;0;2;1;2;1;
27611;202000018018;154 710 527;B01;2;7;0;2;4;2;1;
27612;202000018020;154 710 522;B01;3;2;0;2;1;26;1;
27613;202000018020;154 710 523;A01;3;7;0;2;3;1;1;
27614;202000018021;154 710 521;A01;1;7;0;0;1;26;1;
27615;202000018022;154 710 519;A01;2;7;0;2;0;0;1;
27616;202000018022;154 710 520;B01;1;33;0;2;1;1;1;
27617;202000018023;154 710 517;A01;3;7;0;2;2;1;2;
27618;202000018023;154 710 518;B01;3;60;0;2;3;1;5;
27619;202000018024;154 710 516;A01;2;7;0;1;3;11;1;
27620;202000018025;154 710 514;B01;2;31;0;2;1;1;1;
27621;202000018025;154 710 515;A01;1;7;0;2;3;15;1;
27622;202000018026;154 710 512;A01;1;7;0;2;1;1;1;
27623;202000018026;154 710 513;B01;1;33;0;2;1;1;1;
27624;202000018027;154 710 510;B01;3;36;0;2;1;0;1;
27625;202000018027;154 710 511;A01;3;7;0;2;8;0;1;
27626;202000018028;154 710 509;A01;0;7;1;0;2;14;1;
27627;202000018029;154 710 508;A01;0;7;0;0;1;26;1;
27628;202000018030;154 710 505;D01;1;7;0;2;6;1;1;
27629;202000018030;154 710 506;F01;1;7;0;2;4;1;1;
27630;202000018030;154 710 507;A01;1;7;1;2;2;13;1;
27631;202000018031;154 710 503;B01;2;2;0;2;0;1;1;
27632;202000018031;154 710 504;A01;1;7;0;2;0;9;1;
27633;202000018032;154 710 501;B01;2;1;0;2;1;26;5;
27634;202000018032;154 710 502;A01;3;7;0;2;1;1;1;
27635;202000018033;154 710 500;A01;1;33;0;0;7;1;1;
27636;202000018034;154 710 498;A01;2;30;0;2;7;19;1;
27637;202000018034;154 710 499;B01;2;30;0;2;8;1;1;
27638;202000018035;154 710 497;A01;1;30;0;0;0;26;1;
27639;202000018036;154 710 494;A01;1;7;0;2;8;17;1;
27640;202000018036;154 710 495;B01;1;7;0;2;6;1;1;
27641;202000018036;154 710 496;C01;2;7;1;2;3;21;1;
27642;202000018037;154 710 493;A01;1;7;0;1;1;26;1;
27643;202000018038;154 710 492;Z01;2;7;0;1;1;1;1;
27644;202000018040;154 710 490;A01;1;7;0;1;2;1;1;
27645;202000018042;154 710 487;A01;1;2;6;2;2;17;1;
27646;202000018042;154 710 488;B01;1;7;0;2;3;15;1;
27647;202000018043;154 710 485;B01;0;1;0;0;1;1;5;
27648;202000018043;154 710 486;A01;0;16;0;2;2;15;1;
27649;202000018044;154 710 483;A01;1;1;0;2;0;1;5;
27650;202000018044;154 710 484;B01;1;15;0;2;5;1;1;
27651;202000018045;154 710 481;B01;1;7;0;2;3;1;1;
27652;202000018045;154 710 482;A01;2;7;0;2;1;13;1;
27653;202000018046;154 710 479;B01;2;2;0;2;1;1;1;
27654;202000018046;154 710 480;A01;1;7;0;2;3;23;1;
27655;202000018048;154 710 474;B01;1;7;0;2;4;2;1;
27656;202000018048;154 710 475;A01;1;7;0;2;1;2;1;
27657;202000018049;154 710 472;B01;1;10;0;2;3;24;1;
27658;202000018049;154 710 473;A01;1;10;0;2;1;14;1;
27659;202000018050;154 710 470;A01;1;7;0;2;1;2;1;
27660;202000018050;154 710 471;B01;1;7;0;2;5;9;1;
27661;202000018051;154 710 469;A01;1;7;0;1;1;1;1;
27662;202000018052;154 710 468;A01;0;7;1;-1;2;1;1;
27663;202000018053;154 710 467;A01;1;7;0;1;2;1;1;
27664;202000018054;154 710 466;A01;0;7;0;1;1;1;1;
27665;202000018056;154 710 461;C01;2;10;0;2;4;1;1;
27666;202000018056;154 710 462;B01;2;7;0;2;5;1;1;
27667;202000018056;154 710 463;A01;2;7;0;2;3;26;0;
27668;202000018057;154 710 459;A01;0;31;0;2;1;17;1;
27669;202000018057;154 710 460;B01;0;10;0;2;6;20;0;
27670;202000018058;154 710 458;A01;3;7;6;0;1;9;1;
27671;202000018059;154 710 457;A01;0;7;0;1;1;1;1;
27672;202000018060;154 710 454;A01;2;10;0;2;1;2;1;
27673;202000018060;154 710 455;B01;2;10;0;2;9;2;1;
27674;202000018060;154 710 456;C01;2;10;0;2;4;2;1;
27675;202000018061;154 710 452;A01;1;7;0;2;1;13;1;
27676;202000018061;154 710 453;B01;2;7;0;2;3;1;1;
27677;202000018062;154 710 451;A01;3;7;2;0;1;1;1;
27678;202000018063;154 710 450;A01;1;7;0;1;1;1;3;
27679;202000018064;154 710 449;A01;1;7;0;1;1;1;1;
27680;202000018065;154 710 448;A01;3;7;0;1;2;1;1;
27681;202000018066;154 710 447;A01;2;7;16;0;1;13;1;
27682;202000018067;154 710 445;B01;1;7;0;2;7;1;1;
27683;202000018067;154 710 446;A01;3;7;0;2;3;9;1;
27684;202000018068;154 710 443;A01;3;7;0;2;3;10;1;
27685;202000018068;154 710 444;B01;3;7;0;2;0;0;1;
27686;202000018069;154 710 442;A01;2;7;0;1;1;1;0;
27687;202000018070;154 710 441;A01;3;7;13;0;7;1;1;
27688;202000018071;154 710 437;D01;3;7;0;2;1;1;1;
27689;202000018071;154 710 438;B01;3;7;1;2;8;26;1;
27690;202000018071;154 710 439;C01;3;10;1;2;6;26;1;
27691;202000018071;154 710 440;A01;2;33;1;0;1;14;1;
27692;202000018072;154 710 435;A01;3;7;0;2;3;15;0;
27693;202000018072;154 710 436;B01;1;2;0;2;1;1;0;
27694;202000018073;154 710 433;A01;3;7;0;2;8;9;1;
27695;202000018073;154 710 434;B01;2;1;0;2;1;19;5;
27696;202000018074;154 710 431;A01;1;10;0;2;1;15;1;
27697;202000018074;154 710 432;B01;2;7;0;2;1;1;1;
27698;202000018075;154 710 429;Z01;2;7;0;2;0;1;0;
27699;202000018075;154 710 430;A01;2;31;0;2;8;11;1;
27700;202000018076;154 710 427;B01;1;7;0;2;6;2;1;
27701;202000018076;154 710 428;A01;1;10;0;2;2;2;1;
27702;202000018077;154 710 425;A01;2;32;0;2;3;3;1;
27703;202000018077;154 710 426;B01;2;7;0;2;5;1;1;
27704;202000018079;154 710 421;B01;2;33;0;2;7;1;1;
27705;202000018079;154 710 422;A01;1;7;0;2;3;15;1;
27706;202000018080;154 710 420;A01;3;30;0;0;0;1;1;
27707;202000018081;154 710 419;A01;1;80;0;0;0;16;3;
27708;202000018082;154 710 418;A01;1;30;12;0;0;14;1;
27709;202000018083;154 710 416;B01;1;7;0;2;2;1;1;
27710;202000018083;154 710 417;A01;2;1;0;2;1;1;5;
27711;202000018084;154 710 415;A01;1;7;0;1;1;16;1;
27712;202000018085;154 710 413;B01;1;7;0;2;3;9;1;
27713;202000018085;154 710 414;A01;2;34;0;2;1;17;1;
27714;202000018086;154 710 411;B01;1;34;0;2;1;1;1;
27715;202000018086;154 710 412;A01;1;7;0;2;1;15;1;
27716;202000018087;154 710 408;C01;2;7;0;2;4;23;1;
27717;202000018087;154 710 409;B01;2;7;0;2;4;23;1;
27718;202000018087;154 710 410;A01;2;7;0;2;1;1;1;
27719;202000018088;154 710 406;B01;1;1;0;2;7;2;5;
27720;202000018088;154 710 407;A01;2;7;0;9;1;16;1;
27721;202000018090;154 710 402;A01;2;7;0;2;3;1;5;
27722;202000018090;154 710 403;B01;2;7;0;0;5;15;5;
27723;202000018093;154 710 394;A01;2;2;0;0;1;26;1;
27724;202000018093;154 710 395;B01;1;7;0;2;8;9;1;
27725;202000018094;154 710 392;A01;1;7;0;2;7;15;1;
27726;202000018094;154 710 393;B01;2;31;0;2;1;1;1;
27727;202000018095;154 710 391;A01;3;10;0;1;6;20;1;
27728;202000018096;154 710 390;A01;1;7;0;1;1;16;1;
27729;202000018097;154 710 388;A01;2;10;1;0;0;22;1;
27730;202000018097;154 710 389;B01;2;1;1;2;8;21;5;
27731;202000018098;154 710 386;A01;2;7;0;0;3;17;1;
27732;202000018098;154 710 387;B01;1;10;0;0;3;1;1;
27733;202000018099;154 710 385;A01;2;14;0;1;2;16;1;
27734;202000018100;154 710 383;A01;1;7;0;2;2;15;0;
27735;202000018100;154 710 384;B01;2;33;0;2;1;1;1;
27736;202000018101;154 710 381;A01;1;7;0;2;3;1;1;
27737;202000018101;154 710 382;B01;2;1;0;2;1;1;5;
27738;202000018102;154 710 379;A01;1;2;0;0;9;2;1;
27739;202000018102;154 710 380;B01;1;7;0;2;0;17;0;
27740;202000018103;154 710 378;A01;2;7;16;0;9;1;1;
27741;202000018104;154 710 376;B01;1;7;0;2;3;1;1;
27742;202000018104;154 710 377;A01;2;80;0;2;8;13;3;
27743;202000018106;154 710 372;C01;2;7;0;2;3;1;1;
27744;202000018106;154 710 373;B01;1;17;0;2;3;1;1;
27745;202000018106;154 710 374;A01;1;7;0;2;1;1;2;
27746;202000018107;154 710 370;A01;3;7;0;2;2;13;1;
27747;202000018107;154 710 371;B01;3;30;0;2;1;13;1;
27748;202000018108;154 710 369;A01;3;7;8;0;2;1;1;
27749;202000018109;154 710 368;A01;1;7;0;1;3;1;1;
27750;202000018110;154 710 367;A01;3;7;0;1;4;4;0;
27751;202000018111;154 710 366;A01;1;7;0;0;0;1;1;
27752;202000018112;154 710 364;B01;1;15;0;2;3;1;1;
27753;202000018112;154 710 365;A01;1;7;0;2;7;19;1;
27754;202000018113;154 710 362;B01;2;7;0;2;8;15;1;
27755;202000018113;154 710 363;A01;2;33;0;2;2;17;1;
27756;202000018114;154 710 361;A01;3;7;0;1;3;1;1;
27757;202000018117;154 710 357;A01;2;32;0;0;1;1;0;
27758;202000018118;154 710 355;B01;0;7;0;2;1;17;1;
27759;202000018118;154 710 356;A01;3;7;0;2;1;1;1;
27760;202000018119;154 710 353;A01;1;33;0;0;0;1;0;
27761;202000018120;154 710 351;A01;1;7;0;2;1;1;0;
27762;202000018120;154 710 352;B01;2;7;0;2;2;15;0;
27763;202000018121;154 710 350;A01;3;7;2;0;1;1;1;
27764;202000018122;154 710 348;A01;3;33;0;2;7;1;1;
27765;202000018122;154 710 349;B01;3;7;0;2;7;19;1;
27766;202000018123;154 710 347;A01;3;7;0;1;2;1;1;
27767;202000018124;154 710 345;A01;2;7;0;2;4;1;1;
27768;202000018124;154 710 346;B01;2;10;0;2;1;2;1;
27769;202000018125;154 710 341;A01;1;7;0;2;6;18;0;
27770;202000018125;154 710 342;D01;1;7;4;2;7;2;3;
27771;202000018125;154 710 343;C01;1;10;0;2;7;2;0;
27772;202000018125;154 710 344;B01;1;14;0;2;2;12;0;
27773;202000018126;154 710 339;B01;2;10;0;2;4;2;1;
27774;202000018126;154 710 340;A01;2;10;0;2;1;1;1;
27775;202000018127;154 710 338;A01;1;7;3;0;1;14;1;
27776;202000018129;154 710 336;A01;1;7;4;0;1;1;1;
27777;202000018130;154 710 335;A01;1;1;0;1;1;1;5;
27778;202000018131;154 710 334;Z01;1;33;0;1;7;1;6;
27779;202000018132;154 710 333;A01;3;3;0;1;8;26;6;
27780;202000018133;154 710 330;B01;3;7;12;2;8;1;1;
27781;202000018133;154 710 331;A01;3;7;0;2;1;17;1;
27782;202000018133;154 710 332;C01;3;7;0;2;1;1;1;
27783;202000018135;154 710 326;A01;1;7;0;2;1;10;0;
27784;202000018135;154 710 327;B01;2;33;0;2;8;1;1;
27785;202000018136;154 710 325;A01;1;7;7;0;2;26;1;
27786;202000018137;154 710 322;A01;2;7;2;0;2;13;1;
27787;202000018138;154 710 321;A01;3;7;0;1;1;1;1;
27788;202000018139;154 710 320;A01;0;99;0;1;3;19;1;
27789;202000018140;154 710 317;A01;1;10;0;2;1;1;1;
27790;202000018140;154 710 318;B01;1;10;0;2;4;23;1;
27791;202000018140;154 710 319;C01;1;10;0;2;4;23;1;
27792;202000018141;154 710 315;A01;1;7;0;2;2;9;1;
27793;202000018141;154 710 316;B01;2;7;0;2;1;1;1;
27794;202000018142;154 710 313;B01;2;7;0;2;1;9;1;
27795;202000018142;154 710 314;A01;2;1;0;2;1;1;5;
27796;202000018143;154 710 312;A01;2;7;0;1;2;26;1;
27797;202000018144;154 710 310;A01;3;7;0;2;2;15;1;
27798;202000018144;154 710 311;B01;3;32;0;2;1;1;1;
27799;202000018145;154 710 309;A01;2;30;0;0;0;1;1;
27800;202000018146;154 710 308;A01;1;30;12;0;1;1;1;
27801;202000018147;154 710 307;A01;2;7;9;9;9;2;1;
27802;202000018148;154 710 305;B01;1;1;6;0;4;1;0;
27803;202000018148;154 710 306;A01;1;30;6;9;1;2;1;
27804;202000018149;154 710 303;B01;1;50;0;2;1;1;3;
27805;202000018149;154 710 304;A01;1;7;0;2;3;22;2;
27806;202000018150;154 710 301;B01;1;7;0;2;6;1;1;
27807;202000018150;154 710 302;A01;1;7;0;2;1;1;1;
27808;202000018151;154 710 299;B01;2;7;0;2;2;9;1;
27809;202000018151;154 710 300;A01;1;33;0;2;1;17;1;
27810;202000018152;154 710 298;A01;1;30;0;0;0;17;1;
27811;202000018153;154 710 296;B01;1;7;0;2;5;23;1;
27812;202000018153;154 710 297;A01;1;32;0;2;8;18;1;
27813;202000018154;154 710 294;A01;2;7;0;2;5;1;1;
27814;202000018154;154 710 295;B01;1;10;0;2;1;1;1;
27815;202000018155;154 710 293;A01;2;99;0;1;7;1;1;
27816;202000018156;154 710 291;B01;0;7;2;0;6;4;0;
27817;202000018156;154 710 292;A01;0;7;0;2;7;26;0;
27818;202000018158;154 710 288;A01;2;30;0;0;0;2;1;
27819;202000018159;154 710 287;A01;1;33;12;0;7;17;1;
27820;202000018160;154 710 286;A01;2;7;0;1;1;1;1;
27821;202000018161;154 710 285;A01;1;7;7;0;3;1;1;
27822;202000018162;154 710 284;A01;1;7;13;0;2;1;1;
27823;202000018163;154 710 282;A01;1;33;0;2;4;2;1;
27824;202000018163;154 710 283;B01;1;33;0;2;1;1;1;
27825;202000018164;154 710 281;A01;1;7;13;0;2;14;1;
27826;202000018165;154 710 280;A01;2;7;13;0;1;13;1;
27827;202000018166;154 710 278;B01;1;7;0;2;3;16;1;
27828;202000018166;154 710 279;A01;2;2;0;2;8;13;1;
27829;202000018167;154 710 275;A01;1;7;0;2;2;15;1;
27830;202000018167;154 710 276;B01;2;7;0;2;1;1;1;
27831;202000018167;154 710 277;C01;2;7;0;2;8;23;1;
27832;202000018168;154 710 273;B01;2;7;0;2;1;1;1;
27833;202000018168;154 710 274;A01;1;2;0;2;0;13;3;
27834;202000018169;154 710 271;A01;2;7;0;2;3;9;2;
27835;202000018169;154 710 272;B01;2;7;0;0;2;1;1;
27836;202000018170;154 710 270;A01;1;31;8;0;1;1;1;
27837;202000018171;154 710 269;A01;2;7;3;0;9;1;1;
27838;202000018172;154 710 268;A01;1;7;2;0;1;1;1;
27839;202000018173;154 710 266;B01;1;15;0;2;3;1;1;
27840;202000018173;154 710 267;A01;2;7;0;2;8;13;1;
27841;202000018174;154 710 264;B01;2;2;0;2;1;1;1;
27842;202000018174;154 710 265;A01;2;7;0;2;3;10;1;
27843;202000018175;154 710 262;A01;1;7;0;2;4;20;1;
27844;202000018175;154 710 263;B01;1;30;0;2;1;1;1;
27845;202000018176;154 710 261;A01;1;3;0;1;2;1;1;
27846;202000018177;154 710 260;A01;1;7;2;0;1;1;1;
27847;202000018178;154 710 258;B01;2;7;0;2;3;1;1;
27848;202000018178;154 710 259;A01;2;7;0;2;3;13;1;
27849;202000018179;154 710 257;A01;3;7;6;0;3;13;1;
27850;202000018180;154 710 255;A01;1;17;0;0;7;13;1;
27851;202000018180;154 710 256;B01;1;1;0;0;8;2;5;
27852;202000018181;154 710 253;A01;3;2;0;0;1;1;1;
27853;202000018181;154 710 254;B01;3;7;0;2;2;15;1;
27854;202000018182;154 710 250;A01;1;7;0;0;4;1;0;
27855;202000018182;154 710 251;B01;1;17;0;2;1;2;1;
27856;202000018182;154 710 252;C01;1;14;0;2;1;2;1;
27857;202000018183;154 710 249;A01;3;10;2;0;9;1;1;
27858;202000018184;154 710 247;B01;2;1;3;0;0;2;5;
27859;202000018184;154 710 248;A01;2;7;0;0;0;2;1;
27860;202000018186;154 710 242;B01;0;7;0;2;2;26;1;
27861;202000018186;154 710 243;A01;3;32;1;0;1;0;1;
27862;202000018188;154 710 239;A01;1;7;13;0;3;1;1;
27863;202000018189;154 710 237;A01;1;7;0;2;3;1;1;
27864;202000018189;154 710 238;B01;2;7;0;2;3;13;1;
27865;202000018190;154 710 236;A01;0;7;1;0;3;1;0;
27866;202000018191;154 710 235;A01;1;33;0;0;0;0;1;
27867;202000018192;154 710 233;B01;2;32;0;2;1;1;1;
27868;202000018192;154 710 234;A01;2;7;0;2;7;15;1;
27869;202000018193;154 710 232;A01;2;1;0;0;9;1;5;
27870;202000018194;154 710 231;A01;2;80;0;0;1;0;3;
27871;202000018195;154 710 229;A01;1;7;0;0;1;1;1;
27872;202000018195;154 710 230;B01;1;1;0;0;7;19;5;
27873;202000018196;154 710 227;A01;0;10;0;0;5;4;0;
27874;202000018196;154 710 228;B01;0;1;0;2;1;1;0;
27875;202000018197;154 710 225;A01;3;7;0;2;7;19;1;
27876;202000018197;154 710 226;B01;0;7;0;2;1;2;1;
27877;202000018198;154 710 223;B01;2;7;0;2;1;2;1;
27878;202000018198;154 710 224;A01;2;7;0;2;5;12;1;
27879;202000018199;154 710 222;A01;2;7;3;0;0;14;1;
27880;202000018200;154 710 221;A01;1;33;4;0;3;1;1;
27881;202000018201;154 710 220;A01;2;7;4;9;5;1;1;
27882;202000018202;154 710 219;A01;2;30;4;0;0;26;1;
27883;202000018203;154 710 217;Z01;1;7;0;2;1;14;0;
27884;202000018203;154 710 218;A01;1;7;0;2;4;1;1;
27885;202000018204;154 710 214;C01;1;7;0;2;1;1;1;
27886;202000018204;154 710 215;B01;1;7;0;2;4;21;1;
27887;202000018204;154 710 216;A01;1;7;3;0;1;12;1;
27888;202000018205;154 710 212;B01;1;7;0;2;8;2;1;
27889;202000018205;154 710 213;A01;1;2;0;2;7;3;1;
27890;202000018206;154 710 210;A01;2;7;0;2;2;14;1;
27891;202000018206;154 710 211;B01;2;7;0;2;6;23;1;
27892;202000018207;154 710 209;Z01;3;7;16;1;1;9;0;
27893;202000018208;154 710 207;B01;1;2;0;2;4;2;1;
27894;202000018208;154 710 208;A01;2;7;0;2;1;2;1;
27895;202000018209;154 710 205;A01;1;7;16;0;0;0;1;
27896;202000018209;154 710 206;B01;1;10;16;0;0;0;1;
27897;202000018210;154 710 201;A01;1;10;0;2;1;2;1;
27898;202000018210;154 710 202;B01;1;7;0;2;9;2;1;
27899;202000018210;154 710 203;C01;1;7;0;2;0;0;0;
27900;202000018210;154 710 204;D01;1;10;0;2;0;2;1;
27901;202000018212;154 710 197;B01;2;7;0;2;4;23;1;
27902;202000018212;154 710 198;A01;2;7;0;2;1;9;1;
27903;202000018213;154 710 195;B01;1;7;0;2;1;1;1;
27904;202000018213;154 710 196;A01;1;7;0;2;2;1;1;
27905;202000018214;154 710 193;A01;2;14;0;2;2;5;1;
27906;202000018214;154 710 194;B01;1;7;0;2;2;21;1;
27907;202000018215;154 710 191;A01;3;7;0;2;1;16;1;
27908;202000018215;154 710 192;Y01;0;1;0;2;7;1;0;
27909;202000018216;154 710 189;A01;1;7;0;2;5;15;3;
27910;202000018216;154 710 190;B01;2;33;0;2;2;1;1;
27911;202000018218;154 710 184;A01;1;7;0;2;3;9;1;
27912;202000018218;154 710 185;B01;1;17;0;0;0;0;1;
27913;202000018219;154 710 182;A01;2;7;0;2;1;15;1;
27914;202000018219;154 710 183;B01;1;7;0;2;1;1;1;
27915;202000018220;154 710 180;B01;3;7;0;2;3;1;1;
27916;202000018220;154 710 181;A01;1;30;0;2;3;19;0;
27917;202000018221;154 710 178;B01;3;7;0;2;8;1;0;
27918;202000018221;154 710 179;A01;3;7;0;2;1;1;0;
27919;202000018222;154 710 177;A01;1;7;0;0;0;0;0;
27920;202000018224;154 710 174;A01;2;7;0;1;7;1;1;
27921;202000018225;154 710 173;A01;1;50;0;0;0;15;3;
27922;202000018226;154 710 172;A01;2;7;3;0;1;1;1;