;Num_Acc;id_vehicule;num_veh;senc;catv;obs;obsm;choc;manv;motor;occutc
27923;202000018227;154 710 170;Z01;0;7;0;2;1;1;1;
27924;202000018227;154 710 171;A01;0;7;0;2;4;1;1;
27925;202000018228;154 710 168;A01;1;7;0;2;8;11;1;
27926;202000018228;154 710 169;B01;1;7;0;2;1;17;1;
27927;202000018229;154 710 166;A01;2;31;0;2;1;2;1;
27928;202000018229;154 710 167;B01;2;7;0;2;4;2;1;
27929;202000018230;154 710 165;A01;3;7;15;0;1;1;1;
27930;202000018231;154 710 164;A01;1;7;0;1;4;26;1;
27931;202000018232;154 710 161;A01;2;7;1;0;1;0;0;
27932;202000018232;154 710 162;B01;0;10;1;0;1;23;0;
27933;202000018232;154 710 163;C01;0;7;0;0;1;23;0;
27934;202000018233;154 710 160;A01;3;10;0;1;1;0;0;
27935;202000018234;154 710 159;A01;3;7;0;1;1;1;1;
27936;202000018235;154 710 157;B01;1;10;0;2;8;9;1;
27937;202000018235;154 710 158;A01;1;33;0;2;1;1;1;
27938;202000018236;154 710 155;Z01;2;7;0;2;5;12;0;
27939;202000018236;154 710 156;A01;2;30;0;2;3;1;1;
27940;202000018237;154 710 153;A01;2;7;0;2;6;11;1;
27941;202000018237;154 710 154;B01;2;15;0;2;2;1;1;
27942;202000018238;154 710 150;C01;2;43;0;2;1;3;1;
27943;202000018238;154 710 151;B01;2;10;0;2;5;1;1;
27944;202000018238;154 710 152;A01;2;32;0;2;3;13;1;
27945;202000018239;154 710 148;B01;3;33;0;2;1;1;1;
27946;202000018239;154 710 149;A01;3;80;0;2;8;13;3;
27947;202000018240;154 710 146;A01;2;30;0;2;8;13;1;
27948;202000018240;154 710 147;B01;1;1;0;2;8;1;5;
27949;202000018241;154 710 144;A01;1;32;0;2;2;15;1;
27950;202000018241;154 710 145;B01;1;7;0;2;1;1;1;
27951;202000018242;154 710 142;A01;1;1;0;2;0;1;5;
27952;202000018242;154 710 143;Z01;2;50;0;2;1;13;3;
27953;202000018243;154 710 140;B01;1;10;0;2;7;1;1;
27954;202000018243;154 710 141;A01;1;7;0;2;1;1;4;
27955;202000018244;154 710 139;A01;2;7;0;1;2;1;1;
27956;202000018245;154 710 138;A01;1;7;0;1;1;1;1;
27957;202000018246;154 710 136;B01;1;2;0;2;1;13;0;
27958;202000018246;154 710 137;A01;1;10;0;2;3;13;0;
27959;202000018247;154 710 135;A01;1;7;1;0;9;5;1;
27960;202000018248;154 710 133;B01;3;7;0;2;2;1;0;
27961;202000018248;154 710 134;A01;2;30;0;2;1;19;0;
27962;202000018249;154 710 131;B01;3;7;0;2;1;15;1;
27963;202000018249;154 710 132;A01;3;7;0;2;1;1;1;
27964;202000018250;154 710 129;B01;2;2;0;2;1;1;1;
27965;202000018250;154 710 130;A01;1;7;0;2;3;10;0;
27966;202000018251;154 710 128;A01;1;7;2;0;1;1;1;
27967;202000018252;154 710 126;B01;3;60;0;2;1;25;5;
27968;202000018252;154 710 127;A01;1;7;0;2;2;1;1;
27969;202000018253;154 710 125;A01;1;7;4;0;2;1;1;
27970;202000018254;154 710 124;A01;0;7;9;1;1;0;1;
27971;202000018255;154 710 122;A01;1;7;0;2;7;1;0;
27972;202000018255;154 710 123;B01;2;7;0;2;1;1;1;
27973;202000018256;154 710 121;A01;2;7;0;1;2;1;2;
27974;202000018257;154 710 120;A01;1;33;14;0;1;17;0;
27975;202000018258;154 710 119;A01;2;33;13;0;2;1;1;
27976;202000018259;154 710 117;B01;2;7;0;2;3;1;1;
27977;202000018259;154 710 118;A01;1;7;0;2;3;1;1;
27978;202000018260;154 710 116;A01;2;7;13;0;1;14;1;
27979;202000018261;154 710 114;A01;1;33;0;2;2;17;1;
27980;202000018261;154 710 115;B01;1;21;2;2;3;15;1;
27981;202000018263;154 710 111;A01;2;33;13;0;1;21;1;
27982;202000018264;154 710 110;A01;1;3;13;0;8;13;1;
27983;202000018265;154 710 108;A01;1;2;0;2;1;1;0;
27984;202000018265;154 710 109;B01;2;33;0;2;1;1;0;
27985;202000018266;154 710 107;A01;2;7;15;0;2;0;1;
27986;202000018267;154 710 105;B01;3;7;0;2;3;1;1;
27987;202000018267;154 710 106;A01;3;2;0;2;1;13;1;
27988;202000018268;154 710 103;A01;1;7;0;2;1;13;1;
27989;202000018268;154 710 104;B01;2;7;0;2;3;1;1;
27990;202000018269;154 710 101;A01;2;7;3;2;1;1;1;
27991;202000018269;154 710 102;B01;2;7;0;2;4;1;1;
27992;202000018270;154 710 099;B01;2;7;0;2;7;1;1;
27993;202000018270;154 710 100;A01;1;7;0;2;2;1;0;
27994;202000018271;154 710 098;A01;2;7;3;0;2;1;0;
27995;202000018272;154 710 096;A01;1;7;0;2;4;2;1;
27996;202000018272;154 710 097;B01;1;7;0;2;1;2;1;
27997;202000018273;154 710 095;A01;2;7;5;0;1;12;1;
27998;202000018274;154 710 094;A01;2;7;0;1;3;1;1;
27999;202000018275;154 710 093;A01;3;7;0;1;3;1;1;
28000;202000018276;154 710 092;A01;1;33;9;0;0;1;1;
28001;202000018277;154 710 090;A01;1;7;0;2;1;1;1;
28002;202000018277;154 710 091;B01;1;7;0;2;4;1;1;
28003;202000018278;154 710 089;A01;2;7;16;0;1;26;1;
28004;202000018279;154 710 088;A01;1;34;0;1;1;1;1;
28005;202000018280;154 710 086;B01;2;37;0;0;4;1;1;1.0
28006;202000018280;154 710 087;A01;2;30;0;2;1;1;1;
28007;202000018281;154 710 084;A01;2;7;0;9;8;16;1;
28008;202000018281;154 710 085;B01;2;50;0;2;1;1;3;
28009;202000018282;154 710 082;A01;1;7;0;2;2;2;1;
28010;202000018282;154 710 083;B01;1;7;0;2;6;20;1;
28011;202000018283;154 710 080;B01;1;7;0;9;1;15;1;
28012;202000018283;154 710 081;A01;2;1;0;2;1;1;5;
28013;202000018284;154 710 078;B01;1;36;0;0;8;15;1;
28014;202000018284;154 710 079;A01;1;7;0;2;2;17;0;
28015;202000018285;154 710 077;A01;3;7;0;1;4;20;1;
28016;202000018286;154 710 075;A01;3;17;0;2;6;15;1;
28017;202000018286;154 710 076;B01;1;7;0;2;3;1;1;
28018;202000018287;154 710 073;A01;2;7;12;2;2;1;1;
28019;202000018287;154 710 074;B01;2;1;0;1;6;1;0;
28020;202000018288;154 710 071;B01;1;2;0;2;1;1;1;
28021;202000018288;154 710 072;A01;2;7;0;2;7;15;1;
28022;202000018289;154 710 070;A01;1;33;2;0;1;13;1;
28023;202000018291;154 710 066;A01;1;10;6;2;2;1;1;
28024;202000018291;154 710 067;B01;1;7;6;2;8;3;1;
28025;202000018291;154 710 068;C01;1;7;0;2;1;11;1;
28026;202000018292;154 710 064;B01;1;7;0;2;1;9;1;
28027;202000018292;154 710 065;A01;1;1;0;2;1;26;5;
28028;202000018293;154 710 062;A01;2;7;0;2;8;15;-1;
28029;202000018293;154 710 063;B01;2;33;0;2;1;17;-1;
28030;202000018294;154 710 060;A01;1;34;0;2;1;1;1;
28031;202000018294;154 710 061;B01;1;7;0;2;2;1;1;
28032;202000018295;154 710 059;A01;3;10;0;1;1;15;0;
28033;202000018296;154 710 058;A01;2;7;0;1;1;1;1;
28034;202000018297;154 710 056;B01;1;7;0;2;8;1;1;
28035;202000018297;154 710 057;A01;1;33;0;2;7;17;1;
28036;202000018298;154 710 055;A01;1;7;1;0;3;1;1;
28037;202000018299;154 710 053;B01;0;10;0;2;6;15;1;
28038;202000018299;154 710 054;A01;1;31;0;2;1;17;1;
28039;202000018300;154 710 051;A01;2;7;0;2;1;13;1;
28040;202000018300;154 710 052;B01;1;2;0;2;1;1;1;
28041;202000018302;154 710 048;A01;1;33;0;0;2;1;1;
28042;202000018303;154 710 047;A01;2;7;3;0;1;13;1;
28043;202000018304;154 710 045;A01;1;7;0;2;1;2;1;
28044;202000018304;154 710 046;B01;1;7;0;2;4;2;1;
28045;202000018305;154 710 044;A01;1;10;0;1;3;15;0;
28046;202000018307;154 710 041;B01;0;10;0;9;8;2;1;
28047;202000018307;154 710 042;A01;1;1;0;2;1;1;5;
28048;202000018308;154 710 039;B01;1;7;0;2;3;1;1;
28049;202000018308;154 710 040;A01;2;7;0;2;6;1;1;
28050;202000018309;154 710 038;A01;2;7;2;0;8;1;1;
28051;202000018310;154 710 036;A01;2;33;0;2;0;3;1;
28052;202000018310;154 710 037;B01;2;7;0;0;4;2;1;
28053;202000018311;154 710 034;A01;0;7;2;0;1;13;1;
28054;202000018312;154 710 033;A01;3;7;6;0;1;1;1;
28055;202000018313;154 710 032;A01;1;80;0;0;8;1;3;
28056;202000018314;154 710 030;B01;3;2;0;2;8;19;1;
28057;202000018314;154 710 031;A01;1;7;0;2;2;21;1;
28058;202000018315;154 710 027;B01;1;10;0;2;3;1;1;
28059;202000018315;154 710 028;A01;2;7;0;2;5;1;1;
28060;202000018316;154 710 026;A01;1;7;8;0;1;14;1;
28061;202000018318;154 710 023;B01;2;10;0;2;8;13;1;
28062;202000018318;154 710 024;A01;1;33;0;2;8;1;1;
28063;202000018319;154 710 022;A01;2;7;4;0;3;0;1;
28064;202000018321;154 710 019;A01;1;7;0;0;4;23;1;
28065;202000018321;154 710 020;B01;1;10;1;0;1;2;1;
28066;202000018322;154 710 018;A01;2;34;0;5;1;2;1;
28067;202000018325;154 710 014;B01;1;30;0;2;0;2;1;
28068;202000018325;154 710 015;A01;1;7;0;2;8;10;1;
28069;202000018326;154 710 012;B01;2;7;0;1;4;1;1;
28070;202000018326;154 710 013;A01;2;10;0;2;1;2;1;
28071;202000018327;154 710 011;A01;2;7;2;0;2;13;0;
28072;202000018328;154 710 010;A01;1;2;14;0;1;26;1;
28073;202000018329;154 710 008;A01;2;7;0;2;8;19;1;
28074;202000018329;154 710 009;B01;2;7;0;2;8;19;1;
28075;202000018330;154 710 007;A01;3;7;0;1;3;2;1;
28076;202000018331;154 710 006;A01;1;7;6;0;1;16;1;
28077;202000018333;154 710 004;A01;2;7;8;0;1;13;1;
28078;202000018334;154 710 002;A01;1;30;0;2;1;26;1;
28079;202000018334;154 710 003;B01;1;7;0;2;4;26;1;
28080;202000018335;154 710 000;A01;1;31;0;2;2;1;1;
28081;202000018335;154 710 001;Z01;2;7;0;2;0;1;1;
28082;202000018336;154 709 998;A01;1;7;0;2;5;15;1;
28083;202000018336;154 709 999;B01;1;7;0;2;1;1;1;
28084;202000018337;154 709 996;B01;2;7;0;2;4;1;1;
28085;202000018337;154 709 997;A01;2;7;3;2;1;12;1;
28086;202000018338;154 709 994;B01;1;7;0;2;3;1;1;
28087;202000018338;154 709 995;A01;2;32;0;2;7;1;1;
28088;202000018339;154 709 992;B01;3;37;0;2;3;1;0;1.0
28089;202000018339;154 709 993;A01;2;32;0;2;1;1;0;
28090;202000018340;154 709 990;A01;2;7;0;2;1;19;1;
28091;202000018340;154 709 991;B01;2;7;0;2;2;1;1;
28092;202000018341;154 709 988;Z01;1;7;0;2;0;15;0;
28093;202000018341;154 709 989;A01;1;34;0;2;0;21;1;
28094;202000018342;154 709 987;A01;3;7;6;0;2;1;1;
28095;202000018343;154 709 986;A01;1;33;15;0;1;21;1;
28096;202000018344;154 709 985;A01;1;7;2;0;1;1;1;
28097;202000018345;154 709 984;A01;1;7;2;0;2;1;0;
28098;202000018346;154 709 983;A01;3;3;2;0;1;21;1;
28099;202000018347;154 709 982;A01;2;10;0;0;9;1;1;
28100;202000018348;154 709 981;A01;2;7;2;1;0;1;6;
28101;202000018349;154 709 980;A01;1;7;6;0;1;13;1;
28102;202000018350;154 709 979;A01;3;10;9;0;2;1;1;
28103;202000018351;154 709 977;A01;2;15;0;2;3;19;1;
28104;202000018351;154 709 978;B01;1;7;0;2;1;1;1;
28105;202000018352;154 709 976;A01;2;7;4;0;3;1;0;
28106;202000018353;154 709 975;A01;1;33;0;0;7;1;1;
28107;202000018354;154 709 973;A01;1;7;4;0;2;15;1;
28108;202000018355;154 709 972;A01;2;7;4;0;3;1;1;
28109;202000018356;154 709 968;B01;1;7;0;2;8;0;5;
28110;202000018356;154 709 969;D01;1;7;0;2;2;17;0;
28111;202000018356;154 709 970;A01;1;7;1;0;2;11;5;
28112;202000018356;154 709 971;C01;1;7;0;2;4;23;0;
28113;202000018357;154 709 966;B01;1;7;0;2;6;20;1;
28114;202000018357;154 709 967;A01;1;10;0;2;1;1;1;
28115;202000018358;154 709 965;A01;1;7;2;0;8;1;1;
28116;202000018360;154 709 961;A01;2;7;0;2;1;15;1;
28117;202000018360;154 709 962;B01;1;7;0;2;1;1;1;
28118;202000018361;154 709 960;A01;1;7;4;0;1;9;1;
28119;202000018362;154 709 959;A01;3;30;0;0;0;26;3;
28120;202000018363;154 709 957;B01;3;2;0;2;8;1;1;
28121;202000018363;154 709 958;A01;3;7;0;2;1;15;1;
28122;202000018364;154 709 956;A01;2;7;2;0;0;1;1;
28123;202000018365;154 709 954;B01;2;7;0;2;8;1;1;
28124;202000018365;154 709 955;A01;1;2;0;2;1;5;1;
28125;202000018366;154 709 952;B01;3;7;0;2;2;15;1;
28126;202000018366;154 709 953;A01;3;99;0;2;3;2;1;
28127;202000018367;154 709 951;A01;1;30;0;0;1;0;1;
28128;202000018368;154 709 950;A01;1;7;0;1;0;0;1;
28129;202000018369;154 709 948;B01;2;38;0;2;1;2;1;1.0
28130;202000018369;154 709 949;A01;2;7;0;2;4;23;1;
28131;202000018370;154 709 946;B01;3;1;0;2;4;1;5;
28132;202000018370;154 709 947;A01;0;7;0;9;1;15;1;
28133;202000018371;154 709 944;A01;3;14;0;2;4;4;0;
28134;202000018371;154 709 945;B01;3;33;0;2;1;26;1;
28135;202000018373;154 709 940;A01;0;7;0;2;3;19;1;
28136;202000018373;154 709 941;B01;0;33;0;2;1;1;1;
28137;202000018374;154 709 939;A01;1;10;13;0;7;14;1;
28138;202000018375;154 709 938;A01;3;7;0;1;1;1;1;
28139;202000018376;154 709 937;A01;2;7;1;0;1;19;1;
28140;202000018377;154 709 935;A01;1;7;0;2;1;15;1;
28141;202000018377;154 709 936;B01;2;33;0;2;1;1;1;
28142;202000018378;154 709 933;B01;3;33;0;2;1;1;1;
28143;202000018378;154 709 934;A01;3;10;0;2;1;5;0;
28144;202000018379;154 709 931;A01;1;7;0;2;1;1;1;
28145;202000018379;154 709 932;B01;1;1;0;2;8;19;5;
28146;202000018380;154 709 929;Z01;1;7;0;2;5;10;0;
28147;202000018380;154 709 930;A01;2;1;0;2;1;1;5;
28148;202000018381;154 709 927;A01;1;33;0;2;8;17;1;
28149;202000018381;154 709 928;B01;1;10;0;2;3;10;1;
28150;202000018382;154 709 925;A01;1;30;0;2;1;1;0;
28151;202000018382;154 709 926;B01;1;10;0;2;8;1;1;
28152;202000018384;154 709 921;B01;2;7;0;2;4;23;1;
28153;202000018384;154 709 922;A01;2;10;14;2;1;2;1;
28154;202000018385;154 709 919;B01;3;10;0;2;8;1;1;
28155;202000018385;154 709 920;A01;3;7;0;2;1;26;1;
28156;202000018386;154 709 915;A01;1;7;4;2;1;1;0;
28157;202000018386;154 709 916;B01;1;7;4;2;4;23;1;
28158;202000018386;154 709 917;C01;1;7;4;2;6;23;1;
28159;202000018386;154 709 918;D01;1;7;4;2;4;1;0;
28160;202000018388;154 709 912;A01;1;7;12;0;3;13;1;
28161;202000018389;154 709 910;A01;1;7;0;2;3;15;1;
28162;202000018389;154 709 911;B01;1;34;0;2;2;1;1;
28163;202000018390;154 709 908;B01;2;30;1;0;1;1;1;
28164;202000018390;154 709 909;A01;3;7;1;0;3;9;1;
28165;202000018391;154 709 907;A01;1;7;2;0;1;0;1;
28166;202000018392;154 709 906;A01;1;7;2;0;2;1;1;
28167;202000018393;154 709 904;A01;1;7;0;2;1;1;1;
28168;202000018393;154 709 905;B01;2;7;0;2;1;1;1;
28169;202000018394;154 709 903;A01;1;7;2;0;7;1;1;
28170;202000018396;154 709 900;A01;1;7;0;2;1;1;1;
28171;202000018396;154 709 901;B01;1;17;0;0;4;1;1;
28172;202000018397;154 709 899;A01;3;33;0;0;1;1;1;
28173;202000018398;154 709 898;A01;0;10;0;1;6;4;1;
28174;202000018399;154 709 897;A01;2;7;0;1;1;1;1;
28175;202000018400;154 709 894;A01;1;7;0;2;7;1;1;
28176;202000018400;154 709 895;B01;2;7;0;2;1;1;1;
28177;202000018400;154 709 896;C01;2;31;0;2;1;1;1;
28178;202000018401;154 709 893;A01;2;7;0;0;1;1;1;
28179;202000018402;154 709 892;A01;1;7;8;0;9;1;1;
28180;202000018403;154 709 890;A01;3;7;0;2;1;1;1;
28181;202000018403;154 709 891;B01;1;2;0;0;8;1;1;
28182;202000018404;154 709 889;A01;3;2;2;0;1;1;1;
28183;202000018405;154 709 887;A01;2;7;0;2;3;13;1;
28184;202000018405;154 709 888;B01;1;21;0;2;3;1;1;
28185;202000018406;154 709 885;B01;2;15;0;2;1;1;1;
28186;202000018406;154 709 886;A01;1;7;0;2;4;13;1;
28187;202000018407;154 709 884;A01;1;7;13;0;1;1;1;
28188;202000018408;154 709 882;B01;2;13;0;2;3;9;1;
28189;202000018408;154 709 883;A01;1;33;0;2;1;1;1;
28190;202000018409;154 709 878;A01;2;7;9;0;1;6;1;
28191;202000018410;154 709 876;B01;1;17;0;2;6;2;1;
28192;202000018410;154 709 877;A01;1;7;0;2;2;2;1;
28193;202000018411;154 709 875;A01;2;10;0;2;1;12;1;
28194;202000018412;154 709 874;A01;2;7;4;2;1;1;1;
28195;202000018413;154 709 872;B01;2;32;0;2;7;1;1;
28196;202000018413;154 709 873;A01;2;10;0;2;8;11;1;
28197;202000018414;154 709 871;A01;1;7;0;1;2;14;1;
28198;202000018415;154 709 869;A01;3;7;0;2;1;15;1;
28199;202000018415;154 709 870;B01;3;1;0;2;5;1;5;
28200;202000018416;154 709 867;B01;1;7;0;2;8;1;1;
28201;202000018416;154 709 868;A01;2;7;0;2;1;1;1;
28202;202000018417;154 709 866;A01;1;7;1;1;1;26;1;
28203;202000018418;154 709 864;B01;3;37;0;2;2;1;1;1.0
28204;202000018418;154 709 865;A01;1;7;0;2;3;1;1;
28205;202000018419;154 709 862;A01;1;10;0;2;1;26;1;
28206;202000018419;154 709 863;B01;1;1;0;2;1;26;0;
28207;202000018420;154 709 861;A01;1;7;6;0;1;2;1;
28208;202000018421;154 709 858;C01;1;7;0;2;4;2;1;
28209;202000018421;154 709 859;B01;1;33;0;2;4;2;1;
28210;202000018421;154 709 860;A01;1;7;0;2;1;2;1;
28211;202000018423;154 709 855;B01;1;7;0;2;0;9;1;
28212;202000018423;154 709 856;A01;1;7;0;2;0;9;1;
28213;202000018424;154 709 853;A01;1;2;0;1;1;1;1;
28214;202000018425;154 709 851;B01;2;7;0;2;8;1;1;
28215;202000018425;154 709 852;A01;2;33;0;2;4;15;1;
28216;202000018426;154 709 849;B01;2;10;0;2;2;1;1;
28217;202000018426;154 709 850;A01;1;7;0;2;2;15;1;
28218;202000018427;154 709 847;B01;2;30;0;2;1;1;1;
28219;202000018427;154 709 848;A01;2;7;0;2;3;9;1;
28220;202000018429;154 709 844;B01;1;7;0;2;1;1;1;
28221;202000018429;154 709 845;A01;2;7;0;2;2;15;1;
28222;202000018430;154 709 842;A01;2;32;3;2;8;13;1;
28223;202000018430;154 709 843;B01;1;7;0;2;6;1;1;
28224;202000018431;154 709 841;A01;3;33;0;0;1;1;1;
28225;202000018432;154 709 840;A01;0;7;0;1;1;2;1;
28226;202000018433;154 709 838;B01;1;10;9;2;2;1;1;
28227;202000018433;154 709 839;A01;1;7;0;0;5;1;1;
28228;202000018434;154 709 837;A01;0;7;5;0;2;0;1;
28229;202000018435;154 709 835;A01;2;7;0;2;3;1;1;
28230;202000018435;154 709 836;B01;1;7;0;2;3;1;1;
28231;202000018436;154 709 832;B01;2;7;0;0;6;1;1;
28232;202000018436;154 709 833;A01;2;33;0;2;1;17;1;
28233;202000018436;154 709 834;C01;1;7;0;2;1;1;1;
28234;202000018437;154 709 831;A01;2;7;8;1;1;25;1;
28235;202000018438;154 709 829;A01;2;31;0;2;1;2;1;
28236;202000018438;154 709 830;B01;2;10;0;2;5;15;1;
28237;202000018439;154 709 828;A01;1;17;8;0;7;1;1;
28238;202000018440;154 709 827;A01;2;33;16;0;8;1;1;
28239;202000018441;154 709 823;A01;2;7;2;0;3;1;1;
28240;202000018443;154 709 819;A01;2;7;0;2;1;2;1;
28241;202000018443;154 709 820;B01;2;7;0;0;4;23;1;
28242;202000018445;154 709 816;A01;1;2;0;2;1;1;1;
28243;202000018445;154 709 817;B01;1;31;0;2;4;1;1;
28244;202000018446;154 709 815;A01;1;7;6;0;1;1;1;
28245;202000018447;154 709 813;B01;2;7;0;2;3;1;1;
28246;202000018447;154 709 814;A01;1;7;12;2;3;13;1;
28247;202000018448;154 709 812;A01;0;33;16;0;1;21;1;
28248;202000018449;154 709 810;A01;1;7;0;2;3;1;1;
28249;202000018449;154 709 811;B01;2;7;0;2;3;1;1;
28250;202000018450;154 709 809;A01;3;2;12;0;7;16;6;
28251;202000018451;154 709 808;A01;2;7;13;0;9;1;1;
28252;202000018452;154 709 806;A01;1;7;0;2;3;15;6;
28253;202000018452;154 709 807;B01;2;1;0;2;1;0;5;
28254;202000018454;154 709 803;A01;2;7;4;0;1;1;1;
28255;202000018455;154 709 801;B01;1;10;0;0;8;23;1;
28256;202000018455;154 709 802;A01;1;14;1;0;2;14;1;
28257;202000018456;154 709 800;A01;1;7;4;0;1;2;1;
28258;202000018457;154 709 799;A01;2;10;4;0;2;14;1;
28259;202000018458;154 709 798;A01;1;7;0;0;9;13;1;
28260;202000018461;154 709 792;A01;3;7;0;1;1;1;1;
28261;202000018462;154 709 788;B01;1;10;0;2;4;23;1;
28262;202000018462;154 709 789;A01;1;31;0;2;1;2;1;
28263;202000018463;154 709 786;B01;1;2;0;2;3;2;1;
28264;202000018463;154 709 787;A01;1;7;0;2;2;2;1;
28265;202000018464;154 709 785;A01;1;2;8;0;1;25;1;
28266;202000018465;154 709 777;F01;3;7;0;2;0;0;1;
28267;202000018465;154 709 778;D01;3;7;0;2;0;0;0;
28268;202000018465;154 709 779;C01;3;7;0;2;0;0;1;
28269;202000018465;154 709 780;G01;3;7;0;2;0;0;1;
28270;202000018465;154 709 781;A01;1;10;1;2;2;1;1;
28271;202000018465;154 709 782;H01;3;7;0;2;0;0;1;
28272;202000018465;154 709 783;E01;3;7;0;2;0;0;1;
28273;202000018465;154 709 784;B01;2;7;0;2;1;1;1;
28274;202000018466;154 709 775;B01;1;10;0;2;2;15;1;
28275;202000018466;154 709 776;A01;2;31;0;2;1;1;1;
28276;202000018468;154 709 771;B01;1;10;0;2;1;1;0;
28277;202000018468;154 709 772;A01;1;7;0;2;4;23;0;
28278;202000018469;154 709 770;A01;1;7;2;0;1;14;1;
28279;202000018470;154 709 768;A01;2;31;3;2;1;1;1;
28280;202000018470;154 709 769;B01;1;7;0;2;3;1;1;
28281;202000018471;154 709 767;A01;1;7;2;1;0;9;1;
28282;202000018472;154 709 765;A01;1;7;0;2;2;10;1;
28283;202000018472;154 709 766;B01;2;31;0;2;8;1;1;
28284;202000018473;154 709 763;A01;1;7;0;2;1;1;1;
28285;202000018473;154 709 764;B01;2;1;0;2;2;1;5;
28286;202000018474;154 709 762;A01;1;7;1;0;1;1;1;
28287;202000018475;154 709 760;B01;1;33;0;2;3;1;1;
28288;202000018475;154 709 761;A01;2;7;0;2;3;1;1;
28289;202000018476;154 709 759;A01;1;7;2;0;1;0;1;
28290;202000018477;154 709 758;A01;1;7;3;0;3;2;1;
28291;202000018478;154 709 756;A01;1;7;0;2;1;13;1;
28292;202000018478;154 709 757;B01;1;15;0;2;6;13;1;
28293;202000018480;154 709 753;A01;2;7;0;2;3;1;1;
28294;202000018480;154 709 754;B01;1;7;0;2;2;9;1;
28295;202000018481;154 709 750;B01;2;7;0;2;3;1;1;
28296;202000018481;154 709 751;A01;1;7;0;2;3;17;1;
28297;202000018481;154 709 752;C01;1;15;0;2;3;1;1;
28298;202000018482;154 709 749;A01;1;7;0;1;2;9;1;
28299;202000018483;154 709 747;B01;2;7;0;0;6;15;1;
28300;202000018483;154 709 748;A01;2;33;0;2;1;17;1;
28301;202000018484;154 709 746;A01;1;10;8;0;2;1;0;
28302;202000018485;154 709 744;A01;1;7;13;0;2;1;1;
28303;202000018486;154 709 742;B01;2;7;0;0;4;23;1;
28304;202000018486;154 709 743;A01;2;7;1;0;1;12;1;
28305;202000018487;154 709 740;A01;1;7;0;2;1;15;1;
28306;202000018487;154 709 741;B01;2;2;0;2;8;1;1;
28307;202000018488;154 709 738;A01;1;7;0;2;3;1;1;
28308;202000018488;154 709 739;B01;1;7;0;2;2;12;1;
28309;202000018489;154 709 736;B01;1;33;0;2;1;2;1;
28310;202000018489;154 709 737;A01;1;10;0;2;4;1;1;
28311;202000018490;154 709 733;B01;1;17;0;2;2;12;1;
28312;202000018490;154 709 734;A01;1;7;0;2;6;1;1;
28313;202000018490;154 709 735;C01;1;7;0;2;1;17;1;
28314;202000018491;154 709 731;B01;1;7;0;2;1;11;1;
28315;202000018491;154 709 732;A01;1;7;0;2;4;23;3;
28316;202000018492;154 709 730;A01;2;7;13;0;1;14;1;
28317;202000018493;154 709 727;A01;2;7;0;2;1;2;1;
28318;202000018493;154 709 728;B01;2;7;0;2;1;2;1;
28319;202000018493;154 709 729;C01;2;7;0;2;0;2;1;
28320;202000018494;154 709 725;B01;2;10;0;2;4;2;1;
28321;202000018494;154 709 726;A01;2;10;0;2;1;2;1;
28322;202000018495;154 709 723;A01;1;7;0;2;5;12;1;
28323;202000018495;154 709 724;B01;1;33;0;2;3;3;1;
28324;202000018496;154 709 721;A01;1;14;0;2;1;26;1;
28325;202000018496;154 709 722;B01;0;7;0;2;8;0;1;
28326;202000018497;154 709 718;A01;2;7;0;2;1;2;1;
28327;202000018497;154 709 719;C01;2;7;0;2;4;2;1;
28328;202000018497;154 709 720;B01;2;7;0;2;1;2;1;
28329;202000018498;154 709 714;C01;1;7;0;2;1;2;1;
28330;202000018498;154 709 715;B01;1;10;0;2;4;1;1;
28331;202000018498;154 709 716;A01;1;7;0;2;1;2;1;
28332;202000018498;154 709 717;D01;1;7;0;2;1;2;1;
28333;202000018499;154 709 710;A01;2;14;1;0;1;2;1;
28334;202000018499;154 709 711;B01;2;10;0;2;4;23;1;
28335;202000018499;154 709 712;C01;2;7;0;2;4;23;4;
28336;202000018499;154 709 713;D01;2;7;0;2;4;23;1;
28337;202000018500;154 709 708;Z01;1;7;0;2;0;0;0;
28338;202000018500;154 709 709;A01;1;7;0;2;4;1;2;
28339;202000018501;154 709 706;A01;1;33;0;2;1;3;1;
28340;202000018501;154 709 707;B01;1;7;0;2;6;1;1;
28341;202000018502;154 709 703;Z01;2;7;0;2;1;2;1;
28342;202000018502;154 709 704;C01;2;7;0;2;4;2;1;
28343;202000018502;154 709 705;B01;2;7;0;2;4;2;1;
28344;202000018503;154 709 701;A01;2;10;0;2;4;1;1;
28345;202000018503;154 709 702;B01;2;7;0;2;1;2;1;
28346;202000018504;154 709 700;A01;1;7;9;0;1;1;1;
28347;202000018505;154 709 699;A01;2;7;4;0;9;21;1;
28348;202000018506;154 709 697;B01;1;1;0;2;8;1;5;
28349;202000018506;154 709 698;A01;1;7;0;2;2;9;1;
28350;202000018507;154 709 695;B01;2;30;0;2;1;1;1;
28351;202000018507;154 709 696;A01;2;7;0;2;6;1;1;
28352;202000018508;154 709 693;A01;2;30;0;2;8;18;1;
28353;202000018508;154 709 694;B01;2;7;0;2;7;16;1;
28354;202000018509;154 709 691;B01;2;1;1;0;1;1;5;