;Num_Acc;id_vehicule;num_veh;senc;catv;obs;obsm;choc;manv;motor;occutc
29221;202000019087;154 708 670;B01;1;33;0;2;1;1;1;
29222;202000019088;154 708 668;A01;0;1;0;2;1;1;5;
29223;202000019089;154 708 667;A01;0;33;0;0;0;1;1;
29224;202000019090;154 708 665;B01;0;7;0;2;1;2;1;
29225;202000019090;154 708 666;A01;0;7;0;2;7;19;3;
29226;202000019091;154 708 664;A01;1;7;0;1;3;10;1;
29227;202000019092;154 708 663;A01;1;1;0;1;1;19;5;
29228;202000019093;154 708 660;B01;2;2;0;2;4;1;1;
29229;202000019093;154 708 661;C01;2;7;0;2;4;1;1;
29230;202000019093;154 708 662;A01;2;7;0;2;1;1;1;
29231;202000019094;154 708 658;A01;3;7;0;2;3;10;1;
29232;202000019094;154 708 659;B01;3;7;0;2;1;1;1;
29233;202000019095;154 708 656;B01;2;7;0;2;7;16;1;
29234;202000019095;154 708 657;A01;2;34;0;2;3;7;1;
29235;202000019096;154 708 654;A01;2;32;0;2;1;15;1;
29236;202000019096;154 708 655;B01;1;1;0;2;1;1;5;
29237;202000019098;154 708 650;B01;0;60;0;2;1;19;5;
29238;202000019098;154 708 651;A01;2;7;0;2;8;1;1;
29239;202000019099;154 708 648;A01;2;33;0;2;8;16;1;
29240;202000019099;154 708 649;B01;2;10;0;2;3;1;1;
29241;202000019100;154 708 645;C01;1;7;0;2;1;1;1;
29242;202000019100;154 708 646;B01;1;7;0;2;9;1;1;
29243;202000019100;154 708 647;A01;2;7;0;2;4;1;1;
29244;202000019101;154 708 643;B01;1;7;3;0;4;1;1;
29245;202000019101;154 708 644;A01;1;7;0;2;1;1;1;
29246;202000019102;154 708 641;B01;1;33;0;2;1;1;1;
29247;202000019102;154 708 642;A01;2;37;0;2;1;15;1;1.0
29248;202000019103;154 708 639;A01;1;7;0;2;4;15;0;
29249;202000019103;154 708 640;B01;2;1;0;2;1;1;0;
29250;202000019104;154 708 638;A01;2;30;0;0;3;0;1;
29251;202000019105;154 708 635;B01;3;2;0;2;2;1;1;
29252;202000019105;154 708 636;A01;2;7;0;2;3;15;1;
29253;202000019106;154 708 633;B01;1;7;0;2;5;15;1;
29254;202000019106;154 708 634;A01;0;7;0;2;1;1;1;
29255;202000019107;154 708 631;B01;1;7;0;2;1;26;1;
29256;202000019107;154 708 632;A01;1;10;0;2;1;13;1;
29257;202000019108;154 708 629;A01;2;10;0;2;1;2;1;
29258;202000019108;154 708 630;B01;2;7;0;2;4;16;1;
29259;202000019109;154 708 627;B01;0;33;0;2;4;1;1;
29260;202000019109;154 708 628;A01;1;7;0;2;2;2;1;
29261;202000019110;154 708 625;B01;1;7;0;2;4;0;0;
29262;202000019110;154 708 626;A01;1;10;0;2;2;1;0;
29263;202000019111;154 708 623;B01;1;10;0;2;4;1;1;
29264;202000019111;154 708 624;A01;1;31;0;2;1;2;1;
29265;202000019112;154 708 621;A01;2;1;0;2;3;19;5;
29266;202000019112;154 708 622;B01;2;7;0;2;0;1;1;
29267;202000019113;154 708 617;A01;2;15;0;2;2;12;1;
29268;202000019113;154 708 618;D01;2;7;0;2;7;1;1;
29269;202000019113;154 708 619;B01;2;7;0;2;6;1;1;
29270;202000019113;154 708 620;C01;2;10;0;2;7;1;3;
29271;202000019116;154 708 609;A01;1;7;0;2;1;2;1;
29272;202000019116;154 708 610;B01;1;33;0;2;4;23;1;
29273;202000019117;154 708 607;A01;2;30;0;2;3;18;1;
29274;202000019117;154 708 608;B01;2;37;0;2;2;16;1;1.0
29275;202000019118;154 708 605;B01;1;7;0;2;3;15;1;
29276;202000019118;154 708 606;A01;1;7;0;2;7;17;6;
29277;202000019119;154 708 603;B01;2;32;0;2;2;1;1;
29278;202000019119;154 708 604;Z01;2;7;0;2;6;13;1;
29279;202000019120;154 708 602;A01;2;33;8;2;0;21;1;
29280;202000019121;154 708 600;A01;1;7;0;2;1;1;1;
29281;202000019121;154 708 601;B01;1;1;0;2;8;19;5;
29282;202000019122;154 708 599;A01;1;80;0;0;0;1;3;
29283;202000019123;154 708 598;A01;0;50;0;0;0;1;3;
29284;202000019124;154 708 597;A01;2;30;0;0;0;21;1;
29285;202000019126;154 708 594;B01;2;7;0;2;8;13;1;
29286;202000019126;154 708 595;A01;2;30;0;2;2;5;1;
29287;202000019127;154 708 593;Z01;1;50;0;1;1;1;3;
29288;202000019128;154 708 592;A01;2;1;0;1;1;1;5;
29289;202000019130;154 708 589;A01;2;33;0;2;1;1;1;
29290;202000019130;154 708 590;B01;1;7;0;2;3;1;1;
29291;202000019131;154 708 587;B01;1;7;0;2;3;23;1;
29292;202000019131;154 708 588;A01;1;32;0;2;7;1;1;
29293;202000019132;154 708 585;A01;1;1;0;2;1;5;5;
29294;202000019132;154 708 586;B01;2;1;0;2;1;1;5;
29295;202000019133;154 708 584;A01;1;10;0;1;8;15;1;
29296;202000019136;154 708 578;B01;2;50;0;2;1;1;3;
29297;202000019136;154 708 579;A01;2;7;0;9;2;16;1;
29298;202000019137;154 708 576;B01;2;7;0;2;0;0;1;
29299;202000019137;154 708 577;A01;2;10;2;2;1;1;1;
29300;202000019138;154 708 574;A01;1;1;0;2;1;18;5;
29301;202000019138;154 708 575;B01;1;7;0;9;5;2;0;
29302;202000019139;154 708 571;C01;1;10;0;2;6;1;0;
29303;202000019139;154 708 572;B01;1;10;0;2;1;1;0;
29304;202000019139;154 708 573;A01;1;10;0;2;1;9;0;
29305;202000019140;154 708 569;B01;1;33;0;2;1;1;1;
29306;202000019140;154 708 570;A01;2;7;0;2;3;15;1;
29307;202000019141;154 708 567;A01;1;2;0;2;1;1;1;
29308;202000019141;154 708 568;B01;2;7;0;2;3;0;1;
29309;202000019142;154 708 564;A01;3;10;0;2;1;17;1;
29310;202000019142;154 708 565;C01;-1;30;0;2;1;0;0;
29311;202000019142;154 708 566;B01;-1;37;0;0;0;0;0;1.0
29312;202000019143;154 708 562;B01;1;80;0;2;1;3;3;
29313;202000019143;154 708 563;A01;1;7;0;2;2;12;1;
29314;202000019144;154 708 560;B01;1;34;0;2;1;18;1;
29315;202000019144;154 708 561;A01;1;3;0;2;7;16;1;
29316;202000019145;154 708 559;A01;0;30;0;1;1;25;0;
29317;202000019146;154 708 557;A01;3;33;0;2;7;17;1;
29318;202000019146;154 708 558;B01;3;7;0;2;3;17;1;
29319;202000019147;154 708 556;A01;1;10;8;0;2;1;1;
29320;202000019148;154 708 555;A01;1;10;0;1;7;1;1;
29321;202000019149;154 708 553;B01;1;10;0;0;4;2;1;
29322;202000019149;154 708 554;A01;1;30;0;2;1;26;1;
29323;202000019150;154 708 552;B01;1;32;0;4;1;2;1;
29324;202000019151;154 708 550;B01;0;1;0;2;3;0;5;
29325;202000019151;154 708 551;A01;1;10;0;2;3;1;1;
29326;202000019152;154 708 548;B01;2;1;0;2;3;12;5;
29327;202000019152;154 708 549;A01;2;7;0;2;3;1;1;
29328;202000019153;154 708 546;B01;1;34;0;2;7;21;1;
29329;202000019153;154 708 547;A01;1;7;1;0;1;19;1;
29330;202000019154;154 708 544;B01;1;7;0;2;4;1;1;
29331;202000019154;154 708 545;A01;1;30;0;2;1;26;1;
29332;202000019155;154 708 542;A01;1;1;0;2;7;19;5;
29333;202000019155;154 708 543;B01;1;30;0;2;1;21;1;
29334;202000019156;154 708 540;A01;2;30;0;2;1;10;1;
29335;202000019156;154 708 541;B01;1;33;0;2;3;1;1;
29336;202000019157;154 708 539;A01;1;7;0;1;2;1;1;
29337;202000019158;154 708 536;A01;1;31;0;2;1;1;1;
29338;202000019158;154 708 537;C01;2;7;13;0;1;14;1;
29339;202000019158;154 708 538;B01;1;7;0;2;4;1;1;
29340;202000019159;154 708 534;B01;1;7;0;2;1;1;1;
29341;202000019159;154 708 535;A01;2;33;0;2;1;15;1;
29342;202000019160;154 708 532;A01;2;33;0;0;0;1;1;
29343;202000019160;154 708 533;B01;1;21;0;0;0;15;1;
29344;202000019161;154 708 531;A01;1;33;12;0;1;1;1;
29345;202000019162;154 708 529;A01;3;7;0;2;7;9;1;
29346;202000019162;154 708 530;B01;3;7;0;2;1;2;1;
29347;202000019163;154 708 527;A01;1;14;0;2;6;1;6;
29348;202000019163;154 708 528;B01;2;1;0;2;3;13;5;
29349;202000019164;154 708 524;A01;1;33;15;0;0;17;1;
29350;202000019165;154 708 522;B01;3;1;0;0;1;1;5;
29351;202000019165;154 708 523;A01;2;17;0;2;3;15;1;
29352;202000019167;154 708 517;B01;2;33;0;2;1;1;1;
29353;202000019167;154 708 518;A01;1;7;0;2;2;10;1;
29354;202000019168;154 708 515;B01;2;7;0;2;3;1;1;
29355;202000019168;154 708 516;A01;1;7;0;2;3;13;1;
29356;202000019169;154 708 513;A01;1;7;0;9;2;1;1;
29357;202000019169;154 708 514;B01;2;80;0;2;8;19;3;
29358;202000019170;154 708 512;A01;1;7;3;0;8;1;1;
29359;202000019171;154 708 510;B01;3;7;0;2;3;19;1;
29360;202000019171;154 708 511;A01;1;14;0;2;1;1;1;
29361;202000019172;154 708 508;A01;2;7;0;2;5;19;1;
29362;202000019172;154 708 509;B01;1;33;0;2;2;1;1;
29363;202000019174;154 708 505;A01;1;7;0;2;8;15;6;
29364;202000019174;154 708 506;B01;1;7;0;2;3;1;2;
29365;202000019175;154 708 504;A01;2;1;0;0;0;13;6;
29366;202000019176;154 708 502;B01;0;30;0;2;7;1;1;
29367;202000019176;154 708 503;A01;0;38;0;2;3;1;1;1.0
29368;202000019177;154 708 501;A01;1;7;8;0;3;0;1;
29369;202000019178;154 708 498;C01;1;7;0;2;1;1;0;
29370;202000019178;154 708 499;A01;2;7;0;2;2;1;0;
29371;202000019178;154 708 500;B01;2;7;9;2;3;1;0;
29372;202000019179;154 708 496;A01;2;33;0;2;1;13;1;
29373;202000019179;154 708 497;B01;1;7;0;2;1;1;1;
29374;202000019180;154 708 494;A01;0;7;7;2;8;1;1;
29375;202000019180;154 708 495;B01;2;7;0;2;1;1;1;
29376;202000019181;154 708 493;A01;1;7;16;0;9;17;1;
29377;202000019182;154 708 491;A01;2;10;0;2;2;1;6;
29378;202000019182;154 708 492;B01;2;1;0;2;4;1;5;
29379;202000019183;154 708 489;B01;3;7;0;2;3;1;1;
29380;202000019183;154 708 490;A01;3;30;0;2;1;19;1;
29381;202000019184;154 708 487;B01;1;7;13;0;3;1;0;
29382;202000019184;154 708 488;A01;2;7;0;2;3;13;1;
29383;202000019185;154 708 485;A01;1;10;0;2;4;23;1;
29384;202000019185;154 708 486;B01;1;7;0;2;1;2;1;
29385;202000019186;154 708 484;A01;2;7;8;0;1;1;1;
29386;202000019187;154 708 482;B01;1;2;0;2;4;2;1;
29387;202000019187;154 708 483;A01;1;7;0;2;0;2;0;
29388;202000019188;154 708 480;A01;1;10;0;9;1;1;1;
29389;202000019188;154 708 481;B01;1;1;0;2;8;15;6;
29390;202000019189;154 708 479;A01;1;33;0;9;1;1;1;
29391;202000019190;154 708 477;A01;2;7;0;0;3;15;1;
29392;202000019190;154 708 478;B01;1;7;0;2;1;1;1;
29393;202000019191;154 708 476;A01;2;7;13;0;2;16;1;
29394;202000019192;154 708 473;A01;1;7;0;2;3;15;1;
29395;202000019192;154 708 474;B01;2;33;0;2;1;1;1;
29396;202000019192;154 708 475;C01;2;7;0;0;8;23;1;
29397;202000019193;154 708 471;A01;2;7;0;2;4;1;1;
29398;202000019193;154 708 472;B01;2;33;0;2;1;1;1;
29399;202000019194;154 708 469;B01;2;10;0;2;1;2;1;
29400;202000019194;154 708 470;A01;2;1;0;0;4;2;5;
29401;202000019196;154 708 466;A01;1;7;0;2;1;13;1;
29402;202000019196;154 708 467;B01;2;21;0;2;8;2;1;
29403;202000019197;154 708 464;B01;1;31;0;2;7;17;1;
29404;202000019197;154 708 465;A01;2;7;0;2;3;19;1;
29405;202000019198;154 708 462;A01;1;2;0;2;1;3;1;
29406;202000019198;154 708 463;B01;1;7;0;2;8;15;0;
29407;202000019200;154 708 458;A01;1;1;1;0;1;1;5;
29408;202000019200;154 708 459;B01;1;7;0;0;4;24;1;
29409;202000019201;154 708 456;B01;1;1;0;2;8;1;5;
29410;202000019201;154 708 457;A01;1;7;0;9;5;1;1;
29411;202000019203;154 708 453;A01;1;7;0;2;1;16;1;
29412;202000019203;154 708 454;B01;1;7;13;2;5;1;1;
29413;202000019204;154 708 451;A01;0;10;0;2;4;4;1;
29414;202000019204;154 708 452;B01;0;1;0;2;1;1;5;
29415;202000019205;154 708 450;A01;2;33;13;0;0;1;0;
29416;202000019206;154 708 448;B01;2;80;0;2;4;1;3;
29417;202000019206;154 708 449;A01;2;10;0;2;2;1;1;
29418;202000019207;154 708 447;A01;1;7;13;0;3;1;1;
29419;202000019208;154 708 446;A01;0;2;10;0;7;1;1;
29420;202000019210;154 708 442;B01;2;7;0;2;1;1;1;
29421;202000019210;154 708 443;A01;1;7;0;2;2;1;1;
29422;202000019211;154 708 440;B01;1;33;0;2;1;1;1;
29423;202000019211;154 708 441;A01;2;7;0;2;2;15;1;
29424;202000019212;154 708 438;B01;2;33;0;0;2;17;1;
29425;202000019212;154 708 439;A01;2;10;0;2;7;15;1;
29426;202000019213;154 708 437;A01;1;7;13;0;8;0;1;
29427;202000019214;154 708 435;B01;1;7;0;2;3;1;1;
29428;202000019214;154 708 436;A01;2;7;0;2;3;15;1;
29429;202000019215;154 708 434;A01;2;33;4;0;8;13;1;
29430;202000019216;154 708 432;A01;3;7;0;2;8;15;1;
29431;202000019216;154 708 433;B01;3;2;0;2;2;17;1;
29432;202000019217;154 708 431;A01;1;99;13;0;0;1;1;
29433;202000019218;154 708 429;A01;2;7;0;2;3;10;1;
29434;202000019218;154 708 430;B01;2;7;0;2;2;21;1;
29435;202000019219;154 708 427;A01;2;31;0;2;8;9;1;
29436;202000019219;154 708 428;B01;1;7;0;2;3;1;1;
29437;202000019220;154 708 426;A01;1;7;0;1;3;1;1;
29438;202000019221;154 708 423;A01;2;7;0;2;3;13;1;
29439;202000019221;154 708 424;B01;1;7;0;2;3;1;1;
29440;202000019223;154 708 420;B01;3;31;0;2;1;1;0;
29441;202000019223;154 708 421;A01;3;34;0;2;2;14;0;
29442;202000019224;154 708 418;B01;0;33;0;2;1;1;1;
29443;202000019224;154 708 419;A01;0;7;0;2;8;15;1;
29444;202000019225;154 708 417;A01;3;7;0;1;3;1;1;
29445;202000019226;154 708 415;B01;1;7;0;2;3;5;1;
29446;202000019226;154 708 416;A01;2;33;0;2;3;5;1;
29447;202000019227;154 708 414;A01;1;7;13;0;1;13;1;
29448;202000019228;154 708 413;A01;1;1;0;0;8;14;5;
29449;202000019229;154 708 410;B01;1;13;0;2;2;26;0;
29450;202000019229;154 708 411;C01;2;7;0;2;6;1;0;
29451;202000019229;154 708 412;A01;2;13;0;9;2;13;0;
29452;202000019230;154 708 409;A01;2;2;15;0;1;1;1;
29453;202000019231;154 708 407;A01;2;1;1;0;1;1;5;
29454;202000019231;154 708 408;B01;2;7;0;1;6;23;1;
29455;202000019232;154 708 404;C01;1;7;0;2;4;2;0;
29456;202000019232;154 708 405;B01;1;7;0;2;1;2;0;
29457;202000019232;154 708 406;A01;1;7;0;2;1;2;0;
29458;202000019233;154 708 402;B01;2;7;0;2;1;1;0;
29459;202000019233;154 708 403;A01;2;7;0;0;4;23;0;
29460;202000019234;154 708 400;B01;2;7;0;2;1;0;1;
29461;202000019234;154 708 401;A01;1;7;0;2;1;13;1;
29462;202000019235;154 708 399;A01;2;33;0;6;1;1;1;
29463;202000019236;154 708 397;B01;0;31;0;2;1;1;1;
29464;202000019236;154 708 398;A01;0;10;0;0;1;15;1;
29465;202000019237;154 708 396;A01;3;7;13;0;1;1;1;
29466;202000019239;154 708 394;A01;3;80;0;0;0;1;3;
29467;202000019240;154 708 384;A01;1;31;0;2;2;2;1;
29468;202000019240;154 708 385;B01;1;7;0;2;4;1;1;
29469;202000019241;154 708 382;B01;1;7;0;2;8;19;1;
29470;202000019241;154 708 383;A01;1;7;0;2;1;1;1;
29471;202000019243;154 708 379;A01;3;15;0;1;1;9;1;
29472;202000019244;154 708 377;B01;1;2;0;2;3;17;1;
29473;202000019244;154 708 378;A01;1;7;0;2;3;15;1;
29474;202000019245;154 708 376;A01;1;31;12;0;1;1;1;
29475;202000019246;154 708 372;B01;2;7;0;2;3;15;1;
29476;202000019246;154 708 373;A01;1;33;0;2;1;17;1;
29477;202000019247;154 708 370;B01;2;7;0;2;1;1;1;
29478;202000019247;154 708 371;A01;1;7;0;2;1;13;1;
29479;202000019248;154 708 368;A01;0;7;0;2;1;15;1;
29480;202000019248;154 708 369;B01;0;7;0;2;6;1;1;
29481;202000019249;154 708 365;A01;1;37;0;1;7;1;1;1.0
29482;202000019251;154 708 361;B01;2;1;0;2;0;15;5;
29483;202000019251;154 708 362;A01;2;37;0;2;2;2;1;1.0
29484;202000019252;154 708 359;A01;1;7;0;2;2;1;1;
29485;202000019252;154 708 360;B01;1;7;0;2;5;15;1;
29486;202000019253;154 708 358;A01;2;7;1;0;2;26;1;
29487;202000019254;154 708 355;C01;1;7;0;2;4;1;1;
29488;202000019254;154 708 356;B01;1;7;0;2;4;1;1;
29489;202000019254;154 708 357;A01;1;13;0;2;1;1;1;
29490;202000019255;154 708 353;B01;1;33;0;2;1;1;1;
29491;202000019255;154 708 354;A01;1;17;0;2;4;20;1;
29492;202000019256;154 708 351;A01;1;7;0;2;2;2;1;
29493;202000019256;154 708 352;B01;1;2;0;0;4;23;1;
29494;202000019257;154 708 350;A01;1;7;0;1;1;1;-1;
29495;202000019258;154 708 349;A01;1;7;0;1;1;1;1;
29496;202000019259;154 708 347;B01;2;7;0;2;7;1;1;
29497;202000019259;154 708 348;A01;1;7;8;2;1;13;1;
29498;202000019261;154 708 343;B01;1;7;0;2;8;1;1;
29499;202000019261;154 708 344;A01;2;7;0;2;1;1;1;
29500;202000019262;154 708 341;A01;2;7;0;2;1;15;0;
29501;202000019262;154 708 342;B01;1;2;0;2;1;18;0;
29502;202000019263;154 708 339;A01;0;2;0;2;1;1;1;
29503;202000019263;154 708 340;B01;0;10;0;2;3;15;1;
29504;202000019264;154 708 337;B01;0;7;0;2;4;2;1;
29505;202000019264;154 708 338;A01;0;7;0;2;1;2;1;
29506;202000019265;154 708 336;A01;3;2;0;0;7;1;1;
29507;202000019266;154 708 334;A01;0;7;15;2;1;15;1;
29508;202000019266;154 708 335;B01;0;7;0;0;4;16;0;
29509;202000019267;154 708 333;A01;3;7;0;1;1;1;-1;
29510;202000019268;154 708 331;B01;1;1;0;2;4;2;0;
29511;202000019268;154 708 332;A01;1;7;0;2;3;9;1;
29512;202000019269;154 708 330;A01;2;7;0;2;2;21;1;
29513;202000019270;154 708 329;A01;3;7;6;0;1;26;1;
29514;202000019271;154 708 327;B01;3;7;0;2;4;2;1;
29515;202000019271;154 708 328;A01;3;7;0;2;1;2;1;
29516;202000019273;154 708 324;A01;2;7;13;0;1;14;1;
29517;202000019274;154 708 323;A01;1;30;14;0;1;1;1;
29518;202000019275;154 708 320;C01;2;37;0;2;3;23;4;1.0
29519;202000019275;154 708 321;B01;1;2;0;2;7;12;1;
29520;202000019275;154 708 322;A01;1;7;0;2;3;1;1;
29521;202000019276;154 708 318;A01;1;7;0;2;5;19;1;
29522;202000019276;154 708 319;B01;1;7;0;2;6;19;0;
29523;202000019277;154 708 316;B01;2;7;0;2;8;15;1;
29524;202000019277;154 708 317;A01;2;30;0;2;1;17;1;
29525;202000019279;154 708 311;A01;2;10;0;2;1;1;1;
29526;202000019279;154 708 312;B01;2;7;0;2;4;23;1;
29527;202000019279;154 708 313;C01;2;7;0;2;4;23;1;
29528;202000019280;154 708 309;A01;3;10;0;2;1;1;1;
29529;202000019280;154 708 310;B01;3;30;0;2;2;8;1;
29530;202000019281;154 708 308;A01;3;33;15;0;9;19;1;
29531;202000019283;154 708 302;Z01;0;7;0;9;3;0;0;
29532;202000019283;154 708 303;B01;2;50;0;2;3;1;3;
29533;202000019284;154 708 300;B01;0;7;0;2;1;15;1;
29534;202000019284;154 708 301;A01;0;32;0;0;0;1;1;
29535;202000019285;154 708 298;A01;1;7;0;2;4;2;1;
29536;202000019285;154 708 299;Z01;1;7;0;2;1;2;1;
29537;202000019286;154 708 295;C01;1;33;0;2;1;23;1;
29538;202000019286;154 708 296;B01;2;34;0;2;1;1;1;
29539;202000019286;154 708 297;A01;1;7;0;2;7;15;1;
29540;202000019287;154 708 293;B01;1;50;0;2;8;19;3;
29541;202000019287;154 708 294;A01;1;7;0;2;1;26;0;
29542;202000019288;154 708 292;A01;1;32;0;1;1;1;1;
29543;202000019290;154 708 287;B01;2;7;0;2;7;12;1;
29544;202000019290;154 708 288;A01;2;33;4;2;3;18;1;
29545;202000019290;154 708 289;D01;2;7;0;2;6;1;1;
29546;202000019290;154 708 290;C01;2;10;0;2;7;23;1;
29547;202000019291;154 708 285;B01;1;10;0;2;6;1;1;
29548;202000019291;154 708 286;A01;1;32;0;2;2;1;1;
29549;202000019292;154 708 284;A01;1;7;0;1;7;1;1;
29550;202000019293;154 708 283;Z01;1;32;0;1;1;1;0;
29551;202000019294;154 708 281;Z01;1;7;0;2;3;15;0;
29552;202000019294;154 708 282;A01;2;1;0;2;8;1;5;
29553;202000019295;154 708 280;A01;2;31;0;0;0;1;1;
29554;202000019297;154 708 277;A01;2;7;0;1;4;4;3;
29555;202000019298;154 708 275;Z01;2;7;0;2;6;14;0;
29556;202000019298;154 708 276;A01;2;1;0;2;6;1;5;
29557;202000019299;154 708 273;B01;2;1;0;2;7;7;5;
29558;202000019299;154 708 274;A01;1;80;0;2;1;16;3;
29559;202000019300;154 708 270;A01;1;7;0;2;5;22;1;
29560;202000019300;154 708 271;B01;1;34;0;2;3;18;1;
29561;202000019301;154 708 268;B01;2;1;0;2;1;1;5;
29562;202000019301;154 708 269;A01;1;7;0;2;1;1;1;
29563;202000019302;154 708 266;B01;2;50;0;2;1;1;3;
29564;202000019302;154 708 267;A01;2;7;0;9;3;15;1;
29565;202000019303;154 708 264;A01;1;33;0;2;1;1;1;
29566;202000019303;154 708 265;B01;1;7;0;2;5;16;1;
29567;202000019305;154 708 262;A01;2;7;0;1;0;26;0;
29568;202000019307;154 708 259;A01;1;32;14;0;1;26;1;
29569;202000019308;154 708 257;A01;1;7;14;0;3;15;1;
29570;202000019308;154 708 258;B01;1;33;0;2;3;2;1;
29571;202000019309;154 708 255;A01;2;7;0;9;1;9;1;
29572;202000019309;154 708 256;B01;2;1;0;2;8;1;5;
29573;202000019310;154 708 253;B01;1;2;0;2;8;1;0;
29574;202000019310;154 708 254;A01;1;7;0;2;1;15;0;
29575;202000019311;154 708 251;B01;2;1;0;2;1;1;5;
29576;202000019311;154 708 252;A01;1;30;0;2;7;15;1;
29577;202000019312;154 708 250;A01;1;2;0;0;0;0;1;
29578;202000019313;154 708 249;A01;3;42;12;0;2;14;6;
29579;202000019315;154 708 245;A01;1;10;0;2;1;19;1;
29580;202000019315;154 708 246;B01;2;7;0;0;6;1;1;
29581;202000019316;154 708 243;A01;3;7;0;2;2;1;1;
29582;202000019316;154 708 244;B01;3;30;0;2;1;1;1;
29583;202000019317;154 708 241;B01;0;31;0;2;0;1;0;
29584;202000019317;154 708 242;A01;0;7;0;2;3;19;0;
29585;202000019318;154 708 239;A01;3;7;0;1;2;15;0;
29586;202000019320;154 708 235;A01;1;34;1;0;2;1;1;
29587;202000019321;154 708 233;B01;1;7;0;2;1;1;1;
29588;202000019321;154 708 234;A01;2;7;0;2;1;13;1;
29589;202000019322;154 708 232;A01;3;7;13;0;0;1;1;
29590;202000019323;154 708 230;B01;1;7;0;2;3;15;1;
29591;202000019323;154 708 231;A01;2;7;0;2;1;1;1;
29592;202000019324;154 708 228;B01;1;7;13;2;3;1;1;
29593;202000019324;154 708 229;A01;2;7;0;2;3;13;1;
29594;202000019325;154 708 226;B01;2;7;0;2;1;1;1;
29595;202000019325;154 708 227;A01;1;7;3;2;7;13;1;
29596;202000019326;154 708 225;A01;0;7;1;0;1;1;1;
29597;202000019327;154 708 224;A01;2;7;2;0;3;1;1;
29598;202000019328;154 708 223;A01;2;2;13;0;0;1;1;
29599;202000019329;154 708 221;A01;1;7;0;2;1;13;1;
29600;202000019329;154 708 222;B01;2;10;0;2;1;1;1;
29601;202000019330;154 708 219;B01;2;33;0;2;1;1;1;
29602;202000019330;154 708 220;A01;1;7;0;2;7;15;1;
29603;202000019331;154 708 217;A01;1;7;0;2;1;1;6;
29604;202000019331;154 708 218;B01;2;7;0;0;1;1;6;
29605;202000019332;154 708 215;B01;1;99;0;2;8;1;1;
29606;202000019332;154 708 216;A01;1;7;0;2;1;19;1;
29607;202000019333;154 708 213;B01;3;21;0;2;6;1;1;
29608;202000019333;154 708 214;A01;3;2;0;2;8;0;1;
29609;202000019334;154 708 210;A01;1;7;14;0;1;1;1;
29610;202000019336;154 708 202;A01;2;7;0;2;5;4;1;
29611;202000019336;154 708 203;B01;1;2;0;2;1;1;1;
29612;202000019338;154 708 197;B01;1;14;0;0;4;1;1;
29613;202000019338;154 708 198;A01;1;10;0;2;1;12;1;
29614;202000019339;154 708 196;A01;1;15;0;1;2;1;1;
29615;202000019340;154 708 195;A01;1;2;0;0;1;1;1;
29616;202000019341;154 708 192;A01;1;7;1;0;1;11;1;
29617;202000019341;154 708 193;B01;2;7;0;2;1;1;1;
29618;202000019341;154 708 194;C01;1;7;1;2;5;15;1;
29619;202000019342;154 708 190;B01;3;1;0;2;8;19;5;
29620;202000019342;154 708 191;A01;3;7;0;9;2;1;1;
29621;202000019343;154 708 188;A01;2;33;0;2;1;2;1;
29622;202000019343;154 708 189;C01;2;99;0;2;5;16;0;
29623;202000019344;154 708 186;A01;2;34;0;2;2;17;1;
29624;202000019344;154 708 187;B01;2;7;0;2;8;15;1;
29625;202000019345;154 708 184;B01;2;7;0;2;3;1;1;
29626;202000019345;154 708 185;A01;1;7;0;2;3;17;1;
29627;202000019346;154 708 182;B01;2;2;6;0;1;1;1;
29628;202000019346;154 708 183;A01;2;7;0;2;5;4;1;
29629;202000019347;154 708 180;A01;3;7;0;2;2;1;1;
29630;202000019347;154 708 181;B01;3;7;0;2;3;1;1;
29631;202000019348;154 708 178;A01;2;7;0;0;3;15;1;
29632;202000019348;154 708 179;B01;2;31;8;0;1;17;1;
29633;202000019349;154 708 176;B01;1;7;0;2;2;1;1;
29634;202000019349;154 708 177;A01;1;7;0;2;8;20;1;
29635;202000019350;154 708 174;A01;2;7;0;2;2;15;1;
29636;202000019350;154 708 175;B01;1;2;0;2;1;1;1;
29637;202000019351;154 708 173;A01;0;7;13;2;1;1;1;
29638;202000019353;154 708 167;B01;2;7;0;2;4;2;1;
29639;202000019353;154 708 168;C01;2;7;0;2;4;2;1;
29640;202000019353;154 708 169;D01;2;7;0;2;4;2;1;
29641;202000019353;154 708 170;A01;2;10;0;2;1;2;1;
29642;202000019354;154 708 164;A01;2;10;0;2;1;12;1;
29643;202000019354;154 708 165;B01;2;10;0;2;4;1;1;
29644;202000019354;154 708 166;C01;2;10;0;2;4;1;0;
29645;202000019355;154 708 163;A01;2;7;0;0;0;1;1;
29646;202000019356;154 708 161;A01;2;10;3;2;1;14;1;
29647;202000019356;154 708 162;B01;2;7;0;2;4;1;6;
29648;202000019357;154 708 159;A01;1;32;0;2;1;2;1;
29649;202000019357;154 708 160;B01;1;7;0;2;8;2;1;
29650;202000019358;154 708 158;A01;2;33;0;0;9;1;1;
29651;202000019359;154 708 156;B01;2;7;0;2;4;2;1;
29652;202000019359;154 708 157;A01;2;7;0;2;1;2;1;