;Num_Acc;id_vehicule;num_veh;senc;catv;obs;obsm;choc;manv;motor;occutc
29653;202000019360;154 708 154;A01;2;33;14;0;1;2;1;
29654;202000019360;154 708 155;B01;2;7;0;2;8;2;1;
29655;202000019361;154 708 152;A01;2;33;0;2;1;1;1;
29656;202000019361;154 708 153;Z01;2;10;0;2;0;2;1;
29657;202000019362;154 708 150;B01;1;7;0;2;4;2;1;
29658;202000019362;154 708 151;A01;1;34;0;2;1;2;1;
29659;202000019363;154 708 147;C01;1;7;0;2;5;2;1;
29660;202000019363;154 708 148;B01;1;7;0;2;4;2;1;
29661;202000019363;154 708 149;A01;1;7;0;2;1;2;1;
29662;202000019364;154 708 146;A01;1;33;0;0;7;1;1;
29663;202000019366;154 708 143;A01;2;10;0;2;8;1;1;
29664;202000019368;154 708 140;A01;3;7;0;1;0;0;1;
29665;202000019369;154 708 138;A01;3;10;0;2;3;16;1;
29666;202000019369;154 708 139;B01;3;1;0;2;1;1;5;
29667;202000019370;154 708 136;A01;3;7;0;2;3;15;1;
29668;202000019370;154 708 137;B01;3;7;0;2;6;1;1;
29669;202000019371;154 708 134;B01;2;99;0;2;3;2;1;
29670;202000019371;154 708 135;A01;2;99;0;2;3;9;1;
29671;202000019372;154 708 132;A01;1;7;0;9;7;17;1;
29672;202000019372;154 708 133;B01;1;1;0;2;8;1;6;
29673;202000019373;154 708 130;B01;1;1;0;2;1;2;5;
29674;202000019373;154 708 131;A01;1;7;0;9;1;1;1;
29675;202000019374;154 708 128;B01;1;7;0;9;3;19;1;
29676;202000019374;154 708 129;A01;1;2;0;2;1;17;1;
29677;202000019375;154 708 126;B01;2;7;0;2;5;15;1;
29678;202000019375;154 708 127;A01;1;7;0;2;1;1;1;
29679;202000019376;154 708 124;A01;2;50;0;2;7;1;3;
29680;202000019376;154 708 125;B01;2;7;0;2;3;19;1;
29681;202000019377;154 708 121;C01;2;7;0;2;4;2;0;
29682;202000019377;154 708 122;B01;2;7;0;2;4;2;0;
29683;202000019377;154 708 123;A01;2;7;0;2;1;2;0;
29684;202000019378;154 708 120;A01;1;30;1;0;1;1;1;
29685;202000019379;154 708 119;A01;3;7;8;0;2;1;1;
29686;202000019381;154 708 116;A01;3;7;0;1;3;16;1;
29687;202000019382;154 708 114;Z01;1;7;0;2;3;1;0;
29688;202000019382;154 708 115;B01;1;1;0;2;7;1;5;
29689;202000019383;154 708 112;A01;0;30;0;2;0;1;1;
29690;202000019383;154 708 113;Z01;1;7;0;2;0;1;1;
29691;202000019384;154 708 111;A01;3;7;0;1;1;1;1;
29692;202000019386;154 708 107;A01;2;7;1;2;8;13;0;
29693;202000019386;154 708 108;B01;1;7;0;2;8;1;0;
29694;202000019387;154 708 104;B01;1;10;0;2;4;2;1;
29695;202000019387;154 708 105;A01;1;7;0;2;1;9;1;
29696;202000019387;154 708 106;C01;2;7;0;2;5;1;1;
29697;202000019389;154 708 101;B01;2;7;0;2;4;2;1;
29698;202000019389;154 708 102;A01;2;31;0;2;1;2;1;
29699;202000019390;154 708 099;B01;1;33;0;2;4;2;1;
29700;202000019390;154 708 100;A01;3;7;0;2;1;9;1;
29701;202000019391;154 708 097;A01;2;32;0;2;7;26;1;
29702;202000019391;154 708 098;B01;2;7;0;2;3;15;1;
29703;202000019392;154 708 095;B01;1;33;0;2;1;17;1;
29704;202000019392;154 708 096;A01;1;7;0;2;3;15;1;
29705;202000019393;154 708 093;B01;1;7;0;2;4;2;1;
29706;202000019393;154 708 094;A01;1;7;0;2;1;2;1;
29707;202000019394;154 708 089;C01;2;7;0;2;4;2;1;
29708;202000019394;154 708 090;B01;2;7;0;2;4;2;1;
29709;202000019394;154 708 091;A01;2;17;0;2;1;2;1;
29710;202000019394;154 708 092;D01;2;7;0;2;4;2;1;
29711;202000019396;154 708 086;A01;1;7;14;0;2;0;1;
29712;202000019397;154 708 085;A01;1;7;0;1;2;0;1;
29713;202000019398;154 708 084;A01;1;1;0;0;0;0;5;
29714;202000019399;154 708 082;B01;2;7;0;2;4;23;1;
29715;202000019399;154 708 083;A01;2;30;0;2;1;2;1;
29716;202000019400;154 708 081;A01;3;10;0;1;4;4;1;
29717;202000019402;154 708 076;B01;1;7;0;2;4;1;1;
29718;202000019402;154 708 077;C01;1;7;0;2;4;1;1;
29719;202000019402;154 708 078;A01;1;7;0;2;1;1;1;
29720;202000019404;154 708 073;B01;1;1;0;2;1;1;5;
29721;202000019404;154 708 074;A01;1;7;0;2;5;15;1;
29722;202000019405;154 708 071;A01;2;7;0;2;1;14;1;
29723;202000019405;154 708 072;B01;2;7;0;2;4;1;1;
29724;202000019406;154 708 069;B01;2;2;0;2;2;17;1;
29725;202000019406;154 708 070;A01;0;7;0;2;1;9;1;
29726;202000019407;154 708 068;A01;1;7;7;0;2;14;1;
29727;202000019408;154 708 067;A01;1;7;0;1;7;17;1;
29728;202000019409;154 708 066;A01;2;7;6;0;2;14;1;
29729;202000019410;154 708 064;B01;1;10;0;0;4;1;1;
29730;202000019410;154 708 065;A01;1;10;0;2;1;1;1;
29731;202000019411;154 708 060;B01;1;31;0;2;7;17;0;
29732;202000019411;154 708 061;A01;1;10;0;2;8;15;1;
29733;202000019412;154 708 059;A01;2;7;13;0;1;14;1;
29734;202000019413;154 708 058;A01;2;1;9;0;0;26;5;
29735;202000019414;154 708 057;A01;1;7;0;1;3;9;1;
29736;202000019415;154 708 055;B01;1;30;0;2;4;1;0;
29737;202000019415;154 708 056;Z01;1;7;0;2;1;1;0;
29738;202000019416;154 708 052;C01;1;7;0;2;1;1;1;
29739;202000019416;154 708 053;A01;2;7;0;2;1;1;1;
29740;202000019416;154 708 054;B01;1;7;0;2;3;15;1;
29741;202000019417;154 708 050;B01;1;2;0;2;1;2;1;
29742;202000019417;154 708 051;A01;2;7;0;2;2;15;0;
29743;202000019418;154 708 048;B01;1;7;0;2;4;2;1;
29744;202000019418;154 708 049;A01;1;7;0;2;1;1;1;
29745;202000019419;154 708 047;A01;1;7;4;0;3;1;1;
29746;202000019420;154 708 045;A01;1;7;0;2;1;9;0;
29747;202000019420;154 708 046;B01;1;2;0;2;8;1;1;
29748;202000019421;154 708 044;A01;1;7;0;1;3;15;0;
29749;202000019422;154 708 039;A01;1;1;0;2;1;5;6;
29750;202000019422;154 708 040;B01;3;2;0;2;1;26;1;
29751;202000019423;154 708 037;A01;1;10;0;2;1;2;1;
29752;202000019423;154 708 038;Z01;1;7;0;2;4;2;0;
29753;202000019424;154 708 035;A01;1;7;0;2;1;1;1;
29754;202000019424;154 708 036;B01;1;10;0;2;4;1;1;
29755;202000019425;154 708 033;B01;1;10;0;2;4;2;1;
29756;202000019425;154 708 034;A01;1;7;0;2;1;2;1;
29757;202000019426;154 708 030;B01;1;7;0;2;4;2;1;
29758;202000019426;154 708 031;C01;1;15;0;2;4;2;1;
29759;202000019426;154 708 032;A01;1;15;0;2;1;2;1;
29760;202000019427;154 708 029;A01;1;50;0;0;1;1;3;
29761;202000019428;154 708 028;A01;2;30;14;0;3;13;1;
29762;202000019430;154 708 024;B01;2;2;0;2;1;1;1;
29763;202000019430;154 708 025;A01;1;7;0;2;7;15;1;
29764;202000019431;154 708 021;A01;1;7;0;2;2;21;1;
29765;202000019431;154 708 022;B01;2;7;0;2;1;1;1;
29766;202000019431;154 708 023;C01;1;7;0;0;6;23;1;
29767;202000019432;154 708 018;A01;3;7;13;0;3;15;1;
29768;202000019433;154 708 017;A01;2;7;13;0;1;1;1;
29769;202000019434;154 708 015;A01;2;33;0;2;7;13;1;
29770;202000019434;154 708 016;B01;1;17;0;2;4;21;1;
29771;202000019436;154 708 011;B01;0;30;0;2;2;1;1;
29772;202000019436;154 708 012;A01;0;7;0;2;3;9;1;
29773;202000019437;154 708 010;A01;2;7;0;2;2;1;1;
29774;202000019438;154 708 008;A01;1;10;0;2;5;15;0;
29775;202000019438;154 708 009;B01;1;33;0;0;1;1;0;
29776;202000019439;154 708 006;A01;2;2;0;2;3;1;1;
29777;202000019439;154 708 007;B01;1;7;0;2;3;15;1;
29778;202000019440;154 708 004;B01;1;14;0;2;4;1;1;
29779;202000019440;154 708 005;A01;1;7;0;2;1;2;1;
29780;202000019441;154 708 002;A01;1;7;0;2;1;2;1;
29781;202000019441;154 708 003;B01;1;21;0;0;4;2;1;
29782;202000019442;154 708 000;B01;3;7;0;2;2;1;1;
29783;202000019442;154 708 001;A01;3;1;0;2;1;19;5;
29784;202000019443;154 707 999;A01;2;33;8;0;1;17;1;
29785;202000019444;154 707 998;A01;1;7;6;0;1;1;1;
29786;202000019445;154 707 997;A01;3;33;0;0;3;1;1;
29787;202000019446;154 707 996;A01;3;20;0;0;3;1;1;
29788;202000019447;154 707 994;A01;0;7;0;9;2;19;0;
29789;202000019447;154 707 995;B01;2;1;0;2;1;1;0;
29790;202000019448;154 707 992;B01;2;2;0;2;1;1;1;
29791;202000019448;154 707 993;A01;1;7;0;2;2;15;1;
29792;202000019449;154 707 990;A01;2;14;0;2;3;1;1;
29793;202000019449;154 707 991;B01;1;1;0;2;1;1;5;
29794;202000019450;154 707 988;B01;3;33;0;2;8;1;1;
29795;202000019450;154 707 989;A01;3;7;0;2;1;19;1;
29796;202000019451;154 707 987;A01;1;7;13;0;3;1;1;
29797;202000019452;154 707 985;B01;0;1;0;2;1;1;6;
29798;202000019452;154 707 986;A01;0;7;0;2;2;19;1;
29799;202000019453;154 707 982;A01;1;7;0;0;0;1;1;
29800;202000019454;154 707 980;A01;3;7;0;2;3;15;0;
29801;202000019454;154 707 981;B01;2;33;0;2;1;1;0;
29802;202000019455;154 707 979;A01;3;7;2;0;1;21;1;
29803;202000019456;154 707 978;A01;0;7;0;1;1;1;0;
29804;202000019457;154 707 977;A01;1;2;16;0;1;13;1;
29805;202000019458;154 707 975;B01;1;7;0;2;3;1;1;
29806;202000019458;154 707 976;A01;1;7;0;2;1;19;1;
29807;202000019459;154 707 973;A01;1;7;0;2;3;15;1;
29808;202000019459;154 707 974;B01;1;33;0;2;2;1;1;
29809;202000019460;154 707 972;A01;3;36;0;0;0;1;1;
29810;202000019461;154 707 971;A01;1;7;0;1;3;1;6;
29811;202000019463;154 707 967;A01;0;7;13;0;3;1;1;
29812;202000019464;154 707 966;B01;3;7;0;2;7;1;1;
29813;202000019464;154 707 968;A01;3;7;0;2;1;1;1;
29814;202000019465;154 707 964;B01;1;7;0;2;2;1;1;
29815;202000019465;154 707 965;A01;2;7;0;2;1;13;1;
29816;202000019466;154 707 960;A01;1;7;1;0;1;26;1;
29817;202000019466;154 707 961;B01;1;7;1;0;9;24;1;
29818;202000019466;154 707 962;C01;1;7;1;1;4;24;1;
29819;202000019467;154 707 959;B01;1;7;0;2;2;1;1;
29820;202000019467;154 707 963;A01;2;7;0;2;3;16;1;
29821;202000019468;154 707 957;A01;1;7;0;2;1;15;1;
29822;202000019468;154 707 958;B01;2;31;0;2;7;17;1;
29823;202000019469;154 707 956;A01;1;10;2;0;8;1;1;
29824;202000019470;154 707 955;A01;1;30;0;0;7;1;1;
29825;202000019471;154 707 951;B01;1;7;0;2;1;1;1;
29826;202000019471;154 707 953;A01;2;10;0;2;4;13;1;
29827;202000019472;154 707 948;A01;1;7;0;2;2;2;1;
29828;202000019472;154 707 950;D01;1;1;0;2;6;2;5;
29829;202000019472;154 707 952;C01;1;1;0;2;6;2;5;
29830;202000019472;154 707 954;B01;1;1;0;0;0;2;5;
29831;202000019473;154 707 949;A01;1;80;0;0;0;1;3;
29832;202000019474;154 707 945;A01;1;7;0;2;7;15;1;
29833;202000019474;154 707 946;B01;2;2;0;2;1;1;1;
29834;202000019475;154 707 944;B01;2;7;0;2;1;23;1;
29835;202000019475;154 707 947;A01;1;7;8;2;1;1;1;
29836;202000019476;154 707 939;A01;1;30;0;0;8;1;1;
29837;202000019477;154 707 930;C01;2;7;0;2;2;23;0;
29838;202000019477;154 707 931;B01;2;7;0;2;1;1;0;
29839;202000019477;154 707 932;A01;2;7;0;2;7;1;1;
29840;202000019478;154 707 929;A01;3;10;6;0;2;14;1;
29841;202000019479;154 707 927;A01;2;34;0;2;1;9;0;
29842;202000019479;154 707 928;B01;2;10;0;2;5;23;6;
29843;202000019480;154 707 925;H01;1;10;0;0;4;2;1;
29844;202000019480;154 707 933;G01;1;7;0;2;4;2;1;
29845;202000019480;154 707 934;D01;1;7;0;2;4;2;1;
29846;202000019480;154 707 935;E01;1;7;0;2;4;2;1;
29847;202000019480;154 707 936;F01;1;7;0;2;4;2;1;
29848;202000019480;154 707 937;A01;1;14;0;2;2;2;1;
29849;202000019480;154 707 938;B01;1;7;0;2;4;2;1;
29850;202000019480;154 707 940;C01;1;7;0;2;4;2;1;
29851;202000019481;154 707 924;B01;1;40;0;2;2;1;0;
29852;202000019481;154 707 926;A01;1;7;0;-1;3;15;1;
29853;202000019483;154 707 921;A01;2;7;5;0;8;13;3;
29854;202000019484;154 707 916;A01;3;10;0;2;1;26;1;
29855;202000019484;154 707 918;B01;3;1;0;2;7;0;5;
29856;202000019485;154 707 911;A01;3;7;0;1;2;1;3;
29857;202000019486;154 707 910;B01;1;7;0;2;4;23;1;
29858;202000019486;154 707 912;H01;1;17;0;2;6;11;0;
29859;202000019486;154 707 913;A01;1;7;4;2;7;2;0;
29860;202000019486;154 707 914;E01;1;7;0;2;4;2;0;
29861;202000019486;154 707 915;F01;1;7;0;2;8;2;0;
29862;202000019486;154 707 917;G01;1;7;0;2;5;23;1;
29863;202000019486;154 707 919;C01;1;7;14;0;1;21;1;
29864;202000019486;154 707 920;D01;1;7;15;2;1;21;1;
29865;202000019487;154 707 909;A01;2;7;0;1;2;1;1;
29866;202000019488;154 707 906;A01;2;7;0;4;8;15;1;
29867;202000019488;154 707 908;B01;2;40;0;2;1;1;3;
29868;202000019490;154 707 903;B01;2;7;0;2;3;1;1;
29869;202000019490;154 707 904;A01;1;7;0;2;3;13;1;
29870;202000019491;154 707 900;A01;0;7;0;2;8;20;0;
29871;202000019491;154 707 902;B01;0;2;0;2;7;1;1;
29872;202000019492;154 707 901;A01;1;7;0;0;9;1;1;
29873;202000019493;154 707 898;A01;1;7;0;2;2;13;1;
29874;202000019493;154 707 899;B01;1;30;0;2;7;17;1;
29875;202000019494;154 707 896;A01;1;7;0;2;5;13;1;
29876;202000019494;154 707 897;B01;2;7;0;2;1;1;1;
29877;202000019495;154 707 894;A01;1;33;0;2;1;15;1;
29878;202000019495;154 707 895;B01;2;1;0;2;1;1;5;
29879;202000019496;154 707 889;C01;1;7;0;2;4;1;1;
29880;202000019496;154 707 891;D01;1;32;0;2;2;1;1;
29881;202000019496;154 707 892;B01;1;7;0;2;2;1;1;
29882;202000019496;154 707 893;A01;1;7;0;2;2;1;1;
29883;202000019497;154 707 888;A01;2;7;0;2;1;2;1;
29884;202000019497;154 707 890;B01;2;10;0;2;4;2;1;
29885;202000019498;154 707 887;A01;1;33;0;0;7;1;1;
29886;202000019500;154 707 884;B01;2;7;0;2;4;2;1;
29887;202000019500;154 707 885;A01;2;33;0;2;1;2;1;
29888;202000019501;154 707 882;A01;1;7;0;2;3;15;1;
29889;202000019501;154 707 883;B01;2;2;0;2;1;1;1;
29890;202000019502;154 707 880;B01;3;10;0;2;1;0;1;
29891;202000019502;154 707 881;A01;1;33;12;2;8;17;1;
29892;202000019503;154 707 879;A01;3;40;0;1;2;26;3;
29893;202000019504;154 707 878;A01;3;7;6;0;2;1;1;
29894;202000019505;154 707 877;A01;2;1;0;0;0;21;5;
29895;202000019506;154 707 874;A01;3;7;0;1;1;15;1;
29896;202000019507;154 707 875;A01;1;7;0;2;8;15;1;
29897;202000019507;154 707 876;B01;1;33;0;2;7;17;1;
29898;202000019509;154 707 870;A01;1;7;0;2;3;1;0;
29899;202000019509;154 707 873;B01;2;7;0;2;3;1;0;
29900;202000019510;154 707 868;A01;3;7;0;1;4;4;1;
29901;202000019511;154 707 867;B01;3;7;0;2;4;2;1;
29902;202000019511;154 707 869;A01;3;2;0;2;1;2;1;
29903;202000019512;154 707 864;B01;1;1;0;2;1;1;5;
29904;202000019512;154 707 866;A01;1;7;0;2;0;1;1;
29905;202000019514;154 707 861;A01;3;7;0;1;3;15;1;
29906;202000019516;154 707 855;A01;0;7;0;2;0;1;1;
29907;202000019516;154 707 857;B01;0;7;0;0;0;0;1;
29908;202000019516;154 707 858;C01;0;7;0;0;0;0;1;
29909;202000019517;154 707 854;A01;1;7;0;2;1;5;1;
29910;202000019517;154 707 856;B01;2;7;0;2;6;1;1;
29911;202000019517;154 707 859;C01;2;7;0;2;1;1;1;
29912;202000019518;154 707 852;A01;1;7;0;2;1;1;1;
29913;202000019518;154 707 853;B01;1;34;0;2;1;1;1;
29914;202000019519;154 707 851;A01;2;7;2;0;3;0;1;
29915;202000019520;154 707 849;B01;1;1;0;2;7;1;5;
29916;202000019520;154 707 850;A01;1;7;0;2;7;1;1;
29917;202000019521;154 707 848;A01;0;1;12;0;1;1;5;
29918;202000019522;154 707 847;A01;1;30;0;0;0;0;1;
29919;202000019524;154 707 845;A01;1;1;0;2;0;9;5;
29920;202000019525;154 707 844;A01;1;7;8;0;9;1;1;
29921;202000019526;154 707 843;A01;0;30;0;0;0;0;0;
29922;202000019527;154 707 842;A01;1;7;0;1;3;1;1;
29923;202000019528;154 707 839;A01;1;7;0;2;1;9;1;
29924;202000019528;154 707 841;B01;1;1;0;2;7;1;5;
29925;202000019529;154 707 837;A01;1;34;0;2;3;18;1;
29926;202000019529;154 707 838;B01;1;7;0;2;7;1;1;
29927;202000019530;154 707 836;B01;2;7;0;2;5;16;1;
29928;202000019530;154 707 840;A01;2;2;0;2;2;2;1;
29929;202000019531;154 707 834;A01;1;7;2;0;8;1;0;
29930;202000019532;154 707 833;B01;1;7;0;2;3;24;1;
29931;202000019532;154 707 835;A01;1;7;1;0;2;1;1;
29932;202000019533;154 707 831;A01;2;10;0;1;2;1;1;
29933;202000019534;154 707 829;A01;2;7;0;2;1;26;6;
29934;202000019534;154 707 830;B01;2;7;0;2;6;26;6;
29935;202000019535;154 707 825;A01;2;10;0;2;4;1;1;
29936;202000019535;154 707 827;B01;2;34;0;2;1;0;1;
29937;202000019535;154 707 828;C01;2;7;0;2;1;0;1;
29938;202000019536;154 707 824;B01;3;7;0;2;2;16;0;
29939;202000019536;154 707 826;A01;3;7;8;1;1;1;0;
29940;202000019537;154 707 822;B01;1;10;0;2;4;1;1;
29941;202000019537;154 707 823;A01;1;33;0;2;1;2;1;
29942;202000019538;154 707 819;A01;1;7;16;0;9;0;1;
29943;202000019539;154 707 818;Z01;0;7;0;2;1;1;1;
29944;202000019539;154 707 820;B01;0;7;0;2;4;1;1;
29945;202000019539;154 707 821;C01;0;7;0;2;4;1;1;
29946;202000019540;154 707 815;B01;1;17;0;2;4;23;1;
29947;202000019540;154 707 817;A01;1;7;0;2;1;1;1;
29948;202000019541;154 707 814;B01;3;10;0;2;3;1;1;
29949;202000019541;154 707 816;A01;3;10;0;2;3;13;1;
29950;202000019542;154 707 812;A01;2;7;0;2;3;1;1;
29951;202000019542;154 707 813;B01;2;7;0;2;3;1;1;
29952;202000019543;154 707 809;B01;0;31;0;2;2;1;1;
29953;202000019543;154 707 811;A01;0;7;0;2;3;1;1;
29954;202000019544;154 707 808;A01;1;10;0;2;6;13;1;
29955;202000019544;154 707 810;B01;1;10;0;2;8;1;1;
29956;202000019545;154 707 806;A01;2;7;0;0;8;2;1;
29957;202000019546;154 707 805;A01;2;7;0;0;1;1;0;
29958;202000019546;154 707 807;B01;2;7;0;2;4;23;0;
29959;202000019547;154 707 801;A01;1;7;0;2;2;12;1;
29960;202000019547;154 707 803;B01;1;33;0;2;3;3;1;
29961;202000019547;154 707 804;C01;1;7;0;2;2;1;6;
29962;202000019548;154 707 799;A01;2;7;4;0;1;21;1;
29963;202000019549;154 707 798;A01;2;17;4;0;1;1;1;
29964;202000019550;154 707 800;B01;3;7;0;2;1;0;1;
29965;202000019550;154 707 802;A01;0;7;0;2;7;9;1;
29966;202000019551;154 707 795;B01;2;7;0;2;3;10;1;
29967;202000019551;154 707 796;A01;3;43;0;2;2;17;1;
29968;202000019552;154 707 794;A01;1;10;0;1;1;1;1;
29969;202000019553;154 707 791;B01;-1;50;0;2;4;1;3;
29970;202000019553;154 707 793;A01;-1;7;0;2;1;9;1;
29971;202000019554;154 707 790;B01;1;1;0;2;3;18;5;
29972;202000019554;154 707 792;A01;3;13;0;2;5;23;1;
29973;202000019555;154 707 789;A01;2;7;13;0;2;1;1;
29974;202000019556;154 707 787;A01;1;7;0;1;1;1;0;
29975;202000019557;154 707 786;A01;3;7;0;2;3;15;0;
29976;202000019557;154 707 788;B01;3;33;0;2;3;1;0;
29977;202000019558;154 707 784;B01;2;33;0;2;9;1;1;
29978;202000019558;154 707 785;A01;1;10;0;2;3;15;1;
29979;202000019560;154 707 780;A01;1;33;0;1;2;1;0;
29980;202000019561;154 707 779;A01;1;7;0;2;2;10;1;
29981;202000019561;154 707 781;B01;1;7;0;2;1;1;1;
29982;202000019562;154 707 777;A01;2;10;0;2;1;15;1;
29983;202000019562;154 707 778;B01;1;7;0;2;3;2;1;
29984;202000019563;154 707 775;A01;1;31;0;2;7;21;1;
29985;202000019563;154 707 776;B01;1;7;0;2;8;1;1;
29986;202000019564;154 707 774;A01;1;30;0;1;0;0;0;
29987;202000019565;154 707 772;A01;2;32;0;1;1;1;1;
29988;202000019566;154 707 771;A01;2;7;0;2;6;15;1;
29989;202000019566;154 707 773;B01;2;33;0;2;2;16;1;
29990;202000019567;154 707 769;B01;0;7;0;0;6;0;0;
29991;202000019567;154 707 770;A01;0;7;1;0;2;0;0;
29992;202000019568;154 707 768;A01;3;10;14;0;1;1;1;
29993;202000019570;154 707 765;A01;1;10;0;1;1;26;1;
29994;202000019572;154 707 761;A01;2;7;0;2;1;13;1;
29995;202000019572;154 707 762;B01;1;7;0;2;1;1;1;
29996;202000019573;154 707 759;B01;1;7;0;2;3;23;1;
29997;202000019573;154 707 760;A01;2;7;1;0;3;1;1;
29998;202000019574;154 707 757;A01;1;99;0;0;1;26;1;
29999;202000019575;154 707 754;A01;1;17;0;2;1;1;0;
30000;202000019575;154 707 756;B01;3;7;0;2;1;1;0;
30001;202000019576;154 707 753;A01;3;7;0;2;3;1;1;
30002;202000019576;154 707 755;B01;3;50;0;2;1;19;3;
30003;202000019577;154 707 749;C01;1;7;0;2;3;0;1;
30004;202000019577;154 707 750;B01;1;7;0;2;8;21;1;
30005;202000019577;154 707 752;A01;2;10;9;2;3;13;1;
30006;202000019578;154 707 748;B01;2;7;0;2;8;1;1;
30007;202000019578;154 707 751;A01;2;15;0;2;2;12;1;
30008;202000019579;154 707 744;C01;1;50;0;2;8;1;3;
30009;202000019579;154 707 745;B01;2;31;0;2;8;1;1;
30010;202000019579;154 707 747;A01;2;7;0;2;8;15;1;
30011;202000019580;154 707 743;A01;3;7;0;2;1;26;1;
30012;202000019580;154 707 746;B01;3;7;0;2;3;26;1;
30013;202000019581;154 707 741;A01;3;7;0;2;4;4;1;
30014;202000019581;154 707 742;B01;3;1;0;2;1;1;5;
30015;202000019582;154 707 739;B01;3;7;14;0;0;0;0;
30016;202000019582;154 707 740;A01;3;1;14;2;8;14;5;
30017;202000019583;154 707 737;A01;2;10;0;2;7;16;1;
30018;202000019583;154 707 738;B01;2;80;0;2;8;1;3;
30019;202000019584;154 707 734;Z01;2;30;0;2;1;1;0;
30020;202000019584;154 707 735;B01;2;1;0;2;8;15;5;
30021;202000019585;154 707 733;A01;3;7;0;2;3;9;1;
30022;202000019585;154 707 736;B01;3;7;0;2;1;1;1;
30023;202000019587;154 707 727;A01;1;7;0;2;1;17;1;
30024;202000019587;154 707 729;C01;1;7;0;2;8;2;1;
30025;202000019587;154 707 730;B01;1;7;0;2;1;1;1;
30026;202000019588;154 707 726;B01;2;30;0;2;1;1;1;
30027;202000019588;154 707 728;A01;2;7;0;2;3;22;1;
30028;202000019589;154 707 723;A01;1;7;0;2;1;1;1;
30029;202000019589;154 707 724;B01;1;7;0;2;4;23;2;
30030;202000019590;154 707 719;A01;1;7;0;2;3;15;1;
30031;202000019590;154 707 721;B01;2;1;0;2;1;1;5;
30032;202000019591;154 707 718;A01;1;7;0;2;6;13;1;
30033;202000019591;154 707 720;B01;1;32;0;2;2;1;1;
30034;202000019592;154 707 716;B01;1;10;0;2;6;23;1;
30035;202000019592;154 707 717;A01;1;32;0;2;1;17;1;
30036;202000019593;154 707 711;B01;2;7;0;2;6;23;1;
30037;202000019593;154 707 713;C01;1;7;0;2;0;20;1;
30038;202000019593;154 707 715;A01;2;1;0;2;2;17;5;
30039;202000019594;154 707 712;A01;1;30;0;2;3;1;1;
30040;202000019594;154 707 714;B01;1;7;0;2;5;16;1;
30041;202000019596;154 707 707;B01;1;1;0;2;1;1;5;
30042;202000019596;154 707 708;A01;2;7;0;2;6;15;1;
30043;202000019597;154 707 706;B01;2;1;0;0;0;21;5;
30044;202000019601;154 707 700;Z01;2;37;0;2;6;13;0;0.0
30045;202000019601;154 707 702;A01;2;60;0;2;7;17;5;
30046;202000019602;154 707 697;A01;2;30;0;2;1;2;1;
30047;202000019602;154 707 699;B01;2;7;0;2;4;2;0;
30048;202000019603;154 707 698;A01;1;30;0;9;3;1;1;
30049;202000019604;154 707 695;A01;1;31;0;1;1;17;1;
30050;202000019605;154 707 696;A01;1;7;1;0;3;1;1;
30051;202000019607;154 707 691;A01;2;1;0;0;1;21;5;
30052;202000019608;154 707 692;B01;1;1;0;2;7;1;5;
30053;202000019608;154 707 694;A01;2;7;0;2;2;9;1;
30054;202000019609;154 707 688;A01;3;10;0;2;1;2;1;
30055;202000019609;154 707 689;B01;3;7;15;2;4;2;1;
30056;202000019610;154 707 686;B01;3;7;0;2;2;15;1;
30057;202000019610;154 707 687;A01;3;34;0;2;3;16;1;
30058;202000019611;154 707 684;A01;1;1;0;2;1;19;6;
30059;202000019611;154 707 685;B01;1;7;0;2;0;19;0;
30060;202000019612;154 707 683;A01;2;7;8;0;3;2;1;
30061;202000019613;154 707 681;A01;1;14;0;1;8;1;1;
30062;202000019614;154 707 680;A01;3;7;0;2;1;17;1;
30063;202000019614;154 707 682;B01;0;1;0;2;8;15;0;
30064;202000019615;154 707 678;B01;2;7;0;2;3;15;0;
30065;202000019615;154 707 679;A01;2;33;0;2;1;1;0;
30066;202000019616;154 707 674;A01;2;2;0;2;1;19;1;
30067;202000019616;154 707 675;B01;2;10;0;2;3;1;3;
30068;202000019617;154 707 676;B01;2;7;0;2;8;1;1;
30069;202000019617;154 707 677;A01;2;14;0;2;2;14;1;
30070;202000019618;154 707 670;A01;3;7;0;2;5;12;1;
30071;202000019618;154 707 673;B01;3;34;0;2;7;1;1;
30072;202000019619;154 707 669;A01;2;7;0;2;1;2;1;
30073;202000019619;154 707 671;B01;2;7;0;2;4;2;1;
30074;202000019619;154 707 672;C01;2;7;0;2;4;2;1;
30075;202000019620;154 707 668;A01;2;31;0;1;1;1;1;
30076;202000019621;154 707 666;B01;2;31;0;2;1;1;1;
30077;202000019621;154 707 667;A01;2;7;0;2;2;1;1;
30078;202000019622;154 707 665;A01;0;7;0;1;7;1;0;
30079;202000019625;154 707 660;A01;1;7;0;0;9;1;1;
30080;202000019626;154 707 658;B01;1;7;0;2;4;1;1;
30081;202000019626;154 707 659;A01;1;7;0;2;1;1;2;
30082;202000019627;154 707 657;A01;1;2;0;0;0;1;1;
30083;202000019628;154 707 655;B01;2;7;0;2;7;15;0;
30084;202000019628;154 707 656;A01;1;32;0;2;3;2;0;
30085;202000019629;154 707 652;A01;1;7;0;2;4;4;1;