;Num_Acc;id_vehicule;num_veh;senc;catv;obs;obsm;choc;manv;motor;occutc
30086;202000019629;154 707 653;B01;1;7;0;2;1;1;1;
30087;202000019630;154 707 651;B01;1;32;0;2;8;1;1;
30088;202000019630;154 707 654;A01;1;7;0;2;7;16;1;
30089;202000019631;154 707 650;A01;1;7;14;0;1;26;1;
30090;202000019632;154 707 649;A01;3;33;0;0;1;26;1;
30091;202000019633;154 707 647;A01;3;10;0;2;8;16;1;
30092;202000019633;154 707 648;B01;3;1;0;2;1;1;5;
30093;202000019634;154 707 644;A01;1;7;0;1;3;1;1;
30094;202000019634;154 707 646;B01;2;2;0;2;7;0;1;
30095;202000019635;154 707 643;A01;2;7;0;2;3;15;1;
30096;202000019635;154 707 645;B01;2;2;0;2;2;1;1;
30097;202000019636;154 707 641;B01;-1;7;0;2;1;9;1;
30098;202000019636;154 707 642;A01;-1;34;0;2;1;1;1;
30099;202000019637;154 707 640;A01;1;7;0;1;1;1;1;
30100;202000019638;154 707 639;A01;3;7;0;1;2;1;1;
30101;202000019639;154 707 637;B01;1;80;0;2;8;19;3;
30102;202000019639;154 707 638;A01;2;7;0;2;1;15;1;
30103;202000019640;154 707 636;A01;-1;7;0;1;2;19;1;
30104;202000019641;154 707 633;A01;0;7;1;0;2;21;0;
30105;202000019642;154 707 634;A01;1;7;0;2;7;15;1;
30106;202000019642;154 707 635;B01;2;7;0;2;1;1;1;
30107;202000019643;154 707 630;A01;1;33;0;2;7;1;0;
30108;202000019643;154 707 632;B01;1;7;0;2;1;1;0;
30109;202000019644;154 707 629;B01;3;50;0;2;0;0;3;
30110;202000019644;154 707 631;A01;3;7;0;2;2;2;1;
30111;202000019646;154 707 626;B01;1;7;0;2;2;15;1;
30112;202000019646;154 707 628;A01;2;7;0;2;1;1;1;
30113;202000019648;154 707 622;A01;1;30;0;0;0;1;1;
30114;202000019649;154 707 621;B01;1;3;0;2;8;1;1;
30115;202000019649;154 707 623;A01;2;7;0;2;1;1;1;
30116;202000019650;154 707 620;A01;0;1;0;0;0;1;5;
30117;202000019652;154 707 616;Z01;1;7;0;1;0;0;0;
30118;202000019653;154 707 613;A01;0;50;0;2;1;0;3;
30119;202000019653;154 707 614;B01;1;7;0;2;2;1;1;
30120;202000019654;154 707 611;B01;2;33;0;2;1;1;1;
30121;202000019654;154 707 612;A01;1;7;0;2;7;15;1;
30122;202000019655;154 707 615;A01;1;30;0;2;1;1;1;
30123;202000019655;154 707 617;B01;1;7;0;2;8;15;1;
30124;202000019656;154 707 609;B01;1;10;0;9;4;2;1;
30125;202000019656;154 707 610;A01;1;10;8;2;1;2;1;
30126;202000019658;154 707 606;B01;1;31;0;2;1;1;1;
30127;202000019658;154 707 607;A01;1;7;0;2;8;9;1;
30128;202000019659;154 707 605;A01;2;7;2;0;9;13;1;
30129;202000019660;154 707 603;A01;1;17;2;0;1;0;1;
30130;202000019661;154 707 602;A01;1;32;0;2;0;26;0;
30131;202000019661;154 707 604;B01;1;7;14;0;4;0;0;
30132;202000019662;154 707 600;A01;1;10;2;0;3;13;1;
30133;202000019663;154 707 599;A01;3;7;0;2;1;1;1;
30134;202000019663;154 707 601;B01;3;7;0;2;8;1;1;
30135;202000019664;154 707 598;A01;1;7;0;1;2;1;1;
30136;202000019665;154 707 597;A01;2;7;2;0;1;1;1;
30137;202000019666;154 707 594;A01;1;7;13;0;9;2;1;
30138;202000019667;154 707 595;B01;1;7;0;0;4;2;0;
30139;202000019667;154 707 596;A01;1;7;0;2;1;2;0;
30140;202000019668;154 707 591;A01;2;7;0;2;1;2;1;
30141;202000019668;154 707 592;B01;2;7;0;2;4;2;1;
30142;202000019669;154 707 589;B01;1;7;0;2;3;1;1;
30143;202000019669;154 707 590;A01;2;7;0;2;3;1;1;
30144;202000019670;154 707 587;B01;2;7;0;2;3;15;1;
30145;202000019670;154 707 588;A01;2;33;0;2;7;17;1;
30146;202000019671;154 707 585;B01;1;17;0;0;4;2;1;
30147;202000019671;154 707 586;A01;1;10;0;2;1;2;1;
30148;202000019672;154 707 583;A01;2;7;0;2;3;1;1;
30149;202000019672;154 707 584;B01;1;7;0;2;3;1;1;
30150;202000019673;154 707 582;A01;1;10;15;0;1;0;1;
30151;202000019674;154 707 593;A01;3;7;6;0;1;1;0;
30152;202000019675;154 707 580;B01;2;2;0;2;1;1;1;
30153;202000019675;154 707 581;A01;1;7;0;2;2;17;3;
30154;202000019676;154 707 578;A01;2;7;6;0;1;1;1;
30155;202000019677;154 707 576;A01;2;7;0;2;3;13;1;
30156;202000019677;154 707 577;B01;1;7;0;2;3;1;1;
30157;202000019678;154 707 579;A01;2;40;0;1;7;1;3;
30158;202000019679;154 707 572;A01;2;7;0;2;2;1;1;
30159;202000019679;154 707 573;Z01;2;7;0;2;1;4;1;
30160;202000019680;154 707 571;A01;2;7;14;0;1;26;1;
30161;202000019681;154 707 569;B01;1;7;0;2;1;1;1;
30162;202000019681;154 707 570;A01;2;7;0;2;1;15;1;
30163;202000019682;154 707 567;A01;3;7;0;2;4;20;1;
30164;202000019682;154 707 568;B01;3;2;0;2;1;1;3;
30165;202000019684;154 707 565;B01;2;7;0;2;5;2;1;
30166;202000019684;154 707 566;A01;2;33;0;2;1;2;1;
30167;202000019685;154 707 562;A01;1;7;0;2;8;11;1;
30168;202000019685;154 707 563;B01;1;32;0;2;7;1;3;
30169;202000019687;154 707 559;A01;1;32;12;0;2;16;1;
30170;202000019688;154 707 556;A01;2;7;0;2;0;15;1;
30171;202000019688;154 707 557;B01;2;7;0;2;3;1;1;
30172;202000019689;154 707 558;A01;1;7;0;2;1;13;1;
30173;202000019689;154 707 564;B01;2;10;0;2;1;1;1;
30174;202000019690;154 707 555;A01;1;7;0;1;1;2;0;
30175;202000019691;154 707 553;A01;1;7;0;2;4;2;1;
30176;202000019691;154 707 554;B01;1;7;0;2;1;1;1;
30177;202000019692;154 707 552;A01;1;30;0;1;1;1;1;
30178;202000019693;154 707 550;A01;1;7;1;0;3;1;1;
30179;202000019694;154 707 548;B01;2;7;0;2;8;15;0;
30180;202000019694;154 707 549;A01;2;30;0;2;2;17;0;
30181;202000019695;154 707 547;A01;1;32;4;0;1;1;0;
30182;202000019696;154 707 545;Z01;1;30;0;1;1;26;1;
30183;202000019697;154 707 544;A01;3;3;8;0;9;2;0;
30184;202000019698;154 707 542;B01;1;33;0;2;7;17;1;
30185;202000019698;154 707 543;A01;1;7;0;2;3;13;1;
30186;202000019699;154 707 540;B01;0;1;0;2;7;19;5;
30187;202000019699;154 707 541;A01;0;7;0;2;1;1;1;
30188;202000019700;154 707 538;A01;2;7;0;2;5;1;0;
30189;202000019700;154 707 539;B01;1;10;0;2;1;1;0;
30190;202000019701;154 707 536;A01;3;2;0;2;1;17;0;
30191;202000019701;154 707 537;B01;1;7;0;2;3;15;6;
30192;202000019702;154 707 535;A01;1;7;8;0;1;14;0;
30193;202000019703;154 707 546;A01;1;7;0;2;6;1;1;
30194;202000019703;154 707 551;B01;1;7;0;2;1;19;1;
30195;202000019704;154 707 533;A01;2;10;6;0;1;17;0;
30196;202000019705;154 707 532;A01;1;14;0;1;2;1;1;
30197;202000019706;154 707 530;B01;2;7;0;2;3;1;1;
30198;202000019706;154 707 531;A01;1;7;0;2;3;13;1;
30199;202000019707;154 707 534;A01;2;36;0;0;9;1;1;
30200;202000019708;154 707 529;A01;0;7;6;0;1;26;1;
30201;202000019709;154 707 526;A01;0;7;0;2;1;1;1;
30202;202000019709;154 707 527;B01;0;7;0;2;1;1;1;
30203;202000019710;154 707 523;B01;1;7;0;2;7;1;1;
30204;202000019710;154 707 525;A01;1;7;0;2;3;15;1;
30205;202000019711;154 707 521;A01;2;2;0;2;1;1;1;
30206;202000019711;154 707 522;B01;1;7;0;2;3;15;1;
30207;202000019712;154 707 519;B01;1;7;0;0;4;15;1;
30208;202000019712;154 707 520;A01;1;2;0;2;1;2;1;
30209;202000019713;154 707 516;A01;2;7;0;2;7;17;1;
30210;202000019713;154 707 517;B01;1;7;0;2;3;1;1;
30211;202000019713;154 707 518;C01;1;7;0;2;1;1;1;
30212;202000019714;154 707 515;A01;2;7;0;1;3;2;1;
30213;202000019715;154 707 514;A01;3;7;0;1;1;1;1;
30214;202000019716;154 707 524;A01;1;31;0;2;1;21;0;
30215;202000019716;154 707 528;B01;1;0;0;0;6;10;0;
30216;202000019717;154 707 512;A01;1;7;4;2;2;1;1;
30217;202000019717;154 707 513;B01;1;7;3;0;6;1;1;
30218;202000019718;154 707 509;B01;1;7;0;2;3;1;1;
30219;202000019718;154 707 510;A01;2;7;3;2;3;17;1;
30220;202000019719;154 707 507;A01;2;32;0;2;1;1;1;
30221;202000019719;154 707 508;B01;2;7;0;0;0;0;0;
30222;202000019720;154 707 506;A01;1;7;0;1;1;1;0;
30223;202000019721;154 707 511;A01;1;7;4;0;3;13;1;
30224;202000019723;154 707 502;B01;2;7;0;2;1;1;1;
30225;202000019723;154 707 503;A01;1;10;0;2;1;19;1;
30226;202000019724;154 707 500;A01;2;7;15;0;1;2;1;
30227;202000019725;154 707 501;A01;2;17;0;0;4;23;1;
30228;202000019725;154 707 505;B01;2;17;0;2;1;2;1;
30229;202000019726;154 707 499;A01;1;7;14;0;1;1;1;
30230;202000019727;154 707 496;A01;3;33;0;2;1;2;1;
30231;202000019727;154 707 497;B01;3;33;0;0;5;2;1;
30232;202000019729;154 707 491;A01;2;7;0;2;5;16;1;
30233;202000019729;154 707 492;B01;2;1;0;2;1;1;5;
30234;202000019729;154 707 493;C01;2;1;0;2;1;1;5;
30235;202000019729;154 707 494;D01;2;1;0;2;1;1;5;
30236;202000019730;154 707 490;A01;1;7;13;0;2;1;1;
30237;202000019731;154 707 489;A01;0;7;0;1;1;1;1;
30238;202000019732;154 707 486;B01;1;7;0;2;3;1;1;
30239;202000019732;154 707 487;A01;2;7;0;2;3;1;1;
30240;202000019733;154 707 485;A01;2;7;13;0;3;13;1;
30241;202000019734;154 707 484;A01;3;33;13;0;1;1;1;
30242;202000019735;154 707 483;A01;1;7;0;0;0;17;1;
30243;202000019736;154 707 481;A01;2;33;0;0;3;23;1;
30244;202000019736;154 707 482;B01;2;7;0;2;2;14;1;
30245;202000019737;154 707 480;A01;2;36;13;0;2;1;1;
30246;202000019738;154 707 479;A01;1;1;0;0;0;2;5;
30247;202000019739;154 707 488;A01;1;7;0;2;1;9;1;
30248;202000019739;154 707 498;B01;2;33;0;2;1;1;1;
30249;202000019740;154 707 476;A01;3;7;2;0;1;14;1;
30250;202000019741;154 707 477;A01;1;7;13;0;0;13;1;
30251;202000019741;154 707 478;B01;2;14;0;9;3;1;1;
30252;202000019742;154 707 474;B01;2;7;0;2;1;0;1;
30253;202000019742;154 707 475;A01;1;7;0;2;1;0;1;
30254;202000019743;154 707 471;A01;3;7;0;9;3;15;1;
30255;202000019743;154 707 472;B01;3;50;0;2;1;1;3;
30256;202000019744;154 707 470;A01;0;7;2;0;1;14;1;
30257;202000019746;154 707 468;A01;2;99;0;2;2;19;0;
30258;202000019746;154 707 469;B01;2;30;0;2;1;1;0;
30259;202000019747;154 707 466;B01;3;33;0;2;6;1;1;
30260;202000019747;154 707 467;A01;3;7;0;2;3;15;1;
30261;202000019748;154 707 465;A01;1;7;3;0;2;2;1;
30262;202000019749;154 707 463;A01;1;2;0;9;1;17;1;
30263;202000019749;154 707 464;B01;1;1;0;2;8;15;5;
30264;202000019750;154 707 462;A01;2;2;0;0;0;1;1;
30265;202000019751;154 707 459;C01;2;7;0;2;4;1;1;
30266;202000019751;154 707 460;B01;2;7;0;2;4;2;1;
30267;202000019751;154 707 461;A01;2;7;0;2;1;2;1;
30268;202000019753;154 707 455;A01;1;17;0;2;3;1;1;
30269;202000019753;154 707 456;B01;1;7;0;2;0;12;1;
30270;202000019755;154 707 448;A01;1;7;0;2;1;2;1;
30271;202000019755;154 707 449;B01;1;7;0;2;4;2;1;
30272;202000019755;154 707 450;C01;1;7;0;2;4;2;1;
30273;202000019755;154 707 452;D01;1;7;0;2;1;2;1;
30274;202000019756;154 707 445;B01;2;7;0;2;1;1;1;
30275;202000019756;154 707 446;A01;1;30;0;2;1;13;1;
30276;202000019758;154 707 442;B01;2;7;0;2;1;2;1;
30277;202000019758;154 707 443;A01;2;17;0;2;4;2;1;
30278;202000019759;154 707 441;A01;1;34;6;0;1;1;1;
30279;202000019760;154 707 440;A01;3;7;4;0;2;15;1;
30280;202000019761;154 707 438;B01;3;7;0;2;3;1;1;
30281;202000019761;154 707 439;A01;3;7;0;2;6;13;1;
30282;202000019762;154 707 436;B01;0;7;0;2;8;19;6;
30283;202000019762;154 707 437;A01;0;30;0;2;1;1;6;
30284;202000019763;154 707 434;B01;1;30;0;2;1;1;1;
30285;202000019763;154 707 435;A01;3;30;0;2;8;16;1;
30286;202000019764;154 707 432;A01;1;7;0;2;1;19;1;
30287;202000019764;154 707 433;B01;1;1;0;2;7;1;5;
30288;202000019765;154 707 451;A01;2;7;13;0;1;11;1;
30289;202000019766;154 707 430;A01;2;7;0;2;2;2;1;
30290;202000019766;154 707 431;B01;2;10;0;2;3;2;1;
30291;202000019767;154 707 428;B01;0;50;0;2;1;1;3;
30292;202000019767;154 707 429;A01;1;7;0;2;3;16;1;
30293;202000019769;154 707 424;A01;2;7;11;0;6;1;1;
30294;202000019770;154 707 423;B01;3;99;0;2;6;9;0;
30295;202000019770;154 707 425;A01;3;99;0;2;1;9;0;
30296;202000019771;154 707 422;A01;1;33;15;0;1;1;1;
30297;202000019772;154 707 421;A01;2;7;0;1;1;9;1;
30298;202000019773;154 707 419;A01;1;7;0;2;3;13;1;
30299;202000019773;154 707 420;B01;2;7;0;2;3;1;1;
30300;202000019774;154 707 418;A01;3;7;3;0;7;14;1;
30301;202000019775;154 707 416;B01;1;33;0;2;1;17;1;
30302;202000019775;154 707 417;A01;1;7;0;0;6;15;1;
30303;202000019776;154 707 414;C01;3;7;0;2;7;24;1;
30304;202000019776;154 707 415;A01;1;7;1;1;2;14;1;
30305;202000019777;154 707 411;B01;2;7;0;2;3;9;1;
30306;202000019777;154 707 413;A01;2;2;0;0;7;0;1;
30307;202000019778;154 707 412;A01;1;7;6;0;2;1;1;
30308;202000019779;154 707 410;A01;2;2;0;0;8;1;1;
30309;202000019780;154 707 408;B01;1;7;0;2;1;2;1;
30310;202000019780;154 707 409;A01;1;7;0;0;4;1;1;
30311;202000019781;154 707 407;A01;2;7;0;1;1;1;1;
30312;202000019782;154 707 405;A01;3;7;6;2;2;15;1;
30313;202000019782;154 707 406;B01;3;33;0;2;1;1;1;
30314;202000019783;154 707 403;B01;3;2;0;2;1;1;1;
30315;202000019783;154 707 404;A01;1;7;0;2;5;15;1;
30316;202000019784;154 707 402;A01;3;7;2;0;1;1;1;
30317;202000019785;154 707 400;A01;3;7;0;9;1;21;1;
30318;202000019786;154 707 398;A01;1;7;0;1;3;15;1;
30319;202000019787;154 707 396;A01;2;33;3;0;8;13;1;
30320;202000019787;154 707 397;B01;2;33;0;0;0;26;1;
30321;202000019788;154 707 394;Z01;2;7;0;2;6;1;0;
30322;202000019788;154 707 395;A01;1;31;0;2;3;1;1;
30323;202000019789;154 707 392;A01;1;7;13;0;1;1;1;
30324;202000019790;154 707 391;B01;1;13;0;0;1;23;1;
30325;202000019790;154 707 393;A01;1;13;0;0;4;4;1;
30326;202000019791;154 707 390;A01;1;7;2;0;1;26;1;
30327;202000019792;154 707 387;A01;1;10;0;2;1;9;1;
30328;202000019792;154 707 389;B01;1;7;0;0;7;26;1;
30329;202000019793;154 707 386;B01;1;7;0;2;3;1;1;
30330;202000019793;154 707 388;A01;3;37;0;2;8;9;1;1.0
30331;202000019794;154 707 384;A01;1;10;0;2;2;17;1;
30332;202000019794;154 707 385;B01;1;17;0;0;6;1;6;
30333;202000019795;154 707 381;A01;1;10;0;0;9;1;1;
30334;202000019796;154 707 377;B01;2;15;0;2;4;1;1;
30335;202000019796;154 707 378;A01;2;7;0;2;1;2;1;
30336;202000019797;154 707 371;C01;2;7;0;0;4;2;1;
30337;202000019797;154 707 373;B01;2;7;0;2;4;2;1;
30338;202000019797;154 707 374;A01;2;7;0;2;1;2;1;
30339;202000019798;154 707 370;C01;1;7;13;0;0;21;1;
30340;202000019798;154 707 372;B01;2;7;0;2;3;1;1;
30341;202000019798;154 707 375;D01;2;7;0;2;3;1;1;
30342;202000019798;154 707 376;A01;2;7;0;2;3;13;1;
30343;202000019799;154 707 366;B01;1;2;0;2;6;1;1;
30344;202000019799;154 707 368;A01;1;7;0;2;2;1;1;
30345;202000019800;154 707 365;B01;3;7;1;2;6;17;1;
30346;202000019800;154 707 367;A01;3;7;12;2;1;2;1;
30347;202000019800;154 707 369;C01;3;10;1;0;0;23;1;
30348;202000019801;154 707 363;A01;1;7;0;1;1;19;1;
30349;202000019802;154 707 362;A01;1;7;1;0;2;14;1;
30350;202000019803;154 707 360;A01;1;31;0;2;3;1;1;
30351;202000019803;154 707 361;B01;2;7;0;2;3;15;1;
30352;202000019804;154 707 358;B01;1;7;0;2;1;1;1;
30353;202000019804;154 707 359;A01;1;7;0;2;1;5;1;
30354;202000019806;154 707 355;B01;0;2;0;2;1;1;1;
30355;202000019806;154 707 356;A01;0;7;0;2;1;15;1;
30356;202000019807;154 707 354;B01;2;15;0;2;3;13;1;
30357;202000019807;154 707 364;A01;2;7;0;2;7;1;1;
30358;202000019808;154 707 352;B01;1;7;0;2;6;20;1;
30359;202000019808;154 707 353;A01;1;7;0;2;2;17;1;
30360;202000019809;154 707 351;A01;0;7;0;1;8;1;1;
30361;202000019810;154 707 349;B01;1;7;0;0;4;2;6;
30362;202000019810;154 707 350;A01;1;7;0;2;1;2;1;
30363;202000019811;154 707 347;B01;2;1;0;2;4;1;0;
30364;202000019811;154 707 348;A01;2;7;0;2;1;9;1;
30365;202000019812;154 707 346;A01;1;7;0;1;2;1;1;
30366;202000019813;154 707 344;B01;1;33;0;2;1;1;1;
30367;202000019813;154 707 345;A01;3;7;0;2;7;1;1;
30368;202000019815;154 707 341;B01;3;99;0;2;4;2;0;
30369;202000019815;154 707 342;A01;3;7;0;2;1;2;1;
30370;202000019816;154 707 339;B01;3;7;0;2;2;19;1;
30371;202000019816;154 707 340;A01;3;7;8;2;1;19;1;
30372;202000019818;154 707 336;B01;1;7;14;2;1;2;0;
30373;202000019818;154 707 337;A01;1;7;14;2;4;23;0;
30374;202000019819;154 707 335;A01;1;33;0;0;1;19;1;
30375;202000019820;154 707 332;C01;1;7;0;2;4;23;1;
30376;202000019820;154 707 333;B01;1;7;0;2;9;23;1;
30377;202000019820;154 707 334;A01;1;7;0;2;1;2;1;
30378;202000019821;154 707 331;A01;1;7;0;1;2;26;1;
30379;202000019823;154 707 329;A01;2;33;15;0;2;1;1;
30380;202000019824;154 707 327;A01;2;33;0;2;1;0;1;
30381;202000019824;154 707 328;B01;0;0;0;2;0;0;0;
30382;202000019825;154 707 326;A01;3;7;0;1;3;20;1;
30383;202000019826;154 707 325;A01;3;7;0;0;0;20;1;
30384;202000019827;154 707 323;B01;2;7;0;2;1;1;1;
30385;202000019827;154 707 324;A01;1;7;0;2;2;1;1;
30386;202000019828;154 707 322;A01;2;7;13;0;1;13;1;
30387;202000019829;154 707 318;D01;2;7;14;0;3;2;1;
30388;202000019829;154 707 319;C01;2;10;0;2;1;0;1;
30389;202000019829;154 707 320;B01;1;15;0;2;8;1;1;
30390;202000019829;154 707 321;A01;1;7;0;2;7;14;1;
30391;202000019831;154 707 315;A01;2;33;0;2;1;2;1;
30392;202000019831;154 707 316;B01;2;7;0;2;3;0;0;
30393;202000019833;154 707 312;A01;2;7;0;1;1;1;1;
30394;202000019834;154 707 310;A01;1;14;3;0;6;24;0;
30395;202000019834;154 707 311;B01;1;10;1;0;2;2;1;
30396;202000019835;154 707 308;A01;1;50;0;1;6;2;3;
30397;202000019835;154 707 309;B01;1;7;0;2;0;2;1;
30398;202000019836;154 707 306;B01;1;7;0;0;3;1;0;
30399;202000019836;154 707 307;A01;2;7;0;0;2;13;0;
30400;202000019837;154 707 305;A01;1;7;2;0;1;1;1;
30401;202000019838;154 707 303;B01;3;7;0;2;3;1;1;
30402;202000019838;154 707 304;A01;3;7;0;2;3;1;1;
30403;202000019839;154 707 302;A01;1;7;0;1;1;1;1;
30404;202000019840;154 707 301;A01;2;7;2;0;1;1;1;
30405;202000019841;154 707 298;A01;1;7;0;2;1;11;1;
30406;202000019841;154 707 299;B01;2;7;0;2;1;1;1;
30407;202000019841;154 707 300;C01;1;7;0;2;1;1;1;
30408;202000019842;154 707 297;A01;2;7;0;1;2;1;0;
30409;202000019843;154 707 295;A01;3;15;0;2;5;19;1;
30410;202000019843;154 707 296;B01;3;7;0;2;3;1;1;
30411;202000019844;154 707 293;A01;0;7;0;0;3;1;6;
30412;202000019844;154 707 294;B01;0;10;0;0;3;13;6;
30413;202000019845;154 707 292;A01;1;7;13;0;7;1;1;
30414;202000019846;154 707 289;A01;1;7;0;0;4;23;1;
30415;202000019846;154 707 290;B01;1;7;0;0;4;23;1;
30416;202000019846;154 707 291;C01;1;7;14;0;1;2;1;
30417;202000019847;154 707 287;A01;0;7;0;2;1;19;6;
30418;202000019847;154 707 288;B01;1;7;0;0;3;1;1;
30419;202000019849;154 707 283;A01;2;7;0;2;3;13;1;
30420;202000019849;154 707 284;B01;1;7;0;2;1;1;1;
30421;202000019850;154 707 281;A01;1;2;0;2;1;1;1;
30422;202000019850;154 707 282;B01;2;7;0;2;1;15;1;
30423;202000019851;154 707 279;A01;-1;10;0;2;8;1;1;
30424;202000019851;154 707 280;B01;1;7;0;2;1;1;1;
30425;202000019852;154 707 277;B01;2;7;0;2;2;1;1;
30426;202000019852;154 707 278;A01;1;7;0;0;2;1;1;
30427;202000019854;154 707 274;B01;2;7;0;0;6;2;1;
30428;202000019854;154 707 275;A01;2;2;0;2;1;2;1;
30429;202000019855;154 707 273;A01;0;99;12;0;1;1;3;
30430;202000019856;154 707 271;B01;0;1;0;2;1;1;5;
30431;202000019856;154 707 272;A01;0;7;0;2;3;15;1;
30432;202000019857;154 707 270;A01;2;7;3;0;3;0;1;
30433;202000019858;154 707 267;A01;1;7;0;0;5;1;0;
30434;202000019858;154 707 268;B01;1;7;0;2;1;1;0;
30435;202000019858;154 707 269;C01;1;7;0;2;4;1;0;
30436;202000019859;154 707 265;A01;1;7;6;2;0;1;0;
30437;202000019859;154 707 266;B01;1;7;0;2;2;1;0;
30438;202000019860;154 707 264;A01;2;7;3;0;2;0;1;
30439;202000019861;154 707 263;A01;2;33;7;0;3;0;1;
30440;202000019862;154 707 261;B01;1;17;0;0;6;2;1;
30441;202000019862;154 707 262;A01;1;10;0;2;1;2;1;
30442;202000019863;154 707 260;A01;0;17;0;1;3;1;6;
30443;202000019865;154 707 258;A01;3;7;0;1;4;20;1;
30444;202000019866;154 707 257;A01;3;7;1;0;2;1;1;
30445;202000019867;154 707 256;A01;2;7;0;1;3;1;1;
30446;202000019868;154 707 255;A01;3;7;0;1;2;15;1;
30447;202000019869;154 707 253;A01;1;7;0;2;2;10;1;
30448;202000019869;154 707 254;B01;1;33;0;2;1;21;1;
30449;202000019870;154 707 252;A01;2;7;3;0;1;11;1;
30450;202000019872;154 707 247;A01;2;7;0;2;1;2;1;
30451;202000019872;154 707 248;B01;2;7;0;2;4;2;1;
30452;202000019872;154 707 249;C01;2;7;0;2;4;2;1;
30453;202000019873;154 707 244;C01;1;10;0;2;4;2;1;
30454;202000019873;154 707 245;B01;1;7;0;2;4;2;1;
30455;202000019873;154 707 246;A01;1;7;0;2;1;2;1;
30456;202000019874;154 707 243;A01;1;7;0;0;0;17;1;
30457;202000019876;154 707 239;A01;2;15;4;0;1;2;1;
30458;202000019877;154 707 238;A01;2;7;0;1;6;1;1;
30459;202000019878;154 707 237;A01;1;7;4;0;2;14;1;
30460;202000019879;154 707 236;A01;1;7;7;0;1;0;1;
30461;202000019880;154 707 234;A01;1;7;0;2;1;15;1;
30462;202000019880;154 707 235;B01;2;7;0;2;3;1;1;
30463;202000019881;154 707 232;A01;0;7;0;2;1;9;1;
30464;202000019881;154 707 233;B01;0;7;0;9;4;9;1;
30465;202000019882;154 707 230;B01;3;1;0;2;7;1;0;
30466;202000019882;154 707 231;A01;2;7;0;9;3;9;1;
30467;202000019883;154 707 229;A01;1;7;0;1;3;1;1;
30468;202000019884;154 707 228;A01;1;7;15;0;1;1;1;
30469;202000019885;154 707 226;B01;1;2;0;2;7;1;1;
30470;202000019885;154 707 227;A01;1;7;0;2;1;1;1;
30471;202000019886;154 707 224;A01;2;7;0;9;3;26;1;
30472;202000019886;154 707 225;B01;1;1;0;2;1;1;5;
30473;202000019887;154 707 222;B01;3;7;0;2;2;15;0;
30474;202000019887;154 707 223;A01;3;7;0;2;1;1;0;
30475;202000019888;154 707 219;C01;2;7;0;2;4;1;1;
30476;202000019888;154 707 220;B01;2;7;14;0;6;1;1;
30477;202000019888;154 707 221;A01;1;7;0;2;2;1;1;
30478;202000019889;154 707 218;A01;1;7;8;0;1;1;1;
30479;202000019890;154 707 215;C01;2;7;0;2;3;5;1;
30480;202000019890;154 707 216;B01;1;7;0;2;3;2;1;
30481;202000019890;154 707 217;A01;1;34;0;2;9;9;1;
30482;202000019891;154 707 213;A01;1;7;0;2;4;4;1;
30483;202000019891;154 707 214;B01;1;1;0;2;0;0;5;
30484;202000019892;154 707 211;A01;1;7;0;2;2;15;-1;
30485;202000019892;154 707 212;B01;2;30;0;2;7;1;-1;
30486;202000019893;154 707 209;B01;1;7;12;0;6;2;1;
30487;202000019893;154 707 210;A01;1;7;13;0;1;17;1;
30488;202000019894;154 707 208;A01;1;31;0;2;1;1;1;
30489;202000019895;154 707 206;B01;1;7;0;0;6;1;1;
30490;202000019895;154 707 207;A01;2;7;4;0;1;19;1;
30491;202000019896;154 707 204;Z01;3;7;0;2;1;17;0;
30492;202000019896;154 707 205;A01;3;3;0;2;1;1;0;
30493;202000019897;154 707 203;A01;3;7;4;0;1;9;1;
30494;202000019898;154 707 201;A01;3;2;0;2;2;1;0;
30495;202000019898;154 707 202;B01;3;7;0;2;3;1;0;
30496;202000019899;154 707 199;B01;1;7;0;2;8;15;1;
30497;202000019899;154 707 200;A01;1;32;0;2;1;17;1;
30498;202000019900;154 707 197;A01;1;37;0;2;3;13;1;2.0
30499;202000019900;154 707 198;B01;3;7;0;2;3;9;1;
30500;202000019901;154 707 195;A01;1;7;0;2;5;16;1;
30501;202000019901;154 707 196;B01;1;33;0;2;1;1;1;
30502;202000019902;154 707 194;A01;0;7;2;1;2;1;1;
30503;202000019903;154 707 192;B01;3;7;0;2;1;1;0;
30504;202000019903;154 707 193;A01;3;7;0;2;3;1;0;
30505;202000019904;154 707 189;A01;0;7;8;0;2;12;1;
30506;202000019905;154 707 187;B01;0;7;0;0;4;23;1;
30507;202000019905;154 707 188;A01;0;1;0;2;1;13;5;
30508;202000019906;154 707 186;A01;1;10;0;1;6;4;1;
30509;202000019907;154 707 184;A01;1;7;0;2;1;2;1;
30510;202000019907;154 707 185;B01;1;7;0;2;4;23;1;
30511;202000019908;154 707 182;B01;2;31;0;2;1;1;1;
30512;202000019908;154 707 183;A01;3;7;0;2;3;9;1;
30513;202000019909;154 707 180;A01;1;7;0;2;2;17;1;
30514;202000019909;154 707 181;B01;1;7;0;2;8;15;1;
30515;202000019910;154 707 178;A01;3;33;9;2;7;17;1;
30516;202000019910;154 707 179;B01;3;30;0;2;8;26;1;
30517;202000019911;154 707 176;A01;1;7;0;2;3;13;1;
30518;202000019911;154 707 177;B01;2;7;0;2;1;1;1;
30519;202000019912;154 707 175;A01;3;7;0;1;7;1;1;