;Num_Acc;id_vehicule;num_veh;senc;catv;obs;obsm;choc;manv;motor;occutc
30520;202000019913;154 707 173;A01;1;33;0;2;1;1;1;
30521;202000019913;154 707 174;B01;1;33;0;2;4;1;1;
30522;202000019914;154 707 172;A01;1;7;0;1;3;1;2;
30523;202000019916;154 707 169;A01;1;7;13;0;0;1;1;
30524;202000019918;154 707 167;A01;3;7;8;0;1;1;1;
30525;202000019919;154 707 163;A01;2;33;0;0;0;1;1;
30526;202000019920;154 707 162;A01;1;7;14;0;1;6;1;
30527;202000019922;154 707 157;A01;1;7;0;2;3;1;1;
30528;202000019922;154 707 158;B01;2;1;0;2;1;1;5;
30529;202000019923;154 707 156;A01;1;7;0;0;3;1;4;
30530;202000019925;154 707 152;A01;1;7;0;2;1;1;1;
30531;202000019925;154 707 153;B01;0;7;0;2;4;1;1;
30532;202000019926;154 707 150;B01;1;40;0;2;3;1;3;
30533;202000019926;154 707 151;A01;1;10;9;4;1;1;1;
30534;202000019927;154 707 148;B01;2;7;0;2;3;1;1;
30535;202000019927;154 707 149;A01;2;7;0;2;2;9;1;
30536;202000019928;154 707 146;A01;1;7;0;2;5;17;1;
30537;202000019928;154 707 147;B01;1;7;0;2;3;2;1;
30538;202000019930;154 707 143;A01;2;7;0;1;1;1;1;
30539;202000019931;154 707 141;A01;0;7;0;2;8;9;1;
30540;202000019931;154 707 142;B01;1;2;0;2;1;1;1;
30541;202000019932;154 707 140;A01;3;13;0;1;1;9;3;
30542;202000019933;154 707 139;A01;1;10;0;1;2;1;0;
30543;202000019934;154 707 137;A01;1;7;2;0;1;1;1;
30544;202000019935;154 707 133;A01;1;7;0;2;4;1;1;
30545;202000019935;154 707 134;D01;1;7;0;2;4;1;1;
30546;202000019935;154 707 135;C01;1;7;0;2;4;1;1;
30547;202000019935;154 707 136;B01;1;7;0;2;4;1;1;
30548;202000019936;154 707 131;Z01;1;7;0;2;1;1;1;
30549;202000019936;154 707 132;A01;1;7;0;2;7;1;1;
30550;202000019937;154 707 129;A01;1;7;0;2;3;15;1;
30551;202000019937;154 707 130;B01;1;33;0;2;1;0;1;
30552;202000019939;154 707 125;B01;1;7;0;2;3;1;1;
30553;202000019939;154 707 126;A01;2;30;0;2;1;1;1;
30554;202000019940;154 707 122;A01;1;7;0;2;5;17;1;
30555;202000019940;154 707 123;C01;1;7;0;2;1;1;1;
30556;202000019940;154 707 124;B01;1;7;4;0;3;1;1;
30557;202000019942;154 707 120;A01;1;7;8;0;1;1;1;
30558;202000019943;154 707 119;A01;1;7;0;1;3;1;1;
30559;202000019944;154 707 117;A01;2;7;0;2;3;26;1;
30560;202000019944;154 707 118;B01;1;60;0;2;8;25;5;
30561;202000019945;154 707 115;A01;1;30;0;2;4;23;1;
30562;202000019945;154 707 116;Z01;1;7;0;2;1;2;0;
30563;202000019946;154 707 113;B01;2;32;0;2;2;1;1;
30564;202000019946;154 707 114;A01;1;7;0;2;3;15;1;
30565;202000019948;154 707 109;A01;3;7;0;2;1;1;1;
30566;202000019948;154 707 110;B01;1;31;0;2;8;1;1;
30567;202000019949;154 707 108;A01;2;7;0;1;3;1;1;
30568;202000019950;154 707 106;A01;1;30;0;2;4;2;1;
30569;202000019950;154 707 107;B01;1;7;0;2;4;23;1;
30570;202000019951;154 707 104;A01;2;30;0;2;2;17;1;
30571;202000019951;154 707 105;B01;2;7;0;2;3;1;2;
30572;202000019952;154 707 102;Z01;1;7;0;2;1;1;1;
30573;202000019952;154 707 103;A01;1;7;0;2;4;2;1;
30574;202000019953;154 707 100;Z01;2;10;0;2;0;17;0;
30575;202000019953;154 707 101;A01;2;80;0;2;8;1;3;
30576;202000019954;154 707 099;A01;2;1;0;1;1;1;5;
30577;202000019956;154 707 095;B01;2;50;0;2;3;7;3;
30578;202000019956;154 707 096;A01;2;32;0;2;2;16;3;
30579;202000019957;154 707 093;A01;3;7;0;2;1;1;0;
30580;202000019957;154 707 094;B01;3;1;0;2;8;19;5;
30581;202000019958;154 707 091;B01;1;43;0;0;0;0;1;
30582;202000019958;154 707 092;A01;1;7;0;2;6;11;1;
30583;202000019959;154 707 089;A01;1;30;0;2;1;23;1;
30584;202000019959;154 707 090;B01;2;7;0;2;0;0;0;
30585;202000019960;154 707 087;A01;0;7;0;2;1;0;0;
30586;202000019960;154 707 088;B01;2;30;0;2;2;15;0;
30587;202000019961;154 707 086;A01;1;7;0;1;4;15;1;
30588;202000019962;154 707 085;A01;1;32;4;0;0;1;1;
30589;202000019963;154 707 082;A01;3;7;0;2;7;15;0;
30590;202000019963;154 707 083;C01;3;7;0;2;1;2;1;
30591;202000019963;154 707 084;B01;3;2;0;2;1;2;1;
30592;202000019964;154 707 080;A01;1;7;0;2;1;26;1;
30593;202000019964;154 707 081;B01;1;7;0;0;4;1;1;
30594;202000019965;154 707 078;A01;1;7;0;2;2;15;1;
30595;202000019965;154 707 079;B01;2;33;0;2;3;2;1;
30596;202000019966;154 707 076;B01;-1;32;0;2;1;13;0;
30597;202000019966;154 707 077;A01;-1;7;0;2;8;9;0;
30598;202000019967;154 707 075;A01;1;7;1;0;1;19;1;
30599;202000019968;154 707 073;B01;1;2;0;2;3;2;1;
30600;202000019968;154 707 074;A01;1;10;0;2;3;15;1;
30601;202000019969;154 707 072;A01;1;7;0;1;1;1;0;
30602;202000019970;154 707 069;C01;2;7;0;2;4;23;1;
30603;202000019970;154 707 070;B01;2;7;0;2;4;23;1;
30604;202000019970;154 707 071;A01;2;10;0;2;1;2;1;
30605;202000019971;154 707 067;B01;1;30;3;0;4;23;0;
30606;202000019971;154 707 068;A01;1;7;3;2;2;9;0;
30607;202000019972;154 707 065;A01;2;30;0;2;7;15;1;
30608;202000019972;154 707 066;B01;2;7;0;2;1;19;1;
30609;202000019973;154 707 064;A01;3;31;12;0;8;1;1;
30610;202000019974;154 707 063;A01;2;7;0;1;1;1;1;
30611;202000019975;154 707 061;B01;1;7;8;2;2;19;0;
30612;202000019975;154 707 062;A01;2;7;0;2;3;15;0;
30613;202000019976;154 707 059;P01;3;60;0;2;4;1;5;
30614;202000019976;154 707 060;B01;0;1;0;1;1;26;5;
30615;202000019977;154 707 057;A01;2;7;0;2;3;1;1;
30616;202000019977;154 707 058;B01;1;7;0;2;1;15;1;
30617;202000019978;154 707 055;B01;1;1;0;2;8;19;0;
30618;202000019978;154 707 056;A01;1;34;0;9;8;1;1;
30619;202000019980;154 707 052;A01;1;7;0;1;2;1;1;
30620;202000019981;154 707 051;A01;1;7;0;1;1;2;1;
30621;202000019982;154 707 049;B01;2;7;0;2;1;1;0;
30622;202000019982;154 707 050;A01;1;7;0;2;1;5;0;
30623;202000019983;154 707 047;B01;1;7;0;2;1;1;1;
30624;202000019983;154 707 048;A01;2;7;0;2;3;13;1;
30625;202000019984;154 707 045;A01;1;7;0;2;8;11;1;
30626;202000019984;154 707 046;B01;2;33;0;2;5;17;1;
30627;202000019985;154 707 044;A01;2;33;0;2;0;0;1;
30628;202000019986;154 707 042;A01;2;7;0;2;2;13;1;
30629;202000019986;154 707 043;B01;1;7;0;2;1;1;1;
30630;202000019987;154 707 040;B01;0;2;1;0;1;21;1;
30631;202000019987;154 707 041;A01;0;2;0;2;6;24;1;
30632;202000019988;154 707 035;E01;2;2;0;2;1;1;1;
30633;202000019988;154 707 036;D01;2;2;0;2;1;1;1;
30634;202000019988;154 707 037;C01;2;2;0;2;1;1;1;
30635;202000019988;154 707 038;B01;2;2;0;2;1;1;0;
30636;202000019988;154 707 039;A01;1;7;0;2;3;5;0;
30637;202000019989;154 707 034;A01;2;7;0;1;0;0;1;
30638;202000019990;154 707 033;A01;1;7;0;1;2;1;1;
30639;202000019991;154 707 031;A01;0;1;0;0;1;1;5;
30640;202000019991;154 707 032;B01;0;2;0;2;1;1;1;
30641;202000019992;154 707 029;B01;1;2;0;2;1;1;1;
30642;202000019992;154 707 030;A01;3;7;0;2;1;15;1;
30643;202000019993;154 707 027;A01;2;7;0;2;2;15;0;
30644;202000019993;154 707 028;B01;1;7;0;2;2;1;0;
30645;202000019994;154 707 025;A01;1;7;0;2;1;13;1;
30646;202000019994;154 707 026;B01;2;7;0;2;1;1;1;
30647;202000019995;154 707 024;A01;1;7;2;0;2;14;1;
30648;202000019996;154 707 020;B01;1;7;0;2;1;13;1;
30649;202000019996;154 707 021;C01;1;7;0;2;1;23;1;
30650;202000019996;154 707 022;A01;1;7;0;2;2;9;1;
30651;202000019997;154 707 018;A01;1;7;0;2;8;15;1;
30652;202000019997;154 707 019;B01;2;50;0;2;3;1;3;
30653;202000019998;154 707 016;A01;2;7;0;1;2;1;1;
30654;202000019999;154 707 014;A01;3;31;0;2;7;1;1;
30655;202000019999;154 707 015;B01;3;7;0;2;2;15;1;
30656;202000020000;154 707 011;C01;2;7;0;2;3;1;1;
30657;202000020000;154 707 012;B01;1;7;0;2;1;1;1;
30658;202000020000;154 707 013;A01;2;7;0;2;1;17;0;
30659;202000020001;154 707 009;B01;1;21;0;0;4;2;1;
30660;202000020001;154 707 010;A01;1;7;0;2;1;2;1;
30661;202000020003;154 707 006;B01;2;7;0;2;3;1;1;
30662;202000020003;154 707 007;A01;1;7;0;2;3;1;1;
30663;202000020004;154 707 003;A01;1;7;16;0;3;2;1;
30664;202000020005;154 706 999;D01;2;14;0;2;2;1;1;
30665;202000020005;154 707 000;C01;2;7;0;2;6;1;1;
30666;202000020005;154 707 001;B01;2;10;0;2;1;1;1;
30667;202000020005;154 707 002;A01;1;7;0;0;0;1;1;
30668;202000020006;154 706 998;A01;1;7;0;1;1;1;1;
30669;202000020007;154 706 996;B01;1;7;0;2;1;1;1;
30670;202000020007;154 706 997;A01;1;13;0;2;8;19;1;
30671;202000020008;154 706 994;A01;3;10;0;2;1;9;1;
30672;202000020008;154 706 995;B01;2;33;0;2;5;1;1;
30673;202000020009;154 706 992;A01;2;7;0;2;1;15;1;
30674;202000020009;154 706 993;B01;1;32;0;2;8;1;1;
30675;202000020010;154 706 990;A01;1;99;0;2;1;19;1;
30676;202000020010;154 706 991;B01;1;7;0;2;5;19;1;
30677;202000020011;154 706 989;A01;1;7;0;1;3;1;1;
30678;202000020012;154 706 985;D01;1;7;0;2;4;2;1;
30679;202000020012;154 706 986;C01;1;7;1;2;9;2;1;
30680;202000020012;154 706 987;B01;1;7;1;0;9;2;1;
30681;202000020012;154 706 988;A01;1;7;14;0;1;2;1;
30682;202000020013;154 706 983;B01;2;2;0;2;6;1;1;
30683;202000020013;154 706 984;A01;1;7;0;2;6;15;1;
30684;202000020014;154 706 981;B01;1;34;0;2;2;17;1;
30685;202000020014;154 706 982;A01;2;3;0;2;3;15;1;
30686;202000020015;154 706 979;B01;1;33;0;2;1;3;1;
30687;202000020015;154 706 980;A01;1;7;0;2;6;2;3;
30688;202000020016;154 706 978;A01;1;7;9;0;1;9;1;
30689;202000020017;154 706 976;B01;2;7;0;2;1;23;0;
30690;202000020017;154 706 977;A01;1;7;14;0;1;13;0;
30691;202000020018;154 706 974;B01;3;1;0;2;5;0;0;
30692;202000020018;154 706 975;A01;1;3;0;2;1;1;0;
30693;202000020019;154 706 972;B01;2;1;0;2;4;1;5;
30694;202000020019;154 706 973;A01;2;7;0;2;4;9;1;
30695;202000020020;154 706 971;A01;1;7;0;1;1;9;1;
30696;202000020021;154 706 969;A01;2;30;0;2;1;0;1;
30697;202000020021;154 706 970;B01;2;7;0;2;8;0;1;
30698;202000020022;154 706 967;A01;2;7;0;2;1;1;0;
30699;202000020022;154 706 968;B01;2;7;0;2;4;2;0;
30700;202000020023;154 706 966;A01;2;10;1;0;2;14;1;
30701;202000020024;154 706 964;A01;0;7;0;2;7;19;1;
30702;202000020024;154 706 965;B01;0;50;0;2;1;1;3;
30703;202000020025;154 706 963;A01;2;7;0;1;1;1;1;
30704;202000020026;154 706 962;A01;2;7;0;1;2;1;1;
30705;202000020027;154 706 961;A01;1;7;0;1;3;15;1;
30706;202000020029;154 706 958;A01;1;7;0;1;2;21;1;
30707;202000020031;154 706 955;A01;2;7;0;9;1;19;1;
30708;202000020031;154 706 956;B01;1;1;0;2;2;19;5;
30709;202000020032;154 706 954;A01;2;7;0;1;1;1;1;
30710;202000020033;154 706 952;B01;1;15;0;0;2;1;0;
30711;202000020033;154 706 953;A01;1;7;1;0;4;23;0;
30712;202000020034;154 706 951;A01;2;7;0;1;2;1;1;
30713;202000020035;154 706 950;A01;1;7;0;1;0;16;1;
30714;202000020036;154 706 948;B01;2;1;0;2;1;1;5;
30715;202000020036;154 706 949;A01;1;7;0;2;2;15;1;
30716;202000020037;154 706 946;B01;2;3;0;2;3;15;0;
30717;202000020037;154 706 947;A01;2;7;0;2;2;1;1;
30718;202000020038;154 706 944;B01;2;1;0;2;7;1;0;
30719;202000020038;154 706 945;A01;1;7;0;2;1;9;1;
30720;202000020039;154 706 943;A01;1;7;0;0;1;14;1;
30721;202000020040;154 706 941;A01;2;15;0;2;7;12;1;
30722;202000020040;154 706 942;B01;1;7;3;2;8;1;1;
30723;202000020041;154 706 938;B01;1;7;0;2;5;2;1;
30724;202000020041;154 706 939;A01;1;7;0;2;4;2;1;
30725;202000020041;154 706 940;C01;1;7;0;2;1;2;0;
30726;202000020042;154 706 936;B01;1;31;0;2;2;1;3;
30727;202000020042;154 706 937;A01;1;1;0;2;1;1;5;
30728;202000020043;154 706 934;B01;0;40;0;2;2;1;3;
30729;202000020043;154 706 935;A01;0;1;0;4;1;1;5;
30730;202000020044;154 706 933;A01;1;30;0;0;7;1;1;
30731;202000020045;154 706 932;A01;1;7;0;1;1;1;1;
30732;202000020046;154 706 930;B01;1;7;0;2;4;26;1;
30733;202000020046;154 706 931;A01;1;1;0;2;1;1;5;
30734;202000020048;154 706 926;A01;1;7;0;1;1;15;1;
30735;202000020049;154 706 924;A01;3;7;0;2;8;9;1;
30736;202000020049;154 706 925;B01;3;99;0;2;0;0;0;
30737;202000020050;154 706 922;B01;1;7;0;2;6;23;1;
30738;202000020050;154 706 923;A01;1;2;1;0;2;2;1;
30739;202000020051;154 706 920;A01;1;7;0;2;2;15;1;
30740;202000020051;154 706 921;B01;2;7;0;2;1;1;1;
30741;202000020052;154 706 917;A01;2;7;0;2;3;15;1;
30742;202000020052;154 706 918;B01;1;7;1;2;8;21;1;
30743;202000020052;154 706 919;C01;1;38;0;2;1;24;1;1.0
30744;202000020053;154 706 914;C01;3;7;0;2;8;23;1;
30745;202000020053;154 706 915;B01;3;33;0;2;8;3;1;
30746;202000020053;154 706 916;A01;3;7;0;2;3;13;1;
30747;202000020054;154 706 912;B01;1;2;0;2;1;1;1;
30748;202000020054;154 706 913;A01;2;2;0;2;7;19;1;
30749;202000020055;154 706 910;A01;1;7;14;0;1;1;1;
30750;202000020055;154 706 911;B01;1;7;0;2;4;23;1;
30751;202000020057;154 706 907;A01;1;7;0;1;2;1;1;
30752;202000020059;154 706 904;A01;2;7;0;1;1;1;1;
30753;202000020060;154 706 902;A01;1;7;0;2;1;21;0;
30754;202000020060;154 706 903;B01;1;33;0;2;4;15;0;
30755;202000020061;154 706 901;A01;3;7;0;1;1;1;1;
30756;202000020062;154 706 900;A01;1;7;0;1;8;26;3;
30757;202000020063;154 706 898;A01;1;32;0;2;3;3;1;
30758;202000020063;154 706 899;B01;1;7;0;2;5;12;1;
30759;202000020065;154 706 895;B01;1;7;0;2;2;1;1;
30760;202000020065;154 706 896;A01;1;1;0;2;3;19;5;
30761;202000020066;154 706 893;B01;2;1;0;2;7;1;5;
30762;202000020066;154 706 894;A01;2;7;0;2;8;22;1;
30763;202000020067;154 706 891;A01;0;33;0;2;1;1;1;
30764;202000020067;154 706 892;B01;2;7;0;2;5;1;1;
30765;202000020068;154 706 889;B01;3;10;0;2;2;16;1;
30766;202000020068;154 706 890;A01;2;1;0;2;3;1;5;
30767;202000020069;154 706 888;A01;2;7;0;1;7;1;1;
30768;202000020070;154 706 886;A01;2;33;0;2;8;1;1;
30769;202000020070;154 706 887;B01;2;1;0;2;7;12;5;
30770;202000020072;154 706 883;B01;3;1;0;2;1;19;5;
30771;202000020072;154 706 884;A01;2;7;0;2;5;16;1;
30772;202000020073;154 706 881;A01;2;10;0;2;3;15;1;
30773;202000020073;154 706 882;B01;2;32;0;2;1;17;1;
30774;202000020074;154 706 879;B01;1;7;0;2;2;1;1;
30775;202000020074;154 706 880;A01;2;1;0;2;7;5;5;
30776;202000020076;154 706 875;A01;3;80;0;1;1;25;3;
30777;202000020077;154 706 873;A01;1;7;0;2;3;14;1;
30778;202000020077;154 706 874;B01;1;33;0;2;2;23;1;
30779;202000020078;154 706 872;Z01;2;30;0;1;1;16;1;
30780;202000020079;154 706 870;A01;2;7;0;2;8;1;1;
30781;202000020079;154 706 871;B01;1;33;0;2;1;1;1;
30782;202000020080;154 706 867;C01;2;7;0;2;2;1;1;
30783;202000020080;154 706 868;B01;2;30;0;2;1;1;1;
30784;202000020080;154 706 869;A01;1;7;0;2;3;5;1;
30785;202000020081;154 706 865;B01;3;30;0;0;0;0;1;
30786;202000020081;154 706 866;A01;3;99;0;0;0;0;0;
30787;202000020082;154 706 864;A01;2;7;0;1;1;1;6;
30788;202000020084;154 706 861;A01;1;10;0;1;6;15;1;
30789;202000020085;154 706 860;A01;2;7;1;0;1;26;1;
30790;202000020086;154 706 859;A01;1;7;0;1;1;0;1;
30791;202000020087;154 706 857;B01;3;7;8;0;8;15;1;
30792;202000020087;154 706 858;A01;3;7;8;2;1;18;1;
30793;202000020088;154 706 855;TB01;1;33;0;2;2;17;0;
30794;202000020088;154 706 856;A01;1;3;0;2;3;15;1;
30795;202000020089;154 706 854;A01;-1;7;0;1;1;1;0;
30796;202000020090;154 706 852;B01;3;60;0;2;8;19;5;
30797;202000020090;154 706 853;A01;1;7;0;2;7;16;0;
30798;202000020091;154 706 851;A01;1;7;0;1;2;15;1;
30799;202000020092;154 706 849;A01;1;10;0;9;2;0;1;
30800;202000020092;154 706 850;B01;1;1;0;2;0;0;0;
30801;202000020093;154 706 848;A01;1;99;0;1;3;1;1;
30802;202000020094;154 706 846;A01;3;7;0;2;6;2;0;
30803;202000020094;154 706 847;B01;3;7;0;2;5;2;0;
30804;202000020095;154 706 844;A01;1;34;0;2;1;1;1;
30805;202000020095;154 706 845;B01;2;7;0;2;5;15;1;
30806;202000020097;154 706 840;B01;1;30;0;2;3;19;1;
30807;202000020097;154 706 841;A01;1;30;0;2;2;26;0;
30808;202000020098;154 706 838;B01;1;7;0;2;8;1;0;
30809;202000020098;154 706 839;A01;3;13;0;2;1;15;0;
30810;202000020099;154 706 836;B01;1;2;0;2;5;17;1;
30811;202000020099;154 706 837;A01;1;10;0;2;6;13;1;
30812;202000020101;154 706 834;A01;2;7;6;0;2;2;1;
30813;202000020102;154 706 833;A01;2;2;13;0;9;26;1;
30814;202000020103;154 706 832;A01;3;31;6;0;1;1;1;
30815;202000020104;154 706 831;A01;0;7;2;0;0;0;0;
30816;202000020105;154 706 830;A01;2;7;13;0;1;17;1;
30817;202000020106;154 706 828;B01;1;7;0;2;1;13;1;
30818;202000020106;154 706 829;A01;1;7;0;2;8;15;1;
30819;202000020107;154 706 825;A01;3;7;0;2;5;9;1;
30820;202000020107;154 706 826;B01;1;7;0;2;2;1;1;
30821;202000020108;154 706 824;A01;3;7;13;0;3;1;1;
30822;202000020109;154 706 823;A01;3;7;6;9;3;0;1;
30823;202000020110;154 706 821;A01;1;1;0;2;8;5;5;
30824;202000020110;154 706 822;B01;2;10;0;9;3;1;1;
30825;202000020111;154 706 820;A01;2;7;2;0;2;14;1;
30826;202000020112;154 706 818;A01;3;21;0;0;0;17;1;
30827;202000020112;154 706 819;B01;3;80;0;0;0;1;3;
30828;202000020113;154 706 817;A01;2;7;0;1;0;15;0;
30829;202000020114;154 706 815;A01;1;7;0;2;5;17;1;
30830;202000020114;154 706 816;B01;1;2;3;2;0;2;1;
30831;202000020115;154 706 813;A01;1;7;0;2;3;1;1;
30832;202000020115;154 706 814;B01;2;7;0;2;3;1;1;
30833;202000020116;154 706 812;A01;1;7;2;0;1;21;1;
30834;202000020117;154 706 811;A01;1;7;17;0;1;1;1;
30835;202000020118;154 706 809;B01;1;7;0;2;4;15;1;
30836;202000020118;154 706 810;A01;1;10;0;2;3;1;1;
30837;202000020119;154 706 808;A01;1;7;6;0;1;15;1;
30838;202000020120;154 706 806;A01;2;7;0;2;3;15;1;
30839;202000020120;154 706 807;B01;2;1;0;0;1;23;5;
30840;202000020121;154 706 804;B01;2;7;0;2;1;1;1;
30841;202000020121;154 706 805;A01;1;7;0;2;1;13;1;
30842;202000020123;154 706 800;B01;1;1;0;2;1;1;5;
30843;202000020123;154 706 801;A01;2;1;0;2;1;13;5;
30844;202000020124;154 706 799;A01;2;3;6;0;1;14;1;
30845;202000020125;154 706 798;A01;3;7;16;0;1;1;1;
30846;202000020126;154 706 796;A01;0;7;0;0;8;19;1;
30847;202000020126;154 706 797;B01;2;10;0;2;1;1;1;
30848;202000020127;154 706 793;C01;1;7;0;2;1;1;1;
30849;202000020127;154 706 794;A01;2;7;0;2;1;17;1;
30850;202000020127;154 706 795;B01;1;7;0;2;1;1;1;
30851;202000020128;154 706 791;B01;2;2;0;2;3;17;1;
30852;202000020128;154 706 792;A01;2;7;0;0;6;15;1;
30853;202000020129;154 706 789;B01;1;7;0;2;1;1;1;
30854;202000020129;154 706 790;A01;2;7;0;2;3;13;1;
30855;202000020130;154 706 787;B01;2;10;0;2;3;1;1;
30856;202000020130;154 706 788;A01;2;7;0;2;6;9;1;
30857;202000020133;154 706 782;A01;1;7;6;0;3;1;1;
30858;202000020134;154 706 781;A01;1;7;0;1;3;1;1;
30859;202000020135;154 706 780;A01;2;7;0;1;1;1;1;
30860;202000020136;154 706 778;A01;0;10;0;2;8;15;1;
30861;202000020136;154 706 779;B01;0;31;0;2;1;1;1;
30862;202000020137;154 706 776;A01;1;7;0;2;5;20;1;
30863;202000020137;154 706 777;B01;1;2;0;2;7;1;1;
30864;202000020138;154 706 774;B01;1;7;0;2;1;1;1;
30865;202000020138;154 706 775;A01;1;7;0;2;8;19;1;
30866;202000020140;154 706 771;A01;1;60;0;2;1;1;5;
30867;202000020140;154 706 772;B01;1;7;0;2;3;1;1;
30868;202000020141;154 706 769;A01;2;50;0;2;4;19;3;
30869;202000020141;154 706 770;B01;2;7;0;2;4;1;1;
30870;202000020143;154 706 765;B01;2;1;0;2;0;0;5;
30871;202000020143;154 706 766;A01;2;7;0;2;2;2;1;
30872;202000020144;154 706 763;B01;3;2;0;2;8;9;1;
30873;202000020144;154 706 764;A01;3;34;0;2;1;1;1;
30874;202000020145;154 706 761;B01;1;30;1;2;3;1;0;
30875;202000020145;154 706 762;A01;1;10;0;2;2;20;0;
30876;202000020146;154 706 759;B01;1;7;0;2;1;1;1;
30877;202000020146;154 706 760;A01;1;7;0;2;8;1;1;
30878;202000020147;154 706 758;A01;2;7;0;1;1;1;1;
30879;202000020148;154 706 757;A01;2;33;0;1;1;1;0;
30880;202000020149;154 706 755;B01;2;7;1;2;4;0;1;
30881;202000020149;154 706 756;A01;2;7;1;0;1;0;1;
30882;202000020150;154 706 753;A01;2;7;0;2;1;1;1;
30883;202000020150;154 706 754;B01;2;2;0;2;4;1;1;
30884;202000020151;154 706 751;A01;2;7;0;2;5;15;1;
30885;202000020151;154 706 752;B01;1;2;0;2;1;1;0;
30886;202000020152;154 706 750;A01;2;7;13;0;7;14;1;
30887;202000020153;154 706 749;A01;1;10;1;0;1;14;1;
30888;202000020154;154 706 748;A01;1;7;0;1;1;1;1;
30889;202000020155;154 706 746;A01;0;7;0;1;1;1;1;
30890;202000020157;154 706 743;A01;1;3;0;1;1;15;3;
30891;202000020158;154 706 738;B01;1;10;0;2;1;1;1;
30892;202000020158;154 706 739;A01;2;7;0;2;1;13;1;
30893;202000020158;154 706 740;C01;1;10;0;2;2;2;1;
30894;202000020159;154 706 736;B01;2;1;0;2;1;15;5;
30895;202000020159;154 706 737;A01;1;7;0;2;1;15;1;
30896;202000020161;154 706 732;A01;2;7;0;2;3;15;1;
30897;202000020161;154 706 733;B01;1;33;0;2;1;1;1;
30898;202000020162;154 706 731;A01;2;1;1;0;7;1;5;
30899;202000020163;154 706 728;C01;2;21;0;2;3;1;1;
30900;202000020163;154 706 729;B01;1;7;0;2;6;26;1;
30901;202000020163;154 706 730;A01;1;2;0;2;1;17;1;
30902;202000020164;154 706 727;A01;2;7;0;1;1;26;1;
30903;202000020165;154 706 726;A01;2;7;0;1;2;1;1;
30904;202000020166;154 706 725;A01;2;7;0;1;1;17;1;
30905;202000020167;154 706 723;A01;3;7;0;2;8;20;1;
30906;202000020167;154 706 724;B01;3;32;0;2;1;1;1;
30907;202000020168;154 706 721;B01;1;7;0;9;5;2;1;
30908;202000020168;154 706 722;A01;1;1;0;2;1;2;5;
30909;202000020171;154 706 716;A01;3;7;15;0;1;15;1;
30910;202000020172;154 706 714;A01;0;1;0;2;2;15;5;
30911;202000020172;154 706 715;B01;0;7;0;2;1;2;1;
30912;202000020173;154 706 712;A01;0;7;0;2;4;15;1;
30913;202000020173;154 706 713;B01;0;7;0;2;1;2;1;
30914;202000020174;154 706 710;B01;0;7;0;2;3;1;1;
30915;202000020174;154 706 711;A01;0;7;0;2;3;1;1;
30916;202000020175;154 706 709;A01;1;37;0;1;2;16;1;1.0
30917;202000020176;154 706 707;Z01;0;7;0;2;0;1;1;
30918;202000020176;154 706 708;A01;1;2;0;2;4;1;1;
30919;202000020177;154 706 705;B01;2;7;0;2;1;1;1;
30920;202000020177;154 706 706;A01;1;2;0;2;1;19;1;
30921;202000020178;154 706 704;A01;2;30;0;0;7;0;1;
30922;202000020179;154 706 702;A01;1;7;0;2;3;9;1;
30923;202000020179;154 706 703;B01;2;33;0;2;1;1;1;
30924;202000020181;154 706 699;B01;1;7;0;2;4;1;1;
30925;202000020181;154 706 700;A01;1;7;0;2;1;2;1;
30926;202000020182;154 706 697;B01;2;33;0;2;1;1;0;
30927;202000020182;154 706 698;A01;0;7;0;2;3;10;1;
30928;202000020184;154 706 693;A01;1;7;0;2;6;1;3;
30929;202000020184;154 706 694;B01;1;7;0;2;1;1;1;
30930;202000020185;154 706 690;B01;1;7;0;2;8;1;1;
30931;202000020185;154 706 691;C01;1;43;0;2;7;3;1;
30932;202000020185;154 706 692;A01;1;32;0;2;7;11;1;
30933;202000020186;154 706 688;A01;2;1;0;2;8;7;5;
30934;202000020186;154 706 689;B01;3;7;0;2;7;1;1;
30935;202000020187;154 706 687;A01;2;32;0;1;1;1;1;
30936;202000020188;154 706 685;A01;1;7;0;2;0;16;1;
30937;202000020188;154 706 686;B01;1;37;0;2;0;7;1;3.0
30938;202000020190;154 706 683;A01;2;7;0;1;3;1;2;
30939;202000020191;154 706 681;A01;2;31;0;2;1;1;0;
30940;202000020191;154 706 682;B01;2;7;0;2;6;2;0;
30941;202000020194;154 706 676;A01;-1;7;0;1;3;1;1;
30942;202000020195;154 706 674;A01;-1;20;7;2;3;9;1;
30943;202000020195;154 706 675;B01;-1;20;7;2;5;1;1;
30944;202000020196;154 706 672;B01;0;7;0;2;1;15;1;
30945;202000020196;154 706 673;A01;2;32;0;2;7;1;1;
30946;202000020197;154 706 670;B01;3;7;0;2;2;12;0;
30947;202000020197;154 706 671;A01;3;32;0;2;8;1;0;
30948;202000020198;154 706 668;B01;-1;2;0;2;1;1;1;
30949;202000020198;154 706 669;A01;-1;7;0;2;8;15;1;
30950;202000020199;154 706 666;B01;1;31;0;2;1;19;1;
30951;202000020199;154 706 667;A01;1;7;0;2;2;16;1;
30952;202000020200;154 706 663;C01;1;7;0;2;1;1;1;