;Num_Acc;id_vehicule;num_veh;senc;catv;obs;obsm;choc;manv;motor;occutc
30953;202000020200;154 706 664;B01;1;7;0;2;9;23;1;
30954;202000020200;154 706 665;A01;1;7;0;2;4;16;1;
30955;202000020201;154 706 661;A01;0;7;0;2;0;15;1;
30956;202000020201;154 706 662;B01;2;33;0;2;1;1;1;
30957;202000020202;154 706 659;B01;2;7;0;2;3;1;1;
30958;202000020202;154 706 660;A01;1;2;0;2;1;13;1;
30959;202000020203;154 706 658;A01;2;7;15;0;9;1;1;
30960;202000020204;154 706 656;A01;1;7;7;0;1;1;1;
30961;202000020205;154 706 654;B01;1;10;0;2;1;26;1;
30962;202000020205;154 706 655;A01;2;10;0;2;1;13;1;
30963;202000020206;154 706 653;A01;3;0;0;0;0;26;0;
30964;202000020207;154 706 651;A01;3;7;0;9;3;15;1;
30965;202000020207;154 706 652;B01;3;1;0;2;2;1;5;
30966;202000020208;154 706 649;A01;0;15;0;2;2;0;1;
30967;202000020208;154 706 650;B01;0;1;0;2;0;0;0;
30968;202000020209;154 706 647;B01;1;1;0;2;0;19;5;
30969;202000020209;154 706 648;A01;1;7;0;2;1;1;1;
30970;202000020210;154 706 646;A01;3;10;0;1;4;4;1;
30971;202000020211;154 706 643;B01;2;7;0;2;6;1;1;
30972;202000020211;154 706 644;A01;2;7;0;2;1;12;1;
30973;202000020211;154 706 645;C01;2;7;0;2;4;1;1;
30974;202000020212;154 706 642;A01;1;7;4;0;7;14;1;
30975;202000020213;154 706 640;B01;1;7;0;2;3;1;1;
30976;202000020213;154 706 641;A01;2;1;0;2;2;5;5;
30977;202000020214;154 706 638;A01;1;1;0;2;6;1;5;
30978;202000020214;154 706 639;B01;1;10;0;2;6;1;1;
30979;202000020215;154 706 637;A01;2;1;0;1;1;16;5;
30980;202000020216;154 706 635;B01;1;2;0;2;8;11;1;
30981;202000020216;154 706 636;A01;1;7;0;2;8;1;1;
30982;202000020217;154 706 633;B01;1;7;0;2;2;16;1;
30983;202000020217;154 706 634;A01;1;30;0;2;1;18;1;
30984;202000020218;154 706 632;A01;2;1;12;0;3;13;5;
30985;202000020219;154 706 630;B01;0;7;1;2;0;0;0;
30986;202000020219;154 706 631;A01;2;7;1;0;2;0;0;
30987;202000020220;154 706 629;A01;2;2;0;1;8;1;0;
30988;202000020221;154 706 627;B01;3;7;0;2;3;1;1;
30989;202000020221;154 706 628;A01;3;7;0;2;2;1;1;
30990;202000020222;154 706 625;B01;1;2;0;2;1;1;1;
30991;202000020222;154 706 626;A01;1;10;0;2;3;16;1;
30992;202000020223;154 706 623;A01;1;7;0;2;3;1;0;
30993;202000020223;154 706 624;B01;1;7;0;2;4;1;1;
30994;202000020224;154 706 621;A01;3;7;0;2;3;26;0;
30995;202000020224;154 706 622;B01;3;7;0;2;3;0;0;
30996;202000020225;154 706 619;A01;1;7;0;2;1;17;1;
30997;202000020225;154 706 620;B01;2;7;0;2;1;1;1;
30998;202000020226;154 706 616;C01;2;7;1;0;8;0;1;
30999;202000020226;154 706 617;B01;2;7;0;2;2;0;1;
31000;202000020226;154 706 618;A01;1;31;0;2;2;14;1;
31001;202000020227;154 706 614;A01;1;10;0;2;8;1;0;
31002;202000020227;154 706 615;B01;1;33;0;2;1;1;0;
31003;202000020228;154 706 612;B01;1;10;14;2;1;1;0;
31004;202000020228;154 706 613;A01;1;10;0;0;4;23;0;
31005;202000020229;154 706 610;A01;0;15;0;2;7;9;0;
31006;202000020229;154 706 611;B01;3;7;0;2;6;0;0;
31007;202000020230;154 706 608;B01;1;30;0;2;1;1;1;
31008;202000020230;154 706 609;A01;2;1;0;2;1;13;5;
31009;202000020232;154 706 606;A01;1;7;2;0;2;1;1;
31010;202000020233;154 706 605;A01;2;7;8;0;2;1;1;
31011;202000020234;154 706 603;B01;2;7;0;2;6;1;1;
31012;202000020234;154 706 604;A01;1;7;0;2;1;1;1;
31013;202000020235;154 706 601;B01;1;17;0;2;6;26;1;
31014;202000020235;154 706 602;A01;1;33;0;2;2;17;1;
31015;202000020236;154 706 600;A01;3;7;12;0;7;15;1;
31016;202000020237;154 706 598;A01;0;60;0;1;8;19;5;
31017;202000020237;154 706 599;B01;2;31;0;2;1;17;1;
31018;202000020238;154 706 596;B01;2;33;0;2;7;1;1;
31019;202000020238;154 706 597;A01;3;7;0;2;1;1;1;
31020;202000020239;154 706 595;A01;1;7;13;0;3;1;1;
31021;202000020240;154 706 593;A01;2;7;0;2;5;17;1;
31022;202000020240;154 706 594;B01;1;31;0;2;4;1;1;
31023;202000020241;154 706 592;A01;2;17;1;1;2;1;1;
31024;202000020242;154 706 591;A01;3;7;0;0;9;1;1;
31025;202000020243;154 706 589;B01;1;33;0;2;1;1;1;
31026;202000020243;154 706 590;A01;1;7;0;2;3;19;1;
31027;202000020245;154 706 585;A01;1;7;5;0;3;26;1;
31028;202000020246;154 706 583;B01;2;14;0;2;4;1;1;
31029;202000020246;154 706 584;A01;2;10;0;2;1;26;1;
31030;202000020247;154 706 579;D01;1;10;0;2;8;1;1;
31031;202000020247;154 706 580;C01;1;7;0;2;6;1;1;
31032;202000020247;154 706 581;B01;1;10;0;2;7;1;1;
31033;202000020247;154 706 582;A01;1;7;0;2;3;3;1;
31034;202000020248;154 706 578;A01;1;32;0;0;0;0;1;
31035;202000020249;154 706 577;Z01;1;7;0;1;5;16;1;
31036;202000020250;154 706 576;A01;1;14;0;1;1;15;1;
31037;202000020251;154 706 575;A01;3;10;0;1;1;15;1;
31038;202000020252;154 706 573;B01;2;7;0;2;3;15;1;
31039;202000020252;154 706 574;A01;1;7;0;2;1;17;1;
31040;202000020253;154 706 572;A01;1;20;0;1;1;26;1;
31041;202000020254;154 706 571;A01;1;7;0;1;1;13;1;
31042;202000020256;154 706 568;A01;2;36;2;0;0;1;1;
31043;202000020259;154 706 565;A01;3;7;6;0;1;13;0;
31044;202000020260;154 706 564;A01;0;7;14;1;1;1;1;
31045;202000020262;154 706 560;A01;1;7;0;2;3;26;1;
31046;202000020262;154 706 561;B01;1;80;0;2;8;15;3;
31047;202000020263;154 706 559;A01;0;1;0;1;1;1;5;
31048;202000020265;154 706 555;B01;2;7;0;2;2;1;1;
31049;202000020265;154 706 556;A01;3;1;0;2;1;19;5;
31050;202000020266;154 706 554;A01;1;7;13;0;1;1;1;
31051;202000020267;154 706 553;A01;2;7;0;1;7;1;1;
31052;202000020268;154 706 552;A01;0;33;8;0;1;25;0;
31053;202000020269;154 706 550;B01;1;7;0;2;2;1;1;
31054;202000020269;154 706 551;A01;1;7;0;2;1;9;1;
31055;202000020270;154 706 548;A01;0;7;0;2;1;16;1;
31056;202000020270;154 706 549;B01;3;1;0;2;3;25;5;
31057;202000020271;154 706 546;A01;1;7;0;2;2;15;1;
31058;202000020271;154 706 547;B01;2;7;0;2;1;1;1;
31059;202000020272;154 706 545;A01;0;15;0;1;1;1;1;
31060;202000020273;154 706 544;A01;1;7;0;0;9;1;1;
31061;202000020274;154 706 542;B01;2;31;0;2;9;13;1;
31062;202000020274;154 706 543;A01;1;33;0;2;7;1;1;
31063;202000020275;154 706 540;B01;2;7;0;2;1;2;1;
31064;202000020275;154 706 541;A01;2;10;0;2;4;15;1;
31065;202000020276;154 706 539;A01;3;7;0;1;1;1;1;
31066;202000020277;154 706 538;A01;3;7;0;0;3;13;1;
31067;202000020278;154 706 537;A01;2;33;0;2;1;1;1;
31068;202000020279;154 706 535;A01;1;7;0;2;5;1;1;
31069;202000020279;154 706 536;B01;1;7;0;2;1;2;1;
31070;202000020280;154 706 534;A01;2;7;0;1;1;15;0;
31071;202000020281;154 706 532;B01;1;2;0;2;1;17;1;
31072;202000020281;154 706 533;A01;1;10;0;2;8;10;1;
31073;202000020282;154 706 531;A01;1;30;0;0;0;21;1;
31074;202000020283;154 706 530;A01;1;34;0;1;1;1;0;
31075;202000020284;154 706 528;A01;0;7;0;2;1;0;1;
31076;202000020284;154 706 529;B01;0;7;0;2;2;26;1;
31077;202000020285;154 706 527;A01;3;7;1;0;2;1;1;
31078;202000020286;154 706 525;B01;1;7;0;2;3;1;6;
31079;202000020286;154 706 526;A01;0;30;0;2;1;26;0;
31080;202000020288;154 706 521;A01;1;7;0;2;2;1;0;
31081;202000020288;154 706 522;B01;2;1;0;2;8;1;0;
31082;202000020289;154 706 519;C01;1;7;0;2;1;2;1;
31083;202000020289;154 706 520;A01;1;17;0;0;4;2;1;
31084;202000020290;154 706 518;A01;1;7;13;0;1;11;1;
31085;202000020292;154 706 515;A01;1;7;0;2;3;13;1;
31086;202000020292;154 706 516;B01;2;7;0;2;3;1;1;
31087;202000020293;154 706 514;A01;2;7;15;0;1;1;1;
31088;202000020294;154 706 513;A01;0;7;13;0;1;1;1;
31089;202000020296;154 706 510;A01;1;33;0;0;1;1;1;
31090;202000020297;154 706 509;A01;1;7;0;9;1;1;1;
31091;202000020298;154 706 508;A01;0;7;13;0;1;1;1;
31092;202000020299;154 706 504;C01;1;7;0;2;3;1;1;
31093;202000020299;154 706 505;D01;1;2;0;2;1;1;1;
31094;202000020299;154 706 506;B01;1;7;0;0;3;2;1;
31095;202000020299;154 706 507;A01;1;7;0;2;1;17;1;
31096;202000020300;154 706 502;A01;2;7;0;2;8;9;0;
31097;202000020300;154 706 503;B01;1;30;0;2;1;1;0;
31098;202000020302;154 706 499;A01;3;7;0;1;2;1;1;
31099;202000020303;154 706 498;A01;3;2;0;0;7;1;1;
31100;202000020304;154 706 497;A01;1;7;3;0;1;14;1;
31101;202000020305;154 706 496;A01;1;7;0;1;1;15;1;
31102;202000020307;154 706 494;A01;2;7;4;0;3;13;1;
31103;202000020308;154 706 493;A01;2;30;1;0;1;18;1;
31104;202000020309;154 706 492;A01;2;30;0;1;1;26;1;
31105;202000020310;154 706 490;A01;1;31;0;2;7;17;1;
31106;202000020310;154 706 491;B01;1;7;0;2;3;15;1;
31107;202000020311;154 706 489;A01;0;33;0;0;0;26;1;
31108;202000020312;154 706 487;A01;1;7;0;2;3;1;1;
31109;202000020312;154 706 488;B01;1;33;0;2;1;17;1;
31110;202000020314;154 706 482;A01;1;7;1;0;1;14;1;
31111;202000020315;154 706 481;A01;2;7;15;0;1;14;1;
31112;202000020316;154 706 479;B01;-1;2;0;2;5;2;1;
31113;202000020316;154 706 480;A01;-1;7;0;2;2;19;1;
31114;202000020318;154 706 475;B01;1;7;0;2;2;15;1;
31115;202000020318;154 706 476;A01;1;99;9;2;3;1;0;
31116;202000020319;154 706 473;A01;1;33;0;2;0;17;1;
31117;202000020319;154 706 474;B01;2;7;0;0;0;0;1;
31118;202000020320;154 706 472;A01;1;7;1;1;0;1;1;
31119;202000020321;154 706 471;A01;2;33;13;0;1;1;1;
31120;202000020322;154 706 470;A01;1;7;2;0;1;1;1;
31121;202000020324;154 706 466;C01;3;33;0;2;8;1;1;
31122;202000020324;154 706 467;B01;3;7;0;2;1;1;1;
31123;202000020324;154 706 468;A01;3;7;0;2;1;1;1;
31124;202000020325;154 706 465;A01;2;33;15;0;1;0;1;
31125;202000020326;154 706 464;A01;2;10;0;1;1;1;1;
31126;202000020327;154 706 463;A01;2;2;0;0;0;0;0;
31127;202000020328;154 706 462;A01;1;7;2;0;1;1;1;
31128;202000020329;154 706 460;A01;2;7;0;2;1;2;1;
31129;202000020329;154 706 461;B01;2;15;0;0;4;2;1;
31130;202000020330;154 706 459;A01;2;7;12;0;1;15;1;
31131;202000020331;154 706 458;A01;3;7;16;0;0;0;1;
31132;202000020332;154 706 457;A01;3;7;6;0;2;10;0;
31133;202000020333;154 706 456;A01;2;2;12;0;1;13;1;
31134;202000020334;154 706 455;A01;3;7;0;0;1;1;1;
31135;202000020335;154 706 454;A01;1;7;6;0;1;1;1;
31136;202000020336;154 706 452;B01;2;7;0;2;3;1;1;
31137;202000020336;154 706 453;A01;1;7;0;2;2;19;0;
31138;202000020337;154 706 451;A01;2;10;6;0;3;13;1;
31139;202000020338;154 706 450;A01;1;7;4;2;1;1;1;
31140;202000020339;154 706 449;A01;2;7;0;0;9;1;1;
31141;202000020340;154 706 444;E01;1;10;0;2;0;14;1;
31142;202000020340;154 706 445;D01;1;7;0;2;4;1;1;
31143;202000020340;154 706 446;A01;1;10;0;2;1;17;1;
31144;202000020340;154 706 447;C01;1;7;0;2;4;1;1;
31145;202000020340;154 706 448;B01;1;7;0;2;6;1;1;
31146;202000020342;154 706 442;A01;1;7;9;0;1;0;0;
31147;202000020343;154 706 438;A01;1;1;0;2;1;2;5;
31148;202000020343;154 706 439;B01;1;7;0;2;5;16;1;
31149;202000020344;154 706 437;A01;3;7;0;1;2;1;1;
31150;202000020345;154 706 436;A01;0;30;0;1;0;19;1;
31151;202000020346;154 706 434;B01;0;33;0;2;1;21;1;
31152;202000020346;154 706 435;A01;0;7;0;2;3;9;1;
31153;202000020347;154 706 432;B01;1;1;0;2;1;1;0;
31154;202000020347;154 706 433;A01;2;10;0;9;0;11;1;
31155;202000020348;154 706 431;A01;2;7;0;1;2;1;1;
31156;202000020349;154 706 430;A01;1;7;0;1;5;4;1;
31157;202000020350;154 706 428;A01;2;10;0;2;1;1;1;
31158;202000020350;154 706 429;B01;2;2;0;2;4;23;1;
31159;202000020351;154 706 426;A01;3;50;0;2;1;9;3;
31160;202000020351;154 706 427;Z01;1;0;0;9;3;16;0;
31161;202000020353;154 706 424;A01;2;7;13;0;3;1;1;
31162;202000020354;154 706 423;A01;2;33;13;0;1;1;1;
31163;202000020355;154 706 421;B01;2;33;0;2;1;1;1;
31164;202000020355;154 706 422;A01;1;7;0;2;2;5;1;
31165;202000020356;154 706 420;A01;1;7;13;0;0;13;1;
31166;202000020357;154 706 418;B01;1;2;0;2;1;1;0;
31167;202000020357;154 706 419;A01;2;7;0;2;3;5;0;
31168;202000020358;154 706 417;A01;3;7;2;0;1;1;1;
31169;202000020359;154 706 416;A01;0;7;15;0;1;1;1;
31170;202000020360;154 706 415;A01;1;7;8;0;1;0;1;
31171;202000020361;154 706 414;A01;2;7;8;0;1;0;1;
31172;202000020362;154 706 412;A01;1;7;0;2;1;17;1;
31173;202000020362;154 706 413;B01;1;7;0;2;8;15;1;
31174;202000020363;154 706 410;A01;3;7;0;2;4;4;1;
31175;202000020363;154 706 411;B01;3;1;0;2;7;1;5;
31176;202000020364;154 706 407;A01;2;2;0;2;1;13;1;
31177;202000020364;154 706 408;B01;1;10;0;2;3;1;1;
31178;202000020365;154 706 405;A01;1;7;0;2;8;1;1;
31179;202000020365;154 706 406;B01;2;7;0;2;8;1;1;
31180;202000020366;154 706 404;A01;1;7;2;0;1;26;1;
31181;202000020367;154 706 403;A01;3;7;0;1;0;1;1;
31182;202000020368;154 706 402;A01;2;7;0;0;1;0;1;
31183;202000020369;154 706 400;B01;1;7;7;2;1;1;1;
31184;202000020369;154 706 401;A01;2;7;7;2;1;5;1;
31185;202000020370;154 706 399;A01;2;7;2;0;1;1;1;
31186;202000020371;154 706 397;A01;2;7;0;2;3;13;1;
31187;202000020371;154 706 398;B01;1;7;0;2;1;1;1;
31188;202000020372;154 706 395;B01;3;7;0;0;4;15;1;
31189;202000020372;154 706 396;A01;3;33;0;2;1;2;1;
31190;202000020373;154 706 393;A01;1;34;0;2;2;17;1;
31191;202000020373;154 706 394;B01;1;7;0;2;8;17;1;
31192;202000020374;154 706 392;A01;3;7;15;0;3;1;1;
31193;202000020375;154 706 391;A01;0;1;13;0;1;1;6;
31194;202000020376;154 706 390;A01;2;17;16;0;7;17;1;
31195;202000020377;154 706 388;B01;2;7;0;2;4;23;1;
31196;202000020377;154 706 389;A01;2;7;1;0;1;2;1;
31197;202000020378;154 706 386;A01;2;10;0;2;3;9;1;
31198;202000020378;154 706 387;B01;1;33;0;2;9;17;1;
31199;202000020379;154 706 385;A01;1;13;10;0;1;14;1;
31200;202000020380;154 706 383;A01;1;7;0;2;7;26;1;
31201;202000020380;154 706 384;B01;1;7;0;2;8;21;0;
31202;202000020382;154 706 379;A01;1;7;2;2;3;12;1;
31203;202000020382;154 706 380;B01;2;32;0;2;0;0;1;
31204;202000020383;154 706 378;B01;1;1;0;9;0;26;6;
31205;202000020384;154 706 376;B01;2;33;0;2;1;2;1;
31206;202000020384;154 706 377;A01;2;7;0;2;4;23;1;
31207;202000020385;154 706 374;B01;2;7;0;2;5;10;1;
31208;202000020385;154 706 375;A01;2;7;0;2;3;9;1;
31209;202000020386;154 706 373;A01;1;33;3;0;1;1;1;
31210;202000020387;154 706 372;A01;0;30;0;0;7;0;1;
31211;202000020388;154 706 370;B01;1;38;0;2;2;1;0;1.0
31212;202000020388;154 706 371;A01;2;7;0;2;4;13;1;
31213;202000020389;154 706 368;A01;1;7;15;2;2;19;1;
31214;202000020389;154 706 369;B01;1;7;0;2;1;1;1;
31215;202000020390;154 706 366;B01;3;7;8;2;6;2;1;
31216;202000020390;154 706 367;A01;3;7;0;2;2;2;1;
31217;202000020391;154 706 364;B01;2;7;0;2;2;1;1;
31218;202000020391;154 706 365;A01;1;2;0;2;8;9;1;
31219;202000020392;154 706 363;A01;1;33;0;0;0;1;1;
31220;202000020393;154 706 361;B01;3;60;0;2;8;1;5;
31221;202000020393;154 706 362;A01;3;7;0;2;2;1;1;
31222;202000020394;154 706 359;A01;1;7;0;2;1;15;1;
31223;202000020394;154 706 360;B01;2;50;0;2;7;1;3;
31224;202000020395;154 706 358;A01;3;7;3;0;1;1;1;
31225;202000020396;154 706 357;A01;0;7;0;1;1;26;1;
31226;202000020397;154 706 354;B01;1;33;0;2;4;23;1;
31227;202000020397;154 706 355;A01;1;7;0;2;1;2;1;
31228;202000020397;154 706 356;C01;1;7;0;2;4;0;1;
31229;202000020398;154 706 353;A01;1;7;0;1;1;1;1;
31230;202000020399;154 706 352;A01;3;10;0;1;1;9;1;
31231;202000020400;154 706 351;A01;1;33;0;0;7;1;1;
31232;202000020402;154 706 347;A01;1;10;0;2;8;10;0;
31233;202000020402;154 706 348;B01;2;32;0;1;1;1;0;
31234;202000020403;154 706 345;A01;2;10;0;2;1;19;1;
31235;202000020403;154 706 346;B01;1;10;0;2;1;1;1;
31236;202000020404;154 706 343;A01;2;7;8;1;2;2;1;
31237;202000020404;154 706 344;B01;2;7;8;2;6;24;1;
31238;202000020405;154 706 341;A01;1;7;0;2;8;10;1;
31239;202000020405;154 706 342;B01;1;7;0;2;1;1;1;
31240;202000020406;154 706 340;A01;2;7;2;0;2;14;1;
31241;202000020407;154 706 338;B01;1;50;1;2;4;23;3;
31242;202000020407;154 706 339;A01;1;10;0;2;2;1;1;
31243;202000020408;154 706 334;C01;1;7;0;2;4;2;1;
31244;202000020408;154 706 335;A01;1;7;0;2;1;2;1;
31245;202000020408;154 706 336;B01;1;7;0;2;4;2;1;
31246;202000020408;154 706 337;D01;1;7;0;2;4;2;1;
31247;202000020409;154 706 332;A01;1;30;0;2;1;1;1;
31248;202000020409;154 706 333;B01;1;10;0;2;3;1;0;
31249;202000020410;154 706 331;A01;2;7;13;0;1;1;0;
31250;202000020411;154 706 329;A01;1;2;0;2;1;17;1;
31251;202000020411;154 706 330;B01;1;7;0;2;8;15;0;
31252;202000020412;154 706 328;A01;2;2;11;0;2;1;1;
31253;202000020413;154 706 326;A01;1;7;0;2;1;2;1;
31254;202000020413;154 706 327;B01;1;7;0;2;4;2;1;
31255;202000020414;154 706 325;A01;1;7;0;1;9;26;1;
31256;202000020415;154 706 324;A01;1;7;0;1;1;1;1;
31257;202000020416;154 706 323;A01;3;7;0;1;3;1;1;
31258;202000020417;154 706 322;A01;1;7;0;1;1;2;0;
31259;202000020418;154 706 321;A01;1;7;0;1;1;1;0;
31260;202000020419;154 706 319;B01;2;30;0;2;7;17;1;
31261;202000020419;154 706 320;A01;2;7;0;2;1;15;1;
31262;202000020420;154 706 318;A01;2;7;0;1;1;1;1;
31263;202000020422;154 706 315;A01;3;7;8;0;3;13;1;
31264;202000020423;154 706 314;A01;1;31;0;0;9;0;1;
31265;202000020424;154 706 312;B01;1;7;0;2;0;0;1;
31266;202000020424;154 706 313;A01;1;7;0;2;0;0;1;
31267;202000020426;154 706 309;B01;0;7;0;2;2;1;1;
31268;202000020426;154 706 310;A01;0;1;0;2;3;19;5;
31269;202000020427;154 706 307;B01;1;7;0;2;5;23;1;
31270;202000020427;154 706 308;A01;1;30;0;2;1;26;1;
31271;202000020428;154 706 306;A01;3;30;0;1;1;17;1;
31272;202000020429;154 706 304;B01;1;7;0;2;7;1;1;
31273;202000020429;154 706 305;A01;1;32;0;2;1;10;1;
31274;202000020430;154 706 301;A01;1;7;0;2;1;26;1;
31275;202000020430;154 706 302;B01;2;7;0;2;1;1;1;
31276;202000020430;154 706 303;C01;2;15;0;2;8;1;1;
31277;202000020431;154 706 299;B01;1;37;0;2;1;1;1;2.0
31278;202000020431;154 706 300;A01;1;7;0;2;3;9;1;
31279;202000020434;154 706 294;A01;0;7;0;1;1;26;1;
31280;202000020435;154 706 293;A01;0;7;0;1;3;1;1;
31281;202000020436;154 706 291;B01;2;7;0;2;1;1;1;
31282;202000020436;154 706 292;A01;1;7;0;2;8;1;1;
31283;202000020437;154 706 289;A01;1;7;0;2;1;2;1;
31284;202000020437;154 706 290;B01;1;2;0;2;4;2;1;
31285;202000020438;154 706 288;A01;2;7;0;1;2;1;1;
31286;202000020439;154 706 286;B01;1;80;0;2;4;1;3;
31287;202000020439;154 706 287;A01;1;7;0;2;1;9;1;
31288;202000020440;154 706 284;B01;1;14;0;2;1;1;1;
31289;202000020440;154 706 285;A01;1;7;8;2;6;16;1;
31290;202000020441;154 706 282;A01;2;10;0;2;8;1;1;
31291;202000020441;154 706 283;B01;1;33;0;2;1;1;1;
31292;202000020442;154 706 281;A01;2;7;0;1;7;1;1;
31293;202000020443;154 706 279;B01;1;17;0;2;7;1;0;
31294;202000020443;154 706 280;A01;1;33;0;2;8;13;1;
31295;202000020444;154 706 278;A01;1;7;0;1;1;21;1;
31296;202000020445;154 706 276;B01;1;2;0;2;1;17;1;
31297;202000020445;154 706 277;A01;3;7;0;2;0;0;1;
31298;202000020446;154 706 274;B01;2;7;0;2;1;15;1;
31299;202000020446;154 706 275;A01;1;7;0;2;1;21;1;
31300;202000020447;154 706 273;A01;1;7;0;1;1;1;6;
31301;202000020448;154 706 271;A01;1;7;0;2;1;1;0;
31302;202000020448;154 706 272;B01;1;99;0;2;8;1;0;
31303;202000020449;154 706 270;A01;2;10;8;0;0;2;1;
31304;202000020450;154 706 268;A01;1;7;0;2;2;19;1;
31305;202000020450;154 706 269;B01;2;7;0;2;3;1;0;
31306;202000020451;154 706 266;A01;0;32;0;2;0;2;1;
31307;202000020451;154 706 267;Z01;3;7;0;2;0;15;1;
31308;202000020453;154 706 263;B01;1;7;0;2;1;11;0;
31309;202000020453;154 706 264;A01;2;7;0;2;3;1;0;
31310;202000020454;154 706 262;A01;2;7;0;1;2;19;1;
31311;202000020455;154 706 260;A01;2;7;0;2;3;15;1;
31312;202000020455;154 706 261;B01;1;34;0;2;1;1;1;
31313;202000020456;154 706 258;A01;1;7;0;2;2;19;1;
31314;202000020456;154 706 259;B01;2;32;0;2;7;17;1;
31315;202000020457;154 706 257;A01;3;37;10;0;3;8;4;21.0
31316;202000020458;154 706 256;A01;1;7;6;0;1;1;1;
31317;202000020459;154 706 254;A01;1;7;0;2;1;2;1;
31318;202000020459;154 706 255;B01;1;7;0;2;4;2;1;
31319;202000020460;154 706 252;A01;2;33;0;2;1;1;1;
31320;202000020460;154 706 253;B01;2;7;0;2;6;11;1;
31321;202000020461;154 706 251;A01;1;43;12;0;1;14;1;
31322;202000020462;154 706 250;A01;2;37;0;1;5;1;2;1.0
31323;202000020463;154 706 248;B01;1;1;0;2;4;2;5;
31324;202000020463;154 706 249;A01;1;7;0;2;3;2;1;
31325;202000020464;154 706 246;A01;1;30;0;2;8;9;1;
31326;202000020464;154 706 247;B01;1;10;0;2;5;1;1;
31327;202000020465;154 706 244;A01;1;7;0;2;3;13;3;
31328;202000020465;154 706 245;B01;1;32;0;2;5;1;1;
31329;202000020466;154 706 243;A01;1;50;0;1;1;25;3;
31330;202000020467;154 706 241;B01;1;33;0;2;6;15;1;
31331;202000020467;154 706 242;A01;1;7;0;2;2;17;1;
31332;202000020468;154 706 239;B01;1;2;0;2;7;16;1;
31333;202000020468;154 706 240;A01;1;43;0;2;1;1;1;
31334;202000020469;154 706 238;A01;3;7;6;0;1;16;1;
31335;202000020470;154 706 236;B01;1;7;0;2;2;1;1;
31336;202000020470;154 706 237;A01;2;7;0;2;1;5;1;
31337;202000020471;154 706 234;A01;3;10;0;2;3;1;1;
31338;202000020471;154 706 235;B01;3;1;0;2;5;1;5;
31339;202000020472;154 706 232;A01;2;7;0;2;3;1;1;
31340;202000020472;154 706 233;B01;1;50;0;2;2;19;3;
31341;202000020473;154 706 231;A01;3;43;0;1;1;10;1;
31342;202000020474;154 706 229;B01;2;2;0;2;7;17;1;
31343;202000020474;154 706 230;A01;2;7;0;2;8;13;1;
31344;202000020475;154 706 227;Z01;1;7;0;2;2;2;0;
31345;202000020475;154 706 228;A01;1;60;0;2;0;2;5;
31346;202000020476;154 706 226;A01;1;31;0;0;2;26;1;
31347;202000020477;154 706 224;A01;1;33;0;2;1;13;1;
31348;202000020477;154 706 225;B01;2;10;0;2;1;1;1;
31349;202000020478;154 706 222;Z01;1;13;12;2;4;1;0;
31350;202000020478;154 706 223;A01;1;1;12;0;4;1;0;
31351;202000020479;154 706 220;A01;1;31;0;2;7;1;1;
31352;202000020479;154 706 221;Z01;1;7;0;0;0;0;0;
31353;202000020481;154 706 217;A01;1;7;0;2;1;1;0;
31354;202000020481;154 706 218;B01;2;37;0;2;6;1;0;1.0
31355;202000020482;154 706 216;A01;0;7;0;1;3;15;1;
31356;202000020483;154 706 214;A01;1;7;0;2;1;9;1;
31357;202000020483;154 706 215;B01;-1;7;0;2;4;23;1;
31358;202000020484;154 706 212;A01;2;32;0;2;7;1;1;
31359;202000020484;154 706 213;B01;2;3;0;2;1;9;1;
31360;202000020485;154 706 210;A01;1;7;0;2;3;19;1;
31361;202000020485;154 706 211;B01;1;32;0;2;2;0;1;
31362;202000020486;154 706 207;A01;1;7;0;2;8;9;1;
31363;202000020486;154 706 208;B01;1;7;0;2;1;2;1;
31364;202000020486;154 706 209;C01;1;7;0;2;1;2;1;
31365;202000020487;154 706 206;A01;1;32;12;0;3;16;0;
31366;202000020489;154 706 204;A01;3;7;0;1;2;15;1;
31367;202000020490;154 706 202;B01;2;10;0;2;2;15;1;
31368;202000020490;154 706 203;A01;2;7;0;2;3;26;1;
31369;202000020491;154 706 200;MA01;1;7;3;2;2;21;1;
31370;202000020491;154 706 201;B01;1;7;0;2;0;9;1;
31371;202000020492;154 706 199;A01;1;7;0;1;1;9;1;
31372;202000020493;154 706 197;A01;1;7;0;2;1;26;1;
31373;202000020493;154 706 198;B01;1;80;0;2;1;1;3;
31374;202000020496;154 706 192;B01;1;7;0;2;5;1;1;
31375;202000020496;154 706 193;A01;1;7;0;2;1;16;1;
31376;202000020497;154 706 190;B01;1;7;0;2;6;1;1;
31377;202000020497;154 706 191;A01;1;33;0;2;2;14;1;
31378;202000020498;154 706 188;A01;1;32;0;2;2;17;1;
31379;202000020498;154 706 189;B01;1;7;0;2;3;15;1;
31380;202000020499;154 706 186;A01;2;7;0;2;2;15;1;
31381;202000020499;154 706 187;B01;1;7;0;2;3;1;1;
31382;202000020500;154 706 185;A01;1;7;0;1;3;1;1;
31383;202000020501;154 706 183;A01;1;7;0;2;3;1;0;
31384;202000020501;154 706 184;B01;2;7;0;2;1;13;0;