;Num_Acc;id_vehicule;num_veh;senc;catv;obs;obsm;choc;manv;motor;occutc
31385;202000020502;154 706 181;A01;3;7;0;2;2;1;1;
31386;202000020502;154 706 182;B01;3;15;0;2;3;1;0;
31387;202000020503;154 706 180;A01;2;7;0;1;1;1;1;
31388;202000020504;154 706 176;A01;1;7;0;2;1;13;1;
31389;202000020504;154 706 177;B01;2;7;0;2;1;1;1;
31390;202000020505;154 706 174;A01;1;7;0;2;2;2;1;
31391;202000020505;154 706 175;B01;1;1;0;0;4;1;5;
31392;202000020506;154 706 172;B01;2;7;0;2;1;26;1;
31393;202000020506;154 706 173;A01;1;7;0;0;4;23;1;
31394;202000020508;154 706 168;A01;1;10;0;2;3;16;1;
31395;202000020508;154 706 169;B01;1;33;0;2;1;1;1;
31396;202000020509;154 706 166;A01;2;7;4;2;7;26;1;
31397;202000020509;154 706 167;B01;1;7;0;2;1;1;1;
31398;202000020510;154 706 165;A01;1;10;0;1;7;1;0;
31399;202000020511;154 706 163;A01;1;15;0;2;1;5;1;
31400;202000020511;154 706 164;B01;2;7;0;2;1;1;1;
31401;202000020512;154 706 162;A01;2;7;13;0;1;1;1;
31402;202000020513;154 706 159;A01;2;7;0;2;3;13;1;
31403;202000020513;154 706 160;B01;1;7;0;2;3;1;1;
31404;202000020513;154 706 161;C01;1;7;0;2;3;1;1;
31405;202000020514;154 706 157;B01;1;7;0;2;1;1;1;
31406;202000020514;154 706 158;A01;1;7;0;2;2;15;1;
31407;202000020515;154 706 155;B01;2;1;0;2;4;1;6;
31408;202000020515;154 706 156;A01;2;7;0;9;2;1;1;
31409;202000020516;154 706 154;A01;1;7;15;0;2;1;1;
31410;202000020517;154 706 151;C01;1;7;0;2;3;1;1;
31411;202000020517;154 706 152;A01;2;7;0;2;3;5;1;
31412;202000020517;154 706 153;B01;1;7;0;2;3;1;1;
31413;202000020518;154 706 149;A01;2;7;0;2;1;5;1;
31414;202000020518;154 706 150;B01;1;7;0;2;1;1;1;
31415;202000020519;154 706 147;B01;1;1;0;2;8;19;5;
31416;202000020519;154 706 148;A01;1;7;0;2;1;1;1;
31417;202000020520;154 706 144;A01;2;7;0;2;1;5;1;
31418;202000020520;154 706 145;C01;1;7;0;2;1;1;1;
31419;202000020520;154 706 146;B01;1;7;0;2;1;1;1;
31420;202000020521;154 706 143;A01;2;7;0;1;2;13;1;
31421;202000020522;154 706 142;A01;3;7;0;1;1;1;1;
31422;202000020523;154 706 141;A01;1;2;0;0;7;1;1;
31423;202000020524;154 706 140;A01;1;7;2;0;1;1;1;
31424;202000020525;154 706 138;A01;2;7;0;2;8;1;1;
31425;202000020525;154 706 139;B01;1;37;0;2;1;1;1;16.0
31426;202000020526;154 706 136;B01;1;15;0;2;4;2;1;
31427;202000020526;154 706 137;A01;1;7;0;2;1;2;1;
31428;202000020527;154 706 134;B01;1;15;0;2;1;1;1;
31429;202000020527;154 706 135;A01;2;7;0;2;3;17;1;
31430;202000020528;154 706 132;A01;3;7;0;2;2;1;1;
31431;202000020528;154 706 133;B01;3;1;0;2;8;26;5;
31432;202000020529;154 706 129;C01;2;7;0;2;5;2;1;
31433;202000020529;154 706 130;B01;2;17;0;2;3;0;1;
31434;202000020529;154 706 131;A01;2;33;4;2;7;12;1;
31435;202000020530;154 706 128;A01;3;7;16;0;9;1;1;
31436;202000020531;154 706 126;B01;1;33;0;2;3;26;1;
31437;202000020531;154 706 127;A01;2;7;0;2;3;2;1;
31438;202000020532;154 706 124;A01;2;10;0;1;1;1;1;
31439;202000020532;154 706 125;B01;1;7;0;1;3;1;1;
31440;202000020533;154 706 122;A01;2;10;1;0;1;1;0;
31441;202000020533;154 706 123;B01;2;10;0;0;4;24;0;
31442;202000020534;154 706 121;A01;1;7;8;0;2;0;1;
31443;202000020535;154 706 119;A01;2;34;0;2;7;3;1;
31444;202000020535;154 706 120;B01;2;7;0;2;6;15;1;
31445;202000020536;154 706 117;A01;2;7;12;2;1;6;1;
31446;202000020536;154 706 118;B01;1;7;12;2;3;1;1;
31447;202000020537;154 706 116;A01;3;7;0;1;3;1;1;
31448;202000020538;154 706 113;B01;2;7;0;2;3;1;1;
31449;202000020538;154 706 114;A01;2;33;0;2;1;13;1;
31450;202000020539;154 706 111;A01;3;7;0;0;3;15;1;
31451;202000020539;154 706 112;B01;3;1;0;0;1;1;5;
31452;202000020540;154 706 110;A01;1;7;0;1;1;1;1;
31453;202000020541;154 706 108;A01;1;7;0;2;3;15;0;
31454;202000020541;154 706 109;B01;2;33;0;2;1;1;0;
31455;202000020542;154 706 107;A01;1;7;2;0;7;1;1;
31456;202000020543;154 706 102;B01;1;7;0;2;1;1;0;
31457;202000020543;154 706 103;A01;1;7;0;2;4;1;1;
31458;202000020544;154 706 100;A01;2;7;0;2;2;12;1;
31459;202000020544;154 706 101;B01;2;7;0;2;8;1;1;
31460;202000020545;154 706 097;C01;1;7;0;9;1;1;1;
31461;202000020545;154 706 098;B01;1;7;4;0;4;1;1;
31462;202000020545;154 706 099;A01;1;7;0;2;1;2;1;
31463;202000020546;154 706 094;A01;1;10;0;2;1;2;1;
31464;202000020546;154 706 095;B01;1;7;0;2;4;2;1;
31465;202000020546;154 706 096;C01;1;7;0;2;4;2;1;
31466;202000020547;154 706 092;A01;1;7;0;2;1;1;1;
31467;202000020547;154 706 093;B01;1;7;0;2;4;13;1;
31468;202000020548;154 706 090;B01;2;7;0;2;1;2;1;
31469;202000020548;154 706 091;A01;2;7;0;2;4;23;1;
31470;202000020549;154 706 088;A01;2;7;0;2;2;26;1;
31471;202000020549;154 706 089;B01;2;7;0;2;6;2;1;
31472;202000020550;154 706 086;B01;2;7;0;2;6;11;1;
31473;202000020550;154 706 087;A01;2;33;0;2;1;3;1;
31474;202000020551;154 706 084;A01;2;7;0;2;0;0;1;
31475;202000020551;154 706 085;B01;2;33;0;2;0;0;1;
31476;202000020552;154 706 082;A01;1;33;0;2;1;3;1;
31477;202000020552;154 706 083;B01;1;7;0;2;6;26;1;
31478;202000020553;154 706 080;A01;1;7;0;2;1;1;0;
31479;202000020553;154 706 081;B01;1;7;0;2;4;1;0;
31480;202000020554;154 706 076;A01;2;10;0;2;1;2;1;
31481;202000020554;154 706 077;B01;2;10;0;2;4;2;1;
31482;202000020554;154 706 078;C01;2;10;0;2;4;2;1;
31483;202000020554;154 706 079;D01;2;7;0;2;4;2;1;
31484;202000020555;154 706 074;A01;1;7;0;2;1;2;1;
31485;202000020555;154 706 075;B01;1;7;0;2;4;2;1;
31486;202000020556;154 706 071;C01;1;7;0;2;4;2;1;
31487;202000020556;154 706 072;B01;1;7;0;2;4;2;1;
31488;202000020556;154 706 073;A01;1;7;0;2;1;2;1;
31489;202000020557;154 706 069;B01;1;33;0;2;1;3;1;
31490;202000020557;154 706 070;A01;1;10;0;2;7;12;1;
31491;202000020558;154 706 067;B01;1;34;0;2;1;3;1;
31492;202000020558;154 706 068;A01;1;7;0;2;8;11;1;
31493;202000020559;154 706 065;A01;2;7;0;2;1;2;1;
31494;202000020559;154 706 066;B01;2;10;0;2;4;2;1;
31495;202000020560;154 706 063;A01;1;30;0;2;2;1;1;
31496;202000020560;154 706 064;B01;0;7;0;2;1;15;1;
31497;202000020561;154 706 060;A01;1;10;0;2;1;2;1;
31498;202000020561;154 706 061;B01;1;10;0;2;4;2;1;
31499;202000020561;154 706 062;C01;1;10;0;2;4;2;0;
31500;202000020562;154 706 058;A01;3;7;4;2;0;26;1;
31501;202000020562;154 706 059;B01;3;7;0;2;1;1;1;
31502;202000020563;154 706 056;B01;0;2;0;2;1;2;1;
31503;202000020563;154 706 057;A01;0;2;0;2;8;10;1;
31504;202000020564;154 706 054;B01;2;7;1;2;5;0;1;
31505;202000020564;154 706 055;A01;2;31;1;2;1;3;1;
31506;202000020565;154 706 053;A01;1;7;0;1;1;11;1;
31507;202000020567;154 706 047;C01;1;7;4;2;0;0;1;
31508;202000020567;154 706 048;D01;1;7;4;2;0;0;1;
31509;202000020567;154 706 049;B01;1;7;4;2;0;0;1;
31510;202000020567;154 706 050;A01;1;7;4;2;0;0;1;
31511;202000020568;154 706 044;A01;1;7;0;2;1;13;1;
31512;202000020568;154 706 045;B01;2;2;0;2;1;1;1;
31513;202000020569;154 706 042;A01;1;7;4;2;1;17;1;
31514;202000020569;154 706 043;B01;1;10;0;2;3;1;1;
31515;202000020570;154 706 041;A01;1;7;0;1;1;1;1;
31516;202000020571;154 706 039;A01;3;7;0;2;3;15;1;
31517;202000020571;154 706 040;B01;3;33;0;2;8;1;1;
31518;202000020572;154 706 037;A01;2;7;0;2;1;5;1;
31519;202000020572;154 706 038;B01;1;7;0;2;1;1;1;
31520;202000020573;154 706 036;A01;3;30;12;0;0;0;1;
31521;202000020574;154 706 035;A01;1;7;6;0;1;1;1;
31522;202000020575;154 706 034;A01;0;7;0;0;9;1;1;
31523;202000020576;154 706 033;A01;0;7;0;1;2;1;1;
31524;202000020577;154 706 032;A01;2;7;0;1;2;1;2;
31525;202000020578;154 706 031;A01;0;33;0;1;1;17;1;
31526;202000020579;154 706 029;A01;0;2;0;2;1;16;1;
31527;202000020579;154 706 030;B01;2;7;0;2;3;1;1;
31528;202000020580;154 706 027;B01;2;7;0;2;2;15;1;
31529;202000020580;154 706 028;A01;2;7;0;2;2;16;1;
31530;202000020581;154 706 026;A01;1;7;0;1;1;1;1;
31531;202000020582;154 706 024;B01;3;7;0;2;6;5;1;
31532;202000020582;154 706 025;A01;3;7;0;2;3;15;1;
31533;202000020584;154 706 021;B01;1;1;0;2;8;1;5;
31534;202000020584;154 706 022;A01;1;7;0;2;2;17;1;
31535;202000020585;154 706 019;B01;1;31;0;2;4;2;1;
31536;202000020585;154 706 020;A01;1;7;0;2;1;2;1;
31537;202000020586;154 706 017;A01;1;30;1;0;0;14;3;
31538;202000020586;154 706 018;B01;1;7;0;0;8;24;1;
31539;202000020587;154 706 015;A01;1;7;0;2;7;16;1;
31540;202000020587;154 706 016;B01;1;14;0;2;3;1;0;
31541;202000020588;154 706 013;B01;3;7;0;2;3;15;1;
31542;202000020588;154 706 014;A01;3;30;0;2;0;17;1;
31543;202000020589;154 706 012;A01;1;30;0;0;7;1;1;
31544;202000020590;154 706 011;A01;3;30;0;0;0;1;1;
31545;202000020591;154 706 009;B01;1;7;0;2;4;23;1;
31546;202000020591;154 706 010;A01;1;7;0;2;1;2;1;
31547;202000020592;154 706 007;A01;1;7;0;2;1;20;1;
31548;202000020592;154 706 008;M01;1;30;0;2;7;1;0;
31549;202000020593;154 706 005;A01;1;30;0;2;1;2;1;
31550;202000020593;154 706 006;B01;1;10;0;2;3;0;1;
31551;202000020594;154 706 003;A01;3;7;0;2;4;2;0;
31552;202000020594;154 706 004;B01;3;1;0;2;4;2;5;
31553;202000020595;154 706 001;B01;1;1;0;2;1;1;5;
31554;202000020595;154 706 002;A01;1;7;0;2;3;15;1;
31555;202000020596;154 705 999;B01;3;80;0;2;1;1;3;
31556;202000020596;154 706 000;A01;3;31;0;9;5;16;1;
31557;202000020597;154 705 994;C01;1;7;0;2;5;2;1;
31558;202000020597;154 705 995;B01;1;7;0;2;4;2;1;
31559;202000020597;154 705 996;A01;1;10;0;2;1;2;1;
31560;202000020597;154 705 997;E01;1;7;0;2;4;2;1;
31561;202000020597;154 705 998;D01;1;7;0;2;6;2;1;
31562;202000020598;154 705 993;A01;1;80;0;0;1;1;3;
31563;202000020599;154 705 991;A01;2;7;0;2;8;10;1;
31564;202000020599;154 705 992;B01;2;33;0;2;1;1;1;
31565;202000020600;154 705 989;A01;0;7;0;9;1;15;1;
31566;202000020600;154 705 990;B01;1;1;6;2;8;1;5;
31567;202000020601;154 705 987;B01;1;7;0;2;8;1;1;
31568;202000020601;154 705 988;A01;2;7;0;2;8;15;1;
31569;202000020602;154 705 985;A01;0;7;0;2;3;0;1;
31570;202000020602;154 705 986;Z01;0;7;6;2;1;5;1;
31571;202000020603;154 705 984;A01;0;2;0;0;3;1;1;
31572;202000020604;154 705 982;A01;1;20;0;2;3;21;1;
31573;202000020604;154 705 983;B01;1;20;0;2;5;1;1;
31574;202000020605;154 705 980;B01;1;7;16;0;4;15;0;
31575;202000020605;154 705 981;A01;1;7;0;2;1;26;0;
31576;202000020606;154 705 979;A01;3;7;0;1;1;1;1;
31577;202000020607;154 705 977;B01;1;7;0;2;6;23;1;
31578;202000020607;154 705 978;A01;1;33;0;2;1;1;1;
31579;202000020608;154 705 976;A01;2;99;8;0;1;13;1;
31580;202000020609;154 705 974;A01;3;16;0;2;7;13;1;
31581;202000020609;154 705 975;B01;0;33;0;2;1;1;1;
31582;202000020611;154 705 970;C01;2;7;0;2;4;2;1;
31583;202000020611;154 705 971;B01;2;10;0;2;4;2;1;
31584;202000020611;154 705 972;A01;2;7;0;2;1;2;1;
31585;202000020612;154 705 968;A01;2;7;0;2;4;4;1;
31586;202000020612;154 705 969;B01;2;1;0;2;2;1;5;
31587;202000020613;154 705 966;B01;2;7;0;2;1;1;6;
31588;202000020613;154 705 967;A01;1;7;0;2;1;13;1;
31589;202000020614;154 705 965;A01;3;7;0;0;2;14;1;
31590;202000020615;154 705 963;B01;1;1;0;2;0;2;5;
31591;202000020615;154 705 964;Z01;1;7;0;9;1;1;1;
31592;202000020617;154 705 959;A01;1;7;0;2;3;13;1;
31593;202000020617;154 705 960;B01;1;33;12;2;2;1;1;
31594;202000020618;154 705 957;B01;2;50;0;2;4;2;3;
31595;202000020618;154 705 958;A01;2;7;0;2;1;2;1;
31596;202000020620;154 705 952;C01;1;7;0;2;6;23;1;
31597;202000020620;154 705 953;B01;1;7;0;2;4;23;1;
31598;202000020620;154 705 954;A01;1;7;0;2;1;2;1;
31599;202000020621;154 705 950;A01;1;33;0;2;1;2;1;
31600;202000020621;154 705 951;B01;1;7;0;2;6;23;2;
31601;202000020622;154 705 949;A01;1;14;1;0;3;13;6;
31602;202000020623;154 705 947;B01;1;7;0;2;2;2;6;
31603;202000020623;154 705 948;A01;1;7;0;2;4;4;1;
31604;202000020625;154 705 943;A01;2;33;0;2;1;2;1;
31605;202000020625;154 705 944;B01;2;33;0;2;4;23;1;
31606;202000020625;154 705 945;C01;2;33;0;2;4;23;1;
31607;202000020627;154 705 940;A01;2;7;0;1;1;1;1;
31608;202000020628;154 705 939;A01;1;43;14;0;0;16;1;
31609;202000020629;154 705 938;A01;1;50;0;1;2;25;3;
31610;202000020632;154 705 934;A01;1;7;0;2;2;19;1;
31611;202000020632;154 705 935;B01;2;37;0;2;3;1;1;1.0
31612;202000020633;154 705 933;A01;3;7;0;1;1;1;1;
31613;202000020634;154 705 931;A01;1;7;0;2;7;19;1;
31614;202000020634;154 705 932;B01;2;32;0;2;1;1;1;
31615;202000020635;154 705 930;A01;0;37;0;1;2;21;6;1.0
31616;202000020637;154 705 926;A01;1;7;0;2;1;1;0;
31617;202000020637;154 705 927;B01;1;7;0;2;1;1;0;
31618;202000020638;154 705 925;A01;3;7;9;0;1;16;1;
31619;202000020639;154 705 922;C01;1;7;0;0;4;2;1;
31620;202000020639;154 705 923;B01;2;7;0;0;0;2;1;
31621;202000020639;154 705 924;A01;2;7;0;2;1;9;1;
31622;202000020640;154 705 920;A01;0;31;0;2;3;2;1;
31623;202000020640;154 705 921;B01;0;7;0;2;2;15;1;
31624;202000020641;154 705 918;A01;1;7;0;2;5;10;1;
31625;202000020641;154 705 919;B01;1;33;0;2;1;1;1;
31626;202000020643;154 705 914;A01;2;7;1;0;7;1;1;
31627;202000020643;154 705 915;B01;2;7;0;2;3;24;1;
31628;202000020645;154 705 911;A01;1;7;0;9;1;9;0;
31629;202000020645;154 705 912;AY01;2;1;0;2;8;1;0;
31630;202000020646;154 705 910;A01;2;7;8;1;1;9;1;
31631;202000020647;154 705 909;A01;1;30;0;1;7;18;1;
31632;202000020648;154 705 907;A01;1;7;0;9;8;19;1;
31633;202000020648;154 705 908;B01;2;60;0;2;1;1;5;
31634;202000020650;154 705 903;B01;1;7;13;2;9;1;1;
31635;202000020650;154 705 904;A01;3;7;2;2;7;2;1;
31636;202000020652;154 705 900;A01;1;33;6;0;1;19;1;
31637;202000020653;154 705 898;A01;2;33;0;2;1;14;1;
31638;202000020653;154 705 899;B01;2;7;0;0;6;0;1;
31639;202000020654;154 705 897;A01;1;7;0;1;4;4;1;
31640;202000020655;154 705 894;B01;1;80;0;0;4;25;3;
31641;202000020655;154 705 895;C01;2;7;0;9;2;1;1;
31642;202000020655;154 705 896;A01;1;7;3;2;2;25;1;
31643;202000020658;154 705 888;B01;3;1;0;9;0;1;5;
31644;202000020658;154 705 889;A01;3;1;0;0;8;13;5;
31645;202000020660;154 705 885;B01;2;1;0;2;6;15;5;
31646;202000020660;154 705 886;A01;2;1;0;9;1;1;5;
31647;202000020661;154 705 883;A01;3;7;0;2;3;15;0;
31648;202000020661;154 705 884;B01;0;33;0;2;3;1;1;
31649;202000020663;154 705 880;A01;1;7;2;0;1;1;1;
31650;202000020664;154 705 878;A01;1;7;0;2;3;1;1;
31651;202000020664;154 705 879;B01;2;7;0;2;3;1;1;
31652;202000020665;154 705 876;A01;1;33;0;2;3;13;1;
31653;202000020665;154 705 877;B01;2;7;0;2;3;1;1;
31654;202000020666;154 705 874;B01;1;21;0;2;3;15;1;
31655;202000020666;154 705 875;A01;1;2;0;2;7;17;1;
31656;202000020668;154 705 872;A01;1;7;0;0;2;1;1;
31657;202000020670;154 705 870;A01;1;7;3;0;9;1;1;
31658;202000020671;154 705 867;B01;2;31;0;2;3;1;1;
31659;202000020671;154 705 868;A01;1;7;9;2;3;1;1;
31660;202000020673;154 705 864;A01;2;7;0;2;5;1;1;
31661;202000020673;154 705 865;B01;3;1;0;2;1;19;5;
31662;202000020674;154 705 862;A01;2;33;0;2;8;13;1;
31663;202000020674;154 705 863;B01;1;33;0;2;8;1;1;
31664;202000020675;154 705 861;A01;1;7;13;0;9;13;1;
31665;202000020676;154 705 859;A01;1;2;0;0;4;15;1;
31666;202000020676;154 705 860;B01;2;7;0;0;2;1;1;
31667;202000020678;154 705 854;B01;3;7;0;0;4;23;1;
31668;202000020678;154 705 855;C01;3;7;0;2;4;23;1;
31669;202000020678;154 705 856;A01;3;7;0;2;1;1;1;
31670;202000020678;154 705 857;D01;3;7;0;2;4;23;1;
31671;202000020679;154 705 852;B01;0;7;6;2;1;13;1;
31672;202000020679;154 705 853;A01;0;7;0;0;8;13;1;
31673;202000020680;154 705 850;B01;3;1;0;2;1;1;5;
31674;202000020680;154 705 851;A01;3;7;0;2;6;1;1;
31675;202000020681;154 705 848;A01;2;7;0;2;3;15;1;
31676;202000020681;154 705 849;B01;1;1;0;2;1;1;5;
31677;202000020682;154 705 847;A01;1;33;0;6;3;1;1;
31678;202000020684;154 705 843;B01;1;7;0;2;4;0;0;
31679;202000020684;154 705 844;A01;1;7;0;2;1;0;0;
31680;202000020685;154 705 841;A01;2;7;15;2;5;0;0;
31681;202000020685;154 705 842;B01;2;7;0;2;3;1;1;
31682;202000020686;154 705 839;B01;2;33;0;2;1;1;1;
31683;202000020686;154 705 840;A01;1;7;0;0;1;5;1;
31684;202000020687;154 705 838;A01;2;7;16;0;9;14;1;
31685;202000020689;154 705 834;A01;1;7;0;2;8;1;1;
31686;202000020689;154 705 835;B01;2;1;0;2;8;1;6;
31687;202000020690;154 705 833;A01;1;33;8;0;7;17;1;
31688;202000020691;154 705 831;B01;0;20;0;2;3;1;1;
31689;202000020691;154 705 832;A01;0;31;0;2;1;19;1;
31690;202000020693;154 705 828;A01;1;99;0;2;1;9;3;
31691;202000020693;154 705 829;B01;1;15;0;2;2;1;1;
31692;202000020694;154 705 826;A01;2;33;0;2;1;1;1;
31693;202000020694;154 705 827;B01;2;7;0;2;6;9;1;
31694;202000020695;154 705 824;B01;2;7;4;2;3;1;1;
31695;202000020695;154 705 825;A01;1;7;4;2;3;5;1;
31696;202000020696;154 705 821;A01;2;33;0;0;4;1;1;
31697;202000020697;154 705 819;A01;2;7;0;2;3;15;1;
31698;202000020697;154 705 820;B01;1;7;0;2;3;1;1;
31699;202000020698;154 705 818;A01;1;2;16;0;7;1;1;
31700;202000020699;154 705 817;A01;2;7;13;0;2;1;1;
31701;202000020700;154 705 816;A01;2;33;13;0;1;0;1;
31702;202000020701;154 705 814;B01;1;7;0;2;7;12;1;
31703;202000020701;154 705 815;A01;1;33;0;2;8;3;1;
31704;202000020702;154 705 812;B01;2;33;0;2;2;3;1;
31705;202000020702;154 705 813;A01;2;7;0;2;6;1;1;
31706;202000020703;154 705 810;A01;2;7;0;2;8;11;1;
31707;202000020703;154 705 811;B01;2;43;0;2;7;1;1;
31708;202000020704;154 705 808;B01;2;7;0;2;4;2;1;
31709;202000020704;154 705 809;A01;2;7;0;2;1;2;1;
31710;202000020705;154 705 806;B01;1;7;0;2;4;2;1;
31711;202000020705;154 705 807;A01;1;7;0;2;1;2;1;
31712;202000020707;154 705 800;A01;1;10;0;2;2;14;1;
31713;202000020707;154 705 801;C01;1;15;0;2;6;1;1;
31714;202000020707;154 705 802;B01;1;32;0;2;1;3;1;
31715;202000020708;154 705 797;C01;2;7;0;2;4;2;1;
31716;202000020708;154 705 798;B01;2;10;0;2;4;2;1;
31717;202000020708;154 705 799;A01;2;7;0;2;1;2;1;
31718;202000020709;154 705 796;A01;1;7;3;0;2;26;1;
31719;202000020710;154 705 795;A01;2;7;0;0;9;26;1;
31720;202000020711;154 705 794;A01;2;33;0;0;8;21;1;
31721;202000020712;154 705 793;A01;3;35;0;0;0;26;1;
31722;202000020714;154 705 790;A01;2;33;13;0;1;1;1;
31723;202000020715;154 705 789;A01;1;30;0;0;8;1;1;
31724;202000020716;154 705 787;A01;2;7;0;9;1;26;0;
31725;202000020716;154 705 788;B01;1;1;0;2;4;25;0;
31726;202000020717;154 705 785;A01;2;7;0;2;2;10;1;
31727;202000020717;154 705 786;B01;0;33;0;2;1;2;0;
31728;202000020718;154 705 783;B01;3;31;0;2;1;2;1;
31729;202000020718;154 705 784;A01;3;7;0;2;4;26;1;
31730;202000020719;154 705 781;A01;2;10;0;2;3;13;1;
31731;202000020719;154 705 782;B01;2;33;0;2;1;1;1;
31732;202000020720;154 705 779;A01;3;7;0;2;8;9;1;
31733;202000020720;154 705 780;B01;1;1;0;2;1;1;5;
31734;202000020721;154 705 778;A01;3;30;1;1;3;26;0;
31735;202000020722;154 705 776;B01;0;7;0;2;1;2;1;
31736;202000020722;154 705 777;A01;0;7;0;2;2;20;0;
31737;202000020723;154 705 774;B01;3;10;0;2;1;1;1;
31738;202000020723;154 705 775;A01;3;33;0;2;2;1;1;
31739;202000020724;154 705 772;A01;1;7;1;0;3;10;1;
31740;202000020724;154 705 773;B01;2;7;0;2;6;24;1;
31741;202000020725;154 705 771;A01;1;30;0;0;0;1;1;
31742;202000020726;154 705 769;A01;3;33;0;2;1;1;1;
31743;202000020726;154 705 770;B01;3;10;0;2;8;1;1;
31744;202000020727;154 705 768;A01;1;30;0;0;0;14;1;
31745;202000020728;154 705 767;A01;0;7;0;1;1;1;1;
31746;202000020729;154 705 765;B01;2;33;0;2;1;1;-1;
31747;202000020729;154 705 766;A01;2;13;0;2;4;23;-1;
31748;202000020730;154 705 761;B01;1;15;0;2;4;23;-1;
31749;202000020730;154 705 762;A01;1;7;0;2;1;1;-1;
31750;202000020731;154 705 759;A01;1;7;0;2;1;1;0;
31751;202000020731;154 705 760;B01;1;7;0;2;4;1;0;
31752;202000020732;154 705 753;A01;2;7;0;2;1;13;1;
31753;202000020732;154 705 754;B01;1;10;0;2;7;13;1;
31754;202000020733;154 705 751;B01;3;2;0;2;1;2;1;
31755;202000020733;154 705 752;A01;3;7;0;2;4;23;1;
31756;202000020734;154 705 749;A01;0;7;0;2;1;1;1;
31757;202000020734;154 705 750;B01;0;7;0;2;1;0;1;
31758;202000020735;154 705 746;C01;-1;7;0;2;1;0;1;
31759;202000020735;154 705 747;A01;-1;7;0;2;1;1;1;
31760;202000020735;154 705 748;B01;-1;7;0;2;1;0;1;
31761;202000020736;154 705 745;A01;1;7;0;1;1;1;1;
31762;202000020737;154 705 744;A01;1;10;0;1;4;4;0;
31763;202000020738;154 705 742;A01;1;7;0;2;2;16;1;
31764;202000020738;154 705 743;B01;1;1;0;2;1;1;5;
31765;202000020739;154 705 740;A01;3;1;0;2;0;1;5;
31766;202000020739;154 705 741;Z01;3;7;0;9;0;0;1;
31767;202000020740;154 705 738;A01;1;7;0;9;1;16;1;
31768;202000020740;154 705 739;B01;3;1;0;2;8;19;0;
31769;202000020741;154 705 735;A01;1;7;0;2;3;13;1;
31770;202000020741;154 705 736;B01;2;7;0;2;3;1;1;
31771;202000020741;154 705 737;C01;1;7;0;2;3;1;1;
31772;202000020743;154 705 731;B01;0;7;0;2;3;1;1;
31773;202000020743;154 705 732;A01;0;32;0;2;1;19;1;
31774;202000020744;154 705 729;B01;2;7;0;2;6;15;1;
31775;202000020744;154 705 730;A01;2;33;0;2;8;21;1;
31776;202000020745;154 705 727;B01;3;7;0;2;3;1;1;
31777;202000020745;154 705 728;A01;3;30;0;2;3;13;1;
31778;202000020746;154 705 726;A01;1;7;0;1;3;1;1;
31779;202000020747;154 705 724;A01;1;7;0;2;2;13;1;
31780;202000020747;154 705 725;B01;2;7;0;2;2;1;1;
31781;202000020748;154 705 722;B01;2;1;0;2;1;9;5;
31782;202000020748;154 705 723;A01;1;7;0;2;2;1;1;
31783;202000020749;154 705 721;A01;3;7;0;1;4;4;0;
31784;202000020750;154 705 719;B01;2;30;0;0;0;21;1;
31785;202000020750;154 705 720;A01;1;7;0;0;0;9;1;
31786;202000020751;154 705 717;B01;3;1;1;0;1;1;0;
31787;202000020751;154 705 718;A01;3;7;0;0;0;23;1;
31788;202000020754;154 705 711;A01;1;7;0;2;1;2;1;
31789;202000020754;154 705 712;B01;1;33;0;2;4;1;1;
31790;202000020755;154 705 710;A01;2;7;6;0;1;1;1;
31791;202000020756;154 705 709;A01;0;32;13;0;7;13;1;
31792;202000020757;154 705 707;A01;1;80;0;2;9;0;3;
31793;202000020757;154 705 708;B01;1;7;0;2;3;0;1;
31794;202000020758;154 705 705;B01;3;2;0;2;1;1;1;
31795;202000020758;154 705 706;A01;3;7;0;2;3;15;1;
31796;202000020759;154 705 703;B01;0;1;0;2;1;10;0;
31797;202000020759;154 705 704;A01;0;30;0;2;1;17;1;
31798;202000020760;154 705 700;A01;3;7;0;2;3;14;1;
31799;202000020760;154 705 701;B01;3;2;0;2;3;2;1;
31800;202000020760;154 705 702;C01;3;7;0;2;6;2;1;
31801;202000020761;154 705 698;A01;2;7;0;2;3;9;1;
31802;202000020761;154 705 699;B01;2;30;0;2;3;1;1;
31803;202000020762;154 705 696;A01;2;10;0;2;0;0;1;
31804;202000020762;154 705 697;B01;1;7;0;2;1;13;1;
31805;202000020763;154 705 694;A01;1;7;0;2;1;1;1;
31806;202000020763;154 705 695;B01;1;7;0;2;4;1;1;
31807;202000020764;154 705 693;A01;2;7;0;0;1;14;1;
31808;202000020765;154 705 692;A01;2;31;0;0;6;26;1;
31809;202000020766;154 705 687;A01;1;7;0;2;1;19;1;
31810;202000020766;154 705 688;B01;1;7;9;0;8;1;1;
31811;202000020767;154 705 685;A01;2;30;14;2;7;15;1;
31812;202000020767;154 705 686;B01;1;7;0;2;1;1;1;
31813;202000020768;154 705 684;A01;1;1;0;1;1;1;5;
31814;202000020769;154 705 682;A01;3;1;0;2;1;19;5;
31815;202000020769;154 705 683;B01;1;7;0;2;3;1;1;
31816;202000020770;154 705 681;Z01;0;7;0;1;0;26;0;
31817;202000020772;154 705 678;A01;0;33;0;0;9;0;1;