;Num_Acc;id_vehicule;num_veh;senc;catv;obs;obsm;choc;manv;motor;occutc
31818;202000020774;154 705 674;A01;3;10;0;2;1;15;0;
31819;202000020774;154 705 675;B01;3;1;0;2;1;26;5;
31820;202000020775;154 705 673;A01;0;7;13;0;2;21;1;
31821;202000020776;154 705 671;B01;3;7;0;0;2;1;1;
31822;202000020776;154 705 672;A01;3;35;0;2;3;11;1;
31823;202000020777;154 705 669;B01;3;7;0;0;4;23;1;
31824;202000020777;154 705 670;A01;3;30;0;2;1;1;1;
31825;202000020778;154 705 668;A01;1;7;0;1;3;15;1;
31826;202000020779;154 705 667;A01;2;7;11;1;1;17;1;
31827;202000020780;154 705 665;A01;3;7;0;2;3;1;1;
31828;202000020780;154 705 666;B01;1;7;0;2;7;0;1;
31829;202000020781;154 705 663;A01;2;7;0;2;2;1;1;
31830;202000020781;154 705 664;B01;1;32;0;2;1;16;1;
31831;202000020782;154 705 661;A01;3;7;0;2;3;26;1;
31832;202000020782;154 705 662;B01;2;1;0;2;1;1;0;
31833;202000020783;154 705 659;B01;1;60;0;2;1;1;5;
31834;202000020783;154 705 660;A01;1;7;0;2;1;1;1;
31835;202000020785;154 705 655;B01;3;7;0;2;4;1;1;
31836;202000020785;154 705 656;Z01;3;7;0;2;1;1;0;
31837;202000020786;154 705 654;A01;1;33;5;0;8;1;1;
31838;202000020787;154 705 652;B01;1;2;0;2;1;1;1;
31839;202000020787;154 705 653;A01;2;7;0;2;2;1;1;
31840;202000020788;154 705 650;A01;0;7;0;2;2;1;1;
31841;202000020788;154 705 651;B01;3;7;0;2;4;1;1;
31842;202000020789;154 705 648;B01;1;1;0;2;2;16;0;
31843;202000020789;154 705 649;A01;1;7;0;2;3;1;3;
31844;202000020790;154 705 646;B01;1;50;0;2;1;2;3;
31845;202000020790;154 705 647;A01;1;7;0;2;7;15;1;
31846;202000020791;154 705 644;B01;2;7;0;2;1;1;1;
31847;202000020791;154 705 645;A01;1;7;2;2;1;13;1;
31848;202000020792;154 705 642;A01;1;2;0;2;1;1;1;
31849;202000020792;154 705 643;B01;1;7;0;2;7;16;1;
31850;202000020794;154 705 639;A01;2;7;0;2;3;9;1;
31851;202000020794;154 705 640;B01;1;1;0;2;1;1;5;
31852;202000020795;154 705 637;B01;1;7;0;2;4;1;1;
31853;202000020795;154 705 638;A01;1;7;0;2;1;1;1;
31854;202000020796;154 705 636;A01;1;7;0;1;7;15;1;
31855;202000020797;154 705 634;A01;2;30;0;2;3;3;1;
31856;202000020797;154 705 635;B01;2;7;0;2;5;23;1;
31857;202000020798;154 705 633;A01;1;7;0;1;3;15;1;
31858;202000020799;154 705 631;B01;1;7;0;2;5;0;1;
31859;202000020799;154 705 632;A01;1;2;0;2;9;0;1;
31860;202000020800;154 705 629;B01;1;7;0;2;7;0;1;
31861;202000020800;154 705 630;A01;1;7;0;2;1;0;1;
31862;202000020801;154 705 627;B01;1;7;0;2;1;0;1;
31863;202000020801;154 705 628;A01;1;7;0;2;8;0;1;
31864;202000020802;154 705 625;A01;2;7;0;2;2;12;1;
31865;202000020802;154 705 626;B01;2;7;0;2;0;1;1;
31866;202000020804;154 705 619;A01;1;50;0;2;7;19;3;
31867;202000020804;154 705 620;B01;2;7;0;9;1;16;1;
31868;202000020805;154 705 618;A01;3;7;9;0;1;26;6;
31869;202000020806;154 705 616;A01;1;7;0;2;7;1;1;
31870;202000020806;154 705 617;B01;1;7;0;2;1;1;1;
31871;202000020807;154 705 614;B01;2;7;0;2;4;2;1;
31872;202000020807;154 705 615;A01;2;7;0;2;1;2;1;
31873;202000020808;154 705 613;A01;1;30;8;0;1;21;1;
31874;202000020809;154 705 611;A01;0;7;4;2;4;1;1;
31875;202000020809;154 705 612;B01;0;7;0;2;1;2;-1;
31876;202000020811;154 705 608;A01;1;7;1;1;1;2;1;
31877;202000020812;154 705 606;A01;2;21;0;2;5;2;1;
31878;202000020812;154 705 607;B01;2;1;0;2;1;2;5;
31879;202000020813;154 705 604;B01;2;1;0;2;4;1;5;
31880;202000020813;154 705 605;A01;1;7;0;2;3;15;1;
31881;202000020815;154 705 600;B01;2;1;0;2;8;26;5;
31882;202000020815;154 705 601;A01;2;15;0;2;7;1;1;
31883;202000020816;154 705 598;A01;1;7;0;2;7;15;1;
31884;202000020816;154 705 599;B01;2;2;0;2;1;1;1;
31885;202000020817;154 705 597;A01;1;10;2;0;1;13;1;
31886;202000020818;154 705 595;A01;2;7;0;2;3;9;1;
31887;202000020818;154 705 596;B01;2;7;0;2;2;1;1;
31888;202000020819;154 705 594;B01;0;2;0;2;3;26;0;
31889;202000020820;154 705 592;B01;0;7;0;0;6;1;1;
31890;202000020820;154 705 593;A01;0;7;0;2;1;1;1;
31891;202000020821;154 705 590;B01;2;7;0;2;3;1;1;
31892;202000020821;154 705 591;A01;2;30;0;2;1;17;1;
31893;202000020822;154 705 589;Z01;1;7;0;1;2;1;1;
31894;202000020824;154 705 585;B01;2;7;0;2;3;1;1;
31895;202000020824;154 705 586;A01;1;7;0;2;3;13;1;
31896;202000020825;154 705 583;B01;2;7;0;2;3;1;1;
31897;202000020825;154 705 584;Z01;2;1;0;2;1;1;5;
31898;202000020826;154 705 581;B01;3;2;0;4;8;0;1;
31899;202000020826;154 705 582;A01;3;39;0;2;1;26;2;
31900;202000020827;154 705 579;B01;1;2;0;2;1;17;1;
31901;202000020827;154 705 580;A01;1;3;0;2;6;23;1;
31902;202000020828;154 705 577;Z01;3;7;0;2;1;15;0;
31903;202000020828;154 705 578;A01;3;33;0;2;8;15;0;
31904;202000020829;154 705 575;B01;1;10;0;2;6;1;1;
31905;202000020829;154 705 576;A01;2;7;0;2;3;13;1;
31906;202000020830;154 705 573;B01;2;7;0;2;1;1;1;
31907;202000020830;154 705 574;A01;2;7;0;2;3;9;1;
31908;202000020831;154 705 571;B01;3;7;0;2;3;1;1;
31909;202000020831;154 705 572;A01;1;7;0;2;1;1;1;
31910;202000020832;154 705 569;B01;1;7;0;2;5;2;1;
31911;202000020832;154 705 570;A01;1;2;0;2;1;2;1;
31912;202000020834;154 705 567;A01;1;30;0;1;1;17;1;
31913;202000020835;154 705 565;A01;1;10;0;2;1;16;1;
31914;202000020835;154 705 566;B01;1;32;0;2;8;1;1;
31915;202000020836;154 705 563;A01;0;10;0;1;6;4;1;
31916;202000020837;154 705 562;Z01;1;32;0;1;1;16;1;
31917;202000020838;154 705 560;A01;2;1;0;2;2;1;5;
31918;202000020838;154 705 561;Z01;1;7;0;2;1;16;1;
31919;202000020839;154 705 558;B01;1;37;0;2;5;11;1;1.0
31920;202000020839;154 705 559;A01;1;1;16;2;6;13;5;
31921;202000020841;154 705 555;A01;1;7;1;0;2;14;1;
31922;202000020842;154 705 553;B01;1;1;0;2;5;1;5;
31923;202000020842;154 705 554;A01;1;7;0;2;3;9;1;
31924;202000020843;154 705 552;A01;1;10;0;1;1;15;1;
31925;202000020845;154 705 549;A01;1;33;0;1;2;1;1;
31926;202000020846;154 705 548;A01;2;50;0;1;8;1;3;
31927;202000020847;154 705 547;A01;1;7;2;0;1;14;1;
31928;202000020848;154 705 545;A01;1;7;0;2;8;10;1;
31929;202000020848;154 705 546;B01;1;34;0;2;7;1;1;
31930;202000020849;154 705 543;B01;3;33;0;2;1;1;1;
31931;202000020849;154 705 544;A01;3;1;0;2;2;1;5;
31932;202000020850;154 705 542;A01;1;7;0;1;1;1;1;
31933;202000020851;154 705 541;A01;1;7;0;1;6;1;2;
31934;202000020853;154 705 539;A01;1;7;0;1;1;1;1;
31935;202000020854;154 705 537;B01;1;1;0;2;3;25;5;
31936;202000020854;154 705 538;A01;2;7;0;9;2;9;1;
31937;202000020855;154 705 536;A01;1;7;0;1;2;1;1;
31938;202000020856;154 705 534;B01;2;33;0;2;1;2;1;
31939;202000020856;154 705 535;A01;1;7;0;2;5;10;1;
31940;202000020857;154 705 532;B01;1;7;0;2;8;1;1;
31941;202000020857;154 705 533;A01;2;7;0;2;1;15;1;
31942;202000020859;154 705 529;A01;3;99;0;1;4;20;0;
31943;202000020860;154 705 527;B01;2;7;0;2;3;15;1;
31944;202000020860;154 705 528;A01;2;34;0;2;2;17;1;
31945;202000020861;154 705 526;A01;2;7;0;0;0;22;1;
31946;202000020862;154 705 524;B01;0;33;0;2;8;3;1;
31947;202000020862;154 705 525;A01;0;7;0;2;2;1;1;
31948;202000020863;154 705 522;A01;-1;7;0;2;1;15;0;
31949;202000020863;154 705 523;B01;-1;50;0;2;8;19;3;
31950;202000020864;154 705 520;B01;1;7;0;0;4;1;1;
31951;202000020864;154 705 521;A01;1;7;0;0;1;1;0;
31952;202000020865;154 705 518;A01;1;34;0;2;4;15;1;
31953;202000020865;154 705 519;B01;1;7;0;2;1;2;1;
31954;202000020867;154 705 512;A01;2;0;0;2;1;1;0;
31955;202000020867;154 705 513;B01;2;7;0;2;4;1;0;
31956;202000020867;154 705 514;C01;2;7;0;2;4;1;0;
31957;202000020867;154 705 515;D01;2;7;0;2;4;1;0;
31958;202000020868;154 705 510;A01;0;99;0;2;1;1;1;
31959;202000020868;154 705 511;B01;3;7;0;2;3;1;1;
31960;202000020869;154 705 508;A01;3;7;0;2;1;1;1;
31961;202000020869;154 705 509;B01;3;30;0;2;4;23;1;
31962;202000020870;154 705 506;A01;2;7;0;9;3;15;0;
31963;202000020870;154 705 507;B01;2;31;0;2;5;1;0;
31964;202000020871;154 705 504;B01;1;80;0;2;2;1;3;
31965;202000020871;154 705 505;A01;1;7;0;2;0;13;1;
31966;202000020872;154 705 503;A01;1;33;0;1;1;1;1;
31967;202000020873;154 705 501;A01;2;33;0;2;1;18;1;
31968;202000020873;154 705 502;B01;2;7;0;2;2;16;1;
31969;202000020874;154 705 499;B01;2;17;0;2;3;1;1;
31970;202000020874;154 705 500;A01;1;7;0;2;3;13;1;
31971;202000020876;154 705 496;A01;1;7;5;0;2;0;1;
31972;202000020877;154 705 494;B01;2;7;0;2;3;13;1;
31973;202000020877;154 705 495;A01;1;7;0;2;3;1;1;
31974;202000020878;154 705 491;C01;2;1;0;1;8;1;5;
31975;202000020878;154 705 492;A01;1;33;0;2;1;13;1;
31976;202000020878;154 705 493;B01;2;7;0;2;3;1;1;
31977;202000020879;154 705 489;B01;2;33;0;2;1;1;1;
31978;202000020879;154 705 490;A01;2;7;0;2;2;15;1;
31979;202000020881;154 705 486;A01;3;7;16;0;0;13;1;
31980;202000020882;154 705 485;A01;1;7;0;1;1;1;1;
31981;202000020883;154 705 483;B01;1;10;0;0;4;1;1;
31982;202000020883;154 705 484;A01;1;31;0;2;1;1;1;
31983;202000020884;154 705 482;A01;1;7;0;0;0;1;1;
31984;202000020886;154 705 479;A01;2;7;8;0;3;0;1;
31985;202000020887;154 705 478;A01;1;7;6;0;2;1;0;
31986;202000020888;154 705 476;B01;2;1;0;2;5;1;5;
31987;202000020888;154 705 477;A01;2;7;0;9;3;9;3;
31988;202000020889;154 705 474;B01;2;7;0;2;3;1;1;
31989;202000020889;154 705 475;A01;1;2;0;2;7;6;1;
31990;202000020890;154 705 472;B01;1;7;0;2;1;5;0;
31991;202000020890;154 705 473;A01;2;7;0;2;1;5;0;
31992;202000020891;154 705 469;A01;2;7;0;2;1;13;1;
31993;202000020891;154 705 470;B01;1;7;0;2;1;1;1;
31994;202000020892;154 705 467;B01;0;7;0;2;2;1;1;
31995;202000020892;154 705 468;A01;0;7;0;2;3;1;1;
31996;202000020893;154 705 465;A01;2;7;0;2;3;13;1;
31997;202000020893;154 705 466;B01;1;7;0;2;3;1;1;
31998;202000020894;154 705 463;B01;2;33;0;2;1;1;1;
31999;202000020894;154 705 464;A01;1;7;0;2;3;19;1;
32000;202000020895;154 705 462;A01;2;7;13;0;3;16;1;
32001;202000020896;154 705 461;A01;2;2;13;0;7;0;1;
32002;202000020897;154 705 459;A01;3;7;0;2;1;16;6;
32003;202000020897;154 705 460;B01;3;2;0;2;1;1;6;
32004;202000020898;154 705 458;A01;2;7;7;0;1;0;0;
32005;202000020899;154 705 457;A01;2;36;9;0;1;1;1;
32006;202000020900;154 705 455;B01;1;21;0;2;3;1;1;
32007;202000020900;154 705 456;A01;2;33;0;2;1;13;1;
32008;202000020901;154 705 454;A01;2;7;5;9;2;1;0;
32009;202000020903;154 705 451;A01;3;10;0;1;1;15;1;
32010;202000020904;154 705 449;B01;2;7;0;2;2;1;1;
32011;202000020904;154 705 450;A01;1;7;0;2;7;17;1;
32012;202000020905;154 705 448;A01;2;7;13;0;1;1;1;
32013;202000020906;154 705 447;A01;1;7;13;0;2;1;1;
32014;202000020907;154 705 445;A01;2;7;0;2;2;2;1;
32015;202000020907;154 705 446;B01;2;7;0;0;6;2;1;
32016;202000020909;154 705 442;A01;1;33;0;0;3;16;1;
32017;202000020910;154 705 440;B01;2;7;0;2;2;0;1;
32018;202000020910;154 705 441;A01;1;7;0;2;8;1;1;
32019;202000020911;154 705 439;A01;3;7;0;0;9;1;1;
32020;202000020912;154 705 438;A01;1;7;13;0;9;0;1;
32021;202000020913;154 705 437;A01;3;7;0;1;4;20;1;
32022;202000020914;154 705 436;A01;1;7;0;1;2;1;1;
32023;202000020915;154 705 435;A01;2;33;0;0;7;1;1;
32024;202000020916;154 705 433;A01;1;7;0;2;1;1;1;
32025;202000020916;154 705 434;B01;1;7;0;0;4;1;1;
32026;202000020917;154 705 432;A01;1;33;0;0;2;17;1;
32027;202000020918;154 705 430;A01;1;33;13;0;1;13;1;
32028;202000020920;154 705 427;B01;2;7;0;2;8;15;1;
32029;202000020920;154 705 428;A01;2;31;0;2;2;0;1;
32030;202000020921;154 705 425;A01;1;1;0;0;0;0;5;
32031;202000020922;154 705 423;A01;2;7;0;2;3;15;1;
32032;202000020922;154 705 424;B01;2;33;0;2;1;17;1;
32033;202000020923;154 705 421;A01;2;7;0;2;3;1;1;
32034;202000020923;154 705 422;B01;1;7;0;2;3;1;1;
32035;202000020924;154 705 418;C01;1;7;0;2;1;0;1;
32036;202000020924;154 705 419;B01;1;7;0;2;4;0;1;
32037;202000020924;154 705 420;A01;1;7;0;2;4;0;1;
32038;202000020926;154 705 413;A01;2;32;0;2;1;3;1;
32039;202000020926;154 705 414;B01;2;7;0;2;4;1;1;
32040;202000020928;154 705 407;B01;2;7;0;2;4;2;1;
32041;202000020928;154 705 408;A01;2;7;0;2;1;1;1;
32042;202000020929;154 705 404;A01;2;7;0;2;1;2;1;
32043;202000020929;154 705 405;B01;2;7;0;2;4;1;1;
32044;202000020929;154 705 406;C01;2;10;0;2;4;2;1;
32045;202000020930;154 705 402;A01;1;7;0;2;8;11;1;
32046;202000020930;154 705 403;B01;1;7;0;2;2;1;1;
32047;202000020933;154 705 396;B01;3;7;0;2;0;0;1;
32048;202000020933;154 705 397;A01;3;7;0;2;1;1;1;
32049;202000020934;154 705 393;A01;2;7;0;2;1;1;1;
32050;202000020934;154 705 394;C01;2;7;0;2;4;1;1;
32051;202000020934;154 705 395;B01;2;7;0;2;4;1;1;
32052;202000020935;154 705 391;B01;1;7;0;2;4;0;1;
32053;202000020935;154 705 392;A01;2;10;15;0;1;26;1;
32054;202000020936;154 705 389;A01;1;7;0;2;1;0;1;
32055;202000020936;154 705 390;B01;1;7;0;2;4;2;1;
32056;202000020937;154 705 386;C01;2;10;0;2;4;1;1;
32057;202000020937;154 705 387;B01;2;7;0;2;6;23;1;
32058;202000020937;154 705 388;A01;2;7;0;2;1;1;1;
32059;202000020938;154 705 382;D01;2;7;0;2;6;1;1;
32060;202000020938;154 705 383;C01;2;43;0;2;1;1;1;
32061;202000020938;154 705 384;B01;2;7;0;2;4;1;1;
32062;202000020938;154 705 385;A01;2;34;0;2;1;3;1;
32063;202000020939;154 705 379;C01;1;7;0;2;2;1;1;
32064;202000020939;154 705 380;B01;1;32;0;2;4;2;1;
32065;202000020939;154 705 381;A01;1;33;0;2;1;2;1;
32066;202000020940;154 705 375;A01;2;10;0;2;1;2;1;
32067;202000020940;154 705 376;D01;2;7;0;2;4;2;1;
32068;202000020940;154 705 377;C01;2;7;0;2;4;2;1;
32069;202000020940;154 705 378;B01;2;7;0;2;4;2;1;
32070;202000020941;154 705 371;A01;1;10;0;2;7;1;1;
32071;202000020941;154 705 372;C01;3;10;0;2;1;0;0;
32072;202000020941;154 705 373;B01;1;10;0;2;1;3;1;
32073;202000020943;154 705 366;A01;1;32;0;2;1;9;1;
32074;202000020943;154 705 367;B01;3;7;0;2;7;9;1;
32075;202000020943;154 705 368;C01;1;7;0;2;6;0;0;
32076;202000020943;154 705 369;D01;1;7;0;2;2;0;1;
32077;202000020944;154 705 364;B01;1;7;0;2;6;19;0;
32078;202000020944;154 705 365;A01;1;33;0;2;1;26;1;
32079;202000020945;154 705 362;B01;0;32;0;2;7;16;1;
32080;202000020945;154 705 363;A01;0;2;0;2;8;2;1;
32081;202000020947;154 705 359;B01;1;7;0;2;3;15;1;
32082;202000020947;154 705 360;A01;1;2;0;2;2;15;1;
32083;202000020948;154 705 357;A01;2;10;0;2;4;20;1;
32084;202000020948;154 705 358;B01;2;1;0;2;1;0;6;
32085;202000020949;154 705 355;B01;2;1;0;2;1;2;0;
32086;202000020949;154 705 356;A01;2;7;0;2;3;15;1;
32087;202000020950;154 705 354;A01;1;7;0;1;2;1;0;
32088;202000020951;154 705 353;A01;3;40;0;1;1;1;3;
32089;202000020952;154 705 352;A01;2;7;0;1;1;1;1;
32090;202000020953;154 705 350;B01;3;2;0;2;0;0;1;
32091;202000020953;154 705 351;A01;2;10;0;2;6;9;1;
32092;202000020954;154 705 349;A01;2;7;0;1;2;15;0;
32093;202000020955;154 705 347;B01;1;7;0;2;3;1;1;
32094;202000020955;154 705 348;A01;1;7;0;2;2;19;1;
32095;202000020956;154 705 346;A01;1;7;0;1;2;1;0;
32096;202000020957;154 705 345;A01;1;99;0;1;0;26;0;
32097;202000020958;154 705 344;A01;1;3;8;0;8;13;1;
32098;202000020959;154 705 342;A01;1;7;0;9;3;10;1;
32099;202000020959;154 705 343;B01;1;1;0;2;1;1;0;
32100;202000020960;154 705 340;B01;3;1;0;2;4;1;0;
32101;202000020960;154 705 341;A01;3;7;0;2;1;9;1;
32102;202000020961;154 705 338;A01;3;7;0;2;1;9;1;
32103;202000020961;154 705 339;B01;3;1;0;2;7;1;5;
32104;202000020962;154 705 337;A01;2;7;0;1;1;9;1;
32105;202000020963;154 705 332;A01;2;7;0;1;1;1;1;
32106;202000020964;154 705 330;B01;1;7;0;2;4;13;1;
32107;202000020964;154 705 331;A01;1;10;0;2;1;26;0;
32108;202000020965;154 705 329;A01;3;7;0;1;1;1;1;
32109;202000020966;154 705 327;A01;3;7;0;2;3;15;1;
32110;202000020966;154 705 328;B01;3;33;0;2;1;1;1;
32111;202000020967;154 705 326;A01;2;7;0;1;2;16;1;
32112;202000020968;154 705 324;A01;2;7;0;2;1;1;1;
32113;202000020968;154 705 325;B01;2;7;0;2;4;1;1;
32114;202000020970;154 705 321;B01;0;7;0;2;0;0;1;
32115;202000020970;154 705 322;A01;3;7;0;2;2;26;1;
32116;202000020971;154 705 320;A01;1;10;0;1;2;26;1;
32117;202000020972;154 705 318;A01;1;10;0;2;1;1;0;
32118;202000020972;154 705 319;B01;1;7;0;2;3;15;0;
32119;202000020973;154 705 316;A01;1;7;0;2;1;1;1;
32120;202000020973;154 705 317;B01;2;1;0;2;7;19;5;
32121;202000020974;154 705 315;A01;3;7;0;1;1;1;1;
32122;202000020975;154 705 313;B01;0;30;0;2;1;17;1;
32123;202000020975;154 705 314;A01;0;30;0;2;0;0;1;
32124;202000020976;154 705 311;A01;2;7;0;2;1;16;1;
32125;202000020976;154 705 312;B01;1;1;0;2;7;21;0;
32126;202000020977;154 705 309;A01;1;2;0;2;7;14;1;
32127;202000020977;154 705 310;B01;1;7;0;2;6;1;1;
32128;202000020978;154 705 307;B01;3;7;0;2;2;1;1;
32129;202000020978;154 705 308;A01;3;7;0;2;1;19;1;
32130;202000020980;154 705 304;B01;0;7;0;2;2;0;1;
32131;202000020980;154 705 305;A01;1;33;1;0;8;1;1;
32132;202000020982;154 705 299;B01;2;7;0;2;6;1;1;
32133;202000020982;154 705 300;A01;2;31;0;2;1;3;1;
32134;202000020983;154 705 296;C01;2;10;0;2;1;1;1;
32135;202000020983;154 705 297;B01;2;10;3;2;6;1;1;
32136;202000020983;154 705 298;A01;2;15;0;2;2;12;1;
32137;202000020984;154 705 293;A01;2;7;0;2;1;1;1;
32138;202000020984;154 705 294;B01;2;7;0;2;4;2;1;
32139;202000020984;154 705 295;C01;2;7;0;2;4;2;1;
32140;202000020985;154 705 291;A01;2;32;0;2;1;13;1;
32141;202000020985;154 705 292;B01;2;10;0;2;4;1;0;
32142;202000020986;154 705 288;A01;1;7;0;2;2;14;0;
32143;202000020986;154 705 289;B01;1;33;0;2;1;3;1;
32144;202000020986;154 705 290;C01;1;7;0;2;3;1;1;
32145;202000020987;154 705 286;A01;2;34;0;0;0;26;1;
32146;202000020987;154 705 287;B01;2;7;0;0;0;0;1;
32147;202000020988;154 705 285;A01;1;33;0;0;0;21;1;
32148;202000020989;154 705 283;A01;1;33;0;2;3;18;0;
32149;202000020989;154 705 284;B01;1;7;0;2;5;1;0;
32150;202000020990;154 705 281;A01;2;7;0;2;4;2;0;
32151;202000020990;154 705 282;B01;2;7;0;2;1;1;0;
32152;202000020991;154 705 280;A01;1;7;3;0;1;13;1;
32153;202000020992;154 705 278;A01;1;7;0;2;5;12;1;
32154;202000020992;154 705 279;B01;1;32;0;2;1;3;1;
32155;202000020993;154 705 276;B01;1;7;0;2;4;2;1;
32156;202000020993;154 705 277;A01;1;7;0;2;1;2;1;
32157;202000020994;154 705 274;B01;1;15;0;2;7;0;0;
32158;202000020994;154 705 275;A01;1;7;0;2;3;0;1;
32159;202000020995;154 705 273;A01;2;7;4;2;2;21;1;
32160;202000020996;154 705 271;B01;1;33;0;2;4;2;1;
32161;202000020996;154 705 272;A01;1;42;0;2;1;2;1;
32162;202000020997;154 705 269;B01;2;33;0;2;1;3;1;
32163;202000020997;154 705 270;A01;2;7;0;2;4;11;1;
32164;202000020998;154 705 267;B01;2;7;0;2;2;1;1;
32165;202000020998;154 705 268;A01;2;7;0;2;3;11;1;
32166;202000020999;154 705 264;A01;1;33;1;2;2;1;1;
32167;202000020999;154 705 265;C01;1;10;0;2;5;1;1;
32168;202000020999;154 705 266;B01;1;7;0;2;6;24;1;
32169;202000021000;154 705 263;A01;2;13;16;0;7;1;1;
32170;202000021001;154 705 261;B01;1;31;0;2;1;3;1;
32171;202000021001;154 705 262;A01;1;7;0;2;3;15;1;
32172;202000021002;154 705 259;A01;3;1;0;2;1;1;0;
32173;202000021002;154 705 260;B01;3;7;0;2;0;0;0;
32174;202000021003;154 705 257;B01;2;7;0;0;7;20;1;
32175;202000021003;154 705 258;A01;2;30;0;2;1;18;1;
32176;202000021004;154 705 255;A01;1;10;0;2;1;1;1;
32177;202000021004;154 705 256;B01;2;7;0;2;5;1;1;
32178;202000021006;154 705 251;B01;1;33;0;2;7;1;1;
32179;202000021006;154 705 252;A01;1;7;0;2;3;15;1;
32180;202000021007;154 705 249;A01;1;32;0;2;1;17;1;
32181;202000021007;154 705 250;B01;1;7;0;2;6;15;1;
32182;202000021008;154 705 248;A01;2;7;0;1;1;26;6;
32183;202000021009;154 705 246;A01;1;7;0;2;2;15;6;
32184;202000021009;154 705 247;B01;2;31;0;2;7;1;0;
32185;202000021010;154 705 242;B01;3;7;0;2;4;23;1;
32186;202000021010;154 705 243;C01;3;7;0;2;4;23;1;
32187;202000021010;154 705 244;A01;3;7;0;2;1;1;1;
32188;202000021011;154 705 241;A01;0;31;0;0;0;-1;-1;
32189;202000021012;154 705 240;A01;2;30;12;0;1;1;1;
32190;202000021013;154 705 239;A01;1;7;0;1;1;20;1;
32191;202000021014;154 705 238;A01;1;7;0;1;1;1;1;
32192;202000021015;154 705 236;A01;1;7;0;2;2;2;1;
32193;202000021015;154 705 237;B01;1;2;6;2;4;2;1;
32194;202000021016;154 705 234;B01;0;32;0;2;1;2;1;
32195;202000021016;154 705 235;A01;3;50;0;2;8;19;3;
32196;202000021017;154 705 232;B01;1;30;0;2;8;3;1;
32197;202000021017;154 705 233;A01;1;7;0;2;7;1;1;
32198;202000021018;154 705 230;B01;3;7;0;2;5;1;1;
32199;202000021018;154 705 231;A01;2;7;0;2;1;19;1;
32200;202000021019;154 705 228;B01;2;7;0;2;1;1;1;
32201;202000021019;154 705 229;A01;1;7;0;2;1;17;1;
32202;202000021020;154 705 227;Z01;0;7;0;1;1;0;1;
32203;202000021021;154 705 223;A01;1;30;0;2;1;2;0;
32204;202000021021;154 705 224;B01;1;7;0;2;0;0;0;
32205;202000021023;154 705 218;C01;3;7;0;2;4;24;1;
32206;202000021023;154 705 219;B01;2;7;1;2;1;1;1;
32207;202000021023;154 705 220;A01;2;10;0;2;6;9;1;
32208;202000021024;154 705 216;B01;1;1;0;2;1;1;5;
32209;202000021024;154 705 217;A01;2;7;0;9;1;15;1;
32210;202000021025;154 705 214;A01;1;2;0;2;1;17;1;
32211;202000021025;154 705 215;B01;1;7;0;2;3;15;1;
32212;202000021026;154 705 212;B01;3;1;0;2;0;26;5;
32213;202000021026;154 705 213;A01;3;7;0;9;4;4;1;
32214;202000021027;154 705 210;B01;2;7;0;2;6;1;1;
32215;202000021027;154 705 211;A01;2;33;0;2;1;1;1;
32216;202000021028;154 705 208;B01;1;1;0;2;3;1;5;
32217;202000021028;154 705 209;A01;2;7;0;9;2;1;1;
32218;202000021029;154 705 206;A01;2;7;0;2;2;19;1;
32219;202000021029;154 705 207;B01;1;33;0;2;1;1;1;
32220;202000021030;154 705 204;B01;2;7;0;2;8;15;1;
32221;202000021030;154 705 205;A01;2;31;0;2;2;17;1;
32222;202000021031;154 705 202;A01;1;7;0;2;1;1;1;
32223;202000021031;154 705 203;B01;3;33;0;2;7;19;1;
32224;202000021032;154 705 201;A01;0;7;15;0;2;26;1;
32225;202000021033;154 705 199;Z01;3;7;0;2;1;5;1;
32226;202000021033;154 705 200;A01;3;7;0;2;1;0;6;
32227;202000021034;154 705 197;Y01;1;1;0;2;8;1;-1;
32228;202000021034;154 705 198;A01;3;7;0;9;3;26;1;
32229;202000021035;154 705 195;B01;1;7;0;2;3;23;1;
32230;202000021035;154 705 196;A01;2;7;0;2;3;5;1;
32231;202000021036;154 705 194;A01;1;37;0;1;8;16;1;1.0
32232;202000021037;154 705 192;B01;2;7;0;2;1;19;1;
32233;202000021037;154 705 193;A01;1;7;0;2;8;19;1;
32234;202000021038;154 705 191;A01;1;2;16;0;8;13;1;
32235;202000021039;154 705 188;B01;2;33;0;2;4;1;1;
32236;202000021039;154 705 189;C01;2;7;0;2;4;1;1;
32237;202000021039;154 705 190;A01;2;7;0;2;1;2;1;
32238;202000021040;154 705 187;A01;2;50;0;1;1;25;3;
32239;202000021041;154 705 185;B01;0;1;0;2;1;1;5;
32240;202000021041;154 705 186;A01;0;7;0;2;2;15;1;
32241;202000021042;154 705 183;A01;2;2;0;2;1;17;1;
32242;202000021042;154 705 184;B01;2;7;0;9;3;15;1;
32243;202000021043;154 705 181;A01;1;7;0;9;3;1;1;
32244;202000021043;154 705 182;B01;1;1;0;2;7;1;5;
32245;202000021044;154 705 180;A01;1;33;0;0;7;1;1;
32246;202000021045;154 705 179;A01;1;7;0;1;5;17;1;
32247;202000021046;154 705 177;A01;3;13;0;2;1;26;6;
32248;202000021046;154 705 178;B01;0;7;0;2;4;0;6;
32249;202000021047;154 705 175;A01;0;30;0;2;1;26;1;
32250;202000021047;154 705 176;B01;0;7;0;2;4;26;1;