;Num_Acc;id_vehicule;num_veh;senc;catv;obs;obsm;choc;manv;motor;occutc
32251;202000021048;154 705 174;A01;2;7;2;0;3;1;1;
32252;202000021049;154 705 173;A01;2;1;0;1;5;1;5;
32253;202000021050;154 705 171;B01;2;1;0;2;1;1;5;
32254;202000021050;154 705 172;A01;2;7;0;2;2;16;1;
32255;202000021051;154 705 169;A01;1;7;0;2;3;15;1;
32256;202000021051;154 705 170;B01;0;1;0;2;0;0;5;
32257;202000021052;154 705 167;A01;2;7;8;2;3;1;1;
32258;202000021052;154 705 168;B01;2;7;0;2;7;15;1;
32259;202000021053;154 705 165;B01;0;7;0;2;3;1;1;
32260;202000021053;154 705 166;A01;0;1;0;2;1;19;5;
32261;202000021054;154 705 163;B01;0;33;0;2;1;18;1;
32262;202000021054;154 705 164;A01;0;7;0;2;8;15;1;
32263;202000021055;154 705 161;B01;1;7;0;2;4;1;1;
32264;202000021055;154 705 162;A01;1;7;0;2;1;1;1;
32265;202000021056;154 705 159;B01;2;7;0;2;1;1;1;
32266;202000021056;154 705 160;A01;2;7;0;2;1;13;1;
32267;202000021057;154 705 158;A01;1;7;0;0;1;1;1;
32268;202000021058;154 705 156;A01;1;33;0;2;1;2;1;
32269;202000021058;154 705 157;B01;1;15;0;2;6;2;1;
32270;202000021059;154 705 154;B01;0;7;0;0;4;2;1;
32271;202000021059;154 705 155;A01;0;7;0;2;1;2;1;
32272;202000021061;154 705 152;A01;3;7;0;1;1;26;0;
32273;202000021062;154 705 150;B01;2;1;0;2;0;2;0;
32274;202000021062;154 705 151;A01;2;7;0;2;2;17;0;
32275;202000021063;154 705 147;A01;3;33;12;0;7;1;1;
32276;202000021064;154 705 144;A01;3;7;0;2;1;2;1;
32277;202000021064;154 705 145;B01;3;7;0;0;4;1;1;
32278;202000021065;154 705 143;A01;0;32;0;0;8;0;1;
32279;202000021066;154 705 141;A01;1;7;0;2;1;2;0;
32280;202000021066;154 705 142;B01;1;7;0;2;4;1;0;
32281;202000021067;154 705 140;A01;1;7;4;0;1;0;1;
32282;202000021068;154 705 139;A01;3;33;13;0;1;14;1;
32283;202000021069;154 705 138;A01;3;7;0;1;1;1;1;
32284;202000021070;154 705 136;A01;2;7;0;2;1;1;1;
32285;202000021070;154 705 137;B01;1;31;0;2;1;5;1;
32286;202000021071;154 705 134;B01;1;80;0;2;2;1;3;
32287;202000021071;154 705 135;A01;2;7;0;2;1;9;1;
32288;202000021072;154 705 132;B01;2;1;0;2;0;0;5;
32289;202000021072;154 705 133;A01;2;7;0;2;1;1;1;
32290;202000021073;154 705 129;B01;1;7;0;2;3;1;1;
32291;202000021073;154 705 130;C01;1;7;0;2;4;1;1;
32292;202000021073;154 705 131;A01;2;7;0;2;1;2;1;
32293;202000021074;154 705 127;Z01;2;7;0;2;0;12;0;
32294;202000021074;154 705 128;A01;2;43;0;2;8;3;1;
32295;202000021075;154 705 125;A01;1;7;0;2;1;11;1;
32296;202000021075;154 705 126;B01;1;7;0;2;4;1;1;
32297;202000021076;154 705 124;A01;1;33;4;0;8;13;1;
32298;202000021077;154 705 122;B01;1;33;0;2;7;1;1;
32299;202000021077;154 705 123;A01;1;7;0;2;3;22;1;
32300;202000021079;154 705 118;A01;2;50;0;0;0;1;3;
32301;202000021080;154 705 117;A01;1;60;0;1;4;25;5;
32302;202000021081;154 705 116;A01;2;30;0;1;1;1;1;
32303;202000021082;154 705 114;B01;2;7;0;2;1;1;1;
32304;202000021082;154 705 115;A01;2;7;0;2;2;15;2;
32305;202000021083;154 705 113;A01;1;7;0;1;1;15;1;
32306;202000021086;154 705 108;A01;2;1;0;1;1;1;5;
32307;202000021087;154 705 106;Z01;3;1;0;2;1;19;5;
32308;202000021087;154 705 107;A01;2;31;0;2;7;1;1;
32309;202000021088;154 705 105;A01;1;7;2;0;1;14;1;
32310;202000021090;154 705 101;A01;2;7;0;2;2;1;1;
32311;202000021090;154 705 102;B01;2;7;1;2;3;9;1;
32312;202000021092;154 705 097;A01;1;7;0;2;2;15;1;
32313;202000021092;154 705 098;B01;2;33;0;2;1;1;1;
32314;202000021094;154 705 094;A01;2;7;0;1;2;20;1;
32315;202000021095;154 705 092;A01;1;7;0;2;6;15;1;
32316;202000021095;154 705 093;B01;1;33;0;2;1;18;1;
32317;202000021096;154 705 090;Z01;1;1;0;2;1;1;5;
32318;202000021096;154 705 091;A01;1;80;0;2;4;1;3;
32319;202000021097;154 705 088;A01;1;60;0;2;1;19;5;
32320;202000021097;154 705 089;B01;1;1;0;2;1;1;5;
32321;202000021098;154 705 086;A01;1;33;0;2;1;1;1;
32322;202000021098;154 705 087;B01;1;7;0;2;8;15;1;
32323;202000021099;154 705 082;B01;3;60;0;2;0;26;5;
32324;202000021099;154 705 083;A01;3;10;0;2;3;1;1;
32325;202000021100;154 705 080;A01;1;7;0;2;3;1;1;
32326;202000021100;154 705 081;B01;1;7;0;2;1;5;1;
32327;202000021101;154 705 079;A01;2;7;1;1;3;15;0;
32328;202000021102;154 705 077;A01;1;7;0;2;7;2;1;
32329;202000021102;154 705 078;B01;1;1;0;0;8;2;0;
32330;202000021103;154 705 076;A01;1;7;0;1;3;26;1;
32331;202000021104;154 705 075;A01;0;7;12;0;2;26;1;
32332;202000021105;154 705 072;A01;3;7;14;0;1;1;1;
32333;202000021105;154 705 073;B01;3;7;12;0;4;1;1;
32334;202000021105;154 705 074;C01;3;7;12;0;4;15;1;
32335;202000021106;154 705 070;B01;-1;33;0;2;1;0;1;
32336;202000021106;154 705 071;A01;-1;7;0;2;2;15;1;
32337;202000021107;154 705 068;A01;1;33;0;2;8;1;1;
32338;202000021107;154 705 069;B01;2;7;0;2;3;15;1;
32339;202000021108;154 705 067;A01;2;7;0;1;1;1;1;
32340;202000021109;154 705 065;B01;3;7;0;0;8;1;1;
32341;202000021109;154 705 066;A01;3;31;0;2;2;17;1;
32342;202000021110;154 705 063;A01;3;7;0;2;2;9;1;
32343;202000021110;154 705 064;B01;3;1;0;0;4;23;0;
32344;202000021112;154 705 060;A01;-1;7;0;2;1;26;0;
32345;202000021112;154 705 061;B01;-1;1;0;9;4;26;5;
32346;202000021113;154 705 059;A01;2;37;0;1;2;1;1;1.0
32347;202000021114;154 705 058;A01;2;33;14;0;2;1;1;
32348;202000021115;154 705 056;B01;2;33;0;2;1;17;1;
32349;202000021115;154 705 057;A01;2;7;0;2;3;15;1;
32350;202000021116;154 705 054;B01;1;13;1;0;5;26;1;
32351;202000021116;154 705 055;A01;1;31;1;0;5;9;1;
32352;202000021117;154 705 053;A01;1;20;0;1;3;26;0;
32353;202000021118;154 705 052;A01;3;7;0;1;2;1;1;
32354;202000021119;154 705 050;A01;1;33;0;2;4;11;1;
32355;202000021119;154 705 051;B01;1;30;0;2;1;1;0;
32356;202000021121;154 705 048;A01;1;7;0;1;7;1;0;
32357;202000021122;154 705 046;B01;0;2;0;0;1;0;0;
32358;202000021122;154 705 047;A01;0;7;0;0;3;16;0;
32359;202000021123;154 705 044;B01;1;7;0;2;4;2;2;
32360;202000021123;154 705 045;A01;1;7;0;1;1;2;1;
32361;202000021124;154 705 042;B01;0;33;0;2;3;1;1;
32362;202000021124;154 705 043;A01;0;7;0;2;2;16;1;
32363;202000021125;154 705 040;B01;3;31;0;2;1;1;1;
32364;202000021125;154 705 041;A01;3;7;0;2;5;15;1;
32365;202000021126;154 705 039;A01;1;7;0;1;3;1;1;
32366;202000021127;154 705 038;A01;1;30;0;0;0;21;1;
32367;202000021128;154 705 037;A01;2;33;0;0;7;1;1;
32368;202000021130;154 705 032;C01;2;7;12;0;5;1;1;
32369;202000021130;154 705 033;B01;2;7;0;2;5;2;1;
32370;202000021130;154 705 034;A01;2;7;0;2;2;1;1;
32371;202000021131;154 705 031;A01;3;34;1;0;8;18;1;
32372;202000021133;154 705 027;A01;2;50;0;2;1;19;3;
32373;202000021133;154 705 028;B01;2;7;0;0;0;0;0;
32374;202000021134;154 705 025;B01;1;31;0;2;8;9;1;
32375;202000021134;154 705 026;A01;1;7;0;2;2;16;1;
32376;202000021135;154 705 024;A01;2;33;0;0;8;0;1;
32377;202000021136;154 705 023;A01;3;7;2;0;1;0;1;
32378;202000021138;154 705 020;B01;1;30;0;2;1;1;1;
32379;202000021138;154 705 021;A01;2;21;0;2;3;1;1;
32380;202000021139;154 705 017;A01;2;33;0;2;1;0;1;
32381;202000021139;154 705 018;B01;1;7;0;2;3;1;1;
32382;202000021139;154 705 019;C01;2;15;0;2;6;1;1;
32383;202000021140;154 705 015;A01;1;7;0;2;7;16;1;
32384;202000021140;154 705 016;B01;1;1;0;0;8;1;5;
32385;202000021141;154 705 013;A01;1;7;0;2;3;0;1;
32386;202000021141;154 705 014;B01;1;33;0;2;1;0;1;
32387;202000021143;154 705 011;A01;1;7;6;0;1;0;1;
32388;202000021144;154 705 009;B01;2;10;0;2;3;1;0;
32389;202000021144;154 705 010;A01;1;10;0;2;3;13;0;
32390;202000021145;154 705 007;A01;1;2;12;2;2;15;1;
32391;202000021145;154 705 008;B01;2;7;0;2;2;1;1;
32392;202000021146;154 705 005;A01;1;7;0;9;1;1;1;
32393;202000021146;154 705 006;B01;2;1;0;2;1;9;5;
32394;202000021147;154 705 004;A01;2;7;15;0;3;1;1;
32395;202000021148;154 705 002;B01;2;7;0;2;8;1;1;
32396;202000021148;154 705 003;A01;1;7;0;2;1;19;1;
32397;202000021149;154 705 001;A01;2;3;0;0;0;1;3;
32398;202000021150;154 704 999;B01;2;7;7;2;1;1;1;
32399;202000021150;154 705 000;A01;1;7;0;2;7;19;1;
32400;202000021151;154 704 997;B01;2;7;0;0;3;23;0;
32401;202000021151;154 704 998;A01;2;1;0;2;1;14;5;
32402;202000021152;154 704 996;A01;1;7;2;0;1;14;1;
32403;202000021153;154 704 995;A01;3;10;0;1;1;1;1;
32404;202000021155;154 704 991;A01;0;10;0;2;3;15;1;
32405;202000021155;154 704 992;B01;0;2;0;2;0;0;1;
32406;202000021156;154 704 987;C01;2;7;0;2;8;1;1;
32407;202000021156;154 704 988;A01;1;7;0;2;3;13;1;
32408;202000021156;154 704 989;B01;2;7;0;2;3;1;1;
32409;202000021157;154 704 985;A01;2;7;0;2;6;15;1;
32410;202000021157;154 704 986;B01;1;34;0;2;1;1;1;
32411;202000021158;154 704 983;B01;1;7;0;2;2;1;1;
32412;202000021158;154 704 984;A01;2;33;0;2;1;13;1;
32413;202000021159;154 704 981;B01;1;1;0;2;1;1;5;
32414;202000021159;154 704 982;A01;2;7;0;2;2;19;1;
32415;202000021160;154 704 980;A01;2;7;13;0;9;1;1;
32416;202000021161;154 704 978;A01;2;7;0;2;1;1;1;
32417;202000021161;154 704 979;B01;1;7;0;2;3;9;1;
32418;202000021162;154 704 976;A01;1;7;3;0;1;1;1;
32419;202000021162;154 704 977;B01;2;7;3;0;7;15;1;
32420;202000021163;154 704 974;A01;2;7;6;2;3;1;1;
32421;202000021163;154 704 975;B01;2;7;0;0;5;1;1;
32422;202000021164;154 704 973;A01;1;7;0;1;1;1;1;
32423;202000021165;154 704 971;A01;1;7;0;2;2;15;1;
32424;202000021165;154 704 972;B01;1;7;0;2;3;1;1;
32425;202000021166;154 704 969;B01;1;7;6;0;3;1;0;
32426;202000021166;154 704 970;A01;2;7;0;0;3;13;0;
32427;202000021167;154 704 967;B01;2;33;0;2;4;17;1;
32428;202000021167;154 704 968;A01;2;7;0;2;2;1;1;
32429;202000021168;154 704 965;A01;3;33;0;2;7;17;1;
32430;202000021168;154 704 966;B01;3;7;0;2;3;15;1;
32431;202000021169;154 704 963;B01;2;33;3;2;8;1;1;
32432;202000021169;154 704 964;A01;1;7;0;2;8;17;1;
32433;202000021170;154 704 962;A01;1;7;6;0;1;16;1;
32434;202000021171;154 704 961;A01;2;7;0;0;0;21;1;
32435;202000021172;154 704 959;B01;1;34;0;2;7;1;1;
32436;202000021172;154 704 960;A01;1;1;0;2;7;13;5;
32437;202000021175;154 704 956;A01;3;50;0;1;1;1;3;
32438;202000021176;154 704 955;A01;2;50;0;1;1;1;3;
32439;202000021177;154 704 954;A01;1;1;1;0;1;1;5;
32440;202000021178;154 704 953;A01;1;7;8;0;1;1;1;
32441;202000021179;154 704 951;B01;1;1;0;2;1;1;5;
32442;202000021179;154 704 952;A01;2;1;0;2;1;13;5;
32443;202000021181;154 704 948;A01;1;10;8;1;7;15;1;
32444;202000021182;154 704 946;B01;1;32;0;2;1;1;1;
32445;202000021182;154 704 947;A01;1;7;0;2;2;16;1;
32446;202000021183;154 704 945;A01;1;32;0;0;0;1;1;
32447;202000021184;154 704 944;A01;1;7;4;0;0;17;1;
32448;202000021185;154 704 942;B01;3;7;0;2;3;26;1;
32449;202000021185;154 704 943;A01;3;7;1;2;1;26;1;
32450;202000021186;154 704 941;A01;2;34;0;1;3;26;0;
32451;202000021187;154 704 939;B01;2;33;0;2;7;1;1;
32452;202000021187;154 704 940;A01;1;10;0;2;2;9;1;
32453;202000021189;154 704 935;A01;3;7;0;2;8;21;1;
32454;202000021189;154 704 936;B01;3;7;0;2;9;15;1;
32455;202000021190;154 704 933;A01;2;99;0;2;1;13;1;
32456;202000021190;154 704 934;B01;2;7;0;2;6;15;1;
32457;202000021191;154 704 932;A01;2;7;0;1;4;26;1;
32458;202000021193;154 704 929;A01;1;10;0;1;2;26;6;
32459;202000021194;154 704 927;B01;3;33;0;2;1;2;1;
32460;202000021194;154 704 928;A01;3;7;0;2;2;15;1;
32461;202000021195;154 704 925;B01;0;43;0;2;7;19;0;
32462;202000021195;154 704 926;A01;0;10;0;2;1;19;0;
32463;202000021196;154 704 924;A01;2;7;9;1;1;1;1;
32464;202000021199;154 704 920;A01;2;15;3;0;8;1;1;
32465;202000021200;154 704 918;B01;3;1;0;2;2;21;5;
32466;202000021200;154 704 919;A01;3;7;0;2;7;19;1;
32467;202000021201;154 704 916;C01;0;1;0;2;8;13;5;
32468;202000021201;154 704 917;A01;0;33;0;9;7;1;1;
32469;202000021202;154 704 914;A01;2;7;0;2;5;15;1;
32470;202000021202;154 704 915;B01;1;33;0;2;4;1;1;
32471;202000021203;154 704 912;A01;1;7;0;2;1;13;1;
32472;202000021203;154 704 913;B01;2;15;0;2;3;1;1;
32473;202000021204;154 704 911;A01;2;10;2;0;1;13;1;
32474;202000021205;154 704 909;A01;3;7;0;2;3;9;1;
32475;202000021205;154 704 910;B01;2;7;0;2;1;21;1;
32476;202000021206;154 704 908;A01;3;7;15;0;1;1;1;
32477;202000021207;154 704 906;A01;1;7;0;2;3;13;1;
32478;202000021207;154 704 907;B01;2;15;0;2;3;1;1;
32479;202000021208;154 704 905;A01;3;7;3;0;1;0;1;
32480;202000021209;154 704 904;A01;0;7;6;0;3;1;1;
32481;202000021210;154 704 902;A01;1;10;8;2;2;1;1;
32482;202000021210;154 704 903;B01;2;7;0;2;2;15;1;
32483;202000021211;154 704 900;B01;1;7;0;2;2;17;1;
32484;202000021211;154 704 901;A01;1;7;0;0;3;15;1;
32485;202000021212;154 704 899;A01;2;7;13;0;3;1;1;
32486;202000021213;154 704 898;A01;1;7;13;0;9;13;1;
32487;202000021214;154 704 897;A01;3;7;16;0;9;1;1;
32488;202000021216;154 704 894;B01;2;7;0;2;1;1;1;
32489;202000021216;154 704 895;A01;3;7;0;2;8;1;1;
32490;202000021218;154 704 889;A01;2;7;0;2;2;15;1;
32491;202000021218;154 704 890;B01;1;10;0;2;2;1;1;
32492;202000021219;154 704 887;A01;1;7;0;2;1;1;1;
32493;202000021219;154 704 888;B01;2;7;0;2;1;1;1;
32494;202000021220;154 704 885;A01;2;10;0;2;2;1;1;
32495;202000021220;154 704 886;B01;2;1;0;2;1;1;5;
32496;202000021221;154 704 880;C01;1;7;0;2;4;2;1;
32497;202000021221;154 704 881;A01;1;7;0;2;1;2;1;
32498;202000021221;154 704 882;B01;1;7;0;2;1;2;1;
32499;202000021223;154 704 877;B01;1;15;0;0;4;2;1;
32500;202000021223;154 704 878;A01;1;7;3;2;1;2;1;
32501;202000021224;154 704 874;C01;3;7;14;2;1;1;0;
32502;202000021224;154 704 875;B01;3;7;0;2;4;2;0;
32503;202000021224;154 704 876;A01;3;7;0;0;4;2;0;
32504;202000021225;154 704 872;A01;1;7;0;2;3;1;1;
32505;202000021225;154 704 873;B01;1;7;0;2;3;17;1;
32506;202000021226;154 704 870;A01;2;7;0;2;3;5;0;
32507;202000021226;154 704 871;B01;2;15;0;2;3;1;1;
32508;202000021227;154 704 868;B01;3;7;0;2;1;1;1;
32509;202000021227;154 704 869;A01;3;7;0;2;1;1;1;
32510;202000021229;154 704 865;B01;2;14;0;2;8;19;1;
32511;202000021229;154 704 866;A01;1;33;0;2;1;17;1;
32512;202000021230;154 704 863;B01;1;7;0;2;2;2;1;
32513;202000021230;154 704 864;A01;1;7;0;0;6;15;1;
32514;202000021231;154 704 862;A01;1;7;13;0;3;13;1;
32515;202000021232;154 704 861;A01;1;3;8;0;3;2;1;
32516;202000021233;154 704 856;B01;1;7;0;2;7;1;1;
32517;202000021233;154 704 857;A01;1;7;3;1;1;14;1;
32518;202000021234;154 704 854;B01;2;7;4;2;2;11;1;
32519;202000021234;154 704 855;A01;2;10;0;2;2;1;1;
32520;202000021235;154 704 852;B01;1;7;0;2;6;2;1;
32521;202000021235;154 704 853;A01;1;33;0;2;1;9;1;
32522;202000021236;154 704 849;C01;2;7;0;2;4;2;1;
32523;202000021236;154 704 850;B01;2;7;0;2;4;2;1;
32524;202000021236;154 704 851;A01;2;10;0;2;1;2;1;
32525;202000021237;154 704 846;C01;1;10;0;2;4;2;1;
32526;202000021237;154 704 847;B01;1;7;0;2;5;2;1;
32527;202000021237;154 704 848;A01;1;7;0;2;1;11;1;
32528;202000021238;154 704 844;A01;2;10;0;2;4;23;1;
32529;202000021238;154 704 845;B01;2;10;1;0;1;2;1;
32530;202000021240;154 704 840;A01;1;7;0;2;3;1;1;
32531;202000021240;154 704 841;B01;2;33;0;2;7;10;1;
32532;202000021241;154 704 839;A01;1;99;0;1;3;1;1;
32533;202000021242;154 704 838;A01;3;7;0;1;1;9;1;
32534;202000021243;154 704 837;A01;1;30;0;0;7;15;1;
32535;202000021244;154 704 836;A01;1;0;0;1;0;0;0;
32536;202000021245;154 704 835;A01;1;99;0;1;1;1;3;
32537;202000021246;154 704 834;A01;1;31;0;0;3;26;1;
32538;202000021247;154 704 832;B01;1;13;0;2;3;1;1;
32539;202000021247;154 704 833;A01;1;7;0;2;3;19;1;
32540;202000021248;154 704 830;A01;1;7;0;2;1;25;0;
32541;202000021248;154 704 831;B01;1;1;0;2;7;1;5;
32542;202000021249;154 704 828;A01;2;7;0;2;2;16;1;
32543;202000021249;154 704 829;B01;2;80;0;2;1;25;3;
32544;202000021250;154 704 827;A01;2;2;0;0;7;1;1;
32545;202000021251;154 704 825;A01;3;30;0;2;1;15;1;
32546;202000021251;154 704 826;B01;3;7;0;2;1;1;1;
32547;202000021252;154 704 823;A01;1;7;0;2;3;15;1;
32548;202000021252;154 704 824;B01;1;33;0;2;1;17;1;
32549;202000021253;154 704 821;B01;3;1;0;2;8;0;5;
32550;202000021253;154 704 822;A01;3;7;0;9;1;16;1;
32551;202000021254;154 704 819;A01;1;10;0;2;6;10;1;
32552;202000021254;154 704 820;B01;1;33;0;2;1;1;1;
32553;202000021255;154 704 817;B01;0;33;0;2;0;0;1;
32554;202000021255;154 704 818;A01;1;7;0;2;3;13;1;
32555;202000021256;154 704 815;B01;3;7;8;0;1;1;1;
32556;202000021256;154 704 816;Z01;3;7;0;0;0;0;0;
32557;202000021258;154 704 811;B01;2;40;0;2;2;1;3;
32558;202000021258;154 704 812;A01;1;1;0;4;1;19;5;
32559;202000021260;154 704 807;B01;1;7;0;2;4;1;1;
32560;202000021260;154 704 808;A01;1;2;0;2;1;1;1;
32561;202000021261;154 704 805;A01;1;1;0;2;3;15;5;
32562;202000021261;154 704 806;B01;1;7;0;2;2;17;1;
32563;202000021262;154 704 804;A01;3;7;1;0;2;1;1;
32564;202000021263;154 704 802;B01;2;2;0;2;1;1;1;
32565;202000021263;154 704 803;A01;1;7;0;2;2;13;1;
32566;202000021264;154 704 800;A01;1;7;0;2;1;2;1;
32567;202000021264;154 704 801;B01;1;7;0;2;4;2;1;
32568;202000021265;154 704 799;A01;2;2;0;0;8;1;1;
32569;202000021266;154 704 797;B01;2;7;0;2;7;1;1;
32570;202000021266;154 704 798;A01;1;7;0;2;1;19;1;
32571;202000021267;154 704 795;A01;2;1;0;2;1;2;5;
32572;202000021267;154 704 796;B01;2;7;0;2;4;1;1;
32573;202000021268;154 704 793;A01;2;7;0;2;3;13;0;
32574;202000021268;154 704 794;B01;1;10;0;2;6;26;0;
32575;202000021269;154 704 791;B01;0;7;0;2;2;1;1;
32576;202000021269;154 704 792;A01;0;10;0;2;3;15;1;
32577;202000021270;154 704 789;A01;1;7;0;2;0;0;1;
32578;202000021270;154 704 790;B01;1;2;0;2;8;0;1;
32579;202000021271;154 704 787;A01;3;7;0;2;7;23;1;
32580;202000021271;154 704 788;B01;3;33;0;2;1;1;1;
32581;202000021272;154 704 785;A01;1;7;0;2;2;1;1;
32582;202000021272;154 704 786;B01;1;30;0;2;1;1;1;
32583;202000021273;154 704 784;A01;1;34;14;0;0;1;1;
32584;202000021274;154 704 780;B01;3;7;0;2;3;16;1;
32585;202000021274;154 704 781;A01;3;7;0;2;2;1;1;
32586;202000021275;154 704 778;B01;3;7;0;2;2;14;1;
32587;202000021275;154 704 779;A01;3;33;0;2;1;7;1;
32588;202000021278;154 704 772;A01;1;7;0;2;1;2;1;
32589;202000021278;154 704 773;B01;1;10;0;2;4;2;1;
32590;202000021279;154 704 770;A01;1;7;0;2;1;2;1;
32591;202000021279;154 704 771;B01;1;7;0;0;4;2;0;
32592;202000021280;154 704 768;A01;1;7;0;2;1;16;1;
32593;202000021280;154 704 769;B01;1;1;0;2;1;1;0;
32594;202000021281;154 704 766;A01;1;7;0;2;1;15;1;
32595;202000021281;154 704 767;B01;2;32;0;2;1;1;1;
32596;202000021282;154 704 764;B01;1;7;0;2;4;2;1;
32597;202000021282;154 704 765;A01;1;33;0;2;1;18;1;
32598;202000021283;154 704 762;Z01;1;7;0;2;3;9;0;
32599;202000021283;154 704 763;A01;1;30;0;2;2;1;1;
32600;202000021284;154 704 760;A01;1;7;0;2;1;15;1;
32601;202000021284;154 704 761;B01;2;2;0;2;1;1;1;
32602;202000021285;154 704 758;A01;1;34;0;2;1;1;1;
32603;202000021285;154 704 759;B01;2;7;0;2;1;10;1;
32604;202000021286;154 704 756;A01;1;7;0;2;8;22;1;
32605;202000021286;154 704 757;B01;1;1;1;0;1;1;5;
32606;202000021288;154 704 753;B01;1;10;0;2;0;1;1;
32607;202000021288;154 704 754;A01;1;1;0;2;1;1;5;
32608;202000021289;154 704 752;A01;1;7;8;0;1;2;1;
32609;202000021290;154 704 751;A01;2;33;0;0;0;1;1;
32610;202000021291;154 704 750;A01;1;7;8;0;1;16;1;
32611;202000021292;154 704 749;A01;2;7;0;1;1;1;1;
32612;202000021293;154 704 748;Z01;2;0;0;1;0;0;0;
32613;202000021294;154 704 745;C01;1;7;0;-1;4;1;0;
32614;202000021294;154 704 746;B01;1;7;0;2;2;1;0;
32615;202000021294;154 704 747;A01;1;7;0;2;1;1;0;
32616;202000021295;154 704 743;A01;1;10;0;2;3;9;1;
32617;202000021295;154 704 744;B01;1;30;0;2;7;1;1;
32618;202000021296;154 704 741;A01;2;7;0;2;2;12;1;
32619;202000021296;154 704 742;B01;2;34;0;2;1;1;1;
32620;202000021297;154 704 740;A01;1;31;0;0;8;1;1;
32621;202000021298;154 704 738;A01;2;7;4;2;6;17;1;
32622;202000021298;154 704 739;Z01;2;7;0;2;1;13;1;
32623;202000021299;154 704 736;A01;2;1;0;2;3;1;5;
32624;202000021299;154 704 737;B01;2;14;0;2;7;16;6;
32625;202000021300;154 704 734;B01;1;31;0;2;7;17;1;
32626;202000021300;154 704 735;A01;2;7;0;2;2;15;1;
32627;202000021301;154 704 732;A01;0;7;0;2;3;17;1;
32628;202000021301;154 704 733;B01;0;43;0;2;1;15;1;
32629;202000021303;154 704 729;A01;1;7;0;2;2;16;1;
32630;202000021303;154 704 730;B01;1;50;0;2;3;7;3;
32631;202000021305;154 704 727;A01;1;1;0;0;1;1;5;
32632;202000021306;154 704 726;A01;2;30;0;1;4;1;3;
32633;202000021307;154 704 725;A01;2;1;0;1;1;5;5;
32634;202000021308;154 704 723;A01;1;7;0;2;1;1;1;
32635;202000021308;154 704 724;B01;1;7;0;2;2;15;1;
32636;202000021310;154 704 719;A01;2;30;0;2;1;15;1;
32637;202000021310;154 704 720;B01;2;7;0;2;7;7;1;
32638;202000021311;154 704 717;B01;2;1;0;2;7;1;5;
32639;202000021311;154 704 718;A01;1;7;0;2;1;1;3;
32640;202000021312;154 704 715;B01;1;1;0;2;8;1;5;
32641;202000021312;154 704 716;A01;1;7;0;2;2;16;1;
32642;202000021313;154 704 713;A01;1;2;0;2;8;9;1;
32643;202000021313;154 704 714;B01;1;34;0;2;1;1;1;
32644;202000021314;154 704 712;Z01;2;7;1;0;1;13;1;
32645;202000021315;154 704 710;A01;2;7;0;2;6;1;1;
32646;202000021315;154 704 711;B01;2;33;0;2;4;23;1;
32647;202000021317;154 704 707;B01;3;10;0;2;2;0;0;
32648;202000021317;154 704 708;A01;3;7;0;2;1;1;0;
32649;202000021320;154 704 701;A01;2;30;0;2;8;13;1;
32650;202000021320;154 704 702;B01;2;10;0;2;2;16;1;
32651;202000021321;154 704 699;A01;3;1;0;2;1;2;6;
32652;202000021321;154 704 700;B01;3;7;14;0;4;2;1;
32653;202000021322;154 704 697;A01;1;1;0;0;3;9;5;
32654;202000021322;154 704 698;B01;2;34;0;0;2;1;1;
32655;202000021323;154 704 694;C01;1;7;0;2;4;2;0;
32656;202000021323;154 704 695;B01;1;7;12;2;4;2;0;
32657;202000021323;154 704 696;A01;1;7;12;2;4;2;0;
32658;202000021324;154 704 692;B01;1;7;0;2;1;2;1;
32659;202000021324;154 704 693;A01;1;7;0;2;4;23;1;
32660;202000021325;154 704 691;A01;2;50;0;0;1;1;3;
32661;202000021326;154 704 689;B01;1;7;0;2;3;9;1;
32662;202000021326;154 704 690;A01;1;30;0;2;1;1;1;
32663;202000021327;154 704 687;A01;1;30;0;2;1;1;1;
32664;202000021327;154 704 688;B01;1;7;0;2;4;1;1;
32665;202000021328;154 704 685;B01;2;30;0;2;5;17;1;
32666;202000021328;154 704 686;A01;2;7;0;2;6;1;1;
32667;202000021329;154 704 683;A01;1;0;0;2;2;17;0;
32668;202000021329;154 704 684;B01;1;7;0;2;3;15;1;
32669;202000021330;154 704 681;A01;1;7;0;2;3;20;1;
32670;202000021330;154 704 682;B01;1;34;0;2;2;1;1;
32671;202000021331;154 704 680;A01;3;7;12;0;1;6;1;
32672;202000021332;154 704 678;A01;1;7;0;2;3;13;1;
32673;202000021332;154 704 679;B01;2;7;0;2;3;1;1;
32674;202000021333;154 704 676;B01;1;7;0;2;3;1;0;
32675;202000021333;154 704 677;A01;2;7;0;2;3;13;0;
32676;202000021334;154 704 674;A01;2;7;8;0;0;0;1;
32677;202000021334;154 704 675;B01;2;7;13;0;1;0;1;
32678;202000021335;154 704 673;A01;2;33;0;0;3;1;1;
32679;202000021336;154 704 671;B01;1;33;0;2;1;1;1;
32680;202000021336;154 704 672;A01;2;7;0;2;3;15;1;
32681;202000021337;154 704 670;A01;2;7;8;0;2;1;1;
32682;202000021338;154 704 665;A01;1;7;0;2;7;26;1;
32683;202000021338;154 704 666;B01;2;7;0;2;1;1;1;