;Num_Acc;id_vehicule;num_veh;senc;catv;obs;obsm;choc;manv;motor;occutc
32684;202000021339;154 704 664;A01;2;33;8;0;1;0;1;
32685;202000021342;154 704 658;A01;2;7;0;1;1;1;0;
32686;202000021343;154 704 656;B01;1;21;0;2;3;15;1;
32687;202000021343;154 704 657;A01;1;33;13;2;1;17;1;
32688;202000021344;154 704 655;A01;3;7;2;0;2;2;1;
32689;202000021345;154 704 654;A01;0;33;0;0;0;1;1;
32690;202000021346;154 704 653;A01;2;7;0;1;1;1;0;
32691;202000021348;154 704 650;A01;1;7;0;1;1;1;1;
32692;202000021349;154 704 649;A01;3;33;15;9;1;14;1;
32693;202000021350;154 704 641;A01;2;7;0;0;1;1;1;
32694;202000021350;154 704 642;B01;2;7;0;0;8;1;1;
32695;202000021350;154 704 643;C01;2;7;0;0;1;1;1;
32696;202000021352;154 704 638;A01;1;7;8;0;1;1;1;
32697;202000021353;154 704 637;A01;1;7;0;2;2;1;1;
32698;202000021353;154 704 648;B01;1;30;0;2;8;15;1;
32699;202000021354;154 704 635;A01;2;7;0;2;2;15;1;
32700;202000021354;154 704 636;B01;1;1;0;2;1;1;5;
32701;202000021355;154 704 632;A01;1;7;0;2;9;1;1;
32702;202000021355;154 704 633;B01;2;7;0;2;9;1;1;
32703;202000021355;154 704 634;C01;1;10;5;2;9;1;1;
32704;202000021356;154 704 630;A01;1;33;0;0;1;1;0;
32705;202000021357;154 704 628;B01;1;7;0;2;3;13;0;
32706;202000021357;154 704 629;A01;2;7;0;2;3;23;0;
32707;202000021358;154 704 627;A01;1;10;0;1;4;4;0;
32708;202000021360;154 704 631;A01;1;7;2;0;1;17;1;
32709;202000021361;154 704 622;A01;0;7;0;2;5;17;1;
32710;202000021361;154 704 623;B01;0;80;0;2;8;1;3;
32711;202000021362;154 704 624;A01;1;7;2;0;7;6;1;
32712;202000021363;154 704 620;A01;1;7;0;2;1;1;1;
32713;202000021363;154 704 621;B01;1;2;7;0;6;1;1;
32714;202000021365;154 704 615;B01;2;33;0;2;1;1;1;
32715;202000021365;154 704 616;A01;1;7;0;2;1;15;1;
32716;202000021366;154 704 612;A01;3;7;0;2;7;5;1;
32717;202000021366;154 704 613;B01;3;33;0;2;0;0;1;
32718;202000021367;154 704 611;A01;1;7;9;0;1;1;1;
32719;202000021368;154 704 619;A01;2;7;15;0;3;5;1;
32720;202000021369;154 704 610;A01;2;7;5;0;1;14;1;
32721;202000021370;154 704 606;A01;0;7;0;2;8;11;1;
32722;202000021370;154 704 609;B01;0;33;0;2;7;17;1;
32723;202000021371;154 704 605;A01;2;10;0;2;3;2;1;
32724;202000021371;154 704 607;B01;2;7;0;2;9;15;1;
32725;202000021371;154 704 608;C01;1;7;0;2;1;1;1;
32726;202000021372;154 704 601;B01;2;1;0;2;4;2;5;
32727;202000021372;154 704 603;A01;2;7;0;2;2;2;1;
32728;202000021373;154 704 600;A01;1;7;0;2;1;11;1;
32729;202000021373;154 704 602;B01;1;7;0;2;1;0;1;
32730;202000021373;154 704 604;C01;1;7;0;2;4;0;1;
32731;202000021374;154 704 596;A01;1;7;0;0;6;15;1;
32732;202000021374;154 704 598;B01;1;7;0;2;1;1;1;
32733;202000021376;154 704 592;A01;0;2;0;2;8;26;1;
32734;202000021376;154 704 593;B01;0;7;0;2;3;1;1;
32735;202000021377;154 704 591;B01;2;7;0;2;4;1;1;
32736;202000021377;154 704 597;A01;2;10;0;2;1;1;1;
32737;202000021378;154 704 586;B01;1;7;0;2;1;1;1;
32738;202000021378;154 704 590;A01;2;7;0;2;2;15;1;
32739;202000021379;154 704 587;C01;1;32;0;2;8;3;1;
32740;202000021379;154 704 588;B01;1;10;0;2;2;2;1;
32741;202000021379;154 704 589;A01;1;7;0;2;4;1;1;
32742;202000021380;154 704 585;A01;2;7;15;0;3;0;1;
32743;202000021381;154 704 584;A01;1;33;11;0;8;13;1;
32744;202000021382;154 704 582;B01;3;7;0;2;3;15;1;
32745;202000021382;154 704 583;A01;3;33;0;2;2;17;1;
32746;202000021384;154 704 580;A01;2;7;0;1;3;16;1;
32747;202000021385;154 704 577;A01;2;34;3;0;8;17;1;
32748;202000021386;154 704 578;B01;1;7;0;2;2;1;0;
32749;202000021386;154 704 579;A01;1;13;0;2;3;9;0;
32750;202000021387;154 704 575;A01;1;7;0;2;1;2;1;
32751;202000021387;154 704 576;B01;1;7;0;2;4;2;1;
32752;202000021388;154 704 573;Z01;2;10;0;2;6;11;0;
32753;202000021388;154 704 574;A01;2;33;0;2;2;3;1;
32754;202000021389;154 704 571;A01;1;10;0;2;4;2;1;
32755;202000021389;154 704 572;B01;1;7;0;2;1;2;1;
32756;202000021390;154 704 567;A01;2;7;3;2;2;1;1;
32757;202000021390;154 704 569;B01;2;17;0;2;3;11;1;
32758;202000021391;154 704 568;B01;1;7;0;2;4;2;1;
32759;202000021391;154 704 570;A01;1;7;0;2;1;2;1;
32760;202000021392;154 704 563;B01;1;17;0;2;4;2;1;
32761;202000021392;154 704 564;A01;1;10;0;2;1;2;1;
32762;202000021393;154 704 565;B01;2;33;0;2;2;1;1;
32763;202000021393;154 704 566;A01;1;7;0;0;5;15;1;
32764;202000021394;154 704 561;A01;3;0;0;1;2;14;0;
32765;202000021395;154 704 559;B01;3;7;0;2;4;24;1;
32766;202000021395;154 704 560;A01;3;7;1;0;0;24;1;
32767;202000021396;154 704 557;B01;2;7;0;2;0;0;1;
32768;202000021396;154 704 558;A01;1;7;0;2;0;0;1;
32769;202000021397;154 704 555;A01;1;2;0;2;1;17;1;
32770;202000021397;154 704 556;B01;1;7;0;0;0;0;1;
32771;202000021398;154 704 553;A01;1;7;1;0;1;14;1;
32772;202000021398;154 704 554;D01;1;7;1;0;9;0;1;
32773;202000021399;154 704 551;A01;2;7;0;2;1;1;1;
32774;202000021399;154 704 552;B01;2;7;0;2;1;1;1;
32775;202000021401;154 704 547;A01;2;7;0;2;3;13;1;
32776;202000021401;154 704 548;B01;1;7;0;2;3;1;1;
32777;202000021402;154 704 546;A01;3;32;0;0;1;0;1;
32778;202000021403;154 704 545;A01;2;30;9;0;2;15;1;
32779;202000021404;154 704 544;A01;1;7;0;1;1;1;1;
32780;202000021405;154 704 542;B01;2;10;0;2;2;1;1;
32781;202000021405;154 704 543;A01;2;32;0;2;1;1;1;
32782;202000021406;154 704 540;A01;1;7;0;2;2;9;1;
32783;202000021406;154 704 541;B01;1;31;0;2;4;9;1;
32784;202000021407;154 704 537;C01;2;10;0;2;4;2;1;
32785;202000021407;154 704 538;A01;2;10;0;2;1;2;1;
32786;202000021407;154 704 539;B01;2;10;0;2;4;2;1;
32787;202000021408;154 704 535;A01;0;7;0;2;5;11;1;
32788;202000021408;154 704 536;B01;0;31;0;2;1;1;1;
32789;202000021409;154 704 532;A01;3;1;0;2;1;1;5;
32790;202000021409;154 704 533;B01;0;1;0;2;1;1;5;
32791;202000021409;154 704 534;C01;3;1;0;2;0;1;5;
32792;202000021410;154 704 530;B01;3;7;0;2;8;1;1;
32793;202000021410;154 704 531;A01;3;7;13;2;3;1;1;
32794;202000021411;154 704 529;A01;1;7;8;0;9;1;1;
32795;202000021412;154 704 527;A01;1;33;1;2;2;17;1;
32796;202000021412;154 704 528;B01;2;7;0;2;3;15;1;
32797;202000021413;154 704 525;A01;1;1;0;2;1;5;5;
32798;202000021413;154 704 526;B01;1;2;0;2;1;1;0;
32799;202000021414;154 704 524;Z01;3;7;0;1;0;2;0;
32800;202000021415;154 704 523;A01;1;33;0;9;1;21;1;
32801;202000021416;154 704 522;A01;1;30;0;1;3;17;1;
32802;202000021417;154 704 520;B01;1;7;0;0;0;0;1;
32803;202000021417;154 704 521;A01;1;7;0;2;1;19;1;
32804;202000021420;154 704 516;A01;1;7;11;0;1;13;1;
32805;202000021421;154 704 514;B01;0;33;0;2;3;0;1;
32806;202000021421;154 704 515;A01;0;10;0;2;7;12;1;
32807;202000021422;154 704 513;A01;1;30;12;0;3;1;1;
32808;202000021423;154 704 511;A01;2;30;0;2;1;14;1;
32809;202000021423;154 704 512;B01;1;1;0;2;1;1;5;
32810;202000021424;154 704 509;B01;1;30;0;2;4;15;1;
32811;202000021424;154 704 510;A01;1;7;0;2;2;17;0;
32812;202000021426;154 704 505;B01;3;1;0;0;0;19;5;
32813;202000021426;154 704 506;A01;3;31;0;2;1;1;1;
32814;202000021427;154 704 503;B01;2;7;0;2;4;2;1;
32815;202000021427;154 704 504;A01;2;13;0;2;1;2;1;
32816;202000021429;154 704 499;A01;1;30;0;2;1;19;0;
32817;202000021429;154 704 500;B01;1;7;0;2;0;9;0;
32818;202000021430;154 704 497;Z01;0;7;0;2;2;0;0;
32819;202000021430;154 704 498;B01;1;7;0;2;3;1;0;
32820;202000021431;154 704 495;B01;2;7;0;2;8;15;1;
32821;202000021431;154 704 496;A01;2;2;0;2;5;17;1;
32822;202000021432;154 704 493;B01;1;7;0;2;1;1;1;
32823;202000021432;154 704 494;A01;2;7;0;2;1;15;1;
32824;202000021433;154 704 492;A01;2;7;0;1;2;4;1;
32825;202000021435;154 704 490;A01;2;7;7;0;1;14;1;
32826;202000021436;154 704 487;A01;2;7;0;2;2;1;1;
32827;202000021436;154 704 488;C01;2;7;0;2;5;23;1;
32828;202000021436;154 704 489;B01;2;7;0;2;5;23;1;
32829;202000021437;154 704 485;B01;3;30;0;2;1;1;1;
32830;202000021437;154 704 486;A01;2;7;0;2;1;1;1;
32831;202000021438;154 704 483;B01;2;7;0;2;5;9;1;
32832;202000021438;154 704 484;A01;2;7;0;2;1;1;1;
32833;202000021439;154 704 481;A01;1;33;0;2;0;23;1;
32834;202000021439;154 704 482;B01;1;7;0;2;6;4;1;
32835;202000021440;154 704 479;B01;3;2;0;2;1;0;0;
32836;202000021440;154 704 480;A01;3;7;0;2;2;0;0;
32837;202000021441;154 704 478;A01;1;7;6;0;1;25;1;
32838;202000021442;154 704 477;A01;2;37;0;0;1;26;1;4.0
32839;202000021443;154 704 475;A01;1;10;0;2;2;2;1;
32840;202000021443;154 704 476;B01;1;10;12;0;4;23;1;
32841;202000021446;154 704 468;A01;2;7;0;2;3;1;1;
32842;202000021446;154 704 469;B01;1;99;0;2;1;1;3;
32843;202000021447;154 704 466;A01;2;7;0;0;2;26;0;
32844;202000021447;154 704 467;B01;2;7;0;2;1;2;0;
32845;202000021448;154 704 464;A01;2;32;0;2;6;15;1;
32846;202000021448;154 704 465;B01;2;32;0;2;1;1;1;
32847;202000021449;154 704 462;B01;-1;7;0;2;2;15;0;
32848;202000021449;154 704 463;A01;-1;7;14;2;1;1;0;
32849;202000021450;154 704 460;B01;1;1;0;2;7;2;5;
32850;202000021450;154 704 461;A01;1;3;0;2;1;2;1;
32851;202000021451;154 704 458;A01;-1;7;0;0;4;23;1;
32852;202000021451;154 704 459;B01;-1;2;0;2;1;2;1;
32853;202000021452;154 704 456;B01;2;32;0;2;1;1;1;
32854;202000021452;154 704 457;A01;1;7;0;2;3;15;1;
32855;202000021453;154 704 455;A01;1;7;9;0;1;2;1;
32856;202000021454;154 704 453;B01;1;10;0;2;2;1;1;
32857;202000021454;154 704 454;A01;1;2;0;0;4;1;1;
32858;202000021455;154 704 452;A01;2;7;0;1;2;0;1;
32859;202000021456;154 704 450;A01;3;10;0;2;3;15;1;
32860;202000021456;154 704 451;B01;1;2;0;0;4;1;0;
32861;202000021457;154 704 448;A01;2;7;0;2;1;1;1;
32862;202000021457;154 704 449;B01;1;33;0;2;0;1;1;
32863;202000021458;154 704 447;A01;1;33;12;0;1;1;1;
32864;202000021459;154 704 446;A01;2;7;13;0;0;1;1;
32865;202000021460;154 704 445;A01;2;7;13;0;2;2;6;
32866;202000021461;154 704 443;B01;2;7;0;2;3;0;0;
32867;202000021461;154 704 444;A01;1;7;0;2;1;0;0;
32868;202000021462;154 704 442;A01;1;33;2;0;1;1;1;
32869;202000021463;154 704 439;A01;3;36;8;0;1;16;1;
32870;202000021464;154 704 437;B01;1;7;0;2;8;1;1;
32871;202000021464;154 704 438;A01;0;7;0;2;1;19;1;
32872;202000021465;154 704 436;A01;2;7;6;0;1;1;1;
32873;202000021466;154 704 432;B01;1;1;0;2;1;1;6;
32874;202000021466;154 704 433;A01;2;7;0;9;2;1;1;
32875;202000021467;154 704 431;A01;2;1;8;0;2;21;5;
32876;202000021468;154 704 430;A01;1;7;6;0;3;13;1;
32877;202000021469;154 704 429;A01;1;2;3;0;3;19;0;
32878;202000021470;154 704 427;A01;1;10;0;2;1;1;1;
32879;202000021470;154 704 428;B01;1;7;0;2;4;23;1;
32880;202000021471;154 704 425;A01;3;7;11;2;8;19;1;
32881;202000021471;154 704 426;B01;3;10;0;2;1;1;1;
32882;202000021472;154 704 424;A01;2;33;0;0;8;1;1;
32883;202000021473;154 704 423;A01;3;31;17;0;1;1;0;
32884;202000021474;154 704 422;A01;3;1;0;1;1;2;5;
32885;202000021475;154 704 420;A01;1;7;0;2;3;17;1;
32886;202000021475;154 704 421;B01;2;33;0;2;1;1;1;
32887;202000021476;154 704 419;A01;2;7;2;0;2;1;1;
32888;202000021477;154 704 417;A01;2;33;13;0;2;0;1;
32889;202000021478;154 704 416;A01;1;10;1;1;1;13;1;
32890;202000021479;154 704 414;A01;1;2;0;2;1;1;1;
32891;202000021479;154 704 415;B01;1;7;0;2;3;1;1;
32892;202000021480;154 704 411;A01;2;7;0;0;0;19;1;
32893;202000021480;154 704 412;C01;1;7;0;2;1;1;1;
32894;202000021480;154 704 413;B01;2;7;0;2;1;21;1;
32895;202000021481;154 704 409;B01;2;7;1;0;1;1;1;
32896;202000021481;154 704 410;A01;2;7;0;0;4;23;1;
32897;202000021482;154 704 407;B01;2;33;0;2;1;1;1;
32898;202000021482;154 704 408;A01;1;7;0;2;5;15;1;
32899;202000021483;154 704 402;A01;3;2;0;0;7;1;1;
32900;202000021484;154 704 400;A01;3;7;0;2;2;1;1;
32901;202000021484;154 704 401;B01;3;1;0;2;6;16;0;
32902;202000021485;154 704 399;A01;2;2;14;0;1;1;0;
32903;202000021487;154 704 397;A01;2;7;13;0;1;17;0;
32904;202000021488;154 704 395;B01;1;10;0;0;2;12;1;
32905;202000021488;154 704 396;A01;1;7;0;0;8;11;1;
32906;202000021489;154 704 393;B01;1;7;0;2;8;1;1;
32907;202000021489;154 704 394;A01;1;7;0;2;7;14;1;
32908;202000021490;154 704 391;B01;1;33;0;2;1;1;1;
32909;202000021490;154 704 392;A01;2;10;0;2;7;15;1;
32910;202000021492;154 704 387;A01;1;7;0;2;7;26;1;
32911;202000021492;154 704 388;B01;1;33;0;2;8;18;1;
32912;202000021493;154 704 386;A01;1;10;16;0;2;14;1;
32913;202000021494;154 704 385;A01;3;7;0;1;7;1;1;
32914;202000021496;154 704 382;B01;0;35;0;2;3;26;1;
32915;202000021496;154 704 383;A01;3;7;0;2;6;26;1;
32916;202000021497;154 704 380;A01;2;7;0;2;1;1;1;
32917;202000021497;154 704 381;B01;1;7;0;2;2;15;1;
32918;202000021498;154 704 379;A01;2;7;2;0;3;21;1;
32919;202000021499;154 704 377;B01;2;7;0;2;3;15;1;
32920;202000021499;154 704 378;A01;2;33;0;2;1;17;1;
32921;202000021500;154 704 376;A01;1;7;6;0;3;6;1;
32922;202000021501;154 704 374;B01;0;7;0;0;3;1;1;
32923;202000021501;154 704 375;A01;3;1;0;2;1;1;5;
32924;202000021502;154 704 373;A01;2;33;15;0;5;1;1;
32925;202000021503;154 704 372;A01;1;7;8;0;2;1;1;
32926;202000021504;154 704 370;A01;3;7;0;2;3;15;0;
32927;202000021504;154 704 371;B01;0;33;0;2;8;1;6;
32928;202000021505;154 704 367;A01;3;7;0;1;3;1;1;
32929;202000021506;154 704 366;A01;2;7;13;0;1;1;0;
32930;202000021507;154 704 362;B01;1;7;0;2;6;9;1;
32931;202000021507;154 704 365;A01;2;33;0;2;1;1;1;
32932;202000021508;154 704 361;C01;2;7;0;2;3;5;1;
32933;202000021508;154 704 363;B01;1;7;0;2;4;2;1;
32934;202000021508;154 704 364;A01;1;30;0;2;1;2;1;
32935;202000021509;154 704 358;B01;3;7;0;0;4;1;1;
32936;202000021509;154 704 360;A01;0;7;0;2;1;12;1;
32937;202000021510;154 704 357;A01;2;33;0;2;1;1;1;
32938;202000021510;154 704 359;B01;1;7;0;2;8;26;1;
32939;202000021512;154 704 354;A01;1;7;0;1;2;16;1;
32940;202000021513;154 704 351;A01;2;32;14;0;8;1;1;
32941;202000021514;154 704 349;A01;2;7;4;0;1;14;1;
32942;202000021515;154 704 350;C01;2;7;12;0;2;1;1;
32943;202000021515;154 704 352;B01;2;7;0;2;5;1;1;
32944;202000021515;154 704 353;A01;2;7;0;2;3;2;1;
32945;202000021516;154 704 348;A01;2;7;4;0;3;13;1;
32946;202000021517;154 704 346;B01;1;7;0;2;0;1;0;
32947;202000021517;154 704 347;A01;1;7;0;2;0;1;0;
32948;202000021518;154 704 345;A01;1;31;0;9;1;1;1;
32949;202000021520;154 704 341;A01;2;7;0;2;4;21;1;
32950;202000021520;154 704 342;B01;2;7;0;2;2;2;1;
32951;202000021520;154 704 343;C01;2;7;0;2;1;2;1;
32952;202000021522;154 704 337;A01;0;1;0;1;1;1;5;
32953;202000021523;154 704 333;A01;1;7;0;2;1;1;1;
32954;202000021523;154 704 334;B01;1;7;0;2;4;1;1;
32955;202000021523;154 704 335;C01;1;7;0;2;4;1;1;
32956;202000021524;154 704 330;B01;0;7;0;2;3;2;1;
32957;202000021524;154 704 332;A01;0;7;0;2;1;2;1;
32958;202000021525;154 704 329;B01;0;1;0;2;1;1;5;
32959;202000021525;154 704 331;A01;0;7;0;2;2;15;1;
32960;202000021526;154 704 327;A01;3;7;0;2;7;15;1;
32961;202000021526;154 704 328;B01;3;7;0;2;2;1;1;
32962;202000021527;154 704 326;A01;1;7;0;1;2;11;1;
32963;202000021529;154 704 324;A01;3;7;0;1;3;15;0;
32964;202000021530;154 704 323;A01;2;7;0;1;7;1;1;
32965;202000021531;154 704 322;A01;1;99;0;0;0;26;1;
32966;202000021532;154 704 319;Z01;0;7;0;2;3;17;0;
32967;202000021532;154 704 320;B01;0;2;0;2;6;1;1;
32968;202000021533;154 704 321;A01;2;7;3;0;3;14;1;
32969;202000021534;154 704 317;A01;0;34;0;2;3;1;1;
32970;202000021534;154 704 318;B01;0;7;0;0;0;0;1;
32971;202000021535;154 704 315;B01;2;2;1;2;1;1;1;
32972;202000021535;154 704 316;A01;1;7;1;0;6;19;1;
32973;202000021536;154 704 313;B01;1;0;0;2;0;0;0;
32974;202000021536;154 704 314;A01;2;7;0;2;3;19;1;
32975;202000021537;154 704 310;C01;0;7;0;2;4;2;1;
32976;202000021537;154 704 311;B01;1;7;0;2;4;2;1;
32977;202000021537;154 704 312;A01;1;7;0;2;1;1;1;
32978;202000021538;154 704 308;B01;2;33;0;2;0;0;0;
32979;202000021538;154 704 309;A01;1;7;0;2;2;19;1;
32980;202000021539;154 704 307;A01;1;7;0;1;1;1;1;
32981;202000021540;154 704 304;A01;1;7;0;2;1;9;1;
32982;202000021540;154 704 306;B01;2;2;0;2;1;1;1;
32983;202000021541;154 704 303;Z01;2;7;0;2;1;2;1;
32984;202000021541;154 704 305;B01;2;7;0;2;4;23;1;
32985;202000021542;154 704 301;B01;2;7;0;2;6;2;1;
32986;202000021542;154 704 302;A01;2;7;0;2;3;2;1;
32987;202000021543;154 704 298;A01;1;30;0;2;3;19;1;
32988;202000021543;154 704 300;B01;1;7;0;2;2;1;1;
32989;202000021544;154 704 297;A01;1;7;0;2;7;15;1;
32990;202000021544;154 704 299;B01;3;7;0;2;1;2;1;
32991;202000021545;154 704 296;A01;3;7;2;0;1;20;1;
32992;202000021546;154 704 292;A01;1;10;0;2;1;1;1;
32993;202000021546;154 704 295;SB01;2;30;0;2;8;1;1;
32994;202000021547;154 704 291;C01;2;10;0;2;4;15;1;
32995;202000021547;154 704 293;A01;2;10;14;2;1;1;1;
32996;202000021547;154 704 294;B01;2;7;14;2;9;15;1;
32997;202000021548;154 704 290;A01;1;33;3;0;2;1;1;
32998;202000021549;154 704 287;B01;2;2;0;2;2;17;0;
32999;202000021549;154 704 289;A01;1;7;0;2;8;15;0;
33000;202000021550;154 704 284;A01;2;31;0;2;1;5;1;
33001;202000021550;154 704 285;B01;1;7;0;2;3;2;1;
33002;202000021551;154 704 286;A01;2;7;1;0;1;19;1;
33003;202000021551;154 704 288;B01;1;34;1;0;1;26;1;
33004;202000021552;154 704 283;A01;3;7;0;1;2;1;1;
33005;202000021553;154 704 281;A01;1;7;0;2;1;26;1;
33006;202000021553;154 704 282;B01;1;7;0;2;4;2;1;
33007;202000021554;154 704 278;B01;1;2;0;2;3;1;1;
33008;202000021554;154 704 279;Z01;2;10;0;2;2;15;1;
33009;202000021555;154 704 277;A01;1;17;0;2;1;13;1;
33010;202000021555;154 704 280;B01;2;7;0;2;1;1;1;
33011;202000021556;154 704 274;B01;2;7;0;2;1;19;1;
33012;202000021556;154 704 275;C01;2;10;0;2;1;23;1;
33013;202000021556;154 704 276;A01;1;7;12;0;1;19;1;
33014;202000021557;154 704 273;A01;3;1;0;0;1;19;5;
33015;202000021558;154 704 269;B01;3;1;0;2;8;1;5;
33016;202000021558;154 704 271;A01;2;7;0;2;2;16;2;
33017;202000021559;154 704 268;A01;1;33;0;2;7;1;1;
33018;202000021559;154 704 270;B01;1;10;0;0;0;1;1;
33019;202000021559;154 704 272;C01;1;31;0;2;1;1;1;
33020;202000021561;154 704 266;A01;1;7;6;0;1;26;1;
33021;202000021563;154 704 262;A01;2;7;0;2;1;2;1;
33022;202000021563;154 704 264;B01;2;10;0;2;4;23;1;
33023;202000021563;154 704 265;C01;2;7;0;2;4;2;1;
33024;202000021564;154 704 260;A01;2;33;0;2;1;2;1;
33025;202000021564;154 704 261;B01;2;7;0;2;4;2;1;
33026;202000021565;154 704 259;A01;1;30;0;0;8;26;1;
33027;202000021568;154 704 256;A01;1;34;14;0;2;13;3;
33028;202000021569;154 704 254;A01;1;33;0;1;1;18;1;
33029;202000021570;154 704 253;B01;1;33;0;2;1;1;0;
33030;202000021570;154 704 255;A01;2;7;0;2;3;15;1;
33031;202000021571;154 704 252;A01;2;30;12;0;1;9;1;
33032;202000021572;154 704 251;A01;1;32;0;1;1;1;1;
33033;202000021573;154 704 250;A01;1;32;0;0;0;26;1;
33034;202000021574;154 704 249;A01;2;10;0;1;5;4;1;
33035;202000021576;154 704 243;B01;2;2;0;2;1;5;1;
33036;202000021576;154 704 245;A01;2;7;0;2;6;15;1;
33037;202000021577;154 704 244;A01;1;10;0;2;3;22;1;
33038;202000021577;154 704 246;B01;1;1;0;2;1;1;5;
33039;202000021578;154 704 239;A01;1;33;0;2;1;2;1;
33040;202000021578;154 704 241;B01;1;33;0;2;4;23;3;
33041;202000021578;154 704 242;C01;1;7;0;2;6;23;1;
33042;202000021579;154 704 240;A01;1;7;0;1;4;4;0;
33043;202000021580;154 704 237;A01;0;99;14;0;0;26;0;
33044;202000021581;154 704 238;A01;1;10;0;1;1;15;1;
33045;202000021582;154 704 233;B01;2;7;0;2;5;23;1;
33046;202000021582;154 704 235;A01;2;30;0;2;1;3;1;
33047;202000021582;154 704 236;C01;2;7;0;2;2;23;1;
33048;202000021583;154 704 232;A01;1;32;0;2;2;13;1;
33049;202000021583;154 704 234;B01;1;7;0;2;6;1;1;
33050;202000021585;154 704 229;B01;3;2;0;2;1;2;1;
33051;202000021585;154 704 230;A01;3;10;0;2;4;26;1;
33052;202000021586;154 704 225;B01;1;33;0;2;3;15;1;
33053;202000021586;154 704 226;A01;1;33;0;2;1;7;1;
33054;202000021587;154 704 227;B01;2;33;0;2;4;23;1;
33055;202000021587;154 704 228;A01;2;7;0;2;1;2;1;
33056;202000021589;154 704 220;D01;1;7;4;2;5;2;1;
33057;202000021589;154 704 221;C01;1;7;4;2;6;2;1;
33058;202000021589;154 704 223;B01;1;7;0;2;3;2;1;
33059;202000021589;154 704 224;A01;1;7;0;2;1;2;1;
33060;202000021590;154 704 217;B01;2;33;0;2;2;1;3;
33061;202000021590;154 704 219;A01;1;7;0;2;1;15;1;
33062;202000021591;154 704 216;Z01;0;99;0;0;0;0;0;
33063;202000021591;154 704 218;A01;0;30;0;9;0;0;1;
33064;202000021592;154 704 214;B01;1;7;0;2;1;2;1;
33065;202000021592;154 704 215;A01;0;7;0;2;4;2;1;
33066;202000021593;154 704 213;A01;3;7;12;1;1;1;1;
33067;202000021594;154 704 211;A01;1;7;0;1;2;1;1;
33068;202000021595;154 704 210;B01;0;7;0;0;6;1;1;
33069;202000021595;154 704 212;A01;1;7;0;0;2;9;1;
33070;202000021596;154 704 205;C01;2;99;0;2;3;1;1;
33071;202000021596;154 704 207;B01;1;7;13;2;2;2;1;
33072;202000021596;154 704 209;A01;1;7;0;0;6;23;1;
33073;202000021597;154 704 206;B01;0;2;0;2;2;1;1;
33074;202000021597;154 704 208;A01;0;7;0;2;3;9;1;
33075;202000021598;154 704 204;A01;1;33;8;0;2;1;1;
33076;202000021599;154 704 199;A01;3;7;0;2;3;26;1;
33077;202000021599;154 704 201;B01;3;32;0;1;4;2;1;
33078;202000021599;154 704 203;C01;3;7;0;2;6;0;1;
33079;202000021600;154 704 200;A01;2;7;0;2;3;15;0;
33080;202000021600;154 704 202;B01;1;33;0;2;1;1;1;
33081;202000021601;154 704 197;B01;1;7;0;2;1;5;1;
33082;202000021601;154 704 198;A01;2;50;0;2;1;26;3;
33083;202000021602;154 704 196;A01;1;17;0;1;1;2;1;
33084;202000021603;154 704 194;A01;1;7;0;2;3;26;1;
33085;202000021603;154 704 195;B01;1;30;0;2;4;1;3;
33086;202000021604;154 704 192;B01;3;3;0;2;1;19;1;
33087;202000021604;154 704 193;A01;3;7;0;2;8;26;1;
33088;202000021606;154 704 189;A01;0;0;0;1;1;0;0;
33089;202000021607;154 704 188;A01;-1;7;0;1;5;10;2;
33090;202000021608;154 704 187;A01;-1;7;0;1;1;15;1;
33091;202000021610;154 704 183;A01;-1;30;0;2;8;11;1;
33092;202000021610;154 704 184;B01;-1;7;0;2;7;2;1;
33093;202000021611;154 704 182;A01;1;7;0;1;3;1;1;
33094;202000021612;154 704 180;A01;-1;7;0;2;3;2;1;
33095;202000021612;154 704 181;HB01;-1;30;0;2;1;2;1;
33096;202000021613;154 704 179;A01;1;7;15;0;1;1;1;
33097;202000021614;154 704 177;B01;0;7;0;2;2;9;0;
33098;202000021614;154 704 178;A01;0;7;1;2;1;1;1;
33099;202000021615;154 704 176;A01;1;10;0;1;2;1;1;
33100;202000021616;154 704 174;A01;2;7;0;2;3;10;1;
33101;202000021616;154 704 175;B01;2;43;0;2;0;17;1;
33102;202000021617;154 704 172;A01;2;7;0;2;1;1;1;
33103;202000021617;154 704 173;B01;3;60;0;2;8;19;5;
33104;202000021618;154 704 171;A01;2;34;0;1;3;1;1;
33105;202000021619;154 704 169;A01;1;32;0;2;1;1;0;
33106;202000021619;154 704 170;B01;1;1;0;0;8;15;0;
33107;202000021620;154 704 167;B01;3;50;0;2;7;19;3;
33108;202000021620;154 704 168;A01;3;7;0;9;3;16;1;
33109;202000021621;154 704 165;B01;1;14;0;2;2;12;0;
33110;202000021621;154 704 166;A01;1;7;0;2;3;1;0;
33111;202000021622;154 704 162;A01;2;10;0;2;8;1;0;
33112;202000021622;154 704 163;C01;2;10;0;2;7;1;0;
33113;202000021622;154 704 164;B01;2;10;0;2;4;1;0;
33114;202000021624;154 704 159;A01;1;1;13;0;2;1;5;
33115;202000021626;154 704 156;A01;1;7;13;0;1;1;0;