;Num_Acc;id_vehicule;num_veh;senc;catv;obs;obsm;choc;manv;motor;occutc
33116;202000021627;154 704 154;B01;2;7;0;0;1;23;1;
33117;202000021627;154 704 155;A01;2;10;0;2;4;4;1;
33118;202000021628;154 704 153;A01;3;7;0;1;1;1;1;
33119;202000021629;154 704 152;A01;2;31;8;0;1;1;1;
33120;202000021630;154 704 149;A01;3;10;0;2;1;1;1;
33121;202000021630;154 704 150;B01;3;7;0;2;1;1;1;
33122;202000021630;154 704 151;C01;3;7;0;2;4;15;1;
33123;202000021631;154 704 148;A01;2;7;0;1;3;1;1;
33124;202000021632;154 704 146;A01;2;10;1;2;5;1;1;
33125;202000021632;154 704 147;B01;1;7;0;2;3;16;1;
33126;202000021633;154 704 145;A01;1;7;7;0;1;1;1;
33127;202000021634;154 704 143;A01;3;7;0;2;1;1;1;
33128;202000021634;154 704 144;B01;0;36;0;2;1;1;1;
33129;202000021635;154 704 140;A01;3;7;0;2;1;1;1;
33130;202000021635;154 704 141;B01;3;7;0;2;4;1;1;
33131;202000021635;154 704 142;C01;3;7;0;2;4;1;1;
33132;202000021636;154 704 139;A01;1;7;13;0;2;14;1;
33133;202000021637;154 704 137;B01;1;7;0;2;3;1;1;
33134;202000021637;154 704 138;A01;1;7;0;2;1;15;1;
33135;202000021638;154 704 136;A01;-1;10;0;1;1;1;1;
33136;202000021639;154 704 135;A01;2;2;12;0;1;1;1;
33137;202000021640;154 704 134;A01;2;7;2;0;2;14;1;
33138;202000021641;154 704 132;B01;2;7;0;2;2;1;1;
33139;202000021641;154 704 133;A01;1;7;0;2;3;15;1;
33140;202000021642;154 704 130;A01;2;7;0;9;2;1;1;
33141;202000021642;154 704 131;B01;2;1;0;2;5;19;5;
33142;202000021643;154 704 128;A01;1;7;0;2;1;13;1;
33143;202000021643;154 704 129;B01;2;7;0;2;1;1;1;
33144;202000021645;154 704 125;A01;2;10;12;2;1;1;1;
33145;202000021645;154 704 126;B01;0;10;0;2;7;19;1;
33146;202000021646;154 704 124;A01;1;2;0;0;2;1;1;
33147;202000021647;154 704 121;C01;1;10;0;2;1;2;1;
33148;202000021647;154 704 122;B01;2;17;0;2;3;2;1;
33149;202000021647;154 704 123;A01;1;7;0;2;0;5;1;
33150;202000021648;154 704 120;A01;2;10;8;0;1;13;1;
33151;202000021649;154 704 119;A01;1;7;0;0;1;1;1;
33152;202000021650;154 704 118;A01;2;7;0;0;0;0;0;
33153;202000021652;154 704 113;A01;3;33;0;2;1;16;1;
33154;202000021652;154 704 114;B01;3;7;0;2;3;14;1;
33155;202000021653;154 704 111;B01;2;10;0;2;1;1;1;
33156;202000021653;154 704 112;A01;1;7;0;2;1;13;1;
33157;202000021654;154 704 109;B01;3;7;0;2;3;19;1;
33158;202000021654;154 704 110;A01;3;2;0;2;1;1;1;
33159;202000021655;154 704 108;A01;3;2;13;0;1;15;1;
33160;202000021656;154 704 105;A01;1;7;0;2;3;1;1;
33161;202000021656;154 704 106;B01;2;7;0;2;3;1;1;
33162;202000021657;154 704 104;A01;2;7;0;1;3;1;1;
33163;202000021658;154 704 102;A01;1;7;0;2;3;1;1;
33164;202000021658;154 704 103;B01;2;1;0;2;1;1;5;
33165;202000021659;154 704 101;A01;1;14;13;0;2;1;1;
33166;202000021660;154 704 099;A01;2;7;0;2;3;15;1;
33167;202000021660;154 704 100;B01;1;33;12;2;8;1;1;
33168;202000021661;154 704 096;A01;2;7;0;2;1;2;1;
33169;202000021661;154 704 097;B01;2;10;0;2;4;2;1;
33170;202000021661;154 704 098;C01;2;7;0;0;4;2;1;
33171;202000021662;154 704 093;A01;1;7;13;0;1;1;1;
33172;202000021663;154 704 091;B01;1;10;0;2;1;17;1;
33173;202000021663;154 704 092;A01;2;15;0;2;1;1;1;
33174;202000021664;154 704 090;A01;3;2;0;5;7;1;1;
33175;202000021665;154 704 088;A01;1;2;0;2;1;19;1;
33176;202000021665;154 704 089;B01;1;7;0;2;3;19;1;
33177;202000021666;154 704 086;A01;3;31;0;9;1;5;1;
33178;202000021666;154 704 087;B01;3;1;0;2;1;1;5;
33179;202000021667;154 704 084;A01;3;7;0;2;3;15;1;
33180;202000021667;154 704 085;B01;3;2;0;2;1;1;1;
33181;202000021668;154 704 083;A01;3;7;2;0;1;0;1;
33182;202000021669;154 704 081;A01;2;7;0;2;2;1;1;
33183;202000021669;154 704 082;B01;1;1;0;2;1;9;5;
33184;202000021670;154 704 079;A01;1;10;0;2;1;1;1;
33185;202000021670;154 704 080;B01;1;7;0;2;4;13;1;
33186;202000021671;154 704 077;A01;2;7;0;2;1;13;1;
33187;202000021671;154 704 078;B01;1;10;0;2;3;1;1;
33188;202000021673;154 704 073;A01;3;7;0;2;1;15;1;
33189;202000021673;154 704 074;B01;3;7;0;2;1;13;2;
33190;202000021674;154 704 072;A01;1;7;2;0;3;14;1;
33191;202000021675;154 704 070;A01;1;15;0;2;3;24;1;
33192;202000021675;154 704 071;B01;1;7;1;0;2;14;1;
33193;202000021676;154 704 069;A01;1;7;3;0;8;13;1;
33194;202000021677;154 704 068;A01;3;7;0;1;4;4;1;
33195;202000021678;154 704 065;C01;0;7;0;2;2;5;1;
33196;202000021678;154 704 066;B01;0;7;0;2;5;1;1;
33197;202000021678;154 704 067;A01;0;7;0;2;3;1;1;
33198;202000021679;154 704 063;A01;1;7;0;2;1;19;1;
33199;202000021679;154 704 064;B01;0;33;0;2;8;21;1;
33200;202000021680;154 704 062;A01;1;7;2;0;1;13;0;
33201;202000021681;154 704 060;B01;3;7;0;2;1;13;1;
33202;202000021681;154 704 061;A01;3;7;0;2;1;1;1;
33203;202000021682;154 704 058;B01;2;7;0;2;3;1;1;
33204;202000021682;154 704 059;A01;2;34;0;2;4;1;1;
33205;202000021683;154 704 056;B01;3;7;0;2;4;2;1;
33206;202000021683;154 704 057;A01;3;33;0;2;1;2;1;
33207;202000021684;154 704 054;B01;2;7;0;2;8;2;1;
33208;202000021684;154 704 055;A01;2;7;0;2;8;2;1;
33209;202000021685;154 704 053;A01;3;7;0;0;7;1;1;
33210;202000021686;154 704 051;A01;2;31;0;2;4;21;1;
33211;202000021686;154 704 052;B01;2;31;0;2;1;21;1;
33212;202000021687;154 704 049;B01;2;7;0;2;4;23;1;
33213;202000021687;154 704 050;A01;2;10;0;2;1;1;1;
33214;202000021688;154 704 048;A01;1;7;4;0;2;12;1;
33215;202000021690;154 704 040;A01;2;7;0;2;1;2;1;
33216;202000021690;154 704 041;B01;2;7;0;2;4;1;1;
33217;202000021690;154 704 042;C01;2;7;0;2;4;2;1;
33218;202000021690;154 704 043;D01;2;10;0;2;4;2;1;
33219;202000021690;154 704 044;E01;2;7;0;2;4;1;1;
33220;202000021690;154 704 045;F01;2;7;0;2;1;1;1;
33221;202000021691;154 704 037;A01;2;7;0;2;1;2;1;
33222;202000021691;154 704 038;B01;2;7;0;2;4;2;1;
33223;202000021691;154 704 039;C01;2;7;0;2;4;2;1;
33224;202000021692;154 704 035;A01;1;7;0;2;1;1;1;
33225;202000021692;154 704 036;B01;1;7;0;2;4;1;1;
33226;202000021694;154 704 032;A01;2;7;6;0;1;26;1;
33227;202000021695;154 704 030;A01;1;7;0;2;3;11;1;
33228;202000021695;154 704 031;B01;1;31;0;2;7;3;1;
33229;202000021696;154 704 027;B01;2;10;0;2;2;1;1;
33230;202000021696;154 704 028;C01;2;7;0;2;3;1;1;
33231;202000021696;154 704 029;A01;2;7;0;2;5;14;1;
33232;202000021697;154 704 026;A01;2;7;4;0;7;9;1;
33233;202000021698;154 704 024;B01;1;7;0;2;4;1;1;
33234;202000021698;154 704 025;A01;1;7;0;2;2;12;1;
33235;202000021699;154 704 022;B01;1;7;0;2;3;1;1;
33236;202000021699;154 704 023;A01;1;10;0;2;5;1;1;
33237;202000021700;154 704 021;A01;1;7;3;0;3;13;1;
33238;202000021701;154 704 020;A01;1;10;0;1;1;18;1;
33239;202000021703;154 704 016;A01;3;7;0;2;1;23;1;
33240;202000021703;154 704 017;B01;3;80;0;2;8;19;3;
33241;202000021704;154 704 015;A01;1;7;0;0;0;11;1;
33242;202000021705;154 704 013;A01;3;33;0;2;1;1;1;
33243;202000021705;154 704 014;B01;3;7;0;2;5;1;1;
33244;202000021706;154 704 011;B01;3;7;0;2;5;1;6;
33245;202000021706;154 704 012;A01;3;1;0;2;8;15;6;
33246;202000021707;154 704 010;A01;3;7;0;1;1;1;1;
33247;202000021708;154 704 008;B01;0;7;0;2;3;0;1;
33248;202000021708;154 704 009;A01;0;7;0;2;0;15;1;
33249;202000021709;154 704 006;A01;0;7;0;2;1;15;1;
33250;202000021709;154 704 007;B01;0;80;0;2;8;1;3;
33251;202000021712;154 704 001;A01;1;7;8;0;1;1;1;
33252;202000021713;154 703 997;A01;1;7;9;2;1;9;1;
33253;202000021713;154 703 998;B01;1;7;0;2;2;1;2;
33254;202000021713;154 703 999;C01;2;7;0;2;6;0;1;
33255;202000021713;154 704 000;D01;1;7;0;2;4;0;1;
33256;202000021714;154 703 995;A01;1;30;0;0;4;1;0;
33257;202000021714;154 703 996;B01;1;20;0;2;0;0;0;
33258;202000021716;154 703 992;A01;1;7;0;1;3;16;1;
33259;202000021717;154 703 990;A01;1;7;0;1;1;1;1;
33260;202000021718;154 703 989;A01;1;7;3;0;1;14;1;
33261;202000021719;154 703 988;A01;2;7;3;0;1;1;1;
33262;202000021720;154 703 987;A01;1;32;0;0;0;1;0;
33263;202000021721;154 703 986;A01;3;7;0;1;1;1;1;
33264;202000021722;154 703 984;B01;3;7;0;2;3;1;1;
33265;202000021722;154 703 985;A01;3;7;0;2;1;1;1;
33266;202000021723;154 703 983;A01;1;7;17;0;1;14;1;
33267;202000021724;154 703 982;A01;0;30;0;0;0;26;1;
33268;202000021725;154 703 980;B01;2;33;8;2;1;5;1;
33269;202000021725;154 703 981;A01;2;17;0;2;7;16;1;
33270;202000021726;154 703 979;A01;2;7;2;0;1;14;1;
33271;202000021727;154 703 978;A01;3;7;1;0;1;0;1;
33272;202000021728;154 703 977;A01;2;1;0;0;1;0;5;
33273;202000021729;154 703 974;C01;1;10;0;2;2;1;1;
33274;202000021729;154 703 975;B01;2;7;0;2;3;1;1;
33275;202000021729;154 703 976;A01;2;7;4;2;6;11;1;
33276;202000021730;154 703 973;A01;1;7;8;0;1;14;1;
33277;202000021731;154 703 971;B01;1;7;0;2;5;1;1;
33278;202000021731;154 703 972;A01;1;2;0;2;0;13;1;
33279;202000021732;154 703 970;A01;0;7;0;1;0;0;1;
33280;202000021733;154 703 968;A01;1;7;0;2;1;2;1;
33281;202000021733;154 703 969;B01;1;7;0;2;4;2;1;
33282;202000021734;154 703 966;A01;1;7;0;2;3;15;1;
33283;202000021734;154 703 967;B01;2;7;0;2;2;1;1;
33284;202000021735;154 703 964;A01;1;1;0;2;3;19;5;
33285;202000021735;154 703 965;B01;2;7;0;2;1;1;1;
33286;202000021736;154 703 962;B01;1;33;0;2;3;1;1;
33287;202000021736;154 703 963;A01;1;10;0;2;2;16;1;
33288;202000021737;154 703 960;B01;3;1;0;2;8;1;5;
33289;202000021737;154 703 961;A01;3;7;0;2;1;15;1;
33290;202000021738;154 703 958;B01;2;7;0;2;3;1;1;
33291;202000021738;154 703 959;A01;1;7;0;2;2;15;1;
33292;202000021739;154 703 956;B01;1;7;0;2;3;1;1;
33293;202000021739;154 703 957;A01;3;10;0;2;1;19;1;
33294;202000021740;154 703 955;A01;1;33;0;1;1;1;1;
33295;202000021741;154 703 953;A01;3;10;0;2;1;15;1;
33296;202000021741;154 703 954;B01;3;7;0;2;3;1;1;
33297;202000021742;154 703 952;A01;3;7;0;1;1;21;1;
33298;202000021743;154 703 951;A01;3;7;15;0;8;13;1;
33299;202000021744;154 703 948;B01;3;7;0;2;4;2;1;
33300;202000021744;154 703 949;A01;3;7;0;2;1;2;1;
33301;202000021745;154 703 947;A01;1;7;11;0;2;1;1;
33302;202000021746;154 703 946;A01;3;7;8;0;1;17;1;
33303;202000021747;154 703 945;A01;2;7;13;0;2;1;1;
33304;202000021748;154 703 943;B01;1;43;0;2;1;17;1;
33305;202000021748;154 703 944;A01;2;7;0;2;3;15;1;
33306;202000021749;154 703 941;A01;1;33;0;2;2;2;1;
33307;202000021749;154 703 942;B01;1;99;0;2;6;2;1;
33308;202000021750;154 703 940;A01;2;7;2;0;7;1;1;
33309;202000021751;154 703 938;B01;1;7;0;2;4;2;1;
33310;202000021751;154 703 939;A01;1;13;0;2;1;2;1;
33311;202000021754;154 703 934;A01;3;2;0;0;7;16;1;
33312;202000021755;154 703 933;A01;1;7;6;0;0;1;1;
33313;202000021756;154 703 931;B01;0;7;0;2;3;1;0;
33314;202000021756;154 703 932;A01;0;2;0;2;3;13;0;
33315;202000021757;154 703 930;A01;1;7;13;0;1;14;1;
33316;202000021758;154 703 926;A01;1;7;0;2;2;15;1;
33317;202000021758;154 703 927;B01;2;7;0;2;3;1;1;
33318;202000021759;154 703 924;B01;2;7;0;2;3;2;1;
33319;202000021759;154 703 925;A01;1;7;0;2;3;13;1;
33320;202000021760;154 703 923;A01;3;32;0;0;3;14;1;
33321;202000021761;154 703 922;A01;3;1;6;0;1;1;5;
33322;202000021762;154 703 921;A01;1;31;0;6;8;19;1;
33323;202000021763;154 703 920;A01;1;7;0;0;0;0;1;
33324;202000021764;154 703 918;A01;2;7;0;5;3;0;1;
33325;202000021764;154 703 919;B01;1;99;0;2;7;0;6;
33326;202000021765;154 703 916;A01;1;10;0;0;6;15;1;
33327;202000021765;154 703 917;B01;1;7;0;2;1;1;1;
33328;202000021766;154 703 914;A01;1;38;0;2;3;1;1;1.0
33329;202000021766;154 703 915;B01;2;10;0;2;1;1;1;
33330;202000021767;154 703 913;A01;1;7;6;0;1;1;1;
33331;202000021769;154 703 909;A01;2;7;0;2;3;1;0;
33332;202000021769;154 703 910;B01;1;7;0;2;3;1;0;
33333;202000021770;154 703 908;A01;3;7;0;1;2;1;1;
33334;202000021771;154 703 907;A01;1;7;13;0;3;1;1;
33335;202000021772;154 703 906;A01;0;7;0;1;4;4;1;
33336;202000021774;154 703 902;B01;1;20;0;0;6;1;1;
33337;202000021774;154 703 903;A01;1;33;0;2;1;2;1;
33338;202000021775;154 703 901;A01;1;33;0;0;7;16;1;
33339;202000021776;154 703 900;A01;0;1;0;0;0;1;5;
33340;202000021777;154 703 899;A01;1;7;3;0;1;1;1;
33341;202000021778;154 703 898;A01;2;7;4;0;1;26;1;
33342;202000021779;154 703 896;B01;2;7;0;2;7;1;1;
33343;202000021779;154 703 897;A01;2;7;0;2;8;11;1;
33344;202000021780;154 703 894;B01;2;10;0;2;1;2;1;
33345;202000021780;154 703 895;A01;2;10;0;2;5;2;1;
33346;202000021781;154 703 892;A01;1;33;0;2;1;2;1;
33347;202000021781;154 703 893;B01;1;7;0;2;4;2;1;
33348;202000021782;154 703 888;D01;1;7;0;2;4;1;1;
33349;202000021782;154 703 889;C01;1;7;0;2;4;1;1;
33350;202000021782;154 703 890;B01;1;7;0;2;4;1;1;
33351;202000021782;154 703 891;A01;1;7;0;2;1;1;1;
33352;202000021783;154 703 885;C01;1;7;0;2;4;1;1;
33353;202000021783;154 703 886;A01;1;7;0;2;1;1;1;
33354;202000021783;154 703 887;B01;1;7;0;2;4;1;1;
33355;202000021784;154 703 884;A01;1;7;3;0;1;9;1;
33356;202000021785;154 703 882;A01;2;7;0;2;1;2;1;
33357;202000021785;154 703 883;B01;2;7;0;2;4;2;1;
33358;202000021786;154 703 879;C01;1;33;0;2;4;1;1;
33359;202000021786;154 703 880;A01;2;7;0;2;1;1;1;
33360;202000021786;154 703 881;B01;2;7;4;2;1;1;1;
33361;202000021787;154 703 876;C01;2;7;0;2;1;1;1;
33362;202000021787;154 703 877;B01;2;7;0;2;4;1;1;
33363;202000021787;154 703 878;A01;2;7;0;2;4;1;1;
33364;202000021788;154 703 874;A01;2;7;0;2;3;11;1;
33365;202000021788;154 703 875;B01;2;34;4;2;7;3;1;
33366;202000021789;154 703 873;A01;2;7;0;1;1;1;1;
33367;202000021790;154 703 872;A01;3;7;6;0;7;20;1;
33368;202000021791;154 703 871;A01;1;1;0;1;1;25;5;
33369;202000021792;154 703 869;A01;1;1;0;2;8;15;5;
33370;202000021792;154 703 870;B01;1;33;0;2;7;1;6;
33371;202000021793;154 703 868;A01;2;50;0;0;0;26;3;
33372;202000021794;154 703 866;A01;1;10;0;2;7;15;1;
33373;202000021794;154 703 867;B01;1;2;0;2;1;1;1;
33374;202000021796;154 703 862;B01;2;7;0;9;4;23;1;
33375;202000021796;154 703 863;A01;1;7;0;2;1;26;1;
33376;202000021797;154 703 860;A01;1;7;0;2;3;0;1;
33377;202000021797;154 703 861;B01;1;7;0;2;3;0;1;
33378;202000021798;154 703 859;A01;3;10;0;1;1;15;1;
33379;202000021799;154 703 858;A01;0;7;0;1;1;1;1;
33380;202000021800;154 703 857;A01;0;7;0;1;1;1;1;
33381;202000021801;154 703 855;B01;0;7;0;2;1;1;1;
33382;202000021801;154 703 856;A01;0;2;0;2;1;13;1;
33383;202000021802;154 703 853;A01;2;7;0;2;3;15;1;
33384;202000021802;154 703 854;B01;1;2;0;2;8;1;1;
33385;202000021803;154 703 851;A01;2;7;0;2;2;1;1;
33386;202000021803;154 703 852;B01;2;31;0;2;5;0;1;
33387;202000021804;154 703 850;A01;2;7;0;1;3;16;1;
33388;202000021805;154 703 849;Z01;3;7;0;1;2;1;0;
33389;202000021806;154 703 846;B01;1;1;0;2;1;1;5;
33390;202000021806;154 703 847;C01;1;7;0;2;2;1;1;
33391;202000021806;154 703 848;A01;1;7;1;2;1;19;1;
33392;202000021807;154 703 844;A01;2;7;0;2;2;15;1;
33393;202000021807;154 703 845;B01;1;2;0;2;0;0;1;
33394;202000021808;154 703 842;A01;3;32;0;2;0;0;1;
33395;202000021808;154 703 843;Z01;3;7;0;0;0;10;1;
33396;202000021809;154 703 840;B01;1;7;0;2;7;16;1;
33397;202000021809;154 703 841;A01;1;32;0;2;1;18;1;
33398;202000021810;154 703 838;A01;0;32;0;2;1;1;1;
33399;202000021810;154 703 839;B01;0;7;0;2;5;15;1;
33400;202000021811;154 703 837;A01;2;7;0;1;3;1;1;
33401;202000021812;154 703 835;A01;1;7;0;2;3;11;1;
33402;202000021812;154 703 836;B01;1;2;0;2;1;1;1;
33403;202000021813;154 703 834;A01;2;80;0;1;1;1;3;
33404;202000021814;154 703 832;A01;2;7;0;2;3;22;1;
33405;202000021814;154 703 833;B01;2;1;0;2;1;1;5;
33406;202000021816;154 703 829;A01;2;99;0;0;0;16;1;
33407;202000021817;154 703 827;A01;1;7;0;2;1;2;1;
33408;202000021817;154 703 828;B01;1;33;0;2;4;1;1;
33409;202000021819;154 703 824;A01;1;32;0;2;1;1;1;
33410;202000021819;154 703 825;B01;1;7;0;2;3;1;1;
33411;202000021820;154 703 822;B01;1;2;0;2;0;0;0;
33412;202000021820;154 703 823;A01;1;3;0;2;2;26;0;
33413;202000021821;154 703 821;A01;1;7;1;0;6;20;3;
33414;202000021822;154 703 820;A01;1;33;0;6;0;21;1;
33415;202000021823;154 703 819;A01;2;10;0;1;1;5;1;
33416;202000021824;154 703 817;A01;1;33;0;2;7;17;1;
33417;202000021824;154 703 818;B01;1;14;0;2;6;15;1;
33418;202000021825;154 703 815;A01;1;15;0;2;2;12;1;
33419;202000021825;154 703 816;B01;1;14;13;0;6;1;1;
33420;202000021826;154 703 813;A01;2;7;4;2;1;2;1;
33421;202000021826;154 703 814;B01;2;17;0;0;4;2;1;
33422;202000021827;154 703 812;A01;3;1;0;1;1;0;5;
33423;202000021828;154 703 810;A01;2;7;6;2;3;16;1;
33424;202000021828;154 703 811;B01;1;14;0;2;2;1;1;
33425;202000021829;154 703 808;A01;2;7;0;1;2;2;1;
33426;202000021829;154 703 809;B01;2;7;0;2;6;2;1;
33427;202000021830;154 703 806;A01;2;7;13;0;2;0;1;
33428;202000021832;154 703 803;A01;0;7;0;9;1;19;1;
33429;202000021832;154 703 804;B01;0;1;0;2;7;1;5;
33430;202000021833;154 703 802;A01;2;7;6;0;2;14;1;
33431;202000021834;154 703 801;A01;2;7;6;0;1;13;1;
33432;202000021835;154 703 799;B01;2;31;0;2;1;1;1;
33433;202000021835;154 703 800;A01;1;7;0;0;8;20;1;
33434;202000021836;154 703 798;A01;3;7;2;0;3;1;1;
33435;202000021837;154 703 797;A01;1;10;3;0;9;17;1;
33436;202000021838;154 703 795;A01;1;38;0;2;7;2;1;1.0
33437;202000021838;154 703 796;B01;1;1;0;2;8;15;6;
33438;202000021839;154 703 793;A01;1;7;0;2;2;15;1;
33439;202000021839;154 703 794;B01;2;7;0;2;1;1;1;
33440;202000021840;154 703 792;A01;1;7;2;0;1;0;1;
33441;202000021841;154 703 790;A01;2;7;0;9;3;9;1;
33442;202000021841;154 703 791;B01;2;1;0;2;2;1;6;
33443;202000021842;154 703 786;B01;1;2;0;2;1;2;1;
33444;202000021842;154 703 787;A01;0;7;0;0;6;1;1;
33445;202000021843;154 703 784;B01;0;7;0;2;1;1;1;
33446;202000021843;154 703 785;A01;0;7;0;2;2;15;1;
33447;202000021844;154 703 782;B01;1;15;0;2;8;1;1;
33448;202000021844;154 703 783;A01;2;7;0;2;3;5;1;
33449;202000021845;154 703 781;A01;2;7;13;0;3;0;1;
33450;202000021846;154 703 780;A01;2;43;7;0;1;1;1;
33451;202000021847;154 703 779;A01;2;33;6;0;1;0;0;
33452;202000021848;154 703 777;A01;3;7;0;2;3;9;1;
33453;202000021848;154 703 778;B01;1;34;0;2;1;1;1;
33454;202000021849;154 703 775;B01;2;33;0;2;2;1;1;
33455;202000021849;154 703 776;A01;1;7;0;2;5;15;1;
33456;202000021850;154 703 773;B01;1;38;0;0;7;15;1;1.0
33457;202000021850;154 703 774;A01;2;2;0;2;1;1;1;
33458;202000021851;154 703 772;A01;1;7;0;0;1;13;1;
33459;202000021852;154 703 770;A01;1;7;0;2;2;17;1;
33460;202000021852;154 703 771;B01;2;7;0;2;8;1;1;
33461;202000021853;154 703 769;A01;1;7;0;1;1;15;1;
33462;202000021854;154 703 768;A01;2;7;0;1;1;16;1;
33463;202000021856;154 703 764;A01;1;7;0;2;2;9;1;
33464;202000021856;154 703 765;B01;1;7;0;2;8;1;6;
33465;202000021857;154 703 761;A01;3;33;0;2;1;5;1;
33466;202000021857;154 703 762;B01;3;7;0;2;2;23;1;
33467;202000021857;154 703 763;C01;3;7;0;2;3;23;1;
33468;202000021858;154 703 759;A01;2;10;0;2;2;9;1;
33469;202000021858;154 703 760;B01;1;2;0;2;1;21;1;
33470;202000021859;154 703 758;A01;1;7;0;1;3;1;1;
33471;202000021860;154 703 757;A01;1;32;0;1;1;1;1;
33472;202000021861;154 703 756;A01;3;10;0;1;1;1;1;
33473;202000021862;154 703 755;A01;1;0;0;0;0;26;0;
33474;202000021863;154 703 754;A01;0;7;0;1;7;14;1;
33475;202000021866;154 703 749;B01;3;7;0;2;1;1;1;
33476;202000021866;154 703 750;A01;3;50;0;2;1;5;3;
33477;202000021867;154 703 747;B01;1;1;0;2;8;1;5;
33478;202000021867;154 703 748;A01;1;7;0;2;7;14;1;
33479;202000021868;154 703 745;B01;1;7;0;2;5;16;1;
33480;202000021868;154 703 746;A01;1;7;0;2;3;16;1;
33481;202000021869;154 703 742;C01;1;7;0;2;4;2;1;
33482;202000021869;154 703 743;B01;1;7;0;2;1;2;1;
33483;202000021869;154 703 744;A01;1;7;0;2;0;9;1;
33484;202000021870;154 703 740;B01;1;30;0;2;8;1;1;
33485;202000021870;154 703 741;Z01;1;7;0;2;0;0;1;
33486;202000021871;154 703 738;B01;2;1;1;0;1;1;5;
33487;202000021871;154 703 739;A01;2;10;1;0;8;22;1;
33488;202000021873;154 703 735;A01;2;7;0;0;0;0;1;
33489;202000021873;154 703 736;B01;1;7;0;2;0;0;1;
33490;202000021874;154 703 733;A01;1;7;0;2;4;4;1;
33491;202000021874;154 703 734;B01;1;1;0;2;1;1;5;
33492;202000021875;154 703 731;B01;3;1;0;2;0;1;5;
33493;202000021875;154 703 732;A01;3;30;0;2;0;1;1;
33494;202000021876;154 703 729;B01;2;33;0;2;0;1;1;
33495;202000021876;154 703 730;A01;2;7;0;2;8;19;1;
33496;202000021877;154 703 728;A01;2;7;0;1;1;16;1;
33497;202000021878;154 703 726;A01;3;7;0;2;6;16;1;
33498;202000021878;154 703 727;B01;0;33;0;2;1;1;1;
33499;202000021879;154 703 724;A01;0;7;0;2;2;15;1;
33500;202000021879;154 703 725;B01;0;31;0;2;3;0;1;
33501;202000021880;154 703 722;B01;0;1;0;2;4;15;6;
33502;202000021880;154 703 723;A01;0;7;0;2;1;9;6;
33503;202000021882;154 703 719;A01;3;33;14;0;1;1;1;
33504;202000021883;154 703 717;B01;2;33;0;2;1;1;1;
33505;202000021883;154 703 718;A01;2;7;0;2;2;1;1;
33506;202000021884;154 703 716;A01;1;7;8;0;0;26;1;
33507;202000021885;154 703 714;B01;0;10;0;2;1;1;1;
33508;202000021885;154 703 715;A01;0;7;0;2;1;1;1;
33509;202000021886;154 703 713;A01;2;7;0;1;1;0;0;
33510;202000021887;154 703 711;B01;1;1;0;0;6;12;5;
33511;202000021887;154 703 712;A01;1;2;0;2;1;1;1;
33512;202000021888;154 703 708;A01;2;7;0;2;1;15;1;
33513;202000021888;154 703 709;C01;2;7;0;2;4;23;1;
33514;202000021888;154 703 710;B01;1;7;0;2;2;1;1;
33515;202000021889;154 703 706;A01;2;7;0;2;2;15;1;
33516;202000021889;154 703 707;B01;2;7;0;2;3;15;1;
33517;202000021891;154 703 704;A01;2;7;8;0;2;1;1;
33518;202000021892;154 703 703;A01;2;7;0;1;0;15;6;
33519;202000021894;154 703 700;B01;1;2;0;2;1;1;1;
33520;202000021894;154 703 701;A01;2;10;0;2;2;15;1;
33521;202000021895;154 703 698;B01;1;33;0;2;8;21;1;
33522;202000021895;154 703 699;A01;1;7;0;2;2;13;1;
33523;202000021896;154 703 696;A01;1;7;12;2;5;15;1;
33524;202000021896;154 703 697;B01;1;7;2;2;3;1;1;
33525;202000021897;154 703 694;A01;3;7;0;2;1;2;1;
33526;202000021897;154 703 695;B01;1;7;0;2;4;2;1;
33527;202000021898;154 703 692;B01;1;30;0;2;1;17;1;
33528;202000021898;154 703 693;A01;1;10;0;2;3;15;1;
33529;202000021899;154 703 690;A01;1;30;0;2;6;2;1;
33530;202000021899;154 703 691;B01;1;7;0;2;6;2;1;
33531;202000021900;154 703 688;A01;1;15;0;2;7;2;1;
33532;202000021900;154 703 689;B01;1;7;0;2;8;2;1;
33533;202000021901;154 703 686;B01;1;10;0;2;3;15;1;
33534;202000021901;154 703 687;A01;1;43;0;2;2;17;1;
33535;202000021902;154 703 684;B01;2;2;0;2;1;1;0;
33536;202000021902;154 703 685;A01;2;7;0;2;8;20;0;
33537;202000021903;154 703 682;B01;1;7;0;2;1;15;1;
33538;202000021903;154 703 683;A01;2;7;0;2;2;1;1;
33539;202000021904;154 703 680;A01;1;32;0;2;2;16;1;
33540;202000021904;154 703 681;B01;1;1;0;2;8;1;5;
33541;202000021906;154 703 676;A01;1;30;0;2;1;1;1;
33542;202000021906;154 703 677;B01;1;33;0;0;4;23;1;
33543;202000021907;154 703 674;A01;2;7;0;2;1;18;1;
33544;202000021907;154 703 675;B01;2;2;0;2;4;15;3;
33545;202000021908;154 703 673;A01;1;50;0;0;0;1;3;
33546;202000021910;154 703 669;B01;2;10;0;2;8;22;1;
33547;202000021910;154 703 670;A01;2;1;0;2;7;1;5;
33548;202000021911;154 703 667;B01;2;1;0;2;1;1;5;
33549;202000021911;154 703 668;A01;2;10;0;2;7;16;1;