;Num_Acc;id_vehicule;num_veh;senc;catv;obs;obsm;choc;manv;motor;occutc
33550;202000021912;154 703 665;B01;1;7;0;2;0;16;1;
33551;202000021912;154 703 666;A01;1;30;0;2;8;18;1;
33552;202000021913;154 703 663;A01;2;1;0;2;5;1;5;
33553;202000021913;154 703 664;B01;1;7;0;2;1;1;1;
33554;202000021914;154 703 660;C01;2;7;0;2;0;1;1;
33555;202000021914;154 703 661;B01;2;7;0;2;0;1;1;
33556;202000021914;154 703 662;A01;2;1;0;2;0;1;5;
33557;202000021915;154 703 658;A01;1;7;1;0;2;9;0;
33558;202000021915;154 703 659;B01;2;1;0;2;1;1;0;
33559;202000021916;154 703 656;B01;2;7;0;0;6;2;1;
33560;202000021916;154 703 657;A01;2;32;0;2;1;2;1;
33561;202000021917;154 703 654;A01;1;7;0;2;2;10;1;
33562;202000021917;154 703 655;B01;2;33;0;2;1;1;1;
33563;202000021918;154 703 652;A01;1;14;0;2;7;15;1;
33564;202000021918;154 703 653;B01;2;31;0;2;1;1;1;
33565;202000021919;154 703 650;B01;1;7;0;2;5;1;1;
33566;202000021919;154 703 651;A01;1;10;0;2;3;9;1;
33567;202000021920;154 703 648;B01;2;32;0;2;2;1;1;
33568;202000021920;154 703 649;A01;2;7;0;2;3;16;1;
33569;202000021921;154 703 647;A01;2;10;0;1;2;17;1;
33570;202000021922;154 703 645;B01;0;7;0;2;1;1;0;
33571;202000021922;154 703 646;A01;3;7;0;2;7;16;0;
33572;202000021923;154 703 644;A01;1;32;0;1;1;21;1;
33573;202000021924;154 703 642;A01;1;7;0;2;1;26;1;
33574;202000021924;154 703 643;B01;1;7;0;1;4;0;1;
33575;202000021925;154 703 640;B01;2;7;0;2;3;9;1;
33576;202000021925;154 703 641;A01;2;32;0;2;3;2;1;
33577;202000021926;154 703 639;A01;-1;7;0;1;3;15;0;
33578;202000021927;154 703 637;B01;2;10;0;2;6;20;1;
33579;202000021927;154 703 638;A01;2;10;0;2;2;2;1;
33580;202000021928;154 703 635;B01;3;7;0;2;5;23;1;
33581;202000021928;154 703 636;A01;3;7;0;2;1;1;1;
33582;202000021929;154 703 633;B01;3;7;0;2;2;1;1;
33583;202000021929;154 703 634;A01;1;32;9;2;1;1;1;
33584;202000021930;154 703 631;B01;2;2;0;2;3;1;1;
33585;202000021930;154 703 632;Z01;2;7;0;2;0;0;1;
33586;202000021931;154 703 629;B01;1;34;0;2;3;1;1;
33587;202000021931;154 703 630;A01;2;7;0;2;3;15;1;
33588;202000021932;154 703 627;B01;2;7;0;2;1;1;1;
33589;202000021932;154 703 628;A01;1;21;0;2;1;1;1;
33590;202000021933;154 703 625;A01;1;7;0;2;1;15;1;
33591;202000021933;154 703 626;B01;1;7;0;2;1;2;1;
33592;202000021934;154 703 624;A01;1;7;2;0;1;1;1;
33593;202000021935;154 703 623;A01;3;2;0;0;7;1;1;
33594;202000021936;154 703 622;A01;2;7;8;0;1;13;1;
33595;202000021937;154 703 620;A01;2;7;0;2;1;1;1;
33596;202000021937;154 703 621;B01;2;7;0;0;5;16;1;
33597;202000021938;154 703 617;A01;1;33;8;0;1;1;1;
33598;202000021939;154 703 615;B01;0;80;0;2;1;1;3;
33599;202000021939;154 703 616;A01;0;7;0;9;3;1;1;
33600;202000021940;154 703 614;A01;3;7;15;0;1;1;1;
33601;202000021941;154 703 613;A01;2;7;13;0;3;1;1;
33602;202000021942;154 703 612;A01;2;7;13;0;9;0;1;
33603;202000021943;154 703 610;B01;3;7;0;0;3;1;1;
33604;202000021943;154 703 611;A01;1;15;0;0;3;1;1;
33605;202000021944;154 703 609;A01;0;2;1;0;0;23;1;
33606;202000021945;154 703 607;A01;3;7;0;2;3;15;1;
33607;202000021945;154 703 608;B01;3;1;0;2;1;5;5;
33608;202000021946;154 703 605;B01;2;1;0;0;4;1;5;
33609;202000021946;154 703 606;A01;2;7;0;9;3;14;1;
33610;202000021947;154 703 603;B01;2;2;0;2;8;26;1;
33611;202000021947;154 703 604;A01;2;7;0;2;1;18;1;
33612;202000021948;154 703 601;A01;3;7;0;2;3;15;1;
33613;202000021948;154 703 602;B01;1;2;0;2;2;1;1;
33614;202000021949;154 703 600;A01;2;33;13;0;0;1;1;
33615;202000021950;154 703 599;A01;1;7;4;0;8;1;1;
33616;202000021951;154 703 598;A01;1;7;3;0;3;1;1;
33617;202000021952;154 703 597;A01;2;7;8;0;9;14;1;
33618;202000021954;154 703 592;A01;0;7;0;2;5;19;1;
33619;202000021954;154 703 593;B01;0;34;0;2;5;1;1;
33620;202000021955;154 703 590;A01;0;1;0;0;4;0;5;
33621;202000021955;154 703 591;B01;0;99;0;9;2;2;0;
33622;202000021956;154 703 585;A01;2;7;0;0;9;1;1;
33623;202000021957;154 703 584;A01;3;2;1;0;1;26;1;
33624;202000021958;154 703 582;A01;0;10;0;2;5;20;1;
33625;202000021958;154 703 583;B01;0;1;0;2;1;2;5;
33626;202000021959;154 703 580;A01;3;7;0;0;7;16;1;
33627;202000021959;154 703 581;B01;0;1;0;2;1;1;5;
33628;202000021960;154 703 578;B01;2;7;0;9;6;1;1;
33629;202000021960;154 703 579;A01;1;1;0;2;0;1;5;
33630;202000021961;154 703 577;A01;3;7;0;1;1;15;3;
33631;202000021962;154 703 575;B01;0;7;15;2;1;1;1;
33632;202000021962;154 703 576;A01;3;10;7;0;2;19;1;
33633;202000021963;154 703 574;A01;3;7;8;0;2;1;1;
33634;202000021964;154 703 572;B01;3;7;0;2;1;15;1;
33635;202000021964;154 703 573;A01;3;7;0;2;1;1;1;
33636;202000021965;154 703 570;B01;1;7;0;2;1;1;1;
33637;202000021965;154 703 571;A01;2;7;0;2;1;17;1;
33638;202000021966;154 703 569;A01;2;7;0;1;2;1;0;
33639;202000021967;154 703 567;A01;2;7;0;2;3;13;1;
33640;202000021967;154 703 568;B01;1;7;0;2;3;1;1;
33641;202000021968;154 703 565;B01;1;7;0;2;1;1;1;
33642;202000021968;154 703 566;A01;2;7;0;2;1;15;1;
33643;202000021970;154 703 562;B01;2;10;0;2;3;21;0;
33644;202000021970;154 703 563;A01;2;7;0;2;5;15;0;
33645;202000021971;154 703 560;A01;1;7;0;0;1;2;1;
33646;202000021971;154 703 561;B01;1;7;0;0;4;2;1;
33647;202000021972;154 703 557;C01;1;7;0;2;3;2;1;
33648;202000021972;154 703 558;B01;1;7;0;2;1;2;1;
33649;202000021972;154 703 559;A01;1;7;0;0;4;1;1;
33650;202000021974;154 703 553;A01;2;7;0;2;7;1;1;
33651;202000021974;154 703 554;B01;2;32;0;2;8;3;1;
33652;202000021976;154 703 550;A01;1;7;5;0;1;13;1;
33653;202000021977;154 703 549;A01;2;7;4;0;3;13;1;
33654;202000021978;154 703 546;C01;1;7;0;2;4;2;1;
33655;202000021978;154 703 547;B01;1;7;0;2;4;2;1;
33656;202000021978;154 703 548;A01;1;7;0;2;1;2;1;
33657;202000021979;154 703 544;A01;2;7;0;2;4;1;1;
33658;202000021979;154 703 545;B01;2;7;0;2;1;1;1;
33659;202000021981;154 703 538;C01;1;7;0;2;6;2;1;
33660;202000021981;154 703 539;D01;1;7;0;2;4;2;1;
33661;202000021981;154 703 540;B01;1;7;0;2;4;2;1;
33662;202000021981;154 703 541;A01;1;7;0;2;1;2;1;
33663;202000021982;154 703 536;A01;1;33;0;2;8;1;1;
33664;202000021982;154 703 537;B01;1;7;0;2;7;12;1;
33665;202000021983;154 703 534;B01;1;7;0;2;3;2;1;
33666;202000021983;154 703 535;A01;1;7;0;2;1;2;1;
33667;202000021984;154 703 532;B01;2;10;0;2;4;1;1;
33668;202000021984;154 703 533;A01;2;10;0;2;1;2;1;
33669;202000021985;154 703 530;B01;1;7;0;2;4;2;1;
33670;202000021985;154 703 531;A01;1;7;0;2;1;2;1;
33671;202000021986;154 703 527;A01;1;7;0;2;2;2;1;
33672;202000021986;154 703 528;B01;2;10;0;2;1;1;1;
33673;202000021986;154 703 529;C01;1;7;0;2;4;1;1;
33674;202000021987;154 703 524;C01;1;7;0;2;4;2;1;
33675;202000021987;154 703 525;A01;1;32;0;2;1;2;1;
33676;202000021987;154 703 526;B01;1;7;0;2;1;2;1;
33677;202000021988;154 703 522;A01;1;7;0;2;2;14;1;
33678;202000021988;154 703 523;B01;1;7;0;2;6;1;1;
33679;202000021989;154 703 520;A01;2;7;1;2;3;2;1;
33680;202000021989;154 703 521;B01;2;7;0;2;5;2;1;
33681;202000021991;154 703 515;Z01;1;10;0;2;1;1;1;
33682;202000021991;154 703 516;B01;1;7;0;2;4;1;1;
33683;202000021992;154 703 514;A01;2;7;4;0;1;14;1;
33684;202000021993;154 703 512;B01;2;7;0;2;4;2;1;
33685;202000021993;154 703 513;A01;2;7;0;2;1;2;1;
33686;202000021994;154 703 511;A01;2;33;0;0;9;1;1;
33687;202000021995;154 703 509;B01;2;31;0;2;8;3;1;
33688;202000021995;154 703 510;A01;2;7;0;2;7;12;1;
33689;202000021996;154 703 507;A01;2;33;0;2;3;3;1;
33690;202000021996;154 703 508;B01;2;7;0;2;5;1;1;
33691;202000021997;154 703 506;A01;1;7;0;1;3;2;1;
33692;202000021998;154 703 505;A01;0;7;0;1;1;1;0;
33693;202000021999;154 703 504;A01;1;7;0;1;1;15;1;
33694;202000022000;154 703 502;B01;1;7;0;2;8;26;1;
33695;202000022000;154 703 503;A01;1;2;0;2;1;26;1;
33696;202000022003;154 703 495;B01;2;32;0;2;1;1;1;
33697;202000022003;154 703 496;A01;1;7;0;2;3;15;1;
33698;202000022004;154 703 494;A01;2;7;1;0;3;13;1;
33699;202000022005;154 703 492;A01;1;10;0;9;8;1;1;
33700;202000022005;154 703 493;B01;1;50;0;2;1;19;3;
33701;202000022006;154 703 490;A01;1;7;0;2;5;15;1;
33702;202000022006;154 703 491;B01;2;34;0;2;1;1;6;
33703;202000022007;154 703 486;A01;2;7;0;2;1;2;1;
33704;202000022007;154 703 487;B01;2;7;0;2;5;1;1;
33705;202000022007;154 703 488;C01;2;10;0;2;1;2;1;
33706;202000022007;154 703 489;D01;2;7;0;2;0;0;1;
33707;202000022008;154 703 484;A01;2;7;0;2;7;16;1;
33708;202000022008;154 703 485;B01;2;0;0;2;0;0;0;
33709;202000022009;154 703 481;C01;2;7;0;2;8;24;1;
33710;202000022009;154 703 482;B01;1;7;0;2;4;1;1;
33711;202000022009;154 703 483;A01;1;7;0;2;1;2;1;
33712;202000022010;154 703 480;A01;1;31;0;1;1;1;1;
33713;202000022011;154 703 478;A01;2;31;0;0;2;1;1;
33714;202000022011;154 703 479;B01;1;10;0;0;0;0;1;
33715;202000022012;154 703 476;B01;0;3;0;2;4;2;3;
33716;202000022012;154 703 477;A01;1;7;0;2;2;2;1;
33717;202000022013;154 703 474;B01;3;33;0;2;7;1;1;
33718;202000022013;154 703 475;A01;3;7;0;2;8;1;1;
33719;202000022014;154 703 472;B01;1;7;0;2;5;1;1;
33720;202000022014;154 703 473;A01;1;7;0;2;3;1;1;
33721;202000022015;154 703 471;A01;3;10;0;1;4;20;1;
33722;202000022016;154 703 468;A01;2;7;0;1;1;19;1;
33723;202000022017;154 703 465;A01;3;7;0;2;2;15;1;
33724;202000022017;154 703 466;B01;3;7;0;2;3;1;1;
33725;202000022018;154 703 462;C01;2;13;0;2;1;1;0;
33726;202000022018;154 703 463;B01;2;7;0;2;1;1;0;
33727;202000022018;154 703 464;A01;2;7;0;2;1;1;0;
33728;202000022019;154 703 460;B01;2;7;0;2;4;2;1;
33729;202000022019;154 703 461;A01;2;14;0;2;1;2;1;
33730;202000022021;154 703 457;B01;2;7;0;2;3;26;1;
33731;202000022021;154 703 458;A01;1;7;0;2;3;13;1;
33732;202000022022;154 703 455;A01;1;2;0;2;2;2;1;
33733;202000022022;154 703 456;B01;1;7;0;2;6;1;1;
33734;202000022024;154 703 452;A01;0;7;0;1;1;1;1;
33735;202000022025;154 703 450;A01;0;7;0;2;1;13;1;
33736;202000022025;154 703 451;B01;0;7;0;2;3;1;1;
33737;202000022026;154 703 449;A01;1;7;0;1;2;26;1;
33738;202000022027;154 703 447;B01;1;33;9;0;1;1;1;
33739;202000022027;154 703 448;A01;2;7;9;2;3;15;1;
33740;202000022028;154 703 446;A01;3;37;0;1;7;1;1;1.0
33741;202000022029;154 703 445;A01;1;7;0;1;1;17;1;
33742;202000022030;154 703 444;A01;3;30;0;0;0;0;1;
33743;202000022031;154 703 443;A01;1;7;0;1;2;1;1;
33744;202000022032;154 703 441;A01;3;7;0;2;3;1;1;
33745;202000022032;154 703 442;B01;3;7;0;2;0;0;1;
33746;202000022033;154 703 439;A01;1;10;0;2;3;9;1;
33747;202000022033;154 703 440;B01;1;36;1;2;7;2;1;
33748;202000022034;154 703 437;A01;1;7;0;2;3;15;1;
33749;202000022034;154 703 438;B01;2;34;0;2;3;1;1;
33750;202000022035;154 703 435;A01;0;7;0;2;1;9;1;
33751;202000022035;154 703 436;B01;0;7;0;2;7;1;1;
33752;202000022036;154 703 433;A01;2;7;0;2;2;15;1;
33753;202000022036;154 703 434;B01;1;7;0;2;3;1;1;
33754;202000022037;154 703 431;A01;1;1;0;2;1;1;5;
33755;202000022037;154 703 432;B01;2;7;0;2;3;1;1;
33756;202000022038;154 703 429;A01;2;30;0;2;1;19;1;
33757;202000022038;154 703 430;B01;2;7;0;2;8;1;1;
33758;202000022039;154 703 428;A01;3;33;0;0;7;1;1;
33759;202000022040;154 703 426;B01;1;33;0;2;3;1;1;
33760;202000022040;154 703 427;A01;1;7;0;2;6;11;1;
33761;202000022041;154 703 424;B01;2;7;0;2;1;1;0;
33762;202000022041;154 703 425;A01;1;7;15;2;7;15;1;
33763;202000022042;154 703 423;A01;1;7;0;1;2;1;1;
33764;202000022043;154 703 421;B01;1;1;0;2;1;19;0;
33765;202000022043;154 703 422;A01;1;7;0;2;3;16;1;
33766;202000022044;154 703 419;A01;2;7;0;2;2;1;1;
33767;202000022044;154 703 420;B01;2;1;0;2;8;9;5;
33768;202000022045;154 703 417;B01;1;1;0;2;8;15;5;
33769;202000022045;154 703 418;A01;1;7;0;2;7;17;1;
33770;202000022046;154 703 416;Z01;1;7;0;1;4;4;1;
33771;202000022047;154 703 414;B01;1;7;0;2;4;2;1;
33772;202000022047;154 703 415;A01;1;7;0;2;1;2;1;
33773;202000022048;154 703 413;A01;1;7;0;1;1;20;1;
33774;202000022049;154 703 411;A01;1;7;0;2;8;15;1;
33775;202000022049;154 703 412;B01;2;2;0;2;1;1;1;
33776;202000022050;154 703 410;A01;3;7;7;0;2;26;1;
33777;202000022052;154 703 408;A01;3;7;0;1;3;1;1;
33778;202000022053;154 703 406;B01;1;7;0;2;1;1;1;
33779;202000022053;154 703 407;A01;1;7;0;2;1;1;1;
33780;202000022054;154 703 404;A01;1;7;0;2;0;0;1;
33781;202000022054;154 703 405;B01;1;7;0;2;0;0;1;
33782;202000022055;154 703 402;B01;0;7;0;2;0;0;1;
33783;202000022055;154 703 403;A01;1;1;0;2;0;1;5;
33784;202000022056;154 703 401;A01;1;30;0;0;0;1;1;
33785;202000022057;154 703 399;A01;1;7;0;2;6;13;1;
33786;202000022057;154 703 400;B01;2;7;0;2;1;1;1;
33787;202000022059;154 703 394;B01;2;7;0;2;0;0;1;
33788;202000022059;154 703 395;A01;2;7;0;2;3;26;6;
33789;202000022060;154 703 392;B01;3;1;0;9;1;0;5;
33790;202000022060;154 703 393;A01;3;1;0;9;1;17;5;
33791;202000022061;154 703 390;A01;1;31;0;2;3;7;1;
33792;202000022061;154 703 391;B01;1;7;0;2;2;16;1;
33793;202000022062;154 703 388;B01;3;7;0;2;8;1;1;
33794;202000022062;154 703 389;A01;3;15;0;2;2;12;1;
33795;202000022063;154 703 386;A01;3;33;0;2;0;17;1;
33796;202000022063;154 703 387;B01;3;7;0;2;1;1;1;
33797;202000022064;154 703 384;B01;1;31;0;2;1;1;1;
33798;202000022064;154 703 385;A01;2;7;0;2;2;1;1;
33799;202000022065;154 703 382;A01;3;7;0;2;1;2;1;
33800;202000022065;154 703 383;B01;3;7;0;2;4;2;1;
33801;202000022066;154 703 381;A01;1;7;1;0;2;1;1;
33802;202000022067;154 703 380;A01;1;7;0;1;1;1;1;
33803;202000022068;154 703 378;B01;1;7;0;0;0;0;0;
33804;202000022068;154 703 379;A01;1;7;0;2;3;1;0;
33805;202000022070;154 703 375;B01;0;34;0;2;1;1;1;
33806;202000022070;154 703 376;A01;0;31;0;2;4;16;1;
33807;202000022071;154 703 373;B01;0;1;0;2;8;19;5;
33808;202000022071;154 703 374;A01;1;7;0;2;2;1;1;
33809;202000022072;154 703 371;A01;2;7;0;2;7;14;1;
33810;202000022072;154 703 372;B01;2;32;0;2;1;1;1;
33811;202000022073;154 703 370;A01;0;10;0;1;3;1;1;
33812;202000022074;154 703 368;A01;3;7;0;9;2;1;1;
33813;202000022074;154 703 369;B01;3;1;0;2;1;0;5;
33814;202000022075;154 703 366;A01;1;7;0;2;3;22;1;
33815;202000022075;154 703 367;B01;1;1;0;2;3;1;5;
33816;202000022076;154 703 364;A01;0;7;0;2;7;19;1;
33817;202000022076;154 703 365;B01;2;1;0;2;1;1;5;
33818;202000022077;154 703 363;A01;2;33;0;9;3;1;1;
33819;202000022078;154 703 360;A01;0;10;0;1;1;1;1;
33820;202000022078;154 703 361;C01;2;7;0;1;3;1;1;
33821;202000022078;154 703 362;B01;2;7;0;1;8;1;1;
33822;202000022080;154 703 356;A01;1;7;0;2;2;17;1;
33823;202000022080;154 703 357;B01;1;14;0;2;6;0;1;
33824;202000022081;154 703 354;A01;1;7;0;2;1;1;1;
33825;202000022081;154 703 355;B01;1;7;0;2;4;1;1;
33826;202000022082;154 703 353;A01;3;7;12;0;2;13;1;
33827;202000022083;154 703 351;A01;2;7;0;2;1;1;1;
33828;202000022083;154 703 352;B01;1;33;0;2;7;1;1;
33829;202000022084;154 703 349;B01;2;7;0;2;1;0;1;
33830;202000022084;154 703 350;A01;2;7;0;2;3;0;1;
33831;202000022085;154 703 346;A01;1;33;0;2;7;15;1;
33832;202000022085;154 703 347;B01;2;7;0;2;1;1;1;
33833;202000022086;154 703 344;B01;2;50;0;2;2;19;3;
33834;202000022086;154 703 345;A01;2;7;0;2;3;2;0;
33835;202000022087;154 703 342;A01;3;10;0;2;3;9;3;
33836;202000022087;154 703 343;B01;1;31;0;2;8;1;1;
33837;202000022088;154 703 340;A01;3;7;1;2;3;15;1;
33838;202000022088;154 703 341;B01;3;1;1;0;2;1;5;
33839;202000022089;154 703 338;A01;3;7;0;2;1;9;1;
33840;202000022089;154 703 339;B01;1;2;0;2;7;1;1;
33841;202000022090;154 703 337;A01;1;7;0;1;4;4;1;
33842;202000022091;154 703 335;A01;1;10;0;2;3;15;1;
33843;202000022091;154 703 336;B01;1;10;0;2;1;1;1;
33844;202000022092;154 703 334;A01;1;7;0;1;0;15;1;
33845;202000022093;154 703 333;A01;2;7;0;1;1;1;0;
33846;202000022094;154 703 331;A01;1;7;0;2;1;9;1;
33847;202000022094;154 703 332;B01;1;32;0;1;4;2;1;
33848;202000022095;154 703 329;A01;0;1;0;2;1;19;0;
33849;202000022095;154 703 330;B01;3;7;0;2;7;1;1;
33850;202000022096;154 703 327;A01;2;7;0;2;3;16;1;
33851;202000022096;154 703 328;B01;3;1;0;2;5;1;5;
33852;202000022098;154 703 323;B01;1;2;0;2;6;2;1;
33853;202000022098;154 703 324;A01;1;2;0;2;2;17;1;
33854;202000022099;154 703 322;A01;1;30;0;1;1;18;1;
33855;202000022101;154 703 318;A01;2;7;0;2;5;22;1;
33856;202000022101;154 703 319;B01;2;1;0;2;1;18;5;
33857;202000022102;154 703 316;B01;1;1;0;2;0;1;5;
33858;202000022102;154 703 317;A01;1;1;0;2;0;1;5;
33859;202000022103;154 703 314;B01;2;32;0;2;2;17;1;
33860;202000022103;154 703 315;A01;2;7;0;2;3;15;1;
33861;202000022105;154 703 310;B01;1;7;0;2;3;15;1;
33862;202000022105;154 703 311;A01;2;30;0;2;2;17;1;
33863;202000022106;154 703 308;A01;2;10;0;2;2;16;1;
33864;202000022106;154 703 309;B01;1;1;0;2;3;1;5;
33865;202000022107;154 703 306;A01;1;10;0;2;1;1;1;
33866;202000022107;154 703 307;B01;1;7;0;2;4;23;1;
33867;202000022108;154 703 302;A01;2;7;0;2;1;15;1;
33868;202000022108;154 703 303;B01;1;32;0;2;0;1;1;
33869;202000022109;154 703 300;B01;2;7;0;2;7;1;1;
33870;202000022109;154 703 301;A01;2;1;0;2;1;19;5;
33871;202000022110;154 703 299;A01;1;32;0;1;1;1;1;
33872;202000022111;154 703 297;A01;2;7;0;2;5;22;1;
33873;202000022111;154 703 298;B01;2;1;0;2;3;18;5;
33874;202000022112;154 703 296;A01;3;7;7;0;3;15;2;
33875;202000022113;154 703 295;Z01;1;7;0;1;2;16;0;
33876;202000022114;154 703 293;B01;1;30;0;2;7;1;3;
33877;202000022114;154 703 294;A01;1;50;0;2;1;19;3;
33878;202000022115;154 703 291;B01;1;14;0;2;0;16;1;
33879;202000022115;154 703 292;A01;1;7;0;2;3;18;1;
33880;202000022116;154 703 290;A01;1;7;0;1;3;7;2;
33881;202000022117;154 703 288;A01;2;80;0;2;1;1;3;
33882;202000022117;154 703 289;B01;2;10;0;2;3;1;1;
33883;202000022118;154 703 287;A01;1;1;0;0;1;1;5;
33884;202000022119;154 703 286;A01;1;31;0;1;1;18;1;
33885;202000022120;154 703 285;A01;1;7;0;1;1;16;1;
33886;202000022121;154 703 282;C01;1;7;0;2;4;1;0;
33887;202000022121;154 703 283;A01;1;7;0;2;1;2;0;
33888;202000022121;154 703 284;B01;3;7;0;2;4;1;0;
33889;202000022122;154 703 280;A01;-1;7;0;2;4;23;0;
33890;202000022122;154 703 281;B01;-1;15;0;2;1;0;0;
33891;202000022123;154 703 277;C01;-1;32;0;2;3;1;1;
33892;202000022123;154 703 278;B01;1;32;0;2;3;1;1;
33893;202000022123;154 703 279;A01;-1;7;0;0;0;0;0;
33894;202000022124;154 703 275;A01;1;30;0;2;1;1;0;
33895;202000022124;154 703 276;B01;1;1;0;2;8;1;0;
33896;202000022125;154 703 274;A01;2;30;0;1;1;26;1;
33897;202000022126;154 703 271;A01;0;7;0;2;3;1;0;
33898;202000022126;154 703 272;Y01;0;60;0;2;0;0;5;
33899;202000022127;154 703 270;A01;0;34;0;1;1;26;1;
33900;202000022128;154 703 269;A01;2;1;8;0;2;14;5;
33901;202000022129;154 703 267;A01;2;99;1;2;1;14;0;
33902;202000022129;154 703 268;B01;1;31;0;2;1;1;0;
33903;202000022130;154 703 265;A01;2;7;0;2;2;1;1;
33904;202000022130;154 703 266;B01;2;1;0;0;3;1;0;
33905;202000022131;154 703 262;B01;0;7;0;2;2;2;1;
33906;202000022131;154 703 263;A01;0;7;0;2;3;10;1;
33907;202000022133;154 703 259;B01;1;7;0;2;3;1;1;
33908;202000022133;154 703 260;A01;2;32;0;2;8;1;1;
33909;202000022134;154 703 258;Z01;2;10;0;1;4;4;0;
33910;202000022135;154 703 256;B01;2;1;0;2;1;1;5;
33911;202000022135;154 703 257;A01;2;7;0;2;8;22;1;
33912;202000022136;154 703 254;B01;2;10;0;2;1;9;1;
33913;202000022136;154 703 255;A01;2;2;0;2;7;1;1;
33914;202000022138;154 703 251;B01;2;33;0;2;1;1;1;
33915;202000022138;154 703 252;A01;1;7;0;2;1;15;1;
33916;202000022139;154 703 250;A01;1;33;15;0;1;14;1;
33917;202000022140;154 703 249;A01;2;7;0;1;2;1;0;
33918;202000022141;154 703 247;B01;2;1;0;0;4;2;5;
33919;202000022141;154 703 248;A01;2;10;0;1;1;2;1;
33920;202000022142;154 703 245;B01;2;14;0;2;3;1;1;
33921;202000022142;154 703 246;A01;1;7;0;2;1;5;6;
33922;202000022144;154 703 241;A01;0;7;0;2;2;15;0;
33923;202000022144;154 703 242;B01;2;33;1;2;3;1;0;
33924;202000022144;154 703 243;D01;1;7;0;2;8;1;0;
33925;202000022145;154 703 240;A01;3;7;5;0;1;0;1;
33926;202000022146;154 703 236;A01;2;10;0;0;3;15;1;
33927;202000022146;154 703 237;B01;1;7;0;0;3;1;1;
33928;202000022147;154 703 234;B01;3;33;0;0;9;26;1;
33929;202000022147;154 703 235;A01;0;33;0;0;9;19;1;
33930;202000022148;154 703 233;A01;3;7;0;1;4;4;1;
33931;202000022149;154 703 232;A01;2;7;0;0;9;0;6;
33932;202000022150;154 703 230;B01;3;14;0;2;8;1;1;
33933;202000022150;154 703 231;A01;3;1;0;2;3;13;5;
33934;202000022151;154 703 228;B01;1;14;0;2;2;24;1;
33935;202000022151;154 703 229;A01;2;7;1;0;2;1;1;
33936;202000022152;154 703 226;B01;1;7;8;0;4;2;1;
33937;202000022152;154 703 227;A01;1;10;0;2;1;2;1;
33938;202000022153;154 703 224;A01;2;33;0;9;1;1;1;
33939;202000022153;154 703 225;B01;2;1;0;0;8;15;5;
33940;202000022154;154 703 221;A01;1;33;0;0;7;1;1;
33941;202000022155;154 703 220;A01;1;2;8;0;7;14;1;
33942;202000022156;154 703 218;A01;3;7;0;0;0;1;1;
33943;202000022156;154 703 219;B01;3;14;0;0;0;1;1;
33944;202000022157;154 703 216;B01;1;7;0;2;1;1;1;
33945;202000022157;154 703 217;A01;2;10;0;2;1;5;1;
33946;202000022158;154 703 214;A01;2;17;0;2;8;1;1;
33947;202000022158;154 703 215;B01;1;17;0;2;1;1;1;
33948;202000022159;154 703 213;A01;3;7;0;1;3;1;1;
33949;202000022161;154 703 211;A01;3;1;14;0;1;1;5;
33950;202000022162;154 703 209;B01;1;10;0;2;2;16;1;
33951;202000022162;154 703 210;A01;1;30;0;2;1;1;1;
33952;202000022164;154 703 205;B01;1;34;0;2;1;1;1;
33953;202000022164;154 703 206;A01;2;7;0;2;2;15;1;
33954;202000022166;154 703 202;B01;3;32;0;2;2;15;0;
33955;202000022166;154 703 203;A01;3;7;0;2;3;1;6;
33956;202000022167;154 703 200;B01;1;7;0;2;8;15;1;
33957;202000022167;154 703 201;A01;1;30;0;2;0;0;1;
33958;202000022168;154 703 199;A01;3;7;0;1;4;26;1;
33959;202000022169;154 703 197;A01;3;7;0;2;3;1;1;
33960;202000022169;154 703 198;B01;3;7;0;1;7;1;1;
33961;202000022170;154 703 196;A01;2;7;0;1;1;1;1;
33962;202000022171;154 703 195;A01;3;50;12;0;1;26;3;
33963;202000022172;154 703 193;A01;1;10;0;2;1;26;1;
33964;202000022172;154 703 194;B01;2;7;0;2;1;26;1;
33965;202000022173;154 703 192;A01;3;10;0;1;4;26;1;
33966;202000022174;154 703 191;A01;3;7;15;0;1;9;1;
33967;202000022176;154 703 188;B01;2;7;0;1;2;16;1;
33968;202000022177;154 703 186;A01;2;30;0;2;1;19;1;
33969;202000022177;154 703 187;B01;1;30;0;2;0;19;1;
33970;202000022178;154 703 185;A01;1;31;0;0;2;1;1;
33971;202000022179;154 703 184;A01;0;7;6;0;1;1;1;
33972;202000022180;154 703 182;A01;2;50;0;2;1;1;3;
33973;202000022180;154 703 183;B01;1;7;0;2;8;22;2;
33974;202000022181;154 703 181;A01;1;7;0;1;7;16;1;
33975;202000022182;154 703 180;A01;2;30;12;0;2;16;1;
33976;202000022183;154 703 178;B01;1;7;0;2;1;1;1;
33977;202000022183;154 703 179;A01;3;7;13;2;7;1;1;
33978;202000022184;154 703 177;A01;3;7;7;0;3;2;0;
33979;202000022186;154 703 175;A01;2;33;0;0;0;1;1;
33980;202000022187;154 703 173;D01;1;7;-1;2;2;19;1;
33981;202000022187;154 703 174;B01;1;33;0;2;3;1;1;
33982;202000022188;154 703 172;A01;3;21;0;0;0;10;1;