;Num_Acc;id_vehicule;num_veh;senc;catv;obs;obsm;choc;manv;motor;occutc
33983;202000022189;154 703 170;A01;2;60;0;0;9;1;5;
33984;202000022190;154 703 169;A01;3;2;0;1;1;21;1;
33985;202000022191;154 703 168;A01;2;7;2;0;3;1;1;
33986;202000022192;154 703 166;B01;2;50;0;0;8;1;3;
33987;202000022192;154 703 167;A01;1;7;0;2;3;1;1;
33988;202000022193;154 703 165;A01;2;7;6;0;3;1;1;
33989;202000022194;154 703 162;A01;2;7;13;0;1;2;0;
33990;202000022195;154 703 160;B01;1;32;0;2;2;1;1;
33991;202000022195;154 703 161;A01;1;10;0;2;1;9;1;
33992;202000022196;154 703 159;A01;2;7;0;0;0;26;1;
33993;202000022197;154 703 158;A01;1;34;4;0;1;1;0;
33994;202000022198;154 703 155;C01;2;7;0;2;7;21;1;
33995;202000022198;154 703 156;B01;2;7;0;2;4;2;1;
33996;202000022198;154 703 157;A01;2;7;0;2;1;2;1;
33997;202000022199;154 703 151;D01;2;7;0;2;4;2;2;
33998;202000022199;154 703 152;C01;2;7;0;2;1;2;1;
33999;202000022199;154 703 153;B01;2;10;0;2;1;2;1;
34000;202000022199;154 703 154;A01;2;7;0;2;1;2;1;
34001;202000022200;154 703 150;A01;1;43;0;0;9;11;1;
34002;202000022201;154 703 148;B01;1;1;0;2;4;1;0;
34003;202000022201;154 703 149;A01;0;7;0;9;1;16;0;
34004;202000022202;154 703 146;B01;3;20;14;0;6;1;1;
34005;202000022202;154 703 147;A01;3;99;0;2;2;17;5;
34006;202000022204;154 703 142;A01;1;7;0;2;8;13;1;
34007;202000022204;154 703 143;B01;1;7;0;2;7;17;1;
34008;202000022205;154 703 141;A01;2;2;12;0;8;1;1;
34009;202000022206;154 703 140;A01;1;7;0;1;3;15;1;
34010;202000022207;154 703 139;A01;2;10;1;1;3;1;0;
34011;202000022208;154 703 137;B01;2;7;0;2;3;15;1;
34012;202000022208;154 703 138;A01;1;31;0;2;1;1;1;
34013;202000022209;154 703 135;A01;1;7;0;2;2;1;6;
34014;202000022209;154 703 136;B01;1;7;0;0;6;10;6;
34015;202000022210;154 703 134;A01;2;7;1;0;2;14;1;
34016;202000022211;154 703 133;A01;3;7;0;1;3;15;1;
34017;202000022212;154 703 131;B01;2;7;0;2;2;1;1;
34018;202000022212;154 703 132;A01;1;7;7;2;1;9;1;
34019;202000022213;154 703 129;B01;2;15;0;2;1;1;1;
34020;202000022213;154 703 130;A01;1;7;0;2;1;17;1;
34021;202000022214;154 703 127;A01;1;7;0;2;3;17;1;
34022;202000022214;154 703 128;B01;2;33;0;2;1;1;1;
34023;202000022215;154 703 126;Z01;1;37;0;1;7;1;0;0.0
34024;202000022216;154 703 124;A01;2;1;0;2;1;1;5;
34025;202000022216;154 703 125;B01;1;7;0;2;2;1;1;
34026;202000022217;154 703 123;A01;1;7;0;1;3;1;1;
34027;202000022218;154 703 122;A01;2;1;0;0;0;1;5;
34028;202000022219;154 703 120;B01;1;7;0;2;1;16;1;
34029;202000022219;154 703 121;A01;3;7;0;2;2;1;1;
34030;202000022220;154 703 118;A01;1;7;0;2;2;1;1;
34031;202000022220;154 703 119;B01;1;10;0;2;4;23;3;
34032;202000022221;154 703 116;A01;2;7;0;2;2;10;1;
34033;202000022221;154 703 117;B01;1;33;0;2;8;1;1;
34034;202000022222;154 703 115;A01;2;2;0;0;0;21;1;
34035;202000022223;154 703 114;A01;1;10;0;1;0;4;1;
34036;202000022224;154 703 112;A01;1;30;0;2;3;15;1;
34037;202000022224;154 703 113;B01;1;1;0;2;1;1;5;
34038;202000022225;154 703 111;A01;1;7;0;1;1;15;1;
34039;202000022226;154 703 109;B01;1;7;0;0;0;15;1;
34040;202000022226;154 703 110;A01;1;30;0;2;7;21;1;
34041;202000022227;154 703 108;A01;3;33;0;1;3;19;1;
34042;202000022228;154 703 107;A01;1;2;0;9;1;1;1;
34043;202000022229;154 703 106;A01;1;7;0;0;0;1;1;
34044;202000022230;154 703 104;A01;2;10;0;0;3;15;1;
34045;202000022230;154 703 105;B01;2;30;0;2;3;1;1;
34046;202000022231;154 703 101;C01;2;33;15;2;8;1;0;
34047;202000022231;154 703 102;A01;1;7;0;2;2;1;0;
34048;202000022231;154 703 103;B01;1;7;0;2;6;1;0;
34049;202000022232;154 703 100;A01;1;2;6;0;1;1;1;
34050;202000022233;154 703 098;A01;3;7;0;2;7;19;1;
34051;202000022233;154 703 099;B01;2;33;0;2;1;1;1;
34052;202000022234;154 703 096;A01;2;21;0;2;3;9;1;
34053;202000022234;154 703 097;B01;2;2;0;2;1;1;1;
34054;202000022235;154 703 094;B01;3;10;0;2;1;1;1;
34055;202000022235;154 703 095;A01;3;7;0;2;1;1;1;
34056;202000022236;154 703 093;A01;1;80;0;0;0;1;3;
34057;202000022237;154 703 092;A01;2;33;2;0;1;14;1;
34058;202000022238;154 703 090;A01;1;2;0;2;1;15;1;
34059;202000022238;154 703 091;B01;2;7;0;2;3;1;1;
34060;202000022239;154 703 089;A01;2;7;13;0;1;1;1;
34061;202000022240;154 703 088;A01;2;17;3;0;2;14;1;
34062;202000022241;154 703 085;C01;1;7;0;0;4;23;1;
34063;202000022241;154 703 086;A01;1;17;0;2;1;1;1;
34064;202000022241;154 703 087;B01;1;17;0;2;4;23;1;
34065;202000022242;154 703 084;A01;1;7;3;0;3;0;1;
34066;202000022243;154 703 082;B01;1;15;0;2;3;1;1;
34067;202000022243;154 703 083;A01;2;10;0;2;3;13;1;
34068;202000022244;154 703 081;A01;0;10;2;0;8;14;1;
34069;202000022245;154 703 080;A01;1;7;2;0;1;1;1;
34070;202000022246;154 703 077;B01;1;33;0;2;1;17;1;
34071;202000022246;154 703 078;A01;1;7;0;2;6;15;1;
34072;202000022246;154 703 079;C01;1;7;0;0;0;1;1;
34073;202000022249;154 703 071;A01;2;10;4;0;1;1;1;
34074;202000022250;154 703 070;A01;2;33;0;0;7;1;1;
34075;202000022251;154 703 069;A01;2;10;0;5;1;14;0;
34076;202000022253;154 703 066;A01;2;7;4;0;1;21;1;
34077;202000022254;154 703 063;B01;2;7;0;2;5;23;1;
34078;202000022254;154 703 064;A01;2;7;1;2;3;21;1;
34079;202000022254;154 703 065;C01;2;10;0;2;6;1;1;
34080;202000022255;154 703 062;A01;1;33;4;0;1;1;1;
34081;202000022256;154 703 061;A01;2;7;0;1;1;17;1;
34082;202000022257;154 703 060;A01;2;7;0;1;1;1;1;
34083;202000022259;154 703 056;A01;2;10;0;2;1;1;1;
34084;202000022259;154 703 057;B01;2;7;0;2;4;1;1;
34085;202000022260;154 703 055;A01;2;7;2;0;1;1;1;
34086;202000022261;154 703 054;A01;1;7;15;0;3;13;1;
34087;202000022262;154 703 052;A01;1;7;0;2;3;9;1;
34088;202000022262;154 703 053;B01;1;33;0;2;1;1;1;
34089;202000022263;154 703 050;A01;1;30;0;2;3;5;1;
34090;202000022263;154 703 051;B01;2;10;0;2;3;1;1;
34091;202000022264;154 703 049;A01;3;7;3;0;9;13;1;
34092;202000022265;154 703 048;A01;1;7;6;0;3;13;1;
34093;202000022266;154 703 046;A01;2;7;0;2;1;0;1;
34094;202000022266;154 703 047;B01;3;7;0;2;1;26;0;
34095;202000022267;154 703 044;A01;1;7;0;2;1;1;1;
34096;202000022267;154 703 045;B01;0;7;0;2;8;1;1;
34097;202000022268;154 703 043;A01;2;7;2;0;1;13;1;
34098;202000022269;154 703 041;B01;2;10;0;2;1;1;1;
34099;202000022269;154 703 042;A01;2;7;8;2;0;10;1;
34100;202000022270;154 703 040;A01;0;17;12;0;7;1;1;
34101;202000022271;154 703 039;A01;1;30;0;0;0;21;1;
34102;202000022273;154 703 037;A01;2;37;0;1;3;15;1;1.0
34103;202000022274;154 703 035;Z01;1;2;0;2;0;15;0;
34104;202000022274;154 703 036;A01;2;1;0;2;6;1;5;
34105;202000022275;154 703 034;A01;1;10;0;1;3;15;1;
34106;202000022277;154 703 031;A01;2;7;0;1;1;26;1;
34107;202000022278;154 703 029;B01;2;7;14;0;5;0;0;
34108;202000022278;154 703 030;A01;2;33;0;2;1;26;0;
34109;202000022279;154 703 028;A01;0;7;0;0;1;2;1;
34110;202000022280;154 703 026;A01;0;7;0;0;2;1;1;
34111;202000022280;154 703 027;B01;3;7;0;0;3;16;0;
34112;202000022281;154 703 024;A01;-1;7;0;2;2;1;0;
34113;202000022281;154 703 025;B01;-1;7;0;2;3;1;0;
34114;202000022282;154 703 022;B01;2;32;0;2;1;1;1;
34115;202000022282;154 703 023;A01;1;7;0;2;6;19;1;
34116;202000022283;154 703 021;A01;2;10;0;1;2;15;1;
34117;202000022284;154 703 017;C01;1;7;1;0;3;24;1;
34118;202000022284;154 703 018;B01;1;7;0;2;3;15;1;
34119;202000022284;154 703 019;A01;1;34;1;2;2;17;1;
34120;202000022284;154 703 020;D01;1;7;1;0;1;24;1;
34121;202000022285;154 703 016;A01;1;7;0;1;2;13;0;
34122;202000022286;154 703 015;A01;3;7;0;1;5;23;1;
34123;202000022287;154 703 014;A01;1;33;13;0;1;0;1;
34124;202000022288;154 703 012;A01;2;33;0;2;1;17;0;
34125;202000022288;154 703 013;B01;1;15;0;2;3;1;0;
34126;202000022289;154 703 011;A01;1;7;5;0;1;1;1;
34127;202000022290;154 703 009;A01;3;7;0;2;6;19;1;
34128;202000022290;154 703 010;B01;2;31;0;2;1;1;1;
34129;202000022291;154 703 007;B01;1;33;0;2;1;1;1;
34130;202000022291;154 703 008;A01;2;7;0;2;1;15;1;
34131;202000022292;154 703 005;A01;2;7;6;0;3;1;1;
34132;202000022293;154 703 004;A01;1;7;2;0;1;13;1;
34133;202000022294;154 703 002;A01;2;2;0;2;1;2;1;
34134;202000022294;154 703 003;B01;2;21;0;2;3;15;1;
34135;202000022295;154 703 000;B01;0;33;6;2;2;17;0;
34136;202000022295;154 703 001;A01;0;7;0;2;8;15;0;
34137;202000022296;154 702 999;A01;2;7;13;0;1;1;1;
34138;202000022297;154 702 997;A01;3;7;0;1;3;13;1;
34139;202000022298;154 702 996;B01;1;7;14;0;1;1;1;
34140;202000022299;154 702 994;A01;1;33;0;1;1;1;1;
34141;202000022300;154 702 992;B01;3;10;0;2;8;1;1;
34142;202000022300;154 702 993;A01;3;10;0;2;1;16;1;
34143;202000022302;154 702 987;A01;1;7;0;2;6;1;1;
34144;202000022302;154 702 988;B01;1;80;0;2;7;14;3;
34145;202000022303;154 702 985;B01;0;80;0;2;7;0;3;
34146;202000022303;154 702 986;A01;1;7;0;2;3;1;1;
34147;202000022304;154 702 983;B01;2;7;0;2;8;12;1;
34148;202000022304;154 702 984;A01;2;33;0;2;7;2;1;
34149;202000022305;154 702 981;A01;1;7;0;2;3;13;1;
34150;202000022305;154 702 982;B01;2;7;0;2;3;1;1;
34151;202000022306;154 702 979;B01;3;7;0;2;6;2;0;
34152;202000022306;154 702 980;A01;3;7;0;2;1;1;0;
34153;202000022307;154 702 977;B01;1;1;1;0;1;1;5;
34154;202000022307;154 702 978;A01;1;7;0;9;8;24;1;
34155;202000022308;154 702 975;A01;3;7;0;9;3;24;1;
34156;202000022308;154 702 976;B01;3;1;1;0;1;1;5;
34157;202000022309;154 702 974;A01;1;30;12;0;1;13;1;
34158;202000022311;154 702 970;B01;2;32;0;2;3;1;1;
34159;202000022311;154 702 971;A01;1;7;0;2;3;15;1;
34160;202000022312;154 702 969;A01;3;7;13;0;3;13;1;
34161;202000022313;154 702 967;B01;3;7;0;2;1;1;1;
34162;202000022313;154 702 968;A01;3;7;0;2;1;15;1;
34163;202000022314;154 702 965;B01;1;7;0;2;2;15;1;
34164;202000022314;154 702 966;A01;1;7;0;2;3;9;1;
34165;202000022315;154 702 963;B01;0;7;0;2;2;1;1;
34166;202000022315;154 702 964;A01;0;10;0;2;1;1;1;
34167;202000022316;154 702 962;A01;1;33;3;0;2;14;1;
34168;202000022317;154 702 960;A01;2;30;0;2;1;16;1;
34169;202000022317;154 702 961;B01;2;10;0;2;4;23;1;
34170;202000022318;154 702 958;B01;1;7;0;2;1;1;1;
34171;202000022318;154 702 959;A01;2;30;0;2;2;1;1;
34172;202000022319;154 702 957;A01;2;32;0;1;1;1;6;
34173;202000022320;154 702 954;A01;2;7;15;0;8;26;0;
34174;202000022321;154 702 953;A01;2;7;2;0;7;19;1;
34175;202000022322;154 702 951;B01;1;7;0;2;5;0;1;
34176;202000022322;154 702 952;Z01;3;7;0;2;1;9;0;
34177;202000022323;154 702 950;A01;3;7;0;1;2;1;2;
34178;202000022324;154 702 946;B01;3;50;0;2;7;2;3;
34179;202000022324;154 702 947;A01;3;10;0;2;8;2;1;
34180;202000022325;154 702 945;A01;1;7;0;1;3;1;0;
34181;202000022326;154 702 943;A01;3;7;0;2;1;9;1;
34182;202000022326;154 702 944;B01;2;7;0;2;7;2;1;
34183;202000022327;154 702 941;C01;2;15;0;2;3;1;0;
34184;202000022327;154 702 942;A01;1;7;1;2;2;0;0;
34185;202000022328;154 702 940;A01;0;7;0;1;1;1;1;
34186;202000022329;154 702 939;A01;1;7;0;1;3;0;1;
34187;202000022331;154 702 936;A01;0;1;0;0;7;16;5;
34188;202000022332;154 702 934;A01;2;30;0;2;1;2;1;
34189;202000022332;154 702 935;Z01;2;7;0;2;1;2;0;
34190;202000022333;154 702 933;A01;3;7;0;1;1;1;1;
34191;202000022334;154 702 930;C01;2;37;1;0;5;7;1;1.0
34192;202000022334;154 702 931;B01;2;37;0;0;4;23;1;1.0
34193;202000022334;154 702 932;A01;2;37;1;0;1;7;1;1.0
34194;202000022335;154 702 928;B01;1;80;0;0;4;1;0;
34195;202000022335;154 702 929;A01;1;7;0;2;1;1;1;
34196;202000022336;154 702 927;A01;2;7;0;1;3;1;1;
34197;202000022337;154 702 925;A01;3;7;2;2;1;9;1;
34198;202000022337;154 702 926;B01;3;7;0;2;6;9;1;
34199;202000022338;154 702 923;A01;3;7;0;2;1;1;1;
34200;202000022338;154 702 924;B01;3;7;0;2;4;1;1;
34201;202000022339;154 702 921;A01;0;7;0;2;2;19;1;
34202;202000022339;154 702 922;B01;0;7;0;2;3;1;1;
34203;202000022340;154 702 919;A01;1;7;0;2;1;15;1;
34204;202000022340;154 702 920;B01;2;7;0;2;1;1;1;
34205;202000022341;154 702 917;Z01;1;0;0;2;0;14;0;
34206;202000022341;154 702 918;A01;1;1;1;2;7;1;5;
34207;202000022342;154 702 915;A01;2;7;0;2;3;9;1;
34208;202000022342;154 702 916;B01;2;33;0;2;2;1;1;
34209;202000022343;154 702 913;A01;1;7;8;2;1;1;1;
34210;202000022343;154 702 914;B01;1;7;0;2;5;1;1;
34211;202000022344;154 702 911;B01;1;2;0;2;1;1;1;
34212;202000022344;154 702 912;A01;1;7;0;2;1;19;1;
34213;202000022345;154 702 908;B01;1;7;0;2;5;1;1;
34214;202000022345;154 702 909;C01;1;7;0;2;6;1;1;
34215;202000022345;154 702 910;A01;1;7;0;2;1;1;1;
34216;202000022347;154 702 905;A01;2;7;0;0;1;1;1;
34217;202000022348;154 702 904;A01;2;7;0;1;1;1;1;
34218;202000022349;154 702 903;A01;0;7;0;1;1;16;1;
34219;202000022350;154 702 901;A01;1;2;0;2;1;17;1;
34220;202000022350;154 702 902;B01;1;7;0;2;3;15;0;
34221;202000022351;154 702 900;A01;1;7;0;1;1;1;1;
34222;202000022352;154 702 898;Z01;1;7;0;2;0;0;1;
34223;202000022352;154 702 899;B01;1;32;0;2;7;9;1;
34224;202000022353;154 702 897;A01;2;7;0;1;2;1;1;
34225;202000022354;154 702 896;A01;3;7;0;1;2;16;1;
34226;202000022355;154 702 894;A01;1;7;0;2;2;15;1;
34227;202000022355;154 702 895;B01;1;7;0;2;3;15;1;
34228;202000022356;154 702 893;A01;1;7;3;0;2;14;-1;
34229;202000022357;154 702 892;A01;2;30;0;0;3;1;1;
34230;202000022358;154 702 890;A01;1;7;0;2;2;13;1;
34231;202000022358;154 702 891;B01;2;7;0;2;5;1;1;
34232;202000022359;154 702 887;Z01;1;14;0;2;2;16;1;
34233;202000022359;154 702 888;A01;1;17;0;2;2;16;0;
34234;202000022359;154 702 889;B01;1;7;4;2;6;1;2;
34235;202000022360;154 702 886;A01;2;33;14;0;3;16;1;
34236;202000022361;154 702 883;B01;2;14;0;2;1;1;1;
34237;202000022361;154 702 884;C01;2;33;0;2;1;1;1;
34238;202000022361;154 702 885;A01;2;7;0;2;8;13;1;
34239;202000022362;154 702 882;A01;2;33;0;1;1;17;1;
34240;202000022363;154 702 880;Z01;1;7;0;2;1;15;1;
34241;202000022363;154 702 881;A01;2;2;0;2;8;1;1;
34242;202000022364;154 702 878;B01;1;32;0;2;8;1;1;
34243;202000022364;154 702 879;A01;2;7;0;2;1;1;1;
34244;202000022365;154 702 876;A01;1;32;0;2;1;17;1;
34245;202000022365;154 702 877;B01;1;14;0;2;8;15;1;
34246;202000022366;154 702 874;A01;1;7;0;2;3;15;2;
34247;202000022366;154 702 875;B01;1;33;0;2;7;8;1;
34248;202000022367;154 702 872;A01;1;30;0;2;3;1;1;
34249;202000022367;154 702 873;B01;1;10;0;2;3;16;1;
34250;202000022368;154 702 869;C01;2;7;0;2;1;1;1;
34251;202000022368;154 702 870;B01;1;7;0;2;3;1;1;
34252;202000022368;154 702 871;A01;1;34;0;2;2;17;1;
34253;202000022369;154 702 867;B01;1;32;0;2;8;17;1;
34254;202000022369;154 702 868;A01;1;10;0;2;3;13;1;
34255;202000022370;154 702 863;A01;1;33;0;1;1;1;1;
34256;202000022371;154 702 861;A01;2;10;0;2;3;15;1;
34257;202000022371;154 702 862;B01;1;33;0;2;2;1;1;
34258;202000022372;154 702 860;A01;2;1;0;1;1;1;5;
34259;202000022373;154 702 859;A01;1;7;0;1;1;15;1;
34260;202000022374;154 702 858;A01;1;1;0;1;8;5;5;
34261;202000022375;154 702 857;A01;1;1;0;1;5;1;5;
34262;202000022376;154 702 855;A01;2;7;0;2;3;15;2;
34263;202000022376;154 702 856;B01;1;1;0;2;3;1;5;
34264;202000022377;154 702 853;B01;2;43;0;2;2;1;1;
34265;202000022377;154 702 854;A01;2;7;0;2;8;9;1;
34266;202000022378;154 702 851;B01;1;2;0;2;1;1;1;
34267;202000022378;154 702 852;A01;1;7;0;2;3;10;1;
34268;202000022379;154 702 850;A01;2;7;0;1;2;1;0;
34269;202000022380;154 702 848;A01;2;30;0;2;3;1;1;
34270;202000022380;154 702 849;B01;2;7;0;2;5;1;1;
34271;202000022381;154 702 846;A01;2;7;0;2;5;16;1;
34272;202000022381;154 702 847;B01;1;37;0;2;3;1;1;2.0
34273;202000022383;154 702 843;A01;3;7;0;1;2;1;1;
34274;202000022384;154 702 842;A01;1;7;0;1;1;1;1;
34275;202000022385;154 702 840;B01;1;33;0;2;1;0;6;
34276;202000022385;154 702 841;A01;1;7;0;2;3;15;6;
34277;202000022386;154 702 838;B01;1;2;1;0;1;13;0;
34278;202000022386;154 702 839;A01;1;7;1;0;3;13;0;
34279;202000022387;154 702 836;A01;0;10;0;2;2;17;0;
34280;202000022387;154 702 837;B01;0;37;0;2;3;1;0;2.0
34281;202000022388;154 702 833;A01;1;7;0;2;3;15;1;
34282;202000022388;154 702 834;C01;1;32;0;2;2;17;1;
34283;202000022388;154 702 835;D01;2;1;0;9;0;0;5;
34284;202000022389;154 702 831;B01;2;31;0;2;3;1;1;
34285;202000022389;154 702 832;A01;2;7;0;2;3;15;1;
34286;202000022390;154 702 830;A01;2;3;0;1;0;15;1;
34287;202000022391;154 702 828;B01;1;7;0;2;4;1;1;
34288;202000022391;154 702 829;A01;1;7;0;2;1;1;1;
34289;202000022392;154 702 827;A01;3;34;0;1;1;1;1;
34290;202000022393;154 702 826;A01;2;7;0;1;3;1;1;
34291;202000022394;154 702 825;A01;1;7;0;1;1;1;1;
34292;202000022395;154 702 824;A01;3;7;0;1;3;1;1;
34293;202000022396;154 702 822;A01;1;7;0;2;3;11;0;
34294;202000022396;154 702 823;B01;1;34;0;2;9;1;1;
34295;202000022397;154 702 820;B01;2;33;0;2;8;1;1;
34296;202000022397;154 702 821;A01;1;7;0;2;3;15;1;
34297;202000022398;154 702 818;B01;3;7;0;2;1;1;1;
34298;202000022398;154 702 819;A01;3;2;0;2;1;1;1;
34299;202000022399;154 702 817;A01;2;7;0;0;0;0;1;
34300;202000022400;154 702 816;A01;0;7;2;0;3;1;1;
34301;202000022401;154 702 814;A01;2;10;0;2;3;13;0;
34302;202000022401;154 702 815;B01;1;7;0;0;3;1;2;
34303;202000022402;154 702 812;B01;2;7;0;2;1;13;1;
34304;202000022402;154 702 813;A01;1;7;0;0;1;23;1;
34305;202000022403;154 702 810;A01;2;3;1;0;1;14;1;
34306;202000022403;154 702 811;B01;2;7;0;0;8;23;1;
34307;202000022404;154 702 807;A01;2;7;0;2;3;20;1;
34308;202000022404;154 702 808;C01;1;7;0;2;6;26;1;
34309;202000022404;154 702 809;B01;2;33;0;2;1;1;1;
34310;202000022405;154 702 806;A01;1;10;0;1;0;6;1;
34311;202000022406;154 702 804;B01;2;10;0;2;8;1;2;
34312;202000022406;154 702 805;A01;2;10;0;2;3;1;1;
34313;202000022407;154 702 802;A01;2;7;0;2;7;1;1;
34314;202000022407;154 702 803;B01;1;7;0;2;1;1;1;
34315;202000022408;154 702 801;A01;1;7;0;0;1;0;1;
34316;202000022409;154 702 799;A01;2;7;0;2;2;1;1;
34317;202000022409;154 702 800;B01;2;7;12;2;3;1;1;
34318;202000022410;154 702 797;A01;2;7;0;2;1;0;1;
34319;202000022410;154 702 798;B01;1;7;0;2;1;0;1;
34320;202000022411;154 702 795;A01;2;7;0;2;1;1;1;
34321;202000022411;154 702 796;B01;1;7;0;0;8;15;1;
34322;202000022412;154 702 794;A01;2;7;6;0;2;1;1;
34323;202000022413;154 702 793;A01;2;7;13;0;2;1;1;
34324;202000022414;154 702 791;A01;3;7;0;2;2;1;1;
34325;202000022414;154 702 792;B01;3;1;0;2;1;1;5;
34326;202000022415;154 702 789;A01;1;7;0;2;1;9;1;
34327;202000022415;154 702 790;B01;1;7;0;2;8;1;1;
34328;202000022416;154 702 785;A01;3;7;2;0;3;1;1;
34329;202000022417;154 702 784;A01;1;7;6;0;8;1;1;
34330;202000022418;154 702 782;B01;0;31;0;2;1;1;1;
34331;202000022418;154 702 783;A01;0;7;0;2;8;9;1;
34332;202000022419;154 702 780;B01;3;10;0;2;8;1;1;
34333;202000022419;154 702 781;A01;3;31;0;0;8;16;1;
34334;202000022420;154 702 778;B01;2;7;0;0;3;1;1;
34335;202000022420;154 702 779;A01;2;10;0;2;2;17;1;
34336;202000022421;154 702 777;A01;2;10;3;0;1;1;1;
34337;202000022422;154 702 775;A01;1;33;0;2;1;18;1;
34338;202000022422;154 702 776;B01;1;33;0;0;5;12;1;
34339;202000022423;154 702 773;B01;1;7;0;2;4;2;1;
34340;202000022423;154 702 774;A01;1;7;0;2;1;2;1;
34341;202000022425;154 702 769;A01;1;7;6;1;2;1;1;
34342;202000022426;154 702 768;A01;1;7;0;1;3;1;1;
34343;202000022427;154 702 767;A01;1;7;8;0;3;13;1;
34344;202000022428;154 702 766;A01;1;7;0;1;6;20;1;
34345;202000022429;154 702 764;B01;1;7;0;1;4;23;1;
34346;202000022429;154 702 765;A01;1;7;0;2;1;2;1;
34347;202000022430;154 702 763;A01;1;10;0;1;0;2;1;
34348;202000022431;154 702 761;A01;1;2;3;0;2;1;1;
34349;202000022432;154 702 760;B01;1;7;1;1;3;0;2;
34350;202000022435;154 702 753;B01;1;34;0;2;4;3;1;
34351;202000022435;154 702 754;C01;1;7;0;2;0;12;1;
34352;202000022435;154 702 755;A01;1;33;0;2;1;3;1;
34353;202000022436;154 702 751;A01;1;10;0;2;6;11;1;
34354;202000022436;154 702 752;B01;1;32;0;2;1;1;1;
34355;202000022437;154 702 749;A01;2;7;0;2;8;13;1;
34356;202000022437;154 702 750;B01;2;15;0;2;2;14;1;
34357;202000022439;154 702 747;A01;1;7;0;1;3;1;1;
34358;202000022440;154 702 745;B01;2;7;0;2;1;2;1;
34359;202000022440;154 702 746;A01;2;7;0;2;0;2;1;
34360;202000022441;154 702 743;A01;2;17;0;2;2;1;1;
34361;202000022441;154 702 744;B01;2;7;0;2;6;13;1;
34362;202000022442;154 702 741;B01;2;10;0;2;4;1;1;
34363;202000022442;154 702 742;A01;2;7;0;2;1;1;1;
34364;202000022443;154 702 737;B01;1;32;0;2;1;2;1;
34365;202000022443;154 702 738;A01;1;2;0;2;4;1;1;
34366;202000022444;154 702 736;A01;1;2;1;0;1;13;1;
34367;202000022445;154 702 734;B01;2;1;0;0;4;1;0;
34368;202000022445;154 702 735;A01;2;7;0;9;1;1;0;
34369;202000022446;154 702 730;C01;1;7;0;2;4;1;1;
34370;202000022446;154 702 731;D01;1;7;0;2;4;1;1;
34371;202000022446;154 702 732;A01;1;7;0;2;1;26;1;
34372;202000022446;154 702 733;B01;1;7;0;2;4;1;1;
34373;202000022447;154 702 728;B01;3;1;0;2;3;1;5;
34374;202000022447;154 702 729;A01;3;7;0;2;2;15;1;
34375;202000022448;154 702 727;Z01;3;10;0;1;1;5;1;
34376;202000022449;154 702 725;A01;1;7;0;2;4;15;1;
34377;202000022449;154 702 726;B01;1;7;0;2;1;1;1;
34378;202000022450;154 702 723;B01;3;7;0;2;3;0;0;
34379;202000022450;154 702 724;A01;3;7;0;2;3;13;0;
34380;202000022452;154 702 719;B01;1;7;0;2;1;2;1;
34381;202000022452;154 702 720;A01;1;7;0;2;8;10;1;
34382;202000022453;154 702 717;A01;2;7;0;2;2;1;1;
34383;202000022453;154 702 718;B01;2;7;0;2;3;14;1;
34384;202000022454;154 702 716;A01;2;7;0;1;1;1;1;
34385;202000022455;154 702 715;Z01;3;7;0;1;0;26;0;
34386;202000022456;154 702 713;A01;2;7;0;2;1;16;1;
34387;202000022456;154 702 714;B01;2;50;0;2;7;1;3;
34388;202000022457;154 702 711;B01;1;7;0;2;3;1;1;
34389;202000022457;154 702 712;A01;2;7;0;2;3;13;1;
34390;202000022458;154 702 710;A01;1;7;13;0;1;0;1;
34391;202000022459;154 702 708;A01;2;7;0;2;1;2;1;
34392;202000022459;154 702 709;B01;2;2;0;2;4;2;1;
34393;202000022460;154 702 706;A01;2;7;0;2;1;2;1;
34394;202000022460;154 702 707;B01;1;7;0;2;4;2;1;
34395;202000022461;154 702 705;B01;2;33;0;1;1;1;1;
34396;202000022462;154 702 703;A01;0;7;0;2;4;1;1;
34397;202000022462;154 702 704;Z01;0;7;0;2;1;1;1;
34398;202000022463;154 702 701;B01;1;10;14;2;0;9;1;
34399;202000022463;154 702 702;A01;1;7;0;2;1;9;1;
34400;202000022464;154 702 699;A01;1;1;0;2;1;1;5;
34401;202000022464;154 702 700;B01;1;7;0;2;3;1;1;
34402;202000022465;154 702 697;B01;2;33;0;2;9;1;1;
34403;202000022465;154 702 698;A01;1;7;0;2;1;15;1;
34404;202000022466;154 702 695;A01;3;10;0;2;1;15;1;
34405;202000022466;154 702 696;B01;3;32;0;2;1;1;1;
34406;202000022468;154 702 692;B01;2;7;0;2;1;1;1;
34407;202000022468;154 702 693;A01;2;7;0;9;4;23;1;
34408;202000022469;154 702 691;A01;1;1;0;1;1;1;5;
34409;202000022470;154 702 690;A01;2;7;0;1;2;9;1;
34410;202000022471;154 702 689;A01;1;7;1;0;2;14;1;
34411;202000022472;154 702 687;A01;2;32;0;2;1;15;1;
34412;202000022472;154 702 688;B01;2;7;0;2;4;1;1;
34413;202000022473;154 702 685;B01;1;32;0;2;1;1;1;
34414;202000022473;154 702 686;A01;1;7;0;2;3;9;1;