;Num_Acc;id_vehicule;num_veh;senc;catv;obs;obsm;choc;manv;motor;occutc
34415;202000022474;154 702 683;A01;2;7;0;2;2;15;1;
34416;202000022474;154 702 684;B01;1;32;0;2;1;1;1;
34417;202000022475;154 702 682;Z01;0;1;0;1;1;1;5;
34418;202000022476;154 702 681;A01;2;7;0;1;6;20;1;
34419;202000022477;154 702 679;A01;2;1;0;2;8;13;5;
34420;202000022477;154 702 680;B01;2;1;0;2;7;17;5;
34421;202000022478;154 702 678;A01;1;10;0;1;3;10;1;
34422;202000022480;154 702 676;Z01;1;50;0;1;8;1;3;
34423;202000022481;154 702 675;A01;2;30;12;0;3;13;3;
34424;202000022482;154 702 674;A01;1;7;9;0;9;1;1;
34425;202000022483;154 702 673;A01;1;7;0;1;1;1;1;
34426;202000022484;154 702 672;A01;2;20;1;1;2;26;1;
34427;202000022485;154 702 670;A01;1;33;0;2;3;21;1;
34428;202000022485;154 702 671;Y01;1;7;0;2;5;14;0;
34429;202000022486;154 702 668;A01;3;2;0;2;1;1;1;
34430;202000022486;154 702 669;B01;3;7;0;2;2;1;1;
34431;202000022487;154 702 667;A01;0;3;0;1;6;26;1;
34432;202000022488;154 702 665;B01;2;7;0;2;2;1;0;
34433;202000022488;154 702 666;A01;2;1;0;2;1;1;0;
34434;202000022489;154 702 663;B01;2;33;0;2;2;5;1;
34435;202000022489;154 702 664;A01;1;7;0;2;7;15;1;
34436;202000022490;154 702 662;A01;1;10;1;0;3;1;1;
34437;202000022491;154 702 660;A01;1;7;0;9;2;2;1;
34438;202000022491;154 702 661;B01;1;1;0;0;4;2;5;
34439;202000022492;154 702 659;A01;0;33;14;0;1;0;0;
34440;202000022493;154 702 658;A01;1;7;0;1;1;1;1;
34441;202000022494;154 702 657;A01;3;7;0;0;9;0;1;
34442;202000022496;154 702 654;A01;1;33;0;2;1;1;1;
34443;202000022496;154 702 655;B01;2;7;0;2;1;13;1;
34444;202000022497;154 702 650;A01;2;7;0;2;8;15;0;
34445;202000022497;154 702 651;B01;2;2;0;2;7;17;0;
34446;202000022498;154 702 648;A01;2;7;0;2;2;19;1;
34447;202000022498;154 702 649;B01;1;33;0;2;1;1;1;
34448;202000022499;154 702 645;B01;2;31;0;2;1;2;0;
34449;202000022499;154 702 646;A01;2;7;0;0;4;2;0;
34450;202000022499;154 702 647;C01;2;33;0;2;8;2;0;
34451;202000022500;154 702 643;A01;2;7;0;2;1;1;1;
34452;202000022500;154 702 644;B01;2;7;0;2;4;15;1;
34453;202000022502;154 702 641;A01;2;7;0;1;2;1;1;
34454;202000022503;154 702 639;B01;1;7;0;2;2;1;1;
34455;202000022503;154 702 640;A01;2;7;16;2;1;13;1;
34456;202000022504;154 702 635;A01;2;7;0;2;1;9;1;
34457;202000022504;154 702 636;B01;2;7;0;2;1;2;1;
34458;202000022505;154 702 634;A01;2;7;9;0;2;1;1;
34459;202000022506;154 702 632;B01;2;7;0;2;1;1;1;
34460;202000022506;154 702 633;A01;1;7;0;2;1;13;1;
34461;202000022507;154 702 630;B01;2;7;0;2;3;1;1;
34462;202000022507;154 702 631;A01;3;7;0;2;8;19;1;
34463;202000022508;154 702 629;A01;1;7;0;0;0;0;0;
34464;202000022510;154 702 627;A01;2;7;0;0;7;1;1;
34465;202000022511;154 702 625;A01;0;32;0;2;1;19;1;
34466;202000022511;154 702 626;B01;0;10;0;2;2;19;1;
34467;202000022512;154 702 624;A01;1;1;0;0;3;1;5;
34468;202000022513;154 702 622;B01;3;7;0;2;1;1;1;
34469;202000022513;154 702 623;A01;3;7;0;2;2;1;1;
34470;202000022514;154 702 620;B01;2;7;0;2;1;1;1;
34471;202000022514;154 702 621;A01;1;7;0;2;1;13;1;
34472;202000022515;154 702 619;A01;2;7;1;0;2;14;1;
34473;202000022516;154 702 618;A01;0;10;0;1;7;1;1;
34474;202000022517;154 702 616;A01;1;10;0;2;8;15;1;
34475;202000022517;154 702 617;B01;2;33;0;2;1;1;1;
34476;202000022518;154 702 614;A01;0;7;0;2;8;9;1;
34477;202000022518;154 702 615;B01;0;33;0;2;1;1;1;
34478;202000022519;154 702 613;A01;1;7;0;1;8;1;1;
34479;202000022520;154 702 611;B01;2;7;0;2;7;12;1;
34480;202000022520;154 702 612;A01;2;33;0;2;8;3;1;
34481;202000022521;154 702 610;Z01;1;30;0;1;1;1;0;
34482;202000022522;154 702 608;B01;2;7;0;2;2;16;1;
34483;202000022522;154 702 609;A01;2;33;0;2;3;18;1;
34484;202000022523;154 702 606;B01;2;7;0;2;3;1;1;
34485;202000022523;154 702 607;A01;1;50;0;2;2;13;3;
34486;202000022524;154 702 604;A01;2;50;0;2;0;1;3;
34487;202000022524;154 702 605;Z01;2;10;0;2;0;16;1;
34488;202000022525;154 702 602;A01;1;1;0;2;4;15;5;
34489;202000022525;154 702 603;B01;2;7;0;2;3;16;1;
34490;202000022526;154 702 600;A01;1;7;0;2;1;18;1;
34491;202000022526;154 702 601;B01;1;7;0;2;6;1;1;
34492;202000022527;154 702 599;A01;3;1;12;0;1;16;5;
34493;202000022528;154 702 597;A01;1;1;0;2;1;1;5;
34494;202000022528;154 702 598;B01;1;7;0;2;3;1;1;
34495;202000022529;154 702 595;A01;1;37;0;2;7;17;1;1.0
34496;202000022529;154 702 596;B01;1;1;0;2;8;1;5;
34497;202000022530;154 702 594;A01;3;33;14;0;3;1;1;
34498;202000022531;154 702 592;A01;2;1;0;2;1;1;5;
34499;202000022531;154 702 593;B01;1;10;0;2;8;15;1;
34500;202000022532;154 702 590;A01;1;7;0;2;2;15;1;
34501;202000022532;154 702 591;B01;2;1;0;2;8;1;5;
34502;202000022533;154 702 588;Z01;1;30;0;2;1;15;0;
34503;202000022533;154 702 589;A01;2;1;0;2;1;1;5;
34504;202000022534;154 702 586;B01;1;7;0;2;3;15;1;
34505;202000022534;154 702 587;A01;2;31;0;2;2;1;1;
34506;202000022535;154 702 585;A01;1;7;0;1;4;4;1;
34507;202000022536;154 702 584;A01;1;80;14;0;1;12;3;
34508;202000022537;154 702 582;A01;1;1;0;2;1;9;5;
34509;202000022537;154 702 583;B01;1;37;0;2;5;1;2;1.0
34510;202000022538;154 702 580;A01;0;7;0;2;1;1;1;
34511;202000022538;154 702 581;B01;0;7;0;0;4;1;0;
34512;202000022539;154 702 579;A01;0;7;2;0;1;20;0;
34513;202000022541;154 702 575;B01;2;3;0;2;1;1;0;
34514;202000022541;154 702 576;A01;1;99;0;2;8;16;1;
34515;202000022542;154 702 573;B01;2;32;0;2;8;18;1;
34516;202000022542;154 702 574;A01;2;10;0;2;2;16;1;
34517;202000022543;154 702 572;A01;1;7;0;1;3;26;1;
34518;202000022544;154 702 570;B01;0;7;0;0;0;0;1;
34519;202000022544;154 702 571;A01;1;0;0;0;0;19;0;
34520;202000022545;154 702 568;B01;2;7;0;0;0;0;0;
34521;202000022545;154 702 569;A01;2;99;0;0;1;0;6;
34522;202000022546;154 702 565;C01;2;7;0;2;6;8;1;
34523;202000022546;154 702 566;B01;2;33;0;2;1;2;1;
34524;202000022546;154 702 567;A01;2;7;0;2;8;15;1;
34525;202000022547;154 702 563;B01;-1;7;0;2;1;1;1;
34526;202000022547;154 702 564;A01;-1;30;0;2;1;5;1;
34527;202000022549;154 702 559;B01;1;99;0;0;0;0;0;
34528;202000022549;154 702 560;A01;0;7;0;2;3;0;1;
34529;202000022550;154 702 558;A01;1;7;0;1;1;1;1;
34530;202000022551;154 702 557;A01;0;14;0;1;2;26;1;
34531;202000022552;154 702 556;A01;-1;31;0;1;1;3;0;
34532;202000022553;154 702 554;B01;2;7;0;2;4;9;1;
34533;202000022553;154 702 555;A01;2;33;0;2;1;1;1;
34534;202000022554;154 702 552;B01;3;1;0;2;1;19;5;
34535;202000022554;154 702 553;A01;2;7;0;2;2;15;1;
34536;202000022555;154 702 550;B01;1;34;0;2;3;1;1;
34537;202000022555;154 702 551;A01;2;10;0;2;2;15;1;
34538;202000022556;154 702 548;B01;1;7;0;0;8;15;1;
34539;202000022556;154 702 549;A01;1;33;0;2;7;17;1;
34540;202000022557;154 702 547;A01;2;1;0;0;0;1;5;
34541;202000022558;154 702 546;A01;1;1;0;0;0;1;5;
34542;202000022559;154 702 543;B01;2;7;0;2;1;1;1;
34543;202000022559;154 702 544;A01;2;7;0;2;8;15;1;
34544;202000022560;154 702 539;A01;1;21;0;0;6;15;0;
34545;202000022560;154 702 540;B01;2;30;0;2;1;1;0;
34546;202000022561;154 702 536;B01;3;1;0;2;4;1;5;
34547;202000022561;154 702 537;A01;3;7;0;2;2;2;0;
34548;202000022562;154 702 533;A01;1;10;0;2;3;13;1;
34549;202000022562;154 702 534;C01;2;7;0;2;2;1;1;
34550;202000022562;154 702 535;B01;2;7;0;2;1;1;1;
34551;202000022563;154 702 531;A01;1;7;0;2;1;13;1;
34552;202000022563;154 702 532;B01;2;7;0;2;1;1;1;
34553;202000022565;154 702 527;B01;2;1;0;2;8;2;5;
34554;202000022565;154 702 528;A01;2;7;0;2;7;2;1;
34555;202000022566;154 702 526;A01;1;7;6;0;7;1;1;
34556;202000022567;154 702 524;B01;3;7;0;2;3;1;1;
34557;202000022567;154 702 525;A01;0;7;0;2;3;13;1;
34558;202000022568;154 702 522;A01;1;7;0;2;3;1;1;
34559;202000022568;154 702 523;B01;2;7;0;2;2;1;1;
34560;202000022569;154 702 521;A01;2;7;13;0;0;0;1;
34561;202000022571;154 702 517;A01;2;7;0;2;3;1;1;
34562;202000022571;154 702 518;B01;1;7;0;2;3;1;1;
34563;202000022572;154 702 513;B01;1;31;0;2;1;1;1;
34564;202000022572;154 702 514;A01;3;7;0;2;8;9;1;
34565;202000022573;154 702 511;A01;1;7;0;9;7;16;0;
34566;202000022573;154 702 512;B01;1;1;0;2;1;1;5;
34567;202000022574;154 702 509;A01;2;10;0;9;7;17;1;
34568;202000022574;154 702 510;B01;2;1;0;2;8;1;6;
34569;202000022575;154 702 508;A01;1;7;13;0;2;1;1;
34570;202000022576;154 702 507;A01;1;7;13;0;0;18;1;
34571;202000022577;154 702 505;A01;2;33;0;2;1;1;1;
34572;202000022577;154 702 506;B01;2;33;0;2;3;1;1;
34573;202000022578;154 702 504;A01;3;7;0;1;3;4;1;
34574;202000022579;154 702 502;A01;1;7;0;2;5;15;1;
34575;202000022579;154 702 503;B01;2;2;0;2;1;1;1;
34576;202000022580;154 702 498;A01;1;7;0;2;1;9;1;
34577;202000022580;154 702 499;B01;2;80;0;0;7;16;5;
34578;202000022581;154 702 497;A01;2;10;0;1;6;4;1;
34579;202000022582;154 702 495;B01;3;7;0;2;2;1;1;
34580;202000022582;154 702 496;A01;3;1;0;2;3;9;5;
34581;202000022583;154 702 493;B01;2;33;0;2;1;15;1;
34582;202000022583;154 702 494;A01;1;7;0;2;3;1;1;
34583;202000022585;154 702 490;B01;2;7;0;2;3;1;1;
34584;202000022585;154 702 491;A01;1;7;0;2;1;5;1;
34585;202000022586;154 702 488;B01;2;33;0;2;1;6;1;
34586;202000022586;154 702 489;A01;1;7;0;2;1;1;1;
34587;202000022587;154 702 485;C01;2;7;0;0;8;1;1;
34588;202000022587;154 702 486;B01;2;7;0;0;4;15;1;
34589;202000022587;154 702 487;A01;2;7;0;2;1;17;1;
34590;202000022588;154 702 484;A01;1;7;15;0;1;1;1;
34591;202000022589;154 702 481;A01;3;7;1;2;1;26;0;
34592;202000022589;154 702 482;B01;0;7;13;2;5;23;0;
34593;202000022589;154 702 483;C01;0;7;0;9;7;24;0;
34594;202000022590;154 702 480;A01;1;33;15;0;1;1;1;
34595;202000022591;154 702 478;A01;2;2;0;0;8;15;1;
34596;202000022591;154 702 479;B01;2;2;0;0;8;17;1;
34597;202000022592;154 702 477;A01;0;7;0;1;7;1;0;
34598;202000022594;154 702 475;A01;1;31;13;0;2;1;1;
34599;202000022595;154 702 473;B01;1;7;0;2;8;15;1;
34600;202000022595;154 702 474;A01;2;7;0;2;3;1;1;
34601;202000022598;154 702 468;A01;2;7;13;0;0;14;1;
34602;202000022599;154 702 467;A01;3;7;17;0;1;0;1;
34603;202000022600;154 702 465;A01;2;7;0;2;1;2;1;
34604;202000022600;154 702 466;B01;2;7;0;0;4;2;1;
34605;202000022601;154 702 464;A01;1;7;4;0;9;13;1;
34606;202000022602;154 702 463;A01;1;7;0;0;1;21;1;
34607;202000022603;154 702 461;B01;2;7;0;2;2;1;0;
34608;202000022603;154 702 462;A01;1;7;0;2;3;1;0;
34609;202000022604;154 702 459;B01;2;7;0;2;1;1;1;
34610;202000022604;154 702 460;A01;1;7;13;2;7;1;1;
34611;202000022605;154 702 458;A01;3;10;2;0;1;15;1;
34612;202000022606;154 702 456;B01;1;33;0;2;1;2;1;
34613;202000022606;154 702 457;A01;1;7;0;0;8;15;1;
34614;202000022607;154 702 454;B01;3;2;0;2;7;1;5;
34615;202000022607;154 702 455;A01;3;7;0;2;3;16;5;
34616;202000022609;154 702 450;B01;1;7;0;2;3;9;1;
34617;202000022609;154 702 451;A01;1;33;0;2;1;1;1;
34618;202000022610;154 702 448;B01;2;33;0;2;8;1;1;
34619;202000022610;154 702 449;A01;1;10;0;2;2;1;1;
34620;202000022611;154 702 446;B01;1;7;0;2;1;1;0;
34621;202000022611;154 702 447;A01;2;7;0;2;1;13;0;
34622;202000022612;154 702 442;C01;0;7;0;0;1;2;0;
34623;202000022612;154 702 443;D01;0;31;0;0;1;0;0;
34624;202000022612;154 702 444;B01;0;7;0;0;1;2;0;
34625;202000022612;154 702 445;A01;0;7;0;0;4;2;0;
34626;202000022613;154 702 441;A01;0;7;13;0;1;26;1;
34627;202000022614;154 702 439;B01;3;2;0;2;1;17;1;
34628;202000022614;154 702 440;A01;3;7;0;2;8;15;1;
34629;202000022615;154 702 438;A01;2;80;13;0;1;1;3;
34630;202000022616;154 702 437;A01;2;7;13;0;0;1;1;
34631;202000022617;154 702 435;B01;1;7;0;9;1;15;1;
34632;202000022617;154 702 436;A01;2;1;0;2;7;1;5;
34633;202000022618;154 702 434;A01;2;7;0;1;3;1;1;
34634;202000022619;154 702 433;A01;2;10;0;1;6;4;1;
34635;202000022620;154 702 430;A01;3;7;0;2;3;13;1;
34636;202000022620;154 702 431;B01;3;7;0;2;8;1;1;
34637;202000022621;154 702 428;A01;2;7;3;2;1;2;1;
34638;202000022621;154 702 429;B01;2;7;3;0;4;2;1;
34639;202000022622;154 702 426;B01;0;7;0;2;1;1;1;
34640;202000022622;154 702 427;A01;0;7;0;2;8;16;1;
34641;202000022623;154 702 422;B01;1;10;0;2;4;1;1;
34642;202000022623;154 702 423;D01;1;7;0;2;4;1;1;
34643;202000022623;154 702 424;A01;1;7;0;2;1;2;1;
34644;202000022623;154 702 425;C01;1;7;0;2;4;1;1;
34645;202000022624;154 702 421;A01;1;7;4;0;1;1;1;
34646;202000022625;154 702 419;A01;1;7;0;9;3;2;1;
34647;202000022625;154 702 420;B01;1;1;0;2;3;19;5;
34648;202000022627;154 702 414;A01;1;7;0;2;3;11;1;
34649;202000022627;154 702 415;B01;1;7;0;2;2;1;1;
34650;202000022627;154 702 416;C01;1;7;0;2;6;1;1;
34651;202000022628;154 702 410;C01;1;7;0;2;4;2;1;
34652;202000022628;154 702 411;A01;1;7;0;2;1;1;1;
34653;202000022628;154 702 412;D01;1;7;0;2;4;2;1;
34654;202000022628;154 702 413;B01;2;7;0;2;4;2;1;
34655;202000022629;154 702 408;B01;1;7;0;2;3;11;1;
34656;202000022629;154 702 409;A01;1;33;0;2;1;2;1;
34657;202000022630;154 702 406;A01;2;43;0;0;0;3;0;
34658;202000022630;154 702 407;B01;2;43;0;0;0;12;0;
34659;202000022631;154 702 404;B01;1;43;0;2;6;3;0;
34660;202000022631;154 702 405;A01;1;7;0;2;2;12;0;
34661;202000022632;154 702 402;A01;1;7;0;2;1;11;1;
34662;202000022632;154 702 403;B01;1;7;0;2;7;12;1;
34663;202000022633;154 702 400;A01;1;7;0;2;2;2;1;
34664;202000022633;154 702 401;B01;1;31;0;2;6;11;1;
34665;202000022634;154 702 399;A01;1;7;4;0;3;26;1;
34666;202000022635;154 702 397;B01;2;7;0;2;8;11;1;
34667;202000022635;154 702 398;A01;2;34;0;2;2;1;1;
34668;202000022636;154 702 395;B01;2;15;0;2;4;2;1;
34669;202000022636;154 702 396;A01;2;32;0;2;2;2;1;
34670;202000022637;154 702 393;B01;2;33;0;2;1;3;1;
34671;202000022637;154 702 394;A01;2;7;0;2;4;12;1;
34672;202000022639;154 702 389;B01;1;7;0;2;2;23;1;
34673;202000022639;154 702 390;A01;1;33;1;0;2;5;1;
34674;202000022640;154 702 388;A01;1;7;0;1;1;1;1;
34675;202000022641;154 702 384;C01;1;7;0;2;4;1;1;
34676;202000022641;154 702 385;B01;1;7;0;2;4;1;1;
34677;202000022641;154 702 386;A01;1;7;0;2;1;2;1;
34678;202000022643;154 702 380;B01;2;7;0;2;3;13;1;
34679;202000022643;154 702 381;A01;1;7;0;2;3;13;1;
34680;202000022644;154 702 379;A01;0;7;4;0;2;1;1;
34681;202000022645;154 702 378;A01;1;7;8;0;1;26;1;
34682;202000022646;154 702 375;A01;3;7;0;2;1;2;1;
34683;202000022646;154 702 376;B01;3;7;0;2;4;2;1;
34684;202000022646;154 702 377;C01;3;7;0;2;4;2;1;
34685;202000022647;154 702 373;A01;2;7;0;2;3;15;1;
34686;202000022647;154 702 374;B01;2;2;0;2;7;17;1;
34687;202000022648;154 702 369;B01;2;2;0;2;1;1;1;
34688;202000022648;154 702 370;A01;1;7;0;9;8;19;1;
34689;202000022649;154 702 367;A01;1;34;0;2;1;13;1;
34690;202000022649;154 702 368;B01;2;7;0;2;8;1;0;
34691;202000022650;154 702 365;B01;2;32;0;2;2;15;1;
34692;202000022650;154 702 366;A01;2;7;0;2;3;15;1;
34693;202000022651;154 702 363;A01;2;7;0;2;2;16;1;
34694;202000022651;154 702 364;B01;2;1;0;2;1;1;0;
34695;202000022653;154 702 359;A01;2;7;0;9;8;1;1;
34696;202000022653;154 702 360;B01;1;1;0;2;1;15;0;
34697;202000022654;154 702 358;A01;1;7;0;1;0;15;1;
34698;202000022655;154 702 356;B01;1;33;0;2;7;1;1;
34699;202000022655;154 702 357;A01;1;7;0;2;3;15;1;
34700;202000022656;154 702 354;B01;1;7;0;2;1;15;1;
34701;202000022656;154 702 355;A01;2;99;0;2;3;0;1;
34702;202000022657;154 702 352;B01;1;7;0;0;4;26;1;
34703;202000022657;154 702 353;A01;1;7;0;2;1;2;0;
34704;202000022658;154 702 348;D01;1;7;0;2;4;26;0;
34705;202000022658;154 702 349;C01;1;7;0;2;1;26;0;
34706;202000022658;154 702 350;B01;1;7;0;2;4;1;3;
34707;202000022658;154 702 351;A01;1;31;0;2;1;1;1;
34708;202000022659;154 702 347;A01;3;1;6;0;1;26;1;
34709;202000022660;154 702 345;B01;0;33;0;2;1;26;1;
34710;202000022660;154 702 346;A01;0;7;0;2;6;10;1;
34711;202000022661;154 702 344;A01;3;7;0;1;3;15;2;
34712;202000022662;154 702 342;A01;2;34;0;2;1;1;1;
34713;202000022662;154 702 343;B01;2;7;0;2;6;0;1;
34714;202000022663;154 702 340;A01;1;7;0;2;1;1;1;
34715;202000022663;154 702 341;B01;1;7;0;2;4;2;1;
34716;202000022664;154 702 339;A01;3;14;0;0;8;1;1;
34717;202000022665;154 702 337;A01;3;7;0;2;1;15;1;
34718;202000022665;154 702 338;B01;3;32;0;2;7;1;1;
34719;202000022666;154 702 335;A01;2;7;0;2;8;2;1;
34720;202000022666;154 702 336;B01;2;7;0;2;1;15;1;
34721;202000022667;154 702 333;B01;3;7;0;2;1;1;1;
34722;202000022667;154 702 334;A01;3;7;0;2;1;5;1;
34723;202000022669;154 702 329;A01;1;7;0;2;8;19;1;
34724;202000022669;154 702 330;B01;2;7;0;2;1;19;1;
34725;202000022671;154 702 325;B01;2;1;1;0;1;1;5;
34726;202000022671;154 702 326;A01;1;7;0;2;8;22;1;
34727;202000022672;154 702 323;B01;1;7;0;2;1;1;1;
34728;202000022672;154 702 324;A01;1;7;0;2;2;15;1;
34729;202000022673;154 702 322;A01;1;7;0;1;2;1;1;
34730;202000022675;154 702 318;B01;2;7;0;2;1;1;1;
34731;202000022675;154 702 319;A01;1;1;0;2;1;17;5;
34732;202000022676;154 702 316;B01;1;7;0;2;7;2;0;
34733;202000022676;154 702 317;A01;1;33;0;2;1;18;1;
34734;202000022677;154 702 314;A01;2;7;0;2;3;13;1;
34735;202000022677;154 702 315;B01;1;7;0;2;3;1;1;
34736;202000022678;154 702 313;A01;1;30;4;0;1;1;1;
34737;202000022679;154 702 311;B01;1;7;0;2;1;1;1;
34738;202000022679;154 702 312;A01;2;30;0;2;7;19;1;
34739;202000022680;154 702 310;A01;3;10;6;0;1;13;1;
34740;202000022681;154 702 308;A01;3;7;0;2;1;1;1;
34741;202000022681;154 702 309;B01;3;7;0;2;7;1;1;
34742;202000022682;154 702 306;A01;1;32;0;2;2;1;1;
34743;202000022682;154 702 307;B01;1;7;0;2;6;9;1;
34744;202000022683;154 702 305;A01;0;10;0;0;1;0;1;
34745;202000022684;154 702 304;A01;1;1;0;0;8;26;5;
34746;202000022685;154 702 302;B01;1;1;0;2;1;1;5;
34747;202000022685;154 702 303;A01;2;7;0;2;7;15;1;
34748;202000022686;154 702 300;B01;1;2;0;2;7;1;1;
34749;202000022686;154 702 301;A01;2;7;0;2;3;15;1;
34750;202000022688;154 702 296;A01;2;7;0;1;1;1;1;
34751;202000022689;154 702 294;B01;1;1;0;2;1;1;0;
34752;202000022689;154 702 295;A01;1;10;0;9;8;22;1;
34753;202000022690;154 702 292;B01;0;2;0;2;1;1;1;
34754;202000022690;154 702 293;A01;0;7;0;2;8;10;1;
34755;202000022691;154 702 290;B01;1;7;0;2;7;0;1;
34756;202000022691;154 702 291;A01;1;7;0;2;1;0;1;
34757;202000022693;154 702 286;B01;0;10;0;2;7;1;1;
34758;202000022693;154 702 287;A01;1;30;0;2;1;26;1;
34759;202000022695;154 702 284;A01;1;2;12;0;1;26;0;
34760;202000022696;154 702 283;A01;1;7;0;1;2;2;1;
34761;202000022697;154 702 281;B01;1;7;0;2;3;1;1;
34762;202000022697;154 702 282;A01;2;33;0;2;3;13;1;
34763;202000022698;154 702 279;B01;3;33;0;2;1;1;1;
34764;202000022698;154 702 280;A01;3;7;0;2;8;15;1;
34765;202000022699;154 702 277;A01;3;7;0;2;1;1;1;
34766;202000022699;154 702 278;B01;3;7;0;2;3;1;0;
34767;202000022700;154 702 275;A01;3;7;0;1;1;1;1;
34768;202000022700;154 702 276;B01;3;7;0;1;1;1;1;
34769;202000022701;154 702 273;B01;1;7;0;2;1;1;1;
34770;202000022701;154 702 274;A01;2;37;0;2;1;15;1;1.0
34771;202000022703;154 702 270;A01;1;7;0;1;0;0;1;
34772;202000022704;154 702 269;A01;1;13;0;1;1;1;1;
34773;202000022706;154 702 265;A01;2;7;0;2;1;1;1;
34774;202000022706;154 702 266;B01;1;7;0;2;3;1;1;
34775;202000022707;154 702 263;B01;1;2;0;2;1;1;1;
34776;202000022707;154 702 264;A01;3;7;0;2;0;19;1;
34777;202000022708;154 702 262;A01;1;7;3;0;1;26;1;
34778;202000022709;154 702 260;A01;0;7;0;2;3;9;1;
34779;202000022709;154 702 261;B01;0;1;0;2;1;1;5;
34780;202000022710;154 702 259;B01;2;33;0;1;7;2;1;
34781;202000022711;154 702 258;A01;1;32;0;0;1;1;1;
34782;202000022712;154 702 256;B01;1;33;0;2;7;1;1;
34783;202000022712;154 702 257;A01;1;32;0;2;1;1;1;
34784;202000022714;154 702 253;A01;3;7;0;1;3;15;1;
34785;202000022715;154 702 252;A01;2;37;0;1;3;1;1;1.0
34786;202000022717;154 702 249;A01;1;7;0;2;1;2;1;
34787;202000022717;154 702 250;B01;1;7;0;2;4;23;1;
34788;202000022718;154 702 247;A01;1;7;0;2;2;9;1;
34789;202000022718;154 702 248;B01;2;2;0;2;1;1;1;
34790;202000022719;154 702 246;A01;1;7;9;1;1;26;1;
34791;202000022720;154 702 245;A01;2;7;0;1;3;2;1;
34792;202000022721;154 702 243;A01;2;99;0;1;1;25;1;
34793;202000022722;154 702 242;A01;2;7;0;1;1;1;1;
34794;202000022723;154 702 241;A01;1;7;0;1;1;1;1;
34795;202000022725;154 702 235;B01;1;10;0;2;4;23;1;
34796;202000022725;154 702 236;A01;1;14;0;2;1;2;1;
34797;202000022725;154 702 237;D01;1;10;0;2;4;23;1;
34798;202000022725;154 702 238;C01;1;7;0;2;4;23;1;
34799;202000022726;154 702 233;A01;3;7;0;2;1;1;1;
34800;202000022726;154 702 234;B01;3;7;0;2;4;1;1;
34801;202000022727;154 702 232;A01;3;7;0;1;1;1;1;
34802;202000022728;154 702 231;A01;1;7;0;1;3;17;1;
34803;202000022731;154 702 224;C01;2;7;0;2;8;1;0;
34804;202000022731;154 702 225;B01;1;7;0;2;5;15;0;
34805;202000022731;154 702 226;A01;1;37;0;2;1;21;6;1.0
34806;202000022732;154 702 222;B01;1;7;0;2;1;1;1;
34807;202000022732;154 702 223;A01;1;10;0;2;4;4;1;
34808;202000022733;154 702 220;B01;1;1;0;2;1;1;5;
34809;202000022733;154 702 221;A01;2;7;0;2;3;15;1;
34810;202000022734;154 702 219;A01;2;7;0;1;3;15;1;
34811;202000022735;154 702 218;A01;2;7;0;1;1;15;2;
34812;202000022736;154 702 216;B01;1;7;0;2;3;1;2;
34813;202000022736;154 702 217;A01;1;30;0;2;1;1;1;
34814;202000022737;154 702 215;A01;1;37;0;1;7;1;1;1.0
34815;202000022738;154 702 214;A01;2;34;0;0;7;1;1;
34816;202000022739;154 702 212;B01;1;7;0;2;0;2;1;
34817;202000022739;154 702 213;A01;1;34;0;2;7;17;1;
34818;202000022740;154 702 211;A01;1;30;0;0;5;1;1;
34819;202000022741;154 702 209;A01;1;1;12;2;1;19;5;
34820;202000022741;154 702 210;B01;1;7;0;2;3;16;1;
34821;202000022742;154 702 207;B01;2;37;0;2;1;1;1;4.0
34822;202000022742;154 702 208;A01;3;7;0;2;7;1;1;
34823;202000022743;154 702 205;A01;2;34;0;2;3;21;1;
34824;202000022743;154 702 206;B01;2;7;0;2;2;1;2;
34825;202000022744;154 702 204;A01;2;7;0;1;1;1;1;
34826;202000022745;154 702 202;B01;1;7;0;2;3;1;1;
34827;202000022745;154 702 203;A01;2;30;0;2;1;15;1;
34828;202000022746;154 702 200;A01;2;7;0;2;4;0;1;
34829;202000022746;154 702 201;B01;2;7;0;2;1;0;1;
34830;202000022747;154 702 199;A01;1;33;0;0;1;1;0;
34831;202000022748;154 702 198;A01;1;7;0;1;1;1;1;
34832;202000022749;154 702 197;A01;3;32;0;1;1;13;1;
34833;202000022750;154 702 195;A01;3;7;0;2;1;1;0;
34834;202000022750;154 702 196;B01;3;7;0;2;3;1;6;
34835;202000022751;154 702 194;A01;2;7;0;1;3;1;1;
34836;202000022752;154 702 192;B01;1;7;0;2;3;15;1;
34837;202000022752;154 702 193;A01;2;43;0;2;1;1;1;
34838;202000022753;154 702 191;A01;3;10;0;1;4;26;1;
34839;202000022754;154 702 190;A01;2;1;0;1;1;1;5;
34840;202000022755;154 702 189;A01;2;7;0;1;1;15;1;
34841;202000022756;154 702 187;A01;2;7;0;2;3;15;1;
34842;202000022756;154 702 188;B01;2;33;0;2;2;17;1;
34843;202000022757;154 702 185;B01;2;33;0;2;0;2;1;
34844;202000022757;154 702 186;A01;2;10;0;2;4;26;1;
34845;202000022758;154 702 184;A01;1;7;0;1;1;1;1;
34846;202000022759;154 702 183;A01;2;7;0;0;9;0;1;
34847;202000022760;154 702 179;B01;1;7;4;2;7;1;1;