;Num_Acc;id_vehicule;num_veh;senc;catv;obs;obsm;choc;manv;motor;occutc
34848;202000022760;154 702 180;A01;1;7;0;2;8;17;1;
34849;202000022760;154 702 181;C01;1;17;0;2;6;1;1;
34850;202000022761;154 702 178;A01;1;1;0;0;0;1;5;
34851;202000022762;154 702 177;A01;0;7;8;0;3;1;1;
34852;202000022763;154 702 175;A01;2;7;0;2;5;15;1;
34853;202000022763;154 702 176;B01;1;33;0;2;1;1;1;
34854;202000022764;154 702 174;A01;0;2;12;0;1;0;1;
34855;202000022765;154 702 172;B01;0;7;0;0;4;1;1;
34856;202000022765;154 702 173;A01;0;33;0;2;1;1;0;
34857;202000022766;154 702 171;A01;1;31;6;0;2;1;1;
34858;202000022767;154 702 170;A01;3;7;0;1;6;4;1;
34859;202000022768;154 702 169;A01;1;2;13;0;2;1;1;
34860;202000022769;154 702 167;B01;1;7;0;2;1;1;0;
34861;202000022769;154 702 168;A01;2;7;0;2;3;19;0;
34862;202000022770;154 702 165;B01;1;3;16;0;4;1;1;
34863;202000022770;154 702 166;A01;1;7;0;2;1;1;1;
34864;202000022772;154 702 160;B01;2;7;3;2;1;0;1;
34865;202000022772;154 702 161;C01;2;7;0;2;2;1;1;
34866;202000022772;154 702 162;A01;1;7;3;2;7;17;1;
34867;202000022773;154 702 158;A01;1;7;0;2;3;1;1;
34868;202000022773;154 702 159;B01;2;33;12;2;8;15;1;
34869;202000022775;154 702 155;A01;2;7;0;2;1;1;1;
34870;202000022775;154 702 156;B01;1;7;0;2;1;5;1;
34871;202000022777;154 702 153;A01;1;7;0;1;3;1;1;
34872;202000022778;154 702 152;A01;2;7;2;9;7;1;0;
34873;202000022779;154 702 151;A01;1;10;0;0;9;1;1;
34874;202000022781;154 702 148;A01;0;36;13;0;1;1;1;
34875;202000022782;154 702 146;B01;1;33;0;2;0;17;1;
34876;202000022782;154 702 147;A01;0;10;0;2;3;1;1;
34877;202000022783;154 702 145;A01;3;7;0;1;2;1;1;
34878;202000022784;154 702 143;B01;2;1;0;2;1;1;5;
34879;202000022784;154 702 144;A01;1;7;0;2;5;19;1;
34880;202000022785;154 702 141;A01;2;7;0;9;2;2;1;
34881;202000022785;154 702 142;B01;2;1;0;2;4;2;5;
34882;202000022786;154 702 139;B01;1;7;0;2;1;9;1;
34883;202000022786;154 702 140;A01;2;10;10;2;3;17;1;
34884;202000022787;154 702 137;A01;2;7;0;2;8;15;1;
34885;202000022787;154 702 138;B01;2;10;0;2;1;1;1;
34886;202000022789;154 702 134;B01;1;2;0;2;1;0;1;
34887;202000022789;154 702 135;A01;1;7;0;0;3;19;1;
34888;202000022790;154 702 131;A01;1;7;0;2;2;1;1;
34889;202000022790;154 702 132;B01;3;1;0;2;8;19;5;
34890;202000022791;154 702 130;A01;2;7;2;0;1;1;1;
34891;202000022792;154 702 129;A01;2;3;13;0;3;13;1;
34892;202000022793;154 702 127;A01;2;10;0;2;1;1;1;
34893;202000022793;154 702 128;B01;2;3;0;2;4;1;1;
34894;202000022794;154 702 126;A01;1;17;2;0;1;13;1;
34895;202000022795;154 702 124;A01;2;7;0;2;1;1;1;
34896;202000022795;154 702 125;B01;2;15;0;0;4;2;1;
34897;202000022796;154 702 123;A01;2;7;0;6;1;1;1;
34898;202000022797;154 702 119;A01;2;43;14;0;7;17;1;
34899;202000022797;154 702 120;B01;2;7;12;0;2;14;1;
34900;202000022798;154 702 116;C01;2;7;0;2;1;1;1;
34901;202000022798;154 702 117;B01;2;7;0;0;8;1;1;
34902;202000022798;154 702 118;A01;2;7;0;2;2;17;1;
34903;202000022799;154 702 114;A01;1;7;0;2;3;13;1;
34904;202000022799;154 702 115;B01;2;15;0;2;1;21;1;
34905;202000022800;154 702 112;B01;2;15;0;2;4;1;1;
34906;202000022800;154 702 113;A01;2;7;0;2;1;1;1;
34907;202000022801;154 702 110;A01;2;7;0;2;1;19;1;
34908;202000022801;154 702 111;B01;2;17;0;2;3;19;1;
34909;202000022804;154 702 106;A01;1;7;0;1;3;1;1;
34910;202000022805;154 702 105;A01;2;7;6;0;2;1;0;
34911;202000022806;154 702 103;A01;3;7;0;2;3;17;1;
34912;202000022806;154 702 104;B01;3;32;0;2;3;1;1;
34913;202000022807;154 702 101;A01;2;7;0;2;1;17;1;
34914;202000022807;154 702 102;B01;1;7;0;2;1;1;1;
34915;202000022808;154 702 100;A01;2;7;0;5;1;19;1;
34916;202000022809;154 702 099;A01;1;7;0;1;8;1;1;
34917;202000022810;154 702 098;A01;3;7;2;0;3;14;1;
34918;202000022811;154 702 096;A01;2;7;0;2;3;5;1;
34919;202000022811;154 702 097;B01;1;15;0;2;1;1;1;
34920;202000022812;154 702 094;B01;1;7;0;2;2;1;0;
34921;202000022812;154 702 095;A01;2;1;0;2;2;1;0;
34922;202000022813;154 702 090;B01;1;10;0;2;4;1;1;
34923;202000022813;154 702 091;A01;1;10;0;2;1;26;1;
34924;202000022813;154 702 092;C01;1;10;0;2;4;1;1;
34925;202000022814;154 702 088;A01;1;7;0;2;4;23;1;
34926;202000022814;154 702 089;B01;1;33;0;2;1;2;1;
34927;202000022816;154 702 084;A01;1;7;0;0;0;11;1;
34928;202000022816;154 702 085;B01;1;33;0;0;2;3;1;
34929;202000022817;154 702 082;B01;1;7;0;2;3;21;1;
34930;202000022817;154 702 083;A01;1;7;0;2;5;1;1;
34931;202000022818;154 702 080;A01;2;7;0;2;1;26;1;
34932;202000022818;154 702 081;B01;2;7;0;2;6;2;1;
34933;202000022819;154 702 076;A01;0;7;0;2;1;1;6;
34934;202000022819;154 702 077;B01;3;7;0;2;4;1;6;
34935;202000022820;154 702 075;A01;3;7;0;1;8;1;6;
34936;202000022821;154 702 073;B01;0;50;0;1;8;19;3;
34937;202000022821;154 702 074;A01;2;7;0;2;1;1;0;
34938;202000022822;154 702 071;A01;3;32;0;2;8;15;1;
34939;202000022822;154 702 072;B01;3;7;0;2;2;1;1;
34940;202000022823;154 702 070;A01;1;7;0;1;1;17;1;
34941;202000022824;154 702 068;A01;1;2;0;2;3;13;1;
34942;202000022824;154 702 069;B01;1;7;0;2;1;21;1;
34943;202000022826;154 702 064;A01;2;7;0;2;1;13;1;
34944;202000022826;154 702 065;B01;2;7;0;2;3;0;1;
34945;202000022827;154 702 063;A01;1;7;0;1;1;15;1;
34946;202000022828;154 702 061;B01;2;33;0;2;1;26;1;
34947;202000022828;154 702 062;A01;1;7;0;2;2;15;1;
34948;202000022829;154 702 059;A01;1;10;1;0;0;0;1;
34949;202000022829;154 702 060;B01;1;33;0;2;6;1;1;
34950;202000022830;154 702 058;A01;1;50;0;2;0;21;3;
34951;202000022831;154 702 057;A01;1;7;0;1;2;1;1;
34952;202000022832;154 702 056;A01;3;2;1;1;1;1;1;
34953;202000022833;154 702 055;A01;1;7;0;1;2;1;1;
34954;202000022834;154 702 054;A01;3;37;0;1;1;1;2;1.0
34955;202000022838;154 702 044;A01;2;7;0;2;6;1;1;
34956;202000022838;154 702 045;B01;2;7;0;2;2;1;1;
34957;202000022839;154 702 043;A01;3;7;0;0;0;21;1;
34958;202000022840;154 702 042;A01;2;30;0;1;1;16;1;
34959;202000022842;154 702 039;A01;2;7;0;1;1;1;1;
34960;202000022843;154 702 038;A01;1;7;0;1;1;1;1;
34961;202000022844;154 702 036;A01;2;7;0;2;1;1;1;
34962;202000022844;154 702 037;B01;1;7;0;2;2;15;1;
34963;202000022845;154 702 034;B01;1;7;0;0;0;0;0;
34964;202000022845;154 702 035;A01;1;7;3;2;2;9;0;
34965;202000022846;154 702 033;A01;3;37;0;1;2;26;6;1.0
34966;202000022847;154 702 032;A01;1;7;14;0;1;14;1;
34967;202000022848;154 702 031;A01;1;30;0;0;0;21;1;
34968;202000022849;154 702 029;B01;1;2;0;2;1;1;1;
34969;202000022849;154 702 030;A01;2;7;0;2;2;15;1;
34970;202000022850;154 702 027;B01;1;7;0;2;2;1;1;
34971;202000022850;154 702 028;A01;1;1;0;2;1;1;5;
34972;202000022851;154 702 025;A01;3;7;0;0;0;0;0;
34973;202000022851;154 702 026;B01;3;7;0;0;4;23;0;
34974;202000022853;154 702 022;A01;0;7;0;1;1;1;1;
34975;202000022854;154 702 019;B01;2;7;0;2;2;1;1;
34976;202000022854;154 702 020;A01;2;7;9;2;6;17;1;
34977;202000022854;154 702 021;C01;3;7;0;2;8;26;1;
34978;202000022855;154 702 018;A01;0;7;0;1;1;1;1;
34979;202000022856;154 702 016;B01;1;2;1;0;1;2;1;
34980;202000022856;154 702 017;A01;1;7;1;0;4;23;1;
34981;202000022858;154 702 013;B01;0;33;0;2;7;17;1;
34982;202000022858;154 702 014;A01;3;7;0;2;3;17;1;
34983;202000022859;154 702 011;B01;0;31;0;2;8;1;1;
34984;202000022859;154 702 012;A01;0;7;0;2;1;19;1;
34985;202000022860;154 702 010;A01;1;7;0;1;3;15;1;
34986;202000022861;154 702 008;B01;2;32;0;2;1;1;1;
34987;202000022861;154 702 009;A01;1;7;0;2;2;15;1;
34988;202000022862;154 702 006;A01;0;7;0;2;1;1;1;
34989;202000022862;154 702 007;B01;0;7;0;2;7;1;1;
34990;202000022863;154 702 005;Z01;1;15;0;1;0;1;0;
34991;202000022864;154 702 003;A01;3;7;0;2;2;1;1;
34992;202000022864;154 702 004;B01;1;2;0;2;7;1;1;
34993;202000022865;154 702 002;A01;2;7;0;1;7;16;3;
34994;202000022866;154 702 000;A01;2;7;0;2;6;15;1;
34995;202000022866;154 702 001;B01;2;31;0;2;1;17;1;
34996;202000022867;154 701 999;A01;1;15;0;1;0;11;1;
34997;202000022868;154 701 997;B01;0;7;0;2;3;1;1;
34998;202000022868;154 701 998;A01;3;7;0;2;2;1;1;
34999;202000022870;154 701 993;B01;1;7;0;0;6;15;1;
35000;202000022870;154 701 994;A01;1;2;0;2;2;17;1;
35001;202000022871;154 701 991;A01;2;7;0;2;7;16;1;
35002;202000022871;154 701 992;B01;3;37;0;2;2;2;1;1.0
35003;202000022872;154 701 989;A01;1;30;0;2;1;2;1;
35004;202000022872;154 701 990;B01;1;7;0;2;5;23;1;
35005;202000022873;154 701 987;Z01;2;7;0;0;1;1;0;
35006;202000022873;154 701 988;B01;1;30;0;2;8;1;1;
35007;202000022874;154 701 986;A01;0;7;0;1;4;9;1;
35008;202000022875;154 701 984;A01;1;10;0;2;3;13;1;
35009;202000022875;154 701 985;B01;1;33;0;2;2;1;1;
35010;202000022876;154 701 983;A01;1;33;0;0;0;1;1;
35011;202000022877;154 701 981;B01;1;15;0;2;7;1;1;
35012;202000022877;154 701 982;A01;0;32;0;2;1;2;1;
35013;202000022878;154 701 980;A01;1;17;8;0;7;15;1;
35014;202000022879;154 701 978;B01;1;2;0;2;2;26;1;
35015;202000022879;154 701 979;A01;1;7;0;9;8;15;1;
35016;202000022880;154 701 976;A01;1;10;0;2;2;2;1;
35017;202000022880;154 701 977;B01;1;2;0;2;8;2;1;
35018;202000022881;154 701 974;A01;1;10;0;2;1;1;1;
35019;202000022881;154 701 975;B01;1;10;0;2;3;9;1;
35020;202000022882;154 701 972;A01;3;10;0;2;1;15;1;
35021;202000022882;154 701 973;B01;2;7;0;2;7;1;1;
35022;202000022883;154 701 971;A01;0;7;0;1;3;1;1;
35023;202000022884;154 701 969;A01;2;31;0;2;1;13;1;
35024;202000022884;154 701 970;B01;1;7;0;2;1;1;1;
35025;202000022885;154 701 968;A01;2;7;0;1;2;1;0;
35026;202000022886;154 701 966;B01;3;10;0;2;2;15;1;
35027;202000022886;154 701 967;A01;3;33;0;2;1;1;1;
35028;202000022887;154 701 965;A01;1;1;1;0;1;21;5;
35029;202000022888;154 701 963;B01;1;7;0;2;1;1;1;
35030;202000022888;154 701 964;A01;1;50;0;2;7;1;3;
35031;202000022889;154 701 961;B01;1;50;0;2;1;2;3;
35032;202000022889;154 701 962;A01;2;1;0;2;1;13;5;
35033;202000022890;154 701 960;A01;2;7;0;1;1;15;1;
35034;202000022891;154 701 959;A01;1;7;0;1;1;1;2;
35035;202000022892;154 701 957;Z01;1;7;0;2;0;0;0;
35036;202000022892;154 701 958;A01;1;1;0;2;0;1;5;
35037;202000022893;154 701 956;A01;2;1;0;1;1;15;5;
35038;202000022894;154 701 954;A01;1;7;0;2;5;22;1;
35039;202000022894;154 701 955;B01;1;1;0;2;1;18;5;
35040;202000022895;154 701 952;A01;1;7;0;2;2;15;1;
35041;202000022895;154 701 953;B01;2;33;0;2;1;1;1;
35042;202000022896;154 701 951;A01;2;33;0;0;0;0;1;
35043;202000022897;154 701 945;A01;3;7;0;2;8;19;1;
35044;202000022897;154 701 946;B01;2;31;0;2;1;1;1;
35045;202000022897;154 701 947;C01;1;13;0;0;1;1;1;
35046;202000022898;154 701 943;A01;0;3;0;2;3;1;1;
35047;202000022898;154 701 944;B01;0;10;0;2;3;5;1;
35048;202000022899;154 701 942;A01;1;33;0;0;0;0;0;
35049;202000022900;154 701 940;A01;1;7;0;2;3;13;1;
35050;202000022900;154 701 941;B01;2;7;0;2;2;1;1;
35051;202000022901;154 701 938;A01;1;7;0;2;3;0;0;
35052;202000022901;154 701 939;B01;2;7;0;2;3;13;0;
35053;202000022902;154 701 936;A01;2;10;0;9;3;1;1;
35054;202000022902;154 701 937;B01;1;1;0;0;8;19;5;
35055;202000022904;154 701 933;A01;1;7;0;2;3;1;0;
35056;202000022904;154 701 934;B01;1;7;0;2;3;13;0;
35057;202000022905;154 701 931;A01;2;30;0;2;1;5;1;
35058;202000022905;154 701 932;B01;1;7;0;2;3;1;1;
35059;202000022906;154 701 929;B01;1;7;0;2;1;1;1;
35060;202000022906;154 701 930;A01;1;7;0;0;4;1;1;
35061;202000022907;154 701 928;A01;3;7;0;1;3;1;1;
35062;202000022908;154 701 926;A01;1;33;0;2;2;17;1;
35063;202000022908;154 701 927;B01;2;7;0;2;3;15;1;
35064;202000022909;154 701 924;B01;1;7;14;0;3;1;1;
35065;202000022909;154 701 925;A01;1;7;4;0;9;1;1;
35066;202000022910;154 701 923;A01;3;7;0;1;5;4;1;
35067;202000022911;154 701 922;A01;2;32;0;0;0;21;1;
35068;202000022912;154 701 921;A01;2;7;1;0;2;0;1;
35069;202000022913;154 701 919;A01;3;7;0;9;3;1;0;
35070;202000022913;154 701 920;B01;3;80;0;2;7;1;3;
35071;202000022914;154 701 917;B01;1;1;0;2;8;1;5;
35072;202000022914;154 701 918;A01;1;7;0;0;3;1;1;
35073;202000022915;154 701 915;B01;1;7;0;2;1;24;1;
35074;202000022915;154 701 916;A01;1;7;1;0;1;1;1;
35075;202000022916;154 701 914;A01;2;33;0;0;9;17;1;
35076;202000022917;154 701 913;A01;2;7;4;0;3;1;1;
35077;202000022918;154 701 911;B01;2;7;0;2;1;2;1;
35078;202000022918;154 701 912;A01;2;7;0;2;4;1;1;
35079;202000022919;154 701 909;A01;1;7;4;2;5;2;1;
35080;202000022919;154 701 910;B01;2;7;4;2;3;2;1;
35081;202000022920;154 701 907;A01;2;7;0;2;1;17;1;
35082;202000022920;154 701 908;B01;2;7;0;2;6;11;1;
35083;202000022921;154 701 905;A01;2;15;0;2;1;2;1;
35084;202000022921;154 701 906;B01;2;7;0;2;6;1;1;
35085;202000022922;154 701 903;A01;2;33;0;2;9;2;1;
35086;202000022922;154 701 904;B01;1;7;0;2;0;2;1;
35087;202000022923;154 701 901;A01;1;7;3;2;1;2;1;
35088;202000022923;154 701 902;B01;1;10;0;2;4;2;1;
35089;202000022924;154 701 900;A01;2;7;5;0;9;2;1;
35090;202000022925;154 701 897;C01;2;15;0;2;1;2;1;
35091;202000022925;154 701 898;B01;2;7;0;2;4;2;1;
35092;202000022925;154 701 899;A01;2;15;0;2;1;2;1;
35093;202000022926;154 701 895;A01;1;7;0;2;8;11;1;
35094;202000022926;154 701 896;B01;1;33;0;2;3;2;1;
35095;202000022927;154 701 893;Z01;0;10;0;0;0;0;0;
35096;202000022927;154 701 894;A01;2;33;0;2;1;14;1;
35097;202000022928;154 701 889;A01;1;7;0;0;0;26;1;
35098;202000022928;154 701 890;B01;1;7;0;0;0;23;2;
35099;202000022928;154 701 891;C01;1;7;0;0;0;23;2;
35100;202000022928;154 701 892;D01;1;7;0;0;0;2;1;
35101;202000022929;154 701 886;A01;1;17;0;2;2;12;1;
35102;202000022929;154 701 887;B01;1;7;0;2;8;1;1;
35103;202000022929;154 701 888;C01;1;33;0;2;7;3;1;
35104;202000022930;154 701 885;A01;2;7;0;1;2;1;1;
35105;202000022931;154 701 883;A01;2;10;0;2;1;1;1;
35106;202000022931;154 701 884;B01;2;2;0;2;8;1;1;
35107;202000022932;154 701 882;A01;1;7;0;1;8;2;1;
35108;202000022933;154 701 880;A01;1;7;0;2;1;2;1;
35109;202000022933;154 701 881;B01;1;7;0;2;4;2;1;
35110;202000022934;154 701 879;A01;2;10;0;1;1;19;1;
35111;202000022935;154 701 877;B01;3;7;0;2;1;1;2;
35112;202000022935;154 701 878;A01;3;7;0;2;1;1;1;
35113;202000022938;154 701 871;B01;1;7;0;2;2;15;1;
35114;202000022938;154 701 872;A01;1;33;0;2;1;7;1;
35115;202000022939;154 701 869;B01;3;1;0;2;0;0;5;
35116;202000022939;154 701 870;A01;1;7;16;0;7;9;1;
35117;202000022940;154 701 867;B01;2;2;0;2;1;1;1;
35118;202000022940;154 701 868;A01;2;7;0;2;3;16;2;
35119;202000022941;154 701 866;A01;1;30;0;0;0;1;0;
35120;202000022942;154 701 864;B01;1;7;0;2;1;15;1;
35121;202000022942;154 701 865;A01;2;30;0;2;1;17;1;
35122;202000022944;154 701 860;B01;3;1;0;2;0;0;5;
35123;202000022944;154 701 861;A01;3;7;0;2;1;1;1;
35124;202000022945;154 701 858;A01;3;7;0;2;3;0;1;
35125;202000022945;154 701 859;B01;3;7;0;2;3;0;1;
35126;202000022946;154 701 857;A01;2;34;0;0;0;26;1;
35127;202000022947;154 701 855;A01;1;7;0;2;1;13;0;
35128;202000022947;154 701 856;B01;1;7;0;2;1;1;0;
35129;202000022950;154 701 851;A01;2;10;0;1;3;26;1;
35130;202000022951;154 701 850;A01;3;7;0;1;1;1;1;
35131;202000022952;154 701 849;A01;0;7;0;1;1;15;0;
35132;202000022953;154 701 847;B01;1;7;0;2;3;0;0;
35133;202000022953;154 701 848;A01;1;7;0;2;2;26;1;
35134;202000022954;154 701 846;A01;3;10;0;1;6;23;1;
35135;202000022955;154 701 844;A01;2;7;0;9;3;1;1;
35136;202000022955;154 701 845;B01;1;1;0;2;1;5;0;
35137;202000022956;154 701 842;B01;2;33;0;2;1;1;1;
35138;202000022956;154 701 843;A01;2;7;0;2;8;15;1;
35139;202000022957;154 701 840;A01;1;7;0;2;1;5;1;
35140;202000022957;154 701 841;B01;2;7;0;2;1;1;1;
35141;202000022958;154 701 839;A01;1;7;0;1;1;1;1;
35142;202000022959;154 701 833;A01;3;7;0;2;3;9;1;
35143;202000022959;154 701 834;B01;3;7;0;2;7;26;1;
35144;202000022960;154 701 830;C01;2;7;0;2;1;1;1;
35145;202000022960;154 701 831;B01;2;2;0;2;3;1;1;
35146;202000022960;154 701 832;A01;1;7;0;2;1;13;1;
35147;202000022961;154 701 828;A01;2;7;0;0;0;15;1;
35148;202000022961;154 701 829;B01;1;33;0;2;0;1;1;
35149;202000022962;154 701 827;A01;1;7;2;0;1;0;1;
35150;202000022963;154 701 825;B01;2;10;0;2;8;19;1;
35151;202000022963;154 701 826;A01;1;7;0;2;1;1;1;
35152;202000022964;154 701 822;C01;0;7;0;2;1;1;1;
35153;202000022964;154 701 823;B01;0;7;0;2;1;1;1;
35154;202000022964;154 701 824;A01;0;7;0;2;1;13;1;
35155;202000022965;154 701 821;A01;1;31;0;0;0;26;1;
35156;202000022966;154 701 819;A01;2;7;0;2;6;16;1;
35157;202000022966;154 701 820;B01;1;1;0;2;1;1;5;
35158;202000022967;154 701 818;A01;0;36;15;0;3;13;1;
35159;202000022968;154 701 816;A01;2;7;0;2;2;16;1;
35160;202000022968;154 701 817;B01;2;1;0;2;4;1;5;
35161;202000022969;154 701 814;B01;2;32;0;0;0;0;-1;
35162;202000022969;154 701 815;A01;2;7;0;2;0;19;1;
35163;202000022970;154 701 812;A01;1;7;0;2;2;9;1;
35164;202000022970;154 701 813;B01;1;7;0;2;3;1;1;
35165;202000022971;154 701 811;A01;2;32;12;0;0;1;1;
35166;202000022973;154 701 807;A01;1;7;0;9;3;19;1;
35167;202000022973;154 701 808;B01;1;1;0;2;8;1;5;
35168;202000022974;154 701 805;A01;1;7;0;2;1;1;1;
35169;202000022974;154 701 806;B01;2;1;0;2;6;19;5;
35170;202000022975;154 701 803;Z01;0;7;0;2;0;0;0;
35171;202000022975;154 701 804;A01;1;1;0;2;4;0;5;
35172;202000022976;154 701 801;A01;1;7;0;2;2;15;1;
35173;202000022976;154 701 802;B01;2;99;0;2;1;21;1;
35174;202000022977;154 701 799;A01;1;7;0;2;1;1;1;
35175;202000022977;154 701 800;B01;1;7;0;2;3;1;1;
35176;202000022979;154 701 796;B01;2;7;0;2;8;1;1;
35177;202000022979;154 701 797;A01;1;7;0;2;1;1;1;
35178;202000022980;154 701 794;B01;2;10;0;2;3;1;1;
35179;202000022980;154 701 795;A01;1;2;0;2;1;5;1;
35180;202000022981;154 701 792;B01;2;30;0;2;0;0;1;
35181;202000022981;154 701 793;A01;1;7;0;2;3;15;1;
35182;202000022982;154 701 791;A01;2;7;0;1;1;1;1;
35183;202000022983;154 701 789;B01;1;10;0;2;6;23;1;
35184;202000022983;154 701 790;A01;1;33;0;2;7;17;1;
35185;202000022984;154 701 788;A01;3;7;1;1;2;0;0;
35186;202000022985;154 701 787;A01;0;1;0;2;3;26;0;
35187;202000022986;154 701 786;A01;0;7;0;1;1;19;0;
35188;202000022988;154 701 782;B01;1;7;0;2;8;1;1;
35189;202000022988;154 701 783;A01;1;7;0;2;1;1;1;
35190;202000022989;154 701 780;Z01;2;7;0;2;3;9;0;
35191;202000022989;154 701 781;A01;1;1;0;2;7;1;5;
35192;202000022990;154 701 778;B01;2;7;0;2;2;16;1;
35193;202000022990;154 701 779;A01;2;2;0;2;8;16;1;
35194;202000022991;154 701 776;B01;2;1;0;2;7;1;5;
35195;202000022991;154 701 777;A01;1;7;0;2;3;9;1;
35196;202000022992;154 701 774;A01;1;10;0;2;2;2;1;
35197;202000022992;154 701 775;B01;1;33;0;2;4;23;1;
35198;202000022993;154 701 772;B01;3;1;0;2;1;19;5;
35199;202000022993;154 701 773;A01;1;7;0;2;8;1;1;
35200;202000022994;154 701 770;A01;3;7;0;2;8;9;1;
35201;202000022994;154 701 771;B01;1;34;0;2;1;1;1;
35202;202000022995;154 701 768;B01;1;0;0;2;1;2;0;
35203;202000022995;154 701 769;A01;1;7;0;2;4;2;1;
35204;202000022997;154 701 764;A01;2;33;0;2;1;1;0;
35205;202000022997;154 701 765;B01;2;7;0;2;6;1;0;
35206;202000022998;154 701 762;A01;1;7;0;2;1;2;1;
35207;202000022998;154 701 763;B01;1;32;0;2;4;2;1;
35208;202000022999;154 701 759;A01;3;7;0;2;3;16;1;
35209;202000022999;154 701 760;B01;3;1;0;2;1;19;5;
35210;202000023000;154 701 757;B01;1;33;0;2;1;7;1;
35211;202000023000;154 701 758;A01;1;7;0;2;5;16;1;
35212;202000023003;154 701 751;B01;0;7;0;2;6;1;3;
35213;202000023003;154 701 752;A01;3;30;0;2;1;9;1;
35214;202000023004;154 701 749;B01;1;7;0;2;4;23;1;
35215;202000023004;154 701 750;A01;1;33;0;2;1;2;1;
35216;202000023005;154 701 748;A01;0;33;0;1;9;18;1;
35217;202000023006;154 701 746;B01;1;7;0;2;7;1;1;
35218;202000023006;154 701 747;A01;1;7;0;2;1;9;1;
35219;202000023007;154 701 744;B01;3;7;0;2;3;1;1;
35220;202000023007;154 701 745;A01;3;3;0;2;3;13;1;
35221;202000023008;154 701 743;A01;3;7;6;0;1;13;1;
35222;202000023009;154 701 742;A01;2;7;5;0;1;12;1;
35223;202000023010;154 701 740;B01;0;1;0;2;0;0;5;
35224;202000023010;154 701 741;A01;1;7;0;2;0;0;1;
35225;202000023011;154 701 738;A01;1;7;0;2;2;16;1;
35226;202000023011;154 701 739;B01;1;2;0;2;1;1;1;
35227;202000023012;154 701 736;B01;1;10;0;2;2;1;1;
35228;202000023012;154 701 737;A01;2;1;0;2;1;5;5;
35229;202000023013;154 701 734;A01;0;7;0;2;3;1;1;
35230;202000023013;154 701 735;B01;1;7;0;2;1;1;1;
35231;202000023014;154 701 732;A01;0;7;0;2;1;1;1;
35232;202000023014;154 701 733;B01;0;1;0;2;1;25;5;
35233;202000023015;154 701 730;A01;2;33;0;2;1;1;1;
35234;202000023015;154 701 731;B01;2;7;0;2;6;15;1;
35235;202000023016;154 701 729;Z01;0;7;0;1;0;0;0;
35236;202000023017;154 701 728;A01;1;37;0;1;1;21;1;1.0
35237;202000023018;154 701 727;A01;3;7;0;1;1;26;1;
35238;202000023019;154 701 725;A01;1;7;0;2;3;9;1;
35239;202000023019;154 701 726;B01;2;1;0;2;1;26;0;
35240;202000023020;154 701 724;A01;1;7;0;1;1;9;1;
35241;202000023021;154 701 723;A01;3;7;0;1;3;9;1;
35242;202000023022;154 701 721;B01;2;7;0;2;4;0;1;
35243;202000023022;154 701 722;A01;2;7;0;2;3;2;1;
35244;202000023023;154 701 720;A01;0;7;0;1;1;15;1;
35245;202000023024;154 701 718;B01;1;33;0;2;1;1;1;
35246;202000023024;154 701 719;A01;1;7;0;2;3;9;1;
35247;202000023025;154 701 716;B01;1;2;0;2;7;2;1;
35248;202000023025;154 701 717;A01;1;10;0;2;8;15;1;
35249;202000023026;154 701 714;A01;3;7;0;2;3;13;0;
35250;202000023026;154 701 715;B01;3;7;0;2;3;1;0;
35251;202000023027;154 701 712;B01;3;7;0;2;1;1;1;
35252;202000023027;154 701 713;A01;1;30;0;2;1;1;1;
35253;202000023028;154 701 710;B01;1;2;0;2;1;1;1;
35254;202000023028;154 701 711;A01;2;7;0;2;2;15;1;
35255;202000023029;154 701 708;A01;1;30;0;2;1;17;1;
35256;202000023029;154 701 709;B01;1;7;0;2;8;15;1;
35257;202000023030;154 701 704;D01;1;7;0;2;6;1;1;
35258;202000023030;154 701 705;A01;1;34;0;2;1;3;1;
35259;202000023030;154 701 706;B01;1;31;0;2;4;3;1;
35260;202000023030;154 701 707;C01;1;32;0;2;4;1;1;
35261;202000023031;154 701 702;A01;2;7;0;2;2;11;1;
35262;202000023031;154 701 703;B01;2;7;0;2;6;1;1;
35263;202000023032;154 701 700;B01;2;10;0;2;3;23;1;
35264;202000023032;154 701 701;A01;1;1;0;2;1;13;5;
35265;202000023033;154 701 699;A01;2;30;0;1;1;1;1;
35266;202000023036;154 701 695;A01;2;7;0;1;2;1;1;
35267;202000023037;154 701 693;A01;2;1;0;2;5;1;5;
35268;202000023037;154 701 694;Z01;1;30;0;2;0;13;0;
35269;202000023038;154 701 691;A01;1;7;0;2;3;15;1;
35270;202000023038;154 701 692;B01;2;33;0;2;3;1;1;
35271;202000023039;154 701 689;A01;1;7;0;2;2;9;1;
35272;202000023039;154 701 690;B01;1;31;0;2;3;1;1;
35273;202000023040;154 701 688;A01;0;7;2;0;1;1;1;
35274;202000023041;154 701 687;A01;1;30;0;1;3;1;1;
35275;202000023042;154 701 685;A01;2;7;0;2;2;12;1;
35276;202000023042;154 701 686;B01;2;1;0;2;8;7;5;
35277;202000023043;154 701 683;B01;2;34;0;2;7;1;1;
35278;202000023043;154 701 684;A01;2;10;0;2;3;10;1;
35279;202000023044;154 701 682;A01;3;31;0;0;8;1;1;
35280;202000023045;154 701 681;A01;1;1;0;0;1;21;5;