;Num_Acc;id_vehicule;num_veh;senc;catv;obs;obsm;choc;manv;motor;occutc
35281;202000023047;154 701 677;A01;2;7;0;2;3;10;1;
35282;202000023047;154 701 678;B01;2;2;0;2;1;17;1;
35283;202000023049;154 701 673;A01;-1;32;0;2;8;16;1;
35284;202000023049;154 701 674;B01;-1;7;0;2;2;1;1;
35285;202000023050;154 701 671;B01;2;32;0;0;2;19;1;
35286;202000023050;154 701 672;A01;2;7;0;2;8;22;1;
35287;202000023051;154 701 670;A01;1;31;0;0;1;1;1;
35288;202000023052;154 701 668;A01;1;7;0;2;3;26;1;
35289;202000023052;154 701 669;B01;-1;80;1;2;0;0;3;
35290;202000023053;154 701 667;A01;1;10;8;0;1;26;0;
35291;202000023054;154 701 666;A01;1;7;0;1;2;26;0;
35292;202000023055;154 701 664;B01;-1;7;0;0;4;2;1;
35293;202000023055;154 701 665;A01;-1;7;7;2;1;2;1;
35294;202000023056;154 701 662;A01;2;1;1;0;1;1;5;
35295;202000023056;154 701 663;B01;0;7;0;0;0;22;1;
35296;202000023057;154 701 660;B01;2;7;0;2;4;15;1;
35297;202000023057;154 701 661;A01;2;1;0;2;1;2;5;
35298;202000023059;154 701 657;B01;1;7;0;2;5;26;0;
35299;202000023059;154 701 658;A01;1;10;0;1;3;0;0;
35300;202000023060;154 701 655;A01;2;7;0;2;1;2;0;
35301;202000023060;154 701 656;B01;2;7;0;2;4;23;0;
35302;202000023061;154 701 654;A01;2;1;15;1;1;13;5;
35303;202000023062;154 701 652;A01;1;32;0;2;1;1;1;
35304;202000023062;154 701 653;B01;1;10;0;2;4;20;1;
35305;202000023063;154 701 651;A01;1;33;0;1;1;1;1;
35306;202000023064;154 701 649;A01;2;7;0;2;3;24;1;
35307;202000023064;154 701 650;Z01;2;7;1;0;2;0;0;
35308;202000023065;154 701 648;A01;0;7;0;1;1;1;1;
35309;202000023066;154 701 647;A01;1;7;6;0;1;1;1;
35310;202000023067;154 701 645;A01;2;7;0;2;1;16;1;
35311;202000023067;154 701 646;B01;1;1;0;0;7;19;5;
35312;202000023068;154 701 644;A01;3;7;0;1;2;1;1;
35313;202000023069;154 701 642;A01;2;7;0;2;3;0;1;
35314;202000023069;154 701 643;B01;1;33;0;2;1;0;1;
35315;202000023070;154 701 640;B01;3;7;0;2;2;1;1;
35316;202000023070;154 701 641;A01;3;1;0;2;8;9;5;
35317;202000023071;154 701 639;A01;1;7;15;0;1;1;1;
35318;202000023072;154 701 636;A01;2;7;3;2;1;17;1;
35319;202000023072;154 701 637;B01;2;7;0;2;4;11;1;
35320;202000023072;154 701 638;C01;2;7;3;2;6;1;1;
35321;202000023073;154 701 635;A01;1;7;8;0;1;1;1;
35322;202000023074;154 701 634;A01;2;33;13;0;7;1;1;
35323;202000023075;154 701 633;A01;1;33;16;0;9;1;1;
35324;202000023076;154 701 632;A01;2;7;17;0;3;13;1;
35325;202000023077;154 701 631;A01;1;7;0;1;1;1;0;
35326;202000023079;154 701 627;A01;3;7;0;2;0;1;1;
35327;202000023079;154 701 628;B01;0;1;0;2;4;1;5;
35328;202000023080;154 701 626;A01;3;10;0;1;4;26;1;
35329;202000023081;154 701 624;A01;3;7;0;2;3;19;3;
35330;202000023081;154 701 625;B01;1;7;0;2;2;1;1;
35331;202000023082;154 701 622;A01;1;7;3;2;3;17;1;
35332;202000023082;154 701 623;B01;2;7;0;2;3;1;1;
35333;202000023083;154 701 620;A01;2;7;0;2;8;10;1;
35334;202000023083;154 701 621;B01;2;15;0;2;2;1;1;
35335;202000023084;154 701 618;A01;1;7;0;2;8;19;1;
35336;202000023084;154 701 619;B01;1;7;0;2;1;1;1;
35337;202000023085;154 701 616;B01;1;7;0;2;3;1;1;
35338;202000023085;154 701 617;A01;2;7;0;2;2;5;1;
35339;202000023086;154 701 615;A01;0;7;6;0;1;13;1;
35340;202000023087;154 701 614;A01;2;7;0;1;1;1;1;
35341;202000023088;154 701 612;A01;3;7;0;1;3;1;1;
35342;202000023089;154 701 610;B01;1;33;0;0;3;1;0;
35343;202000023089;154 701 611;A01;2;7;0;2;3;9;0;
35344;202000023090;154 701 609;A01;1;7;0;1;2;1;1;
35345;202000023091;154 701 607;B01;1;7;0;0;3;1;0;
35346;202000023091;154 701 608;A01;1;7;0;2;3;17;0;
35347;202000023092;154 701 605;B01;1;34;0;2;1;1;1;
35348;202000023092;154 701 606;A01;2;7;0;2;1;5;1;
35349;202000023093;154 701 603;A01;2;43;0;2;3;1;1;
35350;202000023093;154 701 604;Z01;2;7;0;2;7;16;1;
35351;202000023094;154 701 602;A01;1;7;0;1;4;4;0;
35352;202000023095;154 701 599;A01;2;7;0;2;3;15;1;
35353;202000023095;154 701 600;B01;1;7;0;2;6;23;2;
35354;202000023095;154 701 601;C01;1;33;0;2;1;17;1;
35355;202000023096;154 701 597;B01;1;31;0;2;2;17;1;
35356;202000023096;154 701 598;A01;1;14;0;2;3;10;1;
35357;202000023097;154 701 594;A01;1;30;0;2;7;3;3;
35358;202000023097;154 701 595;B01;1;7;0;2;6;16;1;
35359;202000023097;154 701 596;C01;1;7;0;2;5;16;1;
35360;202000023098;154 701 592;B01;1;7;0;2;3;1;1;
35361;202000023098;154 701 593;A01;1;50;0;2;7;1;3;
35362;202000023101;154 701 587;B01;2;7;0;2;8;1;2;
35363;202000023101;154 701 588;A01;2;50;0;2;7;1;3;
35364;202000023102;154 701 585;A01;1;7;0;2;2;1;3;
35365;202000023102;154 701 586;B01;2;80;0;2;1;13;3;
35366;202000023103;154 701 583;B01;1;33;0;2;8;13;1;
35367;202000023103;154 701 584;A01;1;30;0;2;2;9;0;
35368;202000023104;154 701 577;C01;3;7;0;2;2;5;1;
35369;202000023104;154 701 578;B01;3;7;0;2;3;0;1;
35370;202000023104;154 701 579;A01;3;33;0;2;2;3;1;
35371;202000023105;154 701 576;A01;0;7;0;1;7;16;0;
35372;202000023106;154 701 574;B01;1;99;15;0;4;16;3;
35373;202000023106;154 701 575;A01;1;7;15;0;3;16;1;
35374;202000023107;154 701 572;B01;2;10;0;2;1;16;0;
35375;202000023107;154 701 573;A01;2;10;0;2;7;17;0;
35376;202000023108;154 701 570;B01;1;7;0;2;4;2;0;
35377;202000023108;154 701 571;A01;1;7;0;2;1;1;0;
35378;202000023109;154 701 569;A01;1;10;1;1;2;1;0;
35379;202000023110;154 701 567;A01;3;1;0;2;3;1;5;
35380;202000023110;154 701 568;B01;3;30;0;2;1;19;0;
35381;202000023112;154 701 563;A01;2;15;0;2;1;12;1;
35382;202000023112;154 701 564;B01;2;7;0;2;8;1;1;
35383;202000023113;154 701 561;B01;0;1;0;2;1;5;5;
35384;202000023113;154 701 562;A01;3;7;0;2;1;1;1;
35385;202000023114;154 701 559;B01;2;7;0;2;1;21;1;
35386;202000023114;154 701 560;A01;2;7;0;2;3;15;1;
35387;202000023115;154 701 557;B01;1;7;3;2;8;1;1;
35388;202000023115;154 701 558;A01;1;10;3;2;7;17;1;
35389;202000023116;154 701 556;A01;1;33;0;0;7;1;1;
35390;202000023117;154 701 554;B01;1;7;2;2;1;1;1;
35391;202000023117;154 701 555;A01;2;7;0;2;1;13;1;
35392;202000023119;154 701 552;A01;1;7;0;0;0;2;6;
35393;202000023120;154 701 551;A01;2;7;13;0;2;1;0;
35394;202000023121;154 701 550;A01;1;31;9;0;1;16;1;
35395;202000023123;154 701 548;A01;1;7;13;0;0;13;1;
35396;202000023124;154 701 547;A01;1;33;0;0;7;1;1;
35397;202000023126;154 701 545;A01;2;7;16;0;9;13;1;
35398;202000023127;154 701 544;A01;1;7;1;1;7;21;1;
35399;202000023128;154 701 543;A01;2;1;13;0;0;21;5;
35400;202000023129;154 701 542;A01;1;36;6;0;3;1;1;
35401;202000023130;154 701 540;A01;2;7;0;2;7;17;1;
35402;202000023130;154 701 541;B01;2;7;0;2;8;1;1;
35403;202000023131;154 701 539;A01;2;7;0;1;1;1;1;
35404;202000023132;154 701 537;B01;2;33;0;2;1;1;1;
35405;202000023132;154 701 538;A01;1;7;0;2;3;15;1;
35406;202000023133;154 701 535;A01;3;21;0;2;3;15;1;
35407;202000023133;154 701 536;B01;3;2;0;2;8;21;1;
35408;202000023134;154 701 533;A01;1;10;0;2;1;3;1;
35409;202000023134;154 701 534;B01;2;33;0;2;1;26;1;
35410;202000023135;154 701 531;A01;1;7;0;2;1;13;1;
35411;202000023135;154 701 532;B01;2;7;0;2;1;1;1;
35412;202000023136;154 701 529;B01;1;7;0;2;3;13;1;
35413;202000023136;154 701 530;A01;2;7;0;2;3;1;1;
35414;202000023137;154 701 528;A01;1;33;8;0;7;1;1;
35415;202000023138;154 701 527;A01;3;1;0;0;0;0;5;
35416;202000023139;154 701 526;A01;2;33;13;0;1;1;1;
35417;202000023140;154 701 525;A01;2;7;0;0;0;0;1;
35418;202000023141;154 701 523;B01;2;7;0;0;5;2;1;
35419;202000023141;154 701 524;A01;2;33;0;2;1;2;1;
35420;202000023142;154 701 520;C01;2;7;0;2;3;23;1;
35421;202000023142;154 701 521;A01;1;7;0;2;7;19;1;
35422;202000023142;154 701 522;B01;1;7;7;2;1;1;1;
35423;202000023143;154 701 519;A01;2;2;0;1;1;1;1;
35424;202000023144;154 701 517;A01;3;7;0;2;6;15;1;
35425;202000023144;154 701 518;B01;1;34;0;2;3;0;1;
35426;202000023145;154 701 516;A01;1;7;8;0;3;1;1;
35427;202000023146;154 701 515;A01;2;7;4;0;2;1;1;
35428;202000023147;154 701 514;A01;2;7;0;1;0;0;1;
35429;202000023148;154 701 511;B01;1;33;0;2;1;0;1;
35430;202000023148;154 701 512;A01;2;7;0;2;1;10;1;
35431;202000023149;154 701 510;A01;1;7;8;0;2;1;1;
35432;202000023150;154 701 508;A01;1;15;0;9;5;17;1;
35433;202000023150;154 701 509;B01;1;1;0;2;8;1;6;
35434;202000023151;154 701 507;A01;2;7;6;0;1;0;1;
35435;202000023152;154 701 505;B01;2;33;0;2;1;1;1;
35436;202000023152;154 701 506;A01;1;7;0;2;1;15;1;
35437;202000023153;154 701 503;A01;0;7;0;2;3;17;1;
35438;202000023153;154 701 504;B01;0;34;0;2;1;1;1;
35439;202000023154;154 701 501;B01;1;7;0;2;3;1;1;
35440;202000023154;154 701 502;A01;2;7;0;2;1;13;1;
35441;202000023155;154 701 499;B01;1;33;0;2;1;1;1;
35442;202000023155;154 701 500;A01;2;7;0;2;2;13;1;
35443;202000023156;154 701 497;B01;2;33;0;0;4;2;1;
35444;202000023156;154 701 498;A01;2;7;0;2;1;1;1;
35445;202000023157;154 701 495;A01;1;7;0;9;7;16;1;
35446;202000023157;154 701 496;B01;1;1;0;2;8;1;5;
35447;202000023158;154 701 494;A01;2;7;13;0;1;0;0;
35448;202000023159;154 701 493;A01;2;2;13;0;0;26;1;
35449;202000023161;154 701 490;B01;2;10;0;2;1;1;1;
35450;202000023161;154 701 491;A01;1;7;0;2;1;1;1;
35451;202000023162;154 701 489;A01;1;7;6;0;9;1;1;
35452;202000023163;154 701 488;A01;2;7;4;0;2;0;1;
35453;202000023164;154 701 487;A01;1;33;12;0;0;0;1;
35454;202000023165;154 701 486;A01;1;7;0;0;0;1;1;
35455;202000023166;154 701 484;B01;2;7;0;1;1;21;1;
35456;202000023166;154 701 485;A01;2;17;0;1;3;21;1;
35457;202000023167;154 701 483;A01;3;7;13;0;0;13;1;
35458;202000023168;154 701 481;B01;1;7;0;2;1;2;1;
35459;202000023168;154 701 482;A01;2;30;0;2;1;13;1;
35460;202000023169;154 701 480;A01;3;2;0;0;9;1;1;
35461;202000023170;154 701 479;A01;2;7;0;0;7;14;1;
35462;202000023171;154 701 477;A01;2;7;0;9;8;1;1;
35463;202000023171;154 701 478;B01;1;13;0;2;0;0;0;
35464;202000023172;154 701 475;A01;2;7;13;0;7;1;1;
35465;202000023172;154 701 476;B01;1;7;0;2;1;19;1;
35466;202000023173;154 701 474;A01;0;7;2;0;1;1;1;
35467;202000023174;154 701 473;A01;2;7;13;0;1;14;1;
35468;202000023175;154 701 471;B01;1;7;0;2;1;2;1;
35469;202000023175;154 701 472;A01;1;7;0;2;4;2;1;
35470;202000023176;154 701 470;A01;3;36;0;1;3;1;1;
35471;202000023177;154 701 468;B01;1;31;0;2;1;13;1;
35472;202000023177;154 701 469;A01;2;7;0;2;8;1;1;
35473;202000023178;154 701 467;A01;1;33;13;0;1;1;1;
35474;202000023180;154 701 465;A01;1;7;14;0;9;11;1;
35475;202000023181;154 701 463;A01;2;10;0;0;3;23;1;
35476;202000023181;154 701 464;B01;2;1;1;0;1;1;5;
35477;202000023182;154 701 461;A01;0;7;0;0;8;15;1;
35478;202000023182;154 701 462;B01;0;33;0;0;2;17;1;
35479;202000023183;154 701 458;B01;2;7;0;2;1;1;1;
35480;202000023183;154 701 459;A01;2;7;0;2;3;9;1;
35481;202000023184;154 701 456;A01;3;7;0;9;2;2;1;
35482;202000023184;154 701 457;B01;3;1;0;2;3;2;5;
35483;202000023187;154 701 450;B01;2;7;0;2;2;13;1;
35484;202000023187;154 701 451;A01;1;7;0;2;1;1;1;
35485;202000023188;154 701 448;B01;1;10;0;2;1;2;1;
35486;202000023188;154 701 449;A01;1;7;0;2;4;2;1;
35487;202000023189;154 701 447;A01;1;7;4;0;3;13;2;
35488;202000023190;154 701 446;A01;2;7;4;0;1;13;1;
35489;202000023191;154 701 445;A01;1;7;4;0;9;21;1;
35490;202000023192;154 701 443;B01;2;10;0;0;6;1;1;
35491;202000023192;154 701 444;A01;2;31;0;2;1;26;1;
35492;202000023193;154 701 441;A01;2;7;0;2;1;2;1;
35493;202000023193;154 701 442;B01;2;7;0;2;4;1;1;
35494;202000023195;154 701 439;A01;1;7;4;0;2;14;1;
35495;202000023196;154 701 437;B01;1;7;0;-1;4;1;1;
35496;202000023196;154 701 438;A01;1;7;0;2;1;2;1;
35497;202000023197;154 701 435;B01;1;7;0;2;4;2;1;
35498;202000023197;154 701 436;A01;1;7;0;2;1;2;1;
35499;202000023198;154 701 433;B01;1;7;0;2;5;12;1;
35500;202000023198;154 701 434;A01;1;33;0;2;3;3;1;
35501;202000023199;154 701 432;A01;3;15;1;0;1;26;1;
35502;202000023200;154 701 430;A01;3;30;0;2;8;19;0;
35503;202000023200;154 701 431;B01;3;7;0;2;1;1;1;
35504;202000023201;154 701 428;B01;2;7;0;2;3;15;1;
35505;202000023201;154 701 429;A01;2;30;0;2;1;17;1;
35506;202000023202;154 701 427;A01;1;37;0;1;7;13;1;1.0
35507;202000023203;154 701 425;B01;1;2;0;2;7;17;1;
35508;202000023203;154 701 426;A01;1;7;0;2;3;20;1;
35509;202000023204;154 701 423;A01;3;7;0;2;8;13;0;
35510;202000023204;154 701 424;B01;3;7;0;2;8;1;0;
35511;202000023205;154 701 421;A01;2;7;0;2;8;13;1;
35512;202000023205;154 701 422;B01;1;7;0;2;8;1;1;
35513;202000023206;154 701 419;B01;2;50;1;0;1;1;3;
35514;202000023206;154 701 420;A01;2;7;0;9;8;24;1;
35515;202000023207;154 701 416;C01;1;7;0;2;1;2;1;
35516;202000023207;154 701 417;A01;1;7;0;2;9;2;1;
35517;202000023207;154 701 418;B01;1;7;0;2;4;2;1;
35518;202000023208;154 701 414;B01;2;1;0;2;5;19;5;
35519;202000023208;154 701 415;A01;2;7;0;2;3;9;1;
35520;202000023209;154 701 412;A01;1;7;0;2;1;1;1;
35521;202000023209;154 701 413;B01;1;31;0;2;7;1;1;
35522;202000023210;154 701 411;A01;1;7;0;1;1;1;1;
35523;202000023211;154 701 409;A01;3;7;0;2;1;15;1;
35524;202000023211;154 701 410;B01;3;33;0;2;6;16;1;
35525;202000023212;154 701 407;A01;2;7;1;0;3;20;1;
35526;202000023212;154 701 408;B01;2;7;0;2;3;24;1;
35527;202000023213;154 701 405;A01;2;7;14;0;1;2;0;
35528;202000023213;154 701 406;B01;2;7;0;2;4;23;0;
35529;202000023214;154 701 399;A01;2;33;0;2;1;17;1;
35530;202000023214;154 701 400;B01;2;7;0;2;3;15;6;
35531;202000023215;154 701 398;A01;2;32;0;0;0;21;1;
35532;202000023216;154 701 396;B01;3;7;0;2;3;16;1;
35533;202000023216;154 701 397;A01;1;7;0;2;1;21;1;
35534;202000023217;154 701 394;B01;3;7;0;2;2;19;0;
35535;202000023217;154 701 395;A01;1;33;0;2;1;21;0;
35536;202000023218;154 701 393;A01;2;32;14;0;1;17;1;
35537;202000023219;154 701 391;B01;3;7;0;2;1;1;0;
35538;202000023219;154 701 392;A01;3;10;0;2;7;5;0;
35539;202000023220;154 701 389;A01;1;7;0;2;3;15;1;
35540;202000023220;154 701 390;B01;2;7;0;2;3;1;1;
35541;202000023221;154 701 387;A01;1;7;0;0;1;1;0;
35542;202000023221;154 701 388;B01;1;50;0;2;4;26;3;
35543;202000023222;154 701 382;A01;2;32;0;2;3;11;1;
35544;202000023222;154 701 383;B01;2;33;0;2;2;3;1;
35545;202000023222;154 701 384;C01;2;10;0;2;5;1;1;
35546;202000023223;154 701 380;A01;2;31;0;2;1;0;1;
35547;202000023223;154 701 381;B01;2;7;0;2;4;26;1;
35548;202000023224;154 701 379;A01;3;7;0;1;1;1;1;
35549;202000023225;154 701 378;A01;2;99;0;1;1;16;1;
35550;202000023226;154 701 377;A01;1;7;0;1;0;9;0;
35551;202000023228;154 701 373;A01;1;7;0;2;3;1;1;
35552;202000023228;154 701 374;B01;1;1;0;0;0;0;0;
35553;202000023229;154 701 371;B01;3;7;0;0;4;20;1;
35554;202000023229;154 701 372;A01;3;7;0;2;2;1;1;
35555;202000023231;154 701 369;B01;1;7;0;2;6;15;1;
35556;202000023231;154 701 370;A01;1;30;0;2;1;2;1;
35557;202000023232;154 701 362;A01;1;20;0;2;1;2;1;
35558;202000023232;154 701 363;B01;1;7;6;0;4;1;0;
35559;202000023232;154 701 364;C01;1;7;0;2;4;1;1;
35560;202000023232;154 701 365;D01;1;7;0;2;9;2;1;
35561;202000023232;154 701 366;E01;1;10;0;2;5;2;1;
35562;202000023233;154 701 360;A01;1;7;0;2;3;13;1;
35563;202000023233;154 701 361;B01;2;7;0;2;1;1;1;
35564;202000023234;154 701 358;B01;2;7;0;2;2;0;1;
35565;202000023234;154 701 359;A01;2;7;0;2;1;2;0;
35566;202000023235;154 701 367;A01;1;31;0;2;1;1;1;
35567;202000023235;154 701 368;B01;1;33;0;2;1;12;1;
35568;202000023236;154 701 356;A01;3;33;0;2;2;17;0;
35569;202000023236;154 701 357;B01;3;7;0;2;8;15;0;
35570;202000023237;154 701 353;A01;3;7;0;1;1;1;1;
35571;202000023238;154 701 354;B01;1;7;0;2;2;15;1;
35572;202000023238;154 701 355;A01;2;33;0;2;1;26;1;
35573;202000023239;154 701 350;A01;3;30;0;2;8;21;1;
35574;202000023239;154 701 352;B01;3;7;0;2;8;2;1;
35575;202000023240;154 701 349;B01;3;10;0;2;2;1;1;
35576;202000023240;154 701 351;A01;3;30;11;2;8;11;1;
35577;202000023241;154 701 348;A01;2;60;0;1;7;26;5;
35578;202000023242;154 701 345;A01;1;7;0;2;1;2;1;
35579;202000023242;154 701 347;B01;1;2;0;2;4;23;1;
35580;202000023244;154 701 342;B01;1;7;1;0;8;0;0;
35581;202000023244;154 701 343;A01;3;7;1;0;2;14;0;
35582;202000023245;154 701 339;A01;1;17;0;2;2;1;1;
35583;202000023245;154 701 341;B01;2;10;0;2;3;1;1;
35584;202000023247;154 701 337;A01;2;7;0;1;1;1;1;
35585;202000023248;154 701 336;FA01;1;7;0;1;6;26;1;
35586;202000023249;154 701 333;A01;2;7;0;2;3;1;1;
35587;202000023249;154 701 335;B01;1;7;0;2;2;16;1;
35588;202000023250;154 701 331;A01;3;7;0;1;2;14;1;
35589;202000023251;154 701 332;B01;3;7;0;2;4;23;1;
35590;202000023251;154 701 334;A01;3;7;0;2;1;1;1;
35591;202000023252;154 701 330;A01;3;2;8;0;1;1;1;
35592;202000023253;154 701 328;A01;1;33;0;2;1;1;1;
35593;202000023253;154 701 329;B01;2;37;0;2;2;1;1;1.0
35594;202000023254;154 701 327;A01;3;2;12;0;1;1;1;
35595;202000023256;154 701 323;B01;2;34;0;2;1;1;1;
35596;202000023256;154 701 324;A01;2;7;0;2;3;19;1;
35597;202000023257;154 701 320;B01;2;33;0;2;1;17;1;
35598;202000023257;154 701 322;A01;2;7;0;2;3;11;1;
35599;202000023258;154 701 319;A01;2;34;0;2;1;17;1;
35600;202000023258;154 701 321;B01;1;32;0;2;1;1;1;
35601;202000023259;154 701 318;A01;1;1;0;1;1;1;5;
35602;202000023260;154 701 316;A01;1;30;0;2;1;1;1;
35603;202000023260;154 701 317;B01;1;7;0;2;8;1;1;
35604;202000023261;154 701 314;B01;1;1;0;2;8;1;5;
35605;202000023261;154 701 315;A01;1;7;0;2;2;17;1;
35606;202000023262;154 701 309;C01;0;7;0;2;4;2;1;
35607;202000023262;154 701 311;B01;0;7;0;2;4;0;1;
35608;202000023262;154 701 312;A01;0;7;0;2;1;2;1;
35609;202000023262;154 701 313;D01;0;7;0;2;4;2;1;
35610;202000023263;154 701 306;B01;0;3;2;2;2;1;3;
35611;202000023263;154 701 307;A01;0;7;0;2;3;10;1;
35612;202000023265;154 701 303;A01;1;7;0;2;1;14;1;
35613;202000023265;154 701 305;B01;1;7;0;0;0;0;0;
35614;202000023266;154 701 304;A01;2;7;13;0;2;1;1;
35615;202000023268;154 701 297;A01;1;7;6;2;1;1;1;
35616;202000023268;154 701 298;B01;1;7;0;2;7;15;1;
35617;202000023269;154 701 295;A01;1;10;0;1;1;15;6;
35618;202000023270;154 701 294;B01;1;7;0;2;1;1;1;
35619;202000023270;154 701 296;A01;2;7;0;2;1;13;1;
35620;202000023271;154 701 292;A01;1;7;0;2;1;1;1;
35621;202000023271;154 701 293;B01;1;7;0;2;4;1;1;
35622;202000023272;154 701 290;A01;1;1;0;0;0;1;5;
35623;202000023273;154 701 289;A01;2;32;0;2;1;2;1;
35624;202000023274;154 701 288;B01;2;1;0;2;7;1;0;
35625;202000023274;154 701 291;A01;3;10;0;2;1;9;1;
35626;202000023275;154 701 284;A01;1;7;0;0;0;15;1;
35627;202000023275;154 701 287;B01;2;31;0;0;0;1;1;
35628;202000023276;154 701 283;A01;1;7;0;1;1;19;1;
35629;202000023278;154 701 278;A01;1;7;0;2;3;26;1;
35630;202000023278;154 701 279;B01;1;2;0;2;3;1;1;
35631;202000023279;154 701 277;B01;2;37;0;2;2;1;1;1.0
35632;202000023279;154 701 280;A01;2;7;15;2;3;1;1;
35633;202000023280;154 701 274;A01;1;32;0;2;2;17;1;
35634;202000023280;154 701 275;B01;1;7;0;2;3;15;1;
35635;202000023281;154 701 273;A01;2;7;0;2;6;11;1;
35636;202000023281;154 701 276;B01;2;17;0;2;2;17;1;
35637;202000023282;154 701 271;C01;1;10;0;2;4;23;6;
35638;202000023282;154 701 272;A01;1;7;1;0;1;1;1;
35639;202000023283;154 701 270;Z01;1;7;0;1;1;15;1;
35640;202000023284;154 701 269;A01;1;7;0;1;0;16;1;
35641;202000023285;154 701 267;A01;2;99;0;1;0;26;5;
35642;202000023286;154 701 266;B01;3;2;0;2;1;0;0;
35643;202000023286;154 701 268;A01;3;7;0;2;3;1;0;
35644;202000023287;154 701 263;B01;2;1;0;2;1;0;5;
35645;202000023287;154 701 264;A01;2;7;0;2;2;16;1;
35646;202000023288;154 701 265;A01;2;7;0;1;2;1;1;
35647;202000023289;154 701 261;B01;1;7;0;2;7;0;1;
35648;202000023289;154 701 262;A01;1;7;0;2;1;0;1;
35649;202000023290;154 701 258;A01;2;1;0;2;1;15;5;
35650;202000023290;154 701 259;B01;1;30;0;2;1;1;1;
35651;202000023291;154 701 256;B01;3;7;0;2;4;1;1;
35652;202000023291;154 701 257;A01;3;7;0;2;1;1;1;
35653;202000023292;154 701 255;A01;0;7;0;2;3;9;1;
35654;202000023292;154 701 260;B01;0;37;0;2;3;0;4;2.0
35655;202000023293;154 701 253;B01;3;33;0;2;1;1;1;
35656;202000023293;154 701 254;A01;3;7;0;2;5;15;1;
35657;202000023295;154 701 248;A01;1;7;12;0;9;5;1;
35658;202000023296;154 701 246;B01;0;7;0;2;3;1;1;
35659;202000023296;154 701 247;A01;0;1;0;2;1;1;5;
35660;202000023297;154 701 242;B01;0;7;0;2;4;1;1;
35661;202000023297;154 701 243;A01;0;7;0;2;1;1;1;
35662;202000023298;154 701 244;B01;1;7;0;2;6;9;1;
35663;202000023298;154 701 245;A01;1;33;0;2;0;9;1;
35664;202000023299;154 701 239;A01;2;1;0;2;1;17;5;
35665;202000023299;154 701 241;B01;1;1;0;2;1;1;5;
35666;202000023300;154 701 240;A01;1;7;13;0;1;14;1;
35667;202000023301;154 701 236;A01;2;7;0;2;1;1;1;
35668;202000023301;154 701 237;C01;2;10;0;2;3;1;1;
35669;202000023301;154 701 238;B01;2;7;0;2;8;0;1;
35670;202000023302;154 701 234;A01;1;7;16;0;3;13;1;
35671;202000023303;154 701 233;B01;1;7;0;2;7;15;0;
35672;202000023303;154 701 235;A01;2;30;0;2;1;1;0;
35673;202000023304;154 701 232;A01;1;7;1;0;1;14;1;
35674;202000023305;154 701 231;A01;3;10;1;1;5;4;1;
35675;202000023306;154 701 230;A01;1;7;0;1;3;1;1;
35676;202000023307;154 701 226;A01;0;7;0;2;3;9;1;
35677;202000023307;154 701 227;B01;0;1;0;2;1;2;5;
35678;202000023308;154 701 222;A01;1;33;0;2;1;1;1;
35679;202000023308;154 701 223;B01;2;7;0;2;1;23;1;
35680;202000023309;154 701 224;B01;2;7;0;2;1;1;1;
35681;202000023309;154 701 225;A01;1;7;0;2;2;15;1;
35682;202000023310;154 701 218;A01;1;7;0;2;1;1;1;
35683;202000023310;154 701 220;B01;2;7;0;2;1;1;1;
35684;202000023310;154 701 221;C01;0;32;0;2;0;0;0;
35685;202000023311;154 701 215;A01;2;10;0;2;3;13;1;
35686;202000023311;154 701 216;B01;2;1;1;2;7;2;5;
35687;202000023312;154 701 217;A01;0;14;0;2;7;13;1;
35688;202000023312;154 701 219;B01;0;1;0;2;8;0;6;
35689;202000023313;154 701 211;C01;1;1;0;2;4;0;0;
35690;202000023313;154 701 212;A01;1;7;0;2;0;0;1;
35691;202000023313;154 701 214;B01;1;7;0;2;3;1;1;
35692;202000023314;154 701 213;A01;0;7;13;0;9;1;1;
35693;202000023315;154 701 209;A01;1;7;0;2;8;15;1;
35694;202000023315;154 701 210;B01;1;33;0;2;1;1;1;
35695;202000023316;154 701 207;B01;3;7;0;2;4;26;0;
35696;202000023316;154 701 208;A01;3;7;0;2;1;2;0;
35697;202000023317;154 701 205;B01;1;7;0;2;1;1;1;
35698;202000023317;154 701 206;A01;1;33;0;2;1;13;1;
35699;202000023318;154 701 203;Y01;1;1;0;0;0;1;5;
35700;202000023319;154 701 202;A01;1;20;0;2;6;15;1;
35701;202000023319;154 701 204;B01;1;30;0;2;1;17;1;
35702;202000023320;154 701 201;A01;1;33;0;0;1;1;1;
35703;202000023321;154 701 199;A01;2;30;0;2;7;1;1;
35704;202000023321;154 701 200;B01;1;7;0;2;7;0;1;
35705;202000023323;154 701 197;A01;2;1;0;0;0;19;5;
35706;202000023324;154 701 194;A01;1;7;0;2;6;11;1;
35707;202000023324;154 701 196;B01;1;33;0;2;2;3;1;
35708;202000023325;154 701 192;A01;1;7;0;2;1;1;1;
35709;202000023325;154 701 193;B01;2;10;0;2;5;1;1;
35710;202000023325;154 701 195;C01;1;7;0;2;3;1;1;
35711;202000023326;154 701 190;B01;1;33;0;2;8;1;1;
35712;202000023326;154 701 191;A01;1;7;0;2;2;16;1;