;Num_Acc;id_vehicule;num_veh;senc;catv;obs;obsm;choc;manv;motor;occutc
35713;202000023327;154 701 189;A01;2;7;0;1;0;0;0;
35714;202000023328;154 701 188;A01;1;37;0;1;2;7;2;1.0
35715;202000023329;154 701 183;B01;2;1;0;2;0;1;5;
35716;202000023329;154 701 184;A01;2;7;0;2;2;16;1;
35717;202000023330;154 701 185;A01;3;7;0;2;3;19;1;
35718;202000023330;154 701 186;C01;3;15;0;2;3;23;1;
35719;202000023330;154 701 187;B01;3;7;0;2;5;1;1;
35720;202000023331;154 701 181;Z01;2;10;0;1;1;1;1;
35721;202000023332;154 701 180;B01;1;2;0;2;7;15;6;
35722;202000023332;154 701 182;A01;1;7;0;2;3;1;6;
35723;202000023333;154 701 178;A01;1;1;0;2;1;1;5;
35724;202000023333;154 701 179;B01;1;7;0;2;4;23;1;
35725;202000023334;154 701 176;B01;3;7;0;2;3;19;0;
35726;202000023334;154 701 177;A01;1;33;0;2;1;13;0;
35727;202000023335;154 701 173;B01;2;7;0;0;6;15;1;
35728;202000023335;154 701 174;A01;2;33;0;2;1;17;1;
35729;202000023336;154 701 172;A01;2;7;0;2;1;1;1;
35730;202000023336;154 701 175;B01;1;43;0;2;7;1;1;
35731;202000023337;154 701 169;A01;2;7;0;1;2;1;1;
35732;202000023338;154 701 170;B01;2;2;0;2;8;1;0;
35733;202000023338;154 701 171;A01;1;7;0;2;3;15;0;
35734;202000023339;154 701 166;A01;1;7;0;2;3;15;1;
35735;202000023339;154 701 168;B01;2;1;0;2;1;1;5;
35736;202000023340;154 701 167;A01;0;7;0;1;2;16;1;
35737;202000023341;154 701 164;A01;2;7;0;1;3;4;1;
35738;202000023342;154 701 163;B01;3;7;0;2;7;26;1;
35739;202000023342;154 701 165;A01;2;7;0;2;1;1;1;
35740;202000023343;154 701 161;B01;3;7;0;2;3;16;0;
35741;202000023343;154 701 162;A01;3;7;8;2;1;16;1;
35742;202000023344;154 701 158;A01;1;1;14;0;0;12;5;
35743;202000023345;154 701 159;B01;2;7;0;2;2;1;0;
35744;202000023345;154 701 160;A01;1;7;0;2;5;15;0;
35745;202000023346;154 701 154;B01;2;1;0;2;3;1;5;
35746;202000023346;154 701 156;A01;2;7;0;2;3;15;1;
35747;202000023347;154 701 155;A01;2;50;0;2;3;13;3;
35748;202000023347;154 701 157;B01;1;1;0;2;3;1;5;
35749;202000023348;154 701 151;A01;1;31;0;2;1;1;1;
35750;202000023348;154 701 153;B01;1;7;0;2;4;23;1;
35751;202000023350;154 701 149;A01;0;7;0;1;0;17;1;
35752;202000023351;154 701 148;A01;1;30;0;2;8;1;1;
35753;202000023353;154 701 145;A01;1;30;0;0;0;1;1;
35754;202000023354;154 701 144;A01;3;7;0;1;4;4;2;
35755;202000023355;154 701 142;A01;1;1;0;1;1;1;5;
35756;202000023356;154 701 143;A01;1;7;0;1;2;1;1;
35757;202000023357;154 701 140;A01;1;43;12;0;1;1;1;
35758;202000023359;154 701 136;A01;1;7;0;1;1;15;1;
35759;202000023360;154 701 137;A01;1;50;0;2;8;13;3;
35760;202000023360;154 701 138;B01;1;30;0;2;3;1;1;
35761;202000023361;154 701 134;B01;1;7;0;2;1;9;1;
35762;202000023361;154 701 135;A01;1;30;0;2;7;9;1;
35763;202000023362;154 701 133;A01;1;10;0;1;3;16;1;
35764;202000023363;154 701 131;A01;1;10;0;2;7;15;1;
35765;202000023363;154 701 132;B01;1;32;0;2;0;0;1;
35766;202000023364;154 701 128;A01;1;14;0;1;2;1;1;
35767;202000023366;154 701 123;Z01;1;7;0;2;0;0;0;
35768;202000023366;154 701 124;C01;1;7;16;0;0;0;1;
35769;202000023366;154 701 125;B01;2;31;0;2;7;1;0;
35770;202000023367;154 701 129;A01;1;7;0;2;7;1;1;
35771;202000023367;154 701 130;B01;1;33;0;2;3;1;1;
35772;202000023369;154 701 118;A01;0;7;0;2;7;1;1;
35773;202000023369;154 701 119;B01;0;7;0;2;1;1;1;
35774;202000023370;154 701 120;A01;1;7;6;0;7;14;1;
35775;202000023371;154 701 116;B01;1;7;0;2;4;23;1;
35776;202000023371;154 701 117;A01;1;7;0;2;1;2;1;
35777;202000023372;154 701 113;A01;2;32;0;2;9;17;1;
35778;202000023372;154 701 115;B01;2;7;0;2;6;1;1;
35779;202000023373;154 701 112;B01;1;41;0;2;1;26;6;
35780;202000023373;154 701 114;A01;1;7;0;0;6;9;1;
35781;202000023374;154 701 111;A01;2;31;0;0;0;1;1;
35782;202000023376;154 701 108;A01;2;7;8;0;1;0;1;
35783;202000023377;154 701 106;A01;1;7;0;2;6;19;1;
35784;202000023377;154 701 107;B01;2;2;0;2;1;1;1;
35785;202000023379;154 701 105;A01;2;7;0;1;2;1;0;
35786;202000023380;154 701 102;A01;1;10;3;2;3;1;1;
35787;202000023380;154 701 103;B01;2;7;0;2;1;1;1;
35788;202000023381;154 701 101;A01;0;7;0;1;2;16;1;
35789;202000023382;154 701 099;B01;1;2;0;2;1;2;1;
35790;202000023382;154 701 100;A01;1;2;0;0;8;10;1;
35791;202000023383;154 701 098;A01;0;1;0;1;0;0;6;
35792;202000023384;154 701 097;A01;2;10;2;0;2;1;1;
35793;202000023385;154 701 096;A01;0;2;14;0;1;1;1;
35794;202000023386;154 701 094;A01;1;7;0;2;5;1;1;
35795;202000023386;154 701 095;B01;2;7;0;2;1;1;1;
35796;202000023387;154 701 093;A01;1;7;17;0;1;13;1;
35797;202000023388;154 701 092;A01;3;7;2;0;3;1;1;
35798;202000023389;154 701 090;A01;3;7;0;2;1;13;1;
35799;202000023389;154 701 091;B01;3;7;0;2;3;21;1;
35800;202000023390;154 701 088;B01;0;2;0;2;1;1;1;
35801;202000023390;154 701 089;A01;0;1;0;0;1;5;6;
35802;202000023391;154 701 086;B01;1;7;0;2;3;16;1;
35803;202000023391;154 701 087;A01;1;33;0;0;4;16;1;
35804;202000023392;154 701 084;A01;3;30;0;2;7;17;1;
35805;202000023392;154 701 085;B01;3;10;0;2;6;15;1;
35806;202000023393;154 701 083;A01;1;7;2;0;1;1;1;
35807;202000023394;154 701 082;A01;1;33;13;0;1;26;1;
35808;202000023396;154 701 080;A01;3;7;8;0;1;0;0;
35809;202000023397;154 701 079;A01;1;7;2;0;3;1;1;
35810;202000023398;154 701 078;A01;1;2;0;0;8;1;1;
35811;202000023399;154 701 074;A01;2;7;0;2;1;1;1;
35812;202000023399;154 701 075;B01;1;7;0;2;1;1;1;
35813;202000023399;154 701 076;C01;1;7;0;9;1;1;1;
35814;202000023399;154 701 077;D01;1;7;0;2;3;1;1;
35815;202000023400;154 701 071;A01;2;7;2;0;8;13;1;
35816;202000023401;154 701 068;B01;1;7;0;2;1;1;1;
35817;202000023401;154 701 069;A01;2;2;0;2;1;15;1;
35818;202000023402;154 701 067;A01;0;1;0;0;0;1;5;
35819;202000023405;154 701 062;A01;1;10;2;0;3;1;1;
35820;202000023406;154 701 061;A01;0;7;0;1;3;1;1;
35821;202000023407;154 701 059;A01;1;7;0;2;8;1;1;
35822;202000023407;154 701 060;B01;1;7;0;2;1;1;1;
35823;202000023408;154 701 056;A01;1;2;12;0;7;1;1;
35824;202000023409;154 701 054;B01;2;34;0;2;1;17;1;
35825;202000023409;154 701 055;A01;2;7;0;2;8;15;1;
35826;202000023410;154 701 053;A01;0;33;0;0;0;0;1;
35827;202000023412;154 701 049;A01;2;7;0;2;0;26;1;
35828;202000023412;154 701 050;B01;1;1;0;2;8;1;5;
35829;202000023413;154 701 047;A01;2;32;12;2;7;17;1;
35830;202000023413;154 701 048;B01;2;14;0;2;3;13;1;
35831;202000023415;154 701 044;A01;2;7;17;0;2;1;1;
35832;202000023416;154 701 042;A01;1;7;0;0;6;1;0;
35833;202000023416;154 701 043;B01;2;7;0;0;8;5;0;
35834;202000023417;154 701 040;A01;2;7;0;2;1;13;1;
35835;202000023417;154 701 041;B01;1;7;0;2;2;1;1;
35836;202000023418;154 701 039;A01;3;7;6;0;1;0;1;
35837;202000023419;154 701 037;A01;2;7;0;2;4;2;1;
35838;202000023419;154 701 038;B01;2;7;0;2;1;2;1;
35839;202000023420;154 701 035;B01;1;33;0;2;7;14;1;
35840;202000023420;154 701 036;A01;1;10;0;2;8;13;1;
35841;202000023422;154 701 031;A01;1;7;4;2;3;13;0;
35842;202000023422;154 701 032;B01;1;37;0;2;5;1;0;1.0
35843;202000023423;154 701 030;A01;1;10;3;0;1;14;0;
35844;202000023424;154 701 027;B01;1;7;0;2;1;2;1;
35845;202000023424;154 701 028;C01;1;99;0;2;1;2;1;
35846;202000023424;154 701 029;A01;1;99;0;2;4;2;1;
35847;202000023425;154 701 024;C01;2;7;0;2;4;2;1;
35848;202000023425;154 701 025;B01;2;7;0;2;5;2;1;
35849;202000023425;154 701 026;A01;2;7;0;2;3;2;1;
35850;202000023426;154 701 022;B01;1;33;0;2;1;3;1;
35851;202000023426;154 701 023;A01;1;7;0;2;6;11;3;
35852;202000023427;154 701 020;B01;2;15;0;2;5;2;1;
35853;202000023427;154 701 021;A01;2;7;0;2;1;2;1;
35854;202000023428;154 701 017;B01;2;7;0;2;3;15;1;
35855;202000023428;154 701 018;A01;2;32;0;2;1;17;1;
35856;202000023429;154 701 015;A01;1;7;0;2;3;1;1;
35857;202000023429;154 701 016;B01;2;7;0;2;2;15;1;
35858;202000023430;154 701 013;B01;1;10;1;0;2;1;1;
35859;202000023430;154 701 014;Z01;1;10;1;0;3;1;0;
35860;202000023431;154 701 011;A01;1;7;0;2;3;13;1;
35861;202000023431;154 701 012;B01;0;7;0;2;3;1;1;
35862;202000023432;154 701 010;A01;2;30;1;1;8;1;1;
35863;202000023433;154 701 008;B01;0;7;0;2;3;15;1;
35864;202000023433;154 701 009;A01;0;33;0;2;1;17;1;
35865;202000023434;154 701 006;A01;2;7;0;2;2;13;0;
35866;202000023434;154 701 007;B01;2;7;0;2;6;1;3;
35867;202000023435;154 701 004;A01;2;10;0;2;1;1;0;
35868;202000023435;154 701 005;B01;1;10;0;2;6;1;0;
35869;202000023436;154 701 003;A01;2;2;1;0;2;14;1;
35870;202000023437;154 701 001;A01;2;1;0;2;1;0;5;
35871;202000023437;154 701 002;B01;1;50;0;2;1;0;3;
35872;202000023438;154 700 999;B01;2;7;0;2;3;1;1;
35873;202000023438;154 701 000;A01;2;30;0;2;1;9;1;
35874;202000023439;154 700 998;A01;1;34;9;0;5;1;1;
35875;202000023440;154 700 996;B01;3;1;0;2;8;1;5;
35876;202000023440;154 700 997;A01;3;10;0;2;3;1;1;
35877;202000023441;154 700 994;A01;2;32;0;2;1;19;1;
35878;202000023441;154 700 995;B01;2;10;0;2;8;16;1;
35879;202000023442;154 700 993;A01;1;36;1;0;7;1;1;
35880;202000023443;154 700 991;B01;2;7;0;2;3;1;1;
35881;202000023443;154 700 992;A01;2;7;0;2;6;1;1;
35882;202000023444;154 700 990;A01;2;99;15;0;1;0;0;
35883;202000023445;154 700 988;A01;1;10;0;2;2;15;1;
35884;202000023445;154 700 989;B01;2;33;0;2;1;1;0;
35885;202000023446;154 700 986;B01;1;7;0;2;0;0;1;
35886;202000023446;154 700 987;A01;1;2;0;2;8;13;1;
35887;202000023447;154 700 984;A01;1;7;0;2;1;2;0;
35888;202000023447;154 700 985;B01;1;1;0;2;4;2;0;
35889;202000023448;154 700 981;A01;3;30;0;2;1;21;1;
35890;202000023448;154 700 982;B01;3;7;0;2;1;23;1;
35891;202000023449;154 700 979;B01;1;7;0;2;7;1;1;
35892;202000023449;154 700 980;A01;3;7;0;2;3;19;1;
35893;202000023450;154 700 978;A01;1;7;0;1;1;15;1;
35894;202000023451;154 700 976;A01;1;30;14;2;1;2;1;
35895;202000023451;154 700 977;B01;0;7;0;0;0;0;0;
35896;202000023452;154 700 975;A01;1;34;8;0;1;21;1;
35897;202000023453;154 700 974;A01;2;34;1;0;1;2;1;
35898;202000023454;154 700 973;A01;0;7;8;0;2;1;1;
35899;202000023455;154 700 971;A01;2;34;0;2;3;1;1;
35900;202000023455;154 700 972;B01;1;30;0;2;5;12;1;
35901;202000023456;154 700 969;A01;1;7;0;2;2;9;1;
35902;202000023456;154 700 970;B01;1;34;0;2;8;1;1;
35903;202000023457;154 700 968;A01;2;14;1;0;3;13;1;
35904;202000023458;154 700 965;Z01;2;7;0;2;1;12;1;
35905;202000023458;154 700 966;A01;2;7;0;2;4;23;1;
35906;202000023458;154 700 967;B01;2;10;0;2;5;1;1;
35907;202000023459;154 700 963;A01;1;7;0;1;1;2;1;
35908;202000023459;154 700 964;B01;1;7;0;2;1;2;1;
35909;202000023460;154 700 959;Z01;2;30;0;2;4;3;1;
35910;202000023460;154 700 960;A01;2;30;0;2;1;3;1;
35911;202000023460;154 700 961;C01;2;7;0;2;7;23;1;
35912;202000023460;154 700 962;B01;2;7;0;2;8;23;1;
35913;202000023461;154 700 958;A01;1;32;0;1;2;1;1;
35914;202000023462;154 700 957;A01;2;1;12;1;1;1;5;
35915;202000023463;154 700 955;Z01;0;7;0;2;1;16;0;
35916;202000023463;154 700 956;A01;2;1;0;2;8;19;5;
35917;202000023464;154 700 953;A01;2;30;0;2;1;1;3;
35918;202000023464;154 700 954;Z01;2;7;0;2;7;15;1;
35919;202000023465;154 700 951;B01;1;33;0;2;3;7;1;
35920;202000023465;154 700 952;A01;2;7;0;2;1;15;1;
35921;202000023466;154 700 949;A01;1;7;0;2;8;22;1;
35922;202000023466;154 700 950;B01;1;50;0;2;1;1;3;
35923;202000023467;154 700 947;B01;2;30;0;2;1;1;1;
35924;202000023467;154 700 948;A01;2;7;0;2;2;10;1;
35925;202000023468;154 700 945;A01;2;7;0;2;3;2;1;
35926;202000023468;154 700 946;B01;2;7;0;2;5;2;1;
35927;202000023469;154 700 944;A01;1;37;11;0;3;7;1;5.0
35928;202000023470;154 700 943;A01;2;32;0;1;1;1;1;
35929;202000023471;154 700 941;Z01;2;7;0;0;0;26;0;
35930;202000023471;154 700 942;A01;2;7;15;0;3;26;1;
35931;202000023472;154 700 939;B01;3;32;0;2;3;1;1;
35932;202000023472;154 700 940;A01;3;7;0;2;5;26;1;
35933;202000023474;154 700 937;A01;1;7;0;1;0;16;1;
35934;202000023475;154 700 936;A01;3;7;0;1;5;9;1;
35935;202000023476;154 700 933;B01;3;7;0;2;3;15;1;
35936;202000023476;154 700 934;A01;3;2;0;2;2;17;1;
35937;202000023477;154 700 931;A01;1;1;0;2;1;1;5;
35938;202000023477;154 700 932;B01;1;7;0;2;2;1;1;
35939;202000023478;154 700 929;B01;0;31;0;2;2;1;1;
35940;202000023478;154 700 930;A01;1;7;0;2;3;1;1;
35941;202000023479;154 700 928;A01;3;99;0;1;4;4;6;
35942;202000023480;154 700 926;B01;2;7;0;2;1;1;1;
35943;202000023480;154 700 927;A01;1;7;0;2;5;15;1;
35944;202000023481;154 700 925;A01;3;7;0;1;1;26;1;
35945;202000023482;154 700 923;A01;0;7;0;2;1;2;1;
35946;202000023482;154 700 924;B01;0;7;0;2;4;23;1;
35947;202000023484;154 700 920;A01;2;33;13;6;1;1;1;
35948;202000023485;154 700 919;A01;1;32;0;0;7;1;1;
35949;202000023486;154 700 916;A01;1;7;0;0;4;1;1;
35950;202000023486;154 700 918;B01;1;7;0;2;2;12;1;
35951;202000023487;154 700 915;A01;0;7;0;2;3;15;1;
35952;202000023487;154 700 917;B01;0;33;0;2;7;17;1;
35953;202000023488;154 700 912;B01;1;7;0;0;3;15;1;
35954;202000023488;154 700 914;A01;1;33;0;0;0;17;1;
35955;202000023489;154 700 910;A01;1;10;0;2;3;15;1;
35956;202000023489;154 700 911;B01;2;1;0;2;1;1;5;
35957;202000023492;154 700 905;B01;1;7;0;2;2;9;1;
35958;202000023492;154 700 907;A01;2;7;0;2;2;11;1;
35959;202000023493;154 700 904;A01;1;14;0;9;0;16;1;
35960;202000023493;154 700 906;B01;0;1;0;2;0;0;5;
35961;202000023494;154 700 901;A01;2;7;0;1;1;1;0;
35962;202000023494;154 700 902;Y01;0;0;0;2;1;19;0;
35963;202000023495;154 700 900;A01;2;33;0;2;1;1;1;
35964;202000023495;154 700 903;B01;2;7;0;0;8;1;1;
35965;202000023496;154 700 898;A01;1;7;0;2;2;1;1;
35966;202000023496;154 700 899;B01;1;32;0;2;1;1;1;
35967;202000023497;154 700 896;A01;3;10;0;2;3;16;0;
35968;202000023497;154 700 897;B01;1;7;5;0;2;1;0;
35969;202000023498;154 700 895;A01;2;32;4;0;2;14;1;
35970;202000023499;154 700 891;A01;1;32;0;2;2;1;1;
35971;202000023499;154 700 893;Z01;1;1;0;2;3;13;0;
35972;202000023500;154 700 892;B01;1;7;1;0;2;14;1;
35973;202000023500;154 700 894;A01;1;7;0;2;6;23;1;
35974;202000023501;154 700 890;A01;2;37;1;1;7;16;1;1.0
35975;202000023503;154 700 887;A01;1;7;0;2;1;13;1;
35976;202000023503;154 700 888;B01;2;33;0;2;1;17;1;
35977;202000023505;154 700 884;A01;1;32;0;0;0;1;1;
35978;202000023506;154 700 883;A01;2;32;0;0;8;1;1;
35979;202000023507;154 700 882;A01;2;50;0;1;1;1;3;
35980;202000023509;154 700 877;A01;1;7;0;2;7;16;1;
35981;202000023509;154 700 878;B01;2;1;0;2;1;1;5;
35982;202000023510;154 700 875;B01;0;7;0;2;2;2;1;
35983;202000023510;154 700 876;A01;2;7;3;2;3;1;1;
35984;202000023511;154 700 873;B01;2;32;0;2;4;1;1;
35985;202000023511;154 700 874;A01;2;32;0;2;1;1;1;
35986;202000023512;154 700 872;A01;2;33;0;2;0;3;1;
35987;202000023513;154 700 868;B01;2;7;0;2;5;12;1;
35988;202000023513;154 700 869;A01;2;34;0;2;1;3;1;
35989;202000023514;154 700 865;A01;2;33;4;2;2;3;1;
35990;202000023514;154 700 866;B01;2;7;0;2;8;13;1;
35991;202000023515;154 700 863;B01;2;7;0;2;4;2;1;
35992;202000023515;154 700 867;A01;2;10;0;2;1;2;1;
35993;202000023516;154 700 862;A01;1;7;4;2;1;9;1;
35994;202000023516;154 700 864;B01;1;15;0;2;1;1;1;
35995;202000023518;154 700 860;A01;2;7;4;0;0;1;1;
35996;202000023519;154 700 858;A01;1;7;0;2;3;9;1;
35997;202000023520;154 700 859;A01;3;7;12;0;1;16;1;
35998;202000023521;154 700 853;B01;2;7;0;2;4;2;1;
35999;202000023521;154 700 855;C01;2;7;0;2;5;2;1;
36000;202000023521;154 700 857;A01;2;7;0;2;1;2;1;
36001;202000023522;154 700 854;B01;1;7;0;2;4;24;1;
36002;202000023522;154 700 856;A01;1;1;0;2;1;1;5;
36003;202000023523;154 700 851;B01;2;7;0;2;7;1;1;
36004;202000023523;154 700 852;A01;2;31;0;2;6;3;1;
36005;202000023524;154 700 850;A01;0;7;0;1;1;15;1;
36006;202000023526;154 700 848;A01;1;15;0;2;6;23;1;
36007;202000023526;154 700 849;B01;1;15;1;2;2;2;1;
36008;202000023527;154 700 845;Y01;2;80;0;0;1;1;3;
36009;202000023527;154 700 846;A01;2;7;0;9;1;16;1;
36010;202000023528;154 700 844;A01;1;34;0;2;4;1;1;
36011;202000023529;154 700 842;B01;1;7;0;2;3;1;1;
36012;202000023529;154 700 843;A01;1;30;0;2;1;5;1;
36013;202000023530;154 700 841;A01;1;33;0;1;1;1;1;
36014;202000023531;154 700 840;A01;1;7;0;1;2;16;2;
36015;202000023532;154 700 838;A01;3;7;0;2;3;9;1;
36016;202000023532;154 700 839;B01;3;1;0;2;3;1;6;
36017;202000023533;154 700 837;A01;1;2;1;0;2;26;1;
36018;202000023534;154 700 836;A01;1;7;0;1;8;15;1;
36019;202000023535;154 700 833;A01;1;7;0;0;2;15;1;
36020;202000023535;154 700 835;B01;2;32;0;2;3;1;1;
36021;202000023536;154 700 832;B01;1;32;0;2;1;2;0;
36022;202000023536;154 700 834;A01;2;7;0;9;7;10;1;
36023;202000023538;154 700 829;B01;2;7;0;2;4;23;1;
36024;202000023538;154 700 830;A01;2;7;0;2;1;2;1;
36025;202000023539;154 700 827;A01;1;7;17;4;3;21;1;
36026;202000023540;154 700 826;A01;3;7;0;2;1;1;1;
36027;202000023540;154 700 828;B01;3;7;0;2;2;15;1;
36028;202000023541;154 700 825;A01;2;7;12;0;5;26;1;
36029;202000023542;154 700 823;BB01;2;7;0;0;4;2;1;
36030;202000023542;154 700 824;A01;2;10;14;2;1;1;1;
36031;202000023543;154 700 821;B01;3;7;0;2;3;1;1;
36032;202000023543;154 700 822;A01;3;34;0;2;3;19;1;
36033;202000023544;154 700 816;A01;1;7;0;2;5;17;1;
36034;202000023544;154 700 817;D01;1;7;0;2;8;0;1;
36035;202000023544;154 700 818;C01;1;7;0;2;0;0;1;
36036;202000023544;154 700 819;B01;1;20;0;2;8;0;1;
36037;202000023545;154 700 814;A01;2;7;0;2;2;15;1;
36038;202000023545;154 700 815;B01;1;32;0;2;0;1;1;
36039;202000023546;154 700 812;B01;1;7;0;2;3;1;1;
36040;202000023546;154 700 813;A01;1;7;8;2;2;26;1;
36041;202000023547;154 700 820;A01;2;7;1;0;2;1;0;
36042;202000023548;154 700 811;A01;1;7;0;1;3;16;1;
36043;202000023549;154 700 808;B01;1;2;0;2;1;16;0;
36044;202000023549;154 700 810;A01;1;7;0;2;1;15;2;
36045;202000023550;154 700 807;B01;2;7;0;2;2;15;1;
36046;202000023550;154 700 809;A01;2;1;0;2;8;11;5;
36047;202000023551;154 700 804;B01;1;30;0;2;1;1;1;
36048;202000023551;154 700 806;A01;1;7;0;2;8;10;1;
36049;202000023552;154 700 800;A01;3;33;0;2;8;1;1;
36050;202000023552;154 700 802;B01;3;7;0;2;4;20;1;
36051;202000023554;154 700 796;B01;1;38;0;2;4;2;1;1.0
36052;202000023554;154 700 798;A01;1;7;0;2;1;2;1;
36053;202000023555;154 700 795;A01;2;7;0;2;3;15;0;
36054;202000023555;154 700 797;B01;1;33;0;2;1;1;1;
36055;202000023556;154 700 793;B01;3;7;8;2;3;21;1;
36056;202000023556;154 700 794;A01;0;7;0;2;2;19;0;
36057;202000023558;154 700 790;A01;1;7;6;1;1;2;1;
36058;202000023559;154 700 789;B01;0;7;0;1;2;1;1;
36059;202000023559;154 700 791;A01;0;7;0;2;1;11;1;
36060;202000023560;154 700 787;B01;1;10;0;9;8;2;0;
36061;202000023560;154 700 788;A01;1;32;0;2;7;14;0;
36062;202000023561;154 700 786;A01;1;7;0;1;2;1;1;
36063;202000023562;154 700 785;A01;1;30;1;0;1;2;1;
36064;202000023563;154 700 782;A01;1;7;0;2;4;26;1;
36065;202000023563;154 700 783;B01;1;32;0;2;1;23;1;
36066;202000023564;154 700 784;Z01;1;7;0;1;0;1;1;
36067;202000023565;154 700 780;Z01;3;1;0;1;0;0;5;
36068;202000023567;154 700 778;A01;2;7;0;1;1;26;0;
36069;202000023568;154 700 775;A01;2;7;1;2;3;1;1;
36070;202000023568;154 700 777;B01;2;32;1;2;1;1;1;
36071;202000023569;154 700 774;B01;2;2;0;2;8;0;1;
36072;202000023569;154 700 776;A01;1;7;0;9;8;0;1;
36073;202000023570;154 700 773;A01;3;10;6;0;3;13;1;
36074;202000023571;154 700 772;A01;1;7;0;1;0;1;1;
36075;202000023572;154 700 770;B01;3;2;0;2;1;9;1;
36076;202000023572;154 700 771;A01;1;7;0;0;3;1;1;
36077;202000023573;154 700 768;A01;1;7;0;2;0;1;1;
36078;202000023573;154 700 769;B01;1;50;0;2;0;0;3;
36079;202000023574;154 700 764;A01;3;7;0;2;3;9;1;
36080;202000023574;154 700 765;B01;2;2;0;2;1;1;1;
36081;202000023575;154 700 766;B01;2;7;0;2;1;1;1;
36082;202000023575;154 700 767;A01;1;10;0;0;0;1;1;
36083;202000023576;154 700 763;A01;3;7;0;1;1;15;1;
36084;202000023577;154 700 762;A01;1;7;8;9;1;0;1;
36085;202000023578;154 700 760;B01;1;1;0;2;7;1;5;
36086;202000023578;154 700 761;X01;3;10;0;2;1;0;0;
36087;202000023579;154 700 758;B01;1;7;0;2;1;0;1;
36088;202000023579;154 700 759;A01;2;7;0;2;1;13;1;
36089;202000023580;154 700 756;B01;2;7;0;2;1;1;1;
36090;202000023580;154 700 757;A01;0;30;0;2;8;9;1;
36091;202000023581;154 700 754;A01;1;7;0;1;2;1;1;
36092;202000023582;154 700 753;B01;2;33;0;2;3;1;1;
36093;202000023582;154 700 755;A01;1;7;0;2;3;15;1;
36094;202000023585;154 700 750;A01;1;7;1;0;2;1;1;
36095;202000023586;154 700 747;A01;2;7;0;0;0;0;1;
36096;202000023587;154 700 745;A01;2;7;0;2;8;9;1;
36097;202000023587;154 700 746;B01;2;31;0;2;1;1;1;
36098;202000023588;154 700 743;A01;2;7;0;2;1;12;1;
36099;202000023588;154 700 744;B01;2;13;0;2;6;1;1;
36100;202000023589;154 700 741;B01;0;7;0;2;4;1;1;
36101;202000023589;154 700 742;A01;0;30;0;2;1;1;1;
36102;202000023590;154 700 740;A01;0;2;11;0;1;1;1;
36103;202000023591;154 700 738;A01;2;7;0;2;8;1;1;
36104;202000023591;154 700 739;B01;1;7;0;2;1;1;1;
36105;202000023592;154 700 735;A01;1;7;2;0;7;0;1;
36106;202000023593;154 700 734;A01;1;7;6;0;7;1;1;
36107;202000023594;154 700 733;A01;1;7;17;0;7;1;1;
36108;202000023595;154 700 732;A01;2;7;0;2;1;1;1;
36109;202000023595;154 700 737;B01;2;7;0;0;4;1;1;
36110;202000023596;154 700 731;A01;2;7;2;0;1;1;1;
36111;202000023597;154 700 729;B01;1;7;0;2;2;19;1;
36112;202000023597;154 700 730;A01;1;30;0;2;3;9;1;
36113;202000023598;154 700 726;B01;1;7;0;2;8;17;1;
36114;202000023598;154 700 728;A01;1;7;0;2;7;17;6;
36115;202000023599;154 700 723;A01;2;7;0;2;8;13;1;
36116;202000023599;154 700 724;B01;1;7;0;2;3;1;1;
36117;202000023600;154 700 725;B01;1;1;0;2;4;2;5;
36118;202000023600;154 700 727;A01;1;7;0;2;1;9;1;
36119;202000023602;154 700 718;A01;3;2;0;2;1;1;1;
36120;202000023602;154 700 719;B01;3;10;0;2;4;15;1;
36121;202000023603;154 700 720;B01;1;7;0;2;1;0;0;
36122;202000023603;154 700 721;A01;1;7;0;2;4;0;0;
36123;202000023604;154 700 717;A01;2;7;13;0;1;1;1;
36124;202000023605;154 700 715;A01;3;1;0;2;1;26;5;
36125;202000023605;154 700 716;B01;3;7;0;2;1;26;1;
36126;202000023608;154 700 712;A01;1;7;2;0;2;1;1;
36127;202000023610;154 700 708;A01;1;7;6;0;1;1;1;
36128;202000023613;154 700 702;A01;1;3;0;2;2;15;1;
36129;202000023613;154 700 703;B01;1;2;0;2;1;1;1;
36130;202000023614;154 700 699;A01;2;7;0;0;0;16;1;
36131;202000023614;154 700 700;B01;2;33;0;2;8;1;1;
36132;202000023615;154 700 694;B01;3;2;0;2;1;21;1;
36133;202000023615;154 700 696;A01;3;7;0;2;6;9;1;
36134;202000023616;154 700 695;B01;0;2;0;2;1;1;1;
36135;202000023616;154 700 697;A01;0;7;0;2;8;15;1;
36136;202000023617;154 700 690;B01;3;34;0;2;1;9;1;
36137;202000023617;154 700 693;A01;3;7;0;2;2;15;1;
36138;202000023618;154 700 689;A01;2;7;0;2;3;13;1;
36139;202000023618;154 700 691;B01;1;7;0;2;3;1;1;
36140;202000023618;154 700 692;C01;1;7;0;2;3;1;1;
36141;202000023619;154 700 687;A01;2;7;2;0;8;1;1;
36142;202000023621;154 700 680;D01;1;7;0;2;1;1;1;
36143;202000023621;154 700 682;C01;1;7;0;2;4;1;1;
36144;202000023621;154 700 684;B01;1;7;0;2;4;1;1;
36145;202000023621;154 700 685;A01;1;7;0;2;4;1;1;