;Num_Acc;id_vehicule;num_veh;senc;catv;obs;obsm;choc;manv;motor;occutc
36146;202000023622;154 700 681;B01;2;10;0;2;4;23;1;
36147;202000023622;154 700 683;A01;2;7;0;2;1;1;1;
36148;202000023623;154 700 678;B01;2;7;0;2;1;1;1;
36149;202000023623;154 700 679;A01;1;7;0;2;8;13;1;
36150;202000023624;154 700 674;A01;2;33;3;0;8;1;1;
36151;202000023625;154 700 675;B01;1;17;0;2;3;1;1;
36152;202000023625;154 700 676;C01;1;7;0;2;7;1;1;
36153;202000023625;154 700 677;A01;1;7;0;2;3;13;1;
36154;202000023626;154 700 670;A01;2;15;0;2;2;12;1;
36155;202000023626;154 700 672;B01;2;7;0;2;6;1;1;
36156;202000023627;154 700 666;D01;2;7;0;2;1;0;6;
36157;202000023627;154 700 667;C01;2;7;0;2;1;0;6;
36158;202000023627;154 700 668;B01;2;7;0;2;1;0;6;
36159;202000023627;154 700 669;A01;2;7;3;0;1;0;1;
36160;202000023628;154 700 663;B01;2;7;0;2;5;1;1;
36161;202000023628;154 700 664;C01;2;33;0;2;8;3;1;
36162;202000023628;154 700 665;A01;2;43;0;2;1;2;1;
36163;202000023629;154 700 661;A01;2;7;0;1;1;1;1;
36164;202000023630;154 700 657;A01;2;21;0;0;0;26;1;
36165;202000023631;154 700 658;A01;2;10;0;2;5;22;1;
36166;202000023631;154 700 659;B01;2;1;0;2;1;1;5;
36167;202000023632;154 700 652;A01;2;31;0;2;8;9;1;
36168;202000023632;154 700 655;Z01;2;7;0;2;2;1;0;
36169;202000023633;154 700 651;A01;3;7;0;1;1;19;0;
36170;202000023634;154 700 649;A01;1;32;15;0;7;0;1;
36171;202000023638;154 700 645;A01;1;7;0;2;1;2;1;
36172;202000023638;154 700 646;B01;1;7;0;2;4;1;1;
36173;202000023639;154 700 643;A01;2;7;3;0;1;1;1;
36174;202000023640;154 700 641;A01;2;10;0;2;2;1;1;
36175;202000023640;154 700 642;B01;1;1;0;2;2;1;5;
36176;202000023641;154 700 637;A01;1;1;0;1;1;25;5;
36177;202000023642;154 700 635;A01;1;7;0;2;2;15;1;
36178;202000023642;154 700 636;B01;2;31;0;2;1;1;1;
36179;202000023643;154 700 633;B01;3;1;0;2;2;19;5;
36180;202000023643;154 700 634;A01;2;34;0;2;1;1;1;
36181;202000023644;154 700 631;B01;3;32;0;2;1;19;1;
36182;202000023644;154 700 632;A01;3;7;0;2;3;15;1;
36183;202000023646;154 700 628;B01;1;2;0;2;1;15;1;
36184;202000023646;154 700 630;A01;1;13;0;2;6;15;1;
36185;202000023647;154 700 626;A01;3;7;0;1;4;26;0;
36186;202000023648;154 700 625;B01;1;38;0;2;1;1;1;1.0
36187;202000023648;154 700 627;A01;2;7;0;2;5;13;1;
36188;202000023649;154 700 623;A01;3;7;12;2;3;15;1;
36189;202000023649;154 700 624;B01;3;33;0;2;8;1;1;
36190;202000023650;154 700 621;B01;2;7;0;2;1;1;1;
36191;202000023650;154 700 622;A01;1;7;0;2;8;5;1;
36192;202000023651;154 700 620;A01;1;7;0;1;3;0;0;
36193;202000023652;154 700 618;A01;3;7;0;2;3;1;0;
36194;202000023652;154 700 619;B01;3;7;0;2;3;1;0;
36195;202000023653;154 700 617;A01;1;7;2;0;1;0;1;
36196;202000023654;154 700 616;A01;-1;7;0;1;3;15;0;
36197;202000023655;154 700 615;A01;1;2;0;0;7;16;1;
36198;202000023656;154 700 614;A01;0;7;0;1;7;2;1;
36199;202000023657;154 700 613;A01;1;10;0;1;2;1;0;
36200;202000023658;154 700 612;A01;-1;7;0;1;2;16;0;
36201;202000023659;154 700 609;B01;2;7;0;2;2;15;1;
36202;202000023659;154 700 611;A01;2;32;0;2;2;21;1;
36203;202000023660;154 700 607;B01;1;20;0;2;3;9;1;
36204;202000023660;154 700 610;A01;1;2;0;2;1;1;1;
36205;202000023661;154 700 606;A01;1;7;0;2;2;15;1;
36206;202000023661;154 700 608;B01;2;33;0;2;1;1;1;
36207;202000023662;154 700 604;B01;1;7;0;0;4;2;1;
36208;202000023662;154 700 605;A01;1;7;0;2;1;2;1;
36209;202000023663;154 700 603;A01;3;7;0;1;8;15;0;
36210;202000023664;154 700 602;A01;1;7;0;1;2;1;1;
36211;202000023665;154 700 599;A01;2;7;0;2;4;1;1;
36212;202000023665;154 700 601;B01;2;7;0;2;1;2;1;
36213;202000023666;154 700 600;A01;-1;37;0;1;7;1;1;1.0
36214;202000023669;154 700 589;A01;1;7;0;2;4;1;1;
36215;202000023669;154 700 590;G01;1;7;0;2;1;2;1;
36216;202000023669;154 700 591;F01;1;7;0;2;1;2;1;
36217;202000023669;154 700 592;E01;1;7;0;2;1;2;1;
36218;202000023669;154 700 593;D01;1;7;0;2;1;2;1;
36219;202000023669;154 700 594;C01;1;7;0;2;1;2;1;
36220;202000023669;154 700 595;B01;1;7;0;2;1;2;1;
36221;202000023670;154 700 588;A01;1;7;0;1;1;15;1;
36222;202000023671;154 700 585;A01;2;2;8;0;1;1;1;
36223;202000023672;154 700 586;A01;2;10;0;2;1;2;1;
36224;202000023672;154 700 587;B01;2;7;0;2;4;0;1;
36225;202000023673;154 700 584;A01;1;7;4;0;1;1;1;
36226;202000023674;154 700 579;C01;2;10;0;2;4;2;1;
36227;202000023674;154 700 580;B01;2;7;0;2;4;2;1;
36228;202000023674;154 700 581;A01;2;7;0;2;1;1;1;
36229;202000023675;154 700 576;B01;1;7;0;2;4;2;0;
36230;202000023675;154 700 577;A01;1;10;0;2;1;2;1;
36231;202000023675;154 700 578;C01;1;7;0;2;4;2;1;
36232;202000023676;154 700 582;A01;2;10;0;2;6;10;1;
36233;202000023676;154 700 583;B01;2;7;0;2;1;1;1;
36234;202000023677;154 700 573;A01;1;7;0;2;1;1;1;
36235;202000023677;154 700 575;B01;1;7;0;2;4;1;1;
36236;202000023678;154 700 572;B01;3;7;0;2;2;26;1;
36237;202000023678;154 700 574;A01;3;10;0;2;1;0;1;
36238;202000023679;154 700 569;C01;2;15;0;2;3;1;1;
36239;202000023679;154 700 570;B01;2;38;0;2;8;1;1;1.0
36240;202000023679;154 700 571;A01;2;10;0;2;2;1;1;
36241;202000023680;154 700 567;A01;2;10;4;0;8;2;1;
36242;202000023681;154 700 564;A01;1;7;0;2;7;1;1;
36243;202000023681;154 700 566;B01;1;7;0;2;8;1;1;
36244;202000023682;154 700 563;B01;1;10;0;9;1;1;1;
36245;202000023682;154 700 565;A01;1;2;0;2;5;16;1;
36246;202000023683;154 700 562;A01;1;7;4;0;0;1;1;
36247;202000023684;154 700 561;A01;1;7;4;0;1;1;1;
36248;202000023685;154 700 558;A01;1;7;4;0;3;1;1;
36249;202000023686;154 700 556;A01;1;7;0;2;1;2;1;
36250;202000023686;154 700 557;B01;1;7;4;2;4;1;1;
36251;202000023687;154 700 551;A01;2;10;0;2;3;2;1;
36252;202000023687;154 700 552;B01;2;10;0;2;5;2;1;
36253;202000023687;154 700 553;E01;2;14;0;2;8;1;1;
36254;202000023687;154 700 554;C01;2;10;0;2;4;2;1;
36255;202000023687;154 700 555;D01;2;7;0;2;7;14;1;
36256;202000023689;154 700 548;A01;2;10;0;1;3;21;1;
36257;202000023690;154 700 547;A01;1;7;13;0;1;1;1;
36258;202000023691;154 700 543;A01;2;7;0;2;1;1;1;
36259;202000023691;154 700 545;B01;1;10;0;2;4;19;1;
36260;202000023692;154 700 541;A01;1;7;0;2;4;26;1;
36261;202000023692;154 700 542;D01;1;7;0;2;1;2;1;
36262;202000023692;154 700 544;C01;1;7;0;2;4;2;1;
36263;202000023692;154 700 546;B01;1;7;0;2;4;2;1;
36264;202000023693;154 700 537;B01;2;7;0;2;6;2;1;
36265;202000023693;154 700 538;A01;2;7;0;2;2;1;1;
36266;202000023694;154 700 539;B01;2;15;0;2;8;1;1;
36267;202000023694;154 700 540;A01;1;7;0;2;3;5;1;
36268;202000023695;154 700 535;A01;2;7;0;2;7;9;1;
36269;202000023695;154 700 536;B01;2;33;0;2;1;3;1;
36270;202000023696;154 700 533;B01;1;33;0;2;7;17;1;
36271;202000023696;154 700 534;A01;1;10;0;2;8;17;1;
36272;202000023697;154 700 530;A01;2;33;0;2;2;3;1;
36273;202000023697;154 700 531;B01;2;7;0;2;3;11;1;
36274;202000023697;154 700 532;C01;2;7;0;2;6;1;1;
36275;202000023698;154 700 528;A01;2;7;0;0;7;13;1;
36276;202000023698;154 700 529;B01;1;38;0;0;1;14;1;7.0
36277;202000023699;154 700 526;A01;1;10;0;0;1;14;1;
36278;202000023700;154 700 525;A01;1;7;0;2;1;9;1;
36279;202000023700;154 700 527;B01;1;1;0;2;7;1;5;
36280;202000023701;154 700 523;A01;0;2;0;0;2;1;1;
36281;202000023702;154 700 522;B01;1;7;0;2;1;1;6;
36282;202000023702;154 700 524;A01;1;7;5;2;2;15;1;
36283;202000023703;154 700 521;A01;1;7;15;0;1;1;0;
36284;202000023705;154 700 516;A01;1;7;1;0;2;1;1;
36285;202000023705;154 700 517;B01;1;7;1;0;6;22;1;
36286;202000023707;154 700 513;A01;2;7;0;9;9;1;0;
36287;202000023708;154 700 518;A01;1;7;0;0;2;0;1;
36288;202000023710;154 700 510;B01;1;7;0;0;4;15;1;
36289;202000023710;154 700 511;A01;1;32;0;2;1;2;1;
36290;202000023711;154 700 509;A01;1;50;-1;-1;-1;-1;3;
36291;202000023712;154 700 507;A01;1;7;0;2;1;1;1;
36292;202000023712;154 700 508;B01;1;1;0;2;7;1;5;
36293;202000023713;154 700 506;A01;3;1;0;0;0;0;5;
36294;202000023714;154 700 505;A01;1;7;2;0;5;1;1;
36295;202000023715;154 700 504;A01;1;1;0;0;0;1;5;
36296;202000023716;154 700 501;B01;1;2;0;2;1;1;1;
36297;202000023716;154 700 503;A01;2;7;0;2;2;10;1;
36298;202000023717;154 700 500;A01;3;1;1;0;0;25;5;
36299;202000023717;154 700 502;B01;3;7;0;0;0;23;1;
36300;202000023718;154 700 498;A01;1;7;1;1;9;20;1;
36301;202000023719;154 700 497;B01;1;31;0;2;1;1;1;
36302;202000023719;154 700 499;A01;2;7;0;2;1;15;1;
36303;202000023720;154 700 496;A01;1;7;0;0;9;14;1;
36304;202000023721;154 700 494;A01;3;7;0;9;2;22;1;
36305;202000023721;154 700 495;B01;3;1;1;0;3;25;5;
36306;202000023722;154 700 492;A01;2;7;0;2;3;1;1;
36307;202000023722;154 700 493;B01;1;33;0;2;1;1;1;
36308;202000023723;154 700 490;A01;3;7;0;2;2;1;1;
36309;202000023723;154 700 491;B01;1;7;0;2;1;1;1;
36310;202000023724;154 700 488;B01;2;7;0;2;3;1;1;
36311;202000023724;154 700 489;A01;1;10;0;2;2;15;1;
36312;202000023725;154 700 486;A01;1;33;7;0;1;13;1;
36313;202000023727;154 700 485;A01;1;32;0;0;0;1;1;
36314;202000023730;154 700 481;B01;0;7;0;2;4;2;1;
36315;202000023730;154 700 483;A01;0;7;0;2;1;2;1;
36316;202000023731;154 700 477;B01;1;7;0;2;1;0;1;
36317;202000023731;154 700 478;A01;2;7;0;2;1;0;1;
36318;202000023732;154 700 475;A01;1;34;0;2;1;0;1;
36319;202000023732;154 700 476;B01;1;7;0;2;0;0;1;
36320;202000023733;154 700 474;A01;3;7;6;0;2;14;0;
36321;202000023734;154 700 473;A01;1;7;1;2;2;1;1;
36322;202000023735;154 700 472;A01;3;7;0;1;8;1;1;
36323;202000023736;154 700 470;B01;0;7;0;2;3;26;1;
36324;202000023736;154 700 471;A01;0;7;0;2;2;26;1;
36325;202000023737;154 700 466;A01;2;33;0;0;0;1;1;
36326;202000023738;154 700 467;B01;2;37;0;2;3;1;1;1.0
36327;202000023738;154 700 468;A01;1;3;0;2;1;17;1;
36328;202000023739;154 700 462;C01;2;7;0;2;1;1;1;
36329;202000023739;154 700 463;B01;2;13;0;2;4;1;1;
36330;202000023739;154 700 465;A01;2;7;0;2;1;1;1;
36331;202000023740;154 700 459;B01;2;33;0;2;2;1;0;
36332;202000023740;154 700 460;A01;2;10;0;2;4;11;0;
36333;202000023741;154 700 461;B01;3;37;0;2;5;1;3;2.0
36334;202000023741;154 700 464;A01;1;7;0;2;1;1;1;
36335;202000023742;154 700 457;A01;1;7;4;2;2;17;1;
36336;202000023742;154 700 458;B01;1;10;5;2;6;26;1;
36337;202000023743;154 700 456;A01;1;7;0;1;4;20;1;
36338;202000023744;154 700 453;A01;3;7;0;2;0;0;0;
36339;202000023744;154 700 454;B01;3;50;0;2;7;1;3;
36340;202000023745;154 700 451;B01;2;7;0;2;6;2;1;
36341;202000023745;154 700 452;A01;2;32;0;2;1;2;1;
36342;202000023746;154 700 450;A01;2;7;0;1;3;1;1;
36343;202000023747;154 700 448;B01;2;7;4;0;5;1;1;
36344;202000023747;154 700 449;A01;2;7;4;0;1;12;1;
36345;202000023748;154 700 446;A01;3;10;0;2;6;19;1;
36346;202000023748;154 700 447;B01;1;30;0;2;1;1;1;
36347;202000023749;154 700 445;A01;3;34;7;0;1;7;1;
36348;202000023750;154 700 443;A01;1;7;0;2;1;16;1;
36349;202000023750;154 700 444;VB01;2;1;0;2;8;1;0;
36350;202000023751;154 700 438;B01;1;33;0;2;1;1;1;
36351;202000023751;154 700 440;A01;1;7;0;2;4;9;1;
36352;202000023753;154 700 436;A01;1;7;13;0;0;1;1;
36353;202000023754;154 700 435;Z01;2;30;0;1;7;1;3;
36354;202000023755;154 700 433;B01;2;50;0;2;1;15;3;
36355;202000023755;154 700 434;A01;2;7;0;9;3;1;1;
36356;202000023756;154 700 430;A01;3;32;12;0;1;1;1;
36357;202000023757;154 700 431;B01;1;2;0;2;1;1;1;
36358;202000023757;154 700 432;A01;1;7;0;2;1;10;1;
36359;202000023758;154 700 427;A01;2;7;0;2;2;1;0;
36360;202000023758;154 700 428;B01;2;1;0;2;0;0;5;
36361;202000023759;154 700 425;B01;2;7;0;2;5;1;1;
36362;202000023759;154 700 426;A01;2;7;0;2;3;1;1;
36363;202000023759;154 700 429;C01;2;7;0;2;0;9;0;
36364;202000023760;154 700 421;A01;3;7;1;2;1;1;1;
36365;202000023760;154 700 423;B01;3;7;0;2;5;19;1;
36366;202000023761;154 700 420;A01;3;7;0;2;1;16;1;
36367;202000023761;154 700 422;B01;3;7;0;2;3;1;1;
36368;202000023763;154 700 414;A01;2;7;1;2;1;7;1;
36369;202000023763;154 700 416;B01;2;7;9;0;5;16;1;
36370;202000023763;154 700 417;C01;2;7;0;2;7;1;1;
36371;202000023764;154 700 413;A01;3;33;0;2;4;23;1;
36372;202000023764;154 700 415;Z01;3;7;0;2;1;1;0;
36373;202000023765;154 700 411;A01;3;99;0;2;3;19;0;
36374;202000023765;154 700 412;B01;1;7;0;2;3;9;1;
36375;202000023766;154 700 410;A01;3;60;0;0;0;19;5;
36376;202000023767;154 700 408;B01;1;7;0;2;1;1;1;
36377;202000023767;154 700 409;A01;2;30;0;2;1;1;1;
36378;202000023768;154 700 406;B01;1;32;0;2;1;17;1;
36379;202000023768;154 700 407;A01;1;7;0;2;4;10;1;
36380;202000023769;154 700 404;A01;0;7;0;1;1;1;0;
36381;202000023770;154 700 403;A01;1;7;0;2;3;2;1;
36382;202000023770;154 700 405;B01;2;50;0;2;0;19;3;
36383;202000023772;154 700 400;A01;1;30;0;2;1;1;1;
36384;202000023772;154 700 402;B01;1;7;0;2;3;1;1;
36385;202000023773;154 700 399;A01;1;7;0;1;1;15;1;
36386;202000023774;154 700 398;A01;3;3;1;0;2;26;1;
36387;202000023775;154 700 395;A01;1;1;0;2;8;19;5;
36388;202000023775;154 700 396;B01;2;7;0;2;1;1;1;
36389;202000023776;154 700 394;Z01;1;7;0;2;3;13;1;
36390;202000023776;154 700 397;A01;2;30;0;2;3;1;1;
36391;202000023777;154 700 391;A01;1;7;0;2;7;22;1;
36392;202000023777;154 700 393;B01;1;50;0;2;1;1;3;
36393;202000023778;154 700 390;A01;1;7;8;2;1;15;0;
36394;202000023778;154 700 392;B01;1;7;0;2;2;23;0;
36395;202000023779;154 700 388;A01;2;7;0;1;2;1;1;
36396;202000023780;154 700 387;A01;1;7;0;2;6;15;1;
36397;202000023780;154 700 389;B01;1;33;0;2;1;17;0;
36398;202000023781;154 700 384;B01;2;7;0;2;6;1;1;
36399;202000023781;154 700 386;A01;2;7;6;2;1;26;1;
36400;202000023782;154 700 383;A01;1;7;0;2;1;19;1;
36401;202000023782;154 700 385;B01;2;7;0;2;1;1;1;
36402;202000023783;154 700 381;Z01;2;7;0;2;2;12;1;
36403;202000023783;154 700 382;A01;2;33;0;2;8;1;1;
36404;202000023784;154 700 378;B01;1;60;0;2;3;1;5;
36405;202000023784;154 700 379;A01;1;7;0;2;3;1;1;
36406;202000023785;154 700 377;A01;3;7;0;2;2;26;1;
36407;202000023785;154 700 380;B01;3;1;0;0;7;26;5;
36408;202000023786;154 700 376;A01;-1;32;15;0;1;1;1;
36409;202000023787;154 700 373;B01;1;10;0;0;3;1;1;
36410;202000023787;154 700 375;A01;1;2;0;2;1;1;1;
36411;202000023788;154 700 371;A01;1;32;15;0;1;16;1;
36412;202000023789;154 700 372;B01;1;30;0;2;7;26;0;
36413;202000023789;154 700 374;A01;1;7;0;2;2;16;0;
36414;202000023790;154 700 369;B01;2;7;0;2;2;1;1;
36415;202000023790;154 700 370;A01;1;30;0;2;3;15;1;
36416;202000023791;154 700 367;B01;1;30;1;0;0;0;1;
36417;202000023791;154 700 368;A01;1;7;1;0;0;23;1;
36418;202000023792;154 700 365;Z01;3;7;0;2;0;1;1;
36419;202000023792;154 700 366;A01;3;1;0;2;1;1;5;
36420;202000023793;154 700 363;B01;1;7;0;2;5;16;1;
36421;202000023793;154 700 364;A01;1;32;0;2;1;1;1;
36422;202000023794;154 700 362;A01;2;1;0;0;0;1;5;
36423;202000023795;154 700 360;A01;1;10;0;1;1;15;1;
36424;202000023796;154 700 359;A01;3;7;0;2;1;1;1;
36425;202000023796;154 700 361;B01;3;7;0;2;1;1;1;
36426;202000023797;154 700 358;A01;1;7;0;1;1;1;1;
36427;202000023798;154 700 357;A01;3;2;15;0;1;14;1;
36428;202000023799;154 700 355;B01;1;1;0;2;1;26;6;
36429;202000023799;154 700 356;A01;1;34;1;9;8;9;1;
36430;202000023800;154 700 354;A01;1;2;0;0;7;1;0;
36431;202000023801;154 700 352;A01;1;7;0;2;3;15;1;
36432;202000023801;154 700 353;B01;1;7;0;2;1;1;1;
36433;202000023802;154 700 348;B01;3;2;0;2;4;1;1;
36434;202000023802;154 700 350;A01;3;7;0;2;1;1;1;
36435;202000023803;154 700 346;B01;3;7;0;2;2;1;1;
36436;202000023803;154 700 347;A01;-1;30;0;2;1;16;1;
36437;202000023804;154 700 349;A01;3;7;13;0;1;1;1;
36438;202000023805;154 700 344;B01;2;32;0;9;7;1;1;
36439;202000023805;154 700 345;A01;2;60;0;2;8;15;5;
36440;202000023806;154 700 342;A01;1;10;1;0;1;0;1;
36441;202000023807;154 700 341;A01;2;1;0;0;0;2;0;
36442;202000023807;154 700 343;B01;2;1;0;0;0;2;0;
36443;202000023808;154 700 339;A01;1;7;0;2;1;2;0;
36444;202000023808;154 700 340;B01;1;2;0;0;4;2;0;
36445;202000023809;154 700 334;B01;2;7;0;2;1;1;1;
36446;202000023809;154 700 335;A01;1;7;0;2;3;15;1;
36447;202000023810;154 700 332;A01;1;31;0;0;8;16;1;
36448;202000023811;154 700 331;A01;2;7;0;2;7;13;1;
36449;202000023811;154 700 333;B01;1;7;0;2;1;1;1;
36450;202000023813;154 700 326;A01;2;7;2;0;3;0;1;
36451;202000023814;154 700 321;B01;2;32;0;2;2;1;1;
36452;202000023814;154 700 322;A01;2;7;0;0;6;11;1;
36453;202000023815;154 700 320;C01;2;7;0;2;4;2;1;
36454;202000023815;154 700 323;D01;2;7;0;2;4;2;1;
36455;202000023815;154 700 324;F01;2;7;0;2;4;2;1;
36456;202000023815;154 700 325;E01;2;7;0;2;4;2;1;
36457;202000023815;154 700 327;B01;2;15;0;2;4;2;1;
36458;202000023815;154 700 328;A01;2;15;0;2;1;2;1;
36459;202000023816;154 700 319;A01;3;1;0;1;1;1;5;
36460;202000023817;154 700 318;A01;0;7;13;0;1;1;1;
36461;202000023818;154 700 317;A01;1;7;6;0;8;14;1;
36462;202000023819;154 700 315;A01;0;7;13;0;4;4;1;
36463;202000023819;154 700 316;B01;0;7;13;0;4;4;1;
36464;202000023820;154 700 313;A01;1;7;0;2;3;2;1;
36465;202000023820;154 700 314;B01;2;7;0;2;3;2;1;
36466;202000023821;154 700 312;A01;1;7;0;1;7;1;1;
36467;202000023822;154 700 310;B01;2;10;0;2;1;19;1;
36468;202000023822;154 700 311;A01;1;7;8;2;3;1;0;
36469;202000023823;154 700 308;A01;2;7;0;2;2;17;1;
36470;202000023823;154 700 309;B01;2;1;0;2;4;2;5;
36471;202000023824;154 700 307;A01;2;7;2;0;1;14;1;
36472;202000023825;154 700 305;A01;1;7;13;0;7;1;1;
36473;202000023826;154 700 304;B01;1;7;8;0;3;1;1;
36474;202000023826;154 700 306;A01;1;7;8;0;8;1;1;
36475;202000023827;154 700 301;A01;1;7;0;2;7;19;1;
36476;202000023827;154 700 303;B01;1;7;0;2;1;1;1;
36477;202000023828;154 700 300;A01;2;7;0;2;1;1;1;
36478;202000023828;154 700 302;B01;1;1;0;2;2;19;5;
36479;202000023829;154 700 299;A01;1;10;0;1;5;25;1;
36480;202000023830;154 700 296;C01;1;7;0;0;0;15;1;
36481;202000023830;154 700 297;B01;1;7;0;2;4;0;1;
36482;202000023830;154 700 298;A01;1;7;0;2;1;2;1;
36483;202000023831;154 700 295;A01;3;7;16;0;3;1;1;
36484;202000023832;154 700 292;A01;1;7;0;2;1;0;1;
36485;202000023832;154 700 294;B01;2;31;0;2;0;0;1;
36486;202000023833;154 700 291;A01;3;13;0;2;1;19;1;
36487;202000023833;154 700 293;B01;0;2;0;2;1;1;1;
36488;202000023836;154 700 288;A01;1;7;13;0;1;1;1;
36489;202000023837;154 700 286;B01;1;7;0;2;1;21;1;
36490;202000023837;154 700 287;A01;1;3;0;2;3;9;1;
36491;202000023838;154 700 285;A01;2;33;6;0;1;17;1;
36492;202000023839;154 700 283;B01;2;7;0;2;3;1;1;
36493;202000023839;154 700 284;A01;1;7;0;2;3;1;1;
36494;202000023840;154 700 279;A01;2;33;0;2;1;1;1;
36495;202000023840;154 700 281;B01;2;7;0;0;5;1;1;
36496;202000023841;154 700 278;A01;1;7;0;2;3;1;1;
36497;202000023841;154 700 280;C01;2;13;10;0;5;2;1;
36498;202000023841;154 700 282;B01;1;7;0;2;1;17;1;
36499;202000023842;154 700 276;B01;2;7;0;2;3;1;1;
36500;202000023842;154 700 277;A01;1;7;0;2;3;5;1;
36501;202000023843;154 700 275;A01;1;7;0;0;1;1;1;
36502;202000023844;154 700 274;A01;1;7;13;0;2;1;1;
36503;202000023845;154 700 272;A01;2;7;4;0;2;1;1;
36504;202000023846;154 700 271;A01;3;10;0;2;3;13;1;
36505;202000023846;154 700 273;B01;3;80;0;2;3;1;3;
36506;202000023847;154 700 270;A01;2;7;2;0;2;1;1;
36507;202000023848;154 700 268;B01;2;7;0;2;1;1;1;
36508;202000023848;154 700 269;A01;1;7;0;2;3;15;1;
36509;202000023849;154 700 265;C01;1;7;0;2;1;1;1;
36510;202000023849;154 700 266;B01;1;7;0;2;6;1;1;
36511;202000023849;154 700 267;A01;2;10;0;2;3;15;1;
36512;202000023850;154 700 263;B01;2;10;0;9;6;1;1;
36513;202000023850;154 700 264;A01;1;2;0;2;6;26;1;
36514;202000023851;154 700 262;A01;1;7;13;0;1;1;1;
36515;202000023852;154 700 259;A01;1;7;0;2;2;12;1;
36516;202000023852;154 700 260;B01;1;17;0;2;6;1;1;
36517;202000023853;154 700 258;A01;1;7;11;0;1;14;1;
36518;202000023854;154 700 256;A01;1;7;3;2;7;12;1;
36519;202000023854;154 700 257;B01;1;33;0;2;1;1;1;
36520;202000023855;154 700 255;A01;1;7;4;0;9;11;1;
36521;202000023857;154 700 250;B01;3;1;0;2;8;1;5;
36522;202000023857;154 700 251;A01;3;7;0;2;2;17;1;
36523;202000023858;154 700 248;A01;1;7;0;2;3;15;1;
36524;202000023858;154 700 249;B01;2;33;0;2;1;1;1;
36525;202000023859;154 700 246;A01;0;7;0;2;4;23;0;
36526;202000023859;154 700 247;B01;3;7;0;2;1;1;0;
36527;202000023860;154 700 244;B01;2;1;0;2;1;1;5;
36528;202000023860;154 700 245;A01;1;10;0;2;1;15;1;
36529;202000023861;154 700 242;A01;1;7;0;0;0;13;1;
36530;202000023861;154 700 243;B01;1;30;0;2;0;2;1;
36531;202000023862;154 700 239;B01;3;33;0;2;7;21;1;
36532;202000023862;154 700 240;A01;1;7;0;0;0;14;1;
36533;202000023862;154 700 241;C01;3;7;0;2;6;23;1;
36534;202000023863;154 700 238;A01;2;7;0;1;1;1;1;
36535;202000023864;154 700 236;B01;1;7;0;2;1;1;1;
36536;202000023864;154 700 237;A01;2;7;0;2;6;1;1;
36537;202000023866;154 700 232;B01;2;15;0;2;3;1;1;
36538;202000023866;154 700 233;A01;1;7;0;2;3;13;1;
36539;202000023867;154 700 229;A01;2;17;0;2;0;11;0;
36540;202000023867;154 700 230;B01;2;10;0;2;4;11;1;
36541;202000023867;154 700 231;C01;2;17;0;0;4;1;1;
36542;202000023868;154 700 227;B01;2;7;0;2;3;1;1;
36543;202000023868;154 700 228;A01;1;33;0;2;1;5;1;
36544;202000023869;154 700 225;B01;2;2;0;0;4;2;1;
36545;202000023869;154 700 226;A01;2;7;0;2;2;1;1;
36546;202000023870;154 700 224;A01;0;2;15;0;2;1;0;
36547;202000023871;154 700 223;A01;1;7;13;0;1;14;1;
36548;202000023872;154 700 222;A01;3;30;6;0;1;13;1;
36549;202000023873;154 700 221;A01;3;7;2;0;7;15;1;
36550;202000023874;154 700 219;B01;1;7;0;2;1;1;1;
36551;202000023874;154 700 220;A01;2;7;0;2;7;1;1;
36552;202000023875;154 700 216;A01;2;7;13;0;7;1;1;
36553;202000023876;154 700 214;B01;2;50;0;0;1;9;3;
36554;202000023876;154 700 215;A01;1;2;0;2;1;1;1;
36555;202000023877;154 700 213;A01;2;1;0;0;0;1;5;
36556;202000023878;154 700 212;A01;2;33;13;0;3;1;1;
36557;202000023879;154 700 210;A01;1;7;0;2;3;13;1;
36558;202000023879;154 700 211;B01;2;10;0;2;3;1;0;
36559;202000023880;154 700 208;B01;1;10;0;2;3;1;0;
36560;202000023880;154 700 209;A01;2;7;0;2;2;15;0;
36561;202000023881;154 700 206;B01;2;7;0;2;1;1;1;
36562;202000023881;154 700 207;A01;1;10;0;2;2;1;1;
36563;202000023882;154 700 205;A01;2;7;6;0;0;1;0;
36564;202000023883;154 700 203;B01;2;7;0;2;9;1;1;
36565;202000023883;154 700 204;A01;1;7;13;2;9;13;1;
36566;202000023884;154 700 200;A01;1;7;6;0;1;1;1;
36567;202000023885;154 700 199;A01;2;7;0;1;1;1;1;
36568;202000023886;154 700 197;A01;1;7;1;1;3;1;1;
36569;202000023887;154 700 196;A01;2;33;0;6;0;1;1;
36570;202000023888;154 700 195;A01;2;31;0;0;1;1;1;
36571;202000023889;154 700 193;A01;1;7;0;2;1;13;1;
36572;202000023889;154 700 194;B01;2;7;0;2;1;1;1;
36573;202000023890;154 700 192;A01;0;2;16;0;8;16;1;
36574;202000023891;154 700 190;B01;2;7;0;2;1;1;1;
36575;202000023891;154 700 191;A01;1;7;1;2;7;15;1;
36576;202000023892;154 700 189;A01;1;7;13;0;1;1;1;
36577;202000023894;154 700 185;B01;3;7;0;2;3;1;1;
36578;202000023894;154 700 186;A01;3;33;0;2;1;17;1;