;Num_Acc;id_vehicule;num_veh;senc;catv;obs;obsm;choc;manv;motor;occutc
36579;202000023895;154 700 184;A01;1;7;4;0;3;9;1;
36580;202000023897;154 700 182;A01;1;33;11;0;1;17;1;
36581;202000023898;154 700 180;B01;3;7;0;2;2;13;1;
36582;202000023898;154 700 181;A01;3;7;0;2;3;1;1;
36583;202000023899;154 700 178;A01;2;1;0;2;0;0;5;
36584;202000023899;154 700 179;B01;2;0;0;2;1;0;0;
36585;202000023900;154 700 176;A01;0;7;0;0;2;1;1;
36586;202000023900;154 700 177;B01;0;1;0;2;2;0;5;
36587;202000023901;154 700 174;B01;2;7;4;2;1;1;1;
36588;202000023901;154 700 175;A01;1;7;0;2;1;5;1;
36589;202000023902;154 700 173;A01;1;7;6;0;1;13;1;
36590;202000023903;154 700 171;A01;0;2;0;2;1;2;0;
36591;202000023903;154 700 172;B01;0;7;0;2;4;2;0;
36592;202000023904;154 700 170;A01;1;7;0;0;3;0;1;
36593;202000023906;154 700 168;A01;1;7;3;0;2;3;1;
36594;202000023908;154 700 165;A01;1;7;0;2;2;13;1;
36595;202000023908;154 700 166;B01;2;7;0;2;1;1;1;
36596;202000023909;154 700 161;B01;1;7;0;2;1;1;1;
36597;202000023909;154 700 162;A01;1;7;0;2;4;1;1;
36598;202000023910;154 700 158;A01;1;7;0;2;1;2;1;
36599;202000023910;154 700 159;B01;1;7;0;2;4;2;1;
36600;202000023910;154 700 160;C01;1;7;0;2;4;2;1;
36601;202000023911;154 700 156;A01;2;7;0;2;4;1;1;
36602;202000023911;154 700 157;B01;2;7;0;2;1;2;1;
36603;202000023912;154 700 155;A01;2;7;12;0;2;14;1;
36604;202000023913;154 700 152;A01;1;31;0;2;8;3;1;
36605;202000023913;154 700 153;B01;1;7;0;2;7;12;1;
36606;202000023913;154 700 154;C01;1;7;0;2;4;1;1;
36607;202000023914;154 700 150;A01;1;33;0;2;1;26;1;
36608;202000023914;154 700 151;B01;1;10;0;2;5;1;1;
36609;202000023915;154 700 148;B01;1;7;0;2;8;1;0;
36610;202000023915;154 700 149;A01;1;15;0;2;7;12;0;
36611;202000023916;154 700 145;A01;1;33;0;2;3;3;1;
36612;202000023916;154 700 146;B01;1;7;0;2;3;1;1;
36613;202000023916;154 700 147;C01;1;7;0;2;5;1;1;
36614;202000023917;154 700 144;A01;1;7;4;0;1;1;1;
36615;202000023919;154 700 142;A01;2;7;4;0;1;1;1;
36616;202000023920;154 700 140;A01;2;7;0;2;8;11;1;
36617;202000023920;154 700 141;B01;2;33;0;2;7;3;1;
36618;202000023921;154 700 137;C01;2;33;0;2;6;1;1;
36619;202000023921;154 700 138;A01;2;7;0;2;8;11;1;
36620;202000023921;154 700 139;B01;2;33;0;2;2;3;1;
36621;202000023922;154 700 136;A01;2;7;0;1;3;1;1;
36622;202000023923;154 700 135;A01;1;7;6;0;2;14;1;
36623;202000023924;154 700 133;B01;1;7;0;2;1;1;1;
36624;202000023924;154 700 134;A01;2;7;0;2;7;15;1;
36625;202000023925;154 700 132;A01;2;31;0;0;8;21;1;
36626;202000023926;154 700 128;SB01;3;2;0;2;7;1;1;
36627;202000023926;154 700 129;PA01;3;10;0;2;3;15;1;
36628;202000023927;154 700 126;A01;1;2;0;2;8;16;1;
36629;202000023927;154 700 127;B01;1;7;0;9;5;16;1;
36630;202000023928;154 700 124;B01;1;2;0;2;0;1;1;
36631;202000023928;154 700 125;A01;1;7;0;2;0;16;1;
36632;202000023929;154 700 123;A01;3;7;0;9;2;1;1;
36633;202000023930;154 700 121;B01;3;7;0;2;4;1;1;
36634;202000023930;154 700 122;A01;3;7;0;2;1;1;1;
36635;202000023931;154 700 118;C01;2;7;0;2;4;23;0;
36636;202000023931;154 700 119;B01;2;7;0;2;4;23;1;
36637;202000023931;154 700 120;A01;2;7;0;2;1;2;1;
36638;202000023932;154 700 115;C01;2;7;0;2;4;2;6;
36639;202000023932;154 700 116;A01;2;7;0;2;1;2;6;
36640;202000023932;154 700 117;B01;2;7;0;2;4;2;6;
36641;202000023933;154 700 113;A01;1;10;0;9;2;2;1;
36642;202000023933;154 700 114;B01;1;50;0;2;0;2;3;
36643;202000023934;154 700 111;A01;1;7;0;2;1;15;1;
36644;202000023934;154 700 112;B01;2;33;0;2;1;1;1;
36645;202000023936;154 700 108;B01;1;7;0;9;1;1;1;
36646;202000023936;154 700 109;A01;1;1;0;2;7;0;5;
36647;202000023937;154 700 106;B01;2;7;0;2;2;1;1;
36648;202000023937;154 700 107;A01;2;7;0;2;6;1;0;
36649;202000023938;154 700 104;A01;1;10;0;2;5;9;1;
36650;202000023938;154 700 105;B01;1;7;0;2;1;9;1;
36651;202000023939;154 700 102;B01;3;32;0;2;8;0;1;
36652;202000023939;154 700 103;A01;3;7;0;2;1;15;0;
36653;202000023940;154 700 100;A01;2;50;0;2;1;19;3;
36654;202000023940;154 700 101;B01;1;7;0;2;7;1;1;
36655;202000023941;154 700 098;A01;1;2;0;2;7;17;1;
36656;202000023941;154 700 099;B01;1;17;0;2;6;1;0;
36657;202000023942;154 700 096;A01;1;33;0;0;8;1;0;
36658;202000023942;154 700 097;B01;2;10;0;0;0;15;0;
36659;202000023943;154 700 090;B01;1;1;0;2;1;1;5;
36660;202000023944;154 700 088;A01;3;7;0;2;1;2;1;
36661;202000023944;154 700 089;B01;0;7;0;2;4;2;1;
36662;202000023945;154 700 087;A01;1;7;13;0;0;26;0;
36663;202000023946;154 700 086;A01;2;7;6;0;1;14;1;
36664;202000023947;154 700 084;B01;3;7;0;2;1;1;1;
36665;202000023947;154 700 085;A01;3;7;0;2;2;15;1;
36666;202000023948;154 700 082;A01;1;7;0;2;3;15;1;
36667;202000023948;154 700 083;B01;2;2;0;2;8;1;1;
36668;202000023949;154 700 080;B01;2;1;0;2;0;0;5;
36669;202000023949;154 700 081;A01;1;7;0;2;0;26;1;
36670;202000023950;154 700 078;B01;2;7;0;2;8;1;1;
36671;202000023950;154 700 079;A01;1;7;0;2;3;13;1;
36672;202000023952;154 700 075;A01;2;7;0;1;2;1;1;
36673;202000023953;154 700 073;A01;1;7;0;2;1;15;1;
36674;202000023953;154 700 074;B01;2;34;0;2;1;1;0;
36675;202000023954;154 700 071;A01;1;7;0;2;7;6;1;
36676;202000023954;154 700 072;B01;2;30;0;2;1;1;1;
36677;202000023955;154 700 067;A01;2;7;0;2;1;13;1;
36678;202000023955;154 700 068;B01;1;7;13;0;0;21;1;
36679;202000023955;154 700 069;C01;1;7;3;2;7;21;1;
36680;202000023955;154 700 070;D01;1;7;0;2;8;1;1;
36681;202000023956;154 700 066;A01;2;50;0;0;0;2;3;
36682;202000023957;154 700 064;A01;1;7;0;2;4;2;1;
36683;202000023957;154 700 065;B01;1;10;0;2;4;2;1;
36684;202000023958;154 700 062;A01;2;7;0;2;1;2;1;
36685;202000023958;154 700 063;B01;2;7;0;2;4;2;1;
36686;202000023959;154 700 061;A01;1;7;0;1;1;1;1;
36687;202000023961;154 700 057;A01;1;7;0;2;1;9;1;
36688;202000023961;154 700 058;B01;1;7;0;0;4;23;1;
36689;202000023963;154 700 053;A01;3;7;0;2;3;16;1;
36690;202000023963;154 700 054;B01;3;7;0;2;7;1;1;
36691;202000023964;154 700 051;B01;1;1;0;2;7;1;5;
36692;202000023964;154 700 052;A01;1;7;0;2;1;16;1;
36693;202000023965;154 700 049;A01;1;7;0;2;4;1;1;
36694;202000023965;154 700 050;B01;1;7;0;2;1;1;1;
36695;202000023967;154 700 046;A01;0;80;0;0;1;1;3;
36696;202000023968;154 700 043;B01;3;7;0;2;6;1;1;
36697;202000023968;154 700 044;A01;3;7;1;2;8;15;1;
36698;202000023968;154 700 045;Z01;3;7;0;2;0;0;1;
36699;202000023969;154 700 041;A01;2;10;0;2;3;15;1;
36700;202000023969;154 700 042;B01;2;31;0;2;1;1;1;
36701;202000023970;154 700 039;A01;1;31;0;2;1;18;1;
36702;202000023970;154 700 040;B01;2;7;0;2;6;15;1;
36703;202000023971;154 700 037;B01;1;10;0;2;1;19;1;
36704;202000023971;154 700 038;A01;1;10;0;2;2;19;1;
36705;202000023972;154 700 035;B01;1;2;0;2;8;1;1;
36706;202000023972;154 700 036;A01;1;7;0;2;7;14;1;
36707;202000023973;154 700 034;A01;2;7;0;0;9;13;1;
36708;202000023974;154 700 032;A01;1;7;0;2;7;1;1;
36709;202000023974;154 700 033;B01;1;2;0;2;1;1;1;
36710;202000023975;154 700 031;A01;1;7;0;1;1;1;1;
36711;202000023977;154 700 029;A01;1;7;0;1;1;0;1;
36712;202000023978;154 700 028;A01;1;13;0;1;3;1;1;
36713;202000023979;154 700 027;A01;1;7;0;1;1;1;1;
36714;202000023980;154 700 026;A01;1;7;0;1;1;1;1;
36715;202000023981;154 700 024;A01;2;7;0;2;3;13;1;
36716;202000023981;154 700 025;B01;2;7;0;2;3;1;1;
36717;202000023983;154 700 022;Z01;1;3;0;1;1;1;0;
36718;202000023984;154 700 019;C01;1;7;0;2;4;23;1;
36719;202000023984;154 700 020;B01;1;7;0;2;4;1;1;
36720;202000023984;154 700 021;A01;1;7;0;2;1;1;1;
36721;202000023985;154 700 016;A01;1;7;0;2;1;2;1;
36722;202000023985;154 700 017;B01;1;7;0;2;4;2;1;
36723;202000023985;154 700 018;C01;1;15;0;2;4;2;0;
36724;202000023987;154 700 014;A01;3;7;0;1;2;1;0;
36725;202000023988;154 700 012;B01;1;7;0;2;1;1;1;
36726;202000023988;154 700 013;A01;3;7;0;2;3;9;1;
36727;202000023989;154 700 010;A01;2;7;0;2;1;13;1;
36728;202000023989;154 700 011;B01;1;7;0;2;1;1;1;
36729;202000023990;154 700 008;B01;1;7;0;2;5;1;1;
36730;202000023990;154 700 009;A01;1;32;0;2;3;12;1;
36731;202000023991;154 700 006;B01;1;7;0;2;4;2;1;
36732;202000023991;154 700 007;A01;1;33;0;2;1;2;1;
36733;202000023993;154 700 001;B01;1;10;0;2;3;22;1;
36734;202000023993;154 700 002;C01;2;37;0;2;7;23;1;1.0
36735;202000023993;154 700 003;A01;1;33;0;2;7;18;1;
36736;202000023994;154 699 999;A01;1;7;0;2;7;12;1;
36737;202000023994;154 700 000;B01;1;1;0;2;1;1;5;
36738;202000023996;154 699 996;A01;1;1;0;1;1;25;5;
36739;202000023997;154 699 995;A01;1;7;0;1;8;1;1;
36740;202000023998;154 699 993;Z01;2;1;0;2;3;15;5;
36741;202000023998;154 699 994;B01;2;43;0;2;2;17;1;
36742;202000023999;154 699 991;B01;2;1;0;2;1;1;5;
36743;202000023999;154 699 992;A01;2;7;0;2;2;14;2;
36744;202000024000;154 699 989;B01;3;14;0;2;2;1;1;
36745;202000024000;154 699 990;A01;3;1;0;2;7;19;5;
36746;202000024001;154 699 988;A01;1;1;0;0;0;1;5;
36747;202000024002;154 699 987;A01;2;80;0;0;0;1;3;
36748;202000024003;154 699 985;A01;1;32;0;2;8;16;1;
36749;202000024003;154 699 986;B01;1;37;0;2;2;7;1;1.0
36750;202000024004;154 699 984;A01;2;80;1;0;2;14;3;
36751;202000024005;154 699 982;A01;1;33;0;2;7;17;1;
36752;202000024005;154 699 983;B01;1;7;0;2;0;0;1;
36753;202000024006;154 699 981;A01;3;0;0;1;2;0;0;
36754;202000024007;154 699 979;B01;2;7;0;2;8;15;1;
36755;202000024007;154 699 980;A01;2;32;0;2;1;3;1;
36756;202000024008;154 699 977;B01;1;2;0;2;1;1;1;
36757;202000024008;154 699 978;A01;1;10;0;2;3;16;1;
36758;202000024009;154 699 976;A01;1;37;1;0;7;1;0;2.0
36759;202000024010;154 699 974;A01;2;7;0;2;2;15;1;
36760;202000024010;154 699 975;B01;1;1;0;2;1;1;5;
36761;202000024011;154 699 972;A01;1;7;0;2;2;15;1;
36762;202000024011;154 699 973;B01;2;30;0;2;3;1;1;
36763;202000024012;154 699 970;B01;1;7;0;2;1;2;1;
36764;202000024012;154 699 971;A01;2;7;0;2;7;15;1;
36765;202000024013;154 699 969;A01;2;7;0;1;4;20;1;
36766;202000024014;154 699 967;B01;1;7;0;2;8;2;1;
36767;202000024014;154 699 968;A01;1;7;0;2;1;26;1;
36768;202000024015;154 699 965;A01;2;7;0;2;7;15;1;
36769;202000024015;154 699 966;B01;1;33;0;2;1;1;1;
36770;202000024016;154 699 963;A01;-1;7;0;2;7;15;1;
36771;202000024016;154 699 964;B01;-1;7;0;2;1;1;1;
36772;202000024017;154 699 961;B01;1;7;0;2;0;0;0;
36773;202000024017;154 699 962;A01;2;1;0;2;0;0;0;
36774;202000024018;154 699 959;B01;2;30;0;2;8;19;1;
36775;202000024018;154 699 960;A01;1;7;0;2;2;19;1;
36776;202000024019;154 699 957;B01;2;34;0;2;6;23;1;
36777;202000024019;154 699 958;A01;2;15;0;2;7;15;1;
36778;202000024020;154 699 955;B01;2;32;0;2;1;2;1;
36779;202000024020;154 699 956;A01;2;10;0;2;4;2;1;
36780;202000024021;154 699 954;A01;1;7;15;5;2;15;1;
36781;202000024022;154 699 952;A01;1;7;1;2;3;20;1;
36782;202000024022;154 699 953;B01;1;30;1;2;1;1;1;
36783;202000024023;154 699 951;A01;1;7;0;1;1;1;1;
36784;202000024024;154 699 949;A01;1;7;6;2;3;19;1;
36785;202000024024;154 699 950;B01;1;7;6;2;1;1;1;
36786;202000024025;154 699 947;A01;0;7;3;0;9;26;1;
36787;202000024025;154 699 948;B01;0;99;0;2;0;0;0;
36788;202000024027;154 699 943;B01;3;7;0;2;8;1;1;
36789;202000024027;154 699 944;A01;3;7;0;2;8;13;1;
36790;202000024028;154 699 942;A01;1;7;0;1;7;1;1;
36791;202000024029;154 699 939;A01;2;7;0;0;0;9;0;
36792;202000024029;154 699 940;B01;2;7;0;2;1;21;0;
36793;202000024029;154 699 941;C01;1;7;0;2;7;1;0;
36794;202000024030;154 699 937;B01;0;7;0;2;1;1;1;
36795;202000024030;154 699 938;A01;0;30;0;2;1;1;1;
36796;202000024032;154 699 933;A01;1;7;0;1;3;15;1;
36797;202000024033;154 699 931;A01;2;7;3;0;0;0;1;
36798;202000024033;154 699 932;B01;2;7;4;0;3;0;1;
36799;202000024034;154 699 929;B01;1;10;0;2;7;11;1;
36800;202000024034;154 699 930;A01;1;32;0;2;3;13;1;
36801;202000024035;154 699 926;C01;2;13;0;2;1;1;1;
36802;202000024035;154 699 927;A01;2;7;0;0;4;1;1;
36803;202000024035;154 699 928;B01;2;7;0;2;4;1;1;
36804;202000024036;154 699 924;B01;2;7;0;2;1;1;0;
36805;202000024036;154 699 925;A01;1;7;0;2;1;1;1;
36806;202000024037;154 699 923;A01;3;7;0;1;3;20;1;
36807;202000024040;154 699 918;A01;1;7;0;0;9;1;1;
36808;202000024041;154 699 916;B01;3;1;0;2;2;1;5;
36809;202000024041;154 699 917;A01;1;7;0;2;1;9;1;
36810;202000024042;154 699 915;A01;3;32;12;0;1;2;1;
36811;202000024043;154 699 914;A01;1;7;0;1;2;1;1;
36812;202000024044;154 699 912;A01;2;7;0;2;1;11;1;
36813;202000024044;154 699 913;B01;1;33;0;2;7;1;1;
36814;202000024045;154 699 910;A01;2;7;0;2;5;15;1;
36815;202000024045;154 699 911;B01;1;33;0;2;1;1;1;
36816;202000024046;154 699 909;A01;2;33;13;0;1;1;4;
36817;202000024047;154 699 908;A01;1;7;0;1;2;1;1;
36818;202000024048;154 699 907;A01;1;7;15;0;1;21;1;
36819;202000024049;154 699 905;B01;1;15;0;2;1;1;0;
36820;202000024049;154 699 906;A01;2;33;0;2;1;5;1;
36821;202000024051;154 699 902;A01;1;7;8;0;2;1;1;
36822;202000024052;154 699 900;B01;1;33;0;2;4;23;0;
36823;202000024052;154 699 901;A01;1;7;0;2;1;1;0;
36824;202000024053;154 699 898;A01;1;7;0;2;7;12;1;
36825;202000024053;154 699 899;B01;1;7;0;0;3;2;1;
36826;202000024054;154 699 896;B01;1;33;0;2;8;1;0;
36827;202000024054;154 699 897;A01;2;7;0;2;2;1;0;
36828;202000024055;154 699 894;B01;1;10;0;2;3;23;1;
36829;202000024055;154 699 895;A01;2;7;1;2;1;21;1;
36830;202000024056;154 699 893;A01;2;7;13;0;2;1;1;
36831;202000024057;154 699 892;A01;1;7;0;0;9;0;1;
36832;202000024058;154 699 889;A01;2;7;0;2;1;1;0;
36833;202000024058;154 699 890;B01;2;99;0;0;4;23;0;
36834;202000024059;154 699 888;A01;1;36;13;0;1;1;1;
36835;202000024060;154 699 886;B01;1;7;0;2;3;26;6;
36836;202000024060;154 699 887;A01;2;33;0;2;3;26;1;
36837;202000024062;154 699 884;A01;1;7;0;0;0;1;1;
36838;202000024063;154 699 883;A01;0;31;10;0;0;6;1;
36839;202000024064;154 699 882;A01;2;7;0;0;0;0;0;
36840;202000024065;154 699 881;A01;2;3;13;0;1;0;1;
36841;202000024066;154 699 879;A01;3;33;0;2;7;13;1;
36842;202000024066;154 699 880;B01;3;10;0;2;2;15;1;
36843;202000024068;154 699 877;A01;3;80;12;0;1;13;2;
36844;202000024069;154 699 876;A01;3;33;13;0;1;14;1;
36845;202000024070;154 699 874;B01;1;17;0;2;2;21;1;
36846;202000024070;154 699 875;A01;3;2;0;2;1;19;1;
36847;202000024071;154 699 872;B01;2;7;0;2;1;1;1;
36848;202000024071;154 699 873;A01;1;7;0;2;7;1;1;
36849;202000024072;154 699 871;A01;1;7;0;0;8;14;1;
36850;202000024073;154 699 870;A01;2;7;13;0;9;2;0;
36851;202000024075;154 699 867;A01;3;36;0;0;9;1;1;
36852;202000024077;154 699 864;A01;2;7;13;0;8;13;1;
36853;202000024078;154 699 863;A01;3;7;0;1;4;4;1;
36854;202000024079;154 699 861;B01;2;7;0;0;4;2;1;
36855;202000024079;154 699 862;A01;2;2;0;2;1;1;1;
36856;202000024080;154 699 860;A01;2;33;0;0;8;1;1;
36857;202000024081;154 699 859;A01;1;7;4;0;2;14;1;
36858;202000024082;154 699 857;B01;1;10;0;2;4;2;1;
36859;202000024082;154 699 858;A01;1;10;0;2;1;2;1;
36860;202000024083;154 699 854;C01;2;7;14;0;1;1;1;
36861;202000024083;154 699 855;B01;2;7;0;2;2;1;1;
36862;202000024083;154 699 856;A01;2;7;0;2;6;9;1;
36863;202000024084;154 699 853;A01;2;7;0;1;1;1;1;
36864;202000024086;154 699 849;A01;1;7;0;0;0;0;1;
36865;202000024086;154 699 850;Y01;2;1;0;2;1;1;6;
36866;202000024087;154 699 848;A01;2;7;13;0;9;15;1;
36867;202000024088;154 699 846;Y01;3;0;0;1;0;19;5;
36868;202000024088;154 699 847;A01;1;7;0;2;3;13;1;
36869;202000024089;154 699 845;A01;1;33;0;1;1;9;0;
36870;202000024090;154 699 843;B01;1;7;0;2;2;0;1;
36871;202000024090;154 699 844;A01;2;7;0;2;7;26;1;
36872;202000024091;154 699 842;A01;3;30;0;0;4;26;1;
36873;202000024092;154 699 840;B01;1;7;0;2;1;26;1;
36874;202000024092;154 699 841;A01;1;7;0;2;3;26;1;
36875;202000024093;154 699 839;A01;1;7;0;1;4;23;1;
36876;202000024094;154 699 837;A01;2;7;0;2;0;15;1;
36877;202000024094;154 699 838;B01;1;31;0;2;0;1;1;
36878;202000024095;154 699 836;A01;2;7;10;0;5;1;0;
36879;202000024096;154 699 834;B01;1;7;0;2;4;23;1;
36880;202000024096;154 699 835;A01;1;7;0;2;1;1;1;
36881;202000024097;154 699 832;A01;1;33;0;2;1;1;1;
36882;202000024097;154 699 833;B01;2;7;0;2;3;16;1;
36883;202000024098;154 699 830;A01;1;7;0;2;3;13;1;
36884;202000024098;154 699 831;B01;2;7;0;2;1;1;1;
36885;202000024099;154 699 828;B01;1;21;0;0;6;16;1;
36886;202000024099;154 699 829;A01;1;10;0;2;2;1;1;
36887;202000024100;154 699 825;B01;1;7;0;2;3;1;1;
36888;202000024100;154 699 826;A01;1;7;0;2;3;13;1;
36889;202000024101;154 699 823;B01;1;7;8;0;1;2;0;
36890;202000024101;154 699 824;A01;1;7;16;0;4;1;0;
36891;202000024102;154 699 822;A01;1;2;0;5;1;19;1;
36892;202000024103;154 699 820;A01;0;7;0;2;3;19;1;
36893;202000024103;154 699 821;B01;2;7;0;2;1;1;1;
36894;202000024104;154 699 819;A01;2;33;2;0;2;1;1;
36895;202000024105;154 699 818;A01;2;7;13;0;2;1;1;
36896;202000024106;154 699 817;A01;1;7;8;0;1;1;1;
36897;202000024107;154 699 816;A01;1;7;0;0;1;14;1;
36898;202000024109;154 699 812;A01;1;7;0;2;1;1;1;
36899;202000024109;154 699 813;B01;1;7;0;2;1;13;1;
36900;202000024110;154 699 810;B01;3;7;0;0;0;15;1;
36901;202000024110;154 699 811;A01;3;33;0;0;7;1;1;
36902;202000024111;154 699 808;A01;1;10;0;2;1;1;1;
36903;202000024111;154 699 809;B01;3;2;0;2;7;9;1;
36904;202000024112;154 699 807;A01;2;33;0;0;3;1;1;
36905;202000024113;154 699 806;A01;1;7;4;0;1;14;1;
36906;202000024114;154 699 805;A01;0;7;0;1;2;26;1;
36907;202000024115;154 699 804;A01;1;10;0;1;1;1;1;
36908;202000024116;154 699 800;A01;3;7;0;2;5;15;1;
36909;202000024116;154 699 801;B01;3;33;0;2;1;0;0;
36910;202000024117;154 699 798;B01;1;7;0;0;2;15;0;
36911;202000024117;154 699 799;A01;1;33;0;2;3;1;0;
36912;202000024118;154 699 796;B01;1;2;0;2;1;26;1;
36913;202000024118;154 699 797;A01;1;7;0;2;4;23;1;
36914;202000024119;154 699 794;B01;1;2;0;2;2;1;1;
36915;202000024119;154 699 795;A01;1;7;0;2;8;20;1;
36916;202000024120;154 699 793;A01;1;7;0;5;3;13;1;
36917;202000024121;154 699 792;A01;3;36;0;0;1;1;1;
36918;202000024122;154 699 790;B01;1;1;0;0;8;2;5;
36919;202000024122;154 699 791;A01;1;7;0;2;7;2;1;
36920;202000024123;154 699 788;B01;1;30;0;2;5;16;1;
36921;202000024123;154 699 789;A01;1;7;0;2;5;19;1;
36922;202000024124;154 699 787;A01;0;30;7;0;0;26;1;
36923;202000024125;154 699 786;A01;2;10;0;1;1;1;1;
36924;202000024126;154 699 785;A01;1;2;4;0;7;14;1;
36925;202000024127;154 699 783;A01;1;7;0;2;3;1;1;
36926;202000024127;154 699 784;B01;1;7;0;2;1;19;1;
36927;202000024128;154 699 781;A01;1;33;0;2;1;1;1;
36928;202000024128;154 699 782;B01;1;7;0;2;2;15;1;
36929;202000024129;154 699 779;B01;1;7;0;2;3;15;1;
36930;202000024129;154 699 780;A01;2;1;0;2;1;5;5;
36931;202000024130;154 699 778;A01;1;1;0;0;1;1;5;
36932;202000024132;154 699 775;A01;1;7;0;1;3;1;1;
36933;202000024133;154 699 774;A01;2;7;3;0;9;0;1;
36934;202000024134;154 699 772;B01;1;34;0;2;7;1;1;
36935;202000024134;154 699 773;A01;1;7;0;2;6;15;1;
36936;202000024135;154 699 771;A01;1;7;13;0;2;1;1;
36937;202000024136;154 699 770;A01;0;2;0;0;0;0;1;
36938;202000024137;154 699 768;A01;2;2;0;2;1;13;1;
36939;202000024137;154 699 769;B01;1;7;0;2;3;1;1;
36940;202000024138;154 699 766;B01;1;2;0;2;1;26;1;
36941;202000024138;154 699 767;A01;1;7;0;2;2;1;1;
36942;202000024139;154 699 765;A01;2;7;15;0;1;1;1;
36943;202000024140;154 699 764;A01;1;7;12;0;1;1;1;
36944;202000024141;154 699 763;A01;2;33;4;0;1;1;1;
36945;202000024142;154 699 762;A01;0;7;13;0;0;0;1;
36946;202000024143;154 699 761;A01;0;7;0;0;0;1;1;
36947;202000024144;154 699 760;A01;3;7;2;0;1;1;1;
36948;202000024145;154 699 757;A01;1;33;0;0;7;2;1;
36949;202000024146;154 699 756;A01;2;34;3;0;8;1;6;
36950;202000024147;154 699 755;A01;2;33;6;0;1;1;1;
36951;202000024148;154 699 753;A01;2;7;0;1;2;1;1;
36952;202000024149;154 699 752;A01;0;2;0;0;0;1;1;
36953;202000024150;154 699 750;B01;1;7;0;2;1;1;1;
36954;202000024150;154 699 751;A01;1;10;0;2;6;11;1;
36955;202000024151;154 699 749;A01;1;7;2;0;1;1;1;
36956;202000024152;154 699 748;A01;1;33;0;0;9;2;1;
36957;202000024153;154 699 747;A01;1;43;0;1;1;2;1;
36958;202000024154;154 699 745;A01;1;7;0;2;2;17;1;
36959;202000024154;154 699 746;B01;1;7;0;2;3;15;1;
36960;202000024155;154 699 744;A01;1;34;0;1;1;1;4;
36961;202000024156;154 699 742;B01;1;7;0;2;6;1;1;
36962;202000024156;154 699 743;C01;3;33;0;2;0;1;-1;
36963;202000024157;154 699 741;A01;0;33;0;0;0;1;1;
36964;202000024158;154 699 736;Z01;1;7;0;0;0;23;0;
36965;202000024158;154 699 737;B01;1;7;0;2;1;1;1;
36966;202000024158;154 699 738;A01;1;7;0;2;4;1;1;
36967;202000024158;154 699 739;D01;1;7;0;2;1;1;1;
36968;202000024158;154 699 740;C01;1;7;0;2;1;1;1;
36969;202000024159;154 699 735;A01;3;7;15;0;2;26;0;
36970;202000024160;154 699 734;A01;3;32;13;0;0;1;1;
36971;202000024161;154 699 732;A01;1;33;0;2;1;26;1;
36972;202000024161;154 699 733;B01;1;21;0;2;4;26;1;
36973;202000024163;154 699 728;C01;3;7;0;2;4;2;1;
36974;202000024163;154 699 729;A01;3;33;0;2;0;17;1;
36975;202000024163;154 699 730;B01;3;37;0;2;0;1;0;0.0
36976;202000024164;154 699 726;A01;1;2;0;2;1;13;1;
36977;202000024164;154 699 727;B01;2;7;0;2;1;1;1;
36978;202000024165;154 699 724;B01;1;7;0;2;2;1;1;
36979;202000024165;154 699 725;A01;1;7;0;2;3;26;1;
36980;202000024166;154 699 722;A01;1;7;0;2;1;1;1;
36981;202000024166;154 699 723;B01;1;7;0;2;4;1;1;
36982;202000024167;154 699 721;A01;1;30;0;0;1;1;1;
36983;202000024168;154 699 719;A01;3;7;0;2;3;24;1;
36984;202000024168;154 699 720;B01;1;1;1;0;1;1;0;
36985;202000024169;154 699 717;A01;0;7;0;2;3;1;1;
36986;202000024169;154 699 718;B01;1;7;0;2;1;1;1;
36987;202000024170;154 699 715;A01;3;7;0;2;1;1;1;
36988;202000024170;154 699 716;B01;3;2;0;2;7;9;1;
36989;202000024171;154 699 713;A01;2;30;0;2;1;1;1;
36990;202000024171;154 699 714;B01;2;60;0;2;8;19;5;
36991;202000024172;154 699 712;A01;1;3;0;1;3;16;1;
36992;202000024173;154 699 711;A01;1;7;0;1;7;1;1;
36993;202000024174;154 699 709;A01;1;0;0;0;0;0;0;
36994;202000024174;154 699 710;B01;1;1;0;0;1;0;5;
36995;202000024175;154 699 707;A01;1;7;0;2;2;1;1;
36996;202000024175;154 699 708;B01;1;2;0;2;3;15;1;
36997;202000024176;154 699 705;B01;1;7;0;9;3;1;1;
36998;202000024176;154 699 706;A01;2;1;0;2;1;13;5;
36999;202000024177;154 699 704;A01;1;7;5;0;2;1;1;
37000;202000024178;154 699 703;A01;1;7;6;0;1;6;0;
37001;202000024179;154 699 702;A01;1;7;16;0;0;1;1;
37002;202000024181;154 699 700;A01;1;7;13;0;9;1;1;
37003;202000024182;154 699 698;B01;2;7;0;2;1;1;1;
37004;202000024182;154 699 699;A01;3;7;13;2;8;19;1;
37005;202000024183;154 699 697;A01;1;2;12;0;2;1;1;
37006;202000024184;154 699 696;A01;2;7;0;1;1;1;1;
37007;202000024185;154 699 694;A01;2;7;0;2;1;13;1;
37008;202000024185;154 699 695;B01;1;7;0;2;1;1;1;
37009;202000024186;154 699 692;B01;1;15;0;2;1;1;1;
37010;202000024186;154 699 693;A01;2;7;0;2;1;17;1;
37011;202000024187;154 699 691;A01;2;7;0;1;3;21;1;