;Num_Acc;id_vehicule;num_veh;senc;catv;obs;obsm;choc;manv;motor;occutc
37012;202000024188;154 699 690;A01;2;33;2;0;1;1;1;
37013;202000024189;154 699 688;A01;3;33;9;0;3;5;0;
37014;202000024190;154 699 687;A01;3;34;0;0;1;26;1;
37015;202000024191;154 699 686;A01;2;99;0;1;1;26;3;
37016;202000024192;154 699 685;A01;1;30;0;1;1;14;1;
37017;202000024195;154 699 680;B01;3;1;0;2;8;1;5;
37018;202000024195;154 699 681;Z01;3;17;0;9;5;1;0;
37019;202000024196;154 699 678;B01;0;7;0;2;3;1;1;
37020;202000024196;154 699 679;A01;0;7;0;2;1;1;1;
37021;202000024197;154 699 676;A01;1;10;0;2;3;9;1;
37022;202000024197;154 699 677;B01;2;50;0;2;1;1;3;
37023;202000024198;154 699 675;A01;1;7;8;0;2;15;1;
37024;202000024199;154 699 674;A01;3;2;8;0;0;26;0;
37025;202000024200;154 699 673;A01;1;1;0;0;0;21;5;
37026;202000024201;154 699 671;B01;2;32;0;2;8;1;1;
37027;202000024201;154 699 672;A01;2;7;0;2;1;10;1;
37028;202000024202;154 699 670;A01;1;7;0;5;1;1;1;
37029;202000024203;154 699 669;A01;0;7;0;1;3;13;1;
37030;202000024204;154 699 667;B01;2;80;0;2;8;1;3;
37031;202000024204;154 699 668;A01;2;7;0;2;1;9;1;
37032;202000024207;154 699 663;A01;1;43;12;0;2;14;1;
37033;202000024208;154 699 662;A01;1;1;12;0;1;13;5;
37034;202000024209;154 699 660;B01;2;7;0;2;4;4;0;
37035;202000024209;154 699 661;A01;2;1;0;2;1;1;5;
37036;202000024211;154 699 658;A01;1;33;0;0;8;1;1;
37037;202000024213;154 699 654;A01;1;10;0;2;2;1;1;
37038;202000024213;154 699 655;C01;1;7;0;2;1;1;1;
37039;202000024213;154 699 656;B01;2;13;0;2;1;1;1;
37040;202000024214;154 699 653;A01;0;0;0;1;0;0;0;
37041;202000024215;154 699 652;A01;2;33;0;5;1;1;1;
37042;202000024216;154 699 650;B01;2;10;0;2;2;1;1;
37043;202000024216;154 699 651;A01;2;7;0;0;6;15;1;
37044;202000024217;154 699 648;A01;1;7;0;9;1;1;0;
37045;202000024217;154 699 649;B01;2;7;0;0;3;1;0;
37046;202000024218;154 699 646;A01;3;31;0;2;8;15;1;
37047;202000024218;154 699 647;B01;3;7;0;2;3;1;1;
37048;202000024219;154 699 645;A01;1;7;13;0;1;1;1;
37049;202000024220;154 699 644;A01;2;7;7;0;9;0;0;
37050;202000024221;154 699 642;A01;1;10;8;2;5;17;1;
37051;202000024221;154 699 643;B01;1;33;0;0;3;1;1;
37052;202000024222;154 699 641;A01;1;7;0;1;2;1;1;
37053;202000024223;154 699 638;A01;1;33;14;0;1;1;1;
37054;202000024224;154 699 637;A01;2;32;0;0;7;26;1;
37055;202000024225;154 699 636;A01;2;7;0;1;1;21;0;
37056;202000024226;154 699 634;A01;2;16;0;2;2;12;1;
37057;202000024226;154 699 635;B01;2;7;4;2;3;1;1;
37058;202000024227;154 699 632;A01;1;33;0;2;1;0;1;
37059;202000024227;154 699 633;B01;1;7;0;2;5;0;1;
37060;202000024228;154 699 630;B01;2;1;0;2;7;19;5;
37061;202000024228;154 699 631;A01;2;7;0;2;1;16;1;
37062;202000024229;154 699 629;A01;0;40;0;1;0;1;3;
37063;202000024230;154 699 628;A01;3;1;0;0;1;14;5;
37064;202000024231;154 699 626;B01;0;1;0;2;7;1;5;
37065;202000024231;154 699 627;A01;0;10;0;9;1;19;6;
37066;202000024232;154 699 625;A01;-1;7;4;0;1;1;1;
37067;202000024233;154 699 623;A01;2;7;0;2;3;15;1;
37068;202000024233;154 699 624;B01;1;2;0;2;3;1;1;
37069;202000024234;154 699 622;A01;1;7;13;0;1;26;1;
37070;202000024235;154 699 621;A01;3;7;6;0;1;13;1;
37071;202000024236;154 699 619;A01;0;34;0;2;1;26;1;
37072;202000024236;154 699 620;B01;0;7;0;2;8;10;1;
37073;202000024238;154 699 616;A01;1;7;0;1;1;1;1;
37074;202000024239;154 699 615;A01;1;7;0;1;3;15;1;
37075;202000024240;154 699 614;A01;2;2;0;0;0;21;1;
37076;202000024241;154 699 613;A01;2;7;0;0;0;1;0;
37077;202000024243;154 699 608;A01;1;7;0;2;1;5;0;
37078;202000024243;154 699 609;B01;2;10;0;2;1;1;0;
37079;202000024244;154 699 607;A01;1;33;13;0;9;1;1;
37080;202000024245;154 699 606;A01;0;7;0;1;2;5;1;
37081;202000024246;154 699 604;B01;1;7;7;2;3;1;1;
37082;202000024246;154 699 605;A01;1;7;0;2;3;5;1;
37083;202000024247;154 699 602;B01;1;7;0;2;3;1;1;
37084;202000024247;154 699 603;A01;2;7;0;2;6;26;1;
37085;202000024248;154 699 600;A01;2;7;0;0;5;15;1;
37086;202000024248;154 699 601;B01;1;7;0;2;2;1;0;
37087;202000024249;154 699 599;A01;2;7;0;1;3;1;1;
37088;202000024250;154 699 598;A01;1;7;2;0;1;1;1;
37089;202000024251;154 699 595;B01;1;7;0;2;8;1;1;
37090;202000024251;154 699 596;C01;1;7;0;2;3;1;1;
37091;202000024251;154 699 597;A01;2;7;0;2;1;13;1;
37092;202000024252;154 699 594;A01;2;7;6;0;1;1;1;
37093;202000024253;154 699 592;B01;1;7;0;2;1;1;1;
37094;202000024253;154 699 593;A01;2;7;0;2;1;15;1;
37095;202000024254;154 699 591;A01;-1;7;0;1;1;17;1;
37096;202000024255;154 699 589;B01;2;7;0;2;2;2;1;
37097;202000024255;154 699 590;A01;2;30;0;2;4;1;1;
37098;202000024256;154 699 586;A01;1;7;0;0;4;2;1;
37099;202000024256;154 699 587;B01;1;10;0;2;1;2;1;
37100;202000024256;154 699 588;C01;1;7;3;2;1;21;1;
37101;202000024257;154 699 584;A01;2;7;0;2;1;2;1;
37102;202000024257;154 699 585;B01;2;17;0;0;4;2;1;
37103;202000024258;154 699 581;B01;1;7;0;2;0;2;1;
37104;202000024258;154 699 582;A01;1;7;0;2;3;2;1;
37105;202000024259;154 699 579;A01;3;2;0;2;5;2;1;
37106;202000024259;154 699 580;B01;3;32;0;2;3;2;1;
37107;202000024261;154 699 577;A01;2;7;2;0;1;0;6;
37108;202000024262;154 699 576;A01;3;38;0;1;1;26;1;1.0
37109;202000024263;154 699 575;A01;2;33;3;0;9;1;1;
37110;202000024264;154 699 574;A01;1;7;0;1;2;1;1;
37111;202000024265;154 699 573;A01;3;36;13;0;3;2;1;
37112;202000024267;154 699 571;A01;3;7;0;1;1;1;1;
37113;202000024268;154 699 568;A01;1;7;0;2;7;0;1;
37114;202000024268;154 699 569;B01;2;7;0;2;1;0;1;
37115;202000024268;154 699 570;C01;2;10;0;2;3;0;1;
37116;202000024269;154 699 566;A01;1;7;0;2;3;13;1;
37117;202000024269;154 699 567;B01;2;7;0;2;3;1;1;
37118;202000024270;154 699 565;A01;0;7;13;0;9;1;0;
37119;202000024271;154 699 564;A01;1;7;0;1;1;9;1;
37120;202000024273;154 699 560;A01;1;7;0;2;1;15;1;
37121;202000024273;154 699 561;B01;2;7;0;2;1;1;1;
37122;202000024274;154 699 558;A01;1;7;0;9;3;0;0;
37123;202000024274;154 699 559;B01;1;1;0;2;7;0;5;
37124;202000024275;154 699 557;A01;2;7;0;1;3;15;1;
37125;202000024276;154 699 554;B01;1;7;0;2;3;1;1;
37126;202000024276;154 699 555;A01;2;7;0;2;2;13;1;
37127;202000024277;154 699 547;C01;2;10;0;2;1;2;1;
37128;202000024277;154 699 548;B01;2;7;0;2;4;2;1;
37129;202000024277;154 699 549;A01;2;7;0;2;4;1;1;
37130;202000024279;154 699 543;A01;1;7;6;2;3;13;1;
37131;202000024279;154 699 544;B01;1;10;0;2;8;1;1;
37132;202000024280;154 699 541;A01;1;7;0;2;4;2;1;
37133;202000024280;154 699 542;B01;1;7;0;2;1;2;1;
37134;202000024281;154 699 539;B01;2;7;0;2;1;2;1;
37135;202000024281;154 699 540;A01;2;7;0;2;4;2;1;
37136;202000024282;154 699 537;B01;2;7;3;2;1;2;1;
37137;202000024282;154 699 538;A01;2;7;3;2;4;2;1;
37138;202000024283;154 699 534;C01;1;7;0;2;4;2;1;
37139;202000024283;154 699 535;B01;1;7;0;2;4;2;1;
37140;202000024283;154 699 536;A01;1;7;0;2;1;2;1;
37141;202000024284;154 699 533;A01;1;7;3;0;8;13;1;
37142;202000024285;154 699 530;B01;1;7;0;2;4;2;1;
37143;202000024285;154 699 531;A01;1;10;0;2;1;2;1;
37144;202000024285;154 699 532;C01;1;7;0;2;4;2;1;
37145;202000024287;154 699 526;B01;1;7;0;0;3;1;1;
37146;202000024287;154 699 527;A01;1;7;0;2;2;1;1;
37147;202000024288;154 699 524;B01;1;15;0;2;4;1;1;
37148;202000024288;154 699 525;A01;1;7;0;2;1;26;1;
37149;202000024291;154 699 519;A01;3;7;0;1;2;1;1;
37150;202000024292;154 699 517;A01;3;7;0;2;2;19;1;
37151;202000024292;154 699 518;B01;3;34;0;2;1;1;1;
37152;202000024293;154 699 515;A01;1;7;0;2;8;19;1;
37153;202000024293;154 699 516;B01;2;2;0;2;1;1;1;
37154;202000024294;154 699 513;B01;3;1;0;2;1;17;0;
37155;202000024294;154 699 514;A01;3;7;0;2;0;0;1;
37156;202000024295;154 699 511;B01;1;7;6;2;6;-1;1;
37157;202000024295;154 699 512;A01;1;7;1;0;1;13;1;
37158;202000024296;154 699 510;A01;1;7;4;0;3;13;1;
37159;202000024297;154 699 508;B01;1;0;0;2;8;0;5;
37160;202000024297;154 699 509;A01;1;0;0;2;2;0;0;
37161;202000024298;154 699 507;A01;3;31;4;0;1;0;1;
37162;202000024300;154 699 504;A01;1;7;0;2;5;16;0;
37163;202000024300;154 699 505;B01;1;33;0;2;1;1;0;
37164;202000024301;154 699 503;A01;3;30;8;0;7;14;1;
37165;202000024302;154 699 502;A01;3;7;0;1;2;17;1;
37166;202000024303;154 699 500;B01;1;31;0;2;3;1;1;
37167;202000024303;154 699 501;A01;2;7;0;2;2;15;1;
37168;202000024304;154 699 498;A01;3;14;0;2;8;19;1;
37169;202000024304;154 699 499;B01;1;10;0;2;3;21;1;
37170;202000024305;154 699 496;A01;1;2;0;0;1;13;1;
37171;202000024305;154 699 497;B01;2;10;0;0;6;21;1;
37172;202000024306;154 699 494;A01;1;3;0;2;1;1;1;
37173;202000024306;154 699 495;B01;1;7;0;2;4;1;1;
37174;202000024308;154 699 489;B01;2;7;0;2;1;15;1;
37175;202000024308;154 699 490;A01;2;7;0;2;3;15;1;
37176;202000024311;154 699 480;A01;2;7;0;2;3;13;1;
37177;202000024311;154 699 481;B01;1;7;0;2;3;1;1;
37178;202000024311;154 699 482;C01;2;7;0;2;3;1;1;
37179;202000024312;154 699 479;A01;2;30;9;0;1;21;1;
37180;202000024314;154 699 476;A01;1;7;0;1;1;2;1;
37181;202000024315;154 699 475;A01;2;10;0;1;1;1;1;
37182;202000024316;154 699 473;A01;1;7;0;2;1;15;1;
37183;202000024316;154 699 474;B01;2;7;0;0;3;1;1;
37184;202000024317;154 699 471;A01;1;32;0;2;1;1;1;
37185;202000024317;154 699 472;B01;2;7;0;2;2;19;1;
37186;202000024318;154 699 470;Z01;3;32;0;1;1;1;1;
37187;202000024319;154 699 468;A01;1;7;0;2;2;9;1;
37188;202000024319;154 699 469;B01;1;34;0;2;8;2;1;
37189;202000024320;154 699 466;A01;3;7;0;2;3;10;1;
37190;202000024320;154 699 467;B01;3;30;0;2;7;1;1;
37191;202000024321;154 699 465;A01;1;7;1;0;1;1;1;
37192;202000024322;154 699 464;A01;1;7;8;0;7;1;0;
37193;202000024323;154 699 462;A01;2;7;0;2;3;26;1;
37194;202000024323;154 699 463;B01;2;7;0;2;1;26;1;
37195;202000024324;154 699 460;A01;1;7;10;2;1;14;1;
37196;202000024324;154 699 461;B01;2;7;0;2;3;1;1;
37197;202000024326;154 699 456;A01;1;7;0;1;3;1;1;
37198;202000024328;154 699 453;A01;1;7;0;2;1;9;1;
37199;202000024328;154 699 454;B01;1;7;0;2;7;1;1;
37200;202000024329;154 699 452;A01;1;7;8;0;1;1;1;
37201;202000024330;154 699 450;Z01;2;10;0;2;1;12;1;
37202;202000024330;154 699 451;A01;2;10;0;2;4;1;1;
37203;202000024331;154 699 448;A01;1;7;0;2;7;12;1;
37204;202000024331;154 699 449;B01;1;33;0;2;3;3;1;
37205;202000024332;154 699 446;B01;1;31;0;2;5;3;1;
37206;202000024332;154 699 447;A01;1;33;0;2;1;3;1;
37207;202000024333;154 699 440;B01;1;33;1;2;8;5;1;
37208;202000024333;154 699 441;A01;2;7;0;2;0;13;1;
37209;202000024333;154 699 442;D01;2;33;0;2;1;5;1;
37210;202000024333;154 699 443;F01;2;7;0;2;8;23;1;
37211;202000024333;154 699 444;C01;2;33;0;2;1;5;1;
37212;202000024333;154 699 445;G01;2;7;0;2;6;23;1;
37213;202000024334;154 699 439;A01;1;7;0;1;3;15;1;
37214;202000024335;154 699 437;B01;1;1;0;2;4;1;5;
37215;202000024335;154 699 438;A01;1;7;0;2;2;16;1;
37216;202000024336;154 699 435;B01;2;1;0;2;1;19;5;
37217;202000024336;154 699 436;A01;1;7;0;2;1;15;1;
37218;202000024337;154 699 434;Z01;1;30;0;1;1;1;0;
37219;202000024338;154 699 432;B01;1;30;0;2;2;17;1;
37220;202000024338;154 699 433;A01;1;10;0;2;3;15;1;
37221;202000024339;154 699 431;A01;1;10;0;1;3;1;1;
37222;202000024340;154 699 430;Z01;3;7;7;0;1;16;1;
37223;202000024341;154 699 429;A01;1;1;0;1;1;1;5;
37224;202000024342;154 699 427;B01;1;33;0;2;1;1;1;
37225;202000024342;154 699 428;A01;1;7;0;2;3;11;1;
37226;202000024343;154 699 426;Z01;2;7;0;1;1;1;1;
37227;202000024345;154 699 422;B01;1;33;0;2;2;17;1;
37228;202000024345;154 699 423;A01;1;7;0;2;3;10;1;
37229;202000024346;154 699 420;A01;2;30;0;2;1;1;1;
37230;202000024346;154 699 421;B01;2;1;0;2;8;11;5;
37231;202000024347;154 699 419;Z01;1;1;0;1;1;1;5;
37232;202000024348;154 699 417;A01;1;7;0;2;2;12;1;
37233;202000024348;154 699 418;B01;1;1;0;2;3;1;5;
37234;202000024350;154 699 414;A01;2;33;0;1;1;1;1;
37235;202000024351;154 699 413;A01;2;50;0;1;1;1;3;
37236;202000024352;154 699 411;B01;2;7;0;0;4;23;1;
37237;202000024352;154 699 412;A01;2;7;0;2;1;2;1;
37238;202000024353;154 699 410;A01;3;7;14;0;3;13;1;
37239;202000024354;154 699 408;A01;2;7;0;2;2;2;1;
37240;202000024354;154 699 409;B01;2;7;0;2;3;11;1;
37241;202000024355;154 699 406;A01;2;7;0;2;4;23;1;
37242;202000024355;154 699 407;B01;2;10;0;2;1;2;1;
37243;202000024356;154 699 405;A01;3;7;0;1;2;16;1;
37244;202000024357;154 699 403;B01;3;7;0;2;3;1;0;
37245;202000024357;154 699 404;A01;3;7;0;2;6;15;0;
37246;202000024358;154 699 401;B01;0;7;0;2;1;2;1;
37247;202000024358;154 699 402;A01;0;7;0;2;4;2;1;
37248;202000024359;154 699 398;Z01;-1;7;0;2;1;15;1;
37249;202000024359;154 699 399;B01;-1;7;0;2;0;0;1;
37250;202000024359;154 699 400;A01;-1;34;0;2;1;1;1;
37251;202000024360;154 699 396;B01;1;7;0;0;0;0;1;
37252;202000024360;154 699 397;A01;2;34;0;2;1;13;1;
37253;202000024362;154 699 392;B01;1;32;0;2;1;21;1;
37254;202000024362;154 699 393;A01;1;7;0;2;6;1;1;
37255;202000024363;154 699 390;A01;1;10;0;2;2;15;0;
37256;202000024363;154 699 391;B01;2;31;0;2;6;1;0;
37257;202000024364;154 699 387;C01;3;7;0;2;8;1;1;
37258;202000024364;154 699 388;B01;3;33;0;2;4;23;1;
37259;202000024364;154 699 389;A01;3;7;0;2;3;1;1;
37260;202000024365;154 699 385;B01;2;7;0;2;7;9;1;
37261;202000024365;154 699 386;A01;1;14;0;2;1;16;1;
37262;202000024366;154 699 383;B01;1;10;0;2;4;1;1;
37263;202000024366;154 699 384;A01;1;30;0;2;1;2;1;
37264;202000024367;154 699 381;A01;1;7;0;2;8;1;1;
37265;202000024367;154 699 382;B01;3;7;0;2;3;19;1;
37266;202000024368;154 699 380;A01;2;7;2;0;1;14;1;
37267;202000024369;154 699 378;A01;1;7;0;0;3;1;1;
37268;202000024369;154 699 379;B01;2;7;0;0;3;1;1;
37269;202000024370;154 699 377;A01;1;7;13;0;1;14;1;
37270;202000024371;154 699 375;B01;2;7;0;0;4;2;1;
37271;202000024371;154 699 376;A01;2;7;0;2;1;2;1;
37272;202000024373;154 699 372;A01;2;33;3;0;7;0;1;
37273;202000024375;154 699 369;A01;2;33;6;0;2;0;1;
37274;202000024376;154 699 368;A01;1;7;13;0;1;16;1;
37275;202000024377;154 699 365;B01;2;7;0;2;8;19;1;
37276;202000024377;154 699 366;A01;2;15;0;2;1;1;1;
37277;202000024378;154 699 364;A01;1;7;1;0;2;2;0;
37278;202000024380;154 699 359;A01;1;10;0;2;3;1;1;
37279;202000024380;154 699 360;B01;2;7;0;0;3;1;1;
37280;202000024381;154 699 357;A01;2;7;6;0;3;0;1;
37281;202000024382;154 699 355;A01;1;7;0;2;5;15;1;
37282;202000024382;154 699 356;B01;2;33;0;2;1;1;1;
37283;202000024383;154 699 354;A01;2;7;2;0;3;17;0;
37284;202000024384;154 699 348;A01;1;7;0;2;3;1;1;
37285;202000024384;154 699 349;B01;2;1;0;2;1;1;5;
37286;202000024384;154 699 350;C01;2;1;0;2;1;1;5;
37287;202000024384;154 699 351;D01;2;1;0;2;1;1;5;
37288;202000024384;154 699 352;E01;2;1;0;2;1;1;5;
37289;202000024384;154 699 353;F01;2;1;0;2;1;1;5;
37290;202000024385;154 699 347;A01;2;7;2;0;1;17;1;
37291;202000024386;154 699 346;A01;1;7;13;0;7;14;1;
37292;202000024387;154 699 344;A01;0;7;1;0;1;5;1;
37293;202000024387;154 699 345;B01;0;7;0;0;1;1;1;
37294;202000024388;154 699 341;A01;2;7;0;2;8;15;1;
37295;202000024388;154 699 342;B01;1;33;0;2;1;1;1;
37296;202000024389;154 699 338;A01;1;7;0;2;2;11;1;
37297;202000024389;154 699 339;B01;2;2;0;2;1;1;1;
37298;202000024390;154 699 336;A01;1;7;6;2;6;11;1;
37299;202000024390;154 699 337;B01;1;7;0;2;3;1;1;
37300;202000024391;154 699 335;A01;1;10;16;0;0;1;1;
37301;202000024392;154 699 334;A01;3;7;0;0;9;1;1;
37302;202000024394;154 699 332;A01;2;7;3;0;7;14;1;
37303;202000024395;154 699 331;A01;1;7;0;0;0;0;1;
37304;202000024397;154 699 329;A01;1;7;6;0;3;0;1;
37305;202000024398;154 699 327;B01;0;7;0;0;1;0;1;
37306;202000024398;154 699 328;A01;0;7;0;0;1;0;0;
37307;202000024399;154 699 325;A01;2;2;0;2;1;2;1;
37308;202000024399;154 699 326;B01;2;7;0;0;4;1;1;
37309;202000024400;154 699 323;B01;0;7;0;0;4;0;1;
37310;202000024400;154 699 324;A01;2;7;1;0;1;1;1;
37311;202000024401;154 699 322;A01;1;7;15;0;2;14;1;
37312;202000024402;154 699 320;A01;2;7;0;2;3;13;1;
37313;202000024402;154 699 321;B01;1;7;0;2;3;1;1;
37314;202000024403;154 699 318;A01;1;7;0;1;3;1;1;
37315;202000024404;154 699 316;A01;1;7;0;2;0;0;1;
37316;202000024404;154 699 317;B01;1;10;0;2;1;1;1;
37317;202000024405;154 699 314;A01;1;7;0;2;3;13;1;
37318;202000024405;154 699 315;B01;1;7;0;2;3;1;1;
37319;202000024406;154 699 313;A01;1;33;3;0;8;13;1;
37320;202000024407;154 699 311;A01;1;7;0;2;7;12;1;
37321;202000024407;154 699 312;B01;1;33;0;2;3;3;1;
37322;202000024408;154 699 308;C01;1;7;0;2;1;21;1;
37323;202000024408;154 699 309;B01;1;7;0;2;4;1;1;
37324;202000024408;154 699 310;A01;1;10;0;2;2;14;1;
37325;202000024409;154 699 307;A01;1;7;4;0;1;13;1;
37326;202000024411;154 699 303;A01;1;7;0;2;1;2;1;
37327;202000024411;154 699 304;B01;1;7;0;2;4;2;1;
37328;202000024412;154 699 301;A01;1;7;4;2;7;1;1;
37329;202000024412;154 699 302;B01;1;15;0;2;8;0;1;
37330;202000024413;154 699 299;B01;3;33;0;2;1;1;1;
37331;202000024413;154 699 300;A01;2;10;0;2;2;15;1;
37332;202000024414;154 699 298;A01;2;7;0;1;0;15;1;
37333;202000024415;154 699 297;A01;1;33;0;1;1;17;1;
37334;202000024416;154 699 296;B01;2;32;0;2;7;1;0;
37335;202000024417;154 699 294;A01;1;7;0;2;1;1;1;
37336;202000024417;154 699 295;B01;1;7;0;2;5;1;1;
37337;202000024418;154 699 292;A01;1;1;0;4;6;1;5;
37338;202000024418;154 699 293;B01;1;40;0;2;1;1;3;
37339;202000024419;154 699 290;A01;1;7;0;2;2;19;1;
37340;202000024419;154 699 291;B01;1;1;0;2;1;9;0;
37341;202000024420;154 699 288;A01;1;7;0;2;4;16;0;
37342;202000024420;154 699 289;B01;2;10;0;2;1;1;0;
37343;202000024421;154 699 286;B01;2;7;0;2;1;1;0;
37344;202000024421;154 699 287;A01;1;7;0;2;1;13;0;
37345;202000024422;154 699 282;B01;1;50;0;2;7;26;3;
37346;202000024422;154 699 283;A01;1;7;0;2;3;9;1;
37347;202000024423;154 699 280;B01;1;32;0;2;1;1;1;
37348;202000024423;154 699 281;A01;2;7;0;2;1;15;1;
37349;202000024424;154 699 279;A01;1;7;0;1;2;1;1;
37350;202000024425;154 699 278;A01;1;37;0;1;1;1;1;1.0
37351;202000024427;154 699 274;A01;3;7;0;2;2;19;1;
37352;202000024427;154 699 275;B01;3;33;9;1;1;1;1;
37353;202000024428;154 699 273;A01;2;7;2;0;3;13;1;
37354;202000024429;154 699 269;A01;1;7;0;2;1;1;1;
37355;202000024429;154 699 270;B01;1;7;0;2;4;23;1;
37356;202000024429;154 699 271;D01;1;7;0;2;4;23;1;
37357;202000024429;154 699 272;C01;1;7;0;2;4;23;1;
37358;202000024430;154 699 267;A01;0;7;0;2;8;1;1;
37359;202000024430;154 699 268;B01;0;33;0;2;1;1;1;
37360;202000024431;154 699 265;Z01;1;7;0;2;2;1;1;
37361;202000024431;154 699 266;A01;1;30;0;2;4;1;1;
37362;202000024432;154 699 263;B01;2;1;0;2;8;2;5;
37363;202000024432;154 699 264;A01;2;7;0;2;2;17;1;
37364;202000024433;154 699 261;A01;2;33;0;2;1;1;1;
37365;202000024433;154 699 262;B01;1;7;0;2;1;15;1;
37366;202000024434;154 699 260;Z01;1;33;0;1;0;1;1;
37367;202000024435;154 699 258;B01;1;37;0;2;2;1;1;1.0
37368;202000024435;154 699 259;A01;1;7;0;2;2;1;1;
37369;202000024436;154 699 256;A01;1;7;0;2;7;15;1;
37370;202000024436;154 699 257;B01;2;33;0;2;1;1;1;
37371;202000024438;154 699 253;A01;3;7;0;2;0;0;1;
37372;202000024438;154 699 254;B01;3;2;0;2;2;1;1;
37373;202000024439;154 699 252;A01;1;7;0;1;1;1;1;
37374;202000024440;154 699 250;B01;2;7;0;2;4;1;1;
37375;202000024440;154 699 251;A01;2;7;0;2;1;2;1;
37376;202000024441;154 699 249;A01;1;50;1;0;1;1;3;
37377;202000024442;154 699 247;B01;2;7;0;2;6;23;0;
37378;202000024442;154 699 248;A01;2;34;0;2;1;2;1;
37379;202000024443;154 699 245;A01;0;10;0;2;3;1;1;
37380;202000024443;154 699 246;B01;0;7;0;2;1;1;1;
37381;202000024444;154 699 241;B01;1;32;0;2;1;1;1;
37382;202000024444;154 699 242;A01;2;7;0;2;5;15;1;
37383;202000024445;154 699 240;A01;2;7;3;0;1;1;1;
37384;202000024446;154 699 239;A01;1;7;0;1;1;15;1;
37385;202000024447;154 699 238;A01;1;7;6;0;2;1;1;
37386;202000024448;154 699 236;A01;2;7;0;2;1;2;1;
37387;202000024448;154 699 237;B01;2;7;0;2;4;2;1;
37388;202000024449;154 699 234;A01;1;7;0;2;1;11;1;
37389;202000024449;154 699 235;B01;1;7;0;2;5;1;1;
37390;202000024450;154 699 233;A01;1;10;0;1;4;4;1;
37391;202000024451;154 699 232;A01;1;10;0;1;2;15;1;
37392;202000024452;154 699 231;A01;1;7;0;1;1;15;2;
37393;202000024453;154 699 230;A01;2;32;0;0;7;1;1;
37394;202000024454;154 699 228;A01;1;7;0;2;2;1;1;
37395;202000024454;154 699 229;B01;1;1;0;2;1;9;5;
37396;202000024456;154 699 224;Z01;3;10;0;2;6;1;0;
37397;202000024456;154 699 225;A01;3;32;0;2;3;1;1;
37398;202000024457;154 699 222;B01;3;32;0;2;1;1;1;
37399;202000024457;154 699 223;A01;3;7;0;2;5;15;1;
37400;202000024458;154 699 220;B01;1;1;0;2;1;1;5;
37401;202000024458;154 699 221;A01;2;30;0;2;1;13;1;
37402;202000024459;154 699 218;A01;1;7;0;2;3;15;1;
37403;202000024459;154 699 219;B01;2;30;0;2;6;1;3;
37404;202000024460;154 699 216;B01;0;1;0;2;7;16;5;
37405;202000024460;154 699 217;A01;1;7;0;2;8;22;3;
37406;202000024461;154 699 214;B01;1;7;0;2;4;2;1;
37407;202000024461;154 699 215;A01;1;32;0;2;1;2;1;
37408;202000024462;154 699 212;A01;1;7;12;2;3;13;1;
37409;202000024462;154 699 213;B01;1;32;0;2;7;1;1;
37410;202000024463;154 699 210;B01;1;1;0;2;4;1;5;
37411;202000024463;154 699 211;A01;1;30;0;2;1;13;1;
37412;202000024464;154 699 208;A01;1;7;0;2;3;15;1;
37413;202000024464;154 699 209;B01;2;1;0;2;8;1;5;
37414;202000024465;154 699 207;A01;1;7;0;1;4;20;1;
37415;202000024466;154 699 205;B01;2;7;0;2;2;15;2;
37416;202000024466;154 699 206;A01;1;30;0;2;1;18;1;
37417;202000024467;154 699 203;B01;2;1;0;2;6;1;5;
37418;202000024467;154 699 204;A01;2;10;0;2;2;16;1;
37419;202000024468;154 699 201;A01;2;7;0;2;2;15;1;
37420;202000024468;154 699 202;B01;1;43;0;2;3;1;1;
37421;202000024469;154 699 199;A01;2;31;0;2;1;1;1;
37422;202000024469;154 699 200;B01;2;7;0;2;2;9;1;
37423;202000024470;154 699 197;B01;1;10;0;2;1;15;1;
37424;202000024470;154 699 198;A01;1;31;0;2;7;8;1;
37425;202000024471;154 699 195;A01;1;7;14;2;1;2;1;
37426;202000024471;154 699 196;B01;1;37;15;2;4;26;1;1.0
37427;202000024472;154 699 193;A01;1;7;0;9;1;15;1;
37428;202000024472;154 699 194;B01;2;1;0;2;8;1;5;
37429;202000024474;154 699 191;A01;1;33;12;0;3;1;6;
37430;202000024475;154 699 189;A01;3;34;0;2;1;1;1;
37431;202000024475;154 699 190;B01;3;10;0;2;3;15;1;
37432;202000024476;154 699 187;A01;3;32;0;2;1;1;1;
37433;202000024476;154 699 188;B01;3;7;0;2;3;1;1;
37434;202000024477;154 699 185;B01;1;7;0;0;6;23;1;
37435;202000024477;154 699 186;A01;1;32;1;0;1;11;1;
37436;202000024478;154 699 183;A01;2;7;0;2;7;19;1;
37437;202000024478;154 699 184;B01;2;32;0;2;1;19;1;
37438;202000024480;154 699 179;A01;1;7;0;2;4;26;1;
37439;202000024480;154 699 180;B01;1;7;0;2;1;0;1;
37440;202000024481;154 699 177;Z01;2;2;0;0;0;0;0;
37441;202000024481;154 699 178;B01;1;33;0;0;1;1;1;
37442;202000024482;154 699 175;A01;-1;7;12;0;3;26;0;
37443;202000024482;154 699 176;B01;-1;33;8;0;2;2;0;