;Num_Acc;id_vehicule;num_veh;senc;catv;obs;obsm;choc;manv;motor;occutc
37444;202000024483;154 699 173;A01;2;7;9;2;1;1;1;
37445;202000024483;154 699 174;B01;1;7;0;2;7;15;1;
37446;202000024484;154 699 171;B01;2;32;0;2;8;2;0;
37447;202000024484;154 699 172;A01;2;3;0;2;1;15;0;
37448;202000024485;154 699 170;A01;1;32;2;0;9;21;1;
37449;202000024486;154 699 168;A01;3;7;0;2;0;0;1;
37450;202000024486;154 699 169;B01;3;99;0;2;0;0;3;
37451;202000024487;154 699 167;A01;1;30;0;1;1;17;3;
37452;202000024488;154 699 165;A01;2;7;0;2;3;16;1;
37453;202000024488;154 699 166;B01;2;43;0;2;5;1;1;
37454;202000024489;154 699 163;A01;2;7;0;9;1;1;1;
37455;202000024489;154 699 164;B01;2;1;0;2;8;1;5;
37456;202000024490;154 699 162;A01;1;30;0;1;1;18;1;
37457;202000024491;154 699 160;A01;1;7;0;2;7;15;1;
37458;202000024491;154 699 161;B01;2;7;0;2;1;1;1;
37459;202000024492;154 699 158;B01;2;34;0;2;2;2;0;
37460;202000024492;154 699 159;A01;1;7;0;2;3;9;0;
37461;202000024493;154 699 157;A01;2;7;0;0;1;2;1;
37462;202000024494;154 699 156;B01;2;33;13;0;1;17;1;
37463;202000024495;154 699 154;B01;1;7;0;9;2;13;1;
37464;202000024495;154 699 155;A01;1;1;0;2;8;19;5;
37465;202000024496;154 699 152;A01;2;7;2;0;2;26;1;
37466;202000024497;154 699 150;B01;2;7;0;2;3;1;1;
37467;202000024497;154 699 151;A01;1;7;0;2;8;1;1;
37468;202000024498;154 699 149;A01;2;7;6;1;2;16;1;
37469;202000024500;154 699 147;A01;1;7;2;0;7;1;1;
37470;202000024501;154 699 146;A01;1;31;0;0;1;1;1;
37471;202000024502;154 699 145;A01;1;10;0;1;2;0;1;
37472;202000024503;154 699 144;A01;1;7;4;0;2;13;1;
37473;202000024504;154 699 142;A01;2;7;0;2;3;1;0;
37474;202000024504;154 699 143;B01;2;50;0;2;2;0;3;
37475;202000024505;154 699 141;A01;1;7;0;1;1;2;0;
37476;202000024506;154 699 139;A01;2;7;0;2;2;17;1;
37477;202000024506;154 699 140;B01;2;7;0;2;3;15;1;
37478;202000024507;154 699 137;B01;1;33;0;2;1;1;1;
37479;202000024507;154 699 138;A01;2;7;0;0;7;15;1;
37480;202000024508;154 699 135;A01;1;7;0;2;8;9;1;
37481;202000024508;154 699 136;B01;3;1;0;2;1;1;5;
37482;202000024509;154 699 134;A01;2;7;2;0;1;13;1;
37483;202000024510;154 699 130;B01;2;2;0;0;1;1;1;
37484;202000024510;154 699 131;A01;3;7;0;0;3;19;1;
37485;202000024511;154 699 128;B01;2;7;0;2;8;13;1;
37486;202000024511;154 699 129;A01;1;7;0;2;8;1;1;
37487;202000024512;154 699 126;B01;1;7;0;2;2;17;1;
37488;202000024512;154 699 127;A01;1;1;0;2;8;15;5;
37489;202000024513;154 699 124;B01;0;10;0;2;7;19;1;
37490;202000024513;154 699 125;A01;2;33;0;2;1;1;1;
37491;202000024514;154 699 122;A01;1;2;0;2;1;1;1;
37492;202000024514;154 699 123;B01;2;7;0;2;3;1;1;
37493;202000024515;154 699 119;A01;2;2;0;0;7;1;1;
37494;202000024516;154 699 117;A01;1;33;7;0;9;1;1;
37495;202000024517;154 699 115;B01;1;7;0;2;2;2;1;
37496;202000024517;154 699 116;A01;1;7;13;0;6;2;1;
37497;202000024518;154 699 114;A01;1;33;13;0;8;0;1;
37498;202000024519;154 699 113;A01;1;7;0;1;3;1;1;
37499;202000024520;154 699 112;A01;2;2;4;0;1;12;1;
37500;202000024521;154 699 109;C01;3;7;0;2;1;1;1;
37501;202000024521;154 699 110;B01;3;2;0;2;9;13;1;
37502;202000024521;154 699 111;A01;3;2;0;2;9;13;1;
37503;202000024522;154 699 107;B01;2;33;0;2;7;1;1;
37504;202000024522;154 699 108;A01;2;7;0;2;1;2;1;
37505;202000024523;154 699 105;A01;2;7;0;2;3;13;1;
37506;202000024523;154 699 106;B01;1;7;0;2;3;1;1;
37507;202000024524;154 699 103;A01;3;7;0;1;3;1;1;
37508;202000024525;154 699 101;A01;1;33;0;2;1;1;1;
37509;202000024525;154 699 102;B01;1;10;0;2;4;1;1;
37510;202000024526;154 699 100;A01;2;7;8;0;2;1;1;
37511;202000024527;154 699 098;B01;2;2;0;2;3;1;1;
37512;202000024527;154 699 099;A01;3;7;0;2;5;9;1;
37513;202000024528;154 699 097;A01;1;7;2;0;7;1;1;
37514;202000024529;154 699 096;A01;2;33;0;0;0;21;1;
37515;202000024530;154 699 094;B01;1;7;0;2;1;1;0;
37516;202000024530;154 699 095;A01;2;2;0;2;8;15;1;
37517;202000024531;154 699 093;A01;1;33;13;0;1;1;1;
37518;202000024532;154 699 091;A01;2;31;0;2;1;1;1;
37519;202000024532;154 699 092;B01;1;7;0;2;5;15;1;
37520;202000024533;154 699 089;B01;2;17;0;2;4;1;1;
37521;202000024533;154 699 090;A01;2;7;0;2;2;1;1;
37522;202000024534;154 699 088;A01;2;7;16;0;9;1;1;
37523;202000024535;154 699 087;A01;2;7;2;0;1;2;1;
37524;202000024536;154 699 085;A01;2;7;0;2;8;11;1;
37525;202000024536;154 699 086;B01;2;33;4;2;8;2;1;
37526;202000024537;154 699 083;A01;1;7;0;2;1;2;1;
37527;202000024537;154 699 084;B01;1;7;0;2;4;1;1;
37528;202000024538;154 699 080;B01;1;10;0;2;3;1;1;
37529;202000024538;154 699 081;A01;2;10;0;2;3;13;1;
37530;202000024538;154 699 082;C01;2;10;0;2;3;1;1;
37531;202000024539;154 699 079;A01;3;7;0;1;1;1;1;
37532;202000024540;154 699 077;B01;1;33;0;2;7;11;1;
37533;202000024540;154 699 078;A01;1;7;0;2;8;17;1;
37534;202000024541;154 699 075;B01;1;34;10;2;2;17;1;
37535;202000024541;154 699 076;A01;1;7;0;2;3;15;1;
37536;202000024542;154 699 073;A01;3;10;8;0;8;14;1;
37537;202000024542;154 699 074;B01;0;7;0;2;0;0;0;
37538;202000024543;154 699 071;A01;0;7;0;2;3;10;0;
37539;202000024543;154 699 072;B01;0;33;0;2;2;17;0;
37540;202000024544;154 699 069;A01;0;7;0;2;8;9;0;
37541;202000024544;154 699 070;B01;0;7;0;2;1;1;0;
37542;202000024545;154 699 068;A01;1;33;5;0;7;1;1;
37543;202000024546;154 699 067;A01;2;13;3;0;2;1;1;
37544;202000024547;154 699 065;B01;2;1;0;2;1;1;5;
37545;202000024547;154 699 066;A01;2;7;0;9;2;1;1;
37546;202000024548;154 699 064;A01;1;7;2;0;1;1;1;
37547;202000024549;154 699 063;A01;2;33;8;0;2;1;0;
37548;202000024550;154 699 061;B01;2;7;0;2;1;1;3;
37549;202000024550;154 699 062;A01;1;7;0;2;1;17;1;
37550;202000024552;154 699 058;A01;2;7;0;0;2;1;1;
37551;202000024553;154 699 055;C01;2;10;0;0;0;15;1;
37552;202000024553;154 699 056;A01;1;33;0;2;1;21;1;
37553;202000024553;154 699 057;B01;2;7;0;2;3;1;1;
37554;202000024554;154 699 054;A01;2;7;0;1;3;1;1;
37555;202000024555;154 699 053;A01;1;7;13;0;1;1;1;
37556;202000024556;154 699 052;A01;0;7;0;1;1;1;1;
37557;202000024557;154 699 051;A01;2;7;13;0;9;1;1;
37558;202000024558;154 699 049;A01;0;7;0;0;1;1;1;
37559;202000024558;154 699 050;B01;0;7;0;0;1;1;1;
37560;202000024559;154 699 046;C01;1;7;0;2;4;2;1;
37561;202000024559;154 699 047;A01;1;7;0;2;1;2;1;
37562;202000024559;154 699 048;B01;1;7;0;2;4;2;1;
37563;202000024560;154 699 042;A01;2;17;0;2;1;2;1;
37564;202000024560;154 699 043;B01;2;10;0;2;4;2;1;
37565;202000024560;154 699 044;C01;2;7;0;2;4;2;1;
37566;202000024562;154 699 038;B01;2;7;0;2;4;1;1;
37567;202000024562;154 699 039;A01;2;7;0;2;1;2;1;
37568;202000024563;154 699 036;A01;2;7;0;2;1;1;1;
37569;202000024563;154 699 037;B01;2;7;0;2;4;1;1;
37570;202000024565;154 699 033;A01;2;20;0;1;4;4;1;
37571;202000024566;154 699 031;A01;2;7;0;2;1;1;1;
37572;202000024566;154 699 032;B01;2;7;0;2;4;1;1;
37573;202000024567;154 699 028;C01;2;7;0;2;4;2;1;
37574;202000024567;154 699 029;Z01;2;7;0;2;2;12;1;
37575;202000024567;154 699 030;B01;2;33;0;2;4;1;1;
37576;202000024568;154 699 026;B01;1;7;4;2;4;0;1;
37577;202000024568;154 699 027;A01;1;15;0;2;1;0;1;
37578;202000024569;154 699 024;B01;1;33;0;2;7;3;1;
37579;202000024569;154 699 025;A01;1;10;0;2;8;11;1;
37580;202000024571;154 699 019;A01;2;34;0;2;0;12;1;
37581;202000024571;154 699 020;C01;2;10;0;2;3;2;1;
37582;202000024571;154 699 021;B01;2;7;0;2;0;2;1;
37583;202000024572;154 699 017;B01;1;7;0;2;4;2;1;
37584;202000024572;154 699 018;A01;1;7;0;2;1;1;1;
37585;202000024573;154 699 016;A01;2;33;0;0;9;1;1;
37586;202000024574;154 699 012;D01;2;33;0;2;3;1;1;
37587;202000024574;154 699 013;C01;2;7;0;2;5;2;1;
37588;202000024574;154 699 014;B01;2;43;0;2;4;2;0;
37589;202000024574;154 699 015;A01;2;33;0;2;1;2;1;
37590;202000024575;154 699 007;E01;1;7;0;2;1;2;6;
37591;202000024575;154 699 008;A01;1;15;0;2;1;2;0;
37592;202000024575;154 699 009;B01;1;7;0;2;4;2;1;
37593;202000024575;154 699 010;C01;1;33;0;2;1;2;1;
37594;202000024575;154 699 011;D01;1;33;0;2;0;2;1;
37595;202000024577;154 699 003;A01;2;7;0;2;5;2;1;
37596;202000024577;154 699 004;B01;2;15;0;2;2;2;1;
37597;202000024578;154 699 001;B01;2;10;0;2;6;2;1;
37598;202000024578;154 699 002;A01;2;33;0;2;1;2;1;
37599;202000024579;154 698 998;B01;1;7;0;2;4;2;1;
37600;202000024579;154 698 999;C01;1;7;0;2;4;2;1;
37601;202000024579;154 699 000;A01;1;7;0;2;1;2;1;
37602;202000024580;154 698 996;A01;3;7;0;1;1;1;1;
37603;202000024581;154 698 995;A01;2;7;0;1;3;15;0;
37604;202000024582;154 698 993;B01;2;7;0;2;1;1;1;
37605;202000024582;154 698 994;A01;2;7;0;2;5;4;1;
37606;202000024583;154 698 991;A01;1;7;0;2;1;2;1;
37607;202000024583;154 698 992;B01;2;7;0;2;4;23;1;
37608;202000024584;154 698 988;C01;2;1;0;2;7;19;0;
37609;202000024584;154 698 989;B01;1;7;0;2;1;16;1;
37610;202000024584;154 698 990;A01;1;7;0;2;1;16;2;
37611;202000024585;154 698 987;A01;1;33;-1;-1;-1;-1;-1;
37612;202000024586;154 698 985;B01;1;33;0;2;1;1;1;
37613;202000024586;154 698 986;A01;2;7;0;2;2;1;1;
37614;202000024587;154 698 984;A01;1;31;3;0;0;0;0;
37615;202000024588;154 698 983;A01;1;1;0;1;1;1;5;
37616;202000024589;154 698 982;A01;2;7;0;1;3;23;1;
37617;202000024590;154 698 980;A01;2;7;0;2;3;13;1;
37618;202000024590;154 698 981;B01;1;7;0;2;0;0;0;
37619;202000024591;154 698 978;B01;1;7;0;2;1;19;0;
37620;202000024591;154 698 979;A01;1;31;0;2;8;1;1;
37621;202000024592;154 698 976;A01;3;7;0;1;1;1;1;
37622;202000024593;154 698 975;A01;0;7;0;1;2;1;1;
37623;202000024594;154 698 974;A01;1;2;6;0;1;1;1;
37624;202000024595;154 698 973;A01;3;1;14;0;1;21;5;
37625;202000024598;154 698 969;A01;2;33;0;0;1;26;1;
37626;202000024603;154 698 958;A01;3;7;0;1;1;1;1;
37627;202000024604;154 698 956;A01;2;7;0;1;3;7;0;
37628;202000024606;154 698 952;B01;1;31;0;2;1;1;1;
37629;202000024606;154 698 953;A01;3;7;0;2;3;15;1;
37630;202000024607;154 698 951;A01;2;7;0;1;3;15;0;
37631;202000024608;154 698 949;B01;2;50;0;2;7;1;3;
37632;202000024608;154 698 950;A01;1;7;0;2;5;4;1;
37633;202000024609;154 698 948;A01;2;7;6;0;1;26;1;
37634;202000024610;154 698 947;A01;3;30;14;0;2;14;1;
37635;202000024611;154 698 945;B01;2;33;0;2;1;1;1;
37636;202000024611;154 698 946;A01;2;7;0;2;3;19;1;
37637;202000024612;154 698 944;A01;3;7;0;1;4;4;1;
37638;202000024613;154 698 943;A01;1;37;0;1;7;1;1;1.0
37639;202000024614;154 698 941;B01;2;2;0;2;2;17;1;
37640;202000024614;154 698 942;A01;2;7;0;2;3;15;1;
37641;202000024615;154 698 939;A01;3;30;0;2;2;15;0;
37642;202000024615;154 698 940;B01;3;7;0;0;3;1;0;
37643;202000024616;154 698 937;B01;2;1;0;2;7;5;0;
37644;202000024616;154 698 938;A01;2;7;0;2;3;2;0;
37645;202000024617;154 698 935;B01;1;7;0;2;5;15;1;
37646;202000024617;154 698 936;A01;1;7;0;2;7;1;1;
37647;202000024618;154 698 933;B01;2;7;0;2;5;2;1;
37648;202000024618;154 698 934;A01;2;34;0;2;8;21;1;
37649;202000024620;154 698 929;B01;1;7;0;2;4;23;1;
37650;202000024620;154 698 930;A01;1;7;0;2;1;26;1;
37651;202000024621;154 698 928;A01;3;7;0;1;3;15;1;
37652;202000024622;154 698 927;Z01;0;10;0;1;2;11;0;
37653;202000024623;154 698 926;A01;1;32;0;1;3;1;1;
37654;202000024624;154 698 924;B01;1;10;0;2;5;1;1;
37655;202000024624;154 698 925;A01;3;30;0;2;2;26;1;
37656;202000024625;154 698 922;A01;3;10;0;2;8;1;1;
37657;202000024625;154 698 923;B01;-1;10;0;2;1;1;1;
37658;202000024626;154 698 921;A01;1;10;0;1;4;20;1;
37659;202000024627;154 698 919;A01;0;7;0;2;1;19;0;
37660;202000024627;154 698 920;B01;2;7;0;2;0;0;0;
37661;202000024628;154 698 917;B01;0;7;0;2;5;0;0;
37662;202000024628;154 698 918;A01;0;7;0;2;1;0;0;
37663;202000024629;154 698 915;B01;1;33;0;2;3;1;1;
37664;202000024629;154 698 916;A01;1;7;0;2;2;15;1;
37665;202000024630;154 698 913;B01;2;2;1;0;2;17;1;
37666;202000024630;154 698 914;A01;2;7;0;2;3;22;1;
37667;202000024631;154 698 912;A01;0;30;0;1;3;9;0;
37668;202000024632;154 698 910;A01;2;30;0;1;3;2;1;
37669;202000024632;154 698 911;B01;1;37;0;2;3;2;1;1.0
37670;202000024633;154 698 908;A01;1;7;0;2;1;1;0;
37671;202000024633;154 698 909;B01;1;7;0;2;3;15;0;
37672;202000024634;154 698 907;A01;3;7;0;1;2;2;1;
37673;202000024637;154 698 901;A01;1;7;0;0;0;15;1;
37674;202000024637;154 698 902;B01;2;32;0;0;0;1;1;
37675;202000024638;154 698 899;A01;1;7;0;2;7;22;1;
37676;202000024638;154 698 900;B01;1;2;1;0;1;18;1;
37677;202000024640;154 698 895;B01;0;32;0;2;7;1;0;
37678;202000024640;154 698 896;A01;0;7;0;2;2;9;0;
37679;202000024641;154 698 893;B01;3;7;0;2;8;1;6;
37680;202000024641;154 698 894;A01;2;7;0;2;8;1;6;
37681;202000024642;154 698 891;B01;1;17;0;2;1;2;1;
37682;202000024642;154 698 892;A01;1;7;0;0;6;23;1;
37683;202000024643;154 698 889;B01;2;7;0;2;1;15;1;
37684;202000024643;154 698 890;A01;1;34;0;2;1;1;1;
37685;202000024645;154 698 886;B01;3;2;0;2;1;1;1;
37686;202000024645;154 698 887;A01;3;7;0;2;3;19;1;
37687;202000024646;154 698 885;A01;1;7;2;0;9;0;0;
37688;202000024647;154 698 884;A01;2;7;2;0;8;1;1;
37689;202000024648;154 698 882;B01;1;2;0;2;1;1;1;
37690;202000024648;154 698 883;A01;1;7;0;2;6;15;1;
37691;202000024649;154 698 880;B01;1;7;0;2;3;1;1;
37692;202000024649;154 698 881;A01;2;7;0;2;3;13;1;
37693;202000024650;154 698 878;A01;0;2;0;2;1;15;1;
37694;202000024650;154 698 879;B01;0;3;0;2;3;1;1;
37695;202000024652;154 698 874;B01;1;7;0;2;3;1;1;
37696;202000024652;154 698 875;A01;2;7;0;2;3;1;1;
37697;202000024653;154 698 873;A01;2;7;0;1;6;1;1;
37698;202000024654;154 698 872;A01;3;7;0;1;1;9;1;
37699;202000024655;154 698 871;A01;1;7;3;0;1;13;1;
37700;202000024656;154 698 869;B01;2;7;0;0;4;1;1;
37701;202000024656;154 698 870;A01;2;7;4;2;1;21;1;
37702;202000024657;154 698 868;A01;1;7;0;0;9;12;1;
37703;202000024658;154 698 864;A01;1;33;0;2;7;17;1;
37704;202000024658;154 698 865;B01;1;7;0;2;6;1;1;
37705;202000024658;154 698 866;C01;2;7;0;0;8;1;1;
37706;202000024658;154 698 867;D01;2;7;0;0;3;1;1;
37707;202000024659;154 698 862;B01;1;15;0;2;3;1;1;
37708;202000024659;154 698 863;A01;2;7;6;2;3;13;1;
37709;202000024660;154 698 861;A01;1;33;0;2;0;0;1;
37710;202000024661;154 698 859;B01;2;7;0;2;1;1;0;
37711;202000024661;154 698 860;A01;1;7;0;2;1;9;0;
37712;202000024662;154 698 853;A01;2;33;0;2;1;3;1;
37713;202000024662;154 698 854;C01;1;10;0;2;1;1;1;
37714;202000024662;154 698 855;B01;2;7;0;2;6;1;1;
37715;202000024663;154 698 852;A01;2;7;17;0;1;14;1;
37716;202000024664;154 698 850;A01;0;7;0;2;2;1;1;
37717;202000024664;154 698 851;B01;0;7;0;2;3;15;1;
37718;202000024665;154 698 848;A01;1;7;0;2;7;12;1;
37719;202000024665;154 698 849;B01;1;33;0;2;8;1;1;
37720;202000024666;154 698 847;A01;2;7;4;0;2;14;1;
37721;202000024667;154 698 845;A01;1;15;0;2;1;2;1;
37722;202000024667;154 698 846;B01;1;15;0;2;6;0;1;
37723;202000024668;154 698 844;A01;3;7;5;0;1;2;1;
37724;202000024669;154 698 842;A01;1;7;0;2;1;2;1;
37725;202000024669;154 698 843;B01;1;7;0;0;0;0;1;
37726;202000024671;154 698 839;A01;2;10;0;2;7;12;1;
37727;202000024671;154 698 840;B01;2;10;3;2;3;1;1;
37728;202000024674;154 698 831;B01;1;7;0;2;8;3;1;
37729;202000024674;154 698 832;A01;1;7;0;2;6;1;2;
37730;202000024674;154 698 833;C01;1;7;0;2;2;12;1;
37731;202000024675;154 698 828;A01;2;7;0;2;1;2;1;
37732;202000024675;154 698 829;B01;2;7;0;2;4;2;1;
37733;202000024675;154 698 830;C01;2;7;0;2;4;2;1;
37734;202000024676;154 698 827;A01;3;33;0;0;0;1;1;
37735;202000024677;154 698 825;A01;3;7;0;2;3;2;1;
37736;202000024677;154 698 826;B01;1;2;0;2;4;1;1;
37737;202000024678;154 698 823;A01;0;30;0;0;0;0;0;
37738;202000024678;154 698 824;B01;3;7;0;2;6;15;1;
37739;202000024679;154 698 821;B01;1;7;0;2;5;16;1;
37740;202000024679;154 698 822;A01;1;31;0;2;1;26;1;
37741;202000024681;154 698 817;B01;3;7;0;2;5;1;1;
37742;202000024681;154 698 818;A01;3;30;0;2;5;3;1;
37743;202000024682;154 698 815;A01;2;10;1;0;1;14;1;
37744;202000024682;154 698 816;B01;2;7;0;2;4;24;1;
37745;202000024683;154 698 813;B01;1;7;0;5;6;2;1;
37746;202000024683;154 698 814;A01;2;33;0;2;1;2;1;
37747;202000024684;154 698 810;C01;2;7;0;2;1;1;1;
37748;202000024684;154 698 811;B01;2;3;0;2;1;1;2;
37749;202000024684;154 698 812;A01;2;7;0;2;4;1;1;
37750;202000024685;154 698 808;B01;3;7;0;2;0;1;0;
37751;202000024685;154 698 809;A01;3;30;0;2;0;21;0;
37752;202000024686;154 698 806;A01;0;10;0;2;8;19;1;
37753;202000024686;154 698 807;B01;1;7;0;2;1;15;1;
37754;202000024687;154 698 804;B01;1;7;0;2;4;15;1;
37755;202000024687;154 698 805;A01;1;30;0;2;1;1;1;
37756;202000024688;154 698 802;A01;1;7;0;2;5;17;1;
37757;202000024688;154 698 803;B01;1;2;0;2;1;1;0;
37758;202000024690;154 698 797;B01;3;1;0;1;1;0;0;
37759;202000024691;154 698 795;B01;2;1;1;0;1;2;5;
37760;202000024691;154 698 796;A01;2;7;0;2;3;23;1;
37761;202000024692;154 698 794;A01;2;7;0;1;1;1;0;
37762;202000024693;154 698 792;B01;2;7;0;0;0;0;1;
37763;202000024693;154 698 793;A01;3;7;0;0;1;0;1;
37764;202000024694;154 698 790;B01;3;7;0;2;1;1;0;
37765;202000024694;154 698 791;A01;3;7;0;2;5;19;0;
37766;202000024695;154 698 789;A01;2;7;0;1;2;1;0;
37767;202000024696;154 698 787;A01;3;7;0;2;1;0;0;
37768;202000024696;154 698 788;B01;3;50;0;2;0;0;3;
37769;202000024697;154 698 785;B01;2;33;0;2;1;21;1;
37770;202000024697;154 698 786;A01;1;7;0;2;5;15;1;
37771;202000024698;154 698 784;A01;1;33;0;2;1;1;1;
37772;202000024699;154 698 782;A01;1;31;0;2;1;0;1;
37773;202000024699;154 698 783;B01;1;7;14;0;2;15;1;
37774;202000024700;154 698 780;A01;1;7;0;2;1;1;1;
37775;202000024700;154 698 781;B01;2;7;0;2;1;13;1;
37776;202000024701;154 698 778;B01;1;7;0;2;3;1;1;
37777;202000024701;154 698 779;A01;1;7;0;2;1;13;1;
37778;202000024702;154 698 776;B01;1;30;0;2;1;1;1;
37779;202000024702;154 698 777;A01;1;7;0;2;8;10;1;
37780;202000024703;154 698 774;A01;1;7;0;2;2;26;1;
37781;202000024703;154 698 775;B01;1;7;0;2;6;26;1;
37782;202000024704;154 698 773;A01;0;30;0;0;3;2;1;
37783;202000024705;154 698 771;B01;1;7;0;2;4;1;1;
37784;202000024705;154 698 772;A01;1;7;0;2;1;1;1;
37785;202000024706;154 698 770;A01;2;1;0;2;8;17;5;
37786;202000024707;154 698 768;A01;3;7;0;2;1;1;1;
37787;202000024707;154 698 769;B01;3;7;0;2;8;0;1;
37788;202000024708;154 698 767;A01;1;7;12;0;1;1;1;
37789;202000024710;154 698 765;A01;1;7;0;1;1;1;1;
37790;202000024711;154 698 762;C01;1;7;0;2;4;1;1;
37791;202000024711;154 698 763;A01;1;7;0;2;1;12;1;
37792;202000024711;154 698 764;B01;1;7;0;2;9;1;1;
37793;202000024712;154 698 761;Z01;3;30;0;1;1;26;1;
37794;202000024713;154 698 760;A01;2;30;0;1;1;1;1;
37795;202000024714;154 698 757;C01;1;7;0;2;1;0;1;
37796;202000024714;154 698 758;B01;1;31;0;2;1;3;1;
37797;202000024714;154 698 759;A01;2;37;0;2;3;23;1;2.0
37798;202000024715;154 698 756;A01;3;7;0;1;1;20;1;
37799;202000024716;154 698 755;A01;3;7;0;1;2;1;6;
37800;202000024717;154 698 753;B01;0;7;0;2;0;0;0;
37801;202000024717;154 698 754;A01;3;31;0;2;1;1;1;
37802;202000024719;154 698 749;B01;2;7;0;2;3;15;1;
37803;202000024719;154 698 750;A01;2;33;0;2;2;17;1;
37804;202000024720;154 698 745;A01;1;10;0;2;2;2;0;
37805;202000024720;154 698 746;B01;1;10;0;2;3;20;0;
37806;202000024720;154 698 747;D01;1;10;8;0;0;0;0;
37807;202000024720;154 698 748;C01;1;10;0;1;0;0;0;
37808;202000024721;154 698 744;A01;2;7;8;0;1;1;1;
37809;202000024722;154 698 742;A01;0;31;0;2;1;26;1;
37810;202000024722;154 698 743;B01;0;7;0;2;5;26;1;
37811;202000024723;154 698 741;A01;1;7;0;1;3;1;1;
37812;202000024725;154 698 739;A01;2;7;0;1;1;16;0;
37813;202000024726;154 698 737;A01;3;10;0;2;2;1;1;
37814;202000024726;154 698 738;B01;3;7;0;2;3;1;1;
37815;202000024727;154 698 735;B01;2;7;0;2;6;24;1;
37816;202000024727;154 698 736;A01;2;7;1;0;2;1;1;
37817;202000024729;154 698 732;A01;1;7;0;1;1;16;3;
37818;202000024730;154 698 731;A01;2;7;0;1;1;15;1;
37819;202000024731;154 698 729;A01;1;7;0;2;1;1;0;
37820;202000024731;154 698 730;B01;1;2;0;2;4;1;6;
37821;202000024732;154 698 727;B01;3;7;0;2;3;1;1;
37822;202000024732;154 698 728;A01;3;2;0;2;1;1;1;
37823;202000024733;154 698 726;A01;0;7;1;1;7;1;0;
37824;202000024734;154 698 725;A01;2;7;0;1;2;1;1;
37825;202000024735;154 698 723;A01;1;7;0;2;4;23;1;
37826;202000024735;154 698 724;B01;2;7;0;2;1;21;1;
37827;202000024736;154 698 721;A01;1;2;2;0;1;14;1;
37828;202000024737;154 698 719;A01;1;7;0;2;1;9;1;
37829;202000024737;154 698 720;B01;1;7;0;2;1;1;1;
37830;202000024739;154 698 716;A01;0;7;0;0;9;1;1;
37831;202000024740;154 698 715;A01;0;7;0;1;3;15;1;
37832;202000024741;154 698 714;A01;2;1;0;0;0;1;5;
37833;202000024742;154 698 712;B01;1;2;0;2;8;9;1;
37834;202000024742;154 698 713;Z01;1;14;0;2;5;1;1;
37835;202000024743;154 698 710;B01;2;7;0;2;3;1;1;
37836;202000024743;154 698 711;A01;1;7;0;2;1;13;1;
37837;202000024744;154 698 709;A01;2;7;0;1;1;1;1;
37838;202000024745;154 698 707;B01;1;33;0;2;1;2;0;
37839;202000024745;154 698 708;A01;1;7;0;2;8;10;0;
37840;202000024746;154 698 703;B01;2;7;0;2;-1;1;-1;
37841;202000024746;154 698 704;A01;2;7;0;2;3;9;6;
37842;202000024747;154 698 701;B01;2;7;0;2;3;15;1;
37843;202000024747;154 698 702;A01;2;33;0;2;2;17;1;
37844;202000024748;154 698 699;A01;2;10;1;0;1;14;1;
37845;202000024748;154 698 700;B01;2;17;1;2;4;24;1;
37846;202000024749;154 698 698;A01;3;7;8;1;1;19;1;
37847;202000024750;154 698 696;B01;3;7;0;2;1;1;2;
37848;202000024750;154 698 697;A01;3;7;0;2;1;13;1;
37849;202000024752;154 698 692;B01;2;7;0;2;0;0;1;
37850;202000024752;154 698 693;A01;1;7;0;2;8;10;1;
37851;202000024753;154 698 689;A01;0;7;0;2;1;1;1;
37852;202000024753;154 698 690;B01;0;7;0;2;1;1;1;
37853;202000024754;154 698 687;A01;2;7;0;2;1;13;1;
37854;202000024754;154 698 688;B01;1;7;0;2;1;1;1;
37855;202000024755;154 698 685;A01;1;7;0;2;5;15;1;
37856;202000024755;154 698 686;B01;2;1;0;2;1;1;5;
37857;202000024756;154 698 683;B01;1;7;0;2;6;1;1;
37858;202000024756;154 698 684;A01;1;7;0;2;2;17;1;
37859;202000024758;154 698 680;B01;0;7;1;2;6;24;1;
37860;202000024758;154 698 681;A01;0;7;1;1;1;15;1;
37861;202000024759;154 698 679;A01;3;7;0;1;1;1;1;
37862;202000024760;154 698 678;A01;3;7;0;1;1;1;1;
37863;202000024761;154 698 677;B01;1;2;0;2;3;1;1;
37864;202000024762;154 698 675;A01;1;7;0;2;1;1;0;
37865;202000024762;154 698 676;B01;2;1;0;2;8;26;0;
37866;202000024763;154 698 673;A01;1;33;0;2;7;19;1;
37867;202000024763;154 698 674;B01;1;7;0;2;1;1;1;
37868;202000024764;154 698 672;A01;3;7;0;1;0;1;1;
37869;202000024765;154 698 670;A01;1;7;0;2;2;15;1;
37870;202000024765;154 698 671;B01;1;7;0;2;1;1;1;
37871;202000024766;154 698 668;A01;3;10;0;2;2;1;0;
37872;202000024766;154 698 669;B01;3;2;0;2;1;1;0;
37873;202000024767;154 698 667;A01;1;7;1;0;3;13;1;
37874;202000024768;154 698 665;B01;2;1;0;2;0;0;5;
37875;202000024768;154 698 666;A01;1;2;0;2;0;0;1;
37876;202000024769;154 698 663;A01;1;7;0;2;1;2;1;
37877;202000024769;154 698 664;B01;1;7;0;2;4;2;1;