;Num_Acc;id_vehicule;num_veh;senc;catv;obs;obsm;choc;manv;motor;occutc
37878;202000024771;154 698 659;B01;1;33;0;2;1;17;1;
37879;202000024771;154 698 660;A01;1;7;0;2;3;15;1;
37880;202000024772;154 698 656;C01;2;7;0;2;6;1;1;
37881;202000024772;154 698 657;A01;2;7;0;2;1;17;1;
37882;202000024772;154 698 658;B01;1;7;0;2;1;1;1;
37883;202000024773;154 698 654;B01;1;7;0;2;4;23;1;
37884;202000024773;154 698 655;A01;1;30;0;2;1;2;1;
37885;202000024774;154 698 652;A01;1;7;0;2;1;16;1;
37886;202000024774;154 698 653;B01;2;7;0;2;1;1;1;
37887;202000024775;154 698 649;A01;1;7;0;2;3;15;1;
37888;202000024775;154 698 650;B01;2;30;0;2;1;17;1;
37889;202000024775;154 698 651;C01;2;30;0;2;0;1;1;
37890;202000024776;154 698 647;B01;1;1;0;2;1;1;5;
37891;202000024776;154 698 648;A01;1;7;0;2;2;16;1;
37892;202000024777;154 698 645;A01;1;7;0;2;2;10;1;
37893;202000024777;154 698 646;B01;1;7;0;2;8;1;1;
37894;202000024778;154 698 643;B01;1;33;0;2;8;0;1;
37895;202000024778;154 698 644;A01;1;7;0;2;3;6;1;
37896;202000024779;154 698 641;A01;1;33;0;2;6;13;1;
37897;202000024779;154 698 642;B01;2;7;0;2;3;1;1;
37898;202000024780;154 698 640;A01;3;30;0;0;8;15;1;
37899;202000024781;154 698 639;A01;2;30;0;0;8;1;1;
37900;202000024782;154 698 637;A01;1;30;0;2;1;1;1;
37901;202000024782;154 698 638;B01;1;30;0;2;4;1;1;
37902;202000024784;154 698 634;A01;0;10;0;2;1;2;1;
37903;202000024784;154 698 635;B01;0;7;0;2;4;2;1;
37904;202000024785;154 698 632;B01;2;33;0;2;7;1;1;
37905;202000024785;154 698 633;A01;1;7;0;2;2;15;1;
37906;202000024786;154 698 630;B01;1;7;0;2;1;1;1;
37907;202000024786;154 698 631;A01;0;1;0;2;1;1;5;
37908;202000024787;154 698 628;B01;0;10;0;2;2;1;1;
37909;202000024787;154 698 629;A01;0;7;1;2;9;20;1;
37910;202000024788;154 698 627;A01;1;7;0;1;7;1;1;
37911;202000024789;154 698 625;B01;1;2;0;2;1;15;1;
37912;202000024789;154 698 626;A01;1;7;0;2;2;1;1;
37913;202000024790;154 698 624;A01;2;2;0;0;0;0;1;
37914;202000024791;154 698 622;A01;1;7;0;2;1;1;1;
37915;202000024791;154 698 623;B01;3;7;0;2;6;1;1;
37916;202000024792;154 698 620;B01;0;7;0;2;3;1;1;
37917;202000024792;154 698 621;A01;0;7;0;2;3;13;1;
37918;202000024794;154 698 616;A01;2;33;0;2;2;1;1;
37919;202000024794;154 698 617;C01;1;7;0;2;3;1;1;
37920;202000024794;154 698 618;B01;2;7;0;2;3;20;1;
37921;202000024795;154 698 614;A01;1;33;0;2;7;17;1;
37922;202000024795;154 698 615;B01;1;7;0;2;8;15;1;
37923;202000024796;154 698 613;A01;2;10;0;1;1;15;1;
37924;202000024798;154 698 610;A01;0;7;0;2;7;19;1;
37925;202000024798;154 698 611;B01;0;30;0;2;1;1;1;
37926;202000024799;154 698 609;A01;1;7;0;1;1;1;-1;
37927;202000024800;154 698 607;B01;3;99;0;2;4;9;3;
37928;202000024800;154 698 608;A01;3;7;0;9;1;9;0;
37929;202000024801;154 698 606;A01;3;10;0;1;1;1;1;
37930;202000024802;154 698 604;B01;2;1;0;2;0;1;5;
37931;202000024802;154 698 605;A01;2;7;0;2;1;19;1;
37932;202000024803;154 698 602;B01;1;7;0;2;4;2;1;
37933;202000024803;154 698 603;A01;1;7;0;2;1;2;1;
37934;202000024804;154 698 601;A01;1;7;0;1;1;16;1;
37935;202000024807;154 698 597;A01;1;7;0;1;1;26;1;
37936;202000024808;154 698 596;A01;2;7;0;1;2;2;1;
37937;202000024810;154 698 592;B01;2;1;0;2;8;13;5;
37938;202000024810;154 698 593;A01;2;7;0;2;2;17;1;
37939;202000024811;154 698 590;A01;3;7;0;2;2;1;0;
37940;202000024811;154 698 591;B01;3;7;0;2;3;1;1;
37941;202000024812;154 698 586;A01;2;7;0;2;2;2;1;
37942;202000024812;154 698 587;B01;2;34;0;2;4;2;1;
37943;202000024813;154 698 583;C01;3;7;0;2;8;1;1;
37944;202000024813;154 698 584;B01;3;7;0;2;5;15;1;
37945;202000024813;154 698 585;A01;3;10;0;2;1;1;1;
37946;202000024814;154 698 581;A01;2;7;0;2;7;15;1;
37947;202000024814;154 698 582;B01;1;1;0;2;1;1;5;
37948;202000024815;154 698 579;B01;2;7;0;2;4;15;1;
37949;202000024815;154 698 580;A01;2;33;0;2;1;2;1;
37950;202000024816;154 698 578;A01;2;7;0;0;0;1;1;
37951;202000024817;154 698 577;A01;3;1;2;0;1;13;5;
37952;202000024818;154 698 575;A01;2;7;13;2;1;3;1;
37953;202000024818;154 698 576;B01;1;7;0;2;1;1;1;
37954;202000024819;154 698 573;A01;3;1;0;2;1;15;5;
37955;202000024819;154 698 574;B01;3;7;0;2;2;1;1;
37956;202000024820;154 698 571;A01;1;33;0;2;1;21;1;
37957;202000024820;154 698 572;B01;2;7;0;2;3;1;1;
37958;202000024821;154 698 569;B01;2;13;0;2;4;1;6;
37959;202000024821;154 698 570;A01;2;2;0;2;1;1;6;
37960;202000024822;154 698 568;A01;1;7;6;0;1;1;1;
37961;202000024824;154 698 562;A01;2;7;4;0;1;12;1;
37962;202000024825;154 698 560;A01;2;15;0;2;1;2;1;
37963;202000024825;154 698 561;B01;2;33;0;2;4;2;1;
37964;202000024827;154 698 556;B01;2;7;0;0;3;1;1;
37965;202000024827;154 698 557;A01;1;7;0;0;2;9;1;
37966;202000024828;154 698 554;B01;1;1;0;2;1;19;5;
37967;202000024828;154 698 555;A01;1;7;0;0;2;16;1;
37968;202000024830;154 698 550;A01;3;7;0;2;3;15;1;
37969;202000024830;154 698 551;B01;3;34;0;0;7;1;1;
37970;202000024831;154 698 549;A01;3;7;7;0;1;1;1;
37971;202000024832;154 698 547;B01;1;7;0;2;3;1;1;
37972;202000024832;154 698 548;A01;1;1;0;2;1;1;5;
37973;202000024833;154 698 545;A01;2;7;0;2;1;13;1;
37974;202000024833;154 698 546;B01;1;10;0;2;1;1;1;
37975;202000024835;154 698 542;A01;3;7;2;0;3;13;1;
37976;202000024836;154 698 541;A01;2;33;0;0;0;1;1;
37977;202000024837;154 698 539;A01;1;7;0;0;2;10;1;
37978;202000024837;154 698 540;B01;2;33;0;2;1;2;1;
37979;202000024838;154 698 537;A01;3;7;0;1;5;4;1;
37980;202000024839;154 698 536;A01;1;7;0;1;1;1;1;
37981;202000024840;154 698 533;C01;2;7;0;0;0;1;1;
37982;202000024840;154 698 534;B01;1;1;0;2;8;1;5;
37983;202000024840;154 698 535;A01;2;33;0;2;1;17;1;
37984;202000024841;154 698 531;A01;2;33;7;2;1;5;1;
37985;202000024841;154 698 532;B01;2;7;0;2;3;15;1;
37986;202000024842;154 698 530;A01;3;7;0;1;7;1;1;
37987;202000024843;154 698 529;A01;2;7;2;0;9;1;1;
37988;202000024844;154 698 527;B01;2;21;0;2;3;15;1;
37989;202000024844;154 698 528;A01;2;33;0;2;1;17;1;
37990;202000024845;154 698 525;A01;3;7;0;2;3;15;1;
37991;202000024845;154 698 526;B01;3;33;0;2;3;16;1;
37992;202000024846;154 698 521;D01;1;10;0;2;1;1;1;
37993;202000024846;154 698 522;C01;1;10;0;2;4;23;1;
37994;202000024846;154 698 523;B01;1;7;0;2;4;23;1;
37995;202000024846;154 698 524;A01;1;7;0;2;4;23;1;
37996;202000024847;154 698 520;A01;1;7;12;0;1;1;1;
37997;202000024848;154 698 517;B01;1;7;0;2;4;2;1;
37998;202000024848;154 698 518;C01;1;7;0;2;1;2;1;
37999;202000024848;154 698 519;A01;1;7;0;2;4;1;1;
38000;202000024850;154 698 511;A01;2;7;0;2;1;1;1;
38001;202000024850;154 698 512;B01;2;7;0;2;4;23;1;
38002;202000024850;154 698 513;C01;2;7;0;2;4;23;1;
38003;202000024851;154 698 509;A01;1;7;0;2;1;1;1;
38004;202000024851;154 698 510;B01;1;7;0;2;4;1;1;
38005;202000024852;154 698 507;A01;2;7;0;2;2;12;1;
38006;202000024852;154 698 508;B01;2;33;0;2;8;3;1;
38007;202000024853;154 698 505;A01;2;7;0;2;3;9;1;
38008;202000024853;154 698 506;B01;2;17;0;2;2;1;1;
38009;202000024854;154 698 502;C01;2;7;0;2;4;1;1;
38010;202000024854;154 698 503;B01;2;7;0;2;4;1;1;
38011;202000024854;154 698 504;A01;2;7;0;2;1;2;1;
38012;202000024855;154 698 500;B01;1;33;0;2;3;1;1;
38013;202000024855;154 698 501;A01;1;10;0;2;2;12;1;
38014;202000024856;154 698 498;B01;2;7;0;2;5;1;1;
38015;202000024856;154 698 499;A01;2;33;0;2;1;3;1;
38016;202000024857;154 698 496;B01;1;33;0;2;3;21;1;
38017;202000024857;154 698 497;A01;1;7;0;2;5;12;1;
38018;202000024858;154 698 494;A01;2;7;0;2;3;2;1;
38019;202000024858;154 698 495;B01;2;7;0;2;5;2;1;
38020;202000024859;154 698 492;B01;1;7;0;0;0;0;1;
38021;202000024859;154 698 493;A01;1;33;0;2;3;11;1;
38022;202000024860;154 698 489;B01;1;10;0;2;8;11;1;
38023;202000024860;154 698 490;C01;1;33;0;2;4;1;1;
38024;202000024860;154 698 491;Z01;1;34;0;2;7;3;1;
38025;202000024861;154 698 486;A01;1;14;0;2;1;2;1;
38026;202000024861;154 698 487;B01;1;7;0;2;4;2;1;
38027;202000024861;154 698 488;C01;1;7;0;2;4;2;1;
38028;202000024862;154 698 484;B01;1;7;0;2;6;2;1;
38029;202000024862;154 698 485;A01;1;33;0;2;1;2;1;
38030;202000024863;154 698 483;A01;2;7;0;0;9;13;1;
38031;202000024864;154 698 480;C01;1;43;0;2;1;2;1;
38032;202000024864;154 698 481;B01;1;7;0;2;4;2;1;
38033;202000024864;154 698 482;A01;1;7;0;2;4;2;1;
38034;202000024865;154 698 479;A01;2;7;16;0;9;16;1;
38035;202000024866;154 698 477;A01;1;7;0;2;3;11;0;
38036;202000024866;154 698 478;B01;1;33;0;2;7;3;1;
38037;202000024867;154 698 475;A01;2;7;0;2;7;12;1;
38038;202000024867;154 698 476;B01;2;33;0;2;3;18;0;
38039;202000024868;154 698 471;A01;2;7;0;2;1;1;1;
38040;202000024868;154 698 472;D01;2;7;0;2;4;1;1;
38041;202000024868;154 698 473;C01;2;7;0;2;4;1;1;
38042;202000024868;154 698 474;B01;2;10;0;2;1;1;1;
38043;202000024869;154 698 470;A01;2;33;0;0;8;21;1;
38044;202000024870;154 698 467;A01;3;7;0;1;1;26;1;
38045;202000024871;154 698 465;A01;3;7;0;2;1;1;1;
38046;202000024871;154 698 466;B01;3;7;0;2;2;1;1;
38047;202000024872;154 698 464;A01;1;2;0;1;1;1;0;
38048;202000024873;154 698 463;A01;2;50;0;0;0;0;3;
38049;202000024874;154 698 462;A01;2;40;0;1;1;1;3;
38050;202000024877;154 698 454;B01;1;33;0;2;1;1;1;
38051;202000024877;154 698 455;A01;1;7;0;2;6;12;1;
38052;202000024878;154 698 453;A01;1;7;0;1;1;19;1;
38053;202000024879;154 698 452;A01;2;7;9;0;1;1;1;
38054;202000024880;154 698 451;A01;1;33;5;0;7;1;1;
38055;202000024881;154 698 450;A01;0;7;0;1;3;15;1;
38056;202000024882;154 698 448;A01;0;7;0;2;3;15;1;
38057;202000024882;154 698 449;B01;0;7;0;2;3;0;1;
38058;202000024883;154 698 446;A01;1;7;0;2;2;15;1;
38059;202000024883;154 698 447;B01;2;1;0;2;7;1;5;
38060;202000024884;154 698 444;A01;2;7;0;2;8;10;1;
38061;202000024884;154 698 445;B01;1;10;0;2;1;1;1;
38062;202000024885;154 698 443;A01;1;7;0;1;1;1;1;
38063;202000024886;154 698 441;B01;0;7;0;2;1;1;1;
38064;202000024886;154 698 442;A01;0;7;0;2;1;1;1;
38065;202000024887;154 698 440;A01;0;7;0;1;3;1;1;
38066;202000024888;154 698 437;A01;0;7;0;2;1;1;1;
38067;202000024888;154 698 438;B01;0;7;0;2;4;1;1;
38068;202000024888;154 698 439;C01;0;7;0;2;4;1;1;
38069;202000024889;154 698 435;A01;1;2;0;2;4;1;0;
38070;202000024889;154 698 436;B01;3;7;0;2;1;1;1;
38071;202000024890;154 698 434;A01;0;7;0;1;2;1;0;
38072;202000024891;154 698 432;B01;0;10;0;2;2;1;3;
38073;202000024891;154 698 433;A01;0;7;0;2;1;16;1;
38074;202000024892;154 698 430;A01;2;30;0;2;1;0;1;
38075;202000024892;154 698 431;B01;2;7;0;2;3;0;1;
38076;202000024893;154 698 429;A01;3;2;0;2;8;1;1;
38077;202000024894;154 698 426;B01;3;50;0;2;7;15;3;
38078;202000024894;154 698 427;A01;3;10;0;9;3;9;1;
38079;202000024895;154 698 424;B01;2;7;0;2;8;2;1;
38080;202000024895;154 698 425;A01;2;33;12;2;7;17;1;
38081;202000024896;154 698 422;B01;1;10;0;2;3;15;1;
38082;202000024896;154 698 423;A01;1;7;0;2;3;1;1;
38083;202000024898;154 698 418;A01;1;7;0;2;1;9;1;
38084;202000024898;154 698 419;B01;1;30;0;2;1;1;1;
38085;202000024900;154 698 415;A01;2;7;3;0;1;1;1;
38086;202000024901;154 698 413;A01;1;7;0;2;2;15;1;
38087;202000024901;154 698 414;B01;1;2;0;2;1;1;1;
38088;202000024902;154 698 411;B01;2;7;0;2;5;1;1;
38089;202000024902;154 698 412;A01;2;30;0;2;1;9;1;
38090;202000024903;154 698 408;B01;2;7;0;2;4;23;1;
38091;202000024903;154 698 409;C01;2;7;0;2;4;23;1;
38092;202000024903;154 698 410;A01;2;7;0;2;1;2;1;
38093;202000024904;154 698 406;B01;1;7;0;2;4;2;1;
38094;202000024904;154 698 407;A01;1;33;0;2;1;2;1;
38095;202000024906;154 698 403;A01;1;7;0;2;1;2;1;
38096;202000024906;154 698 404;B01;1;33;0;2;4;1;1;
38097;202000024907;154 698 401;A01;2;7;0;2;1;15;1;
38098;202000024907;154 698 402;B01;1;2;0;2;1;1;1;
38099;202000024908;154 698 400;A01;3;7;0;1;1;1;1;
38100;202000024909;154 698 398;A01;1;7;0;2;0;0;1;
38101;202000024909;154 698 399;B01;3;34;0;2;0;0;1;
38102;202000024910;154 698 397;A01;1;7;0;1;1;2;1;
38103;202000024911;154 698 395;B01;0;2;0;2;1;1;1;
38104;202000024911;154 698 396;A01;0;1;0;2;1;19;5;
38105;202000024912;154 698 394;A01;3;7;6;0;1;26;1;
38106;202000024913;154 698 392;A01;1;37;0;2;1;9;1;1.0
38107;202000024913;154 698 393;B01;1;31;0;2;4;0;1;
38108;202000024914;154 698 391;A01;1;33;0;0;8;19;1;
38109;202000024915;154 698 389;A01;3;10;0;2;3;1;1;
38110;202000024915;154 698 390;B01;3;30;0;2;4;1;1;
38111;202000024916;154 698 387;B01;3;33;0;2;8;0;1;
38112;202000024916;154 698 388;A01;3;7;0;2;2;15;1;
38113;202000024917;154 698 385;B01;3;33;0;2;2;1;1;
38114;202000024917;154 698 386;A01;2;7;0;2;8;9;1;
38115;202000024918;154 698 381;A01;3;7;0;2;1;2;1;
38116;202000024918;154 698 382;B01;3;7;0;2;4;1;1;
38117;202000024919;154 698 379;A01;2;32;0;2;1;26;1;
38118;202000024919;154 698 380;B01;3;1;0;2;0;0;0;
38119;202000024920;154 698 377;B01;2;40;0;2;2;1;3;
38120;202000024920;154 698 378;A01;3;1;0;4;2;19;5;
38121;202000024921;154 698 375;B01;2;1;0;2;1;1;5;
38122;202000024921;154 698 376;A01;2;7;0;2;1;19;1;
38123;202000024922;154 698 374;A01;2;7;0;1;2;15;1;
38124;202000024924;154 698 372;A01;1;30;0;1;1;14;1;
38125;202000024925;154 698 370;B01;2;2;0;2;1;1;1;
38126;202000024925;154 698 371;A01;2;7;0;2;1;16;1;
38127;202000024926;154 698 368;B01;2;2;0;2;1;1;1;
38128;202000024926;154 698 369;A01;1;7;0;2;2;15;1;
38129;202000024927;154 698 366;B01;0;1;0;2;1;1;5;
38130;202000024927;154 698 367;A01;0;7;0;2;2;16;1;
38131;202000024928;154 698 365;A01;0;7;0;1;2;1;1;
38132;202000024929;154 698 363;B01;1;7;0;2;4;1;1;
38133;202000024929;154 698 364;A01;1;33;0;2;1;1;1;
38134;202000024930;154 698 361;B01;2;1;0;2;1;1;5;
38135;202000024930;154 698 362;A01;2;7;0;2;6;10;1;
38136;202000024931;154 698 360;A01;0;7;0;1;2;9;1;
38137;202000024932;154 698 359;A01;1;7;0;1;1;9;0;
38138;202000024933;154 698 357;A01;1;7;0;9;1;15;1;
38139;202000024933;154 698 358;B01;1;1;0;2;0;0;5;
38140;202000024934;154 698 356;A01;1;30;0;0;0;15;1;
38141;202000024935;154 698 354;A01;3;7;0;2;3;2;1;
38142;202000024935;154 698 355;B01;3;1;0;2;7;19;5;
38143;202000024936;154 698 351;C01;0;1;0;2;1;1;5;
38144;202000024936;154 698 352;B01;0;1;0;2;1;1;5;
38145;202000024936;154 698 353;A01;3;7;0;0;2;15;0;
38146;202000024937;154 698 349;B01;1;20;0;2;3;15;1;
38147;202000024937;154 698 350;A01;1;31;0;2;8;17;1;
38148;202000024938;154 698 347;B01;2;7;13;2;1;1;1;
38149;202000024938;154 698 348;A01;1;7;0;2;2;15;1;
38150;202000024939;154 698 346;A01;3;7;1;0;1;1;1;
38151;202000024940;154 698 345;A01;1;7;1;0;1;14;0;
38152;202000024941;154 698 344;A01;1;7;0;1;3;26;1;
38153;202000024942;154 698 342;B01;0;7;0;2;1;1;1;
38154;202000024942;154 698 343;A01;1;7;0;2;5;1;1;
38155;202000024943;154 698 341;B01;3;99;0;2;1;21;1;
38156;202000024944;154 698 339;B01;2;1;0;2;3;1;5;
38157;202000024944;154 698 340;A01;1;7;0;2;2;15;1;
38158;202000024945;154 698 338;A01;0;7;2;0;1;1;1;
38159;202000024946;154 698 336;B01;1;10;0;2;4;1;1;
38160;202000024946;154 698 337;A01;1;7;0;2;1;2;1;
38161;202000024947;154 698 334;B01;1;32;0;2;2;0;1;
38162;202000024947;154 698 335;A01;1;7;0;2;3;9;1;
38163;202000024948;154 698 333;A01;2;7;0;1;2;1;1;
38164;202000024949;154 698 332;A01;2;10;0;1;2;1;1;
38165;202000024951;154 698 329;A01;2;33;0;0;1;3;1;
38166;202000024952;154 698 327;A01;1;7;0;2;5;12;1;
38167;202000024952;154 698 328;B01;1;31;0;2;8;3;1;
38168;202000024953;154 698 325;A01;2;7;0;2;2;12;1;
38169;202000024953;154 698 326;B01;2;31;0;2;3;3;1;
38170;202000024954;154 698 324;A01;2;7;0;1;2;1;1;
38171;202000024955;154 698 323;A01;1;1;0;1;1;1;5;
38172;202000024956;154 698 321;B01;1;1;0;2;3;18;5;
38173;202000024956;154 698 322;A01;1;7;0;2;5;22;1;
38174;202000024957;154 698 320;A01;1;30;0;1;2;16;1;
38175;202000024958;154 698 318;A01;1;7;0;2;2;14;1;
38176;202000024958;154 698 319;B01;1;80;0;2;3;1;3;
38177;202000024959;154 698 316;A01;1;32;0;2;3;7;1;
38178;202000024959;154 698 317;B01;1;7;0;2;2;16;1;
38179;202000024960;154 698 314;B01;2;7;0;2;5;15;1;
38180;202000024960;154 698 315;A01;1;1;0;2;1;8;5;
38181;202000024961;154 698 313;A01;1;7;0;1;2;7;1;
38182;202000024962;154 698 311;A01;1;7;0;2;3;15;1;
38183;202000024962;154 698 312;B01;2;1;0;2;1;1;5;
38184;202000024963;154 698 309;A01;2;7;0;2;3;22;2;
38185;202000024963;154 698 310;B01;2;1;0;2;1;1;5;
38186;202000024964;154 698 307;A01;2;7;0;2;5;15;1;
38187;202000024964;154 698 308;B01;1;1;0;2;1;1;5;
38188;202000024965;154 698 305;A01;2;7;0;2;1;1;3;
38189;202000024965;154 698 306;B01;2;1;0;2;1;1;5;
38190;202000024966;154 698 303;A01;2;7;0;2;0;14;1;
38191;202000024966;154 698 304;B01;2;1;0;2;0;1;5;
38192;202000024967;154 698 301;B01;1;32;0;2;3;1;1;
38193;202000024967;154 698 302;A01;1;7;0;2;1;1;1;
38194;202000024968;154 698 299;B01;2;37;0;2;2;7;1;1.0
38195;202000024968;154 698 300;A01;1;7;9;1;1;8;1;
38196;202000024969;154 698 297;B01;3;50;0;2;1;1;3;
38197;202000024969;154 698 298;A01;3;7;0;9;3;1;1;
38198;202000024970;154 698 296;A01;1;7;0;1;1;0;1;
38199;202000024971;154 698 294;A01;1;7;0;2;2;16;1;
38200;202000024971;154 698 295;B01;1;1;0;2;3;16;5;
38201;202000024972;154 698 291;B01;2;33;1;2;3;21;1;
38202;202000024972;154 698 292;C01;2;30;0;2;7;1;0;
38203;202000024972;154 698 293;A01;2;7;0;2;0;24;0;
38204;202000024973;154 698 289;A01;2;10;0;2;3;17;1;
38205;202000024973;154 698 290;B01;2;10;0;2;3;15;0;
38206;202000024974;154 698 287;B01;1;33;16;0;1;17;1;
38207;202000024974;154 698 288;A01;1;33;16;0;1;17;1;
38208;202000024975;154 698 285;B01;1;7;0;2;3;15;1;
38209;202000024975;154 698 286;A01;2;1;0;2;1;1;5;
38210;202000024976;154 698 284;A01;2;14;0;1;2;1;1;
38211;202000024977;154 698 282;B01;2;30;1;0;8;0;6;
38212;202000024977;154 698 283;A01;2;7;1;0;2;26;6;
38213;202000024978;154 698 280;B01;-1;33;0;2;3;16;0;
38214;202000024978;154 698 281;A01;-1;7;0;2;3;15;0;
38215;202000024979;154 698 279;A01;1;7;0;1;2;16;1;
38216;202000024980;154 698 277;B01;0;33;0;0;0;0;1;
38217;202000024980;154 698 278;A01;3;10;0;2;1;2;0;
38218;202000024981;154 698 275;B01;2;32;0;2;1;1;1;
38219;202000024981;154 698 276;A01;1;7;0;2;7;15;0;
38220;202000024982;154 698 273;A01;1;7;1;2;0;1;0;
38221;202000024982;154 698 274;B01;2;60;0;2;0;0;5;
38222;202000024983;154 698 271;B01;1;7;0;2;5;16;1;
38223;202000024983;154 698 272;A01;1;2;0;2;1;19;1;
38224;202000024984;154 698 269;B01;2;10;0;2;8;13;1;
38225;202000024984;154 698 270;A01;2;34;0;2;7;1;1;
38226;202000024985;154 698 266;C01;2;10;8;0;1;1;1;
38227;202000024985;154 698 267;B01;2;32;14;0;1;1;1;
38228;202000024985;154 698 268;A01;2;14;15;0;1;16;1;
38229;202000024986;154 698 264;B01;1;34;0;9;2;13;1;
38230;202000024986;154 698 265;A01;1;1;0;2;8;19;5;
38231;202000024988;154 698 261;A01;1;7;1;1;1;1;1;
38232;202000024989;154 698 260;A01;1;1;0;0;0;0;5;
38233;202000024990;154 698 258;A01;0;7;0;2;2;1;1;
38234;202000024990;154 698 259;B01;0;1;0;2;4;16;5;
38235;202000024991;154 698 255;A01;1;7;2;0;1;1;1;
38236;202000024992;154 698 253;A01;1;7;0;2;3;1;1;
38237;202000024992;154 698 254;B01;2;17;0;2;3;1;1;
38238;202000024993;154 698 251;A01;1;33;0;2;2;1;0;
38239;202000024993;154 698 252;B01;2;7;0;0;5;15;0;
38240;202000024994;154 698 249;A01;2;2;13;0;4;14;1;
38241;202000024995;154 698 248;A01;1;7;13;0;1;12;1;
38242;202000024996;154 698 246;A01;2;7;7;2;2;17;1;
38243;202000024996;154 698 247;B01;2;7;0;2;6;15;1;
38244;202000024997;154 698 244;A01;2;7;0;2;3;13;1;
38245;202000024997;154 698 245;B01;1;7;0;2;3;0;0;
38246;202000024998;154 698 243;A01;3;2;11;0;7;1;1;
38247;202000024999;154 698 241;A01;1;7;0;2;1;26;1;
38248;202000024999;154 698 242;B01;1;13;0;0;4;0;1;
38249;202000025000;154 698 239;A01;0;33;0;2;3;1;1;
38250;202000025000;154 698 240;B01;0;7;0;2;2;1;1;
38251;202000025001;154 698 237;A01;0;7;1;0;3;15;2;
38252;202000025001;154 698 238;B01;1;50;0;2;1;5;3;
38253;202000025002;154 698 235;GA01;0;10;0;2;1;1;1;
38254;202000025002;154 698 236;B01;1;2;0;2;7;19;1;
38255;202000025003;154 698 233;A01;1;30;0;2;1;1;1;
38256;202000025003;154 698 234;B01;1;7;0;2;4;23;1;
38257;202000025004;154 698 231;A01;1;33;0;2;1;1;1;
38258;202000025004;154 698 232;B01;2;7;0;2;4;15;1;
38259;202000025005;154 698 230;A01;1;41;14;0;7;13;0;
38260;202000025006;154 698 229;A01;1;1;0;0;0;1;5;
38261;202000025007;154 698 228;A01;1;7;0;1;2;1;1;
38262;202000025008;154 698 227;A01;2;7;0;0;9;0;1;
38263;202000025009;154 698 225;B01;3;33;0;2;1;1;1;
38264;202000025009;154 698 226;A01;3;7;0;0;3;19;1;
38265;202000025010;154 698 224;A01;2;7;9;0;8;1;1;
38266;202000025011;154 698 223;A01;2;7;0;0;9;0;1;
38267;202000025012;154 698 218;B01;1;7;0;2;1;1;1;
38268;202000025012;154 698 219;C01;1;7;0;0;4;1;1;
38269;202000025012;154 698 220;A01;1;7;4;0;4;1;1;
38270;202000025012;154 698 221;E01;1;7;0;2;1;1;1;
38271;202000025012;154 698 222;D01;1;7;0;2;1;1;1;
38272;202000025013;154 698 216;A01;1;7;0;2;1;0;1;
38273;202000025013;154 698 217;B01;2;7;6;2;1;0;1;
38274;202000025014;154 698 213;C01;1;7;0;2;3;1;1;
38275;202000025014;154 698 214;B01;2;7;0;2;1;1;2;
38276;202000025014;154 698 215;A01;1;7;0;2;1;17;1;
38277;202000025016;154 698 209;B01;2;31;0;2;3;2;0;
38278;202000025016;154 698 210;A01;2;7;0;2;7;19;0;
38279;202000025017;154 698 208;A01;1;7;0;0;1;2;1;
38280;202000025018;154 698 206;A01;1;7;0;0;8;15;1;
38281;202000025018;154 698 207;B01;1;33;0;2;9;17;1;
38282;202000025019;154 698 205;A01;3;7;0;1;1;1;1;
38283;202000025021;154 698 202;A01;1;7;13;0;2;1;1;
38284;202000025022;154 698 201;A01;2;1;0;1;1;1;5;
38285;202000025023;154 698 199;B01;2;7;0;2;3;1;1;
38286;202000025023;154 698 200;A01;1;7;0;2;3;5;1;
38287;202000025024;154 698 198;A01;1;7;13;0;2;1;1;
38288;202000025026;154 698 195;A01;0;2;17;0;1;26;1;
38289;202000025027;154 698 194;A01;1;7;6;0;3;1;1;
38290;202000025028;154 698 191;A01;2;7;0;0;3;1;1;
38291;202000025028;154 698 192;B01;1;7;0;0;3;1;1;
38292;202000025028;154 698 193;C01;2;7;0;9;1;1;1;
38293;202000025029;154 698 190;A01;1;31;0;6;1;1;1;
38294;202000025031;154 698 186;A01;1;7;0;9;2;2;1;
38295;202000025031;154 698 187;B01;1;1;13;0;4;2;6;
38296;202000025032;154 698 185;A01;1;7;2;0;1;0;0;
38297;202000025033;154 698 183;A01;2;7;0;2;1;1;1;
38298;202000025033;154 698 184;B01;2;33;0;2;4;1;1;
38299;202000025034;154 698 180;A01;1;7;0;0;6;26;1;
38300;202000025034;154 698 181;B01;1;2;0;2;2;21;1;
38301;202000025035;154 698 178;A01;0;31;0;2;1;1;1;
38302;202000025035;154 698 179;B01;0;7;0;2;8;1;1;
38303;202000025036;154 698 177;A01;1;33;2;0;1;1;1;
38304;202000025037;154 698 175;A01;1;33;0;2;1;1;1;
38305;202000025037;154 698 176;B01;3;13;0;2;7;15;1;
38306;202000025038;154 698 173;A01;0;7;0;2;3;5;1;
38307;202000025038;154 698 174;B01;0;7;0;2;8;1;1;
38308;202000025040;154 698 171;A01;1;7;7;0;1;1;1;
38309;202000025042;154 698 168;A01;2;7;2;0;1;1;1;
38310;202000025043;154 698 166;A01;1;7;2;0;1;13;1;