;Num_Acc;id_vehicule;num_veh;senc;catv;obs;obsm;choc;manv;motor;occutc
38311;202000025044;154 698 165;A01;1;7;8;0;1;1;1;
38312;202000025045;154 698 164;A01;2;7;13;0;2;14;1;
38313;202000025046;154 698 163;A01;1;7;0;1;3;1;1;
38314;202000025047;154 698 161;A01;1;7;0;2;2;15;1;
38315;202000025047;154 698 162;B01;2;33;0;2;2;1;1;
38316;202000025048;154 698 160;A01;2;7;0;1;8;1;1;
38317;202000025049;154 698 158;A01;1;7;0;0;5;16;1;
38318;202000025049;154 698 159;B01;1;1;0;2;1;1;5;
38319;202000025051;154 698 154;B01;2;13;0;2;3;2;1;
38320;202000025051;154 698 155;A01;1;7;0;2;1;11;0;
38321;202000025053;154 698 152;A01;1;7;13;0;0;17;1;
38322;202000025054;154 698 150;A01;2;7;0;2;2;17;1;
38323;202000025054;154 698 151;B01;2;7;0;0;6;1;1;
38324;202000025055;154 698 148;B01;1;17;0;0;6;1;1;
38325;202000025055;154 698 149;A01;1;7;0;2;2;1;2;
38326;202000025057;154 698 143;B01;1;33;0;2;4;16;1;
38327;202000025057;154 698 144;A01;1;7;0;2;2;1;1;
38328;202000025058;154 698 141;A01;1;2;0;2;0;1;1;
38329;202000025058;154 698 142;B01;1;7;0;2;2;17;1;
38330;202000025060;154 698 137;A01;1;7;0;2;1;1;0;
38331;202000025060;154 698 138;B01;2;7;0;2;3;1;0;
38332;202000025060;154 698 139;C01;2;7;0;2;1;1;0;
38333;202000025062;154 698 132;C01;2;7;0;2;5;14;1;
38334;202000025062;154 698 133;A01;2;33;0;2;1;2;1;
38335;202000025062;154 698 134;B01;2;7;0;2;1;2;1;
38336;202000025063;154 698 131;A01;1;7;6;0;1;1;1;
38337;202000025064;154 698 129;B01;2;7;6;0;1;1;1;
38338;202000025064;154 698 130;A01;0;10;0;0;0;1;0;
38339;202000025066;154 698 125;C01;2;1;0;2;1;1;5;
38340;202000025066;154 698 126;B01;2;1;0;2;1;1;5;
38341;202000025066;154 698 127;A01;1;7;0;2;2;14;1;
38342;202000025067;154 698 123;A01;2;7;0;2;3;15;1;
38343;202000025067;154 698 124;B01;2;2;0;2;2;17;1;
38344;202000025068;154 698 122;A01;1;7;15;0;1;1;1;
38345;202000025069;154 698 119;A01;3;7;2;0;2;1;1;
38346;202000025070;154 698 118;A01;1;33;3;0;8;0;0;
38347;202000025071;154 698 117;A01;1;7;0;0;2;1;1;
38348;202000025072;154 698 115;A01;1;2;0;2;3;1;1;
38349;202000025072;154 698 116;B01;2;1;0;2;3;1;5;
38350;202000025073;154 698 113;B01;1;7;0;2;2;1;1;
38351;202000025073;154 698 114;A01;2;7;0;2;2;13;1;
38352;202000025075;154 698 110;A01;3;7;0;1;1;15;1;
38353;202000025076;154 698 108;B01;1;7;0;2;6;1;1;
38354;202000025076;154 698 109;A01;1;7;0;2;2;1;1;
38355;202000025077;154 698 104;D01;2;10;0;2;1;2;1;
38356;202000025077;154 698 105;C01;2;7;0;2;4;23;1;
38357;202000025077;154 698 106;B01;2;7;0;2;4;23;1;
38358;202000025077;154 698 107;A01;2;7;0;2;4;23;1;
38359;202000025078;154 698 102;A01;2;7;0;2;1;2;1;
38360;202000025078;154 698 103;B01;2;7;0;2;4;1;1;
38361;202000025079;154 698 099;B01;1;33;0;2;1;3;1;
38362;202000025079;154 698 100;C01;1;7;0;2;7;1;1;
38363;202000025079;154 698 101;A01;1;10;0;2;6;11;1;
38364;202000025081;154 698 096;A01;1;7;0;2;1;1;1;
38365;202000025081;154 698 097;B01;1;32;0;2;4;2;1;
38366;202000025082;154 698 089;A01;1;7;0;2;1;1;1;
38367;202000025082;154 698 090;B01;1;7;0;2;2;0;1;
38368;202000025083;154 698 088;A01;1;31;0;0;8;0;1;
38369;202000025084;154 698 087;A01;1;7;12;0;1;26;1;
38370;202000025085;154 698 085;A01;1;30;0;9;0;1;0;
38371;202000025085;154 698 086;B01;3;1;0;2;8;0;5;
38372;202000025086;154 698 083;B01;1;33;0;2;7;1;1;
38373;202000025086;154 698 084;A01;1;7;0;2;8;11;1;
38374;202000025087;154 698 081;A01;1;7;0;2;1;2;1;
38375;202000025087;154 698 082;B01;1;7;0;0;4;2;1;
38376;202000025088;154 698 079;B01;1;7;0;2;0;1;1;
38377;202000025088;154 698 080;A01;1;7;0;2;2;15;1;
38378;202000025089;154 698 076;C01;1;7;0;2;5;15;1;
38379;202000025089;154 698 077;B01;1;10;0;2;4;1;1;
38380;202000025089;154 698 078;A01;1;7;0;2;1;1;1;
38381;202000025090;154 698 075;A01;2;7;8;0;1;14;1;
38382;202000025091;154 698 073;A01;1;32;0;2;8;1;1;
38383;202000025091;154 698 074;B01;3;7;0;2;8;1;1;
38384;202000025092;154 698 071;Y01;1;1;0;2;1;18;0;
38385;202000025092;154 698 072;A01;1;7;0;1;5;16;1;
38386;202000025093;154 698 070;A01;2;30;12;2;1;2;6;
38387;202000025094;154 698 068;A01;2;7;1;0;3;1;1;
38388;202000025094;154 698 069;B01;2;7;0;2;6;24;1;
38389;202000025095;154 698 066;B01;3;34;0;2;1;1;1;
38390;202000025095;154 698 067;A01;3;7;0;2;3;9;1;
38391;202000025096;154 698 064;B01;3;7;0;2;0;0;0;
38392;202000025096;154 698 065;A01;3;7;0;0;0;0;-1;
38393;202000025097;154 698 063;A01;1;7;1;1;7;17;1;
38394;202000025098;154 698 061;B01;1;33;0;2;1;1;1;
38395;202000025098;154 698 062;A01;2;7;0;2;1;15;1;
38396;202000025100;154 698 057;A01;3;1;0;2;1;19;5;
38397;202000025100;154 698 058;B01;3;7;0;2;0;0;1;
38398;202000025101;154 698 056;A01;2;7;0;1;2;1;1;
38399;202000025102;154 698 055;A01;1;7;2;0;2;14;1;
38400;202000025103;154 698 053;A01;1;31;0;2;1;2;1;
38401;202000025103;154 698 054;B01;1;7;0;2;4;1;2;
38402;202000025104;154 698 051;B01;2;2;0;2;4;15;1;
38403;202000025104;154 698 052;A01;1;7;0;2;0;9;1;
38404;202000025105;154 698 048;Z01;1;7;0;2;0;1;0;
38405;202000025105;154 698 050;B01;2;1;0;2;6;15;5;
38406;202000025106;154 698 047;B01;1;2;0;2;3;1;1;
38407;202000025106;154 698 049;A01;1;7;0;9;7;16;1;
38408;202000025107;154 698 044;A01;2;7;0;2;3;13;1;
38409;202000025107;154 698 046;B01;1;33;0;2;3;0;1;
38410;202000025109;154 698 040;A01;1;31;0;2;1;1;0;
38411;202000025109;154 698 042;B01;2;7;6;2;2;15;0;
38412;202000025112;154 698 035;B01;2;7;0;2;3;1;1;
38413;202000025112;154 698 036;A01;1;7;0;2;1;15;1;
38414;202000025113;154 698 032;B01;0;33;0;2;1;1;1;
38415;202000025113;154 698 034;A01;0;7;0;2;1;15;1;
38416;202000025114;154 698 031;A01;2;7;0;2;3;16;1;
38417;202000025114;154 698 033;B01;2;7;0;2;2;1;1;
38418;202000025115;154 698 029;B01;1;32;0;2;1;1;1;
38419;202000025115;154 698 030;A01;1;3;0;2;4;23;1;
38420;202000025116;154 698 027;B01;2;31;0;2;1;26;1;
38421;202000025116;154 698 028;A01;1;7;0;2;2;15;1;
38422;202000025117;154 698 023;B01;1;7;14;0;1;13;1;
38423;202000025117;154 698 025;C01;1;38;0;2;2;21;1;1.0
38424;202000025117;154 698 026;A01;1;7;14;0;4;23;1;
38425;202000025118;154 698 022;A01;1;7;0;2;8;2;1;
38426;202000025118;154 698 024;B01;1;31;0;2;0;2;1;
38427;202000025119;154 698 021;A01;1;7;0;1;2;16;1;
38428;202000025120;154 698 017;C01;1;7;0;2;4;2;1;
38429;202000025120;154 698 018;D01;1;7;0;2;4;2;1;
38430;202000025120;154 698 019;A01;1;7;0;2;2;2;1;
38431;202000025120;154 698 020;B01;1;2;0;2;4;2;1;
38432;202000025121;154 698 015;A01;1;1;0;2;3;11;5;
38433;202000025121;154 698 016;B01;1;7;0;2;0;0;1;
38434;202000025123;154 698 010;A01;1;7;6;0;3;13;1;
38435;202000025124;154 698 009;A01;1;33;0;2;1;1;1;
38436;202000025124;154 698 012;B01;1;7;0;2;4;1;1;
38437;202000025126;154 698 005;B01;3;7;0;2;3;19;0;
38438;202000025126;154 698 008;A01;1;7;0;2;2;1;0;
38439;202000025127;154 698 003;A01;3;7;0;2;2;15;1;
38440;202000025127;154 698 006;B01;3;33;0;2;2;1;1;
38441;202000025128;154 697 999;B01;3;7;0;2;3;1;1;
38442;202000025128;154 698 001;A01;3;7;0;2;1;9;1;
38443;202000025129;154 697 998;A01;2;7;0;9;3;1;1;
38444;202000025129;154 698 002;B01;1;1;0;2;1;11;5;
38445;202000025131;154 697 995;A01;1;33;7;0;1;1;1;
38446;202000025132;154 697 993;A01;0;7;14;0;1;26;1;
38447;202000025133;154 697 994;B01;2;7;0;2;1;1;1;
38448;202000025133;154 697 996;A01;2;7;0;2;8;10;1;
38449;202000025134;154 697 991;A01;3;20;0;1;1;19;0;
38450;202000025135;154 697 992;A01;1;10;6;0;1;13;1;
38451;202000025136;154 697 990;A01;2;10;0;1;3;15;0;
38452;202000025137;154 697 989;A01;1;7;2;0;2;14;1;
38453;202000025138;154 697 987;B01;2;33;0;2;1;1;1;
38454;202000025138;154 697 988;A01;1;7;0;2;2;15;1;
38455;202000025139;154 697 986;A01;1;7;0;1;1;15;1;
38456;202000025141;154 697 981;B01;2;1;0;2;4;1;5;
38457;202000025141;154 697 984;A01;2;7;0;2;1;14;1;
38458;202000025142;154 697 980;A01;2;7;0;2;0;15;1;
38459;202000025142;154 697 982;B01;1;33;16;2;0;1;1;
38460;202000025143;154 697 979;A01;2;7;0;2;2;19;1;
38461;202000025143;154 697 983;B01;1;2;0;2;8;1;1;
38462;202000025145;154 697 974;A01;1;10;0;1;1;17;0;
38463;202000025146;154 697 973;C01;1;7;0;2;4;2;1;
38464;202000025146;154 697 976;A01;1;7;0;2;1;2;1;
38465;202000025146;154 697 977;B01;1;7;0;2;4;2;1;
38466;202000025147;154 697 975;A01;3;2;7;0;1;11;1;
38467;202000025148;154 697 971;A01;2;7;0;1;2;26;1;
38468;202000025149;154 697 970;A01;1;7;8;0;1;14;1;
38469;202000025149;154 697 972;B01;2;7;0;9;1;1;1;
38470;202000025151;154 697 968;A01;1;7;15;0;2;0;1;
38471;202000025152;154 697 966;B01;2;21;0;2;3;15;1;
38472;202000025152;154 697 969;A01;2;33;0;2;2;17;1;
38473;202000025153;154 697 964;B01;1;3;0;0;6;15;1;
38474;202000025153;154 697 965;A01;1;33;0;2;1;1;1;
38475;202000025154;154 697 963;A01;1;33;0;0;8;1;1;
38476;202000025155;154 697 962;A01;0;7;0;1;1;9;0;
38477;202000025156;154 697 960;B01;1;7;0;0;3;20;1;
38478;202000025156;154 697 961;A01;1;33;1;2;1;17;1;
38479;202000025159;154 697 950;B01;1;7;0;2;1;2;1;
38480;202000025159;154 697 953;A01;1;1;0;2;4;1;5;
38481;202000025161;154 697 949;A01;2;31;0;2;1;1;1;
38482;202000025161;154 697 951;B01;2;10;0;0;4;1;1;
38483;202000025162;154 697 944;D01;2;7;1;2;1;0;4;
38484;202000025162;154 697 946;A01;2;7;0;2;1;2;1;
38485;202000025162;154 697 948;C01;1;7;1;2;1;0;1;
38486;202000025163;154 697 943;C01;2;10;0;0;2;1;1;
38487;202000025163;154 697 945;B01;1;7;0;2;5;16;1;
38488;202000025163;154 697 947;A01;1;7;0;2;3;2;1;
38489;202000025164;154 697 939;A01;2;7;0;4;1;1;1;
38490;202000025164;154 697 941;B01;1;1;0;2;7;19;5;
38491;202000025165;154 697 938;A01;0;7;0;2;1;2;1;
38492;202000025165;154 697 940;B01;0;33;0;2;4;2;1;
38493;202000025165;154 697 942;C01;0;7;0;2;4;2;1;
38494;202000025166;154 697 937;A01;3;7;0;0;8;1;1;
38495;202000025167;154 697 936;Z01;0;7;0;1;1;1;1;
38496;202000025168;154 697 934;A01;0;43;0;1;4;1;1;
38497;202000025169;154 697 931;B01;2;1;0;2;1;2;5;
38498;202000025169;154 697 935;A01;2;7;0;9;5;2;1;
38499;202000025170;154 697 932;A01;2;7;0;2;3;13;1;
38500;202000025170;154 697 933;B01;1;7;0;2;9;1;1;
38501;202000025172;154 697 928;A01;1;7;0;9;3;15;1;
38502;202000025172;154 697 929;B01;1;1;0;2;8;1;5;
38503;202000025173;154 697 927;A01;1;10;13;0;2;0;1;
38504;202000025174;154 697 925;A01;2;10;0;1;3;1;1;
38505;202000025175;154 697 922;C01;3;7;-1;1;1;1;-1;
38506;202000025176;154 697 921;A01;3;7;0;1;2;1;1;
38507;202000025177;154 697 919;B01;0;1;0;2;7;15;0;
38508;202000025177;154 697 920;A01;3;7;0;2;3;26;1;
38509;202000025178;154 697 924;B01;1;32;0;2;8;1;1;
38510;202000025178;154 697 926;A01;1;10;0;2;1;10;1;
38511;202000025180;154 697 916;A01;1;43;0;2;8;15;1;
38512;202000025180;154 697 917;Z01;1;7;0;2;2;17;0;
38513;202000025181;154 697 914;A01;1;7;0;2;1;1;1;
38514;202000025181;154 697 915;B01;1;14;0;2;4;23;1;
38515;202000025183;154 697 911;A01;1;1;0;2;8;19;5;
38516;202000025183;154 697 912;Z01;1;7;0;2;1;0;0;
38517;202000025184;154 697 909;A01;1;10;0;1;7;17;1;
38518;202000025185;154 697 908;A01;3;1;0;0;0;1;5;
38519;202000025186;154 697 905;Z01;2;7;0;0;0;0;0;
38520;202000025186;154 697 906;A01;2;7;0;2;7;2;1;
38521;202000025186;154 697 907;B01;2;7;0;2;8;1;1;
38522;202000025187;154 697 904;A01;1;7;0;1;2;16;1;
38523;202000025188;154 697 910;Z01;1;30;0;1;1;16;0;
38524;202000025189;154 697 923;A01;1;33;0;0;0;1;1;
38525;202000025190;154 697 903;A01;3;2;0;0;0;26;1;
38526;202000025191;154 697 899;A01;2;1;0;2;1;1;5;
38527;202000025191;154 697 902;Z01;2;30;0;2;1;1;0;
38528;202000025192;154 697 898;A01;2;7;0;1;1;1;1;
38529;202000025194;154 697 897;A01;1;50;0;0;0;25;3;
38530;202000025195;154 697 893;B01;2;7;0;2;3;1;1;
38531;202000025195;154 697 895;A01;1;7;0;2;1;1;1;
38532;202000025196;154 697 890;A01;1;7;0;2;2;15;1;
38533;202000025196;154 697 891;B01;2;31;0;2;1;1;1;
38534;202000025197;154 697 888;B01;1;7;0;0;6;26;1;
38535;202000025197;154 697 896;A01;1;7;0;0;1;26;1;
38536;202000025198;154 697 887;A01;2;7;0;2;1;9;0;
38537;202000025198;154 697 889;B01;1;1;0;2;7;1;0;
38538;202000025199;154 697 883;A01;1;3;2;9;1;2;6;
38539;202000025200;154 697 885;A01;2;30;0;9;1;1;0;
38540;202000025200;154 697 886;B01;2;1;0;2;4;14;5;
38541;202000025201;154 697 882;B01;2;7;0;2;4;1;1;
38542;202000025201;154 697 884;A01;2;7;0;2;1;1;1;
38543;202000025202;154 697 880;B01;1;1;0;2;7;5;6;
38544;202000025202;154 697 881;A01;1;7;0;9;2;1;0;
38545;202000025204;154 697 875;A01;1;7;8;0;3;13;1;
38546;202000025205;154 697 878;A01;2;7;14;0;2;14;1;
38547;202000025206;154 697 873;B01;0;7;0;2;3;1;1;
38548;202000025206;154 697 874;A01;0;7;0;2;1;15;1;
38549;202000025207;154 697 871;A01;1;7;9;0;1;17;1;
38550;202000025208;154 697 869;A01;2;7;0;1;2;16;1;
38551;202000025209;154 697 866;B01;2;1;0;2;1;1;5;
38552;202000025209;154 697 868;A01;2;7;0;2;2;16;1;
38553;202000025210;154 697 865;A01;1;7;0;2;7;17;1;
38554;202000025210;154 697 867;B01;1;1;0;2;8;2;0;
38555;202000025211;154 697 863;A01;3;7;0;9;3;1;1;
38556;202000025211;154 697 864;B01;0;1;0;2;1;5;5;
38557;202000025212;154 697 861;B01;1;7;0;2;5;1;1;
38558;202000025212;154 697 862;A01;1;30;0;2;1;1;1;
38559;202000025213;154 697 858;A01;1;7;0;2;2;15;1;
38560;202000025213;154 697 859;B01;2;7;0;2;3;1;1;
38561;202000025214;154 697 860;A01;1;7;0;1;2;1;0;
38562;202000025215;154 697 856;B01;2;7;0;2;2;1;1;
38563;202000025215;154 697 857;A01;3;7;0;2;1;26;1;
38564;202000025216;154 697 854;A01;3;7;13;0;3;1;1;
38565;202000025217;154 697 853;A01;2;7;8;0;2;1;1;
38566;202000025218;154 697 852;A01;0;7;0;1;0;26;0;
38567;202000025219;154 697 851;A01;2;7;0;2;3;1;1;
38568;202000025219;154 697 855;B01;1;33;0;2;1;1;1;
38569;202000025220;154 697 847;B01;2;7;0;1;1;21;1;
38570;202000025220;154 697 850;A01;2;7;3;0;1;1;1;
38571;202000025221;154 697 848;A01;0;7;0;2;2;1;0;
38572;202000025221;154 697 849;B01;2;2;0;2;1;1;0;
38573;202000025222;154 697 844;B01;0;7;0;2;1;15;0;
38574;202000025222;154 697 845;A01;1;7;0;2;1;1;0;
38575;202000025223;154 697 846;A01;1;7;13;0;9;1;1;
38576;202000025224;154 697 842;A01;1;33;0;2;1;17;1;
38577;202000025224;154 697 843;B01;2;7;0;2;3;15;1;
38578;202000025225;154 697 838;B01;2;7;0;2;2;21;1;
38579;202000025225;154 697 840;A01;2;7;0;2;3;10;0;
38580;202000025226;154 697 837;B01;2;33;2;0;1;1;1;
38581;202000025226;154 697 839;C01;1;10;0;2;1;1;1;
38582;202000025226;154 697 841;A01;2;33;0;2;1;13;1;
38583;202000025227;154 697 832;B01;0;7;0;2;3;19;1;
38584;202000025227;154 697 836;A01;1;30;0;2;1;26;1;
38585;202000025228;154 697 833;A01;1;33;0;2;1;1;0;
38586;202000025228;154 697 835;B01;1;7;0;0;4;15;0;
38587;202000025229;154 697 830;B01;2;10;0;2;3;1;1;
38588;202000025229;154 697 831;A01;1;1;0;2;1;5;5;
38589;202000025230;154 697 829;A01;2;33;6;0;9;15;1;
38590;202000025231;154 697 826;B01;1;33;12;0;8;1;1;
38591;202000025231;154 697 828;A01;1;10;0;0;1;19;1;
38592;202000025232;154 697 823;A01;2;7;6;2;3;17;1;
38593;202000025232;154 697 827;B01;1;7;6;2;2;16;1;
38594;202000025233;154 697 822;A01;1;7;2;0;2;13;1;
38595;202000025234;154 697 820;B01;2;2;0;2;1;1;1;
38596;202000025234;154 697 821;A01;1;7;0;2;1;15;1;
38597;202000025235;154 697 824;B01;2;2;0;2;1;1;1;
38598;202000025235;154 697 825;A01;1;7;0;2;2;13;1;
38599;202000025236;154 697 819;A01;2;10;0;1;2;1;1;
38600;202000025237;154 697 814;A01;3;7;0;2;3;13;1;
38601;202000025237;154 697 815;B01;3;7;0;2;3;1;1;
38602;202000025238;154 697 812;C01;2;7;0;2;5;1;1;
38603;202000025238;154 697 816;A01;2;1;13;0;4;1;5;
38604;202000025238;154 697 818;B01;2;1;0;0;0;1;5;
38605;202000025239;154 697 811;A01;1;7;0;2;7;15;1;
38606;202000025239;154 697 817;B01;2;2;0;2;5;1;1;
38607;202000025240;154 697 810;B01;3;7;0;2;2;1;1;
38608;202000025240;154 697 813;A01;3;7;0;2;7;1;0;
38609;202000025241;154 697 807;A01;1;7;3;0;7;13;1;
38610;202000025242;154 697 805;B01;2;33;0;2;1;1;1;
38611;202000025242;154 697 806;A01;2;7;0;2;7;9;1;
38612;202000025243;154 697 809;A01;3;36;0;0;0;1;1;
38613;202000025244;154 697 808;A01;1;7;2;0;0;1;1;
38614;202000025247;154 697 795;B01;2;10;0;2;1;1;1;
38615;202000025247;154 697 797;A01;2;7;0;2;1;1;1;
38616;202000025248;154 697 796;A01;1;50;0;2;2;1;3;
38617;202000025248;154 697 798;Z01;1;7;0;2;5;14;0;
38618;202000025249;154 697 792;A01;2;7;0;2;1;17;0;
38619;202000025249;154 697 794;B01;2;35;0;0;4;15;1;
38620;202000025250;154 697 791;A01;2;10;0;2;3;13;1;
38621;202000025250;154 697 793;B01;1;32;0;2;6;1;1;
38622;202000025251;154 697 790;A01;2;7;8;0;1;1;1;
38623;202000025252;154 697 788;B01;2;43;0;2;1;1;1;
38624;202000025252;154 697 789;A01;2;30;0;2;8;10;1;
38625;202000025253;154 697 787;A01;1;7;2;0;1;14;1;
38626;202000025254;154 697 783;A01;1;10;0;2;2;16;1;
38627;202000025254;154 697 784;B01;2;1;0;2;1;1;5;
38628;202000025255;154 697 782;Z01;3;1;0;1;0;25;5;
38629;202000025256;154 697 781;A01;1;43;0;1;1;1;1;
38630;202000025257;154 697 785;A01;1;7;2;0;1;0;0;
38631;202000025258;154 697 801;A01;1;7;0;2;3;1;1;
38632;202000025258;154 697 803;B01;2;2;0;2;3;1;1;
38633;202000025259;154 697 780;A01;1;43;0;1;1;17;1;
38634;202000025260;154 697 777;A01;1;43;0;2;1;1;1;
38635;202000025260;154 697 778;B01;1;33;0;2;3;20;1;
38636;202000025261;154 697 776;A01;3;1;0;1;1;1;5;
38637;202000025262;154 697 775;A01;3;1;0;0;1;1;5;
38638;202000025263;154 697 771;A01;2;7;0;0;9;21;1;
38639;202000025264;154 697 772;B01;1;33;0;2;1;1;1;
38640;202000025264;154 697 774;A01;1;7;0;2;4;15;1;
38641;202000025265;154 697 769;B01;2;15;0;0;4;1;1;
38642;202000025265;154 697 770;A01;2;7;0;2;1;0;1;
38643;202000025266;154 697 773;B01;1;7;0;0;1;17;1;
38644;202000025266;154 697 779;A01;2;7;0;0;8;15;1;
38645;202000025267;154 697 766;A01;3;7;0;2;7;1;1;
38646;202000025267;154 697 768;B01;3;1;0;2;0;0;5;
38647;202000025268;154 697 764;A01;1;10;8;0;2;1;1;
38648;202000025269;154 697 761;B01;3;2;0;2;9;9;1;
38649;202000025269;154 697 762;A01;1;7;0;2;2;1;1;
38650;202000025270;154 697 759;A01;2;7;0;2;4;2;1;
38651;202000025270;154 697 760;B01;2;2;0;2;1;2;1;
38652;202000025271;154 697 763;B01;3;37;12;2;3;1;2;3.0
38653;202000025271;154 697 765;A01;3;15;0;2;2;1;1;
38654;202000025272;154 697 757;A01;2;7;0;2;3;15;1;
38655;202000025272;154 697 758;B01;1;33;0;2;8;1;1;
38656;202000025273;154 697 755;A01;1;7;0;9;7;10;0;
38657;202000025273;154 697 756;B01;1;1;0;2;1;1;0;
38658;202000025274;154 697 752;A01;3;32;0;2;1;11;1;
38659;202000025274;154 697 753;B01;3;7;0;2;3;1;1;
38660;202000025275;154 697 767;A01;2;7;3;0;2;21;1;
38661;202000025276;154 697 754;A01;3;7;2;0;1;1;1;
38662;202000025277;154 697 751;A01;0;7;0;1;1;16;0;
38663;202000025278;154 697 743;D01;1;10;0;2;4;1;6;
38664;202000025278;154 697 744;C01;1;10;0;2;9;1;6;
38665;202000025278;154 697 745;B01;1;10;0;2;9;1;6;
38666;202000025278;154 697 746;A01;1;7;0;2;1;1;1;
38667;202000025279;154 697 742;A01;2;13;0;1;1;26;0;
38668;202000025280;154 697 740;A01;1;7;0;2;3;1;1;
38669;202000025280;154 697 741;B01;2;32;0;2;1;15;1;
38670;202000025281;154 697 738;A01;2;31;0;2;1;1;1;
38671;202000025281;154 697 739;B01;2;10;0;2;6;12;1;
38672;202000025282;154 697 736;A01;2;10;0;2;0;2;0;
38673;202000025282;154 697 737;B01;2;10;0;2;4;1;1;
38674;202000025283;154 697 734;A01;3;7;4;0;1;0;1;
38675;202000025283;154 697 735;B01;1;7;4;0;6;15;1;
38676;202000025284;154 697 732;A01;0;7;0;2;3;26;2;
38677;202000025284;154 697 733;B01;0;33;0;2;1;1;1;
38678;202000025285;154 697 727;B01;2;7;0;2;4;1;1;
38679;202000025285;154 697 731;A01;2;7;0;2;1;1;0;
38680;202000025286;154 697 728;A01;1;15;3;0;9;1;1;
38681;202000025287;154 697 729;B01;1;10;0;0;5;15;1;
38682;202000025287;154 697 730;A01;2;2;0;2;7;1;1;
38683;202000025288;154 697 725;B01;1;1;0;2;1;11;5;
38684;202000025288;154 697 726;A01;1;14;0;2;1;1;0;
38685;202000025289;154 697 722;A01;3;7;2;0;1;1;1;
38686;202000025290;154 697 721;A01;1;33;3;0;7;15;1;
38687;202000025291;154 697 720;B01;1;7;6;2;1;21;1;
38688;202000025291;154 697 723;A01;2;7;0;2;8;15;1;
38689;202000025292;154 697 717;A01;1;7;0;2;3;9;1;
38690;202000025292;154 697 719;B01;2;80;0;2;2;1;3;
38691;202000025293;154 697 716;A01;2;7;0;2;1;13;1;
38692;202000025293;154 697 718;B01;1;7;0;2;3;0;1;
38693;202000025294;154 697 724;A01;1;31;3;0;1;2;1;
38694;202000025295;154 697 713;B01;3;7;0;0;6;1;1;
38695;202000025295;154 697 715;A01;3;1;15;2;0;5;5;
38696;202000025296;154 697 712;B01;1;15;0;2;3;1;1;
38697;202000025296;154 697 714;A01;2;7;0;2;3;13;1;
38698;202000025297;154 697 711;A01;3;7;6;0;1;0;1;
38699;202000025298;154 697 710;A01;2;7;0;6;1;1;1;
38700;202000025299;154 697 706;A01;3;7;0;2;3;15;0;
38701;202000025299;154 697 708;B01;3;30;0;2;1;1;0;
38702;202000025301;154 697 703;A01;2;7;4;0;1;1;1;
38703;202000025303;154 697 701;A01;1;31;0;0;0;2;1;
38704;202000025305;154 697 697;A01;1;7;0;2;3;1;1;
38705;202000025305;154 697 699;B01;1;33;0;2;2;1;1;
38706;202000025307;154 697 693;A01;1;31;0;2;7;26;1;
38707;202000025307;154 697 695;B01;1;2;0;2;7;26;1;
38708;202000025308;154 697 691;A01;3;7;0;0;6;15;0;
38709;202000025308;154 697 692;B01;3;2;0;2;2;2;1;
38710;202000025309;154 697 689;B01;1;7;0;2;3;1;1;
38711;202000025309;154 697 690;A01;2;7;0;2;3;5;1;
38712;202000025310;154 697 687;A01;1;7;0;2;1;16;1;
38713;202000025310;154 697 688;B01;1;1;0;2;4;16;0;
38714;202000025311;154 697 686;A01;0;7;15;0;3;0;1;
38715;202000025312;154 697 682;B01;0;7;0;0;4;0;1;
38716;202000025312;154 697 685;A01;1;7;0;2;1;26;1;
38717;202000025313;154 697 683;B01;2;3;0;0;4;15;1;
38718;202000025313;154 697 684;A01;2;7;0;2;1;1;1;
38719;202000025314;154 697 681;A01;2;7;0;1;1;26;1;
38720;202000025315;154 697 678;A01;1;7;0;2;4;1;1;
38721;202000025315;154 697 679;B01;1;7;0;2;6;1;1;
38722;202000025315;154 697 680;C01;1;7;4;2;1;0;1;
38723;202000025316;154 697 675;A01;1;7;0;2;8;19;1;
38724;202000025316;154 697 677;B01;2;33;0;2;1;1;1;
38725;202000025317;154 697 674;A01;1;7;0;2;4;2;1;
38726;202000025317;154 697 676;Z01;1;10;0;2;1;2;1;
38727;202000025318;154 697 669;A01;1;10;0;2;1;11;1;
38728;202000025318;154 697 671;B01;1;7;0;2;6;1;1;
38729;202000025318;154 697 672;C01;1;7;0;2;8;2;1;
38730;202000025318;154 697 673;D01;1;7;0;2;5;1;1;
38731;202000025319;154 697 668;A01;2;7;0;2;1;2;1;
38732;202000025319;154 697 670;B01;2;7;0;2;4;2;1;
38733;202000025320;154 697 666;B01;2;1;0;2;4;1;5;
38734;202000025320;154 697 667;A01;2;7;0;2;1;14;1;
38735;202000025321;154 697 665;B01;3;30;0;1;1;26;1;
38736;202000025322;154 697 664;A01;1;7;0;1;7;9;1;
38737;202000025323;154 697 661;A01;-1;31;0;2;2;9;1;
38738;202000025323;154 697 662;B01;1;7;0;2;6;1;1;
38739;202000025324;154 697 660;A01;1;7;0;1;4;4;1;
38740;202000025325;154 697 657;A01;3;7;0;2;1;13;1;
38741;202000025325;154 697 659;B01;3;7;0;2;2;1;1;
38742;202000025326;154 697 653;A01;2;2;0;2;2;17;1;
38743;202000025326;154 697 655;B01;2;10;0;2;3;15;1;