;Num_Acc;id_vehicule;num_veh;senc;catv;obs;obsm;choc;manv;motor;occutc
38744;202000025327;154 697 650;B01;2;50;1;2;1;1;3;
38745;202000025327;154 697 652;A01;2;7;1;9;3;1;1;
38746;202000025328;154 697 649;A01;3;7;0;2;1;26;1;
38747;202000025328;154 697 651;B01;3;2;14;2;7;26;0;
38748;202000025329;154 697 647;A01;1;10;0;1;0;1;1;
38749;202000025330;154 697 646;A01;3;7;0;2;8;15;1;
38750;202000025330;154 697 648;B01;3;31;0;2;1;26;1;
38751;202000025331;154 697 644;B01;1;7;0;2;1;1;0;
38752;202000025331;154 697 645;A01;2;7;0;2;4;1;0;
38753;202000025332;154 697 640;B01;1;7;0;2;7;14;1;
38754;202000025332;154 697 641;A01;1;30;0;2;8;3;1;
38755;202000025334;154 697 637;A01;1;50;0;2;1;26;3;
38756;202000025334;154 697 638;B01;1;7;0;2;3;1;1;
38757;202000025335;154 697 636;A01;2;7;0;9;8;24;1;
38758;202000025335;154 697 643;B01;2;1;1;9;1;1;0;
38759;202000025336;154 697 634;A01;2;50;0;1;1;18;3;
38760;202000025337;154 697 633;A01;3;33;0;2;1;17;1;
38761;202000025337;154 697 635;B01;3;7;0;2;3;15;1;
38762;202000025338;154 697 632;A01;1;7;4;0;9;14;1;
38763;202000025339;154 697 630;B01;0;7;0;2;1;1;1;
38764;202000025339;154 697 631;A01;0;7;0;2;7;1;1;
38765;202000025340;154 697 628;B01;1;7;0;2;0;0;1;
38766;202000025340;154 697 629;A01;1;32;14;2;7;12;1;
38767;202000025341;154 697 626;B01;0;1;0;2;1;1;0;
38768;202000025341;154 697 627;A01;0;7;0;2;6;9;1;
38769;202000025344;154 697 622;B01;1;7;0;2;1;13;1;
38770;202000025344;154 697 623;A01;1;7;0;2;1;21;1;
38771;202000025345;154 697 620;A01;1;7;0;2;8;9;1;
38772;202000025345;154 697 621;B01;1;80;0;2;1;1;3;
38773;202000025346;154 697 618;A01;1;7;0;2;6;15;1;
38774;202000025346;154 697 619;B01;1;2;0;2;7;1;1;
38775;202000025347;154 697 616;A01;1;7;6;0;2;26;1;
38776;202000025348;154 697 614;A01;3;2;0;2;1;17;1;
38777;202000025348;154 697 615;B01;3;7;0;2;3;15;1;
38778;202000025349;154 697 611;A01;1;1;0;2;1;19;5;
38779;202000025349;154 697 612;B01;2;7;0;2;2;1;3;
38780;202000025350;154 697 613;A01;0;7;0;1;8;26;1;
38781;202000025351;154 697 609;B01;1;31;0;2;1;0;1;
38782;202000025351;154 697 610;A01;1;7;0;2;1;0;1;
38783;202000025353;154 697 607;A01;1;7;8;0;7;14;1;
38784;202000025354;154 697 605;B01;1;2;0;2;1;17;1;
38785;202000025354;154 697 606;A01;1;10;0;2;3;10;1;
38786;202000025355;154 697 603;A01;1;7;0;2;3;15;1;
38787;202000025355;154 697 604;B01;2;2;0;2;1;1;0;
38788;202000025356;154 697 601;B01;1;1;0;2;6;2;5;
38789;202000025356;154 697 602;A01;1;7;0;2;3;13;1;
38790;202000025357;154 697 599;A01;1;7;0;1;1;17;1;
38791;202000025358;154 697 598;B01;1;7;0;2;3;1;1;
38792;202000025358;154 697 600;A01;2;7;0;2;3;15;1;
38793;202000025359;154 697 596;B01;2;7;0;2;2;1;1;
38794;202000025359;154 697 597;A01;1;30;0;2;1;1;1;
38795;202000025360;154 697 595;A01;1;99;0;1;6;16;0;
38796;202000025361;154 697 594;A01;1;7;0;1;1;1;1;
38797;202000025362;154 697 592;A01;1;7;0;2;1;1;1;
38798;202000025362;154 697 593;B01;1;7;0;2;4;1;1;
38799;202000025363;154 697 590;A01;1;7;0;2;3;20;1;
38800;202000025363;154 697 591;B01;1;2;0;2;1;1;1;
38801;202000025364;154 697 586;A01;1;7;0;2;2;1;1;
38802;202000025364;154 697 587;B01;1;7;0;2;3;1;0;
38803;202000025366;154 697 584;A01;1;10;0;1;3;1;1;
38804;202000025368;154 697 581;A01;2;50;0;2;4;19;3;
38805;202000025368;154 697 583;B01;2;7;0;2;7;1;1;
38806;202000025369;154 697 577;A01;3;30;0;2;3;9;1;
38807;202000025369;154 697 579;B01;3;7;0;2;3;1;1;
38808;202000025370;154 697 575;B01;0;1;0;2;0;0;0;
38809;202000025370;154 697 576;A01;0;7;0;2;7;16;1;
38810;202000025371;154 697 578;B01;3;7;0;0;0;16;1;
38811;202000025371;154 697 580;A01;3;30;0;2;0;16;1;
38812;202000025372;154 697 573;A01;2;33;12;0;8;13;1;
38813;202000025373;154 697 574;A01;1;1;1;0;1;14;5;
38814;202000025374;154 697 571;B01;1;33;0;2;1;1;1;
38815;202000025374;154 697 572;A01;1;7;0;2;2;26;1;
38816;202000025375;154 697 569;B01;1;7;0;2;1;0;1;
38817;202000025375;154 697 570;A01;1;3;0;2;1;5;1;
38818;202000025376;154 697 568;A01;1;7;0;1;7;1;1;
38819;202000025377;154 697 566;B01;1;7;0;9;3;26;1;
38820;202000025377;154 697 567;A01;2;1;0;2;1;5;5;
38821;202000025379;154 697 561;B01;1;10;0;2;4;1;1;
38822;202000025379;154 697 563;A01;1;10;0;2;1;2;1;
38823;202000025380;154 697 560;A01;0;7;0;2;2;2;1;
38824;202000025380;154 697 562;B01;0;2;0;2;4;1;1;
38825;202000025381;154 697 557;A01;1;7;0;1;1;1;1;
38826;202000025382;154 697 558;B01;3;7;0;2;4;2;1;
38827;202000025382;154 697 559;A01;3;7;0;2;1;1;1;
38828;202000025383;154 697 553;B01;3;1;0;2;1;1;5;
38829;202000025383;154 697 555;A01;3;7;0;2;1;16;1;
38830;202000025384;154 697 552;A01;0;7;0;1;1;9;1;
38831;202000025385;154 697 549;B01;3;1;0;2;1;1;5;
38832;202000025385;154 697 550;A01;3;31;0;2;1;1;1;
38833;202000025386;154 697 548;B01;3;7;0;2;1;1;1;
38834;202000025386;154 697 551;A01;3;1;0;2;1;2;5;
38835;202000025387;154 697 546;B01;1;7;0;2;0;0;1;
38836;202000025387;154 697 547;A01;1;7;0;2;0;1;1;
38837;202000025388;154 697 545;A01;1;7;0;1;1;1;4;
38838;202000025389;154 697 542;B01;3;1;0;2;3;15;5;
38839;202000025389;154 697 543;A01;3;7;0;2;2;17;1;
38840;202000025390;154 697 544;A01;2;34;6;0;1;2;1;
38841;202000025391;154 697 540;B01;0;33;0;2;8;15;1;
38842;202000025391;154 697 541;A01;0;7;0;2;2;1;1;
38843;202000025392;154 697 539;Z01;3;0;0;1;0;0;0;
38844;202000025393;154 697 537;A01;3;7;0;2;2;17;1;
38845;202000025393;154 697 538;B01;3;30;0;2;3;11;1;
38846;202000025394;154 697 536;A01;2;33;0;1;1;8;0;
38847;202000025395;154 697 533;A01;1;7;0;1;1;1;1;
38848;202000025396;154 697 531;B01;3;7;0;2;4;23;1;
38849;202000025396;154 697 532;A01;3;7;0;2;1;1;1;
38850;202000025397;154 697 529;A01;2;7;0;2;1;1;1;
38851;202000025397;154 697 530;B01;2;7;0;2;6;9;1;
38852;202000025398;154 697 534;A01;0;7;0;2;2;26;1;
38853;202000025398;154 697 535;B01;0;7;0;2;1;26;1;
38854;202000025399;154 697 526;A01;2;7;1;0;9;14;1;
38855;202000025400;154 697 527;B01;3;1;0;2;8;1;5;
38856;202000025400;154 697 528;A01;0;7;0;9;0;15;1;
38857;202000025401;154 697 523;B01;1;7;0;2;1;1;1;
38858;202000025401;154 697 525;A01;2;7;0;2;2;15;1;
38859;202000025402;154 697 518;B01;2;31;0;2;3;1;1;
38860;202000025402;154 697 519;A01;1;7;0;2;0;1;1;
38861;202000025403;154 697 520;B01;1;2;0;2;1;15;1;
38862;202000025403;154 697 521;A01;1;7;0;2;3;2;1;
38863;202000025404;154 697 516;A01;2;7;1;1;2;14;1;
38864;202000025405;154 697 515;B01;3;2;0;2;1;1;1;
38865;202000025405;154 697 517;A01;3;7;0;2;1;1;1;
38866;202000025406;154 697 512;A01;2;32;0;2;1;2;1;
38867;202000025406;154 697 514;B01;2;10;0;2;4;2;1;
38868;202000025407;154 697 511;B01;3;1;0;4;1;1;5;
38869;202000025407;154 697 513;A01;3;40;0;2;1;1;3;
38870;202000025408;154 697 508;A01;2;33;0;2;2;1;1;
38871;202000025408;154 697 510;B01;2;7;0;2;6;11;2;
38872;202000025409;154 697 507;B01;0;1;0;2;9;1;5;
38873;202000025409;154 697 509;A01;0;10;0;2;1;9;1;
38874;202000025410;154 697 505;A01;3;7;2;0;3;13;1;
38875;202000025412;154 697 503;A01;2;7;0;1;8;16;1;
38876;202000025413;154 697 502;A01;2;30;0;1;1;5;1;
38877;202000025414;154 697 499;B01;1;33;0;2;1;23;1;
38878;202000025414;154 697 501;A01;1;10;0;2;6;4;1;
38879;202000025415;154 697 498;A01;0;7;0;1;1;1;1;
38880;202000025416;154 697 496;B01;1;7;0;2;1;1;1;
38881;202000025416;154 697 497;A01;1;7;0;2;4;13;1;
38882;202000025417;154 697 494;A01;1;7;14;1;7;1;1;
38883;202000025417;154 697 495;B01;1;7;0;2;8;22;1;
38884;202000025418;154 697 491;B01;3;30;0;2;1;1;1;
38885;202000025418;154 697 493;A01;3;10;0;2;3;5;1;
38886;202000025419;154 697 492;A01;1;30;0;1;8;17;1;
38887;202000025420;154 697 489;B01;0;7;0;2;1;1;1;
38888;202000025420;154 697 490;A01;0;7;0;2;1;5;1;
38889;202000025421;154 697 487;A01;3;7;3;1;1;1;1;
38890;202000025422;154 697 484;B01;1;10;0;2;1;1;1;
38891;202000025422;154 697 485;A01;1;10;0;2;8;7;1;
38892;202000025423;154 697 486;A01;1;1;0;2;1;5;5;
38893;202000025423;154 697 488;B01;1;7;0;2;3;15;1;
38894;202000025424;154 697 482;Z01;2;32;0;1;1;1;1;
38895;202000025425;154 697 481;B01;1;99;1;2;3;13;0;
38896;202000025425;154 697 483;A01;1;99;0;2;1;20;0;
38897;202000025426;154 697 478;A01;1;7;13;0;1;13;1;
38898;202000025427;154 697 479;Z01;2;37;0;2;0;18;1;0.0
38899;202000025427;154 697 480;A01;2;50;0;2;7;1;3;
38900;202000025428;154 697 474;B01;2;1;0;2;1;1;5;
38901;202000025428;154 697 477;A01;1;7;0;2;6;1;1;
38902;202000025429;154 697 475;B01;1;7;0;2;8;15;1;
38903;202000025429;154 697 476;A01;1;33;0;2;1;17;1;
38904;202000025430;154 697 470;A01;1;30;0;2;1;2;1;
38905;202000025430;154 697 471;B01;1;7;0;2;6;2;1;
38906;202000025431;154 697 469;B01;1;33;0;0;4;23;1;
38907;202000025431;154 697 472;A01;1;7;0;2;1;1;1;
38908;202000025432;154 697 468;A01;2;1;0;2;8;7;5;
38909;202000025432;154 697 473;Z01;2;7;0;2;7;16;0;
38910;202000025433;154 697 465;A01;3;7;0;2;1;9;1;
38911;202000025433;154 697 467;B01;3;1;0;2;4;16;5;
38912;202000025435;154 697 464;A01;2;7;0;2;3;13;1;
38913;202000025435;154 697 466;B01;1;7;0;2;3;1;1;
38914;202000025436;154 697 460;A01;2;33;4;0;7;13;1;
38915;202000025437;154 697 459;A01;1;7;0;1;1;1;1;
38916;202000025438;154 697 457;A01;1;7;0;2;3;10;1;
38917;202000025438;154 697 458;B01;1;32;0;2;1;1;1;
38918;202000025439;154 697 462;A01;2;7;0;2;3;22;1;
38919;202000025439;154 697 463;B01;2;1;0;2;2;1;5;
38920;202000025440;154 697 455;A01;1;1;14;0;7;12;5;
38921;202000025441;154 697 454;B01;1;1;0;2;6;2;5;
38922;202000025441;154 697 456;A01;1;7;0;2;2;14;1;
38923;202000025442;154 697 452;A01;1;32;0;2;7;21;1;
38924;202000025443;154 697 450;A01;1;7;0;2;3;1;1;
38925;202000025443;154 697 453;B01;2;80;0;2;3;1;3;
38926;202000025444;154 697 451;A01;1;7;0;1;1;1;2;
38927;202000025445;154 697 449;A01;2;7;13;0;2;1;1;
38928;202000025447;154 697 447;A01;3;33;6;0;3;13;1;
38929;202000025448;154 697 444;A01;1;7;0;2;7;13;1;
38930;202000025448;154 697 446;B01;2;7;0;2;1;1;1;
38931;202000025449;154 697 443;A01;2;30;0;1;1;1;1;
38932;202000025450;154 697 442;B01;2;1;0;2;1;1;0;
38933;202000025450;154 697 445;A01;3;7;0;2;8;9;1;
38934;202000025451;154 697 441;A01;1;7;0;0;9;21;1;
38935;202000025452;154 697 439;B01;1;50;0;2;1;7;3;
38936;202000025452;154 697 440;A01;1;10;0;2;8;22;1;
38937;202000025454;154 697 434;B01;3;2;0;2;1;9;1;
38938;202000025454;154 697 436;A01;0;7;0;2;6;0;1;
38939;202000025455;154 697 432;B01;2;10;0;2;3;16;1;
38940;202000025455;154 697 435;A01;2;1;0;2;2;1;5;
38941;202000025456;154 697 430;A01;0;7;0;1;1;17;1;
38942;202000025457;154 697 427;A01;2;7;0;2;1;13;1;
38943;202000025457;154 697 428;B01;1;14;0;2;3;1;1;
38944;202000025458;154 697 429;A01;2;1;0;0;0;1;5;
38945;202000025459;154 697 431;A01;3;7;0;2;3;9;0;
38946;202000025459;154 697 433;B01;3;30;0;2;1;2;0;
38947;202000025460;154 697 422;B01;1;3;0;2;1;0;0;
38948;202000025460;154 697 424;A01;1;3;0;2;4;0;0;
38949;202000025461;154 697 423;A01;1;7;0;2;7;16;1;
38950;202000025461;154 697 425;B01;1;50;0;2;0;1;3;
38951;202000025462;154 697 421;A01;1;10;0;9;2;16;1;
38952;202000025462;154 697 426;B01;1;1;0;2;1;21;5;
38953;202000025463;154 697 420;A01;3;7;0;1;4;4;1;
38954;202000025464;154 697 418;A01;3;7;0;2;3;15;1;
38955;202000025464;154 697 419;B01;3;33;0;2;1;17;1;
38956;202000025465;154 697 417;A01;1;7;8;0;1;0;0;
38957;202000025466;154 697 414;A01;2;7;0;2;8;1;1;
38958;202000025466;154 697 415;B01;2;7;8;2;1;2;1;
38959;202000025467;154 697 412;A01;2;7;3;0;1;1;1;
38960;202000025468;154 697 413;B01;1;7;0;0;6;1;1;
38961;202000025468;154 697 416;A01;0;7;0;2;1;1;1;
38962;202000025469;154 697 409;A01;1;10;0;2;1;9;1;
38963;202000025469;154 697 410;B01;1;7;0;2;4;0;1;
38964;202000025469;154 697 411;C01;1;7;0;2;4;0;1;
38965;202000025470;154 697 405;A01;2;7;3;2;0;11;1;
38966;202000025470;154 697 408;B01;2;7;0;2;6;1;1;
38967;202000025471;154 697 406;A01;1;30;0;0;8;26;1;
38968;202000025472;154 697 402;A01;2;33;2;0;0;1;0;
38969;202000025473;154 697 404;A01;2;7;3;0;1;2;1;
38970;202000025474;154 697 401;A01;1;7;0;2;6;13;0;
38971;202000025474;154 697 403;B01;1;2;2;2;2;17;0;
38972;202000025475;154 697 400;A01;1;7;0;1;3;1;6;
38973;202000025476;154 697 399;A01;2;7;13;0;0;1;1;
38974;202000025478;154 697 397;A01;2;7;8;0;0;2;1;
38975;202000025479;154 697 391;A01;2;32;0;2;1;1;1;
38976;202000025479;154 697 393;B01;2;7;0;2;3;15;1;
38977;202000025481;154 697 385;A01;0;7;1;1;3;14;1;
38978;202000025481;154 697 388;B01;3;7;0;1;5;24;1;
38979;202000025482;154 697 387;A01;1;33;1;2;7;1;0;
38980;202000025482;154 697 389;B01;2;7;12;0;3;23;0;
38981;202000025483;154 697 386;A01;3;7;0;2;2;1;3;
38982;202000025483;154 697 390;B01;3;32;0;2;8;1;1;
38983;202000025484;154 697 384;A01;2;7;9;0;0;0;1;
38984;202000025485;154 697 382;A01;2;7;0;2;1;2;1;
38985;202000025485;154 697 383;B01;1;1;0;2;1;2;5;
38986;202000025486;154 697 379;A01;-1;7;0;1;1;23;1;
38987;202000025487;154 697 378;A01;1;7;0;2;1;17;1;
38988;202000025487;154 697 380;B01;2;7;0;2;1;1;1;
38989;202000025488;154 697 377;A01;2;7;0;2;8;13;1;
38990;202000025488;154 697 381;B01;1;7;0;2;1;1;1;
38991;202000025489;154 697 376;A01;1;7;0;1;6;4;1;
38992;202000025490;154 697 375;A01;3;7;0;1;1;21;1;
38993;202000025492;154 697 369;A01;1;7;0;1;3;1;1;
38994;202000025493;154 697 368;C01;1;7;0;2;3;1;1;
38995;202000025493;154 697 370;B01;1;7;3;2;2;21;1;
38996;202000025493;154 697 371;A01;2;7;0;2;9;13;1;
38997;202000025494;154 697 367;A01;3;7;0;1;1;16;1;
38998;202000025495;154 697 365;A01;1;7;0;2;1;13;1;
38999;202000025495;154 697 366;B01;2;7;0;2;1;1;1;
39000;202000025496;154 697 364;A01;1;37;0;0;0;26;0;2.0
39001;202000025497;154 697 361;B01;0;33;0;2;1;1;1;
39002;202000025497;154 697 363;A01;0;10;0;2;1;15;1;
39003;202000025498;154 697 360;A01;1;33;0;2;2;26;6;
39004;202000025498;154 697 362;Z01;1;32;0;0;0;0;0;
39005;202000025499;154 697 356;B01;3;7;0;2;1;1;1;
39006;202000025499;154 697 357;A01;3;1;0;2;8;19;5;
39007;202000025500;154 697 358;A01;2;7;0;2;2;15;1;
39008;202000025500;154 697 359;B01;1;33;0;2;1;1;1;
39009;202000025501;154 697 353;A01;2;31;0;0;8;1;1;
39010;202000025502;154 697 351;B01;3;15;0;0;6;23;1;
39011;202000025502;154 697 354;A01;3;7;1;0;8;17;1;
39012;202000025503;154 697 348;B01;1;10;0;2;2;15;1;
39013;202000025503;154 697 350;A01;2;31;0;2;2;1;1;
39014;202000025507;154 697 344;A01;2;7;4;0;1;1;1;
39015;202000025508;154 697 342;A01;1;30;0;2;1;2;1;
39016;202000025508;154 697 343;B01;1;7;0;2;4;2;1;
39017;202000025509;154 697 338;D01;1;10;0;2;1;2;1;
39018;202000025509;154 697 339;C01;1;10;0;2;3;2;1;
39019;202000025509;154 697 340;B01;1;7;0;2;4;2;1;
39020;202000025509;154 697 341;A01;1;7;0;2;4;2;1;
39021;202000025510;154 697 336;A01;1;33;8;0;1;14;1;
39022;202000025511;154 697 334;A01;0;1;0;0;1;0;5;
39023;202000025513;154 697 332;A01;2;10;4;0;3;0;1;
39024;202000025514;154 697 333;A01;2;7;2;0;7;0;1;
39025;202000025516;154 697 328;A01;1;7;0;2;4;1;1;
39026;202000025516;154 697 331;Z01;1;7;0;2;1;1;0;
39027;202000025517;154 697 325;A01;2;33;6;0;3;16;1;
39028;202000025518;154 697 326;A01;1;32;9;0;5;16;1;
39029;202000025518;154 697 327;B01;1;7;0;0;0;0;0;
39030;202000025519;154 697 323;A01;2;7;0;1;1;13;1;
39031;202000025520;154 697 329;B01;3;7;0;2;1;1;1;
39032;202000025520;154 697 330;A01;3;33;0;2;1;1;1;
39033;202000025521;154 697 321;A01;2;7;0;2;1;21;0;
39034;202000025521;154 697 322;B01;2;7;0;2;5;2;0;
39035;202000025521;154 697 324;C01;2;7;0;2;8;1;0;
39036;202000025522;154 697 320;A01;2;2;0;0;1;1;0;
39037;202000025523;154 697 317;A01;2;7;2;0;0;1;1;
39038;202000025524;154 697 318;B01;2;7;0;2;4;1;1;
39039;202000025524;154 697 319;A01;2;7;0;2;1;11;1;
39040;202000025525;154 697 316;A01;3;7;0;1;3;1;1;
39041;202000025526;154 697 314;A01;1;7;0;2;1;1;1;
39042;202000025527;154 697 312;A01;2;7;4;0;0;26;1;
39043;202000025528;154 697 311;A01;1;7;4;0;3;1;1;
39044;202000025529;154 697 310;A01;0;7;0;1;1;1;0;
39045;202000025530;154 697 309;A01;2;7;0;0;4;23;1;
39046;202000025530;154 697 315;B01;2;7;0;2;1;2;1;
39047;202000025531;154 697 306;A01;2;7;7;0;7;1;1;
39048;202000025532;154 697 313;A01;1;7;6;0;7;1;1;
39049;202000025535;154 697 302;B01;2;7;0;2;1;1;1;
39050;202000025535;154 697 305;A01;1;7;0;2;1;15;1;
39051;202000025536;154 697 301;B01;3;7;0;2;4;1;0;
39052;202000025536;154 697 303;A01;2;7;0;2;1;1;1;
39053;202000025537;154 697 299;A01;1;33;13;0;7;1;1;
39054;202000025538;154 697 297;A01;0;7;13;0;9;1;1;
39055;202000025540;154 697 294;B01;1;10;0;2;1;1;1;
39056;202000025540;154 697 295;A01;2;7;0;2;1;15;1;
39057;202000025541;154 697 293;A01;1;7;0;1;3;1;1;
39058;202000025542;154 697 292;A01;1;7;4;0;3;1;1;
39059;202000025543;154 697 288;A01;2;7;0;2;3;9;1;
39060;202000025543;154 697 300;B01;2;7;0;2;2;1;1;
39061;202000025544;154 697 287;A01;2;7;13;0;2;14;1;
39062;202000025545;154 697 286;A01;1;7;0;0;9;14;1;
39063;202000025546;154 697 290;A01;1;7;0;2;1;1;1;
39064;202000025546;154 697 291;B01;1;7;0;2;4;1;0;
39065;202000025547;154 697 282;B01;2;7;12;2;2;19;1;
39066;202000025547;154 697 285;A01;1;7;14;2;1;1;1;
39067;202000025548;154 697 279;E01;1;7;0;2;0;0;0;
39068;202000025548;154 697 280;D01;1;7;0;2;0;2;0;
39069;202000025548;154 697 281;B01;1;7;0;2;6;2;0;
39070;202000025548;154 697 283;A01;1;7;0;2;1;1;0;
39071;202000025548;154 697 284;C01;1;7;0;2;0;2;0;
39072;202000025550;154 697 276;A01;1;7;0;2;4;26;0;
39073;202000025550;154 697 277;B01;1;7;0;2;1;26;0;
39074;202000025551;154 697 272;A01;0;7;13;0;1;1;1;
39075;202000025552;154 697 271;A01;1;33;0;5;1;1;1;
39076;202000025553;154 697 289;A01;1;7;0;1;3;1;1;
39077;202000025554;154 697 269;B01;2;31;0;2;1;1;1;
39078;202000025554;154 697 270;A01;1;21;0;2;3;15;1;
39079;202000025555;154 697 268;A01;1;33;0;0;9;1;1;
39080;202000025556;154 697 265;B01;1;10;0;2;1;15;1;
39081;202000025556;154 697 267;A01;2;34;0;2;1;1;1;
39082;202000025558;154 697 266;B01;2;7;1;2;6;19;1;
39083;202000025558;154 697 273;A01;1;7;0;2;1;19;1;
39084;202000025559;154 697 259;B01;2;7;0;2;4;1;1;
39085;202000025559;154 697 260;A01;2;7;3;2;1;1;1;
39086;202000025560;154 697 255;B01;1;10;0;2;4;2;1;
39087;202000025560;154 697 257;A01;1;10;0;2;1;2;1;
39088;202000025560;154 697 258;C01;1;10;0;2;4;2;0;
39089;202000025561;154 697 254;A01;1;32;0;2;1;21;1;
39090;202000025561;154 697 256;B01;1;10;0;2;8;9;1;
39091;202000025562;154 697 252;B01;2;1;0;2;0;0;5;
39092;202000025562;154 697 253;A01;2;0;0;2;1;0;0;
39093;202000025563;154 697 250;A01;1;7;13;0;8;5;1;
39094;202000025564;154 697 249;A01;0;2;0;0;0;0;0;
39095;202000025566;154 697 244;B01;1;7;0;2;3;1;1;
39096;202000025566;154 697 245;A01;2;7;0;2;3;13;1;
39097;202000025567;154 697 243;A01;3;7;0;9;1;16;1;
39098;202000025567;154 697 251;B01;3;1;0;2;1;26;5;
39099;202000025568;154 697 241;B01;3;10;0;2;2;2;1;
39100;202000025568;154 697 242;A01;1;2;0;2;8;2;1;
39101;202000025569;154 697 246;B01;3;15;0;2;1;1;1;
39102;202000025569;154 697 247;A01;3;7;0;2;1;5;1;
39103;202000025570;154 697 240;A01;1;7;0;1;3;1;1;
39104;202000025571;154 697 236;A01;2;14;0;2;1;2;1;
39105;202000025571;154 697 237;B01;2;7;0;2;4;2;1;
39106;202000025572;154 697 238;B01;2;7;0;2;3;15;1;
39107;202000025572;154 697 239;A01;2;34;0;2;1;17;1;
39108;202000025573;154 697 233;B01;2;7;0;0;4;1;1;
39109;202000025573;154 697 234;C01;2;7;0;0;4;1;1;
39110;202000025573;154 697 235;A01;2;7;0;2;1;1;1;
39111;202000025574;154 697 232;A01;2;7;0;1;1;1;1;
39112;202000025575;154 697 231;A01;1;7;3;0;0;21;1;
39113;202000025576;154 697 228;A01;0;7;0;2;1;1;1;
39114;202000025576;154 697 229;C01;0;7;0;2;0;1;1;
39115;202000025576;154 697 230;B01;0;2;0;2;4;1;1;
39116;202000025577;154 697 227;A01;3;33;0;0;8;1;1;
39117;202000025578;154 697 223;B01;1;7;0;2;8;1;0;
39118;202000025578;154 697 225;A01;2;7;0;2;1;1;1;
39119;202000025579;154 697 220;C01;1;7;0;2;3;1;1;
39120;202000025579;154 697 221;B01;1;33;0;2;8;1;1;
39121;202000025579;154 697 222;A01;2;3;0;2;3;13;1;
39122;202000025580;154 697 218;B01;3;7;0;2;4;1;1;
39123;202000025580;154 697 219;A01;3;7;0;2;1;2;1;
39124;202000025581;154 697 216;B01;2;2;0;2;1;13;1;
39125;202000025581;154 697 217;A01;1;10;0;2;1;1;1;
39126;202000025582;154 697 213;Z01;1;7;0;2;1;2;0;
39127;202000025582;154 697 214;B01;1;31;0;2;4;2;1;
39128;202000025582;154 697 215;C01;1;7;0;2;6;2;1;
39129;202000025583;154 697 211;B01;2;7;0;2;3;1;1;
39130;202000025583;154 697 212;A01;1;7;0;2;3;13;1;
39131;202000025585;154 697 205;A01;2;7;0;0;3;9;0;
39132;202000025585;154 697 207;B01;2;7;0;2;1;1;0;
39133;202000025585;154 697 208;C01;1;7;0;2;1;1;0;
39134;202000025586;154 697 224;A01;1;7;0;2;2;2;1;
39135;202000025586;154 697 226;B01;1;1;0;2;8;2;5;
39136;202000025587;154 697 204;B01;1;7;0;2;4;1;1;
39137;202000025587;154 697 206;Z01;1;7;0;0;0;0;1;
39138;202000025588;154 697 202;B01;2;21;0;2;1;1;1;
39139;202000025588;154 697 203;A01;1;7;0;2;1;13;1;
39140;202000025589;154 697 200;A01;3;33;12;0;1;9;1;
39141;202000025590;154 697 198;A01;2;7;0;2;4;2;1;
39142;202000025590;154 697 199;B01;2;13;0;2;1;2;1;
39143;202000025591;154 697 197;A01;2;7;15;0;1;16;2;
39144;202000025593;154 697 193;A01;2;7;9;2;2;2;1;
39145;202000025593;154 697 201;B01;2;2;9;2;4;0;1;
39146;202000025594;154 697 191;A01;2;7;0;2;1;0;1;
39147;202000025595;154 697 192;B01;1;7;0;0;5;1;1;
39148;202000025595;154 697 194;A01;1;7;0;2;3;2;1;
39149;202000025597;154 697 188;A01;0;30;8;0;1;24;1;
39150;202000025598;154 697 187;A01;1;10;0;0;9;1;1;
39151;202000025599;154 697 186;A01;3;10;0;1;3;15;1;
39152;202000025600;154 697 184;A01;3;7;0;1;2;1;1;
39153;202000025601;154 697 181;A01;1;7;1;0;1;26;0;
39154;202000025601;154 697 182;C01;1;7;0;2;4;23;0;
39155;202000025601;154 697 183;B01;1;7;0;2;4;1;0;
39156;202000025602;154 697 185;A01;1;33;0;0;0;1;1;
39157;202000025603;154 697 178;A01;3;7;0;2;1;1;1;
39158;202000025603;154 697 179;C01;3;3;0;2;4;1;1;
39159;202000025603;154 697 180;B01;3;7;0;2;4;1;1;
39160;202000025604;154 697 177;A01;2;7;10;0;2;1;1;
39161;202000025605;154 697 175;B01;1;7;0;2;4;2;1;
39162;202000025605;154 697 176;A01;1;7;0;2;1;2;1;
39163;202000025606;154 697 174;A01;3;2;15;0;1;14;1;
39164;202000025607;154 697 172;A01;1;1;0;2;4;1;5;
39165;202000025607;154 697 173;B01;1;10;0;2;4;1;1;
39166;202000025608;154 697 170;B01;0;2;0;2;8;2;1;
39167;202000025608;154 697 171;A01;0;2;6;2;7;2;1;
39168;202000025609;154 697 167;A01;3;7;16;0;9;1;1;
39169;202000025610;154 697 168;B01;3;7;0;2;7;16;1;
39170;202000025610;154 697 169;A01;3;30;0;2;3;18;1;
39171;202000025611;154 697 164;B01;1;33;0;0;0;0;1;
39172;202000025611;154 697 166;A01;1;0;0;2;0;0;0;
39173;202000025612;154 697 165;A01;2;7;3;0;2;1;1;
39174;202000025613;154 697 160;A01;1;7;0;2;4;1;1;
39175;202000025613;154 697 163;B01;1;7;0;2;1;2;1;
39176;202000025614;154 697 159;B01;1;7;8;2;1;1;1;