;Num_Acc;id_vehicule;num_veh;senc;catv;obs;obsm;choc;manv;motor;occutc
39177;202000025614;154 697 161;C01;2;7;0;2;2;0;1;
39178;202000025614;154 697 162;A01;1;7;0;2;0;26;1;
39179;202000025615;154 697 158;A01;1;7;4;0;1;14;1;
39180;202000025616;154 697 157;A01;2;7;4;0;2;14;1;
39181;202000025617;154 697 155;A01;2;30;2;0;1;1;1;
39182;202000025618;154 697 154;A01;1;32;0;2;8;3;1;
39183;202000025618;154 697 156;B01;1;7;0;2;7;1;1;
39184;202000025619;154 697 153;A01;1;33;14;0;1;1;1;
39185;202000025620;154 697 152;A01;1;7;4;0;1;13;1;
39186;202000025621;154 697 150;A01;2;33;0;0;0;1;1;
39187;202000025621;154 697 151;B01;2;7;0;0;0;1;1;
39188;202000025622;154 697 146;B01;2;7;0;2;5;9;1;
39189;202000025622;154 697 149;A01;2;7;0;2;2;1;1;
39190;202000025623;154 697 145;C01;1;7;0;2;4;9;1;
39191;202000025623;154 697 147;B01;1;7;0;2;4;1;1;
39192;202000025623;154 697 148;A01;1;7;0;2;1;1;1;
39193;202000025624;154 697 144;A01;3;7;0;1;7;1;1;
39194;202000025625;154 697 143;A01;1;80;0;1;1;1;3;
39195;202000025626;154 697 141;A01;1;7;0;2;1;1;1;
39196;202000025626;154 697 142;B01;1;7;0;2;4;1;1;
39197;202000025628;154 697 135;A01;1;7;0;2;1;1;1;
39198;202000025628;154 697 136;B01;2;7;0;2;1;1;1;
39199;202000025629;154 697 133;B01;1;31;0;2;1;0;0;
39200;202000025629;154 697 134;A01;1;7;0;0;7;16;1;
39201;202000025630;154 697 138;A01;3;7;9;2;8;19;1;
39202;202000025630;154 697 140;B01;3;7;15;1;1;19;1;
39203;202000025631;154 697 129;B01;1;7;1;2;7;1;1;
39204;202000025631;154 697 131;C01;3;7;0;2;5;0;1;
39205;202000025631;154 697 132;A01;3;7;0;2;1;9;1;
39206;202000025632;154 697 130;A01;1;7;8;0;2;25;1;
39207;202000025633;154 697 126;B01;1;32;0;2;3;9;0;
39208;202000025633;154 697 128;A01;2;7;0;2;7;10;1;
39209;202000025634;154 697 127;A01;3;33;11;0;1;13;1;
39210;202000025635;154 697 125;A01;1;7;15;0;1;1;6;
39211;202000025636;154 697 124;A01;1;7;13;0;1;1;1;
39212;202000025637;154 697 123;A01;1;7;2;0;1;13;1;
39213;202000025638;154 697 120;B01;3;1;0;2;2;1;5;
39214;202000025638;154 697 122;A01;3;10;0;2;2;16;0;
39215;202000025640;154 697 119;B01;0;2;0;2;7;0;0;
39216;202000025640;154 697 121;A01;1;7;0;9;1;1;0;
39217;202000025641;154 697 116;A01;1;7;11;0;3;13;1;
39218;202000025642;154 697 115;B01;3;1;0;2;1;1;5;
39219;202000025642;154 697 117;A01;3;7;0;2;2;1;0;
39220;202000025644;154 697 111;B01;3;10;0;2;6;16;0;
39221;202000025644;154 697 112;A01;2;34;0;2;1;19;1;
39222;202000025645;154 697 109;A01;2;7;1;0;2;21;1;
39223;202000025645;154 697 110;B01;2;7;0;2;6;24;1;
39224;202000025646;154 697 107;B01;1;33;9;2;8;1;1;
39225;202000025646;154 697 108;A01;1;15;0;2;7;12;0;
39226;202000025647;154 697 114;A01;3;7;16;0;9;0;1;
39227;202000025648;154 697 104;A01;3;7;0;1;3;1;1;
39228;202000025649;154 697 105;A01;0;7;0;2;3;15;1;
39229;202000025649;154 697 106;B01;0;1;0;2;1;1;0;
39230;202000025650;154 697 102;A01;2;7;0;2;2;13;1;
39231;202000025650;154 697 103;B01;1;10;0;2;2;1;1;
39232;202000025651;154 697 098;A01;1;7;0;2;1;2;1;
39233;202000025651;154 697 100;B01;1;7;0;2;4;2;1;
39234;202000025652;154 697 099;A01;2;30;0;2;1;17;1;
39235;202000025652;154 697 101;Z01;2;7;0;2;3;15;1;
39236;202000025653;154 697 095;A01;1;7;1;1;4;4;1;
39237;202000025653;154 697 096;B01;2;7;0;2;2;24;1;
39238;202000025653;154 697 097;E01;2;7;0;2;1;0;1;
39239;202000025656;154 697 087;A01;1;10;0;2;8;10;1;
39240;202000025656;154 697 088;B01;1;30;0;2;1;1;1;
39241;202000025657;154 697 084;B01;0;10;0;2;3;1;1;
39242;202000025657;154 697 085;A01;0;80;0;2;5;1;3;
39243;202000025658;154 697 083;A01;3;7;0;2;1;2;2;
39244;202000025658;154 697 086;Z01;3;7;0;2;6;23;0;
39245;202000025659;154 697 081;B01;2;33;0;2;1;1;0;
39246;202000025659;154 697 082;A01;1;7;0;2;8;19;0;
39247;202000025660;154 697 079;B01;3;7;0;2;5;23;2;
39248;202000025660;154 697 080;A01;3;7;0;2;1;1;1;
39249;202000025661;154 697 075;C01;1;7;0;2;6;2;1;
39250;202000025661;154 697 077;B01;1;7;0;2;5;1;1;
39251;202000025661;154 697 078;A01;1;7;0;2;1;2;1;
39252;202000025662;154 697 074;B01;1;32;0;2;7;17;1;
39253;202000025662;154 697 076;A01;1;7;0;2;3;10;1;
39254;202000025663;154 697 072;A01;2;7;0;1;1;2;0;
39255;202000025664;154 697 071;A01;1;7;0;2;1;15;1;
39256;202000025664;154 697 073;B01;2;34;0;2;8;1;1;
39257;202000025666;154 697 069;A01;1;10;0;1;4;25;1;
39258;202000025667;154 697 068;A01;1;7;0;1;3;1;1;
39259;202000025668;154 697 065;A01;3;7;0;2;8;11;1;
39260;202000025668;154 697 066;B01;3;10;0;2;7;1;1;
39261;202000025668;154 697 067;C01;3;7;0;2;6;1;1;
39262;202000025669;154 697 064;A01;2;7;2;0;8;14;1;
39263;202000025670;154 697 062;Z01;3;7;0;2;3;1;0;
39264;202000025670;154 697 063;A01;3;1;0;2;7;1;5;
39265;202000025671;154 697 060;B01;0;7;0;2;5;1;0;
39266;202000025671;154 697 061;A01;0;30;0;2;1;26;1;
39267;202000025672;154 697 058;B01;2;7;0;2;1;1;1;
39268;202000025672;154 697 059;A01;1;33;0;2;7;13;1;
39269;202000025673;154 697 056;A01;1;1;0;1;1;1;5;
39270;202000025674;154 697 055;B01;3;7;0;0;3;1;6;
39271;202000025674;154 697 057;A01;3;7;0;0;1;5;6;
39272;202000025675;154 697 053;Z01;1;7;0;2;2;15;1;
39273;202000025675;154 697 054;A01;1;43;0;2;8;18;1;
39274;202000025676;154 697 051;A01;1;10;0;1;2;1;1;
39275;202000025677;154 697 050;B01;1;32;0;2;1;1;1;
39276;202000025677;154 697 052;A01;1;7;0;2;3;15;1;
39277;202000025678;154 697 048;B01;2;10;0;2;8;9;1;
39278;202000025678;154 697 049;A01;2;10;0;2;1;1;1;
39279;202000025679;154 697 046;B01;2;10;1;0;1;2;1;
39280;202000025679;154 697 047;A01;2;10;0;2;4;23;1;
39281;202000025680;154 697 043;A01;3;34;0;2;1;1;1;
39282;202000025680;154 697 045;B01;3;7;0;2;3;16;1;
39283;202000025682;154 697 040;A01;1;13;0;2;2;2;1;
39284;202000025682;154 697 041;B01;1;80;0;2;8;2;3;
39285;202000025683;154 697 038;B01;2;1;0;2;1;1;5;
39286;202000025683;154 697 039;A01;2;7;0;2;0;0;3;
39287;202000025684;154 697 037;Z01;1;7;0;1;0;1;1;
39288;202000025685;154 697 036;A01;2;7;0;1;7;1;1;
39289;202000025686;154 697 033;B01;1;7;0;2;4;1;1;
39290;202000025686;154 697 034;C01;1;7;0;2;4;1;1;
39291;202000025686;154 697 035;A01;1;7;0;2;1;1;1;
39292;202000025688;154 697 029;B01;3;7;0;2;1;1;6;
39293;202000025688;154 697 030;A01;3;7;8;2;3;1;6;
39294;202000025689;154 697 027;B01;1;7;0;2;1;1;0;
39295;202000025689;154 697 028;A01;1;31;0;2;8;1;0;
39296;202000025690;154 697 025;A01;3;7;0;2;2;15;1;
39297;202000025690;154 697 026;B01;-1;33;0;2;3;1;1;
39298;202000025691;154 697 023;B01;1;7;0;2;1;1;0;
39299;202000025691;154 697 024;A01;1;7;0;2;2;1;0;
39300;202000025693;154 697 019;A01;3;7;14;0;5;12;1;
39301;202000025693;154 697 020;B01;3;32;0;2;8;1;1;
39302;202000025694;154 697 017;A01;2;50;0;2;1;19;3;
39303;202000025694;154 697 018;B01;2;7;0;9;2;1;1;
39304;202000025695;154 697 016;A01;1;50;0;1;8;1;3;
39305;202000025696;154 697 015;A01;1;30;8;0;7;26;1;
39306;202000025697;154 697 014;A01;1;7;0;1;2;16;1;
39307;202000025698;154 697 011;C01;1;7;0;2;4;2;1;
39308;202000025698;154 697 012;B01;1;7;0;2;4;2;6;
39309;202000025698;154 697 013;A01;1;7;0;2;1;2;2;
39310;202000025699;154 697 009;B01;1;3;0;2;4;1;1;
39311;202000025699;154 697 010;A01;1;10;0;2;1;1;1;
39312;202000025700;154 697 007;B01;2;7;0;2;4;1;1;
39313;202000025700;154 697 008;A01;2;32;0;2;1;1;1;
39314;202000025701;154 697 005;B01;2;10;0;2;7;16;1;
39315;202000025701;154 697 006;A01;2;32;0;2;1;1;1;
39316;202000025703;154 697 002;A01;2;33;12;0;1;1;1;
39317;202000025704;154 697 001;A01;2;17;3;0;3;1;1;
39318;202000025705;154 697 000;A01;1;15;0;1;3;15;1;
39319;202000025706;154 696 996;B01;2;7;0;2;4;2;1;
39320;202000025706;154 696 997;D01;2;7;0;0;4;2;1;
39321;202000025706;154 696 998;C01;2;7;0;2;4;2;1;
39322;202000025706;154 696 999;A01;2;7;0;2;1;2;1;
39323;202000025708;154 696 992;A01;2;7;0;2;2;2;1;
39324;202000025708;154 696 993;B01;2;30;0;0;4;2;1;
39325;202000025709;154 696 991;A01;2;33;11;0;0;2;1;
39326;202000025712;154 696 987;A01;1;7;3;0;2;1;1;
39327;202000025713;154 696 985;B01;1;7;0;2;2;19;1;
39328;202000025713;154 696 986;A01;2;7;0;2;1;1;1;
39329;202000025714;154 696 984;A01;1;7;2;0;9;1;1;
39330;202000025715;154 696 983;A01;3;2;0;0;8;1;1;
39331;202000025716;154 696 982;A01;1;7;0;1;2;1;1;
39332;202000025717;154 696 980;A01;3;33;0;2;1;13;1;
39333;202000025717;154 696 981;B01;3;7;0;2;8;1;0;
39334;202000025718;154 696 978;B01;3;31;0;2;1;1;1;
39335;202000025718;154 696 979;A01;3;13;0;2;2;15;1;
39336;202000025719;154 696 977;A01;1;7;2;0;1;1;1;
39337;202000025720;154 696 976;A01;2;7;17;0;7;21;1;
39338;202000025721;154 696 975;A01;2;7;6;0;3;1;1;
39339;202000025722;154 696 973;B01;2;7;0;2;7;1;1;
39340;202000025722;154 696 974;A01;2;7;2;2;8;1;1;
39341;202000025724;154 696 969;A01;1;7;0;2;2;1;1;
39342;202000025724;154 696 970;B01;2;50;0;2;1;1;3;
39343;202000025725;154 696 968;A01;1;7;0;1;2;1;1;
39344;202000025726;154 696 967;A01;1;7;0;0;9;13;1;
39345;202000025727;154 696 966;A01;0;2;0;0;0;0;1;
39346;202000025728;154 696 965;A01;2;7;13;0;9;1;1;
39347;202000025729;154 696 964;A01;1;2;0;0;1;1;0;
39348;202000025730;154 696 963;A01;1;10;13;0;2;1;1;
39349;202000025731;154 696 961;A01;2;7;0;2;1;1;1;
39350;202000025731;154 696 962;B01;1;7;0;2;1;13;1;
39351;202000025732;154 696 960;A01;2;2;0;0;0;14;1;
39352;202000025733;154 696 959;A01;1;7;4;0;2;1;1;
39353;202000025734;154 696 957;B01;1;15;0;2;2;1;0;
39354;202000025734;154 696 958;A01;1;7;0;2;8;9;0;
39355;202000025735;154 696 955;A01;1;7;3;0;1;1;6;
39356;202000025735;154 696 956;B01;1;33;0;0;0;1;6;
39357;202000025736;154 696 953;A01;1;7;3;0;9;1;1;
39358;202000025737;154 696 952;A01;2;7;3;0;2;14;1;
39359;202000025738;154 696 951;A01;1;10;13;0;9;14;1;
39360;202000025739;154 696 950;A01;0;10;0;0;9;26;6;
39361;202000025740;154 696 948;B01;2;10;0;2;3;1;1;
39362;202000025740;154 696 949;A01;1;7;0;2;1;15;1;
39363;202000025742;154 696 945;A01;1;7;0;2;3;1;1;
39364;202000025742;154 696 946;B01;2;7;0;2;3;13;1;
39365;202000025743;154 696 943;B01;1;1;0;2;4;1;5;
39366;202000025743;154 696 944;A01;1;7;0;9;2;17;1;
39367;202000025745;154 696 941;A01;1;7;16;0;3;1;0;
39368;202000025746;154 696 939;A01;2;7;0;2;3;1;1;
39369;202000025746;154 696 940;B01;1;17;0;2;3;1;1;
39370;202000025747;154 696 938;A01;3;7;0;1;2;19;1;
39371;202000025748;154 696 937;A01;1;2;0;0;1;1;1;
39372;202000025749;154 696 935;B01;2;10;0;2;8;1;1;
39373;202000025749;154 696 936;A01;2;1;0;2;1;16;5;
39374;202000025750;154 696 928;A01;2;7;0;2;7;15;6;
39375;202000025750;154 696 929;B01;2;2;0;2;1;1;6;
39376;202000025751;154 696 927;A01;0;7;0;0;9;1;1;
39377;202000025752;154 696 926;A01;1;7;4;0;3;2;1;
39378;202000025753;154 696 924;A01;2;7;4;0;0;0;1;
39379;202000025754;154 696 923;A01;1;7;4;0;5;13;1;
39380;202000025755;154 696 921;A01;2;7;1;1;2;1;1;
39381;202000025755;154 696 922;B01;2;7;3;2;2;23;1;
39382;202000025756;154 696 919;A01;2;7;4;2;4;2;1;
39383;202000025756;154 696 920;B01;2;99;0;2;1;2;1;
39384;202000025757;154 696 918;A01;2;7;3;0;1;0;1;
39385;202000025758;154 696 917;A01;1;7;5;0;1;0;1;
39386;202000025759;154 696 916;A01;2;7;3;0;3;0;1;
39387;202000025760;154 696 914;A01;1;7;0;0;1;0;1;
39388;202000025760;154 696 915;B01;1;7;0;0;4;0;1;
39389;202000025761;154 696 912;B01;1;7;0;0;4;2;1;
39390;202000025761;154 696 913;A01;1;7;0;2;1;2;1;
39391;202000025762;154 696 910;B01;1;7;0;2;9;2;1;
39392;202000025762;154 696 911;A01;1;7;0;2;7;14;1;
39393;202000025763;154 696 908;Z01;2;0;0;2;1;0;0;
39394;202000025763;154 696 909;B01;2;7;4;0;4;2;1;
39395;202000025764;154 696 907;A01;2;7;4;0;4;1;1;
39396;202000025765;154 696 906;A01;1;7;2;0;1;1;1;
39397;202000025766;154 696 905;A01;1;7;0;1;3;19;1;
39398;202000025767;154 696 904;A01;3;30;0;0;8;1;1;
39399;202000025768;154 696 902;A01;1;7;0;2;6;15;1;
39400;202000025768;154 696 903;B01;1;33;0;2;1;17;0;
39401;202000025769;154 696 901;A01;2;7;4;0;1;13;1;
39402;202000025770;154 696 899;B01;1;7;0;2;2;9;1;
39403;202000025770;154 696 900;A01;2;10;0;2;3;9;1;
39404;202000025771;154 696 898;A01;2;10;0;1;1;15;1;
39405;202000025772;154 696 896;B01;2;30;0;2;2;1;1;
39406;202000025772;154 696 897;A01;2;7;0;2;1;9;1;
39407;202000025773;154 696 895;A01;3;1;0;1;8;5;5;
39408;202000025774;154 696 894;A01;1;7;12;0;3;1;1;
39409;202000025775;154 696 892;B01;3;7;1;2;3;1;1;
39410;202000025775;154 696 893;A01;3;10;8;2;1;1;1;
39411;202000025776;154 696 891;A01;2;10;0;1;3;1;0;
39412;202000025778;154 696 888;A01;1;37;0;1;2;26;1;1.0
39413;202000025779;154 696 886;A01;1;7;0;9;3;1;3;
39414;202000025779;154 696 887;B01;1;1;0;2;8;9;5;
39415;202000025780;154 696 884;B01;2;1;0;0;8;2;5;
39416;202000025780;154 696 885;A01;1;7;0;9;2;15;1;
39417;202000025781;154 696 882;A01;0;7;0;2;3;9;0;
39418;202000025781;154 696 883;B01;1;7;0;2;2;1;0;
39419;202000025782;154 696 881;A01;1;7;13;0;1;1;1;
39420;202000025783;154 696 879;B01;2;7;0;2;3;15;0;
39421;202000025783;154 696 880;A01;2;33;0;2;1;17;0;
39422;202000025784;154 696 877;A01;1;7;0;1;1;1;1;
39423;202000025785;154 696 876;A01;2;7;13;0;3;13;1;
39424;202000025786;154 696 874;B01;2;7;0;2;8;1;1;
39425;202000025786;154 696 875;A01;2;7;0;2;1;19;1;
39426;202000025787;154 696 873;A01;1;7;0;1;1;1;1;
39427;202000025788;154 696 871;B01;2;2;0;0;4;2;1;
39428;202000025788;154 696 872;A01;2;2;0;2;1;2;1;
39429;202000025789;154 696 870;A01;1;7;2;0;1;1;1;
39430;202000025790;154 696 868;A01;3;3;1;2;2;1;1;
39431;202000025790;154 696 869;B01;3;7;0;2;3;1;1;
39432;202000025791;154 696 867;A01;2;7;6;0;3;1;1;
39433;202000025792;154 696 865;B01;1;33;0;2;8;1;1;
39434;202000025792;154 696 866;A01;3;7;0;2;2;15;1;
39435;202000025793;154 696 864;A01;2;7;6;0;1;15;1;
39436;202000025794;154 696 863;A01;1;7;13;0;3;1;1;
39437;202000025795;154 696 861;A01;3;2;0;2;1;13;1;
39438;202000025795;154 696 862;B01;3;14;0;2;1;1;1;
39439;202000025797;154 696 858;B01;2;7;8;2;1;1;1;
39440;202000025797;154 696 859;A01;2;15;0;2;8;15;1;
39441;202000025798;154 696 855;A01;2;7;0;1;2;21;1;
39442;202000025799;154 696 851;C01;3;7;0;2;8;16;1;
39443;202000025799;154 696 852;D01;3;7;0;2;3;0;1;
39444;202000025799;154 696 853;A01;3;33;0;2;7;17;1;
39445;202000025799;154 696 854;B01;3;7;0;2;8;21;1;
39446;202000025800;154 696 849;B01;1;30;0;2;1;1;1;
39447;202000025800;154 696 850;A01;2;7;0;2;1;15;1;
39448;202000025801;154 696 847;B01;1;39;0;2;1;1;1;
39449;202000025801;154 696 848;A01;1;21;0;4;2;1;1;
39450;202000025802;154 696 846;A01;3;2;0;0;0;2;1;
39451;202000025803;154 696 845;A01;3;7;0;1;2;1;1;
39452;202000025804;154 696 843;A01;1;7;0;2;4;2;1;
39453;202000025804;154 696 844;B01;1;17;0;2;1;2;1;
39454;202000025805;154 696 841;B01;1;7;0;2;6;1;1;
39455;202000025805;154 696 842;A01;1;7;0;2;2;17;1;
39456;202000025806;154 696 840;A01;1;7;3;0;3;13;1;
39457;202000025807;154 696 839;A01;2;7;4;0;9;2;1;
39458;202000025808;154 696 837;B01;1;7;0;2;1;1;1;
39459;202000025808;154 696 838;A01;2;7;0;2;1;17;1;
39460;202000025810;154 696 833;B01;2;33;0;2;1;17;1;
39461;202000025810;154 696 834;A01;1;10;0;2;8;15;0;
39462;202000025811;154 696 832;A01;2;7;2;0;0;14;1;
39463;202000025813;154 696 828;B01;2;7;3;0;4;24;1;
39464;202000025813;154 696 829;A01;2;17;0;2;1;1;1;
39465;202000025814;154 696 827;A01;1;7;6;0;1;14;1;
39466;202000025815;154 696 825;A01;3;7;0;2;1;5;3;
39467;202000025815;154 696 826;B01;3;33;0;2;3;1;1;
39468;202000025816;154 696 823;B01;3;7;0;2;4;1;1;
39469;202000025816;154 696 824;A01;3;7;0;2;1;2;1;
39470;202000025817;154 696 822;A01;2;1;0;0;0;26;5;
39471;202000025818;154 696 821;A01;2;7;0;1;0;0;0;
39472;202000025819;154 696 819;A01;1;7;0;2;1;15;1;
39473;202000025819;154 696 820;B01;2;7;0;2;3;1;1;
39474;202000025820;154 696 818;A01;1;7;6;0;3;13;1;
39475;202000025821;154 696 815;C01;2;7;0;0;4;23;0;
39476;202000025821;154 696 816;A01;2;7;0;2;1;2;0;
39477;202000025821;154 696 817;B01;2;7;0;2;1;2;0;
39478;202000025822;154 696 813;B01;3;1;0;2;1;5;5;
39479;202000025822;154 696 814;A01;3;7;0;2;1;1;1;
39480;202000025823;154 696 812;A01;2;30;0;0;0;21;1;
39481;202000025824;154 696 809;B01;1;33;0;2;1;1;1;
39482;202000025824;154 696 810;A01;1;7;0;2;3;19;0;
39483;202000025825;154 696 808;A01;1;7;0;1;2;1;0;
39484;202000025826;154 696 806;A01;2;10;0;2;7;12;1;
39485;202000025826;154 696 807;B01;2;31;0;2;3;1;1;
39486;202000025827;154 696 804;Z01;1;7;0;2;1;1;1;
39487;202000025827;154 696 805;A01;1;1;0;2;4;1;5;
39488;202000025828;154 696 803;A01;2;2;8;0;7;15;1;
39489;202000025829;154 696 802;A01;2;10;0;1;5;4;3;
39490;202000025830;154 696 800;A01;2;32;0;2;4;2;1;
39491;202000025830;154 696 801;B01;2;7;0;2;4;23;1;
39492;202000025831;154 696 798;A01;2;7;0;2;1;1;1;
39493;202000025831;154 696 799;B01;2;7;8;2;2;1;2;
39494;202000025832;154 696 797;A01;2;30;0;1;2;5;1;
39495;202000025833;154 696 796;A01;1;7;0;1;1;1;1;
39496;202000025834;154 696 794;B01;0;7;0;2;1;1;0;
39497;202000025834;154 696 795;A01;0;32;0;2;7;1;0;
39498;202000025835;154 696 792;A01;2;7;1;0;1;14;1;
39499;202000025835;154 696 793;B01;2;10;15;2;4;24;1;
39500;202000025837;154 696 788;A01;3;32;0;2;0;17;1;
39501;202000025837;154 696 789;B01;0;7;0;0;3;10;1;
39502;202000025838;154 696 787;A01;3;7;12;0;1;2;0;
39503;202000025839;154 696 785;B01;1;21;0;0;6;15;1;
39504;202000025839;154 696 786;A01;1;33;0;2;1;17;1;
39505;202000025840;154 696 784;A01;0;2;12;0;8;1;1;
39506;202000025841;154 696 783;A01;1;7;13;0;9;14;1;
39507;202000025844;154 696 779;A01;1;7;3;0;3;2;1;
39508;202000025845;154 696 778;A01;2;7;13;0;0;1;1;
39509;202000025847;154 696 775;A01;1;32;0;2;3;26;1;
39510;202000025848;154 696 774;A01;1;7;4;0;1;2;1;
39511;202000025849;154 696 773;A01;2;7;0;0;9;13;1;
39512;202000025850;154 696 771;B01;1;7;0;2;1;1;1;
39513;202000025850;154 696 772;A01;1;7;0;2;4;1;1;
39514;202000025851;154 696 769;B01;2;30;0;2;8;1;1;
39515;202000025851;154 696 770;A01;1;7;0;2;1;15;1;
39516;202000025852;154 696 767;A01;2;30;0;2;1;1;1;
39517;202000025852;154 696 768;B01;2;31;0;2;8;1;1;
39518;202000025853;154 696 766;A01;3;7;0;1;1;1;1;
39519;202000025854;154 696 765;A01;3;32;14;0;1;26;1;
39520;202000025855;154 696 764;A01;1;7;0;1;3;1;1;
39521;202000025856;154 696 762;A01;1;50;0;2;7;19;3;
39522;202000025856;154 696 763;B01;1;7;0;2;7;1;1;
39523;202000025857;154 696 760;B01;1;7;0;2;3;1;1;
39524;202000025857;154 696 761;A01;2;33;0;2;2;15;1;
39525;202000025858;154 696 759;A01;3;7;0;1;3;15;1;
39526;202000025859;154 696 758;A01;1;7;13;0;1;19;0;
39527;202000025861;154 696 755;B01;2;7;0;2;2;1;1;
39528;202000025861;154 696 756;A01;2;1;0;2;1;15;5;
39529;202000025862;154 696 753;B01;1;15;0;2;3;1;1;
39530;202000025862;154 696 754;A01;2;10;0;2;3;13;1;
39531;202000025863;154 696 752;A01;1;10;0;1;3;1;1;
39532;202000025864;154 696 751;A01;3;7;0;1;2;2;0;
39533;202000025865;154 696 750;A01;2;50;0;0;4;0;3;
39534;202000025866;154 696 749;A01;2;7;13;0;2;0;1;
39535;202000025867;154 696 747;A01;1;7;0;2;1;1;1;
39536;202000025867;154 696 748;B01;3;2;8;2;8;19;1;
39537;202000025868;154 696 746;A01;2;33;0;0;8;1;1;
39538;202000025869;154 696 744;A01;1;7;0;2;3;1;1;
39539;202000025869;154 696 745;B01;3;2;0;2;1;19;1;
39540;202000025870;154 696 743;A01;1;1;0;0;1;0;5;
39541;202000025871;154 696 742;A01;2;7;4;0;3;1;0;
39542;202000025873;154 696 737;A01;1;1;0;2;8;1;0;
39543;202000025873;154 696 738;B01;2;7;0;2;3;15;0;
39544;202000025874;154 696 736;A01;1;33;2;0;8;26;1;
39545;202000025875;154 696 734;A01;1;7;0;1;2;1;1;
39546;202000025876;154 696 733;A01;1;1;13;0;0;14;6;
39547;202000025877;154 696 732;A01;0;7;13;0;7;1;2;
39548;202000025878;154 696 730;B01;1;99;0;2;0;0;0;
39549;202000025878;154 696 731;A01;1;7;0;2;5;15;1;
39550;202000025879;154 696 728;A01;1;7;0;2;1;13;1;
39551;202000025879;154 696 729;B01;2;10;0;2;1;1;1;
39552;202000025880;154 696 727;A01;1;7;12;0;3;1;1;
39553;202000025881;154 696 726;A01;1;10;2;0;1;0;1;
39554;202000025882;154 696 725;A01;1;33;4;0;3;17;1;
39555;202000025883;154 696 724;Z01;0;99;-1;0;1;-1;-1;
39556;202000025884;154 696 723;A01;1;30;15;0;7;14;1;
39557;202000025885;154 696 722;A01;2;0;0;1;0;15;0;
39558;202000025887;154 696 720;A01;2;99;13;0;3;13;1;
39559;202000025888;154 696 719;A01;1;7;0;0;1;1;1;
39560;202000025889;154 696 718;A01;1;7;0;1;0;1;6;
39561;202000025890;154 696 716;A01;1;7;0;2;1;9;1;
39562;202000025890;154 696 717;B01;2;1;0;2;4;9;6;
39563;202000025891;154 696 715;A01;2;7;13;0;1;1;1;
39564;202000025892;154 696 714;A01;2;7;6;0;1;14;1;
39565;202000025893;154 696 713;A01;2;30;0;1;8;1;1;
39566;202000025894;154 696 711;A01;1;33;0;2;6;18;1;
39567;202000025894;154 696 712;B01;1;7;0;2;1;26;0;
39568;202000025895;154 696 710;A01;3;33;1;0;1;1;1;
39569;202000025896;154 696 708;A01;0;32;16;0;8;1;1;
39570;202000025897;154 696 707;A01;1;36;6;0;1;1;1;
39571;202000025898;154 696 705;A01;0;1;0;2;1;19;5;
39572;202000025898;154 696 706;B01;1;7;0;2;8;1;1;
39573;202000025901;154 696 701;A01;1;33;13;0;1;1;1;
39574;202000025902;154 696 699;B01;2;7;0;2;3;1;1;
39575;202000025902;154 696 700;A01;1;33;0;2;1;5;1;
39576;202000025903;154 696 698;A01;3;7;13;0;1;13;1;
39577;202000025904;154 696 697;A01;1;7;0;1;2;1;0;
39578;202000025905;154 696 695;B01;1;33;0;2;1;1;1;
39579;202000025905;154 696 696;A01;2;7;0;2;3;19;1;
39580;202000025906;154 696 694;A01;1;7;0;-1;1;1;1;
39581;202000025907;154 696 692;A01;1;7;0;2;1;2;1;
39582;202000025907;154 696 693;B01;1;7;0;2;5;2;1;
39583;202000025908;154 696 691;A01;1;7;0;0;2;0;1;
39584;202000025909;154 696 688;B01;3;7;0;2;2;21;1;
39585;202000025909;154 696 689;C01;3;10;0;2;1;1;1;
39586;202000025909;154 696 690;A01;3;7;0;2;3;15;1;
39587;202000025910;154 696 687;A01;3;7;15;0;1;26;1;
39588;202000025911;154 696 685;B01;1;7;0;2;3;1;1;
39589;202000025911;154 696 686;A01;2;33;1;2;1;17;1;
39590;202000025912;154 696 684;A01;0;7;6;0;1;10;1;
39591;202000025913;154 696 681;A01;3;7;1;0;1;24;1;
39592;202000025914;154 696 680;A01;2;7;8;0;1;1;1;
39593;202000025915;154 696 678;A01;1;7;0;2;1;2;1;
39594;202000025915;154 696 679;B01;1;7;0;2;4;1;1;
39595;202000025916;154 696 676;A01;1;30;0;2;1;1;1;
39596;202000025916;154 696 677;B01;1;30;0;2;4;1;1;
39597;202000025917;154 696 675;A01;1;33;11;0;1;1;1;
39598;202000025918;154 696 674;A01;1;7;0;1;4;10;0;
39599;202000025919;154 696 672;A01;1;7;1;2;3;19;1;
39600;202000025919;154 696 673;B01;2;32;0;2;1;1;1;
39601;202000025920;154 696 671;A01;1;7;4;0;1;26;1;
39602;202000025921;154 696 670;A01;1;7;0;0;0;1;1;
39603;202000025922;154 696 669;A01;0;10;15;0;3;14;1;
39604;202000025923;154 696 668;A01;3;33;0;0;0;16;1;
39605;202000025924;154 696 667;A01;1;33;16;0;0;5;1;
39606;202000025925;154 696 664;A01;2;33;2;0;1;13;1;
39607;202000025926;154 696 663;A01;3;33;0;0;2;0;1;
39608;202000025927;154 696 661;B01;2;3;0;2;5;1;1;
39609;202000025927;154 696 662;A01;2;7;0;2;2;15;1;