;Num_Acc;id_vehicule;num_veh;senc;catv;obs;obsm;choc;manv;motor;occutc
39610;202000025928;154 696 659;A01;2;7;0;9;3;1;1;
39611;202000025928;154 696 660;B01;1;1;0;2;1;5;5;
39612;202000025929;154 696 658;A01;2;7;6;0;3;1;1;
39613;202000025930;154 696 656;B01;2;10;0;2;1;1;0;
39614;202000025930;154 696 657;A01;1;10;0;2;2;19;0;
39615;202000025931;154 696 655;A01;1;33;6;0;3;1;1;
39616;202000025932;154 696 654;A01;1;33;3;0;1;1;1;
39617;202000025933;154 696 653;A01;1;7;3;0;3;13;1;
39618;202000025934;154 696 651;B01;1;10;0;2;1;2;1;
39619;202000025934;154 696 652;A01;1;7;0;2;5;2;1;
39620;202000025935;154 696 649;B01;3;10;0;2;6;1;1;
39621;202000025935;154 696 650;A01;3;7;0;2;2;15;1;
39622;202000025936;154 696 648;A01;3;7;4;0;3;13;1;
39623;202000025937;154 696 646;B01;1;34;0;2;7;1;1;
39624;202000025937;154 696 647;A01;1;1;0;2;1;5;5;
39625;202000025938;154 696 644;A01;1;7;0;2;1;19;1;
39626;202000025938;154 696 645;B01;1;7;15;2;7;1;1;
39627;202000025939;154 696 642;A01;0;7;0;2;3;20;1;
39628;202000025939;154 696 643;B01;1;7;0;2;2;1;1;
39629;202000025940;154 696 640;A01;2;31;0;2;1;17;1;
39630;202000025940;154 696 641;B01;1;7;0;2;1;1;1;
39631;202000025941;154 696 638;A01;3;7;0;2;2;16;1;
39632;202000025941;154 696 639;B01;3;1;0;2;3;1;5;
39633;202000025942;154 696 635;B01;2;15;0;2;1;1;1;
39634;202000025942;154 696 636;A01;1;7;0;2;1;13;1;
39635;202000025943;154 696 634;A01;2;7;0;0;1;0;1;
39636;202000025944;154 696 633;A01;2;80;12;0;1;1;3;
39637;202000025946;154 696 627;B01;1;7;0;2;1;1;1;
39638;202000025946;154 696 628;A01;1;7;0;2;1;5;1;
39639;202000025947;154 696 625;A01;1;7;0;2;1;9;1;
39640;202000025947;154 696 626;B01;2;7;0;2;7;1;1;
39641;202000025948;154 696 623;B01;0;7;0;2;3;16;1;
39642;202000025948;154 696 624;A01;3;7;0;2;2;19;1;
39643;202000025949;154 696 622;A01;3;7;15;0;1;1;1;
39644;202000025950;154 696 619;C01;1;7;3;0;1;1;2;
39645;202000025950;154 696 620;B01;1;7;3;0;1;1;1;
39646;202000025950;154 696 621;A01;1;15;3;0;3;5;1;
39647;202000025951;154 696 617;B01;1;7;0;2;1;1;1;
39648;202000025951;154 696 618;A01;2;7;0;2;1;1;1;
39649;202000025952;154 696 616;A01;1;7;1;0;2;14;1;
39650;202000025953;154 696 615;A01;2;7;4;0;1;13;1;
39651;202000025954;154 696 613;A01;1;7;0;2;2;1;1;
39652;202000025954;154 696 614;B01;1;17;0;2;1;9;1;
39653;202000025955;154 696 611;A01;1;7;0;9;1;9;1;
39654;202000025955;154 696 612;B01;1;1;0;2;7;1;5;
39655;202000025956;154 696 609;B01;3;31;0;0;1;1;0;
39656;202000025956;154 696 610;A01;3;13;0;0;3;10;0;
39657;202000025957;154 696 608;A01;1;7;4;0;1;14;1;
39658;202000025958;154 696 606;B01;2;7;0;2;1;1;1;
39659;202000025958;154 696 607;A01;1;7;0;2;1;13;1;
39660;202000025959;154 696 604;A01;2;7;0;2;3;13;1;
39661;202000025959;154 696 605;B01;1;10;0;2;3;1;1;
39662;202000025960;154 696 602;A01;1;7;0;2;2;17;1;
39663;202000025960;154 696 603;B01;1;1;13;2;6;1;5;
39664;202000025961;154 696 601;A01;1;7;2;0;1;13;1;
39665;202000025962;154 696 600;A01;1;7;0;1;1;19;0;
39666;202000025964;154 696 597;A01;2;21;0;2;2;2;1;
39667;202000025964;154 696 598;B01;2;7;0;1;4;23;1;
39668;202000025965;154 696 596;A01;3;7;0;1;1;1;1;
39669;202000025966;154 696 595;A01;1;17;3;0;2;1;1;
39670;202000025967;154 696 593;A01;1;10;1;0;2;12;1;
39671;202000025967;154 696 594;B01;1;7;0;0;6;24;1;
39672;202000025969;154 696 588;A01;3;2;0;2;1;19;1;
39673;202000025969;154 696 589;B01;0;17;0;0;7;1;1;
39674;202000025970;154 696 586;A01;1;7;0;2;1;2;1;
39675;202000025970;154 696 587;B01;1;17;0;0;4;2;1;
39676;202000025971;154 696 584;A01;1;7;0;2;3;1;0;
39677;202000025971;154 696 585;B01;2;7;0;2;3;1;1;
39678;202000025973;154 696 580;B01;1;30;0;2;1;1;1;
39679;202000025973;154 696 581;A01;2;31;0;2;1;13;1;
39680;202000025974;154 696 579;A01;0;34;0;0;0;0;1;
39681;202000025975;154 696 577;B01;2;7;0;0;6;1;1;
39682;202000025975;154 696 578;A01;2;7;0;0;2;2;1;
39683;202000025976;154 696 576;A01;2;7;0;0;1;0;1;
39684;202000025977;154 696 574;A01;0;7;0;0;7;19;1;
39685;202000025977;154 696 575;B01;2;7;0;2;1;1;1;
39686;202000025978;154 696 572;B01;3;30;0;2;0;1;1;
39687;202000025978;154 696 573;A01;3;34;0;2;2;17;1;
39688;202000025979;154 696 570;A01;2;7;0;2;3;5;1;
39689;202000025979;154 696 571;B01;1;15;0;2;3;21;1;
39690;202000025980;154 696 569;A01;0;7;15;0;9;1;1;
39691;202000025981;154 696 567;A01;3;31;0;2;1;17;1;
39692;202000025981;154 696 568;B01;3;7;0;0;6;15;1;
39693;202000025982;154 696 565;A01;2;32;14;2;6;1;1;
39694;202000025982;154 696 566;B01;2;7;0;2;3;1;1;
39695;202000025983;154 696 563;B01;2;7;0;9;3;9;0;
39696;202000025983;154 696 564;A01;2;1;0;2;5;1;5;
39697;202000025984;154 696 561;B01;1;7;0;2;1;26;1;
39698;202000025984;154 696 562;A01;2;7;0;2;1;26;1;
39699;202000025985;154 696 557;D01;2;7;0;2;1;1;1;
39700;202000025985;154 696 558;C01;2;7;0;2;1;1;1;
39701;202000025985;154 696 559;B01;2;7;0;2;8;1;1;
39702;202000025985;154 696 560;A01;1;7;0;2;1;13;1;
39703;202000025986;154 696 556;A01;1;7;0;1;1;1;1;
39704;202000025988;154 696 552;B01;1;7;0;2;3;1;0;
39705;202000025988;154 696 553;A01;1;7;0;2;3;13;0;
39706;202000025989;154 696 551;A01;3;7;0;1;0;1;1;
39707;202000025990;154 696 547;D01;2;7;0;2;1;2;1;
39708;202000025990;154 696 548;C01;2;7;0;2;4;2;1;
39709;202000025990;154 696 549;B01;2;7;0;2;4;2;1;
39710;202000025990;154 696 550;A01;2;7;0;2;4;1;1;
39711;202000025992;154 696 540;D01;1;7;0;2;4;3;2;
39712;202000025992;154 696 541;C01;1;7;0;2;4;2;1;
39713;202000025992;154 696 542;B01;1;99;0;2;4;2;1;
39714;202000025992;154 696 543;A01;1;7;0;2;1;2;1;
39715;202000025993;154 696 537;B01;1;7;0;2;4;2;1;
39716;202000025993;154 696 538;C01;1;7;0;2;4;2;1;
39717;202000025993;154 696 539;A01;1;15;0;2;1;2;1;
39718;202000025994;154 696 534;A01;2;15;0;2;1;2;1;
39719;202000025994;154 696 535;C01;2;7;0;2;4;2;0;
39720;202000025994;154 696 536;B01;2;7;0;2;4;2;1;
39721;202000025996;154 696 530;A01;1;7;0;2;4;1;0;
39722;202000025996;154 696 531;B01;1;7;0;2;1;1;0;
39723;202000025997;154 696 527;B01;1;7;0;2;4;2;1;
39724;202000025997;154 696 528;C01;2;7;0;2;4;2;1;
39725;202000025997;154 696 529;A01;1;10;0;2;1;2;1;
39726;202000025999;154 696 523;A01;1;7;0;2;1;2;1;
39727;202000025999;154 696 524;B01;1;7;0;2;4;2;1;
39728;202000025999;154 696 525;C01;1;7;0;2;4;2;1;
39729;202000026000;154 696 520;A01;1;10;0;2;3;2;1;
39730;202000026000;154 696 521;B01;1;32;0;2;4;1;1;
39731;202000026000;154 696 522;C01;1;15;0;2;2;1;1;
39732;202000026001;154 696 518;B01;1;32;1;0;1;1;1;
39733;202000026001;154 696 519;A01;1;7;0;2;5;0;1;
39734;202000026002;154 696 517;A01;2;33;0;0;0;26;1;
39735;202000026003;154 696 516;A01;1;33;0;0;9;3;1;
39736;202000026004;154 696 513;C01;1;7;0;2;4;2;1;
39737;202000026004;154 696 514;B01;1;7;0;2;4;2;1;
39738;202000026004;154 696 515;A01;1;7;0;2;1;1;0;
39739;202000026005;154 696 511;B01;1;33;0;2;3;1;1;
39740;202000026005;154 696 512;A01;1;10;0;2;5;12;1;
39741;202000026006;154 696 509;A01;1;17;0;2;3;1;1;
39742;202000026006;154 696 510;B01;1;7;4;2;7;14;1;
39743;202000026007;154 696 508;A01;3;7;13;0;1;1;1;
39744;202000026008;154 696 506;A01;2;33;0;2;7;1;1;
39745;202000026008;154 696 507;B01;2;7;0;2;3;11;1;
39746;202000026010;154 696 502;B01;1;7;0;2;4;0;0;
39747;202000026010;154 696 503;A01;1;7;0;2;1;1;0;
39748;202000026011;154 696 501;A01;1;37;0;1;1;1;6;1.0
39749;202000026012;154 696 499;A01;1;7;14;0;1;1;0;
39750;202000026012;154 696 500;B01;1;7;0;2;4;23;0;
39751;202000026013;154 696 497;A01;1;7;0;2;3;1;0;
39752;202000026013;154 696 498;B01;0;50;0;2;1;26;3;
39753;202000026014;154 696 495;B01;1;1;0;2;8;1;5;
39754;202000026014;154 696 496;A01;1;37;0;2;2;1;1;2.0
39755;202000026015;154 696 494;A01;3;30;0;0;8;23;1;
39756;202000026016;154 696 491;A01;1;7;0;2;4;1;0;
39757;202000026016;154 696 492;B01;1;7;0;2;1;1;0;
39758;202000026016;154 696 493;C01;1;7;0;2;1;1;0;
39759;202000026017;154 696 489;A01;1;33;0;2;1;17;1;
39760;202000026017;154 696 490;B01;1;7;0;0;8;15;1;
39761;202000026018;154 696 487;B01;2;7;0;2;3;1;1;
39762;202000026018;154 696 488;A01;1;7;0;2;3;13;1;
39763;202000026019;154 696 485;B01;1;10;0;2;3;1;1;
39764;202000026019;154 696 486;A01;1;10;14;2;1;1;1;
39765;202000026020;154 696 484;A01;3;10;6;0;1;1;1;
39766;202000026021;154 696 483;A01;3;33;0;0;7;16;1;
39767;202000026022;154 696 481;B01;-1;7;1;0;4;24;3;
39768;202000026022;154 696 482;A01;1;7;1;1;1;1;1;
39769;202000026023;154 696 480;A01;2;7;6;0;2;14;1;
39770;202000026024;154 696 478;B01;1;7;0;2;3;9;1;
39771;202000026024;154 696 479;A01;2;30;0;2;1;9;1;
39772;202000026026;154 696 474;B01;0;37;0;2;3;1;3;1.0
39773;202000026026;154 696 475;A01;0;7;0;2;2;9;1;
39774;202000026027;154 696 472;B01;2;32;0;2;1;1;0;
39775;202000026027;154 696 473;A01;1;7;0;2;1;15;1;
39776;202000026028;154 696 470;B01;0;2;0;0;0;0;1;
39777;202000026028;154 696 471;A01;0;7;0;2;1;2;1;
39778;202000026029;154 696 468;B01;0;1;0;2;7;0;5;
39779;202000026029;154 696 469;A01;2;7;0;2;2;9;2;
39780;202000026030;154 696 467;A01;1;7;0;1;1;1;1;
39781;202000026031;154 696 466;A01;1;7;0;1;8;1;1;
39782;202000026032;154 696 462;B01;3;7;0;2;4;1;1;
39783;202000026032;154 696 463;C01;3;7;0;2;4;1;1;
39784;202000026032;154 696 464;D01;3;7;0;2;8;1;1;
39785;202000026032;154 696 465;A01;3;7;14;2;1;1;1;
39786;202000026033;154 696 460;A01;3;7;0;2;8;15;1;
39787;202000026033;154 696 461;B01;3;7;0;2;1;1;1;
39788;202000026034;154 696 458;B01;1;7;0;2;2;16;1;
39789;202000026034;154 696 459;A01;1;2;0;2;1;18;1;
39790;202000026037;154 696 451;A01;2;30;0;9;1;23;1;
39791;202000026037;154 696 452;B01;1;50;0;2;1;19;3;
39792;202000026038;154 696 449;B01;3;7;0;2;6;2;1;
39793;202000026038;154 696 450;A01;3;33;0;2;1;2;1;
39794;202000026039;154 696 448;A01;1;7;0;1;2;26;1;
39795;202000026040;154 696 447;A01;2;7;0;1;1;1;-1;
39796;202000026041;154 696 445;A01;1;7;0;2;1;2;1;
39797;202000026041;154 696 446;B01;1;7;0;2;6;1;1;
39798;202000026042;154 696 443;B01;2;7;0;2;8;1;1;
39799;202000026042;154 696 444;A01;1;2;0;2;1;13;1;
39800;202000026043;154 696 442;A01;3;7;0;1;1;16;1;
39801;202000026044;154 696 438;A01;2;7;0;2;1;2;1;
39802;202000026044;154 696 439;D01;2;7;0;2;4;2;1;
39803;202000026044;154 696 440;C01;2;7;0;2;4;2;1;
39804;202000026044;154 696 441;B01;2;7;0;2;4;1;1;
39805;202000026045;154 696 436;B01;2;1;0;2;7;1;5;
39806;202000026045;154 696 437;A01;2;7;0;2;1;9;1;
39807;202000026046;154 696 434;B01;0;7;0;2;3;2;1;
39808;202000026046;154 696 435;A01;0;7;0;2;3;15;1;
39809;202000026047;154 696 432;A01;1;7;0;2;1;1;1;
39810;202000026047;154 696 433;B01;1;1;0;2;1;1;5;
39811;202000026048;154 696 431;A01;1;1;8;0;1;1;5;
39812;202000026049;154 696 429;A01;1;7;0;2;0;1;1;
39813;202000026049;154 696 430;B01;1;7;0;2;1;0;1;
39814;202000026050;154 696 427;B01;1;7;0;2;4;1;1;
39815;202000026050;154 696 428;A01;1;30;0;2;1;1;1;
39816;202000026051;154 696 426;A01;1;7;0;1;1;1;1;
39817;202000026052;154 696 424;A01;3;7;0;2;3;1;1;
39818;202000026052;154 696 425;B01;3;33;0;2;1;1;1;
39819;202000026053;154 696 421;A01;1;10;0;2;1;1;1;
39820;202000026053;154 696 422;C01;1;7;0;2;1;0;1;
39821;202000026053;154 696 423;B01;1;10;0;2;5;1;1;
39822;202000026054;154 696 419;A01;3;1;0;2;1;9;5;
39823;202000026054;154 696 420;B01;1;7;0;2;2;1;1;
39824;202000026055;154 696 417;B01;1;7;0;2;1;1;1;
39825;202000026055;154 696 418;A01;3;7;0;2;7;15;1;
39826;202000026056;154 696 416;A01;1;10;0;1;2;15;1;
39827;202000026057;154 696 414;B01;2;7;0;2;3;1;1;
39828;202000026057;154 696 415;A01;2;1;0;2;1;26;5;
39829;202000026058;154 696 413;Z01;2;10;0;1;0;1;0;
39830;202000026060;154 696 411;A01;1;7;0;0;3;26;1;
39831;202000026061;154 696 410;A01;3;37;0;1;7;16;0;1.0
39832;202000026062;154 696 408;A01;3;7;0;2;3;10;1;
39833;202000026062;154 696 409;B01;3;33;0;2;5;1;1;
39834;202000026063;154 696 407;A01;1;7;0;1;3;1;1;
39835;202000026064;154 696 405;A01;1;7;0;2;1;2;1;
39836;202000026064;154 696 406;B01;1;7;0;2;4;1;1;
39837;202000026065;154 696 403;B01;0;10;0;2;1;1;1;
39838;202000026065;154 696 404;A01;0;31;0;2;1;1;1;
39839;202000026066;154 696 401;B01;3;7;0;2;3;0;1;
39840;202000026066;154 696 402;A01;1;7;0;2;2;26;1;
39841;202000026067;154 696 400;Z01;0;7;0;1;0;0;0;
39842;202000026068;154 696 398;A01;2;7;0;2;8;22;1;
39843;202000026068;154 696 399;B01;2;37;1;0;7;1;1;1.0
39844;202000026070;154 696 393;A01;1;7;13;0;1;1;1;
39845;202000026071;154 696 389;A01;2;33;0;2;1;26;1;
39846;202000026071;154 696 390;B01;1;7;0;2;2;9;1;
39847;202000026072;154 696 387;B01;1;33;0;2;6;1;1;
39848;202000026072;154 696 388;A01;1;32;0;2;1;7;1;
39849;202000026073;154 696 385;B01;1;7;0;2;6;23;1;
39850;202000026073;154 696 386;A01;1;32;0;2;3;1;1;
39851;202000026074;154 696 384;A01;1;1;0;1;0;1;5;
39852;202000026075;154 696 383;Z01;1;7;0;1;0;1;0;
39853;202000026076;154 696 382;Z01;1;7;0;1;1;1;0;
39854;202000026077;154 696 380;A01;1;7;0;2;3;15;1;
39855;202000026077;154 696 381;B01;1;1;0;2;1;1;5;
39856;202000026078;154 696 379;Z01;1;10;0;1;1;15;0;
39857;202000026080;154 696 376;A01;3;7;0;2;6;15;1;
39858;202000026080;154 696 377;B01;3;32;0;2;2;17;1;
39859;202000026081;154 696 375;A01;1;43;0;0;3;1;1;
39860;202000026082;154 696 373;A01;2;7;0;2;7;17;1;
39861;202000026082;154 696 374;B01;2;1;0;2;8;1;5;
39862;202000026083;154 696 371;A01;3;31;0;0;0;1;3;
39863;202000026084;154 696 369;A01;3;7;0;2;8;13;1;
39864;202000026084;154 696 370;B01;3;32;0;2;7;1;1;
39865;202000026085;154 696 368;A01;2;1;0;0;0;5;5;
39866;202000026086;154 696 367;A01;0;1;14;0;0;14;5;
39867;202000026087;154 696 365;A01;1;14;0;2;7;16;1;
39868;202000026087;154 696 366;B01;1;1;0;2;7;7;5;
39869;202000026088;154 696 363;A01;2;34;0;2;1;17;1;
39870;202000026088;154 696 364;B01;2;7;0;2;8;15;1;
39871;202000026089;154 696 362;A01;0;7;9;0;1;2;1;
39872;202000026090;154 696 361;A01;2;7;0;1;2;21;1;
39873;202000026091;154 696 360;A01;1;7;0;1;1;1;1;
39874;202000026092;154 696 358;B01;3;7;14;0;4;2;1;
39875;202000026092;154 696 359;A01;3;7;14;0;1;2;1;
39876;202000026094;154 696 355;A01;1;7;0;2;1;15;1;
39877;202000026094;154 696 356;B01;2;32;0;2;2;1;1;
39878;202000026095;154 696 354;A01;1;7;0;0;9;15;1;
39879;202000026096;154 696 352;B01;1;7;1;0;0;0;1;
39880;202000026096;154 696 353;A01;1;7;0;2;6;23;1;
39881;202000026098;154 696 349;A01;2;7;0;2;3;9;1;
39882;202000026098;154 696 350;B01;2;33;0;2;1;2;1;
39883;202000026099;154 696 347;A01;3;7;9;2;7;9;1;
39884;202000026099;154 696 348;B01;3;33;5;2;1;1;3;
39885;202000026100;154 696 346;A01;2;31;0;1;1;17;1;
39886;202000026101;154 696 344;A01;-1;7;0;2;2;15;0;
39887;202000026101;154 696 345;B01;-1;33;0;2;8;1;0;
39888;202000026102;154 696 342;B01;0;30;0;2;8;1;1;
39889;202000026102;154 696 343;A01;0;7;0;2;1;15;1;
39890;202000026104;154 696 340;B01;0;0;0;1;0;26;0;
39891;202000026105;154 696 338;B01;3;7;0;2;3;15;1;
39892;202000026105;154 696 339;A01;3;80;0;2;1;1;3;
39893;202000026106;154 696 337;A01;2;7;0;1;2;1;1;
39894;202000026107;154 696 336;A01;1;30;9;0;1;19;1;
39895;202000026108;154 696 335;A01;1;50;0;9;1;21;3;
39896;202000026109;154 696 333;B01;2;7;0;2;3;19;1;
39897;202000026109;154 696 334;A01;1;30;0;2;1;17;1;
39898;202000026110;154 696 332;A01;1;7;9;0;1;1;1;
39899;202000026111;154 696 330;B01;2;7;0;2;4;15;1;
39900;202000026111;154 696 331;A01;2;10;0;2;1;2;1;
39901;202000026112;154 696 328;A01;2;7;0;2;3;13;1;
39902;202000026112;154 696 329;B01;1;15;0;2;3;1;1;
39903;202000026114;154 696 324;B01;3;2;0;2;8;18;1;
39904;202000026114;154 696 325;A01;-1;3;0;2;3;15;0;
39905;202000026115;154 696 323;A01;2;2;0;0;0;1;1;
39906;202000026117;154 696 320;A01;2;7;13;0;1;14;1;
39907;202000026118;154 696 318;B01;1;7;0;2;3;1;1;
39908;202000026118;154 696 319;A01;2;3;0;2;2;13;1;
39909;202000026119;154 696 316;A01;1;10;0;2;2;9;0;
39910;202000026119;154 696 317;B01;1;7;0;2;3;1;0;
39911;202000026121;154 696 312;A01;2;7;13;0;2;1;1;
39912;202000026122;154 696 310;A01;0;7;0;2;8;22;1;
39913;202000026122;154 696 311;B01;1;1;1;0;2;1;5;
39914;202000026123;154 696 308;B01;1;7;0;0;4;23;1;
39915;202000026123;154 696 309;A01;2;7;0;2;1;2;1;
39916;202000026124;154 696 306;A01;2;7;0;0;8;15;1;
39917;202000026124;154 696 307;B01;1;7;13;2;2;1;1;
39918;202000026125;154 696 304;A01;1;7;0;2;7;13;1;
39919;202000026125;154 696 305;B01;2;15;0;2;1;1;1;
39920;202000026126;154 696 302;B01;2;7;0;2;1;1;1;
39921;202000026126;154 696 303;A01;1;7;0;2;2;1;1;
39922;202000026127;154 696 298;C01;1;7;0;2;1;1;1;
39923;202000026127;154 696 299;B01;1;7;0;2;1;1;1;
39924;202000026127;154 696 300;A01;2;13;0;2;6;13;1;
39925;202000026128;154 696 295;A01;1;7;0;2;1;17;1;
39926;202000026128;154 696 296;B01;2;7;0;2;1;1;0;
39927;202000026128;154 696 297;C01;2;37;0;2;3;1;0;1.0
39928;202000026129;154 696 292;C01;3;39;0;0;1;1;-1;
39929;202000026129;154 696 293;A01;2;7;13;2;7;1;1;
39930;202000026129;154 696 294;B01;1;7;0;2;1;19;1;
39931;202000026130;154 696 291;A01;2;7;0;1;1;1;1;
39932;202000026131;154 696 287;B01;3;1;0;2;4;16;5;
39933;202000026131;154 696 288;A01;3;7;0;9;2;1;0;
39934;202000026132;154 696 285;B01;1;2;0;2;1;1;1;
39935;202000026132;154 696 286;A01;2;7;0;2;2;15;1;
39936;202000026133;154 696 283;A01;0;7;0;2;2;15;0;
39937;202000026133;154 696 284;B01;0;7;0;2;1;1;0;
39938;202000026134;154 696 282;A01;0;7;0;1;1;1;1;
39939;202000026135;154 696 279;A01;1;7;0;2;1;1;1;
39940;202000026135;154 696 280;B01;2;7;0;2;1;1;0;
39941;202000026135;154 696 281;C01;2;7;0;2;1;1;1;
39942;202000026136;154 696 277;A01;2;7;0;2;2;2;1;
39943;202000026136;154 696 278;B01;2;1;0;0;4;2;5;
39944;202000026137;154 696 275;A01;2;7;0;2;1;5;1;
39945;202000026137;154 696 276;B01;1;33;0;2;1;1;1;
39946;202000026138;154 696 273;B01;0;2;0;2;1;1;1;
39947;202000026138;154 696 274;A01;0;10;0;2;1;15;1;
39948;202000026139;154 696 271;B01;2;7;0;2;3;1;1;
39949;202000026139;154 696 272;A01;2;33;0;0;7;1;1;
39950;202000026140;154 696 270;A01;1;10;3;0;8;1;1;
39951;202000026141;154 696 269;A01;1;2;13;0;2;17;0;
39952;202000026142;154 696 268;A01;1;2;0;1;1;18;1;
39953;202000026143;154 696 265;A01;1;7;0;1;1;1;1;
39954;202000026144;154 696 264;A01;2;33;0;0;0;1;1;
39955;202000026145;154 696 263;A01;2;7;0;1;0;16;1;
39956;202000026146;154 696 261;B01;0;7;0;2;1;1;1;
39957;202000026146;154 696 262;A01;0;7;0;2;1;17;1;
39958;202000026147;154 696 260;A01;2;2;0;0;8;1;1;
39959;202000026148;154 696 258;B01;2;2;0;2;1;1;1;
39960;202000026148;154 696 259;A01;1;7;0;2;2;15;1;
39961;202000026149;154 696 257;A01;1;7;0;1;1;1;1;
39962;202000026152;154 696 251;A01;3;7;0;9;1;9;1;
39963;202000026152;154 696 252;B01;3;1;0;2;7;2;6;
39964;202000026154;154 696 247;B01;0;7;0;2;3;23;1;
39965;202000026154;154 696 248;A01;0;33;0;1;1;1;1;
39966;202000026155;154 696 246;A01;1;7;0;1;1;1;1;
39967;202000026156;154 696 244;B01;1;7;0;2;3;1;1;
39968;202000026156;154 696 245;A01;1;7;0;2;2;16;1;
39969;202000026157;154 696 242;A01;1;7;0;2;6;10;0;
39970;202000026157;154 696 243;B01;1;2;0;2;1;1;1;
39971;202000026158;154 696 240;B01;2;7;0;2;1;1;1;
39972;202000026158;154 696 241;A01;1;7;0;2;3;15;1;
39973;202000026159;154 696 238;B01;1;33;0;2;7;17;1;
39974;202000026159;154 696 239;A01;1;7;0;2;3;9;1;
39975;202000026160;154 696 236;B01;2;1;0;2;1;1;5;
39976;202000026160;154 696 237;A01;1;7;0;2;2;15;1;
39977;202000026161;154 696 234;B01;1;1;0;2;7;1;5;
39978;202000026161;154 696 235;A01;2;7;0;2;1;1;1;
39979;202000026162;154 696 233;A01;3;10;0;1;2;0;0;
39980;202000026163;154 696 232;A01;1;7;0;1;1;1;1;
39981;202000026164;154 696 229;C01;1;37;0;2;1;1;0;1.0
39982;202000026164;154 696 230;B01;1;7;0;2;0;1;1;
39983;202000026164;154 696 231;A01;1;7;0;2;1;1;1;
39984;202000026165;154 696 227;B01;1;7;0;2;4;23;1;
39985;202000026165;154 696 228;A01;1;33;0;2;1;1;1;
39986;202000026166;154 696 226;A01;1;7;0;1;1;1;1;
39987;202000026167;154 696 224;A01;0;7;0;2;3;9;1;
39988;202000026167;154 696 225;B01;0;80;0;0;0;0;3;
39989;202000026168;154 696 222;B01;0;7;0;2;4;0;1;
39990;202000026168;154 696 223;A01;0;10;0;2;1;1;1;
39991;202000026169;154 696 221;A01;3;7;0;1;2;26;1;
39992;202000026170;154 696 220;A01;1;7;0;1;1;12;1;
39993;202000026171;154 696 218;B01;2;7;0;2;1;1;1;
39994;202000026171;154 696 219;A01;3;7;0;2;1;15;1;
39995;202000026172;154 696 216;B01;3;7;0;2;5;23;1;
39996;202000026172;154 696 217;A01;3;7;0;2;3;1;1;
39997;202000026173;154 696 215;Z01;3;0;0;1;0;15;0;
39998;202000026174;154 696 214;A01;1;7;0;1;1;10;1;
39999;202000026175;154 696 212;B01;1;7;0;2;1;1;1;
40000;202000026175;154 696 213;A01;2;7;9;2;1;13;1;
40001;202000026176;154 696 210;B01;2;7;0;2;1;1;1;
40002;202000026176;154 696 211;A01;2;7;0;2;1;1;1;
40003;202000026177;154 696 208;A01;1;33;0;2;4;1;1;
40004;202000026177;154 696 209;Z01;1;7;0;2;1;2;0;
40005;202000026178;154 696 207;A01;0;7;0;1;1;1;1;
40006;202000026179;154 696 205;B01;1;7;0;2;1;15;1;
40007;202000026179;154 696 206;A01;2;33;0;2;1;2;1;
40008;202000026180;154 696 203;A01;0;7;0;2;3;1;1;
40009;202000026180;154 696 204;B01;0;33;0;2;1;1;1;
40010;202000026181;154 696 201;A01;1;7;0;2;1;13;1;
40011;202000026181;154 696 202;B01;2;1;0;2;1;0;5;
40012;202000026182;154 696 199;A01;3;7;0;9;1;15;1;
40013;202000026182;154 696 200;B01;3;1;0;2;1;1;5;
40014;202000026183;154 696 198;A01;3;7;8;0;1;26;1;
40015;202000026184;154 696 196;B01;2;7;0;2;4;1;1;
40016;202000026184;154 696 197;A01;2;32;0;2;1;1;1;
40017;202000026185;154 696 193;B01;2;17;0;2;3;23;1;
40018;202000026185;154 696 194;C01;2;1;0;2;0;0;5;
40019;202000026185;154 696 195;A01;2;7;0;2;1;1;1;
40020;202000026186;154 696 191;A01;1;2;0;2;1;17;1;
40021;202000026186;154 696 192;B01;2;7;0;2;3;1;1;
40022;202000026187;154 696 188;A01;1;7;0;2;1;1;1;
40023;202000026187;154 696 189;B01;1;7;0;2;4;2;1;
40024;202000026187;154 696 190;C01;1;10;0;2;3;1;1;
40025;202000026188;154 696 186;A01;1;31;0;1;7;14;1;
40026;202000026188;154 696 187;B01;1;7;0;2;6;1;1;
40027;202000026189;154 696 184;A01;2;7;0;2;1;1;1;
40028;202000026189;154 696 185;B01;2;7;0;2;7;1;1;
40029;202000026190;154 696 182;B01;0;31;0;2;1;1;1;
40030;202000026190;154 696 183;A01;0;7;0;2;1;1;1;
40031;202000026191;154 696 180;A01;1;30;0;2;4;15;1;
40032;202000026191;154 696 181;B01;1;31;15;2;1;21;1;
40033;202000026192;154 696 179;A01;1;7;0;1;1;1;1;
40034;202000026193;154 696 177;A01;1;7;0;2;1;1;1;
40035;202000026193;154 696 178;B01;1;7;0;2;4;2;1;
40036;202000026194;154 696 176;A01;1;30;12;0;0;26;1;
40037;202000026195;154 696 174;A01;2;7;0;2;1;26;1;
40038;202000026195;154 696 175;B01;2;2;0;2;1;1;1;
40039;202000026196;154 696 173;A01;3;7;0;1;2;1;1;
40040;202000026197;154 696 172;A01;1;7;1;1;2;1;1;
40041;202000026198;154 696 170;A01;3;30;0;2;1;15;1;
40042;202000026198;154 696 171;B01;3;7;0;2;1;1;1;