;Num_Acc;id_vehicule;num_veh;senc;catv;obs;obsm;choc;manv;motor;occutc
40043;202000026199;154 696 167;C01;1;10;0;2;3;23;0;
40044;202000026199;154 696 168;B01;1;7;0;2;1;1;0;
40045;202000026199;154 696 169;A01;1;7;0;2;7;15;0;
40046;202000026201;154 696 164;B01;2;31;0;2;1;1;1;
40047;202000026202;154 696 163;A01;0;2;0;0;5;1;1;
40048;202000026203;154 696 162;A01;2;7;0;1;1;7;1;
40049;202000026204;154 696 160;Z01;2;10;0;2;0;0;1;
40050;202000026204;154 696 161;A01;2;3;0;2;3;1;1;
40051;202000026206;154 696 155;B01;1;7;0;2;1;15;0;
40052;202000026206;154 696 156;A01;1;31;0;2;1;18;1;
40053;202000026207;154 696 151;B01;1;33;0;2;1;2;1;
40054;202000026207;154 696 152;A01;2;10;0;2;7;15;1;
40055;202000026210;154 696 147;A01;2;7;0;1;2;1;1;
40056;202000026211;154 696 146;A01;2;7;8;0;2;14;1;
40057;202000026212;154 696 145;A01;1;7;0;1;2;1;1;
40058;202000026213;154 696 144;A01;2;7;0;1;0;16;1;
40059;202000026214;154 696 142;A01;2;30;0;2;7;17;1;
40060;202000026214;154 696 143;B01;2;7;0;2;8;9;1;
40061;202000026215;154 696 139;C01;1;7;0;2;7;2;0;
40062;202000026215;154 696 140;A01;2;7;0;1;2;20;0;
40063;202000026215;154 696 141;B01;1;7;0;2;2;0;0;
40064;202000026216;154 696 137;A01;1;14;0;2;1;1;1;
40065;202000026216;154 696 138;B01;1;1;0;2;7;14;5;
40066;202000026219;154 696 131;B01;1;31;0;2;1;1;1;
40067;202000026219;154 696 132;A01;2;7;0;2;2;1;1;
40068;202000026220;154 696 129;B01;2;7;0;2;3;15;2;
40069;202000026220;154 696 130;A01;2;32;0;2;1;17;1;
40070;202000026221;154 696 127;B01;1;30;0;2;8;9;1;
40071;202000026221;154 696 128;A01;1;33;0;2;1;1;1;
40072;202000026222;154 696 125;B01;1;7;0;2;0;12;1;
40073;202000026222;154 696 126;A01;1;34;1;2;1;1;1;
40074;202000026223;154 696 123;B01;1;50;0;2;7;1;3;
40075;202000026223;154 696 124;A01;2;7;0;2;2;15;1;
40076;202000026224;154 696 121;A01;2;60;0;2;1;17;5;
40077;202000026224;154 696 122;B01;2;7;0;2;3;23;2;
40078;202000026225;154 696 119;B01;1;1;0;2;1;1;5;
40079;202000026225;154 696 120;A01;1;10;0;2;2;16;1;
40080;202000026226;154 696 117;B01;1;33;0;2;2;1;1;
40081;202000026226;154 696 118;A01;1;7;0;2;3;11;1;
40082;202000026227;154 696 115;A01;2;1;0;2;1;2;5;
40083;202000026227;154 696 116;B01;2;7;0;2;4;23;1;
40084;202000026228;154 696 114;A01;1;30;0;1;1;16;3;
40085;202000026229;154 696 112;A01;1;2;0;2;2;16;1;
40086;202000026229;154 696 113;B01;2;1;0;2;2;19;5;
40087;202000026230;154 696 111;A01;2;1;0;0;0;1;5;
40088;202000026231;154 696 110;A01;3;1;0;0;1;25;5;
40089;202000026232;154 696 108;A01;3;7;0;2;2;1;1;
40090;202000026232;154 696 109;B01;1;32;0;2;7;1;1;
40091;202000026233;154 696 106;B01;2;7;0;2;2;1;1;
40092;202000026233;154 696 107;A01;2;32;0;2;3;18;1;
40093;202000026234;154 696 105;A01;1;33;0;1;1;1;1;
40094;202000026235;154 696 103;A01;1;7;0;2;1;16;1;
40095;202000026235;154 696 104;B01;1;34;0;2;4;23;1;
40096;202000026236;154 696 101;A01;1;7;0;2;1;1;1;
40097;202000026236;154 696 102;B01;1;7;0;2;6;1;1;
40098;202000026237;154 696 100;A01;3;10;0;1;4;20;1;
40099;202000026238;154 696 098;B01;2;33;0;2;7;0;1;
40100;202000026238;154 696 099;A01;1;7;0;2;1;1;1;
40101;202000026239;154 696 097;A01;2;7;0;1;3;0;1;
40102;202000026240;154 696 096;A01;0;1;0;1;1;1;0;
40103;202000026241;154 696 095;A01;2;7;0;1;2;1;1;
40104;202000026242;154 696 093;B01;3;7;0;2;4;26;0;
40105;202000026242;154 696 094;A01;3;7;0;2;1;2;1;
40106;202000026243;154 696 091;A01;0;30;0;2;2;17;1;
40107;202000026243;154 696 092;B01;0;7;0;2;3;15;0;
40108;202000026244;154 696 089;B01;1;34;0;2;1;1;1;
40109;202000026244;154 696 090;A01;1;7;0;2;8;15;1;
40110;202000026245;154 696 088;A01;1;30;0;0;0;26;1;
40111;202000026247;154 696 084;A01;2;7;0;0;4;1;0;
40112;202000026247;154 696 085;B01;2;10;0;2;1;1;0;
40113;202000026248;154 696 082;B01;3;7;0;2;3;19;0;
40114;202000026248;154 696 083;A01;3;7;0;2;1;11;0;
40115;202000026249;154 696 080;B01;3;34;0;2;8;1;1;
40116;202000026249;154 696 081;A01;3;3;0;2;1;9;1;
40117;202000026251;154 696 077;B01;3;7;0;2;4;1;0;
40118;202000026251;154 696 078;A01;3;7;0;2;1;2;1;
40119;202000026253;154 696 074;A01;1;7;0;2;7;15;1;
40120;202000026253;154 696 075;B01;2;33;0;2;1;1;1;
40121;202000026254;154 696 072;B01;1;10;0;2;0;1;1;
40122;202000026254;154 696 073;A01;1;2;0;2;1;1;1;
40123;202000026255;154 696 071;A01;1;2;0;1;1;1;1;
40124;202000026256;154 696 069;B01;1;7;0;2;4;1;1;
40125;202000026256;154 696 070;A01;1;10;0;2;1;1;1;
40126;202000026257;154 696 068;A01;1;7;0;1;2;1;0;
40127;202000026258;154 696 066;B01;1;10;0;2;5;2;0;
40128;202000026258;154 696 067;A01;1;7;7;2;3;13;1;
40129;202000026259;154 696 065;A01;2;30;0;1;1;1;1;
40130;202000026260;154 696 063;B01;1;7;0;2;3;13;1;
40131;202000026260;154 696 064;A01;1;33;0;2;2;17;1;
40132;202000026261;154 696 061;Z01;2;7;0;2;1;0;0;
40133;202000026261;154 696 062;A01;2;7;0;2;4;23;1;
40134;202000026262;154 696 060;A01;1;7;0;1;4;4;1;
40135;202000026263;154 696 059;A01;2;7;1;1;4;17;1;
40136;202000026264;154 696 057;A01;1;14;0;2;2;1;1;
40137;202000026264;154 696 058;B01;1;7;0;2;3;13;1;
40138;202000026265;154 696 055;B01;1;7;0;0;0;0;1;
40139;202000026265;154 696 056;A01;1;33;0;2;1;17;1;
40140;202000026266;154 696 053;B01;2;31;0;2;1;1;1;
40141;202000026266;154 696 054;A01;1;10;0;2;5;15;1;
40142;202000026268;154 696 050;A01;1;7;1;0;6;0;1;
40143;202000026268;154 696 051;B01;1;7;1;0;2;2;1;
40144;202000026269;154 696 049;A01;1;7;0;1;1;1;0;
40145;202000026270;154 696 047;B01;1;2;0;2;1;19;1;
40146;202000026270;154 696 048;A01;2;7;0;2;1;1;1;
40147;202000026271;154 696 046;A01;2;7;0;1;8;4;0;
40148;202000026272;154 696 044;A01;2;17;14;0;2;1;1;
40149;202000026272;154 696 045;B01;2;7;0;0;4;23;1;
40150;202000026273;154 696 043;A01;2;7;2;0;1;1;1;
40151;202000026274;154 696 041;B01;3;32;0;2;3;5;0;
40152;202000026274;154 696 042;A01;3;7;0;2;3;5;1;
40153;202000026275;154 696 039;B01;2;33;0;2;1;19;1;
40154;202000026275;154 696 040;A01;1;7;0;2;8;10;1;
40155;202000026276;154 696 037;B01;1;7;0;2;8;15;1;
40156;202000026276;154 696 038;A01;1;7;0;2;1;17;1;
40157;202000026277;154 696 036;A01;2;7;13;0;2;1;1;
40158;202000026278;154 696 034;B01;2;7;0;2;3;15;0;
40159;202000026278;154 696 035;A01;2;2;0;2;7;17;1;
40160;202000026279;154 696 032;A01;1;7;0;2;3;13;1;
40161;202000026279;154 696 033;B01;2;16;0;2;3;1;1;
40162;202000026281;154 696 030;A01;3;31;13;0;7;1;1;
40163;202000026282;154 696 029;A01;2;33;13;0;3;1;1;
40164;202000026283;154 696 028;A01;2;33;13;0;1;17;1;
40165;202000026284;154 696 026;A01;2;7;0;2;3;13;1;
40166;202000026284;154 696 027;B01;1;7;0;2;3;1;1;
40167;202000026285;154 696 024;A01;2;7;1;0;1;1;1;
40168;202000026285;154 696 025;B01;1;15;0;2;3;24;1;
40169;202000026286;154 696 023;A01;1;7;0;0;9;21;1;
40170;202000026287;154 696 021;A01;1;33;0;2;1;2;1;
40171;202000026287;154 696 022;B01;1;7;0;0;6;1;1;
40172;202000026288;154 696 020;A01;1;10;2;0;1;1;1;
40173;202000026289;154 696 018;B01;1;7;0;2;1;24;1;
40174;202000026289;154 696 019;A01;2;7;1;1;1;13;1;
40175;202000026290;154 696 016;A01;2;33;0;2;7;1;1;
40176;202000026290;154 696 017;B01;2;33;0;0;6;14;1;
40177;202000026292;154 696 014;A01;1;7;0;1;3;26;1;
40178;202000026293;154 696 012;B01;1;7;13;2;7;6;1;
40179;202000026293;154 696 013;A01;2;7;0;2;1;1;1;
40180;202000026294;154 696 011;A01;1;7;13;0;2;21;1;
40181;202000026295;154 696 009;A01;2;7;0;0;8;15;1;
40182;202000026295;154 696 010;B01;2;33;0;0;1;17;1;
40183;202000026296;154 696 007;B01;2;10;0;2;1;1;1;
40184;202000026296;154 696 008;A01;1;7;0;2;1;5;1;
40185;202000026297;154 696 005;A01;2;7;0;2;3;26;6;
40186;202000026297;154 696 006;B01;1;33;0;2;0;17;1;
40187;202000026298;154 696 001;A01;2;7;0;2;1;2;1;
40188;202000026298;154 696 002;B01;2;7;0;0;4;23;1;
40189;202000026299;154 695 998;C01;2;7;0;2;1;2;1;
40190;202000026299;154 695 999;A01;2;7;0;2;4;1;1;
40191;202000026299;154 696 000;B01;2;7;0;2;4;2;1;
40192;202000026300;154 695 995;A01;1;7;0;2;3;1;1;
40193;202000026300;154 695 996;B01;1;7;0;2;5;1;1;
40194;202000026300;154 695 997;Z01;1;10;0;2;0;1;1;
40195;202000026301;154 695 994;A01;1;7;4;0;3;13;1;
40196;202000026303;154 695 989;A01;2;10;0;2;1;12;1;
40197;202000026303;154 695 990;B01;2;7;0;2;4;2;1;
40198;202000026303;154 695 991;C01;2;7;0;2;6;2;1;
40199;202000026304;154 695 985;D01;2;43;0;2;2;1;1;
40200;202000026304;154 695 986;C01;2;7;0;2;4;1;1;
40201;202000026304;154 695 987;B01;2;7;0;2;4;1;1;
40202;202000026304;154 695 988;A01;2;7;0;2;1;11;1;
40203;202000026305;154 695 980;D01;1;7;0;2;1;21;1;
40204;202000026305;154 695 981;C01;1;7;0;2;1;21;1;
40205;202000026305;154 695 982;B01;1;7;0;2;2;21;1;
40206;202000026305;154 695 983;A01;1;33;0;2;1;21;1;
40207;202000026305;154 695 984;E01;1;7;0;2;5;26;1;
40208;202000026306;154 695 979;A01;1;10;0;2;3;1;1;
40209;202000026307;154 695 977;A01;2;7;0;2;2;12;1;
40210;202000026307;154 695 978;B01;2;33;0;2;3;1;1;
40211;202000026308;154 695 976;A01;1;34;0;0;0;3;1;
40212;202000026309;154 695 974;A01;2;7;3;2;1;2;1;
40213;202000026309;154 695 975;B01;2;10;0;2;1;2;1;
40214;202000026312;154 695 967;C01;2;7;0;2;0;0;2;
40215;202000026312;154 695 968;A01;2;33;0;2;1;3;1;
40216;202000026312;154 695 969;B01;2;7;0;2;2;1;1;
40217;202000026313;154 695 966;A01;1;33;0;0;9;26;1;
40218;202000026314;154 695 963;A01;2;7;0;2;2;12;1;
40219;202000026314;154 695 964;B01;2;33;0;2;1;3;1;
40220;202000026314;154 695 965;C01;2;7;0;2;4;1;1;
40221;202000026315;154 695 961;A01;1;7;0;2;4;1;1;
40222;202000026315;154 695 962;Z01;1;14;0;2;1;0;0;
40223;202000026316;154 695 959;B01;2;7;0;2;4;2;1;
40224;202000026316;154 695 960;A01;2;10;0;2;1;2;1;
40225;202000026317;154 695 957;A01;2;7;0;2;6;11;2;
40226;202000026317;154 695 958;B01;2;31;0;2;1;3;1;
40227;202000026318;154 695 953;B01;1;7;0;2;1;21;1;
40228;202000026318;154 695 954;A01;1;7;0;2;4;26;1;
40229;202000026318;154 695 955;D01;1;16;0;2;3;21;1;
40230;202000026318;154 695 956;C01;1;7;0;2;2;26;1;
40231;202000026319;154 695 951;A01;1;7;1;0;1;2;1;
40232;202000026319;154 695 952;B01;1;7;0;2;4;23;1;
40233;202000026320;154 695 948;A01;1;7;0;2;1;1;1;
40234;202000026320;154 695 949;C01;1;7;0;2;4;2;1;
40235;202000026320;154 695 950;B01;1;7;0;2;4;2;1;
40236;202000026321;154 695 947;A01;2;33;0;0;9;14;1;
40237;202000026322;154 695 944;A01;1;7;0;2;6;15;0;
40238;202000026322;154 695 945;B01;2;1;0;2;8;1;0;
40239;202000026323;154 695 943;A01;1;1;0;0;0;13;5;
40240;202000026324;154 695 941;A01;1;2;0;2;1;17;1;
40241;202000026324;154 695 942;B01;1;7;0;2;8;15;1;
40242;202000026325;154 695 940;A01;1;7;0;1;3;15;1;
40243;202000026328;154 695 935;A01;3;7;0;2;1;2;0;
40244;202000026328;154 695 936;B01;3;7;0;0;4;23;0;
40245;202000026329;154 695 934;A01;1;7;0;1;3;19;0;
40246;202000026330;154 695 933;A01;2;7;8;0;3;0;1;
40247;202000026331;154 695 930;A01;1;32;0;2;1;17;1;
40248;202000026331;154 695 931;C01;1;14;0;2;6;2;4;
40249;202000026331;154 695 932;B01;2;1;0;2;1;1;5;
40250;202000026332;154 695 928;A01;3;7;0;2;2;1;0;
40251;202000026332;154 695 929;B01;3;7;0;2;3;1;0;
40252;202000026333;154 695 926;A01;2;10;0;2;1;2;0;
40253;202000026333;154 695 927;B01;3;10;0;2;4;2;1;
40254;202000026334;154 695 924;A01;2;7;0;2;3;0;1;
40255;202000026334;154 695 925;B01;1;7;0;2;3;0;1;
40256;202000026335;154 695 922;A01;1;1;0;2;1;1;5;
40257;202000026335;154 695 923;B01;2;7;0;2;2;15;1;
40258;202000026336;154 695 921;A01;2;7;0;1;2;1;-1;
40259;202000026337;154 695 919;A01;3;7;0;2;3;26;0;
40260;202000026337;154 695 920;B01;3;37;0;2;2;8;0;3.0
40261;202000026338;154 695 918;A01;1;7;0;1;1;1;1;
40262;202000026339;154 695 917;A01;3;7;0;1;2;1;1;
40263;202000026340;154 695 915;A01;2;7;0;2;1;1;1;
40264;202000026340;154 695 916;B01;2;1;0;2;2;1;5;
40265;202000026341;154 695 913;B01;1;33;0;2;1;1;1;
40266;202000026341;154 695 914;A01;3;38;0;2;2;19;1;5.0
40267;202000026342;154 695 911;B01;1;7;0;2;6;15;1;
40268;202000026342;154 695 912;A01;1;30;0;2;1;17;1;
40269;202000026343;154 695 909;A01;2;31;0;2;1;1;6;
40270;202000026343;154 695 910;B01;2;7;0;2;3;15;6;
40271;202000026345;154 695 905;A01;1;10;0;2;7;9;1;
40272;202000026345;154 695 906;B01;1;7;0;2;3;2;1;
40273;202000026346;154 695 903;A01;1;3;0;2;8;13;1;
40274;202000026346;154 695 904;B01;1;33;0;2;7;17;1;
40275;202000026347;154 695 902;A01;1;7;0;0;9;0;1;
40276;202000026348;154 695 900;B01;2;7;0;2;2;15;1;
40277;202000026348;154 695 901;A01;1;7;0;2;1;8;1;
40278;202000026349;154 695 898;A01;2;1;0;0;4;26;5;
40279;202000026349;154 695 899;B01;2;7;0;2;1;16;1;
40280;202000026350;154 695 897;A01;2;1;0;1;1;1;5;
40281;202000026352;154 695 893;B01;2;7;0;2;1;16;1;
40282;202000026352;154 695 894;A01;1;34;0;2;7;25;1;
40283;202000026353;154 695 891;B01;1;1;0;2;5;13;5;
40284;202000026353;154 695 892;A01;0;7;0;2;3;15;0;
40285;202000026355;154 695 887;A01;2;30;0;0;0;15;1;
40286;202000026356;154 695 885;B01;1;7;0;2;4;2;0;
40287;202000026356;154 695 886;Z01;1;7;0;2;1;9;1;
40288;202000026357;154 695 884;A01;2;10;0;1;4;4;1;
40289;202000026358;154 695 882;B01;2;1;0;2;1;1;5;
40290;202000026358;154 695 883;A01;1;7;0;2;2;15;1;
40291;202000026359;154 695 880;B01;1;7;0;2;2;1;1;
40292;202000026359;154 695 881;A01;2;7;0;2;1;13;1;
40293;202000026360;154 695 879;A01;1;33;12;0;3;1;1;
40294;202000026361;154 695 877;B01;2;1;0;2;8;0;5;
40295;202000026361;154 695 878;A01;2;10;0;2;2;9;1;
40296;202000026362;154 695 876;A01;1;7;13;0;7;1;1;
40297;202000026363;154 695 875;A01;1;7;0;1;5;1;1;
40298;202000026364;154 695 874;A01;3;37;0;1;2;25;0;1.0
40299;202000026365;154 695 872;B01;0;13;0;2;0;0;1;
40300;202000026365;154 695 873;A01;0;7;0;2;3;16;1;
40301;202000026366;154 695 870;B01;1;20;0;0;0;0;1;
40302;202000026366;154 695 871;A01;1;20;16;0;1;9;1;
40303;202000026367;154 695 868;A01;1;7;0;2;5;2;1;
40304;202000026367;154 695 869;B01;2;2;0;2;1;1;1;
40305;202000026368;154 695 866;A01;0;10;0;9;2;15;1;
40306;202000026368;154 695 867;B01;0;43;0;2;8;1;1;
40307;202000026369;154 695 864;B01;3;7;0;0;4;23;1;
40308;202000026369;154 695 865;A01;3;7;0;2;1;26;1;
40309;202000026370;154 695 862;B01;1;7;0;2;5;1;1;
40310;202000026370;154 695 863;A01;2;7;0;2;1;1;1;
40311;202000026371;154 695 860;A01;1;33;0;0;8;13;1;
40312;202000026371;154 695 861;B01;2;10;0;0;0;21;1;
40313;202000026372;154 695 859;A01;1;7;0;1;1;1;1;
40314;202000026373;154 695 855;D01;1;15;0;2;8;1;0;
40315;202000026373;154 695 856;C01;1;7;0;2;2;0;0;
40316;202000026373;154 695 857;B01;1;7;0;2;3;1;0;
40317;202000026373;154 695 858;A01;1;7;0;2;9;12;0;
40318;202000026374;154 695 852;B01;1;7;0;2;5;1;1;
40319;202000026374;154 695 853;C01;1;7;0;2;6;1;2;
40320;202000026374;154 695 854;A01;1;31;0;2;1;3;1;
40321;202000026375;154 695 850;A01;2;43;0;2;2;1;1;
40322;202000026375;154 695 851;B01;2;7;0;2;3;1;1;
40323;202000026376;154 695 848;A01;2;7;0;2;5;12;1;
40324;202000026376;154 695 849;B01;2;32;0;2;1;3;1;
40325;202000026377;154 695 847;A01;1;7;0;1;2;15;2;
40326;202000026378;154 695 846;A01;2;32;0;0;2;21;1;
40327;202000026379;154 695 845;A01;2;10;1;1;7;16;1;
40328;202000026382;154 695 839;Z01;1;2;0;2;7;17;0;
40329;202000026382;154 695 840;B01;2;1;0;2;1;1;5;
40330;202000026383;154 695 837;A01;3;31;0;2;1;1;0;
40331;202000026383;154 695 838;B01;3;7;0;2;5;15;0;
40332;202000026384;154 695 835;B01;1;1;0;2;1;1;5;
40333;202000026384;154 695 836;A01;2;7;0;2;7;16;3;
40334;202000026385;154 695 832;A01;3;10;0;2;1;2;1;
40335;202000026385;154 695 833;B01;3;31;0;2;4;2;1;
40336;202000026385;154 695 834;C01;3;7;0;2;4;23;1;
40337;202000026386;154 695 830;A01;0;1;0;2;5;19;5;
40338;202000026386;154 695 831;B01;3;33;0;2;3;1;1;
40339;202000026387;154 695 829;A01;2;33;0;1;1;1;1;
40340;202000026388;154 695 827;Z01;2;1;0;2;0;1;6;
40341;202000026388;154 695 828;A01;1;1;0;2;4;1;5;
40342;202000026390;154 695 824;A01;3;7;0;2;8;11;1;
40343;202000026390;154 695 825;B01;3;31;0;2;7;1;1;
40344;202000026391;154 695 822;B01;2;1;0;2;8;1;5;
40345;202000026391;154 695 823;A01;2;7;0;2;2;14;1;
40346;202000026392;154 695 820;B01;1;2;0;2;1;1;1;
40347;202000026392;154 695 821;A01;1;7;0;2;6;10;1;
40348;202000026393;154 695 817;A01;3;7;0;2;2;2;1;
40349;202000026393;154 695 818;B01;3;7;0;2;4;2;1;
40350;202000026393;154 695 819;C01;3;7;0;2;4;23;1;
40351;202000026394;154 695 815;B01;1;33;6;2;2;1;1;
40352;202000026394;154 695 816;A01;1;7;0;2;1;1;1;
40353;202000026395;154 695 814;A01;2;43;0;1;2;1;1;
40354;202000026396;154 695 813;A01;1;34;14;0;1;1;1;
40355;202000026397;154 695 811;B01;3;1;0;2;1;1;5;
40356;202000026397;154 695 812;A01;3;7;0;2;5;22;2;
40357;202000026398;154 695 810;A01;2;33;0;1;1;1;1;
40358;202000026399;154 695 808;A01;1;50;0;2;1;26;3;
40359;202000026399;154 695 809;B01;3;10;0;2;2;2;1;
40360;202000026400;154 695 807;Z01;2;1;0;1;1;1;5;
40361;202000026401;154 695 805;B01;1;33;0;2;4;23;1;
40362;202000026401;154 695 806;A01;1;32;0;2;1;2;1;
40363;202000026402;154 695 803;B01;3;2;0;2;2;1;0;
40364;202000026402;154 695 804;A01;3;7;0;2;7;15;0;
40365;202000026403;154 695 802;A01;3;2;12;0;3;1;1;
40366;202000026404;154 695 801;A01;3;0;0;1;1;26;0;
40367;202000026405;154 695 799;A01;1;7;1;2;5;2;1;
40368;202000026405;154 695 800;B01;1;7;1;2;1;2;0;
40369;202000026406;154 695 797;A01;1;50;0;2;1;1;3;
40370;202000026406;154 695 798;B01;2;7;0;2;1;15;1;
40371;202000026407;154 695 795;A01;1;7;0;9;3;1;1;
40372;202000026407;154 695 796;B01;-1;1;0;2;-1;-1;-1;
40373;202000026408;154 695 793;B01;1;32;0;0;2;1;0;
40374;202000026408;154 695 794;A01;1;7;0;0;8;11;0;
40375;202000026409;154 695 791;B01;2;7;0;2;1;0;0;
40376;202000026409;154 695 792;A01;1;7;0;2;1;9;0;
40377;202000026410;154 695 789;A01;1;1;1;0;0;0;0;
40378;202000026410;154 695 790;B01;1;7;1;0;0;0;0;
40379;202000026411;154 695 788;A01;3;1;0;1;1;1;5;
40380;202000026412;154 695 786;B01;1;30;0;2;1;2;0;
40381;202000026412;154 695 787;A01;1;7;0;2;5;4;1;
40382;202000026413;154 695 781;E01;2;7;0;2;4;23;1;
40383;202000026413;154 695 782;D01;2;7;0;2;4;23;0;
40384;202000026413;154 695 783;C01;2;7;0;2;4;23;1;
40385;202000026413;154 695 784;B01;2;31;0;2;4;23;1;
40386;202000026413;154 695 785;A01;2;7;0;2;1;2;1;
40387;202000026415;154 695 778;A01;3;33;6;0;1;1;1;
40388;202000026416;154 695 777;A01;1;7;0;1;7;16;1;
40389;202000026417;154 695 776;A01;2;7;0;1;7;0;1;
40390;202000026418;154 695 775;A01;2;7;8;0;2;1;1;
40391;202000026420;154 695 772;A01;2;7;0;2;1;1;1;
40392;202000026420;154 695 773;B01;2;7;0;2;3;1;1;
40393;202000026421;154 695 771;A01;2;7;13;0;0;1;1;
40394;202000026422;154 695 770;A01;2;33;0;0;7;1;1;
40395;202000026423;154 695 768;A01;2;33;0;2;1;2;1;
40396;202000026423;154 695 769;B01;2;7;0;2;3;15;0;
40397;202000026424;154 695 766;A01;2;7;0;2;3;5;1;
40398;202000026424;154 695 767;B01;1;7;0;2;3;1;1;
40399;202000026425;154 695 764;B01;1;7;0;2;1;2;6;
40400;202000026425;154 695 765;A01;1;7;0;2;4;2;6;
40401;202000026426;154 695 760;B01;1;7;0;2;8;1;1;
40402;202000026426;154 695 761;A01;2;7;0;2;3;1;1;
40403;202000026427;154 695 759;A01;1;10;1;0;1;5;1;
40404;202000026428;154 695 757;A01;1;33;0;2;1;1;1;
40405;202000026428;154 695 758;B01;2;33;0;2;1;1;1;
40406;202000026429;154 695 755;A01;1;7;7;2;2;15;4;
40407;202000026429;154 695 756;B01;2;7;0;2;1;1;4;
40408;202000026430;154 695 753;A01;1;7;0;2;2;1;0;
40409;202000026430;154 695 754;B01;1;1;0;2;8;1;0;
40410;202000026431;154 695 752;A01;2;7;0;0;0;1;1;
40411;202000026432;154 695 750;A01;2;7;0;2;3;0;1;
40412;202000026432;154 695 751;B01;1;7;0;2;2;0;1;
40413;202000026433;154 695 749;A01;1;33;2;0;1;1;1;
40414;202000026435;154 695 746;A01;1;7;0;1;2;1;1;
40415;202000026436;154 695 744;A01;1;7;2;2;7;2;1;
40416;202000026436;154 695 745;B01;1;7;2;2;8;2;1;
40417;202000026437;154 695 743;A01;0;7;0;1;0;4;1;
40418;202000026438;154 695 742;A01;2;33;2;0;0;13;1;
40419;202000026439;154 695 740;B01;1;30;0;2;1;2;1;
40420;202000026439;154 695 741;A01;1;7;0;0;5;9;0;
40421;202000026440;154 695 739;A01;1;7;2;0;8;1;1;
40422;202000026441;154 695 737;A01;1;7;0;2;2;16;1;
40423;202000026441;154 695 738;B01;1;1;0;2;8;1;5;
40424;202000026443;154 695 734;A01;1;7;13;0;2;1;1;
40425;202000026444;154 695 733;A01;3;7;0;1;6;4;0;
40426;202000026445;154 695 732;A01;1;33;0;6;1;1;1;
40427;202000026446;154 695 726;A01;2;10;0;2;1;13;1;
40428;202000026446;154 695 727;E01;1;10;0;2;6;1;1;
40429;202000026446;154 695 728;B01;1;7;0;2;8;1;1;
40430;202000026446;154 695 729;C01;1;7;0;2;6;2;1;
40431;202000026446;154 695 730;D01;1;7;0;2;1;1;1;
40432;202000026447;154 695 723;B01;1;7;0;2;2;1;1;
40433;202000026447;154 695 724;A01;3;7;0;2;3;9;1;
40434;202000026448;154 695 722;A01;1;33;14;0;1;1;1;
40435;202000026449;154 695 720;A01;3;7;0;2;7;9;1;
40436;202000026449;154 695 721;B01;1;31;0;2;1;1;1;
40437;202000026450;154 695 719;A01;0;7;6;0;1;16;1;
40438;202000026452;154 695 716;A01;1;33;0;0;2;0;1;
40439;202000026453;154 695 715;A01;2;2;12;0;2;1;1;
40440;202000026455;154 695 712;B01;1;21;0;2;8;15;0;
40441;202000026455;154 695 713;A01;1;7;0;2;2;17;0;
40442;202000026456;154 695 710;A01;1;2;0;2;1;17;1;
40443;202000026456;154 695 711;B01;1;7;0;2;8;15;1;
40444;202000026457;154 695 708;A01;1;33;0;2;1;2;1;
40445;202000026457;154 695 709;B01;1;33;0;0;4;2;1;
40446;202000026458;154 695 705;C01;1;7;1;0;1;2;1;
40447;202000026458;154 695 706;A01;1;7;0;0;3;1;3;
40448;202000026458;154 695 707;B01;1;10;0;2;1;2;1;
40449;202000026459;154 695 703;A01;2;7;0;2;2;15;1;
40450;202000026459;154 695 704;B01;1;1;0;2;1;1;5;
40451;202000026460;154 695 701;A01;1;7;0;2;2;0;1;
40452;202000026460;154 695 702;B01;1;17;0;0;6;1;1;
40453;202000026461;154 695 699;B01;1;10;0;2;8;1;1;
40454;202000026461;154 695 700;A01;1;10;0;2;3;1;1;
40455;202000026462;154 695 697;B01;2;15;0;2;3;1;1;
40456;202000026462;154 695 698;A01;1;7;0;2;3;13;1;
40457;202000026463;154 695 695;A01;0;2;0;2;1;13;1;
40458;202000026463;154 695 696;B01;1;10;0;2;3;23;1;
40459;202000026464;154 695 693;A01;1;10;0;2;2;1;1;
40460;202000026464;154 695 694;B01;3;1;0;2;1;9;5;
40461;202000026465;154 695 691;B01;3;7;0;0;0;2;0;
40462;202000026465;154 695 692;A01;3;33;0;0;0;2;0;
40463;202000026466;154 695 689;A01;3;2;0;2;1;1;1;
40464;202000026466;154 695 690;B01;3;7;0;0;5;1;1;
40465;202000026467;154 695 688;A01;1;33;0;0;7;16;1;
40466;202000026468;154 695 686;B01;2;2;0;2;2;1;1;
40467;202000026468;154 695 687;A01;3;7;0;2;3;19;1;
40468;202000026469;154 695 685;A01;2;7;0;1;1;1;1;
40469;202000026471;154 695 683;A01;2;33;0;0;1;1;1;
40470;202000026472;154 695 681;A01;3;1;0;2;8;19;5;
40471;202000026472;154 695 682;B01;1;7;0;2;1;1;1;
40472;202000026473;154 695 679;B01;1;7;1;0;4;24;1;
40473;202000026473;154 695 680;A01;1;7;1;0;1;1;1;
40474;202000026474;154 695 677;B01;1;7;0;0;3;15;1;
40475;202000026474;154 695 678;A01;1;33;0;0;7;1;1;