;Num_Acc;id_vehicule;num_veh;senc;catv;obs;obsm;choc;manv;motor;occutc
40476;202000026475;154 695 675;B01;1;7;0;0;4;15;1;
40477;202000026475;154 695 676;A01;1;33;0;2;1;2;1;
40478;202000026476;154 695 673;A01;1;7;13;2;3;19;1;
40479;202000026476;154 695 674;B01;2;7;13;2;2;1;1;
40480;202000026477;154 695 671;B01;1;34;0;2;3;1;0;
40481;202000026477;154 695 672;A01;2;10;0;2;3;13;0;
40482;202000026478;154 695 667;A01;2;21;0;0;4;4;1;
40483;202000026478;154 695 668;B01;1;1;0;0;2;1;5;
40484;202000026479;154 695 665;B01;2;2;0;2;1;5;1;
40485;202000026479;154 695 666;A01;1;7;0;2;1;1;1;
40486;202000026480;154 695 664;A01;2;7;0;0;9;0;1;
40487;202000026481;154 695 662;A01;1;7;0;2;2;1;1;
40488;202000026481;154 695 663;B01;1;7;0;2;6;13;1;
40489;202000026483;154 695 659;B01;2;7;0;2;8;1;1;
40490;202000026483;154 695 660;A01;2;7;0;2;1;1;1;
40491;202000026484;154 695 657;B01;1;7;0;2;4;0;1;
40492;202000026484;154 695 658;A01;1;7;0;2;1;9;1;
40493;202000026485;154 695 655;B01;1;7;0;2;4;2;1;
40494;202000026485;154 695 656;A01;1;7;0;2;1;2;1;
40495;202000026486;154 695 652;C01;1;7;0;2;4;2;1;
40496;202000026486;154 695 653;A01;1;7;0;2;1;1;1;
40497;202000026486;154 695 654;B01;1;7;0;2;4;2;1;
40498;202000026487;154 695 650;B01;1;7;0;2;1;2;1;
40499;202000026487;154 695 651;A01;1;7;0;2;4;2;1;
40500;202000026489;154 695 646;A01;2;10;0;2;1;2;1;
40501;202000026489;154 695 647;B01;2;7;0;2;4;2;1;
40502;202000026490;154 695 645;A01;0;7;0;0;0;0;1;
40503;202000026491;154 695 643;A01;1;7;0;2;1;2;2;
40504;202000026491;154 695 644;B01;1;7;0;2;4;1;1;
40505;202000026492;154 695 642;A01;1;34;14;0;1;2;1;
40506;202000026493;154 695 641;A01;1;7;4;0;2;1;1;
40507;202000026495;154 695 637;B01;2;7;0;2;4;2;1;
40508;202000026495;154 695 638;A01;2;15;0;2;1;2;1;
40509;202000026496;154 695 635;B01;1;32;0;2;1;17;1;
40510;202000026496;154 695 636;A01;1;7;0;2;3;10;1;
40511;202000026498;154 695 632;A01;2;7;0;2;1;1;1;
40512;202000026498;154 695 633;B01;2;31;0;2;4;23;1;
40513;202000026500;154 695 629;A01;1;7;0;9;1;1;1;
40514;202000026500;154 695 630;B01;2;60;0;2;1;1;5;
40515;202000026501;154 695 627;A01;1;7;0;2;7;15;1;
40516;202000026501;154 695 628;B01;2;31;0;2;1;1;1;
40517;202000026502;154 695 626;A01;3;7;0;1;2;16;1;
40518;202000026503;154 695 625;A01;2;50;12;0;0;0;3;
40519;202000026504;154 695 624;A01;1;2;0;2;1;2;1;
40520;202000026505;154 695 623;A01;2;7;0;1;4;4;1;
40521;202000026506;154 695 622;A01;1;7;1;0;1;0;1;
40522;202000026507;154 695 620;B01;2;31;0;0;1;1;1;
40523;202000026507;154 695 621;A01;1;10;0;2;3;15;1;
40524;202000026508;154 695 618;B01;1;1;0;9;7;26;6;
40525;202000026508;154 695 619;A01;2;1;0;9;8;26;6;
40526;202000026509;154 695 616;A01;2;7;0;2;1;9;1;
40527;202000026509;154 695 617;B01;1;1;0;2;7;1;5;
40528;202000026510;154 695 614;B01;3;33;0;2;8;1;1;
40529;202000026510;154 695 615;A01;3;2;0;2;7;12;1;
40530;202000026511;154 695 613;A01;3;7;0;1;1;15;1;
40531;202000026512;154 695 609;A01;3;32;0;1;2;9;0;
40532;202000026513;154 695 607;A01;1;7;0;1;1;16;1;
40533;202000026514;154 695 605;B01;1;31;0;2;1;1;0;
40534;202000026514;154 695 606;A01;1;34;0;2;3;10;0;
40535;202000026515;154 695 603;A01;2;7;0;2;3;16;1;
40536;202000026515;154 695 604;B01;1;1;0;2;1;1;5;
40537;202000026516;154 695 601;A01;3;32;0;2;3;18;1;
40538;202000026516;154 695 602;B01;3;7;0;2;5;1;1;
40539;202000026518;154 695 597;A01;1;7;0;2;2;1;6;
40540;202000026518;154 695 598;Y01;2;50;0;2;1;1;3;
40541;202000026519;154 695 595;B01;2;1;0;2;4;1;5;
40542;202000026519;154 695 596;A01;1;1;0;2;1;1;5;
40543;202000026520;154 695 593;B01;2;1;0;2;7;19;5;
40544;202000026520;154 695 594;A01;1;7;0;2;2;1;1;
40545;202000026521;154 695 590;A01;2;10;0;2;1;26;1;
40546;202000026521;154 695 591;B01;2;7;0;2;4;23;1;
40547;202000026521;154 695 592;C01;2;7;0;2;4;23;1;
40548;202000026522;154 695 589;A01;3;7;0;1;2;15;1;
40549;202000026523;154 695 588;A01;1;33;0;0;0;1;1;
40550;202000026524;154 695 586;A01;1;50;0;2;1;5;3;
40551;202000026524;154 695 587;B01;2;7;0;2;1;1;1;
40552;202000026525;154 695 584;A01;1;7;0;2;1;13;1;
40553;202000026525;154 695 585;B01;2;7;0;2;1;1;1;
40554;202000026526;154 695 583;A01;2;1;0;0;1;1;5;
40555;202000026527;154 695 580;A01;3;7;0;2;1;2;1;
40556;202000026527;154 695 581;C01;3;7;0;2;4;2;1;
40557;202000026527;154 695 582;B01;3;7;0;2;4;2;1;
40558;202000026528;154 695 578;B01;3;30;0;2;0;11;1;
40559;202000026528;154 695 579;A01;3;7;0;2;3;1;1;
40560;202000026529;154 695 577;A01;3;2;0;1;0;0;1;
40561;202000026530;154 695 576;A01;1;33;0;0;7;0;1;
40562;202000026531;154 695 575;A01;0;7;0;1;1;16;1;
40563;202000026532;154 695 573;A01;3;7;0;2;1;2;1;
40564;202000026532;154 695 574;B01;3;7;0;2;4;23;1;
40565;202000026533;154 695 571;A01;1;30;0;2;1;1;1;
40566;202000026533;154 695 572;B01;1;7;0;2;4;9;1;
40567;202000026535;154 695 566;C01;1;7;0;2;4;1;1;
40568;202000026535;154 695 567;B01;1;7;0;2;4;1;1;
40569;202000026535;154 695 568;A01;1;7;0;2;1;1;1;
40570;202000026536;154 695 564;B01;3;7;0;2;4;15;1;
40571;202000026536;154 695 565;A01;3;31;0;2;1;2;1;
40572;202000026540;154 695 556;B01;3;7;0;2;1;9;1;
40573;202000026540;154 695 557;A01;2;7;0;2;1;1;1;
40574;202000026541;154 695 554;A01;2;7;0;2;3;1;1;
40575;202000026541;154 695 555;B01;3;1;0;2;2;1;5;
40576;202000026542;154 695 552;B01;1;2;0;2;7;1;1;
40577;202000026542;154 695 553;A01;1;10;0;2;1;9;1;
40578;202000026543;154 695 551;A01;2;7;6;0;1;1;1;
40579;202000026544;154 695 549;B01;1;1;0;2;0;0;5;
40580;202000026544;154 695 550;A01;1;7;0;2;0;0;1;
40581;202000026545;154 695 546;C01;1;7;0;2;4;0;1;
40582;202000026545;154 695 547;A01;1;7;0;2;1;0;1;
40583;202000026545;154 695 548;B01;1;7;0;2;9;0;1;
40584;202000026546;154 695 544;B01;1;1;0;0;0;0;5;
40585;202000026546;154 695 545;A01;1;7;0;2;1;0;1;
40586;202000026547;154 695 542;B01;1;1;0;2;1;0;5;
40587;202000026547;154 695 543;A01;1;7;0;2;1;0;1;
40588;202000026548;154 695 541;A01;1;7;0;0;9;0;1;
40589;202000026550;154 695 536;B01;3;7;0;2;4;2;1;
40590;202000026550;154 695 537;A01;3;10;0;2;4;23;1;
40591;202000026550;154 695 538;C01;3;7;0;2;1;2;1;
40592;202000026551;154 695 534;B01;1;1;0;2;8;1;5;
40593;202000026551;154 695 535;A01;2;10;0;2;2;16;1;
40594;202000026552;154 695 533;A01;1;10;0;1;1;1;1;
40595;202000026553;154 695 529;T01;0;0;-1;-1;-1;0;-1;
40596;202000026553;154 695 530;B01;1;37;0;2;2;1;1;1.0
40597;202000026553;154 695 531;A01;3;1;0;2;1;19;0;
40598;202000026554;154 695 527;B01;1;7;0;2;1;1;1;
40599;202000026554;154 695 528;A01;3;7;0;2;1;15;1;
40600;202000026555;154 695 525;B01;2;2;0;2;1;17;1;
40601;202000026555;154 695 526;A01;2;7;0;2;3;15;1;
40602;202000026556;154 695 524;A01;3;7;0;1;2;16;1;
40603;202000026557;154 695 522;A01;3;7;0;2;7;15;1;
40604;202000026557;154 695 523;B01;3;32;0;2;2;1;1;
40605;202000026558;154 695 520;B01;2;1;0;2;0;1;0;
40606;202000026558;154 695 521;A01;1;7;0;2;3;26;1;
40607;202000026559;154 695 519;A01;1;30;12;0;6;1;1;
40608;202000026560;154 695 518;A01;3;30;12;0;8;1;1;
40609;202000026561;154 695 516;Z01;0;7;0;2;3;0;1;
40610;202000026561;154 695 517;A01;0;31;0;2;1;9;1;
40611;202000026562;154 695 513;C01;1;7;0;2;4;1;1;
40612;202000026562;154 695 514;B01;1;10;0;2;4;2;1;
40613;202000026562;154 695 515;A01;1;7;0;2;1;2;1;
40614;202000026563;154 695 512;A01;1;7;0;1;2;21;1;
40615;202000026564;154 695 511;A01;1;7;0;1;1;15;1;
40616;202000026565;154 695 509;B01;1;17;0;2;1;1;1;
40617;202000026565;154 695 510;A01;2;7;0;2;1;13;1;
40618;202000026567;154 695 504;C01;0;7;0;2;4;2;1;
40619;202000026567;154 695 505;B01;1;7;0;2;1;2;1;
40620;202000026567;154 695 506;A01;1;7;0;2;1;1;1;
40621;202000026568;154 695 502;A01;3;10;0;2;2;1;1;
40622;202000026568;154 695 503;B01;3;10;0;2;1;16;1;
40623;202000026569;154 695 500;B01;1;7;0;2;2;1;1;
40624;202000026569;154 695 501;A01;2;1;0;2;1;5;5;
40625;202000026570;154 695 498;B01;2;7;0;2;4;1;1;
40626;202000026570;154 695 499;A01;2;7;0;2;1;1;1;
40627;202000026571;154 695 496;A01;1;7;0;2;6;15;1;
40628;202000026571;154 695 497;B01;1;37;0;2;2;1;1;1.0
40629;202000026572;154 695 494;A01;2;7;0;2;2;15;1;
40630;202000026572;154 695 495;B01;1;7;0;2;3;1;1;
40631;202000026573;154 695 492;B01;2;2;0;2;1;1;1;
40632;202000026573;154 695 493;A01;1;7;0;2;2;15;1;
40633;202000026574;154 695 489;A01;0;33;0;2;1;13;1;
40634;202000026574;154 695 490;C01;0;7;0;2;1;1;1;
40635;202000026574;154 695 491;B01;0;7;0;2;2;1;1;
40636;202000026575;154 695 487;B01;1;7;0;2;4;1;1;
40637;202000026575;154 695 488;A01;1;7;0;2;1;1;1;
40638;202000026576;154 695 484;C01;0;13;0;1;0;23;1;
40639;202000026576;154 695 485;B01;0;7;0;1;6;1;1;
40640;202000026576;154 695 486;A01;0;13;0;1;3;1;1;
40641;202000026580;154 695 477;B01;1;7;0;2;1;1;1;
40642;202000026580;154 695 478;A01;1;15;0;2;1;16;1;
40643;202000026581;154 695 475;B01;2;7;0;2;4;1;1;
40644;202000026581;154 695 476;A01;2;7;0;2;1;1;1;
40645;202000026582;154 695 474;A01;0;31;10;0;1;1;1;
40646;202000026583;154 695 473;A01;1;2;0;0;1;9;1;
40647;202000026584;154 695 471;A01;1;7;0;2;3;13;1;
40648;202000026584;154 695 472;B01;2;7;0;2;3;1;1;
40649;202000026585;154 695 470;A01;1;7;13;0;2;14;1;
40650;202000026586;154 695 469;A01;1;37;0;1;1;15;0;1.0
40651;202000026587;154 695 468;A01;2;33;3;0;1;1;1;
40652;202000026588;154 695 466;A01;1;7;0;2;1;16;1;
40653;202000026588;154 695 467;B01;2;99;0;2;7;1;3;
40654;202000026589;154 695 464;B01;1;7;0;2;1;0;1;
40655;202000026589;154 695 465;A01;1;7;7;2;1;0;1;
40656;202000026590;154 695 460;B01;2;2;0;2;2;1;1;
40657;202000026590;154 695 461;A01;2;7;0;2;8;20;1;
40658;202000026591;154 695 459;A01;0;7;0;1;1;1;1;
40659;202000026592;154 695 457;A01;2;7;0;2;1;2;1;
40660;202000026592;154 695 458;B01;2;3;0;2;4;2;1;
40661;202000026593;154 695 455;B01;2;7;0;2;1;1;1;
40662;202000026593;154 695 456;A01;1;3;0;2;1;11;1;
40663;202000026594;154 695 454;A01;1;7;0;1;1;16;1;
40664;202000026595;154 695 453;A01;2;7;0;1;1;1;1;
40665;202000026596;154 695 451;B01;1;2;0;2;1;1;1;
40666;202000026596;154 695 452;A01;1;7;0;2;2;15;1;
40667;202000026597;154 695 449;A01;1;7;0;2;1;1;1;
40668;202000026597;154 695 450;B01;1;7;0;2;4;1;1;
40669;202000026598;154 695 448;A01;2;7;3;0;3;1;1;
40670;202000026599;154 695 446;A01;2;33;0;2;2;17;1;
40671;202000026599;154 695 447;B01;2;10;0;2;8;15;1;
40672;202000026600;154 695 444;A01;1;31;0;0;0;1;1;
40673;202000026600;154 695 445;B01;0;7;0;0;0;0;0;
40674;202000026602;154 695 439;B01;2;7;0;2;1;1;1;
40675;202000026602;154 695 440;A01;1;7;0;2;1;1;1;
40676;202000026603;154 695 438;A01;1;7;0;1;1;1;0;
40677;202000026604;154 695 437;A01;3;7;8;0;2;1;1;
40678;202000026605;154 695 436;A01;1;7;9;0;1;13;0;
40679;202000026606;154 695 434;B01;0;7;0;2;4;23;1;
40680;202000026606;154 695 435;A01;0;7;0;2;1;1;1;
40681;202000026607;154 695 432;B01;2;10;0;2;1;1;1;
40682;202000026607;154 695 433;A01;1;7;0;2;0;0;1;
40683;202000026609;154 695 428;A01;1;7;0;2;1;2;0;
40684;202000026609;154 695 429;B01;1;7;0;2;4;2;0;
40685;202000026609;154 695 430;C01;1;7;0;0;4;2;0;
40686;202000026611;154 695 424;B01;1;7;0;2;3;11;1;
40687;202000026611;154 695 425;A01;1;33;0;2;2;17;1;
40688;202000026613;154 695 422;A01;1;2;0;0;0;21;1;
40689;202000026617;154 695 415;C01;1;7;0;2;4;2;1;
40690;202000026617;154 695 416;B01;1;33;0;2;4;2;1;
40691;202000026617;154 695 417;A01;1;7;0;2;1;2;1;
40692;202000026618;154 695 414;A01;1;7;13;0;9;13;1;
40693;202000026619;154 695 412;A01;1;7;0;9;2;16;1;
40694;202000026619;154 695 413;B01;2;80;0;2;3;5;3;
40695;202000026620;154 695 410;B01;2;7;0;2;1;2;1;
40696;202000026620;154 695 411;A01;2;1;0;2;8;19;5;
40697;202000026621;154 695 408;A01;2;7;0;2;6;1;1;
40698;202000026621;154 695 409;B01;3;7;0;2;1;1;1;
40699;202000026622;154 695 407;A01;2;7;0;1;3;1;1;
40700;202000026624;154 695 405;A01;3;1;0;0;0;26;6;
40701;202000026625;154 695 403;B01;0;32;0;2;1;1;1;
40702;202000026625;154 695 404;A01;0;7;0;2;1;15;1;
40703;202000026626;154 695 402;A01;2;7;1;1;2;17;1;
40704;202000026627;154 695 401;A01;0;14;3;0;9;1;0;
40705;202000026628;154 695 400;A01;1;30;0;1;1;17;1;
40706;202000026629;154 695 398;A01;1;7;0;2;2;15;1;
40707;202000026629;154 695 399;B01;2;7;0;2;1;1;1;
40708;202000026630;154 695 396;B01;2;7;0;2;4;2;1;
40709;202000026630;154 695 397;A01;2;7;0;2;1;2;1;
40710;202000026631;154 695 395;A01;0;10;0;1;1;1;-1;
40711;202000026632;154 695 392;B01;3;10;0;2;7;20;0;
40712;202000026632;154 695 393;C01;3;10;1;1;8;0;0;
40713;202000026632;154 695 394;A01;3;10;1;2;3;18;0;
40714;202000026634;154 695 390;A01;1;7;0;1;2;1;1;
40715;202000026635;154 695 389;A01;2;7;0;1;2;1;1;
40716;202000026636;154 695 388;A01;1;7;0;1;0;13;1;
40717;202000026637;154 695 386;B01;2;7;0;2;1;1;1;
40718;202000026637;154 695 387;A01;1;7;0;2;1;19;1;
40719;202000026638;154 695 384;A01;1;7;0;2;7;15;1;
40720;202000026638;154 695 385;B01;2;7;0;2;2;1;0;
40721;202000026639;154 695 382;A01;1;50;11;0;1;13;3;
40722;202000026640;154 695 381;A01;1;2;14;0;0;1;1;
40723;202000026641;154 695 379;B01;1;10;0;2;2;15;1;
40724;202000026641;154 695 380;A01;2;30;0;2;1;1;1;
40725;202000026642;154 695 377;A01;1;33;0;2;3;18;1;
40726;202000026642;154 695 378;B01;1;7;0;2;2;16;1;
40727;202000026643;154 695 376;A01;1;10;0;1;1;4;1;
40728;202000026644;154 695 374;A01;1;7;0;2;2;10;1;
40729;202000026644;154 695 375;B01;2;33;0;2;1;1;1;
40730;202000026645;154 695 372;A01;1;33;0;2;7;1;1;
40731;202000026645;154 695 373;Z01;2;7;0;2;8;15;1;
40732;202000026646;154 695 371;A01;3;7;0;1;1;15;1;
40733;202000026648;154 695 369;A01;1;7;0;1;3;15;2;
40734;202000026649;154 695 368;A01;2;1;1;0;4;1;5;
40735;202000026651;154 695 364;B01;2;30;0;2;1;1;1;
40736;202000026651;154 695 365;A01;2;7;0;2;5;16;1;
40737;202000026652;154 695 363;A01;1;10;0;1;5;16;1;
40738;202000026653;154 695 362;A01;1;7;0;1;2;9;1;
40739;202000026654;154 695 359;A01;3;7;1;0;2;9;1;
40740;202000026654;154 695 360;C01;3;7;1;0;0;0;0;
40741;202000026654;154 695 361;B01;3;14;0;2;3;1;1;
40742;202000026655;154 695 357;B01;1;33;0;0;0;0;1;
40743;202000026655;154 695 358;A01;1;10;0;2;3;15;0;
40744;202000026656;154 695 354;A01;1;7;0;2;1;1;1;
40745;202000026656;154 695 355;B01;1;7;0;2;4;1;1;
40746;202000026656;154 695 356;C01;1;7;0;0;4;1;1;
40747;202000026657;154 695 353;A01;-1;30;0;1;1;0;0;
40748;202000026658;154 695 351;A01;-1;7;0;0;1;19;1;
40749;202000026658;154 695 352;B01;-1;7;0;0;2;1;1;
40750;202000026660;154 695 349;A01;1;7;0;1;2;1;1;
40751;202000026661;154 695 347;B01;1;7;0;2;1;1;1;
40752;202000026661;154 695 348;A01;1;7;0;2;8;1;1;
40753;202000026662;154 695 345;B01;2;7;0;2;8;20;1;
40754;202000026662;154 695 346;A01;2;33;0;2;1;1;1;
40755;202000026663;154 695 343;A01;3;7;0;2;4;9;1;
40756;202000026663;154 695 344;B01;1;32;0;2;1;2;1;
40757;202000026664;154 695 342;A01;3;7;0;1;2;16;0;
40758;202000026665;154 695 341;A01;1;7;0;1;2;1;0;
40759;202000026666;154 695 339;A01;2;7;0;2;5;2;1;
40760;202000026666;154 695 340;B01;2;7;0;2;0;2;0;
40761;202000026667;154 695 338;A01;1;15;0;1;7;17;0;
40762;202000026668;154 695 337;A01;0;7;0;1;1;19;1;
40763;202000026669;154 695 335;A01;2;7;0;2;1;10;0;
40764;202000026669;154 695 336;B01;1;7;0;2;1;2;1;
40765;202000026670;154 695 333;B01;1;32;0;2;4;2;1;
40766;202000026670;154 695 334;A01;1;7;0;2;1;1;1;
40767;202000026671;154 695 331;B01;1;7;0;2;8;1;1;
40768;202000026671;154 695 332;A01;1;7;0;2;3;1;1;
40769;202000026672;154 695 330;A01;1;32;0;0;0;0;1;
40770;202000026673;154 695 329;A01;2;7;1;0;2;14;1;
40771;202000026674;154 695 328;A01;3;7;0;1;4;4;0;
40772;202000026675;154 695 326;B01;1;1;0;0;0;0;0;
40773;202000026675;154 695 327;A01;1;7;0;2;2;17;1;
40774;202000026676;154 695 324;A01;0;7;0;9;3;11;1;
40775;202000026676;154 695 325;B01;0;1;0;2;0;1;0;
40776;202000026677;154 695 322;A01;3;7;0;9;8;9;1;
40777;202000026677;154 695 323;B01;2;1;0;2;1;2;5;
40778;202000026678;154 695 320;A01;1;7;5;2;3;0;1;
40779;202000026678;154 695 321;B01;1;14;0;2;6;1;1;
40780;202000026679;154 695 319;A01;2;7;2;0;3;1;1;
40781;202000026680;154 695 317;B01;2;14;0;0;6;2;1;
40782;202000026680;154 695 318;A01;2;7;0;2;2;2;1;
40783;202000026682;154 695 314;A01;1;7;0;2;2;2;1;
40784;202000026682;154 695 315;B01;1;7;0;0;4;2;1;
40785;202000026683;154 695 312;B01;2;7;0;2;1;0;1;
40786;202000026683;154 695 313;A01;1;10;0;2;1;17;1;
40787;202000026684;154 695 311;A01;0;7;0;1;2;19;0;
40788;202000026685;154 695 309;B01;2;7;0;0;6;15;1;
40789;202000026685;154 695 310;A01;1;7;0;2;3;15;1;
40790;202000026686;154 695 308;A01;2;7;2;0;1;1;6;
40791;202000026688;154 695 304;A01;3;7;0;2;3;1;1;
40792;202000026688;154 695 305;B01;3;7;0;2;3;1;1;
40793;202000026690;154 695 301;B01;1;21;0;2;6;1;1;
40794;202000026690;154 695 302;A01;2;7;0;2;1;1;1;
40795;202000026691;154 695 300;A01;1;7;15;0;1;1;1;
40796;202000026692;154 695 299;A01;1;7;14;0;1;1;1;
40797;202000026693;154 695 297;B01;1;30;0;2;4;2;1;
40798;202000026693;154 695 298;A01;1;7;0;2;1;2;1;
40799;202000026694;154 695 296;A01;1;7;17;0;3;1;1;
40800;202000026695;154 695 294;A01;1;7;0;2;3;1;1;
40801;202000026695;154 695 295;B01;2;7;0;2;3;1;1;
40802;202000026697;154 695 291;A01;1;7;0;1;2;1;1;
40803;202000026698;154 695 290;A01;0;7;0;1;2;1;0;
40804;202000026699;154 695 289;A01;1;7;2;0;8;14;1;
40805;202000026700;154 695 288;A01;1;7;2;0;1;1;1;
40806;202000026701;154 695 287;A01;2;2;0;0;1;1;1;
40807;202000026702;154 695 286;A01;2;7;16;0;0;1;1;
40808;202000026703;154 695 284;B01;1;20;0;0;6;1;1;
40809;202000026703;154 695 285;A01;2;7;0;2;3;1;1;
40810;202000026704;154 695 283;A01;2;10;15;0;1;1;1;
40811;202000026705;154 695 282;A01;3;2;0;0;7;1;1;
40812;202000026706;154 695 281;A01;2;7;0;0;0;1;0;
40813;202000026707;154 695 279;B01;2;1;0;2;8;2;5;
40814;202000026707;154 695 280;A01;2;10;0;9;5;17;1;
40815;202000026708;154 695 278;A01;2;7;0;0;1;0;1;
40816;202000026709;154 695 277;A01;3;7;9;0;1;1;1;
40817;202000026710;154 695 271;A01;2;7;0;2;8;17;1;
40818;202000026710;154 695 272;B01;1;7;0;2;3;21;1;
40819;202000026711;154 695 269;B01;1;7;13;2;8;10;1;
40820;202000026711;154 695 270;A01;1;15;0;2;2;1;1;
40821;202000026712;154 695 267;B01;1;7;0;2;2;15;1;
40822;202000026712;154 695 268;A01;2;2;0;2;1;1;1;
40823;202000026713;154 695 265;B01;1;15;0;2;3;1;1;
40824;202000026713;154 695 266;A01;2;7;0;2;3;13;1;
40825;202000026714;154 695 264;A01;2;7;11;0;1;1;1;
40826;202000026715;154 695 262;B01;0;7;0;2;0;1;1;
40827;202000026715;154 695 263;A01;0;7;0;2;1;1;1;
40828;202000026716;154 695 260;A01;2;7;0;2;3;13;1;
40829;202000026716;154 695 261;B01;1;7;0;2;3;1;1;
40830;202000026717;154 695 259;A01;1;7;0;1;2;1;1;
40831;202000026718;154 695 257;A01;1;7;0;2;2;11;1;
40832;202000026718;154 695 258;B01;2;7;0;2;2;12;1;
40833;202000026719;154 695 256;A01;1;7;0;1;1;1;1;
40834;202000026720;154 695 255;A01;1;7;2;0;1;1;1;
40835;202000026721;154 695 254;A01;3;7;6;0;1;1;0;
40836;202000026722;154 695 252;B01;1;33;0;2;2;9;1;
40837;202000026722;154 695 253;A01;1;7;0;0;4;9;1;
40838;202000026723;154 695 250;A01;1;7;0;2;1;1;1;
40839;202000026723;154 695 251;B01;2;7;0;2;3;9;1;
40840;202000026724;154 695 247;C01;1;15;0;2;8;2;0;
40841;202000026724;154 695 248;B01;1;7;0;2;0;1;0;
40842;202000026724;154 695 249;A01;2;7;0;2;0;5;0;
40843;202000026725;154 695 244;A01;1;7;0;2;4;9;1;
40844;202000026725;154 695 245;C01;2;7;0;2;2;2;1;
40845;202000026725;154 695 246;B01;2;7;0;2;6;2;1;
40846;202000026726;154 695 242;A01;2;10;0;2;2;1;1;
40847;202000026726;154 695 243;B01;2;7;0;2;6;13;1;
40848;202000026727;154 695 239;C01;1;15;0;2;3;9;1;
40849;202000026727;154 695 240;B01;1;7;0;2;5;2;1;
40850;202000026727;154 695 241;A01;1;7;0;2;4;2;1;
40851;202000026728;154 695 238;A01;2;7;0;0;9;1;1;
40852;202000026729;154 695 236;A01;2;7;0;2;2;12;1;
40853;202000026729;154 695 237;B01;2;33;0;2;3;3;1;
40854;202000026730;154 695 234;A01;1;7;0;2;1;5;1;
40855;202000026730;154 695 235;B01;1;7;0;2;1;1;3;
40856;202000026731;154 695 228;D01;1;33;0;2;1;3;1;
40857;202000026731;154 695 229;E01;1;10;0;2;1;1;1;
40858;202000026731;154 695 230;F01;1;7;0;2;1;1;1;
40859;202000026731;154 695 231;A01;1;7;0;2;4;1;1;
40860;202000026731;154 695 232;B01;1;7;0;2;1;1;1;
40861;202000026731;154 695 233;C01;1;7;0;2;1;1;1;
40862;202000026732;154 695 225;C01;1;10;0;2;4;2;1;
40863;202000026732;154 695 226;B01;1;7;0;2;4;2;1;
40864;202000026732;154 695 227;A01;1;7;0;2;1;2;1;
40865;202000026733;154 695 222;C01;1;7;0;2;4;2;1;
40866;202000026733;154 695 223;B01;1;7;0;2;4;2;1;
40867;202000026733;154 695 224;A01;1;7;0;2;1;26;1;
40868;202000026734;154 695 220;A01;1;7;0;2;6;23;1;
40869;202000026734;154 695 221;B01;1;10;1;0;2;1;1;
40870;202000026735;154 695 217;B01;2;7;0;2;4;23;1;
40871;202000026735;154 695 218;A01;2;7;0;2;1;1;1;
40872;202000026735;154 695 219;C01;2;7;0;2;4;23;1;
40873;202000026736;154 695 215;A01;0;7;0;2;3;1;0;
40874;202000026736;154 695 216;B01;0;33;0;2;2;2;0;
40875;202000026737;154 695 211;A01;1;7;0;2;1;1;1;
40876;202000026737;154 695 212;B01;0;21;0;2;2;19;1;
40877;202000026738;154 695 210;A01;2;10;10;0;1;14;1;
40878;202000026739;154 695 209;A01;1;31;0;0;8;21;1;
40879;202000026740;154 695 207;B01;1;7;0;2;4;1;1;
40880;202000026740;154 695 208;A01;1;2;0;2;1;1;1;
40881;202000026741;154 695 206;A01;2;33;3;0;0;0;1;
40882;202000026742;154 695 204;B01;1;1;0;0;4;1;5;
40883;202000026742;154 695 205;A01;1;10;0;2;2;1;1;
40884;202000026743;154 695 201;B01;2;7;10;2;4;23;1;
40885;202000026743;154 695 202;C01;2;7;0;2;4;23;1;
40886;202000026743;154 695 203;A01;2;7;1;0;1;2;1;
40887;202000026744;154 695 200;A01;1;36;6;0;2;0;1;
40888;202000026745;154 695 198;A01;2;7;0;2;3;1;1;
40889;202000026745;154 695 199;B01;1;33;0;2;3;1;1;
40890;202000026746;154 695 196;B01;2;2;0;2;1;15;1;
40891;202000026746;154 695 197;A01;2;7;0;2;3;16;1;
40892;202000026748;154 695 193;A01;2;33;13;0;8;14;1;
40893;202000026749;154 695 192;A01;3;1;0;1;2;0;-1;
40894;202000026750;154 695 190;A01;3;7;0;0;5;20;1;
40895;202000026750;154 695 191;B01;3;2;0;2;1;18;3;
40896;202000026751;154 695 189;A01;1;7;0;1;2;1;0;
40897;202000026752;154 695 188;A01;2;7;2;0;9;21;1;
40898;202000026753;154 695 186;B01;1;32;0;2;7;1;1;
40899;202000026753;154 695 187;A01;0;7;0;2;3;26;1;
40900;202000026754;154 695 184;A01;2;33;0;2;1;17;1;
40901;202000026754;154 695 185;B01;1;21;0;0;6;15;1;
40902;202000026755;154 695 183;A01;2;7;0;0;1;1;1;
40903;202000026756;154 695 182;A01;1;7;13;0;1;13;0;
40904;202000026757;154 695 179;C01;2;10;0;0;8;23;1;
40905;202000026757;154 695 180;A01;2;7;0;2;5;1;1;
40906;202000026757;154 695 181;B01;2;10;0;2;2;1;1;
40907;202000026758;154 695 177;A01;1;17;0;9;2;23;1;
40908;202000026758;154 695 178;B01;2;1;0;0;0;16;5;