;Num_Acc;id_vehicule;num_veh;senc;catv;obs;obsm;choc;manv;motor;occutc
40909;202000026759;154 695 175;B01;2;1;0;2;1;1;5;
40910;202000026759;154 695 176;A01;1;7;0;2;7;15;1;
40911;202000026760;154 695 173;B01;1;7;0;2;1;5;1;
40912;202000026760;154 695 174;A01;2;7;0;2;1;13;1;
40913;202000026761;154 695 171;B01;3;7;0;2;3;1;1;
40914;202000026761;154 695 172;A01;3;2;0;2;8;13;1;
40915;202000026762;154 695 168;C01;0;15;0;2;0;1;1;
40916;202000026762;154 695 169;B01;0;7;0;0;6;2;1;
40917;202000026762;154 695 170;A01;0;32;0;2;0;17;1;
40918;202000026763;154 695 166;A01;2;7;0;2;1;2;1;
40919;202000026763;154 695 167;B01;2;7;0;2;4;2;1;
40920;202000026764;154 695 165;A01;3;38;0;1;7;16;1;1.0
40921;202000026765;154 695 162;A01;2;7;0;0;4;2;1;
40922;202000026765;154 695 163;B01;2;7;0;2;4;2;1;
40923;202000026765;154 695 164;C01;2;33;0;2;4;2;1;
40924;202000026767;154 695 155;C01;2;7;0;2;5;2;1;
40925;202000026767;154 695 156;E01;2;7;0;0;4;2;1;
40926;202000026767;154 695 157;B01;2;7;0;2;4;2;1;
40927;202000026767;154 695 158;D01;2;7;0;2;4;2;1;
40928;202000026767;154 695 159;A01;2;7;0;2;1;2;0;
40929;202000026768;154 695 153;B01;1;15;0;2;2;1;1;
40930;202000026768;154 695 154;A01;2;7;0;2;5;15;1;
40931;202000026769;154 695 152;A01;1;1;0;0;0;1;5;
40932;202000026770;154 695 151;A01;1;7;4;0;1;18;1;
40933;202000026771;154 695 149;A01;3;7;0;2;4;4;1;
40934;202000026771;154 695 150;B01;0;2;0;2;6;1;1;
40935;202000026772;154 695 145;A01;2;7;0;2;2;13;1;
40936;202000026772;154 695 146;B01;1;37;0;2;3;1;1;1.0
40937;202000026773;154 695 143;B01;1;7;0;2;3;2;6;
40938;202000026773;154 695 144;A01;1;33;0;2;2;17;6;
40939;202000026774;154 695 141;A01;1;7;0;0;4;1;1;
40940;202000026774;154 695 142;B01;1;33;0;2;1;2;1;
40941;202000026775;154 695 140;A01;1;33;0;0;8;1;1;
40942;202000026776;154 695 138;A01;0;10;2;0;2;1;1;
40943;202000026777;154 695 137;A01;1;7;0;1;1;1;1;
40944;202000026778;154 695 136;A01;1;33;2;0;1;0;1;
40945;202000026779;154 695 135;A01;1;33;7;0;0;0;1;
40946;202000026780;154 695 134;A01;3;7;0;1;5;4;1;
40947;202000026781;154 695 128;B01;2;7;0;2;3;1;1;
40948;202000026781;154 695 129;A01;1;2;0;2;3;13;1;
40949;202000026782;154 695 126;B01;2;7;0;2;8;21;1;
40950;202000026782;154 695 127;A01;1;7;0;2;2;13;1;
40951;202000026783;154 695 124;A01;1;15;0;9;5;17;1;
40952;202000026783;154 695 125;B01;1;1;0;2;8;1;-1;
40953;202000026784;154 695 122;B01;2;7;0;2;7;1;1;
40954;202000026784;154 695 123;A01;3;7;0;2;7;19;1;
40955;202000026785;154 695 120;B01;2;3;0;2;6;23;1;
40956;202000026785;154 695 121;A01;2;10;0;2;1;2;1;
40957;202000026786;154 695 117;C01;1;7;0;2;4;1;1;
40958;202000026786;154 695 118;B01;1;33;0;2;1;1;1;
40959;202000026786;154 695 119;A01;1;7;0;2;4;11;1;
40960;202000026787;154 695 115;B01;2;14;0;2;4;0;0;
40961;202000026787;154 695 116;A01;2;10;0;2;1;2;1;
40962;202000026788;154 695 113;B01;1;10;0;2;4;2;1;
40963;202000026788;154 695 114;A01;1;33;0;2;1;2;1;
40964;202000026789;154 695 112;A01;2;7;0;0;9;1;1;
40965;202000026790;154 695 110;B01;1;7;0;2;5;9;1;
40966;202000026790;154 695 111;A01;1;34;0;2;1;9;1;
40967;202000026791;154 695 108;A01;2;7;3;2;2;21;1;
40968;202000026791;154 695 109;B01;2;7;0;2;6;1;1;
40969;202000026792;154 695 106;A01;1;33;0;2;1;2;1;
40970;202000026792;154 695 107;B01;1;7;0;2;6;1;1;
40971;202000026793;154 695 104;B01;1;33;0;2;7;1;1;
40972;202000026793;154 695 105;A01;1;10;0;2;8;11;1;
40973;202000026794;154 695 101;C01;2;10;0;2;4;2;1;
40974;202000026794;154 695 102;B01;2;10;0;2;4;2;1;
40975;202000026794;154 695 103;A01;2;10;0;2;1;2;1;
40976;202000026795;154 695 099;B01;2;7;0;2;5;1;1;
40977;202000026795;154 695 100;A01;2;14;0;2;3;11;1;
40978;202000026796;154 695 097;B01;2;7;4;2;5;2;1;
40979;202000026796;154 695 098;A01;2;7;0;2;1;2;1;
40980;202000026797;154 695 095;B01;2;33;0;2;1;1;1;
40981;202000026797;154 695 096;A01;2;7;0;2;4;1;1;
40982;202000026798;154 695 093;A01;2;7;0;2;1;1;1;
40983;202000026798;154 695 094;B01;2;7;0;0;4;23;1;
40984;202000026799;154 695 092;A01;3;10;0;1;3;1;1;
40985;202000026800;154 695 091;A01;1;33;4;0;2;13;1;
40986;202000026801;154 695 090;A01;2;7;0;0;9;14;1;
40987;202000026802;154 695 088;A01;2;10;0;2;7;15;1;
40988;202000026802;154 695 089;B01;1;32;0;2;1;1;1;
40989;202000026805;154 695 084;A01;1;1;0;0;0;1;5;
40990;202000026806;154 695 083;A01;3;7;2;0;3;19;1;
40991;202000026807;154 695 082;A01;2;31;0;0;0;13;1;
40992;202000026808;154 695 081;A01;2;33;3;0;1;13;1;
40993;202000026809;154 695 079;B01;3;7;0;2;4;0;0;
40994;202000026809;154 695 080;A01;3;32;0;2;1;26;0;
40995;202000026810;154 695 078;A01;2;7;9;0;3;17;1;
40996;202000026812;154 695 074;A01;1;10;0;2;1;15;1;
40997;202000026812;154 695 075;B01;0;10;0;2;1;1;1;
40998;202000026813;154 695 072;A01;2;7;6;2;8;19;1;
40999;202000026813;154 695 073;B01;1;7;0;2;1;1;0;
41000;202000026814;154 695 070;A01;1;30;0;2;1;1;1;
41001;202000026814;154 695 071;B01;2;7;0;2;7;1;1;
41002;202000026815;154 695 068;B01;0;7;0;2;1;1;1;
41003;202000026815;154 695 069;A01;0;0;0;2;1;26;0;
41004;202000026816;154 695 065;A01;2;7;0;2;1;1;0;
41005;202000026816;154 695 066;B01;2;7;0;2;4;2;0;
41006;202000026816;154 695 067;C01;2;7;0;2;4;2;1;
41007;202000026817;154 695 064;A01;3;7;15;0;1;26;1;
41008;202000026818;154 695 062;Z01;3;0;0;2;0;0;0;
41009;202000026818;154 695 063;A01;3;50;0;0;2;2;3;
41010;202000026820;154 695 057;A01;2;30;0;2;0;1;1;
41011;202000026820;154 695 058;B01;3;7;0;2;2;1;1;
41012;202000026821;154 695 056;B01;3;7;1;1;7;0;1;
41013;202000026822;154 695 055;A01;2;7;1;0;3;14;1;
41014;202000026823;154 695 054;A01;0;7;1;0;1;1;1;
41015;202000026824;154 695 052;B01;1;7;0;2;6;1;1;
41016;202000026824;154 695 053;A01;1;7;0;2;1;2;3;
41017;202000026825;154 695 050;B01;2;7;0;2;1;1;1;
41018;202000026825;154 695 051;Z01;1;7;0;2;1;15;1;
41019;202000026826;154 695 049;A01;1;33;15;0;1;1;1;
41020;202000026828;154 695 046;A01;0;7;7;0;1;13;1;
41021;202000026829;154 695 044;A01;2;7;0;0;8;13;1;
41022;202000026829;154 695 045;B01;2;7;0;2;2;17;1;
41023;202000026830;154 695 042;A01;2;30;0;2;1;1;1;
41024;202000026830;154 695 043;B01;2;7;0;2;8;1;1;
41025;202000026831;154 695 040;B01;2;7;0;2;3;15;0;
41026;202000026831;154 695 041;A01;1;7;0;2;3;1;0;
41027;202000026832;154 695 038;Z01;3;7;0;2;3;16;1;
41028;202000026832;154 695 039;B01;1;7;0;2;8;23;1;
41029;202000026833;154 695 036;B01;1;32;1;0;1;1;1;
41030;202000026833;154 695 037;A01;2;7;1;0;2;15;1;
41031;202000026834;154 695 034;A01;1;7;0;2;3;9;1;
41032;202000026834;154 695 035;B01;1;1;0;2;4;1;5;
41033;202000026835;154 695 032;Z01;1;7;0;2;2;12;0;
41034;202000026835;154 695 033;A01;1;31;0;2;8;1;1;
41035;202000026836;154 695 029;B01;1;7;0;2;4;1;1;
41036;202000026836;154 695 030;A01;1;33;0;2;1;1;1;
41037;202000026836;154 695 031;C01;1;7;0;2;4;1;1;
41038;202000026837;154 695 028;Z01;2;33;0;0;7;1;0;
41039;202000026838;154 695 026;A01;3;33;1;2;1;1;1;
41040;202000026838;154 695 027;B01;3;33;0;2;4;2;1;
41041;202000026839;154 695 025;A01;3;10;0;1;1;1;1;
41042;202000026840;154 695 023;A01;2;32;0;2;1;16;1;
41043;202000026840;154 695 024;B01;1;7;0;2;2;1;1;
41044;202000026841;154 695 021;B01;1;7;0;2;6;15;1;
41045;202000026841;154 695 022;A01;2;1;0;2;1;1;5;
41046;202000026842;154 695 020;A01;2;1;0;0;0;1;5;
41047;202000026844;154 695 017;A01;1;7;4;0;1;14;1;
41048;202000026846;154 695 013;B01;1;43;0;2;3;1;1;
41049;202000026846;154 695 014;A01;2;7;0;2;3;15;1;
41050;202000026847;154 695 011;B01;2;1;0;2;3;1;5;
41051;202000026847;154 695 012;A01;1;1;0;2;3;11;5;
41052;202000026848;154 695 009;A01;2;32;0;2;2;1;1;
41053;202000026848;154 695 010;B01;1;1;0;2;8;15;5;
41054;202000026849;154 695 008;A01;2;7;0;1;0;2;1;
41055;202000026850;154 695 006;B01;3;2;0;2;1;0;6;
41056;202000026850;154 695 007;A01;3;7;0;2;3;26;6;
41057;202000026851;154 695 004;A01;0;7;0;2;1;1;1;
41058;202000026851;154 695 005;B01;0;1;0;2;1;1;0;
41059;202000026853;154 695 000;A01;0;7;0;1;2;15;0;
41060;202000026853;154 695 001;B01;0;1;0;2;1;1;0;
41061;202000026854;154 694 998;A01;2;30;0;2;1;10;1;
41062;202000026854;154 694 999;B01;2;34;0;2;3;1;1;
41063;202000026855;154 694 996;B01;2;10;0;9;4;4;1;
41064;202000026855;154 694 997;A01;2;50;0;2;1;2;3;
41065;202000026857;154 694 993;B01;3;1;0;2;8;1;5;
41066;202000026857;154 694 994;A01;3;7;0;9;3;1;1;
41067;202000026859;154 694 990;A01;1;7;0;0;0;1;0;
41068;202000026860;154 694 989;A01;1;33;16;0;8;1;1;
41069;202000026861;154 694 988;A01;0;33;16;0;0;0;0;
41070;202000026862;154 694 986;B01;1;1;0;2;8;2;5;
41071;202000026862;154 694 987;A01;1;7;0;9;7;2;1;
41072;202000026863;154 694 984;B01;1;7;0;2;4;2;1;
41073;202000026863;154 694 985;A01;1;7;0;2;1;2;1;
41074;202000026864;154 694 983;A01;1;7;3;9;3;2;1;
41075;202000026865;154 694 980;A01;3;37;13;0;7;14;1;4.0
41076;202000026866;154 694 978;B01;1;7;0;2;1;1;1;
41077;202000026866;154 694 979;A01;1;33;0;0;4;1;1;
41078;202000026867;154 694 976;A01;1;10;0;2;3;13;6;
41079;202000026867;154 694 977;B01;2;10;0;2;3;1;0;
41080;202000026868;154 694 974;B01;0;2;0;2;4;1;0;
41081;202000026868;154 694 975;A01;0;7;0;9;1;0;0;
41082;202000026870;154 694 970;A01;2;7;0;2;1;1;1;
41083;202000026870;154 694 971;B01;1;50;0;2;7;19;3;
41084;202000026871;154 694 969;A01;1;7;7;0;1;1;1;
41085;202000026873;154 694 965;B01;1;7;0;2;7;17;1;
41086;202000026873;154 694 966;A01;1;1;0;0;8;1;5;
41087;202000026874;154 694 963;B01;2;33;0;2;1;1;1;
41088;202000026874;154 694 964;A01;1;7;0;2;2;15;1;
41089;202000026875;154 694 961;A01;1;33;0;2;1;17;1;
41090;202000026875;154 694 962;B01;2;7;0;2;3;1;1;
41091;202000026876;154 694 960;A01;1;2;9;0;1;1;1;
41092;202000026877;154 694 959;A01;1;7;2;0;0;1;1;
41093;202000026878;154 694 958;A01;1;7;2;0;7;0;1;
41094;202000026879;154 694 957;A01;0;7;8;0;1;1;1;
41095;202000026880;154 694 956;A01;1;33;16;0;7;1;1;
41096;202000026881;154 694 955;A01;1;7;6;0;3;13;1;
41097;202000026882;154 694 953;A01;1;7;0;2;2;13;1;
41098;202000026882;154 694 954;B01;2;33;0;2;1;1;1;
41099;202000026883;154 694 952;A01;2;31;3;0;6;15;1;
41100;202000026884;154 694 950;A01;1;2;0;2;1;1;1;
41101;202000026884;154 694 951;B01;1;7;0;0;6;1;1;
41102;202000026886;154 694 948;A01;2;7;13;0;3;1;1;
41103;202000026887;154 694 946;B01;1;33;0;2;1;1;1;
41104;202000026887;154 694 947;A01;2;7;0;2;7;15;1;
41105;202000026889;154 694 942;B01;1;7;0;0;5;2;1;
41106;202000026889;154 694 943;A01;1;33;0;2;0;2;1;
41107;202000026890;154 694 941;A01;2;30;0;0;0;1;1;
41108;202000026891;154 694 940;A01;1;7;13;0;1;1;1;
41109;202000026892;154 694 938;A01;2;2;0;2;3;21;1;
41110;202000026892;154 694 939;B01;1;7;0;2;3;13;1;
41111;202000026893;154 694 936;A01;3;10;0;2;7;1;1;
41112;202000026893;154 694 937;B01;3;2;0;2;1;26;1;
41113;202000026894;154 694 935;A01;1;7;1;0;1;1;1;
41114;202000026895;154 694 933;A01;0;31;0;2;1;1;1;
41115;202000026895;154 694 934;B01;0;21;0;2;1;1;1;
41116;202000026896;154 694 932;A01;1;33;13;0;1;1;1;
41117;202000026897;154 694 931;A01;1;33;0;0;8;15;1;
41118;202000026898;154 694 930;A01;2;7;0;1;8;1;1;
41119;202000026900;154 694 928;A01;3;7;0;1;4;26;1;
41120;202000026903;154 694 925;A01;1;7;15;0;1;1;1;
41121;202000026904;154 694 924;A01;1;7;13;0;1;1;1;
41122;202000026905;154 694 922;B01;1;7;0;2;3;1;1;
41123;202000026905;154 694 923;A01;2;43;0;2;1;13;1;
41124;202000026906;154 694 921;A01;2;2;0;5;1;0;1;
41125;202000026907;154 694 920;A01;2;7;0;0;1;1;1;
41126;202000026908;154 694 919;A01;2;7;0;1;3;0;0;
41127;202000026909;154 694 917;B01;2;7;0;2;7;17;0;
41128;202000026909;154 694 918;A01;2;7;4;2;1;13;0;
41129;202000026910;154 694 916;A01;2;37;0;1;5;20;0;1.0
41130;202000026912;154 694 913;A01;1;10;0;0;0;1;0;
41131;202000026913;154 694 911;A01;1;7;0;2;1;2;0;
41132;202000026913;154 694 912;B01;1;7;0;2;4;2;1;
41133;202000026915;154 694 908;B01;2;1;0;9;0;17;5;
41134;202000026915;154 694 909;A01;2;1;0;9;0;13;5;
41135;202000026916;154 694 907;A01;1;34;1;0;0;0;0;
41136;202000026917;154 694 905;A01;3;7;0;2;2;1;1;
41137;202000026917;154 694 906;B01;3;2;0;2;1;1;1;
41138;202000026918;154 694 903;B01;2;7;0;2;3;1;1;
41139;202000026918;154 694 904;A01;1;7;0;2;3;13;1;
41140;202000026919;154 694 902;A01;2;33;13;0;1;1;1;
41141;202000026920;154 694 901;A01;3;7;1;0;2;14;1;
41142;202000026921;154 694 900;A01;2;7;4;0;1;0;0;
41143;202000026922;154 694 896;A01;2;7;0;2;1;17;1;
41144;202000026922;154 694 897;D01;1;10;0;2;1;1;1;
41145;202000026922;154 694 898;C01;1;7;0;2;1;1;1;
41146;202000026922;154 694 899;B01;1;7;0;2;8;1;1;
41147;202000026923;154 694 894;B01;2;14;0;2;3;1;1;
41148;202000026923;154 694 895;A01;1;33;0;2;1;13;1;
41149;202000026924;154 694 892;B01;2;1;0;2;1;17;5;
41150;202000026924;154 694 893;A01;1;7;0;2;1;21;2;
41151;202000026925;154 694 890;A01;2;33;0;2;7;21;1;
41152;202000026925;154 694 891;B01;2;7;0;0;6;1;3;
41153;202000026926;154 694 888;B01;2;7;0;2;1;0;0;
41154;202000026926;154 694 889;A01;1;7;0;2;1;13;0;
41155;202000026927;154 694 885;A01;2;33;0;0;8;2;1;
41156;202000026928;154 694 884;A01;3;2;0;1;1;1;1;
41157;202000026929;154 694 882;A01;1;7;0;2;2;10;1;
41158;202000026929;154 694 883;B01;1;7;0;2;1;1;1;
41159;202000026930;154 694 880;B01;1;7;0;2;0;1;1;
41160;202000026930;154 694 881;A01;2;7;0;2;1;0;1;
41161;202000026931;154 694 879;A01;2;10;0;1;2;1;1;
41162;202000026933;154 694 876;A01;3;21;0;2;4;15;1;
41163;202000026933;154 694 877;B01;3;7;0;2;1;1;1;
41164;202000026934;154 694 874;A01;0;7;0;0;0;15;1;
41165;202000026934;154 694 875;B01;1;33;0;0;0;1;1;
41166;202000026935;154 694 872;A01;2;7;0;2;7;15;1;
41167;202000026935;154 694 873;B01;1;2;0;2;1;1;1;
41168;202000026936;154 694 871;A01;0;7;0;1;2;1;1;
41169;202000026938;154 694 867;A01;3;33;0;0;7;1;1;
41170;202000026939;154 694 866;A01;1;2;0;0;0;1;1;
41171;202000026940;154 694 864;B01;1;7;0;9;2;1;0;
41172;202000026940;154 694 865;A01;1;7;2;0;8;17;1;
41173;202000026941;154 694 862;B01;2;33;0;2;1;1;1;
41174;202000026941;154 694 863;A01;1;7;0;0;1;15;1;
41175;202000026944;154 694 858;A01;1;7;0;0;1;0;1;
41176;202000026946;154 694 854;A01;1;7;0;1;7;0;1;
41177;202000026947;154 694 852;A01;0;7;2;0;1;1;1;
41178;202000026948;154 694 850;A01;2;7;0;2;3;1;1;
41179;202000026948;154 694 851;B01;1;33;0;2;1;6;1;
41180;202000026949;154 694 849;A01;2;33;0;0;0;1;1;
41181;202000026950;154 694 846;C01;1;7;0;2;1;15;1;
41182;202000026950;154 694 847;B01;1;33;0;2;1;23;1;
41183;202000026950;154 694 848;A01;1;7;0;0;6;23;1;
41184;202000026951;154 694 844;B01;1;33;0;1;4;23;1;
41185;202000026951;154 694 845;A01;1;7;0;2;1;2;1;
41186;202000026952;154 694 842;A01;2;7;0;2;3;0;1;
41187;202000026952;154 694 843;B01;2;7;0;2;3;1;1;
41188;202000026953;154 694 841;A01;1;7;6;0;1;0;1;
41189;202000026954;154 694 840;A01;0;33;0;0;8;16;1;
41190;202000026956;154 694 838;A01;2;33;0;0;8;1;1;
41191;202000026957;154 694 837;A01;3;33;13;0;1;1;1;
41192;202000026959;154 694 833;A01;1;7;0;2;7;1;6;
41193;202000026959;154 694 834;B01;1;17;0;2;0;13;0;
41194;202000026960;154 694 832;A01;2;7;13;0;9;13;1;
41195;202000026961;154 694 830;B01;1;7;0;2;2;1;1;
41196;202000026961;154 694 831;A01;1;7;4;0;6;12;1;
41197;202000026962;154 694 827;C01;2;7;0;0;4;23;1;
41198;202000026962;154 694 828;A01;2;7;1;0;1;2;1;
41199;202000026962;154 694 829;B01;2;7;0;2;1;23;1;
41200;202000026963;154 694 825;A01;3;7;13;2;3;1;1;
41201;202000026963;154 694 826;B01;3;7;12;2;3;1;1;
41202;202000026964;154 694 822;A01;1;7;0;0;2;14;6;
41203;202000026964;154 694 823;B01;1;1;0;0;4;1;5;
41204;202000026964;154 694 824;C01;1;1;0;0;4;1;5;
41205;202000026965;154 694 821;A01;1;2;0;9;3;13;0;
41206;202000026966;154 694 818;C01;2;7;14;2;3;2;1;
41207;202000026966;154 694 819;B01;1;33;0;2;1;1;1;
41208;202000026966;154 694 820;A01;2;2;0;2;3;15;1;
41209;202000026967;154 694 817;A01;2;7;13;0;1;1;1;
41210;202000026968;154 694 815;A01;1;7;0;2;4;1;0;
41211;202000026968;154 694 816;B01;1;32;0;2;1;1;0;
41212;202000026969;154 694 813;A01;1;7;0;2;2;1;1;
41213;202000026969;154 694 814;B01;2;1;0;0;4;1;5;
41214;202000026970;154 694 811;A01;1;7;0;2;1;1;1;
41215;202000026970;154 694 812;D01;1;33;0;2;8;9;1;
41216;202000026971;154 694 809;A01;2;7;0;2;6;10;1;
41217;202000026971;154 694 810;B01;1;7;0;2;3;1;1;
41218;202000026972;154 694 805;D01;1;7;0;2;4;2;1;
41219;202000026972;154 694 806;C01;1;7;0;2;4;2;1;
41220;202000026972;154 694 807;B01;1;7;0;2;4;2;1;
41221;202000026972;154 694 808;A01;1;7;0;2;1;2;1;
41222;202000026973;154 694 804;A01;1;7;1;0;2;14;1;
41223;202000026975;154 694 801;A01;2;7;0;2;3;19;2;
41224;202000026975;154 694 802;B01;1;33;0;2;1;1;1;
41225;202000026976;154 694 797;D01;-1;7;0;2;1;0;1;
41226;202000026976;154 694 798;C01;-1;7;0;2;4;0;1;
41227;202000026976;154 694 799;B01;-1;7;0;2;4;0;1;
41228;202000026976;154 694 800;A01;-1;10;0;9;4;0;1;
41229;202000026977;154 694 795;A01;1;7;0;9;7;1;1;
41230;202000026977;154 694 796;B01;1;1;0;2;8;1;5;
41231;202000026978;154 694 793;B01;3;1;0;9;1;0;5;
41232;202000026978;154 694 794;A01;3;1;0;9;1;0;5;
41233;202000026979;154 694 790;A01;1;10;3;2;3;2;0;
41234;202000026979;154 694 791;C01;1;7;3;0;5;2;0;
41235;202000026979;154 694 792;B01;1;7;0;2;5;2;0;
41236;202000026980;154 694 788;A01;2;7;0;9;2;1;0;
41237;202000026980;154 694 789;B01;1;1;0;2;3;1;0;
41238;202000026981;154 694 786;A01;1;33;0;2;8;1;1;
41239;202000026981;154 694 787;B01;1;7;0;2;3;1;1;
41240;202000026982;154 694 785;A01;2;7;0;1;5;20;1;
41241;202000026983;154 694 784;A01;1;7;0;1;1;1;1;
41242;202000026985;154 694 780;A01;3;7;0;2;1;15;1;
41243;202000026985;154 694 781;B01;3;31;0;2;3;1;1;
41244;202000026986;154 694 779;A01;2;7;13;0;1;14;1;
41245;202000026987;154 694 776;A01;2;2;0;2;3;13;1;
41246;202000026987;154 694 777;B01;1;7;0;2;3;1;1;
41247;202000026988;154 694 773;B01;0;33;0;2;1;1;1;
41248;202000026988;154 694 774;A01;0;7;0;2;3;1;1;
41249;202000026992;154 694 762;B01;2;7;0;2;1;2;1;
41250;202000026992;154 694 764;C01;2;7;0;2;1;1;1;
41251;202000026992;154 694 765;A01;2;7;0;0;1;2;1;
41252;202000026993;154 694 761;B01;2;14;0;2;3;1;1;
41253;202000026993;154 694 763;A01;1;7;0;2;3;13;1;
41254;202000026994;154 694 759;B01;2;7;0;2;6;1;0;
41255;202000026994;154 694 760;A01;2;31;0;2;1;0;1;
41256;202000026995;154 694 758;A01;2;31;8;0;0;1;1;
41257;202000026996;154 694 754;A01;2;33;0;2;1;1;1;
41258;202000026996;154 694 756;Z01;2;3;0;2;0;0;0;
41259;202000026997;154 694 753;A01;1;7;0;2;4;2;1;
41260;202000026997;154 694 755;Z01;1;7;0;2;0;18;1;
41261;202000026997;154 694 757;B01;1;10;0;2;1;2;1;
41262;202000026998;154 694 750;B01;3;7;0;2;6;24;1;
41263;202000026998;154 694 752;A01;3;7;1;0;2;1;1;
41264;202000026999;154 694 749;B01;2;7;0;2;0;1;1;
41265;202000026999;154 694 751;A01;2;7;0;2;1;1;1;
41266;202000027000;154 694 748;A01;2;31;0;0;8;17;1;
41267;202000027001;154 694 745;B01;1;7;0;2;4;2;1;
41268;202000027001;154 694 747;A01;1;7;0;2;1;2;1;
41269;202000027007;154 694 734;Z01;2;1;0;1;1;1;5;
41270;202000027008;154 694 732;A01;2;7;0;2;6;1;3;
41271;202000027008;154 694 733;B01;2;15;0;2;2;12;6;
41272;202000027009;154 694 730;B01;1;10;0;2;3;2;1;
41273;202000027009;154 694 731;A01;1;7;3;2;1;13;1;
41274;202000027010;154 694 729;A01;2;10;1;0;1;13;1;
41275;202000027011;154 694 727;A01;2;33;6;0;3;2;1;
41276;202000027012;154 694 722;B01;2;10;0;2;2;16;1;
41277;202000027012;154 694 724;A01;2;30;0;2;3;7;3;
41278;202000027013;154 694 723;D01;2;7;0;2;1;26;1;
41279;202000027013;154 694 725;C01;2;7;14;2;1;26;1;
41280;202000027013;154 694 726;B01;2;7;0;2;8;26;1;
41281;202000027013;154 694 728;A01;2;15;0;0;0;26;1;
41282;202000027014;154 694 721;A01;1;32;14;0;2;1;1;
41283;202000027016;154 694 718;A01;1;33;0;2;1;11;1;
41284;202000027016;154 694 719;B01;2;7;0;2;1;15;1;
41285;202000027018;154 694 714;A01;1;7;0;1;2;26;1;
41286;202000027018;154 694 716;B01;1;10;0;2;3;21;1;
41287;202000027019;154 694 710;C01;2;7;0;2;1;1;1;
41288;202000027019;154 694 711;B01;2;17;0;2;1;1;1;
41289;202000027019;154 694 713;A01;2;7;0;2;4;11;1;
41290;202000027020;154 694 708;A01;3;33;0;2;2;2;1;
41291;202000027020;154 694 712;B01;3;7;0;2;4;1;1;
41292;202000027021;154 694 707;A01;1;7;4;2;6;1;1;
41293;202000027021;154 694 709;Z01;1;7;0;2;1;1;0;
41294;202000027022;154 694 706;A01;0;7;0;1;6;20;1;
41295;202000027023;154 694 704;Z01;1;0;0;2;0;0;0;
41296;202000027023;154 694 705;A01;1;33;7;0;1;3;1;
41297;202000027024;154 694 699;A01;3;7;0;2;2;1;1;
41298;202000027024;154 694 701;B01;3;7;0;2;8;1;1;
41299;202000027025;154 694 700;A01;1;33;0;2;1;19;1;
41300;202000027025;154 694 703;B01;2;2;0;2;8;1;0;
41301;202000027026;154 694 698;A01;2;7;0;2;2;16;1;
41302;202000027026;154 694 702;B01;1;2;0;2;1;1;1;
41303;202000027027;154 694 693;B01;1;7;0;2;7;15;1;
41304;202000027027;154 694 696;A01;2;30;0;2;0;0;0;
41305;202000027029;154 694 695;A01;2;10;0;1;2;16;1;
41306;202000027030;154 694 691;B01;2;7;0;2;5;1;1;
41307;202000027030;154 694 692;A01;2;2;0;2;1;21;1;
41308;202000027031;154 694 690;A01;1;13;6;0;1;1;1;
41309;202000027032;154 694 687;A01;1;7;0;1;1;16;1;
41310;202000027033;154 694 688;A01;2;7;0;2;2;10;1;
41311;202000027033;154 694 689;B01;1;31;0;2;1;1;1;
41312;202000027034;154 694 686;A01;2;7;0;1;2;1;1;
41313;202000027035;154 694 684;A01;2;7;12;0;1;26;1;
41314;202000027036;154 694 685;A01;1;7;6;0;1;2;1;
41315;202000027037;154 694 679;B01;1;7;0;2;6;2;1;
41316;202000027037;154 694 681;A01;1;32;0;2;2;2;1;
41317;202000027038;154 694 680;A01;2;13;1;0;1;1;1;
41318;202000027038;154 694 683;B01;2;13;1;0;4;24;1;
41319;202000027040;154 694 672;A01;1;2;0;2;1;1;1;
41320;202000027040;154 694 675;B01;1;7;0;0;8;1;1;
41321;202000027041;154 694 673;A01;3;7;0;2;2;26;1;
41322;202000027041;154 694 676;B01;1;7;0;2;1;1;1;
41323;202000027042;154 694 671;A01;1;7;13;0;8;13;1;
41324;202000027043;154 694 670;B01;2;7;0;2;3;1;1;
41325;202000027043;154 694 674;A01;1;7;0;2;1;13;1;
41326;202000027044;154 694 667;B01;1;7;0;2;2;9;1;
41327;202000027044;154 694 669;A01;1;31;0;2;7;5;1;
41328;202000027045;154 694 668;A01;1;31;13;0;0;1;1;
41329;202000027046;154 694 666;A01;1;7;0;1;3;17;0;
41330;202000027047;154 694 663;A01;2;7;2;0;3;11;0;
41331;202000027048;154 694 664;B01;2;1;0;2;2;1;5;
41332;202000027048;154 694 665;A01;2;7;0;2;1;9;6;
41333;202000027049;154 694 660;B01;2;7;0;2;8;21;1;
41334;202000027049;154 694 661;C01;2;7;0;2;2;1;1;
41335;202000027049;154 694 662;A01;2;7;0;2;6;1;1;
41336;202000027051;154 694 657;A01;3;30;0;2;1;26;1;
41337;202000027051;154 694 659;B01;3;37;0;2;6;23;1;1.0
41338;202000027052;154 694 656;A01;3;7;0;1;5;1;1;
41339;202000027053;154 694 655;A01;2;32;0;0;0;1;1;
41340;202000027054;154 694 652;A01;2;7;13;0;1;1;1;
41341;202000027055;154 694 651;B01;0;1;0;2;4;1;5;