;Num_Acc;id_vehicule;num_veh;senc;catv;obs;obsm;choc;manv;motor;occutc
41342;202000027055;154 694 654;A01;0;14;0;2;3;10;1;
41343;202000027056;154 694 650;A01;1;7;0;2;1;15;1;
41344;202000027056;154 694 653;B01;1;2;0;2;1;1;1;
41345;202000027057;154 694 649;A01;0;7;2;0;2;0;0;
41346;202000027058;154 694 646;A01;1;34;0;2;1;17;0;
41347;202000027058;154 694 648;B01;1;7;0;2;0;26;0;
41348;202000027059;154 694 645;B01;0;32;0;2;7;1;1;
41349;202000027059;154 694 647;A01;0;7;0;2;1;1;1;
41350;202000027060;154 694 643;B01;2;7;0;2;3;1;1;
41351;202000027060;154 694 644;A01;1;7;0;0;6;15;1;
41352;202000027061;154 694 641;A01;0;7;0;1;2;1;1;
41353;202000027062;154 694 639;B01;3;7;0;2;1;14;0;
41354;202000027062;154 694 640;A01;3;7;0;2;6;15;0;
41355;202000027063;154 694 638;A01;3;7;0;1;1;0;1;
41356;202000027064;154 694 637;A01;3;7;6;1;1;26;0;
41357;202000027066;154 694 633;A01;1;7;0;2;7;15;1;
41358;202000027066;154 694 635;B01;2;33;0;2;1;1;1;
41359;202000027068;154 694 629;A01;1;1;0;0;9;1;5;
41360;202000027069;154 694 626;A01;2;7;0;2;3;0;1;
41361;202000027069;154 694 627;B01;2;33;0;2;1;0;1;
41362;202000027070;154 694 625;A01;2;7;6;0;1;1;1;
41363;202000027071;154 694 623;A01;1;33;0;2;1;1;1;
41364;202000027072;154 694 624;A01;1;7;0;1;8;1;0;
41365;202000027073;154 694 622;Z01;0;7;0;1;1;1;0;
41366;202000027074;154 694 621;A01;1;43;0;0;1;1;1;
41367;202000027075;154 694 617;A01;1;7;3;0;3;1;1;
41368;202000027076;154 694 616;A01;2;7;0;2;3;9;1;
41369;202000027076;154 694 619;B01;2;2;0;2;5;1;1;
41370;202000027077;154 694 615;C01;1;7;0;2;6;0;1;
41371;202000027077;154 694 618;B01;2;33;1;2;7;1;1;
41372;202000027077;154 694 620;A01;1;7;0;2;2;17;1;
41373;202000027078;154 694 614;A01;3;32;7;0;1;1;1;
41374;202000027079;154 694 610;A01;1;7;0;2;8;2;1;
41375;202000027079;154 694 611;B01;1;33;0;2;5;2;1;
41376;202000027080;154 694 612;A01;1;10;4;0;9;13;1;
41377;202000027081;154 694 613;A01;1;10;6;0;1;1;1;
41378;202000027082;154 694 609;A01;1;7;0;1;2;1;1;
41379;202000027083;154 694 608;A01;1;30;0;1;1;1;1;
41380;202000027084;154 694 607;A01;2;7;0;1;1;26;1;
41381;202000027085;154 694 606;A01;1;7;14;0;1;1;1;
41382;202000027086;154 694 605;A01;1;7;8;0;1;9;1;
41383;202000027087;154 694 604;A01;2;36;0;0;8;1;1;
41384;202000027088;154 694 598;B01;2;7;0;2;1;16;1;
41385;202000027088;154 694 602;A01;1;7;0;2;3;17;1;
41386;202000027089;154 694 600;A01;1;7;0;2;6;15;1;
41387;202000027089;154 694 603;B01;1;33;0;2;1;13;1;
41388;202000027090;154 694 597;A01;1;31;6;1;2;1;1;
41389;202000027091;154 694 599;B01;2;1;0;2;1;1;5;
41390;202000027091;154 694 601;A01;1;1;0;2;1;17;5;
41391;202000027092;154 694 595;A01;1;7;0;2;1;23;1;
41392;202000027092;154 694 596;B01;1;7;0;2;0;0;1;
41393;202000027093;154 694 594;A01;3;32;8;0;1;14;1;
41394;202000027094;154 694 592;Z01;1;7;0;2;1;1;1;
41395;202000027094;154 694 593;B01;1;7;0;2;4;1;1;
41396;202000027095;154 694 587;A01;1;32;0;2;8;15;1;
41397;202000027095;154 694 590;B01;2;33;0;2;1;1;1;
41398;202000027096;154 694 589;A01;1;7;0;2;3;13;0;
41399;202000027096;154 694 591;B01;2;7;0;0;3;1;0;
41400;202000027097;154 694 584;A01;2;32;0;2;0;17;1;
41401;202000027097;154 694 585;B01;2;99;0;0;0;0;0;
41402;202000027098;154 694 581;A01;1;7;0;2;1;2;1;
41403;202000027098;154 694 582;C01;1;7;0;2;4;2;1;
41404;202000027098;154 694 583;B01;1;7;0;2;9;2;1;
41405;202000027100;154 694 574;B01;3;7;0;2;1;2;1;
41406;202000027100;154 694 575;A01;3;7;0;2;1;26;1;
41407;202000027101;154 694 573;A01;3;30;0;0;8;1;1;
41408;202000027103;154 694 576;A01;2;7;0;2;1;9;1;
41409;202000027103;154 694 577;B01;1;7;0;2;1;1;1;
41410;202000027104;154 694 570;B01;1;7;0;2;3;10;1;
41411;202000027104;154 694 571;A01;1;30;0;2;1;1;1;
41412;202000027105;154 694 567;A01;2;7;0;0;4;1;1;
41413;202000027105;154 694 569;B01;2;7;0;2;1;1;1;
41414;202000027106;154 694 568;A01;1;7;0;1;1;1;1;
41415;202000027107;154 694 586;A01;2;7;0;2;3;13;1;
41416;202000027107;154 694 588;B01;1;7;0;2;3;13;1;
41417;202000027108;154 694 565;A01;1;7;0;1;1;1;0;
41418;202000027109;154 694 564;B01;2;7;0;2;6;15;0;
41419;202000027109;154 694 566;A01;2;7;0;2;1;1;1;
41420;202000027110;154 694 561;A01;1;1;0;2;0;0;0;
41421;202000027110;154 694 563;B01;1;10;0;2;2;2;1;
41422;202000027111;154 694 559;B01;1;99;0;2;4;0;0;
41423;202000027111;154 694 562;C01;1;7;0;2;0;0;1;
41424;202000027113;154 694 556;A01;3;2;0;0;0;15;1;
41425;202000027113;154 694 558;B01;3;7;0;0;9;1;1;
41426;202000027114;154 694 555;A01;3;30;11;0;1;1;1;
41427;202000027115;154 694 552;B01;2;7;0;2;4;1;0;
41428;202000027115;154 694 553;A01;2;15;0;2;1;1;0;
41429;202000027116;154 694 551;A01;3;7;0;2;8;10;1;
41430;202000027116;154 694 557;B01;3;30;0;2;1;1;1;
41431;202000027117;154 694 549;A01;3;7;0;2;2;21;1;
41432;202000027117;154 694 550;B01;3;7;0;0;6;2;1;
41433;202000027117;154 694 554;C01;3;10;0;0;0;23;1;
41434;202000027120;154 694 541;B01;1;33;0;2;8;1;1;
41435;202000027120;154 694 542;A01;1;7;0;2;5;9;1;
41436;202000027121;154 694 540;A01;1;31;14;0;1;1;1;
41437;202000027122;154 694 537;A01;2;15;0;2;3;15;0;
41438;202000027122;154 694 539;B01;1;32;0;2;1;1;1;
41439;202000027123;154 694 536;A01;3;13;0;2;3;15;1;
41440;202000027123;154 694 538;B01;3;7;0;2;1;1;1;
41441;202000027124;154 694 546;A01;1;1;1;0;1;14;5;
41442;202000027125;154 694 533;A01;3;7;0;1;2;1;1;
41443;202000027126;154 694 532;A01;1;10;0;1;5;4;1;
41444;202000027127;154 694 531;A01;3;7;0;1;3;1;1;
41445;202000027128;154 694 529;A01;3;32;0;9;3;26;1;
41446;202000027129;154 694 528;A01;3;7;0;2;6;19;0;
41447;202000027129;154 694 530;B01;2;2;0;2;6;0;0;
41448;202000027130;154 694 526;A01;2;33;1;0;1;17;1;
41449;202000027131;154 694 523;B01;1;7;0;2;3;1;1;
41450;202000027131;154 694 524;A01;2;7;0;2;3;13;0;
41451;202000027132;154 694 534;B01;2;80;0;2;1;1;3;
41452;202000027132;154 694 535;A01;1;1;0;2;1;21;5;
41453;202000027133;154 694 525;C01;2;7;0;2;1;1;1;
41454;202000027133;154 694 527;B01;1;33;0;1;0;1;1;
41455;202000027134;154 694 521;B01;1;7;0;2;7;15;1;
41456;202000027134;154 694 522;A01;2;2;0;2;1;2;1;
41457;202000027135;154 694 519;A01;0;10;0;9;1;0;0;
41458;202000027135;154 694 520;B01;0;1;0;2;1;0;5;
41459;202000027136;154 694 518;A01;3;36;0;1;1;26;0;
41460;202000027137;154 694 516;A01;2;2;0;0;1;5;1;
41461;202000027138;154 694 513;A01;2;7;4;0;1;1;1;
41462;202000027139;154 694 511;B01;1;7;0;2;4;1;1;
41463;202000027139;154 694 512;C01;1;7;0;2;1;1;1;
41464;202000027139;154 694 514;D01;1;7;0;2;4;1;1;
41465;202000027139;154 694 515;A01;1;7;0;2;1;17;1;
41466;202000027140;154 694 507;A01;3;7;0;2;1;1;1;
41467;202000027140;154 694 509;B01;3;10;0;2;8;1;1;
41468;202000027141;154 694 517;A01;2;7;13;0;2;2;1;
41469;202000027142;154 694 506;B01;0;7;0;0;4;1;1;
41470;202000027142;154 694 508;A01;0;1;0;2;1;1;5;
41471;202000027143;154 694 504;B01;2;2;0;2;1;17;1;
41472;202000027143;154 694 505;A01;2;3;0;2;8;15;1;
41473;202000027144;154 694 503;A01;2;30;0;0;0;13;1;
41474;202000027145;154 694 501;A01;0;21;13;0;2;14;1;
41475;202000027146;154 694 500;A01;3;7;0;1;3;1;0;
41476;202000027147;154 694 499;B01;1;7;2;2;2;2;1;
41477;202000027147;154 694 502;A01;1;7;0;2;3;10;1;
41478;202000027148;154 694 497;A01;2;7;0;1;1;15;1;
41479;202000027149;154 694 498;A01;1;7;0;0;1;1;1;
41480;202000027150;154 694 495;A01;1;7;0;2;1;15;1;
41481;202000027150;154 694 496;B01;2;33;0;2;3;1;1;
41482;202000027151;154 694 492;B01;1;31;0;2;1;1;0;
41483;202000027151;154 694 493;A01;2;7;0;2;2;17;0;
41484;202000027152;154 694 491;A01;0;7;13;0;3;1;0;
41485;202000027153;154 694 490;A01;2;3;9;0;3;13;1;
41486;202000027154;154 694 488;A01;2;10;0;2;2;14;1;
41487;202000027154;154 694 489;B01;1;7;0;2;1;1;1;
41488;202000027155;154 694 487;A01;0;7;0;1;4;26;1;
41489;202000027156;154 694 486;A01;1;7;13;0;1;1;1;
41490;202000027157;154 694 484;A01;1;33;0;2;3;3;1;
41491;202000027157;154 694 485;Z01;1;33;0;2;7;17;0;
41492;202000027158;154 694 483;A01;3;7;13;0;0;1;1;
41493;202000027159;154 694 480;A01;2;33;0;2;1;11;1;
41494;202000027159;154 694 481;B01;2;33;0;2;4;3;1;
41495;202000027159;154 694 482;C01;2;7;0;2;6;1;1;
41496;202000027160;154 694 479;A01;2;33;0;0;0;1;1;
41497;202000027161;154 694 476;A01;1;7;0;2;3;2;1;
41498;202000027161;154 694 478;B01;1;7;0;1;4;23;1;
41499;202000027162;154 694 474;A01;3;7;0;2;1;15;1;
41500;202000027162;154 694 477;B01;3;33;0;2;1;1;1;
41501;202000027163;154 694 472;A01;2;10;0;1;1;1;1;
41502;202000027164;154 694 475;A01;2;7;8;0;3;1;1;
41503;202000027165;154 694 473;B01;0;7;0;2;4;23;1;
41504;202000027166;154 694 470;A01;2;7;0;2;3;16;1;
41505;202000027166;154 694 471;B01;1;7;0;2;1;17;1;
41506;202000027167;154 694 467;A01;1;7;0;1;3;15;1;
41507;202000027168;154 694 466;A01;3;33;0;0;8;0;1;
41508;202000027170;154 694 463;B01;2;7;0;2;4;23;1;
41509;202000027170;154 694 465;Z01;2;7;0;2;1;1;0;
41510;202000027171;154 694 459;B01;1;17;0;2;4;2;1;
41511;202000027171;154 694 460;A01;1;10;0;2;1;2;1;
41512;202000027174;154 694 456;A01;1;10;0;1;2;1;1;
41513;202000027175;154 694 455;A01;2;1;0;2;3;1;5;
41514;202000027175;154 694 457;Z01;2;7;0;2;1;19;1;
41515;202000027176;154 694 451;A01;3;10;0;1;4;4;1;
41516;202000027177;154 694 452;B01;1;7;0;2;2;16;1;
41517;202000027177;154 694 453;A01;1;7;0;2;3;15;1;
41518;202000027178;154 694 450;B01;1;10;0;2;3;10;1;
41519;202000027178;154 694 454;A01;1;43;0;2;1;1;1;
41520;202000027179;154 694 448;B01;1;7;0;2;3;1;1;
41521;202000027179;154 694 449;A01;2;33;0;2;1;1;1;
41522;202000027180;154 694 446;A01;3;7;0;2;5;16;1;
41523;202000027180;154 694 447;B01;3;33;0;2;3;16;1;
41524;202000027181;154 694 444;A01;1;7;0;2;2;16;1;
41525;202000027181;154 694 445;B01;1;32;0;2;3;7;1;
41526;202000027182;154 694 443;A01;2;7;9;0;0;0;0;
41527;202000027183;154 694 441;A01;1;7;0;1;1;1;2;
41528;202000027184;154 694 440;A01;1;7;0;2;3;22;1;
41529;202000027184;154 694 442;B01;1;1;0;2;1;1;5;
41530;202000027185;154 694 436;A01;1;33;0;2;3;17;1;
41531;202000027185;154 694 438;B01;2;1;0;2;3;1;5;
41532;202000027186;154 694 433;A01;2;32;0;1;1;1;1;
41533;202000027187;154 694 434;A01;2;33;0;2;8;13;0;
41534;202000027187;154 694 439;C01;2;7;0;2;8;1;0;
41535;202000027188;154 694 435;B01;2;33;0;2;3;1;1;
41536;202000027188;154 694 437;A01;1;7;0;2;8;26;1;
41537;202000027189;154 694 432;A01;2;31;14;0;1;14;1;
41538;202000027190;154 694 430;B01;2;33;0;0;3;2;1;
41539;202000027190;154 694 431;A01;2;33;0;0;5;2;1;
41540;202000027193;154 694 426;A01;0;33;6;0;1;1;1;
41541;202000027194;154 694 423;A01;3;7;0;2;1;1;1;
41542;202000027194;154 694 425;B01;3;1;0;2;7;1;5;
41543;202000027196;154 694 422;A01;1;7;4;0;2;0;1;
41544;202000027197;154 694 420;A01;2;7;4;0;1;21;1;
41545;202000027198;154 694 419;A01;1;30;0;2;8;1;0;
41546;202000027199;154 694 418;B01;1;34;0;2;3;0;1;
41547;202000027199;154 694 421;A01;2;7;0;2;3;13;0;
41548;202000027200;154 694 417;A01;2;33;4;0;1;13;1;
41549;202000027202;154 694 410;A01;2;7;4;0;3;26;1;
41550;202000027204;154 694 412;B01;2;7;0;2;6;9;1;
41551;202000027204;154 694 414;A01;2;32;0;2;1;14;2;
41552;202000027205;154 694 409;A01;1;10;15;1;1;1;1;
41553;202000027206;154 694 406;B01;2;7;0;2;4;2;1;
41554;202000027206;154 694 407;A01;2;7;0;2;1;2;1;
41555;202000027207;154 694 402;B01;1;7;0;2;4;2;1;
41556;202000027207;154 694 408;A01;2;7;0;2;1;2;2;
41557;202000027208;154 694 401;A01;1;31;11;0;1;26;1;
41558;202000027209;154 694 403;B01;1;7;0;2;5;23;1;
41559;202000027209;154 694 405;A01;1;43;0;2;1;2;1;
41560;202000027210;154 694 396;B01;1;1;0;2;0;1;5;
41561;202000027210;154 694 399;A01;2;50;0;2;1;13;3;
41562;202000027211;154 694 398;A01;2;7;4;0;1;26;1;
41563;202000027212;154 694 394;A01;-1;10;0;1;2;20;1;
41564;202000027213;154 694 397;A01;2;1;1;0;2;14;5;
41565;202000027214;154 694 400;B01;1;33;0;2;1;1;1;
41566;202000027214;154 694 404;A01;1;10;0;0;0;0;1;
41567;202000027215;154 694 393;A01;1;10;0;2;1;2;1;
41568;202000027215;154 694 395;B01;1;10;0;2;4;2;1;
41569;202000027216;154 694 391;A01;2;80;1;2;1;1;3;
41570;202000027217;154 694 390;A01;1;7;0;2;2;26;1;
41571;202000027217;154 694 392;MB01;2;7;0;2;3;26;1;
41572;202000027218;154 694 382;A01;1;33;0;2;1;1;1;
41573;202000027218;154 694 384;B01;2;7;0;2;2;1;1;
41574;202000027218;154 694 386;C01;3;7;0;2;1;15;1;
41575;202000027219;154 694 385;B01;3;33;0;2;7;1;1;
41576;202000027219;154 694 387;A01;2;7;0;2;1;9;1;
41577;202000027220;154 694 388;B01;2;7;4;0;1;21;2;
41578;202000027220;154 694 389;A01;2;7;4;0;1;9;1;
41579;202000027221;154 694 379;Z01;2;0;0;1;3;2;0;
41580;202000027223;154 694 378;A01;2;7;4;0;1;0;1;
41581;202000027224;154 694 377;B01;3;50;0;0;0;0;3;
41582;202000027224;154 694 380;Z01;3;7;0;9;1;9;0;
41583;202000027225;154 694 375;B01;3;2;0;2;1;1;1;
41584;202000027225;154 694 376;A01;3;7;0;2;3;9;1;
41585;202000027226;154 694 370;A01;1;10;0;1;4;20;1;
41586;202000027227;154 694 374;Z01;2;1;0;1;1;1;5;
41587;202000027228;154 694 369;A01;0;2;0;2;1;1;0;
41588;202000027228;154 694 372;B01;0;10;0;2;6;1;3;
41589;202000027230;154 694 367;A01;1;33;0;2;1;0;1;
41590;202000027230;154 694 368;B01;2;2;0;2;1;0;1;
41591;202000027232;154 694 360;A01;1;10;0;2;3;15;1;
41592;202000027232;154 694 364;B01;2;32;0;2;3;1;1;
41593;202000027234;154 694 357;B01;3;7;0;2;8;1;1;
41594;202000027234;154 694 359;A01;3;7;0;2;3;11;1;
41595;202000027235;154 694 358;B01;1;7;4;0;3;1;1;
41596;202000027235;154 694 361;C01;1;7;4;2;7;1;1;
41597;202000027235;154 694 363;D01;1;7;4;2;3;1;1;
41598;202000027235;154 694 365;A01;1;7;4;0;1;14;1;
41599;202000027236;154 694 351;A01;2;30;0;1;1;25;1;
41600;202000027237;154 694 352;A01;2;50;0;2;1;5;3;
41601;202000027237;154 694 356;B01;1;7;0;2;1;15;1;
41602;202000027238;154 694 350;A01;2;30;0;2;8;19;1;
41603;202000027238;154 694 354;B01;1;7;0;2;8;15;1;
41604;202000027239;154 694 353;B01;2;7;0;2;8;1;1;
41605;202000027239;154 694 355;A01;2;17;0;2;2;1;1;
41606;202000027240;154 694 346;A01;2;1;0;2;6;1;5;
41607;202000027240;154 694 348;B01;1;10;0;2;0;9;1;
41608;202000027241;154 694 345;A01;2;7;1;0;2;14;1;
41609;202000027242;154 694 344;B01;1;7;0;2;3;2;1;
41610;202000027242;154 694 349;A01;1;17;0;2;2;2;1;
41611;202000027243;154 694 341;A01;1;7;0;2;1;1;1;
41612;202000027243;154 694 343;B01;1;7;0;2;1;1;1;
41613;202000027243;154 694 347;C01;1;7;0;2;4;1;1;
41614;202000027244;154 694 340;A01;2;50;1;2;1;1;3;
41615;202000027244;154 694 342;Z01;2;1;0;2;8;20;5;
41616;202000027245;154 694 337;B01;1;1;0;2;8;5;5;
41617;202000027245;154 694 339;A01;1;7;0;2;1;9;1;
41618;202000027246;154 694 332;A01;2;7;0;2;3;9;1;
41619;202000027246;154 694 335;B01;2;50;0;2;1;5;3;
41620;202000027247;154 694 333;B01;3;50;0;2;7;1;3;
41621;202000027247;154 694 338;A01;2;7;0;2;3;9;0;
41622;202000027249;154 694 329;A01;2;33;0;0;8;15;1;
41623;202000027250;154 694 330;A01;2;30;0;2;1;1;1;
41624;202000027250;154 694 331;B01;3;7;0;2;3;15;1;
41625;202000027251;154 694 328;A01;1;7;1;1;1;1;1;
41626;202000027252;154 694 326;A01;1;1;0;2;3;1;5;
41627;202000027252;154 694 327;B01;1;7;0;2;1;5;1;
41628;202000027253;154 694 321;A01;1;33;12;0;1;19;1;
41629;202000027254;154 694 322;A01;1;10;0;2;1;13;1;
41630;202000027254;154 694 323;B01;2;7;0;2;3;1;1;
41631;202000027255;154 694 324;B01;1;50;0;2;3;1;3;
41632;202000027255;154 694 325;A01;1;1;0;2;8;10;5;
41633;202000027256;154 694 318;A01;2;7;0;2;2;16;1;
41634;202000027256;154 694 320;B01;2;2;0;2;1;2;1;
41635;202000027257;154 694 317;A01;3;2;0;0;0;1;1;
41636;202000027258;154 694 316;B01;0;31;0;0;1;17;1;
41637;202000027258;154 694 319;A01;0;7;0;2;2;15;1;
41638;202000027259;154 694 314;B01;1;1;0;2;8;1;5;
41639;202000027259;154 694 315;A01;2;7;0;2;1;15;1;
41640;202000027260;154 694 310;A01;1;7;2;0;1;13;1;
41641;202000027261;154 694 311;A01;2;7;13;0;3;1;1;
41642;202000027262;154 694 306;A01;1;7;0;2;1;1;1;
41643;202000027262;154 694 308;B01;1;37;0;2;4;2;1;1.0
41644;202000027263;154 694 309;A01;2;1;0;1;1;1;5;
41645;202000027264;154 694 312;B01;0;31;0;2;4;15;1;
41646;202000027264;154 694 313;A01;0;7;0;2;2;15;1;
41647;202000027265;154 694 305;A01;2;10;0;0;4;15;1;
41648;202000027265;154 694 307;B01;2;2;0;2;1;1;1;
41649;202000027266;154 694 302;A01;3;7;0;2;3;9;1;
41650;202000027266;154 694 304;B01;3;80;0;2;7;1;3;
41651;202000027267;154 694 299;A01;3;10;0;2;5;15;1;
41652;202000027267;154 694 301;B01;3;10;0;2;1;1;0;
41653;202000027268;154 694 297;A01;2;7;0;2;1;1;1;
41654;202000027268;154 694 303;B01;1;7;0;2;8;1;1;
41655;202000027269;154 694 300;A01;1;7;13;0;1;1;1;
41656;202000027270;154 694 296;B01;1;33;0;2;6;12;1;
41657;202000027270;154 694 298;A01;1;33;0;2;2;12;1;
41658;202000027271;154 694 293;B01;3;80;0;2;7;5;3;
41659;202000027271;154 694 295;A01;3;31;0;2;1;1;1;
41660;202000027272;154 694 292;A01;2;3;0;2;7;15;0;
41661;202000027272;154 694 294;B01;1;2;0;2;8;1;0;
41662;202000027273;154 694 289;B01;1;1;0;2;0;13;5;
41663;202000027273;154 694 291;A01;1;7;0;9;7;17;1;
41664;202000027274;154 694 290;A01;2;32;1;0;3;13;1;
41665;202000027276;154 694 288;A01;1;1;0;0;0;1;5;
41666;202000027277;154 694 286;A01;2;7;3;0;1;16;0;
41667;202000027278;154 694 285;Z01;1;7;0;1;2;1;0;
41668;202000027279;154 694 283;A01;2;7;0;2;3;1;1;
41669;202000027279;154 694 284;B01;1;7;0;2;3;0;1;
41670;202000027280;154 694 281;B01;3;7;0;2;4;0;1;
41671;202000027280;154 694 282;A01;3;7;0;2;1;26;1;
41672;202000027281;154 694 279;B01;2;33;0;2;7;1;1;
41673;202000027281;154 694 280;A01;1;7;0;2;3;19;1;
41674;202000027282;154 694 278;A01;1;34;11;0;1;13;1;
41675;202000027283;154 694 273;A01;3;7;6;0;1;1;1;
41676;202000027284;154 694 274;B01;1;7;0;2;4;0;1;
41677;202000027284;154 694 276;A01;1;7;0;2;1;2;1;
41678;202000027284;154 694 277;C01;1;7;0;2;4;0;1;
41679;202000027285;154 694 272;A01;1;43;12;0;8;13;1;
41680;202000027286;154 694 275;A01;3;34;0;0;0;1;1;
41681;202000027287;154 694 271;A01;1;7;8;0;1;1;1;
41682;202000027288;154 694 270;Z01;1;30;0;1;0;25;1;
41683;202000027289;154 694 269;A01;1;10;0;1;3;15;0;
41684;202000027290;154 694 265;B01;2;32;0;2;3;9;1;
41685;202000027290;154 694 266;A01;2;7;0;2;2;12;1;
41686;202000027291;154 694 264;A01;2;7;9;0;2;14;1;
41687;202000027292;154 694 263;A01;1;30;0;2;1;13;1;
41688;202000027292;154 694 268;B01;2;7;0;2;2;1;1;
41689;202000027293;154 694 262;B01;1;33;0;2;0;1;1;
41690;202000027293;154 694 267;A01;2;7;0;2;8;9;1;
41691;202000027294;154 694 261;A01;3;7;13;0;9;1;1;
41692;202000027295;154 694 260;A01;2;10;6;0;1;1;0;
41693;202000027296;154 694 256;A01;1;33;0;2;1;1;1;
41694;202000027296;154 694 258;B01;2;7;0;2;1;15;1;
41695;202000027298;154 694 257;B01;1;7;0;2;4;1;1;
41696;202000027298;154 694 259;A01;1;7;0;2;4;1;1;
41697;202000027299;154 694 253;A01;3;7;0;2;9;17;1;
41698;202000027299;154 694 254;B01;3;7;0;2;9;1;1;
41699;202000027301;154 694 245;B01;3;7;1;2;2;17;1;
41700;202000027301;154 694 249;A01;3;7;0;2;3;15;1;
41701;202000027302;154 694 244;A01;3;33;0;1;1;1;1;
41702;202000027303;154 694 242;B01;-1;7;0;2;6;0;1;
41703;202000027303;154 694 243;A01;-1;34;0;2;1;26;1;
41704;202000027304;154 694 246;B01;1;7;0;2;1;1;0;
41705;202000027304;154 694 250;A01;2;7;0;2;1;0;0;
41706;202000027305;154 694 241;A01;2;1;0;0;8;1;5;
41707;202000027306;154 694 240;A01;1;37;0;1;3;15;1;1.0
41708;202000027307;154 694 236;A01;2;7;13;0;2;1;1;
41709;202000027308;154 694 237;A01;2;33;0;6;1;0;1;
41710;202000027309;154 694 238;B01;0;32;0;2;1;1;1;
41711;202000027309;154 694 239;A01;1;7;0;2;7;15;1;
41712;202000027310;154 694 235;A01;1;10;0;1;3;1;1;
41713;202000027311;154 694 230;B01;-1;7;0;0;4;2;1;
41714;202000027311;154 694 232;A01;-1;7;0;2;1;2;1;
41715;202000027312;154 694 229;B01;1;7;0;2;5;15;1;
41716;202000027312;154 694 233;A01;1;7;0;2;3;1;1;
41717;202000027313;154 694 228;A01;1;7;0;2;2;13;1;
41718;202000027313;154 694 234;B01;2;7;0;2;1;21;1;
41719;202000027314;154 694 227;B01;1;7;0;2;2;1;1;
41720;202000027314;154 694 231;A01;1;7;0;2;8;20;1;
41721;202000027315;154 694 225;B01;1;33;0;2;1;1;1;
41722;202000027315;154 694 226;A01;3;7;0;2;6;10;1;
41723;202000027316;154 694 224;A01;1;7;2;0;3;1;1;
41724;202000027317;154 694 218;A01;2;7;8;0;1;1;1;
41725;202000027318;154 694 220;A01;1;7;7;0;9;17;1;
41726;202000027319;154 694 221;C01;1;7;0;2;2;1;1;
41727;202000027319;154 694 222;B01;2;33;1;0;1;3;1;
41728;202000027319;154 694 223;A01;0;17;0;2;6;23;6;
41729;202000027321;154 694 213;B01;2;20;0;0;8;15;1;
41730;202000027321;154 694 215;A01;2;33;0;2;1;17;1;
41731;202000027322;154 694 214;B01;1;7;0;2;1;15;0;
41732;202000027322;154 694 216;A01;1;7;0;2;3;1;0;
41733;202000027323;154 694 210;A01;1;7;0;2;6;23;1;
41734;202000027323;154 694 212;B01;1;0;0;2;1;2;0;
41735;202000027324;154 694 209;Y01;1;1;0;2;4;1;5;
41736;202000027324;154 694 211;A01;1;7;0;2;7;9;1;
41737;202000027325;154 694 207;A01;1;33;0;1;1;21;1;
41738;202000027326;154 694 206;A01;0;7;0;2;3;13;1;
41739;202000027326;154 694 208;B01;0;1;0;2;1;1;5;
41740;202000027327;154 694 201;A01;1;10;0;2;2;1;4;
41741;202000027327;154 694 205;B01;1;10;0;2;1;16;0;
41742;202000027328;154 694 202;A01;1;33;17;0;9;1;1;
41743;202000027329;154 694 203;A01;0;7;0;1;2;16;1;
41744;202000027330;154 694 200;A01;0;7;0;0;3;1;0;
41745;202000027330;154 694 204;B01;1;7;0;0;3;1;1;
41746;202000027331;154 694 198;B01;2;2;0;2;4;1;1;
41747;202000027331;154 694 199;A01;1;13;0;2;4;21;1;
41748;202000027332;154 694 195;B01;3;7;0;2;3;0;1;
41749;202000027332;154 694 196;A01;3;7;0;2;3;13;1;
41750;202000027333;154 694 190;A01;1;33;4;2;0;21;1;
41751;202000027333;154 694 194;Z01;1;7;0;2;0;17;0;
41752;202000027334;154 694 192;B01;2;33;0;2;1;1;1;
41753;202000027334;154 694 197;A01;1;7;0;2;2;15;1;
41754;202000027335;154 694 193;A01;2;7;13;0;1;13;1;
41755;202000027336;154 694 191;A01;2;7;0;1;1;17;1;
41756;202000027337;154 694 188;B01;2;7;1;2;8;21;1;
41757;202000027337;154 694 189;A01;1;10;0;2;3;15;1;
41758;202000027338;154 694 187;A01;2;37;0;1;2;1;1;1.0
41759;202000027339;154 694 185;B01;2;7;0;0;3;1;1;
41760;202000027339;154 694 186;A01;2;10;0;0;7;23;1;
41761;202000027340;154 694 184;A01;1;7;0;1;3;15;1;
41762;202000027341;154 694 182;A01;0;7;15;2;5;20;1;
41763;202000027341;154 694 183;B01;3;7;0;2;0;0;0;
41764;202000027342;154 694 177;B01;2;7;0;0;4;1;1;
41765;202000027342;154 694 179;A01;2;7;0;2;2;21;1;
41766;202000027343;154 694 178;A01;3;7;0;1;2;2;1;
41767;202000027344;154 694 176;A01;0;30;0;0;7;0;1;
41768;202000027345;154 694 173;A01;2;33;0;2;2;17;1;
41769;202000027345;154 694 175;B01;2;7;0;2;6;15;1;
41770;202000027346;154 694 174;A01;1;33;0;0;1;0;1;
41771;202000027347;154 694 171;B01;3;60;0;2;7;1;5;
41772;202000027347;154 694 172;A01;3;7;0;9;8;9;1;
41773;202000027349;154 694 167;A01;1;33;0;0;1;1;1;
41774;202000027350;154 694 168;A01;1;7;0;2;2;1;1;