;Num_Acc;id_vehicule;num_veh;senc;catv;obs;obsm;choc;manv;motor;occutc
41775;202000027350;154 694 170;B01;3;7;8;2;1;6;1;
41776;202000027351;154 694 165;A01;1;7;1;1;2;21;1;
41777;202000027352;154 694 161;Z01;1;7;0;0;0;0;0;
41778;202000027352;154 694 162;A01;1;7;3;2;6;17;1;
41779;202000027352;154 694 164;B01;1;17;0;2;8;2;1;
41780;202000027354;154 694 155;B01;1;7;4;2;8;1;1;
41781;202000027354;154 694 158;Z01;1;99;0;2;0;0;0;
41782;202000027355;154 694 156;A01;1;7;0;2;8;13;1;
41783;202000027355;154 694 159;B01;1;30;0;2;7;1;1;
41784;202000027357;154 694 146;B01;1;7;0;2;4;23;1;
41785;202000027357;154 694 150;A01;1;7;0;2;1;1;1;
41786;202000027358;154 694 147;B01;2;1;0;2;3;19;5;
41787;202000027358;154 694 151;A01;1;7;0;2;1;1;1;
41788;202000027359;154 694 149;A01;3;7;0;2;8;15;1;
41789;202000027359;154 694 152;B01;3;30;0;2;1;17;1;
41790;202000027360;154 694 142;A01;1;7;0;1;1;16;1;
41791;202000027361;154 694 145;A01;2;7;0;2;1;14;1;
41792;202000027361;154 694 148;B01;1;7;0;2;3;23;1;
41793;202000027362;154 694 143;B01;2;7;0;2;4;2;1;
41794;202000027362;154 694 144;A01;2;7;0;2;1;2;1;
41795;202000027363;154 694 141;A01;2;7;8;1;7;1;1;
41796;202000027364;154 694 138;A01;1;2;0;1;1;1;1;
41797;202000027365;154 694 135;A01;1;7;0;1;1;1;1;
41798;202000027366;154 694 137;B01;2;7;4;0;4;1;1;
41799;202000027366;154 694 140;Z01;1;7;0;2;1;3;1;
41800;202000027367;154 694 134;B01;1;7;0;2;3;1;1;
41801;202000027367;154 694 136;A01;2;7;0;2;1;10;1;
41802;202000027368;154 694 133;A01;1;7;0;1;2;1;1;
41803;202000027369;154 694 131;B01;2;32;0;2;2;1;1;
41804;202000027369;154 694 132;A01;1;7;0;2;3;15;1;
41805;202000027370;154 694 129;B01;2;7;0;2;5;1;1;
41806;202000027370;154 694 130;A01;2;33;0;2;1;14;1;
41807;202000027371;154 694 127;A01;2;7;0;1;1;1;1;
41808;202000027372;154 694 125;A01;2;7;11;0;2;16;1;
41809;202000027373;154 694 121;B01;1;7;0;2;7;15;1;
41810;202000027373;154 694 123;A01;2;33;0;2;1;1;1;
41811;202000027374;154 694 120;B01;3;7;0;2;3;15;0;
41812;202000027374;154 694 124;A01;2;2;0;2;1;1;0;
41813;202000027375;154 694 122;A01;2;10;0;0;0;12;1;
41814;202000027375;154 694 126;B01;2;33;0;0;8;3;1;
41815;202000027376;154 694 114;B01;2;10;0;2;4;1;1;
41816;202000027376;154 694 115;A01;2;10;0;2;1;1;1;
41817;202000027377;154 694 117;Z01;2;7;0;2;3;9;0;
41818;202000027377;154 694 119;A01;1;2;0;2;1;1;1;
41819;202000027378;154 694 118;A01;3;7;6;1;3;5;1;
41820;202000027379;154 694 113;A01;2;7;0;2;3;1;0;
41821;202000027379;154 694 116;B01;2;1;0;2;2;1;6;
41822;202000027380;154 694 108;A01;3;32;0;2;1;17;1;
41823;202000027380;154 694 109;B01;3;7;0;2;4;11;1;
41824;202000027381;154 694 107;A01;1;7;0;1;5;16;1;
41825;202000027382;154 694 105;A01;3;7;2;0;7;13;1;
41826;202000027383;154 694 106;A01;0;33;0;1;0;1;1;
41827;202000027384;154 694 110;A01;1;7;0;2;7;12;1;
41828;202000027384;154 694 111;B01;1;7;0;2;6;1;1;
41829;202000027384;154 694 112;C01;1;33;0;2;1;3;1;
41830;202000027385;154 694 101;Z01;3;7;0;1;1;26;0;
41831;202000027386;154 694 097;A01;2;7;0;2;1;2;1;
41832;202000027386;154 694 100;B01;2;7;0;2;4;2;1;
41833;202000027386;154 694 104;C01;2;10;0;2;1;2;1;
41834;202000027387;154 694 099;A01;2;7;0;2;1;15;1;
41835;202000027387;154 694 102;B01;2;33;0;2;7;1;1;
41836;202000027388;154 694 103;A01;0;31;14;0;1;0;1;
41837;202000027389;154 694 096;B01;1;30;0;2;1;1;1;
41838;202000027389;154 694 098;A01;1;7;0;2;1;15;1;
41839;202000027390;154 694 095;A01;2;7;2;0;2;0;1;
41840;202000027391;154 694 094;A01;1;7;4;0;1;1;1;
41841;202000027392;154 694 093;A01;1;7;9;0;1;7;1;
41842;202000027393;154 694 087;A01;1;7;0;2;4;1;1;
41843;202000027393;154 694 090;B01;1;10;0;2;1;1;1;
41844;202000027394;154 694 089;A01;1;7;0;2;4;1;1;
41845;202000027394;154 694 091;B01;1;7;0;2;1;2;1;
41846;202000027395;154 694 088;A01;1;7;0;2;6;19;1;
41847;202000027395;154 694 092;B01;1;2;0;2;1;1;1;
41848;202000027396;154 694 085;B01;1;30;0;2;1;0;1;
41849;202000027396;154 694 086;A01;1;7;0;2;1;26;1;
41850;202000027397;154 694 082;A01;1;32;4;0;7;15;1;
41851;202000027398;154 694 081;B01;1;1;0;2;1;1;5;
41852;202000027398;154 694 083;A01;2;7;0;2;3;16;1;
41853;202000027400;154 694 078;A01;2;33;0;2;3;3;1;
41854;202000027400;154 694 084;B01;2;10;0;2;7;12;1;
41855;202000027401;154 694 071;E01;1;10;0;2;3;1;1;
41856;202000027401;154 694 073;D01;1;10;0;2;1;1;1;
41857;202000027401;154 694 074;C01;1;7;0;2;4;1;1;
41858;202000027401;154 694 076;B01;1;7;0;2;4;1;1;
41859;202000027401;154 694 077;A01;1;13;0;2;1;11;1;
41860;202000027403;154 694 068;A01;3;7;0;2;1;26;1;
41861;202000027403;154 694 072;B01;0;7;0;2;8;26;1;
41862;202000027404;154 694 066;B01;2;7;0;2;1;2;1;
41863;202000027404;154 694 069;A01;2;10;0;2;4;2;1;
41864;202000027405;154 694 070;B01;1;33;0;2;1;3;1;
41865;202000027405;154 694 075;A01;2;7;0;2;3;15;1;
41866;202000027406;154 694 062;Z01;2;7;0;2;0;0;0;
41867;202000027406;154 694 063;D01;2;13;0;2;1;21;0;
41868;202000027406;154 694 064;C01;2;10;0;2;1;21;1;
41869;202000027406;154 694 065;B01;2;7;0;2;1;21;0;
41870;202000027408;154 694 060;A01;3;99;6;0;2;14;1;
41871;202000027409;154 694 058;A01;1;7;4;0;1;13;1;
41872;202000027410;154 694 059;A01;3;7;0;1;1;1;1;
41873;202000027411;154 694 057;A01;1;7;1;0;4;20;1;
41874;202000027413;154 694 052;A01;3;10;0;1;4;4;1;
41875;202000027414;154 694 053;A01;3;10;0;1;0;0;1;
41876;202000027415;154 694 051;A01;1;7;0;1;1;1;1;
41877;202000027416;154 694 045;A01;2;30;0;2;3;1;1;
41878;202000027416;154 694 047;B01;2;7;0;2;2;16;1;
41879;202000027417;154 694 048;B01;1;7;0;2;1;1;1;
41880;202000027417;154 694 049;A01;1;10;0;2;3;10;1;
41881;202000027418;154 694 050;A01;1;7;0;2;1;0;1;
41882;202000027418;154 694 054;B01;2;7;0;2;0;0;1;
41883;202000027419;154 694 044;B01;1;7;0;2;4;1;1;
41884;202000027419;154 694 046;A01;1;7;0;2;1;2;1;
41885;202000027420;154 694 041;A01;1;32;0;2;1;1;1;
41886;202000027420;154 694 043;B01;1;7;0;2;5;1;1;
41887;202000027421;154 694 040;A01;2;50;0;2;1;15;3;
41888;202000027421;154 694 042;B01;1;7;0;2;2;1;1;
41889;202000027422;154 694 039;A01;3;30;15;0;2;18;1;
41890;202000027423;154 694 037;B01;3;2;0;2;7;1;1;
41891;202000027423;154 694 038;Z01;3;7;0;2;0;0;1;
41892;202000027424;154 694 034;A01;2;7;0;1;2;1;1;
41893;202000027425;154 694 032;B01;2;7;0;2;3;2;1;
41894;202000027425;154 694 036;A01;1;7;0;2;3;11;1;
41895;202000027426;154 694 033;B01;2;7;0;2;5;15;1;
41896;202000027426;154 694 035;A01;2;7;8;2;1;1;1;
41897;202000027427;154 694 029;B01;2;99;0;2;1;26;3;
41898;202000027429;154 694 021;B01;3;7;0;2;2;26;0;
41899;202000027429;154 694 023;A01;1;7;1;2;3;9;1;
41900;202000027430;154 694 025;D01;3;2;0;2;1;1;1;
41901;202000027430;154 694 027;C01;3;2;0;2;1;1;1;
41902;202000027430;154 694 028;B01;3;2;0;2;1;1;1;
41903;202000027430;154 694 031;A01;3;7;0;2;7;13;1;
41904;202000027431;154 694 019;B01;3;1;0;2;7;26;5;
41905;202000027431;154 694 024;Z01;3;7;0;2;1;9;0;
41906;202000027432;154 694 018;A01;0;7;0;1;4;26;1;
41907;202000027433;154 694 020;B01;2;32;0;2;2;11;1;
41908;202000027433;154 694 022;A01;2;7;0;2;8;11;1;
41909;202000027434;154 694 016;A01;1;7;0;9;7;13;1;
41910;202000027434;154 694 017;B01;1;1;0;2;1;1;5;
41911;202000027435;154 694 015;A01;3;33;1;0;2;26;1;
41912;202000027437;154 694 011;A01;1;37;13;0;2;1;1;6.0
41913;202000027438;154 694 012;A01;2;7;12;0;3;21;1;
41914;202000027439;154 694 009;A01;1;7;0;1;3;1;1;
41915;202000027440;154 694 008;B01;1;7;0;2;3;1;1;
41916;202000027440;154 694 010;A01;2;7;0;2;1;1;1;
41917;202000027442;154 694 006;A01;1;7;6;0;1;19;0;
41918;202000027443;154 694 003;A01;1;7;0;2;4;15;1;
41919;202000027443;154 694 004;B01;1;7;0;2;1;1;1;
41920;202000027444;154 694 001;A01;1;2;0;0;8;1;1;
41921;202000027445;154 693 999;C01;1;7;0;2;8;5;0;
41922;202000027445;154 694 002;B01;2;7;0;2;1;2;1;
41923;202000027445;154 694 005;A01;2;15;0;2;8;1;1;
41924;202000027446;154 694 000;A01;1;7;6;0;1;26;1;
41925;202000027447;154 693 994;B01;1;7;0;2;4;1;1;
41926;202000027447;154 693 996;A01;1;7;0;2;1;1;1;
41927;202000027448;154 693 993;A01;1;0;0;1;0;0;0;
41928;202000027449;154 693 991;A01;3;10;6;0;2;16;1;
41929;202000027450;154 693 990;B01;3;10;0;2;6;15;1;
41930;202000027450;154 693 992;A01;2;7;0;2;1;1;1;
41931;202000027451;154 693 987;A01;1;7;0;2;1;1;1;
41932;202000027451;154 693 989;B01;1;7;0;2;7;1;1;
41933;202000027452;154 693 986;A01;3;7;0;2;2;2;1;
41934;202000027452;154 693 988;B01;3;1;0;2;4;1;5;
41935;202000027453;154 693 983;A01;2;7;0;2;1;2;1;
41936;202000027453;154 693 984;B01;2;7;0;2;4;2;1;
41937;202000027453;154 693 985;C01;2;7;0;2;5;2;1;
41938;202000027454;154 693 981;A01;2;7;15;0;2;14;1;
41939;202000027455;154 693 980;B01;1;7;0;2;1;1;1;
41940;202000027455;154 693 982;A01;2;7;0;2;3;13;1;
41941;202000027456;154 693 979;A01;1;1;0;0;0;1;5;
41942;202000027457;154 693 977;A01;1;7;0;1;4;20;1;
41943;202000027458;154 693 976;A01;1;7;0;0;1;1;1;
41944;202000027459;154 693 975;A01;3;10;0;1;4;4;1;
41945;202000027460;154 693 974;A01;1;7;0;1;1;1;1;
41946;202000027461;154 693 972;B01;3;7;1;0;1;1;1;
41947;202000027461;154 693 973;A01;3;14;0;2;4;24;1;
41948;202000027462;154 693 970;A01;0;7;0;1;1;17;1;
41949;202000027463;154 693 969;A01;2;7;0;2;2;1;1;
41950;202000027463;154 693 971;B01;2;1;0;0;0;0;5;
41951;202000027466;154 693 962;A01;3;50;12;0;1;0;3;
41952;202000027467;154 693 964;A01;2;7;0;2;1;1;1;
41953;202000027467;154 693 965;B01;3;1;0;2;7;15;5;
41954;202000027468;154 693 961;A01;3;7;0;1;4;9;0;
41955;202000027469;154 693 957;A01;2;7;0;2;3;16;1;
41956;202000027469;154 693 960;B01;2;37;0;2;1;1;1;2.0
41957;202000027470;154 693 956;B01;1;7;0;0;0;0;1;
41958;202000027470;154 693 959;A01;1;7;0;1;1;1;1;
41959;202000027471;154 693 955;B01;1;30;0;2;7;16;1;
41960;202000027471;154 693 958;A01;1;7;0;2;3;1;1;
41961;202000027473;154 693 953;A01;2;7;15;0;1;1;1;
41962;202000027474;154 693 951;A01;0;7;0;1;3;1;1;
41963;202000027475;154 693 952;A01;3;7;4;0;3;1;1;
41964;202000027476;154 693 948;B01;3;1;0;2;1;1;5;
41965;202000027476;154 693 950;A01;3;7;0;2;1;15;1;
41966;202000027477;154 693 946;B01;2;31;1;2;3;21;1;
41967;202000027477;154 693 949;A01;2;1;1;2;2;12;5;
41968;202000027478;154 693 945;A01;1;7;0;2;1;2;1;
41969;202000027478;154 693 947;B01;1;7;0;2;4;2;1;
41970;202000027479;154 693 942;A01;3;1;0;1;3;19;5;
41971;202000027480;154 693 943;B01;2;7;0;2;4;1;0;
41972;202000027480;154 693 944;A01;2;7;0;2;1;1;0;
41973;202000027481;154 693 941;A01;0;7;0;1;4;20;1;
41974;202000027482;154 693 940;A01;1;7;2;0;3;14;1;
41975;202000027483;154 693 938;Z01;3;31;0;2;1;19;1;
41976;202000027483;154 693 939;A01;1;10;0;2;7;19;1;
41977;202000027484;154 693 937;A01;3;7;0;1;1;1;1;
41978;202000027485;154 693 936;A01;1;30;0;0;8;1;1;
41979;202000027486;154 693 935;A01;2;7;0;1;2;9;1;
41980;202000027487;154 693 932;B01;2;1;0;2;2;14;0;
41981;202000027487;154 693 934;A01;2;10;0;2;3;9;1;
41982;202000027488;154 693 930;A01;1;7;0;1;0;1;1;
41983;202000027489;154 693 931;A01;2;7;0;2;1;15;1;
41984;202000027489;154 693 933;B01;1;7;0;2;1;1;1;
41985;202000027490;154 693 925;A01;0;7;0;4;6;9;1;
41986;202000027490;154 693 929;B01;0;40;0;2;1;1;2;
41987;202000027491;154 693 924;C01;1;7;0;2;4;1;1;
41988;202000027491;154 693 926;B01;1;7;0;2;4;1;1;
41989;202000027491;154 693 927;A01;1;7;0;2;4;1;1;
41990;202000027492;154 693 923;A01;3;7;0;2;3;9;1;
41991;202000027492;154 693 928;B01;3;30;0;2;7;1;1;
41992;202000027493;154 693 920;A01;0;99;0;0;0;26;1;
41993;202000027494;154 693 918;A01;1;7;6;0;1;2;0;
41994;202000027495;154 693 919;B01;2;7;0;2;4;23;0;
41995;202000027495;154 693 921;C01;2;7;0;2;4;23;0;
41996;202000027495;154 693 922;A01;2;7;0;2;1;2;1;
41997;202000027496;154 693 915;A01;1;7;0;1;1;16;1;
41998;202000027497;154 693 916;Z01;1;7;0;0;0;0;0;
41999;202000027497;154 693 917;A01;1;33;0;2;1;1;1;
42000;202000027498;154 693 914;A01;2;0;0;1;2;19;0;
42001;202000027499;154 693 913;A01;1;7;0;1;3;26;1;
42002;202000027500;154 693 911;A01;1;30;11;0;1;1;1;
42003;202000027501;154 693 912;A01;3;7;8;0;1;1;1;
42004;202000027502;154 693 910;Z01;2;34;0;1;1;1;0;
42005;202000027503;154 693 906;A01;1;50;0;1;1;7;3;
42006;202000027504;154 693 904;A01;2;50;0;2;3;1;3;
42007;202000027504;154 693 905;Z01;2;7;0;2;7;16;0;
42008;202000027505;154 693 900;B01;2;1;0;2;6;1;5;
42009;202000027505;154 693 903;A01;2;10;0;2;2;16;1;
42010;202000027506;154 693 901;A01;1;7;0;2;1;2;1;
42011;202000027506;154 693 908;B01;1;7;0;2;4;2;1;
42012;202000027506;154 693 909;C01;1;7;0;2;4;16;1;
42013;202000027507;154 693 902;A01;1;33;0;4;3;1;1;
42014;202000027507;154 693 907;B01;1;40;0;2;2;1;3;
42015;202000027508;154 693 895;A01;1;31;0;1;1;1;1;
42016;202000027509;154 693 894;A01;1;31;0;1;2;1;1;
42017;202000027511;154 693 896;A01;1;2;0;2;1;1;1;
42018;202000027511;154 693 897;B01;2;7;0;2;7;15;1;
42019;202000027512;154 693 890;B01;1;7;0;2;1;23;0;
42020;202000027512;154 693 891;A01;1;7;0;2;0;26;6;
42021;202000027512;154 693 892;C01;1;7;0;2;4;23;0;
42022;202000027513;154 693 888;Z01;1;7;0;1;2;1;1;
42023;202000027515;154 693 898;A01;2;7;0;1;1;17;1;
42024;202000027516;154 693 884;A01;0;7;0;2;7;26;1;
42025;202000027516;154 693 887;B01;0;3;0;2;1;1;0;
42026;202000027517;154 693 883;A01;0;7;0;2;1;1;1;
42027;202000027517;154 693 885;B01;1;10;0;2;3;15;1;
42028;202000027518;154 693 878;A01;1;2;15;0;1;0;1;
42029;202000027519;154 693 881;B01;3;1;0;2;1;1;5;
42030;202000027519;154 693 882;A01;1;7;0;2;6;9;1;
42031;202000027520;154 693 880;A01;3;43;0;1;1;1;1;
42032;202000027521;154 693 877;B01;1;31;0;2;8;1;1;
42033;202000027521;154 693 879;A01;1;7;0;2;8;26;1;
42034;202000027522;154 693 875;A01;1;7;0;1;1;19;1;
42035;202000027523;154 693 874;A01;1;7;0;1;3;9;0;
42036;202000027524;154 693 873;A01;3;7;3;0;1;26;0;
42037;202000027525;154 693 870;B01;1;33;0;2;2;1;1;
42038;202000027525;154 693 872;A01;1;7;0;2;3;11;1;
42039;202000027526;154 693 869;B01;1;1;0;2;5;1;5;
42040;202000027526;154 693 871;A01;2;10;0;2;2;1;1;
42041;202000027527;154 693 867;A01;1;30;0;0;7;16;1;
42042;202000027528;154 693 866;A01;2;10;0;1;3;15;1;
42043;202000027529;154 693 865;Z01;0;99;0;1;0;5;0;
42044;202000027530;154 693 868;B01;2;7;0;2;7;2;1;
42045;202000027530;154 693 876;A01;2;7;0;2;1;1;1;
42046;202000027531;154 693 860;A01;1;7;0;2;2;14;1;
42047;202000027531;154 693 862;B01;1;7;9;0;9;1;1;
42048;202000027532;154 693 861;A01;1;7;0;2;3;15;1;
42049;202000027532;154 693 863;B01;1;7;0;2;1;17;1;
42050;202000027535;154 693 850;A01;1;7;0;2;1;15;1;
42051;202000027535;154 693 854;B01;2;30;0;2;1;1;1;
42052;202000027537;154 693 847;B01;2;7;8;2;1;19;1;
42053;202000027537;154 693 852;A01;2;7;8;2;7;19;1;
42054;202000027538;154 693 843;A01;1;2;0;0;0;1;1;
42055;202000027539;154 693 842;B01;1;7;14;2;1;1;1;
42056;202000027539;154 693 844;A01;1;30;0;2;1;2;1;
42057;202000027541;154 693 837;A01;2;7;0;2;3;2;1;
42058;202000027541;154 693 838;C01;2;7;0;2;6;0;1;
42059;202000027541;154 693 839;B01;2;7;0;2;5;0;1;
42060;202000027542;154 693 835;B01;2;33;0;2;1;1;1;
42061;202000027542;154 693 836;A01;1;7;0;2;3;19;1;
42062;202000027543;154 693 849;A01;1;7;0;2;0;0;1;
42063;202000027543;154 693 851;B01;1;7;0;2;0;0;1;
42064;202000027544;154 693 845;A01;1;10;0;2;3;9;1;
42065;202000027544;154 693 846;B01;1;10;0;2;2;1;1;
42066;202000027545;154 693 840;A01;3;7;8;0;1;15;0;
42067;202000027546;154 693 834;A01;1;7;4;0;9;1;1;
42068;202000027547;154 693 826;D01;1;17;0;2;4;2;0;
42069;202000027547;154 693 829;C01;1;7;0;2;1;2;0;
42070;202000027547;154 693 830;B01;2;17;0;2;1;5;0;
42071;202000027547;154 693 832;A01;1;7;0;2;1;2;1;
42072;202000027548;154 693 825;A01;3;3;0;2;1;2;1;
42073;202000027548;154 693 833;B01;3;7;0;2;4;1;1;
42074;202000027549;154 693 828;A01;2;7;0;2;1;15;1;
42075;202000027549;154 693 831;B01;1;33;0;2;1;1;1;
42076;202000027550;154 693 823;A01;3;1;0;2;5;1;5;
42077;202000027550;154 693 827;B01;3;10;0;2;3;1;1;
42078;202000027551;154 693 822;A01;1;32;0;2;8;3;1;
42079;202000027551;154 693 824;B01;1;7;0;2;7;1;1;
42080;202000027552;154 693 820;A01;1;7;0;1;4;4;1;
42081;202000027553;154 693 818;C01;3;7;0;2;1;1;2;
42082;202000027553;154 693 819;B01;3;10;0;2;4;16;2;
42083;202000027553;154 693 821;A01;3;7;0;2;1;1;1;
42084;202000027554;154 693 811;A01;1;30;0;2;1;1;1;
42085;202000027554;154 693 817;B01;1;7;0;2;3;15;2;
42086;202000027555;154 693 813;B01;2;7;0;2;4;23;1;
42087;202000027555;154 693 815;A01;2;31;0;2;1;2;1;
42088;202000027556;154 693 812;A01;1;14;0;2;2;16;1;
42089;202000027556;154 693 816;B01;1;80;0;2;0;1;3;
42090;202000027557;154 693 814;A01;2;7;1;0;2;0;1;
42091;202000027559;154 693 807;B01;1;1;0;2;1;1;5;
42092;202000027559;154 693 809;A01;1;10;0;2;3;22;1;
42093;202000027560;154 693 801;A01;1;7;0;1;2;1;1;
42094;202000027562;154 693 803;A01;3;7;0;2;1;15;1;
42095;202000027562;154 693 804;B01;3;2;0;2;1;1;1;
42096;202000027563;154 693 794;A01;3;34;0;2;1;1;1;
42097;202000027563;154 693 798;B01;3;1;0;2;7;19;5;
42098;202000027564;154 693 793;B01;0;7;0;2;1;2;1;
42099;202000027564;154 693 797;A01;3;7;0;2;4;2;1;
42100;202000027565;154 693 795;A01;1;7;0;2;7;15;1;
42101;202000027565;154 693 800;B01;1;30;0;2;1;1;1;
42102;202000027566;154 693 791;D01;2;7;1;2;4;24;-1;
42103;202000027566;154 693 792;B01;1;7;0;2;4;23;1;
42104;202000027566;154 693 796;A01;1;7;1;2;1;1;1;
42105;202000027566;154 693 799;C01;1;7;1;0;0;26;1;
42106;202000027567;154 693 789;A01;3;7;0;2;7;9;1;
42107;202000027567;154 693 790;B01;3;33;0;2;3;1;1;
42108;202000027568;154 693 786;A01;0;7;0;1;1;1;1;
42109;202000027569;154 693 782;B01;3;80;0;2;1;13;3;
42110;202000027569;154 693 784;A01;3;80;0;2;3;13;3;
42111;202000027570;154 693 787;B01;2;31;0;2;2;1;1;
42112;202000027570;154 693 788;A01;2;7;0;2;2;12;1;
42113;202000027571;154 693 780;B01;2;15;0;2;1;2;1;
42114;202000027571;154 693 781;A01;2;7;4;0;1;1;1;
42115;202000027572;154 693 783;B01;1;7;0;2;3;2;1;
42116;202000027572;154 693 785;A01;1;7;0;2;6;2;1;
42117;202000027573;154 693 777;A01;1;7;0;2;2;16;1;
42118;202000027573;154 693 778;B01;1;33;0;2;3;3;1;
42119;202000027574;154 693 773;A01;1;7;0;2;6;15;1;
42120;202000027574;154 693 779;B01;2;1;0;2;3;1;5;
42121;202000027576;154 693 772;B01;1;7;0;2;4;1;1;
42122;202000027576;154 693 774;A01;1;7;0;2;2;9;1;
42123;202000027577;154 693 766;A01;2;10;0;2;8;22;1;
42124;202000027577;154 693 771;B01;2;1;0;2;1;1;5;
42125;202000027578;154 693 767;A01;1;7;0;1;1;15;6;
42126;202000027579;154 693 768;A01;1;7;4;2;2;1;1;
42127;202000027579;154 693 770;B01;1;7;0;2;6;1;1;
42128;202000027580;154 693 765;A01;3;80;0;2;1;19;3;
42129;202000027580;154 693 769;B01;3;7;0;2;4;1;1;
42130;202000027581;154 693 760;A01;1;99;0;2;8;15;1;
42131;202000027581;154 693 764;B01;2;1;0;2;7;1;5;
42132;202000027582;154 693 761;A01;1;1;0;0;8;1;5;
42133;202000027583;154 693 762;A01;2;7;0;1;6;20;1;
42134;202000027585;154 693 759;A01;1;33;0;2;7;17;1;
42135;202000027585;154 693 763;B01;2;7;0;2;1;15;6;
42136;202000027586;154 693 757;A01;3;7;0;1;1;1;1;
42137;202000027587;154 693 754;B01;1;33;0;2;1;1;1;
42138;202000027587;154 693 755;A01;2;10;0;2;3;10;1;
42139;202000027588;154 693 750;A01;1;30;1;0;7;1;1;
42140;202000027589;154 693 748;A01;2;7;0;2;6;2;0;
42141;202000027589;154 693 752;B01;2;33;0;2;1;2;0;
42142;202000027590;154 693 747;B01;2;2;0;2;1;1;1;
42143;202000027590;154 693 749;A01;1;7;0;2;3;10;1;
42144;202000027590;154 693 753;T01;-1;-1;-1;-1;-1;-1;-1;
42145;202000027591;154 693 744;A01;1;50;0;1;1;7;3;
42146;202000027592;154 693 745;B01;2;7;0;2;1;1;1;
42147;202000027592;154 693 746;VA01;0;7;0;2;1;0;1;
42148;202000027593;154 693 742;B01;3;7;0;2;4;1;1;
42149;202000027593;154 693 743;A01;3;7;0;2;1;18;1;
42150;202000027594;154 693 740;A01;2;7;0;2;1;1;3;
42151;202000027594;154 693 741;B01;2;7;0;2;7;10;1;
42152;202000027595;154 693 736;A01;1;7;0;2;2;19;1;
42153;202000027595;154 693 738;B01;0;30;0;2;0;0;0;
42154;202000027597;154 693 734;B01;1;7;0;2;3;15;1;
42155;202000027597;154 693 737;A01;1;33;0;2;2;17;1;
42156;202000027598;154 693 730;B01;1;34;0;2;1;1;1;
42157;202000027598;154 693 731;A01;2;10;0;2;2;15;1;
42158;202000027599;154 693 751;A01;1;80;0;2;1;25;3;
42159;202000027599;154 693 756;B01;1;1;0;9;1;26;0;
42160;202000027600;154 693 732;A01;2;32;0;2;1;7;1;
42161;202000027600;154 693 733;B01;3;7;0;2;3;26;1;
42162;202000027601;154 693 728;B01;2;7;0;2;5;23;1;
42163;202000027601;154 693 729;A01;2;30;0;2;1;2;1;
42164;202000027602;154 693 727;A01;2;7;0;1;1;19;1;
42165;202000027603;154 693 726;A01;1;1;12;0;1;1;5;
42166;202000027604;154 693 724;A01;1;1;0;1;1;1;5;
42167;202000027605;154 693 722;B01;1;33;0;2;1;11;1;
42168;202000027605;154 693 725;A01;2;7;0;2;3;15;1;
42169;202000027606;154 693 719;A01;1;7;0;2;2;15;1;
42170;202000027606;154 693 723;B01;3;30;0;2;1;1;1;
42171;202000027607;154 693 720;A01;0;1;0;2;1;1;5;
42172;202000027607;154 693 721;B01;0;7;0;2;1;16;1;
42173;202000027608;154 693 717;B01;2;7;0;2;6;15;1;
42174;202000027608;154 693 718;A01;2;34;0;2;1;17;1;
42175;202000027609;154 693 714;A01;2;7;0;2;2;16;1;
42176;202000027609;154 693 715;B01;2;50;0;2;0;1;3;
42177;202000027610;154 693 713;A01;3;10;0;1;4;4;1;
42178;202000027611;154 693 711;A01;2;10;0;2;1;2;1;
42179;202000027611;154 693 712;B01;2;7;0;2;4;23;1;
42180;202000027612;154 693 716;A01;1;7;0;1;1;1;1;
42181;202000027613;154 693 707;A01;2;34;1;0;1;14;1;
42182;202000027615;154 693 708;A01;1;32;0;1;1;1;1;
42183;202000027617;154 693 701;A01;1;7;0;0;0;1;0;
42184;202000027619;154 693 700;A01;2;2;0;2;1;2;1;
42185;202000027619;154 693 705;B01;1;7;0;2;1;2;1;
42186;202000027620;154 693 697;A01;3;43;12;0;7;1;1;
42187;202000027621;154 693 696;A01;1;7;0;2;5;19;1;
42188;202000027621;154 693 698;B01;2;10;0;2;6;0;1;
42189;202000027622;154 693 692;A01;1;7;0;2;2;22;1;
42190;202000027622;154 693 694;B01;1;50;0;2;1;18;3;
42191;202000027623;154 693 695;B01;1;7;0;2;1;5;1;
42192;202000027623;154 693 699;A01;2;17;0;2;3;15;1;
42193;202000027624;154 693 690;C01;1;7;0;2;4;1;1;
42194;202000027624;154 693 691;B01;1;7;0;2;4;1;1;
42195;202000027624;154 693 693;A01;1;7;0;2;1;1;1;
42196;202000027625;154 693 688;B01;1;7;0;2;6;23;1;
42197;202000027625;154 693 689;A01;1;30;0;2;1;2;1;
42198;202000027626;154 693 687;A01;1;2;3;0;1;21;1;
42199;202000027627;154 693 684;A01;2;10;0;2;5;20;1;
42200;202000027627;154 693 685;B01;2;1;0;2;5;1;5;
42201;202000027628;154 693 683;B01;1;7;0;0;4;2;1;
42202;202000027628;154 693 686;A01;1;14;0;2;1;2;1;
42203;202000027629;154 693 681;B01;1;7;0;1;0;2;0;
42204;202000027629;154 693 682;A01;1;7;0;1;2;1;1;
42205;202000027631;154 693 679;A01;1;7;13;0;1;1;0;
42206;202000027632;154 693 678;A01;2;7;13;0;1;1;1;