;Num_Acc;id_vehicule;num_veh;senc;catv;obs;obsm;choc;manv;motor;occutc
42207;202000027633;154 693 674;B01;1;2;0;2;1;1;1;
42208;202000027633;154 693 677;A01;2;7;0;2;3;15;1;
42209;202000027634;154 693 675;A01;1;34;14;0;1;13;1;
42210;202000027635;154 693 673;A01;3;10;0;2;2;19;1;
42211;202000027635;154 693 676;B01;1;10;0;2;3;0;1;
42212;202000027636;154 693 671;A01;0;7;0;2;3;6;0;
42213;202000027636;154 693 672;B01;0;1;0;0;0;0;5;
42214;202000027637;154 693 669;A01;2;30;0;2;3;1;1;
42215;202000027637;154 693 670;Z01;2;7;0;2;5;23;0;
42216;202000027638;154 693 668;A01;1;7;6;0;1;1;1;
42217;202000027639;154 693 665;A01;3;17;6;1;3;23;1;
42218;202000027640;154 693 664;A01;3;33;0;2;8;0;1;
42219;202000027640;154 693 667;B01;3;7;0;2;1;0;1;
42220;202000027641;154 693 666;A01;1;50;0;0;0;1;3;
42221;202000027642;154 693 660;A01;2;7;0;2;2;9;1;
42222;202000027642;154 693 662;B01;2;1;0;2;8;2;5;
42223;202000027643;154 693 661;B01;1;7;0;2;1;1;1;
42224;202000027643;154 693 663;A01;2;7;0;2;1;13;1;
42225;202000027644;154 693 656;B01;1;7;0;2;1;19;1;
42226;202000027644;154 693 659;A01;3;50;0;2;7;1;3;
42227;202000027647;154 693 651;A01;1;7;0;2;4;1;1;
42228;202000027647;154 693 653;B01;1;1;0;2;1;1;5;
42229;202000027648;154 693 652;A01;1;7;2;0;2;1;1;
42230;202000027649;154 693 649;A01;0;7;0;0;6;15;1;
42231;202000027649;154 693 650;B01;0;7;0;2;2;17;1;
42232;202000027650;154 693 646;B01;1;2;0;2;1;1;1;
42233;202000027650;154 693 648;A01;1;10;1;0;3;15;1;
42234;202000027651;154 693 647;A01;1;7;0;1;2;16;0;
42235;202000027652;154 693 645;A01;1;14;13;0;5;1;1;
42236;202000027653;154 693 643;B01;1;7;9;2;8;2;1;
42237;202000027653;154 693 644;A01;1;7;0;2;2;15;1;
42238;202000027654;154 693 639;A01;3;7;0;2;1;1;1;
42239;202000027654;154 693 640;B01;3;7;0;2;7;9;1;
42240;202000027655;154 693 638;A01;1;7;0;2;2;15;1;
42241;202000027655;154 693 642;B01;2;7;0;2;3;1;1;
42242;202000027656;154 693 637;B01;1;7;0;0;4;2;6;
42243;202000027656;154 693 641;A01;1;2;0;2;1;26;6;
42244;202000027657;154 693 636;A01;3;7;0;1;5;10;1;
42245;202000027658;154 693 634;B01;2;7;0;0;1;15;1;
42246;202000027658;154 693 635;A01;1;7;0;0;3;1;1;
42247;202000027659;154 693 633;A01;2;30;12;0;1;16;1;
42248;202000027660;154 693 632;A01;1;7;0;1;1;15;0;
42249;202000027661;154 693 629;A01;1;32;0;1;1;25;1;
42250;202000027662;154 693 628;A01;3;7;0;2;3;9;1;
42251;202000027662;154 693 630;B01;3;37;0;2;2;1;1;1.0
42252;202000027663;154 693 627;A01;3;7;0;1;3;2;1;
42253;202000027664;154 693 623;C01;2;7;0;2;6;23;1;
42254;202000027664;154 693 625;B01;2;33;0;2;4;23;1;
42255;202000027664;154 693 626;A01;2;7;0;2;3;2;1;
42256;202000027665;154 693 624;A01;1;43;0;1;1;15;1;
42257;202000027666;154 693 622;A01;1;7;2;0;2;14;1;
42258;202000027667;154 693 621;A01;2;1;0;0;0;1;5;
42259;202000027668;154 693 618;A01;2;7;0;2;8;19;1;
42260;202000027668;154 693 620;B01;2;37;0;2;1;1;0;1.0
42261;202000027670;154 693 616;A01;1;10;0;2;2;11;1;
42262;202000027670;154 693 619;B01;2;7;0;2;2;21;1;
42263;202000027671;154 693 612;A01;2;1;0;2;8;17;5;
42264;202000027671;154 693 615;B01;2;10;0;2;3;15;1;
42265;202000027672;154 693 613;A01;2;7;0;2;3;1;1;
42266;202000027672;154 693 614;B01;1;17;0;0;8;16;1;
42267;202000027673;154 693 611;A01;2;7;0;1;1;1;0;
42268;202000027674;154 693 609;A01;3;33;0;2;2;1;1;
42269;202000027674;154 693 610;B01;3;7;0;2;7;12;1;
42270;202000027675;154 693 608;A01;0;32;0;1;1;0;1;
42271;202000027676;154 693 602;A01;2;10;0;2;0;22;1;
42272;202000027676;154 693 605;B01;2;2;0;2;0;1;1;
42273;202000027678;154 693 598;A01;2;1;0;1;7;1;5;
42274;202000027679;154 693 600;B01;2;21;0;2;3;15;1;
42275;202000027679;154 693 603;A01;2;7;2;2;7;17;1;
42276;202000027680;154 693 597;A01;3;7;0;1;6;4;1;
42277;202000027681;154 693 596;A01;2;34;0;2;1;17;1;
42278;202000027681;154 693 599;B01;1;7;0;2;1;15;1;
42279;202000027682;154 693 594;A01;2;31;0;2;1;18;1;
42280;202000027682;154 693 595;B01;2;10;0;2;7;16;1;
42281;202000027683;154 693 592;B01;1;15;0;0;3;1;0;
42282;202000027683;154 693 593;A01;2;10;0;2;3;1;0;
42283;202000027684;154 693 591;A01;2;7;1;1;1;2;1;
42284;202000027685;154 693 588;B01;2;31;0;2;3;1;1;
42285;202000027685;154 693 590;A01;1;7;0;2;3;15;1;
42286;202000027686;154 693 586;B01;1;34;0;0;1;1;1;
42287;202000027686;154 693 589;A01;1;7;0;0;3;10;1;
42288;202000027687;154 693 585;B01;0;7;0;2;4;23;1;
42289;202000027687;154 693 587;A01;0;7;0;2;1;1;0;
42290;202000027688;154 693 582;A01;0;7;5;0;1;0;1;
42291;202000027689;154 693 583;B01;2;7;0;2;5;23;1;
42292;202000027689;154 693 584;A01;2;1;0;2;1;1;5;
42293;202000027690;154 693 580;B01;-1;50;0;2;7;26;3;
42294;202000027690;154 693 581;A01;-1;7;0;2;1;26;1;
42295;202000027691;154 693 577;B01;1;1;0;2;1;1;5;
42296;202000027691;154 693 579;A01;1;7;0;2;2;16;2;
42297;202000027692;154 693 576;A01;-1;32;0;2;7;17;1;
42298;202000027692;154 693 578;B01;-1;7;0;2;1;9;1;
42299;202000027693;154 693 575;Z01;1;7;0;1;3;9;0;
42300;202000027694;154 693 574;A01;2;7;0;1;2;1;1;
42301;202000027695;154 693 572;A01;3;3;1;0;1;1;0;
42302;202000027696;154 693 571;Z01;1;7;0;2;1;1;1;
42303;202000027696;154 693 573;A01;1;32;0;2;3;1;1;
42304;202000027697;154 693 570;A01;2;7;0;1;1;1;0;
42305;202000027698;154 693 569;A01;2;7;0;1;2;16;1;
42306;202000027699;154 693 567;A01;-1;31;0;2;2;17;0;
42307;202000027699;154 693 568;B01;2;7;0;2;3;11;0;
42308;202000027700;154 693 565;A01;2;7;0;2;6;16;1;
42309;202000027700;154 693 566;B01;2;1;0;2;1;1;5;
42310;202000027701;154 693 564;A01;1;7;0;1;3;1;0;
42311;202000027702;154 693 562;A01;1;7;0;2;3;1;1;
42312;202000027702;154 693 563;B01;1;1;0;2;3;1;5;
42313;202000027703;154 693 560;A01;1;50;14;0;4;1;3;
42314;202000027704;154 693 561;A01;1;7;0;1;3;15;1;
42315;202000027705;154 693 558;A01;1;32;0;0;8;16;1;
42316;202000027706;154 693 557;B01;-1;10;0;2;4;1;0;
42317;202000027706;154 693 559;A01;-1;2;0;2;1;1;0;
42318;202000027707;154 693 555;A01;3;7;0;2;3;20;1;
42319;202000027707;154 693 556;B01;3;32;0;2;5;1;1;
42320;202000027708;154 693 554;A01;1;7;0;1;1;1;0;
42321;202000027709;154 693 551;B01;2;7;0;2;2;1;1;
42322;202000027709;154 693 553;A01;1;7;0;2;3;15;1;
42323;202000027711;154 693 547;A01;3;10;0;2;8;17;1;
42324;202000027711;154 693 548;B01;3;34;0;2;7;1;1;
42325;202000027712;154 693 544;A01;1;7;0;2;3;1;1;
42326;202000027712;154 693 546;B01;2;7;0;2;1;1;1;
42327;202000027713;154 693 543;B01;2;7;0;2;1;14;1;
42328;202000027713;154 693 545;A01;1;34;0;2;1;13;1;
42329;202000027714;154 693 542;A01;2;30;0;0;8;1;1;
42330;202000027715;154 693 540;A01;1;30;0;2;1;2;1;
42331;202000027715;154 693 541;B01;1;7;0;2;0;23;1;
42332;202000027716;154 693 536;A01;1;7;0;2;1;15;1;
42333;202000027716;154 693 538;B01;2;33;0;2;0;0;0;
42334;202000027717;154 693 537;A01;1;2;0;2;7;1;1;
42335;202000027717;154 693 539;Z01;1;7;0;0;0;0;0;
42336;202000027718;154 693 534;B01;2;14;0;2;2;0;6;
42337;202000027718;154 693 535;A01;1;30;0;2;2;1;3;
42338;202000027719;154 693 532;Z01;2;0;0;0;0;0;0;
42339;202000027719;154 693 533;A01;2;30;0;2;7;26;1;
42340;202000027721;154 693 527;A01;3;7;0;2;2;1;1;
42341;202000027721;154 693 529;B01;3;33;0;2;1;1;1;
42342;202000027722;154 693 526;A01;2;7;0;2;3;15;1;
42343;202000027722;154 693 528;B01;1;33;0;2;1;1;1;
42344;202000027723;154 693 523;B01;-1;33;0;2;8;1;0;
42345;202000027723;154 693 525;A01;-1;7;0;2;2;9;0;
42346;202000027724;154 693 522;B01;2;33;9;2;1;1;1;
42347;202000027724;154 693 524;A01;1;7;9;2;5;15;1;
42348;202000027725;154 693 518;A01;1;7;0;2;7;17;0;
42349;202000027725;154 693 520;B01;1;1;0;2;6;1;5;
42350;202000027727;154 693 515;B01;1;7;0;2;3;15;1;
42351;202000027727;154 693 516;A01;2;7;0;0;3;1;1;
42352;202000027728;154 693 513;A01;-1;7;0;2;1;1;1;
42353;202000027728;154 693 514;B01;-1;7;0;2;2;1;1;
42354;202000027729;154 693 510;A01;1;37;0;2;3;1;1;1.0
42355;202000027729;154 693 511;B01;2;7;0;2;3;1;1;
42356;202000027730;154 693 509;A01;1;7;0;1;2;1;1;
42357;202000027731;154 693 506;A01;3;13;0;0;2;1;0;
42358;202000027731;154 693 508;B01;0;33;0;2;1;1;1;
42359;202000027732;154 693 504;A01;2;32;0;1;1;17;0;
42360;202000027733;154 693 503;B01;2;7;0;2;1;0;1;
42361;202000027733;154 693 505;A01;1;7;0;2;1;0;1;
42362;202000027734;154 693 501;A01;1;30;0;2;2;17;1;
42363;202000027734;154 693 502;B01;1;7;0;2;3;15;1;
42364;202000027735;154 693 499;B01;1;33;0;2;1;0;1;
42365;202000027735;154 693 500;A01;2;10;0;2;1;1;1;
42366;202000027736;154 693 497;B01;2;7;0;2;8;13;1;
42367;202000027736;154 693 498;A01;1;17;0;2;2;13;1;
42368;202000027737;154 693 495;A01;2;7;0;2;3;1;1;
42369;202000027737;154 693 496;B01;1;7;0;2;3;1;1;
42370;202000027738;154 693 494;A01;1;7;0;1;2;1;1;
42371;202000027739;154 693 491;C01;2;7;0;2;1;1;1;
42372;202000027739;154 693 492;B01;1;7;0;2;1;1;1;
42373;202000027739;154 693 493;A01;1;7;0;2;4;15;1;
42374;202000027741;154 693 489;A01;1;33;6;0;0;16;1;
42375;202000027742;154 693 486;B01;2;7;0;2;0;2;1;
42376;202000027742;154 693 488;A01;2;7;0;2;0;17;1;
42377;202000027743;154 693 487;A01;1;10;0;1;2;1;1;
42378;202000027744;154 693 485;A01;2;10;4;0;1;0;1;
42379;202000027745;154 693 483;A01;1;7;0;2;8;1;1;
42380;202000027745;154 693 484;B01;1;1;0;2;4;9;5;
42381;202000027746;154 693 482;A01;2;7;0;1;7;21;1;
42382;202000027747;154 693 481;A01;2;7;0;1;2;1;1;
42383;202000027748;154 693 478;B01;1;1;0;2;3;2;5;
42384;202000027748;154 693 480;A01;1;7;0;9;2;17;0;
42385;202000027749;154 693 479;A01;2;10;0;1;2;1;1;
42386;202000027750;154 693 474;B01;2;10;0;2;2;0;1;
42387;202000027750;154 693 476;A01;2;32;0;2;7;0;1;
42388;202000027751;154 693 472;A01;1;7;0;2;2;13;1;
42389;202000027751;154 693 473;B01;2;7;0;2;7;1;1;
42390;202000027752;154 693 469;A01;2;7;9;0;0;1;1;
42391;202000027753;154 693 470;B01;1;31;0;2;1;0;1;
42392;202000027753;154 693 471;A01;2;7;0;2;1;15;1;
42393;202000027754;154 693 468;A01;1;7;2;0;1;0;1;
42394;202000027755;154 693 467;A01;1;10;1;1;4;20;1;
42395;202000027756;154 693 466;A01;2;7;2;0;1;14;1;
42396;202000027757;154 693 464;A01;3;1;0;2;4;0;5;
42397;202000027757;154 693 465;B01;3;31;0;9;1;1;1;
42398;202000027758;154 693 462;A01;2;7;0;2;7;13;1;
42399;202000027758;154 693 463;B01;1;7;0;2;1;1;1;
42400;202000027760;154 693 460;B01;1;7;0;2;3;1;1;
42401;202000027760;154 693 461;A01;2;7;0;2;3;1;1;
42402;202000027761;154 693 456;A01;2;2;0;1;1;0;0;
42403;202000027763;154 693 454;A01;1;7;2;0;3;5;1;
42404;202000027764;154 693 455;A01;0;7;13;0;2;1;1;
42405;202000027765;154 693 453;A01;1;36;6;0;1;1;1;
42406;202000027766;154 693 451;A01;2;7;2;0;1;1;1;
42407;202000027767;154 693 450;A01;3;7;0;0;7;15;1;
42408;202000027767;154 693 452;B01;3;1;0;0;1;1;5;
42409;202000027768;154 693 447;A01;1;2;0;2;1;13;1;
42410;202000027768;154 693 448;B01;2;7;0;2;1;1;1;
42411;202000027768;154 693 449;C01;1;7;0;2;8;1;1;
42412;202000027769;154 693 446;A01;0;7;0;1;8;0;0;
42413;202000027770;154 693 443;B01;2;7;0;2;1;1;1;
42414;202000027770;154 693 445;A01;2;17;0;2;4;1;1;
42415;202000027771;154 693 442;A01;0;7;0;2;1;1;1;
42416;202000027771;154 693 444;B01;0;60;0;2;1;1;5;
42417;202000027773;154 693 440;A01;2;7;13;0;2;14;1;
42418;202000027774;154 693 439;A01;3;33;0;0;1;1;1;
42419;202000027775;154 693 437;A01;2;2;0;0;1;1;1;
42420;202000027776;154 693 436;A01;1;7;13;0;1;0;1;
42421;202000027777;154 693 434;A01;1;7;0;1;2;1;1;
42422;202000027778;154 693 433;A01;3;7;0;9;3;11;6;
42423;202000027778;154 693 435;B01;0;1;0;2;1;1;5;
42424;202000027779;154 693 431;A01;0;2;6;0;1;1;1;
42425;202000027780;154 693 430;A01;2;3;0;2;8;1;1;
42426;202000027780;154 693 432;B01;1;2;0;2;1;1;1;
42427;202000027781;154 693 429;A01;2;7;0;0;8;1;1;
42428;202000027782;154 693 428;A01;2;7;3;0;1;6;1;
42429;202000027783;154 693 426;A01;0;7;0;9;3;26;0;
42430;202000027783;154 693 427;B01;0;1;0;0;4;26;0;
42431;202000027784;154 693 424;A01;1;14;17;0;2;1;1;
42432;202000027785;154 693 423;A01;2;10;2;2;0;5;1;
42433;202000027785;154 693 425;B01;1;7;0;2;7;21;1;
42434;202000027787;154 693 421;A01;2;33;0;0;2;1;1;
42435;202000027788;154 693 418;A01;1;7;0;1;1;1;1;
42436;202000027790;154 693 413;C01;1;7;0;0;1;1;1;
42437;202000027790;154 693 415;B01;2;7;0;0;8;1;1;
42438;202000027790;154 693 416;A01;2;7;0;2;1;17;1;
42439;202000027791;154 693 411;A01;2;2;1;0;1;0;1;
42440;202000027792;154 693 410;A01;1;7;0;0;4;2;1;
42441;202000027792;154 693 412;B01;1;10;0;2;1;2;1;
42442;202000027793;154 693 406;B01;2;7;0;2;2;0;1;
42443;202000027793;154 693 408;A01;2;10;0;2;2;17;1;
42444;202000027794;154 693 407;A01;2;7;0;9;1;1;1;
42445;202000027794;154 693 409;B01;1;1;0;2;1;1;5;
42446;202000027795;154 693 402;B01;2;7;0;2;4;2;1;
42447;202000027795;154 693 403;C01;2;7;0;2;4;2;1;
42448;202000027795;154 693 405;A01;2;7;0;2;1;1;1;
42449;202000027797;154 693 401;A01;1;7;0;1;3;1;1;
42450;202000027798;154 693 397;A01;1;7;0;2;1;2;1;
42451;202000027798;154 693 398;B01;1;7;0;2;4;2;1;
42452;202000027799;154 693 396;A01;3;2;0;6;1;0;1;
42453;202000027800;154 693 395;A01;1;7;0;2;1;2;0;
42454;202000027801;154 693 391;A01;2;7;0;2;7;12;1;
42455;202000027801;154 693 392;B01;2;33;0;2;8;3;1;
42456;202000027802;154 693 388;C01;2;7;0;2;6;23;1;
42457;202000027802;154 693 389;B01;2;7;0;2;5;23;1;
42458;202000027802;154 693 390;A01;2;7;0;2;1;21;1;
42459;202000027803;154 693 393;A01;2;7;0;2;1;13;1;
42460;202000027803;154 693 394;B01;1;7;0;2;1;1;1;
42461;202000027804;154 693 386;A01;1;17;4;2;7;12;1;
42462;202000027804;154 693 387;B01;1;10;4;2;3;1;1;
42463;202000027805;154 693 382;A01;2;32;0;2;8;3;1;
42464;202000027805;154 693 383;B01;2;7;0;2;2;1;1;
42465;202000027807;154 693 379;A01;1;17;4;0;7;14;1;
42466;202000027808;154 693 377;B01;2;32;0;2;1;1;1;
42467;202000027808;154 693 378;A01;2;7;0;2;5;12;1;
42468;202000027809;154 693 384;B01;2;7;0;2;2;13;1;
42469;202000027809;154 693 385;A01;1;7;0;2;2;13;1;
42470;202000027810;154 693 376;A01;2;7;16;0;9;1;1;
42471;202000027812;154 693 374;A01;0;7;17;0;1;1;1;
42472;202000027813;154 693 373;A01;1;2;6;0;7;2;1;
42473;202000027814;154 693 372;A01;1;7;13;0;1;1;1;
42474;202000027815;154 693 371;A01;3;7;7;0;1;16;1;
42475;202000027816;154 693 370;A01;2;7;2;0;1;1;1;
42476;202000027817;154 693 369;A01;0;7;2;0;1;1;1;
42477;202000027819;154 693 366;A01;2;7;2;0;3;13;1;
42478;202000027820;154 693 363;C01;2;1;0;2;1;1;5;
42479;202000027820;154 693 364;B01;2;1;0;2;1;1;5;
42480;202000027820;154 693 365;A01;2;1;0;2;3;19;5;
42481;202000027821;154 693 362;A01;1;14;13;9;7;1;1;
42482;202000027822;154 693 359;A01;1;7;0;9;2;15;0;
42483;202000027822;154 693 360;B01;2;1;0;2;1;1;5;
42484;202000027822;154 693 361;C01;2;1;0;2;1;1;5;
42485;202000027823;154 693 358;A01;1;7;0;1;2;1;1;
42486;202000027824;154 693 357;A01;1;7;2;0;0;1;1;
42487;202000027825;154 693 355;A01;2;2;0;2;7;17;1;
42488;202000027825;154 693 356;B01;2;7;0;2;8;17;0;
42489;202000027826;154 693 353;C01;1;7;0;1;7;1;1;
42490;202000027826;154 693 354;A01;1;7;0;1;2;1;0;
42491;202000027827;154 693 351;A01;1;7;0;2;6;15;1;
42492;202000027827;154 693 352;B01;1;31;0;2;1;1;1;
42493;202000027828;154 693 350;A01;2;10;0;1;3;1;1;
42494;202000027829;154 693 343;A01;2;7;0;2;4;1;1;
42495;202000027829;154 693 344;B01;2;7;0;2;4;1;1;
42496;202000027829;154 693 345;C01;2;10;0;2;1;1;1;
42497;202000027830;154 693 340;A01;2;7;0;2;4;1;1;
42498;202000027830;154 693 341;B01;1;10;0;2;4;1;1;
42499;202000027830;154 693 342;C01;2;10;0;2;1;1;1;
42500;202000027831;154 693 338;B01;1;17;0;2;4;1;1;
42501;202000027831;154 693 339;A01;1;7;0;2;3;12;1;
42502;202000027832;154 693 336;B01;1;17;0;2;4;2;1;
42503;202000027832;154 693 337;A01;1;15;0;2;1;2;1;
42504;202000027833;154 693 334;A01;3;7;0;2;3;13;1;
42505;202000027833;154 693 335;B01;3;7;0;2;1;1;1;
42506;202000027834;154 693 332;A01;2;7;4;2;1;11;1;
42507;202000027834;154 693 333;B01;2;7;0;2;1;1;1;
42508;202000027835;154 693 329;C01;2;7;0;2;4;2;1;
42509;202000027835;154 693 330;B01;2;7;0;2;4;2;1;
42510;202000027835;154 693 331;A01;2;10;0;2;1;2;1;
42511;202000027837;154 693 324;B01;2;10;0;2;4;2;1;
42512;202000027837;154 693 325;C01;2;10;0;2;4;2;1;
42513;202000027837;154 693 326;A01;2;16;0;2;1;2;1;
42514;202000027839;154 693 321;A01;2;7;4;0;6;12;1;
42515;202000027840;154 693 318;C01;1;7;1;0;3;21;1;
42516;202000027840;154 693 319;B01;1;10;1;0;4;23;1;
42517;202000027840;154 693 320;A01;1;7;0;0;4;23;1;
42518;202000027841;154 693 316;A01;1;7;0;2;4;2;1;
42519;202000027841;154 693 317;B01;1;7;0;2;1;2;4;
42520;202000027842;154 693 314;A01;1;1;0;2;1;9;5;
42521;202000027842;154 693 315;B01;1;7;0;9;5;16;1;
42522;202000027843;154 693 311;A01;1;7;0;2;3;21;1;
42523;202000027843;154 693 312;B01;1;7;0;2;4;0;1;
42524;202000027843;154 693 313;C01;1;7;0;2;4;0;1;
42525;202000027844;154 693 309;B01;1;7;0;2;2;1;1;
42526;202000027844;154 693 310;A01;2;7;0;2;3;1;1;
42527;202000027845;154 693 308;A01;1;7;8;0;1;15;1;
42528;202000027846;154 693 306;A01;2;7;0;2;1;1;1;
42529;202000027846;154 693 307;B01;2;7;0;2;4;1;1;
42530;202000027847;154 693 304;A01;1;7;0;2;1;5;1;
42531;202000027847;154 693 305;B01;2;7;0;2;1;1;1;
42532;202000027848;154 693 302;A01;1;7;1;2;2;15;1;
42533;202000027848;154 693 303;B01;2;7;0;2;1;1;1;
42534;202000027850;154 693 299;A01;3;7;14;2;1;1;1;
42535;202000027850;154 693 300;B01;3;7;0;2;4;15;1;
42536;202000027852;154 693 294;A01;1;7;0;2;6;5;1;
42537;202000027852;154 693 295;C01;1;14;0;2;8;1;1;
42538;202000027852;154 693 296;B01;2;7;0;2;6;1;1;
42539;202000027853;154 693 293;A01;2;7;8;0;1;1;1;
42540;202000027855;154 693 289;B01;3;30;0;2;3;1;1;
42541;202000027855;154 693 290;A01;3;7;0;2;5;15;1;
42542;202000027856;154 693 286;C01;3;7;0;2;2;2;-1;
42543;202000027856;154 693 287;B01;3;3;0;2;1;2;-1;
42544;202000027856;154 693 288;A01;3;7;0;2;1;1;-1;
42545;202000027857;154 693 284;A01;1;33;0;0;0;1;1;
42546;202000027858;154 693 282;B01;3;1;0;2;1;1;5;
42547;202000027858;154 693 283;A01;3;7;0;2;7;16;1;
42548;202000027859;154 693 281;A01;3;1;0;0;0;26;5;
42549;202000027860;154 693 278;A01;1;7;0;2;1;2;1;
42550;202000027860;154 693 279;C01;1;7;0;2;4;23;1;
42551;202000027860;154 693 280;B01;1;7;1;2;4;23;2;
42552;202000027861;154 693 276;A01;1;10;0;2;1;19;0;
42553;202000027861;154 693 277;B01;1;10;0;2;8;1;0;
42554;202000027862;154 693 274;B01;1;7;0;2;4;2;1;
42555;202000027862;154 693 275;Z01;1;7;0;2;2;1;1;
42556;202000027863;154 693 273;A01;1;7;8;0;1;1;1;
42557;202000027864;154 693 271;A01;1;1;0;2;1;1;5;
42558;202000027864;154 693 272;B01;1;7;0;2;3;23;1;
42559;202000027865;154 693 268;A01;1;10;0;2;1;2;1;
42560;202000027865;154 693 269;B01;1;7;0;2;4;2;1;
42561;202000027865;154 693 270;C01;1;7;0;2;4;2;1;
42562;202000027866;154 693 266;B01;2;7;0;2;4;2;1;
42563;202000027866;154 693 267;A01;2;7;0;2;1;2;1;
42564;202000027867;154 693 264;A01;1;7;0;2;1;2;1;
42565;202000027867;154 693 265;B01;1;32;0;2;4;23;1;
42566;202000027868;154 693 262;B01;1;7;0;2;4;1;1;
42567;202000027868;154 693 263;A01;1;7;0;2;1;2;1;
42568;202000027869;154 693 260;A01;1;7;0;2;1;2;1;
42569;202000027869;154 693 261;B01;1;7;0;2;4;26;1;
42570;202000027870;154 693 258;B01;2;33;0;2;1;1;1;
42571;202000027870;154 693 259;A01;1;7;0;2;2;15;1;
42572;202000027871;154 693 256;B01;1;7;0;2;1;0;1;
42573;202000027871;154 693 257;A01;1;1;0;2;1;0;5;
42574;202000027872;154 693 252;A01;1;15;0;2;2;12;1;
42575;202000027872;154 693 253;B01;1;7;0;2;8;0;1;
42576;202000027872;154 693 254;C01;1;7;0;2;3;0;1;
42577;202000027872;154 693 255;D01;1;33;0;2;1;0;1;
42578;202000027873;154 693 251;A01;1;7;0;1;3;1;1;
42579;202000027874;154 693 249;A01;1;7;0;2;3;15;1;
42580;202000027874;154 693 250;B01;2;2;0;2;1;1;1;
42581;202000027875;154 693 247;B01;3;1;0;2;0;0;5;
42582;202000027875;154 693 248;A01;3;7;0;2;4;26;1;
42583;202000027876;154 693 245;A01;0;7;0;2;4;26;1;
42584;202000027876;154 693 246;B01;0;2;0;2;4;1;1;
42585;202000027877;154 693 243;B01;1;7;0;2;1;1;1;
42586;202000027877;154 693 244;A01;1;7;0;2;3;1;1;
42587;202000027878;154 693 242;A01;1;7;1;0;1;1;1;
42588;202000027879;154 693 240;A01;2;32;0;2;1;1;1;
42589;202000027879;154 693 241;B01;2;32;0;2;1;1;1;
42590;202000027880;154 693 238;A01;2;7;0;2;1;1;1;
42591;202000027880;154 693 239;B01;2;32;0;2;4;1;1;
42592;202000027881;154 693 237;Z01;1;33;0;1;1;25;1;
42593;202000027882;154 693 235;A01;1;60;0;2;7;9;5;
42594;202000027882;154 693 236;B01;1;7;0;2;2;1;1;
42595;202000027883;154 693 233;B01;1;7;0;2;2;1;1;
42596;202000027883;154 693 234;A01;0;7;0;2;2;19;1;
42597;202000027884;154 693 231;B01;3;1;0;2;8;0;5;
42598;202000027884;154 693 232;A01;3;7;0;9;5;16;1;
42599;202000027886;154 693 228;B01;1;2;0;2;7;1;1;
42600;202000027886;154 693 229;A01;1;7;0;2;3;9;1;
42601;202000027887;154 693 226;A01;2;30;0;2;7;14;1;
42602;202000027887;154 693 227;B01;0;37;0;2;8;2;1;1.0
42603;202000027888;154 693 224;A01;1;30;0;2;1;26;0;
42604;202000027888;154 693 225;B01;1;31;0;2;1;1;0;
42605;202000027889;154 693 221;C01;3;7;0;0;4;23;3;
42606;202000027889;154 693 222;B01;3;7;0;2;4;23;0;
42607;202000027889;154 693 223;A01;3;7;0;2;1;2;0;
42608;202000027890;154 693 220;A01;1;31;0;1;7;1;1;
42609;202000027891;154 693 219;A01;2;33;8;0;1;1;1;
42610;202000027892;154 693 217;B01;3;1;0;2;1;1;5;
42611;202000027892;154 693 218;A01;3;7;0;2;2;20;1;
42612;202000027893;154 693 216;A01;2;7;0;1;1;16;1;
42613;202000027894;154 693 214;A01;3;1;0;2;0;0;5;
42614;202000027894;154 693 215;B01;3;38;0;0;0;0;1;1.0
42615;202000027895;154 693 213;A01;3;1;0;0;0;26;5;
42616;202000027896;154 693 211;B01;1;7;8;2;1;2;1;
42617;202000027896;154 693 212;A01;1;7;0;2;4;26;1;
42618;202000027897;154 693 209;A01;1;7;1;0;1;26;1;
42619;202000027897;154 693 210;G01;3;7;0;2;1;1;1;
42620;202000027899;154 693 207;A01;2;33;2;0;1;1;1;
42621;202000027901;154 693 204;A01;3;10;0;2;3;1;1;
42622;202000027901;154 693 205;B01;3;33;0;2;1;1;1;
42623;202000027902;154 693 203;A01;1;0;0;1;2;1;0;
42624;202000027903;154 693 201;B01;2;7;0;2;4;23;1;
42625;202000027903;154 693 202;A01;2;7;0;2;1;21;1;
42626;202000027905;154 693 198;A01;2;7;2;0;8;1;1;
42627;202000027906;154 693 196;B01;1;7;0;2;4;2;1;
42628;202000027906;154 693 197;A01;1;7;0;2;1;2;1;
42629;202000027907;154 693 195;A01;2;33;3;0;8;13;1;
42630;202000027908;154 693 192;B01;1;7;0;2;1;1;1;
42631;202000027908;154 693 193;A01;1;17;0;2;3;2;1;
42632;202000027908;154 693 194;C01;1;17;0;2;4;2;1;
42633;202000027910;154 693 189;A01;2;7;4;0;2;14;1;
42634;202000027911;154 693 186;B01;2;7;0;2;6;1;1;
42635;202000027911;154 693 187;A01;2;7;0;2;6;1;1;
42636;202000027911;154 693 188;Z01;2;10;16;0;0;0;1;
42637;202000027912;154 693 185;A01;3;42;0;1;1;17;1;
42638;202000027914;154 693 182;A01;1;2;14;0;1;1;1;
42639;202000027915;154 693 181;A01;1;30;12;0;3;1;1;