;Num_Acc;id_vehicule;num_veh;senc;catv;obs;obsm;choc;manv;motor;occutc
42640;202000027916;154 693 179;B01;2;7;0;2;6;23;1;
42641;202000027916;154 693 180;A01;2;2;0;2;1;2;1;
42642;202000027917;154 693 177;A01;1;2;0;2;1;2;1;
42643;202000027917;154 693 178;B01;1;7;0;2;4;2;1;
42644;202000027918;154 693 176;A01;1;7;13;0;2;1;1;
42645;202000027919;154 693 175;A01;1;7;6;0;3;15;1;
42646;202000027921;154 693 172;B01;1;33;0;2;1;1;1;
42647;202000027921;154 693 173;A01;2;7;0;2;3;9;1;
42648;202000027922;154 693 171;A01;2;7;0;9;1;21;1;
42649;202000027923;154 693 169;B01;2;3;0;2;2;2;1;
42650;202000027923;154 693 170;A01;2;7;0;2;4;1;1;
42651;202000027924;154 693 167;A01;1;15;0;2;6;1;1;
42652;202000027924;154 693 168;B01;1;7;0;2;3;1;1;
42653;202000027925;154 693 166;A01;3;7;0;1;2;0;0;
42654;202000027926;154 693 165;A01;0;10;0;1;1;1;1;
42655;202000027927;154 693 163;A01;3;7;0;2;2;0;1;
42656;202000027927;154 693 164;B01;3;34;0;2;5;0;1;
42657;202000027928;154 693 162;A01;1;7;0;1;1;26;1;
42658;202000027929;154 693 160;B01;1;7;0;2;5;15;1;
42659;202000027929;154 693 161;A01;1;7;0;2;1;21;1;
42660;202000027930;154 693 159;A01;1;7;0;1;1;1;0;
42661;202000027931;154 693 158;A01;1;50;8;0;1;1;3;
42662;202000027932;154 693 156;A01;1;7;0;2;3;2;1;
42663;202000027932;154 693 157;B01;1;7;0;2;4;2;1;
42664;202000027933;154 693 154;B01;1;7;0;0;6;9;1;
42665;202000027933;154 693 155;A01;2;7;0;2;1;21;1;
42666;202000027934;154 693 152;A01;2;33;0;2;1;2;1;
42667;202000027934;154 693 153;B01;1;7;0;2;4;2;1;
42668;202000027935;154 693 150;A01;2;32;0;2;1;16;1;
42669;202000027935;154 693 151;B01;1;7;0;2;7;1;1;
42670;202000027936;154 693 147;A01;1;33;0;2;1;18;1;
42671;202000027936;154 693 148;B01;1;7;0;2;3;15;1;
42672;202000027936;154 693 149;C01;1;7;0;2;3;9;1;
42673;202000027937;154 693 145;A01;1;7;0;2;8;26;0;
42674;202000027937;154 693 146;B01;1;7;0;2;2;1;0;
42675;202000027938;154 693 144;A01;3;7;0;1;1;1;0;
42676;202000027939;154 693 142;A01;2;7;0;2;1;15;1;
42677;202000027939;154 693 143;B01;2;7;0;2;7;1;1;
42678;202000027940;154 693 141;A01;2;30;0;1;1;17;1;
42679;202000027941;154 693 140;A01;3;7;0;1;3;26;6;
42680;202000027942;154 693 136;A01;3;20;0;0;9;1;1;
42681;202000027944;154 693 130;A01;2;2;0;2;1;1;1;
42682;202000027944;154 693 131;B01;1;7;0;2;2;15;1;
42683;202000027945;154 693 128;A01;1;7;0;2;8;15;1;
42684;202000027945;154 693 129;B01;2;33;0;2;1;1;1;
42685;202000027946;154 693 126;B01;3;7;0;2;2;1;1;
42686;202000027946;154 693 127;A01;3;10;0;2;4;4;1;
42687;202000027947;154 693 124;A01;2;30;0;2;1;25;0;
42688;202000027947;154 693 125;B01;1;7;0;2;2;9;1;
42689;202000027948;154 693 121;C01;1;7;0;2;1;1;1;
42690;202000027948;154 693 122;B01;1;7;1;0;0;20;1;
42691;202000027948;154 693 123;A01;1;50;1;0;1;21;3;
42692;202000027949;154 693 120;A01;1;7;4;0;2;9;1;
42693;202000027950;154 693 118;B01;2;7;0;2;1;1;1;
42694;202000027950;154 693 119;A01;1;7;0;2;1;5;1;
42695;202000027951;154 693 117;A01;2;7;9;1;0;10;1;
42696;202000027952;154 693 115;A01;2;1;0;2;0;0;0;
42697;202000027952;154 693 116;B01;1;7;0;2;7;15;1;
42698;202000027953;154 693 111;B01;2;7;0;2;2;1;1;
42699;202000027953;154 693 112;A01;2;15;0;2;6;9;1;
42700;202000027954;154 693 110;A01;1;7;0;1;3;1;1;
42701;202000027955;154 693 109;A01;1;7;9;0;1;1;1;
42702;202000027958;154 693 105;B01;1;10;0;2;3;20;1;
42703;202000027958;154 693 106;A01;1;34;0;2;1;2;1;
42704;202000027959;154 693 103;A01;1;7;0;2;1;9;1;
42705;202000027959;154 693 104;B01;2;80;0;2;7;1;3;
42706;202000027960;154 693 101;B01;2;7;0;2;8;15;1;
42707;202000027960;154 693 102;A01;2;7;0;2;1;1;1;
42708;202000027961;154 693 099;Y01;0;1;0;2;7;0;5;
42709;202000027961;154 693 100;A01;0;7;0;2;1;0;1;
42710;202000027962;154 693 098;A01;3;80;0;0;0;1;3;
42711;202000027963;154 693 097;A01;3;30;0;0;0;1;1;
42712;202000027964;154 693 096;A01;1;7;0;1;0;1;1;
42713;202000027965;154 693 094;A01;1;7;0;2;1;1;1;
42714;202000027965;154 693 095;B01;1;2;0;2;1;1;1;
42715;202000027966;154 693 092;B01;1;30;0;2;1;1;1;
42716;202000027966;154 693 093;A01;1;7;0;2;0;1;1;
42717;202000027967;154 693 090;B01;1;2;0;2;5;1;1;
42718;202000027967;154 693 091;A01;1;7;0;2;5;1;1;
42719;202000027968;154 693 089;Z01;2;7;0;1;1;1;1;
42720;202000027969;154 693 087;B01;3;1;0;2;7;0;5;
42721;202000027969;154 693 088;A01;3;7;0;2;1;1;1;
42722;202000027971;154 693 082;B01;3;1;0;4;0;0;0;
42723;202000027971;154 693 083;A01;3;40;0;2;0;0;3;
42724;202000027973;154 693 079;A01;2;7;0;2;7;19;1;
42725;202000027973;154 693 080;B01;2;7;0;2;3;19;1;
42726;202000027974;154 693 077;A01;1;10;0;2;1;15;1;
42727;202000027974;154 693 078;B01;1;2;0;2;1;1;1;
42728;202000027975;154 693 075;A01;3;10;0;9;1;26;1;
42729;202000027975;154 693 076;B01;3;1;0;2;4;2;0;
42730;202000027976;154 693 074;A01;1;7;0;1;8;1;1;
42731;202000027977;154 693 073;A01;1;7;0;1;0;1;0;
42732;202000027978;154 693 071;B01;1;7;0;2;7;1;1;
42733;202000027978;154 693 072;A01;-1;30;0;2;1;15;1;
42734;202000027979;154 693 069;A01;0;7;0;2;1;1;1;
42735;202000027979;154 693 070;Z01;0;7;0;2;1;0;0;
42736;202000027980;154 693 067;A01;1;7;0;2;1;2;1;
42737;202000027980;154 693 068;B01;1;7;0;2;4;2;1;
42738;202000027981;154 693 065;A01;3;7;0;2;3;1;1;
42739;202000027981;154 693 066;B01;3;7;0;2;3;1;1;
42740;202000027982;154 693 064;A01;1;2;1;0;1;1;1;
42741;202000027983;154 693 062;B01;1;33;0;2;7;3;1;
42742;202000027983;154 693 063;A01;1;7;0;2;8;17;1;
42743;202000027984;154 693 060;A01;3;7;0;2;1;1;1;
42744;202000027984;154 693 061;B01;3;7;0;2;7;1;0;
42745;202000027985;154 693 059;A01;2;7;0;1;2;16;1;
42746;202000027987;154 693 055;A01;0;10;0;2;6;11;1;
42747;202000027987;154 693 056;B01;0;32;0;2;7;1;1;
42748;202000027988;154 693 053;A01;1;7;0;1;1;16;1;
42749;202000027989;154 693 051;B01;1;7;0;1;6;1;1;
42750;202000027989;154 693 052;A01;1;10;0;1;3;1;1;
42751;202000027990;154 693 049;B01;1;7;0;2;1;14;1;
42752;202000027990;154 693 050;A01;2;7;0;2;1;13;1;
42753;202000027991;154 693 047;A01;3;7;0;2;1;2;0;
42754;202000027991;154 693 048;B01;3;7;0;2;4;2;0;
42755;202000027992;154 693 046;A01;3;7;0;1;2;15;1;
42756;202000027993;154 693 044;B01;1;32;1;2;1;1;1;
42757;202000027993;154 693 045;A01;1;7;0;2;2;15;1;
42758;202000027994;154 693 043;A01;2;30;0;1;1;17;1;
42759;202000027995;154 693 042;A01;2;7;0;1;1;1;1;
42760;202000027996;154 693 040;A01;1;10;0;2;6;11;1;
42761;202000027996;154 693 041;B01;1;31;0;2;2;3;1;
42762;202000027997;154 693 038;B01;1;30;0;2;3;1;1;
42763;202000027997;154 693 039;A01;1;7;0;2;2;1;1;
42764;202000027999;154 693 033;B01;2;1;0;2;1;1;5;
42765;202000027999;154 693 034;A01;1;50;0;2;1;5;3;
42766;202000028000;154 693 032;A01;2;7;0;1;3;15;2;
42767;202000028001;154 693 030;A01;2;7;0;2;2;1;1;
42768;202000028001;154 693 031;B01;1;32;0;2;8;1;3;
42769;202000028002;154 693 028;A01;2;3;0;2;3;15;1;
42770;202000028002;154 693 029;B01;1;7;0;2;3;23;1;
42771;202000028003;154 693 026;Z01;1;7;0;2;3;15;1;
42772;202000028003;154 693 027;A01;2;50;0;2;3;1;3;
42773;202000028004;154 693 025;A01;1;32;0;0;1;1;1;
42774;202000028005;154 693 023;A01;1;7;0;2;8;22;1;
42775;202000028005;154 693 024;B01;1;50;0;2;1;7;3;
42776;202000028006;154 693 021;Z01;1;7;0;2;8;10;0;
42777;202000028006;154 693 022;A01;1;32;0;2;1;1;1;
42778;202000028007;154 693 020;A01;2;30;11;0;2;17;1;
42779;202000028008;154 693 019;A01;1;1;0;0;2;1;5;
42780;202000028009;154 693 017;Z01;2;10;0;2;0;2;1;
42781;202000028009;154 693 018;A01;2;31;0;2;4;23;1;
42782;202000028010;154 693 016;A01;1;30;0;1;1;1;3;
42783;202000028011;154 693 015;A01;1;10;7;0;1;13;1;
42784;202000028013;154 693 011;B01;0;7;0;0;7;15;1;
42785;202000028013;154 693 012;A01;1;7;0;2;1;1;1;
42786;202000028014;154 693 010;A01;2;34;0;1;1;1;1;
42787;202000028016;154 693 008;A01;0;7;0;1;4;19;1;
42788;202000028017;154 693 006;B01;1;13;0;2;3;1;0;
42789;202000028017;154 693 007;A01;1;7;0;2;1;1;0;
42790;202000028018;154 693 005;A01;1;7;0;1;1;15;0;
42791;202000028020;154 693 002;B01;2;7;0;2;7;12;0;
42792;202000028020;154 693 003;A01;2;34;0;2;8;1;1;
42793;202000028021;154 692 999;C01;3;7;0;2;3;1;1;
42794;202000028021;154 693 000;B01;3;7;0;2;6;1;1;
42795;202000028021;154 693 001;A01;3;7;0;2;3;17;1;
42796;202000028022;154 692 998;A01;2;7;0;1;3;26;1;
42797;202000028023;154 692 996;B01;1;2;0;0;8;1;1;
42798;202000028023;154 692 997;A01;1;7;0;2;1;1;0;
42799;202000028024;154 692 994;B01;1;33;0;2;1;2;1;
42800;202000028024;154 692 995;A01;1;7;0;2;3;9;1;
42801;202000028025;154 692 992;A01;-1;7;0;2;4;23;1;
42802;202000028025;154 692 993;B01;-1;7;0;2;1;0;1;
42803;202000028026;154 692 990;B01;-1;15;0;2;6;10;1;
42804;202000028026;154 692 991;A01;-1;7;0;2;1;19;0;
42805;202000028027;154 692 988;A01;3;1;0;2;1;19;0;
42806;202000028027;154 692 989;B01;3;7;0;2;1;15;1;
42807;202000028028;154 692 986;B01;1;33;0;1;1;23;1;
42808;202000028028;154 692 987;A01;1;7;0;2;1;1;1;
42809;202000028029;154 692 985;A01;1;30;0;0;0;19;1;
42810;202000028030;154 692 984;A01;0;7;0;1;3;1;0;
42811;202000028031;154 692 981;C01;2;7;0;2;2;1;1;
42812;202000028031;154 692 982;B01;2;33;1;2;1;18;1;
42813;202000028031;154 692 983;A01;2;7;1;2;3;22;1;
42814;202000028032;154 692 979;B01;1;7;0;0;5;2;0;
42815;202000028032;154 692 980;A01;1;33;0;2;1;3;1;
42816;202000028033;154 692 978;A01;0;7;0;1;1;0;1;
42817;202000028034;154 692 976;A01;2;15;0;2;3;1;1;
42818;202000028034;154 692 977;B01;1;7;0;2;3;13;1;
42819;202000028035;154 692 974;A01;1;17;1;0;2;1;1;
42820;202000028035;154 692 975;B01;1;7;0;2;4;23;1;
42821;202000028036;154 692 972;B01;2;7;0;2;1;1;1;
42822;202000028036;154 692 973;A01;2;2;0;2;1;15;1;
42823;202000028037;154 692 970;A01;2;7;0;2;3;0;1;
42824;202000028037;154 692 971;B01;1;7;0;2;3;0;1;
42825;202000028038;154 692 969;A01;1;7;3;0;2;1;1;
42826;202000028040;154 692 965;A01;1;7;0;2;1;19;6;
42827;202000028040;154 692 966;B01;1;15;0;0;8;1;6;
42828;202000028041;154 692 963;A01;1;10;0;2;2;19;1;
42829;202000028041;154 692 964;B01;2;7;0;2;2;1;1;
42830;202000028042;154 692 961;A01;0;10;0;2;2;16;1;
42831;202000028042;154 692 962;B01;0;1;0;2;1;1;5;
42832;202000028043;154 692 960;A01;1;7;8;0;4;17;1;
42833;202000028044;154 692 959;A01;1;7;0;1;1;17;1;
42834;202000028045;154 692 958;A01;1;7;6;0;8;13;1;
42835;202000028046;154 692 957;A01;1;7;0;0;0;14;1;
42836;202000028047;154 692 956;A01;1;7;0;1;2;1;1;
42837;202000028048;154 692 955;A01;1;7;13;0;1;1;1;
42838;202000028049;154 692 954;A01;2;7;13;0;1;0;1;
42839;202000028050;154 692 953;A01;3;7;0;1;3;1;1;
42840;202000028051;154 692 951;B01;1;7;0;2;3;1;1;
42841;202000028051;154 692 952;A01;2;99;0;2;0;1;1;
42842;202000028052;154 692 950;A01;2;7;2;0;1;0;1;
42843;202000028053;154 692 947;A01;2;7;0;2;1;2;1;
42844;202000028053;154 692 948;B01;2;7;0;2;4;2;1;
42845;202000028053;154 692 949;C01;2;7;0;2;4;2;1;
42846;202000028054;154 692 945;A01;1;3;0;2;3;13;1;
42847;202000028054;154 692 946;B01;1;2;0;2;1;1;1;
42848;202000028055;154 692 943;A01;1;21;0;2;4;2;0;
42849;202000028055;154 692 944;B01;1;7;0;2;1;2;0;
42850;202000028056;154 692 937;A01;0;7;8;2;2;17;1;
42851;202000028056;154 692 938;B01;0;7;8;2;4;1;1;
42852;202000028057;154 692 936;A01;1;7;0;1;1;19;1;
42853;202000028058;154 692 935;A01;3;2;0;0;0;1;1;
42854;202000028059;154 692 934;A01;2;7;3;0;0;1;1;
42855;202000028060;154 692 932;A01;2;14;0;2;7;15;1;
42856;202000028060;154 692 933;B01;1;2;0;2;1;1;1;
42857;202000028061;154 692 931;A01;1;17;1;1;4;4;1;
42858;202000028062;154 692 930;A01;1;7;0;1;1;1;1;
42859;202000028063;154 692 928;A01;1;17;0;2;3;1;1;
42860;202000028063;154 692 929;B01;1;7;0;2;2;1;1;
42861;202000028064;154 692 927;A01;3;7;0;1;3;15;1;
42862;202000028065;154 692 924;A01;2;7;0;1;3;1;1;
42863;202000028066;154 692 920;A01;1;7;0;2;6;15;1;
42864;202000028066;154 692 921;B01;1;33;0;2;1;17;1;
42865;202000028067;154 692 918;A01;1;7;0;2;3;1;1;
42866;202000028067;154 692 919;B01;1;33;0;2;1;1;1;
42867;202000028068;154 692 916;B01;1;2;0;2;8;1;1;
42868;202000028068;154 692 917;A01;1;15;0;2;7;17;1;
42869;202000028069;154 692 915;A01;2;7;8;0;7;13;1;
42870;202000028070;154 692 913;B01;1;7;0;2;1;1;1;
42871;202000028070;154 692 914;A01;2;33;0;6;1;1;1;
42872;202000028071;154 692 911;B01;1;7;0;2;1;1;1;
42873;202000028071;154 692 912;A01;3;3;0;2;7;9;1;
42874;202000028072;154 692 907;B01;1;7;0;2;1;1;1;
42875;202000028072;154 692 908;A01;1;7;0;0;4;1;1;
42876;202000028073;154 692 905;B01;2;7;0;2;2;11;1;
42877;202000028073;154 692 906;A01;2;7;0;2;6;2;1;
42878;202000028074;154 692 904;A01;2;7;0;0;1;2;1;
42879;202000028075;154 692 903;A01;2;7;6;0;1;1;1;
42880;202000028076;154 692 901;A01;2;7;0;2;1;7;1;
42881;202000028076;154 692 902;B01;2;37;0;2;3;7;1;1.0
42882;202000028077;154 692 899;B01;2;7;0;2;5;1;1;
42883;202000028077;154 692 900;A01;2;16;0;2;3;11;1;
42884;202000028078;154 692 898;A01;1;10;14;0;2;1;1;
42885;202000028079;154 692 897;A01;2;7;4;0;9;14;1;
42886;202000028080;154 692 896;A01;2;7;4;0;3;0;1;
42887;202000028081;154 692 895;A01;2;33;0;0;1;3;1;
42888;202000028082;154 692 893;B01;1;7;3;2;8;2;1;
42889;202000028082;154 692 894;A01;2;7;0;2;2;1;1;
42890;202000028083;154 692 891;B01;1;7;3;0;1;1;1;
42891;202000028083;154 692 892;A01;1;7;0;2;1;1;1;
42892;202000028085;154 692 887;B01;2;31;0;2;4;2;1;
42893;202000028085;154 692 888;A01;2;7;0;2;3;2;1;
42894;202000028087;154 692 885;A01;1;7;0;1;1;1;1;
42895;202000028088;154 692 884;Z01;2;31;0;1;0;0;1;
42896;202000028089;154 692 882;B01;1;33;0;2;1;1;1;
42897;202000028089;154 692 883;A01;1;7;0;2;8;1;1;
42898;202000028090;154 692 878;C01;1;7;0;2;9;2;1;
42899;202000028090;154 692 879;B01;1;7;0;2;9;2;1;
42900;202000028090;154 692 880;A01;1;7;0;2;1;2;1;
42901;202000028090;154 692 881;D01;1;7;0;2;4;23;1;
42902;202000028091;154 692 877;A01;1;7;0;1;4;20;1;
42903;202000028092;154 692 875;B01;1;1;0;2;1;1;5;
42904;202000028092;154 692 876;A01;1;7;0;9;1;1;1;
42905;202000028093;154 692 874;A01;1;7;0;1;2;1;1;
42906;202000028094;154 692 873;A01;1;7;5;0;3;0;0;
42907;202000028095;154 692 872;A01;3;7;0;1;1;1;1;
42908;202000028097;154 692 868;A01;1;1;9;0;1;1;5;
42909;202000028098;154 692 866;A01;1;7;0;2;2;1;1;
42910;202000028098;154 692 867;B01;2;7;0;2;1;1;1;
42911;202000028099;154 692 864;A01;3;7;0;2;2;15;1;
42912;202000028099;154 692 865;B01;1;2;0;2;1;1;1;
42913;202000028100;154 692 863;A01;1;7;0;1;2;16;1;
42914;202000028101;154 692 859;D01;1;7;0;2;1;15;6;
42915;202000028101;154 692 860;A01;0;7;0;2;1;15;6;
42916;202000028101;154 692 861;B01;1;7;0;2;1;2;1;
42917;202000028101;154 692 862;C01;1;7;0;2;1;1;0;
42918;202000028102;154 692 858;A01;3;7;1;1;4;4;1;
42919;202000028103;154 692 856;B01;1;7;0;2;1;1;0;
42920;202000028103;154 692 857;A01;2;7;0;2;5;13;0;
42921;202000028104;154 692 854;A01;2;7;0;2;1;9;1;
42922;202000028104;154 692 855;B01;2;7;0;2;1;1;1;
42923;202000028105;154 692 852;B01;1;7;0;2;1;0;1;
42924;202000028105;154 692 853;A01;1;7;0;2;4;26;1;
42925;202000028107;154 692 848;A01;2;7;0;2;3;1;1;
42926;202000028107;154 692 849;B01;2;1;0;2;1;1;5;
42927;202000028108;154 692 847;A01;1;10;0;1;1;9;1;
42928;202000028109;154 692 845;B01;2;43;0;2;1;1;1;
42929;202000028109;154 692 846;A01;1;7;0;2;1;15;1;
42930;202000028110;154 692 843;A01;1;7;0;2;2;16;1;
42931;202000028110;154 692 844;B01;2;1;0;2;1;1;5;
42932;202000028111;154 692 841;B01;1;7;0;2;5;15;1;
42933;202000028111;154 692 842;A01;1;10;0;2;1;2;1;
42934;202000028112;154 692 840;A01;1;7;0;1;1;1;1;
42935;202000028113;154 692 838;B01;3;7;0;2;3;1;1;
42936;202000028113;154 692 839;A01;3;7;0;2;6;9;1;
42937;202000028114;154 692 836;A01;1;7;2;0;2;16;1;
42938;202000028115;154 692 834;B01;1;7;0;2;8;1;1;
42939;202000028115;154 692 835;A01;1;2;0;2;2;17;1;
42940;202000028116;154 692 832;A01;2;7;0;2;2;15;1;
42941;202000028116;154 692 833;B01;1;7;0;2;2;2;1;
42942;202000028117;154 692 831;A01;1;32;0;2;4;1;1;
42943;202000028118;154 692 829;B01;0;7;0;2;4;2;1;
42944;202000028118;154 692 830;A01;0;7;0;2;2;2;1;
42945;202000028119;154 692 827;B01;1;7;0;2;4;1;0;
42946;202000028119;154 692 828;A01;1;7;0;2;1;2;1;
42947;202000028120;154 692 824;B01;2;31;0;2;1;2;1;
42948;202000028120;154 692 825;A01;2;33;0;2;1;2;1;
42949;202000028120;154 692 826;C01;1;10;0;2;7;10;1;
42950;202000028121;154 692 822;B01;1;7;0;2;5;15;1;
42951;202000028121;154 692 823;Z01;1;7;0;2;0;0;0;
42952;202000028123;154 692 818;B01;1;7;0;2;1;1;1;
42953;202000028123;154 692 819;A01;2;7;0;2;3;9;1;
42954;202000028124;154 692 817;A01;3;7;12;0;1;9;1;
42955;202000028125;154 692 815;B01;2;7;0;2;3;1;1;
42956;202000028125;154 692 816;A01;1;7;0;2;3;1;1;
42957;202000028126;154 692 812;A01;0;20;0;1;1;1;-1;
42958;202000028127;154 692 810;B01;1;7;0;2;1;1;0;
42959;202000028127;154 692 811;A01;1;7;15;2;6;15;0;
42960;202000028128;154 692 808;A01;3;7;0;2;1;1;1;
42961;202000028128;154 692 809;B01;3;10;0;2;2;1;1;
42962;202000028129;154 692 807;A01;3;7;6;0;6;14;1;
42963;202000028130;154 692 805;A01;1;7;0;2;3;11;1;
42964;202000028130;154 692 806;B01;1;34;0;2;4;1;1;
42965;202000028131;154 692 803;Z01;2;33;0;2;6;11;1;
42966;202000028131;154 692 804;A01;2;32;0;2;1;3;1;
42967;202000028132;154 692 800;B01;2;33;0;2;3;1;1;
42968;202000028132;154 692 801;A01;2;33;0;2;7;12;1;
42969;202000028132;154 692 802;C01;2;10;0;2;7;1;1;
42970;202000028133;154 692 798;B01;2;10;0;2;7;1;1;
42971;202000028133;154 692 799;A01;2;33;0;2;8;11;1;
42972;202000028134;154 692 796;B01;1;7;0;2;7;1;1;
42973;202000028134;154 692 797;A01;1;32;0;2;8;3;1;
42974;202000028135;154 692 794;A01;1;7;0;2;4;2;1;
42975;202000028135;154 692 795;Z01;1;7;0;2;1;2;0;
42976;202000028136;154 692 792;A01;1;7;0;2;2;15;1;
42977;202000028136;154 692 793;B01;2;80;0;2;1;1;3;
42978;202000028137;154 692 791;A01;1;1;0;1;1;7;5;
42979;202000028138;154 692 789;A01;1;7;0;2;3;1;1;
42980;202000028138;154 692 790;B01;2;7;0;2;2;15;1;
42981;202000028140;154 692 786;A01;1;33;0;1;1;7;1;
42982;202000028142;154 692 782;A01;2;30;0;1;1;1;1;
42983;202000028143;154 692 781;A01;2;31;0;1;1;1;1;
42984;202000028144;154 692 779;A01;1;33;0;2;1;8;1;
42985;202000028144;154 692 780;B01;2;31;0;2;7;15;1;
42986;202000028145;154 692 777;B01;1;33;0;2;1;1;1;
42987;202000028145;154 692 778;A01;2;10;0;2;8;1;1;
42988;202000028146;154 692 776;A01;2;7;0;1;6;4;1;
42989;202000028147;154 692 774;A01;1;33;0;2;3;1;1;
42990;202000028147;154 692 775;Z01;1;30;0;2;0;14;0;
42991;202000028148;154 692 773;A01;2;33;0;1;1;1;1;
42992;202000028149;154 692 772;A01;0;7;11;0;3;15;1;
42993;202000028150;154 692 771;A01;3;60;12;0;1;25;5;
42994;202000028151;154 692 769;B01;1;1;0;2;2;1;5;
42995;202000028151;154 692 770;A01;1;7;0;2;8;22;1;
42996;202000028153;154 692 766;B01;1;1;0;2;0;1;5;
42997;202000028153;154 692 767;A01;2;50;0;2;1;12;3;
42998;202000028154;154 692 764;B01;1;1;0;2;0;17;5;
42999;202000028154;154 692 765;A01;1;7;0;2;3;22;2;
43000;202000028156;154 692 762;A01;2;13;0;1;2;1;1;
43001;202000028157;154 692 760;B01;1;33;0;2;0;17;1;
43002;202000028157;154 692 761;A01;1;10;0;2;3;15;1;
43003;202000028158;154 692 759;A01;1;1;0;1;1;1;5;
43004;202000028159;154 692 758;A01;2;7;0;1;1;1;1;
43005;202000028160;154 692 756;A01;1;7;0;2;1;1;1;
43006;202000028160;154 692 757;B01;1;7;0;2;4;1;1;
43007;202000028161;154 692 754;B01;1;7;0;2;1;1;1;
43008;202000028161;154 692 755;A01;1;7;0;2;1;26;1;
43009;202000028162;154 692 753;A01;2;50;0;0;0;0;3;
43010;202000028163;154 692 752;A01;2;7;0;1;2;26;1;
43011;202000028164;154 692 750;B01;3;7;0;2;0;0;1;
43012;202000028164;154 692 751;A01;3;7;0;2;4;1;1;
43013;202000028165;154 692 748;A01;3;7;0;2;1;15;1;
43014;202000028165;154 692 749;B01;1;7;0;2;1;26;1;
43015;202000028166;154 692 746;A01;1;7;0;2;1;1;1;
43016;202000028166;154 692 747;B01;2;43;0;2;1;17;1;
43017;202000028167;154 692 744;A01;-1;7;0;2;3;23;1;
43018;202000028167;154 692 745;B01;-1;34;0;2;1;7;1;
43019;202000028168;154 692 742;B01;0;7;0;2;1;2;1;
43020;202000028168;154 692 743;A01;0;7;0;2;4;23;1;
43021;202000028169;154 692 741;A01;1;37;0;1;2;15;1;1.0
43022;202000028170;154 692 739;A01;1;7;0;2;6;11;1;
43023;202000028170;154 692 740;B01;1;33;0;2;7;17;1;
43024;202000028171;154 692 738;A01;1;10;0;1;3;1;6;
43025;202000028174;154 692 733;B01;-1;7;0;2;2;19;1;
43026;202000028174;154 692 734;A01;-1;32;0;2;1;26;1;
43027;202000028175;154 692 732;A01;1;80;1;0;5;1;3;
43028;202000028176;154 692 730;A01;2;0;1;0;4;9;0;
43029;202000028176;154 692 731;B01;2;32;1;0;1;1;1;
43030;202000028177;154 692 728;A01;2;7;0;2;3;15;1;
43031;202000028177;154 692 729;B01;1;33;0;2;1;1;1;
43032;202000028178;154 692 726;B01;1;99;0;0;1;2;0;
43033;202000028178;154 692 727;A01;1;7;0;0;0;24;0;
43034;202000028179;154 692 724;B01;2;7;0;2;3;15;1;
43035;202000028179;154 692 725;A01;2;30;0;2;1;1;1;
43036;202000028180;154 692 722;B01;1;32;0;2;8;1;1;
43037;202000028180;154 692 723;Z01;1;7;0;2;7;12;0;
43038;202000028181;154 692 720;B01;2;10;0;2;3;2;0;
43039;202000028181;154 692 721;A01;2;7;0;2;5;23;0;
43040;202000028182;154 692 718;B01;2;2;0;2;7;1;1;
43041;202000028182;154 692 719;A01;1;7;0;2;3;1;1;
43042;202000028183;154 692 716;B01;2;33;0;2;1;1;1;
43043;202000028183;154 692 717;A01;1;7;0;2;2;15;1;
43044;202000028184;154 692 712;A01;2;7;0;2;3;1;1;
43045;202000028184;154 692 713;B01;1;17;3;2;3;6;1;
43046;202000028186;154 692 708;B01;1;15;0;2;2;1;1;
43047;202000028186;154 692 709;A01;2;7;0;2;3;0;1;
43048;202000028187;154 692 707;A01;1;7;8;0;9;0;1;
43049;202000028188;154 692 706;A01;2;7;13;0;1;1;1;
43050;202000028189;154 692 704;B01;1;7;0;2;3;1;1;
43051;202000028189;154 692 705;A01;2;7;0;2;3;13;1;
43052;202000028190;154 692 703;A01;1;7;2;0;3;19;1;
43053;202000028191;154 692 701;A01;1;10;8;2;7;19;1;
43054;202000028191;154 692 702;B01;2;10;8;2;1;1;1;
43055;202000028192;154 692 699;B01;2;33;0;2;1;1;1;
43056;202000028192;154 692 700;A01;3;10;0;2;8;17;1;
43057;202000028193;154 692 697;B01;2;33;0;2;1;1;1;
43058;202000028193;154 692 698;A01;2;7;0;2;5;15;1;
43059;202000028194;154 692 695;B01;2;7;0;2;1;1;1;
43060;202000028194;154 692 696;A01;1;7;0;2;1;13;1;
43061;202000028197;154 692 689;A01;1;7;13;2;2;13;0;
43062;202000028197;154 692 690;B01;1;7;13;2;3;0;0;
43063;202000028198;154 692 687;B01;1;10;0;2;1;2;1;
43064;202000028198;154 692 688;A01;1;7;0;0;4;0;1;
43065;202000028199;154 692 685;A01;1;7;0;2;1;1;1;
43066;202000028199;154 692 686;B01;1;1;0;0;4;1;5;
43067;202000028200;154 692 683;B01;2;3;0;2;3;1;1;
43068;202000028200;154 692 684;A01;1;7;0;2;1;1;1;
43069;202000028201;154 692 681;B01;1;7;0;2;1;1;1;
43070;202000028201;154 692 682;A01;2;7;0;2;1;1;1;
43071;202000028202;154 692 680;A01;2;7;2;0;3;1;1;
43072;202000028203;154 692 678;B01;2;14;0;2;1;1;1;
43073;202000028203;154 692 679;A01;1;7;0;2;1;1;1;