;Num_Acc;id_vehicule;num_veh;senc;catv;obs;obsm;choc;manv;motor;occutc
43074;202000028204;154 692 676;B01;0;7;0;2;3;15;1;
43075;202000028204;154 692 677;A01;0;2;12;0;3;1;1;
43076;202000028205;154 692 675;A01;3;36;0;0;0;4;1;
43077;202000028206;154 692 673;A01;3;7;0;1;2;1;1;
43078;202000028207;154 692 672;A01;2;3;7;0;1;13;1;
43079;202000028208;154 692 671;A01;1;7;0;1;3;1;1;
43080;202000028209;154 692 669;B01;1;7;0;0;4;1;1;
43081;202000028209;154 692 670;A01;1;2;0;2;1;1;1;
43082;202000028210;154 692 667;B01;2;7;0;2;4;2;1;
43083;202000028210;154 692 668;A01;2;7;0;2;1;2;1;
43084;202000028211;154 692 666;A01;1;7;0;1;1;2;1;
43085;202000028212;154 692 663;A01;2;7;0;1;8;15;1;
43086;202000028213;154 692 662;A01;2;7;15;0;2;1;1;
43087;202000028214;154 692 659;B01;1;7;0;2;1;2;1;
43088;202000028214;154 692 660;C01;1;7;0;2;9;2;1;
43089;202000028214;154 692 661;A01;1;7;0;2;4;23;1;
43090;202000028215;154 692 656;C01;1;10;0;2;5;1;1;
43091;202000028215;154 692 657;B01;1;33;0;2;2;3;1;
43092;202000028215;154 692 658;A01;1;7;0;2;6;11;1;
43093;202000028216;154 692 654;A01;3;33;0;2;1;3;1;
43094;202000028216;154 692 655;B01;3;7;0;2;7;2;1;
43095;202000028217;154 692 652;A01;2;7;0;2;1;2;1;
43096;202000028217;154 692 653;B01;2;7;0;2;4;2;1;
43097;202000028218;154 692 650;A01;1;34;0;2;3;2;1;
43098;202000028218;154 692 651;B01;1;34;0;2;5;1;1;
43099;202000028219;154 692 649;A01;2;10;3;0;1;13;1;
43100;202000028220;154 692 647;A01;1;7;0;2;8;18;1;
43101;202000028220;154 692 648;B01;0;38;0;2;2;2;1;1.0
43102;202000028221;154 692 645;B01;1;7;0;2;4;1;1;
43103;202000028221;154 692 646;A01;1;7;0;2;1;2;1;
43104;202000028222;154 692 643;A01;1;7;0;2;1;1;1;
43105;202000028222;154 692 644;B01;1;7;0;2;7;2;2;
43106;202000028223;154 692 641;A01;1;33;0;2;1;21;1;
43107;202000028223;154 692 642;B01;1;7;0;0;4;0;1;
43108;202000028224;154 692 639;A01;2;34;0;2;1;13;1;
43109;202000028224;154 692 640;B01;2;7;0;2;6;11;1;
43110;202000028227;154 692 632;B01;2;33;0;2;8;1;1;
43111;202000028227;154 692 633;A01;2;7;0;2;2;14;1;
43112;202000028228;154 692 629;A01;2;7;0;2;1;2;1;
43113;202000028228;154 692 630;B01;2;7;14;0;4;2;1;
43114;202000028229;154 692 628;A01;1;7;8;0;1;25;1;
43115;202000028230;154 692 627;A01;1;7;0;1;1;15;1;
43116;202000028231;154 692 625;B01;1;7;0;2;8;1;1;
43117;202000028231;154 692 626;A01;2;7;0;2;8;5;1;
43118;202000028232;154 692 623;A01;2;7;0;2;3;22;1;
43119;202000028232;154 692 624;B01;2;1;1;0;2;0;5;
43120;202000028233;154 692 621;B01;1;34;0;2;2;1;1;
43121;202000028233;154 692 622;A01;1;7;0;2;3;11;1;
43122;202000028234;154 692 620;A01;1;7;0;1;1;1;1;
43123;202000028235;154 692 619;A01;1;1;0;5;1;1;5;
43124;202000028236;154 692 617;B01;2;15;0;2;4;2;1;
43125;202000028236;154 692 618;A01;1;14;0;2;1;1;1;
43126;202000028237;154 692 615;A01;0;1;0;2;1;15;5;
43127;202000028237;154 692 616;B01;0;7;0;2;3;1;1;
43128;202000028238;154 692 614;A01;1;7;0;1;3;1;1;
43129;202000028239;154 692 612;B01;1;7;0;2;4;2;0;
43130;202000028239;154 692 613;A01;1;7;0;2;1;2;0;
43131;202000028240;154 692 609;A01;1;7;0;2;1;1;0;
43132;202000028240;154 692 610;C01;2;7;0;2;1;0;0;
43133;202000028240;154 692 611;B01;2;7;0;2;1;9;0;
43134;202000028241;154 692 608;A01;3;7;2;0;1;1;1;
43135;202000028242;154 692 606;A01;0;7;8;2;5;15;1;
43136;202000028242;154 692 607;B01;0;7;0;2;2;1;1;
43137;202000028243;154 692 604;B01;1;2;0;2;4;2;1;
43138;202000028243;154 692 605;A01;1;7;0;2;1;2;1;
43139;202000028244;154 692 601;A01;0;7;0;2;1;2;1;
43140;202000028244;154 692 602;C01;0;7;0;2;4;2;1;
43141;202000028244;154 692 603;B01;0;7;0;2;4;2;1;
43142;202000028246;154 692 598;B01;1;10;0;2;8;15;1;
43143;202000028246;154 692 599;A01;1;32;0;2;7;17;1;
43144;202000028247;154 692 596;B01;2;10;0;2;1;1;1;
43145;202000028247;154 692 597;A01;1;32;0;2;2;15;1;
43146;202000028248;154 692 594;A01;2;1;0;2;8;2;5;
43147;202000028248;154 692 595;B01;2;7;0;2;7;2;1;
43148;202000028249;154 692 592;A01;2;7;0;2;8;15;1;
43149;202000028249;154 692 593;B01;2;2;0;2;2;17;1;
43150;202000028251;154 692 587;A01;1;7;0;2;5;1;1;
43151;202000028251;154 692 588;B01;1;10;0;2;5;1;1;
43152;202000028251;154 692 589;C01;1;7;0;2;3;1;1;
43153;202000028252;154 692 585;A01;1;7;0;2;1;1;1;
43154;202000028252;154 692 586;B01;1;10;0;2;4;1;1;
43155;202000028253;154 692 583;B01;1;10;0;2;2;0;1;
43156;202000028253;154 692 584;A01;1;7;0;2;1;1;1;
43157;202000028254;154 692 582;A01;1;3;0;1;2;13;0;
43158;202000028255;154 692 581;A01;0;7;0;1;1;15;1;
43159;202000028257;154 692 578;A01;1;30;16;0;0;1;1;
43160;202000028258;154 692 577;A01;1;7;0;1;1;1;0;
43161;202000028259;154 692 575;B01;1;7;0;2;2;9;1;
43162;202000028259;154 692 576;A01;1;7;0;2;9;26;1;
43163;202000028260;154 692 573;A01;1;7;0;9;1;1;1;
43164;202000028260;154 692 574;B01;1;50;0;2;1;1;3;
43165;202000028261;154 692 571;A01;3;7;0;2;2;1;1;
43166;202000028261;154 692 572;B01;3;7;0;2;1;1;1;
43167;202000028263;154 692 568;B01;1;7;0;2;2;1;1;
43168;202000028263;154 692 569;A01;2;7;0;2;1;17;1;
43169;202000028264;154 692 566;A01;1;7;0;2;9;0;1;
43170;202000028264;154 692 567;B01;1;7;0;2;5;0;1;
43171;202000028265;154 692 563;C01;2;7;0;9;4;2;1;
43172;202000028265;154 692 564;A01;2;7;0;2;1;2;1;
43173;202000028265;154 692 565;B01;2;7;0;2;4;2;1;
43174;202000028266;154 692 561;A01;1;7;0;2;1;2;1;
43175;202000028266;154 692 562;B01;1;7;0;2;4;2;1;
43176;202000028267;154 692 559;B01;3;7;0;2;1;1;1;
43177;202000028267;154 692 560;A01;3;7;0;2;2;15;1;
43178;202000028268;154 692 558;A01;1;7;0;1;3;26;3;
43179;202000028269;154 692 554;B01;2;7;0;2;4;23;1;
43180;202000028269;154 692 555;C01;2;7;0;2;2;23;1;
43181;202000028269;154 692 556;A01;2;7;0;2;1;1;1;
43182;202000028269;154 692 557;D01;2;7;0;2;0;23;1;
43183;202000028270;154 692 552;A01;3;7;0;1;3;15;1;
43184;202000028271;154 692 551;A01;3;30;0;0;7;1;1;
43185;202000028272;154 692 550;A01;3;7;0;1;1;1;1;
43186;202000028273;154 692 548;A01;3;7;0;2;2;15;1;
43187;202000028273;154 692 549;B01;3;2;0;2;8;1;1;
43188;202000028274;154 692 546;B01;3;7;0;2;3;15;1;
43189;202000028274;154 692 547;A01;3;37;0;2;7;1;3;1.0
43190;202000028275;154 692 544;A01;2;7;0;2;1;15;1;
43191;202000028275;154 692 545;B01;3;7;0;2;3;1;1;
43192;202000028276;154 692 542;A01;1;7;0;2;7;15;1;
43193;202000028276;154 692 543;B01;2;32;0;2;1;1;1;
43194;202000028277;154 692 539;C01;1;7;0;2;4;1;0;
43195;202000028277;154 692 540;B01;1;7;0;2;4;1;1;
43196;202000028277;154 692 541;A01;1;7;0;2;1;1;1;
43197;202000028279;154 692 535;B01;2;2;0;2;1;1;1;
43198;202000028279;154 692 536;A01;1;7;0;2;2;15;1;
43199;202000028280;154 692 533;A01;2;31;0;2;1;2;1;
43200;202000028280;154 692 534;B01;1;7;0;2;7;15;1;
43201;202000028281;154 692 531;A01;2;7;0;2;3;15;1;
43202;202000028281;154 692 532;B01;0;2;0;2;1;1;1;
43203;202000028282;154 692 530;A01;2;7;0;1;1;1;1;
43204;202000028284;154 692 526;B01;3;1;0;2;7;19;0;
43205;202000028284;154 692 527;A01;1;7;0;2;2;1;1;
43206;202000028286;154 692 523;A01;1;7;0;1;1;1;1;
43207;202000028287;154 692 519;D01;2;7;0;2;1;2;0;
43208;202000028287;154 692 520;C01;2;7;0;9;4;2;0;
43209;202000028287;154 692 521;B01;2;7;0;9;1;2;0;
43210;202000028287;154 692 522;A01;2;10;0;0;0;1;0;
43211;202000028288;154 692 518;A01;2;7;2;0;1;1;1;
43212;202000028289;154 692 516;Z01;2;7;0;2;7;12;0;
43213;202000028289;154 692 517;A01;2;34;0;2;3;3;1;
43214;202000028290;154 692 514;B01;1;33;0;2;1;3;1;
43215;202000028290;154 692 515;A01;1;7;0;2;5;1;1;
43216;202000028291;154 692 512;B01;2;7;0;2;5;23;2;
43217;202000028291;154 692 513;A01;2;60;0;2;1;1;5;
43218;202000028292;154 692 510;A01;1;10;0;2;2;22;1;
43219;202000028292;154 692 511;B01;1;33;0;2;3;18;1;
43220;202000028293;154 692 508;Z01;1;7;0;2;0;1;0;
43221;202000028293;154 692 509;A01;3;33;0;2;4;23;1;
43222;202000028294;154 692 506;B01;1;7;0;2;3;23;1;
43223;202000028294;154 692 507;A01;1;32;0;2;1;1;1;
43224;202000028295;154 692 504;B01;3;7;0;2;4;23;1;
43225;202000028295;154 692 505;A01;3;43;0;2;1;1;1;
43226;202000028296;154 692 502;B01;3;32;0;2;8;9;3;
43227;202000028296;154 692 503;A01;3;7;0;2;2;1;1;
43228;202000028297;154 692 499;A01;1;30;0;2;1;1;1;
43229;202000028297;154 692 500;B01;2;7;0;2;2;15;1;
43230;202000028297;154 692 501;C01;1;1;0;2;1;1;5;
43231;202000028298;154 692 497;A01;1;7;0;2;3;18;3;
43232;202000028298;154 692 498;B01;1;1;0;2;4;1;5;
43233;202000028299;154 692 495;Z01;1;7;0;2;2;15;1;
43234;202000028299;154 692 496;B01;3;50;0;2;3;1;3;
43235;202000028300;154 692 493;A01;1;7;0;2;5;10;1;
43236;202000028300;154 692 494;B01;1;32;0;2;1;1;1;
43237;202000028301;154 692 491;B01;2;7;0;2;1;1;1;
43238;202000028301;154 692 492;A01;2;7;0;1;1;23;1;
43239;202000028303;154 692 488;B01;3;14;0;2;7;23;1;
43240;202000028303;154 692 489;A01;3;43;0;2;8;18;1;
43241;202000028304;154 692 486;B01;2;7;0;2;3;1;1;
43242;202000028304;154 692 487;A01;1;2;0;2;7;17;1;
43243;202000028305;154 692 485;A01;2;7;8;0;2;14;2;
43244;202000028306;154 692 483;A01;1;7;0;2;1;15;1;
43245;202000028306;154 692 484;B01;2;1;0;2;8;1;5;
43246;202000028307;154 692 482;A01;1;50;0;1;7;25;3;
43247;202000028308;154 692 481;A01;1;7;0;1;1;15;1;
43248;202000028309;154 692 480;A01;1;32;0;1;1;3;1;
43249;202000028310;154 692 479;A01;1;50;0;1;2;1;3;
43250;202000028311;154 692 478;A01;1;7;0;1;2;1;2;
43251;202000028312;154 692 476;B01;2;1;0;2;1;2;5;
43252;202000028312;154 692 477;A01;2;37;0;2;5;16;1;1.0
43253;202000028313;154 692 474;A01;1;7;0;2;1;15;1;
43254;202000028313;154 692 475;B01;2;34;0;1;3;1;1;
43255;202000028314;154 692 472;A01;0;7;0;2;2;11;0;
43256;202000028314;154 692 473;B01;0;2;1;2;3;1;1;
43257;202000028315;154 692 470;A01;3;7;0;2;1;16;1;
43258;202000028315;154 692 471;B01;3;1;0;2;8;15;5;
43259;202000028317;154 692 466;A01;2;7;0;9;2;1;1;
43260;202000028317;154 692 467;B01;1;1;0;2;1;19;0;
43261;202000028318;154 692 464;A01;1;7;0;2;1;1;1;
43262;202000028318;154 692 465;B01;1;7;0;2;4;1;1;
43263;202000028319;154 692 462;B01;1;7;9;2;4;1;0;
43264;202000028319;154 692 463;A01;1;7;0;2;4;2;0;
43265;202000028320;154 692 460;B01;3;7;0;2;1;1;1;
43266;202000028320;154 692 461;A01;3;7;0;2;1;13;1;
43267;202000028321;154 692 458;AB01;0;30;0;2;3;1;0;
43268;202000028321;154 692 459;A01;3;3;0;2;2;16;0;
43269;202000028322;154 692 457;A01;1;34;8;0;1;19;1;
43270;202000028323;154 692 455;A01;0;7;0;2;3;15;0;
43271;202000028323;154 692 456;B01;1;32;0;0;1;17;1;
43272;202000028324;154 692 453;B01;1;7;0;2;3;1;1;
43273;202000028324;154 692 454;Z01;2;7;0;2;3;1;0;
43274;202000028325;154 692 452;A01;1;7;0;1;1;1;1;
43275;202000028326;154 692 451;A01;1;10;0;1;7;1;1;
43276;202000028327;154 692 450;A01;-1;30;0;0;1;1;1;
43277;202000028328;154 692 446;A01;1;7;0;2;1;15;0;
43278;202000028328;154 692 447;B01;1;13;0;2;1;16;0;
43279;202000028329;154 692 444;A01;1;7;0;2;1;1;0;
43280;202000028329;154 692 445;Z01;-1;7;0;2;5;15;0;
43281;202000028330;154 692 442;A01;1;7;0;2;2;1;1;
43282;202000028330;154 692 443;B01;1;33;0;2;8;1;1;
43283;202000028331;154 692 440;B01;1;0;0;2;1;1;1;
43284;202000028331;154 692 441;A01;1;7;0;2;2;16;1;
43285;202000028332;154 692 438;B01;-1;1;1;0;1;0;0;
43286;202000028332;154 692 439;A01;-1;7;0;2;3;22;0;
43287;202000028333;154 692 435;A01;3;7;0;2;1;9;1;
43288;202000028333;154 692 436;C01;3;7;0;2;1;1;1;
43289;202000028333;154 692 437;B01;0;33;0;2;5;1;1;
43290;202000028334;154 692 434;A01;1;3;8;0;1;26;1;
43291;202000028335;154 692 431;A01;-1;7;0;2;1;17;1;
43292;202000028335;154 692 432;CC01;-1;7;0;2;1;2;1;
43293;202000028335;154 692 433;B01;-1;7;0;2;4;2;1;
43294;202000028336;154 692 430;A01;2;7;1;1;1;15;1;
43295;202000028338;154 692 428;A01;3;50;0;0;0;0;3;
43296;202000028340;154 692 424;A01;1;7;1;0;3;1;1;
43297;202000028340;154 692 425;B01;1;7;0;2;5;24;1;
43298;202000028341;154 692 422;B01;1;31;0;2;8;1;1;
43299;202000028341;154 692 423;A01;1;7;0;2;5;1;1;
43300;202000028342;154 692 420;A01;2;7;0;9;8;22;1;
43301;202000028342;154 692 421;B01;2;50;1;0;1;0;3;
43302;202000028343;154 692 418;B01;1;7;0;2;4;23;1;
43303;202000028343;154 692 419;A01;1;10;0;2;1;2;1;
43304;202000028344;154 692 416;B01;2;1;0;2;8;0;5;
43305;202000028344;154 692 417;A01;2;7;0;2;2;15;2;
43306;202000028345;154 692 414;A01;1;7;0;2;3;1;1;
43307;202000028345;154 692 415;Y01;3;60;0;2;1;19;5;
43308;202000028346;154 692 413;A01;1;7;0;1;2;14;1;
43309;202000028347;154 692 411;B01;3;34;0;2;3;2;0;
43310;202000028347;154 692 412;A01;1;7;0;2;2;2;0;
43311;202000028348;154 692 409;A01;2;30;0;2;1;18;1;
43312;202000028348;154 692 410;B01;1;7;0;2;2;1;1;
43313;202000028349;154 692 407;A01;2;32;0;2;7;17;1;
43314;202000028349;154 692 408;B01;2;7;0;2;3;2;1;
43315;202000028350;154 692 405;B01;1;33;0;2;3;1;1;
43316;202000028350;154 692 406;A01;1;3;0;2;0;11;0;
43317;202000028351;154 692 404;A01;1;2;6;0;9;1;1;
43318;202000028352;154 692 402;B01;2;2;0;2;1;1;1;
43319;202000028352;154 692 403;A01;2;7;0;0;5;1;1;
43320;202000028353;154 692 400;A01;0;7;0;2;3;19;1;
43321;202000028353;154 692 401;B01;2;7;0;2;1;1;1;
43322;202000028354;154 692 399;A01;3;7;14;1;1;1;1;
43323;202000028355;154 692 397;B01;2;7;0;0;4;15;1;
43324;202000028355;154 692 398;A01;2;7;0;2;1;17;1;
43325;202000028356;154 692 395;B01;3;7;0;2;3;1;1;
43326;202000028356;154 692 396;A01;3;2;0;2;1;1;1;
43327;202000028357;154 692 394;A01;2;7;13;0;9;1;1;
43328;202000028358;154 692 393;A01;1;2;0;1;1;1;1;
43329;202000028359;154 692 392;A01;2;7;0;0;0;0;1;
43330;202000028360;154 692 390;B01;1;15;0;2;5;1;1;
43331;202000028360;154 692 391;A01;1;7;0;2;1;2;1;
43332;202000028361;154 692 388;A01;1;3;0;2;2;26;1;
43333;202000028361;154 692 389;B01;2;7;0;2;3;1;1;
43334;202000028362;154 692 386;A01;1;7;0;2;5;15;1;
43335;202000028362;154 692 387;B01;2;33;0;2;1;1;1;
43336;202000028363;154 692 384;B01;1;7;0;2;6;15;1;
43337;202000028363;154 692 385;A01;1;33;0;2;1;17;1;
43338;202000028364;154 692 382;A01;1;33;0;2;1;17;1;
43339;202000028364;154 692 383;B01;1;7;0;2;3;15;1;
43340;202000028365;154 692 380;A01;1;7;0;2;3;16;1;
43341;202000028365;154 692 381;B01;1;7;0;2;2;1;1;
43342;202000028366;154 692 379;A01;1;7;8;0;8;1;1;
43343;202000028367;154 692 377;A01;3;7;0;2;3;1;1;
43344;202000028367;154 692 378;B01;0;21;0;2;3;23;0;
43345;202000028368;154 692 376;A01;3;33;0;0;1;1;1;
43346;202000028369;154 692 374;A01;1;7;0;2;1;23;1;
43347;202000028369;154 692 375;B01;1;7;1;0;1;17;1;
43348;202000028370;154 692 373;A01;3;7;0;1;3;1;1;
43349;202000028371;154 692 372;A01;1;7;0;1;2;1;0;
43350;202000028372;154 692 371;A01;2;33;0;0;8;17;1;
43351;202000028373;154 692 370;A01;2;7;13;0;1;1;1;
43352;202000028374;154 692 369;A01;2;2;12;0;1;1;1;
43353;202000028375;154 692 367;A01;2;7;0;2;4;2;1;
43354;202000028375;154 692 368;B01;2;2;0;2;1;2;1;
43355;202000028376;154 692 366;A01;1;7;2;0;2;1;1;
43356;202000028377;154 692 365;A01;2;7;0;1;3;9;1;
43357;202000028379;154 692 362;A01;2;10;6;0;2;14;1;
43358;202000028380;154 692 361;A01;3;33;0;0;0;1;1;
43359;202000028381;154 692 359;B01;1;2;0;2;7;2;1;
43360;202000028381;154 692 360;A01;1;1;0;0;8;2;5;
43361;202000028382;154 692 357;B01;1;2;0;2;1;13;1;
43362;202000028382;154 692 358;A01;3;7;0;2;3;1;1;
43363;202000028383;154 692 353;B01;1;33;0;2;1;17;1;
43364;202000028383;154 692 354;A01;1;7;0;2;3;10;1;
43365;202000028384;154 692 351;B01;2;7;0;2;1;1;1;
43366;202000028384;154 692 352;A01;1;31;0;2;1;1;1;
43367;202000028385;154 692 348;A01;2;33;0;2;1;18;1;
43368;202000028385;154 692 349;B01;2;7;0;0;4;1;1;
43369;202000028385;154 692 350;C01;2;7;0;0;4;1;1;
43370;202000028386;154 692 346;B01;2;7;0;0;4;2;1;
43371;202000028386;154 692 347;A01;2;7;0;2;1;2;1;
43372;202000028387;154 692 345;A01;1;10;0;1;2;1;1;
43373;202000028388;154 692 343;B01;2;7;0;2;3;1;1;
43374;202000028388;154 692 344;A01;1;7;0;2;3;13;1;
43375;202000028389;154 692 342;A01;1;7;6;0;2;1;1;
43376;202000028390;154 692 340;A01;2;7;0;2;8;9;1;
43377;202000028390;154 692 341;B01;2;33;0;2;1;1;1;
43378;202000028391;154 692 338;B01;1;99;0;2;1;1;1;
43379;202000028391;154 692 339;A01;2;15;0;2;1;13;1;
43380;202000028392;154 692 336;A01;1;33;0;2;4;2;1;
43381;202000028392;154 692 337;B01;1;1;0;2;1;2;5;
43382;202000028393;154 692 334;B01;2;2;0;2;1;1;1;
43383;202000028393;154 692 335;A01;1;7;0;2;3;13;1;
43384;202000028394;154 692 332;A01;1;32;0;2;1;9;1;
43385;202000028394;154 692 333;B01;1;7;0;2;6;1;1;
43386;202000028395;154 692 330;A01;2;10;0;2;1;19;1;
43387;202000028395;154 692 331;B01;2;7;0;2;7;1;1;
43388;202000028396;154 692 329;A01;1;7;1;0;2;1;1;
43389;202000028397;154 692 324;A01;2;7;0;2;4;1;1;
43390;202000028397;154 692 325;B01;2;7;0;2;1;2;1;
43391;202000028397;154 692 326;C01;2;7;0;2;1;2;1;
43392;202000028397;154 692 327;D01;2;33;0;0;1;21;1;
43393;202000028397;154 692 328;E01;2;33;0;2;9;2;1;
43394;202000028398;154 692 322;B01;1;31;0;2;1;1;1;
43395;202000028398;154 692 323;A01;2;7;0;2;3;5;1;
43396;202000028399;154 692 320;A01;1;7;0;2;1;15;1;
43397;202000028399;154 692 321;B01;1;2;0;2;7;1;1;
43398;202000028400;154 692 319;A01;1;7;8;0;1;13;1;
43399;202000028401;154 692 318;A01;3;7;13;0;0;14;1;
43400;202000028402;154 692 316;B01;1;33;0;2;4;16;1;
43401;202000028402;154 692 317;A01;1;2;0;2;1;2;1;
43402;202000028403;154 692 314;B01;1;7;0;2;8;15;1;
43403;202000028403;154 692 315;A01;1;7;11;2;2;17;1;
43404;202000028404;154 692 313;A01;1;7;13;0;1;0;1;
43405;202000028405;154 692 311;B01;2;7;0;2;1;19;1;
43406;202000028405;154 692 312;A01;1;7;0;2;1;1;1;
43407;202000028406;154 692 310;A01;3;7;15;0;1;1;1;
43408;202000028407;154 692 308;B01;1;7;0;2;2;2;1;
43409;202000028407;154 692 309;A01;1;7;0;2;4;1;1;
43410;202000028408;154 692 306;B01;2;15;0;2;2;11;1;
43411;202000028408;154 692 307;A01;2;14;0;2;6;1;1;
43412;202000028409;154 692 304;B01;2;7;0;0;0;0;1;
43413;202000028409;154 692 305;A01;1;14;0;0;0;0;1;
43414;202000028410;154 692 302;B01;1;7;0;2;1;2;1;
43415;202000028410;154 692 303;A01;1;7;0;2;4;2;1;
43416;202000028411;154 692 301;A01;1;7;4;0;1;1;1;
43417;202000028412;154 692 298;A01;1;7;0;2;8;9;1;
43418;202000028412;154 692 299;B01;1;17;0;2;2;1;1;
43419;202000028412;154 692 300;C01;1;7;13;2;1;1;1;
43420;202000028413;154 692 296;A01;2;13;0;2;1;2;1;
43421;202000028413;154 692 297;B01;2;7;0;2;4;2;1;
43422;202000028415;154 692 292;A01;2;7;0;2;2;26;1;
43423;202000028415;154 692 293;B01;2;33;0;2;1;0;1;
43424;202000028416;154 692 284;G01;2;15;0;2;0;0;1;
43425;202000028416;154 692 285;C01;2;7;0;0;0;0;0;
43426;202000028416;154 692 286;D01;2;7;0;0;0;0;1;
43427;202000028416;154 692 287;F01;2;7;0;0;0;0;1;
43428;202000028416;154 692 288;A01;2;17;0;0;0;0;1;
43429;202000028416;154 692 289;B01;2;10;0;0;0;0;1;
43430;202000028416;154 692 290;E01;2;10;0;0;0;0;1;
43431;202000028416;154 692 291;H01;2;10;0;0;0;0;1;
43432;202000028417;154 692 283;A01;2;7;4;0;0;14;1;
43433;202000028418;154 692 280;C01;2;7;0;2;6;2;1;
43434;202000028418;154 692 281;B01;2;7;0;2;4;2;1;
43435;202000028418;154 692 282;A01;2;10;0;2;1;2;1;
43436;202000028420;154 692 275;B01;1;7;0;2;4;26;1;
43437;202000028420;154 692 276;A01;1;10;4;2;4;26;1;
43438;202000028420;154 692 277;C01;1;7;0;2;1;2;1;
43439;202000028421;154 692 273;B01;2;7;8;2;6;15;1;
43440;202000028421;154 692 274;A01;2;7;0;2;2;17;1;
43441;202000028422;154 692 271;A01;1;7;0;9;1;19;1;
43442;202000028422;154 692 272;B01;2;99;0;2;7;19;5;
43443;202000028423;154 692 269;B01;2;50;0;2;1;1;3;
43444;202000028423;154 692 270;A01;2;7;0;9;7;16;1;
43445;202000028425;154 692 264;A01;0;7;0;2;3;9;0;
43446;202000028425;154 692 265;B01;0;7;0;2;2;1;0;
43447;202000028426;154 692 262;A01;1;7;0;2;5;0;1;
43448;202000028426;154 692 263;B01;1;2;0;2;8;0;1;
43449;202000028427;154 692 260;B01;2;7;0;2;3;1;1;
43450;202000028427;154 692 261;A01;2;7;0;2;1;12;1;
43451;202000028429;154 692 256;A01;1;7;0;2;3;9;1;
43452;202000028429;154 692 257;B01;3;60;0;2;1;9;5;
43453;202000028430;154 692 255;A01;2;7;0;1;2;1;1;
43454;202000028431;154 692 254;A01;0;7;12;0;7;14;1;
43455;202000028432;154 692 252;B01;1;2;0;2;1;17;1;
43456;202000028432;154 692 253;A01;2;7;0;2;2;9;1;
43457;202000028433;154 692 250;A01;1;7;0;2;1;1;6;
43458;202000028433;154 692 251;B01;1;7;0;2;7;1;6;
43459;202000028434;154 692 248;A01;0;7;0;2;5;15;1;
43460;202000028434;154 692 249;B01;0;32;0;2;1;1;1;
43461;202000028435;154 692 246;B01;0;7;0;2;4;1;1;
43462;202000028435;154 692 247;A01;0;7;0;2;1;1;3;
43463;202000028436;154 692 244;B01;2;2;0;2;8;1;1;
43464;202000028436;154 692 245;A01;2;7;0;2;1;15;1;
43465;202000028438;154 692 240;Z01;2;7;0;2;0;16;1;
43466;202000028438;154 692 241;A01;2;2;0;2;2;1;1;
43467;202000028439;154 692 237;A01;2;7;0;1;1;1;1;
43468;202000028440;154 692 236;A01;2;7;0;1;7;1;1;
43469;202000028441;154 692 234;B01;3;20;0;2;1;2;1;
43470;202000028441;154 692 235;A01;3;20;0;2;5;26;1;
43471;202000028443;154 692 231;B01;2;1;0;2;1;19;5;
43472;202000028443;154 692 232;A01;1;7;0;2;2;1;1;
43473;202000028444;154 692 228;B01;2;7;0;2;1;1;0;
43474;202000028444;154 692 229;A01;1;7;0;2;1;17;1;
43475;202000028444;154 692 230;C01;1;7;0;2;8;1;1;
43476;202000028445;154 692 226;B01;0;2;0;2;2;1;1;
43477;202000028445;154 692 227;A01;0;7;0;2;5;10;1;
43478;202000028446;154 692 224;B01;3;7;0;2;3;1;1;
43479;202000028446;154 692 225;A01;0;1;0;2;1;9;5;
43480;202000028447;154 692 222;B01;1;7;0;2;4;23;1;
43481;202000028447;154 692 223;A01;1;2;0;2;1;2;1;
43482;202000028448;154 692 220;B01;2;99;0;2;7;19;6;
43483;202000028448;154 692 221;A01;1;7;0;2;1;1;2;
43484;202000028449;154 692 218;B01;1;7;0;2;1;2;1;
43485;202000028449;154 692 219;A01;1;7;1;2;1;13;1;
43486;202000028450;154 692 217;A01;2;7;0;1;3;15;1;
43487;202000028451;154 692 216;A01;1;7;0;1;2;1;0;
43488;202000028452;154 692 215;A01;2;33;1;0;1;13;1;
43489;202000028453;154 692 214;A01;2;7;13;0;1;13;1;
43490;202000028454;154 692 212;A01;3;7;0;1;4;4;1;
43491;202000028454;154 692 213;B01;3;60;0;2;2;1;5;
43492;202000028455;154 692 210;A01;1;31;0;2;1;17;1;
43493;202000028455;154 692 211;B01;1;7;0;0;3;15;1;
43494;202000028457;154 692 208;A01;3;7;7;0;1;1;1;
43495;202000028458;154 692 206;A01;1;7;0;2;3;1;1;
43496;202000028458;154 692 207;B01;3;1;0;2;1;19;0;
43497;202000028459;154 692 204;B01;1;1;1;2;0;0;5;
43498;202000028459;154 692 205;A01;2;7;0;2;3;1;1;
43499;202000028460;154 692 202;A01;3;7;0;2;2;15;0;
43500;202000028460;154 692 203;B01;3;31;0;2;1;1;1;
43501;202000028461;154 692 200;B01;2;2;0;2;1;1;1;
43502;202000028461;154 692 201;A01;1;7;0;2;1;13;1;
43503;202000028462;154 692 198;B01;1;7;0;2;2;1;1;
43504;202000028462;154 692 199;A01;0;1;0;2;8;9;5;
43505;202000028463;154 692 196;A01;2;33;0;2;7;14;1;
43506;202000028463;154 692 197;B01;2;10;0;2;8;1;1;