;Num_Acc;id_vehicule;num_veh;senc;catv;obs;obsm;choc;manv;motor;occutc
43507;202000028464;154 692 194;A01;1;7;0;2;2;1;1;
43508;202000028464;154 692 195;B01;1;7;0;2;3;1;1;
43509;202000028465;154 692 193;A01;1;7;0;1;7;1;1;
43510;202000028466;154 692 191;A01;1;13;0;2;3;13;1;
43511;202000028466;154 692 192;B01;2;7;0;2;3;1;1;
43512;202000028467;154 692 189;B01;1;7;0;2;5;1;1;
43513;202000028467;154 692 190;A01;1;7;0;2;2;16;1;
43514;202000028468;154 692 179;B01;1;1;0;9;9;1;5;
43515;202000028468;154 692 180;A01;1;7;0;2;0;17;1;
43516;202000028468;154 692 181;J01;1;1;0;9;9;1;5;
43517;202000028468;154 692 182;I01;1;1;0;9;9;1;5;
43518;202000028468;154 692 183;H01;1;1;0;9;9;1;5;
43519;202000028468;154 692 184;G01;1;1;0;9;9;1;5;
43520;202000028468;154 692 185;F01;1;1;0;9;9;1;5;
43521;202000028468;154 692 186;E01;1;1;0;9;9;1;5;
43522;202000028468;154 692 187;D01;1;1;0;9;9;1;5;
43523;202000028468;154 692 188;C01;1;1;0;9;9;1;5;
43524;202000028469;154 692 178;A01;1;10;0;1;1;1;1;
43525;202000028470;154 692 176;B01;3;32;0;2;1;1;1;
43526;202000028470;154 692 177;A01;2;7;0;2;3;15;1;
43527;202000028471;154 692 175;A01;2;30;0;0;4;23;1;
43528;202000028472;154 692 173;Z01;1;13;0;2;0;0;0;
43529;202000028472;154 692 174;B01;1;34;14;0;8;11;1;
43530;202000028473;154 692 171;B01;3;1;1;2;8;5;0;
43531;202000028473;154 692 172;A01;3;7;15;9;1;20;1;
43532;202000028474;154 692 170;A01;2;7;13;0;9;15;1;
43533;202000028475;154 692 168;A01;1;33;0;2;1;3;1;
43534;202000028475;154 692 169;B01;1;7;0;2;5;1;1;
43535;202000028476;154 692 164;A01;1;32;0;2;7;1;1;
43536;202000028476;154 692 165;B01;1;7;0;2;1;1;1;
43537;202000028477;154 692 163;A01;1;7;0;1;2;1;1;
43538;202000028478;154 692 162;A01;2;33;0;1;1;1;1;
43539;202000028480;154 692 157;B01;1;1;0;2;1;1;5;
43540;202000028480;154 692 158;A01;1;7;0;2;8;22;1;
43541;202000028481;154 692 156;A01;1;80;12;0;2;26;3;
43542;202000028482;154 692 155;A01;1;2;0;1;3;1;3;
43543;202000028483;154 692 153;A01;1;7;0;2;8;22;1;
43544;202000028483;154 692 154;B01;1;1;0;2;1;1;5;
43545;202000028484;154 692 151;Z01;1;7;0;2;7;16;0;
43546;202000028484;154 692 152;A01;1;7;0;2;8;7;1;
43547;202000028485;154 692 149;A01;2;7;0;2;3;1;2;
43548;202000028485;154 692 150;B01;2;1;0;2;7;1;5;
43549;202000028486;154 692 147;A01;1;10;0;2;1;16;1;
43550;202000028486;154 692 148;B01;1;50;0;2;1;19;3;
43551;202000028487;154 692 146;A01;3;7;0;1;2;0;1;
43552;202000028488;154 692 144;B01;2;2;0;9;4;2;1;
43553;202000028488;154 692 145;A01;2;7;0;2;1;2;1;
43554;202000028489;154 692 143;A01;1;10;0;1;1;9;1;
43555;202000028490;154 692 141;B01;3;7;0;2;3;1;1;
43556;202000028490;154 692 142;A01;3;7;9;2;8;1;1;
43557;202000028492;154 692 137;A01;1;7;1;0;4;26;1;
43558;202000028492;154 692 138;B01;0;1;0;2;4;15;5;
43559;202000028493;154 692 136;A01;1;3;0;1;1;26;1;
43560;202000028494;154 692 135;A01;-1;7;0;1;2;1;1;
43561;202000028496;154 692 131;B01;3;7;0;2;7;16;1;
43562;202000028496;154 692 132;A01;3;31;0;2;8;16;1;
43563;202000028497;154 692 129;B01;2;32;1;0;2;0;1;
43564;202000028497;154 692 130;A01;3;7;0;2;3;22;1;
43565;202000028498;154 692 128;A01;1;30;0;0;0;1;1;
43566;202000028499;154 692 126;A01;1;7;1;0;2;14;0;
43567;202000028499;154 692 127;B01;1;37;0;0;6;0;0;1.0
43568;202000028500;154 692 124;A01;1;14;0;2;6;11;1;
43569;202000028500;154 692 125;B01;1;34;0;2;7;15;1;
43570;202000028501;154 692 123;A01;3;2;9;0;1;26;1;
43571;202000028502;154 692 121;A01;2;7;0;2;7;1;1;
43572;202000028502;154 692 122;B01;1;7;0;2;1;1;1;
43573;202000028503;154 692 119;A01;1;7;0;2;1;1;1;
43574;202000028503;154 692 120;B01;2;7;0;2;1;1;1;
43575;202000028504;154 692 116;B01;1;7;0;2;1;1;1;
43576;202000028504;154 692 117;A01;3;10;0;2;9;1;1;
43577;202000028504;154 692 118;C01;3;7;0;2;1;1;1;
43578;202000028505;154 692 115;A01;0;2;6;0;2;1;0;
43579;202000028506;154 692 113;A01;1;7;0;2;3;16;1;
43580;202000028506;154 692 114;B01;2;7;0;2;1;1;1;
43581;202000028508;154 692 110;A01;2;14;4;0;1;6;1;
43582;202000028509;154 692 109;A01;1;33;12;0;2;15;1;
43583;202000028510;154 692 107;B01;2;7;0;2;3;1;1;
43584;202000028510;154 692 108;A01;1;7;0;2;3;1;1;
43585;202000028511;154 692 106;B01;2;15;0;1;2;23;1;
43586;202000028512;154 692 104;A01;2;17;0;2;1;1;1;
43587;202000028512;154 692 105;B01;0;7;0;2;4;19;1;
43588;202000028514;154 692 100;B01;1;2;0;2;1;1;1;
43589;202000028514;154 692 101;A01;2;7;0;2;2;15;1;
43590;202000028515;154 692 099;A01;1;7;3;0;3;13;1;
43591;202000028516;154 692 097;B01;2;7;0;2;1;1;1;
43592;202000028516;154 692 098;A01;1;7;0;2;1;5;1;
43593;202000028517;154 692 095;A01;2;7;0;2;1;1;1;
43594;202000028517;154 692 096;B01;2;7;0;2;7;19;1;
43595;202000028518;154 692 093;B01;2;7;0;2;1;17;1;
43596;202000028518;154 692 094;A01;2;7;4;0;4;17;1;
43597;202000028519;154 692 092;A01;1;7;0;1;2;1;1;
43598;202000028520;154 692 090;B01;2;2;0;2;1;1;1;
43599;202000028520;154 692 091;A01;1;7;0;2;8;10;1;
43600;202000028521;154 692 089;A01;3;2;0;0;0;1;6;
43601;202000028522;154 692 088;A01;1;7;13;0;8;13;1;
43602;202000028523;154 692 086;A01;2;7;0;2;3;9;1;
43603;202000028523;154 692 087;B01;2;15;0;2;2;1;1;
43604;202000028524;154 692 084;B01;3;7;0;2;2;15;1;
43605;202000028524;154 692 085;A01;3;33;0;2;1;1;1;
43606;202000028525;154 692 083;A01;0;34;0;0;0;1;1;
43607;202000028526;154 692 081;A01;2;2;0;0;1;17;1;
43608;202000028526;154 692 082;B01;1;32;0;0;1;17;1;
43609;202000028527;154 692 078;A01;1;10;0;0;8;1;1;
43610;202000028528;154 692 076;A01;1;7;0;2;2;15;0;
43611;202000028528;154 692 077;B01;1;7;0;2;1;1;0;
43612;202000028529;154 692 074;A01;2;7;0;2;3;17;1;
43613;202000028529;154 692 075;B01;1;14;0;2;3;1;1;
43614;202000028531;154 692 071;A01;1;7;1;0;2;1;1;
43615;202000028532;154 692 068;B01;2;7;0;2;2;1;1;
43616;202000028532;154 692 069;A01;1;7;0;2;1;1;2;
43617;202000028533;154 692 066;A01;2;7;0;2;3;1;1;
43618;202000028533;154 692 067;B01;1;7;0;2;1;13;0;
43619;202000028535;154 692 063;A01;2;7;0;2;2;12;0;
43620;202000028535;154 692 064;B01;2;33;0;2;8;2;0;
43621;202000028536;154 692 062;A01;2;7;4;0;3;13;1;
43622;202000028537;154 692 060;A01;2;7;0;2;1;2;1;
43623;202000028537;154 692 061;B01;2;7;0;2;4;2;1;
43624;202000028539;154 692 057;A01;3;1;0;0;0;1;5;
43625;202000028540;154 692 056;A01;2;32;1;0;2;1;1;
43626;202000028541;154 692 055;A01;1;7;1;0;2;1;1;
43627;202000028542;154 692 054;A01;2;7;4;0;1;12;1;
43628;202000028543;154 692 052;B01;1;7;0;2;5;1;1;
43629;202000028543;154 692 053;A01;2;7;0;2;1;9;1;
43630;202000028544;154 692 050;B01;1;34;0;2;1;1;1;
43631;202000028544;154 692 051;A01;1;34;0;2;4;10;1;
43632;202000028545;154 692 049;A01;1;7;0;1;2;1;1;
43633;202000028546;154 692 047;A01;1;3;0;2;5;11;1;
43634;202000028546;154 692 048;B01;1;2;0;2;1;1;1;
43635;202000028547;154 692 046;A01;1;33;0;2;7;1;1;
43636;202000028548;154 692 045;A01;1;7;0;1;1;0;1;
43637;202000028549;154 692 043;A01;1;30;0;2;1;26;1;
43638;202000028549;154 692 044;B01;0;7;0;2;3;0;1;
43639;202000028550;154 692 039;D01;2;7;0;2;2;1;1;
43640;202000028550;154 692 040;B01;2;7;0;2;6;1;1;
43641;202000028550;154 692 041;A01;1;7;1;2;2;5;1;
43642;202000028550;154 692 042;C01;2;7;0;2;1;1;1;
43643;202000028551;154 692 038;A01;2;7;12;0;9;14;1;
43644;202000028552;154 692 036;B01;2;7;0;2;4;2;1;
43645;202000028552;154 692 037;A01;2;7;0;2;1;2;1;
43646;202000028553;154 692 035;A01;2;7;7;0;1;15;1;
43647;202000028554;154 692 033;B01;3;7;0;2;3;1;0;
43648;202000028554;154 692 034;A01;3;7;0;2;0;15;0;
43649;202000028555;154 692 031;A01;2;7;0;2;0;2;1;
43650;202000028555;154 692 032;B01;2;33;0;2;4;0;1;
43651;202000028556;154 692 030;A01;3;33;15;0;9;1;1;
43652;202000028557;154 692 029;A01;1;7;0;1;3;1;1;
43653;202000028558;154 692 027;A01;0;7;0;2;2;15;1;
43654;202000028558;154 692 028;B01;0;7;0;2;1;0;1;
43655;202000028559;154 692 026;A01;1;7;0;1;1;26;1;
43656;202000028560;154 692 025;A01;2;7;2;0;8;13;1;
43657;202000028561;154 692 024;A01;2;7;0;1;3;1;1;
43658;202000028562;154 692 021;A01;3;7;0;2;2;15;1;
43659;202000028562;154 692 022;B01;3;33;0;2;1;1;1;
43660;202000028563;154 692 019;C01;1;7;0;2;8;23;1;
43661;202000028563;154 692 020;B01;1;33;0;2;7;15;1;
43662;202000028564;154 692 018;A01;0;7;0;1;3;15;0;
43663;202000028565;154 692 017;A01;2;7;2;0;7;1;1;
43664;202000028566;154 692 015;B01;2;7;0;2;4;23;1;
43665;202000028566;154 692 016;A01;2;7;0;2;1;2;1;
43666;202000028567;154 692 013;A01;1;34;0;2;1;21;1;
43667;202000028567;154 692 014;B01;1;10;0;2;6;10;1;
43668;202000028568;154 692 011;A01;3;7;0;2;1;21;1;
43669;202000028568;154 692 012;B01;3;7;0;2;7;1;1;
43670;202000028569;154 692 010;A01;0;7;4;0;2;1;0;
43671;202000028570;154 692 008;A01;1;7;0;2;3;10;0;
43672;202000028570;154 692 009;B01;1;2;0;2;1;1;0;
43673;202000028571;154 692 006;B01;1;7;0;2;5;15;0;
43674;202000028571;154 692 007;A01;1;30;0;2;1;0;0;
43675;202000028574;154 692 000;B01;1;31;0;2;1;1;1;
43676;202000028574;154 692 001;C01;2;7;0;2;3;1;1;
43677;202000028574;154 692 002;A01;1;7;0;2;4;23;1;
43678;202000028575;154 691 998;A01;2;1;0;2;1;15;5;
43679;202000028575;154 691 999;Z01;1;7;0;2;1;16;0;
43680;202000028576;154 691 996;A01;2;7;0;2;3;9;1;
43681;202000028576;154 691 997;B01;2;30;0;2;2;1;1;
43682;202000028577;154 691 994;B01;3;1;0;2;1;1;5;
43683;202000028577;154 691 995;A01;2;7;0;2;5;15;1;
43684;202000028578;154 691 993;A01;1;7;0;1;3;1;2;
43685;202000028579;154 691 991;B01;1;7;0;2;6;2;0;
43686;202000028579;154 691 992;A01;1;33;0;2;1;26;0;
43687;202000028580;154 691 990;A01;1;33;6;0;1;14;1;
43688;202000028583;154 691 984;B01;1;7;3;2;1;1;0;
43689;202000028583;154 691 985;A01;1;7;13;2;4;1;0;
43690;202000028584;154 691 982;A01;1;7;0;2;1;1;1;
43691;202000028584;154 691 983;B01;2;7;0;2;3;16;1;
43692;202000028585;154 691 980;B01;1;7;0;2;7;16;1;
43693;202000028585;154 691 981;A01;1;32;0;2;3;1;1;
43694;202000028586;154 691 977;C01;2;7;0;2;3;1;1;
43695;202000028586;154 691 978;A01;2;7;0;2;1;13;1;
43696;202000028586;154 691 979;B01;1;15;0;2;1;1;1;
43697;202000028587;154 691 975;B01;2;17;0;2;1;1;1;
43698;202000028587;154 691 976;A01;1;7;0;2;1;17;1;
43699;202000028588;154 691 974;A01;1;7;0;0;1;26;1;
43700;202000028589;154 691 973;A01;2;7;3;0;1;1;6;
43701;202000028590;154 691 972;A01;0;7;0;1;0;26;0;
43702;202000028591;154 691 969;A01;2;17;0;2;1;6;1;
43703;202000028591;154 691 970;B01;1;17;0;2;2;1;1;
43704;202000028591;154 691 971;C01;1;17;0;2;2;1;1;
43705;202000028593;154 691 966;A01;1;7;0;9;1;1;1;
43706;202000028594;154 691 964;A01;0;7;0;2;6;15;1;
43707;202000028594;154 691 965;B01;2;33;0;2;1;1;1;
43708;202000028595;154 691 963;A01;1;7;0;1;7;21;1;
43709;202000028596;154 691 962;A01;1;7;2;0;8;1;1;
43710;202000028597;154 691 960;B01;3;7;0;2;1;1;1;
43711;202000028597;154 691 961;A01;3;7;0;2;7;1;1;
43712;202000028598;154 691 958;A01;1;7;0;2;2;1;1;
43713;202000028598;154 691 959;B01;1;1;0;2;4;1;5;
43714;202000028599;154 691 957;A01;2;7;2;0;3;0;1;
43715;202000028600;154 691 955;A01;2;7;0;9;7;2;1;
43716;202000028600;154 691 956;B01;2;1;0;0;8;1;5;
43717;202000028601;154 691 954;A01;1;33;0;0;8;14;1;
43718;202000028602;154 691 952;B01;1;7;0;0;3;21;1;
43719;202000028602;154 691 953;A01;2;7;0;2;3;17;1;
43720;202000028603;154 691 951;A01;2;7;8;0;3;1;1;
43721;202000028604;154 691 948;A01;1;33;5;0;1;21;1;
43722;202000028605;154 691 946;A01;2;2;0;2;1;1;1;
43723;202000028605;154 691 947;B01;1;7;0;2;3;1;1;
43724;202000028606;154 691 945;A01;1;7;2;0;1;1;0;
43725;202000028607;154 691 943;B01;2;7;0;0;6;2;1;
43726;202000028607;154 691 944;A01;2;10;0;2;2;2;1;
43727;202000028608;154 691 942;A01;1;7;0;6;1;0;1;
43728;202000028609;154 691 939;A01;1;2;0;2;1;1;1;
43729;202000028609;154 691 940;B01;1;7;0;2;3;15;1;
43730;202000028609;154 691 941;C01;1;7;0;2;2;15;1;
43731;202000028610;154 691 938;A01;2;7;13;0;2;1;1;
43732;202000028611;154 691 935;A01;1;33;14;0;1;1;1;
43733;202000028612;154 691 934;A01;2;7;4;0;3;17;1;
43734;202000028613;154 691 933;A01;2;7;10;0;3;13;1;
43735;202000028614;154 691 931;A01;3;10;0;9;5;4;1;
43736;202000028614;154 691 932;B01;0;1;0;2;6;1;5;
43737;202000028615;154 691 930;A01;1;2;13;0;7;1;1;
43738;202000028616;154 691 929;A01;0;2;0;0;0;17;1;
43739;202000028617;154 691 927;A01;2;7;0;2;3;0;1;
43740;202000028617;154 691 928;B01;1;7;0;2;3;0;1;
43741;202000028618;154 691 925;B01;1;2;0;2;8;1;1;
43742;202000028618;154 691 926;A01;3;7;0;0;1;19;1;
43743;202000028619;154 691 923;A01;2;7;0;1;4;23;1;
43744;202000028619;154 691 924;B01;2;7;1;0;1;1;1;
43745;202000028621;154 691 919;B01;1;7;0;2;1;1;6;
43746;202000028621;154 691 920;A01;2;7;0;2;3;19;2;
43747;202000028622;154 691 917;A01;1;7;0;0;1;1;1;
43748;202000028622;154 691 918;B01;1;33;0;2;4;24;1;
43749;202000028623;154 691 914;B01;2;7;0;2;6;2;1;
43750;202000028623;154 691 915;A01;2;7;0;0;4;2;1;
43751;202000028623;154 691 916;C01;2;7;0;2;2;2;1;
43752;202000028625;154 691 912;A01;1;7;2;0;1;1;1;
43753;202000028627;154 691 908;B01;1;10;0;2;3;2;1;
43754;202000028627;154 691 909;A01;1;10;0;2;4;2;1;
43755;202000028628;154 691 906;B01;2;7;0;2;1;2;1;
43756;202000028628;154 691 907;A01;2;7;0;2;4;2;1;
43757;202000028629;154 691 904;A01;0;7;4;0;1;26;1;
43758;202000028629;154 691 905;T01;1;7;0;0;0;26;1;
43759;202000028630;154 691 902;A01;1;7;0;2;5;1;1;
43760;202000028630;154 691 903;B01;1;7;0;2;3;1;1;
43761;202000028631;154 691 901;A01;2;7;9;0;1;1;1;
43762;202000028632;154 691 900;A01;1;7;0;0;9;9;1;
43763;202000028633;154 691 897;A01;1;7;4;2;2;1;1;
43764;202000028633;154 691 898;C01;1;7;0;2;5;1;1;
43765;202000028633;154 691 899;B01;1;7;0;2;1;1;1;
43766;202000028634;154 691 895;A01;1;7;3;2;7;14;1;
43767;202000028634;154 691 896;B01;1;7;3;2;3;1;1;
43768;202000028635;154 691 893;B01;1;33;0;2;8;18;1;
43769;202000028635;154 691 894;A01;1;7;0;2;2;12;1;
43770;202000028636;154 691 888;B01;1;2;0;2;1;1;3;
43771;202000028636;154 691 889;A01;2;7;0;2;3;15;1;
43772;202000028637;154 691 887;A01;2;7;0;1;1;0;0;
43773;202000028638;154 691 885;B01;1;7;0;2;3;1;1;
43774;202000028638;154 691 886;A01;1;7;0;2;7;1;1;
43775;202000028639;154 691 884;A01;2;33;0;1;2;7;1;
43776;202000028640;154 691 883;A01;2;7;0;1;2;1;1;
43777;202000028641;154 691 881;A01;3;7;1;0;8;14;1;
43778;202000028641;154 691 882;B01;3;17;0;0;6;24;1;
43779;202000028642;154 691 878;B01;1;30;0;4;3;19;6;
43780;202000028642;154 691 879;A01;1;40;0;2;2;1;0;
43781;202000028643;154 691 877;A01;2;7;1;0;2;14;1;
43782;202000028644;154 691 875;A01;1;7;0;2;1;0;1;
43783;202000028644;154 691 876;B01;2;7;0;2;1;0;1;
43784;202000028645;154 691 874;A01;1;32;0;0;0;0;1;
43785;202000028646;154 691 873;A01;2;7;6;0;1;14;1;
43786;202000028647;154 691 870;C01;2;7;0;2;0;0;1;
43787;202000028647;154 691 871;B01;1;7;0;2;4;0;1;
43788;202000028647;154 691 872;A01;1;7;0;2;1;26;1;
43789;202000028648;154 691 868;A01;3;7;0;2;2;19;1;
43790;202000028648;154 691 869;B01;3;7;0;2;2;21;1;
43791;202000028649;154 691 866;A01;1;7;0;2;3;13;1;
43792;202000028649;154 691 867;B01;2;7;4;2;3;13;1;
43793;202000028650;154 691 865;A01;3;7;8;0;8;17;1;
43794;202000028651;154 691 863;B01;1;7;0;0;4;2;1;
43795;202000028651;154 691 864;A01;1;7;0;2;1;2;1;
43796;202000028652;154 691 862;A01;2;30;11;0;1;26;1;
43797;202000028653;154 691 861;A01;2;7;0;1;3;2;1;
43798;202000028654;154 691 858;A01;1;10;0;2;1;2;1;
43799;202000028654;154 691 859;B01;1;7;0;2;1;1;1;
43800;202000028654;154 691 860;C01;1;7;0;2;0;1;1;
43801;202000028655;154 691 857;A01;2;30;12;0;1;1;1;
43802;202000028656;154 691 855;A01;1;7;0;2;1;1;1;
43803;202000028656;154 691 856;B01;1;1;0;2;4;1;5;
43804;202000028657;154 691 853;B01;0;7;0;2;1;1;1;
43805;202000028657;154 691 854;A01;2;50;0;2;2;1;3;
43806;202000028658;154 691 851;B01;1;1;0;2;1;1;5;
43807;202000028658;154 691 852;A01;1;7;0;2;1;19;1;
43808;202000028660;154 691 847;B01;2;1;1;2;3;1;5;
43809;202000028660;154 691 848;A01;2;7;0;2;6;22;1;
43810;202000028661;154 691 846;A01;0;7;0;1;1;16;1;
43811;202000028662;154 691 845;A01;1;7;0;1;4;4;3;
43812;202000028663;154 691 842;C01;2;33;0;0;4;23;1;
43813;202000028663;154 691 843;A01;2;7;0;2;1;26;0;
43814;202000028663;154 691 844;B01;2;7;0;2;4;26;0;
43815;202000028664;154 691 840;B01;2;7;0;2;2;13;1;
43816;202000028664;154 691 841;A01;1;7;0;2;2;1;1;
43817;202000028665;154 691 839;A01;1;7;0;1;1;0;1;
43818;202000028666;154 691 837;A01;1;33;0;2;1;1;0;
43819;202000028666;154 691 838;B01;1;10;0;0;4;1;0;
43820;202000028667;154 691 836;A01;3;2;12;0;0;1;1;
43821;202000028669;154 691 834;A01;1;7;13;0;1;13;1;
43822;202000028670;154 691 830;D01;1;7;0;2;1;2;1;
43823;202000028670;154 691 831;C01;1;7;0;2;4;2;1;
43824;202000028670;154 691 832;B01;1;7;0;2;4;2;1;
43825;202000028670;154 691 833;A01;1;7;0;2;4;2;1;
43826;202000028671;154 691 829;A01;1;31;0;0;0;1;1;
43827;202000028672;154 691 827;B01;2;7;0;2;4;23;1;
43828;202000028672;154 691 828;A01;2;7;1;0;1;21;1;
43829;202000028673;154 691 825;B01;1;34;3;2;8;1;1;
43830;202000028673;154 691 826;A01;1;7;0;2;7;12;1;
43831;202000028674;154 691 822;A01;1;7;0;2;1;26;1;
43832;202000028674;154 691 823;C01;1;7;0;2;4;0;1;
43833;202000028674;154 691 824;B01;1;7;0;2;4;0;1;
43834;202000028675;154 691 816;B01;1;7;0;2;1;2;1;
43835;202000028675;154 691 817;D01;1;7;0;2;1;2;1;
43836;202000028675;154 691 818;E01;1;7;0;2;1;2;1;
43837;202000028675;154 691 819;A01;1;7;0;2;1;2;1;
43838;202000028675;154 691 820;F01;1;7;0;2;4;2;1;
43839;202000028675;154 691 821;C01;1;7;0;2;1;2;1;
43840;202000028677;154 691 811;B01;2;7;0;2;4;2;1;
43841;202000028677;154 691 812;A01;2;7;0;2;1;2;1;
43842;202000028679;154 691 808;A01;2;7;0;2;5;1;1;
43843;202000028679;154 691 809;B01;2;33;0;2;1;21;1;
43844;202000028680;154 691 806;B01;1;7;0;2;4;2;1;
43845;202000028680;154 691 807;A01;1;7;0;2;1;2;1;
43846;202000028681;154 691 803;C01;2;7;0;2;5;1;1;
43847;202000028681;154 691 804;Z01;2;7;0;2;1;1;0;
43848;202000028681;154 691 805;A01;2;7;0;2;1;1;1;
43849;202000028683;154 691 800;A01;3;7;0;1;2;15;2;
43850;202000028684;154 691 798;A01;1;10;0;2;3;9;1;
43851;202000028684;154 691 799;B01;2;31;0;2;2;16;1;
43852;202000028685;154 691 796;A01;1;7;12;2;1;14;1;
43853;202000028685;154 691 797;B01;2;7;0;2;1;1;1;
43854;202000028686;154 691 795;A01;1;30;0;1;1;26;1;
43855;202000028687;154 691 793;B01;2;7;0;2;1;15;1;
43856;202000028687;154 691 794;A01;1;32;0;2;8;0;1;
43857;202000028688;154 691 791;Z01;1;7;0;9;7;2;0;
43858;202000028688;154 691 792;B01;1;2;0;2;8;2;6;
43859;202000028689;154 691 790;A01;1;7;0;0;0;1;-1;
43860;202000028690;154 691 788;B01;2;7;0;2;1;1;1;
43861;202000028690;154 691 789;A01;2;7;0;2;2;1;1;
43862;202000028691;154 691 786;B01;2;7;0;2;1;2;1;
43863;202000028691;154 691 787;A01;3;1;0;2;7;19;5;
43864;202000028692;154 691 784;A01;3;10;0;2;2;1;1;
43865;202000028692;154 691 785;B01;3;7;0;2;8;9;1;
43866;202000028693;154 691 783;A01;3;10;0;1;2;1;1;
43867;202000028694;154 691 782;A01;2;37;0;1;8;15;1;1.0
43868;202000028696;154 691 779;A01;3;7;12;0;2;1;1;
43869;202000028697;154 691 777;B01;1;7;0;2;2;15;1;
43870;202000028697;154 691 778;A01;1;33;0;2;1;2;1;
43871;202000028699;154 691 774;A01;1;99;0;1;1;25;5;
43872;202000028700;154 691 773;A01;1;7;6;0;1;1;1;
43873;202000028701;154 691 772;A01;1;7;0;1;3;1;2;
43874;202000028702;154 691 770;A01;3;30;14;2;1;26;0;
43875;202000028702;154 691 771;B01;3;7;0;2;4;0;1;
43876;202000028703;154 691 768;B01;1;2;0;2;1;1;1;
43877;202000028703;154 691 769;A01;2;7;0;2;2;15;1;
43878;202000028704;154 691 765;C01;2;7;2;2;8;1;0;
43879;202000028704;154 691 766;B01;2;7;2;2;8;1;0;
43880;202000028704;154 691 767;A01;1;10;0;2;3;17;1;
43881;202000028705;154 691 764;A01;2;7;0;1;0;0;6;
43882;202000028706;154 691 762;B01;0;10;0;2;1;0;1;
43883;202000028706;154 691 763;A01;0;10;0;2;5;0;0;
43884;202000028707;154 691 760;B01;3;1;0;2;1;1;6;
43885;202000028707;154 691 761;A01;1;10;0;2;2;1;0;
43886;202000028708;154 691 758;A01;3;7;0;2;0;17;1;
43887;202000028708;154 691 759;B01;3;1;0;2;0;1;5;
43888;202000028709;154 691 756;A01;1;7;0;2;8;10;1;
43889;202000028709;154 691 757;B01;1;33;0;2;1;1;1;
43890;202000028710;154 691 754;A01;1;50;0;2;1;1;3;
43891;202000028710;154 691 755;B01;1;7;0;9;3;1;1;
43892;202000028711;154 691 752;A01;0;7;0;2;3;9;1;
43893;202000028711;154 691 753;B01;0;1;0;2;2;1;5;
43894;202000028712;154 691 750;B01;2;7;0;2;1;1;1;
43895;202000028712;154 691 751;A01;1;31;0;2;1;11;1;
43896;202000028713;154 691 747;A01;0;7;0;2;1;2;1;
43897;202000028713;154 691 748;C01;0;7;0;2;4;2;1;
43898;202000028713;154 691 749;B01;0;32;0;2;4;2;1;
43899;202000028714;154 691 745;B01;2;7;0;0;0;0;0;
43900;202000028714;154 691 746;A01;2;32;0;2;4;26;1;
43901;202000028715;154 691 744;A01;1;7;6;0;1;13;1;
43902;202000028716;154 691 743;A01;1;7;0;1;1;1;1;
43903;202000028717;154 691 742;A01;1;7;0;1;2;1;1;
43904;202000028718;154 691 740;B01;3;33;0;2;1;16;1;
43905;202000028718;154 691 741;A01;3;7;0;2;8;9;1;
43906;202000028719;154 691 739;A01;1;33;0;1;1;1;1;
43907;202000028720;154 691 737;A01;2;7;0;2;2;15;1;
43908;202000028720;154 691 738;B01;1;33;0;2;1;1;1;
43909;202000028721;154 691 735;B01;2;7;0;2;3;15;1;
43910;202000028721;154 691 736;A01;2;32;0;2;1;17;1;
43911;202000028722;154 691 733;Z01;2;7;0;2;2;15;1;
43912;202000028722;154 691 734;A01;1;30;0;2;1;1;1;
43913;202000028723;154 691 731;A01;0;7;0;2;6;16;0;
43914;202000028723;154 691 732;B01;0;1;0;2;1;19;5;
43915;202000028724;154 691 730;A01;1;7;0;1;6;4;1;
43916;202000028725;154 691 729;A01;1;30;12;0;1;1;1;
43917;202000028726;154 691 727;B01;3;1;0;2;7;19;5;
43918;202000028726;154 691 728;A01;1;7;0;2;1;9;1;
43919;202000028727;154 691 725;B01;1;1;0;2;8;15;5;
43920;202000028727;154 691 726;A01;1;32;0;2;7;2;1;
43921;202000028728;154 691 723;B01;1;33;0;2;5;1;1;
43922;202000028728;154 691 724;A01;1;33;0;2;3;1;1;
43923;202000028729;154 691 722;A01;1;3;14;0;1;1;0;
43924;202000028730;154 691 721;A01;2;32;0;0;7;1;0;
43925;202000028731;154 691 719;A01;1;7;0;2;2;9;1;
43926;202000028731;154 691 720;B01;2;34;0;2;1;8;1;
43927;202000028732;154 691 717;B01;2;10;0;9;2;16;1;
43928;202000028732;154 691 718;A01;0;30;0;2;3;1;1;
43929;202000028733;154 691 716;A01;1;7;0;1;7;1;0;
43930;202000028734;154 691 715;A01;3;7;2;0;1;1;1;
43931;202000028735;154 691 714;A01;2;7;13;0;9;1;1;
43932;202000028736;154 691 713;A01;2;33;6;0;1;13;1;
43933;202000028738;154 691 711;A01;0;32;0;0;3;0;0;
43934;202000028739;154 691 710;A01;2;32;0;1;1;1;1;
43935;202000028740;154 691 708;B01;1;7;0;2;6;11;3;
43936;202000028740;154 691 709;A01;1;2;0;2;3;1;1;
43937;202000028741;154 691 706;B01;2;37;0;2;3;8;1;1.0
43938;202000028741;154 691 707;A01;1;30;0;2;3;13;1;
43939;202000028742;154 691 704;B01;3;7;0;2;1;1;1;
43940;202000028742;154 691 705;A01;3;7;0;2;4;1;1;