;Num_Acc;id_vehicule;num_veh;senc;catv;obs;obsm;choc;manv;motor;occutc
43941;202000028744;154 691 700;A01;2;7;0;2;7;10;1;
43942;202000028744;154 691 701;B01;2;32;0;2;7;1;1;
43943;202000028745;154 691 699;A01;1;1;0;0;0;21;5;
43944;202000028746;154 691 697;A01;2;7;0;2;8;9;1;
43945;202000028746;154 691 698;B01;2;1;0;2;2;1;5;
43946;202000028747;154 691 695;A01;2;2;0;2;2;21;1;
43947;202000028747;154 691 696;B01;2;7;0;2;6;20;1;
43948;202000028749;154 691 691;B01;2;1;1;0;4;1;5;
43949;202000028749;154 691 692;A01;2;7;0;2;3;24;3;
43950;202000028750;154 691 689;B01;0;7;0;2;2;1;0;
43951;202000028750;154 691 690;A01;0;7;0;2;1;15;1;
43952;202000028751;154 691 687;B01;1;7;0;2;8;1;0;
43953;202000028751;154 691 688;A01;3;7;0;2;1;1;0;
43954;202000028752;154 691 686;A01;1;1;0;0;0;25;5;
43955;202000028753;154 691 685;A01;1;30;14;0;1;14;1;
43956;202000028754;154 691 684;A01;1;99;1;0;2;12;1;
43957;202000028755;154 691 683;A01;1;34;0;1;1;1;0;
43958;202000028756;154 691 680;A01;0;7;0;2;9;26;1;
43959;202000028756;154 691 681;B01;0;7;0;2;6;1;1;
43960;202000028756;154 691 682;C01;0;7;0;2;8;1;1;
43961;202000028757;154 691 678;B01;2;1;0;0;0;0;6;
43962;202000028757;154 691 679;A01;2;31;0;2;2;16;1;
43963;202000028758;154 691 676;A01;1;7;0;2;1;0;1;
43964;202000028758;154 691 677;B01;1;7;0;2;8;0;1;
43965;202000028759;154 691 674;B01;1;7;0;2;3;1;1;
43966;202000028759;154 691 675;A01;2;33;0;2;1;1;1;
43967;202000028760;154 691 673;A01;2;33;3;0;7;14;1;
43968;202000028761;154 691 671;A01;2;10;0;2;7;1;1;
43969;202000028761;154 691 672;B01;2;7;0;2;3;9;1;
43970;202000028762;154 691 669;A01;2;7;0;2;3;19;1;
43971;202000028762;154 691 670;B01;3;33;0;2;1;1;1;
43972;202000028763;154 691 668;A01;2;33;0;0;0;1;1;
43973;202000028764;154 691 667;A01;0;7;0;1;2;21;1;
43974;202000028765;154 691 664;C01;2;10;0;2;1;1;0;
43975;202000028765;154 691 665;B01;1;7;0;0;6;1;1;
43976;202000028765;154 691 666;A01;1;7;0;2;1;1;0;
43977;202000028766;154 691 663;A01;2;33;13;0;1;2;1;
43978;202000028767;154 691 662;A01;2;7;13;0;1;13;1;
43979;202000028768;154 691 661;A01;3;7;0;0;1;0;1;
43980;202000028769;154 691 660;A01;2;7;2;0;1;13;1;
43981;202000028772;154 691 656;A01;3;7;13;0;1;13;1;
43982;202000028773;154 691 654;A01;1;7;13;0;1;1;6;
43983;202000028774;154 691 652;B01;3;80;0;2;1;1;3;
43984;202000028774;154 691 653;A01;3;7;0;2;3;9;1;
43985;202000028775;154 691 651;A01;1;33;12;0;1;0;1;
43986;202000028777;154 691 648;B01;2;7;0;2;1;1;1;
43987;202000028777;154 691 649;A01;1;7;0;2;1;13;1;
43988;202000028779;154 691 646;A01;2;7;0;1;0;0;1;
43989;202000028780;154 691 645;A01;2;33;13;0;1;1;1;
43990;202000028781;154 691 644;A01;3;2;0;9;1;1;0;
43991;202000028782;154 691 643;A01;2;7;0;1;1;1;1;
43992;202000028783;154 691 642;A01;2;2;0;0;0;0;1;
43993;202000028784;154 691 641;A01;2;33;3;0;1;1;1;
43994;202000028785;154 691 639;B01;1;2;0;2;2;1;1;
43995;202000028785;154 691 640;A01;1;7;0;2;8;20;1;
43996;202000028786;154 691 637;A01;3;2;0;2;7;19;1;
43997;202000028786;154 691 638;B01;1;7;0;2;3;21;1;
43998;202000028788;154 691 634;B01;1;33;0;2;1;1;1;
43999;202000028788;154 691 635;A01;1;7;0;2;6;19;1;
44000;202000028789;154 691 631;A01;1;33;0;6;1;0;1;
44001;202000028790;154 691 629;A01;1;7;0;2;1;5;1;
44002;202000028790;154 691 630;B01;2;7;0;2;1;1;1;
44003;202000028791;154 691 627;A01;0;7;0;2;7;19;1;
44004;202000028791;154 691 628;B01;0;7;0;2;1;1;1;
44005;202000028792;154 691 625;B01;-1;7;0;0;1;2;1;
44006;202000028792;154 691 626;A01;-1;33;0;0;1;2;1;
44007;202000028793;154 691 623;B01;3;1;0;2;1;2;5;
44008;202000028793;154 691 624;A01;3;1;0;2;1;2;5;
44009;202000028794;154 691 622;A01;1;7;13;0;1;13;1;
44010;202000028795;154 691 620;B01;2;7;0;2;1;1;1;
44011;202000028795;154 691 621;A01;1;7;0;2;2;13;1;
44012;202000028796;154 691 619;A01;1;7;0;0;9;1;6;
44013;202000028797;154 691 617;A01;3;7;13;0;3;16;1;
44014;202000028797;154 691 618;B01;3;7;13;2;1;19;1;
44015;202000028798;154 691 616;A01;2;33;0;6;2;1;1;
44016;202000028800;154 691 612;B01;1;33;0;2;1;1;1;
44017;202000028800;154 691 613;A01;2;7;0;0;8;15;1;
44018;202000028802;154 691 609;A01;1;33;0;0;0;1;1;
44019;202000028803;154 691 608;A01;3;7;0;1;2;1;1;
44020;202000028805;154 691 603;A01;1;7;0;2;1;2;1;
44021;202000028805;154 691 604;B01;1;7;0;0;4;2;1;
44022;202000028806;154 691 602;A01;2;7;2;0;1;16;1;
44023;202000028807;154 691 601;A01;1;7;3;0;1;14;1;
44024;202000028808;154 691 599;A01;1;7;0;2;1;1;1;
44025;202000028808;154 691 600;B01;1;7;0;0;4;12;1;
44026;202000028809;154 691 596;B01;2;2;0;0;1;3;0;
44027;202000028809;154 691 597;A01;2;7;0;0;6;15;0;
44028;202000028811;154 691 594;A01;2;33;3;0;2;1;1;
44029;202000028812;154 691 591;A01;1;7;0;2;2;15;1;
44030;202000028812;154 691 592;B01;2;33;0;2;1;1;1;
44031;202000028814;154 691 587;A01;2;31;0;2;2;17;1;
44032;202000028814;154 691 588;B01;2;7;0;0;6;17;1;
44033;202000028815;154 691 584;C01;1;7;0;2;1;1;1;
44034;202000028815;154 691 585;A01;2;7;0;2;3;1;0;
44035;202000028815;154 691 586;B01;1;7;0;2;1;1;1;
44036;202000028816;154 691 582;B01;2;31;0;2;1;2;1;
44037;202000028816;154 691 583;A01;2;7;0;2;4;2;1;
44038;202000028817;154 691 580;B01;1;7;0;2;4;11;1;
44039;202000028817;154 691 581;A01;1;7;0;2;1;1;1;
44040;202000028818;154 691 576;A01;1;7;0;2;4;1;1;
44041;202000028818;154 691 577;B01;1;7;0;2;4;1;1;
44042;202000028818;154 691 578;C01;1;7;0;2;4;1;1;
44043;202000028818;154 691 579;D01;1;7;0;2;1;1;1;
44044;202000028819;154 691 573;C01;2;7;0;2;4;2;1;
44045;202000028819;154 691 574;B01;2;7;0;2;4;1;1;
44046;202000028819;154 691 575;A01;2;10;0;2;1;2;1;
44047;202000028820;154 691 570;C01;2;15;0;2;1;2;1;
44048;202000028820;154 691 571;B01;2;37;0;2;1;2;1;1.0
44049;202000028820;154 691 572;A01;2;15;0;2;4;1;1;
44050;202000028821;154 691 568;B01;2;7;0;2;4;2;1;
44051;202000028821;154 691 569;A01;2;7;0;2;1;2;1;
44052;202000028822;154 691 565;C01;2;7;0;2;4;2;1;
44053;202000028822;154 691 566;B01;2;7;0;2;4;2;1;
44054;202000028822;154 691 567;A01;2;7;0;2;1;2;1;
44055;202000028823;154 691 564;A01;2;7;4;0;1;1;1;
44056;202000028825;154 691 561;B01;1;7;0;2;0;13;1;
44057;202000028825;154 691 562;A01;1;7;0;2;1;14;1;
44058;202000028826;154 691 557;A01;1;7;0;2;1;2;1;
44059;202000028826;154 691 558;B01;1;7;0;2;4;2;1;
44060;202000028826;154 691 559;C01;1;7;0;2;4;2;1;
44061;202000028826;154 691 560;D01;1;7;0;2;4;2;1;
44062;202000028827;154 691 555;B01;1;7;0;2;5;1;1;
44063;202000028827;154 691 556;A01;1;7;0;2;6;11;1;
44064;202000028828;154 691 551;B01;1;7;0;2;4;2;1;
44065;202000028828;154 691 552;A01;1;7;0;2;1;2;1;
44066;202000028828;154 691 553;D01;1;7;0;2;4;2;1;
44067;202000028828;154 691 554;C01;1;7;0;2;0;26;1;
44068;202000028829;154 691 549;A01;1;7;0;2;2;15;1;
44069;202000028829;154 691 550;B01;1;43;0;2;1;1;1;
44070;202000028830;154 691 547;A01;1;33;0;2;1;1;1;
44071;202000028830;154 691 548;B01;2;7;0;2;2;1;1;
44072;202000028832;154 691 542;A01;2;31;0;2;1;1;1;
44073;202000028832;154 691 543;B01;1;7;0;2;8;1;1;
44074;202000028833;154 691 540;A01;1;31;0;2;1;17;1;
44075;202000028833;154 691 541;B01;1;7;0;2;8;15;1;
44076;202000028834;154 691 539;A01;2;7;0;1;0;26;1;
44077;202000028835;154 691 535;A01;2;7;0;2;2;17;1;
44078;202000028835;154 691 536;B01;3;7;0;2;2;9;1;
44079;202000028835;154 691 537;C01;1;7;0;2;1;2;1;
44080;202000028835;154 691 538;D01;2;7;0;2;8;15;1;
44081;202000028837;154 691 532;A01;0;7;0;1;3;11;1;
44082;202000028838;154 691 530;B01;3;1;0;2;0;0;5;
44083;202000028838;154 691 531;A01;3;7;0;2;3;9;1;
44084;202000028839;154 691 528;B01;2;33;0;2;8;9;0;
44085;202000028839;154 691 529;A01;1;7;0;2;3;9;0;
44086;202000028841;154 691 524;C01;1;7;0;2;4;1;1;
44087;202000028841;154 691 525;B01;1;7;0;2;4;1;1;
44088;202000028841;154 691 526;A01;1;7;0;2;1;1;1;
44089;202000028842;154 691 522;B01;1;7;0;2;4;2;1;
44090;202000028842;154 691 523;A01;1;7;0;2;1;2;1;
44091;202000028843;154 691 520;B01;1;7;0;2;1;1;1;
44092;202000028843;154 691 521;A01;1;7;0;2;5;16;1;
44093;202000028845;154 691 517;B01;2;7;0;2;3;26;1;
44094;202000028845;154 691 518;A01;1;7;1;2;2;14;1;
44095;202000028846;154 691 516;A01;0;7;6;0;0;13;1;
44096;202000028847;154 691 515;A01;1;7;0;0;9;14;1;
44097;202000028848;154 691 513;A01;1;7;0;2;3;15;1;
44098;202000028848;154 691 514;B01;2;7;0;2;2;1;1;
44099;202000028850;154 691 509;A01;2;7;0;2;2;1;1;
44100;202000028850;154 691 510;B01;1;1;0;2;4;1;5;
44101;202000028851;154 691 508;A01;1;33;10;0;1;26;1;
44102;202000028852;154 691 505;A01;1;10;0;9;3;1;1;
44103;202000028852;154 691 506;B01;1;1;0;2;1;19;5;
44104;202000028854;154 691 501;B01;0;7;0;2;1;1;1;
44105;202000028854;154 691 502;A01;0;7;0;2;7;15;1;
44106;202000028855;154 691 500;A01;0;32;0;0;0;1;0;
44107;202000028856;154 691 499;A01;2;33;6;0;2;0;1;
44108;202000028857;154 691 498;A01;1;7;13;0;1;1;1;
44109;202000028858;154 691 497;A01;3;10;0;1;2;13;1;
44110;202000028859;154 691 495;B01;1;15;0;0;6;2;1;
44111;202000028859;154 691 496;A01;1;10;0;2;1;2;1;
44112;202000028860;154 691 493;B01;0;7;0;2;1;17;1;
44113;202000028860;154 691 494;A01;0;7;6;2;8;15;1;
44114;202000028861;154 691 492;A01;3;2;0;1;1;1;1;
44115;202000028862;154 691 490;B01;2;15;0;2;2;12;1;
44116;202000028862;154 691 491;A01;2;7;4;2;3;2;1;
44117;202000028863;154 691 488;A01;1;1;0;2;8;0;5;
44118;202000028863;154 691 489;B01;1;7;0;2;1;0;1;
44119;202000028864;154 691 486;B01;1;1;0;2;0;0;5;
44120;202000028864;154 691 487;A01;1;7;0;2;8;0;1;
44121;202000028865;154 691 485;A01;1;7;1;0;1;0;0;
44122;202000028866;154 691 483;A01;1;7;3;2;2;12;1;
44123;202000028866;154 691 484;B01;1;7;0;2;3;1;1;
44124;202000028867;154 691 481;A01;2;7;0;2;3;13;1;
44125;202000028867;154 691 482;B01;2;7;0;2;2;2;1;
44126;202000028868;154 691 479;B01;3;7;0;2;8;1;1;
44127;202000028868;154 691 480;A01;3;1;0;2;1;19;5;
44128;202000028869;154 691 478;A01;1;10;0;1;4;4;1;
44129;202000028870;154 691 477;A01;0;7;0;1;1;1;1;
44130;202000028871;154 691 476;A01;1;7;0;1;1;1;1;
44131;202000028872;154 691 475;A01;3;7;0;1;5;4;1;
44132;202000028873;154 691 474;A01;3;7;0;1;1;1;0;
44133;202000028874;154 691 473;A01;1;20;0;1;2;1;1;
44134;202000028875;154 691 471;A01;3;7;1;0;1;0;1;
44135;202000028876;154 691 469;A01;1;14;0;2;1;2;1;
44136;202000028876;154 691 470;B01;1;7;0;2;4;2;1;
44137;202000028877;154 691 467;A01;1;7;0;2;2;2;1;
44138;202000028877;154 691 468;B01;1;7;0;2;6;23;1;
44139;202000028879;154 691 465;A01;0;2;12;0;0;1;1;
44140;202000028880;154 691 464;A01;1;7;1;0;1;13;6;
44141;202000028881;154 691 463;A01;2;7;0;1;3;1;1;
44142;202000028882;154 691 462;A01;1;7;0;0;0;1;1;
44143;202000028883;154 691 461;A01;1;2;6;0;1;0;1;
44144;202000028884;154 691 460;A01;2;7;2;0;1;13;1;
44145;202000028885;154 691 459;A01;2;10;13;0;2;14;1;
44146;202000028886;154 691 457;B01;1;1;0;2;0;19;5;
44147;202000028886;154 691 458;A01;1;7;0;2;1;9;1;
44148;202000028887;154 691 455;B01;2;10;0;2;2;1;1;
44149;202000028887;154 691 456;A01;2;7;0;2;3;22;1;
44150;202000028888;154 691 454;A01;3;33;0;9;1;26;0;
44151;202000028889;154 691 453;A01;-1;10;0;1;3;16;0;
44152;202000028890;154 691 451;A01;1;7;0;2;1;15;1;
44153;202000028890;154 691 452;B01;1;2;0;2;2;1;1;
44154;202000028891;154 691 450;A01;2;0;0;1;0;0;0;
44155;202000028892;154 691 448;B01;2;2;0;2;1;2;1;
44156;202000028892;154 691 449;A01;2;7;0;2;4;2;1;
44157;202000028893;154 691 446;B01;1;7;0;2;1;1;1;
44158;202000028893;154 691 447;A01;2;7;0;2;1;15;1;
44159;202000028894;154 691 445;A01;2;14;0;1;2;1;1;
44160;202000028895;154 691 444;A01;1;33;6;0;1;1;1;
44161;202000028896;154 691 443;A01;2;33;0;0;0;17;1;
44162;202000028897;154 691 441;A01;2;2;0;0;4;0;1;
44163;202000028897;154 691 442;B01;2;0;0;9;7;0;0;
44164;202000028898;154 691 440;A01;1;33;3;0;0;1;1;
44165;202000028899;154 691 439;A01;3;7;13;0;2;1;1;
44166;202000028900;154 691 438;A01;1;7;8;0;3;0;0;
44167;202000028901;154 691 437;A01;1;7;13;1;0;1;1;
44168;202000028902;154 691 435;B01;2;15;0;0;6;1;1;
44169;202000028902;154 691 436;A01;2;7;0;2;2;1;1;
44170;202000028903;154 691 433;A01;3;33;0;2;2;1;1;
44171;202000028903;154 691 434;B01;3;10;0;2;7;1;1;
44172;202000028904;154 691 432;A01;2;33;0;0;8;1;1;
44173;202000028905;154 691 430;A01;2;33;6;0;2;14;1;
44174;202000028906;154 691 429;A01;2;7;6;0;2;1;1;
44175;202000028907;154 691 427;A01;3;7;0;2;8;19;1;
44176;202000028907;154 691 428;B01;1;33;0;2;1;1;1;
44177;202000028908;154 691 426;A01;1;7;4;0;1;1;1;
44178;202000028909;154 691 424;B01;2;7;0;2;2;1;1;
44179;202000028909;154 691 425;A01;2;7;0;2;6;9;1;
44180;202000028910;154 691 423;B01;2;32;1;0;1;19;0;
44181;202000028911;154 691 422;A01;2;7;0;1;3;1;0;
44182;202000028912;154 691 420;Z01;3;2;0;2;1;18;0;
44183;202000028912;154 691 421;B01;3;7;0;2;2;23;1;
44184;202000028913;154 691 418;B01;3;7;6;2;3;1;1;
44185;202000028913;154 691 419;A01;3;7;12;2;2;1;1;
44186;202000028914;154 691 416;B01;1;32;0;2;9;1;1;
44187;202000028914;154 691 417;A01;1;7;0;2;6;1;1;
44188;202000028915;154 691 415;A01;2;7;0;0;0;1;1;
44189;202000028917;154 691 412;A01;2;30;0;2;1;1;1;
44190;202000028917;154 691 413;B01;2;10;0;2;3;1;1;
44191;202000028918;154 691 410;B01;1;7;8;2;6;15;1;
44192;202000028918;154 691 411;A01;3;7;0;2;2;1;1;
44193;202000028920;154 691 406;A01;2;32;0;2;7;19;1;
44194;202000028920;154 691 407;Z01;2;0;0;0;0;0;0;
44195;202000028921;154 691 405;A01;3;99;1;0;1;26;0;
44196;202000028922;154 691 403;B01;0;2;0;2;8;1;1;
44197;202000028922;154 691 404;A01;2;3;0;2;1;1;0;
44198;202000028923;154 691 402;A01;1;7;0;1;1;26;0;
44199;202000028924;154 691 401;A01;3;31;2;0;1;1;1;
44200;202000028925;154 691 400;A01;2;17;3;0;1;0;1;
44201;202000028926;154 691 399;A01;1;33;8;0;1;1;1;
44202;202000028927;154 691 397;A01;2;7;0;2;3;13;1;
44203;202000028927;154 691 398;B01;1;7;0;2;3;1;1;
44204;202000028928;154 691 396;A01;3;33;1;0;3;14;1;
44205;202000028929;154 691 393;A01;1;21;0;2;6;15;1;
44206;202000028929;154 691 394;B01;1;7;0;2;1;17;1;
44207;202000028930;154 691 392;A01;1;7;6;0;2;14;1;
44208;202000028931;154 691 390;B01;2;7;0;2;1;2;1;
44209;202000028931;154 691 391;A01;2;80;0;2;4;2;3;
44210;202000028932;154 691 388;B01;0;30;0;2;1;9;1;
44211;202000028932;154 691 389;A01;3;7;12;2;3;1;1;
44212;202000028933;154 691 387;A01;2;7;16;0;7;1;1;
44213;202000028934;154 691 386;A01;1;7;2;0;9;1;1;
44214;202000028935;154 691 385;A01;1;7;13;0;0;14;1;
44215;202000028936;154 691 384;A01;1;33;7;0;1;1;1;
44216;202000028937;154 691 382;A01;3;7;0;9;3;1;1;
44217;202000028937;154 691 383;B01;0;33;0;2;1;1;1;
44218;202000028938;154 691 380;A01;0;7;15;0;3;0;1;
44219;202000028939;154 691 379;A01;1;7;13;0;1;1;1;
44220;202000028940;154 691 378;A01;1;33;13;0;9;0;1;
44221;202000028941;154 691 377;A01;1;10;3;0;9;1;1;
44222;202000028942;154 691 375;B01;1;7;0;2;1;1;1;
44223;202000028942;154 691 376;A01;1;7;0;2;2;1;1;
44224;202000028943;154 691 374;A01;2;7;13;0;3;0;1;
44225;202000028944;154 691 373;A01;2;7;0;0;3;13;1;
44226;202000028946;154 691 369;A01;0;15;0;0;3;9;1;
44227;202000028946;154 691 370;B01;0;7;0;2;1;9;1;
44228;202000028947;154 691 368;A01;2;33;1;0;2;14;1;
44229;202000028948;154 691 366;A01;2;7;0;2;2;2;1;
44230;202000028948;154 691 367;B01;2;7;0;2;6;1;1;
44231;202000028950;154 691 362;B01;2;37;0;2;6;1;0;1.0
44232;202000028950;154 691 363;A01;1;7;0;2;3;13;1;
44233;202000028951;154 691 361;A01;1;33;0;5;1;1;1;
44234;202000028952;154 691 359;A01;2;7;0;2;3;1;1;
44235;202000028952;154 691 360;B01;1;7;0;2;7;15;1;
44236;202000028953;154 691 357;B01;0;3;0;2;8;15;0;
44237;202000028953;154 691 358;A01;0;0;0;2;7;1;1;
44238;202000028954;154 691 356;A01;1;30;1;0;2;15;1;
44239;202000028955;154 691 354;B01;2;10;0;2;5;23;1;
44240;202000028955;154 691 355;A01;2;2;0;2;3;3;1;
44241;202000028956;154 691 353;A01;1;7;11;0;1;1;1;
44242;202000028957;154 691 351;A01;2;1;0;2;2;1;5;
44243;202000028957;154 691 352;B01;2;7;0;2;3;22;1;
44244;202000028958;154 691 349;B01;2;7;0;2;1;1;1;
44245;202000028958;154 691 350;A01;2;31;0;2;8;1;1;
44246;202000028959;154 691 347;A01;-1;20;0;2;-1;-1;-1;
44247;202000028959;154 691 348;B01;-1;20;0;2;-1;-1;-1;
44248;202000028960;154 691 345;A01;2;30;0;2;1;26;1;
44249;202000028960;154 691 346;B01;1;7;0;2;3;1;1;
44250;202000028961;154 691 343;A01;3;30;0;2;1;21;0;
44251;202000028961;154 691 344;B01;3;7;0;2;2;21;1;
44252;202000028962;154 691 342;A01;0;7;6;0;2;5;0;
44253;202000028963;154 691 341;A01;3;30;0;0;8;15;1;
44254;202000028964;154 691 340;A01;1;33;0;0;8;1;1;
44255;202000028965;154 691 339;A01;1;7;0;1;1;1;0;
44256;202000028966;154 691 338;A01;1;33;13;0;8;2;1;
44257;202000028968;154 691 336;A01;3;7;0;1;3;15;1;
44258;202000028969;154 691 334;B01;3;1;0;2;1;1;5;
44259;202000028969;154 691 335;A01;3;7;0;2;3;1;1;
44260;202000028971;154 691 332;A01;2;15;3;0;7;1;1;
44261;202000028972;154 691 331;A01;1;7;8;0;1;2;1;
44262;202000028973;154 691 330;A01;1;7;16;0;3;1;1;
44263;202000028974;154 691 329;A01;1;7;2;0;0;2;1;
44264;202000028975;154 691 326;A01;2;7;0;2;1;2;1;
44265;202000028975;154 691 327;B01;2;7;0;0;5;23;1;
44266;202000028976;154 691 324;A01;1;33;0;2;1;2;1;
44267;202000028976;154 691 325;B01;1;7;3;0;4;2;1;
44268;202000028977;154 691 323;A01;2;7;13;0;2;14;1;
44269;202000028978;154 691 322;A01;0;10;0;1;4;4;1;
44270;202000028979;154 691 320;A01;1;3;0;2;1;9;0;
44271;202000028979;154 691 321;B01;1;7;0;2;2;1;0;
44272;202000028980;154 691 318;B01;1;7;0;2;2;1;1;
44273;202000028980;154 691 319;A01;3;7;0;2;3;9;1;
44274;202000028981;154 691 316;A01;2;7;0;2;1;11;1;
44275;202000028981;154 691 317;B01;2;10;0;2;6;1;1;
44276;202000028982;154 691 314;B01;1;7;1;0;8;21;0;
44277;202000028982;154 691 315;A01;1;30;0;2;8;13;6;
44278;202000028983;154 691 312;A01;2;1;0;0;4;26;5;
44279;202000028983;154 691 313;B01;2;7;0;0;2;26;0;
44280;202000028984;154 691 311;A01;1;7;0;1;1;24;1;
44281;202000028985;154 691 309;B01;3;7;0;2;1;9;6;
44282;202000028985;154 691 310;A01;1;7;0;2;2;1;1;
44283;202000028986;154 691 308;A01;3;7;12;0;1;13;1;
44284;202000028987;154 691 306;A01;1;7;9;0;0;0;1;
44285;202000028987;154 691 307;B01;1;10;0;2;3;1;0;
44286;202000028988;154 691 305;A01;1;7;1;0;2;14;1;
44287;202000028989;154 691 303;A01;3;7;0;2;5;20;1;
44288;202000028989;154 691 304;B01;2;32;0;2;1;1;1;
44289;202000028990;154 691 301;A01;3;7;0;2;2;15;1;
44290;202000028990;154 691 302;B01;3;10;0;2;0;0;1;
44291;202000028991;154 691 300;A01;1;7;0;0;1;0;1;
44292;202000028992;154 691 299;A01;1;7;8;0;3;13;0;
44293;202000028993;154 691 297;Z01;1;0;0;2;0;15;0;
44294;202000028993;154 691 298;A01;1;2;0;2;7;1;1;
44295;202000028994;154 691 295;B01;3;7;0;1;3;1;1;
44296;202000028994;154 691 296;A01;3;7;0;1;1;1;1;
44297;202000028995;154 691 293;B01;2;7;0;2;0;26;0;
44298;202000028995;154 691 294;A01;1;7;0;1;1;26;0;
44299;202000028996;154 691 292;A01;3;7;2;0;1;13;1;
44300;202000028997;154 691 290;Z01;0;7;0;2;3;1;0;
44301;202000028997;154 691 291;A01;0;7;0;2;2;15;1;
44302;202000028998;154 691 289;A01;3;31;12;0;8;5;1;
44303;202000028999;154 691 288;A01;1;7;0;1;4;4;1;
44304;202000029000;154 691 286;A01;1;7;0;2;1;9;0;
44305;202000029000;154 691 287;B01;1;33;0;2;7;0;0;
44306;202000029001;154 691 284;B01;1;7;14;2;6;23;0;
44307;202000029001;154 691 285;A01;1;33;14;2;3;13;0;
44308;202000029002;154 691 282;Z01;2;7;0;2;0;0;0;
44309;202000029002;154 691 283;A01;2;7;0;2;5;1;1;
44310;202000029004;154 691 278;A01;1;10;0;2;2;1;1;
44311;202000029004;154 691 279;B01;2;30;0;2;1;1;1;
44312;202000029005;154 691 276;B01;1;37;0;2;4;23;1;1.0
44313;202000029005;154 691 277;A01;1;7;0;2;1;2;1;
44314;202000029006;154 691 275;A01;1;7;0;0;0;1;0;
44315;202000029008;154 691 272;A01;3;31;2;0;1;0;1;
44316;202000029009;154 691 271;A01;2;33;8;0;0;16;1;
44317;202000029010;154 691 270;A01;1;2;12;0;2;1;1;
44318;202000029011;154 691 269;A01;1;7;0;0;3;1;1;
44319;202000029012;154 691 268;A01;1;15;16;0;7;1;1;
44320;202000029013;154 691 266;B01;1;7;0;2;1;1;1;
44321;202000029013;154 691 267;A01;3;21;0;2;2;19;1;
44322;202000029014;154 691 265;A01;1;7;0;0;9;1;1;
44323;202000029015;154 691 263;A01;3;21;16;0;8;1;1;
44324;202000029016;154 691 262;A01;1;33;0;0;3;0;1;
44325;202000029017;154 691 260;A01;1;32;0;2;7;17;1;
44326;202000029017;154 691 261;B01;1;7;0;2;8;15;1;
44327;202000029019;154 691 256;B01;3;7;0;2;1;15;0;
44328;202000029019;154 691 257;A01;3;7;0;2;7;7;0;
44329;202000029020;154 691 254;B01;1;50;0;2;1;1;3;
44330;202000029020;154 691 255;A01;1;7;0;2;3;1;1;
44331;202000029021;154 691 252;B01;1;10;0;2;8;1;1;
44332;202000029021;154 691 253;A01;1;7;0;2;2;9;1;
44333;202000029022;154 691 250;B01;2;1;0;2;2;1;5;
44334;202000029022;154 691 251;A01;2;7;0;2;3;9;1;
44335;202000029023;154 691 248;A01;2;7;0;2;3;13;1;
44336;202000029023;154 691 249;B01;2;30;0;2;2;1;1;
44337;202000029024;154 691 245;A01;2;7;0;2;1;26;0;
44338;202000029024;154 691 246;C01;2;7;0;0;0;0;0;
44339;202000029024;154 691 247;B01;2;7;0;0;0;0;0;
44340;202000029025;154 691 243;A01;2;30;0;2;7;15;1;
44341;202000029025;154 691 244;B01;1;32;0;2;1;1;1;
44342;202000029026;154 691 242;A01;1;7;13;0;3;1;1;
44343;202000029027;154 691 240;A01;2;7;0;2;1;5;1;
44344;202000029027;154 691 241;B01;1;7;0;2;1;1;1;
44345;202000029028;154 691 238;A01;1;7;0;2;2;0;1;
44346;202000029028;154 691 239;B01;2;7;0;2;1;1;1;
44347;202000029029;154 691 237;A01;1;7;3;0;2;26;1;
44348;202000029030;154 691 236;A01;2;21;6;0;1;0;1;
44349;202000029031;154 691 234;B01;1;7;0;2;3;1;1;
44350;202000029031;154 691 235;A01;2;7;12;2;3;1;1;
44351;202000029032;154 691 233;A01;2;7;8;0;1;13;6;
44352;202000029033;154 691 232;A01;1;7;7;0;2;0;1;
44353;202000029035;154 691 229;A01;2;7;2;0;1;1;1;
44354;202000029038;154 691 225;A01;2;7;0;2;4;1;1;
44355;202000029038;154 691 226;B01;2;10;0;2;1;14;1;
44356;202000029039;154 691 223;B01;2;7;0;0;4;2;1;
44357;202000029039;154 691 224;A01;2;7;1;0;1;2;1;
44358;202000029040;154 691 222;A01;1;7;16;0;3;21;1;
44359;202000029041;154 691 220;A01;2;7;0;2;2;2;1;
44360;202000029041;154 691 221;B01;2;10;0;2;6;21;1;
44361;202000029042;154 691 219;A01;1;7;4;0;1;1;1;
44362;202000029043;154 691 217;B01;2;7;0;2;0;0;0;
44363;202000029043;154 691 218;A01;2;33;0;2;8;0;0;
44364;202000029044;154 691 215;A01;3;7;0;2;1;0;1;
44365;202000029044;154 691 216;B01;3;10;0;2;1;15;1;
44366;202000029045;154 691 214;A01;2;7;0;1;0;0;0;
44367;202000029046;154 691 213;A01;3;7;0;0;0;26;1;
44368;202000029047;154 691 211;A01;2;7;0;2;4;1;1;
44369;202000029047;154 691 212;B01;2;7;0;2;1;1;1;
44370;202000029048;154 691 209;A01;1;7;0;0;0;10;0;
44371;202000029048;154 691 210;B01;1;33;0;0;0;26;0;
44372;202000029049;154 691 207;A01;2;99;0;2;1;1;0;
44373;202000029049;154 691 208;B01;2;50;0;2;1;1;3;