;Num_Acc;id_vehicule;num_veh;senc;catv;obs;obsm;choc;manv;motor;occutc
44374;202000029050;154 691 205;A01;3;2;0;2;1;2;1;
44375;202000029050;154 691 206;B01;3;1;0;2;8;2;5;
44376;202000029051;154 691 203;A01;1;7;0;9;3;26;1;
44377;202000029051;154 691 204;B01;2;1;0;0;8;0;0;
44378;202000029052;154 691 202;A01;2;7;13;0;9;1;1;
44379;202000029053;154 691 200;B01;2;10;0;2;1;1;1;
44380;202000029053;154 691 201;A01;1;7;0;2;2;15;1;
44381;202000029054;154 691 199;A01;0;10;0;1;3;1;1;
44382;202000029055;154 691 197;A01;0;1;0;2;1;1;5;
44383;202000029055;154 691 198;B01;0;7;0;2;3;15;1;
44384;202000029056;154 691 196;A01;0;33;0;1;0;1;1;
44385;202000029057;154 691 194;B01;1;33;0;2;1;2;0;
44386;202000029057;154 691 195;A01;1;33;0;2;4;21;1;
44387;202000029058;154 691 192;A01;1;7;0;2;8;1;1;
44388;202000029058;154 691 193;B01;2;7;0;2;1;15;1;
44389;202000029059;154 691 188;B01;0;7;0;2;4;23;1;
44390;202000029059;154 691 189;A01;0;7;0;2;1;2;1;
44391;202000029060;154 691 187;A01;0;7;5;0;7;14;1;
44392;202000029061;154 691 185;A01;2;7;0;2;7;14;1;
44393;202000029061;154 691 186;B01;2;60;0;2;1;19;5;
44394;202000029062;154 691 183;B01;1;7;0;2;1;1;1;
44395;202000029062;154 691 184;A01;2;7;0;2;3;1;1;
44396;202000029064;154 691 179;B01;2;37;0;2;3;9;1;2.0
44397;202000029064;154 691 180;A01;3;10;0;2;5;26;1;
44398;202000029065;154 691 177;B01;1;2;0;2;1;1;1;
44399;202000029065;154 691 178;A01;2;7;0;2;7;15;1;
44400;202000029066;154 691 176;A01;1;30;0;0;0;1;1;
44401;202000029067;154 691 175;A01;1;7;0;1;1;1;1;
44402;202000029068;154 691 174;A01;3;10;0;1;2;2;0;
44403;202000029069;154 691 172;A01;1;7;0;2;1;11;0;
44404;202000029069;154 691 173;B01;1;7;0;0;6;1;0;
44405;202000029070;154 691 170;A01;3;10;0;2;5;1;1;
44406;202000029070;154 691 171;B01;3;10;0;2;3;9;1;
44407;202000029071;154 691 169;A01;1;7;0;1;1;16;1;
44408;202000029072;154 691 167;A01;1;7;0;2;1;13;1;
44409;202000029072;154 691 168;B01;2;7;0;2;1;1;1;
44410;202000029073;154 691 166;A01;2;36;6;0;1;13;1;
44411;202000029074;154 691 164;B01;2;7;0;2;2;16;1;
44412;202000029074;154 691 165;A01;1;7;0;2;3;15;1;
44413;202000029075;154 691 162;Z01;1;7;0;2;1;1;0;
44414;202000029075;154 691 163;B01;1;33;0;2;4;1;1;
44415;202000029076;154 691 159;A01;1;7;0;2;7;15;1;
44416;202000029076;154 691 160;B01;2;7;0;2;1;1;1;
44417;202000029076;154 691 161;C01;1;7;0;2;1;2;1;
44418;202000029078;154 691 155;A01;1;7;14;0;6;16;1;
44419;202000029078;154 691 156;B01;1;7;0;2;2;1;1;
44420;202000029079;154 691 154;A01;2;33;16;0;8;1;1;
44421;202000029080;154 691 152;A01;1;7;0;2;3;15;1;
44422;202000029080;154 691 153;B01;2;32;0;2;1;1;1;
44423;202000029081;154 691 150;A01;2;7;0;2;5;15;1;
44424;202000029081;154 691 151;B01;1;34;0;2;1;1;1;
44425;202000029082;154 691 148;B01;0;2;0;2;1;1;0;
44426;202000029082;154 691 149;A01;3;10;0;2;8;13;0;
44427;202000029083;154 691 146;B01;2;7;0;2;2;1;1;
44428;202000029083;154 691 147;A01;3;7;0;2;8;1;1;
44429;202000029084;154 691 144;A01;0;30;0;2;1;9;1;
44430;202000029084;154 691 145;B01;0;7;0;2;6;9;1;
44431;202000029085;154 691 142;B01;2;7;0;2;8;1;1;
44432;202000029085;154 691 143;A01;1;30;0;2;8;1;1;
44433;202000029088;154 691 137;A01;2;10;0;2;2;1;1;
44434;202000029088;154 691 138;B01;2;33;0;2;8;0;1;
44435;202000029089;154 691 135;B01;1;33;0;2;8;1;1;
44436;202000029089;154 691 136;A01;1;7;0;2;0;16;1;
44437;202000029090;154 691 133;B01;1;7;14;0;4;0;0;
44438;202000029090;154 691 134;A01;1;34;0;2;1;26;1;
44439;202000029092;154 691 130;B01;3;80;0;2;8;19;3;
44440;202000029092;154 691 131;A01;1;3;0;9;1;1;1;
44441;202000029093;154 691 128;A01;3;1;0;2;6;1;5;
44442;202000029093;154 691 129;Z01;3;10;0;2;2;16;0;
44443;202000029094;154 691 126;A01;1;7;0;2;7;16;1;
44444;202000029094;154 691 127;B01;1;1;0;2;8;1;5;
44445;202000029095;154 691 124;B01;2;7;0;2;4;1;1;
44446;202000029095;154 691 125;A01;2;7;0;2;1;2;1;
44447;202000029096;154 691 123;A01;1;7;15;0;1;13;1;
44448;202000029097;154 691 121;A01;1;7;0;2;6;20;1;
44449;202000029097;154 691 122;B01;1;33;0;2;0;1;1;
44450;202000029098;154 691 120;A01;1;7;0;1;1;1;1;
44451;202000029099;154 691 118;B01;3;7;0;2;2;1;1;
44452;202000029099;154 691 119;A01;3;7;0;2;1;9;1;
44453;202000029100;154 691 116;A01;1;30;0;2;7;13;1;
44454;202000029100;154 691 117;B01;2;7;0;2;8;0;1;
44455;202000029101;154 691 114;B01;1;7;0;2;3;1;1;
44456;202000029101;154 691 115;A01;2;7;0;2;1;15;1;
44457;202000029102;154 691 112;Z01;2;10;0;2;1;1;0;
44458;202000029102;154 691 113;B01;2;7;0;2;4;1;0;
44459;202000029103;154 691 110;A01;3;7;12;0;7;16;1;
44460;202000029103;154 691 111;B01;0;30;12;2;8;18;1;
44461;202000029104;154 691 108;B01;2;7;0;0;4;1;1;
44462;202000029104;154 691 109;A01;2;2;0;2;1;1;1;
44463;202000029105;154 691 104;C01;2;7;0;2;4;2;1;
44464;202000029105;154 691 105;B01;2;7;0;2;4;2;1;
44465;202000029105;154 691 106;D01;2;7;0;2;0;16;1;
44466;202000029105;154 691 107;A01;2;10;0;2;1;9;1;
44467;202000029106;154 691 102;A01;3;7;0;2;4;4;1;
44468;202000029106;154 691 103;B01;2;1;0;2;7;1;6;
44469;202000029107;154 691 100;A01;1;7;1;0;8;1;1;
44470;202000029107;154 691 101;B01;1;17;0;2;4;24;6;
44471;202000029108;154 691 098;A01;1;30;0;2;8;10;1;
44472;202000029108;154 691 099;B01;1;7;0;2;2;1;3;
44473;202000029109;154 691 096;A01;3;2;0;2;3;18;1;
44474;202000029109;154 691 097;B01;3;7;0;2;8;1;1;
44475;202000029111;154 691 093;A01;1;50;0;1;1;25;3;
44476;202000029112;154 691 091;A01;2;1;0;2;7;1;5;
44477;202000029112;154 691 092;B01;2;7;0;2;3;1;2;
44478;202000029113;154 691 089;A01;1;7;0;2;8;15;1;
44479;202000029113;154 691 090;B01;1;33;0;2;1;17;1;
44480;202000029114;154 691 088;A01;2;7;0;1;3;1;1;
44481;202000029115;154 691 086;B01;1;1;0;2;7;9;5;
44482;202000029115;154 691 087;A01;2;7;0;2;1;16;1;
44483;202000029118;154 691 082;A01;3;1;12;0;8;13;5;
44484;202000029119;154 691 081;A01;2;7;0;1;7;1;1;
44485;202000029121;154 691 078;A01;1;30;0;2;1;15;1;
44486;202000029121;154 691 079;B01;2;30;0;2;1;1;1;
44487;202000029122;154 691 076;B01;2;7;0;2;7;1;1;
44488;202000029122;154 691 077;A01;2;30;0;2;8;18;1;
44489;202000029123;154 691 074;B01;1;32;0;2;3;1;1;
44490;202000029123;154 691 075;A01;1;10;0;2;1;15;1;
44491;202000029124;154 691 072;B01;3;80;0;2;1;11;3;
44492;202000029124;154 691 073;A01;3;7;0;2;1;1;0;
44493;202000029126;154 691 070;A01;3;7;0;1;3;21;1;
44494;202000029127;154 691 068;A01;2;30;0;2;7;2;1;
44495;202000029127;154 691 069;B01;1;13;0;2;2;16;1;
44496;202000029128;154 691 067;A01;-1;7;13;0;1;1;1;
44497;202000029129;154 691 064;A01;1;7;0;2;1;15;0;
44498;202000029129;154 691 065;B01;1;31;0;2;1;1;0;
44499;202000029130;154 691 062;A01;0;7;0;2;1;3;0;
44500;202000029130;154 691 063;B01;0;7;0;2;1;23;1;
44501;202000029131;154 691 061;A01;2;2;0;0;0;1;1;
44502;202000029132;154 691 060;A01;2;30;1;0;3;16;0;
44503;202000029133;154 691 058;A01;1;7;0;2;2;15;1;
44504;202000029133;154 691 059;B01;2;7;0;2;8;1;1;
44505;202000029134;154 691 056;A01;3;7;0;2;2;21;1;
44506;202000029134;154 691 057;B01;1;30;0;2;5;26;1;
44507;202000029135;154 691 054;B01;1;33;0;2;3;0;6;
44508;202000029135;154 691 055;A01;1;30;0;2;1;0;6;
44509;202000029136;154 691 053;A01;1;2;0;0;0;2;1;
44510;202000029137;154 691 051;B01;1;33;0;0;4;1;1;
44511;202000029137;154 691 052;A01;1;33;0;2;1;2;1;
44512;202000029139;154 691 049;A01;1;7;0;6;1;21;1;
44513;202000029140;154 691 048;A01;2;36;13;0;2;1;1;
44514;202000029141;154 691 046;A01;1;1;0;2;1;1;6;
44515;202000029141;154 691 047;B01;1;13;0;9;2;1;1;
44516;202000029142;154 691 045;A01;2;21;13;0;0;1;1;
44517;202000029143;154 691 044;A01;0;2;1;0;1;16;1;
44518;202000029144;154 691 042;A01;2;7;0;2;2;13;1;
44519;202000029144;154 691 043;B01;1;7;0;2;1;1;1;
44520;202000029145;154 691 040;A01;2;10;0;2;2;19;1;
44521;202000029145;154 691 041;B01;2;1;0;2;1;1;5;
44522;202000029146;154 691 038;A01;1;7;0;2;2;1;1;
44523;202000029146;154 691 039;B01;1;2;0;2;1;15;1;
44524;202000029147;154 691 036;A01;3;2;0;2;2;5;1;
44525;202000029147;154 691 037;B01;3;7;0;2;2;5;1;
44526;202000029148;154 691 035;A01;0;32;16;0;0;21;1;
44527;202000029149;154 691 034;A01;1;7;14;0;3;26;1;
44528;202000029152;154 691 030;A01;1;13;0;0;1;1;1;
44529;202000029153;154 691 029;A01;1;7;8;0;1;1;1;
44530;202000029154;154 691 028;A01;1;7;2;0;1;0;1;
44531;202000029155;154 691 026;A01;2;7;0;2;8;2;1;
44532;202000029155;154 691 027;B01;2;1;0;2;7;2;5;
44533;202000029158;154 691 020;A01;1;7;0;0;1;26;1;
44534;202000029159;154 691 018;B01;2;7;0;9;3;1;1;
44535;202000029159;154 691 019;A01;1;1;0;2;3;1;5;
44536;202000029160;154 691 016;A01;2;7;0;1;9;1;1;
44537;202000029160;154 691 017;B01;1;7;0;2;1;15;1;
44538;202000029161;154 691 014;B01;1;2;0;9;8;1;1;
44539;202000029161;154 691 015;A01;1;1;0;2;8;15;5;
44540;202000029162;154 691 012;B01;1;33;0;2;1;17;1;
44541;202000029162;154 691 013;A01;1;7;0;2;3;15;1;
44542;202000029163;154 691 010;A01;2;7;0;2;8;17;1;
44543;202000029163;154 691 011;B01;1;33;0;2;8;21;1;
44544;202000029164;154 691 008;B01;2;7;0;2;6;19;0;
44545;202000029164;154 691 009;A01;1;33;0;2;1;1;0;
44546;202000029165;154 691 006;B01;2;1;0;2;8;1;5;
44547;202000029165;154 691 007;A01;2;7;0;2;7;16;0;
44548;202000029166;154 691 004;A01;2;10;0;2;7;19;1;
44549;202000029166;154 691 005;B01;2;7;0;2;1;1;1;
44550;202000029167;154 691 001;B01;0;41;0;2;1;1;1;
44551;202000029167;154 691 002;A01;2;16;0;9;3;26;6;
44552;202000029168;154 690 998;A01;2;7;0;2;1;1;1;
44553;202000029168;154 690 999;B01;1;2;0;2;1;1;1;
44554;202000029169;154 690 996;A01;1;2;0;2;8;15;1;
44555;202000029169;154 690 997;B01;1;2;0;2;1;17;1;
44556;202000029170;154 690 994;A01;2;7;0;2;2;1;1;
44557;202000029170;154 690 995;B01;2;1;0;2;4;1;5;
44558;202000029171;154 690 993;A01;3;7;6;0;1;1;0;
44559;202000029172;154 690 991;A01;3;7;0;2;3;1;1;
44560;202000029172;154 690 992;B01;3;36;0;2;1;1;1;
44561;202000029173;154 690 990;A01;1;7;0;1;1;1;1;
44562;202000029174;154 690 988;B01;3;7;0;2;1;1;1;
44563;202000029174;154 690 989;A01;2;7;0;2;3;1;1;
44564;202000029175;154 690 986;A01;1;2;0;2;7;17;1;
44565;202000029175;154 690 987;B01;1;21;0;2;3;15;1;
44566;202000029176;154 690 984;A01;1;7;0;2;7;15;1;
44567;202000029176;154 690 985;B01;2;33;0;2;1;1;1;
44568;202000029177;154 690 982;A01;2;7;0;2;8;0;1;
44569;202000029177;154 690 983;B01;1;1;0;2;8;26;5;
44570;202000029178;154 690 981;A01;1;33;0;0;7;1;1;
44571;202000029179;154 690 979;B01;1;32;0;2;1;1;1;
44572;202000029179;154 690 980;A01;1;7;0;2;4;1;0;
44573;202000029180;154 690 978;A01;2;7;0;1;1;9;1;
44574;202000029181;154 690 977;A01;1;7;4;0;1;26;1;
44575;202000029183;154 690 971;A01;3;7;0;2;2;1;1;
44576;202000029183;154 690 972;B01;3;7;0;2;3;1;1;
44577;202000029184;154 690 968;B01;2;7;0;2;1;1;1;
44578;202000029184;154 690 969;A01;1;7;13;2;7;15;1;
44579;202000029185;154 690 966;A01;1;7;3;2;1;1;0;
44580;202000029185;154 690 967;B01;1;7;0;2;4;12;0;
44581;202000029186;154 690 965;A01;1;7;6;0;1;21;1;
44582;202000029187;154 690 963;A01;1;33;0;2;7;1;1;
44583;202000029187;154 690 964;B01;1;7;0;2;3;9;1;
44584;202000029188;154 690 962;A01;2;1;0;0;9;1;2;
44585;202000029189;154 690 961;A01;3;2;0;0;0;1;1;
44586;202000029190;154 690 959;B01;2;7;0;2;8;1;1;
44587;202000029190;154 690 960;A01;1;2;0;2;7;1;1;
44588;202000029191;154 690 957;B01;2;33;0;2;1;26;1;
44589;202000029191;154 690 958;A01;1;10;0;2;5;15;1;
44590;202000029192;154 690 955;B01;1;33;0;2;1;1;0;
44591;202000029192;154 690 956;A01;2;10;0;2;1;15;0;
44592;202000029193;154 690 954;A01;2;7;3;0;3;13;1;
44593;202000029194;154 690 951;A01;1;10;4;2;5;1;1;
44594;202000029194;154 690 952;B01;1;17;0;2;2;1;1;
44595;202000029194;154 690 953;Z01;1;10;0;2;0;0;0;
44596;202000029195;154 690 946;D01;1;10;0;2;4;1;1;
44597;202000029195;154 690 947;C01;1;7;0;2;6;1;1;
44598;202000029195;154 690 948;B01;1;7;0;2;3;1;1;
44599;202000029195;154 690 949;A01;1;7;3;2;0;2;1;
44600;202000029195;154 690 950;E01;1;7;0;2;5;1;0;
44601;202000029196;154 690 944;A01;1;7;0;2;7;1;1;
44602;202000029196;154 690 945;B01;1;33;0;2;8;3;1;
44603;202000029197;154 690 940;A01;2;7;0;2;1;2;1;
44604;202000029197;154 690 941;B01;2;7;0;2;4;2;1;
44605;202000029197;154 690 942;C01;2;7;0;2;4;2;1;
44606;202000029197;154 690 943;D01;2;7;0;2;4;2;1;
44607;202000029199;154 690 937;A01;1;30;0;1;2;1;1;
44608;202000029200;154 690 936;A01;1;7;0;1;3;26;0;
44609;202000029201;154 690 935;A01;1;10;13;0;7;1;1;
44610;202000029202;154 690 933;A01;1;7;0;2;2;1;1;
44611;202000029202;154 690 934;B01;1;1;0;2;4;1;5;
44612;202000029203;154 690 931;A01;1;7;0;9;1;15;6;
44613;202000029203;154 690 932;B01;2;2;0;2;7;2;6;
44614;202000029204;154 690 930;A01;2;33;14;0;0;26;1;
44615;202000029205;154 690 929;A01;2;34;0;1;1;1;0;
44616;202000029206;154 690 927;A01;2;7;0;2;3;15;3;
44617;202000029206;154 690 928;B01;1;7;15;2;8;1;1;
44618;202000029207;154 690 925;A01;1;7;0;2;3;1;1;
44619;202000029207;154 690 926;B01;2;34;0;2;1;13;1;
44620;202000029209;154 690 919;A01;3;33;0;2;1;26;1;
44621;202000029209;154 690 920;B01;3;7;0;2;7;1;1;
44622;202000029210;154 690 917;B01;3;7;0;2;2;19;1;
44623;202000029210;154 690 918;A01;3;7;9;0;1;7;1;
44624;202000029211;154 690 914;C01;0;1;0;2;1;1;5;
44625;202000029211;154 690 915;B01;1;1;0;2;1;1;5;
44626;202000029211;154 690 916;A01;1;2;0;2;1;9;1;
44627;202000029212;154 690 912;A01;2;10;0;2;3;15;1;
44628;202000029212;154 690 913;B01;2;2;0;2;1;1;1;
44629;202000029214;154 690 907;B01;3;7;1;0;0;1;0;
44630;202000029214;154 690 908;A01;3;7;1;0;0;5;0;
44631;202000029215;154 690 905;B01;1;32;0;2;1;2;1;
44632;202000029215;154 690 906;A01;1;7;0;2;6;15;1;
44633;202000029216;154 690 903;A01;1;7;0;9;1;13;1;
44634;202000029216;154 690 904;B01;1;7;0;9;6;2;1;
44635;202000029217;154 690 902;A01;3;33;0;2;8;15;1;
44636;202000029218;154 690 901;A01;2;33;0;0;7;1;0;
44637;202000029219;154 690 900;A01;3;13;0;1;2;14;1;
44638;202000029220;154 690 899;A01;1;33;0;0;7;16;1;
44639;202000029221;154 690 897;A01;1;7;0;2;1;15;1;
44640;202000029221;154 690 898;B01;2;2;0;2;1;1;1;
44641;202000029222;154 690 895;A01;3;7;0;2;1;13;1;
44642;202000029222;154 690 896;B01;3;10;0;2;1;1;1;
44643;202000029223;154 690 894;A01;1;7;0;1;2;16;6;
44644;202000029224;154 690 892;A01;1;30;0;-1;1;0;1;
44645;202000029224;154 690 893;B01;1;40;0;2;1;0;3;
44646;202000029225;154 690 890;A01;1;7;0;2;1;9;1;
44647;202000029225;154 690 891;B01;1;7;0;2;2;0;1;
44648;202000029226;154 690 888;B01;2;33;0;2;3;1;1;
44649;202000029226;154 690 889;A01;2;7;0;2;2;16;1;
44650;202000029227;154 690 885;A01;2;14;0;2;1;1;1;
44651;202000029227;154 690 886;B01;1;7;0;2;4;1;1;
44652;202000029227;154 690 887;C01;1;7;0;2;4;1;1;
44653;202000029229;154 690 881;A01;1;31;0;2;7;9;1;
44654;202000029229;154 690 882;B01;2;7;0;2;1;1;1;
44655;202000029230;154 690 878;B01;2;7;0;2;8;1;1;
44656;202000029230;154 690 879;C01;2;7;0;2;6;1;1;
44657;202000029230;154 690 880;A01;1;7;0;2;3;13;1;
44658;202000029231;154 690 876;A01;1;31;0;2;1;18;1;
44659;202000029231;154 690 877;B01;2;7;0;2;2;15;1;
44660;202000029232;154 690 874;B01;1;7;0;2;3;1;1;
44661;202000029232;154 690 875;A01;1;7;0;2;3;15;1;
44662;202000029233;154 690 872;A01;0;30;0;2;1;2;1;
44663;202000029233;154 690 873;B01;0;7;0;2;4;2;1;
44664;202000029234;154 690 871;A01;-1;7;0;1;1;2;1;
44665;202000029235;154 690 870;A01;1;7;8;0;7;2;1;
44666;202000029236;154 690 868;B01;1;7;0;2;3;1;1;
44667;202000029236;154 690 869;A01;2;7;0;2;1;15;1;
44668;202000029237;154 690 861;A01;3;10;0;2;1;1;1;
44669;202000029237;154 690 862;B01;3;7;0;2;4;2;1;
44670;202000029237;154 690 863;C01;3;10;0;2;4;2;1;
44671;202000029238;154 690 860;A01;2;7;0;1;3;1;1;
44672;202000029239;154 690 859;A01;1;7;0;0;9;1;1;
44673;202000029240;154 690 856;B01;1;2;0;2;1;1;1;
44674;202000029240;154 690 857;A01;2;7;0;2;2;15;1;
44675;202000029241;154 690 854;A01;2;7;0;2;1;13;1;
44676;202000029241;154 690 855;B01;1;7;0;2;1;1;1;
44677;202000029242;154 690 851;C01;1;10;0;0;0;26;1;
44678;202000029242;154 690 852;A01;1;33;0;9;1;2;1;
44679;202000029242;154 690 853;B01;1;7;0;2;0;0;1;
44680;202000029243;154 690 850;A01;2;33;5;0;0;2;1;
44681;202000029246;154 690 845;A01;2;33;0;2;7;3;1;
44682;202000029246;154 690 846;Z01;2;7;0;2;8;11;1;
44683;202000029249;154 690 837;C01;1;7;0;2;6;1;1;
44684;202000029249;154 690 838;B01;1;7;0;2;0;17;1;
44685;202000029249;154 690 839;A01;1;7;0;2;1;17;1;
44686;202000029250;154 690 836;A01;1;7;0;1;1;1;1;
44687;202000029251;154 690 834;B01;2;1;0;2;8;1;6;
44688;202000029251;154 690 835;A01;1;7;0;2;8;19;6;
44689;202000029252;154 690 832;A01;1;30;0;2;1;21;1;
44690;202000029252;154 690 833;B01;2;7;0;2;1;21;1;
44691;202000029253;154 690 831;A01;2;30;0;0;0;26;1;
44692;202000029254;154 690 830;A01;2;7;0;1;3;1;1;
44693;202000029255;154 690 829;A01;3;7;1;0;1;1;1;
44694;202000029256;154 690 828;A01;3;7;0;1;2;1;1;
44695;202000029257;154 690 827;A01;2;10;0;1;1;1;1;
44696;202000029258;154 690 825;B01;1;7;0;2;1;0;0;
44697;202000029258;154 690 826;A01;1;34;0;2;4;21;0;
44698;202000029259;154 690 824;A01;0;33;0;1;1;25;1;
44699;202000029260;154 690 822;B01;0;7;0;2;6;1;1;
44700;202000029260;154 690 823;A01;0;7;0;2;8;13;1;
44701;202000029261;154 690 821;A01;1;7;0;1;2;16;1;
44702;202000029262;154 690 819;A01;0;7;0;9;1;1;1;
44703;202000029262;154 690 820;B01;0;50;0;2;3;11;3;
44704;202000029263;154 690 817;B01;1;7;0;2;4;2;1;
44705;202000029263;154 690 818;A01;1;10;0;2;1;2;1;
44706;202000029264;154 690 815;A01;1;7;0;2;3;15;1;
44707;202000029264;154 690 816;B01;2;7;0;2;1;1;1;
44708;202000029265;154 690 814;A01;3;33;0;0;8;26;1;
44709;202000029266;154 690 812;B01;2;33;0;2;8;1;1;
44710;202000029266;154 690 813;A01;0;7;0;2;1;20;1;
44711;202000029267;154 690 810;A01;2;99;0;1;0;15;1;
44712;202000029267;154 690 811;B01;1;99;0;0;6;1;1;
44713;202000029268;154 690 809;A01;1;7;2;0;2;0;1;
44714;202000029269;154 690 807;B01;1;2;0;2;1;1;1;
44715;202000029269;154 690 808;A01;2;7;0;2;1;15;1;
44716;202000029270;154 690 804;A01;2;7;0;2;1;2;1;
44717;202000029270;154 690 805;B01;2;7;0;2;4;2;1;
44718;202000029270;154 690 806;C01;2;7;0;2;4;2;1;
44719;202000029271;154 690 803;A01;3;10;0;1;4;20;1;
44720;202000029272;154 690 801;A01;3;7;0;2;0;0;1;
44721;202000029272;154 690 802;B01;0;7;0;0;0;0;1;
44722;202000029273;154 690 800;A01;1;7;0;1;1;16;1;
44723;202000029274;154 690 798;B01;3;2;0;2;1;1;1;
44724;202000029274;154 690 799;A01;3;7;0;2;5;15;1;
44725;202000029275;154 690 797;A01;2;10;7;0;3;1;1;
44726;202000029276;154 690 795;B01;2;7;0;2;4;2;0;
44727;202000029276;154 690 796;A01;3;7;0;2;3;26;1;
44728;202000029277;154 690 793;A01;1;1;0;2;1;1;5;
44729;202000029277;154 690 794;B01;2;7;0;2;0;15;1;
44730;202000029278;154 690 791;B01;1;7;0;2;5;1;1;
44731;202000029278;154 690 792;A01;1;7;0;2;3;12;1;
44732;202000029279;154 690 789;B01;1;2;0;2;1;1;1;
44733;202000029279;154 690 790;A01;1;7;0;2;2;1;1;
44734;202000029280;154 690 788;A01;3;10;0;1;2;1;1;
44735;202000029281;154 690 786;B01;1;7;0;2;2;1;1;
44736;202000029281;154 690 787;A01;1;7;0;2;3;17;1;
44737;202000029282;154 690 784;A01;1;10;0;2;2;20;1;
44738;202000029282;154 690 785;B01;1;2;0;2;1;1;1;
44739;202000029283;154 690 782;A01;1;30;0;2;1;15;1;
44740;202000029283;154 690 783;B01;1;30;0;2;1;1;1;
44741;202000029284;154 690 780;A01;2;7;0;2;1;2;1;
44742;202000029284;154 690 781;B01;2;7;0;2;4;1;1;
44743;202000029285;154 690 778;B01;1;2;0;2;1;1;1;
44744;202000029285;154 690 779;A01;1;37;0;2;3;16;1;1.0
44745;202000029286;154 690 776;A01;3;7;0;2;2;16;1;
44746;202000029286;154 690 777;B01;3;50;0;2;4;1;3;
44747;202000029287;154 690 774;A01;1;7;1;0;3;22;1;
44748;202000029287;154 690 775;B01;1;1;1;0;3;1;5;
44749;202000029288;154 690 773;A01;2;31;14;0;8;16;1;
44750;202000029289;154 690 772;Z01;1;7;0;1;1;15;0;
44751;202000029290;154 690 770;B01;2;7;0;2;0;22;1;
44752;202000029290;154 690 771;A01;2;33;0;2;8;7;1;
44753;202000029291;154 690 769;A01;2;43;0;1;2;1;1;
44754;202000029292;154 690 768;A01;1;7;1;0;1;20;1;
44755;202000029293;154 690 767;A01;2;10;8;0;1;14;1;
44756;202000029294;154 690 765;A01;1;30;0;2;8;1;1;
44757;202000029294;154 690 766;Z01;1;7;0;2;2;14;1;
44758;202000029295;154 690 763;A01;2;7;0;2;3;1;1;
44759;202000029295;154 690 764;B01;3;1;0;2;1;19;1;
44760;202000029296;154 690 761;B01;3;33;0;2;4;3;1;
44761;202000029296;154 690 762;A01;3;33;0;2;1;3;1;
44762;202000029298;154 690 757;B01;1;7;0;2;4;1;1;
44763;202000029298;154 690 758;A01;1;7;0;2;1;2;1;
44764;202000029299;154 690 754;C01;2;7;0;2;3;1;1;
44765;202000029299;154 690 755;B01;1;7;1;0;6;23;1;
44766;202000029299;154 690 756;A01;1;32;1;0;1;1;1;
44767;202000029300;154 690 752;B01;0;7;0;2;1;5;1;
44768;202000029300;154 690 753;A01;0;7;0;2;1;13;1;
44769;202000029301;154 690 751;A01;2;7;0;1;1;15;3;
44770;202000029302;154 690 749;A01;1;7;0;2;5;1;1;
44771;202000029302;154 690 750;B01;1;1;0;2;3;1;5;
44772;202000029303;154 690 748;A01;1;32;12;0;1;9;1;
44773;202000029304;154 690 746;A01;2;7;0;2;8;9;1;
44774;202000029304;154 690 747;B01;2;32;0;2;1;1;1;
44775;202000029305;154 690 744;A01;1;30;0;2;1;15;1;
44776;202000029305;154 690 745;B01;1;7;0;2;3;2;0;
44777;202000029306;154 690 742;A01;1;7;0;2;1;18;1;
44778;202000029306;154 690 743;B01;1;2;0;2;4;15;0;
44779;202000029307;154 690 740;A01;3;7;0;2;5;15;1;
44780;202000029307;154 690 741;B01;3;10;0;2;1;1;1;
44781;202000029308;154 690 739;A01;1;10;15;0;1;26;1;
44782;202000029309;154 690 737;B01;1;1;0;2;1;1;5;
44783;202000029309;154 690 738;A01;1;7;0;2;8;24;1;
44784;202000029310;154 690 735;A01;1;3;0;2;3;15;1;
44785;202000029310;154 690 736;B01;1;2;0;2;3;1;3;
44786;202000029311;154 690 733;B01;2;2;0;0;1;1;1;
44787;202000029311;154 690 734;A01;1;7;0;2;3;17;1;
44788;202000029312;154 690 732;A01;2;7;0;1;3;15;1;
44789;202000029313;154 690 729;A01;0;10;0;2;6;4;1;
44790;202000029313;154 690 730;B01;0;31;0;2;1;2;1;
44791;202000029314;154 690 728;A01;3;7;0;1;2;1;0;
44792;202000029316;154 690 725;B01;3;10;0;2;2;16;1;
44793;202000029316;154 690 726;A01;3;2;6;2;3;18;1;
44794;202000029318;154 690 722;A01;3;7;0;2;3;13;1;
44795;202000029318;154 690 723;B01;3;33;0;2;1;1;4;
44796;202000029320;154 690 720;A01;2;7;2;0;8;0;1;
44797;202000029321;154 690 719;A01;2;3;13;0;7;1;3;
44798;202000029322;154 690 717;B01;1;2;0;2;8;2;1;
44799;202000029322;154 690 718;A01;1;10;0;2;5;2;1;
44800;202000029323;154 690 716;A01;3;7;6;0;2;1;1;
44801;202000029324;154 690 714;B01;3;33;0;2;8;13;1;
44802;202000029324;154 690 715;A01;3;7;0;0;8;1;6;
44803;202000029326;154 690 711;A01;2;7;0;2;1;0;0;
44804;202000029326;154 690 712;B01;1;7;0;2;1;0;0;
44805;202000029327;154 690 710;A01;2;10;13;0;1;0;1;