;Num_Acc;id_vehicule;num_veh;senc;catv;obs;obsm;choc;manv;motor;occutc
44806;202000029328;154 690 709;A01;2;7;0;1;3;1;1;
44807;202000029329;154 690 707;B01;1;7;0;2;1;1;1;
44808;202000029329;154 690 708;A01;2;2;0;2;1;13;1;
44809;202000029330;154 690 705;B01;2;33;0;2;1;1;1;
44810;202000029330;154 690 706;A01;2;7;0;2;3;1;1;
44811;202000029331;154 690 704;A01;2;7;8;0;7;1;1;
44812;202000029332;154 690 703;A01;1;33;12;0;3;26;1;
44813;202000029333;154 690 701;A01;2;7;0;2;1;2;1;
44814;202000029333;154 690 702;B01;2;7;0;2;4;2;1;
44815;202000029334;154 690 700;A01;1;7;3;0;7;2;1;
44816;202000029335;154 690 697;C01;2;7;0;2;4;2;1;
44817;202000029335;154 690 698;B01;2;7;0;2;1;2;1;
44818;202000029335;154 690 699;A01;2;7;0;2;1;2;1;
44819;202000029336;154 690 695;B01;2;7;4;2;2;23;1;
44820;202000029336;154 690 696;A01;2;33;0;2;8;3;1;
44821;202000029337;154 690 692;C01;1;7;0;2;4;2;1;
44822;202000029337;154 690 693;B01;1;7;0;2;4;2;1;
44823;202000029337;154 690 694;A01;1;7;0;2;1;2;1;
44824;202000029338;154 690 691;A01;1;7;4;2;1;13;1;
44825;202000029339;154 690 688;C01;1;7;0;2;5;1;1;
44826;202000029339;154 690 689;B01;1;7;0;2;4;2;1;
44827;202000029339;154 690 690;A01;1;7;0;2;1;2;1;
44828;202000029340;154 690 686;A01;2;32;0;2;1;12;1;
44829;202000029340;154 690 687;B01;2;7;0;2;6;1;1;
44830;202000029342;154 690 683;A01;3;7;0;1;4;4;1;
44831;202000029343;154 690 681;B01;1;32;0;2;3;1;1;
44832;202000029343;154 690 682;A01;1;7;0;2;5;16;1;
44833;202000029344;154 690 680;A01;1;33;1;0;2;0;1;
44834;202000029345;154 690 679;A01;1;33;0;0;8;0;1;
44835;202000029346;154 690 677;B01;3;7;0;2;3;0;0;
44836;202000029346;154 690 678;A01;2;7;0;2;1;1;0;
44837;202000029347;154 690 676;A01;-1;31;14;2;0;6;1;
44838;202000029348;154 690 674;A01;3;7;0;2;3;1;1;
44839;202000029348;154 690 675;B01;0;7;0;2;6;1;1;
44840;202000029349;154 690 672;B01;2;7;0;2;1;15;1;
44841;202000029349;154 690 673;A01;2;7;0;2;1;1;1;
44842;202000029350;154 690 671;A01;0;10;0;1;3;5;1;
44843;202000029351;154 690 670;A01;1;7;0;0;0;14;1;
44844;202000029352;154 690 669;A01;1;7;15;0;1;1;1;
44845;202000029353;154 690 668;A01;1;7;1;0;1;1;1;
44846;202000029354;154 690 666;B01;1;7;0;2;2;15;1;
44847;202000029354;154 690 667;A01;1;32;0;1;1;13;1;
44848;202000029355;154 690 662;D01;1;7;0;2;4;2;1;
44849;202000029355;154 690 663;C01;2;7;0;2;3;1;1;
44850;202000029355;154 690 664;B01;1;7;0;2;6;1;1;
44851;202000029355;154 690 665;A01;1;7;0;2;3;14;1;
44852;202000029356;154 690 660;A01;1;3;0;2;2;15;1;
44853;202000029356;154 690 661;B01;1;31;0;2;1;2;1;
44854;202000029357;154 690 658;A01;3;7;0;0;0;9;1;
44855;202000029357;154 690 659;B01;3;1;0;2;0;21;5;
44856;202000029358;154 690 656;A01;2;7;0;2;1;2;1;
44857;202000029358;154 690 657;B01;2;7;0;2;4;1;1;
44858;202000029360;154 690 653;A01;1;7;0;1;3;26;1;
44859;202000029361;154 690 652;A01;0;7;15;0;1;9;1;
44860;202000029362;154 690 651;A01;0;0;0;1;0;26;0;
44861;202000029363;154 690 649;B01;1;1;0;2;1;17;5;
44862;202000029363;154 690 650;A01;1;7;0;2;3;15;1;
44863;202000029364;154 690 648;A01;3;7;1;0;2;15;1;
44864;202000029365;154 690 646;B01;3;10;0;2;7;16;0;
44865;202000029365;154 690 647;A01;3;30;0;2;1;1;0;
44866;202000029366;154 690 644;B01;2;7;0;2;4;1;0;
44867;202000029366;154 690 645;A01;2;7;0;2;1;1;0;
44868;202000029367;154 690 643;A01;2;7;4;0;6;1;1;
44869;202000029368;154 690 641;B01;2;7;0;2;4;2;1;
44870;202000029368;154 690 642;A01;2;10;0;2;1;2;1;
44871;202000029369;154 690 638;A01;1;7;0;2;1;2;1;
44872;202000029369;154 690 639;B01;1;7;0;2;1;2;0;
44873;202000029369;154 690 640;C01;2;10;0;0;6;2;0;
44874;202000029370;154 690 636;A01;3;31;0;2;3;1;1;
44875;202000029370;154 690 637;B01;1;7;0;2;5;1;1;
44876;202000029371;154 690 634;A01;1;7;0;2;1;16;1;
44877;202000029371;154 690 635;B01;1;7;0;2;1;1;1;
44878;202000029372;154 690 632;B01;2;33;0;2;1;1;1;
44879;202000029372;154 690 633;A01;1;38;0;2;1;15;1;1.0
44880;202000029373;154 690 630;B01;1;33;0;2;1;1;1;
44881;202000029373;154 690 631;A01;2;7;0;2;7;15;1;
44882;202000029374;154 690 628;A01;1;7;0;2;2;1;1;
44883;202000029374;154 690 629;B01;1;7;0;2;4;1;1;
44884;202000029375;154 690 626;A01;1;7;1;0;7;14;1;
44885;202000029376;154 690 624;A01;1;1;0;2;4;1;5;
44886;202000029376;154 690 625;Z01;1;14;0;2;0;0;0;
44887;202000029377;154 690 622;A01;1;7;15;0;1;0;1;
44888;202000029377;154 690 623;B01;3;7;0;0;0;0;1;
44889;202000029378;154 690 620;A01;0;34;0;2;1;9;3;
44890;202000029378;154 690 621;B01;1;30;0;2;8;1;1;
44891;202000029379;154 690 619;A01;2;7;15;0;1;1;1;
44892;202000029380;154 690 618;A01;0;7;0;2;0;1;1;
44893;202000029382;154 690 616;A01;2;32;9;0;2;0;1;
44894;202000029383;154 690 614;B01;1;7;0;2;6;1;1;
44895;202000029383;154 690 615;A01;2;30;0;2;1;5;1;
44896;202000029384;154 690 613;A01;2;33;4;0;8;13;1;
44897;202000029385;154 690 612;A01;3;1;0;1;1;1;5;
44898;202000029386;154 690 610;B01;2;33;0;2;5;23;1;
44899;202000029386;154 690 611;A01;2;7;0;2;3;15;1;
44900;202000029387;154 690 608;B01;1;33;0;2;4;23;1;
44901;202000029387;154 690 609;A01;1;7;0;2;1;2;1;
44902;202000029388;154 690 607;A01;1;7;0;1;2;16;1;
44903;202000029389;154 690 605;B01;2;33;0;2;3;1;1;
44904;202000029389;154 690 606;A01;1;7;0;2;2;15;1;
44905;202000029390;154 690 603;A01;2;7;0;2;3;13;1;
44906;202000029390;154 690 604;B01;2;33;1;2;1;17;1;
44907;202000029391;154 690 602;Z01;1;30;0;1;0;26;0;
44908;202000029392;154 690 600;A01;1;30;0;2;3;16;1;
44909;202000029392;154 690 601;B01;1;7;0;2;3;2;1;
44910;202000029393;154 690 597;A01;1;10;0;2;1;26;1;
44911;202000029393;154 690 598;B01;1;2;0;0;4;23;1;
44912;202000029393;154 690 599;C01;1;37;0;0;3;23;0;1.0
44913;202000029394;154 690 596;A01;1;34;0;1;3;21;1;
44914;202000029396;154 690 592;A01;2;7;0;2;3;15;1;
44915;202000029396;154 690 593;B01;2;32;0;2;2;1;1;
44916;202000029397;154 690 590;A01;1;3;0;2;2;2;1;
44917;202000029397;154 690 591;B01;1;33;0;2;4;2;1;
44918;202000029398;154 690 588;A01;3;32;0;2;1;2;1;
44919;202000029398;154 690 589;B01;3;7;0;2;4;23;1;
44920;202000029399;154 690 587;A01;2;7;1;0;1;1;1;
44921;202000029400;154 690 586;A01;3;7;0;1;3;15;1;
44922;202000029401;154 690 584;B01;2;7;0;2;3;0;1;
44923;202000029401;154 690 585;A01;1;7;0;2;3;0;1;
44924;202000029402;154 690 582;A01;3;7;0;1;1;1;1;
44925;202000029403;154 690 581;A01;2;7;0;0;1;1;1;
44926;202000029404;154 690 579;A01;1;7;13;0;3;0;1;
44927;202000029405;154 690 577;B01;2;7;1;0;1;1;1;
44928;202000029405;154 690 578;A01;2;20;0;2;6;24;1;
44929;202000029406;154 690 575;A01;2;10;0;2;1;13;1;
44930;202000029406;154 690 576;B01;1;10;0;2;3;1;1;
44931;202000029407;154 690 573;B01;2;7;0;0;6;1;1;
44932;202000029407;154 690 574;A01;3;7;0;0;1;1;1;
44933;202000029408;154 690 572;A01;1;33;13;0;1;1;1;
44934;202000029409;154 690 571;A01;2;17;13;0;1;1;1;
44935;202000029410;154 690 569;B01;3;7;0;0;8;15;1;
44936;202000029410;154 690 570;A01;2;7;0;2;2;9;1;
44937;202000029411;154 690 568;A01;3;7;13;0;3;1;1;
44938;202000029412;154 690 566;A01;3;33;15;2;7;2;1;
44939;202000029412;154 690 567;B01;3;7;0;0;4;23;1;
44940;202000029413;154 690 564;B01;3;7;0;2;2;15;1;
44941;202000029413;154 690 565;A01;3;2;0;2;2;1;1;
44942;202000029414;154 690 563;A01;2;7;2;0;9;13;1;
44943;202000029415;154 690 562;A01;1;33;0;6;1;2;1;
44944;202000029417;154 690 559;A01;1;7;0;1;1;1;1;
44945;202000029418;154 690 558;A01;1;7;0;1;3;1;1;
44946;202000029419;154 690 556;A01;1;7;0;2;1;19;1;
44947;202000029419;154 690 557;B01;2;2;0;2;7;1;1;
44948;202000029421;154 690 551;B01;1;7;0;0;6;2;1;
44949;202000029421;154 690 552;A01;1;2;15;2;1;2;1;
44950;202000029422;154 690 550;A01;1;7;6;1;4;23;1;
44951;202000029423;154 690 548;B01;0;10;0;2;1;13;1;
44952;202000029423;154 690 549;A01;0;7;0;2;1;21;1;
44953;202000029424;154 690 547;A01;2;7;6;9;7;0;1;
44954;202000029425;154 690 545;B01;1;7;0;2;8;6;1;
44955;202000029425;154 690 546;A01;1;33;0;2;1;1;1;
44956;202000029426;154 690 544;A01;2;33;0;0;1;1;1;
44957;202000029428;154 690 540;A01;1;7;0;2;1;1;1;
44958;202000029428;154 690 541;B01;2;7;0;2;1;1;1;
44959;202000029429;154 690 539;A01;2;14;0;1;1;1;1;
44960;202000029430;154 690 537;B01;1;7;0;2;3;1;1;
44961;202000029430;154 690 538;A01;2;7;0;2;3;5;1;
44962;202000029431;154 690 533;C01;1;7;0;2;4;2;1;
44963;202000029431;154 690 534;B01;1;7;0;2;4;2;1;
44964;202000029431;154 690 535;A01;1;10;0;2;1;2;1;
44965;202000029431;154 690 536;D01;1;7;0;2;4;2;1;
44966;202000029432;154 690 531;A01;1;31;0;2;7;3;1;
44967;202000029432;154 690 532;B01;1;7;0;2;8;11;1;
44968;202000029433;154 690 529;A01;1;33;0;2;1;12;1;
44969;202000029433;154 690 530;B01;3;15;0;2;4;23;0;
44970;202000029434;154 690 528;A01;1;1;0;1;1;1;5;
44971;202000029435;154 690 527;A01;1;30;0;1;1;1;1;
44972;202000029436;154 690 526;A01;1;7;0;1;2;1;1;
44973;202000029437;154 690 525;A01;2;32;0;1;1;1;1;
44974;202000029439;154 690 522;A01;2;7;0;1;2;16;1;
44975;202000029440;154 690 520;B01;2;10;0;2;4;23;1;
44976;202000029440;154 690 521;A01;2;80;0;2;1;2;3;
44977;202000029441;154 690 518;Z01;1;7;0;2;0;14;0;
44978;202000029441;154 690 519;A01;1;30;1;2;6;18;1;
44979;202000029443;154 690 515;A01;1;7;8;0;1;1;1;
44980;202000029444;154 690 514;A01;1;10;0;1;2;1;1;
44981;202000029445;154 690 512;B01;1;32;0;2;2;1;1;
44982;202000029445;154 690 513;A01;1;7;0;2;3;15;1;
44983;202000029446;154 690 510;A01;1;7;0;2;1;2;1;
44984;202000029446;154 690 511;B01;1;7;0;2;4;1;1;
44985;202000029447;154 690 508;A01;1;7;0;2;2;16;1;
44986;202000029447;154 690 509;B01;1;1;0;2;1;19;0;
44987;202000029448;154 690 507;A01;1;7;0;1;1;26;1;
44988;202000029450;154 690 504;B01;2;32;0;2;1;1;1;
44989;202000029450;154 690 505;A01;2;7;0;2;4;12;1;
44990;202000029451;154 690 501;B01;-1;7;0;2;1;1;0;
44991;202000029451;154 690 503;A01;-1;7;0;2;2;9;0;
44992;202000029452;154 690 500;A01;2;32;0;2;8;1;1;
44993;202000029452;154 690 502;B01;2;7;0;2;0;0;1;
44994;202000029453;154 690 498;A01;2;7;0;2;2;15;1;
44995;202000029453;154 690 499;B01;2;1;0;2;8;16;5;
44996;202000029454;154 690 496;B01;2;16;0;2;2;1;1;
44997;202000029454;154 690 497;A01;2;7;0;2;3;11;1;
44998;202000029455;154 690 493;A01;2;7;0;2;8;11;1;
44999;202000029455;154 690 494;B01;2;33;0;2;0;3;1;
45000;202000029456;154 690 492;A01;1;32;0;2;1;19;1;
45001;202000029456;154 690 495;B01;0;7;0;0;8;19;1;
45002;202000029457;154 690 490;A01;2;7;0;2;2;2;1;
45003;202000029457;154 690 491;B01;2;2;0;2;6;23;1;
45004;202000029459;154 690 487;B01;1;7;0;2;3;0;1;
45005;202000029459;154 690 489;A01;2;7;0;2;1;0;1;
45006;202000029460;154 690 485;A01;2;10;0;2;0;0;1;
45007;202000029460;154 690 486;B01;2;7;0;2;4;1;1;
45008;202000029462;154 690 480;B01;3;7;0;2;1;15;1;
45009;202000029462;154 690 481;A01;1;33;0;2;1;3;1;
45010;202000029463;154 690 475;D01;3;7;0;2;7;23;1;
45011;202000029463;154 690 477;C01;3;7;0;2;1;3;1;
45012;202000029463;154 690 478;B01;3;7;0;2;5;23;1;
45013;202000029463;154 690 479;A01;3;7;0;2;4;23;1;
45014;202000029464;154 690 474;A01;1;7;0;2;7;15;1;
45015;202000029464;154 690 476;B01;1;2;0;2;1;1;0;
45016;202000029465;154 690 473;A01;1;2;0;0;1;1;1;
45017;202000029466;154 690 471;A01;1;7;0;1;1;15;1;
45018;202000029467;154 690 470;B01;3;33;0;2;5;1;1;
45019;202000029467;154 690 472;A01;1;7;0;2;3;19;1;
45020;202000029468;154 690 468;A01;2;7;2;0;7;1;1;
45021;202000029469;154 690 467;A01;1;7;0;2;2;1;1;
45022;202000029469;154 690 469;B01;1;7;0;2;3;1;1;
45023;202000029470;154 690 463;A01;1;7;0;2;3;17;1;
45024;202000029470;154 690 464;B01;2;7;0;2;3;1;1;
45025;202000029470;154 690 466;C01;1;7;0;2;6;1;1;
45026;202000029471;154 690 462;B01;1;1;0;2;0;1;5;
45027;202000029471;154 690 465;A01;2;7;0;2;3;15;1;
45028;202000029472;154 690 461;A01;2;7;9;0;0;1;1;
45029;202000029473;154 690 459;B01;0;7;0;2;6;4;1;
45030;202000029473;154 690 460;A01;0;7;0;2;1;2;1;
45031;202000029474;154 690 457;B01;2;17;0;2;3;1;1;
45032;202000029474;154 690 458;A01;2;7;4;2;3;1;1;
45033;202000029475;154 690 455;B01;3;40;0;2;6;1;3;
45034;202000029475;154 690 456;A01;0;7;0;4;1;1;1;
45035;202000029476;154 690 454;A01;2;7;0;1;1;1;0;
45036;202000029477;154 690 451;A01;2;7;4;0;2;1;6;
45037;202000029479;154 690 447;A01;1;13;1;0;4;26;1;
45038;202000029480;154 690 445;A01;1;7;0;1;3;1;1;
45039;202000029481;154 690 446;A01;1;33;0;0;9;0;6;
45040;202000029482;154 690 442;B01;1;7;0;2;4;23;1;
45041;202000029482;154 690 444;A01;1;7;0;2;1;2;1;
45042;202000029483;154 690 441;A01;3;2;0;2;8;26;1;
45043;202000029483;154 690 443;B01;3;7;0;2;7;17;1;
45044;202000029484;154 690 437;B01;1;7;0;2;3;18;1;
45045;202000029484;154 690 439;A01;1;7;0;0;4;19;1;
45046;202000029485;154 690 436;A01;2;33;0;2;2;3;1;
45047;202000029485;154 690 438;B01;2;14;0;2;6;2;1;
45048;202000029485;154 690 440;C01;1;7;0;2;0;26;1;
45049;202000029486;154 690 434;B01;1;7;0;2;1;1;1;
45050;202000029486;154 690 435;A01;1;7;0;2;7;1;1;
45051;202000029487;154 690 432;B01;2;7;0;2;3;15;1;
45052;202000029487;154 690 433;A01;1;33;0;2;1;1;1;
45053;202000029488;154 690 430;B01;2;1;0;2;4;1;5;
45054;202000029488;154 690 431;A01;2;7;0;2;1;2;0;
45055;202000029489;154 690 429;A01;1;33;0;0;0;0;1;
45056;202000029490;154 690 426;A01;0;10;0;2;3;15;1;
45057;202000029490;154 690 428;B01;0;7;0;1;2;1;1;
45058;202000029491;154 690 425;B01;1;7;0;2;3;1;1;
45059;202000029491;154 690 427;A01;2;7;0;2;1;15;1;
45060;202000029492;154 690 424;A01;2;7;0;1;2;1;1;
45061;202000029493;154 690 421;B01;2;2;0;2;1;1;1;
45062;202000029493;154 690 422;A01;1;7;0;2;7;15;1;
45063;202000029494;154 690 423;A01;1;7;0;1;3;1;1;
45064;202000029495;154 690 418;B01;3;2;0;2;1;1;1;
45065;202000029495;154 690 420;A01;3;7;0;2;3;9;1;
45066;202000029496;154 690 417;B01;1;1;0;2;1;1;5;
45067;202000029496;154 690 419;A01;2;7;0;9;2;15;1;
45068;202000029497;154 690 415;B01;1;7;0;2;1;1;1;
45069;202000029497;154 690 416;A01;2;10;0;2;1;13;1;
45070;202000029498;154 690 412;B01;3;33;0;2;1;1;1;
45071;202000029498;154 690 414;A01;3;7;0;2;5;15;1;
45072;202000029499;154 690 410;A01;2;7;0;2;1;19;1;
45073;202000029499;154 690 411;B01;2;7;0;2;3;1;1;
45074;202000029500;154 690 409;A01;2;7;2;0;8;0;1;
45075;202000029501;154 690 406;A01;2;7;0;2;1;5;1;
45076;202000029501;154 690 407;B01;1;13;0;2;1;1;1;
45077;202000029502;154 690 404;A01;3;7;0;2;1;1;1;
45078;202000029502;154 690 405;B01;3;7;0;2;4;1;1;
45079;202000029503;154 690 400;B01;2;1;0;2;6;1;5;
45080;202000029503;154 690 403;A01;3;7;0;0;2;1;1;
45081;202000029504;154 690 399;C01;1;7;0;2;4;1;1;
45082;202000029504;154 690 401;B01;1;7;0;2;1;1;1;
45083;202000029504;154 690 402;A01;1;7;0;2;1;1;1;
45084;202000029505;154 690 396;A01;1;10;0;2;2;9;1;
45085;202000029505;154 690 398;B01;1;50;0;2;8;1;3;
45086;202000029506;154 690 395;B01;1;7;0;2;1;1;0;
45087;202000029506;154 690 397;A01;0;7;0;2;3;16;0;
45088;202000029507;154 690 393;A01;1;2;0;0;0;15;1;
45089;202000029508;154 690 392;B01;2;7;0;9;4;0;1;
45090;202000029508;154 690 394;A01;2;50;1;0;1;1;3;
45091;202000029509;154 690 389;B01;2;50;0;2;0;1;3;
45092;202000029509;154 690 390;A01;1;1;0;2;0;13;5;
45093;202000029510;154 690 387;B01;1;7;0;0;3;1;1;
45094;202000029510;154 690 388;A01;2;7;0;2;2;1;1;
45095;202000029511;154 690 385;A01;2;7;0;2;5;9;1;
45096;202000029511;154 690 386;B01;2;1;0;2;8;1;5;
45097;202000029512;154 690 383;A01;1;31;12;0;3;14;1;
45098;202000029513;154 690 382;B01;2;7;0;2;2;17;1;
45099;202000029513;154 690 384;A01;2;7;0;2;6;1;1;
45100;202000029514;154 690 380;B01;1;2;0;2;7;17;1;
45101;202000029514;154 690 381;A01;1;10;0;2;8;15;1;
45102;202000029515;154 690 378;B01;2;7;0;0;5;1;1;
45103;202000029515;154 690 379;A01;1;2;0;2;1;21;1;
45104;202000029516;154 690 376;A01;1;7;0;2;2;2;1;
45105;202000029516;154 690 377;B01;1;7;0;2;4;2;1;
45106;202000029517;154 690 375;A01;2;33;6;0;7;14;1;
45107;202000029518;154 690 373;A01;3;2;0;2;0;1;1;
45108;202000029518;154 690 374;B01;3;7;0;2;0;1;1;
45109;202000029519;154 690 372;A01;3;99;0;0;9;1;1;
45110;202000029520;154 690 370;A01;1;10;2;0;3;19;1;
45111;202000029521;154 690 369;B01;1;7;0;2;3;15;1;
45112;202000029521;154 690 371;A01;1;30;0;2;1;1;1;
45113;202000029522;154 690 367;A01;1;10;0;2;3;13;0;
45114;202000029522;154 690 368;B01;1;7;0;2;3;1;0;
45115;202000029523;154 690 364;A01;2;7;0;2;1;1;1;
45116;202000029523;154 690 366;B01;1;7;0;2;1;1;1;
45117;202000029524;154 690 358;A01;3;7;0;1;2;1;1;
45118;202000029526;154 690 356;A01;1;41;0;2;4;26;1;
45119;202000029526;154 690 357;B01;1;7;0;2;4;1;1;
45120;202000029527;154 690 355;A01;3;2;0;0;1;1;1;
45121;202000029529;154 690 353;A01;1;7;8;0;1;19;2;
45122;202000029530;154 690 352;A01;3;3;8;0;1;1;1;
45123;202000029531;154 690 349;A01;2;7;0;2;2;2;1;
45124;202000029531;154 690 350;B01;2;60;0;2;4;1;5;
45125;202000029534;154 690 345;B01;1;50;0;2;1;1;3;
45126;202000029534;154 690 347;A01;1;7;0;9;1;1;1;
45127;202000029535;154 690 344;A01;3;7;0;1;2;1;0;
45128;202000029537;154 690 338;Z01;3;7;0;1;1;1;1;
45129;202000029538;154 690 336;C01;2;7;0;2;1;21;1;
45130;202000029538;154 690 337;D01;2;7;0;2;2;21;1;
45131;202000029538;154 690 339;B01;2;7;0;0;4;1;1;
45132;202000029538;154 690 340;A01;2;7;0;2;2;2;1;
45133;202000029538;154 690 341;E01;2;17;0;2;4;26;1;
45134;202000029539;154 690 334;A01;1;34;0;1;1;1;1;
45135;202000029540;154 690 335;A01;1;1;0;0;0;0;5;
45136;202000029541;154 690 332;A01;1;7;0;2;1;1;1;
45137;202000029541;154 690 333;B01;2;1;0;2;0;0;0;
45138;202000029543;154 690 330;A01;2;7;0;1;8;1;1;
45139;202000029544;154 690 329;A01;2;7;8;0;1;1;1;
45140;202000029545;154 690 327;B01;3;33;0;2;1;1;1;
45141;202000029545;154 690 328;A01;3;7;0;2;2;9;1;
45142;202000029546;154 690 326;A01;2;7;0;1;2;1;1;
45143;202000029547;154 690 324;B01;3;7;0;2;1;1;1;
45144;202000029547;154 690 325;A01;3;30;0;2;1;21;1;
45145;202000029548;154 690 323;A01;2;13;0;1;1;26;1;
45146;202000029549;154 690 320;B01;3;34;14;2;1;2;0;
45147;202000029549;154 690 322;A01;3;7;0;0;6;23;0;
45148;202000029550;154 690 317;B01;2;33;0;2;1;21;1;
45149;202000029550;154 690 319;A01;2;7;0;0;3;15;1;
45150;202000029551;154 690 316;B01;3;1;0;2;1;1;0;
45151;202000029551;154 690 318;A01;3;15;0;2;0;11;0;
45152;202000029552;154 690 313;A01;1;7;0;2;3;13;1;
45153;202000029552;154 690 314;B01;1;34;0;2;7;17;1;
45154;202000029553;154 690 311;A01;2;7;0;2;2;1;1;
45155;202000029553;154 690 312;B01;2;1;0;2;4;1;5;
45156;202000029554;154 690 310;A01;2;7;6;0;1;1;1;
45157;202000029555;154 690 309;A01;1;7;0;1;1;15;1;
45158;202000029556;154 690 305;B01;3;7;0;2;1;5;1;
45159;202000029556;154 690 306;A01;3;7;0;2;1;1;1;
45160;202000029557;154 690 304;B01;2;33;0;2;3;13;1;
45161;202000029557;154 690 315;A01;1;33;0;2;3;1;1;
45162;202000029558;154 690 301;A01;3;31;0;0;1;1;1;
45163;202000029559;154 690 298;D01;0;7;0;2;4;20;1;
45164;202000029559;154 690 300;C01;0;7;0;2;2;1;1;
45165;202000029559;154 690 302;B01;0;7;0;2;1;1;1;
45166;202000029559;154 690 303;A01;0;7;0;2;1;1;1;
45167;202000029560;154 690 297;A01;1;2;0;2;1;2;1;
45168;202000029560;154 690 299;B01;1;7;0;0;5;2;1;
45169;202000029561;154 690 296;A01;1;7;2;0;5;15;1;
45170;202000029562;154 690 294;A01;1;7;6;0;1;13;1;
45171;202000029563;154 690 295;A01;1;7;5;0;1;1;0;
45172;202000029564;154 690 292;B01;2;30;0;2;1;19;1;
45173;202000029564;154 690 293;A01;1;7;0;2;8;1;1;
45174;202000029565;154 690 288;A01;2;7;0;2;3;24;1;
45175;202000029565;154 690 289;B01;2;2;1;0;1;17;1;
45176;202000029566;154 690 290;A01;2;7;0;2;1;19;1;
45177;202000029566;154 690 291;B01;1;7;0;2;3;1;1;
45178;202000029567;154 690 287;A01;2;2;0;0;7;2;1;
45179;202000029568;154 690 284;A01;1;7;0;1;1;1;1;
45180;202000029569;154 690 283;A01;1;33;0;0;0;1;1;
45181;202000029570;154 690 281;B01;2;33;0;2;1;1;1;
45182;202000029570;154 690 282;A01;1;7;0;2;1;15;1;
45183;202000029571;154 690 280;A01;3;7;1;1;1;1;1;
45184;202000029572;154 690 278;A01;1;7;5;0;1;1;1;
45185;202000029573;154 690 277;B01;2;33;0;2;2;1;1;
45186;202000029573;154 690 279;A01;3;7;0;2;3;1;1;
45187;202000029574;154 690 276;A01;2;10;4;0;1;1;1;
45188;202000029575;154 690 274;B01;1;7;0;2;8;1;1;
45189;202000029575;154 690 275;A01;1;7;0;2;1;1;1;
45190;202000029576;154 690 273;A01;1;7;15;0;1;26;1;
45191;202000029577;154 690 270;A01;0;7;0;2;2;1;1;
45192;202000029577;154 690 272;B01;3;10;0;2;3;1;1;
45193;202000029579;154 690 267;A01;1;17;0;2;3;13;1;
45194;202000029579;154 690 268;B01;1;7;0;2;7;2;0;
45195;202000029579;154 690 269;C01;1;7;0;2;8;1;1;
45196;202000029580;154 690 266;A01;1;34;13;0;2;13;1;
45197;202000029581;154 690 264;B01;2;7;14;2;2;1;1;
45198;202000029581;154 690 265;A01;2;7;4;2;3;17;1;
45199;202000029582;154 690 262;A01;2;31;0;2;3;3;1;
45200;202000029583;154 690 261;A01;2;7;0;2;3;11;1;
45201;202000029583;154 690 263;B01;1;31;0;2;2;1;1;
45202;202000029584;154 690 260;A01;1;7;3;0;4;9;1;
45203;202000029586;154 690 257;A01;2;7;6;0;0;26;1;
45204;202000029587;154 690 254;B01;2;1;0;2;1;1;5;
45205;202000029587;154 690 256;A01;1;7;0;2;3;15;1;
45206;202000029588;154 690 253;B01;1;31;0;2;6;0;1;
45207;202000029588;154 690 255;A01;1;7;0;2;2;0;1;
45208;202000029589;154 690 251;Z01;2;7;0;1;0;1;0;
45209;202000029590;154 690 250;B01;1;15;0;2;1;1;1;
45210;202000029590;154 690 252;A01;1;7;0;2;8;11;1;
45211;202000029591;154 690 248;B01;1;30;0;2;7;2;1;
45212;202000029591;154 690 249;A01;1;30;0;2;8;18;1;
45213;202000029592;154 690 246;A01;1;7;0;1;3;1;1;
45214;202000029593;154 690 247;A01;1;33;4;0;8;13;1;
45215;202000029594;154 690 244;B01;2;30;0;2;4;2;1;
45216;202000029594;154 690 245;A01;2;7;0;2;1;2;1;
45217;202000029595;154 690 243;A01;2;10;4;0;3;1;1;
45218;202000029596;154 690 239;B01;1;43;0;2;1;5;1;
45219;202000029596;154 690 241;C01;1;7;0;2;8;23;1;
45220;202000029596;154 690 242;A01;1;34;0;2;8;10;1;
45221;202000029597;154 690 238;B01;2;10;0;2;5;2;1;
45222;202000029597;154 690 240;A01;2;7;3;2;1;2;1;
45223;202000029598;154 690 236;B01;2;13;0;2;1;1;1;
45224;202000029598;154 690 237;A01;1;30;0;2;8;18;1;
45225;202000029599;154 690 235;A01;2;32;0;0;9;3;1;
45226;202000029600;154 690 230;A01;2;7;0;2;7;15;1;
45227;202000029600;154 690 231;B01;1;50;0;2;8;1;3;
45228;202000029602;154 690 227;A01;2;33;0;0;9;14;1;
45229;202000029603;154 690 226;A01;2;7;0;2;2;16;1;
45230;202000029603;154 690 228;B01;2;50;0;2;1;1;3;
45231;202000029604;154 690 223;B01;1;33;0;2;1;3;1;
45232;202000029604;154 690 225;A01;1;7;0;2;4;12;1;
45233;202000029606;154 690 219;B01;1;1;0;2;8;1;5;
45234;202000029606;154 690 220;A01;1;7;1;2;1;1;1;
45235;202000029607;154 690 218;B01;1;7;0;2;6;1;1;
45236;202000029607;154 690 221;A01;1;7;0;2;2;12;1;
45237;202000029608;154 690 216;A01;1;32;0;2;1;2;1;
45238;202000029608;154 690 217;B01;1;7;0;2;5;23;1;
45239;202000029609;154 690 215;A01;1;34;0;0;2;1;1;