;Num_Acc;id_vehicule;num_veh;senc;catv;obs;obsm;choc;manv;motor;occutc
45240;202000029610;154 690 212;A01;1;7;0;2;8;22;1;
45241;202000029610;154 690 214;B01;1;30;0;2;1;17;1;
45242;202000029611;154 690 211;A01;3;7;0;1;2;15;1;
45243;202000029612;154 690 210;A01;2;7;0;1;2;16;1;
45244;202000029613;154 690 208;B01;2;7;0;2;8;20;1;
45245;202000029613;154 690 209;A01;2;10;0;2;2;1;1;
45246;202000029614;154 690 206;A01;1;10;0;2;3;10;1;
45247;202000029614;154 690 207;B01;1;31;0;2;2;1;1;
45248;202000029615;154 690 204;A01;2;1;0;1;1;1;5;
45249;202000029616;154 690 203;B01;2;32;0;2;1;17;1;
45250;202000029616;154 690 205;A01;2;20;16;0;0;0;1;
45251;202000029617;154 690 201;A01;2;7;0;2;3;10;1;
45252;202000029617;154 690 202;B01;1;32;0;2;1;1;1;
45253;202000029618;154 690 199;A01;2;7;0;2;5;2;0;
45254;202000029618;154 690 200;B01;2;7;0;2;3;2;0;
45255;202000029619;154 690 196;B01;1;7;0;2;5;22;1;
45256;202000029619;154 690 198;A01;1;32;0;2;1;18;1;
45257;202000029620;154 690 197;A01;1;7;0;1;2;1;1;
45258;202000029621;154 690 194;B01;1;37;0;2;1;7;3;1.0
45259;202000029621;154 690 195;A01;2;1;0;2;7;5;5;
45260;202000029622;154 690 193;A01;1;7;0;0;0;26;1;
45261;202000029623;154 690 191;A01;1;10;6;0;1;14;1;
45262;202000029624;154 690 192;A01;2;50;0;0;0;21;3;
45263;202000029625;154 690 190;A01;2;7;0;1;2;1;0;
45264;202000029626;154 690 188;Z01;1;32;0;2;0;5;1;
45265;202000029626;154 690 189;A01;1;50;0;2;8;1;3;
45266;202000029627;154 690 186;B01;3;99;0;2;7;19;0;
45267;202000029627;154 690 187;A01;3;7;0;2;2;1;0;
45268;202000029629;154 690 182;A01;1;7;0;2;7;20;1;
45269;202000029629;154 690 184;B01;1;33;0;2;1;1;1;
45270;202000029630;154 690 180;A01;2;32;0;0;0;21;1;
45271;202000029631;154 690 181;A01;1;7;0;1;7;1;1;
45272;202000029633;154 690 174;A01;0;1;0;2;1;1;5;
45273;202000029633;154 690 175;B01;0;7;0;2;4;1;1;
45274;202000029635;154 690 173;A01;1;15;0;1;1;15;1;
45275;202000029636;154 690 171;A01;2;7;8;0;1;26;1;
45276;202000029637;154 690 170;A01;1;7;0;2;2;16;1;
45277;202000029637;154 690 172;B01;2;1;0;2;7;1;5;
45278;202000029638;154 690 168;A01;1;1;0;0;0;1;5;
45279;202000029639;154 690 167;A01;1;32;0;2;7;17;1;
45280;202000029639;154 690 169;Z01;1;7;0;2;8;15;0;
45281;202000029640;154 690 165;B01;1;7;0;2;4;1;1;
45282;202000029640;154 690 166;A01;1;7;0;2;1;2;1;
45283;202000029641;154 690 164;A01;1;32;0;0;0;1;1;
45284;202000029642;154 690 162;B01;0;7;0;2;5;26;1;
45285;202000029642;154 690 163;A01;0;7;0;2;0;26;1;
45286;202000029643;154 690 160;A01;0;80;0;0;1;1;3;
45287;202000029644;154 690 159;A01;1;7;1;2;1;15;1;
45288;202000029644;154 690 161;B01;1;31;0;2;0;0;0;
45289;202000029645;154 690 158;A01;1;7;15;0;1;1;1;
45290;202000029646;154 690 156;B01;2;7;0;9;4;1;1;
45291;202000029646;154 690 157;A01;2;31;0;2;1;1;1;
45292;202000029647;154 690 155;A01;1;7;0;1;1;15;1;
45293;202000029648;154 690 153;A01;2;7;0;2;3;0;0;
45294;202000029648;154 690 154;B01;1;7;0;2;2;0;0;
45295;202000029649;154 690 151;B01;2;7;0;2;2;9;1;
45296;202000029649;154 690 152;A01;1;1;0;2;1;25;5;
45297;202000029650;154 690 148;A01;1;7;0;2;6;12;1;
45298;202000029650;154 690 149;B01;1;7;0;2;1;2;1;
45299;202000029650;154 690 150;C01;1;7;0;2;3;2;1;
45300;202000029651;154 690 144;B01;3;7;0;2;7;2;1;
45301;202000029651;154 690 146;A01;3;37;0;2;3;9;1;2.0
45302;202000029652;154 690 145;B01;2;7;0;2;3;1;1;
45303;202000029652;154 690 147;A01;1;30;0;2;1;17;1;
45304;202000029654;154 690 140;B01;3;7;0;2;3;1;1;
45305;202000029654;154 690 141;A01;3;7;0;2;1;15;1;
45306;202000029655;154 690 138;B01;1;10;0;2;3;1;1;
45307;202000029655;154 690 142;A01;2;50;0;2;8;1;3;
45308;202000029656;154 690 137;B01;1;7;0;2;2;1;1;
45309;202000029656;154 690 139;A01;2;7;0;2;1;15;1;
45310;202000029658;154 690 135;A01;2;7;0;1;8;1;1;
45311;202000029659;154 690 131;B01;1;1;0;2;8;0;0;
45312;202000029659;154 690 133;A01;1;7;0;9;2;26;6;
45313;202000029660;154 690 130;A01;1;7;0;2;1;9;1;
45314;202000029660;154 690 132;C01;2;31;0;2;7;13;1;
45315;202000029661;154 690 129;Z01;1;7;11;1;1;26;0;
45316;202000029662;154 690 125;B01;1;7;0;0;5;15;0;
45317;202000029662;154 690 126;A01;1;7;0;2;3;18;6;
45318;202000029663;154 690 124;A01;1;3;15;0;1;1;1;
45319;202000029664;154 690 122;B01;1;7;0;9;6;9;1;
45320;202000029664;154 690 123;A01;1;7;0;2;2;9;1;
45321;202000029665;154 690 120;B01;1;7;0;2;8;11;1;
45322;202000029665;154 690 121;A01;1;32;0;2;2;3;1;
45323;202000029666;154 690 119;A01;0;7;0;1;4;20;1;
45324;202000029667;154 690 118;Z01;2;40;0;1;5;1;0;
45325;202000029668;154 690 116;A01;1;7;0;1;2;0;1;
45326;202000029669;154 690 115;A01;2;34;0;2;1;2;1;
45327;202000029669;154 690 117;B01;2;7;0;2;5;23;1;
45328;202000029670;154 690 113;B01;1;7;0;2;8;0;1;
45329;202000029670;154 690 114;A01;1;7;0;2;1;0;1;
45330;202000029671;154 690 111;B01;1;7;0;2;4;2;1;
45331;202000029671;154 690 112;A01;1;13;4;0;0;0;0;
45332;202000029672;154 690 109;A01;1;7;0;2;8;0;1;
45333;202000029672;154 690 110;B01;1;2;0;2;1;0;1;
45334;202000029673;154 690 107;B01;1;7;0;2;5;20;1;
45335;202000029673;154 690 108;A01;1;30;0;2;2;14;1;
45336;202000029674;154 690 106;A01;1;7;1;0;7;0;1;
45337;202000029675;154 690 105;A01;1;7;0;1;2;1;1;
45338;202000029676;154 690 103;A01;1;7;0;2;1;0;1;
45339;202000029676;154 690 104;B01;1;7;0;2;5;0;1;
45340;202000029679;154 690 094;A01;3;32;-1;-1;-1;1;-1;
45341;202000029679;154 690 095;B01;3;7;-1;-1;-1;1;-1;
45342;202000029680;154 690 093;A01;2;7;6;0;1;13;1;
45343;202000029681;154 690 091;B01;2;1;0;2;1;1;5;
45344;202000029681;154 690 092;A01;1;7;0;2;7;15;1;
45345;202000029682;154 690 100;B01;1;31;0;2;1;1;1;
45346;202000029682;154 690 102;A01;2;7;0;2;6;1;1;
45347;202000029683;154 690 089;A01;2;7;0;2;7;15;1;
45348;202000029683;154 690 090;B01;1;32;0;2;1;1;1;
45349;202000029684;154 690 087;B01;2;33;0;2;1;1;1;
45350;202000029684;154 690 088;A01;1;7;0;2;1;15;1;
45351;202000029685;154 690 085;A01;1;7;2;0;1;14;1;
45352;202000029686;154 690 084;B01;1;7;0;2;4;16;1;
45353;202000029686;154 690 086;A01;1;33;0;2;1;1;1;
45354;202000029687;154 690 083;A01;1;7;2;0;1;13;1;
45355;202000029688;154 690 081;A01;2;7;0;9;1;1;1;
45356;202000029688;154 690 082;B01;2;1;0;0;4;23;5;
45357;202000029689;154 690 079;B01;1;37;0;2;3;1;4;1.0
45358;202000029689;154 690 080;A01;1;1;0;2;1;9;5;
45359;202000029690;154 690 077;A01;2;7;0;1;1;19;1;
45360;202000029692;154 690 074;B01;1;1;0;2;1;1;5;
45361;202000029692;154 690 076;A01;1;7;0;2;3;26;1;
45362;202000029693;154 690 072;B01;1;7;0;2;1;1;1;
45363;202000029693;154 690 073;A01;2;7;0;2;8;6;1;
45364;202000029694;154 690 069;A01;1;7;0;2;3;13;1;
45365;202000029694;154 690 070;B01;2;7;14;0;3;1;1;
45366;202000029694;154 690 071;C01;2;7;14;2;1;2;1;
45367;202000029695;154 690 064;B01;2;7;0;2;8;1;1;
45368;202000029695;154 690 066;A01;1;10;0;2;3;2;1;
45369;202000029696;154 690 062;B01;3;7;0;0;3;1;1;
45370;202000029696;154 690 063;A01;3;33;0;2;8;5;1;
45371;202000029697;154 690 061;A01;3;7;0;0;0;1;1;
45372;202000029698;154 690 059;A01;1;7;0;2;3;1;1;
45373;202000029698;154 690 060;B01;1;7;0;2;3;13;1;
45374;202000029699;154 690 058;A01;3;7;0;1;1;1;1;
45375;202000029700;154 690 057;A01;1;1;15;0;3;1;0;
45376;202000029701;154 690 055;B01;1;2;0;2;1;17;0;
45377;202000029701;154 690 056;A01;1;7;0;2;3;15;0;
45378;202000029702;154 690 054;A01;2;7;2;0;1;2;1;
45379;202000029703;154 690 050;A01;1;7;0;2;1;1;1;
45380;202000029703;154 690 052;B01;2;7;0;2;1;0;1;
45381;202000029704;154 690 051;B01;0;7;0;2;0;0;1;
45382;202000029704;154 690 053;A01;0;7;2;2;8;17;1;
45383;202000029705;154 690 048;B01;1;14;0;2;3;1;1;
45384;202000029705;154 690 049;A01;1;7;0;2;7;16;1;
45385;202000029707;154 690 043;B01;3;7;0;2;1;1;1;
45386;202000029707;154 690 045;A01;3;7;0;2;1;1;1;
45387;202000029710;154 690 038;A01;0;7;0;2;7;1;1;
45388;202000029710;154 690 041;B01;1;7;0;2;1;1;1;
45389;202000029711;154 690 036;B01;2;7;0;2;1;9;1;
45390;202000029711;154 690 037;A01;1;34;0;2;1;17;1;
45391;202000029712;154 690 035;A01;1;7;0;1;1;1;1;
45392;202000029713;154 690 033;B01;1;33;0;2;7;1;1;
45393;202000029713;154 690 034;A01;2;7;0;2;7;5;1;
45394;202000029714;154 690 032;A01;2;7;13;0;2;1;1;
45395;202000029715;154 690 030;A01;2;33;0;2;4;1;1;
45396;202000029715;154 690 031;B01;2;7;0;2;4;1;1;
45397;202000029716;154 690 029;A01;0;7;13;0;0;1;1;
45398;202000029717;154 690 027;A01;1;7;2;0;1;1;1;
45399;202000029718;154 690 026;A01;1;7;0;2;1;9;1;
45400;202000029718;154 690 028;B01;1;1;0;2;2;19;5;
45401;202000029719;154 690 024;A01;2;10;0;2;2;2;1;
45402;202000029719;154 690 025;B01;2;35;0;2;4;1;1;
45403;202000029720;154 690 021;Z01;1;7;0;2;8;11;0;
45404;202000029720;154 690 022;B01;1;7;0;2;2;1;1;
45405;202000029720;154 690 023;A01;1;43;0;2;7;12;1;
45406;202000029721;154 690 019;B01;1;33;0;2;4;11;1;
45407;202000029721;154 690 020;A01;1;10;0;2;2;1;1;
45408;202000029723;154 690 018;A01;1;7;2;0;1;1;1;
45409;202000029724;154 690 016;A01;1;33;0;0;0;1;1;
45410;202000029725;154 690 015;A01;3;7;2;0;3;1;1;
45411;202000029726;154 690 012;A01;2;7;0;2;3;13;0;
45412;202000029726;154 690 013;B01;1;10;0;2;3;1;0;
45413;202000029726;154 690 014;C01;1;7;0;0;3;1;0;
45414;202000029728;154 690 005;A01;1;32;13;0;1;1;1;
45415;202000029729;154 690 003;A01;1;7;0;2;1;2;1;
45416;202000029729;154 690 004;B01;1;7;1;1;4;1;1;
45417;202000029730;154 690 000;B01;1;7;14;2;1;1;3;
45418;202000029730;154 690 002;A01;1;7;1;2;1;1;1;
45419;202000029731;154 689 999;A01;1;33;0;0;7;1;1;
45420;202000029732;154 689 997;A01;2;7;0;2;3;13;1;
45421;202000029732;154 689 998;B01;1;13;0;2;3;0;1;
45422;202000029733;154 690 001;A01;1;1;0;2;7;19;5;
45423;202000029733;154 690 008;B01;1;33;1;2;8;1;1;
45424;202000029735;154 689 995;A01;1;7;0;1;1;1;1;
45425;202000029736;154 689 994;A01;1;7;17;0;3;13;1;
45426;202000029737;154 689 992;A01;2;7;0;2;1;1;1;
45427;202000029737;154 689 993;B01;2;7;0;2;4;23;1;
45428;202000029738;154 689 991;A01;1;7;15;0;0;0;6;
45429;202000029739;154 689 989;B01;1;7;0;2;3;1;1;
45430;202000029739;154 689 990;A01;1;30;0;2;2;17;1;
45431;202000029740;154 689 988;A01;1;7;4;0;1;0;1;
45432;202000029741;154 689 985;C01;2;7;0;2;4;23;1;
45433;202000029741;154 689 986;B01;2;7;0;2;4;23;1;
45434;202000029741;154 689 987;A01;2;7;0;2;1;2;1;
45435;202000029742;154 689 983;Y01;1;1;0;2;3;1;5;
45436;202000029742;154 689 984;A01;2;33;0;2;2;15;1;
45437;202000029744;154 689 979;A01;1;31;0;2;7;23;1;
45438;202000029744;154 689 980;Z01;2;30;0;2;1;25;0;
45439;202000029745;154 689 977;B01;2;7;0;2;3;1;1;
45440;202000029745;154 689 978;A01;1;7;0;2;3;1;1;
45441;202000029747;154 689 973;A01;0;7;0;2;2;1;0;
45442;202000029747;154 689 974;B01;0;7;0;2;3;19;0;
45443;202000029748;154 689 971;A01;2;10;0;2;3;15;1;
45444;202000029748;154 689 972;B01;2;2;0;2;1;1;1;
45445;202000029750;154 689 966;A01;0;7;8;0;1;0;1;
45446;202000029751;154 689 965;B01;2;31;0;2;1;1;1;
45447;202000029751;154 689 967;A01;2;1;0;2;8;15;5;
45448;202000029752;154 689 963;B01;1;7;0;2;3;1;1;
45449;202000029752;154 689 964;A01;2;7;0;2;7;1;1;
45450;202000029754;154 689 960;A01;3;7;0;2;1;1;1;
45451;202000029754;154 689 962;B01;3;7;0;2;1;1;1;
45452;202000029755;154 689 955;Z01;1;7;0;2;1;2;0;
45453;202000029755;154 689 956;B01;1;7;0;2;6;23;2;
45454;202000029755;154 689 958;A01;1;31;0;2;4;23;1;
45455;202000029756;154 689 954;B01;1;1;0;2;3;1;5;
45456;202000029756;154 689 957;A01;1;7;0;2;2;15;1;
45457;202000029757;154 689 953;A01;3;1;0;1;1;1;5;
45458;202000029758;154 689 951;A01;2;10;1;0;1;14;1;
45459;202000029759;154 689 949;A01;1;7;0;0;6;23;1;
45460;202000029759;154 689 950;B01;1;7;0;2;2;1;1;
45461;202000029759;154 689 952;C01;2;7;0;2;3;1;1;
45462;202000029760;154 689 947;A01;1;7;0;1;1;1;1;
45463;202000029761;154 689 948;A01;2;1;0;1;8;7;5;
45464;202000029762;154 689 946;A01;1;7;0;1;3;1;1;
45465;202000029763;154 689 942;A01;2;7;0;2;3;0;1;
45466;202000029763;154 689 943;B01;1;7;0;2;3;0;1;
45467;202000029764;154 689 940;A01;1;7;0;2;1;13;1;
45468;202000029764;154 689 941;B01;2;1;0;2;1;1;5;
45469;202000029765;154 689 944;B01;1;1;0;2;8;19;0;
45470;202000029765;154 689 945;A01;1;7;0;9;6;1;0;
45471;202000029766;154 689 936;B01;0;2;0;0;2;1;0;
45472;202000029766;154 689 939;A01;0;7;0;2;1;1;0;
45473;202000029767;154 689 934;A01;2;7;0;2;1;9;1;
45474;202000029767;154 689 935;B01;2;1;0;0;7;1;5;
45475;202000029768;154 689 932;B01;2;38;0;2;1;1;1;23.0
45476;202000029768;154 689 933;A01;1;7;0;2;8;15;1;
45477;202000029769;154 689 930;A01;3;36;0;0;0;15;1;
45478;202000029770;154 689 929;A01;3;33;0;0;0;1;1;
45479;202000029771;154 689 928;A01;2;7;2;0;1;1;1;
45480;202000029772;154 689 927;A01;1;7;13;0;3;16;1;
45481;202000029773;154 689 926;A01;1;7;13;0;9;26;1;
45482;202000029774;154 689 923;C01;2;10;0;2;1;1;0;
45483;202000029774;154 689 924;B01;2;7;0;2;1;1;1;
45484;202000029774;154 689 925;A01;2;7;0;2;5;9;1;
45485;202000029775;154 689 931;B01;0;7;0;2;1;1;1;
45486;202000029775;154 689 937;C01;1;7;0;2;6;1;1;
45487;202000029775;154 689 938;A01;0;7;0;0;1;13;1;
45488;202000029776;154 689 922;A01;2;7;0;1;1;2;1;
45489;202000029777;154 689 920;A01;1;7;4;0;7;2;1;
45490;202000029778;154 689 919;A01;1;7;4;0;8;2;1;
45491;202000029779;154 689 918;A01;2;7;0;2;2;15;1;
45492;202000029779;154 689 921;Y01;1;80;0;2;1;1;5;
45493;202000029780;154 689 914;C01;1;10;0;2;3;1;1;
45494;202000029780;154 689 915;B01;1;10;0;2;6;1;1;
45495;202000029780;154 689 917;A01;1;10;0;2;2;1;1;
45496;202000029782;154 689 911;B01;1;33;0;2;5;3;1;
45497;202000029782;154 689 912;A01;1;7;0;2;5;12;1;
45498;202000029783;154 689 909;A01;1;7;0;0;3;24;1;
45499;202000029783;154 689 910;B01;1;1;1;0;1;1;5;
45500;202000029784;154 689 907;B01;2;7;0;2;4;2;2;
45501;202000029784;154 689 908;A01;2;33;0;2;1;2;1;
45502;202000029785;154 689 905;B01;-1;33;0;2;2;15;0;
45503;202000029785;154 689 906;A01;-1;7;0;2;3;15;0;
45504;202000029786;154 689 903;A01;2;7;0;2;1;2;1;
45505;202000029786;154 689 904;B01;2;7;0;2;4;2;1;
45506;202000029787;154 689 901;B01;1;7;0;2;6;1;1;
45507;202000029787;154 689 902;A01;1;7;0;2;1;26;1;
45508;202000029788;154 689 899;A01;2;7;0;0;1;2;1;
45509;202000029789;154 689 898;B01;0;33;0;2;3;1;1;
45510;202000029789;154 689 900;A01;0;7;0;2;3;1;1;
45511;202000029790;154 689 896;B01;2;33;0;2;1;2;1;
45512;202000029790;154 689 897;A01;2;7;0;2;4;23;1;
45513;202000029791;154 689 894;B01;1;34;0;2;2;5;1;
45514;202000029791;154 689 895;A01;1;7;0;2;3;15;1;
45515;202000029792;154 689 890;B01;1;10;0;2;4;1;1;
45516;202000029792;154 689 891;D01;1;10;0;2;3;1;1;
45517;202000029792;154 689 892;C01;1;10;0;2;4;1;1;
45518;202000029792;154 689 893;A01;1;99;0;2;1;1;1;
45519;202000029793;154 689 886;C01;1;17;0;2;6;1;1;
45520;202000029793;154 689 887;B01;1;7;0;2;5;1;1;
45521;202000029793;154 689 888;A01;1;43;0;2;1;3;1;
45522;202000029794;154 689 885;A01;1;10;0;2;2;1;1;
45523;202000029794;154 689 889;B01;1;2;0;2;1;1;1;
45524;202000029795;154 689 883;A01;1;7;0;2;8;1;1;
45525;202000029795;154 689 884;B01;1;17;0;2;2;12;1;
45526;202000029796;154 689 882;A01;2;7;8;1;1;14;0;
45527;202000029797;154 689 879;A01;3;31;0;2;1;1;1;
45528;202000029797;154 689 881;B01;3;10;0;2;2;1;1;
45529;202000029798;154 689 878;A01;1;10;0;1;2;15;1;
45530;202000029799;154 689 876;A01;1;1;0;2;7;19;5;
45531;202000029799;154 689 877;B01;1;7;0;2;3;2;1;
45532;202000029800;154 689 874;A01;1;7;0;2;7;15;0;
45533;202000029800;154 689 875;B01;2;33;0;2;1;1;1;
45534;202000029801;154 689 873;A01;1;37;0;1;8;2;1;1.0
45535;202000029802;154 689 871;B01;2;1;0;2;1;2;5;
45536;202000029802;154 689 872;A01;2;7;0;2;4;23;1;
45537;202000029803;154 689 880;A01;1;7;0;1;1;0;0;
45538;202000029804;154 689 870;A01;2;7;0;1;3;16;1;
45539;202000029805;154 689 868;B01;2;10;0;2;4;2;0;
45540;202000029805;154 689 869;A01;2;99;0;2;1;2;0;
45541;202000029806;154 689 866;B01;1;7;0;2;2;16;1;
45542;202000029806;154 689 867;A01;1;1;0;2;1;1;5;
45543;202000029807;154 689 864;A01;2;7;0;2;1;1;1;
45544;202000029807;154 689 865;B01;1;7;0;2;7;1;1;
45545;202000029808;154 689 861;C01;1;7;0;2;4;1;1;
45546;202000029808;154 689 862;A01;1;7;0;2;1;2;1;
45547;202000029808;154 689 863;B01;1;33;0;2;4;2;1;
45548;202000029809;154 689 859;B01;2;7;0;2;2;15;1;
45549;202000029809;154 689 860;A01;1;32;0;2;1;26;1;
45550;202000029810;154 689 858;A01;1;7;1;0;0;1;-1;
45551;202000029811;154 689 856;A01;2;7;0;0;4;2;1;
45552;202000029811;154 689 857;B01;2;33;0;2;1;0;1;
45553;202000029813;154 689 854;A01;3;7;0;1;2;1;1;
45554;202000029814;154 689 852;A01;1;33;0;1;2;1;1;
45555;202000029814;154 689 853;C01;1;14;0;2;1;1;1;
45556;202000029815;154 689 851;A01;2;7;0;1;1;1;1;
45557;202000029816;154 689 850;A01;2;30;0;1;1;1;1;
45558;202000029817;154 689 849;LA01;3;33;8;0;3;26;1;
45559;202000029818;154 689 848;A01;3;7;0;1;3;21;0;
45560;202000029819;154 689 846;A01;1;37;0;2;1;1;1;1.0
45561;202000029819;154 689 847;B01;1;7;0;2;4;23;1;
45562;202000029820;154 689 844;B01;3;33;10;2;5;1;1;
45563;202000029820;154 689 845;A01;3;7;0;2;3;11;1;
45564;202000029821;154 689 843;A01;1;7;0;1;1;26;6;
45565;202000029822;154 689 842;A01;3;10;2;0;3;15;1;
45566;202000029823;154 689 840;A01;3;7;1;2;3;26;1;
45567;202000029823;154 689 841;B01;3;33;0;0;2;1;1;
45568;202000029824;154 689 839;A01;3;10;8;0;1;26;1;
45569;202000029825;154 689 837;A01;1;37;0;2;1;21;1;1.0
45570;202000029825;154 689 838;B01;1;7;0;2;6;2;1;
45571;202000029827;154 689 833;B01;1;7;0;2;2;0;1;
45572;202000029827;154 689 834;A01;3;7;0;2;6;18;1;
45573;202000029829;154 689 828;A01;1;7;0;2;7;9;1;
45574;202000029829;154 689 829;B01;1;33;0;2;1;1;1;
45575;202000029830;154 689 826;B01;1;1;0;2;4;2;5;
45576;202000029830;154 689 827;A01;1;7;0;2;1;21;1;
45577;202000029831;154 689 824;A01;1;7;0;2;1;13;1;
45578;202000029831;154 689 825;B01;2;7;0;2;1;1;1;
45579;202000029832;154 689 823;A01;1;7;6;0;3;1;1;
45580;202000029833;154 689 821;B01;2;7;0;2;3;1;1;
45581;202000029833;154 689 822;A01;1;7;0;2;2;15;1;
45582;202000029834;154 689 817;A01;0;2;9;0;1;26;0;
45583;202000029835;154 689 816;A01;0;7;0;0;7;1;1;
45584;202000029836;154 689 815;A01;1;7;0;1;7;17;1;
45585;202000029837;154 689 813;A01;2;30;0;2;1;0;1;
45586;202000029837;154 689 814;B01;2;10;0;2;0;0;1;
45587;202000029838;154 689 812;A01;2;7;14;0;2;1;1;
45588;202000029839;154 689 809;A01;1;10;0;2;1;2;0;
45589;202000029839;154 689 810;B01;1;7;0;2;9;2;0;
45590;202000029839;154 689 811;C01;1;7;0;2;4;2;0;
45591;202000029840;154 689 807;B01;3;40;0;2;2;1;0;
45592;202000029840;154 689 808;A01;3;7;0;4;1;1;1;
45593;202000029841;154 689 806;Z01;3;7;0;1;0;0;0;
45594;202000029842;154 689 804;A01;1;1;0;2;1;19;5;
45595;202000029842;154 689 805;B01;2;10;0;2;3;1;1;
45596;202000029843;154 689 802;B01;1;40;0;2;1;1;3;
45597;202000029843;154 689 803;A01;1;7;0;4;3;15;2;
45598;202000029844;154 689 801;A01;2;7;4;0;1;9;1;
45599;202000029845;154 689 798;A01;1;7;0;2;1;2;1;
45600;202000029845;154 689 799;B01;1;7;0;2;4;2;1;
45601;202000029845;154 689 800;C01;1;10;0;2;4;2;1;
45602;202000029846;154 689 796;A01;2;30;0;2;3;1;1;
45603;202000029846;154 689 797;B01;2;7;0;2;2;16;1;
45604;202000029848;154 689 792;B01;1;7;0;2;4;2;1;
45605;202000029848;154 689 793;A01;1;7;0;2;1;26;1;
45606;202000029849;154 689 790;B01;2;7;0;2;1;1;1;
45607;202000029849;154 689 791;A01;1;7;0;2;2;16;1;
45608;202000029850;154 689 788;A01;1;99;9;2;1;1;0;
45609;202000029850;154 689 789;B01;2;7;0;2;3;15;1;
45610;202000029851;154 689 787;A01;2;33;0;0;0;26;1;
45611;202000029852;154 689 786;A01;1;7;0;1;1;1;1;
45612;202000029853;154 689 784;B01;1;33;0;2;1;1;0;
45613;202000029853;154 689 785;A01;1;7;0;2;2;15;0;
45614;202000029854;154 689 782;A01;2;31;0;2;1;2;1;
45615;202000029854;154 689 783;B01;2;7;0;2;4;1;1;
45616;202000029856;154 689 779;A01;2;10;0;1;6;4;1;
45617;202000029857;154 689 777;A01;1;7;0;2;3;15;1;
45618;202000029857;154 689 778;B01;1;2;0;2;1;17;1;
45619;202000029858;154 689 775;A01;1;7;0;2;3;9;1;
45620;202000029858;154 689 776;B01;1;1;0;2;1;1;5;
45621;202000029859;154 689 774;A01;3;7;6;0;1;16;1;
45622;202000029860;154 689 772;Z01;3;7;0;2;0;0;1;
45623;202000029860;154 689 773;A01;3;7;0;2;5;1;1;
45624;202000029861;154 689 770;B01;1;33;0;2;2;1;1;
45625;202000029861;154 689 771;A01;1;7;0;2;3;15;1;
45626;202000029863;154 689 766;B01;1;7;0;2;7;12;1;
45627;202000029863;154 689 767;A01;1;31;0;2;8;18;1;
45628;202000029864;154 689 764;A01;2;7;0;2;2;15;1;
45629;202000029864;154 689 765;B01;2;30;0;2;8;1;1;
45630;202000029865;154 689 763;A01;1;7;0;1;2;1;1;
45631;202000029866;154 689 761;B01;2;1;0;2;1;1;0;
45632;202000029866;154 689 762;A01;1;7;0;2;2;15;1;
45633;202000029867;154 689 759;B01;1;15;0;2;7;24;1;
45634;202000029867;154 689 760;A01;1;7;1;0;1;26;1;
45635;202000029868;154 689 757;B01;1;7;0;2;4;1;1;
45636;202000029868;154 689 758;A01;1;31;0;2;1;1;1;
45637;202000029869;154 689 756;A01;0;7;0;1;1;16;1;
45638;202000029870;154 689 754;B01;2;7;0;2;6;1;1;
45639;202000029870;154 689 755;A01;2;33;0;2;6;2;1;
45640;202000029871;154 689 750;B01;0;7;0;2;6;2;0;
45641;202000029871;154 689 751;A01;1;34;0;2;1;2;0;
45642;202000029872;154 689 747;C01;1;13;0;2;4;23;1;
45643;202000029872;154 689 748;B01;1;7;0;2;4;1;1;
45644;202000029872;154 689 749;A01;1;7;0;2;1;2;1;
45645;202000029873;154 689 745;B01;1;43;0;2;1;2;1;
45646;202000029873;154 689 746;Z01;1;7;0;2;8;10;0;
45647;202000029874;154 689 744;A01;0;7;0;1;2;1;1;
45648;202000029875;154 689 742;A01;1;7;0;2;1;1;1;
45649;202000029875;154 689 743;B01;0;7;0;2;5;15;1;
45650;202000029876;154 689 740;B01;2;33;0;2;8;23;1;
45651;202000029876;154 689 741;A01;2;7;0;2;2;2;1;
45652;202000029877;154 689 738;A01;2;33;0;2;1;1;1;
45653;202000029877;154 689 739;B01;2;7;0;2;4;22;1;
45654;202000029878;154 689 737;A01;2;7;0;1;1;1;1;
45655;202000029879;154 689 735;A01;3;7;0;2;0;15;1;
45656;202000029879;154 689 736;B01;3;2;0;2;0;0;1;
45657;202000029880;154 689 734;Z01;1;10;0;1;1;1;1;
45658;202000029881;154 689 733;A01;1;37;0;2;0;2;1;4.0
45659;202000029882;154 689 731;A01;1;7;0;2;1;1;1;
45660;202000029882;154 689 732;B01;1;7;0;2;4;1;1;
45661;202000029883;154 689 729;B01;1;7;0;2;5;12;1;
45662;202000029883;154 689 730;A01;1;33;0;2;3;3;1;
45663;202000029884;154 689 728;A01;1;32;0;1;8;1;1;
45664;202000029885;154 689 727;A01;3;32;12;0;9;13;1;
45665;202000029887;154 689 723;A01;2;30;0;2;1;1;1;
45666;202000029887;154 689 724;Z01;2;10;0;2;0;10;1;
45667;202000029888;154 689 722;A01;2;7;0;1;1;1;2;
45668;202000029889;154 689 720;B01;1;50;0;2;7;17;3;
45669;202000029889;154 689 721;A01;1;1;0;2;8;13;5;
45670;202000029890;154 689 718;B01;2;7;0;2;5;23;2;
45671;202000029890;154 689 719;A01;2;1;0;2;1;15;5;