;Num_Acc;id_vehicule;num_veh;senc;catv;obs;obsm;choc;manv;motor;occutc
45672;202000029891;154 689 715;B01;2;10;0;2;3;20;1;
45673;202000029891;154 689 716;Z01;1;7;0;2;0;9;2;
45674;202000029891;154 689 717;A01;1;33;0;2;0;21;1;
45675;202000029892;154 689 714;A01;1;1;0;1;1;1;5;
45676;202000029893;154 689 712;B01;2;33;0;2;1;1;1;
45677;202000029893;154 689 713;A01;2;7;0;2;0;9;1;
45678;202000029894;154 689 710;A01;3;7;0;2;1;1;1;
45679;202000029894;154 689 711;B01;3;10;0;2;2;1;1;
45680;202000029895;154 689 708;A01;2;14;0;2;0;10;6;
45681;202000029895;154 689 709;B01;2;30;0;2;0;1;1;
45682;202000029896;154 689 707;A01;2;7;0;1;1;1;1;
45683;202000029898;154 689 704;B01;1;10;0;2;8;15;1;
45684;202000029898;154 689 705;A01;1;31;0;2;1;1;1;
45685;202000029899;154 689 703;A01;2;0;0;1;2;1;0;
45686;202000029900;154 689 701;B01;2;7;0;2;3;16;1;
45687;202000029900;154 689 702;A01;2;31;0;2;1;1;1;
45688;202000029901;154 689 700;A01;1;7;0;1;1;16;0;
45689;202000029902;154 689 699;A01;1;7;12;0;2;1;0;
45690;202000029903;154 689 698;A01;2;7;0;1;2;2;2;
45691;202000029904;154 689 696;A01;1;7;0;2;1;15;1;
45692;202000029904;154 689 697;B01;2;33;0;2;8;1;1;
45693;202000029905;154 689 695;A01;3;7;6;0;1;1;0;
45694;202000029906;154 689 693;A01;1;7;0;2;2;1;1;
45695;202000029906;154 689 694;B01;1;7;1;0;6;2;1;
45696;202000029908;154 689 690;B01;2;7;14;2;3;26;0;
45697;202000029908;154 689 691;A01;2;33;0;2;3;26;0;
45698;202000029910;154 689 687;Z01;1;7;0;2;0;12;0;
45699;202000029910;154 689 688;A01;1;32;0;2;8;26;1;
45700;202000029911;154 689 685;A01;1;7;0;2;1;19;1;
45701;202000029911;154 689 686;B01;0;1;0;2;8;1;6;
45702;202000029912;154 689 683;A01;3;7;0;2;5;17;1;
45703;202000029912;154 689 684;B01;3;7;0;2;3;1;1;
45704;202000029913;154 689 681;A01;3;7;12;4;0;9;1;
45705;202000029913;154 689 682;B01;3;40;0;2;7;0;3;
45706;202000029914;154 689 680;A01;1;7;0;1;2;16;1;
45707;202000029915;154 689 679;A01;2;7;8;0;1;12;1;
45708;202000029916;154 689 677;B01;1;32;0;2;2;17;1;
45709;202000029916;154 689 678;A01;2;7;0;2;3;15;1;
45710;202000029917;154 689 675;A01;1;7;0;2;3;17;1;
45711;202000029917;154 689 676;B01;1;7;0;2;6;15;1;
45712;202000029918;154 689 673;A01;1;7;0;2;5;15;0;
45713;202000029918;154 689 674;B01;2;33;0;2;1;18;0;
45714;202000029920;154 689 670;A01;2;7;0;2;1;2;6;
45715;202000029920;154 689 671;B01;2;1;0;2;4;2;5;
45716;202000029922;154 689 667;A01;2;17;1;0;2;1;1;
45717;202000029922;154 689 668;B01;1;10;3;1;6;23;1;
45718;202000029923;154 689 665;A01;2;10;0;2;1;2;1;
45719;202000029923;154 689 666;B01;2;10;3;0;4;2;1;
45720;202000029924;154 689 664;A01;1;7;4;0;9;2;1;
45721;202000029925;154 689 663;A01;2;7;4;0;1;1;2;
45722;202000029926;154 689 661;B01;0;7;0;2;3;16;1;
45723;202000029926;154 689 662;A01;3;7;6;1;3;13;1;
45724;202000029927;154 689 660;A01;1;7;0;1;3;16;0;
45725;202000029928;154 689 659;A01;3;7;6;0;1;1;1;
45726;202000029929;154 689 657;B01;2;7;0;2;1;1;1;
45727;202000029929;154 689 658;A01;1;7;0;2;1;13;1;
45728;202000029930;154 689 656;A01;2;7;2;0;9;0;1;
45729;202000029932;154 689 653;B01;1;17;1;0;8;24;1;
45730;202000029932;154 689 654;A01;1;7;1;0;2;0;1;
45731;202000029933;154 689 652;A01;1;7;6;0;1;1;1;
45732;202000029934;154 689 648;A01;2;7;0;2;1;1;1;
45733;202000029934;154 689 649;D01;2;7;0;0;4;23;1;
45734;202000029934;154 689 650;C01;2;2;0;2;4;23;1;
45735;202000029934;154 689 651;B01;2;30;0;2;4;23;1;
45736;202000029935;154 689 647;A01;1;7;7;0;3;0;0;
45737;202000029936;154 689 645;B01;1;1;0;2;0;1;5;
45738;202000029936;154 689 646;A01;2;7;0;2;2;1;1;
45739;202000029937;154 689 644;A01;2;7;0;0;0;21;1;
45740;202000029938;154 689 642;A01;2;15;0;9;4;24;1;
45741;202000029938;154 689 643;B01;2;1;1;0;1;2;5;
45742;202000029939;154 689 641;A01;2;7;6;0;2;21;1;
45743;202000029940;154 689 639;B01;2;7;0;2;1;1;1;
45744;202000029940;154 689 640;A01;1;7;0;2;2;19;1;
45745;202000029941;154 689 638;A01;2;17;0;1;2;1;1;
45746;202000029942;154 689 634;A01;2;7;0;2;3;15;1;
45747;202000029942;154 689 635;B01;1;7;0;2;1;1;1;
45748;202000029943;154 689 632;A01;2;7;0;2;3;5;1;
45749;202000029943;154 689 633;B01;1;14;0;2;3;1;1;
45750;202000029944;154 689 630;B01;1;7;0;2;4;2;1;
45751;202000029944;154 689 631;A01;1;7;0;2;1;2;1;
45752;202000029946;154 689 627;A01;2;7;4;0;1;0;1;
45753;202000029947;154 689 626;A01;1;2;0;1;1;1;1;
45754;202000029949;154 689 624;A01;1;7;0;1;3;1;1;
45755;202000029950;154 689 622;A01;2;7;16;2;2;0;1;
45756;202000029950;154 689 623;B01;1;10;0;2;8;0;1;
45757;202000029951;154 689 621;A01;2;7;8;0;1;1;1;
45758;202000029952;154 689 619;B01;2;7;0;2;4;2;0;
45759;202000029952;154 689 620;A01;2;7;0;2;1;2;0;
45760;202000029953;154 689 616;A01;0;7;0;2;1;1;6;
45761;202000029953;154 689 617;B01;0;7;0;2;4;1;6;
45762;202000029953;154 689 618;C01;0;7;0;0;4;1;6;
45763;202000029954;154 689 614;A01;2;7;0;2;3;15;1;
45764;202000029954;154 689 615;B01;1;2;0;2;1;2;1;
45765;202000029955;154 689 612;A01;2;7;0;2;1;1;1;
45766;202000029955;154 689 613;B01;2;7;7;2;6;1;1;
45767;202000029956;154 689 610;A01;3;1;0;2;4;14;5;
45768;202000029956;154 689 611;B01;3;7;0;2;2;2;1;
45769;202000029957;154 689 609;A01;2;7;2;0;9;1;1;
45770;202000029958;154 689 607;A01;2;3;0;2;3;13;1;
45771;202000029958;154 689 608;B01;2;7;0;2;3;1;1;
45772;202000029959;154 689 606;A01;2;7;8;0;6;1;1;
45773;202000029960;154 689 604;A01;1;2;0;2;1;17;1;
45774;202000029960;154 689 605;B01;1;7;0;2;3;15;1;
45775;202000029961;154 689 602;B01;2;2;0;2;1;11;0;
45776;202000029961;154 689 603;A01;1;7;0;0;3;1;1;
45777;202000029962;154 689 601;A01;1;7;13;0;1;14;0;
45778;202000029963;154 689 598;A01;2;7;0;2;4;1;1;
45779;202000029963;154 689 599;B01;2;7;0;2;1;2;1;
45780;202000029963;154 689 600;C01;1;7;0;2;1;2;1;
45781;202000029964;154 689 597;A01;2;7;4;0;1;1;1;
45782;202000029965;154 689 596;A01;3;14;6;0;9;1;1;
45783;202000029966;154 689 593;C01;1;7;0;2;4;2;1;
45784;202000029966;154 689 594;B01;1;7;0;2;4;2;1;
45785;202000029966;154 689 595;A01;1;7;0;2;1;1;1;
45786;202000029967;154 689 589;B01;1;10;0;2;4;2;1;
45787;202000029967;154 689 590;D01;1;10;0;2;4;2;1;
45788;202000029967;154 689 591;C01;1;10;0;2;4;2;1;
45789;202000029967;154 689 592;A01;1;10;0;2;1;2;1;
45790;202000029968;154 689 586;C01;1;7;0;2;4;2;1;
45791;202000029968;154 689 587;B01;1;7;0;2;4;2;1;
45792;202000029968;154 689 588;A01;1;10;0;2;1;1;1;
45793;202000029969;154 689 585;A01;1;33;3;0;1;2;1;
45794;202000029971;154 689 581;A01;2;7;4;0;9;2;1;
45795;202000029972;154 689 578;A01;1;7;0;2;1;5;1;
45796;202000029972;154 689 579;B01;1;7;0;2;1;2;1;
45797;202000029972;154 689 580;C01;1;7;0;2;2;2;1;
45798;202000029973;154 689 577;A01;1;7;4;0;9;2;1;
45799;202000029974;154 689 576;A01;1;7;4;0;1;0;1;
45800;202000029975;154 689 574;A01;2;33;0;2;8;11;1;
45801;202000029975;154 689 575;B01;2;7;0;2;8;11;1;
45802;202000029976;154 689 573;A01;1;33;12;0;2;14;1;
45803;202000029977;154 689 572;A01;1;7;0;0;9;26;1;
45804;202000029978;154 689 571;A01;1;7;4;0;9;1;1;
45805;202000029979;154 689 569;A01;2;7;0;2;1;18;1;
45806;202000029979;154 689 570;B01;2;7;0;2;4;26;1;
45807;202000029980;154 689 567;A01;1;7;0;2;7;12;1;
45808;202000029980;154 689 568;B01;1;7;0;2;3;1;1;
45809;202000029981;154 689 565;A01;3;60;0;2;2;19;5;
45810;202000029981;154 689 566;B01;3;7;6;2;2;16;1;
45811;202000029982;154 689 563;B01;2;33;0;2;1;1;1;
45812;202000029982;154 689 564;A01;1;7;0;2;2;15;1;
45813;202000029983;154 689 561;B01;1;7;0;2;3;1;1;
45814;202000029983;154 689 562;A01;1;7;0;2;2;1;1;
45815;202000029984;154 689 559;B01;3;10;0;2;1;1;1;
45816;202000029984;154 689 560;A01;3;7;0;2;1;5;1;
45817;202000029985;154 689 558;A01;3;10;16;1;4;20;1;
45818;202000029986;154 689 557;A01;1;7;0;1;1;26;1;
45819;202000029988;154 689 553;B01;3;1;0;2;2;16;0;
45820;202000029988;154 689 554;A01;3;7;0;9;3;16;0;
45821;202000029989;154 689 552;A01;1;7;0;1;1;1;1;
45822;202000029991;154 689 549;A01;3;7;15;0;4;1;1;
45823;202000029992;154 689 548;A01;1;30;0;0;8;26;1;
45824;202000029993;154 689 546;B01;1;7;0;2;1;1;1;
45825;202000029993;154 689 547;A01;2;7;0;2;2;15;1;
45826;202000029994;154 689 544;B01;1;7;0;2;6;15;1;
45827;202000029994;154 689 545;A01;1;0;0;2;1;17;0;
45828;202000029995;154 689 540;B01;1;7;0;2;6;1;1;
45829;202000029995;154 689 541;A01;3;7;0;2;1;1;1;
45830;202000029996;154 689 538;A01;1;33;0;2;1;26;1;
45831;202000029996;154 689 539;B01;1;7;0;2;6;1;1;
45832;202000029997;154 689 536;A01;0;7;0;2;3;15;1;
45833;202000029997;154 689 537;B01;0;1;0;2;4;15;5;
45834;202000029998;154 689 534;A01;2;33;0;2;1;3;1;
45835;202000029998;154 689 535;B01;2;7;0;2;5;12;1;
45836;202000029999;154 689 532;B01;2;7;0;2;8;1;1;
45837;202000029999;154 689 533;A01;1;31;0;2;1;1;1;
45838;202000030000;154 689 530;A01;2;7;0;2;2;15;1;
45839;202000030000;154 689 531;B01;1;30;0;2;1;1;1;
45840;202000030002;154 689 526;A01;1;10;0;2;2;14;1;
45841;202000030002;154 689 527;B01;2;33;0;2;8;1;1;
45842;202000030003;154 689 525;A01;2;30;0;0;8;1;1;
45843;202000030004;154 689 523;A01;1;7;0;2;1;15;1;
45844;202000030004;154 689 524;B01;2;7;0;2;1;1;1;
45845;202000030005;154 689 521;B01;2;7;0;2;7;12;1;
45846;202000030005;154 689 522;A01;2;7;0;2;1;1;1;
45847;202000030006;154 689 519;B01;2;7;0;2;3;15;1;
45848;202000030006;154 689 520;A01;2;31;0;2;1;1;1;
45849;202000030007;154 689 517;B01;2;31;0;2;1;3;1;
45850;202000030007;154 689 518;A01;2;7;0;2;8;15;1;
45851;202000030008;154 689 516;A01;1;31;0;0;0;9;1;
45852;202000030009;154 689 514;A01;1;2;0;2;1;11;1;
45853;202000030009;154 689 515;B01;1;7;0;2;7;17;1;
45854;202000030010;154 689 513;A01;2;7;0;1;1;1;1;
45855;202000030011;154 689 511;A01;1;7;0;1;1;15;1;
45856;202000030012;154 689 508;C01;2;7;0;2;4;1;1;
45857;202000030012;154 689 509;B01;2;7;0;2;4;1;1;
45858;202000030012;154 689 510;A01;2;7;0;2;1;1;1;
45859;202000030013;154 689 506;A01;2;7;0;2;1;1;1;
45860;202000030013;154 689 507;B01;1;7;0;2;5;15;1;
45861;202000030014;154 689 502;Z01;0;7;0;2;3;15;0;
45862;202000030014;154 689 503;B01;0;7;0;2;3;23;1;
45863;202000030015;154 689 501;A01;3;7;0;1;2;2;1;
45864;202000030016;154 689 499;A01;2;7;0;2;2;2;1;
45865;202000030016;154 689 500;B01;2;7;0;2;6;1;1;
45866;202000030017;154 689 497;B01;1;2;0;2;1;1;1;
45867;202000030017;154 689 498;A01;1;7;0;2;3;15;1;
45868;202000030018;154 689 495;B01;2;7;1;1;6;24;1;
45869;202000030018;154 689 496;A01;2;7;1;0;2;1;1;
45870;202000030019;154 689 493;A01;3;30;0;9;2;1;1;
45871;202000030019;154 689 494;B01;3;7;0;2;3;16;1;
45872;202000030020;154 689 492;A01;2;7;0;1;0;1;1;
45873;202000030021;154 689 490;B01;2;33;0;2;1;1;1;
45874;202000030021;154 689 491;A01;1;7;0;2;2;15;1;
45875;202000030022;154 689 489;A01;1;7;0;1;1;2;1;
45876;202000030023;154 689 487;B01;3;7;0;2;3;9;1;
45877;202000030023;154 689 488;A01;2;30;0;2;5;1;1;
45878;202000030024;154 689 485;A01;1;32;0;2;3;1;1;
45879;202000030024;154 689 486;B01;2;7;0;2;2;15;1;
45880;202000030025;154 689 483;B01;1;7;0;2;3;1;1;
45881;202000030025;154 689 484;A01;1;1;0;2;2;1;5;
45882;202000030026;154 689 481;B01;2;7;0;2;3;1;1;
45883;202000030026;154 689 482;A01;1;7;0;2;3;13;1;
45884;202000030027;154 689 480;A01;1;10;0;1;1;1;1;
45885;202000030028;154 689 478;A01;1;10;0;2;3;9;1;
45886;202000030028;154 689 479;B01;1;30;0;2;1;1;1;
45887;202000030029;154 689 476;A01;2;7;0;2;1;1;1;
45888;202000030029;154 689 477;B01;3;60;0;2;7;19;5;
45889;202000030030;154 689 474;A01;1;15;0;2;2;19;1;
45890;202000030030;154 689 475;B01;2;7;0;2;1;1;1;
45891;202000030031;154 689 472;B01;3;1;0;2;2;19;5;
45892;202000030031;154 689 473;A01;2;7;0;2;1;1;1;
45893;202000030032;154 689 471;A01;3;7;0;1;0;26;1;
45894;202000030033;154 689 470;A01;0;7;0;1;2;26;1;
45895;202000030034;154 689 468;A01;2;15;0;2;1;1;1;
45896;202000030034;154 689 469;B01;2;10;0;2;6;9;1;
45897;202000030035;154 689 466;A01;2;7;0;2;3;13;1;
45898;202000030035;154 689 467;B01;1;37;0;2;3;23;1;1.0
45899;202000030036;154 689 465;A01;2;7;0;1;1;1;1;
45900;202000030037;154 689 463;A01;2;7;0;2;8;22;1;
45901;202000030037;154 689 464;B01;2;1;0;2;1;1;5;
45902;202000030038;154 689 461;B01;1;1;0;2;8;23;5;
45903;202000030038;154 689 462;A01;1;33;0;2;7;17;1;
45904;202000030039;154 689 460;A01;2;7;0;1;2;1;1;
45905;202000030040;154 689 459;A01;1;31;0;1;7;1;1;
45906;202000030041;154 689 458;A01;1;32;0;1;1;1;1;
45907;202000030042;154 689 456;A01;2;31;0;2;6;13;1;
45908;202000030042;154 689 457;B01;2;33;0;2;2;17;1;
45909;202000030043;154 689 453;C01;1;1;0;2;8;25;5;
45910;202000030043;154 689 454;A01;1;7;0;2;1;15;1;
45911;202000030043;154 689 455;B01;2;7;0;2;1;1;1;
45912;202000030044;154 689 451;B01;1;33;0;2;1;1;1;
45913;202000030044;154 689 452;A01;1;7;0;2;6;10;1;
45914;202000030045;154 689 449;B01;2;1;0;2;1;1;5;
45915;202000030045;154 689 450;A01;1;7;0;2;8;22;1;
45916;202000030046;154 689 447;A01;2;50;0;2;1;1;3;
45917;202000030046;154 689 448;Z01;1;7;0;2;4;4;0;
45918;202000030047;154 689 446;A01;1;1;0;1;0;7;5;
45919;202000030048;154 689 445;A01;3;1;12;0;8;1;5;
45920;202000030049;154 689 444;A01;2;30;0;1;8;1;3;
45921;202000030050;154 689 442;A01;1;30;0;2;1;2;3;
45922;202000030050;154 689 443;B01;1;7;0;2;4;23;1;
45923;202000030051;154 689 440;A01;1;32;0;2;1;1;1;
45924;202000030051;154 689 441;B01;2;7;0;2;1;15;1;
45925;202000030052;154 689 439;A01;1;7;0;1;1;16;1;
45926;202000030054;154 689 435;A01;3;7;0;1;2;1;1;
45927;202000030055;154 689 433;A01;2;7;0;2;1;9;1;
45928;202000030055;154 689 434;B01;1;33;0;2;8;1;0;
45929;202000030056;154 689 432;A01;1;7;0;1;2;1;1;
45930;202000030057;154 689 431;B01;0;7;1;1;6;20;1;
45931;202000030058;154 689 429;A01;3;7;0;2;2;15;1;
45932;202000030058;154 689 430;B01;3;7;0;2;1;1;1;
45933;202000030059;154 689 427;B01;0;7;0;2;1;1;1;
45934;202000030059;154 689 428;A01;2;7;0;2;3;16;1;
45935;202000030060;154 689 425;B01;2;2;0;2;1;2;1;
45936;202000030060;154 689 426;A01;2;7;0;2;8;10;1;
45937;202000030061;154 689 423;B01;2;7;0;2;5;1;1;
45938;202000030061;154 689 424;A01;2;7;8;2;2;1;1;
45939;202000030062;154 689 422;A01;3;7;9;0;2;16;1;
45940;202000030063;154 689 420;B01;1;7;0;2;1;9;1;
45941;202000030063;154 689 421;A01;1;31;0;2;1;17;1;
45942;202000030064;154 689 418;B01;2;7;0;2;3;9;1;
45943;202000030064;154 689 419;A01;1;1;0;2;1;1;5;
45944;202000030065;154 689 416;A01;0;7;1;0;1;19;1;
45945;202000030065;154 689 417;B01;0;34;0;2;7;0;1;
45946;202000030066;154 689 414;A01;2;7;0;2;2;1;1;
45947;202000030066;154 689 415;B01;1;7;0;2;3;1;1;
45948;202000030067;154 689 412;A01;3;32;0;2;1;1;1;
45949;202000030067;154 689 413;B01;3;10;0;2;2;15;1;
45950;202000030068;154 689 411;A01;2;10;0;1;3;16;1;
45951;202000030069;154 689 409;A01;3;7;0;9;1;16;1;
45952;202000030069;154 689 410;B01;3;80;0;2;7;1;3;
45953;202000030070;154 689 407;A01;1;10;0;2;3;17;1;
45954;202000030070;154 689 408;B01;2;21;0;2;1;1;1;
45955;202000030072;154 689 403;A01;1;7;3;0;3;21;1;
45956;202000030073;154 689 402;A01;1;17;7;0;2;1;1;
45957;202000030074;154 689 401;A01;2;7;0;1;2;1;1;
45958;202000030076;154 689 398;A01;1;7;0;2;3;19;1;
45959;202000030076;154 689 399;B01;1;33;0;2;1;1;1;
45960;202000030077;154 689 396;B01;2;7;0;2;1;1;1;
45961;202000030077;154 689 397;A01;2;7;9;2;7;15;1;
45962;202000030078;154 689 393;A01;3;7;0;1;3;19;1;
45963;202000030079;154 689 392;A01;2;7;6;0;1;15;1;
45964;202000030080;154 689 390;A01;2;7;0;2;1;2;1;
45965;202000030080;154 689 391;B01;2;7;0;2;4;2;1;
45966;202000030081;154 689 388;A01;1;7;0;2;3;15;1;
45967;202000030081;154 689 389;B01;1;7;6;2;2;17;1;
45968;202000030082;154 689 387;A01;1;7;2;0;7;0;1;
45969;202000030083;154 689 386;A01;2;7;0;1;1;1;1;
45970;202000030084;154 689 383;A01;2;7;0;2;3;1;1;
45971;202000030084;154 689 384;B01;2;2;0;2;8;15;1;
45972;202000030085;154 689 382;A01;1;7;0;1;3;1;1;
45973;202000030086;154 689 380;B01;2;7;0;2;2;1;1;
45974;202000030086;154 689 381;A01;1;7;0;2;3;19;1;
45975;202000030088;154 689 372;F01;1;10;0;0;0;0;1;
45976;202000030088;154 689 373;E01;1;10;0;0;4;0;1;
45977;202000030088;154 689 374;D01;1;7;0;0;4;0;1;
45978;202000030088;154 689 375;C01;1;7;0;0;7;11;1;
45979;202000030088;154 689 376;B01;1;10;0;0;4;13;1;
45980;202000030088;154 689 377;A01;1;7;0;0;1;2;1;
45981;202000030089;154 689 370;B01;2;7;0;0;1;1;1;
45982;202000030089;154 689 371;A01;2;7;0;0;4;9;1;
45983;202000030090;154 689 369;A01;1;7;0;1;1;1;1;
45984;202000030091;154 689 367;B01;3;33;0;2;8;1;1;
45985;202000030091;154 689 368;A01;3;10;0;2;1;19;1;
45986;202000030092;154 689 365;B01;1;1;0;2;3;26;6;
45987;202000030092;154 689 366;A01;1;10;0;2;3;1;1;
45988;202000030093;154 689 363;B01;3;2;1;2;1;18;1;
45989;202000030093;154 689 364;A01;3;7;0;2;3;23;1;
45990;202000030094;154 689 361;B01;1;7;0;0;4;1;1;
45991;202000030094;154 689 362;A01;1;7;0;2;1;2;1;
45992;202000030095;154 689 359;A01;3;7;7;2;7;19;1;
45993;202000030095;154 689 360;B01;1;7;0;2;1;1;1;
45994;202000030096;154 689 358;A01;1;7;13;0;1;1;1;
45995;202000030098;154 689 355;A01;3;7;8;0;1;2;1;
45996;202000030099;154 689 353;B01;2;7;0;0;7;21;0;
45997;202000030099;154 689 354;A01;1;7;0;2;1;1;0;
45998;202000030100;154 689 350;A01;2;7;4;2;4;2;1;
45999;202000030100;154 689 351;B01;2;7;4;2;4;2;1;
46000;202000030100;154 689 352;C01;2;7;4;2;1;2;1;
46001;202000030101;154 689 348;A01;2;14;0;2;0;12;1;
46002;202000030101;154 689 349;B01;2;10;0;2;8;1;0;
46003;202000030102;154 689 342;B01;2;7;0;2;6;1;1;
46004;202000030102;154 689 343;A01;2;7;0;2;1;11;1;
46005;202000030102;154 689 344;F01;2;7;0;2;5;1;1;
46006;202000030102;154 689 345;D01;2;7;0;2;6;1;1;
46007;202000030102;154 689 346;E01;2;7;0;2;6;1;1;
46008;202000030102;154 689 347;C01;2;7;4;2;4;1;1;
46009;202000030103;154 689 340;B01;1;33;0;2;1;21;1;
46010;202000030103;154 689 341;A01;1;7;0;2;8;15;1;
46011;202000030104;154 689 338;B01;2;7;0;9;1;2;1;
46012;202000030104;154 689 339;A01;2;7;0;0;9;2;1;
46013;202000030105;154 689 336;A01;1;7;0;2;1;11;1;
46014;202000030105;154 689 337;B01;1;15;0;2;0;1;1;
46015;202000030106;154 689 334;A01;1;15;0;2;1;2;1;
46016;202000030106;154 689 335;B01;1;7;0;2;4;2;1;
46017;202000030107;154 689 333;A01;2;7;0;0;2;14;1;
46018;202000030108;154 689 331;B01;2;7;0;2;5;12;1;
46019;202000030108;154 689 332;A01;2;33;0;2;1;3;1;
46020;202000030109;154 689 329;A01;2;33;0;2;1;3;1;
46021;202000030109;154 689 330;B01;2;7;0;2;6;1;1;
46022;202000030110;154 689 327;A01;2;7;0;2;2;2;1;
46023;202000030110;154 689 328;B01;2;7;0;2;6;2;1;
46024;202000030111;154 689 325;B01;2;7;0;2;5;1;1;
46025;202000030111;154 689 326;A01;2;33;0;2;3;1;1;
46026;202000030112;154 689 323;A01;1;7;1;0;1;12;1;
46027;202000030112;154 689 324;B01;1;7;0;2;4;23;1;
46028;202000030113;154 689 321;A01;1;7;0;2;1;1;1;
46029;202000030113;154 689 322;B01;1;7;0;2;4;9;1;
46030;202000030114;154 689 318;A01;2;7;0;2;1;2;1;
46031;202000030114;154 689 319;B01;2;7;0;2;4;2;1;
46032;202000030114;154 689 320;C01;2;7;0;2;4;2;1;
46033;202000030115;154 689 317;A01;2;7;4;0;1;1;1;
46034;202000030116;154 689 315;A01;2;7;0;2;4;23;1;
46035;202000030116;154 689 316;B01;2;7;1;0;1;1;1;
46036;202000030117;154 689 314;A01;2;7;4;0;1;13;1;
46037;202000030118;154 689 312;A01;2;7;0;2;7;12;1;
46038;202000030118;154 689 313;B01;2;33;0;2;8;1;1;
46039;202000030119;154 689 310;A01;3;31;0;0;7;2;1;
46040;202000030119;154 689 311;B01;3;7;0;2;8;2;1;
46041;202000030120;154 689 309;A01;1;7;4;0;1;1;1;
46042;202000030121;154 689 308;A01;1;33;6;0;8;1;1;
46043;202000030122;154 689 305;A01;1;7;0;2;2;3;1;
46044;202000030122;154 689 306;B01;1;2;0;2;6;23;1;
46045;202000030124;154 689 301;A01;1;10;0;2;3;15;1;
46046;202000030124;154 689 302;B01;1;10;0;2;3;1;1;
46047;202000030126;154 689 297;A01;1;30;0;2;1;1;0;
46048;202000030126;154 689 298;B01;1;30;0;2;4;1;0;
46049;202000030128;154 689 293;B01;2;7;0;2;1;15;1;
46050;202000030128;154 689 294;A01;1;30;0;2;1;1;0;
46051;202000030130;154 689 290;A01;3;7;0;2;2;15;1;
46052;202000030130;154 689 291;B01;3;2;0;2;1;2;1;
46053;202000030131;154 689 289;A01;1;7;12;0;1;1;1;
46054;202000030132;154 689 288;A01;2;7;1;1;2;1;1;
46055;202000030133;154 689 286;A01;1;32;0;2;8;2;1;
46056;202000030133;154 689 287;B01;0;7;0;2;7;0;0;
46057;202000030134;154 689 284;B01;1;99;0;0;4;26;1;
46058;202000030134;154 689 285;A01;3;37;0;0;1;26;1;1.0
46059;202000030135;154 689 282;A01;3;7;0;9;2;9;2;
46060;202000030135;154 689 283;B01;3;1;0;2;4;1;5;
46061;202000030136;154 689 280;C01;3;7;0;2;1;1;1;
46062;202000030136;154 689 281;B01;3;7;0;2;4;1;1;
46063;202000030137;154 689 278;B01;2;1;0;2;1;1;5;
46064;202000030137;154 689 279;A01;1;7;0;2;2;15;1;
46065;202000030138;154 689 276;A01;1;7;0;2;1;2;1;
46066;202000030138;154 689 277;B01;1;1;0;2;4;2;5;
46067;202000030139;154 689 275;A01;1;7;0;1;1;1;1;
46068;202000030140;154 689 273;A01;2;30;0;2;1;1;0;
46069;202000030140;154 689 274;B01;2;7;0;2;4;16;0;
46070;202000030141;154 689 270;A01;2;14;0;1;3;16;1;
46071;202000030142;154 689 269;A01;1;7;0;1;1;9;1;
46072;202000030143;154 689 267;B01;1;33;14;0;4;2;1;
46073;202000030143;154 689 268;A01;1;10;0;2;1;2;1;
46074;202000030144;154 689 265;B01;2;7;0;2;7;19;2;
46075;202000030144;154 689 266;A01;1;37;0;0;3;1;1;1.0
46076;202000030145;154 689 264;A01;1;7;0;1;0;16;0;
46077;202000030146;154 689 262;B01;1;32;0;2;1;1;1;
46078;202000030146;154 689 263;A01;2;7;0;2;8;15;1;
46079;202000030148;154 689 259;A01;0;7;0;2;8;16;1;
46080;202000030148;154 689 260;B01;0;31;0;0;0;0;1;
46081;202000030149;154 689 257;A01;0;7;0;2;6;19;0;
46082;202000030149;154 689 258;B01;0;2;0;2;1;1;1;
46083;202000030150;154 689 255;A01;2;7;0;2;3;15;1;
46084;202000030150;154 689 256;B01;1;32;0;2;7;21;1;
46085;202000030151;154 689 254;A01;1;7;0;1;1;1;1;
46086;202000030153;154 689 251;A01;1;7;0;1;1;15;1;
46087;202000030154;154 689 250;A01;2;30;1;0;2;14;1;
46088;202000030155;154 689 249;A01;1;7;0;9;1;1;1;
46089;202000030156;154 689 246;A01;1;7;0;1;2;1;6;
46090;202000030157;154 689 244;A01;2;7;0;2;5;10;1;
46091;202000030157;154 689 245;B01;2;7;0;2;2;1;1;
46092;202000030158;154 689 243;A01;0;10;0;1;1;1;1;
46093;202000030159;154 689 240;C01;1;10;0;2;4;0;1;
46094;202000030159;154 689 241;B01;1;7;0;2;4;0;1;
46095;202000030159;154 689 242;A01;1;7;0;2;1;1;1;
46096;202000030160;154 689 238;A01;1;7;0;2;4;1;1;
46097;202000030160;154 689 239;B01;1;7;0;2;1;1;1;
46098;202000030161;154 689 237;A01;1;30;0;0;0;15;0;
46099;202000030162;154 689 236;A01;0;7;0;1;2;1;1;
46100;202000030164;154 689 232;A01;0;7;2;0;9;14;1;
46101;202000030166;154 689 230;A01;1;7;0;1;1;15;1;
46102;202000030168;154 689 227;A01;1;7;0;1;1;1;1;
46103;202000030169;154 689 226;A01;-1;7;1;0;9;16;1;
46104;202000030170;154 689 225;A01;0;7;9;0;1;1;1;