;Num_Acc;id_vehicule;num_veh;senc;catv;obs;obsm;choc;manv;motor;occutc
46105;202000030171;154 689 223;B01;2;32;0;2;1;1;1;
46106;202000030171;154 689 224;A01;1;7;0;2;5;15;1;
46107;202000030172;154 689 221;B01;0;7;0;2;0;1;1;
46108;202000030172;154 689 222;A01;0;34;0;2;0;1;1;
46109;202000030175;154 689 215;B01;1;34;0;2;1;1;1;
46110;202000030175;154 689 216;A01;2;7;0;2;3;15;1;
46111;202000030176;154 689 211;A01;1;7;0;2;8;9;1;
46112;202000030176;154 689 212;B01;2;7;0;2;1;1;1;
46113;202000030177;154 689 208;A01;2;7;0;2;2;10;1;
46114;202000030177;154 689 209;B01;1;7;0;2;4;1;1;
46115;202000030177;154 689 210;C01;2;7;0;2;8;1;1;
46116;202000030178;154 689 206;A01;3;1;0;2;0;19;5;
46117;202000030178;154 689 207;B01;1;30;0;2;3;1;1;
46118;202000030179;154 689 204;A01;2;7;0;2;2;20;1;
46119;202000030179;154 689 205;B01;2;2;0;2;1;18;1;
46120;202000030180;154 689 202;A01;1;10;0;2;1;2;1;
46121;202000030180;154 689 203;B01;1;7;0;2;4;23;1;
46122;202000030181;154 689 201;A01;1;7;0;1;1;1;1;
46123;202000030182;154 689 200;A01;1;7;0;1;2;1;1;
46124;202000030183;154 689 199;A01;2;7;0;1;2;1;1;
46125;202000030185;154 689 194;A01;2;33;0;1;1;1;1;
46126;202000030186;154 689 192;A01;0;7;0;2;8;15;0;
46127;202000030186;154 689 193;B01;0;2;0;2;1;17;0;
46128;202000030187;154 689 191;A01;1;10;0;1;3;1;1;
46129;202000030188;154 689 190;A01;1;7;0;0;1;26;1;
46130;202000030189;154 689 188;B01;3;7;0;2;5;1;1;
46131;202000030189;154 689 189;A01;3;7;0;2;1;9;1;
46132;202000030190;154 689 187;A01;2;33;0;0;1;26;1;
46133;202000030191;154 689 185;A01;1;33;0;2;7;2;1;
46134;202000030191;154 689 186;B01;1;7;0;2;1;15;1;
46135;202000030192;154 689 182;C01;1;7;0;2;0;11;1;
46136;202000030192;154 689 183;B01;2;33;0;2;1;1;1;
46137;202000030192;154 689 184;A01;1;7;0;2;1;21;1;
46138;202000030193;154 689 180;A01;1;32;0;2;1;17;1;
46139;202000030193;154 689 181;B01;1;7;0;2;6;22;1;
46140;202000030194;154 689 178;A01;2;7;0;9;1;1;1;
46141;202000030194;154 689 179;B01;2;80;0;2;7;19;3;
46142;202000030195;154 689 176;A01;1;33;0;2;4;15;1;
46143;202000030195;154 689 177;Z01;2;7;0;2;1;1;1;
46144;202000030196;154 689 174;A01;2;7;0;2;7;1;1;
46145;202000030196;154 689 175;B01;2;1;0;2;1;19;5;
46146;202000030197;154 689 173;A01;3;32;0;0;2;16;1;
46147;202000030198;154 689 171;A01;2;7;0;2;1;2;1;
46148;202000030198;154 689 172;B01;2;7;0;2;4;2;0;
46149;202000030199;154 689 169;B01;2;7;0;2;6;1;1;
46150;202000030199;154 689 170;A01;2;33;0;2;1;21;1;
46151;202000030201;154 689 165;A01;1;33;0;2;3;3;1;
46152;202000030201;154 689 166;B01;1;33;0;2;5;3;1;
46153;202000030202;154 689 162;B01;1;7;0;2;4;1;1;
46154;202000030202;154 689 163;C01;1;7;0;2;4;1;1;
46155;202000030202;154 689 164;A01;1;10;0;2;1;12;1;
46156;202000030203;154 689 160;B01;2;7;0;2;1;1;1;
46157;202000030203;154 689 161;A01;2;10;0;2;3;1;1;
46158;202000030204;154 689 159;A01;1;10;0;1;1;1;1;
46159;202000030205;154 689 158;A01;2;10;0;1;4;4;1;
46160;202000030206;154 689 156;B01;1;7;0;2;2;14;1;
46161;202000030206;154 689 157;A01;1;30;0;2;3;1;1;
46162;202000030207;154 689 155;A01;1;1;0;0;1;1;5;
46163;202000030208;154 689 153;B01;1;30;0;2;2;1;3;
46164;202000030208;154 689 154;A01;1;7;0;2;3;10;1;
46165;202000030210;154 689 149;B01;1;10;0;2;7;20;1;
46166;202000030210;154 689 150;A01;1;50;0;2;1;1;3;
46167;202000030211;154 689 147;B01;1;34;0;2;4;23;1;
46168;202000030211;154 689 148;A01;1;43;0;2;1;1;1;
46169;202000030212;154 689 145;A01;2;7;0;2;1;5;1;
46170;202000030212;154 689 146;B01;1;1;0;2;1;5;5;
46171;202000030213;154 689 143;A01;2;50;0;2;4;19;3;
46172;202000030213;154 689 144;B01;2;32;0;2;1;15;1;
46173;202000030214;154 689 141;A01;2;7;0;2;1;7;2;
46174;202000030214;154 689 142;B01;2;1;0;2;1;19;5;
46175;202000030215;154 689 140;A01;1;33;0;1;1;1;1;
46176;202000030216;154 689 138;Z01;2;7;0;2;1;1;1;
46177;202000030216;154 689 139;A01;1;7;0;2;8;1;1;
46178;202000030217;154 689 136;A01;1;50;0;2;1;1;3;
46179;202000030217;154 689 137;B01;1;1;0;2;5;15;5;
46180;202000030218;154 689 134;B01;1;7;0;2;3;1;1;
46181;202000030218;154 689 135;A01;1;60;0;2;1;19;5;
46182;202000030219;154 689 132;B01;2;1;0;2;7;1;5;
46183;202000030219;154 689 133;A01;2;50;0;2;1;13;3;
46184;202000030220;154 689 130;A01;1;30;0;2;2;17;1;
46185;202000030220;154 689 131;B01;1;1;0;2;2;17;5;
46186;202000030221;154 689 128;B01;2;37;0;2;8;15;2;2.0
46187;202000030221;154 689 129;A01;2;43;0;2;2;1;1;
46188;202000030222;154 689 127;A01;3;32;12;0;3;13;1;
46189;202000030223;154 689 125;A01;1;7;0;2;8;15;1;
46190;202000030223;154 689 126;B01;1;33;0;2;7;15;1;
46191;202000030224;154 689 124;A01;1;30;1;0;1;14;1;
46192;202000030225;154 689 122;B01;2;7;0;2;1;1;1;
46193;202000030225;154 689 123;A01;2;31;0;2;7;5;1;
46194;202000030226;154 689 120;A01;1;39;0;2;1;1;0;
46195;202000030226;154 689 121;B01;2;10;0;4;7;16;0;
46196;202000030227;154 689 118;A01;1;7;14;0;1;19;0;
46197;202000030227;154 689 119;B01;1;99;15;0;2;2;0;
46198;202000030228;154 689 117;A01;1;3;0;1;2;14;1;
46199;202000030229;154 689 116;Z01;2;7;0;1;1;0;0;
46200;202000030230;154 689 114;B01;1;2;0;2;1;18;1;
46201;202000030230;154 689 115;A01;1;10;0;2;2;10;1;
46202;202000030231;154 689 112;A01;-1;7;0;0;1;9;1;
46203;202000030231;154 689 113;B01;-1;33;0;0;4;9;1;
46204;202000030232;154 689 110;A01;0;32;14;0;1;9;0;
46205;202000030232;154 689 111;B01;0;7;14;2;6;1;0;
46206;202000030233;154 689 108;B01;0;7;0;2;4;2;0;
46207;202000030233;154 689 109;A01;0;7;0;2;1;2;0;
46208;202000030234;154 689 107;A01;1;7;0;1;2;1;1;
46209;202000030235;154 689 105;A01;2;33;0;0;2;15;1;
46210;202000030235;154 689 106;B01;2;7;0;0;3;15;2;
46211;202000030236;154 689 104;A01;-1;7;6;0;1;26;1;
46212;202000030237;154 689 102;A01;3;1;0;2;3;9;5;
46213;202000030237;154 689 103;B01;1;32;0;2;1;1;1;
46214;202000030238;154 689 100;B01;1;7;0;2;1;1;1;
46215;202000030238;154 689 101;A01;1;7;0;2;5;1;1;
46216;202000030239;154 689 098;A01;2;37;0;2;8;1;1;1.0
46217;202000030239;154 689 099;B01;1;50;0;2;1;13;3;
46218;202000030240;154 689 095;A01;1;7;0;2;1;2;1;
46219;202000030240;154 689 096;B01;1;7;0;2;4;2;1;
46220;202000030240;154 689 097;C01;1;7;0;2;4;1;1;
46221;202000030245;154 689 088;A01;3;33;12;0;1;16;1;
46222;202000030246;154 689 087;A01;1;7;0;1;2;26;1;
46223;202000030247;154 689 085;A01;1;7;0;2;3;13;1;
46224;202000030247;154 689 086;B01;2;7;0;2;8;1;1;
46225;202000030248;154 689 084;A01;2;7;0;1;3;15;1;
46226;202000030249;154 689 083;A01;1;7;0;2;2;14;1;
46227;202000030250;154 689 082;A01;2;7;9;1;1;21;1;
46228;202000030251;154 689 081;A01;1;7;13;0;2;1;1;
46229;202000030252;154 689 079;A01;1;7;0;2;2;2;1;
46230;202000030252;154 689 080;B01;1;14;0;0;6;2;1;
46231;202000030253;154 689 078;A01;2;7;0;0;0;1;1;
46232;202000030254;154 689 077;A01;2;7;3;0;1;0;1;
46233;202000030255;154 689 076;A01;1;7;15;0;3;1;1;
46234;202000030256;154 689 074;A01;1;2;0;2;1;2;1;
46235;202000030256;154 689 075;B01;1;7;0;0;6;2;1;
46236;202000030257;154 689 073;A01;0;7;2;0;1;1;1;
46237;202000030258;154 689 072;A01;3;2;0;0;1;1;1;
46238;202000030259;154 689 071;A01;1;34;13;0;1;1;1;
46239;202000030261;154 689 067;A01;3;31;8;2;1;1;0;
46240;202000030261;154 689 068;B01;3;99;0;2;2;1;0;
46241;202000030262;154 689 066;A01;2;21;3;0;1;1;1;
46242;202000030263;154 689 064;A01;3;7;0;0;6;15;2;
46243;202000030263;154 689 065;B01;2;2;0;2;2;1;1;
46244;202000030264;154 689 063;A01;1;33;15;0;1;1;1;
46245;202000030265;154 689 062;A01;2;34;0;0;7;1;1;
46246;202000030266;154 689 060;B01;2;33;0;2;6;1;1;
46247;202000030266;154 689 061;A01;1;7;0;2;3;1;1;
46248;202000030267;154 689 058;A01;3;2;0;2;1;1;1;
46249;202000030267;154 689 059;B01;3;7;0;2;3;1;1;
46250;202000030268;154 689 054;A01;3;7;0;2;1;16;1;
46251;202000030268;154 689 055;B01;1;7;0;2;3;1;1;
46252;202000030269;154 689 053;A01;1;33;0;0;0;1;1;
46253;202000030271;154 689 050;B01;1;7;0;2;3;1;1;
46254;202000030271;154 689 051;A01;2;32;0;2;3;13;1;
46255;202000030272;154 689 048;B01;3;7;0;2;2;19;1;
46256;202000030272;154 689 049;A01;2;7;0;2;2;1;1;
46257;202000030273;154 689 046;B01;0;33;0;0;5;26;1;
46258;202000030273;154 689 047;A01;0;10;0;2;3;26;1;
46259;202000030274;154 689 044;B01;0;7;0;2;3;15;1;
46260;202000030274;154 689 045;A01;0;33;0;2;1;1;1;
46261;202000030275;154 689 043;A01;3;7;0;0;8;16;1;
46262;202000030276;154 689 042;A01;3;33;13;0;7;21;1;
46263;202000030278;154 689 039;A01;1;7;0;9;0;1;1;
46264;202000030279;154 689 037;B01;1;7;0;2;3;1;1;
46265;202000030279;154 689 038;A01;2;7;0;2;1;13;1;
46266;202000030280;154 689 036;A01;2;7;2;0;1;2;1;
46267;202000030281;154 689 034;B01;2;1;0;2;1;1;5;
46268;202000030281;154 689 035;A01;2;7;0;9;2;12;1;
46269;202000030282;154 689 032;B01;2;2;0;2;1;15;0;
46270;202000030282;154 689 033;A01;1;7;0;2;1;9;0;
46271;202000030283;154 689 031;A01;2;7;6;0;9;17;1;
46272;202000030284;154 689 028;A01;1;2;0;2;1;13;0;
46273;202000030284;154 689 029;B01;2;2;0;2;1;0;0;
46274;202000030284;154 689 030;C01;2;7;0;2;1;1;0;
46275;202000030285;154 689 027;A01;3;1;15;0;1;26;6;
46276;202000030286;154 689 026;A01;2;7;2;0;5;17;1;
46277;202000030287;154 689 025;A01;2;15;0;0;7;14;1;
46278;202000030288;154 689 024;A01;1;2;0;1;1;19;0;
46279;202000030289;154 689 023;A01;2;7;6;0;1;1;1;
46280;202000030290;154 689 021;A01;1;7;0;0;0;0;0;
46281;202000030290;154 689 022;B01;1;1;0;0;3;0;5;
46282;202000030291;154 689 018;C01;2;10;0;2;1;1;1;
46283;202000030291;154 689 019;A01;2;7;0;0;6;1;1;
46284;202000030291;154 689 020;B01;2;10;0;0;4;1;1;
46285;202000030292;154 689 017;A01;3;1;5;0;1;1;5;
46286;202000030293;154 689 013;B01;2;33;0;2;4;1;1;
46287;202000030293;154 689 014;A01;2;33;0;2;1;2;1;
46288;202000030294;154 689 012;A01;2;33;0;0;0;15;1;
46289;202000030295;154 689 010;A01;2;1;0;2;8;1;5;
46290;202000030295;154 689 011;B01;1;2;0;2;1;1;1;
46291;202000030296;154 689 009;A01;2;33;16;2;1;2;1;
46292;202000030297;154 689 007;A01;1;7;0;9;2;17;1;
46293;202000030297;154 689 008;B01;1;1;0;0;8;1;5;
46294;202000030298;154 689 004;C01;2;7;0;2;6;1;1;
46295;202000030298;154 689 005;B01;1;15;0;2;3;1;1;
46296;202000030298;154 689 006;A01;2;2;0;2;1;13;1;
46297;202000030300;154 689 001;A01;3;7;13;0;0;0;1;
46298;202000030302;154 688 997;B01;2;10;0;2;7;15;1;
46299;202000030302;154 688 998;A01;1;33;0;2;1;1;1;
46300;202000030303;154 688 995;B01;1;7;0;2;8;1;1;
46301;202000030303;154 688 996;A01;1;2;0;2;1;13;1;
46302;202000030304;154 688 993;B01;1;7;0;0;6;23;1;
46303;202000030304;154 688 994;A01;1;2;0;2;2;9;1;
46304;202000030305;154 688 991;A01;3;7;0;2;1;1;1;
46305;202000030305;154 688 992;B01;3;33;6;0;4;1;1;
46306;202000030306;154 688 990;A01;3;7;6;0;3;1;1;
46307;202000030307;154 688 987;C01;1;7;14;0;2;2;1;
46308;202000030307;154 688 988;B01;1;7;14;0;1;2;1;
46309;202000030307;154 688 989;A01;1;7;3;0;1;23;1;
46310;202000030308;154 688 986;A01;2;7;5;0;1;14;1;
46311;202000030309;154 688 982;C01;2;7;0;2;4;2;1;
46312;202000030309;154 688 983;D01;2;7;0;2;4;2;1;
46313;202000030309;154 688 984;B01;2;7;0;2;4;2;1;
46314;202000030309;154 688 985;A01;2;7;0;2;1;2;1;
46315;202000030310;154 688 980;B01;1;7;0;2;9;0;1;
46316;202000030310;154 688 981;A01;2;7;0;2;2;26;1;
46317;202000030311;154 688 975;B01;2;7;0;2;1;1;1;
46318;202000030311;154 688 976;A01;2;7;0;2;1;1;1;
46319;202000030311;154 688 977;E01;2;7;0;2;4;1;1;
46320;202000030311;154 688 978;D01;2;7;0;2;4;0;1;
46321;202000030311;154 688 979;C01;2;7;0;2;4;1;1;
46322;202000030312;154 688 973;B01;1;10;0;2;6;2;1;
46323;202000030312;154 688 974;A01;1;33;0;2;1;1;1;
46324;202000030313;154 688 970;C01;1;7;0;2;5;26;1;
46325;202000030313;154 688 971;B01;1;10;0;2;4;2;1;
46326;202000030313;154 688 972;A01;1;7;0;2;1;2;1;
46327;202000030314;154 688 968;B01;1;7;0;2;6;2;1;
46328;202000030314;154 688 969;A01;1;17;0;2;1;2;1;
46329;202000030315;154 688 967;A01;1;7;3;0;3;13;1;
46330;202000030316;154 688 964;A01;2;10;0;1;3;1;1;
46331;202000030317;154 688 963;A01;1;30;0;0;0;26;1;
46332;202000030318;154 688 961;B01;1;33;0;9;8;1;1;
46333;202000030318;154 688 962;A01;1;21;0;9;8;21;1;
46334;202000030319;154 688 959;B01;1;7;0;2;1;1;1;
46335;202000030319;154 688 960;A01;2;33;0;2;1;1;1;
46336;202000030320;154 688 957;A01;3;7;0;2;1;1;1;
46337;202000030320;154 688 958;B01;3;2;0;2;3;0;1;
46338;202000030321;154 688 955;A01;2;7;0;2;3;15;1;
46339;202000030321;154 688 956;B01;2;30;0;2;1;17;1;
46340;202000030322;154 688 953;B01;1;7;0;2;8;1;1;
46341;202000030322;154 688 954;A01;1;7;0;2;2;1;1;
46342;202000030324;154 688 950;B01;2;2;0;2;1;1;1;
46343;202000030324;154 688 951;A01;1;7;0;2;1;1;1;
46344;202000030325;154 688 948;A01;1;7;0;2;1;1;1;
46345;202000030325;154 688 949;B01;2;7;0;2;2;1;1;
46346;202000030326;154 688 946;B01;1;7;0;2;1;1;1;
46347;202000030326;154 688 947;A01;1;7;0;2;5;15;1;
46348;202000030327;154 688 944;B01;2;7;0;2;3;26;0;
46349;202000030327;154 688 945;A01;1;99;0;2;3;26;0;
46350;202000030328;154 688 942;B01;3;7;0;2;3;1;1;
46351;202000030328;154 688 943;A01;3;7;0;2;2;19;1;
46352;202000030329;154 688 940;B01;1;7;0;2;1;9;1;
46353;202000030329;154 688 941;A01;1;1;0;2;6;15;5;
46354;202000030330;154 688 939;A01;3;7;0;1;2;1;1;
46355;202000030331;154 688 938;A01;1;7;0;1;2;25;0;
46356;202000030332;154 688 936;B01;1;7;0;2;7;15;0;
46357;202000030332;154 688 937;A01;3;7;0;2;1;19;0;
46358;202000030333;154 688 934;B01;1;7;0;2;1;13;1;
46359;202000030333;154 688 935;A01;2;7;0;2;1;1;1;
46360;202000030334;154 688 933;A01;1;40;0;1;1;26;3;
46361;202000030335;154 688 931;B01;3;34;0;2;0;0;0;
46362;202000030335;154 688 932;A01;3;7;0;2;0;0;0;
46363;202000030336;154 688 930;A01;1;7;1;0;9;1;1;
46364;202000030337;154 688 928;B01;3;1;0;2;5;1;5;
46365;202000030337;154 688 929;A01;3;7;0;2;3;9;1;
46366;202000030338;154 688 926;A01;1;7;0;2;8;15;0;
46367;202000030338;154 688 927;B01;1;7;0;2;0;1;1;
46368;202000030339;154 688 925;A01;0;7;6;0;1;0;1;
46369;202000030340;154 688 923;B01;0;7;0;2;1;1;1;
46370;202000030340;154 688 924;A01;0;7;5;2;1;1;1;
46371;202000030341;154 688 922;A01;1;50;0;1;1;25;3;
46372;202000030342;154 688 921;A01;2;7;0;1;3;1;0;
46373;202000030343;154 688 920;A01;2;7;15;0;1;14;1;
46374;202000030344;154 688 919;A01;2;7;2;0;2;14;1;
46375;202000030346;154 688 915;A01;3;1;15;2;1;1;5;
46376;202000030346;154 688 916;B01;3;1;15;2;1;1;5;
46377;202000030347;154 688 914;A01;2;7;0;1;2;16;1;
46378;202000030348;154 688 912;B01;1;34;0;2;1;1;1;
46379;202000030348;154 688 913;Z01;1;7;0;2;4;12;0;
46380;202000030349;154 688 910;B01;1;33;0;2;0;12;1;
46381;202000030349;154 688 911;A01;1;7;0;2;1;1;1;
46382;202000030350;154 688 909;A01;1;7;0;1;3;2;1;
46383;202000030351;154 688 908;A01;2;7;0;0;9;26;1;
46384;202000030352;154 688 907;A01;1;33;0;0;0;1;1;
46385;202000030353;154 688 905;B01;2;7;0;2;6;15;1;
46386;202000030353;154 688 906;A01;2;30;0;2;8;17;1;
46387;202000030354;154 688 903;B01;2;80;0;9;2;2;3;
46388;202000030354;154 688 904;A01;3;7;0;9;3;22;1;
46389;202000030355;154 688 901;B01;2;7;0;2;5;1;2;
46390;202000030355;154 688 902;A01;2;2;0;2;8;13;1;
46391;202000030356;154 688 899;A01;2;7;0;2;3;1;1;
46392;202000030356;154 688 900;B01;2;2;0;2;1;1;1;
46393;202000030357;154 688 898;A01;2;30;0;1;1;1;1;
46394;202000030360;154 688 893;B01;2;7;0;2;3;15;1;
46395;202000030360;154 688 894;A01;2;32;0;2;1;1;1;
46396;202000030361;154 688 892;A01;1;32;0;1;1;1;1;
46397;202000030362;154 688 890;B01;3;33;0;2;1;1;1;
46398;202000030362;154 688 891;A01;3;7;0;2;1;15;3;
46399;202000030363;154 688 889;A01;1;7;0;1;6;4;1;
46400;202000030364;154 688 887;A01;0;7;0;2;1;1;1;
46401;202000030364;154 688 888;B01;0;7;0;2;8;1;1;
46402;202000030365;154 688 885;A01;2;7;0;2;3;15;0;
46403;202000030365;154 688 886;B01;2;2;0;2;2;7;3;
46404;202000030368;154 688 882;A01;1;32;0;0;0;1;0;
46405;202000030369;154 688 881;A01;1;7;0;1;2;15;1;
46406;202000030370;154 688 879;A01;1;7;0;2;2;1;1;
46407;202000030370;154 688 880;B01;3;7;0;2;1;1;1;
46408;202000030371;154 688 877;B01;1;33;0;2;1;1;1;
46409;202000030371;154 688 878;A01;1;7;0;2;8;10;1;
46410;202000030372;154 688 875;B01;3;50;0;2;1;1;3;
46411;202000030372;154 688 876;A01;1;7;0;2;2;1;2;
46412;202000030373;154 688 874;A01;1;1;0;0;0;1;5;
46413;202000030374;154 688 873;A01;2;7;11;0;1;14;1;
46414;202000030375;154 688 871;B01;2;1;0;2;1;1;5;
46415;202000030375;154 688 872;A01;1;1;0;2;1;1;5;
46416;202000030376;154 688 870;A01;1;34;9;0;1;26;1;
46417;202000030377;154 688 869;A01;-1;32;0;1;0;0;0;
46418;202000030378;154 688 867;A01;3;7;0;2;3;9;1;
46419;202000030378;154 688 868;B01;3;33;0;2;2;9;1;
46420;202000030379;154 688 866;A01;3;7;2;0;2;26;1;
46421;202000030380;154 688 865;A01;1;32;12;0;0;1;3;
46422;202000030381;154 688 864;A01;1;7;0;1;0;0;0;
46423;202000030382;154 688 862;A01;2;7;0;2;2;15;1;
46424;202000030382;154 688 863;B01;1;2;0;2;1;1;1;
46425;202000030383;154 688 859;A01;2;7;0;2;1;15;1;
46426;202000030383;154 688 860;B01;1;7;0;2;3;1;1;
46427;202000030383;154 688 861;C01;2;7;0;2;8;1;2;
46428;202000030384;154 688 858;A01;1;7;6;0;2;1;1;
46429;202000030385;154 688 857;A01;2;10;6;0;2;1;1;
46430;202000030386;154 688 855;A01;2;7;0;2;2;1;1;
46431;202000030386;154 688 856;B01;0;7;0;2;5;19;1;
46432;202000030387;154 688 854;A01;0;36;13;0;2;1;1;
46433;202000030388;154 688 853;A01;1;15;15;0;1;1;1;
46434;202000030389;154 688 851;A01;3;7;0;2;7;1;1;
46435;202000030389;154 688 852;B01;0;33;0;2;1;1;1;
46436;202000030390;154 688 850;A01;1;7;2;0;1;26;1;
46437;202000030391;154 688 847;A01;2;7;17;2;1;2;1;
46438;202000030391;154 688 848;B01;2;7;0;2;4;2;1;
46439;202000030392;154 688 846;A01;3;2;0;0;8;1;1;
46440;202000030393;154 688 844;A01;1;32;0;2;1;1;1;
46441;202000030393;154 688 845;B01;1;7;0;2;4;1;1;
46442;202000030394;154 688 842;B01;2;30;0;2;2;1;1;
46443;202000030394;154 688 843;A01;2;33;0;1;1;21;1;
46444;202000030395;154 688 840;B01;2;7;0;2;2;10;1;
46445;202000030395;154 688 841;A01;2;33;0;2;8;15;1;
46446;202000030396;154 688 839;A01;1;43;1;0;3;1;1;
46447;202000030397;154 688 838;Z01;0;7;0;1;4;4;1;
46448;202000030398;154 688 836;A01;2;32;0;2;2;17;1;
46449;202000030398;154 688 837;B01;2;7;0;2;3;15;1;
46450;202000030399;154 688 835;A01;1;30;0;1;2;1;1;
46451;202000030400;154 688 834;A01;1;33;0;1;3;1;1;
46452;202000030401;154 688 832;A01;2;7;0;2;3;22;1;
46453;202000030401;154 688 833;B01;2;50;0;2;1;1;3;
46454;202000030402;154 688 830;Z01;2;7;0;2;1;1;0;
46455;202000030402;154 688 831;A01;2;1;0;2;3;16;5;
46456;202000030403;154 688 828;B01;1;33;1;2;2;17;1;
46457;202000030403;154 688 829;A01;1;7;1;2;3;0;1;
46458;202000030404;154 688 827;A01;2;7;0;1;1;16;1;
46459;202000030405;154 688 825;B01;1;33;0;0;4;1;1;
46460;202000030405;154 688 826;A01;1;33;0;2;1;2;1;
46461;202000030406;154 688 824;A01;-1;7;0;1;6;4;1;
46462;202000030408;154 688 821;A01;2;7;0;1;1;1;1;
46463;202000030409;154 688 819;B01;2;7;0;2;8;1;1;
46464;202000030409;154 688 820;A01;1;7;0;2;1;15;1;
46465;202000030410;154 688 818;A01;2;33;1;0;1;13;1;
46466;202000030411;154 688 817;A01;3;7;0;1;1;1;1;
46467;202000030413;154 688 815;A01;1;36;0;0;0;0;1;
46468;202000030414;154 688 814;A01;3;31;0;6;1;1;3;
46469;202000030416;154 688 807;D01;1;7;0;0;0;26;3;
46470;202000030416;154 688 808;E01;1;10;0;0;0;26;1;
46471;202000030416;154 688 809;A01;1;7;4;0;1;11;1;
46472;202000030416;154 688 810;B01;1;7;0;0;0;26;1;
46473;202000030416;154 688 811;C01;1;7;0;0;0;26;1;
46474;202000030417;154 688 805;A01;3;7;9;2;3;12;1;
46475;202000030417;154 688 806;B01;3;7;0;2;2;1;1;
46476;202000030418;154 688 803;B01;2;7;0;0;1;1;1;
46477;202000030418;154 688 804;A01;1;7;0;2;1;13;1;
46478;202000030419;154 688 801;B01;2;10;0;2;1;1;1;
46479;202000030419;154 688 802;A01;1;10;0;2;1;10;1;
46480;202000030420;154 688 800;A01;2;7;2;0;1;1;1;
46481;202000030421;154 688 798;A01;3;10;0;2;1;19;1;
46482;202000030421;154 688 799;B01;3;10;0;2;7;1;1;
46483;202000030422;154 688 797;A01;3;36;0;0;9;1;1;
46484;202000030423;154 688 796;A01;2;7;3;0;2;14;1;
46485;202000030424;154 688 794;A01;2;36;6;0;2;15;1;
46486;202000030425;154 688 792;A01;2;7;0;2;4;23;1;
46487;202000030425;154 688 793;B01;2;7;1;1;1;1;1;
46488;202000030426;154 688 791;A01;1;7;2;0;2;1;1;
46489;202000030428;154 688 787;A01;3;10;0;2;3;1;1;
46490;202000030428;154 688 788;B01;3;7;1;2;3;13;1;
46491;202000030429;154 688 785;A01;3;7;0;0;6;19;1;
46492;202000030429;154 688 786;B01;3;7;0;2;1;1;1;
46493;202000030430;154 688 784;A01;2;7;2;0;8;1;1;
46494;202000030432;154 688 781;B01;0;7;0;2;8;16;1;
46495;202000030432;154 688 782;A01;1;2;0;2;1;0;1;
46496;202000030433;154 688 779;B01;1;7;0;2;6;1;1;
46497;202000030433;154 688 780;A01;1;33;0;2;7;17;1;
46498;202000030434;154 688 777;B01;2;33;0;2;7;17;1;
46499;202000030434;154 688 778;A01;2;7;0;2;3;15;1;
46500;202000030436;154 688 774;B01;2;7;0;2;1;1;1;
46501;202000030436;154 688 775;A01;1;10;0;2;7;21;1;
46502;202000030437;154 688 773;A01;1;7;8;0;1;0;1;
46503;202000030438;154 688 772;A01;2;7;6;0;1;1;1;
46504;202000030439;154 688 769;A01;1;7;13;2;2;17;1;
46505;202000030439;154 688 770;B01;2;7;0;2;2;1;1;
46506;202000030439;154 688 771;C01;1;7;0;2;3;1;1;
46507;202000030440;154 688 767;A01;0;2;0;2;1;0;1;
46508;202000030440;154 688 768;B01;0;7;0;2;8;1;1;
46509;202000030441;154 688 765;A01;1;7;0;0;5;2;1;
46510;202000030441;154 688 766;B01;3;32;0;2;1;0;1;
46511;202000030443;154 688 762;A01;1;7;8;0;3;1;0;
46512;202000030444;154 688 761;A01;1;10;0;1;1;1;1;
46513;202000030446;154 688 757;B01;1;7;0;2;1;1;1;
46514;202000030446;154 688 758;A01;2;7;0;2;1;5;1;
46515;202000030447;154 688 756;A01;2;2;0;0;0;0;1;
46516;202000030448;154 688 754;B01;1;10;0;5;1;1;1;
46517;202000030448;154 688 755;A01;0;7;0;5;1;0;1;
46518;202000030449;154 688 753;A01;1;7;2;0;3;11;1;
46519;202000030450;154 688 751;B01;1;7;0;2;8;19;1;
46520;202000030450;154 688 752;A01;2;33;0;2;1;2;1;
46521;202000030451;154 688 750;A01;2;33;0;0;7;0;1;
46522;202000030453;154 688 747;B01;1;2;0;2;1;1;1;
46523;202000030453;154 688 748;A01;2;7;0;2;8;15;1;
46524;202000030454;154 688 746;A01;2;33;8;0;1;1;1;
46525;202000030455;154 688 744;B01;1;7;13;0;4;2;1;
46526;202000030455;154 688 745;A01;1;7;0;2;2;1;1;
46527;202000030456;154 688 741;C01;2;7;0;2;1;1;1;
46528;202000030456;154 688 742;B01;2;7;0;2;4;15;1;
46529;202000030456;154 688 743;A01;2;7;0;2;1;2;1;
46530;202000030457;154 688 738;A01;2;7;0;2;7;14;1;
46531;202000030457;154 688 739;B01;2;7;0;2;8;13;1;
46532;202000030458;154 688 736;B01;1;14;0;2;2;1;1;
46533;202000030458;154 688 737;A01;1;7;0;2;6;1;1;
46534;202000030459;154 688 734;B01;2;17;0;2;6;1;0;
46535;202000030459;154 688 735;A01;2;7;0;2;1;1;1;
46536;202000030460;154 688 728;B01;1;7;0;2;1;1;1;
46537;202000030460;154 688 729;A01;1;7;0;2;1;1;1;