;Num_Acc;id_vehicule;num_veh;senc;catv;obs;obsm;choc;manv;motor;occutc
46538;202000030460;154 688 730;F01;1;7;0;2;4;1;1;
46539;202000030460;154 688 731;E01;1;7;0;2;1;1;1;
46540;202000030460;154 688 732;D01;1;7;0;2;1;1;1;
46541;202000030460;154 688 733;C01;1;7;0;2;4;1;1;
46542;202000030461;154 688 727;A01;1;7;4;0;1;21;1;
46543;202000030462;154 688 725;B01;1;10;0;2;4;13;1;
46544;202000030462;154 688 726;A01;1;33;0;2;1;2;1;
46545;202000030463;154 688 720;C01;1;7;0;2;8;1;1;
46546;202000030463;154 688 721;D01;1;17;0;2;6;1;1;
46547;202000030463;154 688 722;B01;1;7;0;2;7;12;1;
46548;202000030463;154 688 723;E01;1;7;0;2;2;1;1;
46549;202000030463;154 688 724;A01;1;7;0;2;7;1;1;
46550;202000030464;154 688 719;A01;3;33;0;5;1;21;1;
46551;202000030465;154 688 717;A01;3;7;0;2;1;13;1;
46552;202000030465;154 688 718;B01;3;7;0;2;1;1;1;
46553;202000030466;154 688 716;A01;3;30;0;0;1;26;1;
46554;202000030467;154 688 714;B01;2;30;0;2;1;1;1;
46555;202000030467;154 688 715;A01;1;7;0;2;3;15;1;
46556;202000030468;154 688 712;A01;1;7;0;2;1;1;1;
46557;202000030468;154 688 713;B01;1;2;0;2;0;0;1;
46558;202000030469;154 688 710;B01;2;7;0;2;5;16;1;
46559;202000030469;154 688 711;A01;2;2;0;2;1;11;1;
46560;202000030470;154 688 708;A01;1;7;0;2;2;1;1;
46561;202000030470;154 688 709;B01;1;7;0;2;4;23;1;
46562;202000030471;154 688 706;A01;2;31;0;2;2;17;1;
46563;202000030471;154 688 707;B01;2;7;0;2;3;17;1;
46564;202000030472;154 688 704;A01;3;7;0;2;7;15;1;
46565;202000030472;154 688 705;B01;3;7;0;2;1;1;1;
46566;202000030473;154 688 703;A01;1;1;0;1;1;1;5;
46567;202000030474;154 688 701;B01;2;7;0;2;7;1;1;
46568;202000030474;154 688 702;A01;2;7;0;2;1;1;1;
46569;202000030475;154 688 700;A01;1;7;4;0;1;1;1;
46570;202000030476;154 688 699;A01;3;31;0;1;1;1;1;
46571;202000030477;154 688 697;A01;1;7;0;2;2;9;1;
46572;202000030477;154 688 698;B01;1;7;0;2;7;15;1;
46573;202000030478;154 688 695;A01;2;7;0;2;1;13;1;
46574;202000030478;154 688 696;B01;2;7;0;2;1;1;1;
46575;202000030479;154 688 694;A01;2;32;0;1;1;17;1;
46576;202000030480;154 688 693;A01;1;7;0;1;1;0;5;
46577;202000030482;154 688 690;B01;3;7;0;2;1;9;0;
46578;202000030482;154 688 691;A01;3;7;0;2;7;2;0;
46579;202000030483;154 688 689;A01;2;10;3;0;1;13;1;
46580;202000030484;154 688 686;C01;1;7;0;2;5;2;1;
46581;202000030484;154 688 687;B01;1;7;0;2;4;2;1;
46582;202000030484;154 688 688;A01;1;7;3;2;1;2;1;
46583;202000030485;154 688 684;B01;1;37;0;2;1;1;1;5.0
46584;202000030485;154 688 685;A01;2;7;0;2;1;13;1;
46585;202000030486;154 688 683;A01;2;7;0;1;1;1;1;
46586;202000030487;154 688 681;A01;1;7;0;2;7;15;1;
46587;202000030487;154 688 682;B01;2;7;0;2;1;1;1;
46588;202000030488;154 688 679;A01;2;7;0;2;3;15;1;
46589;202000030488;154 688 680;B01;1;7;0;2;2;1;1;
46590;202000030489;154 688 677;A01;0;7;0;2;2;15;1;
46591;202000030489;154 688 678;B01;0;2;0;2;1;1;1;
46592;202000030490;154 688 675;B01;0;7;0;2;4;15;1;
46593;202000030490;154 688 676;A01;0;7;0;2;1;1;1;
46594;202000030491;154 688 674;A01;0;7;0;1;1;16;1;
46595;202000030492;154 688 672;A01;0;10;0;2;1;17;1;
46596;202000030492;154 688 673;B01;2;7;0;2;1;1;1;
46597;202000030493;154 688 671;A01;1;7;1;0;1;14;1;
46598;202000030494;154 688 670;A01;1;7;3;0;8;1;1;
46599;202000030495;154 688 668;Z01;2;99;0;2;1;17;0;
46600;202000030495;154 688 669;A01;0;99;0;2;8;19;6;
46601;202000030496;154 688 666;B01;3;1;0;2;1;19;5;
46602;202000030496;154 688 667;A01;3;7;0;2;6;9;1;
46603;202000030497;154 688 664;A01;1;10;0;2;1;2;1;
46604;202000030497;154 688 665;B01;1;10;0;2;4;2;1;
46605;202000030498;154 688 663;A01;1;7;0;1;3;1;1;
46606;202000030499;154 688 662;A01;1;30;0;0;8;0;1;
46607;202000030500;154 688 660;B01;2;1;0;2;0;1;5;
46608;202000030500;154 688 661;A01;1;7;0;2;1;15;1;
46609;202000030501;154 688 659;A01;1;7;0;1;4;20;1;
46610;202000030502;154 688 657;A01;1;7;0;2;5;15;1;
46611;202000030502;154 688 658;B01;1;33;0;2;1;1;1;
46612;202000030503;154 688 655;A01;2;7;0;2;1;1;1;
46613;202000030503;154 688 656;B01;3;1;0;2;7;19;5;
46614;202000030504;154 688 652;A01;1;7;0;2;1;2;1;
46615;202000030504;154 688 653;B01;1;7;0;2;3;15;1;
46616;202000030504;154 688 654;C01;2;7;0;2;8;5;1;
46617;202000030505;154 688 651;A01;2;7;0;1;2;1;1;
46618;202000030506;154 688 649;A01;2;7;0;2;2;15;1;
46619;202000030506;154 688 650;B01;2;32;0;2;1;1;1;
46620;202000030507;154 688 648;A01;3;7;9;0;9;26;1;
46621;202000030508;154 688 646;B01;2;1;0;2;4;1;5;
46622;202000030508;154 688 647;A01;2;7;0;2;1;12;1;
46623;202000030509;154 688 644;B01;2;7;0;2;3;1;1;
46624;202000030509;154 688 645;A01;1;7;0;2;3;5;1;
46625;202000030510;154 688 642;B01;2;7;0;2;1;1;1;
46626;202000030510;154 688 643;A01;2;7;8;2;2;19;1;
46627;202000030511;154 688 640;B01;1;2;0;2;7;1;1;
46628;202000030511;154 688 641;A01;1;7;0;2;1;15;1;
46629;202000030512;154 688 638;B01;2;1;1;0;1;1;0;
46630;202000030512;154 688 639;A01;2;7;0;0;3;22;1;
46631;202000030515;154 688 633;A01;2;7;0;2;1;19;1;
46632;202000030515;154 688 634;B01;2;7;0;2;8;1;1;
46633;202000030516;154 688 632;A01;3;7;0;1;5;26;1;
46634;202000030517;154 688 630;B01;3;7;0;2;2;15;1;
46635;202000030517;154 688 631;A01;3;7;0;2;1;19;1;
46636;202000030518;154 688 628;B01;1;1;0;2;0;0;1;
46637;202000030518;154 688 629;A01;1;7;0;2;5;0;1;
46638;202000030519;154 688 627;A01;1;7;5;0;9;0;1;
46639;202000030520;154 688 626;A01;1;1;0;1;0;0;5;
46640;202000030521;154 688 625;A01;2;7;0;1;2;1;1;
46641;202000030522;154 688 623;A01;3;1;0;2;1;1;5;
46642;202000030522;154 688 624;B01;3;7;0;2;8;1;1;
46643;202000030523;154 688 621;B01;2;7;0;2;8;1;1;
46644;202000030523;154 688 622;A01;3;7;0;2;1;16;1;
46645;202000030525;154 688 618;A01;1;7;0;1;3;1;1;
46646;202000030526;154 688 615;B01;1;7;0;2;4;1;1;
46647;202000030526;154 688 616;A01;1;7;0;2;1;1;1;
46648;202000030526;154 688 617;C01;1;7;0;2;4;1;1;
46649;202000030527;154 688 614;A01;2;7;0;1;3;1;1;
46650;202000030528;154 688 613;A01;1;7;0;1;1;15;1;
46651;202000030529;154 688 611;B01;0;7;0;2;0;19;1;
46652;202000030529;154 688 612;A01;0;34;0;2;1;17;1;
46653;202000030530;154 688 610;A01;1;34;15;0;1;1;1;
46654;202000030531;154 688 608;A01;1;7;0;2;8;15;1;
46655;202000030531;154 688 609;B01;2;7;0;2;1;1;1;
46656;202000030532;154 688 607;A01;0;7;0;0;9;1;1;
46657;202000030533;154 688 606;A01;3;2;15;0;7;14;1;
46658;202000030534;154 688 604;B01;0;1;0;2;7;1;5;
46659;202000030534;154 688 605;A01;0;7;0;2;3;9;1;
46660;202000030535;154 688 602;B01;1;7;0;2;5;15;0;
46661;202000030535;154 688 603;A01;1;7;0;2;3;1;0;
46662;202000030536;154 688 599;A01;1;7;0;2;1;2;1;
46663;202000030536;154 688 600;B01;1;7;0;2;4;2;1;
46664;202000030536;154 688 601;C01;1;7;0;2;4;2;1;
46665;202000030538;154 688 597;A01;2;10;0;1;4;4;1;
46666;202000030539;154 688 595;A01;2;10;0;2;7;15;1;
46667;202000030539;154 688 596;B01;1;7;0;2;1;2;0;
46668;202000030540;154 688 593;A01;3;7;0;2;2;15;1;
46669;202000030540;154 688 594;B01;3;7;0;2;3;1;1;
46670;202000030541;154 688 591;B01;3;7;0;2;3;1;1;
46671;202000030541;154 688 592;A01;3;7;0;2;3;13;1;
46672;202000030542;154 688 590;A01;1;7;2;0;1;1;1;
46673;202000030543;154 688 588;A01;0;7;0;2;2;1;1;
46674;202000030543;154 688 589;B01;0;7;0;2;3;1;1;
46675;202000030544;154 688 586;A01;1;7;0;9;1;2;1;
46676;202000030544;154 688 587;B01;1;31;0;2;4;2;1;
46677;202000030545;154 688 585;A01;3;7;0;1;7;17;1;
46678;202000030546;154 688 583;B01;2;1;0;2;8;7;5;
46679;202000030546;154 688 584;A01;2;7;0;2;7;16;0;
46680;202000030547;154 688 582;A01;1;37;0;1;6;15;0;1.0
46681;202000030548;154 688 580;A01;1;10;0;2;1;2;1;
46682;202000030548;154 688 581;B01;1;7;0;2;4;2;1;
46683;202000030550;154 688 576;A01;1;2;0;2;1;17;1;
46684;202000030550;154 688 577;B01;2;7;0;2;3;1;1;
46685;202000030551;154 688 574;B01;2;7;0;2;3;15;1;
46686;202000030551;154 688 575;A01;2;2;0;2;1;17;1;
46687;202000030552;154 688 572;A01;2;7;0;2;5;15;1;
46688;202000030552;154 688 573;B01;1;30;0;2;1;1;1;
46689;202000030553;154 688 570;B01;2;1;0;2;1;25;0;
46690;202000030553;154 688 571;A01;1;7;0;2;2;1;1;
46691;202000030554;154 688 568;B01;2;7;0;2;2;1;-1;
46692;202000030554;154 688 569;Z01;2;7;0;0;6;1;-1;
46693;202000030555;154 688 566;B01;2;10;0;2;5;2;0;
46694;202000030555;154 688 567;A01;3;7;0;2;3;16;1;
46695;202000030556;154 688 565;A01;2;34;0;1;1;1;1;
46696;202000030557;154 688 563;A01;1;10;0;1;0;26;0;
46697;202000030558;154 688 561;A01;1;10;0;2;1;1;1;
46698;202000030558;154 688 562;B01;1;7;0;2;4;15;1;
46699;202000030559;154 688 560;A01;0;33;0;0;0;17;1;
46700;202000030560;154 688 557;B01;2;7;0;2;4;23;1;
46701;202000030560;154 688 558;C01;2;7;0;2;4;23;1;
46702;202000030560;154 688 559;A01;2;7;0;2;1;1;1;
46703;202000030561;154 688 554;B01;2;32;0;2;6;2;1;
46704;202000030561;154 688 555;Z01;2;10;0;2;2;1;0;
46705;202000030561;154 688 556;A01;2;32;0;2;6;2;1;
46706;202000030562;154 688 552;A01;3;43;0;2;1;1;1;
46707;202000030562;154 688 553;B01;3;10;0;2;4;23;1;
46708;202000030563;154 688 551;A01;2;7;0;1;1;1;1;
46709;202000030564;154 688 549;A01;2;32;0;2;8;9;1;
46710;202000030564;154 688 550;Z01;2;2;0;2;0;17;1;
46711;202000030565;154 688 547;A01;3;7;0;2;6;23;1;
46712;202000030565;154 688 548;Z01;3;2;0;2;0;1;0;
46713;202000030566;154 688 545;B01;2;34;0;2;2;1;1;
46714;202000030566;154 688 546;A01;2;1;0;2;0;15;5;
46715;202000030567;154 688 544;A01;2;7;0;1;3;1;2;
46716;202000030568;154 688 542;A01;1;30;0;2;7;17;1;
46717;202000030568;154 688 543;Z01;1;7;0;2;3;15;0;
46718;202000030569;154 688 541;A01;1;32;0;0;0;21;1;
46719;202000030570;154 688 539;B01;3;50;0;2;4;19;3;
46720;202000030570;154 688 540;A01;3;32;0;2;1;1;1;
46721;202000030571;154 688 537;A01;2;1;0;2;8;13;5;
46722;202000030571;154 688 538;B01;2;32;0;2;8;1;1;
46723;202000030572;154 688 536;A01;1;1;1;0;1;14;5;
46724;202000030573;154 688 534;A01;1;7;0;2;0;15;1;
46725;202000030573;154 688 535;B01;2;50;0;2;3;1;3;
46726;202000030574;154 688 533;A01;2;7;0;1;2;1;1;
46727;202000030575;154 688 532;A01;1;37;1;0;5;22;1;2.0
46728;202000030576;154 688 530;B01;1;34;8;2;1;2;1;
46729;202000030576;154 688 531;A01;1;7;0;2;3;2;1;
46730;202000030578;154 688 527;A01;2;7;0;1;1;15;1;
46731;202000030579;154 688 526;A01;0;7;0;1;4;20;2;
46732;202000030580;154 688 524;B01;1;33;0;2;1;1;1;
46733;202000030580;154 688 525;A01;2;7;0;2;3;15;1;
46734;202000030582;154 688 520;A01;2;10;0;2;8;15;1;
46735;202000030582;154 688 521;B01;1;33;0;2;8;1;1;
46736;202000030583;154 688 518;A01;2;30;0;2;1;17;1;
46737;202000030583;154 688 519;B01;2;7;0;2;3;15;1;
46738;202000030584;154 688 516;A01;2;10;0;0;4;23;1;
46739;202000030584;154 688 517;B01;2;10;14;2;1;26;1;
46740;202000030586;154 688 512;A01;-1;7;0;2;1;19;1;
46741;202000030586;154 688 513;B01;-1;7;0;2;3;19;1;
46742;202000030587;154 688 510;B01;1;7;0;2;3;9;1;
46743;202000030587;154 688 511;A01;0;7;0;2;1;19;1;
46744;202000030588;154 688 508;A01;1;33;1;0;1;15;0;
46745;202000030588;154 688 509;B01;-1;13;0;2;6;0;0;
46746;202000030589;154 688 506;B01;1;34;0;2;1;1;0;
46747;202000030589;154 688 507;A01;2;30;0;2;3;15;1;
46748;202000030590;154 688 504;B01;0;33;0;2;0;0;0;
46749;202000030590;154 688 505;A01;0;33;0;2;1;19;6;
46750;202000030591;154 688 503;A01;2;10;12;0;3;13;1;
46751;202000030592;154 688 501;A01;0;7;0;2;1;1;6;
46752;202000030592;154 688 502;B01;0;1;0;2;1;1;6;
46753;202000030593;154 688 500;A01;2;10;0;1;1;1;1;
46754;202000030594;154 688 498;B01;1;7;0;2;0;0;1;
46755;202000030594;154 688 499;A01;1;7;0;2;0;0;1;
46756;202000030595;154 688 496;A01;2;7;0;2;3;15;1;
46757;202000030595;154 688 497;B01;1;33;0;2;8;1;1;
46758;202000030596;154 688 495;A01;1;7;13;0;9;19;1;
46759;202000030597;154 688 493;A01;1;7;0;2;1;5;1;
46760;202000030597;154 688 494;B01;2;33;0;2;1;1;1;
46761;202000030598;154 688 491;B01;1;7;0;2;1;1;1;
46762;202000030598;154 688 492;A01;2;7;0;2;7;1;1;
46763;202000030599;154 688 489;A01;1;7;0;2;5;15;1;
46764;202000030599;154 688 490;B01;2;1;0;2;1;1;5;
46765;202000030600;154 688 488;A01;3;2;0;0;2;16;1;
46766;202000030601;154 688 486;A01;1;7;0;2;1;1;1;
46767;202000030601;154 688 487;B01;2;7;0;2;1;1;1;
46768;202000030602;154 688 485;A01;1;7;6;0;0;1;1;
46769;202000030603;154 688 484;A01;3;7;6;0;1;14;1;
46770;202000030604;154 688 483;A01;1;33;16;0;3;1;1;
46771;202000030605;154 688 482;A01;2;10;13;0;2;0;1;
46772;202000030606;154 688 481;A01;2;7;13;0;0;1;0;
46773;202000030607;154 688 480;A01;2;33;0;0;0;1;1;
46774;202000030608;154 688 478;B01;3;1;0;9;4;1;6;
46775;202000030608;154 688 479;A01;3;7;0;9;3;1;6;
46776;202000030609;154 688 477;A01;2;7;11;0;2;2;1;
46777;202000030610;154 688 474;A01;1;7;0;2;2;1;1;
46778;202000030610;154 688 475;B01;2;7;0;2;3;19;1;
46779;202000030611;154 688 471;A01;1;7;0;2;3;1;0;
46780;202000030611;154 688 472;B01;2;7;0;2;1;1;0;
46781;202000030611;154 688 473;C01;1;2;0;2;1;2;0;
46782;202000030612;154 688 470;A01;1;7;0;1;4;26;1;
46783;202000030613;154 688 468;B01;1;1;0;2;3;19;5;
46784;202000030613;154 688 469;A01;2;7;0;9;3;15;1;
46785;202000030614;154 688 467;A01;1;7;0;1;1;15;1;
46786;202000030615;154 688 466;A01;1;7;0;1;1;1;1;
46787;202000030616;154 688 465;A01;1;7;3;0;2;14;1;
46788;202000030618;154 688 461;A01;1;7;0;2;1;1;1;
46789;202000030618;154 688 462;B01;3;1;0;2;0;1;5;
46790;202000030619;154 688 460;A01;1;7;1;0;1;26;1;
46791;202000030620;154 688 459;A01;1;7;0;1;3;1;1;
46792;202000030621;154 688 458;A01;0;7;0;1;1;0;0;
46793;202000030622;154 688 457;A01;1;7;8;0;1;0;1;
46794;202000030623;154 688 455;B01;2;2;0;2;7;16;1;
46795;202000030623;154 688 456;A01;1;7;0;2;2;15;0;
46796;202000030624;154 688 454;A01;2;7;7;0;1;1;1;
46797;202000030625;154 688 453;A01;2;7;12;0;2;10;1;
46798;202000030626;154 688 451;A01;0;7;0;2;3;1;1;
46799;202000030626;154 688 452;B01;0;7;0;2;1;1;1;
46800;202000030627;154 688 450;A01;-1;10;0;1;1;1;1;
46801;202000030628;154 688 448;A01;1;10;0;2;3;16;1;
46802;202000030628;154 688 449;B01;1;34;0;2;8;1;1;
46803;202000030629;154 688 446;A01;1;2;0;0;0;1;1;
46804;202000030629;154 688 447;B01;1;7;0;0;0;1;1;
46805;202000030630;154 688 444;A01;1;1;0;2;1;1;0;
46806;202000030630;154 688 445;B01;1;1;0;2;4;1;5;
46807;202000030631;154 688 442;A01;0;7;0;2;7;1;0;
46808;202000030631;154 688 443;B01;3;33;0;2;7;1;1;
46809;202000030632;154 688 441;A01;3;2;0;0;7;1;1;
46810;202000030633;154 688 440;A01;3;2;6;0;0;16;1;
46811;202000030634;154 688 439;A01;2;10;10;0;3;13;1;
46812;202000030635;154 688 438;A01;2;7;2;0;1;15;1;
46813;202000030636;154 688 437;A01;2;7;0;0;9;26;1;
46814;202000030637;154 688 436;A01;1;33;2;0;0;0;1;
46815;202000030638;154 688 433;A01;1;7;4;0;3;1;1;
46816;202000030639;154 688 431;A01;1;7;0;2;1;1;1;
46817;202000030639;154 688 432;B01;1;7;0;2;4;1;1;
46818;202000030640;154 688 429;A01;1;7;0;2;3;18;1;
46819;202000030640;154 688 430;B01;1;7;0;2;7;1;1;
46820;202000030641;154 688 427;Z01;1;7;0;2;4;2;1;
46821;202000030641;154 688 428;B01;1;7;0;2;1;2;1;
46822;202000030642;154 688 426;A01;1;7;0;2;6;24;1;
46823;202000030643;154 688 424;A01;2;33;0;2;1;3;1;
46824;202000030643;154 688 425;B01;2;7;0;2;8;11;1;
46825;202000030644;154 688 423;A01;2;7;0;1;3;26;1;
46826;202000030645;154 688 422;A01;2;7;0;1;1;19;1;
46827;202000030646;154 688 421;A01;1;7;8;0;1;16;1;
46828;202000030647;154 688 419;A01;2;99;0;2;1;9;1;
46829;202000030647;154 688 420;B01;1;1;0;2;7;0;5;
46830;202000030648;154 688 418;A01;2;7;2;0;1;13;1;
46831;202000030649;154 688 417;A01;1;7;2;0;1;14;1;
46832;202000030651;154 688 413;B01;2;7;0;2;4;2;1;
46833;202000030651;154 688 414;A01;1;10;0;2;1;2;1;
46834;202000030652;154 688 412;A01;1;7;2;0;1;1;1;
46835;202000030653;154 688 411;A01;1;7;0;1;1;1;1;
46836;202000030654;154 688 410;A01;2;7;16;0;1;0;1;
46837;202000030655;154 688 408;B01;3;7;0;2;2;19;1;
46838;202000030655;154 688 409;A01;3;32;0;2;2;1;1;
46839;202000030656;154 688 407;A01;0;7;8;1;2;26;1;
46840;202000030658;154 688 405;A01;2;7;0;1;2;7;2;
46841;202000030659;154 688 404;A01;1;7;7;0;1;1;1;
46842;202000030660;154 688 403;A01;1;7;0;1;3;16;1;
46843;202000030661;154 688 401;B01;3;34;0;2;7;0;1;
46844;202000030661;154 688 402;A01;3;7;0;2;3;11;1;
46845;202000030662;154 688 400;A01;2;33;15;0;1;19;0;
46846;202000030663;154 688 398;A01;1;7;0;2;2;1;1;
46847;202000030663;154 688 399;B01;2;7;0;2;7;13;1;
46848;202000030664;154 688 396;A01;1;33;0;0;7;17;1;
46849;202000030664;154 688 397;B01;1;7;0;2;8;26;1;
46850;202000030665;154 688 394;B01;2;21;0;2;1;15;1;
46851;202000030665;154 688 395;A01;1;33;0;2;1;13;1;
46852;202000030667;154 688 392;A01;0;7;16;0;0;14;1;
46853;202000030668;154 688 391;A01;0;2;0;2;9;0;1;
46854;202000030669;154 688 390;A01;2;7;4;0;7;2;1;
46855;202000030670;154 688 387;B01;0;7;0;2;3;16;0;
46856;202000030670;154 688 388;A01;0;7;0;2;3;23;1;
46857;202000030671;154 688 386;A01;2;7;1;0;1;1;1;
46858;202000030672;154 688 384;A01;1;7;0;2;1;2;1;
46859;202000030672;154 688 385;B01;2;7;0;2;3;15;1;
46860;202000030673;154 688 383;A01;1;7;0;1;1;20;1;
46861;202000030674;154 688 381;A01;2;7;0;2;2;17;1;
46862;202000030674;154 688 382;B01;2;7;0;2;8;15;1;
46863;202000030675;154 688 379;B01;2;2;0;2;7;1;1;
46864;202000030675;154 688 380;A01;1;7;0;2;1;9;1;
46865;202000030676;154 688 377;Y01;1;50;0;2;4;1;3;
46866;202000030676;154 688 378;Z01;1;7;0;2;1;1;0;
46867;202000030677;154 688 376;A01;1;7;4;0;0;1;1;
46868;202000030678;154 688 375;A01;1;7;7;0;3;1;1;
46869;202000030679;154 688 373;B01;2;7;0;2;2;15;1;
46870;202000030679;154 688 374;A01;1;30;0;2;3;1;1;
46871;202000030681;154 688 369;B01;1;7;0;2;6;1;0;
46872;202000030681;154 688 370;A01;1;7;0;2;3;15;0;
46873;202000030683;154 688 363;A01;1;7;0;2;2;1;1;
46874;202000030683;154 688 364;B01;1;7;0;2;3;1;1;
46875;202000030684;154 688 361;A01;1;7;0;2;3;13;1;
46876;202000030684;154 688 362;B01;2;7;0;2;1;1;1;
46877;202000030685;154 688 360;A01;1;7;6;0;1;14;1;
46878;202000030686;154 688 358;B01;2;7;0;0;4;1;1;
46879;202000030686;154 688 359;A01;2;7;1;0;1;1;1;
46880;202000030687;154 688 357;A01;1;7;0;1;7;0;1;
46881;202000030688;154 688 356;A01;1;7;0;1;1;1;0;
46882;202000030689;154 688 354;B01;2;7;0;2;3;10;1;
46883;202000030689;154 688 355;A01;2;33;0;0;1;21;1;
46884;202000030691;154 688 351;A01;2;7;0;2;8;18;1;
46885;202000030691;154 688 352;B01;2;21;0;2;7;13;1;
46886;202000030692;154 688 349;B01;0;20;0;9;2;2;1;
46887;202000030692;154 688 350;A01;3;2;0;2;8;18;1;
46888;202000030693;154 688 348;A01;1;7;2;0;1;1;6;
46889;202000030694;154 688 347;A01;1;2;1;0;1;1;1;
46890;202000030696;154 688 344;A01;2;7;13;0;1;1;1;
46891;202000030697;154 688 343;A01;1;36;13;0;2;14;1;
46892;202000030699;154 688 340;A01;1;33;0;0;0;0;1;
46893;202000030700;154 688 339;A01;1;10;0;1;0;1;1;
46894;202000030701;154 688 337;A01;1;34;0;2;1;26;1;
46895;202000030701;154 688 338;B01;2;7;0;2;8;19;1;
46896;202000030704;154 688 331;A01;3;33;0;2;1;13;0;
46897;202000030704;154 688 332;B01;3;99;0;2;3;23;0;
46898;202000030705;154 688 330;A01;1;7;5;0;3;1;1;
46899;202000030706;154 688 328;B01;1;1;0;2;7;1;5;
46900;202000030706;154 688 329;A01;1;7;0;2;1;16;1;
46901;202000030707;154 688 326;A01;2;32;0;2;1;1;1;
46902;202000030707;154 688 327;B01;1;7;0;2;6;1;1;
46903;202000030708;154 688 325;A01;3;30;0;0;0;16;1;
46904;202000030709;154 688 323;A01;1;10;0;2;2;1;1;
46905;202000030709;154 688 324;B01;2;1;0;2;1;1;5;
46906;202000030710;154 688 322;A01;1;30;15;0;0;1;1;
46907;202000030711;154 688 321;A01;1;7;12;0;3;13;1;
46908;202000030712;154 688 320;A01;1;43;0;0;0;0;1;
46909;202000030713;154 688 319;A01;1;7;0;1;1;15;1;
46910;202000030714;154 688 318;Z01;1;0;8;1;1;15;1;
46911;202000030715;154 688 317;A01;0;7;0;1;2;1;1;
46912;202000030716;154 688 315;B01;2;2;0;2;1;18;0;
46913;202000030716;154 688 316;A01;2;7;0;2;2;16;0;
46914;202000030717;154 688 313;Z01;3;32;0;2;1;0;0;
46915;202000030717;154 688 314;A01;3;1;0;2;1;26;5;
46916;202000030718;154 688 311;A01;0;10;0;2;1;5;6;
46917;202000030718;154 688 312;B01;0;7;0;2;8;16;0;
46918;202000030719;154 688 309;B01;2;10;3;2;1;1;1;
46919;202000030719;154 688 310;A01;1;32;0;2;2;1;1;
46920;202000030720;154 688 307;A01;3;33;0;2;1;1;0;
46921;202000030720;154 688 308;B01;3;10;0;2;3;1;0;
46922;202000030721;154 688 306;A01;1;7;3;0;1;2;1;
46923;202000030722;154 688 305;A01;2;7;0;1;1;1;0;
46924;202000030725;154 688 299;B01;2;7;0;2;1;26;1;
46925;202000030725;154 688 300;A01;1;33;0;2;3;21;1;
46926;202000030726;154 688 298;A01;3;7;0;1;2;0;1;
46927;202000030727;154 688 297;A01;1;10;2;0;1;13;1;
46928;202000030728;154 688 296;A01;1;7;6;0;1;13;1;
46929;202000030729;154 688 295;A01;1;17;6;0;1;1;1;
46930;202000030730;154 688 293;B01;2;10;0;2;8;15;1;
46931;202000030730;154 688 294;A01;1;33;0;2;1;17;1;
46932;202000030731;154 688 292;A01;1;7;2;0;3;13;1;
46933;202000030733;154 688 290;A01;2;7;4;0;2;1;1;
46934;202000030734;154 688 289;A01;2;33;6;0;3;2;0;
46935;202000030735;154 688 287;A01;3;7;0;0;7;1;1;
46936;202000030735;154 688 288;B01;2;80;0;2;1;1;3;
46937;202000030736;154 688 286;A01;0;7;13;0;1;1;0;
46938;202000030737;154 688 284;A01;1;33;0;2;1;0;0;
46939;202000030737;154 688 285;B01;1;7;0;2;6;0;0;
46940;202000030739;154 688 281;A01;1;7;0;1;1;15;1;
46941;202000030741;154 688 277;B01;1;7;0;2;1;1;1;
46942;202000030741;154 688 278;A01;2;7;0;2;2;1;1;
46943;202000030743;154 688 274;A01;2;7;13;0;7;14;1;
46944;202000030744;154 688 272;B01;1;7;0;2;1;1;1;
46945;202000030744;154 688 273;A01;3;7;0;2;2;19;1;
46946;202000030745;154 688 270;A01;1;33;0;2;1;0;0;
46947;202000030745;154 688 271;B01;2;7;0;2;3;0;0;
46948;202000030746;154 688 268;A01;3;7;0;2;1;1;1;
46949;202000030746;154 688 269;B01;3;7;0;2;3;15;1;
46950;202000030747;154 688 266;B01;3;33;0;1;1;1;1;
46951;202000030747;154 688 267;A01;3;7;0;2;3;0;1;
46952;202000030748;154 688 264;B01;1;32;0;2;1;1;1;
46953;202000030748;154 688 265;A01;1;7;0;2;8;15;1;
46954;202000030749;154 688 263;A01;1;7;0;1;2;17;1;
46955;202000030750;154 688 261;B01;1;10;0;2;0;1;1;
46956;202000030750;154 688 262;A01;1;10;0;2;0;20;1;
46957;202000030751;154 688 260;A01;1;37;0;1;1;1;1;1.0
46958;202000030752;154 688 259;A01;2;7;0;1;2;1;1;
46959;202000030753;154 688 258;A01;1;7;17;0;2;1;1;
46960;202000030754;154 688 256;A01;2;10;0;2;3;13;1;
46961;202000030754;154 688 257;B01;1;7;0;2;8;1;1;
46962;202000030755;154 688 255;A01;0;7;6;0;1;1;1;
46963;202000030756;154 688 253;B01;2;7;0;2;3;5;1;
46964;202000030756;154 688 254;A01;1;7;0;2;3;1;1;
46965;202000030757;154 688 252;A01;1;7;9;0;1;0;1;
46966;202000030758;154 688 251;A01;2;7;13;0;1;0;0;
46967;202000030759;154 688 248;B01;1;7;0;2;1;1;1;
46968;202000030759;154 688 249;A01;2;7;0;2;1;13;1;
46969;202000030760;154 688 247;A01;2;80;13;0;1;1;3;
46970;202000030761;154 688 246;A01;2;7;0;0;1;26;0;