;Num_Acc;id_vehicule;num_veh;senc;catv;obs;obsm;choc;manv;motor;occutc
46971;202000030762;154 688 245;A01;0;2;0;0;7;1;1;
46972;202000030763;154 688 244;A01;2;7;0;0;9;1;0;
46973;202000030764;154 688 243;A01;1;33;9;0;0;0;1;
46974;202000030765;154 688 242;A01;1;10;10;0;8;1;6;
46975;202000030766;154 688 241;A01;1;7;0;1;1;1;1;
46976;202000030767;154 688 239;B01;2;7;0;2;3;1;1;
46977;202000030767;154 688 240;A01;1;7;0;2;3;13;1;
46978;202000030768;154 688 238;A01;2;7;0;1;2;2;1;
46979;202000030769;154 688 237;A01;2;7;12;0;1;1;1;
46980;202000030772;154 688 230;A01;3;7;0;2;1;19;1;
46981;202000030772;154 688 231;B01;1;37;0;2;3;19;1;2.0
46982;202000030773;154 688 228;B01;1;2;0;2;7;0;1;
46983;202000030773;154 688 229;A01;1;7;0;2;3;9;1;
46984;202000030775;154 688 225;A01;1;7;0;2;1;26;1;
46985;202000030775;154 688 226;B01;1;7;0;2;6;1;1;
46986;202000030777;154 688 219;A01;0;10;0;2;1;1;1;
46987;202000030777;154 688 220;B01;0;7;0;2;4;1;1;
46988;202000030777;154 688 222;C01;0;7;0;2;4;1;1;
46989;202000030778;154 688 218;B01;2;17;0;2;7;1;1;
46990;202000030778;154 688 221;A01;2;10;4;2;8;1;1;
46991;202000030779;154 688 215;A01;0;7;0;2;2;1;1;
46992;202000030779;154 688 217;B01;0;7;0;2;2;15;1;
46993;202000030780;154 688 214;A01;1;10;0;2;7;1;1;
46994;202000030780;154 688 216;B01;1;30;0;2;1;1;1;
46995;202000030781;154 688 213;A01;1;7;0;1;2;1;1;
46996;202000030782;154 688 211;A01;3;30;0;0;0;9;0;
46997;202000030785;154 688 208;A01;3;7;0;2;1;19;0;
46998;202000030785;154 688 209;B01;3;7;0;2;1;1;0;
46999;202000030786;154 688 207;A01;1;7;8;0;3;1;1;
47000;202000030787;154 688 206;A01;3;30;0;0;9;26;1;
47001;202000030788;154 688 205;A01;1;3;13;0;2;1;1;
47002;202000030789;154 688 204;A01;2;10;0;1;1;1;1;
47003;202000030790;154 688 203;A01;1;7;6;0;3;1;1;
47004;202000030792;154 688 199;A01;1;7;0;1;2;1;1;
47005;202000030793;154 688 200;A01;3;7;0;1;2;15;1;
47006;202000030794;154 688 197;A01;1;7;0;2;3;9;1;
47007;202000030794;154 688 198;B01;2;7;0;2;2;1;1;
47008;202000030795;154 688 195;A01;1;7;0;1;1;1;1;
47009;202000030796;154 688 196;A01;3;10;0;1;2;1;1;
47010;202000030797;154 688 192;C01;1;7;0;2;4;2;0;
47011;202000030797;154 688 193;B01;1;7;0;2;4;2;1;
47012;202000030797;154 688 194;A01;1;7;0;2;1;2;1;
47013;202000030798;154 688 190;B01;2;33;0;2;1;1;1;
47014;202000030798;154 688 191;A01;1;13;0;2;7;15;1;
47015;202000030799;154 688 189;A01;2;30;12;0;1;14;3;
47016;202000030800;154 688 188;A01;1;7;0;1;1;1;1;
47017;202000030801;154 688 186;B01;1;1;0;2;4;1;5;
47018;202000030801;154 688 187;A01;1;7;0;9;1;2;1;
47019;202000030802;154 688 185;A01;2;33;15;0;1;21;1;
47020;202000030803;154 688 183;A01;3;7;0;2;3;13;1;
47021;202000030803;154 688 184;B01;3;7;0;2;6;1;1;
47022;202000030804;154 688 181;B01;2;7;0;2;4;1;1;
47023;202000030804;154 688 182;A01;2;7;0;2;1;2;1;
47024;202000030805;154 688 178;C01;2;7;0;2;4;23;1;
47025;202000030805;154 688 179;B01;2;7;0;2;4;23;1;
47026;202000030805;154 688 180;A01;2;7;0;2;1;2;1;
47027;202000030806;154 688 176;A01;3;7;0;2;7;16;1;
47028;202000030806;154 688 177;B01;3;1;0;2;1;19;5;
47029;202000030807;154 688 174;B01;3;7;0;2;1;16;1;
47030;202000030807;154 688 175;A01;3;33;0;2;2;7;1;
47031;202000030808;154 688 172;B01;3;1;0;2;7;1;5;
47032;202000030808;154 688 173;A01;3;7;0;2;1;15;1;
47033;202000030810;154 688 168;A01;1;7;0;2;4;1;1;
47034;202000030810;154 688 169;B01;1;7;0;2;4;1;1;
47035;202000030811;154 688 167;A01;3;32;14;0;0;1;1;
47036;202000030812;154 688 165;A01;3;50;0;2;0;0;3;
47037;202000030812;154 688 166;B01;3;7;0;2;0;0;1;
47038;202000030813;154 688 163;B01;3;7;0;2;0;0;1;
47039;202000030813;154 688 164;A01;3;7;0;2;0;0;1;
47040;202000030814;154 688 162;A01;0;7;1;0;1;0;1;
47041;202000030815;154 688 160;B01;1;1;0;2;0;0;5;
47042;202000030815;154 688 161;A01;1;7;0;9;0;0;1;
47043;202000030816;154 688 158;A01;3;7;0;2;0;0;1;
47044;202000030816;154 688 159;B01;3;2;0;2;0;0;1;
47045;202000030817;154 688 156;A01;3;30;0;2;7;18;1;
47046;202000030817;154 688 157;B01;3;7;0;2;7;16;1;
47047;202000030818;154 688 154;B01;1;80;0;2;8;25;3;
47048;202000030818;154 688 155;A01;1;7;0;2;1;0;1;
47049;202000030819;154 688 152;B01;3;7;0;2;3;15;1;
47050;202000030819;154 688 153;A01;2;31;0;2;1;1;1;
47051;202000030820;154 688 150;B01;0;7;0;2;4;2;1;
47052;202000030820;154 688 151;A01;0;7;0;2;1;2;1;
47053;202000030821;154 688 148;A01;2;0;0;2;1;17;0;
47054;202000030821;154 688 149;B01;2;7;0;2;8;15;1;
47055;202000030822;154 688 146;B01;1;7;0;2;4;0;1;
47056;202000030822;154 688 147;A01;1;7;0;2;1;26;1;
47057;202000030823;154 688 144;A01;1;7;0;2;2;15;1;
47058;202000030823;154 688 145;B01;3;7;0;2;3;15;1;
47059;202000030824;154 688 142;A01;1;7;0;2;1;1;1;
47060;202000030824;154 688 143;B01;1;7;0;2;2;1;1;
47061;202000030825;154 688 141;A01;1;7;0;1;1;26;1;
47062;202000030826;154 688 140;A01;1;7;0;1;3;1;1;
47063;202000030827;154 688 137;A01;3;7;0;1;1;16;1;
47064;202000030828;154 688 136;A01;2;1;0;1;3;1;5;
47065;202000030829;154 688 133;C01;2;37;0;2;0;2;1;3.0
47066;202000030829;154 688 134;B01;0;50;1;0;1;13;3;
47067;202000030829;154 688 135;A01;0;10;0;2;3;23;1;
47068;202000030830;154 688 131;B01;2;7;0;2;4;1;1;
47069;202000030830;154 688 132;A01;2;7;0;2;4;26;1;
47070;202000030831;154 688 130;B01;0;1;0;0;1;26;5;
47071;202000030832;154 688 129;A01;2;7;3;0;9;1;1;
47072;202000030833;154 688 127;A01;2;1;0;2;1;25;5;
47073;202000030833;154 688 128;B01;3;7;0;2;3;1;1;
47074;202000030834;154 688 125;A01;2;7;0;2;1;1;1;
47075;202000030834;154 688 126;B01;2;1;0;2;4;1;5;
47076;202000030835;154 688 124;A01;2;7;0;1;0;2;1;
47077;202000030836;154 688 123;A01;1;7;0;0;9;26;1;
47078;202000030837;154 688 121;B01;2;7;0;2;5;24;1;
47079;202000030837;154 688 122;A01;2;7;1;0;7;14;1;
47080;202000030838;154 688 119;B01;2;10;0;0;2;24;0;
47081;202000030838;154 688 120;A01;2;7;0;0;1;1;1;
47082;202000030839;154 688 117;B01;1;33;0;2;1;1;1;
47083;202000030839;154 688 118;A01;1;7;0;2;1;15;1;
47084;202000030840;154 688 115;B01;2;31;0;2;5;1;1;
47085;202000030840;154 688 116;A01;1;7;0;2;2;9;1;
47086;202000030841;154 688 111;C01;3;7;0;2;4;1;1;
47087;202000030841;154 688 112;A01;3;7;0;2;1;1;1;
47088;202000030841;154 688 113;B01;3;7;0;2;4;1;1;
47089;202000030841;154 688 114;D01;3;7;0;2;4;1;1;
47090;202000030842;154 688 108;A01;2;13;0;2;3;2;1;
47091;202000030842;154 688 109;B01;2;7;0;2;5;15;1;
47092;202000030842;154 688 110;C01;1;7;0;2;2;26;1;
47093;202000030843;154 688 107;A01;0;-1;0;1;0;1;-1;
47094;202000030844;154 688 105;A01;1;33;0;2;1;1;1;
47095;202000030844;154 688 106;B01;1;99;0;2;4;16;1;
47096;202000030845;154 688 103;A01;1;1;0;2;8;16;5;
47097;202000030845;154 688 104;B01;2;7;0;2;2;5;1;
47098;202000030846;154 688 101;A01;1;7;0;2;1;13;1;
47099;202000030846;154 688 102;B01;2;7;0;2;1;1;1;
47100;202000030847;154 688 099;B01;3;7;0;2;2;1;1;
47101;202000030847;154 688 100;A01;3;7;0;2;3;15;1;
47102;202000030848;154 688 098;A01;1;33;7;0;1;17;1;
47103;202000030849;154 688 097;B01;1;33;14;0;1;0;1;
47104;202000030850;154 688 095;A01;1;7;0;2;1;26;1;
47105;202000030850;154 688 096;B01;1;7;0;2;4;26;1;
47106;202000030851;154 688 093;A01;1;37;0;2;7;14;1;1.0
47107;202000030851;154 688 094;B01;1;32;0;2;0;0;1;
47108;202000030852;154 688 091;B01;0;32;0;2;0;0;1;
47109;202000030852;154 688 092;A01;0;7;0;2;0;15;1;
47110;202000030853;154 688 089;A01;1;30;0;2;2;17;1;
47111;202000030853;154 688 090;B01;1;7;0;2;3;20;1;
47112;202000030854;154 688 087;B01;3;7;0;2;4;2;1;
47113;202000030854;154 688 088;A01;3;14;0;2;1;2;1;
47114;202000030855;154 688 086;A01;1;33;0;0;7;1;1;
47115;202000030858;154 688 082;A01;2;10;0;1;1;1;1;
47116;202000030859;154 688 081;A01;3;31;0;0;0;0;1;
47117;202000030860;154 688 080;A01;1;7;0;1;2;26;1;
47118;202000030861;154 688 078;B01;2;33;0;2;3;1;1;
47119;202000030861;154 688 079;A01;1;7;0;2;3;15;1;
47120;202000030862;154 688 076;A01;2;33;0;2;1;2;1;
47121;202000030862;154 688 077;Z01;2;14;0;2;4;2;0;
47122;202000030863;154 688 074;B01;3;33;0;2;1;1;1;
47123;202000030863;154 688 075;A01;3;7;0;2;6;15;1;
47124;202000030864;154 688 073;A01;2;1;0;1;1;1;5;
47125;202000030865;154 688 071;B01;2;7;0;2;6;17;1;
47126;202000030865;154 688 072;A01;2;13;0;2;0;1;1;
47127;202000030867;154 688 068;B01;2;33;0;2;8;9;1;
47128;202000030867;154 688 069;A01;2;7;0;2;2;1;1;
47129;202000030868;154 688 065;C01;1;7;0;2;3;23;1;
47130;202000030868;154 688 066;A01;2;3;0;2;3;20;3;
47131;202000030868;154 688 067;B01;2;7;0;2;1;17;1;
47132;202000030869;154 688 064;A01;2;37;0;1;5;7;1;1.0
47133;202000030870;154 688 062;B01;1;43;0;2;1;1;1;
47134;202000030870;154 688 063;A01;1;7;0;2;5;15;1;
47135;202000030871;154 688 060;A01;2;7;0;2;2;15;1;
47136;202000030871;154 688 061;B01;2;1;0;2;1;1;5;
47137;202000030872;154 688 058;A01;2;10;0;2;3;22;1;
47138;202000030872;154 688 059;B01;2;1;0;2;2;1;5;
47139;202000030873;154 688 056;A01;1;7;0;2;2;1;2;
47140;202000030873;154 688 057;B01;3;50;0;2;7;19;3;
47141;202000030874;154 688 055;A01;2;10;0;1;2;15;1;
47142;202000030875;154 688 053;A01;2;32;0;2;1;8;1;
47143;202000030875;154 688 054;B01;1;7;0;2;3;15;1;
47144;202000030876;154 688 052;A01;1;1;0;1;7;1;5;
47145;202000030877;154 688 051;A01;2;1;0;0;0;1;5;
47146;202000030878;154 688 050;A01;2;7;0;1;3;15;1;
47147;202000030879;154 688 048;A01;1;14;0;2;5;16;1;
47148;202000030879;154 688 049;B01;1;1;0;2;3;2;5;
47149;202000030880;154 688 046;Z01;2;50;0;2;1;25;3;
47150;202000030880;154 688 047;A01;2;1;0;2;7;19;0;
47151;202000030881;154 688 045;A01;0;7;0;1;3;15;1;
47152;202000030882;154 688 043;A01;1;7;0;2;2;6;1;
47153;202000030882;154 688 044;B01;1;33;0;2;1;3;1;
47154;202000030883;154 688 042;A01;3;7;0;1;1;14;1;
47155;202000030884;154 688 040;A01;1;7;0;2;2;9;1;
47156;202000030884;154 688 041;B01;1;32;0;2;8;9;1;
47157;202000030885;154 688 039;A01;3;7;0;1;1;1;1;
47158;202000030886;154 688 037;Y01;1;1;1;0;1;1;0;
47159;202000030886;154 688 038;A01;1;10;0;2;8;22;1;
47160;202000030887;154 688 035;A01;1;10;0;2;4;0;1;
47161;202000030887;154 688 036;B01;1;2;0;2;1;2;1;
47162;202000030888;154 688 033;A01;1;7;0;2;3;0;1;
47163;202000030888;154 688 034;B01;1;60;0;2;2;19;5;
47164;202000030889;154 688 032;A01;2;7;0;1;1;0;1;
47165;202000030890;154 688 030;B01;2;7;0;2;6;23;1;
47166;202000030890;154 688 031;A01;2;7;0;2;7;12;1;
47167;202000030892;154 688 027;A01;1;30;14;0;1;1;1;
47168;202000030893;154 688 025;AA01;3;34;0;2;2;26;1;
47169;202000030893;154 688 026;PB01;3;7;0;2;2;15;1;
47170;202000030895;154 688 022;A01;1;7;0;2;2;16;1;
47171;202000030895;154 688 023;B01;1;32;0;2;8;1;1;
47172;202000030896;154 688 020;A01;2;7;0;2;5;11;1;
47173;202000030896;154 688 021;B01;2;33;0;2;1;1;1;
47174;202000030897;154 688 019;A01;1;32;0;1;1;10;1;
47175;202000030898;154 688 017;B01;1;33;0;2;3;1;3;
47176;202000030898;154 688 018;A01;2;2;0;2;2;10;1;
47177;202000030899;154 688 016;A01;1;7;1;0;2;26;1;
47178;202000030900;154 688 012;A01;3;34;0;2;1;1;1;
47179;202000030900;154 688 013;B01;3;1;0;2;8;15;5;
47180;202000030901;154 688 010;B01;1;33;0;2;7;1;1;
47181;202000030901;154 688 011;A01;2;7;0;2;1;9;1;
47182;202000030902;154 688 008;B01;1;7;0;2;5;24;1;
47183;202000030902;154 688 009;A01;3;7;0;2;2;21;1;
47184;202000030903;154 688 006;A01;2;30;0;2;3;9;1;
47185;202000030903;154 688 007;B01;1;7;0;2;2;9;1;
47186;202000030904;154 688 005;A01;1;7;0;1;1;15;1;
47187;202000030905;154 688 003;A01;1;7;0;2;3;19;1;
47188;202000030905;154 688 004;B01;2;33;0;2;1;1;1;
47189;202000030906;154 688 002;A01;0;10;6;0;1;1;6;
47190;202000030907;154 688 000;A01;1;7;0;2;3;5;1;
47191;202000030907;154 688 001;B01;2;10;0;2;1;1;1;
47192;202000030908;154 687 999;A01;1;33;16;0;0;0;1;
47193;202000030909;154 687 998;A01;3;2;8;0;1;14;1;
47194;202000030910;154 687 997;A01;2;7;13;0;1;16;1;
47195;202000030911;154 687 994;A01;2;10;4;0;8;2;1;
47196;202000030912;154 687 993;A01;0;36;14;0;8;21;1;
47197;202000030913;154 687 991;B01;1;7;0;0;1;1;1;
47198;202000030913;154 687 992;A01;2;7;0;2;1;13;1;
47199;202000030915;154 687 988;A01;3;2;0;2;1;1;1;
47200;202000030915;154 687 989;B01;3;60;0;2;8;10;5;
47201;202000030916;154 687 987;A01;1;2;11;0;1;13;1;
47202;202000030917;154 687 985;A01;1;7;0;2;1;13;1;
47203;202000030917;154 687 986;B01;2;7;0;2;1;1;1;
47204;202000030918;154 687 984;A01;2;2;0;0;0;1;1;
47205;202000030919;154 687 983;A01;1;33;0;0;7;0;1;
47206;202000030920;154 687 982;A01;2;33;0;0;3;1;1;
47207;202000030921;154 687 981;A01;1;7;0;1;1;1;1;
47208;202000030922;154 687 979;B01;2;15;0;2;8;1;0;
47209;202000030922;154 687 980;A01;1;7;0;2;8;13;0;
47210;202000030924;154 687 975;A01;1;33;0;2;1;1;1;
47211;202000030924;154 687 976;B01;1;33;0;0;4;1;1;
47212;202000030926;154 687 973;A01;1;32;0;0;0;2;1;
47213;202000030927;154 687 971;B01;2;33;0;2;1;1;1;
47214;202000030927;154 687 972;A01;2;7;0;2;2;19;1;
47215;202000030928;154 687 969;A01;2;7;0;2;3;16;1;
47216;202000030928;154 687 970;B01;1;1;0;0;7;1;5;
47217;202000030929;154 687 967;B01;2;33;0;2;7;1;1;
47218;202000030929;154 687 968;A01;2;7;0;2;1;15;1;
47219;202000030930;154 687 966;A01;2;7;0;5;1;21;1;
47220;202000030931;154 687 965;A01;0;99;0;1;1;1;3;
47221;202000030932;154 687 962;A01;2;1;0;2;7;1;5;
47222;202000030932;154 687 963;B01;3;7;0;2;3;23;1;
47223;202000030933;154 687 960;A01;1;7;0;2;1;19;1;
47224;202000030933;154 687 961;B01;2;33;0;2;1;1;1;
47225;202000030935;154 687 957;A01;2;14;6;0;5;1;1;
47226;202000030936;154 687 955;B01;1;2;0;0;4;15;1;
47227;202000030936;154 687 956;A01;1;7;0;2;1;2;1;
47228;202000030937;154 687 953;B01;1;7;0;2;3;1;1;
47229;202000030937;154 687 954;A01;2;7;0;2;1;1;1;
47230;202000030938;154 687 952;A01;2;33;0;0;8;1;1;
47231;202000030939;154 687 951;A01;3;7;0;1;2;1;1;
47232;202000030940;154 687 949;A01;2;7;0;9;2;17;1;
47233;202000030940;154 687 950;B01;2;1;0;2;4;1;5;
47234;202000030941;154 687 948;A01;2;7;6;0;3;13;1;
47235;202000030942;154 687 947;A01;3;7;0;1;4;20;1;
47236;202000030943;154 687 945;A01;2;33;0;2;1;19;6;
47237;202000030943;154 687 946;B01;0;7;0;2;3;1;1;
47238;202000030944;154 687 944;A01;2;2;0;0;9;1;1;
47239;202000030945;154 687 942;A01;3;7;0;2;3;15;1;
47240;202000030945;154 687 943;B01;1;17;0;2;1;1;1;
47241;202000030946;154 687 939;A01;1;7;0;2;1;13;1;
47242;202000030946;154 687 940;B01;2;7;0;0;1;1;1;
47243;202000030946;154 687 941;C01;2;7;0;0;8;1;1;
47244;202000030948;154 687 936;B01;1;7;0;0;6;2;1;
47245;202000030948;154 687 937;A01;1;7;0;2;3;2;1;
47246;202000030949;154 687 935;A01;1;7;4;0;3;1;1;
47247;202000030950;154 687 933;A01;2;7;0;2;3;13;1;
47248;202000030950;154 687 934;B01;2;7;0;2;5;1;1;
47249;202000030951;154 687 932;A01;1;7;13;0;0;1;1;
47250;202000030952;154 687 931;A01;2;33;0;0;1;13;1;
47251;202000030953;154 687 929;A01;1;7;0;2;2;15;1;
47252;202000030953;154 687 930;B01;2;34;0;2;1;1;1;
47253;202000030954;154 687 928;A01;1;7;7;0;1;1;1;
47254;202000030955;154 687 927;A01;3;7;13;0;1;15;1;
47255;202000030956;154 687 925;B01;2;7;0;2;8;15;1;
47256;202000030956;154 687 926;A01;2;33;0;2;7;17;1;
47257;202000030957;154 687 922;B01;2;7;0;0;7;1;1;
47258;202000030957;154 687 923;C01;1;7;0;2;1;1;1;
47259;202000030957;154 687 924;A01;3;7;0;2;1;1;1;
47260;202000030958;154 687 921;A01;1;33;1;0;1;1;1;
47261;202000030959;154 687 920;A01;2;7;0;0;0;1;0;
47262;202000030960;154 687 919;A01;1;33;8;0;8;17;1;
47263;202000030961;154 687 918;A01;1;7;0;1;1;1;1;
47264;202000030963;154 687 912;B01;1;33;0;2;1;1;1;
47265;202000030963;154 687 913;A01;1;33;0;2;1;1;1;
47266;202000030963;154 687 914;E01;2;7;0;2;3;1;1;
47267;202000030963;154 687 915;D01;2;7;0;2;3;1;1;
47268;202000030963;154 687 916;C01;1;33;0;2;1;1;1;
47269;202000030964;154 687 911;A01;3;2;0;0;8;1;1;
47270;202000030966;154 687 907;A01;1;7;0;2;2;17;1;
47271;202000030966;154 687 908;B01;1;1;0;2;8;1;0;
47272;202000030967;154 687 905;A01;1;7;0;2;1;15;1;
47273;202000030967;154 687 906;B01;1;1;0;2;7;1;5;
47274;202000030968;154 687 901;A01;1;21;0;0;8;19;1;
47275;202000030968;154 687 902;C01;2;33;0;2;1;1;1;
47276;202000030970;154 687 897;C01;1;7;0;2;1;2;1;
47277;202000030970;154 687 898;B01;1;32;0;2;4;2;1;
47278;202000030970;154 687 899;A01;1;7;0;2;5;2;1;
47279;202000030971;154 687 895;A01;2;10;0;2;4;23;1;
47280;202000030971;154 687 896;B01;2;33;0;2;1;9;1;
47281;202000030972;154 687 893;A01;2;7;0;2;8;18;1;
47282;202000030972;154 687 894;B01;2;14;0;2;7;1;1;
47283;202000030974;154 687 889;A01;2;14;0;2;2;12;1;
47284;202000030974;154 687 890;B01;2;7;0;2;3;0;1;
47285;202000030975;154 687 887;A01;1;7;0;2;1;2;1;
47286;202000030975;154 687 888;B01;1;7;0;2;4;2;1;
47287;202000030976;154 687 885;B01;2;7;0;2;4;2;1;
47288;202000030976;154 687 886;A01;2;7;0;2;1;2;1;
47289;202000030977;154 687 883;B01;2;10;0;2;3;1;1;
47290;202000030977;154 687 884;A01;2;33;0;2;1;3;1;
47291;202000030978;154 687 882;A01;1;32;0;0;8;1;1;
47292;202000030979;154 687 878;A01;2;7;0;2;1;2;1;
47293;202000030979;154 687 879;B01;2;7;0;2;4;23;1;
47294;202000030979;154 687 880;C01;2;7;0;2;4;23;1;
47295;202000030979;154 687 881;D01;2;7;0;2;4;23;1;
47296;202000030980;154 687 875;B01;1;33;0;2;1;1;1;
47297;202000030980;154 687 876;A01;2;7;0;2;8;9;1;
47298;202000030981;154 687 873;B01;1;7;0;2;6;1;1;
47299;202000030981;154 687 874;A01;2;7;0;2;2;17;1;
47300;202000030982;154 687 871;A01;2;7;0;2;8;15;1;
47301;202000030982;154 687 872;B01;2;33;0;2;1;17;1;
47302;202000030983;154 687 870;A01;3;37;0;1;3;15;1;1.0
47303;202000030984;154 687 869;Z01;0;30;0;1;1;0;-1;
47304;202000030986;154 687 867;A01;2;7;3;0;2;1;1;
47305;202000030987;154 687 866;A01;2;30;1;0;0;1;1;
47306;202000030988;154 687 865;A01;1;7;1;1;1;1;0;
47307;202000030989;154 687 864;A01;0;7;8;0;1;19;0;
47308;202000030991;154 687 861;A01;2;7;12;0;2;1;1;
47309;202000030992;154 687 860;A01;1;7;0;1;3;16;1;
47310;202000030993;154 687 859;A01;2;7;2;0;1;1;1;
47311;202000030994;154 687 858;B01;1;10;0;1;1;2;1;
47312;202000030995;154 687 856;B01;1;7;0;2;5;9;1;
47313;202000030995;154 687 857;A01;2;33;0;2;1;1;1;
47314;202000030996;154 687 855;A01;1;37;0;1;5;23;1;1.0
47315;202000030997;154 687 854;A01;1;30;0;1;1;1;1;
47316;202000030998;154 687 852;B01;2;7;0;2;1;15;1;
47317;202000030998;154 687 853;A01;2;30;0;2;2;1;1;
47318;202000031000;154 687 848;A01;1;7;0;2;3;1;1;
47319;202000031000;154 687 849;C01;1;7;0;2;2;1;1;
47320;202000031000;154 687 850;B01;1;7;0;2;1;1;2;
47321;202000031001;154 687 846;A01;1;7;0;2;2;2;2;
47322;202000031001;154 687 847;B01;1;7;0;2;5;23;6;
47323;202000031002;154 687 844;B01;2;30;0;2;6;1;1;
47324;202000031002;154 687 845;A01;2;7;0;2;1;1;1;
47325;202000031003;154 687 843;A01;1;7;0;1;3;1;0;
47326;202000031004;154 687 840;B01;2;2;0;2;4;23;1;
47327;202000031004;154 687 841;A01;2;7;0;2;1;1;1;
47328;202000031004;154 687 842;C01;2;7;0;2;4;23;1;
47329;202000031005;154 687 837;A01;1;7;0;2;1;2;1;
47330;202000031005;154 687 838;B01;1;32;0;0;4;2;1;
47331;202000031005;154 687 839;C01;1;37;0;0;6;0;1;1.0
47332;202000031006;154 687 835;A01;1;7;0;0;1;15;1;
47333;202000031006;154 687 836;B01;2;7;0;1;9;1;1;
47334;202000031007;154 687 834;A01;2;3;2;0;1;14;0;
47335;202000031008;154 687 832;B01;-1;30;0;2;6;0;1;
47336;202000031008;154 687 833;A01;-1;7;0;2;2;14;1;
47337;202000031009;154 687 831;A01;3;34;0;1;1;1;1;
47338;202000031010;154 687 829;A01;1;7;1;0;5;2;0;
47339;202000031010;154 687 830;B01;1;30;0;2;1;2;0;
47340;202000031011;154 687 827;B01;2;34;0;2;6;1;1;
47341;202000031011;154 687 828;A01;1;7;0;2;3;15;1;
47342;202000031012;154 687 825;B01;2;7;0;2;1;1;0;
47343;202000031012;154 687 826;A01;1;7;0;2;1;13;0;
47344;202000031013;154 687 824;A01;2;7;0;0;0;0;1;
47345;202000031014;154 687 823;A01;0;7;0;9;1;1;1;
47346;202000031015;154 687 821;A01;2;7;0;0;6;1;1;
47347;202000031015;154 687 822;B01;2;10;0;2;1;1;1;
47348;202000031016;154 687 820;A01;1;7;0;0;9;1;1;
47349;202000031017;154 687 819;A01;2;33;0;0;0;1;1;
47350;202000031018;154 687 818;A01;2;7;0;1;2;1;1;
47351;202000031019;154 687 817;A01;0;7;1;1;1;1;1;
47352;202000031020;154 687 815;A01;2;33;0;2;1;1;1;
47353;202000031020;154 687 816;B01;1;7;0;2;1;1;1;
47354;202000031021;154 687 813;A01;2;7;0;2;8;5;1;
47355;202000031021;154 687 814;B01;1;7;1;2;3;1;1;
47356;202000031022;154 687 812;A01;2;7;13;0;2;1;1;
47357;202000031023;154 687 811;A01;1;33;11;0;1;17;1;
47358;202000031024;154 687 810;A01;2;10;0;0;8;1;1;
47359;202000031025;154 687 806;A01;2;7;0;9;6;1;1;
47360;202000031025;154 687 807;B01;1;2;0;2;3;13;1;
47361;202000031026;154 687 804;A01;1;2;0;1;4;26;1;
47362;202000031026;154 687 805;B01;1;7;0;2;0;1;0;
47363;202000031027;154 687 803;B01;1;1;1;0;1;1;5;
47364;202000031028;154 687 801;B01;2;0;0;2;0;-1;-1;
47365;202000031028;154 687 802;A01;2;33;0;2;0;0;1;
47366;202000031029;154 687 800;A01;2;7;6;0;1;13;1;
47367;202000031030;154 687 796;A01;1;7;0;2;1;1;0;
47368;202000031030;154 687 797;B01;2;7;0;2;3;19;0;
47369;202000031031;154 687 794;Z01;1;7;0;2;8;11;1;
47370;202000031031;154 687 795;A01;1;7;3;2;7;1;1;
47371;202000031032;154 687 792;B01;2;15;0;2;2;12;1;
47372;202000031032;154 687 793;A01;2;7;0;2;8;1;1;
47373;202000031033;154 687 791;A01;1;10;0;2;1;1;1;
47374;202000031034;154 687 790;A01;2;33;0;2;1;1;1;
47375;202000031035;154 687 789;A01;3;32;0;0;0;26;1;
47376;202000031037;154 687 785;A01;3;7;0;2;2;15;1;
47377;202000031037;154 687 786;B01;3;7;0;2;3;16;1;
47378;202000031038;154 687 783;B01;1;7;0;2;4;2;1;
47379;202000031038;154 687 784;A01;1;7;0;2;1;2;1;
47380;202000031040;154 687 775;A01;1;33;0;2;1;17;1;
47381;202000031040;154 687 776;B01;1;7;0;2;8;15;0;
47382;202000031042;154 687 772;A01;2;30;14;0;1;26;1;
47383;202000031043;154 687 770;A01;2;7;0;9;1;1;0;
47384;202000031043;154 687 771;B01;2;1;0;2;8;25;5;
47385;202000031044;154 687 768;A01;2;7;0;2;1;9;1;
47386;202000031044;154 687 769;B01;2;1;0;2;4;9;5;
47387;202000031045;154 687 767;A01;1;7;0;1;3;15;1;
47388;202000031046;154 687 765;A01;3;7;0;-1;3;1;1;
47389;202000031046;154 687 766;B01;3;40;0;2;2;1;3;
47390;202000031047;154 687 763;A01;2;7;0;2;2;15;1;
47391;202000031047;154 687 764;B01;1;2;0;2;1;1;1;
47392;202000031048;154 687 762;A01;2;7;3;0;1;1;1;
47393;202000031049;154 687 760;B01;3;7;0;2;6;1;1;
47394;202000031049;154 687 761;A01;3;33;0;2;1;1;1;
47395;202000031050;154 687 758;B01;2;2;0;2;1;1;0;
47396;202000031050;154 687 759;A01;1;7;0;2;2;15;1;
47397;202000031051;154 687 756;B01;2;7;0;2;1;1;1;
47398;202000031051;154 687 757;A01;1;7;0;2;1;1;1;
47399;202000031052;154 687 754;A01;0;7;0;2;2;1;1;
47400;202000031052;154 687 755;B01;0;7;0;2;1;15;1;
47401;202000031053;154 687 753;A01;0;34;0;0;0;26;1;
47402;202000031054;154 687 751;A01;1;31;0;2;2;0;1;