;Num_Acc;id_vehicule;num_veh;senc;catv;obs;obsm;choc;manv;motor;occutc
47403;202000031054;154 687 752;Z01;3;99;0;2;0;0;0;
47404;202000031055;154 687 749;A01;1;7;0;2;2;1;2;
47405;202000031055;154 687 750;B01;2;30;0;2;1;15;1;
47406;202000031056;154 687 748;A01;1;7;0;1;3;1;1;
47407;202000031057;154 687 746;B01;0;10;0;2;2;16;1;
47408;202000031057;154 687 747;A01;3;1;0;2;1;7;5;
47409;202000031058;154 687 745;A01;2;10;0;1;2;16;1;
47410;202000031059;154 687 744;A01;2;7;0;1;1;1;1;
47411;202000031060;154 687 742;B01;3;33;0;2;3;1;1;
47412;202000031060;154 687 743;A01;3;7;0;2;1;15;1;
47413;202000031061;154 687 741;A01;1;7;4;0;1;1;1;
47414;202000031062;154 687 739;B01;3;1;0;2;1;1;5;
47415;202000031062;154 687 740;A01;3;7;0;2;3;15;1;
47416;202000031063;154 687 737;A01;2;1;0;2;7;19;5;
47417;202000031063;154 687 738;B01;2;2;0;2;1;1;0;
47418;202000031064;154 687 735;B01;1;33;0;2;1;19;1;
47419;202000031064;154 687 736;A01;1;7;0;2;8;1;1;
47420;202000031065;154 687 734;A01;2;2;2;0;1;1;0;
47421;202000031067;154 687 731;A01;2;7;0;0;9;1;0;
47422;202000031068;154 687 729;B01;1;7;0;2;2;26;1;
47423;202000031068;154 687 730;A01;1;1;0;2;1;21;5;
47424;202000031069;154 687 728;A01;2;2;0;0;8;1;1;
47425;202000031070;154 687 727;A01;2;7;0;1;1;1;1;
47426;202000031071;154 687 726;A01;2;7;8;0;2;0;1;
47427;202000031072;154 687 725;A01;1;36;6;0;1;0;1;
47428;202000031073;154 687 724;A01;3;33;1;0;1;1;1;
47429;202000031074;154 687 723;A01;0;33;6;0;1;0;1;
47430;202000031075;154 687 721;A01;0;7;0;2;1;9;1;
47431;202000031075;154 687 722;B01;0;7;8;0;2;1;1;
47432;202000031076;154 687 719;A01;3;7;0;2;1;1;1;
47433;202000031076;154 687 720;B01;3;33;0;2;8;1;1;
47434;202000031077;154 687 718;A01;1;7;2;0;1;1;1;
47435;202000031078;154 687 716;B01;2;7;0;2;7;19;1;
47436;202000031078;154 687 717;A01;1;31;0;2;1;1;1;
47437;202000031079;154 687 714;A01;1;7;0;2;3;0;0;
47438;202000031079;154 687 715;B01;1;7;3;0;1;13;1;
47439;202000031080;154 687 712;B01;2;2;0;2;3;1;1;
47440;202000031080;154 687 713;A01;1;7;0;2;3;1;1;
47441;202000031081;154 687 710;B01;2;7;0;9;1;26;0;
47442;202000031081;154 687 711;A01;1;2;0;2;2;15;0;
47443;202000031082;154 687 708;A01;0;7;0;2;1;13;1;
47444;202000031082;154 687 709;B01;3;7;0;2;1;0;1;
47445;202000031083;154 687 707;A01;1;43;7;0;1;1;1;
47446;202000031084;154 687 706;A01;2;7;4;0;7;1;1;
47447;202000031085;154 687 705;A01;0;7;2;0;1;13;1;
47448;202000031086;154 687 704;A01;2;7;7;0;1;1;1;
47449;202000031087;154 687 703;A01;0;7;2;0;2;1;1;
47450;202000031088;154 687 701;B01;2;7;0;2;1;1;1;
47451;202000031088;154 687 702;A01;2;7;0;2;4;21;1;
47452;202000031089;154 687 700;A01;1;7;4;0;1;1;1;
47453;202000031090;154 687 698;B01;2;10;0;2;6;23;1;
47454;202000031090;154 687 699;A01;2;10;1;0;2;1;1;
47455;202000031091;154 687 696;B01;1;7;0;2;2;26;1;
47456;202000031091;154 687 697;A01;1;33;0;2;3;3;1;
47457;202000031092;154 687 694;Z01;2;7;0;2;3;13;0;
47458;202000031092;154 687 695;A01;2;33;0;2;5;26;1;
47459;202000031093;154 687 691;A01;2;17;0;2;2;12;1;
47460;202000031093;154 687 692;B01;2;7;4;2;8;1;1;
47461;202000031093;154 687 693;C01;2;34;0;2;1;1;1;
47462;202000031094;154 687 689;B01;2;7;12;2;1;1;1;
47463;202000031094;154 687 690;A01;2;7;12;2;2;1;1;
47464;202000031095;154 687 688;A01;3;31;0;1;1;1;1;
47465;202000031096;154 687 687;A01;2;10;0;1;1;15;1;
47466;202000031097;154 687 685;B01;2;7;0;2;1;17;0;
47467;202000031097;154 687 686;A01;2;7;0;2;6;0;0;
47468;202000031099;154 687 681;B01;2;7;0;0;7;11;0;
47469;202000031099;154 687 682;A01;1;7;0;0;7;1;0;
47470;202000031100;154 687 679;B01;2;7;0;1;1;0;5;
47471;202000031100;154 687 680;A01;1;7;0;1;3;0;5;
47472;202000031101;154 687 676;C01;1;7;0;2;4;2;1;
47473;202000031101;154 687 677;B01;1;7;0;2;6;12;1;
47474;202000031101;154 687 678;A01;1;7;0;2;1;2;1;
47475;202000031102;154 687 675;A01;0;7;0;1;1;1;1;
47476;202000031103;154 687 672;A01;3;7;0;2;1;1;1;
47477;202000031103;154 687 673;B01;3;50;0;2;7;19;3;
47478;202000031105;154 687 669;A01;0;7;0;1;1;1;1;
47479;202000031106;154 687 668;A01;0;7;0;1;2;16;1;
47480;202000031107;154 687 666;B01;1;7;0;2;4;1;1;
47481;202000031107;154 687 667;A01;1;7;0;2;1;1;1;
47482;202000031108;154 687 664;A01;0;7;0;2;1;1;1;
47483;202000031108;154 687 665;B01;0;7;0;2;4;1;1;
47484;202000031109;154 687 662;B01;2;7;0;1;4;23;0;
47485;202000031109;154 687 663;A01;2;7;0;1;1;1;1;
47486;202000031112;154 687 657;A01;1;3;0;1;1;1;1;
47487;202000031115;154 687 652;A01;2;7;0;1;2;1;1;
47488;202000031116;154 687 649;A01;1;7;6;0;1;26;1;
47489;202000031118;154 687 646;A01;1;7;1;0;3;1;1;
47490;202000031119;154 687 645;A01;1;37;0;1;2;1;1;1.0
47491;202000031120;154 687 643;B01;1;1;0;2;1;1;5;
47492;202000031120;154 687 644;A01;1;7;0;9;7;1;1;
47493;202000031121;154 687 642;A01;2;7;6;0;2;1;1;
47494;202000031122;154 687 640;A01;2;7;0;2;2;1;0;
47495;202000031122;154 687 641;B01;2;1;0;2;4;1;5;
47496;202000031123;154 687 637;A01;2;7;0;2;1;2;1;
47497;202000031123;154 687 638;B01;2;7;0;2;1;2;1;
47498;202000031123;154 687 639;C01;2;7;0;0;4;2;1;
47499;202000031126;154 687 630;B01;1;7;0;9;1;2;1;
47500;202000031126;154 687 631;A01;1;31;14;0;4;23;1;
47501;202000031127;154 687 629;A01;3;7;6;0;1;1;1;
47502;202000031130;154 687 623;B01;0;33;0;2;1;1;1;
47503;202000031130;154 687 624;A01;0;10;0;2;3;15;1;
47504;202000031131;154 687 621;A01;1;7;0;2;3;1;1;
47505;202000031131;154 687 622;B01;1;33;0;0;1;1;1;
47506;202000031132;154 687 619;B01;2;7;0;2;2;16;1;
47507;202000031132;154 687 620;A01;2;34;0;2;7;18;1;
47508;202000031134;154 687 613;D01;2;7;0;2;1;1;1;
47509;202000031134;154 687 614;C01;2;7;0;2;4;1;1;
47510;202000031134;154 687 615;B01;2;7;0;2;4;1;1;
47511;202000031134;154 687 616;A01;2;7;0;2;4;1;1;
47512;202000031135;154 687 609;A01;1;3;0;2;8;15;1;
47513;202000031135;154 687 610;B01;1;10;0;2;2;17;1;
47514;202000031136;154 687 608;A01;2;7;12;2;3;13;0;
47515;202000031137;154 687 606;B01;1;7;0;2;2;2;0;
47516;202000031137;154 687 607;A01;1;30;0;2;3;18;0;
47517;202000031138;154 687 604;A01;1;7;0;2;3;9;1;
47518;202000031138;154 687 605;B01;3;1;0;2;2;0;5;
47519;202000031140;154 687 600;B01;1;1;0;2;1;19;5;
47520;202000031140;154 687 601;A01;1;7;0;2;1;15;1;
47521;202000031141;154 687 598;B01;0;33;0;2;1;1;0;
47522;202000031141;154 687 599;A01;0;7;0;2;3;1;0;
47523;202000031142;154 687 596;A01;0;7;0;2;1;2;1;
47524;202000031142;154 687 597;B01;3;7;0;2;4;26;2;
47525;202000031143;154 687 595;A01;2;30;0;0;7;2;1;
47526;202000031144;154 687 594;A01;3;32;0;1;2;1;1;
47527;202000031145;154 687 592;B01;2;7;0;2;3;15;1;
47528;202000031145;154 687 593;Z01;1;10;0;2;1;1;1;
47529;202000031146;154 687 590;B01;2;10;0;2;8;1;1;
47530;202000031146;154 687 591;A01;2;31;0;2;1;14;1;
47531;202000031147;154 687 589;A01;2;32;0;0;8;1;1;
47532;202000031148;154 687 588;Z01;0;32;0;1;0;0;0;
47533;202000031149;154 687 584;A01;1;7;0;2;1;2;1;
47534;202000031149;154 687 586;C01;1;10;0;2;4;1;1;
47535;202000031149;154 687 587;B01;1;7;0;2;4;2;1;
47536;202000031150;154 687 583;A01;1;7;0;2;7;15;0;
47537;202000031150;154 687 585;B01;1;33;0;2;1;1;0;
47538;202000031151;154 687 582;A01;2;80;0;1;1;1;3;
47539;202000031152;154 687 580;Z01;1;10;1;2;2;1;0;
47540;202000031152;154 687 581;B01;1;10;0;2;3;9;0;
47541;202000031153;154 687 579;A01;0;7;1;0;1;5;1;
47542;202000031154;154 687 578;A01;3;7;6;0;1;21;1;
47543;202000031155;154 687 577;A01;2;1;0;1;7;1;5;
47544;202000031157;154 687 575;A01;1;31;0;2;1;1;1;
47545;202000031157;154 687 576;B01;1;7;0;2;4;1;1;
47546;202000031158;154 687 572;A01;2;30;0;1;1;1;1;
47547;202000031159;154 687 570;A01;1;7;0;2;3;21;1;
47548;202000031159;154 687 571;B01;1;34;0;2;2;17;1;
47549;202000031160;154 687 569;A01;1;50;0;0;0;21;3;
47550;202000031162;154 687 565;A01;3;33;0;2;2;3;1;
47551;202000031162;154 687 566;C01;3;10;0;2;5;1;1;
47552;202000031162;154 687 567;B01;3;13;0;2;6;1;1;
47553;202000031163;154 687 563;Z01;2;7;0;2;3;11;1;
47554;202000031163;154 687 564;A01;2;7;0;2;9;1;1;
47555;202000031164;154 687 561;B01;2;30;0;2;1;1;1;
47556;202000031164;154 687 562;A01;2;50;0;2;7;1;3;
47557;202000031165;154 687 559;A01;1;80;11;0;1;1;3;
47558;202000031166;154 687 560;A01;2;7;0;1;1;1;1;
47559;202000031169;154 687 552;B01;1;30;0;2;7;17;3;
47560;202000031169;154 687 553;A01;1;7;0;2;8;15;1;
47561;202000031170;154 687 551;B01;2;7;0;2;6;1;1;
47562;202000031170;154 687 554;A01;3;34;0;2;1;1;1;
47563;202000031171;154 687 550;A01;2;1;0;0;7;16;5;
47564;202000031172;154 687 549;A01;1;1;0;0;0;1;5;
47565;202000031173;154 687 548;A01;2;1;0;0;0;21;5;
47566;202000031174;154 687 546;B01;2;1;0;2;1;1;5;
47567;202000031174;154 687 547;A01;2;50;0;2;1;5;3;
47568;202000031175;154 687 545;A01;1;1;0;0;0;1;5;
47569;202000031176;154 687 542;A01;1;14;0;2;1;2;1;
47570;202000031176;154 687 544;B01;1;7;0;2;4;23;1;
47571;202000031177;154 687 541;B01;1;7;0;2;1;1;1;
47572;202000031177;154 687 543;A01;1;10;0;2;1;1;1;
47573;202000031179;154 687 535;A01;2;30;0;0;8;15;3;
47574;202000031180;154 687 536;C01;1;7;0;2;5;1;1;
47575;202000031180;154 687 537;A01;1;7;0;2;2;16;1;
47576;202000031180;154 687 538;B01;1;7;1;0;3;24;1;
47577;202000031182;154 687 532;B01;2;37;0;2;3;7;1;3.0
47578;202000031182;154 687 534;A01;2;10;0;2;8;16;1;
47579;202000031184;154 687 528;A01;2;80;0;0;0;16;3;
47580;202000031185;154 687 526;A01;3;7;14;1;3;9;1;
47581;202000031187;154 687 523;A01;-1;30;0;2;3;1;1;
47582;202000031187;154 687 524;B01;3;7;0;2;3;15;1;
47583;202000031188;154 687 519;B01;3;7;0;2;6;1;1;
47584;202000031188;154 687 522;A01;3;30;0;2;1;1;1;
47585;202000031189;154 687 517;A01;0;1;1;0;4;2;5;
47586;202000031189;154 687 518;B01;3;7;1;0;4;23;1;
47587;202000031190;154 687 520;B01;1;33;0;2;0;0;1;
47588;202000031190;154 687 521;A01;1;7;0;2;7;15;1;
47589;202000031191;154 687 512;B01;1;7;0;2;2;1;1;
47590;202000031191;154 687 514;C01;1;7;3;0;1;1;1;
47591;202000031191;154 687 516;A01;1;7;0;2;6;11;1;
47592;202000031192;154 687 513;B01;3;32;0;2;7;17;1;
47593;202000031192;154 687 515;A01;0;7;0;2;3;15;1;
47594;202000031193;154 687 511;A01;1;30;0;0;1;21;1;
47595;202000031194;154 687 510;A01;2;7;6;0;1;16;0;
47596;202000031195;154 687 509;A01;1;7;0;1;1;2;1;
47597;202000031196;154 687 508;A01;3;7;3;0;1;2;1;
47598;202000031197;154 687 506;B01;3;7;0;2;3;0;0;
47599;202000031197;154 687 507;A01;3;7;0;2;3;15;0;
47600;202000031198;154 687 504;B01;0;2;1;2;2;17;1;
47601;202000031198;154 687 505;A01;0;7;0;2;3;13;1;
47602;202000031199;154 687 503;A01;0;7;0;1;1;26;0;
47603;202000031200;154 687 501;A01;1;34;0;2;2;12;0;
47604;202000031200;154 687 502;B01;1;7;0;2;6;2;0;
47605;202000031201;154 687 500;A01;1;10;0;1;3;15;1;
47606;202000031202;154 687 498;B01;3;21;0;9;3;0;1;
47607;202000031202;154 687 499;A01;3;33;0;2;3;21;1;
47608;202000031203;154 687 496;B01;3;7;0;2;1;1;1;
47609;202000031203;154 687 497;A01;3;7;0;2;1;1;1;
47610;202000031205;154 687 491;A01;1;7;13;0;2;14;1;
47611;202000031206;154 687 490;A01;2;7;0;0;2;0;1;
47612;202000031208;154 687 486;B01;3;7;0;1;8;1;1;
47613;202000031208;154 687 487;A01;3;7;0;2;1;9;1;
47614;202000031209;154 687 484;A01;3;7;0;2;1;0;1;
47615;202000031209;154 687 485;B01;3;2;0;2;1;14;1;
47616;202000031210;154 687 483;A01;1;30;2;0;6;17;1;
47617;202000031211;154 687 482;A01;1;7;13;0;9;14;1;
47618;202000031213;154 687 479;A01;0;31;0;0;1;1;1;
47619;202000031214;154 687 478;A01;1;31;7;0;0;1;1;
47620;202000031215;154 687 477;A01;1;7;0;0;9;1;1;
47621;202000031216;154 687 475;B01;1;2;0;2;1;1;1;
47622;202000031216;154 687 476;A01;2;7;0;2;3;5;1;
47623;202000031218;154 687 472;A01;3;2;6;0;1;1;1;
47624;202000031219;154 687 471;A01;2;7;6;2;7;13;1;
47625;202000031219;154 687 473;B01;1;7;0;2;1;1;1;
47626;202000031220;154 687 469;B01;1;7;0;0;0;9;0;
47627;202000031220;154 687 470;A01;1;1;0;0;1;9;5;
47628;202000031221;154 687 465;A01;1;2;0;2;1;11;1;
47629;202000031221;154 687 466;B01;2;7;0;2;2;1;1;
47630;202000031222;154 687 464;A01;1;7;15;1;2;1;1;
47631;202000031223;154 687 463;A01;1;33;0;6;8;1;1;
47632;202000031224;154 687 462;A01;2;7;8;0;2;1;0;
47633;202000031225;154 687 461;A01;2;7;16;0;9;1;1;
47634;202000031226;154 687 467;B01;1;33;0;2;1;1;1;
47635;202000031226;154 687 468;A01;2;7;0;2;7;15;1;
47636;202000031227;154 687 460;A01;1;7;0;0;9;14;1;
47637;202000031228;154 687 457;B01;1;7;0;0;4;2;1;
47638;202000031228;154 687 459;A01;1;7;0;2;1;1;1;
47639;202000031229;154 687 456;A01;0;7;0;2;1;1;1;
47640;202000031229;154 687 458;B01;0;60;0;2;8;15;5;
47641;202000031230;154 687 453;A01;0;7;0;2;3;16;1;
47642;202000031230;154 687 455;B01;0;2;0;2;1;16;1;
47643;202000031231;154 687 452;B01;2;31;0;2;1;2;1;
47644;202000031231;154 687 454;A01;2;7;0;2;4;2;1;
47645;202000031233;154 687 449;B01;0;7;0;2;3;0;1;
47646;202000031233;154 687 451;A01;3;33;0;2;3;0;1;
47647;202000031234;154 687 446;A01;1;7;0;2;3;13;1;
47648;202000031234;154 687 447;B01;2;7;0;2;3;1;1;
47649;202000031235;154 687 445;A01;1;7;0;0;0;1;1;
47650;202000031236;154 687 444;A01;2;7;13;0;2;0;1;
47651;202000031238;154 687 441;A01;1;2;0;0;1;1;0;
47652;202000031239;154 687 439;A01;1;2;0;0;0;1;1;
47653;202000031240;154 687 438;B01;2;7;0;2;3;2;1;
47654;202000031240;154 687 440;A01;1;7;0;2;1;15;1;
47655;202000031240;154 687 442;C01;1;7;0;2;3;23;1;
47656;202000031241;154 687 437;A01;1;7;13;0;7;21;1;
47657;202000031242;154 687 436;A01;3;7;0;1;8;15;1;
47658;202000031243;154 687 434;A01;2;7;0;2;1;1;1;
47659;202000031243;154 687 435;B01;2;7;0;2;7;19;1;
47660;202000031244;154 687 433;A01;1;7;0;1;3;1;1;
47661;202000031245;154 687 432;A01;3;21;0;1;3;1;0;
47662;202000031246;154 687 431;A01;3;7;0;1;1;21;1;
47663;202000031247;154 687 430;A01;3;10;0;1;2;1;1;
47664;202000031248;154 687 429;A01;2;7;2;0;2;2;1;
47665;202000031249;154 687 428;A01;0;2;15;0;1;1;1;
47666;202000031251;154 687 423;A01;2;7;0;0;8;1;1;
47667;202000031251;154 687 425;B01;1;7;0;0;1;1;1;
47668;202000031252;154 687 421;A01;2;7;0;2;3;1;1;
47669;202000031252;154 687 422;B01;1;7;0;2;3;13;1;
47670;202000031253;154 687 420;A01;3;33;9;0;1;1;1;
47671;202000031254;154 687 419;A01;1;33;0;6;1;1;1;
47672;202000031255;154 687 418;A01;2;7;13;0;1;21;1;
47673;202000031256;154 687 415;B01;2;33;0;2;1;1;1;
47674;202000031256;154 687 417;A01;1;7;0;2;2;11;1;
47675;202000031258;154 687 412;A01;3;31;0;0;8;1;1;
47676;202000031259;154 687 411;A01;2;7;0;2;1;13;1;
47677;202000031259;154 687 413;B01;1;7;0;2;1;1;1;
47678;202000031260;154 687 410;A01;1;7;6;0;2;0;1;
47679;202000031261;154 687 405;A01;2;7;0;2;3;15;1;
47680;202000031261;154 687 407;B01;1;2;0;2;1;1;1;
47681;202000031262;154 687 406;C01;2;7;0;2;6;23;1;
47682;202000031262;154 687 408;B01;1;33;0;2;1;1;1;
47683;202000031262;154 687 409;A01;2;7;0;2;5;15;1;
47684;202000031263;154 687 403;A01;1;7;0;2;1;5;1;
47685;202000031263;154 687 404;B01;2;1;0;2;5;19;5;
47686;202000031264;154 687 402;A01;1;7;6;0;1;1;1;
47687;202000031265;154 687 401;A01;2;31;13;0;8;13;1;
47688;202000031266;154 687 400;A01;1;7;15;0;0;1;1;
47689;202000031267;154 687 398;A01;0;7;0;2;8;19;1;
47690;202000031267;154 687 399;B01;1;33;0;2;1;1;1;
47691;202000031268;154 687 397;A01;2;7;16;0;9;1;1;
47692;202000031269;154 687 396;A01;2;7;15;0;1;0;1;
47693;202000031270;154 687 394;B01;0;2;0;2;7;17;1;
47694;202000031270;154 687 395;A01;0;7;0;2;8;1;1;
47695;202000031271;154 687 392;B01;1;7;6;2;4;16;1;
47696;202000031271;154 687 393;A01;2;7;8;2;1;2;1;
47697;202000031272;154 687 391;A01;2;7;6;0;1;1;2;
47698;202000031274;154 687 387;A01;1;15;0;0;0;14;1;
47699;202000031274;154 687 388;B01;1;7;16;0;9;21;1;
47700;202000031275;154 687 386;A01;1;7;3;0;3;17;1;
47701;202000031276;154 687 385;A01;1;7;13;1;3;1;1;
47702;202000031277;154 687 384;A01;2;7;8;0;9;0;0;
47703;202000031278;154 687 380;A01;1;17;0;2;1;1;1;
47704;202000031278;154 687 382;B01;0;7;0;0;3;15;1;
47705;202000031279;154 687 381;B01;2;7;0;9;1;1;1;
47706;202000031279;154 687 383;A01;1;7;3;0;1;1;1;
47707;202000031280;154 687 379;A01;1;17;6;0;1;1;1;
47708;202000031281;154 687 377;B01;2;7;0;2;1;17;1;
47709;202000031281;154 687 378;A01;1;10;0;0;8;15;1;
47710;202000031282;154 687 375;A01;2;33;13;0;1;1;1;
47711;202000031283;154 687 374;B01;2;7;0;2;3;5;1;
47712;202000031283;154 687 376;A01;1;33;0;0;1;1;1;
47713;202000031286;154 687 369;A01;1;7;0;2;8;5;0;
47714;202000031286;154 687 370;B01;2;7;0;2;1;1;0;
47715;202000031287;154 687 368;A01;3;7;0;1;1;1;1;
47716;202000031288;154 687 365;B01;2;7;0;2;1;13;1;
47717;202000031288;154 687 366;A01;0;7;0;2;1;0;1;
47718;202000031289;154 687 364;B01;3;7;0;2;3;9;1;
47719;202000031289;154 687 367;A01;3;1;0;2;7;16;5;
47720;202000031290;154 687 361;A01;1;7;0;2;1;9;1;
47721;202000031290;154 687 363;B01;1;7;0;2;1;1;1;
47722;202000031291;154 687 360;A01;2;7;0;0;4;23;1;
47723;202000031291;154 687 362;B01;2;7;0;2;1;2;1;
47724;202000031292;154 687 359;A01;2;7;2;0;1;1;1;
47725;202000031293;154 687 358;A01;1;7;2;0;9;16;1;
47726;202000031294;154 687 356;A01;1;7;0;0;9;21;1;
47727;202000031295;154 687 355;A01;2;33;13;0;0;1;1;
47728;202000031295;154 687 357;B01;2;33;0;0;0;21;1;
47729;202000031296;154 687 353;A01;1;7;0;2;2;15;1;
47730;202000031296;154 687 354;B01;1;7;0;2;3;1;1;
47731;202000031298;154 687 351;A01;2;7;0;2;7;2;0;
47732;202000031298;154 687 352;B01;2;1;0;0;3;2;5;
47733;202000031299;154 687 349;A01;1;7;0;1;6;26;1;
47734;202000031300;154 687 347;A01;3;7;0;2;1;1;1;
47735;202000031300;154 687 348;B01;2;1;0;2;7;1;6;
47736;202000031301;154 687 345;B01;2;7;0;2;2;1;0;
47737;202000031301;154 687 346;A01;1;33;0;2;3;1;0;
47738;202000031302;154 687 344;A01;2;7;16;0;0;1;1;
47739;202000031303;154 687 343;A01;1;7;15;0;3;13;0;
47740;202000031304;154 687 342;A01;2;33;0;0;0;1;0;
47741;202000031305;154 687 341;A01;2;33;0;0;0;26;1;
47742;202000031306;154 687 340;A01;1;7;0;0;2;0;1;
47743;202000031307;154 687 339;A01;1;2;0;0;7;14;1;
47744;202000031308;154 687 335;A01;1;31;0;2;3;1;1;
47745;202000031308;154 687 337;B01;2;7;0;2;8;19;1;
47746;202000031309;154 687 332;D01;2;7;0;2;3;1;1;
47747;202000031309;154 687 333;E01;1;7;0;2;3;1;1;
47748;202000031309;154 687 334;A01;2;7;0;2;3;17;1;
47749;202000031309;154 687 336;B01;1;7;0;2;3;1;1;
47750;202000031309;154 687 338;C01;1;7;0;2;8;1;1;
47751;202000031310;154 687 330;B01;2;13;0;2;1;1;1;
47752;202000031310;154 687 331;A01;1;7;0;2;7;13;1;
47753;202000031311;154 687 328;B01;3;7;6;0;7;0;1;
47754;202000031311;154 687 329;A01;3;13;1;9;1;23;1;
47755;202000031312;154 687 325;B01;1;7;0;2;8;1;1;
47756;202000031312;154 687 326;A01;2;1;0;2;8;13;5;
47757;202000031313;154 687 321;B01;2;7;0;2;3;2;0;
47758;202000031313;154 687 323;A01;1;7;0;2;3;13;0;
47759;202000031314;154 687 320;C01;2;10;0;2;1;1;0;
47760;202000031314;154 687 322;B01;2;15;0;2;2;12;1;
47761;202000031314;154 687 324;A01;2;7;0;2;8;0;1;
47762;202000031316;154 687 317;A01;1;33;0;2;1;2;1;
47763;202000031316;154 687 318;B01;1;7;0;2;5;2;1;
47764;202000031317;154 687 314;A01;1;7;0;2;2;12;1;
47765;202000031317;154 687 315;B01;1;17;0;2;2;12;1;
47766;202000031317;154 687 316;C01;1;7;0;2;8;1;1;
47767;202000031319;154 687 306;E01;1;7;0;2;4;2;1;
47768;202000031319;154 687 307;D01;1;7;0;2;4;2;1;
47769;202000031319;154 687 308;C01;1;7;0;2;4;2;1;
47770;202000031319;154 687 309;B01;1;7;0;2;4;2;1;
47771;202000031319;154 687 311;A01;1;7;0;2;1;2;1;
47772;202000031320;154 687 304;A01;1;34;16;0;8;26;1;
47773;202000031321;154 687 303;B01;2;7;0;2;5;2;1;
47774;202000031321;154 687 305;A01;2;33;0;2;3;2;1;
47775;202000031322;154 687 300;A01;1;7;0;2;1;2;1;
47776;202000031322;154 687 302;B01;1;7;0;2;4;2;1;
47777;202000031323;154 687 301;A01;1;7;3;0;1;14;1;
47778;202000031324;154 687 298;B01;2;10;0;2;3;0;0;
47779;202000031324;154 687 299;A01;2;33;0;2;1;0;0;
47780;202000031325;154 687 295;C01;1;33;0;2;2;3;1;
47781;202000031325;154 687 296;A01;1;7;0;2;8;17;1;
47782;202000031325;154 687 297;B01;1;7;0;2;6;1;1;
47783;202000031326;154 687 291;A01;2;7;0;2;2;14;1;
47784;202000031326;154 687 292;B01;1;17;0;2;6;1;1;
47785;202000031328;154 687 289;A01;3;7;0;9;0;9;1;
47786;202000031328;154 687 290;B01;3;1;0;2;4;1;5;
47787;202000031329;154 687 287;B01;2;34;0;2;3;3;1;
47788;202000031329;154 687 288;A01;2;7;0;2;7;12;1;
47789;202000031330;154 687 285;B01;3;30;0;2;8;1;1;
47790;202000031330;154 687 286;A01;1;7;0;2;2;1;1;
47791;202000031331;154 687 283;A01;2;50;0;2;1;2;3;
47792;202000031331;154 687 284;B01;2;7;0;9;4;1;1;
47793;202000031333;154 687 281;A01;2;32;0;0;8;15;1;
47794;202000031334;154 687 277;B01;1;7;0;2;3;1;1;
47795;202000031334;154 687 280;A01;2;7;0;2;3;13;1;
47796;202000031335;154 687 278;A01;1;14;0;2;1;2;1;
47797;202000031335;154 687 279;B01;1;7;0;2;4;23;1;
47798;202000031336;154 687 276;A01;1;30;0;0;0;0;1;
47799;202000031337;154 687 274;A01;1;7;0;2;7;15;1;
47800;202000031337;154 687 275;B01;2;33;0;2;1;1;1;
47801;202000031338;154 687 272;A01;1;7;0;2;1;15;1;
47802;202000031338;154 687 273;B01;2;33;0;2;0;0;1;
47803;202000031339;154 687 271;A01;2;14;3;0;7;1;1;
47804;202000031340;154 687 270;A01;1;1;6;0;1;14;5;
47805;202000031342;154 687 265;B01;2;7;0;2;4;2;1;
47806;202000031342;154 687 267;A01;2;7;0;2;2;2;1;
47807;202000031343;154 687 264;A01;3;7;0;2;4;23;1;
47808;202000031343;154 687 266;B01;3;7;0;2;3;23;1;
47809;202000031343;154 687 268;Z01;3;7;0;2;1;2;1;
47810;202000031344;154 687 263;A01;1;30;0;0;7;1;1;
47811;202000031345;154 687 261;B01;2;33;0;2;0;2;1;
47812;202000031345;154 687 262;A01;1;7;0;0;0;15;1;
47813;202000031346;154 687 259;A01;1;7;0;2;2;19;1;
47814;202000031346;154 687 260;B01;2;7;0;2;1;0;1;
47815;202000031347;154 687 257;A01;1;7;0;2;1;26;1;
47816;202000031347;154 687 258;B01;1;7;0;2;4;1;1;
47817;202000031348;154 687 256;A01;2;33;0;0;7;1;1;
47818;202000031349;154 687 253;B01;3;10;0;9;4;1;1;
47819;202000031349;154 687 255;A01;3;10;0;2;1;2;1;
47820;202000031350;154 687 252;B01;2;7;0;2;3;1;1;
47821;202000031350;154 687 254;A01;1;7;0;2;1;17;1;
47822;202000031351;154 687 249;A01;2;10;0;9;3;1;1;
47823;202000031351;154 687 251;B01;3;1;0;2;1;26;0;
47824;202000031352;154 687 248;B01;0;1;0;2;0;1;5;
47825;202000031352;154 687 250;A01;0;7;0;2;1;1;1;
47826;202000031353;154 687 246;A01;2;33;0;2;1;0;1;
47827;202000031353;154 687 247;B01;1;7;0;2;1;0;1;
47828;202000031354;154 687 243;B01;0;33;0;2;8;9;1;
47829;202000031354;154 687 245;A01;0;7;0;2;3;9;1;
47830;202000031355;154 687 240;A01;0;1;0;2;1;25;5;
47831;202000031355;154 687 241;B01;0;7;0;2;1;16;1;
47832;202000031356;154 687 238;A01;2;33;11;0;1;1;1;
47833;202000031357;154 687 237;A01;3;7;0;0;0;0;1;
47834;202000031357;154 687 239;B01;1;2;0;0;0;0;0;
47835;202000031358;154 687 234;A01;1;33;3;0;1;21;1;