;Num_Acc;id_vehicule;num_veh;senc;catv;obs;obsm;choc;manv;motor;occutc
47836;202000031358;154 687 236;B01;2;7;0;0;0;9;1;
47837;202000031359;154 687 231;A01;1;7;0;2;3;0;0;
47838;202000031359;154 687 232;B01;2;7;0;2;0;0;0;
47839;202000031359;154 687 233;C01;2;7;0;2;4;21;0;
47840;202000031359;154 687 235;D01;2;7;0;2;1;0;0;
47841;202000031360;154 687 230;A01;2;35;0;0;0;1;1;
47842;202000031361;154 687 227;Z01;0;7;0;2;2;0;1;
47843;202000031361;154 687 228;B01;2;80;0;2;2;1;3;
47844;202000031362;154 687 226;B01;3;10;0;2;3;1;1;
47845;202000031362;154 687 229;A01;2;33;0;2;7;14;1;
47846;202000031363;154 687 225;A01;0;33;8;0;2;14;1;
47847;202000031364;154 687 224;A01;1;7;13;0;1;1;1;
47848;202000031365;154 687 222;B01;0;13;0;2;2;26;1;
47849;202000031365;154 687 223;A01;0;7;0;2;5;26;1;
47850;202000031366;154 687 219;A01;1;7;0;2;2;1;1;
47851;202000031366;154 687 221;B01;2;7;0;2;3;1;1;
47852;202000031368;154 687 216;B01;3;1;0;2;7;9;5;
47853;202000031368;154 687 217;A01;2;10;0;2;3;9;1;
47854;202000031369;154 687 214;B01;2;7;0;2;8;19;1;
47855;202000031369;154 687 215;A01;1;36;0;2;1;1;1;
47856;202000031370;154 687 212;A01;2;7;0;2;1;10;1;
47857;202000031370;154 687 213;B01;1;7;0;2;3;1;1;
47858;202000031371;154 687 211;A01;3;33;0;1;1;1;1;
47859;202000031372;154 687 210;A01;2;7;0;1;1;1;0;
47860;202000031373;154 687 208;A01;2;7;1;0;1;1;1;
47861;202000031373;154 687 209;B01;2;7;0;0;4;23;1;
47862;202000031374;154 687 206;A01;2;10;0;2;0;23;1;
47863;202000031374;154 687 207;B01;2;2;0;2;0;0;1;
47864;202000031375;154 687 203;A01;2;33;3;0;0;13;1;
47865;202000031376;154 687 202;A01;1;7;0;2;1;1;1;
47866;202000031376;154 687 204;B01;1;7;0;2;4;23;1;
47867;202000031376;154 687 205;C01;1;7;0;2;4;23;1;
47868;202000031377;154 687 199;A01;0;7;0;2;1;1;1;
47869;202000031377;154 687 201;B01;0;30;0;0;4;1;1;
47870;202000031378;154 687 198;A01;1;10;0;2;4;4;1;
47871;202000031378;154 687 200;B01;2;1;0;2;7;1;5;
47872;202000031379;154 687 196;A01;1;7;0;1;2;1;1;
47873;202000031380;154 687 195;B01;3;1;0;2;8;19;5;
47874;202000031380;154 687 197;A01;1;7;0;9;1;1;1;
47875;202000031381;154 687 192;A01;1;7;0;2;1;1;1;
47876;202000031381;154 687 194;B01;1;7;0;2;4;1;1;
47877;202000031383;154 687 191;A01;2;32;0;0;9;1;1;
47878;202000031384;154 687 189;B01;3;7;0;2;1;1;1;
47879;202000031384;154 687 190;A01;3;7;0;1;1;23;1;
47880;202000031385;154 687 187;A01;1;99;0;2;0;2;0;
47881;202000031385;154 687 188;B01;1;1;0;0;4;11;5;
47882;202000031386;154 687 186;A01;1;7;0;1;4;4;1;
47883;202000031387;154 687 185;A01;3;7;0;1;1;26;6;
47884;202000031388;154 687 183;B01;2;33;0;2;1;1;1;
47885;202000031388;154 687 184;A01;1;10;0;2;3;9;1;
47886;202000031389;154 687 182;A01;2;31;0;0;7;1;1;
47887;202000031390;154 687 179;B01;2;7;0;2;8;11;1;
47888;202000031390;154 687 181;A01;2;33;0;2;7;2;1;
47889;202000031391;154 687 178;B01;1;1;0;2;0;21;5;
47890;202000031391;154 687 180;A01;1;7;0;0;0;24;1;
47891;202000031392;154 687 176;B01;1;1;0;2;1;1;0;
47892;202000031392;154 687 177;A01;1;7;0;2;8;9;1;
47893;202000031393;154 687 175;A01;2;7;1;0;1;13;1;
47894;202000031395;154 687 172;A01;2;7;0;2;1;7;1;
47895;202000031395;154 687 174;B01;2;7;0;2;7;16;1;
47896;202000031396;154 687 167;B01;1;7;0;2;1;1;1;
47897;202000031396;154 687 169;C01;2;7;0;2;3;2;1;
47898;202000031396;154 687 171;A01;3;7;0;2;7;19;0;
47899;202000031398;154 687 166;A01;2;7;0;1;2;1;1;
47900;202000031399;154 687 163;B01;2;34;0;2;1;13;1;
47901;202000031399;154 687 165;A01;1;7;0;2;1;9;1;
47902;202000031401;154 687 161;[01;2;7;0;1;0;26;1;
47903;202000031402;154 687 159;A01;1;10;0;2;7;15;1;
47904;202000031402;154 687 160;B01;1;31;0;2;1;1;0;
47905;202000031403;154 687 157;B01;1;60;0;2;0;0;5;
47906;202000031403;154 687 158;A01;1;33;0;2;6;26;1;
47907;202000031405;154 687 156;A01;1;7;0;1;1;9;1;
47908;202000031406;154 687 153;A01;1;10;0;1;3;21;0;
47909;202000031407;154 687 151;B01;3;3;-1;-1;-1;1;-1;
47910;202000031407;154 687 152;A01;3;3;0;-1;-1;1;-1;
47911;202000031408;154 687 149;A01;1;1;0;2;1;13;5;
47912;202000031408;154 687 150;B01;1;7;0;2;4;23;1;
47913;202000031409;154 687 147;B01;3;7;0;2;1;1;1;
47914;202000031409;154 687 148;A01;2;7;6;2;8;19;1;
47915;202000031410;154 687 144;A01;2;30;0;2;6;1;1;
47916;202000031410;154 687 146;B01;1;10;0;2;3;9;1;
47917;202000031411;154 687 143;B01;2;1;0;2;1;1;0;
47918;202000031411;154 687 145;A01;3;7;0;9;1;1;1;
47919;202000031413;154 687 140;B01;2;1;0;2;1;1;5;
47920;202000031413;154 687 142;A01;2;50;0;2;1;5;3;
47921;202000031414;154 687 138;A01;1;7;1;0;3;13;1;
47922;202000031415;154 687 137;B01;2;7;0;2;4;2;2;
47923;202000031415;154 687 139;A01;2;7;0;2;1;2;1;
47924;202000031416;154 687 136;A01;3;1;0;0;0;1;5;
47925;202000031417;154 687 135;A01;1;7;0;1;2;1;1;
47926;202000031419;154 687 133;A01;3;7;0;1;3;1;1;
47927;202000031420;154 687 130;A01;1;33;0;2;1;2;1;
47928;202000031420;154 687 132;B01;1;7;0;2;3;23;1;
47929;202000031421;154 687 129;A01;2;7;0;2;1;9;1;
47930;202000031421;154 687 131;B01;1;31;0;2;1;1;1;
47931;202000031422;154 687 127;A01;3;7;0;2;3;15;1;
47932;202000031422;154 687 128;B01;3;7;0;2;3;1;1;
47933;202000031423;154 687 123;B01;2;7;0;1;1;1;1;
47934;202000031423;154 687 124;A01;1;7;0;2;3;1;1;
47935;202000031424;154 687 125;A01;1;33;0;2;1;17;1;
47936;202000031424;154 687 126;B01;2;7;0;2;1;1;1;
47937;202000031425;154 687 120;B01;2;34;0;2;8;0;0;
47938;202000031425;154 687 122;A01;2;7;0;2;2;16;0;
47939;202000031426;154 687 119;Z01;2;14;0;2;2;0;0;
47940;202000031426;154 687 121;A01;2;10;0;2;5;1;1;
47941;202000031427;154 687 118;A01;2;50;0;0;0;1;3;
47942;202000031428;154 687 116;B01;3;7;0;2;5;16;1;
47943;202000031428;154 687 117;A01;3;32;0;2;7;18;1;
47944;202000031429;154 687 112;B01;2;7;0;2;3;1;1;
47945;202000031429;154 687 114;A01;1;7;0;2;2;19;1;
47946;202000031430;154 687 111;A01;0;7;0;2;1;0;0;
47947;202000031430;154 687 113;B01;0;7;1;0;1;0;0;
47948;202000031430;154 687 115;D01;2;32;0;2;3;0;0;
47949;202000031431;154 687 110;A01;1;7;9;1;1;1;0;
47950;202000031432;154 687 109;A01;2;34;8;0;8;26;1;
47951;202000031433;154 687 108;A01;2;33;0;1;1;17;1;
47952;202000031434;154 687 106;A01;1;7;0;2;1;15;1;
47953;202000031434;154 687 107;B01;1;1;0;2;1;1;5;
47954;202000031435;154 687 104;A01;1;7;0;2;7;11;1;
47955;202000031435;154 687 105;B01;1;7;0;2;2;1;1;
47956;202000031436;154 687 102;B01;3;7;0;2;2;0;1;
47957;202000031436;154 687 103;A01;3;34;0;2;1;1;1;
47958;202000031437;154 687 101;A01;1;7;0;1;1;1;1;
47959;202000031438;154 687 099;A01;0;7;0;0;2;10;1;
47960;202000031438;154 687 100;B01;0;33;0;2;3;1;1;
47961;202000031439;154 687 097;B01;1;7;0;2;1;1;1;
47962;202000031439;154 687 098;A01;2;7;0;2;3;9;1;
47963;202000031440;154 687 095;B01;3;7;0;2;1;0;0;
47964;202000031440;154 687 096;A01;1;32;0;2;2;26;1;
47965;202000031441;154 687 093;A01;1;7;0;1;3;19;1;
47966;202000031442;154 687 091;B01;2;32;0;2;1;10;0;
47967;202000031442;154 687 092;A01;2;7;0;9;8;10;0;
47968;202000031443;154 687 090;B01;0;7;0;2;0;0;0;
47969;202000031443;154 687 094;A01;0;7;0;2;2;17;1;
47970;202000031444;154 687 089;A01;1;7;15;0;2;13;1;
47971;202000031445;154 687 088;Z01;1;7;0;1;1;1;1;
47972;202000031446;154 687 086;A01;1;7;7;0;1;1;0;
47973;202000031447;154 687 085;A01;3;7;0;0;1;1;1;
47974;202000031447;154 687 087;B01;1;1;0;2;8;1;5;
47975;202000031448;154 687 082;A01;3;7;0;2;1;19;1;
47976;202000031448;154 687 084;B01;2;7;0;0;8;1;1;
47977;202000031449;154 687 081;A01;2;7;0;2;1;0;1;
47978;202000031449;154 687 083;B01;2;7;0;2;4;2;1;
47979;202000031451;154 687 077;B01;1;7;4;2;6;2;1;
47980;202000031451;154 687 078;A01;1;7;0;2;2;2;1;
47981;202000031452;154 687 075;B01;1;1;0;2;8;1;0;
47982;202000031452;154 687 076;A01;1;10;0;2;3;15;1;
47983;202000031453;154 687 074;A01;1;7;13;0;2;1;1;
47984;202000031454;154 687 071;B01;1;7;0;2;1;1;1;
47985;202000031454;154 687 072;A01;2;15;0;2;7;1;1;
47986;202000031455;154 687 070;A01;1;10;13;2;2;13;1;
47987;202000031455;154 687 073;B01;2;15;0;2;2;1;1;
47988;202000031456;154 687 069;A01;1;36;16;0;9;14;1;
47989;202000031457;154 687 067;B01;1;7;0;2;2;9;1;
47990;202000031457;154 687 068;A01;1;1;0;2;1;1;5;
47991;202000031458;154 687 065;B01;1;15;0;2;1;1;6;
47992;202000031458;154 687 066;A01;2;7;0;2;1;17;6;
47993;202000031459;154 687 064;A01;3;33;0;0;0;26;1;
47994;202000031460;154 687 062;A01;1;32;1;0;2;1;1;
47995;202000031461;154 687 061;B01;1;7;3;2;2;1;1;
47996;202000031461;154 687 063;A01;2;7;0;2;3;15;1;
47997;202000031462;154 687 058;A01;1;15;0;0;8;13;1;
47998;202000031462;154 687 059;B01;2;7;0;0;9;21;1;
47999;202000031463;154 687 057;B01;1;33;0;2;1;2;1;
48000;202000031463;154 687 060;A01;1;7;0;2;3;9;1;
48001;202000031464;154 687 055;A01;1;33;0;0;0;17;1;
48002;202000031465;154 687 054;A01;1;10;0;2;3;13;0;
48003;202000031465;154 687 056;B01;2;7;0;2;3;1;0;
48004;202000031467;154 687 051;A01;2;7;0;2;1;9;1;
48005;202000031467;154 687 052;B01;1;7;0;2;1;2;1;
48006;202000031468;154 687 049;A01;2;33;0;2;1;17;1;
48007;202000031468;154 687 050;B01;1;7;0;2;3;15;1;
48008;202000031469;154 687 047;A01;2;7;0;2;8;11;1;
48009;202000031469;154 687 048;B01;2;33;0;2;2;3;1;
48010;202000031470;154 687 046;A01;1;2;0;0;8;1;1;
48011;202000031471;154 687 044;B01;2;7;0;2;6;1;1;
48012;202000031471;154 687 045;A01;2;33;0;2;2;3;1;
48013;202000031472;154 687 041;A01;1;7;0;1;1;1;1;
48014;202000031473;154 687 040;C01;1;1;8;0;1;1;5;
48015;202000031473;154 687 042;B01;1;1;0;2;1;1;5;
48016;202000031473;154 687 043;A01;2;10;0;2;2;11;0;
48017;202000031474;154 687 038;A01;3;7;0;2;1;2;1;
48018;202000031474;154 687 039;B01;3;42;0;2;1;2;1;
48019;202000031475;154 687 036;A01;0;7;0;0;5;16;1;
48020;202000031475;154 687 037;B01;3;2;0;0;1;1;1;
48021;202000031476;154 687 033;A01;1;33;0;2;2;3;1;
48022;202000031476;154 687 034;B01;1;10;0;2;2;14;1;
48023;202000031476;154 687 035;C01;1;7;0;2;3;1;1;
48024;202000031477;154 687 030;A01;2;7;0;2;1;2;1;
48025;202000031477;154 687 032;B01;2;33;0;0;4;2;1;
48026;202000031478;154 687 028;A01;2;7;1;2;3;5;1;
48027;202000031478;154 687 029;B01;1;10;0;2;3;17;1;
48028;202000031478;154 687 031;C01;1;7;0;2;3;23;1;
48029;202000031480;154 687 024;A01;2;50;0;2;1;17;3;
48030;202000031480;154 687 025;B01;2;7;0;2;3;15;2;
48031;202000031482;154 687 019;A01;1;30;0;2;1;1;1;
48032;202000031482;154 687 020;B01;0;7;0;2;3;15;0;
48033;202000031483;154 687 017;A01;3;7;0;1;1;1;1;
48034;202000031484;154 687 016;A01;2;7;0;2;8;22;1;
48035;202000031484;154 687 018;B01;2;1;0;2;1;1;5;
48036;202000031485;154 687 013;A01;2;7;0;2;2;15;0;
48037;202000031485;154 687 015;B01;1;7;0;2;1;1;1;
48038;202000031486;154 687 012;B01;2;1;0;2;1;1;5;
48039;202000031486;154 687 014;A01;2;10;0;2;3;22;1;
48040;202000031487;154 687 010;A01;2;7;0;1;0;15;1;
48041;202000031488;154 687 009;A01;2;7;0;2;3;13;1;
48042;202000031488;154 687 011;B01;1;7;0;2;3;1;1;
48043;202000031489;154 687 008;A01;1;7;2;0;1;1;1;
48044;202000031490;154 687 007;A01;1;10;0;1;2;15;1;
48045;202000031491;154 687 006;A01;2;7;2;0;3;1;1;
48046;202000031493;154 687 003;A01;2;36;0;0;0;1;1;
48047;202000031494;154 687 001;A01;1;33;14;0;1;2;1;
48048;202000031495;154 687 000;A01;3;7;0;2;7;1;1;
48049;202000031495;154 687 002;B01;3;30;0;2;8;1;3;
48050;202000031496;154 686 999;A01;1;36;2;0;3;1;1;
48051;202000031497;154 686 997;A01;1;7;0;0;0;1;1;
48052;202000031498;154 686 996;B01;1;99;1;2;1;0;0;
48053;202000031498;154 686 998;A01;1;7;1;2;1;1;1;
48054;202000031499;154 686 992;A01;1;31;0;0;9;21;1;
48055;202000031500;154 686 991;B01;1;7;0;2;2;1;1;
48056;202000031500;154 686 994;A01;1;7;0;2;1;1;1;
48057;202000031501;154 686 990;A01;1;7;13;0;3;0;1;
48058;202000031502;154 686 988;B01;3;1;0;2;3;26;5;
48059;202000031502;154 686 989;A01;2;7;0;2;2;1;1;
48060;202000031503;154 686 986;A01;1;7;0;2;3;13;1;
48061;202000031503;154 686 987;B01;2;7;0;2;3;1;1;
48062;202000031504;154 686 984;AB01;1;10;0;2;8;2;1;
48063;202000031504;154 686 985;A01;1;32;0;2;7;17;1;
48064;202000031505;154 686 982;B01;2;2;0;0;1;18;1;
48065;202000031505;154 686 983;A01;2;7;0;0;2;16;1;
48066;202000031506;154 686 981;A01;1;7;0;1;1;1;1;
48067;202000031507;154 686 979;B01;1;7;0;2;1;1;1;
48068;202000031507;154 686 980;A01;2;33;0;2;9;1;1;
48069;202000031508;154 686 978;A01;3;7;0;1;1;19;1;
48070;202000031509;154 686 975;B01;2;7;0;2;3;1;1;
48071;202000031509;154 686 977;A01;1;10;0;2;1;13;1;
48072;202000031510;154 686 974;A01;-1;7;0;2;1;26;0;
48073;202000031510;154 686 976;B01;-1;33;0;0;0;0;0;
48074;202000031511;154 686 971;A01;1;2;0;2;1;13;6;
48075;202000031511;154 686 973;B01;2;7;0;2;2;1;0;
48076;202000031512;154 686 970;A01;2;7;0;2;2;1;1;
48077;202000031512;154 686 972;B01;2;10;0;2;1;1;1;
48078;202000031513;154 686 968;A01;3;33;0;2;1;15;1;
48079;202000031513;154 686 969;B01;3;10;0;2;1;2;1;
48080;202000031514;154 686 967;A01;1;99;9;0;0;0;1;
48081;202000031515;154 686 965;A01;1;7;0;2;2;15;1;
48082;202000031515;154 686 966;B01;2;34;0;2;1;1;1;
48083;202000031516;154 686 964;A01;1;33;12;0;0;14;1;
48084;202000031517;154 686 962;B01;1;33;0;2;6;26;1;
48085;202000031517;154 686 963;A01;3;7;0;2;2;15;1;
48086;202000031518;154 686 960;B01;2;10;0;2;2;15;1;
48087;202000031518;154 686 961;A01;1;33;0;2;1;1;3;
48088;202000031519;154 686 958;A01;1;10;0;2;3;1;1;
48089;202000031519;154 686 959;B01;1;10;0;2;2;0;1;
48090;202000031520;154 686 957;A01;0;33;11;0;0;0;1;
48091;202000031522;154 686 955;A01;2;35;0;0;0;1;1;
48092;202000031523;154 686 952;C01;1;17;0;0;4;1;1;
48093;202000031523;154 686 953;B01;1;7;0;0;4;1;1;
48094;202000031523;154 686 954;A01;1;17;0;2;1;1;1;
48095;202000031524;154 686 949;A01;1;7;0;0;4;23;1;
48096;202000031524;154 686 950;B01;1;1;1;0;1;1;5;
48097;202000031525;154 686 948;A01;1;33;3;0;0;1;1;
48098;202000031526;154 686 946;B01;2;33;0;2;1;2;1;
48099;202000031526;154 686 947;A01;2;7;0;2;3;9;1;
48100;202000031527;154 686 944;B01;2;7;0;2;1;13;0;
48101;202000031527;154 686 945;A01;1;7;0;2;3;1;0;
48102;202000031528;154 686 943;A01;1;2;0;9;0;1;0;
48103;202000031529;154 686 941;A01;2;1;0;2;1;2;5;
48104;202000031529;154 686 942;B01;2;10;0;9;4;1;1;
48105;202000031531;154 686 938;A01;1;33;0;0;1;1;1;
48106;202000031532;154 686 937;A01;1;33;15;0;1;1;1;
48107;202000031533;154 686 935;B01;1;2;0;2;4;1;1;
48108;202000031533;154 686 936;A01;1;7;0;2;3;1;1;
48109;202000031534;154 686 933;A01;2;7;0;2;3;15;0;
48110;202000031534;154 686 934;B01;1;2;0;2;8;1;0;
48111;202000031535;154 686 931;B01;3;7;0;2;1;1;1;
48112;202000031535;154 686 932;A01;3;2;0;2;3;19;1;
48113;202000031536;154 686 929;A01;1;7;0;9;3;5;1;
48114;202000031536;154 686 930;B01;2;1;0;2;8;1;6;
48115;202000031537;154 686 927;B01;2;10;0;2;3;1;1;
48116;202000031537;154 686 928;A01;1;7;0;2;1;13;1;
48117;202000031538;154 686 926;A01;0;0;0;1;0;0;0;
48118;202000031539;154 686 924;B01;1;7;0;2;8;1;0;
48119;202000031539;154 686 925;A01;1;7;0;2;6;1;1;
48120;202000031540;154 686 922;B01;1;7;0;2;1;1;1;
48121;202000031540;154 686 923;A01;1;7;0;0;7;19;1;
48122;202000031541;154 686 920;A01;1;1;0;2;6;13;5;
48123;202000031541;154 686 921;B01;1;7;0;2;2;17;1;
48124;202000031542;154 686 919;A01;3;7;0;1;7;1;1;
48125;202000031543;154 686 917;A01;1;7;0;2;3;15;1;
48126;202000031543;154 686 918;B01;2;33;0;2;3;1;1;
48127;202000031544;154 686 916;A01;1;30;0;0;2;1;1;
48128;202000031545;154 686 914;A01;3;7;0;2;3;15;0;
48129;202000031545;154 686 915;B01;3;1;0;2;5;1;5;
48130;202000031546;154 686 913;A01;0;7;2;0;1;1;1;
48131;202000031547;154 686 912;A01;2;10;0;1;2;16;1;
48132;202000031548;154 686 911;A01;1;7;1;0;1;1;1;
48133;202000031549;154 686 908;B01;2;7;3;2;4;2;1;
48134;202000031549;154 686 909;C01;2;15;0;2;4;2;1;
48135;202000031549;154 686 910;A01;2;15;0;2;1;2;1;
48136;202000031551;154 686 906;A01;2;7;4;0;3;17;1;
48137;202000031552;154 686 905;A01;1;7;0;0;0;1;0;
48138;202000031553;154 686 903;B01;2;2;0;2;1;0;1;
48139;202000031553;154 686 904;A01;1;7;0;2;3;15;1;
48140;202000031554;154 686 901;B01;1;7;0;2;6;9;1;
48141;202000031554;154 686 902;A01;1;7;0;2;2;12;1;
48142;202000031555;154 686 900;A01;1;33;0;0;4;1;1;
48143;202000031556;154 686 898;B01;0;7;0;2;7;24;0;
48144;202000031556;154 686 899;A01;0;2;0;0;8;1;0;
48145;202000031557;154 686 896;B01;1;7;0;2;2;1;1;
48146;202000031557;154 686 897;A01;2;33;0;2;1;14;1;
48147;202000031558;154 686 895;A01;3;2;0;0;8;1;1;
48148;202000031559;154 686 893;A01;1;7;0;2;1;13;1;
48149;202000031559;154 686 894;B01;2;10;0;2;3;1;1;
48150;202000031560;154 686 892;A01;2;7;0;0;9;1;0;
48151;202000031561;154 686 890;B01;3;7;0;2;1;1;1;
48152;202000031561;154 686 891;A01;3;31;0;2;1;5;1;
48153;202000031562;154 686 888;A01;2;7;0;9;2;15;0;
48154;202000031562;154 686 889;B01;1;1;0;2;0;0;0;
48155;202000031563;154 686 886;B01;2;7;0;2;4;26;1;
48156;202000031563;154 686 887;A01;2;10;0;2;1;2;1;
48157;202000031564;154 686 885;A01;1;31;14;0;1;17;1;
48158;202000031565;154 686 884;A01;1;10;6;0;2;14;1;
48159;202000031566;154 686 883;A01;1;7;0;1;7;1;0;
48160;202000031567;154 686 879;B01;3;10;0;2;0;0;1;
48161;202000031567;154 686 880;A01;3;2;0;2;1;1;1;
48162;202000031568;154 686 877;B01;3;30;0;2;1;1;1;
48163;202000031568;154 686 878;A01;3;21;0;2;3;9;1;
48164;202000031569;154 686 875;B01;3;7;0;2;7;1;1;
48165;202000031569;154 686 876;A01;3;7;0;2;1;9;1;
48166;202000031570;154 686 873;A01;3;7;0;2;1;26;1;
48167;202000031570;154 686 874;B01;3;7;10;2;8;1;1;
48168;202000031571;154 686 872;A01;2;7;0;1;1;1;1;
48169;202000031572;154 686 870;B01;0;50;0;2;1;16;3;
48170;202000031572;154 686 871;A01;0;30;0;2;8;1;1;
48171;202000031574;154 686 866;B01;2;2;0;2;8;13;1;
48172;202000031574;154 686 867;A01;2;37;0;2;2;17;1;1.0
48173;202000031575;154 686 863;B01;2;7;0;2;2;12;1;
48174;202000031575;154 686 864;A01;2;32;0;2;6;2;1;
48175;202000031576;154 686 862;A01;1;7;0;2;0;9;0;
48176;202000031577;154 686 859;A01;2;7;0;2;1;2;1;
48177;202000031577;154 686 860;B01;2;7;0;2;6;23;1;
48178;202000031577;154 686 861;C01;2;7;0;2;5;23;1;
48179;202000031578;154 686 857;B01;2;7;0;2;1;1;1;
48180;202000031578;154 686 858;A01;1;1;0;2;3;19;5;
48181;202000031579;154 686 856;A01;1;7;0;1;2;1;1;
48182;202000031580;154 686 854;B01;2;1;0;2;7;1;5;
48183;202000031580;154 686 855;A01;2;7;0;2;1;1;1;
48184;202000031581;154 686 851;A01;0;7;0;2;3;13;0;
48185;202000031581;154 686 852;C01;0;7;0;2;1;1;1;
48186;202000031581;154 686 853;B01;0;7;0;2;8;1;1;
48187;202000031582;154 686 850;A01;1;7;0;1;2;1;1;
48188;202000031583;154 686 849;A01;2;7;0;1;6;1;1;
48189;202000031584;154 686 847;A01;1;30;0;2;1;1;1;
48190;202000031584;154 686 848;B01;1;7;0;2;8;1;1;
48191;202000031585;154 686 845;B01;2;1;0;2;1;19;5;
48192;202000031585;154 686 846;A01;1;7;0;9;2;1;1;
48193;202000031586;154 686 843;A01;1;7;0;2;1;19;1;
48194;202000031586;154 686 844;B01;1;1;0;2;7;1;5;
48195;202000031587;154 686 842;A01;1;7;0;1;1;1;1;
48196;202000031589;154 686 840;A01;2;2;1;0;1;16;1;
48197;202000031590;154 686 838;B01;1;1;0;2;0;0;5;
48198;202000031590;154 686 839;A01;0;10;0;2;0;0;1;
48199;202000031591;154 686 836;A01;3;7;0;2;1;0;1;
48200;202000031591;154 686 837;B01;0;7;0;2;4;0;1;
48201;202000031593;154 686 834;A01;0;7;0;1;2;26;1;
48202;202000031594;154 686 832;A01;0;14;0;2;1;16;1;
48203;202000031594;154 686 833;B01;0;1;0;2;1;1;2;
48204;202000031595;154 686 831;A01;2;7;1;0;2;14;1;
48205;202000031596;154 686 830;A01;1;7;0;1;2;1;1;
48206;202000031597;154 686 828;A01;1;7;0;2;7;12;1;
48207;202000031597;154 686 829;B01;1;33;0;2;8;9;1;
48208;202000031598;154 686 826;A01;1;7;0;2;5;13;1;
48209;202000031598;154 686 827;B01;2;7;0;2;1;1;1;
48210;202000031600;154 686 824;A01;1;7;6;0;1;13;1;
48211;202000031601;154 686 822;A01;2;1;0;2;7;19;5;
48212;202000031601;154 686 823;B01;1;7;0;2;1;1;1;
48213;202000031602;154 686 821;A01;1;31;0;0;7;26;1;
48214;202000031603;154 686 818;A01;1;7;0;2;1;0;0;
48215;202000031603;154 686 819;B01;1;7;0;2;4;2;1;
48216;202000031603;154 686 820;C01;1;7;0;2;4;2;1;
48217;202000031604;154 686 816;A01;2;34;0;2;1;1;1;
48218;202000031604;154 686 817;B01;2;10;0;2;4;19;1;
48219;202000031605;154 686 814;A01;3;7;0;2;1;2;0;
48220;202000031605;154 686 815;B01;3;7;0;2;4;2;0;
48221;202000031607;154 686 811;A01;1;7;0;1;1;1;1;
48222;202000031608;154 686 810;A01;1;10;0;1;3;9;1;
48223;202000031609;154 686 808;A01;1;30;0;2;0;1;1;
48224;202000031609;154 686 809;B01;1;7;0;2;0;23;1;
48225;202000031610;154 686 806;B01;1;7;0;2;1;2;1;
48226;202000031610;154 686 807;A01;2;10;0;2;7;19;1;
48227;202000031611;154 686 804;A01;2;7;0;2;1;2;1;
48228;202000031611;154 686 805;B01;2;2;0;2;4;2;1;
48229;202000031612;154 686 803;A01;1;7;4;0;1;16;1;
48230;202000031613;154 686 802;A01;2;7;2;1;3;13;1;
48231;202000031614;154 686 800;B01;1;7;0;2;1;15;1;
48232;202000031614;154 686 801;A01;2;30;0;2;7;1;1;
48233;202000031615;154 686 798;A01;3;7;0;2;1;1;1;
48234;202000031615;154 686 799;B01;3;7;0;2;4;1;1;
48235;202000031616;154 686 797;A01;3;7;1;0;2;14;1;
48236;202000031617;154 686 795;B01;1;10;0;2;7;0;1;
48237;202000031617;154 686 796;A01;1;7;0;2;1;26;1;
48238;202000031618;154 686 793;A01;1;33;0;2;7;17;1;
48239;202000031618;154 686 794;B01;2;7;0;2;1;1;1;
48240;202000031619;154 686 791;B01;1;10;0;2;1;1;1;
48241;202000031619;154 686 792;A01;1;2;0;2;1;5;1;
48242;202000031620;154 686 789;A01;1;7;0;2;2;14;0;
48243;202000031620;154 686 790;B01;1;2;0;2;8;15;0;
48244;202000031621;154 686 787;B01;1;7;0;2;4;23;1;
48245;202000031621;154 686 788;A01;1;7;0;2;1;2;1;
48246;202000031622;154 686 785;B01;1;7;0;2;6;9;1;
48247;202000031622;154 686 786;A01;1;17;0;2;2;1;1;
48248;202000031623;154 686 784;A01;1;10;4;0;1;13;1;
48249;202000031624;154 686 783;A01;1;1;0;9;1;1;5;
48250;202000031626;154 686 779;B01;3;43;0;2;1;1;1;
48251;202000031626;154 686 780;A01;3;7;0;2;1;16;1;
48252;202000031627;154 686 778;A01;1;7;0;1;1;1;1;
48253;202000031628;154 686 776;B01;3;32;0;2;4;23;6;
48254;202000031628;154 686 777;A01;3;7;0;2;1;1;6;
48255;202000031629;154 686 774;B01;1;80;0;2;4;13;3;
48256;202000031629;154 686 775;A01;1;30;0;2;1;17;1;
48257;202000031631;154 686 771;A01;1;7;0;1;2;1;1;
48258;202000031632;154 686 770;A01;2;1;0;1;1;1;5;
48259;202000031633;154 686 768;B01;3;32;0;2;8;1;1;
48260;202000031633;154 686 769;A01;3;7;0;2;2;1;1;
48261;202000031634;154 686 766;B01;1;1;9;2;1;1;5;
48262;202000031634;154 686 767;A01;1;7;0;2;2;16;1;
48263;202000031635;154 686 764;A01;2;7;0;2;3;7;1;
48264;202000031635;154 686 765;B01;1;1;0;2;1;8;5;
48265;202000031637;154 686 761;A01;2;32;9;2;7;14;1;
48266;202000031638;154 686 759;A01;1;7;0;2;3;9;1;
48267;202000031638;154 686 760;B01;1;33;0;2;1;1;1;
48268;202000031639;154 686 757;B01;2;50;1;0;1;1;3;