;Num_Acc;id_vehicule;num_veh;senc;catv;obs;obsm;choc;manv;motor;occutc
48269;202000031639;154 686 758;A01;2;10;0;2;7;23;1;
48270;202000031640;154 686 755;A01;1;7;1;1;3;1;0;
48271;202000031640;154 686 756;B01;1;7;1;2;3;20;0;
48272;202000031641;154 686 753;A01;2;7;0;2;2;21;0;
48273;202000031641;154 686 754;B01;2;7;0;9;6;1;0;
48274;202000031642;154 686 751;A01;-1;7;0;2;4;23;0;
48275;202000031642;154 686 752;B01;-1;7;0;2;1;26;0;
48276;202000031643;154 686 750;A01;-1;13;0;1;1;2;1;
48277;202000031644;154 686 748;A01;0;7;0;2;1;2;1;
48278;202000031644;154 686 749;B01;0;7;0;2;7;2;1;
48279;202000031645;154 686 747;A01;-1;37;0;1;2;9;1;1.0
48280;202000031646;154 686 745;A01;1;34;0;2;8;18;1;
48281;202000031646;154 686 746;B01;1;7;0;0;7;16;0;
48282;202000031647;154 686 744;A01;2;7;0;1;2;9;0;
48283;202000031648;154 686 742;B01;1;50;0;2;1;11;3;
48284;202000031648;154 686 743;A01;1;10;0;2;2;1;1;
48285;202000031649;154 686 741;A01;1;7;0;1;4;4;1;
48286;202000031650;154 686 739;B01;2;20;0;0;2;2;0;
48287;202000031650;154 686 740;A01;2;33;0;0;9;18;0;
48288;202000031651;154 686 738;A01;1;7;1;1;1;1;1;
48289;202000031652;154 686 736;B01;2;33;0;2;3;26;1;
48290;202000031652;154 686 737;A01;2;7;0;2;3;26;1;
48291;202000031653;154 686 733;C01;2;7;1;0;4;0;1;
48292;202000031653;154 686 734;B01;2;32;1;2;1;0;1;
48293;202000031653;154 686 735;A01;1;7;0;2;1;10;1;
48294;202000031654;154 686 731;B01;2;7;0;2;2;9;1;
48295;202000031654;154 686 732;A01;1;7;0;2;1;9;1;
48296;202000031655;154 686 729;B01;2;7;0;2;1;1;1;
48297;202000031655;154 686 730;A01;1;7;0;2;2;1;1;
48298;202000031657;154 686 726;A01;0;7;0;1;4;24;1;
48299;202000031658;154 686 724;A01;2;33;0;2;1;17;1;
48300;202000031658;154 686 725;B01;1;7;0;2;1;15;1;
48301;202000031659;154 686 722;B01;0;10;0;2;1;1;1;
48302;202000031659;154 686 723;A01;0;7;0;2;2;1;1;
48303;202000031660;154 686 721;A01;1;7;13;0;1;17;1;
48304;202000031661;154 686 719;B01;2;2;0;2;8;18;1;
48305;202000031661;154 686 720;A01;2;7;0;2;2;12;1;
48306;202000031662;154 686 716;A01;1;7;0;2;3;5;1;
48307;202000031662;154 686 717;B01;1;7;0;2;3;17;1;
48308;202000031662;154 686 718;C01;1;7;0;2;3;1;1;
48309;202000031663;154 686 715;A01;1;7;6;0;1;19;1;
48310;202000031664;154 686 714;A01;1;7;6;0;1;1;1;
48311;202000031665;154 686 713;A01;1;7;3;0;2;0;0;
48312;202000031666;154 686 711;A01;1;7;0;2;1;6;1;
48313;202000031666;154 686 712;B01;2;14;0;2;1;1;1;
48314;202000031667;154 686 709;A01;2;7;0;0;7;1;0;
48315;202000031667;154 686 710;B01;1;7;0;2;1;1;0;
48316;202000031668;154 686 707;B01;1;1;0;2;1;1;0;
48317;202000031668;154 686 708;A01;3;7;0;2;3;5;0;
48318;202000031669;154 686 705;A01;2;7;0;2;1;13;1;
48319;202000031669;154 686 706;B01;1;7;0;2;1;1;1;
48320;202000031670;154 686 703;B01;2;7;0;2;1;1;1;
48321;202000031670;154 686 704;A01;1;7;0;2;1;1;1;
48322;202000031672;154 686 699;A01;1;7;0;2;3;1;1;
48323;202000031672;154 686 700;B01;2;10;0;2;3;1;1;
48324;202000031673;154 686 693;A01;2;7;0;2;1;11;1;
48325;202000031673;154 686 694;B01;1;7;0;2;1;1;1;
48326;202000031674;154 686 691;A01;3;7;0;2;3;1;1;
48327;202000031674;154 686 692;B01;3;21;0;2;6;3;1;
48328;202000031675;154 686 689;A01;1;7;0;2;3;15;1;
48329;202000031675;154 686 690;B01;2;32;0;2;1;1;1;
48330;202000031676;154 686 688;A01;3;7;0;1;2;2;1;
48331;202000031677;154 686 686;A01;0;1;0;2;8;19;5;
48332;202000031677;154 686 687;B01;2;7;0;2;1;1;1;
48333;202000031679;154 686 680;A01;0;7;0;2;6;9;0;
48334;202000031679;154 686 681;B01;3;33;0;2;7;1;1;
48335;202000031681;154 686 678;A01;0;7;0;1;1;1;1;
48336;202000031682;154 686 674;A01;2;7;0;2;3;0;1;
48337;202000031682;154 686 675;B01;1;7;0;0;3;1;1;
48338;202000031683;154 686 673;A01;1;7;0;1;3;1;1;
48339;202000031684;154 686 672;A01;2;7;13;0;3;13;0;
48340;202000031685;154 686 671;A01;0;2;0;0;0;1;1;
48341;202000031686;154 686 670;A01;1;7;14;0;1;26;1;
48342;202000031687;154 686 668;A01;1;7;0;2;7;13;1;
48343;202000031687;154 686 669;B01;2;7;0;2;1;1;1;
48344;202000031688;154 686 667;A01;1;31;16;0;7;2;1;
48345;202000031689;154 686 666;A01;1;7;13;0;0;1;1;
48346;202000031690;154 686 664;A01;2;7;0;2;3;21;1;
48347;202000031690;154 686 665;B01;1;17;0;2;8;1;1;
48348;202000031691;154 686 661;A01;1;7;0;2;3;13;1;
48349;202000031691;154 686 662;B01;2;7;0;2;2;1;1;
48350;202000031691;154 686 663;C01;2;7;0;2;1;1;1;
48351;202000031692;154 686 659;B01;1;17;0;2;4;2;1;
48352;202000031692;154 686 660;A01;1;7;3;2;1;2;1;
48353;202000031693;154 686 656;C01;1;7;0;0;6;1;1;
48354;202000031693;154 686 657;B01;1;7;0;2;4;1;1;
48355;202000031693;154 686 658;A01;1;7;0;2;1;12;1;
48356;202000031694;154 686 655;A01;3;2;13;0;0;1;1;
48357;202000031695;154 686 654;A01;2;33;6;0;3;1;1;
48358;202000031696;154 686 651;C01;2;7;0;2;1;1;1;
48359;202000031696;154 686 652;B01;1;7;0;2;4;15;1;
48360;202000031696;154 686 653;A01;1;10;0;2;1;2;1;
48361;202000031697;154 686 649;B01;1;10;0;2;2;1;1;
48362;202000031697;154 686 650;A01;2;10;0;2;8;16;1;
48363;202000031698;154 686 647;B01;3;7;0;9;1;1;1;
48364;202000031698;154 686 648;A01;3;1;0;2;5;2;5;
48365;202000031699;154 686 645;B01;1;2;0;2;1;1;1;
48366;202000031699;154 686 646;A01;2;7;0;2;8;15;1;
48367;202000031700;154 686 644;A01;1;10;0;2;2;14;1;
48368;202000031701;154 686 642;Z01;2;7;0;2;1;0;0;
48369;202000031701;154 686 643;B01;2;7;0;2;4;1;1;
48370;202000031702;154 686 640;A01;1;7;0;2;2;12;1;
48371;202000031702;154 686 641;B01;1;32;0;2;3;3;1;
48372;202000031703;154 686 638;A01;2;7;0;2;1;1;1;
48373;202000031703;154 686 639;B01;2;7;0;2;4;2;1;
48374;202000031704;154 686 634;D01;2;7;0;2;4;1;1;
48375;202000031704;154 686 635;C01;2;7;0;2;4;1;1;
48376;202000031704;154 686 636;B01;2;7;4;2;6;1;1;
48377;202000031704;154 686 637;A01;2;7;4;2;2;12;1;
48378;202000031705;154 686 633;A01;1;33;3;0;1;9;1;
48379;202000031708;154 686 628;A01;1;7;4;0;1;9;1;
48380;202000031710;154 686 623;B01;2;33;0;2;1;1;1;
48381;202000031710;154 686 624;A01;2;7;0;2;3;15;1;
48382;202000031711;154 686 621;A01;2;33;0;2;1;18;1;
48383;202000031711;154 686 622;B01;1;7;0;2;7;15;1;
48384;202000031712;154 686 619;B01;1;7;0;2;8;19;1;
48385;202000031712;154 686 620;A01;1;37;0;2;1;1;1;1.0
48386;202000031713;154 686 618;A01;1;7;0;1;1;1;1;
48387;202000031714;154 686 616;B01;1;7;0;2;8;0;0;
48388;202000031714;154 686 617;A01;1;7;0;2;3;15;0;
48389;202000031715;154 686 615;A01;3;7;0;1;1;16;1;
48390;202000031716;154 686 613;A01;3;7;0;2;4;23;0;
48391;202000031716;154 686 614;B01;3;30;0;2;1;1;0;
48392;202000031717;154 686 612;A01;3;30;0;0;0;26;1;
48393;202000031718;154 686 609;Z01;0;7;0;0;0;0;0;
48394;202000031718;154 686 610;B01;2;7;0;2;8;21;1;
48395;202000031718;154 686 611;C01;2;7;0;2;5;2;1;
48396;202000031719;154 686 606;F01;3;10;1;2;2;24;1;
48397;202000031719;154 686 607;D01;3;7;0;2;1;24;1;
48398;202000031719;154 686 608;A01;1;7;1;0;1;1;1;
48399;202000031720;154 686 604;A01;2;1;0;2;8;15;5;
48400;202000031720;154 686 605;B01;1;7;0;2;1;1;1;
48401;202000031721;154 686 603;A01;2;7;8;0;1;14;1;
48402;202000031722;154 686 601;A01;1;7;0;2;7;14;1;
48403;202000031722;154 686 602;B01;1;7;0;2;8;1;1;
48404;202000031723;154 686 599;B01;3;31;0;2;8;2;1;
48405;202000031723;154 686 600;A01;2;7;0;2;1;9;1;
48406;202000031724;154 686 598;A01;1;1;0;1;7;1;5;
48407;202000031725;154 686 596;B01;0;1;0;2;1;1;0;
48408;202000031725;154 686 597;A01;0;32;0;0;3;1;1;
48409;202000031726;154 686 595;A01;2;14;0;0;7;1;1;
48410;202000031727;154 686 593;B01;0;7;0;2;5;1;1;
48411;202000031727;154 686 594;A01;0;1;0;2;1;1;0;
48412;202000031728;154 686 592;A01;3;7;4;0;9;0;1;
48413;202000031731;154 686 586;B01;1;7;0;2;1;1;1;
48414;202000031731;154 686 587;A01;1;7;0;2;6;1;1;
48415;202000031732;154 686 585;A01;1;37;0;1;2;21;1;1.0
48416;202000031733;154 686 584;A01;2;7;0;1;1;1;0;
48417;202000031735;154 686 580;B01;2;30;0;4;8;1;1;
48418;202000031735;154 686 581;A01;1;40;0;2;1;1;3;
48419;202000031736;154 686 578;A01;1;7;0;2;3;16;1;
48420;202000031736;154 686 579;B01;2;1;0;2;1;1;5;
48421;202000031737;154 686 576;A01;0;7;0;2;1;9;1;
48422;202000031737;154 686 577;B01;0;32;0;2;8;1;0;
48423;202000031738;154 686 574;A01;1;31;0;2;1;17;1;
48424;202000031738;154 686 575;B01;1;7;0;2;6;15;1;
48425;202000031739;154 686 572;A01;1;7;0;2;6;10;1;
48426;202000031739;154 686 573;B01;1;33;0;2;2;1;1;
48427;202000031740;154 686 570;A01;3;33;0;2;7;17;1;
48428;202000031740;154 686 571;B01;3;10;0;2;8;13;1;
48429;202000031741;154 686 569;A01;1;33;0;0;7;1;1;
48430;202000031742;154 686 567;B01;2;1;1;0;1;1;5;
48431;202000031742;154 686 568;A01;2;7;1;0;3;26;1;
48432;202000031743;154 686 566;A01;2;7;0;1;1;15;1;
48433;202000031744;154 686 565;A01;2;7;8;0;1;14;1;
48434;202000031745;154 686 563;B01;0;7;0;2;3;2;1;
48435;202000031745;154 686 564;A01;0;1;0;2;1;19;5;
48436;202000031746;154 686 562;A01;3;7;1;0;0;14;1;
48437;202000031747;154 686 561;A01;3;33;1;0;1;12;1;
48438;202000031748;154 686 559;B01;1;14;0;2;1;2;1;
48439;202000031748;154 686 560;A01;1;7;0;2;4;2;1;
48440;202000031749;154 686 557;A01;1;7;0;2;1;0;1;
48441;202000031749;154 686 558;B01;1;1;0;2;1;0;5;
48442;202000031750;154 686 555;B01;2;7;0;2;7;1;1;
48443;202000031750;154 686 556;A01;2;32;0;2;1;16;1;
48444;202000031751;154 686 553;B01;0;1;0;2;1;1;5;
48445;202000031751;154 686 554;A01;0;1;0;2;1;1;5;
48446;202000031752;154 686 551;A01;1;7;0;2;5;15;1;
48447;202000031752;154 686 552;B01;2;33;0;2;7;1;1;
48448;202000031754;154 686 547;A01;2;7;0;2;1;2;1;
48449;202000031754;154 686 548;B01;2;7;0;2;4;2;1;
48450;202000031755;154 686 545;B01;0;2;0;0;0;0;0;
48451;202000031755;154 686 546;A01;0;7;0;0;8;15;0;
48452;202000031756;154 686 543;A01;0;7;0;2;3;15;0;
48453;202000031756;154 686 544;B01;-1;7;0;2;2;1;1;
48454;202000031757;154 686 542;A01;0;32;0;0;0;1;1;
48455;202000031758;154 686 541;A01;0;30;0;0;0;14;1;
48456;202000031759;154 686 539;A01;2;1;0;2;2;13;5;
48457;202000031759;154 686 540;B01;1;7;0;2;1;1;1;
48458;202000031760;154 686 537;B01;2;2;0;2;1;18;0;
48459;202000031760;154 686 538;A01;2;7;0;0;2;16;0;
48460;202000031761;154 686 535;B01;0;2;0;2;8;1;1;
48461;202000031761;154 686 536;A01;0;10;0;2;3;9;0;
48462;202000031762;154 686 533;A01;1;7;0;2;2;19;0;
48463;202000031762;154 686 534;B01;2;2;0;2;8;1;1;
48464;202000031764;154 686 529;A01;2;7;13;0;7;26;1;
48465;202000031765;154 686 527;A01;3;1;0;2;1;5;5;
48466;202000031765;154 686 528;B01;3;7;0;2;2;16;1;
48467;202000031766;154 686 525;B01;1;7;0;2;6;17;1;
48468;202000031766;154 686 526;A01;2;2;0;2;8;1;1;
48469;202000031767;154 686 522;C01;2;7;0;2;3;23;1;
48470;202000031767;154 686 523;B01;1;7;9;2;3;1;1;
48471;202000031767;154 686 524;A01;1;7;0;2;2;15;1;
48472;202000031768;154 686 521;A01;0;10;0;1;1;1;1;
48473;202000031769;154 686 516;A01;2;3;1;0;2;14;0;
48474;202000031769;154 686 517;B01;2;7;0;0;6;0;1;
48475;202000031769;154 686 518;C01;2;7;0;0;8;0;0;
48476;202000031770;154 686 514;A01;3;15;0;2;8;15;1;
48477;202000031770;154 686 515;B01;2;33;0;2;1;1;1;
48478;202000031771;154 686 513;A01;0;7;2;0;2;1;1;
48479;202000031773;154 686 510;A01;1;7;0;2;8;15;0;
48480;202000031773;154 686 511;B01;1;33;0;2;7;17;0;
48481;202000031774;154 686 509;A01;1;7;10;0;1;15;1;
48482;202000031775;154 686 507;A01;0;7;0;0;4;15;0;
48483;202000031775;154 686 508;B01;0;2;0;2;1;2;0;
48484;202000031776;154 686 506;A01;1;7;0;1;2;9;1;
48485;202000031777;154 686 504;B01;1;7;0;2;1;1;1;
48486;202000031777;154 686 505;A01;2;7;0;2;1;5;1;
48487;202000031778;154 686 503;A01;2;7;13;0;1;1;1;
48488;202000031779;154 686 501;B01;2;7;0;6;1;1;0;
48489;202000031779;154 686 502;A01;1;7;0;6;1;1;0;
48490;202000031780;154 686 500;A01;1;7;2;0;3;1;1;
48491;202000031781;154 686 498;A01;2;7;0;2;0;0;1;
48492;202000031781;154 686 499;B01;2;7;0;0;4;1;1;
48493;202000031782;154 686 496;A01;2;7;13;0;3;1;1;
48494;202000031783;154 686 494;B01;2;15;0;2;3;0;1;
48495;202000031783;154 686 495;A01;1;7;0;2;3;5;1;
48496;202000031784;154 686 493;A01;0;2;14;0;1;1;1;
48497;202000031785;154 686 491;B01;2;7;0;0;1;15;1;
48498;202000031785;154 686 492;A01;1;33;0;0;1;1;1;
48499;202000031786;154 686 489;A01;2;7;0;2;5;15;1;
48500;202000031786;154 686 490;B01;1;33;0;2;1;1;1;
48501;202000031787;154 686 487;B01;3;7;0;2;1;1;1;
48502;202000031787;154 686 488;A01;3;7;0;2;1;13;1;
48503;202000031789;154 686 483;A01;1;14;0;2;1;1;1;
48504;202000031789;154 686 484;B01;0;7;0;2;3;0;1;
48505;202000031790;154 686 481;B01;2;7;0;2;1;1;1;
48506;202000031790;154 686 482;A01;1;7;7;2;1;13;1;
48507;202000031791;154 686 480;A01;1;7;2;0;1;2;1;
48508;202000031792;154 686 479;A01;2;7;6;0;1;14;1;
48509;202000031794;154 686 477;A01;0;7;2;0;1;1;1;
48510;202000031795;154 686 476;A01;1;7;16;0;3;9;1;
48511;202000031796;154 686 474;A01;3;7;0;9;2;2;1;
48512;202000031796;154 686 475;B01;3;1;0;0;4;1;5;
48513;202000031797;154 686 472;A01;1;7;0;2;2;1;1;
48514;202000031797;154 686 473;B01;2;7;0;2;3;1;1;
48515;202000031798;154 686 471;A01;3;7;2;0;1;1;0;
48516;202000031799;154 686 470;A01;3;7;0;1;1;9;1;
48517;202000031800;154 686 467;A01;2;10;0;2;4;26;1;
48518;202000031800;154 686 468;B01;2;7;1;0;4;0;1;
48519;202000031800;154 686 469;C01;2;7;1;0;1;0;1;
48520;202000031801;154 686 465;A01;1;7;0;2;4;2;1;
48521;202000031801;154 686 466;B01;1;7;0;2;1;2;1;
48522;202000031802;154 686 463;A01;1;7;0;2;4;1;1;
48523;202000031802;154 686 464;B01;1;7;0;2;3;1;1;
48524;202000031803;154 686 462;A01;1;10;9;0;1;1;1;
48525;202000031804;154 686 460;A01;1;7;0;2;1;1;1;
48526;202000031804;154 686 461;B01;1;7;0;2;4;1;1;
48527;202000031806;154 686 457;A01;2;33;3;0;0;14;1;
48528;202000031807;154 686 455;A01;2;7;0;2;1;2;1;
48529;202000031807;154 686 456;B01;2;7;0;2;6;2;1;
48530;202000031808;154 686 454;A01;2;7;3;0;1;26;1;
48531;202000031810;154 686 452;A01;2;7;0;2;0;26;1;
48532;202000031811;154 686 449;C01;2;7;0;2;4;2;1;
48533;202000031811;154 686 450;B01;2;7;0;2;4;2;1;
48534;202000031811;154 686 451;A01;2;7;0;2;1;2;1;
48535;202000031812;154 686 447;B01;1;7;0;2;4;2;1;
48536;202000031812;154 686 448;A01;1;10;0;2;1;2;1;
48537;202000031813;154 686 446;A01;1;7;6;0;9;2;1;
48538;202000031814;154 686 444;A01;1;7;0;2;5;18;1;
48539;202000031814;154 686 445;B01;1;7;3;2;5;1;1;
48540;202000031815;154 686 443;A01;1;33;12;0;1;26;1;
48541;202000031816;154 686 442;A01;1;1;0;2;7;13;5;
48542;202000031817;154 686 440;A01;3;7;0;2;7;16;1;
48543;202000031817;154 686 441;B01;3;1;0;2;1;19;5;
48544;202000031818;154 686 438;B01;1;10;0;2;3;14;1;
48545;202000031818;154 686 439;A01;1;7;0;2;2;17;1;
48546;202000031819;154 686 436;B01;1;7;0;2;8;10;1;
48547;202000031819;154 686 437;A01;1;10;0;2;1;17;1;
48548;202000031820;154 686 434;B01;1;1;0;2;8;1;0;
48549;202000031820;154 686 435;A01;0;7;0;2;1;15;0;
48550;202000031821;154 686 433;A01;2;7;0;1;3;15;1;
48551;202000031822;154 686 431;B01;1;7;0;2;6;1;6;
48552;202000031822;154 686 432;A01;2;7;0;2;3;13;6;
48553;202000031823;154 686 430;A01;1;33;12;0;1;26;1;
48554;202000031824;154 686 428;B01;3;7;0;2;0;1;1;
48555;202000031824;154 686 429;A01;3;7;0;2;1;9;1;
48556;202000031825;154 686 426;B01;1;10;0;2;4;1;0;
48557;202000031825;154 686 427;A01;1;31;0;2;1;1;0;
48558;202000031826;154 686 425;Y01;3;1;8;0;1;26;0;
48559;202000031828;154 686 416;A01;1;7;0;2;1;26;1;
48560;202000031828;154 686 417;B01;1;7;0;2;4;2;1;
48561;202000031828;154 686 418;C01;1;7;0;2;4;2;1;
48562;202000031829;154 686 414;A01;1;7;0;2;0;9;1;
48563;202000031829;154 686 415;B01;0;50;0;0;0;0;3;
48564;202000031830;154 686 412;B01;2;7;0;2;0;0;1;
48565;202000031830;154 686 413;A01;1;7;0;2;0;0;1;
48566;202000031831;154 686 406;B01;1;7;0;2;1;1;0;
48567;202000031831;154 686 407;D01;1;7;0;2;5;1;0;
48568;202000031831;154 686 408;C01;1;7;0;2;1;23;0;
48569;202000031831;154 686 409;A01;2;7;0;2;1;1;0;
48570;202000031832;154 686 404;B01;3;7;0;2;4;23;1;
48571;202000031832;154 686 405;A01;3;7;0;2;1;2;1;
48572;202000031833;154 686 401;B01;1;7;0;2;4;1;1;
48573;202000031833;154 686 402;C01;1;7;1;0;4;20;1;
48574;202000031833;154 686 403;Z01;1;10;0;2;1;1;1;
48575;202000031834;154 686 400;A01;1;7;0;1;3;0;1;
48576;202000031835;154 686 399;A01;1;7;12;1;1;26;1;
48577;202000031836;154 686 397;B01;1;10;0;2;1;2;1;
48578;202000031836;154 686 398;A01;1;10;4;2;4;26;1;
48579;202000031837;154 686 395;A01;1;7;0;2;1;2;1;
48580;202000031837;154 686 396;B01;1;7;0;2;4;23;1;
48581;202000031838;154 686 393;A01;1;80;0;2;2;1;3;
48582;202000031838;154 686 394;B01;1;7;0;2;3;1;1;
48583;202000031840;154 686 390;B01;1;50;0;2;0;1;3;
48584;202000031840;154 686 391;Z01;1;7;0;9;0;1;0;
48585;202000031841;154 686 388;B01;1;30;0;2;8;1;1;
48586;202000031841;154 686 389;A01;1;7;0;2;1;15;1;
48587;202000031842;154 686 386;A01;3;33;0;2;3;18;1;
48588;202000031842;154 686 387;B01;3;7;0;2;5;2;1;
48589;202000031843;154 686 385;A01;3;7;0;1;1;1;2;
48590;202000031844;154 686 383;B01;0;7;0;2;3;1;1;
48591;202000031844;154 686 384;A01;0;1;0;2;1;1;5;
48592;202000031845;154 686 382;A01;2;7;0;1;2;15;0;
48593;202000031846;154 686 381;A01;2;7;12;0;2;15;1;
48594;202000031848;154 686 377;B01;1;7;0;2;1;1;1;
48595;202000031848;154 686 378;A01;1;7;0;2;4;23;1;
48596;202000031849;154 686 375;A01;1;7;0;2;3;15;1;
48597;202000031849;154 686 376;B01;1;30;0;2;1;1;1;
48598;202000031850;154 686 374;A01;2;7;1;0;1;1;0;
48599;202000031851;154 686 372;A01;1;7;0;2;1;1;1;
48600;202000031851;154 686 373;B01;1;7;0;2;4;1;0;
48601;202000031852;154 686 371;A01;3;7;0;1;1;1;1;
48602;202000031853;154 686 369;B01;1;31;0;2;8;9;1;
48603;202000031853;154 686 370;A01;1;14;0;2;7;1;1;
48604;202000031854;154 686 368;A01;2;14;0;1;3;15;1;
48605;202000031855;154 686 366;B01;1;7;0;2;2;20;1;
48606;202000031855;154 686 367;A01;1;30;1;2;9;1;1;
48607;202000031856;154 686 364;A01;3;7;0;2;8;22;1;
48608;202000031856;154 686 365;B01;3;1;0;2;1;1;5;
48609;202000031857;154 686 362;B01;3;7;0;2;3;1;1;
48610;202000031857;154 686 363;A01;1;7;0;2;2;15;1;
48611;202000031858;154 686 359;C01;1;10;0;2;5;1;1;
48612;202000031858;154 686 360;A01;1;33;0;2;1;2;1;
48613;202000031858;154 686 361;B01;1;7;0;2;6;2;1;
48614;202000031859;154 686 358;A01;1;1;0;1;1;1;5;
48615;202000031861;154 686 355;A01;1;34;0;2;3;9;1;
48616;202000031861;154 686 356;B01;2;50;0;2;1;1;3;
48617;202000031863;154 686 351;A01;1;1;0;1;1;1;5;
48618;202000031865;154 686 347;A01;3;7;0;2;6;26;0;
48619;202000031865;154 686 348;B01;2;7;0;2;2;0;1;
48620;202000031866;154 686 346;A01;1;3;0;1;1;13;0;
48621;202000031868;154 686 342;B01;1;3;0;2;3;9;1;
48622;202000031868;154 686 343;A01;2;3;0;2;1;1;1;
48623;202000031868;154 686 344;C01;2;7;0;2;5;1;1;
48624;202000031869;154 686 340;A01;1;7;6;2;7;1;1;
48625;202000031869;154 686 341;B01;2;7;0;2;1;0;0;
48626;202000031870;154 686 339;A01;2;32;0;1;1;26;0;
48627;202000031871;154 686 338;A01;1;7;0;1;2;2;1;
48628;202000031872;154 686 336;A01;3;7;0;2;1;1;0;
48629;202000031872;154 686 337;B01;3;10;0;0;0;0;0;
48630;202000031873;154 686 335;Z01;1;7;0;1;2;0;0;
48631;202000031874;154 686 333;A01;3;7;0;2;1;1;1;
48632;202000031874;154 686 334;B01;3;7;0;2;4;2;1;
48633;202000031875;154 686 331;B01;2;2;1;0;1;2;1;
48634;202000031875;154 686 332;A01;2;7;0;2;4;23;1;
48635;202000031876;154 686 329;A01;1;7;0;2;1;15;1;
48636;202000031876;154 686 330;B01;2;7;0;2;3;1;1;
48637;202000031877;154 686 327;B01;1;2;0;2;1;0;1;
48638;202000031877;154 686 328;A01;2;7;0;2;3;13;1;
48639;202000031878;154 686 326;A01;1;1;0;0;9;1;5;
48640;202000031879;154 686 324;A01;0;7;0;2;3;1;1;
48641;202000031879;154 686 325;B01;0;7;0;2;2;15;1;
48642;202000031880;154 686 323;A01;1;7;7;0;1;2;1;
48643;202000031881;154 686 321;B01;2;7;0;2;6;15;1;
48644;202000031881;154 686 322;A01;1;33;0;2;1;1;1;
48645;202000031882;154 686 320;A01;1;10;0;1;2;1;1;
48646;202000031883;154 686 319;A01;2;7;0;1;7;2;1;
48647;202000031884;154 686 318;A01;2;7;15;0;1;1;1;
48648;202000031885;154 686 317;A01;2;15;0;1;5;1;1;
48649;202000031886;154 686 315;A01;3;7;0;9;1;15;1;
48650;202000031886;154 686 316;B01;3;1;0;2;1;1;0;
48651;202000031887;154 686 314;A01;3;7;6;0;2;1;1;
48652;202000031888;154 686 312;A01;1;7;0;0;8;1;1;
48653;202000031888;154 686 313;B01;2;7;0;0;8;13;1;
48654;202000031889;154 686 311;A01;2;7;13;6;1;0;1;
48655;202000031890;154 686 309;B01;3;7;0;2;7;19;1;
48656;202000031890;154 686 310;A01;2;7;0;2;1;1;1;
48657;202000031891;154 686 305;A01;0;7;0;0;8;15;1;
48658;202000031891;154 686 306;B01;1;7;0;2;1;1;1;
48659;202000031892;154 686 304;A01;1;7;13;0;9;1;1;
48660;202000031893;154 686 302;B01;2;7;0;2;3;1;1;
48661;202000031893;154 686 303;A01;1;10;0;2;3;13;1;
48662;202000031894;154 686 301;A01;2;7;2;0;3;13;1;
48663;202000031895;154 686 300;A01;1;7;2;0;1;1;1;
48664;202000031897;154 686 297;B01;1;10;0;2;5;1;1;
48665;202000031897;154 686 298;A01;1;7;3;2;3;13;1;
48666;202000031898;154 686 296;A01;1;7;13;0;1;1;1;
48667;202000031899;154 686 295;A01;1;7;13;0;1;1;1;
48668;202000031900;154 686 294;A01;2;7;13;0;1;14;1;
48669;202000031902;154 686 292;A01;2;33;0;0;7;17;1;
48670;202000031904;154 686 289;A01;1;7;0;9;1;0;1;
48671;202000031905;154 686 285;B01;0;2;0;2;1;1;0;
48672;202000031905;154 686 286;C01;0;2;0;2;1;1;0;
48673;202000031905;154 686 287;D01;0;2;0;2;1;1;0;
48674;202000031905;154 686 288;A01;0;7;0;2;8;1;0;
48675;202000031907;154 686 278;A01;1;7;0;2;4;1;1;
48676;202000031907;154 686 279;B01;1;7;0;2;4;2;1;
48677;202000031907;154 686 280;C01;1;7;0;2;1;2;1;
48678;202000031908;154 686 277;A01;1;7;16;0;1;26;1;
48679;202000031909;154 686 275;A01;2;15;0;2;2;12;1;
48680;202000031909;154 686 276;B01;2;7;0;2;6;1;1;
48681;202000031910;154 686 274;A01;2;7;4;0;1;0;1;
48682;202000031911;154 686 273;A01;3;7;4;0;2;1;1;
48683;202000031912;154 686 269;D01;1;7;0;2;4;2;1;
48684;202000031912;154 686 270;C01;1;7;0;2;4;2;1;
48685;202000031912;154 686 271;B01;1;7;0;2;4;2;1;
48686;202000031912;154 686 272;A01;1;7;0;2;1;14;1;
48687;202000031913;154 686 267;B01;1;7;3;2;6;1;1;
48688;202000031913;154 686 268;A01;1;7;0;2;1;12;1;
48689;202000031914;154 686 266;A01;1;7;4;0;2;26;1;
48690;202000031915;154 686 265;A01;2;7;3;0;1;1;1;
48691;202000031916;154 686 262;C01;2;7;0;2;4;2;1;
48692;202000031916;154 686 263;B01;1;7;0;2;6;2;1;
48693;202000031916;154 686 264;A01;2;7;0;2;1;2;1;
48694;202000031917;154 686 260;B01;1;7;0;2;4;2;1;
48695;202000031917;154 686 261;A01;1;7;0;2;1;1;1;
48696;202000031918;154 686 259;A01;2;7;4;0;1;1;1;
48697;202000031919;154 686 256;A01;2;10;0;2;6;17;1;
48698;202000031919;154 686 257;B01;2;10;0;2;3;13;1;
48699;202000031919;154 686 258;C01;2;7;0;2;5;1;1;
48700;202000031920;154 686 254;A01;1;7;0;2;4;2;1;
48701;202000031920;154 686 255;B01;1;7;0;2;1;2;1;
48702;202000031921;154 686 253;A01;2;33;0;1;1;1;1;