;Num_Acc;id_vehicule;num_veh;senc;catv;obs;obsm;choc;manv;motor;occutc
48703;202000031922;154 686 252;A01;1;40;0;1;1;1;3;
48704;202000031923;154 686 251;A01;1;0;0;1;1;1;1;
48705;202000031924;154 686 249;A01;1;7;0;2;3;9;1;
48706;202000031924;154 686 250;B01;1;1;0;2;1;2;5;
48707;202000031925;154 686 248;A01;1;7;0;1;1;16;1;
48708;202000031926;154 686 247;A01;1;20;0;1;1;26;1;
48709;202000031927;154 686 245;B01;3;1;0;2;1;1;5;
48710;202000031927;154 686 246;A01;3;7;0;9;7;9;1;
48711;202000031928;154 686 243;A01;1;7;0;2;8;9;1;
48712;202000031928;154 686 244;B01;1;7;0;2;1;1;1;
48713;202000031929;154 686 241;B01;1;7;0;2;1;15;0;
48714;202000031929;154 686 242;A01;1;2;0;2;7;5;0;
48715;202000031930;154 686 239;B01;1;7;0;2;7;16;1;
48716;202000031930;154 686 240;A01;1;30;0;2;8;18;1;
48717;202000031932;154 686 235;B01;1;2;0;2;8;1;1;
48718;202000031932;154 686 236;A01;1;7;0;2;1;15;1;
48719;202000031933;154 686 233;A01;1;30;0;2;1;1;1;
48720;202000031933;154 686 234;B01;2;7;0;2;2;1;1;
48721;202000031934;154 686 232;A01;2;7;0;1;2;1;1;
48722;202000031935;154 686 230;B01;1;7;0;2;6;2;1;
48723;202000031935;154 686 231;A01;1;7;0;2;1;2;1;
48724;202000031936;154 686 228;A01;2;33;0;2;0;12;1;
48725;202000031936;154 686 229;B01;2;7;0;2;4;1;1;
48726;202000031937;154 686 227;A01;2;7;0;1;3;15;2;
48727;202000031938;154 686 226;A01;3;7;2;0;1;1;1;
48728;202000031939;154 686 225;A01;3;7;0;1;2;9;1;
48729;202000031940;154 686 223;B01;1;30;0;2;2;1;1;
48730;202000031940;154 686 224;A01;1;7;0;2;8;15;1;
48731;202000031941;154 686 219;A01;2;10;0;2;1;2;1;
48732;202000031941;154 686 220;B01;2;7;0;2;9;2;1;
48733;202000031941;154 686 221;C01;2;10;0;2;9;2;1;
48734;202000031941;154 686 222;D01;2;7;0;2;4;2;1;
48735;202000031942;154 686 217;A01;1;7;0;2;2;15;1;
48736;202000031942;154 686 218;B01;1;7;0;2;6;1;1;
48737;202000031943;154 686 216;B01;1;33;0;2;7;1;1;
48738;202000031944;154 686 214;A01;1;7;0;0;0;9;1;
48739;202000031944;154 686 215;B01;1;34;0;0;2;9;1;
48740;202000031945;154 686 212;A01;3;7;0;1;1;1;1;
48741;202000031946;154 686 210;A01;2;10;0;2;8;22;1;
48742;202000031946;154 686 211;B01;2;1;0;2;1;1;5;
48743;202000031947;154 686 208;Z01;2;7;0;2;1;2;1;
48744;202000031947;154 686 209;A01;2;30;0;2;4;23;1;
48745;202000031948;154 686 207;A01;1;7;0;1;7;1;1;
48746;202000031950;154 686 204;A01;2;7;0;2;3;9;1;
48747;202000031950;154 686 205;B01;2;33;0;2;7;1;1;
48748;202000031952;154 686 200;A01;3;7;0;2;1;15;1;
48749;202000031952;154 686 201;B01;2;2;0;2;1;1;1;
48750;202000031953;154 686 198;B01;2;33;0;2;2;1;1;
48751;202000031953;154 686 199;A01;2;7;0;2;3;9;1;
48752;202000031954;154 686 197;A01;1;7;0;1;4;20;1;
48753;202000031955;154 686 195;A01;2;10;0;2;2;2;1;
48754;202000031955;154 686 196;B01;1;10;0;2;6;24;1;
48755;202000031956;154 686 193;A01;1;33;0;2;1;2;1;
48756;202000031956;154 686 194;B01;1;1;0;2;4;2;5;
48757;202000031957;154 686 192;A01;1;30;1;0;7;14;1;
48758;202000031958;154 686 191;A01;1;33;0;1;1;17;1;
48759;202000031959;154 686 190;A01;2;2;0;0;7;1;1;
48760;202000031960;154 686 189;A01;1;50;0;1;1;1;3;
48761;202000031961;154 686 188;A01;2;7;0;1;6;4;1;
48762;202000031962;154 686 186;A01;2;34;0;2;5;17;1;
48763;202000031962;154 686 187;B01;2;7;0;2;5;23;1;
48764;202000031963;154 686 185;A01;2;7;0;1;3;15;1;
48765;202000031965;154 686 181;A01;1;1;0;1;1;1;5;
48766;202000031966;154 686 180;A01;0;80;0;0;0;9;3;
48767;202000031967;154 686 179;A01;2;7;0;1;2;1;1;
48768;202000031968;154 686 178;A01;1;1;0;0;2;1;5;
48769;202000031970;154 686 175;A01;1;7;0;1;2;15;1;
48770;202000031971;154 686 173;A01;1;32;0;2;0;5;3;
48771;202000031971;154 686 174;B01;1;7;0;2;0;15;1;
48772;202000031972;154 686 172;A01;3;7;14;0;1;9;1;
48773;202000031973;154 686 171;A01;2;32;0;1;2;1;1;
48774;202000031974;154 686 170;A01;2;7;0;1;1;1;1;
48775;202000031975;154 686 169;A01;2;7;0;1;3;15;0;
48776;202000031976;154 686 167;B01;2;1;0;2;1;1;5;
48777;202000031976;154 686 168;A01;1;7;0;2;3;14;1;
48778;202000031977;154 686 166;A01;1;7;0;1;4;2;1;
48779;202000031978;154 686 164;Z01;2;7;0;2;1;19;1;
48780;202000031978;154 686 165;A01;2;7;0;2;4;23;1;
48781;202000031979;154 686 162;A01;0;1;0;2;0;26;0;
48782;202000031979;154 686 163;B01;3;7;0;2;1;1;1;
48783;202000031980;154 686 160;B01;3;33;0;2;8;1;0;
48784;202000031980;154 686 161;A01;3;7;0;2;7;12;0;
48785;202000031981;154 686 158;IB01;1;14;0;2;1;2;1;
48786;202000031981;154 686 159;A01;1;7;0;2;4;23;1;
48787;202000031982;154 686 156;B01;2;32;0;2;8;9;1;
48788;202000031982;154 686 157;A01;2;10;0;2;1;1;1;
48789;202000031983;154 686 154;B01;1;7;0;2;8;15;0;
48790;202000031983;154 686 155;A01;1;32;0;2;7;17;0;
48791;202000031984;154 686 152;B01;3;30;0;2;0;16;0;
48792;202000031984;154 686 153;A01;3;7;0;2;1;1;1;
48793;202000031986;154 686 150;Z01;1;30;0;1;1;0;0;
48794;202000031988;154 686 148;A01;2;1;0;1;1;5;5;
48795;202000031989;154 686 146;A01;2;17;1;0;1;14;1;
48796;202000031989;154 686 147;B01;2;10;0;1;4;26;1;
48797;202000031990;154 686 145;A01;1;2;13;0;0;1;1;
48798;202000031991;154 686 143;B01;1;17;0;0;6;2;1;
48799;202000031991;154 686 144;A01;1;7;0;2;2;2;1;
48800;202000031992;154 686 140;A01;1;7;13;0;1;1;1;
48801;202000031993;154 686 138;A01;2;2;0;2;1;9;1;
48802;202000031993;154 686 139;B01;1;7;0;2;1;9;1;
48803;202000031994;154 686 136;A01;1;7;0;2;2;15;1;
48804;202000031994;154 686 137;B01;2;2;0;2;1;1;1;
48805;202000031995;154 686 134;B01;1;7;0;2;1;1;1;
48806;202000031995;154 686 135;A01;2;7;0;2;7;19;1;
48807;202000031996;154 686 133;A01;1;15;3;0;1;1;1;
48808;202000031997;154 686 131;B01;2;7;0;2;3;0;1;
48809;202000031997;154 686 132;A01;1;15;0;2;3;1;1;
48810;202000031998;154 686 130;A01;2;7;2;0;1;14;1;
48811;202000031999;154 686 129;A01;3;10;0;1;3;15;1;
48812;202000032000;154 686 127;A01;1;7;0;2;3;13;1;
48813;202000032000;154 686 128;B01;1;7;0;2;3;1;1;
48814;202000032001;154 686 126;A01;2;7;13;0;1;19;1;
48815;202000032002;154 686 124;A01;2;15;0;2;2;2;1;
48816;202000032002;154 686 125;B01;2;15;0;0;6;2;1;
48817;202000032003;154 686 123;A01;2;7;0;1;1;1;1;
48818;202000032004;154 686 122;A01;2;7;3;0;0;0;1;
48819;202000032007;154 686 118;A01;3;7;2;0;8;1;1;
48820;202000032008;154 686 117;A01;1;7;13;0;1;2;1;
48821;202000032009;154 686 116;A01;1;7;0;1;1;1;1;
48822;202000032010;154 686 115;A01;3;7;6;0;1;13;1;
48823;202000032011;154 686 114;A01;2;7;2;0;3;1;1;
48824;202000032012;154 686 112;A01;3;7;0;2;3;9;0;
48825;202000032012;154 686 113;B01;3;1;0;0;5;1;5;
48826;202000032013;154 686 111;A01;2;7;15;0;1;21;1;
48827;202000032014;154 686 109;B01;1;33;8;2;7;17;0;
48828;202000032014;154 686 110;A01;1;7;0;2;3;15;0;
48829;202000032015;154 686 107;B01;2;7;2;2;3;15;0;
48830;202000032015;154 686 108;A01;1;7;0;2;6;1;0;
48831;202000032016;154 686 106;A01;2;7;13;0;2;1;1;
48832;202000032017;154 686 104;A01;2;10;0;2;8;9;1;
48833;202000032017;154 686 105;B01;2;33;0;2;1;1;1;
48834;202000032019;154 686 096;A01;3;14;0;2;3;5;0;
48835;202000032019;154 686 097;B01;3;7;0;2;2;23;1;
48836;202000032020;154 686 094;B01;2;2;0;2;1;1;1;
48837;202000032020;154 686 095;A01;1;7;0;2;3;15;1;
48838;202000032021;154 686 092;B01;2;10;0;2;1;1;1;
48839;202000032021;154 686 093;A01;1;7;0;2;1;13;1;
48840;202000032022;154 686 090;B01;0;2;0;2;1;1;1;
48841;202000032022;154 686 091;A01;0;7;0;2;1;15;1;
48842;202000032023;154 686 086;A01;2;7;0;2;7;1;1;
48843;202000032023;154 686 087;B01;2;7;0;2;1;19;1;
48844;202000032024;154 686 085;A01;1;33;0;0;9;3;0;
48845;202000032025;154 686 084;A01;1;33;12;0;1;17;1;
48846;202000032026;154 686 080;A01;1;7;0;2;4;23;0;
48847;202000032026;154 686 081;D01;1;7;1;0;1;1;1;
48848;202000032026;154 686 082;C01;1;7;0;2;4;23;0;
48849;202000032026;154 686 083;B01;1;7;0;2;4;23;0;
48850;202000032029;154 686 074;B01;2;7;0;2;7;15;1;
48851;202000032029;154 686 075;A01;1;33;0;2;1;1;1;
48852;202000032030;154 686 070;C01;1;15;0;2;3;1;1;
48853;202000032030;154 686 071;E01;1;7;4;0;3;1;1;
48854;202000032030;154 686 072;A01;1;7;0;0;4;23;1;
48855;202000032030;154 686 073;B01;1;7;0;2;1;1;1;
48856;202000032033;154 686 063;A01;1;7;3;0;2;1;6;
48857;202000032034;154 686 062;A01;2;7;0;1;1;1;6;
48858;202000032035;154 686 061;A01;1;10;0;6;1;1;1;
48859;202000032036;154 686 059;B01;2;7;0;9;2;1;1;
48860;202000032036;154 686 060;A01;1;1;0;2;0;13;5;
48861;202000032037;154 686 057;B01;2;2;0;2;1;1;1;
48862;202000032037;154 686 058;A01;1;7;0;2;3;15;1;
48863;202000032038;154 686 056;A01;1;7;0;1;1;2;1;
48864;202000032039;154 686 055;A01;1;7;3;0;0;1;1;
48865;202000032040;154 686 053;B01;1;30;0;2;2;1;1;
48866;202000032040;154 686 054;A01;1;7;0;2;3;20;1;
48867;202000032041;154 686 051;B01;1;2;0;2;1;1;1;
48868;202000032041;154 686 052;A01;2;7;0;2;3;17;1;
48869;202000032042;154 686 049;B01;1;7;0;2;4;2;1;
48870;202000032042;154 686 050;A01;1;7;0;2;3;26;0;
48871;202000032043;154 686 047;A01;2;10;0;2;1;1;1;
48872;202000032043;154 686 048;B01;2;17;0;2;4;2;1;
48873;202000032044;154 686 046;A01;1;7;4;0;3;1;1;
48874;202000032045;154 686 044;B01;1;7;0;0;0;0;1;
48875;202000032045;154 686 045;A01;1;7;3;2;2;26;1;
48876;202000032046;154 686 042;A01;1;7;0;2;7;12;1;
48877;202000032046;154 686 043;B01;1;34;0;2;8;3;1;
48878;202000032047;154 686 041;A01;2;7;3;0;1;14;1;
48879;202000032048;154 686 039;A01;1;7;0;2;7;1;1;
48880;202000032048;154 686 040;B01;1;33;0;2;6;3;1;
48881;202000032049;154 686 036;A01;1;7;0;2;8;9;1;
48882;202000032049;154 686 037;B01;1;17;0;2;7;12;1;
48883;202000032049;154 686 038;C01;1;7;0;2;1;1;1;
48884;202000032050;154 686 034;B01;2;33;0;2;7;3;1;
48885;202000032050;154 686 035;A01;2;7;0;2;8;11;1;
48886;202000032052;154 686 031;A01;3;30;0;1;0;26;0;
48887;202000032053;154 686 027;D01;3;32;0;0;7;24;1;
48888;202000032053;154 686 028;C01;2;7;0;2;3;1;1;
48889;202000032053;154 686 029;B01;1;7;6;1;1;1;1;
48890;202000032053;154 686 030;A01;1;1;0;2;6;19;5;
48891;202000032054;154 686 025;A01;0;7;0;2;1;15;0;
48892;202000032054;154 686 026;B01;1;33;0;2;7;1;0;
48893;202000032056;154 686 023;A01;3;7;0;1;2;1;1;
48894;202000032057;154 686 022;A01;0;32;12;0;1;19;1;
48895;202000032058;154 686 020;A01;1;99;0;2;4;23;0;
48896;202000032058;154 686 021;Z01;1;7;0;2;1;1;0;
48897;202000032059;154 686 018;B01;2;7;0;2;1;1;1;
48898;202000032059;154 686 019;A01;2;7;0;2;2;15;1;
48899;202000032060;154 686 016;B01;3;7;0;2;4;26;1;
48900;202000032060;154 686 017;A01;3;30;0;2;1;2;1;
48901;202000032061;154 686 015;A01;2;7;4;0;9;1;1;
48902;202000032062;154 686 013;A01;1;7;0;2;3;15;1;
48903;202000032062;154 686 014;B01;2;32;0;2;7;1;1;
48904;202000032063;154 686 011;B01;2;10;0;2;3;1;1;
48905;202000032063;154 686 012;A01;1;32;0;2;1;13;1;
48906;202000032064;154 686 009;A01;1;7;0;2;2;1;1;
48907;202000032064;154 686 010;B01;1;1;0;2;8;1;5;
48908;202000032065;154 686 008;A01;0;7;0;1;1;13;1;
48909;202000032066;154 686 006;B01;0;7;0;2;4;1;1;
48910;202000032066;154 686 007;A01;0;7;1;2;1;1;1;
48911;202000032067;154 686 002;D01;2;10;11;0;3;21;1;
48912;202000032067;154 686 003;C01;2;7;0;2;4;2;1;
48913;202000032067;154 686 004;B01;2;7;0;2;4;2;1;
48914;202000032067;154 686 005;A01;2;10;0;2;1;2;1;
48915;202000032068;154 686 001;A01;2;33;0;0;7;1;1;
48916;202000032069;154 686 000;A01;1;7;0;1;1;9;1;
48917;202000032070;154 685 999;A01;1;2;0;0;7;1;1;
48918;202000032071;154 685 997;B01;2;2;0;2;4;23;1;
48919;202000032071;154 685 998;A01;2;7;0;2;1;1;1;
48920;202000032072;154 685 994;C01;1;7;0;2;4;1;1;
48921;202000032072;154 685 995;B01;1;7;0;2;4;1;1;
48922;202000032072;154 685 996;A01;1;7;0;2;1;2;1;
48923;202000032073;154 685 992;B01;0;7;0;2;4;1;1;
48924;202000032073;154 685 993;A01;0;7;0;2;1;1;2;
48925;202000032074;154 685 991;A01;0;7;0;1;1;20;1;
48926;202000032075;154 685 989;B01;0;7;0;2;2;16;1;
48927;202000032075;154 685 990;A01;0;7;0;2;2;1;1;
48928;202000032076;154 685 988;A01;3;7;0;1;1;1;0;
48929;202000032077;154 685 986;B01;2;14;0;2;2;1;1;
48930;202000032077;154 685 987;A01;1;10;0;2;2;13;1;
48931;202000032079;154 685 982;B01;2;10;0;2;6;24;1;
48932;202000032079;154 685 983;A01;2;7;1;0;2;14;1;
48933;202000032080;154 685 980;A01;1;7;0;2;1;1;1;
48934;202000032080;154 685 981;B01;3;1;0;2;7;19;5;
48935;202000032081;154 685 979;A01;1;32;14;0;1;17;1;
48936;202000032082;154 685 977;B01;2;7;0;0;4;2;1;
48937;202000032082;154 685 978;A01;2;7;0;2;1;2;1;
48938;202000032083;154 685 976;A01;3;7;0;1;1;16;1;
48939;202000032084;154 685 975;A01;1;7;9;1;1;1;1;
48940;202000032085;154 685 973;A01;1;7;0;2;3;5;1;
48941;202000032085;154 685 974;B01;2;7;0;2;3;1;1;
48942;202000032086;154 685 971;A01;3;7;0;2;3;9;1;
48943;202000032086;154 685 972;B01;3;7;0;2;2;1;1;
48944;202000032087;154 685 969;B01;1;10;0;2;4;15;4;
48945;202000032087;154 685 970;A01;1;7;0;2;1;2;1;
48946;202000032088;154 685 967;A01;2;3;0;2;3;5;1;
48947;202000032088;154 685 968;B01;1;7;0;2;2;0;1;
48948;202000032090;154 685 963;A01;1;7;0;2;0;26;0;
48949;202000032090;154 685 964;B01;1;1;0;2;0;26;5;
48950;202000032091;154 685 961;B01;1;7;0;2;4;2;1;
48951;202000032091;154 685 962;A01;1;7;0;2;1;2;1;
48952;202000032092;154 685 959;B01;1;7;0;2;1;15;0;
48953;202000032092;154 685 960;A01;2;1;0;2;1;5;5;
48954;202000032093;154 685 957;A01;1;7;0;9;2;15;1;
48955;202000032093;154 685 958;B01;1;32;0;2;0;1;1;
48956;202000032094;154 685 954;B01;1;10;0;2;1;1;1;
48957;202000032094;154 685 955;A01;1;7;1;2;9;1;1;
48958;202000032094;154 685 956;C01;2;7;0;2;2;26;1;
48959;202000032095;154 685 952;A01;2;7;0;2;7;15;1;
48960;202000032095;154 685 953;B01;1;33;0;2;1;1;1;
48961;202000032096;154 685 951;A01;2;7;0;1;1;15;6;
48962;202000032097;154 685 950;A01;1;7;0;1;2;1;1;
48963;202000032098;154 685 949;A01;1;7;0;1;3;15;1;
48964;202000032099;154 685 948;A01;1;7;0;1;3;15;1;
48965;202000032100;154 685 947;A01;1;7;0;1;3;2;0;
48966;202000032101;154 685 945;A01;2;7;0;2;3;9;1;
48967;202000032101;154 685 946;B01;1;7;0;2;2;1;1;
48968;202000032102;154 685 943;A01;2;7;0;2;2;2;1;
48969;202000032102;154 685 944;B01;2;7;0;2;6;23;1;
48970;202000032103;154 685 942;A01;0;7;0;1;1;1;1;
48971;202000032104;154 685 941;A01;1;7;0;1;0;1;1;
48972;202000032105;154 685 940;A01;1;7;0;1;1;1;1;
48973;202000032106;154 685 939;A01;3;10;0;1;4;4;1;
48974;202000032107;154 685 937;B01;1;37;0;2;2;1;1;3.0
48975;202000032107;154 685 938;A01;1;7;0;2;3;15;1;
48976;202000032108;154 685 936;Z01;2;7;0;1;1;1;0;
48977;202000032109;154 685 934;A01;2;7;0;2;2;15;0;
48978;202000032109;154 685 935;B01;1;32;0;2;1;1;0;
48979;202000032110;154 685 932;B01;1;7;0;2;3;15;0;
48980;202000032110;154 685 933;Z01;1;7;9;2;1;17;0;
48981;202000032111;154 685 931;A01;1;7;0;1;1;1;1;
48982;202000032112;154 685 928;A01;1;7;0;2;7;15;1;
48983;202000032112;154 685 929;B01;2;7;0;2;1;1;1;
48984;202000032112;154 685 930;C01;2;7;0;2;1;0;1;
48985;202000032113;154 685 927;A01;0;7;0;1;4;20;1;
48986;202000032114;154 685 925;A01;0;7;0;2;3;1;1;
48987;202000032114;154 685 926;B01;0;1;0;2;0;1;5;
48988;202000032115;154 685 923;A01;2;10;0;2;1;2;1;
48989;202000032115;154 685 924;B01;2;33;0;2;4;2;1;
48990;202000032116;154 685 922;A01;3;7;0;1;1;1;1;
48991;202000032117;154 685 921;A01;1;7;2;0;1;14;1;
48992;202000032118;154 685 920;Z01;2;7;0;1;0;0;1;
48993;202000032119;154 685 919;A01;1;33;0;1;1;7;1;
48994;202000032121;154 685 916;A01;1;7;0;1;1;1;1;
48995;202000032122;154 685 913;C01;2;7;0;2;4;2;1;
48996;202000032122;154 685 914;B01;2;7;0;2;4;2;1;
48997;202000032122;154 685 915;A01;2;7;0;2;1;1;1;
48998;202000032123;154 685 910;B01;2;7;0;2;8;1;1;
48999;202000032123;154 685 911;A01;2;7;0;2;0;9;1;
49000;202000032123;154 685 912;C01;2;7;0;2;3;1;1;
49001;202000032124;154 685 908;A01;1;7;0;2;1;1;1;
49002;202000032124;154 685 909;B01;2;7;0;2;1;1;1;
49003;202000032126;154 685 905;A01;2;7;0;1;1;1;1;
49004;202000032127;154 685 903;A01;3;10;0;2;8;19;1;
49005;202000032127;154 685 904;B01;3;7;0;2;2;1;1;
49006;202000032128;154 685 902;A01;1;7;1;0;1;16;1;
49007;202000032129;154 685 901;A01;1;7;6;0;1;1;1;
49008;202000032130;154 685 900;A01;2;30;0;1;1;26;1;
49009;202000032131;154 685 898;A01;2;30;0;2;8;1;1;
49010;202000032131;154 685 899;B01;3;7;0;2;1;1;1;
49011;202000032132;154 685 897;A01;1;7;15;0;2;15;1;
49012;202000032134;154 685 892;A01;2;7;3;2;4;2;1;
49013;202000032134;154 685 893;B01;1;7;3;2;1;2;1;
49014;202000032135;154 685 891;A01;1;7;0;0;0;1;1;
49015;202000032136;154 685 890;A01;2;30;0;2;0;1;1;
49016;202000032137;154 685 889;A01;1;14;0;1;2;16;1;
49017;202000032138;154 685 887;B01;2;7;0;2;8;10;1;
49018;202000032138;154 685 888;A01;2;10;0;2;1;1;1;
49019;202000032139;154 685 885;B01;3;7;0;2;3;1;0;
49020;202000032139;154 685 886;A01;3;7;0;2;2;1;0;
49021;202000032140;154 685 884;A01;2;15;0;0;3;1;1;
49022;202000032141;154 685 883;A01;2;7;2;0;1;1;1;
49023;202000032142;154 685 882;A01;2;7;4;0;3;1;1;
49024;202000032143;154 685 880;A01;3;7;0;2;2;1;1;
49025;202000032143;154 685 881;B01;0;7;0;2;1;1;1;
49026;202000032144;154 685 878;B01;2;7;0;2;1;17;1;
49027;202000032144;154 685 879;A01;2;1;0;0;4;1;5;
49028;202000032145;154 685 877;A01;1;7;13;0;2;0;4;
49029;202000032146;154 685 876;A01;1;7;7;9;3;1;1;
49030;202000032147;154 685 874;B01;2;33;0;2;1;1;1;
49031;202000032147;154 685 875;A01;2;7;0;2;3;1;1;
49032;202000032149;154 685 871;A01;1;33;0;0;8;1;0;
49033;202000032150;154 685 870;A01;1;33;0;0;3;1;1;
49034;202000032151;154 685 868;B01;1;7;0;2;1;1;1;
49035;202000032151;154 685 869;A01;2;2;0;2;1;1;1;
49036;202000032152;154 685 867;A01;2;2;0;0;0;1;0;
49037;202000032153;154 685 866;A01;1;7;10;0;2;1;1;
49038;202000032154;154 685 864;B01;2;33;0;2;2;17;0;
49039;202000032154;154 685 865;A01;2;7;0;2;3;13;0;
49040;202000032156;154 685 862;A01;1;7;8;0;1;15;1;
49041;202000032157;154 685 861;A01;3;1;14;0;1;2;5;
49042;202000032158;154 685 860;A01;1;7;0;0;0;0;1;
49043;202000032159;154 685 859;A01;2;7;0;1;2;5;1;
49044;202000032160;154 685 858;A01;3;7;0;1;3;9;1;
49045;202000032161;154 685 855;C01;1;15;0;2;3;1;1;
49046;202000032161;154 685 856;B01;2;7;0;2;8;1;1;
49047;202000032161;154 685 857;A01;2;7;0;2;3;13;1;
49048;202000032162;154 685 853;B01;2;7;0;2;1;1;1;
49049;202000032162;154 685 854;A01;1;7;0;2;7;13;1;
49050;202000032163;154 685 851;B01;1;7;0;2;3;1;1;
49051;202000032163;154 685 852;A01;2;7;0;2;3;13;2;
49052;202000032164;154 685 850;A01;1;7;13;0;8;14;0;
49053;202000032165;154 685 848;B01;0;1;0;2;0;0;5;
49054;202000032165;154 685 849;A01;0;7;0;2;0;0;1;
49055;202000032166;154 685 846;B01;2;7;0;2;2;19;1;
49056;202000032166;154 685 847;A01;1;7;0;2;1;1;1;
49057;202000032167;154 685 845;A01;1;33;6;0;8;11;1;
49058;202000032168;154 685 843;A01;0;7;0;2;1;13;0;
49059;202000032168;154 685 844;B01;3;7;0;2;1;1;0;
49060;202000032169;154 685 842;A01;1;15;3;0;7;14;1;
49061;202000032170;154 685 841;A01;1;7;13;0;2;1;1;
49062;202000032171;154 685 839;B01;2;10;0;2;2;1;1;
49063;202000032171;154 685 840;A01;1;7;4;2;5;13;1;
49064;202000032172;154 685 837;A01;2;7;0;2;1;13;1;
49065;202000032172;154 685 838;B01;1;7;0;2;1;1;1;
49066;202000032173;154 685 836;A01;1;33;0;0;0;0;1;
49067;202000032174;154 685 835;A01;0;7;0;1;1;16;1;
49068;202000032175;154 685 834;A01;1;7;0;0;0;1;0;
49069;202000032176;154 685 833;A01;2;7;2;0;1;1;1;
49070;202000032177;154 685 831;A01;1;7;0;2;1;15;1;
49071;202000032177;154 685 832;B01;0;36;0;2;1;1;1;
49072;202000032178;154 685 830;A01;3;7;6;0;7;21;1;
49073;202000032179;154 685 828;A01;3;7;1;0;3;1;0;
49074;202000032179;154 685 829;B01;3;7;0;2;2;0;0;
49075;202000032180;154 685 826;B01;1;14;0;2;8;1;1;
49076;202000032180;154 685 827;A01;2;10;0;2;8;13;1;
49077;202000032181;154 685 824;B01;3;7;0;9;7;1;1;
49078;202000032181;154 685 825;A01;3;1;0;2;1;16;5;
49079;202000032182;154 685 823;A01;0;99;0;0;8;2;1;
49080;202000032184;154 685 819;B01;2;99;0;2;1;15;3;
49081;202000032184;154 685 820;A01;2;7;0;2;7;1;1;
49082;202000032185;154 685 816;A01;1;7;0;0;9;1;1;
49083;202000032186;154 685 815;A01;0;7;1;0;2;1;1;
49084;202000032187;154 685 814;A01;1;7;3;0;1;26;1;
49085;202000032188;154 685 813;A01;1;33;0;2;4;26;1;
49086;202000032189;154 685 810;C01;1;7;0;2;4;1;1;
49087;202000032189;154 685 811;B01;1;7;0;2;4;1;1;
49088;202000032189;154 685 812;A01;1;7;0;2;1;1;1;
49089;202000032190;154 685 809;A01;1;7;0;2;0;9;1;
49090;202000032191;154 685 807;A01;2;7;0;2;3;9;1;
49091;202000032191;154 685 808;B01;2;7;0;2;3;1;1;
49092;202000032192;154 685 806;A01;2;7;4;0;7;14;1;
49093;202000032193;154 685 803;A01;1;7;0;2;8;3;1;
49094;202000032193;154 685 804;B01;1;7;0;2;5;1;1;
49095;202000032193;154 685 805;C01;1;7;0;2;8;1;1;
49096;202000032194;154 685 802;A01;2;7;4;0;3;17;1;
49097;202000032195;154 685 799;B01;1;7;0;2;5;1;1;
49098;202000032195;154 685 800;A01;1;33;0;2;1;3;1;
49099;202000032195;154 685 801;C01;1;7;0;2;4;13;1;
49100;202000032196;154 685 797;A01;2;7;0;2;8;11;1;
49101;202000032196;154 685 798;B01;2;7;0;2;7;1;1;
49102;202000032198;154 685 795;A01;3;7;8;0;2;1;1;
49103;202000032199;154 685 793;B01;2;30;0;2;1;1;0;
49104;202000032199;154 685 794;A01;2;7;0;2;6;15;1;
49105;202000032200;154 685 791;B01;1;2;0;2;7;1;1;
49106;202000032200;154 685 792;A01;1;7;0;2;1;1;1;
49107;202000032201;154 685 789;A01;3;7;0;2;1;2;1;
49108;202000032201;154 685 790;B01;3;7;0;2;4;1;1;
49109;202000032202;154 685 788;A01;2;10;0;1;1;2;0;
49110;202000032203;154 685 787;Z01;1;0;0;1;1;1;0;
49111;202000032204;154 685 784;A01;2;7;0;2;1;15;1;
49112;202000032204;154 685 785;C01;1;7;0;2;1;1;1;
49113;202000032204;154 685 786;B01;1;34;0;2;1;1;1;
49114;202000032205;154 685 782;A01;1;30;0;2;1;26;1;
49115;202000032205;154 685 783;B01;1;7;0;2;1;15;1;
49116;202000032206;154 685 780;B01;2;38;14;0;3;0;0;2.0
49117;202000032206;154 685 781;A01;2;30;14;0;1;26;1;
49118;202000032207;154 685 778;B01;3;30;0;2;1;0;1;
49119;202000032207;154 685 779;A01;0;7;1;0;6;0;1;
49120;202000032208;154 685 776;A01;1;7;0;2;6;16;0;
49121;202000032208;154 685 777;B01;1;33;0;2;1;1;0;
49122;202000032209;154 685 775;A01;1;37;0;1;2;9;1;1.0
49123;202000032210;154 685 774;A01;1;7;6;0;3;13;1;
49124;202000032211;154 685 768;B01;1;7;0;2;8;1;1;
49125;202000032211;154 685 769;A01;1;7;0;2;1;1;1;
49126;202000032212;154 685 767;A01;1;36;15;0;1;14;1;
49127;202000032213;154 685 765;A01;1;7;0;2;1;2;1;
49128;202000032213;154 685 766;B01;1;7;0;2;4;2;1;
49129;202000032214;154 685 763;B01;1;7;0;2;8;15;0;
49130;202000032214;154 685 764;A01;1;33;0;2;1;17;1;
49131;202000032215;154 685 762;A01;3;3;13;0;1;1;1;
49132;202000032216;154 685 759;A01;1;7;0;2;1;2;1;
49133;202000032216;154 685 760;C01;1;7;0;2;4;0;1;
49134;202000032216;154 685 761;B01;1;7;0;2;4;2;1;
49135;202000032217;154 685 757;B01;1;33;0;2;1;1;1;