;Num_Acc;id_vehicule;num_veh;senc;catv;obs;obsm;choc;manv;motor;occutc
49136;202000032217;154 685 758;A01;1;7;0;2;2;9;1;
49137;202000032218;154 685 756;A01;2;7;0;9;0;9;1;
49138;202000032219;154 685 754;A01;1;7;6;2;1;13;1;
49139;202000032219;154 685 755;B01;2;7;0;2;1;1;1;
49140;202000032220;154 685 752;B01;1;7;0;2;4;23;1;
49141;202000032220;154 685 753;A01;1;7;0;2;1;1;1;
49142;202000032222;154 685 749;A01;3;7;0;2;8;10;1;
49143;202000032222;154 685 750;B01;3;7;0;2;1;1;0;
49144;202000032223;154 685 748;A01;1;30;0;0;1;1;1;
49145;202000032224;154 685 747;A01;2;7;2;0;1;14;1;
49146;202000032225;154 685 746;A01;2;31;12;0;0;1;1;
49147;202000032226;154 685 745;A01;3;0;0;1;0;15;0;
49148;202000032227;154 685 741;A01;3;31;0;2;1;13;0;
49149;202000032227;154 685 742;B01;3;7;0;2;1;0;1;
49150;202000032228;154 685 740;A01;1;7;15;0;8;1;1;
49151;202000032229;154 685 738;Z01;1;7;0;2;1;2;1;
49152;202000032229;154 685 739;A01;1;7;0;2;4;1;1;
49153;202000032230;154 685 736;Z01;3;7;0;2;0;0;0;
49154;202000032230;154 685 737;B01;2;34;0;2;1;1;1;
49155;202000032231;154 685 734;A01;1;7;6;2;1;13;1;
49156;202000032231;154 685 735;B01;1;7;0;2;4;1;1;
49157;202000032232;154 685 733;A01;1;7;3;0;7;15;1;
49158;202000032233;154 685 731;B01;3;10;0;2;3;1;0;
49159;202000032233;154 685 732;A01;3;10;0;2;2;19;0;
49160;202000032235;154 685 727;A01;2;7;0;1;2;1;1;
49161;202000032236;154 685 725;B01;2;33;0;2;1;1;1;
49162;202000032236;154 685 726;A01;3;7;0;2;3;15;1;
49163;202000032237;154 685 722;C01;2;1;1;2;0;0;5;
49164;202000032237;154 685 723;B01;2;33;0;0;0;0;1;
49165;202000032237;154 685 724;A01;2;33;0;2;1;14;1;
49166;202000032238;154 685 720;A01;2;7;0;2;1;13;1;
49167;202000032238;154 685 721;B01;1;10;0;2;3;1;1;
49168;202000032239;154 685 718;B01;1;7;0;2;1;1;1;
49169;202000032239;154 685 719;A01;1;7;0;2;1;1;1;
49170;202000032240;154 685 716;A01;1;7;0;2;7;12;1;
49171;202000032240;154 685 717;B01;1;43;0;2;3;3;1;
49172;202000032241;154 685 715;A01;2;33;0;0;8;9;1;
49173;202000032242;154 685 713;A01;1;33;0;2;1;1;1;
49174;202000032242;154 685 714;B01;2;7;0;2;8;1;1;
49175;202000032243;154 685 711;B01;1;7;0;2;3;1;1;
49176;202000032243;154 685 712;A01;2;30;0;2;1;1;3;
49177;202000032244;154 685 709;A01;1;7;0;2;1;2;1;
49178;202000032244;154 685 710;B01;1;30;0;2;4;24;1;
49179;202000032245;154 685 707;A01;1;7;0;2;3;1;1;
49180;202000032245;154 685 708;B01;1;1;0;2;1;1;5;
49181;202000032247;154 685 704;A01;0;50;12;0;1;25;3;
49182;202000032248;154 685 703;A01;1;7;0;1;2;1;1;
49183;202000032249;154 685 702;A01;1;7;9;0;1;13;1;
49184;202000032250;154 685 700;A01;2;7;0;2;3;10;1;
49185;202000032250;154 685 701;B01;2;33;0;2;1;17;1;
49186;202000032251;154 685 699;Z01;2;7;0;1;2;1;0;
49187;202000032252;154 685 697;A01;1;7;0;2;2;16;1;
49188;202000032252;154 685 698;B01;1;33;0;2;8;7;1;
49189;202000032253;154 685 695;A01;2;7;0;2;1;15;1;
49190;202000032253;154 685 696;B01;1;33;0;2;3;2;1;
49191;202000032254;154 685 693;A01;1;1;0;2;2;2;5;
49192;202000032254;154 685 694;B01;1;50;0;2;3;2;3;
49193;202000032256;154 685 689;A01;1;1;0;2;3;1;5;
49194;202000032256;154 685 690;Z01;1;7;0;2;7;1;0;
49195;202000032257;154 685 688;A01;1;1;14;0;1;14;5;
49196;202000032258;154 685 685;B01;3;7;0;2;8;1;1;
49197;202000032258;154 685 686;A01;3;7;0;2;1;1;1;
49198;202000032259;154 685 683;B01;3;7;0;2;0;0;1;
49199;202000032259;154 685 684;A01;3;1;0;2;1;15;5;
49200;202000032260;154 685 680;C01;3;7;0;2;3;23;0;
49201;202000032260;154 685 681;A01;2;7;0;2;2;16;1;
49202;202000032260;154 685 682;B01;3;30;0;2;1;16;1;
49203;202000032261;154 685 679;A01;1;7;0;1;2;9;0;
49204;202000032262;154 685 677;Y01;1;50;0;2;1;1;3;
49205;202000032262;154 685 678;A01;1;7;16;2;5;4;1;
49206;202000032263;154 685 675;B01;3;10;0;2;7;1;0;
49207;202000032263;154 685 676;A01;3;7;0;2;3;14;1;
49208;202000032264;154 685 673;B01;1;7;0;2;7;0;1;
49209;202000032264;154 685 674;A01;1;30;0;2;1;19;1;
49210;202000032265;154 685 672;A01;1;10;0;1;3;15;0;
49211;202000032266;154 685 670;B01;1;32;0;2;8;1;1;
49212;202000032266;154 685 671;A01;1;7;0;2;1;9;1;
49213;202000032267;154 685 669;A01;2;30;1;0;7;14;3;
49214;202000032268;154 685 667;B01;1;7;8;2;3;19;1;
49215;202000032268;154 685 668;A01;2;7;0;2;2;19;1;
49216;202000032270;154 685 664;A01;2;32;0;1;2;17;6;
49217;202000032271;154 685 662;A01;1;10;0;2;2;16;1;
49218;202000032271;154 685 663;B01;2;1;0;2;1;2;5;
49219;202000032273;154 685 659;B01;1;7;0;9;3;1;1;
49220;202000032273;154 685 660;A01;2;15;0;2;3;1;1;
49221;202000032274;154 685 657;A01;2;7;0;0;0;15;1;
49222;202000032274;154 685 658;B01;2;33;0;0;7;17;1;
49223;202000032275;154 685 656;A01;1;7;13;0;9;1;1;
49224;202000032276;154 685 654;A01;2;7;0;0;6;2;1;
49225;202000032276;154 685 655;B01;2;2;0;2;1;1;1;
49226;202000032277;154 685 652;A01;1;33;0;2;1;13;0;
49227;202000032277;154 685 653;B01;2;7;0;2;1;1;0;
49228;202000032278;154 685 650;B01;2;7;0;2;3;1;1;
49229;202000032278;154 685 651;A01;2;34;0;2;1;13;1;
49230;202000032279;154 685 649;A01;1;10;3;0;4;2;1;
49231;202000032280;154 685 647;A01;1;7;0;2;6;18;1;
49232;202000032280;154 685 648;B01;1;7;0;2;2;2;1;
49233;202000032281;154 685 646;A01;1;33;16;0;0;2;1;
49234;202000032282;154 685 644;B01;2;37;0;2;3;1;1;1.0
49235;202000032282;154 685 645;A01;3;7;0;2;2;19;1;
49236;202000032283;154 685 642;A01;1;7;0;2;1;9;1;
49237;202000032283;154 685 643;B01;1;7;0;0;4;1;1;
49238;202000032284;154 685 640;B01;2;17;0;2;6;2;1;
49239;202000032284;154 685 641;A01;2;7;0;2;2;2;1;
49240;202000032285;154 685 639;A01;1;7;0;1;3;21;1;
49241;202000032286;154 685 638;A01;1;7;8;0;1;1;1;
49242;202000032287;154 685 635;B01;3;1;0;2;1;1;5;
49243;202000032287;154 685 636;A01;3;1;0;0;4;13;5;
49244;202000032288;154 685 633;A01;1;7;0;2;0;12;1;
49245;202000032288;154 685 634;B01;1;43;0;2;8;18;1;
49246;202000032289;154 685 632;A01;2;7;13;0;3;1;1;
49247;202000032290;154 685 630;A01;2;33;0;2;1;13;1;
49248;202000032290;154 685 631;B01;1;7;0;2;7;1;1;
49249;202000032291;154 685 628;A01;2;7;0;2;1;13;1;
49250;202000032291;154 685 629;B01;1;17;0;2;1;1;1;
49251;202000032292;154 685 626;B01;2;7;0;2;3;21;1;
49252;202000032292;154 685 627;A01;1;1;0;2;1;13;5;
49253;202000032293;154 685 625;A01;2;7;6;0;3;13;0;
49254;202000032295;154 685 623;A01;1;2;15;0;7;1;0;
49255;202000032296;154 685 622;A01;1;7;2;0;8;1;1;
49256;202000032297;154 685 621;A01;3;7;16;0;9;14;1;
49257;202000032299;154 685 618;B01;1;2;0;2;4;9;1;
49258;202000032299;154 685 619;A01;1;7;0;2;1;1;1;
49259;202000032300;154 685 617;A01;2;7;1;1;2;17;1;
49260;202000032301;154 685 616;A01;1;3;13;0;2;1;1;
49261;202000032302;154 685 614;A01;1;7;0;2;2;15;1;
49262;202000032302;154 685 615;B01;2;1;0;2;1;1;5;
49263;202000032303;154 685 612;B01;2;3;0;2;1;1;1;
49264;202000032303;154 685 613;A01;2;7;0;2;7;1;1;
49265;202000032304;154 685 610;B01;2;33;0;2;1;1;1;
49266;202000032304;154 685 611;A01;1;7;0;2;2;1;1;
49267;202000032305;154 685 609;A01;0;33;2;0;0;1;1;
49268;202000032306;154 685 608;A01;0;33;2;0;1;19;1;
49269;202000032307;154 685 606;A01;1;7;0;2;3;15;0;
49270;202000032307;154 685 607;B01;2;33;0;2;1;15;0;
49271;202000032308;154 685 604;B01;1;33;0;2;1;1;1;
49272;202000032308;154 685 605;A01;1;7;0;2;1;15;1;
49273;202000032309;154 685 603;A01;1;1;0;0;0;1;5;
49274;202000032310;154 685 602;A01;2;7;0;0;9;1;1;
49275;202000032311;154 685 600;A01;3;2;0;2;1;21;1;
49276;202000032311;154 685 601;B01;3;2;0;2;0;21;1;
49277;202000032312;154 685 599;A01;1;7;6;0;1;13;1;
49278;202000032313;154 685 598;A01;1;7;0;1;3;1;1;
49279;202000032314;154 685 596;B01;3;7;0;2;2;1;1;
49280;202000032314;154 685 597;A01;3;2;0;2;1;13;1;
49281;202000032315;154 685 594;A01;2;33;6;0;2;13;1;
49282;202000032315;154 685 595;B01;2;10;0;2;2;1;1;
49283;202000032316;154 685 593;A01;2;1;4;0;1;1;6;
49284;202000032317;154 685 591;A01;1;1;0;2;1;13;5;
49285;202000032317;154 685 592;B01;2;7;6;2;3;1;1;
49286;202000032318;154 685 589;B01;2;10;0;2;3;1;1;
49287;202000032318;154 685 590;A01;1;7;0;2;3;13;1;
49288;202000032320;154 685 586;A01;1;7;0;0;8;1;1;
49289;202000032321;154 685 584;B01;2;7;0;2;6;1;6;
49290;202000032321;154 685 585;A01;2;2;0;2;1;15;1;
49291;202000032323;154 685 580;A01;0;2;0;2;1;16;1;
49292;202000032323;154 685 581;B01;0;7;0;0;2;23;1;
49293;202000032324;154 685 576;A01;3;7;0;2;3;15;1;
49294;202000032324;154 685 577;B01;2;7;0;2;1;1;1;
49295;202000032325;154 685 575;A01;2;7;4;0;2;21;1;
49296;202000032326;154 685 574;A01;2;7;0;0;1;1;1;
49297;202000032327;154 685 573;A01;2;7;2;0;1;2;0;
49298;202000032328;154 685 571;A01;2;7;0;2;1;1;1;
49299;202000032328;154 685 572;B01;2;7;0;0;4;1;1;
49300;202000032329;154 685 570;A01;2;33;2;0;3;13;1;
49301;202000032331;154 685 565;A01;3;7;0;1;2;17;1;
49302;202000032332;154 685 563;B01;2;2;0;0;7;1;0;
49303;202000032332;154 685 564;A01;3;7;0;2;1;15;0;
49304;202000032333;154 685 562;A01;3;7;13;0;1;1;1;
49305;202000032334;154 685 560;A01;2;7;0;2;1;2;1;
49306;202000032334;154 685 561;B01;2;7;0;2;4;2;1;
49307;202000032335;154 685 559;A01;2;17;0;0;9;13;1;
49308;202000032336;154 685 558;A01;2;7;0;0;9;21;1;
49309;202000032337;154 685 557;A01;3;7;0;1;0;0;1;
49310;202000032338;154 685 555;B01;1;7;0;0;0;9;1;
49311;202000032338;154 685 556;A01;1;33;0;2;0;17;1;
49312;202000032339;154 685 553;B01;1;7;0;1;0;0;1;
49313;202000032339;154 685 554;A01;2;7;0;2;1;1;1;
49314;202000032341;154 685 551;A01;2;30;8;0;1;25;0;
49315;202000032342;154 685 550;A01;1;7;8;0;1;1;0;
49316;202000032343;154 685 548;B01;0;7;0;2;3;1;1;
49317;202000032343;154 685 549;A01;0;7;0;2;3;13;1;
49318;202000032344;154 685 546;A01;3;7;0;2;3;13;1;
49319;202000032344;154 685 547;B01;3;7;0;2;3;1;1;
49320;202000032345;154 685 545;A01;1;7;0;1;1;1;1;
49321;202000032346;154 685 544;A01;2;7;2;0;1;14;1;
49322;202000032347;154 685 543;A01;2;7;0;1;4;4;1;
49323;202000032348;154 685 541;B01;2;7;0;2;2;16;1;
49324;202000032348;154 685 542;A01;2;33;0;2;8;1;1;
49325;202000032349;154 685 539;A01;3;7;0;2;1;1;1;
49326;202000032349;154 685 540;B01;2;7;0;2;5;0;1;
49327;202000032350;154 685 537;B01;2;2;0;2;3;1;1;
49328;202000032350;154 685 538;A01;1;10;0;2;3;9;1;
49329;202000032351;154 685 536;A01;3;30;0;0;0;0;1;
49330;202000032352;154 685 534;B01;2;33;0;2;1;1;1;
49331;202000032352;154 685 535;A01;3;7;0;2;3;15;1;
49332;202000032353;154 685 532;B01;1;33;0;2;3;1;1;
49333;202000032353;154 685 533;A01;2;7;0;2;2;1;1;
49334;202000032354;154 685 530;B01;3;7;0;2;3;22;1;
49335;202000032354;154 685 531;A01;2;37;1;0;2;1;1;1.0
49336;202000032355;154 685 528;Z01;2;3;0;2;8;1;0;
49337;202000032355;154 685 529;A01;1;50;0;2;2;1;3;
49338;202000032356;154 685 526;A01;3;33;0;2;3;15;1;
49339;202000032356;154 685 527;B01;3;33;0;2;2;26;1;
49340;202000032357;154 685 525;A01;2;7;2;0;1;1;6;
49341;202000032358;154 685 523;B01;1;10;0;2;3;9;1;
49342;202000032358;154 685 524;A01;2;35;0;0;7;15;1;
49343;202000032359;154 685 522;A01;2;7;17;0;3;17;1;
49344;202000032360;154 685 521;A01;1;7;8;0;9;1;1;
49345;202000032361;154 685 520;A01;2;7;13;0;8;13;1;
49346;202000032362;154 685 518;B01;1;7;0;2;3;1;1;
49347;202000032362;154 685 519;A01;2;7;0;2;1;1;1;
49348;202000032364;154 685 514;C01;2;17;0;2;1;1;1;
49349;202000032364;154 685 515;A01;1;14;0;2;1;13;1;
49350;202000032364;154 685 516;B01;1;10;0;0;0;15;1;
49351;202000032365;154 685 513;A01;1;7;2;0;1;13;6;
49352;202000032366;154 685 511;A01;1;10;0;2;1;16;1;
49353;202000032366;154 685 512;B01;1;7;0;2;4;16;1;
49354;202000032368;154 685 508;A01;3;7;0;1;2;21;1;
49355;202000032369;154 685 507;A01;3;7;0;0;1;1;1;
49356;202000032370;154 685 506;A01;1;7;0;1;1;15;3;
49357;202000032371;154 685 505;A01;2;7;2;0;1;26;1;
49358;202000032372;154 685 503;A01;1;7;0;2;1;1;1;
49359;202000032372;154 685 504;B01;1;1;0;2;8;19;5;
49360;202000032373;154 685 501;B01;3;7;0;2;3;2;1;
49361;202000032373;154 685 502;A01;3;30;0;2;1;26;1;
49362;202000032374;154 685 499;A01;0;7;8;2;1;1;1;
49363;202000032374;154 685 500;B01;2;7;0;2;1;0;1;
49364;202000032375;154 685 498;A01;1;7;15;0;1;14;1;
49365;202000032376;154 685 497;A01;2;7;0;1;1;9;1;
49366;202000032377;154 685 496;A01;1;10;9;0;1;1;1;
49367;202000032378;154 685 494;B01;2;10;0;2;2;1;1;
49368;202000032378;154 685 495;A01;2;10;0;2;3;1;1;
49369;202000032379;154 685 492;B01;2;2;0;2;2;2;0;
49370;202000032379;154 685 493;Z01;2;99;0;2;3;2;0;
49371;202000032380;154 685 491;A01;3;30;14;0;2;23;1;
49372;202000032381;154 685 490;A01;2;7;11;0;1;0;1;
49373;202000032384;154 685 486;A01;1;7;2;0;1;1;1;
49374;202000032385;154 685 484;B01;1;7;0;2;2;13;1;
49375;202000032385;154 685 485;A01;2;7;0;2;3;21;1;
49376;202000032386;154 685 483;A01;0;7;8;0;2;1;1;
49377;202000032387;154 685 482;A01;1;7;13;0;1;1;1;
49378;202000032388;154 685 481;A01;1;33;0;1;2;1;1;
49379;202000032389;154 685 480;A01;2;10;3;0;2;1;6;
49380;202000032390;154 685 478;A01;2;7;0;2;1;13;1;
49381;202000032390;154 685 479;B01;1;37;0;2;1;1;1;5.0
49382;202000032391;154 685 476;B01;3;33;0;2;2;17;1;
49383;202000032391;154 685 477;A01;3;21;0;2;3;15;1;
49384;202000032392;154 685 475;A01;3;36;2;0;2;0;1;
49385;202000032393;154 685 474;A01;1;7;6;0;2;2;1;
49386;202000032394;154 685 472;B01;2;37;0;2;3;1;1;2.0
49387;202000032394;154 685 473;A01;2;7;0;2;1;15;1;
49388;202000032395;154 685 471;A01;0;7;0;1;0;1;1;
49389;202000032396;154 685 470;A01;0;7;0;1;2;1;1;
49390;202000032397;154 685 469;A01;3;7;0;1;2;26;1;
49391;202000032399;154 685 465;A01;3;10;0;2;3;17;1;
49392;202000032399;154 685 466;B01;3;7;0;2;3;1;1;
49393;202000032399;154 685 467;C01;3;7;0;2;8;1;1;
49394;202000032400;154 685 464;A01;1;7;9;0;1;1;1;
49395;202000032401;154 685 462;A01;1;7;0;2;1;15;1;
49396;202000032401;154 685 463;B01;1;7;0;2;1;1;1;
49397;202000032403;154 685 460;A01;1;10;0;1;7;1;1;
49398;202000032404;154 685 459;A01;1;7;0;1;1;1;1;
49399;202000032405;154 685 457;B01;2;7;3;2;8;1;1;
49400;202000032405;154 685 458;A01;2;14;0;2;7;12;1;
49401;202000032406;154 685 454;A01;1;10;0;2;1;1;1;
49402;202000032406;154 685 456;B01;3;1;0;2;8;19;5;
49403;202000032407;154 685 453;B01;2;33;0;2;7;1;6;
49404;202000032407;154 685 455;A01;2;7;0;2;1;26;6;
49405;202000032408;154 685 452;A01;1;10;0;1;4;1;1;
49406;202000032409;154 685 449;B01;0;50;0;2;1;19;3;
49407;202000032409;154 685 451;A01;0;7;0;9;3;1;1;
49408;202000032410;154 685 450;A01;1;7;0;0;1;1;1;
49409;202000032411;154 685 442;B01;2;30;0;2;8;1;1;
49410;202000032411;154 685 444;A01;1;30;0;2;1;5;1;
49411;202000032412;154 685 439;A01;2;33;0;0;8;1;1;
49412;202000032413;154 685 438;B01;0;7;0;0;0;0;0;
49413;202000032413;154 685 440;A01;1;30;0;0;0;0;1;
49414;202000032414;154 685 435;A01;3;7;0;1;4;20;1;
49415;202000032415;154 685 432;A01;2;7;3;0;3;1;1;
49416;202000032416;154 685 430;B01;2;10;0;0;6;1;1;
49417;202000032416;154 685 431;A01;2;10;0;2;2;17;1;
49418;202000032417;154 685 429;B01;1;32;0;2;8;1;1;
49419;202000032417;154 685 433;A01;1;7;0;2;2;15;1;
49420;202000032419;154 685 424;A01;1;7;0;2;1;1;1;
49421;202000032419;154 685 426;B01;2;1;0;2;1;1;5;
49422;202000032420;154 685 423;A01;1;14;3;0;3;13;1;
49423;202000032423;154 685 417;B01;2;7;1;0;1;14;0;
49424;202000032423;154 685 418;A01;2;7;3;0;4;24;0;
49425;202000032424;154 685 416;A01;2;2;17;0;1;1;1;
49426;202000032425;154 685 415;A01;1;2;0;0;0;1;1;
49427;202000032426;154 685 414;A01;2;10;13;0;2;1;1;
49428;202000032427;154 685 411;A01;1;7;0;2;1;15;1;
49429;202000032427;154 685 413;B01;2;7;0;2;1;1;1;
49430;202000032428;154 685 410;A01;1;10;0;2;2;2;1;
49431;202000032428;154 685 412;B01;1;1;0;0;0;23;5;
49432;202000032429;154 685 409;A01;1;7;2;0;8;1;1;
49433;202000032430;154 685 408;A01;1;33;6;0;3;21;1;
49434;202000032431;154 685 406;A01;2;38;0;2;8;15;1;1.0
49435;202000032431;154 685 407;B01;1;1;0;2;8;16;5;
49436;202000032432;154 685 400;A01;2;2;6;0;1;15;1;
49437;202000032433;154 685 398;B01;2;7;7;2;8;1;1;
49438;202000032433;154 685 401;A01;2;7;0;2;1;6;1;
49439;202000032434;154 685 396;A01;2;7;3;0;0;14;1;
49440;202000032435;154 685 395;A01;3;10;0;1;4;4;1;
49441;202000032437;154 685 397;A01;3;7;0;9;1;1;1;
49442;202000032437;154 685 399;B01;3;1;0;2;7;19;5;
49443;202000032438;154 685 391;A01;1;7;3;0;3;13;1;
49444;202000032439;154 685 392;A01;0;7;0;1;4;4;1;
49445;202000032440;154 685 388;A01;1;7;2;0;3;1;1;
49446;202000032441;154 685 389;B01;0;7;0;2;3;2;0;
49447;202000032441;154 685 390;A01;0;33;0;2;2;17;0;
49448;202000032442;154 685 386;A01;1;7;6;0;1;1;1;
49449;202000032443;154 685 385;B01;1;7;0;2;3;1;1;
49450;202000032443;154 685 387;A01;2;2;0;2;1;13;1;
49451;202000032444;154 685 384;A01;0;7;6;0;1;26;1;
49452;202000032445;154 685 382;A01;1;10;3;0;8;11;1;
49453;202000032446;154 685 381;A01;1;7;4;0;9;1;1;
49454;202000032447;154 685 379;A01;1;10;0;2;8;15;1;
49455;202000032447;154 685 380;B01;1;7;0;2;1;1;1;
49456;202000032448;154 685 375;D01;2;7;0;2;1;2;1;
49457;202000032448;154 685 376;A01;2;10;0;2;1;1;1;
49458;202000032448;154 685 377;B01;2;7;0;2;4;2;1;
49459;202000032448;154 685 378;C01;2;7;0;2;4;15;1;
49460;202000032449;154 685 374;A01;2;7;13;0;1;1;1;
49461;202000032450;154 685 373;A01;0;7;0;0;9;26;1;
49462;202000032451;154 685 372;A01;1;33;0;0;0;1;1;
49463;202000032452;154 685 370;A01;2;7;0;2;1;13;1;
49464;202000032452;154 685 371;B01;1;37;0;2;1;1;1;1.0
49465;202000032454;154 685 367;A01;1;33;8;0;1;1;1;
49466;202000032455;154 685 366;A01;2;7;6;0;3;13;1;
49467;202000032457;154 685 364;A01;1;7;0;1;2;19;1;
49468;202000032458;154 685 362;A01;3;1;12;0;7;1;5;
49469;202000032459;154 685 360;B01;2;33;0;2;1;0;1;
49470;202000032459;154 685 361;A01;1;7;0;2;3;26;1;
49471;202000032460;154 685 359;A01;0;10;6;0;4;26;1;
49472;202000032461;154 685 358;A01;1;31;11;0;1;1;1;
49473;202000032462;154 685 354;B01;1;7;0;2;1;1;1;
49474;202000032462;154 685 356;A01;2;7;0;2;1;1;1;
49475;202000032463;154 685 355;A01;0;7;0;2;2;15;0;
49476;202000032463;154 685 357;B01;1;33;0;2;1;1;1;
49477;202000032464;154 685 351;A01;3;3;0;2;1;10;1;
49478;202000032464;154 685 353;B01;3;33;0;2;3;1;1;
49479;202000032465;154 685 350;A01;2;7;1;0;1;1;1;
49480;202000032465;154 685 352;B01;2;7;3;0;4;24;1;
49481;202000032466;154 685 349;A01;2;7;2;0;1;0;1;
49482;202000032467;154 685 348;A01;1;7;8;0;0;1;1;
49483;202000032468;154 685 347;A01;2;33;13;0;1;17;1;
49484;202000032469;154 685 345;B01;1;7;0;2;7;1;1;
49485;202000032469;154 685 346;A01;3;10;0;2;1;19;1;
49486;202000032470;154 685 343;A01;2;7;13;0;9;1;1;
49487;202000032471;154 685 342;C01;3;30;0;2;7;1;1;
49488;202000032471;154 685 344;A01;3;7;0;2;1;1;1;
49489;202000032472;154 685 341;A01;2;2;6;0;1;1;1;
49490;202000032473;154 685 338;A01;1;7;0;2;3;1;1;
49491;202000032473;154 685 339;C01;2;33;0;2;1;0;1;
49492;202000032473;154 685 340;B01;2;33;0;2;1;1;1;
49493;202000032474;154 685 335;A01;2;7;0;2;1;17;0;
49494;202000032474;154 685 337;B01;1;7;0;2;7;21;1;
49495;202000032475;154 685 334;B01;1;1;12;2;8;1;5;
49496;202000032475;154 685 336;A01;3;7;0;9;2;2;1;
49497;202000032476;154 685 333;A01;2;7;13;0;1;1;1;
49498;202000032477;154 685 331;B01;2;7;0;2;2;9;1;
49499;202000032477;154 685 332;A01;1;7;0;2;3;1;1;
49500;202000032478;154 685 329;A01;1;10;13;2;4;1;1;
49501;202000032478;154 685 330;B01;1;10;0;2;9;1;1;
49502;202000032479;154 685 327;B01;2;7;0;0;4;2;1;
49503;202000032479;154 685 328;A01;2;7;0;2;1;2;1;
49504;202000032482;154 685 321;A01;1;1;0;2;8;25;6;
49505;202000032482;154 685 323;B01;2;7;0;9;3;23;1;
49506;202000032483;154 685 319;A01;1;33;0;2;1;2;1;
49507;202000032483;154 685 320;B01;1;7;0;0;4;2;1;
49508;202000032484;154 685 315;B01;2;7;0;0;1;1;1;
49509;202000032484;154 685 316;A01;2;7;0;2;1;9;1;
49510;202000032486;154 685 313;A01;2;33;0;0;8;1;1;
49511;202000032487;154 685 310;A01;2;7;12;0;8;26;1;
49512;202000032488;154 685 311;A01;2;7;3;2;2;14;1;
49513;202000032488;154 685 312;C01;2;7;3;2;1;2;1;
49514;202000032488;154 685 314;B01;2;7;3;0;8;1;1;
49515;202000032489;154 685 307;A01;1;13;0;0;3;15;1;
49516;202000032489;154 685 309;B01;1;31;13;2;2;17;1;
49517;202000032491;154 685 305;A01;2;32;8;0;9;0;1;
49518;202000032492;154 685 304;A01;1;33;13;0;1;13;1;
49519;202000032493;154 685 303;A01;0;33;0;0;0;0;1;
49520;202000032494;154 685 301;A01;1;30;0;2;1;9;0;
49521;202000032494;154 685 302;B01;1;7;0;2;6;1;0;
49522;202000032495;154 685 300;A01;1;7;6;0;1;1;1;
49523;202000032496;154 685 299;A01;3;33;0;0;0;2;1;
49524;202000032497;154 685 298;A01;3;7;3;0;7;14;0;
49525;202000032499;154 685 295;A01;2;7;2;0;1;21;1;
49526;202000032500;154 685 294;A01;0;7;0;2;1;13;1;
49527;202000032500;154 685 296;B01;0;37;0;2;1;1;1;1.0
49528;202000032502;154 685 290;B01;0;7;0;2;2;1;1;
49529;202000032502;154 685 291;A01;0;7;0;2;3;1;1;
49530;202000032503;154 685 289;A01;3;80;2;0;1;1;3;
49531;202000032505;154 685 286;A01;2;7;0;2;1;15;1;
49532;202000032505;154 685 288;B01;1;50;0;2;8;1;3;
49533;202000032507;154 685 284;A01;1;34;0;0;2;15;0;
49534;202000032508;154 685 282;B01;0;33;0;2;5;1;1;
49535;202000032508;154 685 283;A01;3;7;0;2;2;15;1;
49536;202000032509;154 685 281;A01;1;7;1;0;1;26;1;
49537;202000032510;154 685 280;A01;1;7;0;1;0;1;1;
49538;202000032511;154 685 278;A01;1;3;9;4;1;19;1;
49539;202000032511;154 685 279;B01;1;40;0;2;1;1;3;
49540;202000032512;154 685 277;A01;1;7;0;1;2;1;1;
49541;202000032513;154 685 276;A01;1;33;0;0;0;1;1;
49542;202000032515;154 685 274;A01;1;7;0;1;4;20;1;
49543;202000032516;154 685 273;A01;1;7;6;0;3;1;1;
49544;202000032517;154 685 271;A01;1;7;13;0;1;1;1;
49545;202000032518;154 685 270;A01;-1;7;0;2;2;2;1;
49546;202000032518;154 685 272;B01;-1;7;0;0;6;2;1;
49547;202000032519;154 685 269;A01;3;7;2;0;1;1;1;
49548;202000032520;154 685 267;A01;1;10;0;2;7;1;1;
49549;202000032520;154 685 268;B01;2;42;0;2;1;1;1;
49550;202000032521;154 685 266;A01;0;31;0;0;0;0;1;
49551;202000032522;154 685 263;B01;2;7;0;2;4;1;1;
49552;202000032522;154 685 264;A01;2;32;0;2;1;2;1;
49553;202000032523;154 685 261;B01;2;7;0;0;7;12;1;
49554;202000032523;154 685 262;A01;2;32;0;2;1;3;1;
49555;202000032524;154 685 265;A01;0;7;0;1;1;9;0;
49556;202000032525;154 685 259;A01;1;7;0;2;2;12;1;
49557;202000032525;154 685 260;B01;1;7;0;2;6;1;1;
49558;202000032526;154 685 258;A01;2;33;0;0;3;2;1;
49559;202000032527;154 685 255;A01;0;7;6;0;1;0;0;
49560;202000032528;154 685 254;B01;2;7;0;2;5;1;1;
49561;202000032528;154 685 256;C01;2;33;0;2;7;3;1;
49562;202000032528;154 685 257;A01;2;7;0;2;8;11;1;
49563;202000032529;154 685 253;A01;2;7;13;0;9;0;1;
49564;202000032530;154 685 251;A01;2;7;0;2;1;2;1;
49565;202000032530;154 685 252;B01;2;7;0;2;4;2;1;
49566;202000032531;154 685 249;B01;1;33;0;2;5;1;1;
49567;202000032531;154 685 250;A01;1;33;8;2;8;1;1;