;Num_Acc;id_vehicule;num_veh;senc;catv;obs;obsm;choc;manv;motor;occutc
49568;202000032532;154 685 246;C01;2;7;0;2;4;2;1;
49569;202000032532;154 685 247;A01;2;7;0;2;1;1;1;
49570;202000032532;154 685 248;B01;2;10;0;2;4;2;1;
49571;202000032533;154 685 244;A01;1;7;6;0;2;14;1;
49572;202000032534;154 685 243;B01;2;7;0;2;4;1;1;
49573;202000032534;154 685 245;A01;2;7;0;2;1;1;1;
49574;202000032535;154 685 241;A01;2;33;12;0;1;1;1;
49575;202000032536;154 685 239;C01;2;7;0;2;5;2;1;
49576;202000032536;154 685 240;A01;2;33;0;2;3;3;1;
49577;202000032536;154 685 242;B01;2;7;0;2;2;12;1;
49578;202000032537;154 685 238;A01;1;33;0;6;1;1;1;
49579;202000032538;154 685 236;B01;2;10;0;2;4;2;1;
49580;202000032538;154 685 237;A01;2;33;0;2;1;2;1;
49581;202000032539;154 685 233;B01;1;7;14;2;4;21;1;
49582;202000032539;154 685 235;A01;1;10;14;2;1;21;1;
49583;202000032540;154 685 232;B01;1;7;0;2;3;1;1;
49584;202000032540;154 685 234;A01;2;7;0;2;3;13;1;
49585;202000032542;154 685 228;C01;1;7;0;2;4;2;1;
49586;202000032542;154 685 229;B01;1;7;0;2;4;2;1;
49587;202000032542;154 685 231;A01;1;10;0;2;1;2;1;
49588;202000032543;154 685 225;A01;1;33;0;2;8;1;1;
49589;202000032543;154 685 226;Z01;1;7;0;2;0;12;0;
49590;202000032544;154 685 222;B01;1;7;4;2;5;2;1;
49591;202000032544;154 685 223;A01;1;7;0;2;1;2;1;
49592;202000032545;154 685 224;A01;1;7;0;2;2;1;1;
49593;202000032545;154 685 227;B01;1;7;0;2;3;0;1;
49594;202000032547;154 685 219;B01;0;2;0;2;1;1;1;
49595;202000032547;154 685 220;A01;0;7;0;2;7;15;1;
49596;202000032548;154 685 216;B01;3;7;0;2;3;1;1;
49597;202000032548;154 685 218;A01;1;7;0;2;2;1;1;
49598;202000032549;154 685 217;A01;1;10;8;0;3;26;1;
49599;202000032550;154 685 215;A01;1;32;0;1;1;1;1;
49600;202000032551;154 685 210;B01;3;14;0;2;8;1;1;
49601;202000032551;154 685 211;A01;3;7;0;2;1;1;0;
49602;202000032551;154 685 212;C01;3;7;0;2;3;1;1;
49603;202000032552;154 685 213;B01;3;7;0;2;2;26;0;
49604;202000032552;154 685 214;A01;3;2;14;2;1;26;1;
49605;202000032553;154 685 209;A01;2;50;0;1;1;1;3;
49606;202000032554;154 685 206;B01;2;7;0;0;4;2;1;
49607;202000032554;154 685 207;A01;1;7;0;2;1;2;1;
49608;202000032555;154 685 205;B01;3;33;0;2;2;3;1;
49609;202000032555;154 685 208;A01;3;7;0;2;3;15;1;
49610;202000032556;154 685 204;A01;1;7;0;1;3;15;1;
49611;202000032557;154 685 201;C01;2;7;0;2;0;0;1;
49612;202000032557;154 685 202;B01;2;7;0;2;0;0;1;
49613;202000032557;154 685 203;A01;2;7;0;2;0;0;1;
49614;202000032558;154 685 200;A01;1;34;0;2;7;17;1;
49615;202000032559;154 685 197;A01;1;37;0;2;1;26;1;1.0
49616;202000032559;154 685 198;B01;1;32;0;2;3;0;1;
49617;202000032560;154 685 196;B01;2;33;0;2;1;1;1;
49618;202000032560;154 685 199;A01;1;7;0;2;2;15;1;
49619;202000032561;154 685 195;A01;2;7;0;1;1;16;1;
49620;202000032563;154 685 192;A01;3;1;0;2;2;26;5;
49621;202000032563;154 685 194;B01;3;7;0;2;3;1;1;
49622;202000032564;154 685 189;A01;1;7;0;0;6;9;6;
49623;202000032564;154 685 190;B01;1;7;0;2;1;1;6;
49624;202000032565;154 685 187;B01;2;7;0;2;2;11;1;
49625;202000032565;154 685 188;A01;1;30;0;2;1;13;1;
49626;202000032566;154 685 185;A01;3;7;0;2;1;2;1;
49627;202000032566;154 685 186;B01;3;7;0;2;4;2;1;
49628;202000032567;154 685 181;A01;2;7;0;2;6;15;1;
49629;202000032567;154 685 182;B01;1;30;0;2;1;1;1;
49630;202000032568;154 685 183;B01;2;1;0;2;0;0;5;
49631;202000032568;154 685 184;A01;1;7;0;9;2;15;1;
49632;202000032570;154 685 178;A01;1;7;0;2;1;2;1;
49633;202000032570;154 685 179;B01;1;7;0;2;4;2;1;
49634;202000032571;154 685 177;A01;1;7;0;1;2;1;0;
49635;202000032572;154 685 174;B01;3;7;0;2;2;1;0;
49636;202000032572;154 685 176;A01;3;7;0;2;1;5;0;
49637;202000032573;154 685 173;A01;3;7;0;1;1;16;1;
49638;202000032574;154 685 172;Z01;1;0;0;1;1;19;0;
49639;202000032575;154 685 175;A01;3;36;0;0;7;26;1;
49640;202000032576;154 685 169;B01;0;7;0;2;3;1;1;
49641;202000032576;154 685 170;A01;3;7;0;2;3;13;1;
49642;202000032576;154 685 171;C01;0;7;0;2;6;1;1;
49643;202000032577;154 685 168;A01;3;7;0;1;1;1;1;
49644;202000032578;154 685 165;A01;2;7;0;2;3;9;-1;
49645;202000032578;154 685 167;B01;2;2;0;2;2;9;-1;
49646;202000032579;154 685 164;B01;2;15;0;2;8;1;1;
49647;202000032579;154 685 166;A01;1;7;0;2;3;5;1;
49648;202000032580;154 685 161;A01;2;10;0;2;3;9;0;
49649;202000032580;154 685 163;B01;2;31;0;2;7;1;0;
49650;202000032581;154 685 160;A01;1;7;0;2;3;26;1;
49651;202000032581;154 685 162;B01;3;7;0;2;3;26;1;
49652;202000032582;154 685 159;A01;3;10;0;1;4;4;1;
49653;202000032583;154 685 158;A01;3;33;2;0;0;13;1;
49654;202000032584;154 685 156;A01;2;10;0;2;8;9;1;
49655;202000032584;154 685 157;B01;1;1;0;2;1;2;5;
49656;202000032585;154 685 154;A01;2;7;0;2;1;1;1;
49657;202000032585;154 685 155;B01;1;10;0;2;3;1;1;
49658;202000032587;154 685 151;A01;2;50;0;0;0;1;3;
49659;202000032589;154 685 146;A01;3;32;0;2;1;15;1;
49660;202000032589;154 685 148;B01;3;7;0;2;1;1;1;
49661;202000032590;154 685 145;A01;1;7;0;2;6;11;1;
49662;202000032590;154 685 147;B01;1;32;0;2;2;1;1;
49663;202000032591;154 685 143;B01;3;3;0;2;4;1;1;
49664;202000032591;154 685 144;A01;3;7;0;2;1;1;1;
49665;202000032592;154 685 140;A01;1;7;0;1;3;1;1;
49666;202000032593;154 685 141;B01;2;7;0;2;1;1;1;
49667;202000032593;154 685 142;A01;1;7;0;2;2;15;1;
49668;202000032595;154 685 138;A01;2;7;0;2;3;1;0;
49669;202000032595;154 685 139;B01;1;7;0;0;0;0;0;
49670;202000032596;154 685 135;A01;2;7;4;0;3;13;1;
49671;202000032597;154 685 136;A01;2;33;13;0;1;1;1;
49672;202000032598;154 685 132;A01;1;10;0;2;3;1;1;
49673;202000032598;154 685 134;B01;1;7;0;2;2;1;1;
49674;202000032599;154 685 129;A01;1;7;0;2;2;1;1;
49675;202000032599;154 685 131;B01;2;30;0;2;1;17;1;
49676;202000032600;154 685 128;B01;1;1;0;2;2;9;5;
49677;202000032600;154 685 130;A01;1;7;0;2;1;9;1;
49678;202000032601;154 685 125;A01;1;3;0;2;4;2;1;
49679;202000032601;154 685 126;B01;1;7;0;2;4;2;1;
49680;202000032602;154 685 127;A01;1;17;3;0;3;0;1;
49681;202000032603;154 685 123;B01;1;1;0;2;6;26;5;
49682;202000032603;154 685 124;A01;1;7;0;9;2;9;0;
49683;202000032604;154 685 122;A01;3;7;4;0;1;26;1;
49684;202000032605;154 685 120;A01;1;7;0;2;1;0;1;
49685;202000032605;154 685 121;B01;1;7;0;2;7;0;1;
49686;202000032606;154 685 117;B01;3;7;0;2;2;15;1;
49687;202000032606;154 685 118;A01;3;7;0;2;1;16;1;
49688;202000032607;154 685 119;A01;1;7;13;0;1;1;0;
49689;202000032608;154 685 114;B01;3;31;0;2;3;1;1;
49690;202000032608;154 685 116;A01;3;21;0;2;1;1;1;
49691;202000032609;154 685 111;B01;1;7;8;0;4;2;1;
49692;202000032609;154 685 112;A01;1;7;12;2;1;18;1;
49693;202000032610;154 685 108;C01;1;7;13;2;4;23;1;
49694;202000032610;154 685 109;B01;1;7;14;1;4;23;1;
49695;202000032610;154 685 110;A01;1;7;14;1;1;2;1;
49696;202000032611;154 685 106;B01;2;7;0;2;3;1;1;
49697;202000032611;154 685 107;A01;1;30;0;2;3;9;1;
49698;202000032612;154 685 113;A01;2;2;0;2;1;1;1;
49699;202000032612;154 685 115;B01;2;7;0;2;3;1;1;
49700;202000032614;154 685 103;A01;2;7;0;2;1;15;1;
49701;202000032614;154 685 105;B01;2;34;0;2;7;1;1;
49702;202000032615;154 685 098;A01;0;7;0;2;1;9;1;
49703;202000032615;154 685 101;B01;0;1;0;2;5;1;0;
49704;202000032616;154 685 099;A01;0;1;0;2;8;25;5;
49705;202000032616;154 685 100;B01;0;7;0;2;3;1;1;
49706;202000032617;154 685 096;B01;1;41;0;0;0;0;1;
49707;202000032617;154 685 097;A01;1;7;0;2;8;15;1;
49708;202000032618;154 685 094;A01;0;7;7;0;1;1;1;
49709;202000032619;154 685 091;A01;0;7;0;2;2;1;1;
49710;202000032619;154 685 092;B01;0;31;0;2;1;1;1;
49711;202000032620;154 685 093;A01;0;7;0;2;3;15;1;
49712;202000032620;154 685 095;B01;0;33;0;2;3;1;1;
49713;202000032621;154 685 089;A01;0;7;0;2;1;1;1;
49714;202000032621;154 685 090;B01;0;7;0;2;4;1;1;
49715;202000032622;154 685 085;A01;0;7;0;2;1;9;1;
49716;202000032622;154 685 087;B01;0;31;0;2;8;1;1;
49717;202000032623;154 685 086;B01;0;33;0;2;1;1;1;
49718;202000032623;154 685 088;A01;1;7;0;9;2;15;1;
49719;202000032625;154 685 082;B01;0;1;0;2;7;1;5;
49720;202000032625;154 685 084;A01;0;33;0;2;7;1;1;
49721;202000032626;154 685 079;A01;3;7;0;2;1;9;1;
49722;202000032626;154 685 081;B01;1;17;0;2;2;1;1;
49723;202000032627;154 685 078;B01;1;1;0;2;8;1;5;
49724;202000032627;154 685 080;A01;1;1;0;2;2;17;5;
49725;202000032628;154 685 077;A01;1;7;6;0;1;16;1;
49726;202000032629;154 685 075;A01;0;7;0;2;5;1;1;
49727;202000032629;154 685 076;B01;0;7;0;2;1;1;1;
49728;202000032632;154 685 071;A01;1;7;1;0;2;14;1;
49729;202000032633;154 685 069;A01;2;30;0;2;1;2;1;
49730;202000032633;154 685 070;B01;2;0;0;2;4;1;-1;
49731;202000032634;154 685 066;B01;1;7;0;2;1;1;2;
49732;202000032634;154 685 067;A01;2;7;0;2;1;5;1;
49733;202000032635;154 685 065;B01;2;80;0;2;5;1;2;
49734;202000032635;154 685 068;A01;1;7;0;2;3;9;1;
49735;202000032636;154 685 063;A01;1;2;0;2;1;1;1;
49736;202000032636;154 685 064;B01;1;7;0;2;4;1;1;
49737;202000032637;154 685 062;A01;1;7;0;1;3;1;1;
49738;202000032638;154 685 060;A01;0;7;0;2;3;9;1;
49739;202000032638;154 685 061;B01;0;33;0;2;1;1;1;
49740;202000032639;154 685 058;A01;1;33;0;2;7;14;1;
49741;202000032639;154 685 059;B01;1;37;0;2;8;1;1;1.0
49742;202000032641;154 685 057;A01;1;10;0;1;7;16;1;
49743;202000032642;154 685 048;A01;1;10;0;2;1;1;1;
49744;202000032642;154 685 050;B01;1;7;0;2;4;1;1;
49745;202000032642;154 685 052;C01;1;7;0;2;4;1;1;
49746;202000032643;154 685 049;E01;2;7;0;2;5;1;0;
49747;202000032643;154 685 051;D01;2;10;0;2;4;1;1;
49748;202000032643;154 685 053;C01;2;7;0;2;4;1;0;
49749;202000032643;154 685 054;B01;2;7;0;2;4;1;0;
49750;202000032643;154 685 055;A01;2;17;0;2;1;1;1;
49751;202000032644;154 685 045;B01;2;7;0;2;4;1;1;
49752;202000032644;154 685 046;A01;2;2;0;2;1;1;1;
49753;202000032646;154 685 043;A01;3;7;1;1;4;26;1;
49754;202000032647;154 685 042;A01;1;34;0;1;1;1;1;
49755;202000032648;154 685 041;A01;3;10;0;1;2;0;1;
49756;202000032649;154 685 040;A01;2;43;0;0;8;15;1;
49757;202000032650;154 685 038;A01;3;14;8;0;9;14;6;
49758;202000032651;154 685 037;B01;2;33;0;2;1;1;1;
49759;202000032651;154 685 039;A01;1;10;0;2;5;1;1;
49760;202000032652;154 685 035;A01;1;7;4;0;1;26;1;
49761;202000032654;154 685 034;A01;2;10;0;2;2;9;1;
49762;202000032654;154 685 036;B01;2;33;0;2;3;1;1;
49763;202000032655;154 685 031;A01;2;7;2;0;1;1;1;
49764;202000032656;154 685 030;A01;1;30;12;0;3;13;1;
49765;202000032657;154 685 029;A01;1;10;0;1;1;1;1;
49766;202000032658;154 685 026;A01;1;33;0;2;1;2;1;
49767;202000032658;154 685 028;B01;1;1;0;2;5;19;5;
49768;202000032659;154 685 025;B01;2;7;0;2;4;23;1;
49769;202000032659;154 685 027;A01;2;10;0;2;1;2;1;
49770;202000032660;154 685 023;A01;2;7;0;2;3;15;1;
49771;202000032660;154 685 024;B01;1;33;0;2;1;1;0;
49772;202000032661;154 685 021;B01;1;14;0;2;7;12;1;
49773;202000032661;154 685 022;A01;1;32;0;2;3;1;1;
49774;202000032662;154 685 019;A01;2;7;0;2;3;1;1;
49775;202000032662;154 685 020;B01;1;7;0;2;3;1;1;
49776;202000032663;154 685 017;A01;2;32;0;2;6;1;1;
49777;202000032663;154 685 018;Z01;2;14;0;2;7;18;0;
49778;202000032664;154 685 016;A01;2;7;16;0;9;1;1;
49779;202000032665;154 685 014;A01;2;7;15;0;3;1;1;
49780;202000032666;154 685 012;A01;1;7;8;0;1;0;1;
49781;202000032667;154 685 013;Z01;1;10;0;2;0;11;0;
49782;202000032667;154 685 015;A01;1;43;0;2;1;1;1;
49783;202000032668;154 685 011;A01;3;2;0;0;0;1;1;
49784;202000032669;154 685 009;A01;1;30;0;2;2;2;1;
49785;202000032669;154 685 010;B01;1;32;0;2;6;23;1;
49786;202000032670;154 685 008;A01;1;7;8;0;1;1;1;
49787;202000032671;154 685 007;A01;1;0;0;1;0;0;0;
49788;202000032672;154 685 005;A01;1;7;0;2;3;11;1;
49789;202000032672;154 685 006;B01;1;33;0;2;7;2;1;
49790;202000032673;154 685 004;A01;1;1;0;1;1;1;5;
49791;202000032674;154 685 003;A01;1;10;0;1;3;1;1;
49792;202000032675;154 685 001;A01;1;7;0;2;3;24;1;
49793;202000032675;154 685 002;Z01;3;7;1;0;2;1;0;
49794;202000032677;154 684 999;A01;2;32;0;0;0;21;1;
49795;202000032678;154 684 997;A01;3;7;0;2;2;15;1;
49796;202000032678;154 684 998;B01;2;43;0;2;8;1;1;
49797;202000032679;154 684 995;A01;1;7;0;2;8;22;1;
49798;202000032679;154 684 996;B01;1;50;0;2;1;2;3;
49799;202000032680;154 684 993;A01;1;1;0;2;0;1;5;
49800;202000032680;154 684 994;B01;1;7;0;2;5;1;1;
49801;202000032682;154 684 991;A01;1;1;0;1;1;1;5;
49802;202000032683;154 684 989;A01;1;7;0;2;5;1;1;
49803;202000032683;154 684 990;B01;2;7;0;2;0;0;1;
49804;202000032684;154 684 987;A01;3;7;0;2;3;1;1;
49805;202000032684;154 684 988;B01;3;50;0;2;2;1;3;
49806;202000032685;154 684 986;A01;3;7;0;1;1;0;1;
49807;202000032686;154 684 985;A01;3;10;8;0;1;14;0;
49808;202000032687;154 684 983;A01;-1;7;0;2;3;1;1;
49809;202000032687;154 684 984;B01;-1;7;0;2;4;1;1;
49810;202000032688;154 684 982;A01;3;7;0;1;1;9;2;
49811;202000032689;154 684 980;A01;-1;7;0;1;3;26;1;
49812;202000032689;154 684 981;B01;-1;7;14;2;1;15;1;
49813;202000032690;154 684 978;B01;3;7;0;2;4;23;1;
49814;202000032690;154 684 979;A01;3;7;0;2;1;2;1;
49815;202000032691;154 684 977;A01;2;33;0;0;8;1;1;
49816;202000032692;154 684 975;A01;3;10;0;2;1;1;1;
49817;202000032692;154 684 976;B01;3;10;0;2;8;15;1;
49818;202000032694;154 684 972;A01;3;7;0;2;3;10;2;
49819;202000032694;154 684 973;B01;3;33;0;2;1;3;1;
49820;202000032695;154 684 971;A01;1;10;1;0;2;1;1;
49821;202000032696;154 684 969;B01;3;14;0;2;1;2;0;
49822;202000032696;154 684 970;A01;0;7;0;2;4;0;0;
49823;202000032697;154 684 967;B01;2;2;0;2;1;1;1;
49824;202000032697;154 684 968;A01;2;10;0;2;3;15;1;
49825;202000032698;154 684 964;B01;2;30;0;2;0;0;1;
49826;202000032698;154 684 965;A01;1;7;0;2;7;15;1;
49827;202000032699;154 684 962;B01;2;32;0;2;4;23;1;
49828;202000032699;154 684 963;A01;2;7;0;2;1;0;1;
49829;202000032700;154 684 960;A01;2;10;0;2;2;1;3;
49830;202000032700;154 684 961;B01;2;14;0;2;2;1;1;
49831;202000032703;154 684 954;A01;2;7;0;2;3;1;1;
49832;202000032703;154 684 955;B01;1;7;0;2;3;1;1;
49833;202000032703;154 684 956;C01;1;15;0;9;6;1;1;
49834;202000032704;154 684 952;B01;2;7;0;2;2;1;1;
49835;202000032704;154 684 953;A01;1;7;0;2;2;13;1;
49836;202000032705;154 684 951;A01;1;7;2;0;1;1;1;
49837;202000032706;154 684 950;A01;2;7;8;0;1;14;1;
49838;202000032707;154 684 948;A01;1;33;0;2;8;13;1;
49839;202000032707;154 684 949;B01;2;7;0;2;8;1;1;
49840;202000032708;154 684 946;B01;2;7;3;2;6;1;1;
49841;202000032708;154 684 947;A01;2;7;0;2;1;17;1;
49842;202000032709;154 684 944;A01;1;7;0;9;2;1;1;
49843;202000032709;154 684 945;B01;1;7;0;9;1;1;1;
49844;202000032710;154 684 942;A01;1;2;0;2;1;15;1;
49845;202000032710;154 684 943;B01;2;7;0;0;2;1;1;
49846;202000032711;154 684 940;A01;1;7;0;9;3;1;1;
49847;202000032711;154 684 941;B01;1;1;0;2;4;5;5;
49848;202000032712;154 684 938;B01;1;33;0;2;1;17;1;
49849;202000032712;154 684 939;A01;1;7;0;2;3;19;0;
49850;202000032714;154 684 934;B01;1;15;0;2;3;1;1;
49851;202000032714;154 684 935;A01;2;7;0;2;3;1;1;
49852;202000032715;154 684 932;A01;1;33;0;2;2;2;1;
49853;202000032715;154 684 933;B01;1;1;0;2;4;2;5;
49854;202000032716;154 684 930;A01;3;1;0;2;8;1;5;
49855;202000032716;154 684 931;B01;1;10;0;2;1;1;1;
49856;202000032717;154 684 929;A01;2;7;8;0;9;19;0;
49857;202000032718;154 684 926;B01;1;7;0;2;2;1;1;
49858;202000032718;154 684 927;A01;2;33;0;2;3;1;1;
49859;202000032721;154 684 920;A01;1;7;0;2;3;15;3;
49860;202000032721;154 684 921;B01;1;33;0;2;2;1;1;
49861;202000032722;154 684 918;B01;3;1;0;2;2;1;5;
49862;202000032722;154 684 919;A01;3;7;0;9;8;9;1;
49863;202000032724;154 684 914;A01;1;10;0;2;1;9;1;
49864;202000032724;154 684 915;B01;3;13;0;2;5;1;1;
49865;202000032725;154 684 913;A01;2;1;0;1;0;26;5;
49866;202000032726;154 684 911;B01;2;7;0;2;6;2;1;
49867;202000032726;154 684 912;A01;2;32;0;2;1;2;1;
49868;202000032728;154 684 908;A01;1;7;0;1;7;1;1;
49869;202000032729;154 684 907;A01;3;34;0;0;7;16;1;
49870;202000032730;154 684 905;A01;3;7;0;2;2;19;1;
49871;202000032730;154 684 906;B01;3;7;0;2;1;1;1;
49872;202000032731;154 684 904;A01;1;2;12;0;1;26;1;
49873;202000032732;154 684 902;A01;3;1;0;2;0;1;5;
49874;202000032732;154 684 903;B01;3;7;0;9;0;0;0;
49875;202000032733;154 684 901;A01;3;7;0;1;0;1;1;
49876;202000032734;154 684 900;A01;1;7;0;1;1;1;1;
49877;202000032735;154 684 898;A01;2;7;0;2;1;15;1;
49878;202000032735;154 684 899;B01;1;7;0;2;1;1;1;
49879;202000032736;154 684 896;B01;1;33;0;2;9;19;0;
49880;202000032736;154 684 897;A01;1;10;0;2;0;0;0;
49881;202000032737;154 684 895;A01;0;7;0;1;2;1;1;
49882;202000032738;154 684 893;B01;3;31;0;2;2;1;1;
49883;202000032738;154 684 894;A01;3;7;0;2;1;16;1;
49884;202000032739;154 684 892;Z01;3;7;0;1;0;0;0;
49885;202000032740;154 684 891;A01;3;7;0;1;1;1;1;
49886;202000032741;154 684 890;A01;2;30;1;0;1;14;1;
49887;202000032742;154 684 889;Z01;1;7;0;1;2;1;0;
49888;202000032743;154 684 888;A01;0;33;0;0;7;17;0;
49889;202000032744;154 684 886;A01;2;7;0;2;2;18;0;
49890;202000032744;154 684 887;B01;2;7;0;2;6;1;0;
49891;202000032745;154 684 885;A01;0;7;0;1;7;1;1;
49892;202000032746;154 684 884;A01;2;7;0;1;2;1;1;
49893;202000032747;154 684 882;Z01;0;10;0;2;0;0;0;
49894;202000032747;154 684 883;A01;0;33;0;2;0;1;1;
49895;202000032748;154 684 880;B01;1;1;0;0;4;26;5;
49896;202000032748;154 684 881;A01;1;10;0;2;4;14;1;
49897;202000032749;154 684 879;A01;1;7;6;0;1;14;1;
49898;202000032750;154 684 878;A01;2;32;8;0;1;25;1;
49899;202000032751;154 684 876;B01;2;7;0;2;1;1;6;
49900;202000032751;154 684 877;A01;2;7;6;2;7;1;1;
49901;202000032752;154 684 874;B01;1;7;0;2;2;1;1;
49902;202000032752;154 684 875;A01;1;1;0;2;1;5;5;
49903;202000032753;154 684 872;B01;1;10;0;2;3;1;1;
49904;202000032753;154 684 873;A01;2;7;0;2;3;15;1;
49905;202000032754;154 684 870;A01;2;1;0;2;7;9;5;
49906;202000032754;154 684 871;B01;2;7;0;2;1;1;1;
49907;202000032755;154 684 868;A01;1;30;0;2;1;26;1;
49908;202000032755;154 684 869;B01;3;7;0;2;0;0;-1;
49909;202000032756;154 684 866;B01;1;7;0;2;4;1;1;
49910;202000032756;154 684 867;A01;1;32;0;2;1;1;1;
49911;202000032757;154 684 865;A01;3;32;0;1;2;21;1;
49912;202000032758;154 684 864;A01;1;32;0;0;0;1;1;
49913;202000032759;154 684 863;A01;1;30;0;2;8;21;1;
49914;202000032760;154 684 861;B01;2;7;0;2;7;1;1;
49915;202000032760;154 684 862;A01;2;7;0;2;1;9;1;
49916;202000032761;154 684 860;A01;3;10;0;1;2;1;1;
49917;202000032762;154 684 858;B01;1;7;0;2;4;23;1;
49918;202000032762;154 684 859;A01;1;30;0;2;1;2;1;
49919;202000032763;154 684 857;A01;2;7;16;1;7;16;0;
49920;202000032764;154 684 855;A01;3;1;0;2;7;1;5;
49921;202000032764;154 684 856;B01;3;7;0;2;0;0;1;
49922;202000032767;154 684 848;C01;2;1;0;2;4;1;5;
49923;202000032767;154 684 849;B01;2;7;0;2;4;1;1;
49924;202000032767;154 684 850;A01;2;7;0;2;1;2;1;
49925;202000032768;154 684 846;A01;2;7;0;2;1;1;1;
49926;202000032768;154 684 847;B01;3;1;0;2;7;19;5;
49927;202000032769;154 684 845;A01;3;30;12;0;2;14;1;
49928;202000032770;154 684 844;A01;0;7;6;0;2;1;1;
49929;202000032771;154 684 842;A01;1;14;0;2;1;12;1;
49930;202000032771;154 684 843;B01;1;7;0;2;6;2;1;
49931;202000032774;154 684 836;B01;0;1;0;2;1;0;0;
49932;202000032774;154 684 837;A01;2;7;0;2;6;2;1;
49933;202000032775;154 684 834;B01;0;1;0;2;7;1;0;
49934;202000032775;154 684 835;A01;0;7;0;2;1;9;1;
49935;202000032777;154 684 831;Z01;1;7;0;2;1;6;0;
49936;202000032777;154 684 832;B01;2;7;0;2;3;1;0;
49937;202000032778;154 684 829;A01;1;31;0;2;1;17;0;
49938;202000032778;154 684 830;B01;2;7;0;2;8;15;0;
49939;202000032779;154 684 827;A01;1;33;0;2;1;1;1;
49940;202000032779;154 684 828;B01;1;7;0;2;2;16;1;
49941;202000032780;154 684 825;B01;2;7;0;2;4;1;1;
49942;202000032780;154 684 826;A01;1;7;0;2;1;1;0;
49943;202000032781;154 684 824;A01;0;30;0;0;0;0;1;
49944;202000032782;154 684 822;A01;1;7;0;2;3;15;1;
49945;202000032782;154 684 823;B01;2;33;6;2;1;1;1;
49946;202000032783;154 684 820;B01;1;7;0;2;5;19;1;
49947;202000032783;154 684 821;A01;2;30;0;2;1;1;1;
49948;202000032785;154 684 817;A01;2;7;0;1;1;1;1;
49949;202000032786;154 684 816;A01;1;33;0;0;8;1;1;
49950;202000032787;154 684 815;A01;1;7;0;1;3;15;1;
49951;202000032788;154 684 811;A01;1;7;1;2;3;13;1;
49952;202000032788;154 684 812;B01;2;7;0;2;8;2;1;
49953;202000032789;154 684 810;A01;1;7;0;1;2;9;1;
49954;202000032790;154 684 808;B01;1;7;0;2;4;2;1;
49955;202000032790;154 684 809;A01;1;7;0;2;1;2;1;
49956;202000032791;154 684 807;A01;3;7;8;0;1;1;1;
49957;202000032792;154 684 805;A01;1;7;0;2;2;15;1;
49958;202000032792;154 684 806;B01;1;2;0;2;7;3;1;
49959;202000032793;154 684 804;A01;0;33;0;1;1;3;1;
49960;202000032795;154 684 801;A01;3;7;0;2;0;0;0;
49961;202000032795;154 684 802;B01;3;7;0;2;4;26;0;
49962;202000032796;154 684 800;A01;2;32;0;0;8;1;1;
49963;202000032798;154 684 797;B01;3;1;0;2;7;1;5;
49964;202000032798;154 684 798;A01;3;7;0;9;3;9;1;
49965;202000032799;154 684 796;A01;1;7;7;0;9;0;1;
49966;202000032800;154 684 795;A01;1;7;0;1;2;1;1;
49967;202000032801;154 684 793;A01;3;15;0;2;2;12;1;
49968;202000032801;154 684 794;B01;3;34;0;2;8;1;1;
49969;202000032802;154 684 791;A01;2;10;0;2;8;22;1;
49970;202000032802;154 684 792;B01;2;1;0;2;8;1;5;
49971;202000032803;154 684 789;Z01;1;7;0;2;6;16;1;
49972;202000032803;154 684 790;A01;1;1;0;2;1;1;5;
49973;202000032804;154 684 788;Z01;1;7;0;1;0;1;0;
49974;202000032806;154 684 785;A01;1;50;1;0;1;1;3;
49975;202000032807;154 684 783;A01;1;7;0;2;2;15;1;
49976;202000032807;154 684 784;B01;1;7;0;2;1;1;2;
49977;202000032808;154 684 780;C01;1;7;0;2;4;23;1;
49978;202000032808;154 684 781;A01;1;10;0;2;1;2;1;
49979;202000032808;154 684 782;B01;1;7;0;2;4;23;1;
49980;202000032809;154 684 778;A01;1;7;0;2;2;15;2;
49981;202000032809;154 684 779;B01;2;7;0;2;1;1;1;
49982;202000032810;154 684 777;A01;1;10;0;1;3;1;1;
49983;202000032811;154 684 775;A01;2;10;0;2;1;13;1;
49984;202000032811;154 684 776;B01;2;1;0;2;5;15;5;
49985;202000032812;154 684 773;A01;1;10;0;2;3;22;1;
49986;202000032812;154 684 774;B01;1;1;0;2;1;1;5;
49987;202000032813;154 684 772;A01;2;80;0;1;1;2;3;
49988;202000032814;154 684 770;A01;1;7;0;2;2;1;1;
49989;202000032814;154 684 771;B01;1;7;0;2;1;1;1;
49990;202000032815;154 684 768;A01;3;7;0;2;1;16;2;
49991;202000032815;154 684 769;B01;3;80;0;2;0;21;3;
49992;202000032816;154 684 766;A01;1;30;0;2;3;13;1;
49993;202000032816;154 684 767;Z01;1;7;0;2;0;1;0;
49994;202000032817;154 684 764;B01;2;1;0;2;4;1;5;
49995;202000032817;154 684 765;A01;2;1;0;2;1;13;5;
49996;202000032818;154 684 762;A01;1;30;0;2;4;15;1;
49997;202000032818;154 684 763;Z01;1;10;0;2;1;2;0;
49998;202000032819;154 684 761;A01;1;1;14;0;0;11;5;
49999;202000032820;154 684 759;A01;1;7;0;2;1;15;0;
50000;202000032820;154 684 760;B01;2;1;0;2;1;1;6;