;Num_Acc;id_vehicule;num_veh;senc;catv;obs;obsm;choc;manv;motor;occutc
50001;202000032821;154 684 758;A01;2;7;0;1;1;15;0;
50002;202000032823;154 684 755;A01;3;50;0;2;7;1;3;
50003;202000032823;154 684 756;B01;3;7;0;9;1;1;1;
50004;202000032824;154 684 754;A01;1;15;0;1;1;26;0;
50005;202000032826;154 684 751;A01;2;7;0;2;3;15;1;
50006;202000032826;154 684 752;B01;2;33;0;2;7;17;1;
50007;202000032827;154 684 749;B01;0;7;0;2;2;15;0;
50008;202000032827;154 684 750;A01;0;33;0;2;3;2;0;
50009;202000032828;154 684 748;Z01;3;7;0;1;7;16;0;
50010;202000032829;154 684 747;A01;0;7;0;1;3;15;1;
50011;202000032830;154 684 745;B01;0;7;1;2;4;0;1;
50012;202000032830;154 684 746;A01;1;7;14;2;1;19;1;
50013;202000032831;154 684 743;A01;2;32;0;2;8;1;1;
50014;202000032831;154 684 744;B01;2;7;0;2;0;2;1;
50015;202000032832;154 684 740;A01;2;7;0;2;1;9;1;
50016;202000032832;154 684 741;B01;2;2;0;2;1;5;1;
50017;202000032832;154 684 742;C01;-1;7;0;2;8;26;1;
50018;202000032833;154 684 738;B01;2;33;0;2;8;2;1;
50019;202000032833;154 684 739;A01;2;7;0;2;7;22;1;
50020;202000032834;154 684 736;B01;1;34;0;2;7;17;1;
50021;202000032834;154 684 737;A01;1;7;0;2;8;15;1;
50022;202000032835;154 684 734;B01;1;14;0;2;5;16;0;
50023;202000032835;154 684 735;A01;1;2;0;2;5;18;1;
50024;202000032836;154 684 732;A01;2;7;0;2;3;15;2;
50025;202000032836;154 684 733;B01;2;33;0;2;1;21;1;
50026;202000032838;154 684 728;B01;1;32;0;2;2;17;1;
50027;202000032838;154 684 729;A01;1;7;0;2;6;15;1;
50028;202000032839;154 684 727;A01;1;30;14;0;1;0;1;
50029;202000032840;154 684 725;B01;1;2;0;2;7;1;1;
50030;202000032840;154 684 726;A01;1;10;0;2;3;21;1;
50031;202000032842;154 684 722;B01;1;1;0;2;4;2;5;
50032;202000032842;154 684 723;A01;1;7;0;2;2;1;1;
50033;202000032843;154 684 720;B01;2;7;13;2;3;1;1;
50034;202000032843;154 684 721;A01;1;7;13;2;2;15;1;
50035;202000032845;154 684 717;B01;-1;14;0;2;5;11;1;
50036;202000032845;154 684 718;A01;-1;33;0;2;2;5;1;
50037;202000032847;154 684 714;A01;2;2;12;0;1;0;1;
50038;202000032848;154 684 711;B01;2;7;0;2;6;1;1;
50039;202000032848;154 684 712;A01;1;33;0;2;7;1;1;
50040;202000032848;154 684 713;C01;2;7;0;2;6;1;1;
50041;202000032849;154 684 710;A01;1;33;2;0;3;16;1;
50042;202000032850;154 684 708;A01;2;33;0;2;2;15;1;
50043;202000032850;154 684 709;B01;2;7;0;2;3;9;1;
50044;202000032851;154 684 706;A01;2;7;0;2;5;1;1;
50045;202000032851;154 684 707;B01;1;7;0;2;1;1;1;
50046;202000032852;154 684 705;A01;1;10;13;0;1;21;1;
50047;202000032854;154 684 701;B01;2;7;0;2;4;1;1;
50048;202000032854;154 684 702;C01;2;7;0;2;1;1;1;
50049;202000032854;154 684 703;A01;2;7;0;0;6;1;1;
50050;202000032855;154 684 699;B01;1;7;0;0;6;10;1;
50051;202000032855;154 684 700;A01;1;33;0;2;1;1;1;
50052;202000032856;154 684 698;A01;2;2;0;0;0;0;1;
50053;202000032857;154 684 695;C01;2;15;0;0;8;2;1;
50054;202000032857;154 684 696;B01;2;7;0;0;5;2;1;
50055;202000032857;154 684 697;A01;2;33;0;2;1;2;1;
50056;202000032858;154 684 693;A01;1;7;0;2;1;0;0;
50057;202000032858;154 684 694;B01;2;14;0;2;3;0;1;
50058;202000032859;154 684 692;A01;2;33;0;0;0;21;1;
50059;202000032860;154 684 690;B01;2;7;0;2;2;13;0;
50060;202000032860;154 684 691;A01;1;7;0;2;1;1;0;
50061;202000032861;154 684 689;A01;1;1;0;0;0;0;5;
50062;202000032862;154 684 687;B01;1;3;0;2;8;1;0;
50063;202000032862;154 684 688;A01;1;2;0;2;1;2;0;
50064;202000032863;154 684 686;A01;2;7;13;0;1;1;1;
50065;202000032864;154 684 685;A01;2;33;0;6;1;1;1;
50066;202000032865;154 684 684;A01;1;7;13;0;3;13;1;
50067;202000032866;154 684 683;A01;3;14;0;1;4;4;1;
50068;202000032867;154 684 682;A01;2;1;0;0;0;16;5;
50069;202000032868;154 684 680;B01;1;33;3;2;7;17;1;
50070;202000032868;154 684 681;A01;1;7;0;2;8;17;1;
50071;202000032869;154 684 678;A01;0;33;0;2;1;1;1;
50072;202000032869;154 684 679;B01;2;7;0;2;3;9;1;
50073;202000032870;154 684 677;A01;1;33;13;0;1;1;1;
50074;202000032871;154 684 676;A01;3;7;2;0;3;1;1;
50075;202000032872;154 684 675;A01;3;7;13;0;2;1;6;
50076;202000032873;154 684 674;A01;1;2;1;0;1;17;1;
50077;202000032874;154 684 673;A01;2;33;0;6;1;1;1;
50078;202000032875;154 684 672;A01;2;33;0;0;0;1;1;
50079;202000032876;154 684 670;A01;1;7;0;2;1;2;1;
50080;202000032876;154 684 671;B01;1;7;0;2;4;1;1;
50081;202000032877;154 684 668;B01;2;7;0;2;1;1;1;
50082;202000032877;154 684 669;A01;1;21;0;2;3;13;1;
50083;202000032878;154 684 666;B01;2;7;0;2;3;1;1;
50084;202000032878;154 684 667;A01;1;33;0;2;1;13;1;
50085;202000032879;154 684 664;B01;1;17;0;2;8;1;1;
50086;202000032879;154 684 665;A01;2;10;0;2;3;13;1;
50087;202000032880;154 684 663;A01;3;33;0;0;0;1;1;
50088;202000032881;154 684 662;A01;0;7;0;1;1;9;1;
50089;202000032882;154 684 660;A01;1;7;12;2;3;19;1;
50090;202000032882;154 684 661;B01;1;7;15;2;2;1;1;
50091;202000032883;154 684 657;B01;2;33;0;2;8;1;1;
50092;202000032883;154 684 658;A01;2;7;0;2;2;19;0;
50093;202000032884;154 684 655;A01;3;33;0;0;0;26;1;
50094;202000032885;154 684 654;A01;2;33;13;0;8;13;1;
50095;202000032886;154 684 653;A01;1;7;13;0;2;1;1;
50096;202000032888;154 684 649;A01;3;7;2;0;1;1;6;
50097;202000032889;154 684 646;A01;2;10;0;2;3;21;1;
50098;202000032889;154 684 647;B01;1;1;0;2;1;1;5;
50099;202000032889;154 684 648;C01;1;1;0;2;1;1;5;
50100;202000032891;154 684 641;A01;1;34;0;1;1;1;1;
50101;202000032892;154 684 639;B01;2;7;0;2;3;13;1;
50102;202000032892;154 684 640;A01;1;34;0;2;3;1;1;
50103;202000032894;154 684 637;A01;2;7;3;0;1;17;1;
50104;202000032895;154 684 636;A01;2;7;0;1;0;26;1;
50105;202000032896;154 684 634;B01;1;33;0;2;7;1;1;
50106;202000032896;154 684 635;A01;2;7;0;2;1;9;1;
50107;202000032897;154 684 633;A01;1;33;6;0;2;1;1;
50108;202000032898;154 684 631;A01;3;7;0;2;3;15;1;
50109;202000032898;154 684 632;B01;0;33;0;2;1;1;1;
50110;202000032899;154 684 629;A01;1;33;0;2;8;0;1;
50111;202000032899;154 684 630;B01;2;7;0;2;3;1;0;
50112;202000032900;154 684 627;B01;2;15;1;0;2;21;1;
50113;202000032900;154 684 628;A01;2;7;0;0;6;23;1;
50114;202000032901;154 684 625;B01;1;7;0;2;1;21;1;
50115;202000032901;154 684 626;A01;2;21;0;2;1;26;1;
50116;202000032902;154 684 623;B01;1;7;7;0;5;15;1;
50117;202000032902;154 684 624;A01;2;7;0;0;2;1;1;
50118;202000032903;154 684 621;A01;1;33;0;2;1;13;1;
50119;202000032903;154 684 622;B01;2;7;0;2;3;1;1;
50120;202000032905;154 684 618;A01;0;10;0;1;1;23;1;
50121;202000032906;154 684 616;B01;2;7;0;2;3;0;1;
50122;202000032906;154 684 617;A01;1;7;0;2;3;1;1;
50123;202000032907;154 684 615;A01;2;7;0;1;1;15;0;
50124;202000032908;154 684 614;A01;1;31;13;0;0;1;1;
50125;202000032909;154 684 611;B01;3;7;0;2;3;19;1;
50126;202000032909;154 684 612;A01;1;17;0;2;2;1;1;
50127;202000032910;154 684 609;B01;1;31;0;2;1;1;1;
50128;202000032910;154 684 610;A01;0;7;0;2;3;9;1;
50129;202000032911;154 684 607;A01;1;14;0;2;3;2;1;
50130;202000032911;154 684 608;B01;1;50;0;2;1;0;3;
50131;202000032912;154 684 605;B01;2;34;0;2;1;1;1;
50132;202000032912;154 684 606;A01;2;7;0;2;1;15;1;
50133;202000032913;154 684 603;B01;2;7;0;2;4;1;1;
50134;202000032913;154 684 604;A01;2;1;14;0;1;1;6;
50135;202000032914;154 684 601;A01;1;7;0;2;2;15;1;
50136;202000032914;154 684 602;B01;2;7;0;2;3;1;1;
50137;202000032916;154 684 598;B01;3;7;0;2;3;1;1;
50138;202000032916;154 684 599;A01;3;2;0;2;1;13;1;
50139;202000032917;154 684 597;A01;1;7;0;0;0;1;1;
50140;202000032918;154 684 595;A01;3;21;0;2;3;1;1;
50141;202000032918;154 684 596;B01;3;10;0;2;3;1;1;
50142;202000032919;154 684 593;A01;3;2;0;2;7;15;1;
50143;202000032919;154 684 594;B01;3;2;0;2;1;1;1;
50144;202000032920;154 684 591;B01;2;7;0;2;1;1;1;
50145;202000032920;154 684 592;A01;1;7;0;2;1;13;1;
50146;202000032921;154 684 590;A01;2;10;13;0;3;1;1;
50147;202000032923;154 684 586;A01;1;7;13;0;3;1;1;
50148;202000032924;154 684 585;A01;0;10;0;1;2;1;0;
50149;202000032925;154 684 583;B01;3;7;0;2;1;2;1;
50150;202000032925;154 684 584;A01;3;2;0;0;4;2;1;
50151;202000032926;154 684 582;A01;1;7;6;0;1;14;1;
50152;202000032927;154 684 581;A01;2;7;8;0;1;14;1;
50153;202000032928;154 684 580;A01;0;7;0;1;3;1;0;
50154;202000032929;154 684 577;C01;2;7;0;2;4;1;0;
50155;202000032929;154 684 578;B01;1;7;0;2;1;1;0;
50156;202000032929;154 684 579;A01;2;7;0;2;1;1;0;
50157;202000032931;154 684 572;A01;0;7;0;2;1;17;1;
50158;202000032931;154 684 573;B01;0;13;0;2;8;20;1;
50159;202000032931;154 684 574;C01;0;20;0;2;8;21;1;
50160;202000032932;154 684 570;A01;2;7;0;2;3;15;1;
50161;202000032932;154 684 571;B01;1;2;0;2;1;1;1;
50162;202000032933;154 684 569;A01;3;7;6;0;5;1;1;
50163;202000032934;154 684 564;A01;2;10;0;2;1;1;1;
50164;202000032934;154 684 565;B01;2;10;3;2;1;6;1;
50165;202000032934;154 684 566;D01;1;7;14;2;1;1;1;
50166;202000032934;154 684 567;E01;1;14;14;2;1;1;1;
50167;202000032934;154 684 568;F01;1;7;14;2;1;0;1;
50168;202000032935;154 684 562;B01;2;7;0;2;2;15;1;
50169;202000032935;154 684 563;A01;1;7;0;2;1;1;1;
50170;202000032936;154 684 560;B01;2;7;0;2;3;1;1;
50171;202000032936;154 684 561;A01;1;2;0;2;1;13;1;
50172;202000032937;154 684 558;A01;2;7;0;0;4;26;1;
50173;202000032937;154 684 559;B01;2;7;0;2;1;2;1;
50174;202000032938;154 684 557;A01;3;2;0;5;7;21;0;
50175;202000032939;154 684 555;B01;1;2;0;9;1;1;1;
50176;202000032939;154 684 556;A01;2;1;0;2;0;1;5;
50177;202000032940;154 684 553;B01;1;7;0;2;8;1;1;
50178;202000032940;154 684 554;A01;1;7;0;2;1;1;1;
50179;202000032941;154 684 551;A01;0;7;0;2;2;15;0;
50180;202000032941;154 684 552;B01;0;34;0;2;5;0;0;
50181;202000032942;154 684 547;A01;2;7;0;2;1;2;1;
50182;202000032942;154 684 548;B01;2;7;0;2;4;2;1;
50183;202000032942;154 684 549;C01;2;7;0;2;4;2;1;
50184;202000032942;154 684 550;D01;2;7;0;0;4;2;1;
50185;202000032943;154 684 545;B01;1;33;0;2;1;1;1;
50186;202000032943;154 684 546;A01;1;7;0;0;8;15;1;
50187;202000032945;154 684 541;A01;2;21;0;2;2;15;1;
50188;202000032945;154 684 542;B01;1;34;0;2;1;1;1;
50189;202000032946;154 684 540;A01;1;7;0;1;3;1;1;
50190;202000032947;154 684 538;A01;3;7;0;0;0;9;0;
50191;202000032947;154 684 539;B01;3;7;8;0;1;21;0;
50192;202000032950;154 684 533;A01;2;7;0;2;2;15;1;
50193;202000032950;154 684 534;B01;1;33;0;2;1;1;1;
50194;202000032951;154 684 531;B01;2;7;0;2;1;1;1;
50195;202000032951;154 684 532;A01;2;31;0;0;4;1;1;
50196;202000032952;154 684 529;B01;2;7;0;2;4;1;1;
50197;202000032952;154 684 530;A01;2;7;0;2;1;1;1;
50198;202000032953;154 684 526;A01;1;14;0;2;1;0;1;
50199;202000032953;154 684 527;B01;1;7;0;2;4;0;1;
50200;202000032953;154 684 528;C01;1;7;0;2;4;0;1;
50201;202000032954;154 684 523;A01;2;7;0;2;1;2;1;
50202;202000032954;154 684 524;C01;2;7;0;2;4;2;1;
50203;202000032954;154 684 525;B01;2;31;0;2;1;2;1;
50204;202000032955;154 684 521;B01;1;7;0;2;4;2;1;
50205;202000032955;154 684 522;A01;1;7;0;2;1;2;1;
50206;202000032956;154 684 518;A01;2;7;0;2;4;9;2;
50207;202000032956;154 684 519;C01;2;10;0;2;0;0;1;
50208;202000032956;154 684 520;B01;2;7;0;2;4;2;6;
50209;202000032957;154 684 516;B01;2;7;0;2;1;2;1;
50210;202000032957;154 684 517;A01;2;33;0;2;4;2;1;
50211;202000032958;154 684 513;A01;1;7;0;2;4;26;1;
50212;202000032958;154 684 514;B01;1;7;0;2;2;2;1;
50213;202000032958;154 684 515;C01;0;7;0;2;1;1;1;
50214;202000032959;154 684 511;A01;1;7;0;2;4;1;1;
50215;202000032959;154 684 512;Z01;1;7;0;2;1;1;1;
50216;202000032960;154 684 507;B01;2;7;0;0;0;0;1;
50217;202000032960;154 684 508;C01;2;7;0;0;0;0;1;
50218;202000032960;154 684 509;A01;2;7;0;0;0;11;1;
50219;202000032960;154 684 510;D01;2;15;0;0;0;0;1;
50220;202000032961;154 684 505;B01;1;7;0;2;1;2;1;
50221;202000032961;154 684 506;A01;1;7;0;2;4;23;1;
50222;202000032962;154 684 504;A01;0;50;0;9;1;1;3;
50223;202000032963;154 684 503;A01;0;7;0;1;0;1;0;
50224;202000032964;154 684 502;A01;0;10;0;1;0;1;1;
50225;202000032965;154 684 500;A01;2;2;0;2;1;1;1;
50226;202000032965;154 684 501;B01;3;10;0;2;4;1;1;
50227;202000032966;154 684 499;A01;3;7;3;0;9;17;1;
50228;202000032968;154 684 495;A01;3;7;0;2;2;15;1;
50229;202000032968;154 684 496;B01;3;7;0;2;3;1;1;
50230;202000032969;154 684 493;A01;1;7;0;2;7;1;1;
50231;202000032969;154 684 494;B01;1;7;0;2;1;1;1;
50232;202000032970;154 684 491;B01;1;2;0;2;8;1;1;
50233;202000032970;154 684 492;A01;2;10;0;2;1;15;1;
50234;202000032971;154 684 489;B01;2;7;0;2;8;15;1;
50235;202000032971;154 684 490;A01;2;7;12;2;7;2;1;
50236;202000032972;154 684 487;B01;2;7;0;2;8;15;1;
50237;202000032972;154 684 488;A01;2;7;0;2;1;1;1;
50238;202000032973;154 684 485;B01;3;7;0;2;4;2;1;
50239;202000032973;154 684 486;A01;3;7;0;2;1;2;1;
50240;202000032975;154 684 480;C01;3;7;0;2;1;1;1;
50241;202000032975;154 684 481;A01;3;7;0;0;0;15;1;
50242;202000032975;154 684 482;B01;3;32;0;2;1;1;1;
50243;202000032976;154 684 479;A01;3;7;0;1;7;26;1;
50244;202000032977;154 684 477;A01;3;33;0;2;1;18;1;
50245;202000032977;154 684 478;B01;3;7;0;2;5;16;1;
50246;202000032978;154 684 476;A01;1;33;3;0;1;9;1;
50247;202000032980;154 684 473;A01;2;7;0;1;1;15;1;
50248;202000032981;154 684 471;B01;0;30;0;2;5;1;1;
50249;202000032981;154 684 472;A01;0;7;0;2;3;20;1;
50250;202000032982;154 684 470;A01;2;30;12;0;0;1;1;
50251;202000032983;154 684 468;B01;3;1;0;2;7;1;5;
50252;202000032983;154 684 469;A01;3;3;0;2;3;1;1;
50253;202000032984;154 684 467;A01;1;7;9;0;1;1;1;
50254;202000032985;154 684 465;A01;2;10;0;2;3;9;1;
50255;202000032985;154 684 466;B01;1;50;0;2;7;1;3;
50256;202000032986;154 684 463;B01;2;7;0;2;3;1;1;
50257;202000032986;154 684 464;A01;1;33;0;2;3;17;1;
50258;202000032987;154 684 462;A01;1;7;8;1;1;1;1;
50259;202000032988;154 684 460;A01;1;7;0;2;1;1;1;
50260;202000032988;154 684 461;B01;2;1;0;2;1;1;5;
50261;202000032989;154 684 458;B01;2;1;0;2;1;1;5;
50262;202000032989;154 684 459;A01;1;7;0;2;2;1;1;
50263;202000032990;154 684 456;B01;0;7;0;2;1;1;1;
50264;202000032990;154 684 457;A01;0;7;0;2;1;13;1;
50265;202000032991;154 684 454;A01;3;7;0;2;3;9;1;
50266;202000032991;154 684 455;B01;3;32;0;2;5;1;1;
50267;202000032992;154 684 452;A01;3;80;0;2;4;1;3;
50268;202000032992;154 684 453;B01;3;10;0;9;1;9;1;
50269;202000032994;154 684 450;A01;1;7;0;1;2;11;1;
50270;202000032995;154 684 449;A01;2;7;16;0;0;1;1;
50271;202000032996;154 684 447;B01;3;2;0;2;0;0;1;
50272;202000032996;154 684 448;A01;3;7;0;2;0;0;0;
50273;202000032997;154 684 445;A01;3;32;0;2;1;2;1;
50274;202000032997;154 684 446;B01;3;7;0;2;4;2;1;
50275;202000032998;154 684 443;Z01;1;7;0;2;8;13;0;
50276;202000032998;154 684 444;B01;1;7;0;2;5;1;1;
50277;202000033000;154 684 438;A01;2;7;3;0;3;13;1;
50278;202000033001;154 684 436;B01;0;7;0;2;2;1;3;
50279;202000033001;154 684 437;A01;2;7;0;2;2;15;1;
50280;202000033002;154 684 435;A01;0;30;0;0;3;0;1;
50281;202000033003;154 684 433;B01;1;7;0;2;1;0;1;
50282;202000033003;154 684 434;A01;1;7;0;2;1;16;1;
50283;202000033004;154 684 432;A01;0;31;0;0;0;0;1;
50284;202000033005;154 684 431;B01;0;7;0;1;0;0;1;
50285;202000033006;154 684 429;A01;3;30;0;2;8;11;1;
50286;202000033006;154 684 430;B01;3;7;0;2;3;1;1;
50287;202000033007;154 684 427;A01;0;7;0;2;3;9;1;
50288;202000033007;154 684 428;B01;3;7;0;2;2;1;1;
50289;202000033008;154 684 426;A01;3;7;0;1;8;21;0;
50290;202000033009;154 684 424;B01;0;7;0;2;5;16;1;
50291;202000033009;154 684 425;A01;0;50;0;2;5;0;3;
50292;202000033010;154 684 422;C01;1;7;0;2;5;15;-1;
50293;202000033010;154 684 423;B01;2;33;0;2;1;7;1;
50294;202000033011;154 684 421;A01;3;36;9;0;1;1;1;
50295;202000033012;154 684 419;B01;3;7;14;2;5;15;1;
50296;202000033012;154 684 420;A01;3;7;0;2;1;16;1;
50297;202000033013;154 684 418;A01;1;7;3;0;3;14;1;
50298;202000033014;154 684 416;A01;3;7;0;2;2;17;1;
50299;202000033014;154 684 417;B01;3;1;0;2;1;1;5;
50300;202000033015;154 684 415;A01;2;7;13;0;1;0;1;
50301;202000033016;154 684 414;A01;2;33;0;0;7;16;1;
50302;202000033017;154 684 413;A01;3;7;0;1;5;1;1;
50303;202000033019;154 684 409;B01;2;1;0;0;0;0;0;
50304;202000033019;154 684 410;A01;2;7;0;2;7;16;1;
50305;202000033020;154 684 411;A01;1;33;0;0;0;1;1;
50306;202000033021;154 684 407;B01;3;7;0;2;1;1;0;
50307;202000033021;154 684 408;A01;3;7;0;2;1;1;0;
50308;202000033022;154 684 405;A01;2;33;0;0;8;1;1;
50309;202000033023;154 684 404;A01;1;7;0;2;4;4;1;
50310;202000033023;154 684 406;B01;2;30;0;2;1;1;1;
50311;202000033024;154 684 401;B01;1;33;0;2;7;21;1;
50312;202000033024;154 684 403;A01;1;7;0;2;8;15;1;
50313;202000033025;154 684 400;A01;3;1;0;2;8;19;5;
50314;202000033025;154 684 402;B01;3;7;0;2;1;1;0;
50315;202000033026;154 684 398;B01;3;1;0;2;3;26;5;
50316;202000033026;154 684 399;A01;0;7;0;0;2;15;1;
50317;202000033028;154 684 396;A01;3;7;1;2;1;1;0;
50318;202000033028;154 684 397;B01;3;7;0;2;1;1;0;
50319;202000033029;154 684 394;A01;1;7;6;0;1;1;1;
50320;202000033030;154 684 391;A01;2;10;3;0;1;1;1;
50321;202000033031;154 684 392;A01;2;2;0;2;1;1;1;
50322;202000033031;154 684 393;B01;2;7;0;2;5;15;1;
50323;202000033033;154 684 384;A01;1;7;6;0;1;2;0;
50324;202000033034;154 684 383;A01;1;33;0;0;1;1;0;
50325;202000033035;154 684 382;A01;2;7;16;0;1;19;1;
50326;202000033036;154 684 380;A01;1;7;0;2;5;23;1;
50327;202000033036;154 684 381;B01;1;10;0;2;3;2;1;
50328;202000033037;154 684 377;A01;1;33;0;2;1;11;1;
50329;202000033037;154 684 378;B01;1;7;0;2;6;1;1;
50330;202000033037;154 684 379;C01;1;7;0;2;7;1;0;
50331;202000033038;154 684 376;A01;1;7;0;0;9;19;1;
50332;202000033039;154 684 387;B01;0;1;0;2;1;1;5;
50333;202000033039;154 684 388;A01;0;7;0;2;2;15;1;
50334;202000033040;154 684 373;A01;1;7;0;2;2;21;1;
50335;202000033040;154 684 374;B01;1;7;0;2;1;21;1;
50336;202000033040;154 684 375;Z01;2;7;0;2;2;5;1;
50337;202000033041;154 684 371;B01;2;7;0;2;4;1;1;
50338;202000033041;154 684 372;Z01;2;7;0;2;1;1;0;
50339;202000033042;154 684 370;A01;0;2;0;1;1;26;3;
50340;202000033043;154 684 368;A01;1;7;13;0;7;14;1;
50341;202000033044;154 684 366;C01;2;7;0;0;8;24;1;
50342;202000033044;154 684 367;B01;2;7;0;0;4;23;1;
50343;202000033044;154 684 369;A01;2;7;0;2;1;1;1;
50344;202000033045;154 684 362;B01;1;7;0;2;4;1;1;
50345;202000033045;154 684 364;A01;1;7;0;2;1;26;1;
50346;202000033046;154 684 363;B01;2;7;0;0;4;1;1;
50347;202000033046;154 684 365;A01;2;7;0;2;1;2;1;
50348;202000033047;154 684 361;A01;2;7;0;0;9;0;1;
50349;202000033048;154 684 355;A01;2;7;0;2;4;23;1;
50350;202000033048;154 684 356;B01;2;7;0;2;4;23;1;
50351;202000033048;154 684 357;C01;2;7;0;2;4;23;1;
50352;202000033048;154 684 358;E01;2;7;0;2;1;2;1;
50353;202000033048;154 684 359;D01;2;7;0;2;1;1;1;
50354;202000033050;154 684 352;A01;2;7;0;0;7;1;1;
50355;202000033050;154 684 353;B01;2;33;0;2;1;3;1;
50356;202000033051;154 684 350;A01;1;7;0;1;3;1;1;
50357;202000033052;154 684 348;B01;2;33;0;2;7;3;1;
50358;202000033052;154 684 349;C01;2;10;0;2;4;1;1;
50359;202000033052;154 684 351;A01;2;7;0;2;8;11;1;
50360;202000033053;154 684 344;A01;3;7;0;2;2;1;1;
50361;202000033053;154 684 345;B01;3;33;0;2;1;1;1;
50362;202000033054;154 684 343;A01;1;7;0;1;2;1;1;
50363;202000033055;154 684 342;A01;1;7;0;2;1;1;1;
50364;202000033055;154 684 346;B01;2;7;0;2;4;1;1;
50365;202000033055;154 684 347;C01;1;7;0;2;4;1;1;
50366;202000033056;154 684 341;A01;2;30;15;0;7;2;1;
50367;202000033057;154 684 337;B01;1;7;1;2;1;15;1;
50368;202000033057;154 684 338;A01;2;30;0;2;1;26;1;
50369;202000033058;154 684 339;A01;0;7;0;2;3;11;1;
50370;202000033058;154 684 340;B01;0;33;0;2;0;1;1;
50371;202000033059;154 684 331;D01;0;7;0;0;0;0;0;
50372;202000033059;154 684 332;C01;0;7;0;0;0;0;0;
50373;202000033059;154 684 335;B01;0;33;0;2;2;1;0;
50374;202000033059;154 684 336;A01;0;7;1;0;6;13;0;
50375;202000033060;154 684 333;A01;-1;7;0;2;1;9;-1;
50376;202000033060;154 684 334;B01;-1;33;0;2;8;1;1;
50377;202000033061;154 684 329;A01;1;7;0;2;8;10;1;
50378;202000033061;154 684 330;B01;1;30;0;2;1;1;1;
50379;202000033062;154 684 327;B01;3;32;0;2;1;2;1;
50380;202000033062;154 684 328;A01;3;7;0;2;5;16;1;
50381;202000033063;154 684 324;B01;2;2;0;2;1;1;1;
50382;202000033063;154 684 325;A01;1;7;0;2;5;15;1;
50383;202000033065;154 684 320;B01;1;1;0;2;6;1;0;
50384;202000033065;154 684 321;A01;1;10;0;9;5;1;0;
50385;202000033067;154 684 322;A01;2;7;0;1;1;1;1;
50386;202000033068;154 684 316;B01;2;7;0;2;6;2;1;
50387;202000033068;154 684 317;A01;2;7;0;2;1;2;1;
50388;202000033070;154 684 313;B01;3;7;0;2;2;1;1;
50389;202000033070;154 684 314;A01;1;7;0;2;1;13;1;
50390;202000033071;154 684 310;A01;2;31;0;2;1;14;1;
50391;202000033071;154 684 311;B01;3;7;0;2;5;2;1;
50392;202000033071;154 684 312;C01;3;7;0;2;4;24;1;
50393;202000033072;154 684 309;A01;2;10;0;1;1;1;1;
50394;202000033073;154 684 307;B01;1;2;0;2;1;1;1;
50395;202000033073;154 684 308;A01;1;7;0;2;2;15;1;
50396;202000033074;154 684 304;B01;2;2;0;2;7;1;1;
50397;202000033074;154 684 306;A01;1;7;0;2;1;15;1;
50398;202000033075;154 684 303;A01;1;7;0;2;1;16;0;
50399;202000033075;154 684 305;B01;1;1;0;2;8;1;0;
50400;202000033076;154 684 301;B01;1;1;1;0;1;1;5;
50401;202000033076;154 684 302;A01;1;7;0;2;3;22;1;
50402;202000033077;154 684 300;A01;0;7;0;1;1;1;1;
50403;202000033078;154 684 299;A01;3;32;0;0;8;1;1;
50404;202000033079;154 684 298;A01;2;7;0;1;0;23;1;
50405;202000033080;154 684 296;A01;1;7;0;2;1;26;1;
50406;202000033080;154 684 297;B01;1;7;0;2;8;19;1;
50407;202000033081;154 684 293;A01;1;7;0;2;2;12;1;
50408;202000033081;154 684 294;B01;1;7;0;2;3;1;1;
50409;202000033083;154 684 290;B01;2;10;0;2;3;2;1;
50410;202000033083;154 684 291;A01;1;7;0;2;3;13;1;
50411;202000033084;154 684 289;A01;1;10;0;1;1;15;1;
50412;202000033086;154 684 285;B01;1;7;0;2;0;15;1;
50413;202000033086;154 684 288;A01;1;32;0;2;0;15;1;
50414;202000033087;154 684 284;A01;1;7;4;0;8;1;1;
50415;202000033088;154 684 283;A01;1;43;0;0;0;21;1;
50416;202000033089;154 684 281;A01;3;10;0;0;0;1;1;
50417;202000033089;154 684 282;B01;3;33;0;2;8;1;1;
50418;202000033090;154 684 279;A01;1;7;15;0;1;1;1;
50419;202000033091;154 684 278;A01;2;33;0;2;3;7;1;
50420;202000033091;154 684 280;B01;1;7;0;2;0;15;1;
50421;202000033092;154 684 277;A01;1;30;0;1;1;26;1;
50422;202000033093;154 684 275;B01;3;34;0;2;6;9;1;
50423;202000033093;154 684 276;A01;3;7;0;2;2;14;1;
50424;202000033094;154 684 274;A01;3;10;0;1;4;4;1;
50425;202000033095;154 684 273;A01;1;50;0;1;1;1;3;
50426;202000033096;154 684 271;A01;1;50;0;0;1;21;3;
50427;202000033097;154 684 270;B01;1;7;12;2;8;1;1;
50428;202000033097;154 684 272;A01;2;7;0;2;3;13;1;
50429;202000033099;154 684 267;A01;1;7;0;2;6;17;1;
50430;202000033099;154 684 268;B01;1;1;0;2;0;0;0;
50431;202000033100;154 684 265;B01;2;10;0;2;6;1;1;
50432;202000033100;154 684 266;A01;2;30;1;2;8;17;1;
50433;202000033101;154 684 263;A01;1;7;0;2;1;1;1;