;Num_Acc;id_vehicule;num_veh;senc;catv;obs;obsm;choc;manv;motor;occutc
50434;202000033101;154 684 264;B01;1;7;0;2;6;23;1;
50435;202000033102;154 684 262;Z01;2;7;0;1;1;1;0;
50436;202000033103;154 684 260;B01;1;32;0;2;1;1;0;
50437;202000033103;154 684 261;A01;2;34;0;2;7;15;0;
50438;202000033104;154 684 259;A01;3;80;0;0;0;1;3;
50439;202000033105;154 684 257;B01;2;50;0;2;1;2;3;
50440;202000033105;154 684 258;Z01;1;7;0;2;1;15;1;
50441;202000033106;154 684 255;B01;2;30;0;2;2;1;1;
50442;202000033106;154 684 256;A01;1;30;0;2;3;1;1;
50443;202000033107;154 684 254;A01;2;1;0;1;1;1;5;
50444;202000033108;154 684 253;A01;1;1;11;0;1;13;5;
50445;202000033109;154 684 251;A01;3;7;0;2;2;15;1;
50446;202000033109;154 684 252;B01;0;7;0;2;1;1;1;
50447;202000033111;154 684 248;B01;1;30;0;2;1;1;1;
50448;202000033111;154 684 249;Z01;1;7;0;2;8;17;1;
50449;202000033112;154 684 246;B01;1;1;0;2;0;1;5;
50450;202000033112;154 684 247;A01;2;50;0;2;1;13;3;
50451;202000033113;154 684 245;A01;1;13;0;0;8;1;1;
50452;202000033114;154 684 244;A01;1;33;0;2;2;1;1;
50453;202000033115;154 684 241;B01;2;2;0;2;8;19;1;
50454;202000033115;154 684 242;C01;2;7;0;2;4;16;1;
50455;202000033115;154 684 243;A01;1;7;0;2;2;1;1;
50456;202000033116;154 684 240;A01;0;7;0;1;3;15;1;
50457;202000033117;154 684 236;A01;1;7;0;2;1;1;4;
50458;202000033117;154 684 237;B01;1;7;0;2;4;1;1;
50459;202000033118;154 684 238;B01;1;7;0;2;1;23;1;
50460;202000033118;154 684 239;A01;2;2;0;1;1;1;1;
50461;202000033119;154 684 235;A01;2;14;0;1;7;1;1;
50462;202000033120;154 684 231;A01;1;7;0;2;5;1;1;
50463;202000033120;154 684 234;B01;1;2;0;2;1;1;1;
50464;202000033122;154 684 228;B01;1;7;0;2;5;12;1;
50465;202000033122;154 684 230;A01;1;33;0;2;1;1;1;
50466;202000033124;154 684 225;B01;1;2;0;2;1;1;1;
50467;202000033124;154 684 226;A01;1;7;0;2;7;15;1;
50468;202000033125;154 684 223;B01;2;7;0;2;8;15;1;
50469;202000033125;154 684 224;A01;2;32;0;2;1;17;1;
50470;202000033126;154 684 222;A01;1;33;9;0;0;1;1;
50471;202000033127;154 684 220;B01;1;43;0;2;9;17;1;
50472;202000033127;154 684 221;A01;1;7;0;2;3;13;1;
50473;202000033128;154 684 217;B01;2;7;0;2;6;23;1;
50474;202000033128;154 684 219;A01;2;2;0;2;2;17;1;
50475;202000033129;154 684 216;A01;1;7;0;2;1;15;1;
50476;202000033129;154 684 218;B01;2;32;0;2;1;1;1;
50477;202000033130;154 684 212;B01;-1;7;0;0;0;0;1;
50478;202000033130;154 684 214;A01;1;7;0;2;3;1;1;
50479;202000033130;154 684 215;Z01;1;15;0;2;1;12;1;
50480;202000033131;154 684 211;A01;2;1;0;2;1;14;5;
50481;202000033131;154 684 213;B01;1;7;0;2;1;1;1;
50482;202000033132;154 684 209;Z01;1;7;0;2;7;2;0;
50483;202000033132;154 684 210;A01;1;50;0;2;8;2;3;
50484;202000033133;154 684 207;B01;1;50;0;2;2;1;3;
50485;202000033133;154 684 208;A01;1;10;0;2;2;15;1;
50486;202000033134;154 684 206;A01;1;20;0;1;5;14;0;
50487;202000033137;154 684 201;A01;2;1;0;2;1;1;5;
50488;202000033137;154 684 202;B01;2;7;0;2;4;23;1;
50489;202000033139;154 684 197;A01;1;7;0;2;3;10;1;
50490;202000033139;154 684 198;B01;1;7;0;2;1;1;1;
50491;202000033140;154 684 195;B01;2;7;0;2;3;26;1;
50492;202000033140;154 684 196;A01;2;31;0;2;2;1;1;
50493;202000033141;154 684 193;B01;2;1;0;2;4;1;5;
50494;202000033141;154 684 194;A01;1;10;0;2;2;16;1;
50495;202000033142;154 684 192;A01;1;7;0;1;1;15;1;
50496;202000033143;154 684 190;A01;1;50;0;2;7;1;3;
50497;202000033143;154 684 191;B01;1;10;0;2;1;1;1;
50498;202000033144;154 684 188;B01;2;32;0;2;8;1;1;
50499;202000033144;154 684 189;A01;1;10;0;2;1;15;1;
50500;202000033145;154 684 186;A01;0;33;0;2;8;18;1;
50501;202000033145;154 684 187;B01;0;7;0;2;5;15;1;
50502;202000033146;154 684 184;Z01;3;7;0;0;0;0;0;
50503;202000033146;154 684 185;A01;2;1;0;2;0;25;5;
50504;202000033147;154 684 183;A01;1;50;14;0;1;21;3;
50505;202000033148;154 684 182;Z01;3;7;0;1;1;1;0;
50506;202000033149;154 684 178;C01;1;7;0;2;5;1;1;
50507;202000033149;154 684 180;B01;1;1;0;2;3;17;5;
50508;202000033149;154 684 181;A01;1;10;0;2;3;22;1;
50509;202000033150;154 684 177;A01;2;7;0;2;2;16;1;
50510;202000033150;154 684 179;B01;2;50;0;2;1;1;3;
50511;202000033151;154 684 174;A01;2;14;0;2;1;9;1;
50512;202000033151;154 684 176;B01;2;10;0;2;5;1;1;
50513;202000033152;154 684 173;B01;2;31;0;2;3;17;6;
50514;202000033152;154 684 175;Z01;2;7;0;0;0;0;0;
50515;202000033153;154 684 172;A01;1;7;1;0;1;1;6;
50516;202000033154;154 684 171;A01;0;7;0;1;7;1;1;
50517;202000033155;154 684 168;B01;0;7;0;2;1;1;1;
50518;202000033155;154 684 170;A01;1;7;0;2;7;1;1;
50519;202000033156;154 684 167;A01;2;7;0;9;2;1;1;
50520;202000033156;154 684 169;B01;1;1;0;2;1;1;5;
50521;202000033157;154 684 163;A01;0;2;1;0;7;19;1;
50522;202000033157;154 684 165;B01;0;7;0;2;2;1;1;
50523;202000033158;154 684 164;B01;3;7;0;2;2;15;1;
50524;202000033158;154 684 166;A01;1;32;0;2;1;1;1;
50525;202000033159;154 684 162;A01;1;7;7;0;1;1;1;
50526;202000033160;154 684 161;A01;3;7;0;1;3;15;1;
50527;202000033161;154 684 159;A01;2;7;0;1;2;15;1;
50528;202000033162;154 684 158;B01;1;7;0;2;1;1;1;
50529;202000033162;154 684 160;A01;2;7;0;0;8;15;1;
50530;202000033163;154 684 156;A01;1;30;0;0;0;26;0;
50531;202000033164;154 684 155;B01;1;1;0;2;4;2;5;
50532;202000033164;154 684 157;A01;1;7;0;9;2;2;1;
50533;202000033165;154 684 153;B01;2;7;0;2;0;0;1;
50534;202000033165;154 684 154;A01;2;7;0;2;1;1;1;
50535;202000033166;154 684 151;A01;2;7;1;0;1;19;0;
50536;202000033167;154 684 150;A01;3;7;0;9;3;17;1;
50537;202000033167;154 684 152;B01;3;1;0;2;4;15;5;
50538;202000033168;154 684 149;A01;0;7;2;0;2;2;1;
50539;202000033169;154 684 148;A01;0;7;13;0;2;1;1;
50540;202000033170;154 684 146;B01;0;7;0;2;3;1;0;
50541;202000033170;154 684 147;A01;0;7;0;2;3;13;0;
50542;202000033171;154 684 144;A01;1;7;0;2;6;9;1;
50543;202000033171;154 684 145;B01;1;34;0;2;2;1;1;
50544;202000033172;154 684 142;A01;3;7;0;1;3;1;0;
50545;202000033173;154 684 141;B01;1;34;0;2;1;1;1;
50546;202000033173;154 684 143;A01;1;10;0;2;3;26;1;
50547;202000033174;154 684 139;A01;1;7;0;2;1;13;1;
50548;202000033174;154 684 140;B01;2;7;0;2;1;1;1;
50549;202000033175;154 684 137;A01;2;7;0;2;1;1;0;
50550;202000033175;154 684 138;B01;3;7;0;2;8;16;0;
50551;202000033177;154 684 133;A01;2;7;2;0;1;1;1;
50552;202000033178;154 684 132;B01;3;7;0;2;6;23;1;
50553;202000033178;154 684 134;A01;3;7;0;2;2;2;1;
50554;202000033179;154 684 128;A01;1;37;1;2;1;1;0;2.0
50555;202000033179;154 684 130;B01;1;7;0;2;6;20;1;
50556;202000033180;154 684 129;A01;1;7;0;2;1;19;1;
50557;202000033180;154 684 131;B01;2;7;0;2;1;1;1;
50558;202000033181;154 684 124;A01;2;7;2;0;1;13;1;
50559;202000033182;154 684 125;C01;3;7;0;2;1;1;1;
50560;202000033182;154 684 126;B01;3;7;0;2;1;1;1;
50561;202000033182;154 684 127;A01;3;7;0;2;4;1;1;
50562;202000033183;154 684 123;A01;3;7;13;0;1;0;1;
50563;202000033184;154 684 122;A01;0;33;3;0;1;1;1;
50564;202000033185;154 684 120;A01;0;7;0;2;7;9;1;
50565;202000033185;154 684 121;B01;3;32;0;2;1;0;1;
50566;202000033186;154 684 116;A01;2;33;0;2;1;1;1;
50567;202000033186;154 684 117;B01;2;10;0;2;2;9;1;
50568;202000033187;154 684 118;A01;2;10;0;2;2;0;1;
50569;202000033187;154 684 119;B01;2;7;0;9;6;0;1;
50570;202000033188;154 684 113;B01;1;13;0;2;2;1;0;
50571;202000033188;154 684 115;A01;2;7;0;2;1;1;0;
50572;202000033189;154 684 110;A01;2;15;0;2;1;13;1;
50573;202000033189;154 684 112;B01;2;7;6;1;4;26;1;
50574;202000033190;154 684 109;A01;2;7;0;2;8;2;0;
50575;202000033190;154 684 111;B01;2;1;0;2;1;2;5;
50576;202000033191;154 684 107;A01;1;7;0;0;0;0;0;
50577;202000033192;154 684 108;A01;3;7;13;0;3;21;1;
50578;202000033193;154 684 103;A01;2;2;0;2;8;1;0;
50579;202000033193;154 684 104;B01;2;7;0;2;7;17;0;
50580;202000033194;154 684 101;B01;1;7;0;2;3;1;1;
50581;202000033194;154 684 102;A01;2;1;0;2;1;13;5;
50582;202000033197;154 684 096;A01;0;7;0;2;3;9;1;
50583;202000033197;154 684 098;B01;0;7;0;0;2;1;1;
50584;202000033198;154 684 093;B01;1;33;0;2;1;26;1;
50585;202000033198;154 684 094;A01;3;7;0;2;3;26;1;
50586;202000033199;154 684 092;A01;1;7;2;0;1;1;1;
50587;202000033200;154 684 090;A01;2;7;12;0;3;1;1;
50588;202000033200;154 684 091;B01;1;7;12;0;3;1;1;
50589;202000033201;154 684 088;A01;2;7;0;2;2;15;1;
50590;202000033201;154 684 089;B01;1;2;0;2;1;17;1;
50591;202000033202;154 684 082;F01;2;7;0;0;4;1;1;
50592;202000033202;154 684 083;E01;2;7;0;2;4;2;1;
50593;202000033202;154 684 084;D01;2;7;0;2;1;2;1;
50594;202000033202;154 684 085;C01;2;7;0;2;4;2;1;
50595;202000033202;154 684 086;B01;2;7;0;2;4;2;1;
50596;202000033202;154 684 087;A01;2;7;0;2;3;2;1;
50597;202000033203;154 684 080;A01;2;7;3;2;6;11;1;
50598;202000033203;154 684 081;B01;2;7;0;2;1;1;1;
50599;202000033204;154 684 078;A01;1;15;0;1;5;17;1;
50600;202000033204;154 684 079;B01;1;7;0;2;3;23;1;
50601;202000033205;154 684 077;A01;2;15;3;0;7;0;1;
50602;202000033206;154 684 095;A01;1;33;6;0;1;0;1;
50603;202000033207;154 684 075;B01;2;7;0;2;3;15;6;
50604;202000033207;154 684 076;A01;2;33;0;2;1;1;1;
50605;202000033208;154 684 074;A01;2;50;0;1;0;25;3;
50606;202000033209;154 684 067;A01;2;33;6;0;8;1;1;
50607;202000033210;154 684 065;B01;1;7;0;2;4;1;1;
50608;202000033210;154 684 066;A01;1;7;0;0;4;1;1;
50609;202000033210;154 684 070;C01;1;7;0;2;1;1;1;
50610;202000033210;154 684 071;D01;1;7;0;2;1;1;1;
50611;202000033210;154 684 072;E01;1;7;0;2;1;1;1;
50612;202000033210;154 684 073;F01;1;17;0;2;1;1;1;
50613;202000033211;154 684 063;A01;1;7;2;0;1;1;1;
50614;202000033213;154 684 068;B01;1;50;0;2;7;1;3;
50615;202000033213;154 684 069;A01;2;13;0;2;3;9;1;
50616;202000033214;154 684 062;A01;3;33;6;0;2;14;1;
50617;202000033215;154 684 060;B01;3;2;0;2;1;1;1;
50618;202000033215;154 684 061;A01;3;7;0;2;3;9;1;
50619;202000033216;154 684 057;A01;2;7;0;0;8;9;1;
50620;202000033216;154 684 058;B01;1;31;0;2;1;1;1;
50621;202000033217;154 684 055;B01;1;2;0;0;4;16;0;
50622;202000033217;154 684 056;A01;1;7;0;2;2;2;0;
50623;202000033218;154 684 051;A01;1;7;8;0;1;13;1;
50624;202000033219;154 684 053;A01;3;2;0;2;2;9;1;
50625;202000033219;154 684 054;B01;3;7;0;2;8;26;1;
50626;202000033220;154 684 049;B01;-1;33;0;2;0;0;1;
50627;202000033220;154 684 050;A01;1;7;0;2;3;9;1;
50628;202000033221;154 684 052;A01;3;31;0;2;2;21;1;
50629;202000033221;154 684 059;B01;3;7;0;2;8;15;1;
50630;202000033222;154 684 048;A01;2;7;13;0;2;1;1;
50631;202000033223;154 684 046;A01;1;7;7;2;1;13;1;
50632;202000033223;154 684 047;B01;1;7;0;2;6;1;1;
50633;202000033224;154 684 045;A01;1;2;0;0;8;1;1;
50634;202000033225;154 684 042;A01;3;7;0;2;1;1;1;
50635;202000033225;154 684 043;B01;3;7;0;2;9;1;1;
50636;202000033225;154 684 044;C01;3;7;0;2;4;15;1;
50637;202000033226;154 684 038;B01;2;32;0;2;1;1;1;
50638;202000033226;154 684 040;A01;1;7;0;0;2;15;1;
50639;202000033228;154 684 033;A01;2;7;13;0;2;1;1;
50640;202000033229;154 684 030;A01;1;31;9;9;0;0;0;
50641;202000033230;154 684 029;A01;3;2;12;0;8;1;1;
50642;202000033231;154 684 027;A01;1;7;0;2;3;1;1;
50643;202000033231;154 684 028;B01;2;33;0;2;1;1;1;
50644;202000033232;154 684 031;A01;2;7;0;1;1;1;1;
50645;202000033233;154 684 025;A01;1;2;0;0;7;14;1;
50646;202000033234;154 684 021;A01;2;7;6;0;1;1;1;
50647;202000033235;154 684 015;A01;1;7;0;2;6;19;0;
50648;202000033235;154 684 022;B01;2;31;0;2;1;1;0;
50649;202000033236;154 684 013;A01;1;1;0;2;1;16;5;
50650;202000033236;154 684 017;B01;1;7;0;2;6;1;1;
50651;202000033238;154 684 012;A01;2;14;13;0;2;0;1;
50652;202000033239;154 684 009;B01;2;7;0;0;8;23;1;
50653;202000033239;154 684 011;A01;2;7;0;2;1;19;1;
50654;202000033240;154 684 007;A01;2;33;3;0;9;2;1;
50655;202000033241;154 684 008;A01;3;13;0;2;2;0;0;
50656;202000033241;154 684 010;B01;3;7;0;2;8;2;0;
50657;202000033242;154 684 006;A01;1;7;2;0;1;1;6;
50658;202000033243;154 684 004;B01;2;7;0;2;4;2;1;
50659;202000033243;154 684 005;A01;2;7;0;2;1;2;1;
50660;202000033244;154 684 002;A01;1;7;4;0;7;1;1;
50661;202000033246;154 683 997;A01;1;7;0;1;2;16;1;
50662;202000033247;154 684 001;B01;3;1;0;2;3;1;5;
50663;202000033247;154 684 003;A01;3;7;0;2;2;16;0;
50664;202000033248;154 683 994;A01;2;33;13;0;0;1;1;
50665;202000033249;154 683 992;B01;2;33;0;2;3;3;1;
50666;202000033249;154 683 995;C01;2;10;0;2;4;1;1;
50667;202000033249;154 683 996;A01;2;7;0;2;7;12;1;
50668;202000033250;154 683 991;B01;1;7;0;2;4;26;1;
50669;202000033250;154 683 993;A01;1;2;0;2;1;26;1;
50670;202000033251;154 683 990;A01;1;7;16;0;0;1;1;
50671;202000033253;154 683 987;A01;1;33;14;0;1;0;1;
50672;202000033254;154 683 982;C01;2;7;0;2;8;1;1;
50673;202000033254;154 683 985;B01;2;7;0;2;3;1;1;
50674;202000033254;154 683 986;A01;1;7;0;2;3;13;1;
50675;202000033255;154 683 983;A01;1;7;0;2;1;15;1;
50676;202000033255;154 683 984;B01;2;33;0;2;1;1;1;
50677;202000033256;154 683 979;A01;2;7;0;2;3;9;1;
50678;202000033256;154 683 981;B01;2;32;0;2;2;1;1;
50679;202000033257;154 683 974;A01;3;10;0;1;4;4;1;
50680;202000033258;154 683 975;B01;3;7;0;2;1;15;1;
50681;202000033258;154 683 977;A01;3;33;0;2;1;1;1;
50682;202000033259;154 683 973;C01;2;10;0;2;1;1;1;
50683;202000033259;154 683 976;B01;2;7;0;2;8;1;1;
50684;202000033259;154 683 978;A01;1;7;0;2;3;5;1;
50685;202000033260;154 683 971;A01;2;2;0;0;1;18;1;
50686;202000033261;154 683 972;A01;2;33;0;0;0;1;1;
50687;202000033262;154 683 970;A01;1;33;7;0;8;1;1;
50688;202000033263;154 683 969;A01;1;7;0;1;2;17;1;
50689;202000033264;154 683 966;B01;3;37;0;2;1;1;1;1.0
50690;202000033264;154 683 968;A01;3;30;0;2;1;13;1;
50691;202000033266;154 683 965;A01;3;7;0;1;3;13;0;
50692;202000033267;154 683 959;C01;2;7;0;2;3;2;1;
50693;202000033267;154 683 962;B01;1;33;0;0;0;2;1;
50694;202000033267;154 683 963;A01;2;33;0;2;1;10;1;
50695;202000033268;154 683 956;A01;1;30;0;0;8;9;1;
50696;202000033269;154 683 954;A01;1;7;0;1;1;1;1;
50697;202000033270;154 683 955;B01;1;33;0;2;1;1;1;
50698;202000033270;154 683 957;A01;1;2;0;0;8;15;1;
50699;202000033271;154 683 951;A01;1;7;0;1;2;16;1;
50700;202000033272;154 683 950;A01;3;40;0;2;2;1;3;
50701;202000033272;154 683 953;B01;3;10;0;-1;7;1;1;
50702;202000033273;154 683 946;A01;3;7;2;0;1;1;1;
50703;202000033274;154 683 947;B01;1;33;0;2;7;1;1;
50704;202000033274;154 683 948;A01;1;1;0;2;1;19;5;
50705;202000033275;154 683 942;A01;3;7;15;0;2;0;1;
50706;202000033276;154 683 943;B01;1;10;0;2;2;1;1;
50707;202000033276;154 683 945;A01;2;10;0;2;8;1;1;
50708;202000033277;154 683 939;B01;2;7;0;2;3;1;1;
50709;202000033277;154 683 940;A01;3;1;0;2;6;19;5;
50710;202000033278;154 683 938;A01;2;7;0;1;1;9;1;
50711;202000033280;154 683 937;A01;1;7;15;0;1;1;1;
50712;202000033281;154 683 933;A01;1;7;0;2;3;15;1;
50713;202000033281;154 683 934;B01;2;30;0;2;1;1;1;
50714;202000033282;154 683 932;A01;2;33;0;0;2;1;1;
50715;202000033283;154 683 931;A01;1;33;3;0;2;26;1;
50716;202000033284;154 683 930;A01;1;33;0;1;1;1;1;
50717;202000033286;154 683 929;A01;1;7;0;1;2;1;1;
50718;202000033287;154 683 926;B01;1;17;0;2;5;23;1;
50719;202000033287;154 683 927;A01;1;30;0;2;1;1;1;
50720;202000033288;154 683 923;A01;2;7;0;1;3;15;1;
50721;202000033289;154 683 924;A01;2;7;15;0;1;6;1;
50722;202000033290;154 683 921;B01;1;7;0;2;5;23;1;
50723;202000033290;154 683 922;A01;1;1;0;2;3;1;5;
50724;202000033291;154 683 920;A01;1;7;1;2;9;14;1;
50725;202000033292;154 683 925;B01;2;7;0;2;4;15;1;
50726;202000033292;154 683 928;A01;2;33;0;2;1;1;1;
50727;202000033293;154 683 916;B01;3;1;0;2;1;1;5;
50728;202000033293;154 683 918;A01;3;7;0;2;8;24;1;
50729;202000033294;154 683 914;B01;3;33;0;2;1;1;1;
50730;202000033294;154 683 915;A01;3;10;0;2;2;9;1;
50731;202000033295;154 683 913;A01;3;36;0;0;0;14;1;
50732;202000033296;154 683 911;A01;1;7;0;2;6;1;1;
50733;202000033296;154 683 912;B01;1;7;0;2;2;12;1;
50734;202000033297;154 683 917;A01;3;7;0;2;0;10;1;
50735;202000033297;154 683 919;B01;3;2;0;2;0;17;3;
50736;202000033298;154 683 909;A01;1;10;0;2;8;13;1;
50737;202000033298;154 683 910;B01;2;10;0;2;8;1;1;
50738;202000033299;154 683 908;A01;2;7;6;0;1;26;1;
50739;202000033300;154 683 905;B01;2;1;0;2;8;1;5;
50740;202000033300;154 683 907;A01;2;10;0;2;1;16;1;
50741;202000033301;154 683 902;A01;2;7;0;2;3;17;1;
50742;202000033301;154 683 903;B01;1;2;0;2;1;17;1;
50743;202000033301;154 683 904;C01;2;7;0;2;8;1;1;
50744;202000033301;154 683 906;D01;1;7;0;2;8;1;1;
50745;202000033302;154 683 900;A01;1;30;0;0;0;21;3;
50746;202000033303;154 683 898;Z01;0;7;0;2;1;1;1;
50747;202000033303;154 683 899;B01;0;7;0;0;4;1;1;
50748;202000033304;154 683 897;A01;2;50;0;1;1;1;3;
50749;202000033305;154 683 894;A01;2;31;0;2;8;18;1;
50750;202000033305;154 683 895;B01;2;13;0;2;5;16;1;
50751;202000033306;154 683 893;A01;1;7;0;2;7;1;1;
50752;202000033306;154 683 896;B01;1;33;0;2;1;1;1;
50753;202000033307;154 683 901;A01;1;33;8;0;1;1;1;
50754;202000033308;154 683 891;A01;3;1;0;0;1;0;0;
50755;202000033309;154 683 890;A01;2;33;3;0;7;1;1;
50756;202000033310;154 683 892;A01;3;1;4;0;1;14;5;
50757;202000033311;154 683 887;A01;1;7;0;2;0;16;1;
50758;202000033311;154 683 889;B01;2;1;0;2;0;1;5;
50759;202000033312;154 683 886;A01;1;7;0;2;6;4;1;
50760;202000033312;154 683 888;Z01;3;7;0;2;3;23;1;
50761;202000033313;154 683 883;A01;1;13;0;2;2;15;1;
50762;202000033313;154 683 884;B01;2;30;0;2;3;2;3;
50763;202000033314;154 683 882;B01;2;7;0;2;2;1;1;
50764;202000033314;154 683 885;A01;2;7;0;2;1;19;1;
50765;202000033316;154 683 878;B01;2;43;0;2;1;17;1;
50766;202000033316;154 683 880;A01;2;7;0;2;8;10;1;
50767;202000033318;154 683 874;A01;2;7;0;1;0;0;1;
50768;202000033319;154 683 873;A01;1;7;0;2;3;9;1;
50769;202000033319;154 683 876;B01;1;1;0;2;3;1;5;
50770;202000033320;154 683 871;A01;0;36;0;0;8;26;1;
50771;202000033321;154 683 870;A01;1;7;0;2;3;13;3;
50772;202000033321;154 683 872;B01;1;33;0;2;7;17;1;
50773;202000033322;154 683 868;A01;2;32;0;2;1;18;1;
50774;202000033322;154 683 869;B01;2;10;0;2;3;22;1;
50775;202000033323;154 683 866;A01;2;7;0;2;1;2;1;
50776;202000033323;154 683 867;B01;1;7;0;2;4;2;1;
50777;202000033324;154 683 865;A01;2;32;0;0;0;2;1;
50778;202000033325;154 683 864;A01;1;7;13;0;1;1;1;
50779;202000033326;154 683 861;B01;2;13;0;2;2;1;1;
50780;202000033326;154 683 863;A01;2;7;0;2;6;11;1;
50781;202000033327;154 683 862;A01;1;80;12;0;1;9;3;
50782;202000033328;154 683 859;A01;1;7;0;1;3;1;1;
50783;202000033329;154 683 858;A01;1;2;0;2;7;9;1;
50784;202000033329;154 683 860;B01;1;13;0;2;8;2;1;
50785;202000033332;154 683 853;Z01;2;7;0;1;2;1;0;
50786;202000033333;154 683 851;A01;1;7;0;2;1;1;1;
50787;202000033333;154 683 854;B01;2;2;0;2;7;15;1;
50788;202000033334;154 683 849;B01;1;1;0;2;3;1;5;
50789;202000033334;154 683 852;A01;2;7;0;2;2;15;1;
50790;202000033335;154 683 848;A01;2;7;0;1;1;1;1;
50791;202000033337;154 683 845;A01;2;7;0;2;1;23;1;
50792;202000033337;154 683 850;B01;2;7;0;1;4;23;1;
50793;202000033337;154 683 855;C01;2;14;0;1;4;23;1;
50794;202000033338;154 683 843;A01;1;1;1;0;7;14;5;
50795;202000033339;154 683 837;Z01;0;10;0;2;1;10;1;
50796;202000033339;154 683 838;A01;0;1;0;2;1;1;5;
50797;202000033340;154 683 835;A01;2;7;0;2;4;13;1;
50798;202000033340;154 683 836;B01;2;32;0;2;1;1;1;
50799;202000033341;154 683 844;A01;3;7;0;2;3;10;1;
50800;202000033341;154 683 846;B01;3;34;0;2;1;1;1;
50801;202000033342;154 683 833;A01;2;33;0;2;7;2;1;
50802;202000033342;154 683 834;B01;2;43;0;2;7;2;1;
50803;202000033343;154 683 832;A01;2;7;0;1;2;1;1;
50804;202000033344;154 683 828;C01;2;10;0;2;4;2;1;
50805;202000033344;154 683 829;B01;2;10;0;2;4;2;1;
50806;202000033344;154 683 830;A01;2;10;0;2;1;26;1;
50807;202000033345;154 683 827;A01;2;10;0;2;2;15;1;
50808;202000033345;154 683 831;B01;1;1;0;2;1;16;5;
50809;202000033346;154 683 825;A01;1;7;0;1;1;1;1;
50810;202000033347;154 683 839;A01;1;7;4;0;2;0;1;
50811;202000033347;154 683 840;B01;1;7;0;2;1;21;1;
50812;202000033347;154 683 841;C01;1;7;0;2;3;0;1;
50813;202000033347;154 683 842;D01;1;7;0;2;4;26;1;
50814;202000033348;154 683 824;A01;1;33;0;2;8;5;1;
50815;202000033348;154 683 826;B01;2;7;0;2;2;1;1;
50816;202000033349;154 683 822;B01;1;32;0;2;2;17;1;
50817;202000033349;154 683 823;A01;1;1;0;2;6;2;5;
50818;202000033350;154 683 820;B01;2;32;0;0;1;1;1;
50819;202000033350;154 683 821;A01;0;2;0;2;1;13;1;
50820;202000033352;154 683 818;A01;1;30;0;1;1;0;1;
50821;202000033353;154 683 816;A01;2;7;0;2;6;2;1;
50822;202000033353;154 683 817;B01;2;7;0;2;2;17;1;
50823;202000033354;154 683 814;A01;1;10;0;1;2;1;1;
50824;202000033355;154 683 810;B01;1;1;0;2;3;9;5;
50825;202000033355;154 683 812;A01;1;7;0;9;2;9;1;
50826;202000033356;154 683 808;A01;1;7;1;0;2;1;1;
50827;202000033356;154 683 809;B01;1;7;1;1;8;24;1;
50828;202000033356;154 683 811;C01;1;7;1;1;8;24;1;
50829;202000033356;154 683 813;D01;1;7;0;1;6;24;0;
50830;202000033357;154 683 806;A01;2;7;0;2;3;10;3;
50831;202000033357;154 683 807;B01;2;34;0;2;1;1;1;
50832;202000033358;154 683 803;A01;3;7;0;2;1;16;0;
50833;202000033358;154 683 804;B01;3;7;0;2;8;0;0;
50834;202000033358;154 683 805;C01;3;7;0;2;3;0;0;
50835;202000033360;154 683 798;A01;0;32;15;9;1;25;1;
50836;202000033361;154 683 796;B01;2;32;0;2;3;1;1;
50837;202000033361;154 683 797;A01;1;7;0;2;3;15;1;
50838;202000033362;154 683 793;C01;1;7;14;0;4;23;1;
50839;202000033362;154 683 794;B01;1;7;14;0;4;23;1;
50840;202000033362;154 683 795;A01;1;10;14;0;1;2;1;
50841;202000033363;154 683 792;A01;1;7;2;0;1;14;0;
50842;202000033366;154 683 799;A01;3;7;0;2;4;2;1;
50843;202000033366;154 683 800;B01;1;7;0;2;0;0;0;
50844;202000033367;154 683 785;B01;0;30;0;2;0;0;0;
50845;202000033367;154 683 786;A01;3;7;0;2;3;1;1;
50846;202000033368;154 683 779;C01;2;7;0;2;1;26;1;
50847;202000033368;154 683 780;B01;1;7;0;2;1;21;1;
50848;202000033368;154 683 784;A01;2;7;0;2;1;1;1;
50849;202000033370;154 683 775;A01;1;7;0;2;4;26;1;
50850;202000033370;154 683 776;B01;1;7;0;2;3;1;1;
50851;202000033371;154 683 773;B01;1;33;0;2;1;1;1;
50852;202000033371;154 683 774;A01;2;7;0;2;2;15;1;
50853;202000033372;154 683 771;B01;1;7;0;2;8;21;1;
50854;202000033372;154 683 772;A01;2;7;6;2;1;13;1;
50855;202000033374;154 683 770;A01;1;7;4;0;1;21;1;
50856;202000033377;154 683 764;B01;1;7;0;2;4;2;1;
50857;202000033377;154 683 765;A01;1;7;0;2;1;2;1;
50858;202000033378;154 683 762;Z01;2;10;0;2;0;0;0;
50859;202000033378;154 683 763;A01;2;33;0;2;3;1;1;
50860;202000033379;154 683 760;A01;2;7;0;2;3;11;1;
50861;202000033379;154 683 761;B01;2;33;0;2;2;1;1;
50862;202000033380;154 683 759;A01;1;33;0;0;1;23;1;
50863;202000033381;154 683 756;C01;1;7;0;2;4;2;1;
50864;202000033381;154 683 757;B01;1;10;0;2;1;2;1;
50865;202000033381;154 683 758;A01;1;7;0;2;1;2;1;
50866;202000033382;154 683 755;A01;1;7;0;0;9;14;1;