;Num_Acc;id_vehicule;num_veh;senc;catv;obs;obsm;choc;manv;motor;occutc
50867;202000033383;154 683 753;A01;1;7;0;2;2;14;2;
50868;202000033383;154 683 754;B01;1;2;0;2;4;23;1;
50869;202000033384;154 683 751;A01;2;34;0;2;1;9;0;
50870;202000033384;154 683 766;B01;1;7;0;2;2;18;0;
50871;202000033385;154 683 749;A01;-1;7;0;1;3;15;1;
50872;202000033386;154 683 748;A01;0;7;0;2;0;10;0;
50873;202000033386;154 683 750;B01;1;30;0;2;0;1;1;
50874;202000033387;154 683 746;B01;0;31;0;2;1;1;1;
50875;202000033387;154 683 747;A01;0;10;0;2;1;1;1;
50876;202000033388;154 683 741;B01;1;7;0;2;4;2;6;
50877;202000033388;154 683 743;A01;1;7;0;2;1;2;1;
50878;202000033389;154 683 739;B01;-1;7;0;2;1;1;1;
50879;202000033389;154 683 740;A01;-1;7;0;2;4;23;1;
50880;202000033390;154 683 742;A01;1;7;0;2;1;1;1;
50881;202000033390;154 683 744;B01;2;32;0;2;3;0;1;
50882;202000033391;154 683 738;A01;3;33;0;2;4;1;1;
50883;202000033392;154 683 736;A01;1;31;0;2;0;0;1;
50884;202000033393;154 683 734;B01;1;33;0;2;8;1;1;
50885;202000033393;154 683 735;A01;2;7;0;2;1;15;1;
50886;202000033394;154 683 737;A01;1;7;0;1;2;1;1;
50887;202000033395;154 683 745;B01;1;7;0;2;4;2;1;
50888;202000033395;154 683 752;A01;1;7;0;2;1;2;1;
50889;202000033396;154 683 733;A01;1;10;0;1;6;26;1;
50890;202000033398;154 683 726;A01;2;0;0;2;4;12;0;
50891;202000033398;154 683 727;B01;2;2;0;2;1;1;1;
50892;202000033399;154 683 724;B01;3;32;0;2;5;1;1;
50893;202000033399;154 683 725;A01;2;7;0;2;2;1;1;
50894;202000033401;154 683 721;B01;1;30;0;2;1;1;1;
50895;202000033401;154 683 722;A01;1;14;0;2;6;26;1;
50896;202000033402;154 683 720;A01;2;33;13;0;7;2;1;
50897;202000033403;154 683 718;A01;2;7;3;2;2;6;1;
50898;202000033403;154 683 719;B01;1;7;0;2;2;1;1;
50899;202000033404;154 683 716;A01;2;7;0;2;5;15;0;
50900;202000033404;154 683 717;B01;2;2;0;2;1;14;0;
50901;202000033405;154 683 714;A01;1;2;0;2;1;2;1;
50902;202000033405;154 683 715;B01;1;7;0;0;4;1;0;
50903;202000033406;154 683 729;B01;2;17;0;0;6;1;1;
50904;202000033406;154 683 730;A01;2;10;3;2;2;13;1;
50905;202000033407;154 683 731;A01;2;7;0;2;7;12;1;
50906;202000033407;154 683 732;B01;2;43;0;2;8;3;1;
50907;202000033408;154 683 711;A01;1;7;0;2;3;17;1;
50908;202000033408;154 683 712;B01;2;7;0;2;3;1;1;
50909;202000033409;154 683 710;B01;1;33;0;2;8;1;1;
50910;202000033409;154 683 713;A01;2;7;0;0;8;15;1;
50911;202000033410;154 683 708;A01;0;7;2;0;3;1;1;
50912;202000033411;154 683 707;B01;-1;7;0;2;6;2;1;
50913;202000033411;154 683 709;A01;-1;32;0;2;1;2;1;
50914;202000033412;154 683 705;A01;2;2;14;0;1;1;0;
50915;202000033413;154 683 706;A01;2;7;13;0;9;1;1;
50916;202000033414;154 683 701;A01;1;7;0;2;1;2;1;
50917;202000033414;154 683 704;B01;1;15;0;2;4;2;1;
50918;202000033415;154 683 700;B01;2;7;0;2;4;1;1;
50919;202000033415;154 683 703;A01;2;7;0;2;1;2;1;
50920;202000033416;154 683 699;Z01;1;7;0;1;1;16;1;
50921;202000033417;154 683 697;B01;3;33;0;2;1;5;1;
50922;202000033417;154 683 698;A01;3;13;0;2;3;1;1;
50923;202000033418;154 683 693;A01;2;7;5;2;3;17;1;
50924;202000033418;154 683 695;B01;2;10;0;2;1;1;1;
50925;202000033419;154 683 692;A01;1;7;0;1;1;24;1;
50926;202000033420;154 683 690;B01;1;7;0;2;5;15;1;
50927;202000033420;154 683 691;A01;2;2;0;2;1;1;1;
50928;202000033421;154 683 694;B01;2;7;0;2;3;15;1;
50929;202000033421;154 683 696;A01;2;31;0;2;2;17;1;
50930;202000033422;154 683 687;A01;1;33;0;2;2;17;1;
50931;202000033422;154 683 688;B01;1;17;0;2;3;15;1;
50932;202000033423;154 683 689;A01;1;1;0;0;0;1;5;
50933;202000033424;154 683 686;A01;2;10;0;1;2;14;1;
50934;202000033425;154 683 684;B01;1;7;0;2;3;1;1;
50935;202000033425;154 683 685;A01;2;7;0;2;3;14;1;
50936;202000033426;154 683 681;A01;3;7;0;2;5;15;1;
50937;202000033426;154 683 683;B01;3;33;0;2;1;1;0;
50938;202000033427;154 683 678;A01;3;7;0;2;9;2;1;
50939;202000033427;154 683 680;C01;3;7;0;2;1;1;1;
50940;202000033427;154 683 682;B01;3;14;0;2;0;0;1;
50941;202000033428;154 683 674;A01;2;2;0;6;7;2;1;
50942;202000033429;154 683 675;B01;1;33;0;0;7;21;1;
50943;202000033429;154 683 676;A01;1;33;0;0;0;1;1;
50944;202000033430;154 683 673;A01;3;7;0;1;1;2;1;
50945;202000033431;154 683 668;B01;2;7;0;2;1;1;1;
50946;202000033431;154 683 672;A01;1;7;0;0;2;15;1;
50947;202000033432;154 683 669;A01;0;33;0;2;1;2;1;
50948;202000033432;154 683 671;B01;0;7;0;0;4;15;1;
50949;202000033433;154 683 667;B01;2;7;0;0;7;1;1;
50950;202000033433;154 683 670;A01;1;10;0;2;1;1;1;
50951;202000033434;154 683 666;A01;1;7;6;9;1;0;0;
50952;202000033436;154 683 659;A01;1;7;13;0;1;14;1;
50953;202000033437;154 683 658;B01;0;2;0;2;1;1;1;
50954;202000033437;154 683 660;A01;2;7;0;2;3;15;1;
50955;202000033438;154 683 662;A01;1;1;0;2;1;1;5;
50956;202000033438;154 683 664;B01;1;1;0;2;1;1;5;
50957;202000033438;154 683 665;C01;3;7;0;2;7;19;1;
50958;202000033439;154 683 657;A01;1;7;2;0;3;0;1;
50959;202000033440;154 683 656;A01;1;7;9;0;1;16;1;
50960;202000033442;154 683 651;A01;2;7;17;0;2;1;1;
50961;202000033443;154 683 649;A01;1;7;15;0;3;13;1;
50962;202000033444;154 683 648;A01;2;33;0;0;0;0;1;
50963;202000033446;154 683 645;A01;3;35;0;0;1;1;1;
50964;202000033447;154 683 643;B01;2;7;0;2;1;9;1;
50965;202000033447;154 683 644;A01;1;2;12;2;1;1;1;
50966;202000033448;154 683 642;A01;1;33;16;0;9;14;1;
50967;202000033449;154 683 639;A01;0;7;0;2;2;1;0;
50968;202000033449;154 683 641;B01;0;2;0;2;1;1;0;
50969;202000033450;154 683 650;A01;0;10;0;1;2;1;1;
50970;202000033451;154 683 638;A01;1;7;0;2;3;9;1;
50971;202000033451;154 683 640;B01;2;33;0;2;1;1;1;
50972;202000033453;154 683 634;A01;2;33;0;0;0;1;1;
50973;202000033454;154 683 629;A01;2;10;0;2;0;17;0;
50974;202000033454;154 683 630;B01;2;1;0;2;0;1;5;
50975;202000033455;154 683 626;A01;1;7;0;1;1;1;1;
50976;202000033456;154 683 627;A01;2;7;0;9;7;1;1;
50977;202000033456;154 683 637;B01;1;1;0;2;1;19;5;
50978;202000033457;154 683 628;D01;1;7;0;2;6;21;1;
50979;202000033457;154 683 631;B01;1;7;0;2;1;1;1;
50980;202000033457;154 683 632;A01;2;10;3;2;1;13;1;
50981;202000033457;154 683 633;C01;1;7;0;2;2;21;1;
50982;202000033458;154 683 623;B01;1;7;0;2;1;17;1;
50983;202000033458;154 683 625;A01;2;7;0;2;1;5;1;
50984;202000033459;154 683 618;A01;2;7;0;1;1;1;0;
50985;202000033460;154 683 617;A01;2;7;0;2;0;15;1;
50986;202000033460;154 683 619;B01;2;33;0;2;2;1;1;
50987;202000033461;154 683 616;A01;2;7;0;1;1;1;1;
50988;202000033462;154 683 614;A01;1;7;0;2;7;19;1;
50989;202000033462;154 683 615;B01;1;17;0;2;3;1;1;
50990;202000033463;154 683 612;A01;1;1;0;2;1;5;5;
50991;202000033463;154 683 613;B01;2;1;0;2;1;1;5;
50992;202000033464;154 683 620;C01;2;7;0;2;1;1;1;
50993;202000033464;154 683 621;A01;1;7;0;0;4;1;1;
50994;202000033464;154 683 622;B01;1;7;0;2;1;1;1;
50995;202000033465;154 683 611;A01;2;33;0;0;8;1;1;
50996;202000033467;154 683 607;B01;2;20;0;9;1;1;1;
50997;202000033467;154 683 609;A01;1;2;0;2;3;1;1;
50998;202000033468;154 683 605;A01;2;7;13;0;3;1;1;
50999;202000033469;154 683 604;A01;2;7;6;0;1;1;1;
51000;202000033470;154 683 599;B01;2;7;0;0;7;21;1;
51001;202000033470;154 683 600;A01;1;7;0;2;1;16;1;
51002;202000033471;154 683 598;A01;1;7;0;0;1;13;1;
51003;202000033472;154 683 591;A01;2;33;4;0;3;16;1;
51004;202000033473;154 683 590;A01;1;7;9;0;0;14;1;
51005;202000033474;154 683 588;B01;3;7;0;2;8;0;1;
51006;202000033474;154 683 589;A01;3;7;0;2;1;0;1;
51007;202000033475;154 683 586;B01;1;7;0;2;4;0;0;
51008;202000033475;154 683 587;A01;1;7;0;2;0;1;0;
51009;202000033476;154 683 585;A01;3;33;7;0;8;1;1;
51010;202000033477;154 683 594;A01;1;7;7;0;7;15;1;
51011;202000033478;154 683 584;A01;1;7;0;1;2;15;1;
51012;202000033479;154 683 583;A01;2;7;8;0;3;13;1;
51013;202000033480;154 683 581;B01;3;31;0;2;1;1;1;
51014;202000033480;154 683 582;A01;3;7;0;2;2;10;1;
51015;202000033481;154 683 580;A01;3;31;0;0;7;1;1;
51016;202000033482;154 683 578;B01;2;32;0;2;7;17;1;
51017;202000033482;154 683 579;A01;2;10;0;2;8;15;1;
51018;202000033483;154 683 574;A01;1;14;0;1;2;1;1;
51019;202000033484;154 683 571;B01;1;33;0;2;8;2;1;
51020;202000033484;154 683 573;A01;2;7;0;2;1;19;1;
51021;202000033485;154 683 569;C01;1;7;0;2;1;1;1;
51022;202000033485;154 683 570;B01;2;7;0;2;4;23;1;
51023;202000033485;154 683 572;A01;2;7;0;2;1;1;0;
51024;202000033487;154 683 593;D01;1;7;0;2;1;1;1;
51025;202000033487;154 683 595;B01;1;7;0;2;8;17;1;
51026;202000033487;154 683 596;C01;1;7;0;2;4;1;1;
51027;202000033487;154 683 597;A01;1;31;0;2;3;5;1;
51028;202000033488;154 683 565;C01;2;7;0;2;4;2;1;
51029;202000033488;154 683 567;B01;2;7;0;2;4;2;1;
51030;202000033488;154 683 568;A01;2;7;0;2;1;2;1;
51031;202000033489;154 683 562;B01;1;2;0;2;3;1;1;
51032;202000033489;154 683 563;A01;2;33;0;2;3;10;6;
51033;202000033490;154 683 561;A01;0;31;0;0;0;2;1;
51034;202000033491;154 683 560;A01;2;33;0;0;3;17;1;
51035;202000033492;154 683 559;A01;2;99;5;0;3;1;1;
51036;202000033493;154 683 564;A01;1;7;2;0;8;1;1;
51037;202000033494;154 683 558;A01;2;7;0;1;2;1;1;
51038;202000033495;154 683 556;B01;1;7;0;0;4;2;1;
51039;202000033495;154 683 557;A01;1;7;0;2;1;2;0;
51040;202000033496;154 683 555;A01;0;33;6;0;1;1;1;
51041;202000033497;154 683 553;A01;1;7;0;2;3;1;1;
51042;202000033497;154 683 554;B01;2;2;0;2;1;13;1;
51043;202000033498;154 683 552;A01;1;33;0;0;7;0;1;
51044;202000033499;154 683 551;A01;1;7;2;0;1;1;1;
51045;202000033500;154 683 548;B01;1;33;0;2;1;1;1;
51046;202000033500;154 683 549;A01;1;7;0;2;7;15;1;
51047;202000033501;154 683 547;A01;3;33;0;0;7;26;1;
51048;202000033502;154 683 545;A01;1;7;0;2;3;0;0;
51049;202000033502;154 683 546;B01;2;7;0;2;3;0;1;
51050;202000033504;154 683 542;B01;3;7;0;2;1;1;1;
51051;202000033504;154 683 543;A01;3;7;0;2;8;1;1;
51052;202000033505;154 683 540;B01;2;1;0;2;1;13;5;
51053;202000033505;154 683 541;A01;1;7;0;2;3;1;1;
51054;202000033507;154 683 534;A01;1;33;0;2;8;1;1;
51055;202000033507;154 683 535;B01;2;7;0;2;6;19;1;
51056;202000033509;154 683 532;A01;1;7;0;2;1;15;0;
51057;202000033509;154 683 533;B01;1;7;0;2;8;1;0;
51058;202000033510;154 683 531;A01;2;33;2;0;1;14;1;
51059;202000033511;154 683 529;B01;2;7;0;2;3;1;1;
51060;202000033511;154 683 530;A01;1;2;0;2;1;13;1;
51061;202000033512;154 683 528;A01;3;33;15;0;1;1;1;
51062;202000033513;154 683 526;A01;2;7;13;0;3;1;1;
51063;202000033514;154 683 527;A01;2;13;16;0;9;1;1;
51064;202000033515;154 683 525;A01;0;7;0;1;4;4;1;
51065;202000033516;154 683 521;B01;0;7;0;2;2;15;1;
51066;202000033516;154 683 522;A01;0;2;0;2;1;1;1;
51067;202000033517;154 683 520;A01;1;33;13;0;7;2;1;
51068;202000033518;154 683 523;A01;2;7;0;2;5;10;1;
51069;202000033518;154 683 524;B01;1;17;0;2;1;1;1;
51070;202000033520;154 683 513;B01;3;7;0;2;3;1;1;
51071;202000033520;154 683 514;A01;3;33;0;2;8;1;1;
51072;202000033521;154 683 512;A01;1;33;0;0;0;1;1;
51073;202000033522;154 683 508;A01;1;7;0;2;2;15;1;
51074;202000033522;154 683 509;B01;2;33;0;2;1;1;1;
51075;202000033524;154 683 506;A01;1;10;13;0;1;1;1;
51076;202000033525;154 683 504;A01;0;7;0;9;1;15;0;
51077;202000033525;154 683 505;B01;0;1;0;2;8;1;5;
51078;202000033526;154 683 503;A01;1;15;0;0;2;0;1;
51079;202000033527;154 683 501;A01;0;37;0;0;1;1;1;1.0
51080;202000033527;154 683 515;C01;0;7;0;0;4;1;1;
51081;202000033527;154 683 516;B01;0;7;0;0;4;1;1;
51082;202000033528;154 683 500;A01;2;7;4;2;1;2;1;
51083;202000033528;154 683 502;B01;2;7;0;2;6;2;1;
51084;202000033529;154 683 497;C01;1;10;0;2;0;1;1;
51085;202000033529;154 683 498;A01;1;33;16;0;1;1;1;
51086;202000033529;154 683 499;B01;1;7;0;2;0;1;1;
51087;202000033530;154 683 496;A01;1;7;13;0;0;14;1;
51088;202000033531;154 683 494;B01;2;33;0;2;1;1;1;
51089;202000033531;154 683 495;A01;2;7;0;2;8;11;1;
51090;202000033532;154 683 493;A01;1;7;4;0;3;0;1;
51091;202000033534;154 683 490;A01;1;7;4;2;1;0;1;
51092;202000033534;154 683 492;B01;1;7;0;2;3;1;1;
51093;202000033535;154 683 489;A01;2;7;0;1;2;1;0;
51094;202000033536;154 683 488;A01;2;7;15;0;1;0;1;
51095;202000033537;154 683 487;A01;1;7;10;0;1;1;0;
51096;202000033538;154 683 486;A01;3;33;0;1;0;0;0;
51097;202000033539;154 683 482;A01;1;7;0;2;4;0;1;
51098;202000033539;154 683 483;B01;1;7;0;2;4;0;1;
51099;202000033539;154 683 484;C01;1;7;0;2;4;0;1;
51100;202000033539;154 683 485;D01;1;7;0;0;0;0;1;
51101;202000033540;154 683 479;B01;1;7;0;2;4;2;0;
51102;202000033540;154 683 480;C01;1;7;0;2;1;2;1;
51103;202000033540;154 683 481;A01;1;14;0;2;4;1;1;
51104;202000033541;154 683 474;A01;2;7;0;2;2;19;1;
51105;202000033541;154 683 476;C01;2;7;0;2;5;23;1;
51106;202000033541;154 683 478;B01;2;33;0;2;5;1;1;
51107;202000033543;154 683 470;B01;1;33;0;2;7;1;1;
51108;202000033543;154 683 472;A01;1;7;0;2;8;11;1;
51109;202000033544;154 683 468;A01;3;7;0;1;1;19;0;
51110;202000033545;154 683 467;A01;2;7;0;2;3;26;1;
51111;202000033545;154 683 469;B01;1;7;0;2;3;26;1;
51112;202000033545;154 683 471;C01;1;7;0;2;0;26;1;
51113;202000033545;154 683 473;D01;1;7;0;2;3;0;1;
51114;202000033546;154 683 466;A01;1;7;3;0;9;1;1;
51115;202000033547;154 683 464;A01;2;34;0;2;1;12;1;
51116;202000033547;154 683 465;B01;2;7;0;2;5;1;1;
51117;202000033549;154 683 458;A01;1;7;15;1;9;7;1;
51118;202000033549;154 683 459;B01;3;7;0;2;9;16;1;
51119;202000033549;154 683 460;C01;1;10;0;2;5;1;1;
51120;202000033549;154 683 461;D01;1;10;0;2;7;1;1;
51121;202000033550;154 683 456;A01;2;33;0;0;7;14;1;
51122;202000033551;154 683 454;B01;1;1;0;2;7;0;5;
51123;202000033551;154 683 455;A01;1;10;0;2;1;1;1;
51124;202000033552;154 683 451;A01;1;7;0;2;2;17;0;
51125;202000033552;154 683 457;B01;2;37;0;2;3;1;1;5.0
51126;202000033553;154 683 450;A01;3;10;0;1;4;20;1;
51127;202000033554;154 683 452;B01;2;7;0;2;5;12;1;
51128;202000033554;154 683 453;A01;2;32;0;2;1;3;1;
51129;202000033555;154 683 448;A01;0;7;0;1;1;1;1;
51130;202000033556;154 683 447;B01;1;1;0;2;8;1;0;
51131;202000033556;154 683 449;A01;1;7;0;2;3;17;1;
51132;202000033557;154 683 446;A01;3;7;2;0;7;2;1;
51133;202000033558;154 683 443;A01;2;7;3;0;7;1;1;
51134;202000033559;154 683 442;B01;1;7;0;2;1;24;1;
51135;202000033559;154 683 445;A01;2;30;0;2;9;13;1;
51136;202000033560;154 683 441;A01;2;7;0;2;3;9;1;
51137;202000033560;154 683 444;B01;2;1;0;2;7;1;0;
51138;202000033561;154 683 438;A01;1;7;9;0;1;1;1;
51139;202000033562;154 683 436;A01;3;32;1;0;2;26;1;
51140;202000033562;154 683 439;B01;3;7;1;0;0;0;1;
51141;202000033563;154 683 435;B01;1;15;0;2;3;2;1;
51142;202000033563;154 683 437;C01;1;10;0;2;1;2;1;
51143;202000033563;154 683 440;A01;1;7;0;2;7;26;1;
51144;202000033564;154 683 432;A01;2;10;0;0;3;2;1;
51145;202000033565;154 683 429;A01;1;7;0;2;1;2;3;
51146;202000033565;154 683 431;B01;2;7;0;2;1;15;1;
51147;202000033566;154 683 428;A01;1;7;2;0;1;13;1;
51148;202000033567;154 683 426;A01;2;33;3;0;8;21;1;
51149;202000033568;154 683 430;A01;3;7;0;2;1;1;1;
51150;202000033568;154 683 433;B01;1;7;0;2;2;1;1;
51151;202000033569;154 683 424;C01;0;7;0;2;4;23;1;
51152;202000033569;154 683 425;B01;0;7;0;2;4;23;1;
51153;202000033569;154 683 427;A01;0;7;0;2;1;1;1;
51154;202000033571;154 683 422;A01;0;7;0;1;1;1;1;
51155;202000033573;154 683 413;A01;2;15;0;2;3;11;1;
51156;202000033573;154 683 418;B01;2;7;0;2;4;1;1;
51157;202000033573;154 683 420;C01;2;10;0;2;4;1;1;
51158;202000033573;154 683 421;D01;2;7;0;2;4;1;1;
51159;202000033574;154 683 414;B01;1;7;0;2;3;1;1;
51160;202000033574;154 683 416;A01;1;7;0;2;1;1;1;
51161;202000033575;154 683 409;A01;2;7;0;2;3;9;1;
51162;202000033575;154 683 412;Y01;0;1;0;2;4;26;0;
51163;202000033576;154 683 410;A01;1;7;1;0;1;2;1;
51164;202000033576;154 683 411;B01;1;7;0;2;4;23;1;
51165;202000033577;154 683 408;A01;1;7;0;1;1;26;1;
51166;202000033578;154 683 406;A01;1;7;0;0;1;1;1;
51167;202000033579;154 683 401;C01;1;7;0;0;4;2;0;
51168;202000033579;154 683 404;A01;1;7;0;2;3;21;0;
51169;202000033579;154 683 405;B01;1;7;0;2;3;2;0;
51170;202000033580;154 683 402;A01;3;7;0;2;5;15;0;
51171;202000033580;154 683 407;B01;3;33;0;2;1;21;1;
51172;202000033581;154 683 400;A01;1;33;0;2;1;1;1;
51173;202000033581;154 683 403;B01;1;7;0;2;4;1;1;
51174;202000033582;154 683 398;B01;2;7;0;2;1;1;1;
51175;202000033582;154 683 399;A01;1;7;0;2;1;16;1;
51176;202000033583;154 683 397;A01;3;10;0;1;4;20;0;
51177;202000033584;154 683 396;A01;3;7;3;0;5;26;1;
51178;202000033585;154 683 392;B01;1;7;0;2;4;1;1;
51179;202000033585;154 683 394;A01;1;7;0;2;1;1;1;
51180;202000033588;154 683 393;B01;1;7;0;2;6;23;1;
51181;202000033588;154 683 395;A01;1;7;0;2;2;2;1;
51182;202000033589;154 683 384;B01;2;7;0;2;2;21;1;
51183;202000033589;154 683 386;A01;2;7;0;2;8;1;1;
51184;202000033590;154 683 383;A01;1;1;0;2;3;26;5;
51185;202000033590;154 683 385;B01;1;7;0;2;2;1;1;
51186;202000033591;154 683 382;A01;2;1;12;0;7;26;0;
51187;202000033592;154 683 377;A01;1;0;1;0;0;25;0;
51188;202000033593;154 683 373;C01;1;7;14;0;2;1;1;
51189;202000033593;154 683 379;B01;2;7;0;2;1;1;1;
51190;202000033593;154 683 381;A01;2;7;14;2;1;1;1;
51191;202000033594;154 683 374;B01;3;10;0;2;1;1;1;
51192;202000033594;154 683 376;A01;3;10;0;2;3;1;1;
51193;202000033595;154 683 371;A01;1;31;0;0;3;3;1;
51194;202000033596;154 683 372;A01;3;7;0;2;1;26;1;
51195;202000033596;154 683 375;C01;3;7;0;2;4;26;1;
51196;202000033596;154 683 378;D01;3;7;0;2;4;26;1;
51197;202000033596;154 683 380;B01;3;7;0;2;4;2;1;
51198;202000033597;154 683 370;A01;3;7;0;1;1;1;1;
51199;202000033598;154 683 368;A01;1;7;6;0;1;26;1;
51200;202000033599;154 683 369;A01;2;7;4;0;0;14;1;
51201;202000033600;154 683 365;A01;0;50;0;0;1;1;3;
51202;202000033603;154 683 359;A01;1;10;0;2;6;11;1;
51203;202000033603;154 683 361;B01;1;33;0;2;2;3;1;
51204;202000033603;154 683 363;C01;1;7;0;2;4;1;1;
51205;202000033604;154 683 360;A01;1;7;0;2;1;1;1;
51206;202000033604;154 683 362;B01;1;30;0;2;4;1;1;
51207;202000033605;154 683 358;A01;1;7;6;1;2;21;1;
51208;202000033606;154 683 355;A01;1;7;14;0;1;13;1;
51209;202000033608;154 683 353;A01;1;33;0;2;7;2;1;
51210;202000033608;154 683 356;B01;1;7;0;2;8;15;1;
51211;202000033609;154 683 352;A01;1;7;0;1;2;1;1;
51212;202000033611;154 683 350;A01;1;7;13;0;7;14;1;
51213;202000033612;154 683 348;B01;1;31;0;2;7;0;1;
51214;202000033612;154 683 349;A01;1;7;0;2;8;13;1;
51215;202000033613;154 683 347;Z01;1;7;0;1;0;1;1;
51216;202000033614;154 683 345;B01;1;1;0;2;2;19;6;
51217;202000033614;154 683 346;A01;1;7;0;2;2;1;1;
51218;202000033615;154 683 343;A01;1;7;0;1;3;5;1;
51219;202000033616;154 683 340;A01;2;7;0;1;3;1;1;
51220;202000033617;154 683 341;B01;3;7;0;0;1;1;1;
51221;202000033617;154 683 342;A01;3;7;0;2;1;13;1;
51222;202000033619;154 683 333;B01;0;31;0;2;7;12;1;
51223;202000033619;154 683 337;A01;0;7;0;2;8;1;1;
51224;202000033620;154 683 334;A01;2;7;0;2;1;9;1;
51225;202000033620;154 683 336;C01;2;10;0;2;4;2;1;
51226;202000033620;154 683 338;B01;2;7;0;2;4;2;1;
51227;202000033621;154 683 332;B01;3;99;0;2;4;1;1;
51228;202000033621;154 683 335;A01;3;99;0;2;1;26;1;
51229;202000033622;154 683 329;A01;0;1;0;2;1;13;5;
51230;202000033622;154 683 331;B01;2;7;0;2;1;1;1;
51231;202000033623;154 683 328;B01;1;30;0;2;1;25;1;
51232;202000033623;154 683 330;A01;2;50;0;2;1;25;3;
51233;202000033624;154 683 327;A01;3;0;12;0;0;0;0;
51234;202000033625;154 683 326;A01;1;7;0;1;0;1;1;
51235;202000033626;154 683 322;A01;1;7;2;0;7;13;1;
51236;202000033627;154 683 323;B01;3;7;0;2;0;23;1;
51237;202000033627;154 683 325;A01;1;30;0;2;1;1;1;
51238;202000033628;154 683 321;A01;1;2;0;2;3;9;1;
51239;202000033628;154 683 324;B01;1;7;0;2;3;1;1;
51240;202000033629;154 683 318;B01;1;7;0;2;1;11;1;
51241;202000033629;154 683 320;A01;1;7;0;2;4;1;1;
51242;202000033630;154 683 317;A01;2;30;0;0;8;16;1;
51243;202000033631;154 683 316;A01;2;7;0;9;1;9;1;
51244;202000033631;154 683 319;B01;2;33;0;2;7;2;1;
51245;202000033632;154 683 312;B01;2;7;0;2;1;1;1;
51246;202000033632;154 683 315;A01;3;7;0;2;8;1;1;
51247;202000033633;154 683 311;A01;2;7;0;2;1;13;1;
51248;202000033633;154 683 313;B01;1;7;0;2;1;1;1;
51249;202000033634;154 683 314;A01;2;7;0;0;1;11;1;
51250;202000033637;154 683 306;A01;2;7;3;0;1;1;1;
51251;202000033639;154 683 302;A01;1;7;0;1;2;1;1;
51252;202000033640;154 683 301;B01;2;7;0;2;7;1;1;
51253;202000033640;154 683 304;A01;2;7;0;2;1;1;1;
51254;202000033641;154 683 298;A01;1;7;0;2;7;12;1;
51255;202000033641;154 683 299;B01;1;34;0;2;8;3;1;
51256;202000033643;154 683 295;A01;1;30;0;0;1;1;1;
51257;202000033644;154 683 293;A01;3;7;0;2;3;9;1;
51258;202000033644;154 683 297;B01;2;33;0;2;1;1;1;
51259;202000033645;154 683 294;A01;3;7;0;2;2;1;1;
51260;202000033645;154 683 296;B01;3;7;0;2;1;1;1;
51261;202000033647;154 683 289;B01;1;7;0;2;3;1;1;
51262;202000033647;154 683 290;A01;2;35;0;2;1;5;1;
51263;202000033648;154 683 291;B01;2;7;0;9;5;26;1;
51264;202000033650;154 683 286;A01;1;7;0;1;1;1;1;
51265;202000033651;154 683 285;A01;1;7;0;2;1;26;1;
51266;202000033651;154 683 287;B01;2;33;0;2;2;0;0;
51267;202000033653;154 683 281;B01;1;7;0;2;4;2;1;
51268;202000033653;154 683 282;A01;1;10;0;2;1;2;1;
51269;202000033654;154 683 276;A01;2;50;12;0;0;1;3;
51270;202000033655;154 683 275;B01;3;7;0;2;6;1;1;
51271;202000033655;154 683 278;A01;3;2;0;2;1;2;1;
51272;202000033656;154 683 277;B01;1;7;0;2;4;2;1;
51273;202000033656;154 683 279;C01;1;7;0;2;4;2;1;
51274;202000033656;154 683 280;A01;1;7;0;2;1;2;1;
51275;202000033657;154 683 271;A01;2;33;0;2;1;2;1;
51276;202000033657;154 683 273;B01;2;7;0;2;4;2;1;
51277;202000033658;154 683 270;A01;2;3;0;2;3;15;1;
51278;202000033658;154 683 274;B01;2;80;0;2;8;1;3;
51279;202000033659;154 683 267;A01;0;7;0;2;1;1;1;
51280;202000033659;154 683 268;B01;0;7;0;2;4;23;1;
51281;202000033659;154 683 269;C01;0;7;0;2;8;1;1;
51282;202000033659;154 683 272;D01;0;7;0;2;2;1;1;
51283;202000033660;154 683 265;A01;1;7;0;1;5;1;1;
51284;202000033661;154 683 266;A01;2;7;4;0;3;13;1;
51285;202000033662;154 683 263;B01;1;31;0;2;1;1;1;
51286;202000033662;154 683 264;A01;1;7;0;2;1;15;1;
51287;202000033663;154 683 262;Z01;1;7;0;1;1;1;1;
51288;202000033665;154 683 257;A01;3;7;0;1;3;1;1;
51289;202000033666;154 683 256;A01;1;7;0;2;2;10;1;
51290;202000033666;154 683 258;B01;2;32;0;2;1;1;1;
51291;202000033667;154 683 254;A01;1;7;0;2;1;2;1;
51292;202000033667;154 683 259;B01;1;7;0;0;4;2;1;
51293;202000033668;154 683 253;A01;1;7;0;2;8;1;1;
51294;202000033668;154 683 255;B01;1;31;0;2;7;0;1;
51295;202000033669;154 683 252;A01;0;3;0;2;1;0;0;
51296;202000033670;154 683 250;A01;2;3;0;1;3;0;1;
51297;202000033671;154 683 249;A01;0;7;0;1;1;1;1;
51298;202000033672;154 683 248;A01;0;7;0;1;1;1;1;
51299;202000033674;154 683 243;B01;0;7;0;2;3;1;1;