;Num_Acc;id_vehicule;num_veh;senc;catv;obs;obsm;choc;manv;motor;occutc
51300;202000033674;154 683 246;C01;0;7;0;2;1;1;1;
51301;202000033674;154 683 247;A01;0;7;0;2;1;13;1;
51302;202000033675;154 683 242;B01;1;7;0;2;1;1;1;
51303;202000033675;154 683 245;A01;2;7;0;2;7;1;1;
51304;202000033676;154 683 241;B01;1;1;0;2;1;18;0;
51305;202000033676;154 683 244;A01;1;37;0;2;5;7;1;1.0
51306;202000033677;154 683 239;A01;3;34;5;0;1;15;1;
51307;202000033679;154 683 237;A01;1;1;15;0;1;1;5;
51308;202000033681;154 683 235;A01;3;7;0;1;2;26;1;
51309;202000033682;154 683 232;A01;0;7;2;0;8;0;1;
51310;202000033683;154 683 233;A01;1;7;0;1;0;10;1;
51311;202000033684;154 683 231;A01;2;7;0;2;1;15;1;
51312;202000033684;154 683 234;B01;2;33;0;2;1;17;1;
51313;202000033685;154 683 230;A01;1;10;0;1;2;15;1;
51314;202000033686;154 683 227;B01;2;1;0;2;0;1;5;
51315;202000033686;154 683 229;A01;2;7;0;2;2;1;1;
51316;202000033687;154 683 225;A01;0;7;0;2;1;15;1;
51317;202000033687;154 683 228;B01;0;7;0;2;3;1;1;
51318;202000033688;154 683 224;B01;2;7;0;2;8;15;1;
51319;202000033688;154 683 226;A01;1;7;0;2;8;1;1;
51320;202000033689;154 683 220;A01;1;7;0;2;7;14;1;
51321;202000033689;154 683 223;B01;1;32;0;2;8;1;1;
51322;202000033690;154 683 218;A01;2;7;0;2;1;15;1;
51323;202000033690;154 683 221;B01;1;30;0;2;7;1;1;
51324;202000033691;154 683 219;A01;0;30;0;2;1;26;1;
51325;202000033691;154 683 222;B01;0;7;0;2;2;1;1;
51326;202000033692;154 683 214;Z01;1;7;0;2;0;1;0;
51327;202000033692;154 683 216;B01;1;7;0;2;7;1;1;
51328;202000033692;154 683 217;A01;1;32;0;2;6;11;1;
51329;202000033693;154 683 215;A01;1;10;0;0;1;26;1;
51330;202000033694;154 683 211;A01;1;50;0;2;7;1;3;
51331;202000033694;154 683 212;Z01;1;30;0;2;0;1;0;
51332;202000033695;154 683 209;A01;0;20;0;2;2;9;1;
51333;202000033695;154 683 210;B01;1;34;0;2;2;26;1;
51334;202000033696;154 683 207;A01;3;7;0;2;1;19;1;
51335;202000033696;154 683 208;B01;3;7;0;2;7;1;1;
51336;202000033697;154 683 205;A01;3;7;4;0;1;1;1;
51337;202000033698;154 683 203;A01;1;7;0;2;1;15;1;
51338;202000033698;154 683 204;B01;2;7;0;2;8;1;1;
51339;202000033699;154 683 202;A01;1;1;0;2;1;1;5;
51340;202000033699;154 683 206;B01;2;1;0;2;1;13;5;
51341;202000033700;154 683 201;A01;1;7;0;1;1;1;3;
51342;202000033701;154 683 200;A01;1;7;0;1;1;9;1;
51343;202000033702;154 683 199;A01;1;10;0;1;1;15;1;
51344;202000033703;154 683 197;A01;1;1;0;2;2;13;5;
51345;202000033703;154 683 198;B01;1;1;0;2;8;13;5;
51346;202000033704;154 683 194;A01;1;7;0;1;0;1;1;
51347;202000033706;154 683 192;B01;1;7;0;2;4;1;1;
51348;202000033706;154 683 193;A01;1;10;0;2;1;1;1;
51349;202000033707;154 683 189;A01;2;7;0;2;3;19;1;
51350;202000033707;154 683 190;B01;2;7;0;2;7;1;1;
51351;202000033708;154 683 186;A01;1;7;0;2;3;20;1;
51352;202000033708;154 683 187;B01;1;1;0;2;0;0;0;
51353;202000033709;154 683 188;A01;2;7;0;2;1;1;1;
51354;202000033709;154 683 191;B01;2;7;0;2;8;15;1;
51355;202000033710;154 683 180;A01;1;7;0;2;2;15;1;
51356;202000033710;154 683 183;B01;1;1;0;2;1;2;5;
51357;202000033711;154 683 179;A01;1;7;0;1;1;1;1;
51358;202000033712;154 683 177;A01;2;7;0;2;4;4;1;
51359;202000033712;154 683 178;B01;1;7;0;0;2;1;1;
51360;202000033713;154 683 176;A01;1;7;8;0;1;1;1;
51361;202000033714;154 683 174;A01;2;7;0;2;7;19;1;
51362;202000033714;154 683 175;B01;1;7;0;2;1;1;0;
51363;202000033715;154 683 173;A01;2;7;2;0;1;9;1;
51364;202000033716;154 683 171;A01;1;2;0;2;1;26;1;
51365;202000033716;154 683 172;B01;3;7;0;2;0;26;1;
51366;202000033717;154 683 169;B01;1;7;0;2;1;1;1;
51367;202000033717;154 683 170;Z01;1;7;0;2;1;1;0;
51368;202000033718;154 683 168;A01;1;7;3;0;2;1;1;
51369;202000033719;154 683 166;B01;1;7;0;2;4;23;1;
51370;202000033719;154 683 167;A01;1;7;0;2;1;2;1;
51371;202000033720;154 683 165;A01;0;31;1;0;1;1;1;
51372;202000033721;154 683 164;A01;1;2;0;0;0;1;1;
51373;202000033723;154 683 161;A01;1;32;0;0;0;2;1;
51374;202000033724;154 683 159;B01;1;7;0;0;4;2;1;
51375;202000033724;154 683 160;A01;1;10;0;2;1;2;1;
51376;202000033725;154 683 157;A01;0;10;0;4;7;19;1;
51377;202000033725;154 683 158;B01;0;40;0;2;1;1;3;
51378;202000033726;154 683 155;A01;1;7;0;1;8;26;1;
51379;202000033729;154 683 154;A01;1;7;0;1;2;1;2;
51380;202000033731;154 683 150;B01;-1;32;0;2;4;11;1;
51381;202000033731;154 683 152;A01;-1;7;0;2;2;1;1;
51382;202000033733;154 683 146;A01;2;10;0;2;7;16;1;
51383;202000033733;154 683 147;B01;2;1;0;2;1;1;5;
51384;202000033734;154 683 144;B01;1;7;0;9;2;1;0;
51385;202000033734;154 683 145;A01;3;32;0;2;0;0;0;
51386;202000033735;154 683 141;C01;0;7;0;0;4;1;0;
51387;202000033735;154 683 142;A01;0;7;0;2;1;1;0;
51388;202000033735;154 683 143;B01;0;7;0;2;1;1;0;
51389;202000033736;154 683 139;A01;2;7;0;1;1;15;1;
51390;202000033737;154 683 138;B01;1;7;0;2;4;2;0;
51391;202000033737;154 683 140;A01;1;7;0;2;1;26;0;
51392;202000033738;154 683 136;A01;3;7;0;2;4;1;2;
51393;202000033738;154 683 137;Z01;3;7;0;2;1;1;1;
51394;202000033739;154 683 135;A01;3;7;1;0;2;14;0;
51395;202000033740;154 683 133;A01;3;2;13;0;1;1;1;
51396;202000033741;154 683 134;A01;1;1;0;1;1;1;5;
51397;202000033742;154 683 130;A01;2;33;11;2;1;1;1;
51398;202000033742;154 683 131;B01;2;31;0;2;4;1;1;
51399;202000033743;154 683 129;B01;1;33;0;2;1;1;1;
51400;202000033743;154 683 132;A01;2;2;0;2;7;15;1;
51401;202000033744;154 683 127;A01;2;7;0;2;2;15;1;
51402;202000033744;154 683 128;B01;2;1;0;2;1;1;5;
51403;202000033745;154 683 125;B01;0;33;13;0;2;1;0;
51404;202000033745;154 683 126;A01;0;21;0;0;0;1;0;
51405;202000033746;154 683 124;A01;2;1;0;0;8;1;5;
51406;202000033747;154 683 123;A01;2;7;4;0;1;1;1;
51407;202000033748;154 683 121;B01;2;7;0;2;1;0;0;
51408;202000033748;154 683 122;A01;1;7;0;2;7;13;0;
51409;202000033749;154 683 120;A01;2;1;0;1;1;1;5;
51410;202000033750;154 683 117;A01;2;7;0;2;7;15;1;
51411;202000033750;154 683 118;B01;2;7;0;2;3;1;3;
51412;202000033751;154 683 115;B01;0;33;0;0;1;1;1;
51413;202000033751;154 683 116;A01;0;33;0;0;1;1;0;
51414;202000033753;154 683 112;B01;1;7;0;2;5;23;1;
51415;202000033753;154 683 114;A01;1;32;0;2;1;1;1;
51416;202000033754;154 683 110;B01;2;7;0;2;3;1;3;
51417;202000033754;154 683 111;A01;1;32;0;2;7;15;1;
51418;202000033755;154 683 108;A01;2;7;0;2;2;16;1;
51419;202000033755;154 683 109;B01;2;1;0;2;0;1;5;
51420;202000033756;154 683 106;A01;1;33;0;2;1;1;1;
51421;202000033756;154 683 107;B01;3;7;0;2;3;16;1;
51422;202000033757;154 683 104;B01;0;1;1;0;0;0;0;
51423;202000033757;154 683 105;A01;3;3;0;2;0;0;1;
51424;202000033758;154 683 103;A01;3;7;8;0;1;9;1;
51425;202000033759;154 683 102;A01;1;7;8;0;1;14;1;
51426;202000033761;154 683 097;A01;3;50;14;0;1;1;3;
51427;202000033761;154 683 098;B01;3;10;0;2;3;1;1;
51428;202000033763;154 683 094;A01;1;7;0;1;2;9;1;
51429;202000033764;154 683 091;A01;2;7;0;2;1;1;1;
51430;202000033764;154 683 092;B01;2;7;0;2;1;1;1;
51431;202000033764;154 683 093;C01;2;7;0;0;4;1;1;
51432;202000033765;154 683 090;A01;1;7;0;1;3;16;1;
51433;202000033766;154 683 088;A01;1;7;0;9;2;1;1;
51434;202000033766;154 683 089;B01;1;1;0;2;3;1;5;
51435;202000033768;154 683 084;A01;0;34;0;2;3;21;0;
51436;202000033768;154 683 085;B01;0;7;0;2;3;20;0;
51437;202000033769;154 683 083;A01;1;7;1;1;1;16;0;
51438;202000033770;154 683 082;A01;1;7;0;1;1;15;1;
51439;202000033771;154 683 080;B01;2;33;0;2;1;2;1;
51440;202000033771;154 683 081;A01;2;7;1;0;3;20;1;
51441;202000033772;154 683 078;B01;1;7;0;2;0;0;0;
51442;202000033772;154 683 079;A01;1;80;0;2;4;2;3;
51443;202000033773;154 683 077;A01;1;7;0;1;2;15;1;
51444;202000033775;154 683 073;B01;1;34;0;2;2;1;1;
51445;202000033775;154 683 074;A01;1;10;0;2;3;15;1;
51446;202000033776;154 683 072;A01;1;10;0;1;1;1;1;
51447;202000033777;154 683 071;A01;1;7;0;1;3;1;1;
51448;202000033778;154 683 070;A01;1;7;0;1;1;15;1;
51449;202000033779;154 683 068;B01;2;7;0;2;1;15;1;
51450;202000033779;154 683 069;A01;2;7;6;2;2;1;1;
51451;202000033780;154 683 067;A01;2;7;15;0;3;13;1;
51452;202000033781;154 683 065;A01;2;38;0;9;1;9;1;1.0
51453;202000033781;154 683 066;B01;2;1;0;0;7;1;5;
51454;202000033782;154 683 063;B01;1;7;0;2;1;1;1;
51455;202000033782;154 683 064;A01;1;7;3;2;4;1;1;
51456;202000033783;154 683 062;A01;1;36;13;0;3;1;1;
51457;202000033784;154 683 060;A01;2;7;0;2;1;13;1;
51458;202000033784;154 683 061;B01;1;7;0;2;3;1;1;
51459;202000033785;154 683 059;A01;2;7;3;0;1;1;1;
51460;202000033786;154 683 058;A01;2;7;13;0;9;14;1;
51461;202000033787;154 683 057;A01;2;7;13;0;1;13;1;
51462;202000033788;154 683 056;A01;2;7;2;0;1;1;0;
51463;202000033789;154 683 054;A01;2;7;0;2;3;13;1;
51464;202000033789;154 683 055;B01;1;20;0;0;3;1;1;
51465;202000033790;154 683 053;A01;2;7;0;1;3;1;2;
51466;202000033791;154 683 052;A01;1;7;2;0;3;13;1;
51467;202000033792;154 683 050;A01;0;7;0;2;1;1;1;
51468;202000033792;154 683 051;B01;0;7;0;2;4;15;1;
51469;202000033793;154 683 049;A01;3;30;13;0;0;1;1;
51470;202000033794;154 683 048;A01;1;7;2;0;1;1;0;
51471;202000033795;154 683 046;B01;1;7;0;2;3;1;1;
51472;202000033795;154 683 047;A01;2;7;0;2;2;1;1;
51473;202000033796;154 683 045;A01;2;1;0;0;0;1;5;
51474;202000033797;154 683 044;A01;2;7;2;0;3;0;1;
51475;202000033799;154 683 042;A01;1;7;2;0;1;1;1;
51476;202000033800;154 683 041;A01;1;10;0;6;1;1;1;
51477;202000033801;154 683 039;A01;2;7;0;2;1;2;1;
51478;202000033801;154 683 040;B01;2;17;0;0;4;2;1;
51479;202000033802;154 683 034;A01;2;7;0;2;0;23;1;
51480;202000033802;154 683 035;B01;2;10;0;1;3;1;1;
51481;202000033802;154 683 036;C01;2;7;1;0;1;2;1;
51482;202000033803;154 683 033;A01;2;7;3;0;1;0;1;
51483;202000033804;154 683 030;A01;2;7;0;2;1;2;1;
51484;202000033804;154 683 031;B01;2;7;3;2;4;2;4;
51485;202000033804;154 683 032;C01;2;17;0;0;4;1;6;
51486;202000033806;154 683 027;A01;1;7;0;1;1;1;1;
51487;202000033807;154 683 026;A01;1;7;6;0;1;1;1;
51488;202000033808;154 683 024;A01;1;7;0;2;7;1;1;
51489;202000033808;154 683 025;B01;2;7;0;2;1;1;1;
51490;202000033809;154 683 022;A01;1;7;0;0;0;1;1;
51491;202000033809;154 683 023;B01;1;33;0;0;0;21;1;
51492;202000033810;154 683 020;A01;3;7;0;1;1;0;1;
51493;202000033810;154 683 021;B01;3;7;0;2;1;0;1;
51494;202000033811;154 683 019;A01;2;7;0;1;8;1;1;
51495;202000033812;154 683 015;A01;0;7;0;0;3;15;0;
51496;202000033812;154 683 016;B01;0;7;0;2;2;1;0;
51497;202000033813;154 683 012;B01;1;7;0;2;1;2;1;
51498;202000033813;154 683 013;A01;1;7;0;0;4;2;1;
51499;202000033814;154 683 010;B01;1;32;0;2;4;1;1;
51500;202000033814;154 683 011;Z01;1;7;0;2;1;1;1;
51501;202000033816;154 683 004;B01;1;7;0;2;6;2;1;
51502;202000033816;154 683 005;A01;1;7;0;2;1;2;1;
51503;202000033816;154 683 006;C01;1;7;0;2;4;1;1;
51504;202000033817;154 683 002;B01;1;7;0;2;4;2;1;
51505;202000033817;154 683 003;A01;1;7;0;2;1;2;1;
51506;202000033818;154 683 001;A01;2;33;0;0;3;3;1;
51507;202000033819;154 682 999;A01;2;7;0;2;2;2;1;
51508;202000033819;154 683 000;B01;2;7;0;2;2;2;2;
51509;202000033820;154 682 997;A01;1;7;0;2;2;15;1;
51510;202000033820;154 682 998;B01;1;14;0;2;1;1;1;
51511;202000033821;154 682 996;A01;2;7;4;0;2;26;1;
51512;202000033822;154 682 994;B01;2;33;1;2;8;1;1;
51513;202000033822;154 682 995;A01;2;7;0;2;7;26;1;
51514;202000033823;154 682 991;B01;2;7;0;2;9;0;1;
51515;202000033823;154 682 992;C01;2;7;0;2;4;0;1;
51516;202000033823;154 682 993;A01;2;7;0;2;1;26;1;
51517;202000033824;154 682 989;A01;1;7;0;2;1;2;1;
51518;202000033824;154 682 990;B01;1;7;0;2;4;2;1;
51519;202000033826;154 682 987;A01;1;17;0;0;2;9;1;
51520;202000033827;154 682 984;C01;1;7;0;2;6;2;1;
51521;202000033827;154 682 985;B01;1;7;0;2;5;2;1;
51522;202000033827;154 682 986;A01;1;7;0;2;3;2;1;
51523;202000033828;154 682 982;A01;2;15;0;2;1;1;1;
51524;202000033828;154 682 983;B01;2;7;0;2;4;11;1;
51525;202000033829;154 682 980;B01;2;7;0;2;3;1;1;
51526;202000033829;154 682 981;A01;1;15;0;2;3;1;1;
51527;202000033830;154 682 979;A01;3;7;11;0;1;16;1;
51528;202000033831;154 682 978;A01;3;32;0;0;2;0;0;
51529;202000033832;154 682 977;A01;1;33;8;0;0;1;1;
51530;202000033833;154 682 976;A01;1;30;0;1;8;17;1;
51531;202000033834;154 682 974;B01;1;7;0;0;4;23;1;
51532;202000033834;154 682 975;A01;1;7;0;2;1;9;1;
51533;202000033835;154 682 972;A01;1;10;0;2;3;15;1;
51534;202000033835;154 682 973;B01;2;7;0;2;8;1;1;
51535;202000033836;154 682 971;A01;3;7;0;1;1;13;0;
51536;202000033837;154 682 970;A01;1;30;1;0;8;13;1;
51537;202000033838;154 682 969;A01;1;7;0;1;2;1;1;
51538;202000033839;154 682 967;A01;1;14;0;1;8;1;1;
51539;202000033840;154 682 966;A01;1;7;13;0;1;14;1;
51540;202000033841;154 682 964;B01;0;7;0;2;6;1;1;
51541;202000033841;154 682 965;A01;0;7;0;2;2;14;3;
51542;202000033842;154 682 962;B01;0;15;0;2;7;15;6;
51543;202000033842;154 682 963;A01;0;15;0;2;1;9;1;
51544;202000033843;154 682 960;A01;0;7;0;2;7;15;1;
51545;202000033843;154 682 961;B01;0;7;0;2;1;1;1;
51546;202000033844;154 682 958;A01;0;7;0;2;1;1;1;
51547;202000033844;154 682 959;B01;0;7;0;2;4;23;1;
51548;202000033845;154 682 956;A01;3;7;0;1;3;9;1;
51549;202000033846;154 682 955;A01;3;7;9;0;1;1;1;
51550;202000033847;154 682 954;A01;3;7;0;1;1;1;1;
51551;202000033848;154 682 953;A01;1;7;1;1;3;13;1;
51552;202000033850;154 682 949;A01;1;7;1;1;8;4;1;
51553;202000033851;154 682 947;B01;3;7;0;2;3;1;1;
51554;202000033851;154 682 948;A01;3;30;0;2;8;15;1;
51555;202000033852;154 682 945;Z01;0;0;0;0;0;0;0;
51556;202000033852;154 682 946;B01;1;50;0;2;7;0;3;
51557;202000033853;154 682 944;A01;3;7;0;1;0;0;6;
51558;202000033854;154 682 942;A01;2;7;0;2;1;9;1;
51559;202000033854;154 682 943;B01;1;1;0;2;7;1;5;
51560;202000033855;154 682 940;A01;1;7;0;2;1;2;1;
51561;202000033855;154 682 941;B01;1;7;0;1;4;2;1;
51562;202000033856;154 682 938;B01;2;1;0;2;8;19;5;
51563;202000033856;154 682 939;A01;2;7;0;2;1;15;1;
51564;202000033857;154 682 937;A01;1;7;0;1;1;1;1;
51565;202000033858;154 682 935;A01;2;10;0;2;1;17;1;
51566;202000033858;154 682 936;B01;1;10;0;2;2;23;1;
51567;202000033859;154 682 933;B01;0;30;0;2;1;1;1;
51568;202000033859;154 682 934;A01;1;7;0;2;3;1;1;
51569;202000033860;154 682 932;A01;1;7;4;0;3;1;0;
51570;202000033861;154 682 930;B01;3;7;0;2;1;1;1;
51571;202000033861;154 682 931;A01;3;7;0;2;2;16;1;
51572;202000033862;154 682 928;A01;3;7;0;2;1;9;1;
51573;202000033862;154 682 929;B01;3;1;0;2;7;15;5;
51574;202000033863;154 682 926;A01;2;7;1;0;1;1;1;
51575;202000033863;154 682 927;B01;2;13;0;2;6;0;1;
51576;202000033865;154 682 920;D01;1;7;0;2;6;2;1;
51577;202000033865;154 682 921;C01;1;7;0;2;4;2;1;
51578;202000033865;154 682 922;B01;1;7;0;2;4;2;1;
51579;202000033865;154 682 923;A01;1;38;0;2;1;1;1;1.0
51580;202000033866;154 682 918;A01;1;34;0;2;1;1;1;
51581;202000033866;154 682 919;B01;2;7;0;2;5;16;1;
51582;202000033867;154 682 916;A01;1;7;0;2;2;19;1;
51583;202000033867;154 682 917;B01;1;33;0;2;1;1;1;
51584;202000033868;154 682 915;A01;3;33;0;1;3;2;1;
51585;202000033869;154 682 914;A01;2;7;0;1;1;15;1;
51586;202000033870;154 682 912;Z01;1;0;0;2;3;13;1;
51587;202000033870;154 682 913;B01;1;10;0;2;3;1;1;
51588;202000033871;154 682 910;B01;1;7;0;2;1;1;1;
51589;202000033871;154 682 911;A01;2;7;0;2;8;15;1;
51590;202000033872;154 682 908;A01;0;7;0;2;2;15;1;
51591;202000033872;154 682 909;B01;0;7;0;2;1;1;1;
51592;202000033873;154 682 905;A01;3;7;0;9;2;15;1;
51593;202000033873;154 682 906;B01;3;1;0;2;2;1;0;
51594;202000033874;154 682 903;B01;2;7;14;0;1;2;1;
51595;202000033874;154 682 904;A01;2;10;13;0;9;14;1;
51596;202000033875;154 682 902;A01;1;1;0;1;1;1;5;
51597;202000033876;154 682 900;A01;1;1;0;2;1;13;5;
51598;202000033876;154 682 901;B01;2;7;0;2;1;1;1;
51599;202000033877;154 682 898;B01;1;32;0;2;7;1;1;
51600;202000033877;154 682 899;A01;1;7;0;2;8;11;1;
51601;202000033878;154 682 897;A01;2;32;0;1;2;17;1;
51602;202000033879;154 682 895;B01;1;7;0;2;3;9;1;
51603;202000033879;154 682 896;A01;2;32;0;2;1;17;1;
51604;202000033880;154 682 894;Z01;1;30;0;1;1;1;0;
51605;202000033881;154 682 893;A01;2;50;0;1;1;1;3;
51606;202000033882;154 682 891;A01;1;33;0;2;8;1;1;
51607;202000033882;154 682 892;B01;1;1;0;2;7;15;5;
51608;202000033883;154 682 889;B01;2;7;0;2;2;1;1;
51609;202000033883;154 682 890;A01;1;3;0;2;1;1;1;
51610;202000033884;154 682 887;B01;1;1;0;2;1;1;5;
51611;202000033884;154 682 888;A01;2;7;0;2;2;1;1;
51612;202000033885;154 682 885;A01;1;50;0;2;1;1;3;
51613;202000033885;154 682 886;B01;1;7;0;2;3;1;1;
51614;202000033886;154 682 883;A01;2;1;0;2;0;1;5;
51615;202000033886;154 682 884;B01;2;7;0;2;8;22;1;
51616;202000033887;154 682 881;A01;1;30;0;2;2;1;3;
51617;202000033887;154 682 882;B01;1;7;0;2;3;15;1;
51618;202000033888;154 682 879;B01;2;1;0;2;1;15;5;
51619;202000033888;154 682 880;A01;1;31;0;2;1;17;1;
51620;202000033889;154 682 877;A01;1;7;0;2;2;15;1;
51621;202000033889;154 682 878;B01;2;30;0;2;1;8;1;
51622;202000033890;154 682 875;B01;1;7;0;2;1;15;3;
51623;202000033890;154 682 876;A01;2;30;0;2;2;1;1;
51624;202000033891;154 682 873;B01;1;7;0;2;2;1;1;
51625;202000033891;154 682 874;A01;1;80;0;2;8;13;3;
51626;202000033892;154 682 871;A01;1;7;0;2;3;9;1;
51627;202000033892;154 682 872;B01;1;32;0;2;1;1;1;
51628;202000033893;154 682 869;B01;2;7;0;2;3;1;2;
51629;202000033893;154 682 870;A01;2;1;0;2;7;14;5;
51630;202000033894;154 682 868;A01;1;31;0;1;1;1;1;
51631;202000033895;154 682 867;A01;2;1;0;1;1;7;5;
51632;202000033896;154 682 865;Z01;1;7;0;2;3;1;0;
51633;202000033896;154 682 866;A01;2;1;0;2;3;1;5;
51634;202000033897;154 682 864;A01;2;30;0;0;8;1;3;
51635;202000033898;154 682 862;A01;3;7;0;2;3;15;1;
51636;202000033898;154 682 863;B01;3;32;0;2;7;1;1;
51637;202000033899;154 682 860;A01;1;33;0;2;8;1;1;
51638;202000033899;154 682 861;Z01;1;7;0;2;7;12;0;
51639;202000033900;154 682 859;A01;1;32;0;1;1;1;1;
51640;202000033901;154 682 857;A01;3;30;0;2;1;26;1;
51641;202000033901;154 682 858;B01;1;37;0;2;6;23;1;1.0
51642;202000033902;154 682 855;B01;2;60;0;0;0;25;5;
51643;202000033902;154 682 856;A01;3;30;0;2;0;25;1;
51644;202000033903;154 682 853;B01;2;32;0;2;3;1;0;
51645;202000033903;154 682 854;A01;1;7;0;2;3;15;0;
51646;202000033904;154 682 851;B01;2;34;0;2;4;23;1;
51647;202000033904;154 682 852;A01;2;37;0;2;1;26;1;1.0
51648;202000033905;154 682 849;B01;2;7;0;2;1;1;1;
51649;202000033905;154 682 850;A01;1;7;0;2;3;13;1;
51650;202000033907;154 682 844;A01;2;32;0;2;1;1;1;
51651;202000033907;154 682 845;B01;1;7;0;2;8;15;1;
51652;202000033908;154 682 842;A01;2;7;0;2;1;1;1;
51653;202000033908;154 682 843;B01;1;7;0;2;0;0;1;
51654;202000033909;154 682 841;A01;1;38;8;1;3;26;1;1.0
51655;202000033910;154 682 839;B01;1;7;0;2;3;2;1;
51656;202000033910;154 682 840;Z01;1;7;1;2;3;0;0;
51657;202000033911;154 682 837;B01;1;7;1;2;6;24;1;
51658;202000033911;154 682 838;A01;1;7;0;2;2;14;1;
51659;202000033912;154 682 835;A01;2;7;0;2;8;0;1;
51660;202000033912;154 682 836;B01;2;32;0;2;1;3;1;
51661;202000033913;154 682 833;B01;1;7;0;2;1;1;1;
51662;202000033913;154 682 834;A01;1;7;0;2;6;15;1;
51663;202000033914;154 682 832;A01;1;7;16;0;0;1;1;
51664;202000033915;154 682 830;A01;2;17;0;0;4;1;1;
51665;202000033915;154 682 831;B01;2;7;0;2;1;0;1;
51666;202000033916;154 682 829;A01;2;7;3;0;3;26;1;
51667;202000033917;154 682 828;A01;3;2;0;0;7;1;1;
51668;202000033918;154 682 826;A01;3;7;0;9;2;2;1;
51669;202000033918;154 682 827;B01;3;1;0;2;4;2;5;
51670;202000033919;154 682 824;A01;3;7;0;1;2;1;0;
51671;202000033921;154 682 820;A01;1;7;13;0;1;19;0;
51672;202000033922;154 682 819;A01;2;7;13;0;9;13;1;
51673;202000033923;154 682 817;A01;2;33;0;2;1;1;1;
51674;202000033923;154 682 818;B01;3;7;0;2;3;19;1;
51675;202000033924;154 682 816;A01;3;10;0;1;3;1;1;
51676;202000033925;154 682 814;A01;3;7;0;2;7;19;1;
51677;202000033925;154 682 815;B01;1;7;0;0;1;1;1;
51678;202000033926;154 682 812;B01;1;14;0;2;3;1;1;
51679;202000033926;154 682 813;A01;2;7;0;2;3;1;1;
51680;202000033927;154 682 811;A01;1;7;1;0;2;1;1;
51681;202000033928;154 682 809;A01;2;7;0;2;3;0;1;
51682;202000033928;154 682 810;B01;1;7;0;2;3;13;1;
51683;202000033930;154 682 807;A01;2;33;4;0;1;1;1;
51684;202000033931;154 682 806;A01;3;7;0;1;3;15;0;
51685;202000033933;154 682 803;B01;2;7;0;0;3;0;1;
51686;202000033933;154 682 804;A01;2;2;0;0;4;2;1;
51687;202000033934;154 682 800;A01;0;2;13;0;1;1;1;
51688;202000033935;154 682 798;B01;2;7;0;2;1;1;1;
51689;202000033935;154 682 799;A01;1;7;0;2;1;13;1;
51690;202000033936;154 682 796;B01;-1;7;0;2;2;1;1;
51691;202000033936;154 682 797;A01;-1;7;0;0;3;15;1;
51692;202000033937;154 682 792;B01;2;10;0;2;1;1;1;
51693;202000033937;154 682 793;A01;2;7;0;2;1;13;1;
51694;202000033938;154 682 790;B01;1;7;0;2;5;15;1;
51695;202000033938;154 682 791;A01;2;7;0;2;1;1;1;
51696;202000033939;154 682 789;A01;2;7;6;0;2;1;1;
51697;202000033940;154 682 787;A01;1;7;0;2;3;1;1;
51698;202000033940;154 682 788;B01;2;7;0;2;3;1;1;
51699;202000033941;154 682 785;A01;0;7;0;2;8;15;6;
51700;202000033941;154 682 786;B01;1;33;0;2;1;1;6;
51701;202000033943;154 682 782;A01;1;10;6;0;1;1;1;
51702;202000033944;154 682 780;A01;0;7;0;2;3;19;1;
51703;202000033944;154 682 781;B01;0;7;0;2;2;1;1;
51704;202000033945;154 682 779;A01;1;7;13;0;0;0;1;
51705;202000033946;154 682 778;A01;2;7;13;0;3;1;1;
51706;202000033947;154 682 775;B01;2;17;0;2;3;1;1;
51707;202000033947;154 682 776;C01;1;7;0;2;0;1;1;
51708;202000033947;154 682 777;A01;2;7;0;2;6;15;1;
51709;202000033948;154 682 772;A01;1;7;0;2;1;1;1;
51710;202000033948;154 682 773;B01;1;7;0;2;2;1;1;
51711;202000033948;154 682 774;C01;1;7;0;0;4;1;1;
51712;202000033949;154 682 770;A01;1;7;0;2;1;2;1;
51713;202000033949;154 682 771;B01;1;13;0;2;4;1;1;
51714;202000033950;154 682 766;B01;1;7;3;2;1;2;0;
51715;202000033950;154 682 767;A01;1;7;0;0;4;2;0;
51716;202000033950;154 682 768;C01;1;7;0;2;1;2;0;
51717;202000033950;154 682 769;D01;1;33;0;2;1;2;0;
51718;202000033951;154 682 765;A01;1;7;0;1;1;1;0;
51719;202000033953;154 682 761;A01;1;7;0;0;2;1;0;
51720;202000033953;154 682 762;B01;1;1;0;2;4;0;5;
51721;202000033954;154 682 760;A01;2;7;6;0;1;0;1;
51722;202000033955;154 682 758;B01;1;7;0;2;3;1;1;
51723;202000033955;154 682 759;A01;2;7;0;2;3;1;1;
51724;202000033956;154 682 756;A01;1;7;0;2;2;19;1;
51725;202000033956;154 682 757;B01;2;2;0;2;1;8;1;
51726;202000033957;154 682 755;A01;3;7;0;1;1;1;1;
51727;202000033958;154 682 754;A01;2;2;0;0;0;0;1;
51728;202000033959;154 682 752;A01;1;7;0;2;3;10;1;
51729;202000033959;154 682 753;B01;1;34;0;2;2;17;1;
51730;202000033960;154 682 750;B01;2;7;0;2;1;1;1;
51731;202000033960;154 682 751;A01;3;7;7;0;6;19;1;
51732;202000033961;154 682 749;A01;1;20;3;0;3;1;1;