;Num_Acc;id_vehicule;num_veh;senc;catv;obs;obsm;choc;manv;motor;occutc
51733;202000033962;154 682 748;A01;1;33;0;0;9;26;1;
51734;202000033963;154 682 746;A01;2;7;0;2;4;1;1;
51735;202000033963;154 682 747;B01;2;7;0;0;0;0;1;
51736;202000033964;154 682 744;B01;2;7;0;2;5;1;1;
51737;202000033964;154 682 745;A01;2;33;0;2;1;2;1;
51738;202000033966;154 682 742;A01;1;7;2;0;1;2;1;
51739;202000033967;154 682 740;A01;1;7;0;2;1;2;1;
51740;202000033967;154 682 741;B01;1;7;0;2;4;2;1;
51741;202000033968;154 682 737;B01;1;7;0;2;4;2;1;
51742;202000033968;154 682 738;A01;1;15;0;2;6;1;1;
51743;202000033968;154 682 739;C01;1;15;0;2;1;2;1;
51744;202000033969;154 682 736;A01;2;10;3;0;3;1;1;
51745;202000033970;154 682 735;A01;2;32;0;2;7;3;1;
51746;202000033971;154 682 733;A01;1;7;0;0;4;2;1;
51747;202000033971;154 682 734;B01;1;7;0;2;1;2;1;
51748;202000033972;154 682 730;C01;2;10;0;2;4;1;1;
51749;202000033972;154 682 731;B01;2;7;0;2;9;1;1;
51750;202000033972;154 682 732;A01;2;7;0;2;1;1;1;
51751;202000033973;154 682 728;A01;2;7;0;2;4;1;1;
51752;202000033973;154 682 729;B01;2;33;0;2;1;3;1;
51753;202000033974;154 682 727;A01;2;7;4;0;1;1;1;
51754;202000033975;154 682 726;A01;1;7;3;0;2;13;1;
51755;202000033976;154 682 725;A01;2;7;15;0;9;1;1;
51756;202000033977;154 682 723;A01;3;7;0;2;1;2;1;
51757;202000033977;154 682 724;B01;3;7;0;2;4;2;1;
51758;202000033978;154 682 721;A01;2;33;16;2;1;5;1;
51759;202000033978;154 682 722;B01;1;99;16;2;1;1;1;
51760;202000033979;154 682 720;A01;1;7;0;1;1;1;1;
51761;202000033980;154 682 719;A01;3;7;4;0;9;1;1;
51762;202000033981;154 682 718;A01;1;30;0;1;0;26;0;
51763;202000033982;154 682 717;A01;1;7;0;1;2;13;0;
51764;202000033983;154 682 716;A01;2;33;0;0;0;26;0;
51765;202000033984;154 682 715;A01;2;30;0;0;7;1;1;
51766;202000033985;154 682 713;A01;1;7;1;0;1;14;1;
51767;202000033985;154 682 714;B01;1;10;0;2;6;0;1;
51768;202000033986;154 682 711;B01;2;31;0;2;7;0;1;
51769;202000033986;154 682 712;A01;1;7;0;2;1;10;1;
51770;202000033987;154 682 710;A01;1;7;0;1;2;26;1;
51771;202000033988;154 682 708;B01;1;7;0;2;4;26;1;
51772;202000033988;154 682 709;A01;1;7;0;2;1;26;1;
51773;202000033989;154 682 707;A01;1;7;0;1;1;1;1;
51774;202000033990;154 682 705;A01;2;7;0;2;7;15;1;
51775;202000033990;154 682 706;B01;1;33;0;2;1;1;1;
51776;202000033991;154 682 704;A01;2;7;0;1;1;1;1;
51777;202000033992;154 682 696;A01;1;7;6;0;7;13;1;
51778;202000033993;154 682 693;B01;0;7;0;2;4;15;1;
51779;202000033993;154 682 694;A01;0;50;0;2;1;1;3;
51780;202000033994;154 682 689;B01;3;7;0;2;7;1;1;
51781;202000033994;154 682 690;A01;3;7;0;2;1;6;1;
51782;202000033995;154 682 687;B01;2;7;0;2;0;0;1;
51783;202000033995;154 682 688;A01;1;7;0;2;1;26;1;
51784;202000033996;154 682 686;A01;2;2;0;1;1;1;1;
51785;202000033997;154 682 684;B01;1;1;0;2;1;1;5;
51786;202000033997;154 682 685;A01;2;7;0;2;7;15;1;
51787;202000033998;154 682 683;A01;1;10;0;1;2;1;0;
51788;202000033999;154 682 682;A01;2;14;0;1;1;2;0;
51789;202000034000;154 682 681;A01;1;10;0;1;1;1;1;
51790;202000034001;154 682 679;A01;0;7;0;2;0;0;0;
51791;202000034001;154 682 680;B01;1;1;0;2;1;19;5;
51792;202000034002;154 682 677;A01;1;10;1;0;3;15;1;
51793;202000034002;154 682 678;B01;3;99;0;1;1;0;6;
51794;202000034003;154 682 675;B01;3;7;0;2;3;15;1;
51795;202000034003;154 682 676;A01;3;30;0;2;1;1;1;
51796;202000034004;154 682 673;A01;1;3;0;2;3;15;1;
51797;202000034004;154 682 674;B01;3;1;0;2;4;1;5;
51798;202000034005;154 682 671;A01;2;7;0;2;2;26;1;
51799;202000034005;154 682 672;B01;2;7;0;2;1;1;1;
51800;202000034006;154 682 670;A01;1;7;0;1;3;15;1;
51801;202000034007;154 682 668;A01;1;7;0;2;3;10;1;
51802;202000034007;154 682 669;B01;1;7;0;2;2;1;1;
51803;202000034008;154 682 666;B01;1;7;0;2;3;1;1;
51804;202000034008;154 682 667;A01;1;33;0;2;2;2;1;
51805;202000034009;154 682 665;A01;1;7;2;0;1;16;1;
51806;202000034010;154 682 663;A01;1;10;0;2;1;1;1;
51807;202000034010;154 682 664;B01;1;10;0;2;5;1;1;
51808;202000034011;154 682 662;A01;2;7;0;1;3;11;1;
51809;202000034012;154 682 660;B01;3;7;9;2;3;2;1;
51810;202000034012;154 682 661;A01;3;7;0;2;3;15;1;
51811;202000034013;154 682 659;A01;0;7;0;1;1;1;1;
51812;202000034014;154 682 657;A01;3;3;0;2;1;0;1;
51813;202000034014;154 682 658;B01;3;7;0;2;1;1;1;
51814;202000034015;154 682 653;B01;3;1;0;2;1;1;5;
51815;202000034015;154 682 654;A01;3;7;0;2;3;15;1;
51816;202000034016;154 682 651;A01;1;7;0;2;1;15;1;
51817;202000034016;154 682 652;B01;2;30;0;2;1;1;1;
51818;202000034017;154 682 649;B01;1;1;0;2;1;1;5;
51819;202000034017;154 682 650;A01;2;7;0;2;1;15;1;
51820;202000034018;154 682 648;A01;2;33;0;1;1;1;1;
51821;202000034019;154 682 647;A01;2;7;4;0;1;14;1;
51822;202000034020;154 682 643;A01;2;7;0;2;1;2;1;
51823;202000034020;154 682 644;B01;2;10;0;1;2;23;1;
51824;202000034021;154 682 641;B01;1;7;0;2;1;0;1;
51825;202000034021;154 682 642;A01;1;7;0;2;3;0;1;
51826;202000034022;154 682 639;A01;3;30;0;2;1;1;3;
51827;202000034022;154 682 640;B01;3;7;0;9;4;23;1;
51828;202000034023;154 682 637;A01;1;10;0;2;3;13;1;
51829;202000034023;154 682 638;B01;2;1;0;2;1;1;5;
51830;202000034024;154 682 636;A01;1;7;0;1;1;9;5;
51831;202000034025;154 682 634;A01;3;7;0;2;1;1;6;
51832;202000034025;154 682 635;B01;3;7;0;2;7;1;6;
51833;202000034026;154 682 632;B01;3;1;0;2;1;1;5;
51834;202000034026;154 682 633;A01;3;7;0;2;2;1;1;
51835;202000034027;154 682 631;A01;0;7;0;1;3;19;1;
51836;202000034029;154 682 627;A01;0;7;0;2;1;2;1;
51837;202000034029;154 682 628;B01;0;1;0;2;3;15;5;
51838;202000034030;154 682 625;A01;0;80;0;2;8;16;2;
51839;202000034030;154 682 626;B01;0;14;0;2;7;16;1;
51840;202000034031;154 682 623;A01;2;7;0;2;3;13;1;
51841;202000034031;154 682 624;B01;1;33;0;2;1;2;1;
51842;202000034032;154 682 621;A01;1;7;0;2;3;15;0;
51843;202000034032;154 682 622;B01;2;33;0;2;1;2;0;
51844;202000034033;154 682 620;A01;1;7;0;1;1;1;1;
51845;202000034034;154 682 618;A01;0;2;0;2;2;0;1;
51846;202000034034;154 682 619;[01;0;7;0;2;0;0;-1;
51847;202000034035;154 682 616;A01;0;7;0;2;1;15;1;
51848;202000034035;154 682 617;B01;0;38;0;2;1;1;1;2.0
51849;202000034036;154 682 614;A01;1;7;0;2;1;9;1;
51850;202000034036;154 682 615;B01;2;1;0;2;8;1;5;
51851;202000034037;154 682 612;A01;1;7;0;2;2;1;1;
51852;202000034037;154 682 613;B01;1;99;0;2;4;1;1;
51853;202000034038;154 682 610;A01;2;7;0;2;5;1;1;
51854;202000034038;154 682 611;B01;2;15;0;2;3;11;1;
51855;202000034039;154 682 608;A01;2;7;0;2;2;16;1;
51856;202000034039;154 682 609;B01;2;34;0;2;2;1;1;
51857;202000034040;154 682 606;B01;2;7;0;0;4;24;1;
51858;202000034040;154 682 607;A01;1;7;0;1;2;19;1;
51859;202000034041;154 682 605;A01;1;7;7;0;3;16;1;
51860;202000034042;154 682 603;B01;3;7;0;2;8;15;1;
51861;202000034042;154 682 604;A01;3;7;0;2;1;1;1;
51862;202000034043;154 682 600;A01;2;7;0;1;2;19;1;
51863;202000034045;154 682 596;B01;3;1;0;2;1;0;5;
51864;202000034045;154 682 597;A01;3;7;0;2;1;26;0;
51865;202000034046;154 682 595;A01;3;1;0;1;1;1;5;
51866;202000034047;154 682 592;A01;1;7;0;2;1;2;1;
51867;202000034047;154 682 593;B01;1;7;0;2;4;2;1;
51868;202000034047;154 682 594;C01;1;7;0;2;4;2;1;
51869;202000034048;154 682 588;B01;2;7;0;2;3;1;1;
51870;202000034048;154 682 589;A01;1;34;0;2;3;17;1;
51871;202000034049;154 682 586;B01;1;10;0;2;6;2;1;
51872;202000034049;154 682 587;A01;1;7;0;2;1;1;1;
51873;202000034050;154 682 585;A01;2;7;0;1;1;1;1;
51874;202000034053;154 682 578;B01;3;7;0;2;4;2;1;
51875;202000034053;154 682 579;A01;3;7;0;2;1;2;1;
51876;202000034054;154 682 577;A01;1;7;0;0;1;1;1;
51877;202000034055;154 682 573;C01;1;14;0;2;8;1;1;
51878;202000034055;154 682 574;D01;1;7;0;2;6;1;1;
51879;202000034055;154 682 575;A01;2;33;0;2;8;17;1;
51880;202000034055;154 682 576;B01;2;33;0;2;1;17;1;
51881;202000034057;154 682 569;T01;3;7;0;0;0;0;1;
51882;202000034057;154 682 570;A01;3;30;0;0;0;19;1;
51883;202000034058;154 682 568;A01;1;30;0;0;7;2;1;
51884;202000034059;154 682 567;A01;1;30;0;0;7;1;1;
51885;202000034060;154 682 565;B01;1;7;0;2;8;1;1;
51886;202000034060;154 682 566;A01;1;2;0;2;1;9;1;
51887;202000034061;154 682 563;A01;3;7;0;2;1;1;6;
51888;202000034061;154 682 564;B01;3;7;0;2;8;1;0;
51889;202000034062;154 682 561;B01;1;10;0;2;5;2;1;
51890;202000034062;154 682 562;A01;1;32;0;2;8;2;1;
51891;202000034063;154 682 559;A01;3;7;1;2;8;19;1;
51892;202000034063;154 682 560;B01;2;7;0;2;1;1;1;
51893;202000034064;154 682 558;A01;2;7;3;0;8;1;1;
51894;202000034065;154 682 557;A01;1;7;1;2;1;2;1;
51895;202000034066;154 682 555;B01;1;7;0;0;6;2;1;
51896;202000034066;154 682 556;A01;1;7;0;2;5;2;1;
51897;202000034067;154 682 554;A01;1;7;3;0;1;1;1;
51898;202000034068;154 682 551;A01;3;32;0;0;0;16;1;
51899;202000034071;154 682 546;A01;2;7;0;2;1;1;1;
51900;202000034071;154 682 547;B01;2;1;0;2;8;15;5;
51901;202000034072;154 682 544;B01;0;7;0;0;2;24;1;
51902;202000034072;154 682 545;A01;0;7;1;0;2;13;1;
51903;202000034073;154 682 542;B01;3;33;0;0;8;1;1;
51904;202000034073;154 682 543;A01;3;7;0;2;3;15;1;
51905;202000034074;154 682 541;A01;3;7;0;1;1;20;1;
51906;202000034075;154 682 538;B01;2;7;0;2;3;1;1;
51907;202000034075;154 682 539;C01;2;7;0;2;8;1;1;
51908;202000034075;154 682 540;A01;1;10;0;2;3;13;1;
51909;202000034076;154 682 537;A01;1;7;6;0;3;1;1;
51910;202000034077;154 682 535;B01;2;33;0;2;1;1;1;
51911;202000034077;154 682 536;A01;1;7;0;2;7;15;1;
51912;202000034078;154 682 534;A01;2;33;0;0;8;1;1;
51913;202000034079;154 682 532;B01;1;7;4;0;8;1;1;
51914;202000034079;154 682 533;A01;1;7;13;2;3;2;1;
51915;202000034080;154 682 531;A01;1;7;0;0;9;1;1;
51916;202000034081;154 682 530;A01;1;7;1;0;2;14;0;
51917;202000034082;154 682 528;B01;1;13;0;2;1;1;1;
51918;202000034082;154 682 529;A01;3;7;0;2;8;1;1;
51919;202000034083;154 682 527;A01;1;33;13;6;0;1;1;
51920;202000034084;154 682 525;A01;3;7;0;2;1;1;1;
51921;202000034084;154 682 526;B01;3;1;0;2;8;1;5;
51922;202000034085;154 682 524;A01;1;34;13;0;1;1;1;
51923;202000034086;154 682 523;A01;2;7;2;0;1;14;1;
51924;202000034087;154 682 520;A01;1;7;0;2;1;12;1;
51925;202000034087;154 682 521;B01;1;7;0;2;4;1;1;
51926;202000034087;154 682 522;C01;1;7;0;0;4;1;1;
51927;202000034088;154 682 518;B01;2;1;0;2;7;1;5;
51928;202000034088;154 682 519;A01;2;7;0;2;3;9;1;
51929;202000034091;154 682 515;A01;1;7;4;0;3;0;1;
51930;202000034092;154 682 513;B01;1;7;0;2;1;2;1;
51931;202000034092;154 682 514;A01;1;7;0;2;4;1;1;
51932;202000034093;154 682 512;A01;1;7;0;2;7;2;1;
51933;202000034094;154 682 510;B01;1;7;0;2;4;2;6;
51934;202000034094;154 682 511;A01;1;7;0;2;1;2;1;
51935;202000034095;154 682 508;A01;2;13;0;2;2;1;1;
51936;202000034095;154 682 509;B01;2;10;0;2;6;1;1;
51937;202000034096;154 682 506;A01;2;33;0;2;3;1;1;
51938;202000034096;154 682 507;Z01;2;10;0;2;0;0;1;
51939;202000034097;154 682 504;B01;3;30;0;2;1;1;1;
51940;202000034097;154 682 505;A01;3;7;0;2;3;15;0;
51941;202000034099;154 682 500;B01;3;7;0;2;5;2;1;
51942;202000034099;154 682 501;A01;3;7;0;2;1;2;1;
51943;202000034100;154 682 499;A01;1;7;0;1;1;15;1;
51944;202000034101;154 682 497;A01;3;7;0;2;2;17;1;
51945;202000034101;154 682 498;B01;3;1;0;2;4;0;5;
51946;202000034102;154 682 495;B01;1;2;0;2;5;1;1;
51947;202000034102;154 682 496;A01;1;7;0;2;3;9;1;
51948;202000034103;154 682 494;A01;0;7;0;1;0;0;0;
51949;202000034104;154 682 492;B01;1;7;0;2;2;0;1;
51950;202000034104;154 682 493;A01;1;80;0;2;1;2;3;
51951;202000034105;154 682 491;A01;1;1;0;0;0;1;5;
51952;202000034106;154 682 489;A01;1;60;0;2;1;1;5;
51953;202000034106;154 682 490;B01;1;10;0;2;7;1;1;
51954;202000034107;154 682 487;A01;2;7;0;2;1;1;1;
51955;202000034107;154 682 488;B01;2;7;0;9;4;1;1;
51956;202000034108;154 682 485;A01;0;7;0;2;8;20;1;
51957;202000034108;154 682 486;B01;3;33;0;2;1;1;1;
51958;202000034109;154 682 483;B01;1;33;0;2;0;1;0;
51959;202000034109;154 682 484;A01;2;7;0;2;7;15;1;
51960;202000034110;154 682 482;A01;2;10;8;0;1;13;1;
51961;202000034112;154 682 478;B01;3;32;0;2;7;1;1;
51962;202000034112;154 682 479;A01;3;33;0;2;1;19;1;
51963;202000034113;154 682 476;B01;3;7;15;2;3;1;1;
51964;202000034113;154 682 477;A01;3;7;0;2;3;5;0;
51965;202000034114;154 682 474;B01;3;7;0;0;0;0;1;
51966;202000034114;154 682 475;A01;2;7;0;0;1;9;1;
51967;202000034115;154 682 472;B01;1;7;0;2;1;1;1;
51968;202000034115;154 682 473;A01;1;33;0;2;7;9;1;
51969;202000034116;154 682 470;B01;3;7;0;2;2;1;0;
51970;202000034116;154 682 471;A01;3;7;0;2;3;9;0;
51971;202000034117;154 682 468;B01;1;7;0;2;2;1;1;
51972;202000034117;154 682 469;A01;1;7;0;2;6;10;1;
51973;202000034119;154 682 464;Z01;2;7;0;2;1;15;0;
51974;202000034119;154 682 465;A01;1;1;0;2;7;1;6;
51975;202000034120;154 682 462;A01;0;7;0;2;4;4;1;
51976;202000034120;154 682 463;B01;0;7;0;2;3;15;1;
51977;202000034121;154 682 460;B01;2;7;0;2;2;19;1;
51978;202000034121;154 682 461;A01;1;33;0;2;1;1;1;
51979;202000034122;154 682 458;A01;2;33;0;2;2;17;1;
51980;202000034122;154 682 459;B01;2;7;0;2;8;15;1;
51981;202000034123;154 682 456;A01;1;7;0;2;1;1;1;
51982;202000034123;154 682 457;B01;1;7;0;2;8;1;1;
51983;202000034124;154 682 454;A01;-1;7;0;2;5;17;1;
51984;202000034124;154 682 455;B01;-1;7;0;2;3;17;1;
51985;202000034125;154 682 452;B01;0;1;0;2;8;1;5;
51986;202000034125;154 682 453;A01;0;7;0;2;1;9;1;
51987;202000034126;154 682 450;B01;1;7;0;2;2;1;1;
51988;202000034126;154 682 451;A01;1;33;0;2;3;16;1;
51989;202000034127;154 682 448;B01;3;7;0;2;1;1;1;
51990;202000034127;154 682 449;A01;3;7;0;2;7;15;1;
51991;202000034129;154 682 444;B01;1;1;1;0;1;1;0;
51992;202000034129;154 682 445;A01;1;7;0;0;8;22;1;
51993;202000034130;154 682 443;A01;2;7;0;1;1;1;1;
51994;202000034131;154 682 441;A01;1;30;0;2;1;1;1;
51995;202000034131;154 682 442;B01;1;7;0;2;4;2;0;
51996;202000034132;154 682 439;B01;2;60;0;2;3;19;5;
51997;202000034132;154 682 440;A01;1;7;0;9;3;15;1;
51998;202000034133;154 682 437;B01;1;1;0;2;8;19;0;
51999;202000034133;154 682 438;A01;1;7;0;2;2;1;0;
52000;202000034134;154 682 435;A01;3;32;0;2;1;0;1;
52001;202000034134;154 682 436;B01;3;1;0;2;8;0;5;
52002;202000034135;154 682 433;A01;2;30;0;2;8;17;1;
52003;202000034135;154 682 434;B01;2;10;0;2;0;0;1;
52004;202000034136;154 682 431;A01;1;7;0;9;5;16;1;
52005;202000034136;154 682 432;Y01;0;1;0;0;0;0;5;
52006;202000034137;154 682 429;B01;0;32;0;2;1;1;0;
52007;202000034137;154 682 430;A01;0;7;0;2;1;26;1;
52008;202000034138;154 682 427;B01;1;7;0;2;5;2;1;
52009;202000034138;154 682 428;A01;1;7;0;2;1;2;1;
52010;202000034139;154 682 425;B01;1;1;0;2;1;1;5;
52011;202000034139;154 682 426;A01;1;7;0;9;8;9;1;
52012;202000034140;154 682 423;A01;3;2;14;2;2;2;1;
52013;202000034140;154 682 424;B01;3;7;0;2;6;2;0;
52014;202000034141;154 682 422;A01;0;7;0;1;1;1;1;
52015;202000034142;154 682 421;A01;0;30;0;1;1;1;1;
52016;202000034143;154 682 420;A01;1;31;0;0;0;1;1;
52017;202000034144;154 682 418;A01;0;7;0;2;5;15;1;
52018;202000034144;154 682 419;B01;1;33;0;2;1;1;1;
52019;202000034145;154 682 417;A01;1;37;0;0;0;26;1;6.0
52020;202000034146;154 682 415;A01;1;10;0;2;1;1;1;
52021;202000034146;154 682 416;B01;1;10;0;2;4;1;1;
52022;202000034147;154 682 413;B01;2;7;0;2;3;9;0;
52023;202000034147;154 682 414;A01;2;30;0;2;1;9;1;
52024;202000034148;154 682 411;B01;0;33;0;2;8;2;1;
52025;202000034148;154 682 412;A01;0;7;0;2;2;15;1;
52026;202000034149;154 682 410;A01;2;1;0;0;1;26;5;
52027;202000034150;154 682 408;A01;1;7;0;2;3;13;1;
52028;202000034150;154 682 409;B01;2;7;0;2;3;1;1;
52029;202000034151;154 682 406;A01;3;1;0;2;1;15;5;
52030;202000034151;154 682 407;B01;3;7;0;9;2;1;1;
52031;202000034152;154 682 404;B01;2;2;0;2;1;5;1;
52032;202000034152;154 682 405;A01;1;7;0;2;2;1;1;
52033;202000034153;154 682 403;A01;1;7;0;1;2;26;1;
52034;202000034155;154 682 400;A01;1;7;2;0;2;19;1;
52035;202000034156;154 682 398;B01;1;7;0;2;4;23;1;
52036;202000034156;154 682 399;A01;1;7;0;2;1;2;1;
52037;202000034157;154 682 397;A01;1;30;12;0;7;26;1;
52038;202000034158;154 682 396;A01;0;7;13;0;2;1;1;
52039;202000034159;154 682 394;B01;0;7;0;2;0;1;1;
52040;202000034159;154 682 395;A01;0;10;0;2;0;1;1;
52041;202000034161;154 682 391;A01;0;7;0;1;1;1;1;
52042;202000034162;154 682 389;A01;2;2;0;2;1;1;1;
52043;202000034162;154 682 390;B01;2;7;0;2;4;15;1;
52044;202000034164;154 682 385;A01;1;7;0;2;5;15;1;
52045;202000034164;154 682 386;B01;2;33;0;2;1;2;1;
52046;202000034165;154 682 383;B01;1;2;0;9;1;0;1;
52047;202000034165;154 682 384;A01;1;7;0;2;1;26;1;
52048;202000034166;154 682 382;A01;1;3;0;1;3;15;1;
52049;202000034167;154 682 380;B01;1;33;0;0;3;1;1;
52050;202000034167;154 682 381;Z01;0;7;0;0;0;0;0;
52051;202000034168;154 682 377;C01;1;10;0;2;5;15;1;
52052;202000034168;154 682 378;B01;1;32;0;2;1;14;1;
52053;202000034168;154 682 379;A01;1;32;0;2;1;14;1;
52054;202000034169;154 682 376;A01;3;7;0;1;1;11;1;
52055;202000034170;154 682 375;Z01;3;34;0;1;0;26;1;
52056;202000034171;154 682 373;B01;1;7;14;2;6;15;1;
52057;202000034171;154 682 374;A01;1;31;14;2;7;17;1;
52058;202000034172;154 682 371;B01;1;7;0;2;5;15;1;
52059;202000034172;154 682 372;A01;1;10;0;2;1;2;1;
52060;202000034173;154 682 370;A01;3;30;0;1;8;26;1;
52061;202000034175;154 682 368;A01;2;33;0;0;0;15;1;
52062;202000034176;154 682 366;B01;1;7;0;2;3;13;1;
52063;202000034176;154 682 367;A01;1;7;0;2;2;17;1;
52064;202000034177;154 682 364;B01;1;7;0;2;2;16;1;
52065;202000034177;154 682 365;A01;1;30;8;2;3;18;1;
52066;202000034178;154 682 362;A01;3;10;0;2;1;13;1;
52067;202000034178;154 682 363;B01;3;7;0;2;3;1;2;
52068;202000034179;154 682 360;B01;3;34;0;2;4;9;1;
52069;202000034179;154 682 361;A01;3;7;0;2;1;1;1;
52070;202000034180;154 682 359;A01;1;32;0;1;1;1;1;
52071;202000034181;154 682 357;A01;1;80;0;2;0;0;3;
52072;202000034181;154 682 358;B01;1;7;0;2;2;0;0;
52073;202000034182;154 682 355;B01;1;7;0;2;4;2;1;
52074;202000034182;154 682 356;A01;1;33;0;2;1;1;1;
52075;202000034183;154 682 353;X01;2;7;0;0;0;0;0;
52076;202000034183;154 682 354;A01;1;30;0;2;3;9;1;
52077;202000034184;154 682 352;A01;3;7;6;1;1;26;1;
52078;202000034186;154 682 348;B01;1;10;0;2;4;1;1;
52079;202000034186;154 682 349;A01;1;32;0;2;1;1;1;
52080;202000034187;154 682 347;A01;2;32;4;0;2;21;1;
52081;202000034188;154 682 346;A01;0;1;14;0;1;13;5;
52082;202000034189;154 682 344;A01;1;1;0;2;3;1;5;
52083;202000034189;154 682 345;Z01;2;7;0;0;0;16;3;
52084;202000034191;154 682 342;Z01;1;7;1;1;3;1;1;
52085;202000034192;154 682 341;A01;2;80;0;1;1;25;3;
52086;202000034193;154 682 339;A01;3;7;0;2;3;15;1;
52087;202000034193;154 682 340;B01;3;31;0;2;2;17;1;
52088;202000034194;154 682 337;B01;3;7;0;2;1;1;1;
52089;202000034194;154 682 338;A01;3;7;0;2;1;1;1;
52090;202000034195;154 682 335;A01;2;1;0;2;4;14;5;
52091;202000034195;154 682 336;B01;2;1;0;2;1;1;5;
52092;202000034196;154 682 332;A01;2;7;0;2;2;2;1;
52093;202000034196;154 682 333;C01;2;30;0;2;4;2;1;
52094;202000034196;154 682 334;B01;2;32;0;2;4;2;1;
52095;202000034197;154 682 330;A01;1;7;0;2;6;11;1;
52096;202000034197;154 682 331;B01;1;32;0;2;2;1;1;
52097;202000034198;154 682 329;A01;1;7;8;0;1;14;1;
52098;202000034199;154 682 328;A01;1;1;0;1;1;5;5;
52099;202000034200;154 682 326;A01;2;7;0;2;7;17;3;
52100;202000034200;154 682 327;B01;2;1;1;2;8;1;5;
52101;202000034201;154 682 325;A01;1;7;0;1;2;1;1;
52102;202000034202;154 682 324;A01;2;30;0;1;1;12;3;
52103;202000034203;154 682 322;A01;2;1;0;2;1;1;5;
52104;202000034203;154 682 323;Z01;1;7;0;2;1;1;0;
52105;202000034204;154 682 320;B01;3;50;0;2;1;5;3;
52106;202000034204;154 682 321;A01;3;7;0;2;8;1;1;
52107;202000034205;154 682 318;B01;1;7;0;2;1;0;1;
52108;202000034205;154 682 319;A01;2;7;0;2;0;26;1;
52109;202000034207;154 682 315;A01;1;7;0;2;1;15;1;
52110;202000034207;154 682 316;B01;2;7;0;2;1;1;1;
52111;202000034208;154 682 313;A01;3;14;0;2;2;1;1;
52112;202000034208;154 682 314;B01;1;7;0;2;1;1;1;
52113;202000034209;154 682 311;B01;2;1;0;2;8;21;0;
52114;202000034209;154 682 312;A01;2;7;0;9;5;1;3;
52115;202000034210;154 682 309;A01;2;7;0;2;1;2;1;
52116;202000034210;154 682 310;B01;2;31;0;2;4;2;1;
52117;202000034211;154 682 307;B01;0;10;0;2;1;16;0;
52118;202000034211;154 682 308;A01;3;10;0;2;3;26;1;
52119;202000034212;154 682 305;A01;2;7;0;2;1;9;1;
52120;202000034212;154 682 306;B01;1;37;0;2;3;1;1;3.0
52121;202000034213;154 682 303;B01;1;33;0;2;1;17;0;
52122;202000034213;154 682 304;A01;2;10;0;2;6;11;0;
52123;202000034214;154 682 301;A01;0;7;0;2;7;19;0;
52124;202000034214;154 682 302;B01;0;7;0;2;1;1;0;
52125;202000034215;154 682 299;B01;1;7;0;0;4;1;1;
52126;202000034215;154 682 300;A01;1;7;0;2;1;1;1;
52127;202000034216;154 682 296;C01;-1;7;0;2;1;24;1;
52128;202000034216;154 682 297;B01;2;31;1;2;2;17;1;
52129;202000034216;154 682 298;A01;2;7;0;2;3;15;1;
52130;202000034217;154 682 294;B01;1;7;0;2;8;1;1;
52131;202000034217;154 682 295;A01;2;1;0;2;3;1;5;
52132;202000034218;154 682 293;A01;1;7;0;1;3;16;0;
52133;202000034219;154 682 291;B01;2;33;0;2;1;1;0;
52134;202000034219;154 682 292;A01;1;7;0;2;3;9;0;
52135;202000034220;154 682 289;A01;0;7;0;2;3;15;1;
52136;202000034220;154 682 290;B01;0;33;0;2;1;1;1;
52137;202000034221;154 682 287;A01;2;7;0;2;3;15;1;
52138;202000034221;154 682 288;B01;2;31;0;2;1;17;1;
52139;202000034222;154 682 286;A01;1;30;0;1;0;26;0;
52140;202000034224;154 682 283;A01;1;1;14;0;1;1;5;
52141;202000034225;154 682 280;A01;1;7;0;2;7;1;1;
52142;202000034225;154 682 281;Y01;1;1;0;2;8;21;5;
52143;202000034225;154 682 282;B01;1;7;0;0;0;0;1;
52144;202000034226;154 682 278;B01;1;7;0;9;4;16;1;
52145;202000034226;154 682 279;A01;1;1;0;2;1;1;5;
52146;202000034227;154 682 276;A01;1;7;0;2;8;23;1;
52147;202000034227;154 682 277;B01;1;1;0;2;1;1;5;
52148;202000034228;154 682 275;A01;2;7;0;1;7;2;1;
52149;202000034229;154 682 273;A01;1;10;0;2;8;15;1;
52150;202000034229;154 682 274;B01;1;34;0;2;0;1;1;
52151;202000034230;154 682 272;A01;3;10;0;1;4;26;1;
52152;202000034231;154 682 270;B01;0;7;0;2;1;9;1;
52153;202000034231;154 682 271;A01;0;1;0;2;1;15;5;
52154;202000034232;154 682 268;B01;2;7;0;2;1;1;1;
52155;202000034232;154 682 269;A01;1;7;0;2;7;13;1;
52156;202000034233;154 682 266;B01;1;15;0;2;6;2;1;
52157;202000034233;154 682 267;A01;1;7;0;2;2;12;1;
52158;202000034234;154 682 264;B01;1;7;0;2;7;19;1;
52159;202000034234;154 682 265;A01;1;7;0;2;1;1;1;
52160;202000034235;154 682 261;A01;2;7;4;0;2;1;1;
52161;202000034236;154 682 259;B01;1;7;0;0;6;2;1;
52162;202000034236;154 682 260;A01;1;33;0;2;1;2;1;
52163;202000034238;154 682 255;A01;0;1;0;0;0;0;5;
52164;202000034239;154 682 253;A01;2;7;0;2;5;1;0;
52165;202000034239;154 682 254;B01;1;7;0;2;1;1;0;