;Num_Acc;id_vehicule;num_veh;senc;catv;obs;obsm;choc;manv;motor;occutc
52166;202000034240;154 682 252;A01;2;2;0;1;2;1;1;
52167;202000034241;154 682 250;A01;2;7;0;2;1;2;1;
52168;202000034241;154 682 251;B01;2;7;0;0;4;2;1;
52169;202000034242;154 682 249;A01;2;7;0;0;0;0;1;
52170;202000034243;154 682 247;A01;2;7;0;2;3;2;1;
52171;202000034243;154 682 248;B01;2;7;0;0;5;1;1;
52172;202000034244;154 682 244;C01;2;7;0;2;3;1;1;
52173;202000034244;154 682 245;B01;1;7;0;2;4;1;1;
52174;202000034244;154 682 246;A01;1;33;0;2;1;2;1;
52175;202000034245;154 682 243;A01;1;33;0;0;1;14;1;
52176;202000034246;154 682 242;A01;2;33;0;0;0;2;1;
52177;202000034247;154 682 240;A01;1;30;0;2;3;1;0;
52178;202000034247;154 682 241;B01;2;7;0;2;1;15;0;
52179;202000034248;154 682 238;A01;1;7;0;2;2;1;0;
52180;202000034248;154 682 239;B01;1;1;0;0;4;2;5;
52181;202000034249;154 682 237;A01;2;2;12;0;3;1;0;
52182;202000034251;154 682 233;A01;2;33;12;0;7;1;1;
52183;202000034252;154 682 231;B01;1;7;0;0;6;15;1;
52184;202000034252;154 682 232;A01;1;7;0;2;2;2;1;
52185;202000034253;154 682 229;A01;2;7;0;2;1;13;1;
52186;202000034253;154 682 230;B01;1;7;0;2;1;1;1;
52187;202000034254;154 682 227;A01;1;7;0;2;8;1;1;
52188;202000034254;154 682 228;B01;2;31;0;2;1;1;1;
52189;202000034255;154 682 225;A01;2;10;0;2;7;2;1;
52190;202000034255;154 682 226;B01;2;1;0;2;8;1;5;
52191;202000034256;154 682 224;A01;0;7;0;0;8;1;1;
52192;202000034257;154 682 222;A01;1;7;0;2;2;1;1;
52193;202000034257;154 682 223;B01;2;7;0;2;1;1;1;
52194;202000034259;154 682 219;A01;2;7;0;2;1;0;1;
52195;202000034259;154 682 220;B01;1;7;0;2;1;0;1;
52196;202000034260;154 682 218;A01;2;7;13;0;1;0;6;
52197;202000034261;154 682 217;A01;1;7;2;0;8;13;1;
52198;202000034262;154 682 216;A01;1;7;0;0;0;13;1;
52199;202000034263;154 682 215;A01;1;33;0;0;0;1;1;
52200;202000034264;154 682 213;B01;1;17;1;0;2;13;1;
52201;202000034264;154 682 214;A01;1;7;0;0;4;23;1;
52202;202000034265;154 682 211;A01;2;10;3;2;6;11;1;
52203;202000034265;154 682 212;B01;2;7;0;2;2;1;1;
52204;202000034266;154 682 210;A01;2;7;14;0;1;19;1;
52205;202000034267;154 682 208;A01;1;10;0;2;1;2;1;
52206;202000034267;154 682 209;B01;1;7;0;2;4;2;1;
52207;202000034268;154 682 206;A01;1;10;0;2;1;1;1;
52208;202000034268;154 682 207;B01;1;13;0;2;6;11;0;
52209;202000034269;154 682 205;A01;1;7;3;0;1;1;1;
52210;202000034271;154 682 202;B01;3;7;0;2;3;15;1;
52211;202000034271;154 682 203;A01;3;2;8;2;2;17;1;
52212;202000034272;154 682 200;Z01;0;7;0;2;2;19;0;
52213;202000034272;154 682 201;A01;0;37;0;2;3;1;0;2.0
52214;202000034273;154 682 198;A01;1;7;0;2;2;15;1;
52215;202000034273;154 682 199;B01;1;33;0;2;1;1;1;
52216;202000034274;154 682 196;B01;2;7;0;2;2;2;1;
52217;202000034274;154 682 197;A01;0;30;0;2;6;2;1;
52218;202000034275;154 682 195;A01;1;7;0;1;4;26;1;
52219;202000034276;154 682 191;A01;1;2;0;2;1;9;1;
52220;202000034276;154 682 192;B01;1;7;0;2;2;1;1;
52221;202000034277;154 682 190;A01;1;10;0;1;4;4;0;
52222;202000034278;154 682 188;B01;2;7;0;2;1;1;1;
52223;202000034278;154 682 189;A01;2;7;0;2;7;19;1;
52224;202000034279;154 682 186;B01;3;7;9;2;7;19;1;
52225;202000034279;154 682 187;A01;1;7;0;2;1;19;2;
52226;202000034280;154 682 184;A01;1;7;0;2;1;2;1;
52227;202000034280;154 682 185;B01;1;7;0;2;4;2;1;
52228;202000034281;154 682 183;A01;2;7;0;1;1;1;1;
52229;202000034282;154 682 182;A01;2;7;0;1;1;1;1;
52230;202000034283;154 682 180;B01;0;7;0;2;7;1;1;
52231;202000034283;154 682 181;A01;0;7;0;2;1;9;1;
52232;202000034284;154 682 178;A01;1;7;0;2;7;17;1;
52233;202000034284;154 682 179;B01;1;1;0;2;4;2;-1;
52234;202000034285;154 682 177;A01;0;33;0;0;9;1;1;
52235;202000034286;154 682 176;A01;1;7;13;0;1;14;1;
52236;202000034287;154 682 174;B01;1;33;0;2;9;0;1;
52237;202000034287;154 682 175;A01;1;7;0;2;5;15;3;
52238;202000034288;154 682 173;A01;1;7;8;0;2;14;1;
52239;202000034290;154 682 170;A01;3;7;0;1;1;26;1;
52240;202000034291;154 682 168;A01;1;10;0;0;1;21;1;
52241;202000034291;154 682 169;B01;2;7;0;0;0;13;1;
52242;202000034292;154 682 166;B01;2;7;0;2;3;1;1;
52243;202000034292;154 682 167;A01;2;80;0;2;1;1;3;
52244;202000034293;154 682 164;B01;1;30;0;2;3;1;1;
52245;202000034293;154 682 165;A01;1;7;0;2;2;1;1;
52246;202000034294;154 682 162;A01;3;37;0;2;1;7;6;1.0
52247;202000034294;154 682 163;B01;2;30;0;2;7;1;1;
52248;202000034295;154 682 160;A01;2;7;0;2;3;1;1;
52249;202000034295;154 682 161;B01;1;7;0;2;2;15;1;
52250;202000034296;154 682 158;A01;2;7;0;2;6;15;1;
52251;202000034296;154 682 159;B01;2;2;0;2;2;17;1;
52252;202000034297;154 682 156;A01;2;7;0;2;7;15;1;
52253;202000034297;154 682 157;B01;2;7;0;2;1;1;1;
52254;202000034298;154 682 155;A01;1;7;0;1;8;1;2;
52255;202000034299;154 682 154;A01;1;7;1;0;0;26;1;
52256;202000034300;154 682 153;A01;1;7;13;0;2;1;1;
52257;202000034302;154 682 150;B01;2;7;0;2;1;1;1;
52258;202000034302;154 682 151;A01;1;7;0;2;4;1;1;
52259;202000034303;154 682 148;A01;1;7;0;1;3;1;1;
52260;202000034304;154 682 147;A01;3;7;0;1;5;1;1;
52261;202000034305;154 682 145;A01;2;7;0;2;2;1;1;
52262;202000034305;154 682 146;B01;3;1;0;2;1;26;5;
52263;202000034306;154 682 143;A01;1;10;6;2;2;14;1;
52264;202000034306;154 682 144;B01;1;17;0;2;6;1;1;
52265;202000034307;154 682 140;A01;3;7;0;1;2;1;1;
52266;202000034308;154 682 139;A01;1;21;0;0;0;1;1;
52267;202000034309;154 682 138;A01;1;7;2;0;1;1;1;
52268;202000034310;154 682 137;A01;3;7;0;1;1;1;6;
52269;202000034311;154 682 135;B01;1;7;0;2;4;2;1;
52270;202000034311;154 682 136;A01;1;15;0;2;1;2;1;
52271;202000034313;154 682 132;B01;2;10;0;2;3;1;6;
52272;202000034313;154 682 133;A01;2;1;0;2;1;25;5;
52273;202000034314;154 682 130;B01;3;31;0;2;4;2;1;
52274;202000034314;154 682 131;A01;3;31;0;9;1;26;1;
52275;202000034315;154 682 128;A01;2;7;0;2;1;15;1;
52276;202000034315;154 682 129;B01;2;34;0;2;7;1;1;
52277;202000034316;154 682 126;B01;2;33;0;2;1;1;1;
52278;202000034316;154 682 127;A01;1;7;0;2;8;15;1;
52279;202000034317;154 682 125;A01;3;10;0;1;2;1;1;
52280;202000034318;154 682 123;A01;1;7;0;2;8;15;1;
52281;202000034318;154 682 124;B01;1;2;0;2;1;1;1;
52282;202000034319;154 682 122;A01;2;7;4;0;7;14;1;
52283;202000034320;154 682 121;A01;3;7;0;1;2;1;0;
52284;202000034321;154 682 120;A01;3;7;5;0;1;1;1;
52285;202000034322;154 682 118;B01;3;2;0;2;7;17;1;
52286;202000034322;154 682 119;A01;3;7;0;2;3;15;1;
52287;202000034323;154 682 116;A01;0;21;0;2;1;15;1;
52288;202000034323;154 682 117;B01;0;7;0;2;1;1;1;
52289;202000034324;154 682 114;B01;1;7;0;2;1;1;1;
52290;202000034324;154 682 115;A01;1;7;0;2;8;19;1;
52291;202000034325;154 682 113;A01;0;2;0;1;7;0;1;
52292;202000034326;154 682 111;B01;2;7;0;2;1;9;1;
52293;202000034326;154 682 112;A01;1;7;0;2;3;9;1;
52294;202000034327;154 682 109;A01;1;7;0;2;1;1;1;
52295;202000034327;154 682 110;B01;2;1;0;2;1;1;5;
52296;202000034328;154 682 108;A01;1;30;0;0;1;1;1;
52297;202000034329;154 682 107;A01;3;7;2;0;1;0;1;
52298;202000034330;154 682 105;A01;2;7;0;2;1;15;1;
52299;202000034330;154 682 106;B01;1;7;0;2;3;1;1;
52300;202000034331;154 682 103;B01;1;7;0;2;1;1;1;
52301;202000034331;154 682 104;A01;1;7;0;2;1;1;1;
52302;202000034332;154 682 101;A01;1;7;0;2;4;4;1;
52303;202000034332;154 682 102;B01;3;1;0;2;8;15;5;
52304;202000034333;154 682 099;A01;2;31;0;2;3;9;1;
52305;202000034333;154 682 100;B01;2;1;0;2;1;9;5;
52306;202000034334;154 682 097;B01;2;33;0;2;1;17;1;
52307;202000034334;154 682 098;A01;1;7;0;2;2;17;1;
52308;202000034335;154 682 095;A01;1;7;0;2;3;11;1;
52309;202000034335;154 682 096;B01;1;7;0;2;2;1;1;
52310;202000034336;154 682 093;B01;1;1;0;2;1;1;5;
52311;202000034336;154 682 094;A01;2;7;0;2;3;9;1;
52312;202000034338;154 682 088;B01;3;1;0;2;0;0;5;
52313;202000034338;154 682 089;A01;3;7;0;2;0;0;0;
52314;202000034339;154 682 087;A01;1;7;3;0;3;13;1;
52315;202000034340;154 682 086;A01;3;10;14;0;3;13;1;
52316;202000034341;154 682 084;A01;0;7;0;2;3;9;1;
52317;202000034341;154 682 085;B01;0;33;0;2;1;15;1;
52318;202000034342;154 682 082;B01;2;33;0;2;1;1;1;
52319;202000034342;154 682 083;A01;1;7;0;2;1;15;1;
52320;202000034343;154 682 080;A01;0;7;0;2;8;20;1;
52321;202000034343;154 682 081;B01;0;31;0;2;7;1;1;
52322;202000034344;154 682 078;B01;1;7;0;2;2;9;1;
52323;202000034344;154 682 079;A01;1;7;0;2;3;9;1;
52324;202000034346;154 682 074;A01;3;7;0;2;1;2;1;
52325;202000034346;154 682 075;B01;3;33;0;2;4;2;1;
52326;202000034348;154 682 072;A01;0;7;9;0;1;16;1;
52327;202000034349;154 682 070;B01;1;7;0;2;1;1;1;
52328;202000034349;154 682 071;A01;1;32;0;2;8;16;1;
52329;202000034350;154 682 068;B01;3;2;0;2;7;1;1;
52330;202000034350;154 682 069;A01;3;7;0;2;3;9;1;
52331;202000034351;154 682 066;B01;1;7;0;2;1;1;1;
52332;202000034351;154 682 067;A01;1;30;0;1;3;21;1;
52333;202000034352;154 682 065;A01;1;2;1;0;1;13;1;
52334;202000034353;154 682 064;A01;2;33;12;0;1;13;1;
52335;202000034354;154 682 063;A01;2;7;0;1;1;1;0;
52336;202000034355;154 682 061;B01;0;33;0;2;2;2;1;
52337;202000034355;154 682 062;A01;0;7;0;2;3;15;1;
52338;202000034356;154 682 060;A01;1;7;4;0;3;13;1;
52339;202000034357;154 682 058;B01;1;20;0;2;3;1;1;
52340;202000034357;154 682 059;A01;1;43;0;2;8;26;1;
52341;202000034358;154 682 056;B01;2;2;0;2;7;1;1;
52342;202000034358;154 682 057;A01;1;7;0;2;2;5;1;
52343;202000034359;154 682 054;A01;2;7;0;2;4;16;1;
52344;202000034359;154 682 055;B01;2;7;0;2;1;16;1;
52345;202000034360;154 682 052;A01;1;32;0;2;1;26;6;
52346;202000034360;154 682 053;B01;2;37;0;2;3;23;0;1.0
52347;202000034361;154 682 050;A01;1;7;1;2;1;1;1;
52348;202000034361;154 682 051;B01;1;7;0;2;4;24;0;
52349;202000034362;154 682 049;A01;1;3;15;0;3;0;0;
52350;202000034363;154 682 047;A01;1;7;0;2;1;15;1;
52351;202000034363;154 682 048;B01;2;7;0;2;3;1;1;
52352;202000034365;154 682 043;A01;2;7;6;0;2;1;1;
52353;202000034367;154 682 038;A01;2;7;0;2;1;13;1;
52354;202000034367;154 682 039;B01;1;10;0;2;1;1;1;
52355;202000034368;154 682 037;A01;2;7;2;0;9;13;1;
52356;202000034369;154 682 036;A01;1;33;8;0;2;1;1;
52357;202000034370;154 682 033;A01;1;17;0;2;1;2;1;
52358;202000034370;154 682 034;C01;1;17;3;0;4;23;1;
52359;202000034370;154 682 035;B01;1;17;0;2;4;23;1;
52360;202000034372;154 682 031;A01;3;31;0;0;0;0;1;
52361;202000034373;154 682 029;A01;1;7;0;2;3;2;1;
52362;202000034373;154 682 030;B01;1;7;0;0;5;15;1;
52363;202000034374;154 682 026;C01;1;7;0;2;4;1;1;
52364;202000034374;154 682 027;B01;1;7;0;2;4;1;1;
52365;202000034374;154 682 028;A01;1;17;0;2;3;1;1;
52366;202000034375;154 682 022;A01;1;7;0;2;1;2;1;
52367;202000034375;154 682 023;C01;1;7;0;2;4;2;1;
52368;202000034375;154 682 024;D01;1;7;0;2;4;2;1;
52369;202000034375;154 682 025;B01;1;7;0;2;4;2;1;
52370;202000034376;154 682 020;B01;2;15;0;2;2;12;1;
52371;202000034376;154 682 021;A01;2;7;0;2;6;1;1;
52372;202000034377;154 682 018;B01;1;7;0;2;4;1;1;
52373;202000034377;154 682 019;A01;1;33;0;2;1;12;1;
52374;202000034378;154 682 017;A01;2;7;3;0;8;1;1;
52375;202000034379;154 682 016;A01;2;32;0;0;7;21;1;
52376;202000034380;154 682 015;A01;3;7;15;0;1;1;1;
52377;202000034381;154 682 014;A01;3;38;0;1;3;15;1;1.0
52378;202000034382;154 682 012;A01;1;7;15;2;1;21;1;
52379;202000034382;154 682 013;B01;1;7;0;2;5;2;1;
52380;202000034383;154 682 011;A01;1;7;0;1;4;26;1;
52381;202000034384;154 682 009;A01;1;7;0;0;0;11;1;
52382;202000034384;154 682 010;B01;2;1;0;2;7;14;5;
52383;202000034385;154 682 007;B01;3;32;0;2;4;2;1;
52384;202000034385;154 682 008;A01;3;7;0;2;2;15;3;
52385;202000034386;154 682 006;A01;1;7;0;1;4;4;1;
52386;202000034387;154 682 004;A01;2;1;0;2;7;19;5;
52387;202000034387;154 682 005;B01;2;7;0;2;0;0;1;
52388;202000034388;154 682 003;A01;1;7;0;1;4;26;0;
52389;202000034389;154 682 001;A01;2;31;8;2;3;18;1;
52390;202000034389;154 682 002;B01;2;7;0;2;2;20;1;
52391;202000034390;154 681 999;A01;0;10;0;0;4;26;6;
52392;202000034390;154 682 000;B01;3;10;0;0;1;16;6;
52393;202000034391;154 681 997;B01;3;2;0;2;1;0;0;
52394;202000034391;154 681 998;A01;1;7;0;2;1;0;0;
52395;202000034392;154 681 995;A01;2;7;0;2;1;2;1;
52396;202000034392;154 681 996;B01;1;7;0;2;5;2;1;
52397;202000034393;154 681 994;A01;1;7;0;1;0;0;1;
52398;202000034394;154 681 993;A01;1;37;0;1;2;26;1;1.0
52399;202000034395;154 681 992;A01;2;33;12;0;1;9;1;
52400;202000034396;154 681 986;A01;1;7;0;2;1;2;1;
52401;202000034396;154 681 987;B01;1;7;0;2;4;2;1;
52402;202000034397;154 681 984;A01;2;33;0;2;1;5;1;
52403;202000034397;154 681 985;B01;1;7;0;2;1;1;1;
52404;202000034398;154 681 983;A01;2;7;0;1;1;16;1;
52405;202000034399;154 681 981;A01;1;31;0;2;2;17;1;
52406;202000034399;154 681 982;B01;1;7;0;2;3;15;1;
52407;202000034400;154 681 980;A01;3;7;12;0;2;14;1;
52408;202000034402;154 681 976;A01;1;1;14;0;0;0;5;
52409;202000034403;154 681 975;A01;3;10;0;1;4;4;1;
52410;202000034404;154 681 973;B01;1;7;0;2;3;10;1;
52411;202000034404;154 681 974;A01;1;7;0;2;1;17;1;
52412;202000034405;154 681 971;Z01;1;10;0;2;2;15;1;
52413;202000034405;154 681 972;A01;2;33;0;2;1;1;1;
52414;202000034406;154 681 969;A01;1;14;0;0;2;16;1;
52415;202000034406;154 681 970;B01;1;1;0;0;4;1;5;
52416;202000034407;154 681 968;A01;2;7;0;1;1;1;1;
52417;202000034408;154 681 966;B01;2;40;0;2;2;1;3;
52418;202000034408;154 681 967;A01;2;7;0;4;1;15;1;
52419;202000034409;154 681 964;B01;2;31;0;2;1;1;1;
52420;202000034409;154 681 965;A01;2;7;0;2;2;1;1;
52421;202000034410;154 681 962;B01;1;2;0;2;7;1;1;
52422;202000034410;154 681 963;A01;1;7;0;2;8;9;1;
52423;202000034412;154 681 959;A01;1;1;1;0;1;1;5;
52424;202000034412;154 681 960;B01;1;7;0;2;8;24;1;
52425;202000034413;154 681 958;A01;1;7;8;0;1;14;1;
52426;202000034414;154 681 956;B01;2;2;0;2;1;1;0;
52427;202000034414;154 681 957;A01;1;7;0;2;3;10;1;
52428;202000034415;154 681 954;A01;2;7;0;2;3;11;1;
52429;202000034415;154 681 955;B01;2;2;0;2;7;1;0;
52430;202000034416;154 681 953;A01;3;10;15;0;1;25;1;
52431;202000034418;154 681 951;A01;2;7;3;0;7;1;1;
52432;202000034419;154 681 950;A01;1;7;8;0;1;13;1;
52433;202000034421;154 681 948;A01;1;7;0;1;1;1;1;
52434;202000034422;154 681 945;B01;2;7;0;2;3;5;1;
52435;202000034422;154 681 946;C01;2;7;0;2;2;26;1;
52436;202000034422;154 681 947;A01;1;7;0;2;6;26;1;
52437;202000034423;154 681 944;A01;2;7;6;0;1;1;1;
52438;202000034424;154 681 942;B01;1;7;0;2;8;15;1;
52439;202000034424;154 681 943;A01;2;7;0;2;1;1;1;
52440;202000034425;154 681 941;A01;0;7;0;1;2;1;1;
52441;202000034426;154 681 940;A01;1;7;0;1;3;1;1;
52442;202000034427;154 681 938;A01;1;30;0;2;3;18;1;
52443;202000034427;154 681 939;B01;2;7;0;2;2;16;1;
52444;202000034428;154 681 936;A01;1;7;1;2;7;15;1;
52445;202000034428;154 681 937;B01;1;7;1;2;3;1;3;
52446;202000034429;154 681 934;B01;1;34;0;2;1;1;1;
52447;202000034429;154 681 935;A01;1;7;0;2;3;15;1;
52448;202000034430;154 681 931;A01;2;7;0;2;1;2;1;
52449;202000034430;154 681 932;B01;2;7;0;2;4;2;1;
52450;202000034430;154 681 933;C01;2;7;0;2;4;2;1;
52451;202000034431;154 681 929;B01;2;1;0;2;1;1;6;
52452;202000034431;154 681 930;A01;2;7;0;9;5;26;1;
52453;202000034432;154 681 927;B01;1;7;0;2;4;2;1;
52454;202000034432;154 681 928;A01;1;30;0;2;1;2;1;
52455;202000034433;154 681 926;A01;3;31;8;0;1;16;1;
52456;202000034434;154 681 924;B01;1;33;0;2;2;12;1;
52457;202000034434;154 681 925;A01;2;10;0;2;1;10;1;
52458;202000034435;154 681 923;A01;1;10;0;1;2;21;1;
52459;202000034436;154 681 921;A01;3;33;9;4;8;19;1;
52460;202000034436;154 681 922;B01;3;40;9;2;2;26;3;
52461;202000034437;154 681 920;A01;1;30;0;1;7;1;1;
52462;202000034438;154 681 919;A01;1;7;1;0;9;2;1;
52463;202000034440;154 681 915;A01;3;7;0;2;2;15;1;
52464;202000034440;154 681 916;B01;3;33;0;2;3;0;1;
52465;202000034441;154 681 914;A01;2;7;0;1;2;1;1;
52466;202000034442;154 681 909;A01;2;7;1;0;3;1;1;
52467;202000034442;154 681 910;C01;2;7;0;0;7;23;1;
52468;202000034442;154 681 911;B01;2;7;0;0;5;23;1;
52469;202000034443;154 681 907;A01;3;7;1;0;5;10;1;
52470;202000034443;154 681 908;B01;3;7;0;0;3;1;1;
52471;202000034445;154 681 905;A01;1;7;13;0;1;2;1;
52472;202000034446;154 681 903;B01;1;7;0;2;3;15;1;
52473;202000034446;154 681 904;A01;2;7;2;2;1;17;1;
52474;202000034447;154 681 900;B01;2;14;0;2;3;1;1;
52475;202000034447;154 681 901;A01;1;7;0;2;3;13;1;
52476;202000034447;154 681 902;C01;1;7;13;2;1;2;1;
52477;202000034448;154 681 899;A01;0;7;13;0;1;1;1;
52478;202000034449;154 681 897;B01;1;7;0;2;1;1;1;
52479;202000034449;154 681 898;A01;2;7;0;2;2;1;1;
52480;202000034450;154 681 895;B01;1;7;0;2;3;1;1;
52481;202000034450;154 681 896;A01;1;33;0;0;4;15;1;
52482;202000034451;154 681 894;A01;3;7;2;0;3;1;1;
52483;202000034452;154 681 892;A01;1;7;0;2;2;16;1;
52484;202000034452;154 681 893;B01;1;1;0;0;4;26;5;
52485;202000034453;154 681 890;A01;1;7;0;2;1;15;1;
52486;202000034453;154 681 891;B01;2;7;0;2;1;1;1;
52487;202000034454;154 681 889;A01;1;34;0;0;0;0;1;
52488;202000034455;154 681 887;A01;1;7;13;0;3;0;1;
52489;202000034456;154 681 885;A01;3;7;0;2;4;20;1;
52490;202000034456;154 681 886;B01;0;7;0;0;4;2;1;
52491;202000034457;154 681 884;A01;2;7;0;0;0;26;1;
52492;202000034458;154 681 880;D01;1;7;0;2;4;2;1;
52493;202000034458;154 681 881;C01;1;7;0;2;4;2;1;
52494;202000034458;154 681 882;A01;1;7;0;2;1;2;1;
52495;202000034458;154 681 883;B01;1;7;0;2;4;2;0;
52496;202000034459;154 681 879;A01;2;33;7;0;1;2;1;
52497;202000034460;154 681 878;A01;2;7;4;0;1;2;1;
52498;202000034461;154 681 876;B01;2;7;14;2;6;1;1;
52499;202000034461;154 681 877;A01;2;15;0;2;3;12;1;
52500;202000034462;154 681 874;A01;2;7;0;2;5;12;1;
52501;202000034462;154 681 875;B01;2;33;0;2;0;0;1;
52502;202000034463;154 681 872;B01;1;17;0;2;4;2;1;
52503;202000034463;154 681 873;A01;1;33;0;2;1;2;1;
52504;202000034464;154 681 871;A01;1;7;14;0;1;14;1;
52505;202000034465;154 681 869;B01;1;33;0;2;7;2;1;
52506;202000034465;154 681 870;A01;1;10;0;2;8;11;1;
52507;202000034466;154 681 861;C01;2;10;0;2;4;1;0;
52508;202000034466;154 681 862;D01;2;10;0;2;4;1;0;
52509;202000034466;154 681 863;A01;2;17;0;2;1;1;0;
52510;202000034466;154 681 864;B01;2;7;0;2;4;1;0;
52511;202000034466;154 681 865;E01;2;7;0;2;4;1;0;
52512;202000034466;154 681 866;F01;2;7;0;2;4;1;0;
52513;202000034466;154 681 867;G01;2;7;0;2;4;0;0;
52514;202000034466;154 681 868;H01;2;7;0;2;4;1;0;
52515;202000034467;154 681 858;A01;2;7;4;0;1;12;1;
52516;202000034467;154 681 859;B01;2;7;4;0;9;1;1;
52517;202000034467;154 681 860;C01;2;7;4;0;4;2;1;
52518;202000034468;154 681 857;A01;2;7;3;0;1;14;1;
52519;202000034469;154 681 855;A01;2;7;0;2;1;2;1;
52520;202000034469;154 681 856;B01;2;7;0;2;4;2;2;
52521;202000034470;154 681 853;A01;2;33;0;2;1;2;1;
52522;202000034470;154 681 854;B01;2;34;0;2;4;2;1;
52523;202000034471;154 681 851;A01;1;7;0;2;4;0;0;
52524;202000034471;154 681 852;B01;1;7;0;2;1;0;0;
52525;202000034472;154 681 849;B01;1;7;0;2;2;1;1;
52526;202000034472;154 681 850;A01;1;7;0;2;6;1;1;
52527;202000034473;154 681 847;B01;2;10;0;2;3;13;1;
52528;202000034473;154 681 848;A01;2;7;0;2;5;1;1;
52529;202000034474;154 681 845;A01;2;10;0;2;8;11;1;
52530;202000034474;154 681 846;B01;2;33;0;2;1;3;1;
52531;202000034475;154 681 843;A01;2;10;0;2;2;12;1;
52532;202000034475;154 681 844;B01;2;33;0;2;9;3;1;
52533;202000034476;154 681 841;A01;1;30;11;0;1;1;1;
52534;202000034477;154 681 840;A01;3;7;1;1;2;1;1;
52535;202000034478;154 681 838;A01;0;7;0;2;3;1;1;
52536;202000034478;154 681 839;B01;0;7;0;2;3;26;1;
52537;202000034479;154 681 837;A01;2;10;6;0;0;1;1;
52538;202000034480;154 681 836;A01;1;7;1;1;3;13;1;
52539;202000034481;154 681 834;B01;3;1;0;2;1;1;6;
52540;202000034481;154 681 835;A01;3;7;0;2;3;15;6;
52541;202000034482;154 681 832;A01;3;7;0;2;1;15;1;
52542;202000034482;154 681 833;B01;3;33;8;2;4;16;1;
52543;202000034483;154 681 830;A01;2;7;0;2;3;11;1;
52544;202000034483;154 681 831;B01;2;7;0;2;2;1;1;
52545;202000034484;154 681 829;A01;3;7;3;4;1;1;1;
52546;202000034486;154 681 825;A01;1;10;0;2;2;2;1;
52547;202000034486;154 681 826;Z01;1;99;0;0;0;0;0;
52548;202000034487;154 681 822;A01;1;7;0;2;1;13;1;
52549;202000034487;154 681 823;B01;2;7;0;2;1;1;1;
52550;202000034487;154 681 824;C01;2;7;0;2;1;1;1;
52551;202000034488;154 681 820;A01;2;2;0;2;1;1;1;
52552;202000034488;154 681 821;B01;2;7;0;2;4;23;1;
52553;202000034489;154 681 818;A01;1;7;0;2;7;19;1;
52554;202000034489;154 681 819;B01;1;33;0;2;1;1;1;
52555;202000034490;154 681 814;B01;2;31;0;2;1;1;1;
52556;202000034490;154 681 815;A01;1;10;0;2;2;26;1;
52557;202000034491;154 681 813;A01;1;10;0;1;6;1;1;
52558;202000034492;154 681 811;A01;1;7;0;2;5;12;1;
52559;202000034492;154 681 812;B01;1;2;0;2;1;1;1;
52560;202000034493;154 681 810;A01;1;20;0;1;5;1;1;
52561;202000034495;154 681 805;A01;1;7;0;2;2;1;1;
52562;202000034495;154 681 806;B01;0;1;0;2;7;15;5;
52563;202000034495;154 681 807;C01;0;1;0;2;2;15;5;
52564;202000034496;154 681 804;A01;1;30;0;0;0;1;1;
52565;202000034497;154 681 802;A01;1;7;0;2;1;2;1;
52566;202000034497;154 681 803;B01;1;7;0;2;4;2;1;
52567;202000034499;154 681 798;B01;1;1;0;2;2;1;-1;
52568;202000034499;154 681 799;A01;1;7;0;2;3;20;1;
52569;202000034500;154 681 796;B01;0;7;0;2;3;1;1;
52570;202000034500;154 681 797;A01;0;2;0;2;1;17;1;
52571;202000034501;154 681 794;B01;2;1;0;2;1;1;0;
52572;202000034501;154 681 795;A01;1;7;0;2;1;15;1;
52573;202000034502;154 681 792;A01;1;7;8;2;1;1;1;
52574;202000034502;154 681 793;B01;1;7;0;2;4;1;0;
52575;202000034503;154 681 791;A01;1;7;0;1;1;1;1;
52576;202000034504;154 681 789;B01;3;7;0;2;1;0;1;
52577;202000034504;154 681 790;A01;1;7;0;2;6;0;1;
52578;202000034505;154 681 787;B01;3;7;0;2;9;1;1;
52579;202000034505;154 681 788;A01;1;7;0;2;3;2;1;
52580;202000034507;154 681 784;A01;1;37;0;1;2;1;1;1.0
52581;202000034508;154 681 782;A01;3;7;0;2;2;1;1;
52582;202000034508;154 681 783;B01;3;7;0;2;3;9;1;
52583;202000034509;154 681 780;B01;2;33;0;2;1;1;1;
52584;202000034509;154 681 781;A01;3;7;0;2;2;15;1;
52585;202000034510;154 681 778;B01;3;32;0;2;8;2;1;
52586;202000034510;154 681 779;A01;3;10;0;2;0;17;1;
52587;202000034511;154 681 777;A01;3;10;0;1;1;15;1;
52588;202000034512;154 681 776;A01;1;7;15;0;1;1;1;
52589;202000034513;154 681 774;A01;3;7;0;2;7;16;1;
52590;202000034513;154 681 775;B01;3;1;0;2;1;1;5;
52591;202000034515;154 681 771;Z01;0;7;0;1;1;0;0;
52592;202000034516;154 681 769;A01;1;7;0;2;1;2;1;
52593;202000034516;154 681 770;B01;2;1;0;2;7;19;5;
52594;202000034517;154 681 767;B01;1;17;0;2;2;1;1;
52595;202000034517;154 681 768;A01;1;7;0;2;6;16;1;
52596;202000034518;154 681 765;A01;0;32;0;2;1;2;0;
52597;202000034518;154 681 766;B01;0;7;0;2;4;1;0;
52598;202000034519;154 681 763;B01;1;31;0;2;1;1;1;