;Num_Acc;id_vehicule;num_veh;senc;catv;obs;obsm;choc;manv;motor;occutc
52599;202000034519;154 681 764;A01;2;7;0;2;3;15;1;
52600;202000034520;154 681 761;A01;0;34;0;2;1;1;0;
52601;202000034520;154 681 762;B01;0;7;0;2;2;15;1;
52602;202000034521;154 681 760;A01;1;7;12;0;2;1;1;
52603;202000034522;154 681 758;A01;2;7;0;2;1;2;1;
52604;202000034522;154 681 759;B01;2;7;0;2;4;2;1;
52605;202000034523;154 681 756;B01;1;33;0;2;1;1;1;
52606;202000034523;154 681 757;A01;2;7;0;2;1;19;1;
52607;202000034524;154 681 754;A01;3;7;0;2;7;14;1;
52608;202000034524;154 681 755;B01;3;33;0;2;3;1;1;
52609;202000034526;154 681 750;B01;2;2;0;2;7;1;6;
52610;202000034526;154 681 751;A01;2;7;0;2;8;15;1;
52611;202000034527;154 681 748;A01;1;7;0;2;6;11;1;
52612;202000034527;154 681 749;B01;1;33;0;2;2;3;1;
52613;202000034528;154 681 746;B01;1;31;0;2;3;3;1;
52614;202000034528;154 681 747;A01;1;7;0;2;2;12;1;
52615;202000034529;154 681 744;A01;1;7;0;2;8;1;1;
52616;202000034529;154 681 745;B01;1;7;0;2;3;1;1;
52617;202000034530;154 681 742;B01;2;7;0;2;4;2;1;
52618;202000034530;154 681 743;A01;2;10;0;2;1;2;1;
52619;202000034531;154 681 740;B01;1;1;0;2;1;1;5;
52620;202000034531;154 681 741;A01;1;7;0;2;4;16;1;
52621;202000034532;154 681 738;B01;3;7;0;2;5;23;2;
52622;202000034532;154 681 739;A01;3;32;0;2;1;2;1;
52623;202000034533;154 681 736;B01;1;1;0;2;3;1;5;
52624;202000034533;154 681 737;A01;1;7;0;2;2;22;1;
52625;202000034534;154 681 734;A01;1;33;0;2;5;16;1;
52626;202000034534;154 681 735;B01;1;10;0;2;1;1;1;
52627;202000034535;154 681 732;B01;2;34;0;2;1;1;1;
52628;202000034535;154 681 733;A01;1;7;0;2;3;15;1;
52629;202000034536;154 681 730;A01;1;1;0;2;3;16;5;
52630;202000034536;154 681 731;Z01;3;7;0;2;1;18;0;
52631;202000034537;154 681 729;A01;1;1;0;1;1;1;5;
52632;202000034538;154 681 727;A01;1;7;0;2;3;10;1;
52633;202000034538;154 681 728;B01;2;32;0;2;7;1;1;
52634;202000034539;154 681 725;B01;1;7;0;2;8;16;1;
52635;202000034539;154 681 726;A01;2;31;0;2;1;1;1;
52636;202000034540;154 681 723;B01;2;34;0;2;8;1;1;
52637;202000034540;154 681 724;A01;2;10;0;2;2;9;1;
52638;202000034541;154 681 721;B01;1;1;0;2;1;1;5;
52639;202000034541;154 681 722;A01;1;7;0;2;8;22;1;
52640;202000034542;154 681 719;B01;2;1;0;2;1;1;0;
52641;202000034542;154 681 720;A01;1;7;0;2;6;16;1;
52642;202000034543;154 681 717;A01;1;30;0;2;3;18;1;
52643;202000034543;154 681 718;B01;1;7;0;2;2;16;1;
52644;202000034544;154 681 716;A01;2;80;0;0;0;1;3;
52645;202000034545;154 681 715;A01;1;1;0;0;0;23;5;
52646;202000034546;154 681 714;Z01;1;7;0;1;1;16;1;
52647;202000034547;154 681 712;B01;1;32;0;0;4;1;1;
52648;202000034547;154 681 713;A01;1;7;0;2;1;1;1;
52649;202000034548;154 681 710;A01;1;50;0;2;1;9;3;
52650;202000034548;154 681 711;B01;2;7;0;9;2;1;1;
52651;202000034549;154 681 708;A01;1;30;0;2;3;1;1;
52652;202000034549;154 681 709;B01;1;10;0;2;2;16;1;
52653;202000034550;154 681 706;A01;3;1;6;9;3;1;5;
52654;202000034550;154 681 707;B01;3;1;6;9;3;1;5;
52655;202000034551;154 681 704;A01;2;7;0;2;4;23;1;
52656;202000034551;154 681 705;B01;2;7;0;2;1;26;1;
52657;202000034553;154 681 700;B01;2;7;0;2;2;1;0;
52658;202000034553;154 681 701;A01;2;2;8;2;1;5;0;
52659;202000034554;154 681 698;B01;1;1;0;2;1;2;5;
52660;202000034554;154 681 699;A01;1;7;0;9;2;20;1;
52661;202000034555;154 681 696;B01;1;7;0;2;1;2;0;
52662;202000034555;154 681 697;A01;1;7;0;2;4;23;0;
52663;202000034558;154 681 690;A01;2;7;0;2;2;15;1;
52664;202000034558;154 681 691;B01;1;7;0;2;1;1;1;
52665;202000034560;154 681 687;A01;2;1;0;0;0;1;5;
52666;202000034561;154 681 686;A01;2;33;0;0;0;25;1;
52667;202000034562;154 681 684;A01;1;7;0;2;1;1;0;
52668;202000034562;154 681 685;B01;1;7;0;0;4;1;0;
52669;202000034563;154 681 683;A01;2;33;0;6;2;1;1;
52670;202000034564;154 681 681;B01;1;17;0;0;6;1;1;
52671;202000034564;154 681 682;A01;1;10;0;2;1;1;1;
52672;202000034565;154 681 680;A01;1;33;3;0;7;14;1;
52673;202000034566;154 681 677;A01;3;33;15;0;1;0;1;
52674;202000034567;154 681 676;A01;1;80;13;0;0;1;3;
52675;202000034568;154 681 675;A01;3;31;12;0;8;21;6;
52676;202000034569;154 681 674;A01;1;7;2;0;1;14;1;
52677;202000034570;154 681 672;A01;3;7;0;2;1;19;1;
52678;202000034570;154 681 673;B01;2;33;0;2;8;1;1;
52679;202000034571;154 681 670;A01;2;21;0;0;1;23;1;
52680;202000034571;154 681 671;B01;1;7;1;0;2;1;1;
52681;202000034572;154 681 669;A01;1;33;11;0;1;17;1;
52682;202000034573;154 681 667;A01;1;7;0;2;3;1;0;
52683;202000034573;154 681 668;B01;2;33;0;2;1;13;0;
52684;202000034574;154 681 664;A01;3;10;8;0;1;1;0;
52685;202000034575;154 681 663;A01;0;7;2;0;1;1;1;
52686;202000034576;154 681 665;A01;2;7;2;0;9;13;1;
52687;202000034577;154 681 658;B01;1;7;0;2;5;15;1;
52688;202000034577;154 681 659;A01;1;7;0;2;1;1;1;
52689;202000034579;154 681 654;A01;1;7;2;0;8;17;1;
52690;202000034580;154 681 655;B01;3;7;0;2;3;13;1;
52691;202000034580;154 681 656;A01;3;7;0;2;3;13;1;
52692;202000034581;154 681 653;A01;1;33;13;0;1;1;1;
52693;202000034582;154 681 650;A01;1;7;0;1;3;1;1;
52694;202000034583;154 681 651;B01;2;1;0;2;8;1;5;
52695;202000034583;154 681 652;A01;2;7;0;2;7;17;1;
52696;202000034584;154 681 647;A01;2;7;13;0;3;17;1;
52697;202000034585;154 681 648;A01;2;7;0;2;1;1;1;
52698;202000034585;154 681 649;B01;1;7;0;2;8;1;1;
52699;202000034586;154 681 646;A01;1;7;2;0;7;0;1;
52700;202000034587;154 681 642;A01;1;17;3;0;8;1;1;
52701;202000034588;154 681 643;B01;1;15;0;0;3;1;1;
52702;202000034588;154 681 644;C01;2;7;0;2;3;1;1;
52703;202000034588;154 681 645;A01;2;7;0;0;1;13;1;
52704;202000034589;154 681 640;A01;2;7;0;0;9;1;0;
52705;202000034590;154 681 639;A01;1;7;2;0;3;13;1;
52706;202000034591;154 681 641;A01;2;7;0;0;9;1;1;
52707;202000034592;154 681 638;A01;1;2;0;0;8;1;1;
52708;202000034593;154 681 637;A01;2;7;15;0;9;2;1;
52709;202000034594;154 681 635;A01;0;7;0;2;1;26;1;
52710;202000034594;154 681 636;B01;0;33;0;0;6;1;1;
52711;202000034595;154 681 634;A01;3;7;0;1;3;1;1;
52712;202000034596;154 681 632;B01;1;7;0;0;0;17;0;
52713;202000034596;154 681 633;A01;2;1;12;0;0;1;5;
52714;202000034597;154 681 631;A01;2;31;3;0;7;2;1;
52715;202000034598;154 681 629;A01;3;2;0;2;0;18;1;
52716;202000034598;154 681 630;B01;3;7;0;2;7;14;1;
52717;202000034599;154 681 624;B01;1;2;0;2;7;21;1;
52718;202000034599;154 681 625;A01;1;7;0;2;3;10;1;
52719;202000034600;154 681 622;B01;1;7;0;2;8;14;1;
52720;202000034600;154 681 623;A01;2;2;0;2;8;13;1;
52721;202000034601;154 681 621;A01;2;36;15;0;2;1;1;
52722;202000034602;154 681 626;C01;2;17;0;2;8;1;1;
52723;202000034602;154 681 627;B01;1;14;0;2;3;1;1;
52724;202000034602;154 681 628;A01;2;7;0;2;1;17;1;
52725;202000034603;154 681 618;A01;2;7;13;0;1;14;1;
52726;202000034604;154 681 619;A01;1;15;0;2;0;17;1;
52727;202000034604;154 681 620;B01;1;1;0;2;8;2;5;
52728;202000034605;154 681 616;A01;1;10;0;9;2;2;1;
52729;202000034605;154 681 617;B01;1;1;0;0;6;2;5;
52730;202000034606;154 681 615;A01;1;7;15;0;2;1;1;
52731;202000034607;154 681 613;A01;3;7;6;0;1;1;1;
52732;202000034608;154 681 611;B01;2;7;0;2;8;21;1;
52733;202000034608;154 681 612;A01;1;7;1;2;3;17;1;
52734;202000034609;154 681 610;A01;1;7;2;0;3;26;1;
52735;202000034610;154 681 607;A01;1;15;0;2;2;12;1;
52736;202000034610;154 681 608;B01;1;10;4;2;6;1;1;
52737;202000034610;154 681 614;C01;1;7;0;2;1;1;1;
52738;202000034611;154 681 606;A01;1;7;0;1;2;1;1;
52739;202000034612;154 681 605;A01;1;30;15;0;7;0;1;
52740;202000034613;154 681 604;A01;2;7;3;0;3;1;1;
52741;202000034615;154 681 599;A01;1;7;1;0;3;1;1;
52742;202000034615;154 681 600;B01;0;17;0;0;5;24;1;
52743;202000034617;154 681 596;A01;2;7;13;0;3;1;1;
52744;202000034618;154 681 597;A01;1;7;0;0;3;15;1;
52745;202000034618;154 681 598;B01;2;1;0;0;1;21;5;
52746;202000034620;154 681 594;A01;2;33;3;0;8;1;1;
52747;202000034621;154 681 589;B01;1;7;4;0;5;0;1;
52748;202000034621;154 681 590;A01;1;33;0;0;3;0;1;
52749;202000034622;154 681 586;B01;1;7;0;2;3;1;1;
52750;202000034622;154 681 587;A01;2;14;0;2;3;1;1;
52751;202000034623;154 681 588;A01;1;7;0;2;1;13;1;
52752;202000034623;154 681 591;B01;2;15;0;2;1;1;1;
52753;202000034624;154 681 585;A01;1;1;3;0;1;1;5;
52754;202000034625;154 681 582;B01;1;15;0;0;6;0;1;
52755;202000034625;154 681 583;A01;1;7;3;0;1;0;1;
52756;202000034626;154 681 581;A01;1;33;0;2;1;17;1;
52757;202000034626;154 681 584;B01;1;7;0;2;8;15;1;
52758;202000034627;154 681 578;B01;3;33;0;2;1;1;1;
52759;202000034627;154 681 579;A01;3;7;0;2;2;15;1;
52760;202000034628;154 681 575;A01;1;7;0;1;1;1;1;
52761;202000034629;154 681 576;B01;2;7;0;2;3;1;1;
52762;202000034629;154 681 577;A01;1;32;0;2;1;13;1;
52763;202000034630;154 681 574;A01;1;7;6;0;2;13;1;
52764;202000034631;154 681 571;A01;0;7;0;2;2;17;1;
52765;202000034631;154 681 572;B01;3;2;0;2;6;1;1;
52766;202000034632;154 681 573;A01;1;7;2;9;1;1;1;
52767;202000034633;154 681 567;A01;3;7;0;1;1;1;1;
52768;202000034634;154 681 566;A01;2;33;0;0;7;1;1;
52769;202000034635;154 681 565;A01;0;10;3;0;1;16;1;
52770;202000034637;154 681 562;A01;2;7;0;0;9;1;1;
52771;202000034638;154 681 560;A01;2;1;0;2;1;1;6;
52772;202000034638;154 681 561;B01;2;7;0;0;4;1;6;
52773;202000034639;154 681 558;A01;1;7;0;2;3;10;1;
52774;202000034639;154 681 559;B01;1;2;0;2;1;19;1;
52775;202000034640;154 681 557;A01;3;99;0;0;7;1;6;
52776;202000034641;154 681 555;B01;1;7;0;2;1;2;1;
52777;202000034641;154 681 556;A01;1;7;0;2;4;1;1;
52778;202000034643;154 681 552;A01;1;33;16;0;1;3;1;
52779;202000034644;154 681 551;A01;2;33;6;0;1;16;1;
52780;202000034645;154 681 548;A01;1;7;0;2;4;1;1;
52781;202000034645;154 681 549;B01;1;32;0;2;4;1;1;
52782;202000034645;154 681 550;C01;1;7;0;2;1;1;1;
52783;202000034646;154 681 544;B01;2;7;0;2;4;2;1;
52784;202000034646;154 681 546;A01;2;10;0;2;3;2;1;
52785;202000034646;154 681 547;C01;2;15;0;2;4;2;1;
52786;202000034647;154 681 545;A01;1;7;0;0;1;0;1;
52787;202000034648;154 681 543;A01;1;7;4;0;1;1;1;
52788;202000034649;154 681 540;A01;1;7;0;2;3;11;1;
52789;202000034649;154 681 542;B01;1;2;0;0;7;17;1;
52790;202000034650;154 681 538;A01;1;7;0;0;5;23;1;
52791;202000034650;154 681 539;B01;1;7;0;2;1;2;1;
52792;202000034650;154 681 541;C01;1;17;0;2;8;1;1;
52793;202000034651;154 681 537;A01;2;33;0;0;8;1;1;
52794;202000034652;154 681 536;A01;2;7;9;0;1;14;1;
52795;202000034653;154 681 532;A01;2;7;0;2;1;2;1;
52796;202000034653;154 681 533;B01;2;7;0;2;4;2;1;
52797;202000034653;154 681 535;C01;2;7;0;2;4;2;1;
52798;202000034655;154 681 530;A01;1;7;4;2;6;11;1;
52799;202000034655;154 681 531;B01;1;17;0;2;2;1;1;
52800;202000034656;154 681 526;B01;1;7;0;2;4;2;1;
52801;202000034656;154 681 527;A01;1;7;0;2;1;2;1;
52802;202000034657;154 681 528;A01;1;7;0;2;2;16;1;
52803;202000034657;154 681 529;B01;1;33;0;2;1;18;1;
52804;202000034658;154 681 524;B01;1;7;0;2;4;2;1;
52805;202000034658;154 681 525;A01;1;33;0;2;1;2;1;
52806;202000034659;154 681 523;A01;0;33;0;0;8;1;1;
52807;202000034660;154 681 521;B01;1;31;0;2;1;3;1;
52808;202000034660;154 681 522;A01;1;10;0;2;4;11;1;
52809;202000034661;154 681 519;A01;1;7;0;2;2;1;1;
52810;202000034661;154 681 520;B01;1;34;0;2;3;1;1;
52811;202000034662;154 681 517;A01;1;7;0;2;4;2;1;
52812;202000034662;154 681 518;B01;1;7;0;2;1;2;1;
52813;202000034663;154 681 516;A01;2;7;13;0;2;1;1;
52814;202000034664;154 681 514;B01;2;30;0;2;4;2;1;
52815;202000034664;154 681 515;A01;2;7;0;2;2;2;1;
52816;202000034665;154 681 513;A01;3;7;0;1;1;1;0;
52817;202000034666;154 681 511;A01;1;30;0;2;1;13;0;
52818;202000034666;154 681 512;B01;2;99;0;2;3;15;1;
52819;202000034667;154 681 509;A01;2;7;0;2;3;15;1;
52820;202000034667;154 681 510;B01;1;2;0;2;1;1;1;
52821;202000034668;154 681 508;A01;2;42;0;0;0;26;1;
52822;202000034669;154 681 506;A01;1;7;1;0;0;0;1;
52823;202000034669;154 681 507;B01;1;33;1;0;0;0;1;
52824;202000034670;154 681 504;A01;3;7;0;2;2;1;1;
52825;202000034670;154 681 505;B01;2;7;0;2;8;1;1;
52826;202000034671;154 681 503;A01;3;7;1;0;2;1;1;
52827;202000034672;154 681 501;A01;2;34;4;0;1;1;1;
52828;202000034673;154 681 500;B01;1;33;0;2;8;0;1;
52829;202000034673;154 681 502;A01;1;7;0;2;3;15;1;
52830;202000034675;154 681 497;A01;1;14;0;2;7;26;1;
52831;202000034675;154 681 498;B01;1;30;0;2;8;1;1;
52832;202000034676;154 681 496;A01;1;7;13;0;1;2;1;
52833;202000034677;154 681 494;B01;1;60;0;2;8;1;5;
52834;202000034677;154 681 495;A01;1;37;0;2;1;16;0;1.0
52835;202000034678;154 681 493;A01;1;10;0;1;4;4;1;
52836;202000034679;154 681 490;A01;2;7;0;2;1;9;1;
52837;202000034679;154 681 492;B01;1;33;0;2;1;1;1;
52838;202000034680;154 681 491;A01;1;7;3;0;9;2;1;
52839;202000034681;154 681 485;D01;1;7;0;2;1;1;0;
52840;202000034681;154 681 486;E01;1;7;1;0;1;0;0;
52841;202000034681;154 681 487;C01;1;7;0;2;1;0;0;
52842;202000034681;154 681 488;A01;1;7;0;2;4;23;0;
52843;202000034681;154 681 489;B01;1;7;0;2;1;1;0;
52844;202000034682;154 681 482;C01;1;7;0;2;5;2;1;
52845;202000034682;154 681 483;B01;1;33;0;2;1;2;1;
52846;202000034682;154 681 484;A01;1;7;0;2;2;2;1;
52847;202000034683;154 681 481;A01;3;10;11;0;0;1;1;
52848;202000034684;154 681 480;A01;2;7;0;1;1;15;1;
52849;202000034685;154 681 475;B01;2;33;0;2;1;1;1;
52850;202000034685;154 681 477;A01;1;7;0;2;2;15;1;
52851;202000034686;154 681 473;A01;2;7;0;2;1;26;1;
52852;202000034686;154 681 474;B01;2;7;0;2;4;15;1;
52853;202000034687;154 681 476;B01;1;10;0;2;4;2;1;
52854;202000034687;154 681 478;C01;1;10;0;2;1;2;1;
52855;202000034687;154 681 479;A01;1;7;0;2;4;2;1;
52856;202000034688;154 681 469;A01;2;7;0;2;1;13;1;
52857;202000034688;154 681 471;B01;1;37;0;2;1;1;1;6.0
52858;202000034689;154 681 470;B01;2;33;0;2;1;3;1;
52859;202000034689;154 681 472;A01;2;7;0;2;3;11;1;
52860;202000034690;154 681 463;B01;1;7;1;0;8;23;1;
52861;202000034690;154 681 465;A01;1;7;1;0;1;1;1;
52862;202000034691;154 681 462;A01;2;7;0;2;4;2;1;
52863;202000034691;154 681 464;B01;0;10;0;2;3;2;0;
52864;202000034691;154 681 466;C01;2;7;0;2;4;2;1;
52865;202000034692;154 681 461;A01;1;7;0;1;1;10;1;
52866;202000034693;154 681 458;A01;2;10;0;2;1;2;1;
52867;202000034693;154 681 459;B01;2;7;0;2;9;2;1;
52868;202000034693;154 681 460;C01;2;7;0;2;4;2;1;
52869;202000034694;154 681 456;B01;2;1;0;2;1;1;5;
52870;202000034694;154 681 457;A01;1;7;0;2;1;19;1;
52871;202000034695;154 681 453;A01;1;31;0;2;3;1;1;
52872;202000034695;154 681 454;B01;1;1;0;2;4;9;5;
52873;202000034696;154 681 451;B01;1;7;0;2;5;1;1;
52874;202000034696;154 681 452;C01;0;7;0;0;0;26;-1;
52875;202000034697;154 681 450;B01;2;33;0;2;3;2;1;
52876;202000034697;154 681 455;A01;2;10;0;2;2;14;1;
52877;202000034698;154 681 449;A01;2;7;0;1;1;1;1;
52878;202000034699;154 681 448;A01;1;7;0;1;0;1;1;
52879;202000034700;154 681 444;C01;1;10;0;2;4;2;1;
52880;202000034700;154 681 446;B01;1;7;0;2;4;2;1;
52881;202000034700;154 681 447;A01;1;14;0;2;1;2;1;
52882;202000034701;154 681 443;A01;1;31;0;2;1;26;1;
52883;202000034701;154 681 445;B01;1;7;0;2;3;10;1;
52884;202000034702;154 681 439;A01;1;34;0;2;1;1;1;
52885;202000034702;154 681 440;B01;1;7;0;0;6;1;1;
52886;202000034703;154 681 441;A01;2;17;0;2;7;12;1;
52887;202000034703;154 681 442;B01;2;7;0;2;6;1;0;
52888;202000034704;154 681 437;A01;1;99;0;2;1;1;3;
52889;202000034704;154 681 438;Z01;1;7;0;2;5;16;0;
52890;202000034705;154 681 433;A01;2;7;0;2;1;2;1;
52891;202000034705;154 681 434;B01;2;10;0;2;4;2;1;
52892;202000034705;154 681 435;D01;2;7;0;2;4;2;1;
52893;202000034705;154 681 436;C01;2;10;0;2;4;2;1;
52894;202000034707;154 681 431;A01;2;10;4;0;1;13;1;
52895;202000034708;154 681 430;A01;3;7;0;1;2;2;1;
52896;202000034709;154 681 426;Z01;2;7;0;2;1;1;1;
52897;202000034709;154 681 427;B01;2;7;0;2;4;1;1;
52898;202000034710;154 681 423;B01;1;7;0;2;4;2;1;
52899;202000034710;154 681 424;C01;1;7;0;0;4;2;1;
52900;202000034710;154 681 425;A01;1;7;0;2;1;2;1;
52901;202000034711;154 681 422;A01;3;7;15;0;2;15;1;
52902;202000034712;154 681 420;B01;1;15;0;0;4;2;1;
52903;202000034712;154 681 421;A01;1;7;0;2;1;2;1;
52904;202000034713;154 681 415;B01;1;7;0;2;8;0;1;
52905;202000034713;154 681 417;A01;1;7;0;2;1;0;1;
52906;202000034713;154 681 418;C01;1;7;0;2;3;0;1;
52907;202000034715;154 681 413;B01;2;1;0;2;1;1;5;
52908;202000034715;154 681 414;A01;2;7;0;2;7;20;1;
52909;202000034716;154 681 410;B01;0;7;0;2;3;1;1;
52910;202000034716;154 681 412;A01;2;37;0;2;2;1;1;2.0
52911;202000034717;154 681 411;A01;2;10;8;2;2;14;1;
52912;202000034718;154 681 407;B01;2;7;0;2;4;1;1;
52913;202000034718;154 681 409;A01;2;34;0;2;1;9;1;
52914;202000034719;154 681 405;B01;1;7;0;2;1;1;1;
52915;202000034719;154 681 408;A01;2;7;0;2;1;15;1;
52916;202000034721;154 681 401;B01;1;7;3;2;8;1;1;
52917;202000034721;154 681 402;A01;1;17;0;2;2;12;1;
52918;202000034722;154 681 399;A01;3;99;0;0;7;15;1;
52919;202000034723;154 681 400;B01;2;33;0;2;2;1;1;
52920;202000034723;154 681 403;A01;2;10;0;2;1;15;1;
52921;202000034724;154 681 396;A01;2;7;13;2;4;9;1;
52922;202000034724;154 681 398;B01;2;33;13;2;1;9;1;
52923;202000034725;154 681 395;A01;0;7;0;2;3;1;1;
52924;202000034725;154 681 397;B01;0;7;0;2;8;1;1;
52925;202000034726;154 681 393;B01;0;1;0;2;1;5;0;
52926;202000034726;154 681 394;A01;3;7;0;2;1;26;1;
52927;202000034727;154 681 391;B01;0;33;0;2;1;1;1;
52928;202000034727;154 681 392;A01;0;7;0;2;5;1;1;
52929;202000034728;154 681 389;A01;2;37;0;1;1;1;1;1.0
52930;202000034729;154 681 385;B01;1;15;0;2;2;1;1;
52931;202000034729;154 681 386;C01;1;15;0;2;8;24;1;
52932;202000034729;154 681 387;A01;1;7;0;2;3;10;1;
52933;202000034730;154 681 388;B01;3;7;0;2;4;23;1;
52934;202000034730;154 681 390;A01;3;30;0;2;1;1;1;
52935;202000034731;154 681 379;B01;2;7;0;2;3;11;1;
52936;202000034731;154 681 381;A01;2;33;0;2;1;3;1;
52937;202000034731;154 681 382;C01;2;7;0;2;5;1;1;
52938;202000034731;154 681 384;D01;2;7;0;2;4;1;1;
52939;202000034732;154 681 380;B01;1;10;0;2;3;1;1;
52940;202000034732;154 681 383;A01;2;30;0;2;1;1;1;
52941;202000034733;154 681 378;A01;2;7;0;1;2;1;1;
52942;202000034734;154 681 376;A01;1;1;0;1;1;1;5;
52943;202000034735;154 681 375;A01;1;7;0;2;4;23;0;
52944;202000034735;154 681 377;B01;1;7;0;2;1;2;0;
52945;202000034736;154 681 374;A01;1;7;0;1;3;15;1;
52946;202000034737;154 681 372;B01;1;1;0;2;8;12;5;
52947;202000034737;154 681 373;A01;1;7;0;2;7;16;1;
52948;202000034739;154 681 369;B01;1;10;0;2;1;1;1;
52949;202000034739;154 681 370;A01;1;34;0;2;3;9;0;
52950;202000034742;154 681 364;A01;2;34;0;2;1;1;1;
52951;202000034742;154 681 365;B01;1;7;0;2;2;15;0;
52952;202000034743;154 681 362;B01;1;7;0;2;2;16;4;
52953;202000034743;154 681 363;A01;1;30;0;2;3;1;1;
52954;202000034744;154 681 361;A01;3;7;0;1;3;21;1;
52955;202000034745;154 681 360;A01;1;33;0;0;1;26;0;
52956;202000034746;154 681 359;A01;1;10;0;0;1;14;0;
52957;202000034747;154 681 357;A01;0;37;0;2;1;1;2;2.0
52958;202000034747;154 681 358;B01;3;7;0;2;0;0;1;
52959;202000034748;154 681 355;B01;2;7;0;2;4;1;1;
52960;202000034748;154 681 356;A01;2;7;0;2;1;1;1;
52961;202000034750;154 681 352;B01;2;7;0;2;3;1;1;
52962;202000034750;154 681 353;A01;1;10;0;2;2;15;1;
52963;202000034751;154 681 350;A01;1;32;0;2;1;3;1;
52964;202000034751;154 681 351;B01;1;7;0;2;4;1;1;
52965;202000034752;154 681 348;A01;2;31;0;2;1;2;1;
52966;202000034752;154 681 349;B01;2;7;0;2;6;2;1;
52967;202000034753;154 681 346;B01;1;7;0;2;0;1;1;
52968;202000034753;154 681 347;A01;1;43;0;2;6;17;1;
52969;202000034754;154 681 345;A01;2;7;0;1;2;1;1;
52970;202000034755;154 681 344;Z01;0;10;8;1;4;4;0;
52971;202000034756;154 681 342;B01;2;7;0;2;6;15;1;
52972;202000034756;154 681 343;A01;2;30;0;2;1;17;1;
52973;202000034757;154 681 340;B01;1;33;0;2;3;18;1;
52974;202000034757;154 681 341;A01;1;13;0;2;5;1;1;
52975;202000034758;154 681 338;A01;2;7;0;2;8;22;1;
52976;202000034758;154 681 339;B01;2;1;0;2;1;1;5;
52977;202000034759;154 681 336;A01;1;10;0;2;2;9;1;
52978;202000034759;154 681 337;B01;1;33;0;2;1;1;1;
52979;202000034760;154 681 334;A01;1;33;0;2;3;1;1;
52980;202000034760;154 681 335;B01;1;7;0;2;5;14;1;
52981;202000034761;154 681 332;Z01;2;30;0;2;0;0;0;
52982;202000034761;154 681 333;A01;2;1;0;2;4;19;5;
52983;202000034762;154 681 330;A01;1;10;0;2;1;2;1;
52984;202000034762;154 681 331;B01;1;10;0;2;4;23;1;
52985;202000034763;154 681 329;A01;1;50;0;1;1;25;3;
52986;202000034764;154 681 328;A01;2;7;0;1;4;4;3;
52987;202000034765;154 681 326;B01;1;7;0;2;4;1;1;
52988;202000034765;154 681 327;A01;1;7;0;2;1;1;1;
52989;202000034766;154 681 324;B01;1;7;0;2;2;1;2;
52990;202000034766;154 681 325;A01;1;7;0;2;3;9;1;
52991;202000034768;154 681 320;Z01;0;1;0;2;0;9;5;
52992;202000034768;154 681 321;A01;2;31;0;2;1;1;1;
52993;202000034770;154 681 317;A01;2;10;0;1;1;15;1;
52994;202000034771;154 681 315;A01;2;7;0;2;0;26;1;
52995;202000034771;154 681 316;B01;2;31;0;2;1;1;1;
52996;202000034772;154 681 313;B01;1;7;0;2;4;1;1;
52997;202000034772;154 681 314;A01;1;33;0;2;1;1;1;
52998;202000034773;154 681 312;A01;3;7;0;1;1;1;0;
52999;202000034774;154 681 310;B01;1;33;0;2;1;3;1;
53000;202000034774;154 681 311;A01;1;7;0;0;3;23;1;
53001;202000034775;154 681 309;A01;1;30;0;1;1;1;0;
53002;202000034776;154 681 307;A01;1;10;0;2;3;15;0;
53003;202000034776;154 681 308;B01;1;33;0;2;2;2;0;
53004;202000034777;154 681 305;B01;1;7;0;2;3;13;1;
53005;202000034777;154 681 306;A01;1;34;0;2;2;17;1;
53006;202000034778;154 681 304;A01;1;60;9;9;0;26;5;
53007;202000034779;154 681 303;A01;2;10;0;1;2;16;1;
53008;202000034780;154 681 302;A01;1;7;0;1;1;26;0;
53009;202000034781;154 681 301;A01;2;7;0;1;5;20;1;
53010;202000034782;154 681 300;A01;1;7;0;1;1;15;0;
53011;202000034783;154 681 299;A01;1;7;0;1;1;9;1;
53012;202000034784;154 681 298;A01;1;7;0;1;1;2;1;
53013;202000034785;154 681 296;B01;0;1;0;2;8;19;5;
53014;202000034785;154 681 297;A01;1;10;0;2;8;15;1;
53015;202000034786;154 681 293;A01;2;15;0;2;2;2;1;
53016;202000034786;154 681 294;B01;2;7;0;2;4;2;1;
53017;202000034786;154 681 295;C01;2;7;0;0;4;2;1;
53018;202000034787;154 681 291;B01;3;7;0;9;3;1;1;
53019;202000034787;154 681 292;A01;3;50;0;2;1;1;3;
53020;202000034788;154 681 289;B01;1;7;0;2;8;15;1;
53021;202000034788;154 681 290;A01;1;32;0;2;7;17;1;
53022;202000034790;154 681 286;A01;1;7;0;2;2;1;1;
53023;202000034790;154 681 287;B01;2;1;0;2;8;19;5;
53024;202000034791;154 681 284;B01;2;7;0;2;2;1;1;
53025;202000034791;154 681 285;A01;1;2;0;2;7;19;1;
53026;202000034792;154 681 283;A01;1;7;2;9;1;14;1;
53027;202000034793;154 681 281;B01;1;7;0;2;1;1;1;
53028;202000034793;154 681 282;A01;2;7;0;2;1;13;1;
53029;202000034794;154 681 279;B01;2;7;0;2;1;1;1;
53030;202000034794;154 681 280;A01;1;7;0;2;5;1;1;