;Num_Acc;id_vehicule;num_veh;senc;catv;obs;obsm;choc;manv;motor;occutc
53031;202000034795;154 681 277;B01;3;7;0;2;3;1;1;
53032;202000034795;154 681 278;A01;3;7;0;2;2;13;1;
53033;202000034796;154 681 276;A01;2;7;0;0;9;1;1;
53034;202000034797;154 681 274;A01;1;7;0;2;8;13;1;
53035;202000034797;154 681 275;B01;2;7;0;2;3;1;1;
53036;202000034798;154 681 272;A01;1;7;0;2;3;13;1;
53037;202000034798;154 681 273;B01;1;10;0;2;3;1;1;
53038;202000034799;154 681 271;A01;1;7;0;0;0;1;1;
53039;202000034800;154 681 270;A01;3;7;0;1;2;16;0;
53040;202000034801;154 681 269;A01;1;1;0;5;1;1;5;
53041;202000034802;154 681 267;A01;2;7;0;2;1;1;1;
53042;202000034802;154 681 268;B01;1;7;0;2;1;1;1;
53043;202000034803;154 681 265;A01;1;7;0;2;1;1;1;
53044;202000034803;154 681 266;B01;1;7;0;2;7;19;1;
53045;202000034804;154 681 262;A01;1;7;0;2;3;13;1;
53046;202000034804;154 681 263;B01;2;7;0;2;6;1;1;
53047;202000034804;154 681 264;C01;2;7;0;2;3;1;1;
53048;202000034805;154 681 261;A01;1;2;13;0;2;1;1;
53049;202000034806;154 681 260;A01;1;33;0;0;1;14;1;
53050;202000034807;154 681 259;A01;2;7;6;0;1;1;0;
53051;202000034808;154 681 258;A01;1;7;0;1;1;1;1;
53052;202000034809;154 681 257;A01;1;7;13;0;0;26;1;
53053;202000034811;154 681 253;A01;1;2;0;2;1;2;1;
53054;202000034811;154 681 254;B01;3;7;0;0;5;2;1;
53055;202000034812;154 681 251;A01;1;7;0;2;2;15;1;
53056;202000034812;154 681 252;B01;1;2;0;2;1;1;0;
53057;202000034813;154 681 248;A01;1;10;0;2;1;2;1;
53058;202000034813;154 681 249;C01;1;17;0;0;4;1;6;
53059;202000034813;154 681 250;B01;1;15;0;0;0;1;1;
53060;202000034814;154 681 246;A01;2;10;0;2;3;1;1;
53061;202000034814;154 681 247;B01;1;7;0;2;1;1;1;
53062;202000034815;154 681 243;C01;1;7;0;2;1;1;1;
53063;202000034815;154 681 244;B01;1;7;0;2;1;1;1;
53064;202000034815;154 681 245;A01;2;7;0;2;1;6;1;
53065;202000034816;154 681 241;B01;1;7;0;2;1;0;1;
53066;202000034816;154 681 242;A01;2;7;0;2;2;17;1;
53067;202000034817;154 681 239;B01;2;14;0;2;8;1;1;
53068;202000034817;154 681 240;A01;1;7;0;2;1;13;1;
53069;202000034818;154 681 238;A01;0;7;0;1;3;1;1;
53070;202000034819;154 681 236;B01;0;15;0;2;1;1;1;
53071;202000034819;154 681 237;A01;0;7;0;2;1;1;1;
53072;202000034821;154 681 232;B01;1;7;0;2;4;1;1;
53073;202000034821;154 681 233;A01;1;7;0;2;1;9;1;
53074;202000034822;154 681 230;A01;2;7;0;2;3;1;1;
53075;202000034822;154 681 231;B01;2;7;0;2;4;2;1;
53076;202000034823;154 681 228;B01;1;7;0;2;6;1;2;
53077;202000034823;154 681 229;A01;1;34;0;2;1;2;1;
53078;202000034825;154 681 223;B01;2;7;0;2;4;2;1;
53079;202000034825;154 681 224;A01;2;10;0;2;1;2;1;
53080;202000034826;154 681 221;B01;2;34;0;2;1;0;1;
53081;202000034826;154 681 222;A01;2;7;0;2;6;0;1;
53082;202000034827;154 681 216;A01;2;10;0;2;1;2;1;
53083;202000034827;154 681 217;B01;2;7;0;2;1;2;1;
53084;202000034827;154 681 218;C01;2;7;0;2;1;2;1;
53085;202000034827;154 681 219;D01;2;7;0;2;1;2;1;
53086;202000034827;154 681 220;E01;2;7;0;2;4;9;1;
53087;202000034829;154 681 208;B01;2;7;0;2;4;2;1;
53088;202000034829;154 681 209;C01;2;7;0;2;4;2;1;
53089;202000034829;154 681 210;A01;2;7;0;2;1;2;0;
53090;202000034830;154 681 207;A01;1;7;0;1;2;16;1;
53091;202000034831;154 681 206;A01;2;7;0;1;4;4;1;
53092;202000034832;154 681 204;B01;1;7;0;2;7;1;1;
53093;202000034832;154 681 205;A01;1;7;0;2;1;1;1;
53094;202000034833;154 681 202;B01;2;7;0;2;2;1;1;
53095;202000034833;154 681 203;A01;2;7;6;2;9;7;1;
53096;202000034835;154 681 200;A01;1;50;0;0;2;1;3;
53097;202000034836;154 681 198;B01;3;7;0;2;4;23;1;
53098;202000034836;154 681 199;A01;3;30;0;2;1;2;1;
53099;202000034837;154 681 194;A01;1;7;0;0;0;24;1;
53100;202000034837;154 681 195;B01;1;7;0;2;6;13;1;
53101;202000034837;154 681 196;C01;1;33;0;2;2;17;1;
53102;202000034837;154 681 197;D01;2;7;0;2;1;21;1;
53103;202000034838;154 681 193;A01;1;7;13;0;2;14;1;
53104;202000034839;154 681 191;B01;3;7;0;2;4;1;1;
53105;202000034839;154 681 192;A01;3;7;0;2;1;2;1;
53106;202000034840;154 681 189;B01;1;33;0;2;3;21;1;
53107;202000034840;154 681 190;A01;1;10;0;2;6;11;1;
53108;202000034841;154 681 187;B01;2;7;15;2;7;1;1;
53109;202000034841;154 681 188;A01;3;7;0;2;1;9;1;
53110;202000034842;154 681 186;A01;1;7;0;1;1;1;1;
53111;202000034843;154 681 184;B01;2;7;0;2;1;1;1;
53112;202000034843;154 681 185;A01;1;7;0;2;1;13;1;
53113;202000034844;154 681 182;A01;1;17;0;2;2;2;1;
53114;202000034844;154 681 183;B01;1;17;0;0;0;0;1;
53115;202000034845;154 681 180;B01;1;7;0;2;1;0;1;
53116;202000034845;154 681 181;A01;1;7;0;2;3;0;1;
53117;202000034846;154 681 179;A01;0;1;0;0;8;0;5;
53118;202000034847;154 681 177;A01;1;10;0;2;1;2;1;
53119;202000034847;154 681 178;B01;1;10;0;2;4;1;1;
53120;202000034848;154 681 176;A01;0;7;0;1;1;1;1;
53121;202000034850;154 681 172;A01;3;32;0;2;8;17;0;
53122;202000034850;154 681 173;B01;3;7;0;2;8;15;1;
53123;202000034851;154 681 170;A01;3;10;0;2;1;9;1;
53124;202000034851;154 681 171;B01;3;33;0;2;7;0;1;
53125;202000034852;154 681 168;B01;3;31;0;2;1;1;1;
53126;202000034852;154 681 169;A01;3;7;0;2;3;9;1;
53127;202000034853;154 681 165;A01;0;32;0;2;1;17;1;
53128;202000034853;154 681 166;B01;0;7;0;2;6;1;1;
53129;202000034853;154 681 167;C01;0;10;0;2;3;1;1;
53130;202000034854;154 681 163;A01;2;7;0;2;0;15;1;
53131;202000034854;154 681 164;B01;2;31;0;0;0;1;1;
53132;202000034855;154 681 162;A01;2;50;14;0;1;1;3;
53133;202000034856;154 681 160;B01;1;1;0;2;8;1;5;
53134;202000034856;154 681 161;A01;0;7;0;2;3;9;1;
53135;202000034857;154 681 158;A01;2;1;0;2;0;26;5;
53136;202000034857;154 681 159;Z01;2;7;0;2;0;0;0;
53137;202000034858;154 681 156;A01;2;7;0;2;5;15;1;
53138;202000034858;154 681 157;B01;1;7;0;2;1;1;1;
53139;202000034859;154 681 154;B01;2;50;0;2;0;0;3;
53140;202000034859;154 681 155;A01;1;7;0;2;0;15;1;
53141;202000034860;154 681 152;A01;1;33;0;2;8;17;1;
53142;202000034860;154 681 153;B01;1;7;0;2;1;1;1;
53143;202000034861;154 681 151;A01;1;7;0;1;2;25;1;
53144;202000034864;154 681 146;A01;0;30;0;2;1;9;1;
53145;202000034864;154 681 147;B01;0;32;0;2;2;1;1;
53146;202000034865;154 681 143;A01;2;15;0;1;1;0;1;
53147;202000034866;154 681 141;A01;2;7;1;0;1;26;0;
53148;202000034866;154 681 142;B01;2;37;0;2;4;23;1;1.0
53149;202000034867;154 681 140;A01;3;10;1;0;1;1;1;
53150;202000034868;154 681 138;A01;0;7;0;2;0;0;0;
53151;202000034868;154 681 139;B01;1;7;0;2;0;0;1;
53152;202000034869;154 681 136;A01;2;7;0;9;3;1;1;
53153;202000034869;154 681 137;B01;2;50;0;2;7;1;3;
53154;202000034870;154 681 134;A01;2;32;0;2;3;1;1;
53155;202000034870;154 681 135;Z01;2;7;0;2;5;17;0;
53156;202000034871;154 681 132;B01;2;7;0;2;3;1;2;
53157;202000034871;154 681 133;A01;1;7;0;2;1;13;1;
53158;202000034872;154 681 130;A01;1;10;0;2;3;13;1;
53159;202000034872;154 681 131;B01;2;10;0;2;0;0;1;
53160;202000034873;154 681 128;A01;3;7;0;2;2;9;1;
53161;202000034873;154 681 129;B01;0;7;0;2;1;1;1;
53162;202000034874;154 681 127;A01;1;7;13;0;9;13;1;
53163;202000034875;154 681 126;A01;1;7;14;1;7;1;0;
53164;202000034876;154 681 124;B01;2;33;0;2;1;1;1;
53165;202000034876;154 681 125;A01;2;7;0;2;7;15;1;
53166;202000034877;154 681 119;E01;2;10;0;2;1;1;1;
53167;202000034877;154 681 120;D01;1;15;0;2;1;1;1;
53168;202000034877;154 681 121;C01;1;7;0;2;4;1;2;
53169;202000034877;154 681 122;B01;1;10;0;2;4;23;1;
53170;202000034877;154 681 123;A01;1;7;0;2;6;1;1;
53171;202000034878;154 681 118;A01;1;50;0;1;7;1;3;
53172;202000034879;154 681 117;A01;2;50;1;0;0;14;3;
53173;202000034880;154 681 115;A01;2;10;0;2;1;15;1;
53174;202000034880;154 681 116;B01;1;32;0;1;1;1;1;
53175;202000034881;154 681 112;C01;1;7;0;2;4;23;1;
53176;202000034881;154 681 113;B01;1;7;0;2;4;23;1;
53177;202000034881;154 681 114;A01;1;7;0;2;1;1;1;
53178;202000034882;154 681 110;A01;3;50;0;2;8;9;3;
53179;202000034882;154 681 111;B01;3;7;0;2;1;1;2;
53180;202000034883;154 681 108;A01;3;30;0;2;4;1;1;
53181;202000034883;154 681 109;B01;3;7;0;2;1;2;1;
53182;202000034884;154 681 106;A01;1;7;0;2;3;13;1;
53183;202000034884;154 681 107;B01;2;1;0;2;1;1;5;
53184;202000034885;154 681 104;B01;2;1;0;2;7;1;5;
53185;202000034885;154 681 105;A01;2;7;0;2;8;22;1;
53186;202000034886;154 681 103;A01;1;10;0;1;5;4;1;
53187;202000034887;154 681 102;A01;1;7;0;1;2;1;1;
53188;202000034888;154 681 101;A01;2;31;0;0;0;2;3;
53189;202000034889;154 681 099;B01;1;1;0;2;6;19;5;
53190;202000034889;154 681 100;A01;1;32;0;2;1;1;1;
53191;202000034890;154 681 098;A01;2;32;0;1;3;1;1;
53192;202000034891;154 681 096;A01;2;1;0;2;1;13;5;
53193;202000034891;154 681 097;B01;1;50;0;2;1;1;3;
53194;202000034892;154 681 094;Z01;1;1;0;2;1;1;5;
53195;202000034892;154 681 095;A01;1;1;0;2;2;23;5;
53196;202000034893;154 681 093;A01;2;50;0;1;1;25;3;
53197;202000034894;154 681 091;B01;2;1;0;2;0;1;5;
53198;202000034894;154 681 092;A01;1;1;0;2;0;17;5;
53199;202000034895;154 681 089;A01;3;7;0;2;2;15;1;
53200;202000034895;154 681 090;B01;1;7;0;2;3;1;2;
53201;202000034896;154 681 087;B01;1;30;0;2;1;1;3;
53202;202000034896;154 681 088;A01;2;7;0;2;3;1;1;
53203;202000034897;154 681 086;A01;1;32;0;0;0;21;1;
53204;202000034898;154 681 083;B01;2;7;0;2;3;1;1;
53205;202000034898;154 681 084;A01;1;10;0;2;1;1;1;
53206;202000034899;154 681 081;B01;2;1;1;0;1;2;0;
53207;202000034899;154 681 082;A01;2;10;0;2;3;24;1;
53208;202000034900;154 681 080;A01;1;10;0;1;7;26;0;
53209;202000034901;154 681 079;A01;3;7;0;1;6;4;0;
53210;202000034902;154 681 078;A01;3;32;0;9;8;21;0;
53211;202000034903;154 681 076;A01;1;7;0;2;3;1;1;
53212;202000034903;154 681 077;Y01;2;60;0;2;0;19;5;
53213;202000034904;154 681 075;A01;3;1;14;0;1;1;5;
53214;202000034905;154 681 074;A01;3;7;1;0;0;0;1;
53215;202000034906;154 681 072;Z01;2;7;0;2;1;2;1;
53216;202000034906;154 681 073;A01;2;31;0;2;4;2;1;
53217;202000034907;154 681 071;A01;1;7;0;1;1;16;1;
53218;202000034908;154 681 067;A01;2;7;0;0;4;23;1;
53219;202000034908;154 681 068;B01;2;7;0;2;4;2;1;
53220;202000034908;154 681 069;C01;2;7;0;2;4;2;1;
53221;202000034908;154 681 070;D01;2;7;0;2;1;2;1;
53222;202000034909;154 681 065;B01;0;31;0;2;4;23;1;
53223;202000034909;154 681 066;A01;0;7;0;2;1;1;1;
53224;202000034911;154 681 061;A01;2;7;0;2;4;23;1;
53225;202000034911;154 681 062;B01;2;7;0;2;1;1;1;
53226;202000034912;154 681 057;A01;3;7;0;2;1;9;0;
53227;202000034912;154 681 058;D01;0;7;0;0;1;0;1;
53228;202000034912;154 681 059;C01;0;7;0;0;3;0;1;
53229;202000034912;154 681 060;B01;3;7;0;2;7;1;1;
53230;202000034913;154 681 055;A01;1;7;0;2;7;12;1;
53231;202000034913;154 681 056;B01;1;32;0;2;1;0;1;
53232;202000034914;154 681 054;A01;2;7;9;0;3;16;1;
53233;202000034915;154 681 052;B01;1;33;0;2;7;1;1;
53234;202000034915;154 681 053;Z01;1;10;0;2;8;11;1;
53235;202000034916;154 681 050;A01;1;32;0;2;1;1;1;
53236;202000034916;154 681 051;B01;2;2;0;2;8;19;1;
53237;202000034917;154 681 048;A01;1;1;1;2;8;21;5;
53238;202000034917;154 681 049;B01;1;10;0;0;0;0;0;
53239;202000034918;154 681 046;A01;1;7;0;2;2;15;1;
53240;202000034918;154 681 047;B01;1;10;0;2;1;1;1;
53241;202000034919;154 681 045;A01;3;7;2;0;3;1;0;
53242;202000034920;154 681 042;A01;1;7;3;0;0;1;1;
53243;202000034920;154 681 043;B01;1;7;3;0;0;1;1;
53244;202000034920;154 681 044;C01;1;7;14;0;1;1;1;
53245;202000034922;154 681 038;B01;1;7;0;2;3;5;1;
53246;202000034922;154 681 039;A01;2;7;0;2;3;1;1;
53247;202000034923;154 681 037;A01;1;33;13;0;1;1;1;
53248;202000034926;154 681 032;B01;2;7;0;2;1;1;1;
53249;202000034926;154 681 033;A01;1;7;0;2;1;13;1;
53250;202000034928;154 681 027;B01;0;7;0;2;3;1;1;
53251;202000034928;154 681 028;C01;0;7;0;2;8;1;1;
53252;202000034928;154 681 029;A01;0;10;0;2;3;13;1;
53253;202000034929;154 681 025;B01;1;15;13;0;3;1;1;
53254;202000034929;154 681 026;A01;2;7;14;0;3;1;1;
53255;202000034930;154 681 024;A01;1;33;0;0;0;2;1;
53256;202000034931;154 681 022;B01;3;1;0;2;1;16;5;
53257;202000034931;154 681 023;A01;2;7;0;9;2;1;1;
53258;202000034932;154 681 021;A01;0;7;0;1;2;14;1;
53259;202000034933;154 681 019;A01;2;7;0;2;1;1;0;
53260;202000034933;154 681 020;B01;2;7;0;0;4;15;0;
53261;202000034934;154 681 018;A01;2;2;0;0;0;14;1;
53262;202000034935;154 681 016;B01;2;33;0;2;1;1;1;
53263;202000034935;154 681 017;A01;1;7;0;2;7;15;1;
53264;202000034936;154 681 015;A01;1;33;13;0;0;1;1;
53265;202000034937;154 681 013;B01;3;2;0;2;1;0;1;
53266;202000034937;154 681 014;A01;3;7;0;2;1;5;1;
53267;202000034938;154 681 012;A01;1;7;13;0;1;0;1;
53268;202000034939;154 681 011;A01;1;7;2;0;1;1;1;
53269;202000034940;154 681 009;B01;1;7;0;2;8;15;1;
53270;202000034940;154 681 010;A01;2;33;0;2;1;1;1;
53271;202000034941;154 681 008;A01;1;7;2;0;1;1;1;
53272;202000034942;154 681 006;B01;2;1;0;2;1;1;5;
53273;202000034942;154 681 007;A01;2;7;0;2;3;15;1;
53274;202000034943;154 681 004;A01;1;80;0;9;4;1;3;
53275;202000034943;154 681 005;B01;1;7;0;9;2;1;6;
53276;202000034944;154 681 003;A01;2;7;2;0;2;14;1;
53277;202000034945;154 681 001;A01;2;7;0;2;0;17;1;
53278;202000034945;154 681 002;B01;2;1;0;2;8;15;5;
53279;202000034946;154 680 999;A01;1;7;0;2;3;1;1;
53280;202000034946;154 681 000;B01;2;7;0;2;3;1;1;
53281;202000034948;154 680 996;B01;2;7;0;2;1;21;1;
53282;202000034948;154 680 997;A01;1;7;0;2;1;13;1;
53283;202000034949;154 680 995;A01;1;7;0;1;1;1;1;
53284;202000034950;154 680 994;A01;1;7;0;1;1;2;1;
53285;202000034952;154 680 990;A01;2;33;0;6;1;1;1;
53286;202000034953;154 680 988;A01;1;31;0;2;4;15;1;
53287;202000034953;154 680 989;B01;1;33;0;2;1;15;1;
53288;202000034954;154 680 987;A01;2;7;13;0;9;0;1;
53289;202000034955;154 680 986;A01;1;7;0;0;2;1;1;
53290;202000034956;154 680 985;A01;1;7;8;0;2;1;1;
53291;202000034957;154 680 984;A01;2;7;2;0;3;14;1;
53292;202000034958;154 680 981;B01;2;7;0;2;2;1;1;
53293;202000034958;154 680 983;A01;1;7;13;2;1;13;1;
53294;202000034959;154 680 980;A01;3;15;0;2;1;15;1;
53295;202000034959;154 680 982;B01;3;7;0;2;4;23;6;
53296;202000034960;154 680 979;A01;2;33;0;0;7;1;1;
53297;202000034961;154 680 976;B01;3;31;0;2;8;15;1;
53298;202000034961;154 680 977;A01;2;7;8;2;2;1;1;
53299;202000034962;154 680 975;B01;2;10;0;2;1;1;1;
53300;202000034962;154 680 978;A01;1;7;0;2;3;9;1;
53301;202000034963;154 680 973;B01;2;15;0;0;4;1;1;
53302;202000034963;154 680 974;A01;2;10;0;2;1;2;1;
53303;202000034964;154 680 971;A01;2;7;0;2;1;1;1;
53304;202000034964;154 680 972;B01;2;30;0;2;4;1;1;
53305;202000034965;154 680 969;B01;2;7;0;2;5;11;1;
53306;202000034965;154 680 970;A01;2;33;0;2;1;21;1;
53307;202000034966;154 680 967;B01;1;33;0;2;1;17;1;
53308;202000034966;154 680 968;A01;1;7;0;2;3;10;1;
53309;202000034967;154 680 966;A01;2;7;4;0;3;17;1;
53310;202000034968;154 680 964;B01;1;7;0;2;4;1;1;
53311;202000034968;154 680 965;A01;1;30;0;2;1;1;1;
53312;202000034969;154 680 963;A01;2;7;3;0;2;14;1;
53313;202000034970;154 680 960;A01;1;7;0;2;2;15;1;
53314;202000034970;154 680 962;B01;2;1;0;2;1;0;0;
53315;202000034971;154 680 959;B01;2;15;0;0;6;2;1;
53316;202000034971;154 680 961;A01;2;10;0;2;1;2;1;
53317;202000034972;154 680 957;B01;1;1;0;0;0;0;5;
53318;202000034972;154 680 958;A01;1;37;0;2;5;1;1;1.0
53319;202000034973;154 680 954;A01;1;7;0;2;1;2;1;
53320;202000034973;154 680 956;B01;1;7;0;0;4;1;1;
53321;202000034974;154 680 953;A01;1;33;0;2;1;2;1;
53322;202000034974;154 680 955;B01;1;7;0;2;4;2;0;
53323;202000034975;154 680 951;A01;2;7;0;2;3;13;0;
53324;202000034975;154 680 952;B01;1;7;0;2;3;1;0;
53325;202000034976;154 680 949;A01;2;7;0;2;5;11;1;
53326;202000034976;154 680 950;B01;2;2;0;2;3;18;1;
53327;202000034977;154 680 947;B01;1;33;0;2;1;1;1;
53328;202000034977;154 680 948;A01;1;7;0;2;4;17;0;
53329;202000034978;154 680 946;A01;1;7;13;0;1;14;1;
53330;202000034979;154 680 943;B01;1;33;0;2;1;1;1;
53331;202000034979;154 680 945;A01;1;7;0;2;3;15;1;
53332;202000034980;154 680 942;A01;1;7;0;1;1;1;1;
53333;202000034981;154 680 939;A01;1;33;6;0;7;1;1;
53334;202000034982;154 680 938;A01;1;7;0;2;1;15;1;
53335;202000034982;154 680 940;B01;1;7;0;2;7;1;1;
53336;202000034984;154 680 935;A01;1;33;0;6;2;1;1;
53337;202000034985;154 680 934;A01;0;7;0;1;1;18;1;
53338;202000034986;154 680 930;C01;2;7;0;2;2;1;6;
53339;202000034986;154 680 932;B01;2;7;0;2;5;1;6;
53340;202000034986;154 680 933;A01;1;7;0;2;2;1;6;
53341;202000034987;154 680 929;B01;2;7;0;2;1;1;1;
53342;202000034987;154 680 931;A01;1;7;0;2;1;15;1;
53343;202000034988;154 680 928;A01;-1;33;13;0;9;14;1;
53344;202000034989;154 680 926;A01;1;33;13;0;1;0;1;
53345;202000034990;154 680 925;B01;1;7;0;2;3;26;1;
53346;202000034990;154 680 927;A01;2;7;15;0;4;26;0;
53347;202000034991;154 680 924;A01;2;7;8;0;8;1;1;
53348;202000034992;154 680 923;A01;2;7;0;1;1;1;1;
53349;202000034993;154 680 919;B01;1;1;0;2;1;1;0;
53350;202000034993;154 680 921;A01;2;7;0;9;3;1;0;
53351;202000034994;154 680 920;B01;1;33;0;2;8;1;1;
53352;202000034994;154 680 922;X01;1;99;0;2;1;1;3;
53353;202000034995;154 680 916;A01;2;10;0;2;2;13;1;
53354;202000034995;154 680 917;B01;1;7;0;2;1;1;1;
53355;202000034996;154 680 915;B01;1;2;0;2;7;1;1;
53356;202000034996;154 680 918;A01;1;7;0;2;3;16;1;
53357;202000034997;154 680 912;A01;3;31;11;0;0;17;1;
53358;202000034998;154 680 911;C01;1;7;0;2;6;1;1;
53359;202000034998;154 680 913;A01;1;7;0;2;2;12;1;
53360;202000034998;154 680 914;B01;1;43;0;2;3;3;1;
53361;202000034999;154 680 910;A01;1;7;4;0;1;14;1;
53362;202000035000;154 680 909;A01;2;7;4;0;1;1;1;
53363;202000035001;154 680 908;A01;1;7;4;0;1;14;1;
53364;202000035003;154 680 904;Z01;1;7;0;2;2;16;1;
53365;202000035003;154 680 906;A01;1;1;0;2;8;1;5;
53366;202000035005;154 680 901;A01;2;50;0;1;7;1;3;
53367;202000035006;154 680 896;C01;2;7;0;2;4;0;1;
53368;202000035006;154 680 897;A01;2;7;0;2;1;2;1;
53369;202000035006;154 680 899;B01;2;7;0;2;4;0;1;
53370;202000035006;154 680 900;Z01;2;7;0;2;0;0;0;
53371;202000035007;154 680 898;A01;1;30;0;0;0;21;2;
53372;202000035008;154 680 895;A01;1;32;0;0;0;1;1;
53373;202000035009;154 680 894;A01;2;32;0;0;0;1;1;
53374;202000035010;154 680 893;A01;1;7;4;0;3;26;1;
53375;202000035011;154 680 890;B01;2;7;0;2;3;9;1;
53376;202000035011;154 680 892;A01;2;15;0;2;2;12;1;
53377;202000035012;154 680 891;Z01;2;30;0;1;0;1;1;
53378;202000035013;154 680 887;B01;2;7;0;2;1;0;1;
53379;202000035013;154 680 889;A01;2;7;0;2;4;26;1;
53380;202000035014;154 680 886;B01;1;10;0;2;5;1;3;
53381;202000035014;154 680 888;A01;1;1;0;2;3;1;5;
53382;202000035015;154 680 885;A01;1;7;0;1;7;15;1;
53383;202000035018;154 680 880;A01;3;32;0;2;7;1;1;
53384;202000035018;154 680 882;B01;3;7;0;2;0;23;3;
53385;202000035019;154 680 878;A01;2;7;0;2;7;1;0;
53386;202000035019;154 680 879;B01;1;7;0;2;1;0;0;
53387;202000035020;154 680 876;A01;1;7;0;2;2;15;1;
53388;202000035020;154 680 877;B01;2;1;0;2;1;1;5;
53389;202000035021;154 680 875;A01;3;36;0;0;0;1;1;
53390;202000035022;154 680 872;A01;2;10;0;2;2;22;1;
53391;202000035022;154 680 874;B01;2;1;0;2;3;1;5;
53392;202000035023;154 680 870;Z01;1;1;0;2;1;10;5;
53393;202000035023;154 680 871;A01;2;1;0;2;1;1;5;
53394;202000035024;154 680 869;A01;3;7;0;2;1;2;1;
53395;202000035024;154 680 873;B01;3;7;0;2;4;2;1;
53396;202000035025;154 680 867;A01;2;7;0;2;7;1;1;
53397;202000035025;154 680 868;B01;2;7;1;2;3;1;1;
53398;202000035026;154 680 865;A01;1;30;0;2;1;17;1;
53399;202000035026;154 680 866;B01;1;7;0;2;6;10;1;
53400;202000035027;154 680 861;B01;1;7;0;2;3;10;1;
53401;202000035027;154 680 862;A01;1;30;0;2;0;0;1;
53402;202000035028;154 680 863;B01;0;7;0;2;8;1;1;
53403;202000035028;154 680 864;A01;0;7;0;2;7;9;1;
53404;202000035029;154 680 859;A01;1;7;0;2;3;15;1;
53405;202000035029;154 680 860;B01;1;2;0;2;7;1;1;
53406;202000035030;154 680 857;A01;3;7;0;2;1;26;1;
53407;202000035030;154 680 858;B01;3;7;0;2;4;23;1;
53408;202000035031;154 680 854;A01;3;7;0;1;1;26;1;
53409;202000035032;154 680 853;C01;1;7;0;2;1;1;1;
53410;202000035032;154 680 855;B01;1;7;1;2;1;1;1;
53411;202000035032;154 680 856;A01;2;7;0;2;1;17;1;
53412;202000035035;154 680 847;A01;0;7;0;9;3;23;1;
53413;202000035035;154 680 848;B01;3;1;0;2;1;15;0;
53414;202000035036;154 680 846;A01;1;1;14;0;1;1;5;
53415;202000035037;154 680 844;A01;1;7;0;1;1;26;1;
53416;202000035038;154 680 841;C01;2;10;0;9;6;1;1;
53417;202000035038;154 680 842;B01;2;7;0;2;5;1;1;
53418;202000035038;154 680 843;A01;2;7;0;2;3;26;1;
53419;202000035039;154 680 845;A01;1;7;0;1;2;16;1;
53420;202000035040;154 680 839;B01;2;7;0;2;4;1;1;
53421;202000035040;154 680 840;A01;2;7;0;2;1;26;1;
53422;202000035041;154 680 838;A01;1;43;14;9;2;26;1;
53423;202000035042;154 680 835;B01;3;34;0;2;1;3;1;
53424;202000035042;154 680 837;A01;3;7;0;2;7;1;1;
53425;202000035043;154 680 834;B01;1;7;0;2;2;1;1;
53426;202000035043;154 680 836;A01;1;30;0;2;1;1;1;
53427;202000035044;154 680 832;B01;3;1;0;2;3;19;5;
53428;202000035044;154 680 833;A01;3;7;0;2;2;1;1;
53429;202000035045;154 680 831;A01;-1;7;0;1;1;1;0;
53430;202000035047;154 680 825;B01;3;7;0;2;1;2;1;
53431;202000035047;154 680 826;A01;3;7;0;2;1;16;1;
53432;202000035048;154 680 822;B01;3;7;0;2;2;0;1;
53433;202000035048;154 680 823;A01;3;32;0;2;8;1;1;
53434;202000035049;154 680 820;B01;1;1;0;2;8;0;5;
53435;202000035049;154 680 821;A01;1;17;0;2;5;16;1;
53436;202000035050;154 680 819;A01;0;7;0;1;1;1;1;
53437;202000035052;154 680 816;B01;3;1;0;2;2;1;0;
53438;202000035052;154 680 817;A01;3;10;0;2;3;3;1;
53439;202000035053;154 680 813;B01;2;33;0;2;1;1;1;
53440;202000035053;154 680 814;A01;1;3;0;2;6;15;1;
53441;202000035054;154 680 815;A01;2;7;2;0;1;1;1;
53442;202000035055;154 680 811;A01;2;3;3;0;0;0;3;
53443;202000035056;154 680 810;A01;0;14;0;2;1;1;1;
53444;202000035056;154 680 812;B01;0;7;0;2;7;1;1;
53445;202000035057;154 680 808;A01;2;7;8;0;1;1;1;
53446;202000035058;154 680 806;A01;1;7;0;2;1;1;1;
53447;202000035058;154 680 824;B01;1;2;0;2;7;1;1;
53448;202000035059;154 680 807;B01;1;33;0;2;1;0;1;
53449;202000035059;154 680 809;A01;2;7;0;2;6;0;1;
53450;202000035060;154 680 802;A01;2;7;0;2;3;20;1;
53451;202000035060;154 680 804;B01;2;32;0;2;2;2;1;
53452;202000035061;154 680 799;A01;2;7;0;2;1;2;1;
53453;202000035061;154 680 801;B01;2;7;0;2;4;2;1;
53454;202000035061;154 680 805;C01;2;7;0;2;4;2;1;
53455;202000035062;154 680 800;A01;2;15;0;2;6;12;1;
53456;202000035062;154 680 803;B01;2;7;0;2;6;1;1;
53457;202000035063;154 680 797;A01;1;7;0;1;7;1;3;
53458;202000035064;154 680 795;B01;3;7;0;2;2;9;0;
53459;202000035064;154 680 798;A01;1;7;0;2;3;9;0;
53460;202000035065;154 680 794;A01;1;7;0;2;1;2;1;
53461;202000035065;154 680 796;B01;1;7;0;0;4;1;1;
53462;202000035066;154 680 791;B01;1;17;0;1;1;21;1;
53463;202000035067;154 680 789;B01;1;33;0;2;1;3;0;
53464;202000035067;154 680 793;A01;1;7;0;2;8;15;0;