;Num_Acc;id_vehicule;num_veh;senc;catv;obs;obsm;choc;manv;motor;occutc
53465;202000035068;154 680 790;B01;0;31;0;2;7;1;0;
53466;202000035068;154 680 792;A01;0;7;0;2;8;10;0;
53467;202000035070;154 680 786;A01;0;33;0;0;0;0;0;
53468;202000035071;154 680 785;B01;1;7;0;0;3;15;0;
53469;202000035071;154 680 787;A01;1;30;0;0;7;17;0;
53470;202000035072;154 680 781;A01;2;7;0;2;1;1;1;
53471;202000035072;154 680 783;B01;2;7;0;2;4;2;1;
53472;202000035072;154 680 784;C01;2;7;0;2;4;1;1;
53473;202000035073;154 680 782;A01;2;33;0;0;3;1;1;
53474;202000035074;154 680 779;A01;2;33;16;0;1;26;1;
53475;202000035076;154 680 777;A01;2;7;0;1;3;26;1;
53476;202000035077;154 680 775;B01;2;33;0;2;1;3;1;
53477;202000035077;154 680 776;A01;2;7;0;2;5;12;1;
53478;202000035078;154 680 774;A01;2;7;11;0;1;6;1;
53479;202000035079;154 680 771;B01;0;33;0;2;1;3;1;
53480;202000035079;154 680 773;A01;0;7;0;2;3;15;2;
53481;202000035080;154 680 769;A01;2;33;0;2;1;21;1;
53482;202000035080;154 680 772;B01;2;7;0;2;4;1;1;
53483;202000035081;154 680 768;A01;1;7;0;2;4;20;1;
53484;202000035081;154 680 770;B01;1;30;0;2;7;1;1;
53485;202000035082;154 680 764;A01;1;20;4;0;7;26;1;
53486;202000035082;154 680 765;B01;1;32;4;2;8;18;1;
53487;202000035083;154 680 766;A01;1;7;0;2;9;2;1;
53488;202000035083;154 680 767;B01;1;7;0;2;0;2;1;
53489;202000035084;154 680 762;B01;1;7;0;2;8;1;1;
53490;202000035084;154 680 763;A01;1;33;0;2;1;9;1;
53491;202000035085;154 680 760;A01;1;30;0;2;4;0;1;
53492;202000035085;154 680 761;B01;1;7;0;2;4;1;1;
53493;202000035086;154 680 758;B01;2;7;0;2;4;2;1;
53494;202000035086;154 680 759;A01;2;7;0;2;1;1;1;
53495;202000035087;154 680 756;B01;2;7;0;2;1;1;1;
53496;202000035087;154 680 757;A01;2;1;0;2;1;9;1;
53497;202000035089;154 680 752;A01;2;10;0;1;3;4;1;
53498;202000035090;154 680 750;A01;2;7;0;2;1;2;1;
53499;202000035090;154 680 753;C01;2;7;0;2;4;2;1;
53500;202000035090;154 680 754;B01;2;7;0;2;4;2;1;
53501;202000035091;154 680 749;B01;1;7;0;2;1;1;1;
53502;202000035091;154 680 751;Z01;1;7;0;2;4;26;0;
53503;202000035092;154 680 748;A01;2;7;8;0;1;26;6;
53504;202000035093;154 680 745;A01;1;37;0;1;2;15;1;1.0
53505;202000035094;154 680 746;A01;1;10;0;2;1;2;1;
53506;202000035094;154 680 747;B01;1;38;0;2;4;2;1;2.0
53507;202000035095;154 680 744;A01;3;7;0;1;2;26;1;
53508;202000035096;154 680 742;B01;1;7;0;2;1;1;1;
53509;202000035096;154 680 743;A01;1;7;0;2;3;10;1;
53510;202000035097;154 680 740;A01;1;7;0;2;1;1;1;
53511;202000035097;154 680 741;B01;2;7;0;2;4;1;1;
53512;202000035098;154 680 737;A01;2;7;13;0;8;1;1;
53513;202000035099;154 680 738;B01;1;7;0;2;1;1;1;
53514;202000035099;154 680 739;A01;2;7;0;2;1;13;1;
53515;202000035100;154 680 734;A01;1;1;1;0;1;0;5;
53516;202000035102;154 680 728;A01;2;7;0;2;3;17;1;
53517;202000035102;154 680 731;B01;1;7;0;2;3;1;1;
53518;202000035102;154 680 732;C01;2;17;0;9;1;1;1;
53519;202000035103;154 680 727;B01;1;33;0;2;7;0;1;
53520;202000035103;154 680 730;A01;1;7;0;2;0;0;1;
53521;202000035104;154 680 726;B01;2;7;0;2;2;12;1;
53522;202000035104;154 680 729;A01;2;33;0;2;6;1;1;
53523;202000035105;154 680 724;A01;2;31;0;2;0;0;1;
53524;202000035106;154 680 722;B01;0;7;0;2;6;1;1;
53525;202000035106;154 680 725;A01;0;7;0;2;1;16;1;
53526;202000035107;154 680 719;B01;3;1;0;2;3;2;0;
53527;202000035107;154 680 720;A01;0;7;0;2;0;26;0;
53528;202000035108;154 680 717;B01;1;31;0;2;1;1;1;
53529;202000035108;154 680 723;A01;1;7;0;2;2;9;1;
53530;202000035109;154 680 718;B01;1;33;4;2;1;1;1;
53531;202000035109;154 680 721;A01;1;10;4;2;6;1;1;
53532;202000035110;154 680 715;B01;2;7;0;2;4;2;1;
53533;202000035110;154 680 716;A01;2;7;0;2;1;2;1;
53534;202000035111;154 680 708;A01;2;7;0;2;0;0;1;
53535;202000035111;154 680 712;B01;0;1;0;2;0;0;5;
53536;202000035112;154 680 709;A01;1;7;0;0;5;15;1;
53537;202000035112;154 680 711;B01;2;80;0;2;1;1;3;
53538;202000035113;154 680 705;A01;2;7;3;0;2;1;1;
53539;202000035114;154 680 707;B01;2;7;0;2;7;1;1;
53540;202000035114;154 680 710;A01;2;7;0;2;8;13;1;
53541;202000035115;154 680 701;B01;3;80;0;2;1;1;3;
53542;202000035115;154 680 706;A01;3;7;0;2;3;9;1;
53543;202000035116;154 680 702;B01;2;7;0;2;2;1;1;
53544;202000035116;154 680 704;A01;1;2;0;2;3;1;1;
53545;202000035117;154 680 698;A01;2;2;0;0;9;15;1;
53546;202000035118;154 680 699;A01;1;7;0;2;8;11;1;
53547;202000035118;154 680 700;B01;1;7;0;2;7;3;1;
53548;202000035118;154 680 703;C01;1;7;0;2;6;1;1;
53549;202000035119;154 680 697;A01;2;33;0;0;0;17;1;
53550;202000035120;154 680 693;D01;1;7;0;2;4;2;1;
53551;202000035120;154 680 694;C01;1;10;0;2;4;2;1;
53552;202000035120;154 680 695;B01;1;7;0;2;4;2;1;
53553;202000035120;154 680 696;A01;1;7;0;2;1;1;1;
53554;202000035121;154 680 692;A01;2;33;12;0;1;1;0;
53555;202000035122;154 680 688;B01;3;7;0;2;3;1;2;
53556;202000035122;154 680 691;A01;3;7;0;2;1;1;1;
53557;202000035123;154 680 687;A01;2;7;0;0;6;1;1;
53558;202000035123;154 680 689;B01;2;7;0;2;4;1;1;
53559;202000035123;154 680 690;C01;2;7;0;2;1;1;1;
53560;202000035125;154 680 682;C01;1;7;0;0;5;15;1;
53561;202000035125;154 680 684;B01;1;7;0;2;5;15;3;
53562;202000035125;154 680 685;A01;1;7;0;2;1;1;1;
53563;202000035126;154 680 681;B01;1;7;0;9;5;1;0;
53564;202000035126;154 680 683;A01;2;1;0;2;1;9;0;
53565;202000035127;154 680 679;A01;3;37;7;2;2;19;1;2.0
53566;202000035127;154 680 680;B01;2;7;0;2;1;1;1;
53567;202000035128;154 680 677;A01;0;30;0;0;8;1;1;
53568;202000035129;154 680 675;C01;2;10;0;2;1;1;1;
53569;202000035129;154 680 676;B01;3;10;0;2;2;1;1;
53570;202000035129;154 680 678;A01;3;10;0;2;1;26;1;
53571;202000035130;154 680 673;A01;1;7;0;2;5;15;1;
53572;202000035130;154 680 674;B01;2;2;0;2;1;1;1;
53573;202000035131;154 680 672;A01;3;37;0;1;7;1;1;1.0
53574;202000035132;154 680 671;A01;2;7;0;0;0;17;1;
53575;202000035134;154 680 669;A01;0;7;0;1;1;1;1;
53576;202000035135;154 680 668;A01;2;7;0;1;2;16;1;
53577;202000035136;154 680 666;A01;2;7;6;0;1;1;1;
53578;202000035137;154 680 664;B01;2;33;0;2;1;1;0;
53579;202000035137;154 680 667;A01;1;7;0;2;7;15;0;
53580;202000035138;154 680 662;C01;1;7;0;2;3;1;0;
53581;202000035138;154 680 663;B01;1;7;0;2;1;1;0;
53582;202000035138;154 680 665;A01;2;15;0;2;6;1;0;
53583;202000035140;154 680 658;A01;2;2;0;2;3;1;1;
53584;202000035140;154 680 660;B01;2;7;0;2;3;1;1;
53585;202000035141;154 680 657;A01;2;10;1;1;2;1;1;
53586;202000035142;154 680 656;A01;2;7;2;0;3;1;1;
53587;202000035143;154 680 654;A01;2;3;13;0;2;14;1;
53588;202000035144;154 680 653;A01;1;7;0;2;2;1;1;
53589;202000035144;154 680 655;B01;2;32;0;2;1;1;1;
53590;202000035145;154 680 651;B01;1;13;0;2;1;15;1;
53591;202000035145;154 680 652;A01;2;33;0;2;1;1;1;
53592;202000035146;154 680 648;A01;3;7;0;2;1;1;1;
53593;202000035146;154 680 650;B01;3;1;0;2;1;9;5;
53594;202000035147;154 680 646;A01;2;7;0;1;0;1;1;
53595;202000035148;154 680 645;B01;3;21;0;9;6;1;1;
53596;202000035148;154 680 647;A01;3;1;0;9;3;1;5;
53597;202000035149;154 680 643;A01;2;7;0;1;2;21;1;
53598;202000035150;154 680 642;A01;2;15;0;2;8;17;1;
53599;202000035150;154 680 644;B01;1;7;0;2;1;1;1;
53600;202000035151;154 680 638;A01;3;14;0;2;1;0;1;
53601;202000035151;154 680 640;B01;0;7;0;2;8;0;1;
53602;202000035152;154 680 639;A01;1;7;0;2;2;1;1;
53603;202000035152;154 680 641;B01;1;99;0;2;0;1;3;
53604;202000035153;154 680 636;A01;1;17;13;0;2;1;1;
53605;202000035154;154 680 634;A01;3;31;0;2;1;1;0;
53606;202000035154;154 680 635;B01;1;7;0;2;3;15;1;
53607;202000035155;154 680 633;A01;1;14;0;0;9;1;1;
53608;202000035156;154 680 631;A01;3;10;3;0;1;14;1;
53609;202000035157;154 680 630;B01;0;7;0;0;4;2;1;
53610;202000035157;154 680 632;A01;0;7;7;1;1;2;2;
53611;202000035158;154 680 626;A01;1;7;0;0;6;15;1;
53612;202000035158;154 680 627;B01;1;33;0;2;1;17;1;
53613;202000035160;154 680 622;A01;1;1;0;0;4;1;6;
53614;202000035160;154 680 623;B01;1;7;0;2;2;14;1;
53615;202000035162;154 680 628;B01;0;7;0;0;0;0;0;
53616;202000035162;154 680 629;A01;0;2;0;2;1;1;1;
53617;202000035163;154 680 618;A01;2;7;3;2;1;26;1;
53618;202000035163;154 680 619;B01;2;7;3;2;6;1;1;
53619;202000035164;154 680 616;A01;2;7;0;2;5;19;0;
53620;202000035164;154 680 617;B01;1;7;0;2;1;1;0;
53621;202000035165;154 680 613;B01;1;33;0;2;2;17;0;
53622;202000035165;154 680 614;A01;1;13;0;2;8;15;0;
53623;202000035166;154 680 612;A01;1;7;13;0;9;1;1;
53624;202000035167;154 680 611;A01;2;7;0;1;4;4;1;
53625;202000035168;154 680 610;A01;3;7;0;1;2;20;1;
53626;202000035169;154 680 608;A01;2;33;13;0;1;0;1;
53627;202000035170;154 680 606;A01;0;7;13;0;3;13;1;
53628;202000035172;154 680 599;A01;2;7;0;2;3;13;1;
53629;202000035172;154 680 601;B01;2;7;0;2;7;1;1;
53630;202000035172;154 680 607;C01;2;10;0;2;8;1;1;
53631;202000035172;154 680 609;D01;2;15;0;0;0;1;1;
53632;202000035173;154 680 597;B01;1;7;0;2;4;1;1;
53633;202000035173;154 680 598;A01;1;10;0;2;1;2;1;
53634;202000035174;154 680 600;B01;2;7;0;2;2;21;1;
53635;202000035174;154 680 603;A01;1;31;3;2;2;13;1;
53636;202000035175;154 680 593;B01;1;1;0;2;7;1;5;
53637;202000035175;154 680 594;A01;1;7;0;2;1;9;1;
53638;202000035176;154 680 592;A01;2;7;5;0;1;1;1;
53639;202000035177;154 680 591;A01;2;33;6;0;1;1;1;
53640;202000035178;154 680 589;A01;2;7;0;1;3;1;1;
53641;202000035179;154 680 588;B01;2;7;0;2;3;1;1;
53642;202000035179;154 680 590;A01;1;7;0;2;7;1;1;
53643;202000035180;154 680 585;A01;2;7;0;2;1;1;1;
53644;202000035180;154 680 586;B01;2;33;0;2;1;15;1;
53645;202000035180;154 680 587;C01;2;7;0;2;1;1;1;
53646;202000035181;154 680 583;B01;0;7;0;2;2;15;1;
53647;202000035181;154 680 584;A01;3;7;2;2;7;1;1;
53648;202000035182;154 680 580;B01;1;7;0;2;8;15;1;
53649;202000035182;154 680 582;A01;1;31;0;2;1;17;1;
53650;202000035183;154 680 579;A01;1;3;0;2;8;1;1;
53651;202000035183;154 680 581;B01;1;80;0;2;1;1;3;
53652;202000035185;154 680 574;B01;1;31;0;2;3;1;1;
53653;202000035185;154 680 575;A01;2;10;0;2;3;13;1;
53654;202000035186;154 680 576;B01;1;33;0;2;1;1;1;
53655;202000035186;154 680 577;A01;2;7;0;0;7;15;1;
53656;202000035187;154 680 573;A01;3;36;16;0;0;1;1;
53657;202000035188;154 680 571;A01;1;33;0;6;1;1;1;
53658;202000035189;154 680 570;B01;0;30;0;2;2;1;1;
53659;202000035189;154 680 572;A01;0;7;0;2;3;20;1;
53660;202000035190;154 680 569;A01;3;7;0;1;1;0;0;
53661;202000035191;154 680 566;B01;0;7;0;2;3;1;1;
53662;202000035191;154 680 568;A01;0;50;0;2;1;19;3;
53663;202000035192;154 680 565;B01;2;33;0;2;1;1;1;
53664;202000035192;154 680 567;A01;1;7;0;2;3;1;1;
53665;202000035193;154 680 562;A01;2;7;0;0;1;13;1;
53666;202000035194;154 680 563;A01;0;7;0;1;6;26;1;
53667;202000035196;154 680 558;A01;2;7;0;2;1;13;1;
53668;202000035196;154 680 559;B01;1;7;0;2;1;1;1;
53669;202000035197;154 680 557;A01;1;7;2;0;1;19;1;
53670;202000035198;154 680 556;Z01;2;7;0;1;0;1;0;
53671;202000035200;154 680 561;A01;2;33;13;0;2;1;1;
53672;202000035201;154 680 553;B01;1;7;0;2;1;1;3;
53673;202000035201;154 680 554;A01;2;33;0;2;1;1;1;
53674;202000035202;154 680 551;A01;2;10;0;1;3;1;1;
53675;202000035203;154 680 550;A01;1;33;0;0;8;1;1;
53676;202000035205;154 680 547;B01;1;7;0;2;2;1;0;
53677;202000035205;154 680 549;A01;2;7;3;2;2;0;0;
53678;202000035206;154 680 546;A01;1;7;0;1;3;1;1;
53679;202000035207;154 680 541;B01;1;7;0;2;1;1;1;
53680;202000035207;154 680 544;A01;1;7;0;1;1;1;1;
53681;202000035210;154 680 539;B01;3;7;0;2;7;1;0;
53682;202000035210;154 680 540;A01;3;33;0;2;1;19;0;
53683;202000035211;154 680 537;B01;3;99;0;2;1;1;3;
53684;202000035211;154 680 538;A01;3;7;0;9;2;15;1;
53685;202000035212;154 680 536;A01;1;2;0;0;0;1;1;
53686;202000035213;154 680 534;B01;1;7;0;2;1;2;1;
53687;202000035213;154 680 535;A01;1;7;0;2;4;21;1;
53688;202000035214;154 680 531;A01;1;33;0;6;2;0;0;
53689;202000035215;154 680 528;A01;2;10;1;2;3;19;1;
53690;202000035215;154 680 530;B01;2;10;1;2;2;1;1;
53691;202000035217;154 680 532;B01;3;7;0;2;2;1;1;
53692;202000035217;154 680 533;A01;3;7;0;0;6;1;1;
53693;202000035218;154 680 523;A01;1;33;13;0;0;1;1;
53694;202000035219;154 680 525;A01;3;33;3;0;8;1;1;
53695;202000035220;154 680 520;B01;2;7;0;2;4;2;1;
53696;202000035220;154 680 521;A01;2;7;0;2;4;2;1;
53697;202000035220;154 680 522;C01;2;7;0;2;1;2;1;
53698;202000035221;154 680 518;A01;3;2;0;2;1;1;1;
53699;202000035221;154 680 519;B01;3;99;0;0;3;1;1;
53700;202000035222;154 680 513;B01;2;7;0;2;2;1;1;
53701;202000035222;154 680 515;A01;2;7;4;2;1;17;1;
53702;202000035225;154 680 507;B01;1;33;0;2;7;1;0;
53703;202000035225;154 680 511;A01;1;7;0;2;3;11;1;
53704;202000035226;154 680 509;B01;2;30;0;2;1;1;1;
53705;202000035226;154 680 512;A01;1;7;8;2;1;15;1;
53706;202000035227;154 680 508;A01;2;7;0;2;2;16;1;
53707;202000035227;154 680 510;B01;2;1;0;2;5;16;5;
53708;202000035228;154 680 501;A01;2;33;13;0;1;1;1;
53709;202000035229;154 680 502;A01;2;7;0;1;1;1;1;
53710;202000035230;154 680 499;A01;2;7;0;1;1;1;1;
53711;202000035231;154 680 498;B01;1;7;0;2;4;23;1;
53712;202000035231;154 680 500;C01;1;7;0;2;4;23;1;
53713;202000035231;154 680 503;D01;1;10;0;2;4;23;1;
53714;202000035231;154 680 504;E01;1;7;0;2;4;23;1;
53715;202000035231;154 680 505;F01;1;17;0;2;4;23;1;
53716;202000035231;154 680 506;A01;1;14;0;2;1;1;1;
53717;202000035232;154 680 495;C01;1;7;0;2;4;1;1;
53718;202000035232;154 680 496;B01;1;7;0;2;9;1;1;
53719;202000035232;154 680 497;A01;1;7;0;2;1;1;1;
53720;202000035233;154 680 492;A01;1;7;0;1;1;2;1;
53721;202000035233;154 680 493;B01;1;7;0;2;1;2;1;
53722;202000035233;154 680 494;C01;1;7;0;2;1;2;1;
53723;202000035234;154 680 489;A01;1;7;0;2;1;17;1;
53724;202000035234;154 680 491;B01;2;7;0;2;3;21;1;
53725;202000035235;154 680 490;A01;1;7;0;1;1;1;1;
53726;202000035236;154 680 488;A01;1;33;0;0;9;2;1;
53727;202000035237;154 680 485;B01;2;33;0;2;3;13;1;
53728;202000035237;154 680 487;A01;1;7;0;2;3;13;1;
53729;202000035238;154 680 483;B01;2;7;0;2;3;1;1;
53730;202000035238;154 680 484;A01;2;7;0;2;2;1;1;
53731;202000035239;154 680 482;A01;2;33;0;0;7;1;1;
53732;202000035240;154 680 479;B01;1;7;0;2;1;2;2;
53733;202000035240;154 680 480;A01;1;7;0;2;1;2;1;
53734;202000035240;154 680 481;C01;1;7;0;2;1;2;1;
53735;202000035241;154 680 474;A01;2;7;4;0;7;1;1;
53736;202000035243;154 680 472;A01;1;7;0;2;1;2;1;
53737;202000035243;154 680 473;B01;1;7;0;2;4;2;1;
53738;202000035244;154 680 470;B01;1;7;0;2;7;1;1;
53739;202000035244;154 680 471;A01;1;7;0;2;1;1;1;
53740;202000035247;154 680 461;A01;2;7;0;2;1;0;1;
53741;202000035247;154 680 463;B01;2;7;0;2;2;1;1;
53742;202000035248;154 680 460;B01;0;7;0;2;3;1;1;
53743;202000035248;154 680 465;A01;0;7;0;2;1;1;1;
53744;202000035249;154 680 462;C01;1;7;0;9;5;24;1;
53745;202000035249;154 680 464;B01;1;33;0;2;1;1;1;
53746;202000035249;154 680 469;A01;2;7;0;2;3;15;1;
53747;202000035250;154 680 458;A01;0;1;0;2;1;1;5;
53748;202000035252;154 680 457;A01;2;14;3;0;2;14;1;
53749;202000035253;154 680 456;A01;0;50;0;0;0;0;3;
53750;202000035254;154 680 451;A01;2;7;0;2;2;13;6;
53751;202000035254;154 680 453;B01;2;7;0;0;8;1;6;
53752;202000035254;154 680 454;C01;2;7;0;2;1;1;6;
53753;202000035255;154 680 452;B01;1;10;0;2;1;1;1;
53754;202000035255;154 680 455;A01;2;10;0;2;1;13;1;
53755;202000035256;154 680 450;A01;0;30;0;0;0;0;1;
53756;202000035257;154 680 449;A01;2;10;13;0;2;1;1;
53757;202000035259;154 680 443;A01;1;33;10;0;7;21;1;
53758;202000035260;154 680 444;A01;1;7;0;2;2;15;1;
53759;202000035260;154 680 446;B01;2;31;0;2;1;0;1;
53760;202000035261;154 680 442;B01;2;10;13;0;6;23;1;
53761;202000035261;154 680 445;A01;2;15;0;2;2;2;1;
53762;202000035262;154 680 439;A01;3;7;0;2;2;12;1;
53763;202000035262;154 680 441;B01;3;33;0;2;6;1;1;
53764;202000035263;154 680 437;A01;1;7;0;0;9;1;1;
53765;202000035264;154 680 436;A01;3;7;1;0;2;19;1;
53766;202000035265;154 680 438;A01;3;7;0;4;1;1;-1;
53767;202000035265;154 680 440;B01;3;40;0;2;1;1;-1;
53768;202000035267;154 680 432;B01;3;7;0;2;1;1;1;
53769;202000035267;154 680 434;A01;3;7;0;2;1;13;1;
53770;202000035268;154 680 431;A01;2;7;2;0;2;1;1;
53771;202000035269;154 680 433;A01;3;7;0;1;1;1;-1;
53772;202000035270;154 680 428;A01;0;7;0;1;2;9;1;
53773;202000035271;154 680 427;A01;2;7;0;2;1;17;1;
53774;202000035271;154 680 429;B01;3;33;0;2;1;0;1;
53775;202000035272;154 680 426;B01;1;7;0;2;3;16;1;
53776;202000035272;154 680 430;A01;1;33;0;2;7;18;1;
53777;202000035273;154 680 424;A01;3;7;0;2;4;4;0;
53778;202000035273;154 680 425;B01;3;32;0;0;1;23;0;
53779;202000035274;154 680 420;A01;2;7;6;0;1;1;1;
53780;202000035275;154 680 422;A01;2;33;0;0;0;16;1;
53781;202000035276;154 680 421;B01;1;31;0;2;0;1;1;
53782;202000035276;154 680 423;A01;2;7;0;2;3;15;1;
53783;202000035277;154 680 418;A01;3;15;0;2;4;9;1;
53784;202000035277;154 680 419;B01;3;32;0;0;4;2;1;
53785;202000035278;154 680 415;B01;0;33;0;2;1;0;0;
53786;202000035278;154 680 417;A01;2;99;0;9;3;1;0;
53787;202000035279;154 680 413;A01;2;10;0;2;6;11;1;
53788;202000035279;154 680 416;B01;2;32;0;2;7;1;1;
53789;202000035280;154 680 412;B01;0;7;0;2;1;1;1;
53790;202000035280;154 680 414;A01;0;7;0;2;2;15;1;
53791;202000035281;154 680 406;A01;2;32;0;2;3;3;1;
53792;202000035281;154 680 408;B01;2;7;0;2;5;17;1;
53793;202000035282;154 680 407;A01;1;33;0;9;1;1;1;
53794;202000035282;154 680 410;B01;2;1;0;2;1;13;5;
53795;202000035283;154 680 409;B01;1;33;0;2;5;23;1;
53796;202000035283;154 680 411;A01;1;7;0;2;3;2;1;
53797;202000035285;154 680 402;A01;2;7;0;0;1;1;1;
53798;202000035286;154 680 394;B01;0;40;0;2;1;1;3;
53799;202000035286;154 680 399;A01;0;7;0;4;3;1;1;
53800;202000035287;154 680 397;A01;1;7;0;1;1;1;1;
53801;202000035288;154 680 392;A01;1;7;0;2;1;2;1;
53802;202000035288;154 680 393;E01;1;7;0;2;4;2;1;
53803;202000035288;154 680 396;B01;1;7;0;2;4;2;1;
53804;202000035288;154 680 403;C01;1;7;0;2;4;2;1;
53805;202000035288;154 680 404;D01;1;7;0;2;4;2;1;
53806;202000035289;154 680 388;A01;2;30;11;0;1;13;3;
53807;202000035290;154 680 386;Z01;1;30;0;2;1;9;1;
53808;202000035290;154 680 387;A01;1;1;0;2;2;1;5;
53809;202000035291;154 680 385;A01;2;1;0;0;0;1;5;
53810;202000035293;154 680 381;A01;2;32;0;2;1;5;1;
53811;202000035293;154 680 382;B01;1;33;0;2;1;1;1;
53812;202000035294;154 680 380;A01;2;30;1;0;3;13;1;
53813;202000035295;154 680 390;A01;1;7;0;2;2;0;1;
53814;202000035295;154 680 391;B01;1;2;0;2;1;1;1;
53815;202000035296;154 680 395;C01;3;10;0;0;8;16;1;
53816;202000035296;154 680 398;B01;3;7;0;2;5;15;1;
53817;202000035296;154 680 400;A01;3;33;0;2;1;17;1;
53818;202000035297;154 680 376;A01;1;32;0;2;5;16;1;
53819;202000035297;154 680 379;B01;1;7;0;2;3;1;2;
53820;202000035298;154 680 373;A01;1;10;0;2;1;1;1;
53821;202000035298;154 680 375;B01;1;7;0;2;9;1;1;
53822;202000035298;154 680 377;C01;1;10;0;2;9;1;1;
53823;202000035298;154 680 378;D01;1;7;0;2;5;1;1;
53824;202000035299;154 680 371;A01;2;1;0;1;1;1;5;
53825;202000035300;154 680 370;B01;3;7;0;2;4;0;1;
53826;202000035300;154 680 372;A01;3;7;0;2;1;1;1;
53827;202000035301;154 680 367;A01;2;7;12;0;0;14;1;
53828;202000035302;154 680 389;A01;3;1;0;0;1;1;5;
53829;202000035303;154 680 366;A01;1;7;0;1;1;0;1;
53830;202000035304;154 680 368;B01;1;7;0;2;2;1;1;
53831;202000035304;154 680 369;A01;1;7;0;2;3;2;1;
53832;202000035305;154 680 365;A01;1;1;0;1;1;1;5;
53833;202000035306;154 680 364;A01;1;20;0;0;0;21;1;
53834;202000035307;154 680 362;A01;1;33;0;0;7;1;1;
53835;202000035308;154 680 357;A01;1;7;0;2;1;2;1;
53836;202000035308;154 680 359;B01;1;7;0;2;4;2;1;
53837;202000035308;154 680 360;C01;1;7;0;2;4;2;1;
53838;202000035309;154 680 356;B01;2;7;7;0;2;1;1;
53839;202000035309;154 680 358;A01;1;33;7;0;2;13;1;
53840;202000035310;154 680 352;B01;3;7;0;2;7;1;1;
53841;202000035310;154 680 363;A01;0;1;0;2;1;1;5;
53842;202000035311;154 680 351;A01;1;7;0;2;1;2;1;
53843;202000035311;154 680 361;B01;2;7;0;2;4;2;1;
53844;202000035312;154 680 349;A01;1;50;8;0;1;1;3;
53845;202000035313;154 680 347;A01;2;31;0;2;2;1;1;
53846;202000035313;154 680 348;Z01;1;7;0;2;4;1;1;
53847;202000035314;154 680 345;Z01;2;7;0;2;0;8;0;
53848;202000035314;154 680 346;A01;2;7;0;2;8;15;1;
53849;202000035315;154 680 344;A01;2;99;0;1;1;26;1;
53850;202000035318;154 680 339;A01;3;7;0;2;1;1;0;
53851;202000035318;154 680 340;B01;3;7;0;2;4;23;0;
53852;202000035319;154 680 342;A01;2;30;0;2;1;5;1;
53853;202000035319;154 680 343;B01;2;7;0;2;3;15;1;
53854;202000035320;154 680 338;A01;1;7;0;1;3;15;1;
53855;202000035321;154 680 336;A01;2;7;0;1;1;1;2;
53856;202000035322;154 680 337;A01;0;30;0;1;1;21;1;
53857;202000035323;154 680 332;B01;0;32;0;2;1;2;1;
53858;202000035323;154 680 334;A01;0;7;0;2;2;15;1;
53859;202000035324;154 680 330;A01;1;37;0;1;3;26;1;1.0
53860;202000035325;154 680 327;Z01;1;30;0;1;0;1;1;
53861;202000035326;154 680 328;B01;2;33;0;2;7;1;1;
53862;202000035326;154 680 331;A01;2;7;0;2;3;9;1;
53863;202000035327;154 680 324;B01;1;7;0;2;4;2;0;
53864;202000035327;154 680 326;A01;1;7;0;2;1;1;0;
53865;202000035328;154 680 323;A01;1;31;0;2;1;1;1;
53866;202000035328;154 680 325;B01;1;10;0;2;2;14;1;
53867;202000035329;154 680 321;A01;3;7;0;1;1;1;1;
53868;202000035330;154 680 317;B01;1;7;0;2;6;20;0;
53869;202000035330;154 680 322;A01;1;7;0;2;7;17;0;
53870;202000035331;154 680 316;B01;2;2;0;2;1;0;0;
53871;202000035331;154 680 320;A01;1;7;0;2;3;15;1;
53872;202000035332;154 680 318;B01;1;33;13;0;1;1;1;
53873;202000035332;154 680 329;A01;1;33;13;0;1;1;1;
53874;202000035333;154 680 319;A01;0;7;0;1;1;0;1;
53875;202000035334;154 680 311;B01;1;99;0;2;8;1;3;
53876;202000035334;154 680 315;A01;1;10;0;2;1;1;1;
53877;202000035335;154 680 313;A01;1;7;0;1;1;1;1;
53878;202000035336;154 680 312;A01;2;7;0;2;0;0;0;
53879;202000035336;154 680 314;B01;1;34;0;2;0;0;6;
53880;202000035337;154 680 309;B01;-1;1;0;2;1;26;5;
53881;202000035337;154 680 310;A01;-1;7;0;2;1;9;1;
53882;202000035339;154 680 301;A01;3;7;2;0;0;1;1;
53883;202000035340;154 680 302;A01;1;32;0;2;7;17;1;
53884;202000035340;154 680 306;B01;1;7;0;2;3;15;1;
53885;202000035341;154 680 303;C01;2;14;0;2;3;1;1;
53886;202000035341;154 680 304;B01;1;2;1;0;1;3;1;
53887;202000035341;154 680 305;A01;1;7;0;2;8;23;1;
53888;202000035342;154 680 297;B01;3;2;0;2;7;3;1;
53889;202000035342;154 680 298;A01;3;7;0;2;3;13;1;
53890;202000035343;154 680 296;A01;0;10;0;9;8;9;1;
53891;202000035343;154 680 300;B01;0;32;0;0;0;0;0;
53892;202000035345;154 680 293;A01;1;7;0;1;7;1;0;
53893;202000035346;154 680 292;A01;1;7;4;0;1;1;1;
53894;202000035347;154 680 299;A01;3;7;0;1;4;4;1;
53895;202000035348;154 680 288;B01;1;7;0;2;1;1;1;
53896;202000035348;154 680 291;A01;0;7;0;2;2;15;1;
53897;202000035349;154 680 289;A01;3;7;0;2;1;1;1;