;Num_Acc;id_vehicule;num_veh;senc;catv;obs;obsm;choc;manv;motor;occutc
53898;202000035349;154 680 290;B01;3;7;0;2;1;1;0;
53899;202000035350;154 680 283;B01;2;15;0;2;3;1;1;
53900;202000035350;154 680 284;C01;1;7;0;2;8;1;1;
53901;202000035350;154 680 285;A01;1;7;0;2;1;13;1;
53902;202000035351;154 680 281;A01;2;33;0;2;7;3;1;
53903;202000035351;154 680 282;B01;2;7;0;2;6;11;1;
53904;202000035352;154 680 276;A01;1;7;0;2;1;1;1;
53905;202000035352;154 680 280;B01;1;7;0;2;4;1;1;
53906;202000035353;154 680 274;B01;1;10;0;2;4;3;1;
53907;202000035353;154 680 278;A01;1;31;0;2;1;3;1;
53908;202000035354;154 680 275;B01;1;7;0;0;4;0;0;
53909;202000035354;154 680 279;A01;1;7;0;2;1;2;0;
53910;202000035355;154 680 271;A01;3;7;0;2;0;15;1;
53911;202000035355;154 680 273;B01;3;30;0;2;8;0;1;
53912;202000035356;154 680 270;A01;2;7;17;0;1;1;1;
53913;202000035357;154 680 268;A01;2;7;0;6;1;1;1;
53914;202000035358;154 680 266;B01;1;32;0;2;2;1;1;
53915;202000035358;154 680 267;A01;1;7;0;2;8;11;1;
53916;202000035360;154 680 262;B01;0;7;0;2;2;1;1;
53917;202000035360;154 680 264;A01;3;7;8;0;8;1;1;
53918;202000035361;154 680 261;A01;1;7;0;2;3;11;1;
53919;202000035361;154 680 263;B01;1;7;0;2;2;1;1;
53920;202000035362;154 680 260;A01;1;10;2;0;3;2;1;
53921;202000035363;154 680 272;A01;0;7;12;0;1;15;1;
53922;202000035364;154 680 253;B01;2;7;0;2;2;1;1;
53923;202000035364;154 680 255;A01;2;2;0;2;1;1;1;
53924;202000035365;154 680 254;A01;3;7;0;9;3;9;1;
53925;202000035365;154 680 257;B01;0;1;0;2;8;1;0;
53926;202000035366;154 680 277;B01;3;7;0;0;6;23;1;
53927;202000035366;154 680 286;A01;3;7;0;2;2;2;1;
53928;202000035367;154 680 256;B01;1;7;0;2;4;2;1;
53929;202000035367;154 680 258;A01;1;7;0;2;4;2;1;
53930;202000035367;154 680 259;Z01;1;7;0;2;1;2;0;
53931;202000035368;154 680 250;A01;1;7;2;0;1;1;0;
53932;202000035369;154 680 251;A01;3;7;0;2;4;14;1;
53933;202000035369;154 680 252;B01;3;10;0;2;1;1;1;
53934;202000035370;154 680 247;A01;3;7;15;0;3;1;1;
53935;202000035371;154 680 248;B01;1;43;0;2;1;3;1;
53936;202000035371;154 680 249;A01;1;7;0;2;6;11;1;
53937;202000035372;154 680 246;A01;1;10;0;1;2;15;1;
53938;202000035373;154 680 241;B01;1;33;0;2;6;23;1;
53939;202000035373;154 680 243;A01;1;7;0;2;7;1;1;
53940;202000035374;154 680 237;A01;1;7;0;2;1;17;0;
53941;202000035374;154 680 238;B01;1;7;0;2;8;15;1;
53942;202000035375;154 680 239;A01;3;7;0;2;2;1;1;
53943;202000035375;154 680 244;B01;3;2;0;2;1;9;1;
53944;202000035376;154 680 236;B01;2;7;0;2;4;23;1;
53945;202000035376;154 680 245;A01;2;50;0;2;1;1;3;
53946;202000035377;154 680 231;A01;0;7;0;0;0;0;1;
53947;202000035378;154 680 232;B01;1;2;0;2;7;17;1;
53948;202000035378;154 680 234;A01;1;1;0;2;8;15;5;
53949;202000035379;154 680 230;A01;2;3;0;2;2;15;1;
53950;202000035379;154 680 233;B01;2;10;0;2;1;1;1;
53951;202000035380;154 680 229;A01;1;33;0;0;1;0;1;
53952;202000035382;154 680 224;A01;0;33;0;2;1;1;1;
53953;202000035382;154 680 240;Z01;3;7;0;2;5;1;0;
53954;202000035383;154 680 223;A01;1;30;0;2;8;1;1;
53955;202000035383;154 680 225;B01;2;7;0;2;7;1;1;
53956;202000035384;154 680 222;A01;1;7;13;0;3;1;1;
53957;202000035385;154 680 219;A01;2;50;0;1;1;25;3;
53958;202000035386;154 680 218;A01;3;37;9;1;2;7;1;1.0
53959;202000035387;154 680 220;A01;3;7;0;2;1;1;1;
53960;202000035387;154 680 221;B01;3;1;0;2;8;1;5;
53961;202000035389;154 680 214;B01;3;15;0;0;4;1;1;
53962;202000035389;154 680 216;A01;0;7;0;2;1;1;1;
53963;202000035390;154 680 212;A01;0;7;11;0;3;1;1;
53964;202000035391;154 680 209;A01;0;7;0;2;3;13;0;
53965;202000035391;154 680 213;B01;1;7;0;2;3;1;0;
53966;202000035392;154 680 210;A01;2;7;2;0;1;1;1;
53967;202000035393;154 680 226;A01;1;7;0;0;0;17;1;
53968;202000035394;154 680 208;B01;3;1;0;2;8;1;5;
53969;202000035394;154 680 211;A01;1;37;0;2;5;17;1;1.0
53970;202000035395;154 680 205;B01;2;7;0;2;2;1;1;
53971;202000035395;154 680 206;A01;1;7;8;2;1;1;1;
53972;202000035396;154 680 207;A01;1;10;11;0;1;1;1;
53973;202000035397;154 680 201;A01;2;7;0;1;2;15;1;
53974;202000035398;154 680 197;A01;0;7;0;2;8;1;1;
53975;202000035398;154 680 203;B01;0;33;0;2;8;1;1;
53976;202000035400;154 680 198;A01;2;7;0;2;2;15;4;
53977;202000035400;154 680 204;B01;2;10;0;2;6;0;1;
53978;202000035401;154 680 199;B01;1;7;0;2;4;21;1;
53979;202000035401;154 680 202;A01;1;31;0;2;1;2;1;
53980;202000035402;154 680 196;A01;1;7;13;0;1;1;1;
53981;202000035403;154 680 193;A01;1;7;0;2;3;15;1;
53982;202000035403;154 680 194;B01;1;1;0;2;1;1;5;
53983;202000035404;154 680 190;A01;2;7;13;0;1;1;1;
53984;202000035405;154 680 188;B01;1;2;0;2;1;17;1;
53985;202000035405;154 680 189;A01;1;7;0;2;3;11;1;
53986;202000035406;154 680 192;A01;2;31;0;0;8;1;1;
53987;202000035407;154 680 184;A01;1;34;8;0;2;1;1;
53988;202000035408;154 680 186;B01;2;7;0;2;3;1;1;
53989;202000035408;154 680 187;A01;1;7;0;2;3;1;1;
53990;202000035409;154 680 181;A01;2;7;4;0;3;1;1;
53991;202000035410;154 680 177;B01;3;7;0;2;2;14;0;
53992;202000035410;154 680 179;A01;3;32;0;2;3;15;3;
53993;202000035411;154 680 178;B01;1;21;0;2;4;1;1;
53994;202000035411;154 680 180;A01;1;17;0;2;1;1;1;
53995;202000035412;154 680 185;A01;2;7;0;2;2;1;1;
53996;202000035412;154 680 195;B01;1;33;15;2;1;1;1;
53997;202000035413;154 680 191;A01;1;1;0;0;8;1;5;
53998;202000035414;154 680 182;B01;1;2;0;2;0;2;1;
53999;202000035414;154 680 183;A01;1;10;0;2;8;15;1;
54000;202000035415;154 680 175;B01;1;30;0;2;1;1;1;
54001;202000035415;154 680 176;A01;0;10;0;2;7;15;1;
54002;202000035416;154 680 170;B01;1;7;0;0;4;1;1;
54003;202000035416;154 680 171;C01;2;7;0;0;3;1;1;
54004;202000035416;154 680 172;A01;1;33;0;2;1;2;1;
54005;202000035417;154 680 168;A01;1;7;0;1;1;9;1;
54006;202000035418;154 680 167;A01;2;32;0;2;1;2;1;
54007;202000035418;154 680 169;B01;2;7;0;2;4;2;1;
54008;202000035419;154 680 165;A01;2;1;14;0;0;17;5;
54009;202000035420;154 680 163;A01;1;30;0;0;3;15;2;
54010;202000035421;154 680 173;A01;3;7;0;2;1;16;1;
54011;202000035421;154 680 174;B01;3;7;0;2;1;5;1;
54012;202000035422;154 680 162;A01;3;30;0;2;7;1;1;
54013;202000035422;154 680 164;B01;3;7;0;2;1;1;1;
54014;202000035423;154 680 159;A01;3;10;0;2;7;1;1;
54015;202000035423;154 680 161;B01;3;7;0;2;6;1;1;
54016;202000035424;154 680 158;A01;3;7;0;2;3;9;1;
54017;202000035424;154 680 166;B01;3;1;0;2;7;1;5;
54018;202000035425;154 680 150;A01;1;10;0;2;4;2;1;
54019;202000035425;154 680 155;B01;1;10;0;2;1;2;1;
54020;202000035427;154 680 144;A01;2;7;0;2;1;19;1;
54021;202000035427;154 680 145;C01;1;7;0;2;1;1;1;
54022;202000035427;154 680 147;B01;1;7;3;2;3;14;1;
54023;202000035428;154 680 142;B01;2;34;3;2;3;0;1;
54024;202000035428;154 680 143;A01;2;7;0;2;5;23;1;
54025;202000035429;154 680 151;A01;1;7;6;2;8;1;1;
54026;202000035429;154 680 160;B01;1;7;1;2;1;20;1;
54027;202000035430;154 680 154;B01;3;7;0;2;4;1;1;
54028;202000035430;154 680 156;C01;3;7;0;2;4;1;1;
54029;202000035430;154 680 157;A01;3;7;0;2;1;1;1;
54030;202000035431;154 680 140;B01;2;7;0;2;3;1;1;
54031;202000035431;154 680 141;A01;1;7;0;2;3;1;1;
54032;202000035432;154 680 136;C01;2;7;0;2;5;2;1;
54033;202000035432;154 680 137;B01;2;7;0;2;4;2;1;
54034;202000035432;154 680 138;A01;2;7;0;2;1;2;1;
54035;202000035432;154 680 139;D01;2;7;0;2;6;2;1;
54036;202000035433;154 680 134;B01;0;7;0;2;8;1;0;
54037;202000035433;154 680 135;A01;1;3;0;2;1;26;0;
54038;202000035434;154 680 133;A01;1;7;0;1;2;1;1;
54039;202000035435;154 680 129;B01;3;7;0;2;3;1;1;
54040;202000035435;154 680 130;A01;3;7;0;2;2;1;1;
54041;202000035437;154 680 126;A01;1;7;0;2;4;15;1;
54042;202000035437;154 680 127;B01;0;0;0;2;1;0;0;
54043;202000035438;154 680 124;A01;2;7;0;2;1;9;1;
54044;202000035438;154 680 125;B01;2;7;0;2;2;9;1;
54045;202000035439;154 680 122;B01;1;7;0;2;3;15;1;
54046;202000035439;154 680 123;A01;2;2;0;2;7;17;1;
54047;202000035440;154 680 120;A01;3;7;15;0;3;0;1;
54048;202000035441;154 680 118;B01;0;7;0;2;1;1;1;
54049;202000035441;154 680 132;A01;1;7;0;2;8;1;1;
54050;202000035442;154 680 117;B01;2;7;0;2;6;2;1;
54051;202000035442;154 680 131;A01;2;7;0;2;2;12;1;
54052;202000035443;154 680 116;B01;1;7;0;2;8;15;1;
54053;202000035443;154 680 121;A01;2;7;0;2;8;13;1;
54054;202000035446;154 680 110;A01;2;10;0;2;2;17;1;
54055;202000035446;154 680 111;B01;2;10;0;2;8;15;1;
54056;202000035447;154 680 114;B01;1;7;0;2;1;1;1;
54057;202000035447;154 680 115;A01;2;7;7;2;7;19;1;
54058;202000035448;154 680 119;A01;0;7;0;9;7;15;1;
54059;202000035448;154 680 152;B01;2;1;0;2;1;1;0;
54060;202000035449;154 680 109;A01;2;7;16;0;9;1;1;
54061;202000035450;154 680 106;A01;1;7;0;2;3;9;1;
54062;202000035450;154 680 107;B01;1;10;0;2;7;1;1;
54063;202000035451;154 680 101;B01;1;7;0;2;4;0;1;
54064;202000035451;154 680 108;A01;1;7;0;2;1;2;1;
54065;202000035452;154 680 104;A01;2;30;0;2;0;0;1;
54066;202000035452;154 680 105;B01;1;37;0;2;0;0;1;1.0
54067;202000035453;154 680 094;A01;1;7;13;1;1;13;0;
54068;202000035454;154 680 098;B01;1;7;0;2;1;1;1;
54069;202000035454;154 680 100;A01;1;7;0;2;2;15;1;
54070;202000035455;154 680 097;A01;0;10;0;2;1;13;1;
54071;202000035455;154 680 099;B01;0;7;0;2;1;1;1;
54072;202000035455;154 680 103;C01;0;7;0;9;1;1;1;
54073;202000035456;154 680 102;A01;3;7;13;0;2;1;1;
54074;202000035457;154 680 093;C01;2;7;0;2;4;2;1;
54075;202000035457;154 680 095;B01;2;7;0;2;4;2;1;
54076;202000035457;154 680 096;A01;2;7;0;2;1;2;1;
54077;202000035458;154 680 092;A01;2;2;8;0;1;2;1;
54078;202000035459;154 680 088;A01;1;7;0;2;1;1;0;
54079;202000035459;154 680 090;B01;2;7;0;2;1;13;0;
54080;202000035460;154 680 087;B01;1;7;0;2;4;2;1;
54081;202000035460;154 680 089;A01;1;7;0;2;1;2;1;
54082;202000035460;154 680 091;C01;1;10;0;2;4;2;1;
54083;202000035461;154 680 086;A01;3;7;0;1;1;1;1;
54084;202000035462;154 680 083;A01;2;7;13;0;3;13;1;
54085;202000035463;154 680 081;Z01;1;7;0;1;1;19;0;
54086;202000035464;154 680 082;A01;2;7;0;2;1;13;1;
54087;202000035464;154 680 085;B01;1;13;0;2;1;1;1;
54088;202000035465;154 680 069;B01;2;1;0;2;1;1;5;
54089;202000035465;154 680 080;A01;2;80;0;2;1;1;3;
54090;202000035466;154 680 068;A01;1;7;2;0;2;14;1;
54091;202000035467;154 680 066;B01;3;31;0;2;1;1;1;
54092;202000035467;154 680 067;A01;2;10;0;2;5;15;1;
54093;202000035468;154 680 065;A01;2;7;13;0;9;1;1;
54094;202000035470;154 680 072;C01;2;7;3;2;1;2;1;
54095;202000035470;154 680 073;A01;2;7;0;2;3;2;1;
54096;202000035470;154 680 074;D01;2;17;0;2;6;2;1;
54097;202000035470;154 680 075;B01;2;17;0;0;5;1;1;
54098;202000035471;154 680 070;A01;3;7;1;0;7;21;1;
54099;202000035471;154 680 071;B01;3;10;0;2;8;22;0;
54100;202000035472;154 680 062;B01;2;33;0;2;4;2;1;
54101;202000035472;154 680 063;A01;2;33;0;2;2;1;1;
54102;202000035473;154 680 060;A01;2;7;0;2;8;11;1;
54103;202000035473;154 680 061;B01;2;32;0;2;2;1;1;
54104;202000035474;154 680 059;A01;1;32;10;0;3;1;1;
54105;202000035475;154 680 056;B01;2;7;0;2;4;2;1;
54106;202000035475;154 680 058;A01;2;7;0;2;1;2;1;
54107;202000035476;154 680 055;A01;2;7;0;2;4;1;1;
54108;202000035476;154 680 057;B01;2;7;0;2;1;0;1;
54109;202000035477;154 680 051;A01;1;7;0;1;1;19;1;
54110;202000035478;154 680 052;A01;1;33;0;0;1;1;1;
54111;202000035479;154 680 053;A01;2;1;0;2;3;1;5;
54112;202000035479;154 680 064;B01;2;30;0;2;1;1;3;
54113;202000035480;154 680 046;A01;2;7;0;2;1;13;1;
54114;202000035480;154 680 054;B01;1;7;0;2;1;1;1;
54115;202000035481;154 680 045;B01;2;10;0;2;1;1;1;
54116;202000035481;154 680 050;A01;1;7;0;2;2;15;1;
54117;202000035482;154 680 043;A01;3;50;0;2;3;15;3;
54118;202000035482;154 680 044;B01;3;31;0;2;3;1;1;
54119;202000035484;154 680 040;A01;2;99;13;0;1;17;1;
54120;202000035485;154 680 038;A01;1;7;0;2;2;0;1;
54121;202000035485;154 680 039;B01;1;1;0;0;4;1;5;
54122;202000035486;154 680 036;A01;1;7;9;0;3;20;1;
54123;202000035486;154 680 037;B01;2;1;0;2;1;1;5;
54124;202000035487;154 680 034;B01;0;2;0;2;8;13;1;
54125;202000035487;154 680 035;A01;0;7;0;2;5;17;1;
54126;202000035488;154 680 048;A01;1;33;0;4;1;9;1;
54127;202000035489;154 680 049;A01;3;7;6;0;9;13;1;
54128;202000035490;154 680 028;B01;1;3;0;2;3;15;1;
54129;202000035490;154 680 030;A01;2;30;0;2;2;1;1;
54130;202000035491;154 680 027;B01;0;2;0;2;1;1;0;
54131;202000035491;154 680 029;A01;0;7;0;0;7;19;1;
54132;202000035492;154 680 026;A01;1;7;6;0;1;1;1;
54133;202000035493;154 680 025;A01;1;13;0;1;2;17;0;
54134;202000035494;154 680 023;A01;1;2;0;0;2;16;1;
54135;202000035495;154 680 031;A01;1;10;0;2;1;2;0;
54136;202000035495;154 680 032;B01;1;7;0;2;9;1;0;
54137;202000035495;154 680 033;C01;1;7;0;2;4;1;0;
54138;202000035496;154 680 024;A01;1;7;2;0;8;14;1;
54139;202000035497;154 680 021;A01;2;10;0;2;7;1;1;
54140;202000035497;154 680 047;B01;2;1;0;2;1;1;5;
54141;202000035498;154 680 017;B01;1;33;0;2;0;1;0;
54142;202000035498;154 680 020;A01;1;7;0;2;3;15;1;
54143;202000035499;154 680 014;B01;2;1;0;2;1;1;5;
54144;202000035499;154 680 018;A01;2;1;0;2;8;1;5;
54145;202000035500;154 680 012;A01;2;31;0;2;1;2;1;
54146;202000035500;154 680 013;B01;2;7;0;2;6;1;1;
54147;202000035501;154 680 008;A01;3;7;0;1;6;1;1;
54148;202000035502;154 680 009;A01;2;30;0;2;1;13;1;
54149;202000035502;154 680 010;B01;2;10;0;2;2;23;3;
54150;202000035502;154 680 011;C01;2;33;0;2;2;1;1;
54151;202000035503;154 680 016;B01;1;7;0;2;2;19;1;
54152;202000035503;154 680 022;A01;1;38;0;2;6;26;1;1.0
54153;202000035504;154 680 000;A01;0;30;14;2;1;17;1;
54154;202000035506;154 679 998;A01;3;32;0;0;7;16;1;
54155;202000035507;154 680 003;A01;2;21;0;2;3;9;1;
54156;202000035507;154 680 004;B01;2;33;0;0;2;1;1;
54157;202000035508;154 680 006;A01;2;10;0;2;1;9;1;
54158;202000035508;154 680 007;B01;3;33;0;2;7;1;1;
54159;202000035509;154 680 001;B01;1;7;0;2;1;1;1;
54160;202000035509;154 680 019;A01;2;7;0;2;1;1;1;
54161;202000035510;154 680 002;B01;1;34;0;2;2;17;1;
54162;202000035510;154 680 005;A01;1;7;0;2;3;10;1;
54163;202000035511;154 679 996;B01;1;99;0;2;1;1;0;
54164;202000035511;154 679 997;A01;1;7;0;2;6;23;1;
54165;202000035512;154 679 992;A01;2;7;0;1;3;15;0;
54166;202000035513;154 679 993;C01;3;7;0;0;8;1;1;
54167;202000035513;154 679 994;B01;3;7;0;0;3;1;1;
54168;202000035513;154 679 995;A01;3;7;0;2;8;13;1;
54169;202000035514;154 679 989;A01;1;7;0;2;8;9;1;
54170;202000035514;154 679 990;B01;1;1;0;2;1;1;5;
54171;202000035515;154 679 988;A01;1;7;0;0;0;1;0;
54172;202000035516;154 679 987;A01;2;7;0;1;2;1;1;
54173;202000035517;154 679 986;A01;3;7;0;1;1;17;1;
54174;202000035518;154 679 991;A01;1;7;0;9;1;14;1;
54175;202000035519;154 679 983;A01;1;7;0;2;7;1;1;
54176;202000035519;154 679 984;B01;2;7;0;2;1;1;1;
54177;202000035521;154 679 980;A01;0;7;13;2;1;19;1;
54178;202000035521;154 679 981;B01;0;7;13;2;6;1;1;
54179;202000035523;154 679 978;A01;1;50;14;0;0;1;3;
54180;202000035524;154 679 977;A01;3;34;0;0;2;5;1;
54181;202000035525;154 679 976;A01;1;7;0;1;3;1;1;
54182;202000035526;154 679 974;A01;1;7;0;2;1;15;1;
54183;202000035526;154 679 975;B01;2;7;0;2;1;1;1;
54184;202000035527;154 679 971;B01;3;7;0;2;5;2;1;
54185;202000035527;154 679 973;A01;3;7;0;2;2;2;1;
54186;202000035528;154 679 972;A01;2;7;0;1;7;1;1;
54187;202000035529;154 679 969;B01;1;31;9;2;6;18;1;
54188;202000035529;154 679 970;A01;1;7;0;2;1;15;1;
54189;202000035530;154 679 965;B01;2;30;0;2;6;21;1;
54190;202000035530;154 679 968;A01;1;3;0;2;3;15;1;
54191;202000035531;154 679 966;B01;-1;7;0;2;3;1;1;
54192;202000035531;154 679 967;A01;0;7;0;2;1;15;1;
54193;202000035532;154 679 962;B01;1;80;0;2;3;1;3;
54194;202000035532;154 679 964;A01;1;7;0;2;2;16;1;
54195;202000035533;154 679 961;A01;2;1;0;2;1;1;5;
54196;202000035533;154 679 963;B01;1;7;0;9;3;19;1;
54197;202000035534;154 679 958;A01;1;33;0;2;7;17;1;
54198;202000035534;154 679 959;B01;1;7;0;2;3;13;1;
54199;202000035535;154 679 956;B01;1;32;1;0;1;18;0;
54200;202000035535;154 679 957;A01;1;7;0;2;4;14;0;
54201;202000035536;154 679 953;A01;1;15;0;1;1;1;1;
54202;202000035537;154 679 949;B01;1;7;0;0;6;1;1;
54203;202000035537;154 679 950;A01;1;7;0;0;5;1;1;
54204;202000035537;154 679 954;C01;1;7;0;2;4;1;1;
54205;202000035537;154 679 955;E01;1;10;0;2;2;1;1;
54206;202000035537;154 679 960;D01;1;10;0;2;1;1;1;
54207;202000035538;154 679 948;A01;2;80;0;0;0;1;3;
54208;202000035540;154 679 943;A01;1;7;0;2;1;9;1;
54209;202000035540;154 679 945;B01;1;7;0;2;2;1;1;
54210;202000035541;154 679 942;A01;2;7;0;2;4;1;1;
54211;202000035541;154 679 944;B01;2;7;0;2;1;1;6;
54212;202000035542;154 679 938;A01;1;7;0;0;5;15;1;
54213;202000035542;154 679 941;B01;2;33;0;2;1;1;1;
54214;202000035543;154 679 933;B01;2;33;0;2;1;1;1;
54215;202000035543;154 679 935;A01;3;7;0;2;5;15;1;
54216;202000035544;154 679 932;A01;2;7;0;2;2;0;1;
54217;202000035544;154 679 934;C01;2;15;0;0;6;0;1;
54218;202000035544;154 679 936;D01;2;7;14;0;1;0;1;
54219;202000035544;154 679 937;B01;2;7;0;2;6;0;1;
54220;202000035545;154 679 931;A01;3;14;1;0;1;1;1;
54221;202000035546;154 679 925;B01;1;0;0;0;0;2;0;
54222;202000035546;154 679 926;A01;1;1;0;0;0;2;5;
54223;202000035547;154 679 921;B01;0;7;0;2;1;2;1;
54224;202000035547;154 679 923;C01;0;7;0;2;4;2;1;
54225;202000035547;154 679 951;A01;0;7;0;2;1;2;1;
54226;202000035549;154 679 919;A01;2;7;2;0;1;14;1;
54227;202000035550;154 679 918;A01;1;7;0;1;2;2;6;
54228;202000035551;154 679 917;A01;1;7;2;0;7;1;1;
54229;202000035552;154 679 916;A01;3;10;0;1;8;15;1;
54230;202000035554;154 679 914;B01;1;7;0;2;3;1;1;
54231;202000035554;154 679 915;A01;2;7;0;2;3;1;1;
54232;202000035555;154 679 911;A01;2;7;0;2;1;15;1;
54233;202000035555;154 679 913;B01;1;2;15;2;7;1;1;
54234;202000035556;154 679 910;B01;2;7;0;2;2;1;1;
54235;202000035556;154 679 912;A01;2;7;0;2;3;1;1;
54236;202000035557;154 679 940;A01;1;7;0;1;2;15;1;
54237;202000035558;154 679 920;A01;2;1;0;1;7;18;5;
54238;202000035559;154 679 908;A01;1;34;16;0;8;21;1;
54239;202000035560;154 679 909;A01;1;7;2;0;1;1;1;
54240;202000035561;154 679 903;A01;1;99;3;0;3;16;1;
54241;202000035562;154 679 898;A01;3;7;0;1;2;16;1;
54242;202000035563;154 679 896;B01;2;7;0;2;4;0;1;
54243;202000035563;154 679 897;A01;2;7;0;2;1;26;1;
54244;202000035564;154 679 894;B01;1;7;0;2;4;2;0;
54245;202000035564;154 679 895;A01;1;7;0;2;4;2;0;
54246;202000035565;154 679 901;B01;1;7;0;2;4;2;1;
54247;202000035565;154 679 905;A01;1;10;0;2;1;2;1;
54248;202000035566;154 679 891;C01;0;7;0;2;4;1;1;
54249;202000035566;154 679 892;B01;0;7;0;2;4;1;1;
54250;202000035566;154 679 893;A01;0;10;0;2;1;1;1;
54251;202000035567;154 679 888;B01;2;7;0;2;1;2;1;
54252;202000035567;154 679 890;A01;2;7;0;2;4;2;1;
54253;202000035568;154 679 887;A01;1;7;0;2;3;17;1;
54254;202000035568;154 679 889;B01;2;30;0;2;1;1;1;
54255;202000035569;154 679 899;B01;2;7;0;2;4;23;1;
54256;202000035569;154 679 900;A01;2;10;0;2;1;2;1;
54257;202000035571;154 679 882;A01;3;7;0;2;1;1;1;
54258;202000035571;154 679 885;B01;3;7;0;2;6;23;1;
54259;202000035571;154 679 886;C01;3;7;0;2;5;23;1;
54260;202000035574;154 679 875;A01;2;10;4;0;1;1;1;
54261;202000035575;154 679 874;B01;1;7;0;2;2;1;1;
54262;202000035575;154 679 877;A01;1;32;0;2;3;9;1;
54263;202000035576;154 679 871;B01;1;7;0;2;4;1;1;
54264;202000035576;154 679 872;A01;1;34;0;2;1;1;1;
54265;202000035577;154 679 868;A01;1;1;0;2;1;0;0;
54266;202000035577;154 679 869;B01;1;7;0;2;4;23;1;
54267;202000035578;154 679 867;A01;1;30;12;0;3;1;1;
54268;202000035580;154 679 862;C01;1;7;0;2;1;2;1;
54269;202000035580;154 679 870;B01;1;7;0;2;4;2;1;
54270;202000035580;154 679 873;A01;1;7;0;2;4;2;1;
54271;202000035581;154 679 860;B01;2;7;0;2;3;1;1;
54272;202000035581;154 679 876;A01;1;7;0;2;3;1;1;
54273;202000035583;154 679 859;B01;3;7;0;2;8;1;1;
54274;202000035583;154 679 863;A01;3;7;0;2;1;9;1;
54275;202000035584;154 679 857;A01;2;7;2;0;0;1;1;
54276;202000035585;154 679 855;B01;1;7;0;2;4;2;1;
54277;202000035585;154 679 856;A01;1;10;0;2;1;2;1;
54278;202000035586;154 679 853;B01;2;7;0;2;1;1;1;
54279;202000035586;154 679 854;A01;1;7;0;2;1;17;1;
54280;202000035587;154 679 850;A01;1;37;0;1;5;1;1;1.0
54281;202000035588;154 679 849;A01;1;7;10;0;1;13;1;
54282;202000035589;154 679 852;B01;3;80;0;2;8;1;3;
54283;202000035589;154 679 858;A01;3;7;0;9;1;15;1;
54284;202000035590;154 679 845;A01;1;7;0;2;1;1;1;
54285;202000035590;154 679 848;B01;1;7;0;2;8;1;1;
54286;202000035591;154 679 851;A01;1;7;3;0;1;0;1;
54287;202000035592;154 679 842;A01;2;7;14;0;1;26;1;
54288;202000035593;154 679 841;A01;1;7;3;0;8;1;1;
54289;202000035594;154 679 839;A01;2;7;0;2;4;2;1;
54290;202000035594;154 679 840;B01;2;7;0;2;1;2;1;
54291;202000035595;154 679 837;A01;1;33;0;2;7;1;1;
54292;202000035595;154 679 838;Z01;1;7;0;2;6;13;0;
54293;202000035596;154 679 846;B01;1;7;0;2;3;1;1;
54294;202000035596;154 679 847;A01;2;10;0;2;3;15;1;
54295;202000035597;154 679 836;A01;2;7;0;1;4;4;1;
54296;202000035598;154 679 834;A01;2;7;0;2;2;1;1;
54297;202000035598;154 679 835;B01;2;1;0;2;4;1;5;
54298;202000035599;154 679 833;A01;1;7;13;0;1;1;1;
54299;202000035600;154 679 832;A01;2;7;8;0;2;1;2;
54300;202000035601;154 679 831;A01;1;7;2;0;2;0;1;
54301;202000035602;154 679 827;A01;2;7;0;2;0;17;1;
54302;202000035602;154 679 828;B01;2;7;13;2;1;17;1;
54303;202000035602;154 679 829;D01;1;7;0;2;0;1;1;
54304;202000035602;154 679 830;C01;2;7;13;2;0;1;1;
54305;202000035603;154 679 824;B01;1;33;0;2;2;1;1;
54306;202000035603;154 679 825;A01;1;7;0;2;1;1;1;
54307;202000035604;154 679 822;A01;2;10;0;2;3;16;1;
54308;202000035604;154 679 823;B01;1;50;0;2;1;1;3;
54309;202000035605;154 679 843;B01;3;99;0;2;6;15;1;
54310;202000035605;154 679 844;A01;3;33;0;2;1;17;1;
54311;202000035606;154 679 821;Z01;1;50;0;1;1;1;3;
54312;202000035607;154 679 819;A01;1;7;0;1;7;1;1;
54313;202000035609;154 679 813;A01;1;7;0;2;1;2;1;
54314;202000035609;154 679 814;B01;1;7;0;2;4;2;1;
54315;202000035610;154 679 811;B01;3;33;0;2;1;2;1;
54316;202000035610;154 679 812;A01;3;7;0;2;6;26;1;
54317;202000035611;154 679 810;A01;0;7;6;0;1;1;1;
54318;202000035612;154 679 817;Z01;3;7;0;1;0;20;0;
54319;202000035614;154 679 815;A01;2;13;0;2;5;17;1;
54320;202000035614;154 679 816;B01;2;1;0;2;8;1;5;
54321;202000035615;154 679 799;B01;1;40;0;2;2;2;3;
54322;202000035615;154 679 803;A01;1;30;0;4;3;15;1;
54323;202000035616;154 679 797;A01;1;7;0;2;3;13;1;
54324;202000035616;154 679 798;B01;2;7;0;2;1;1;1;
54325;202000035616;154 679 800;C01;1;7;0;2;1;1;1;
54326;202000035617;154 679 796;A01;2;7;8;0;1;1;1;
54327;202000035618;154 679 795;A01;1;7;2;0;8;1;1;
54328;202000035619;154 679 801;C01;2;37;0;2;0;1;2;1.0
54329;202000035619;154 679 804;A01;2;7;0;2;6;13;1;
54330;202000035619;154 679 805;B01;2;37;0;2;1;1;1;1.0