;Num_Acc;id_vehicule;num_veh;senc;catv;obs;obsm;choc;manv;motor;occutc
54331;202000035620;154 679 793;A01;2;1;0;2;7;1;5;
54332;202000035620;154 679 794;B01;1;7;0;2;3;1;1;
54333;202000035621;154 679 802;C01;2;1;0;2;1;7;5;
54334;202000035621;154 679 806;B01;2;7;0;2;5;16;1;
54335;202000035621;154 679 807;A01;2;33;0;2;1;18;1;
54336;202000035622;154 679 792;A01;1;7;15;0;2;2;1;
54337;202000035623;154 679 789;B01;3;1;0;2;7;19;5;
54338;202000035623;154 679 790;A01;3;7;12;2;1;1;1;
54339;202000035624;154 679 785;A01;1;7;0;2;3;10;1;
54340;202000035624;154 679 787;B01;1;33;0;2;1;5;1;
54341;202000035625;154 679 784;A01;2;7;0;2;1;1;1;
54342;202000035625;154 679 786;C01;1;7;0;2;2;1;1;
54343;202000035625;154 679 788;B01;2;7;0;0;6;1;1;
54344;202000035626;154 679 782;Z01;2;7;0;2;1;15;0;
54345;202000035626;154 679 783;A01;1;50;0;2;0;19;3;
54346;202000035627;154 679 781;A01;1;33;0;2;1;17;1;
54347;202000035627;154 679 791;B01;1;7;0;2;1;15;1;
54348;202000035629;154 679 775;B01;2;7;2;2;1;1;1;
54349;202000035629;154 679 778;A01;1;7;1;2;1;15;1;
54350;202000035630;154 679 774;C01;2;7;0;2;1;21;1;
54351;202000035630;154 679 776;B01;2;7;0;2;4;0;1;
54352;202000035630;154 679 777;A01;2;7;0;0;4;23;1;
54353;202000035631;154 679 773;A01;1;33;6;0;1;15;1;
54354;202000035632;154 679 771;A01;1;7;0;1;1;26;1;
54355;202000035633;154 679 772;A01;-1;32;0;0;7;1;1;
54356;202000035634;154 679 768;A01;1;7;0;1;3;15;1;
54357;202000035635;154 679 767;A01;1;7;0;2;1;15;1;
54358;202000035635;154 679 769;B01;2;80;0;2;8;15;3;
54359;202000035636;154 679 764;A01;1;50;0;2;2;19;3;
54360;202000035636;154 679 766;Z01;1;7;0;2;1;1;1;
54361;202000035637;154 679 780;A01;1;10;0;1;1;2;0;
54362;202000035638;154 679 761;B01;1;33;0;2;0;1;1;
54363;202000035638;154 679 762;A01;1;7;0;2;6;11;1;
54364;202000035639;154 679 759;B01;1;7;0;2;1;1;0;
54365;202000035639;154 679 760;A01;1;34;0;2;7;1;0;
54366;202000035640;154 679 770;A01;1;7;0;1;1;1;1;
54367;202000035641;154 679 757;A01;1;1;0;2;1;13;5;
54368;202000035641;154 679 758;Z01;1;7;0;2;2;1;0;
54369;202000035642;154 679 763;A01;1;7;0;2;3;13;1;
54370;202000035642;154 679 765;B01;2;7;0;2;3;1;1;
54371;202000035644;154 679 752;B01;2;7;0;2;1;1;1;
54372;202000035644;154 679 754;A01;1;33;0;2;1;15;1;
54373;202000035645;154 679 751;A01;1;1;0;2;8;26;5;
54374;202000035645;154 679 756;B01;2;31;0;2;1;17;1;
54375;202000035646;154 679 747;A01;1;7;0;2;1;5;1;
54376;202000035646;154 679 749;C01;2;7;0;2;6;0;1;
54377;202000035646;154 679 753;B01;2;7;0;2;1;1;1;
54378;202000035647;154 679 746;B01;1;2;0;2;1;3;1;
54379;202000035647;154 679 748;A01;1;7;0;2;3;9;1;
54380;202000035649;154 679 743;B01;3;7;0;2;1;1;1;
54381;202000035649;154 679 745;A01;3;10;0;2;6;4;1;
54382;202000035650;154 679 740;A01;3;13;2;0;1;10;0;
54383;202000035651;154 679 738;A01;3;7;1;0;2;14;0;
54384;202000035652;154 679 737;B01;2;7;0;0;2;15;0;
54385;202000035652;154 679 739;A01;1;33;0;0;1;0;1;
54386;202000035653;154 679 734;Z01;1;7;0;2;7;16;1;
54387;202000035653;154 679 736;A01;1;31;0;2;8;1;1;
54388;202000035654;154 679 732;A01;2;7;0;2;7;13;1;
54389;202000035654;154 679 733;B01;1;10;0;2;1;1;1;
54390;202000035654;154 679 735;C01;1;10;0;2;3;1;1;
54391;202000035656;154 679 742;A01;2;7;0;1;8;2;1;
54392;202000035657;154 679 731;A01;1;7;0;1;3;7;2;
54393;202000035658;154 679 729;A01;1;14;6;2;3;13;1;
54394;202000035658;154 679 730;B01;2;7;6;2;3;21;1;
54395;202000035659;154 679 722;A01;1;7;13;2;2;13;1;
54396;202000035659;154 679 723;B01;2;7;0;2;2;21;1;
54397;202000035660;154 679 724;B01;2;7;0;2;1;1;1;
54398;202000035660;154 679 726;A01;1;1;0;2;8;1;5;
54399;202000035661;154 679 727;A01;2;7;0;2;0;15;1;
54400;202000035661;154 679 728;B01;1;33;0;2;2;1;1;
54401;202000035662;154 679 725;Z01;1;1;0;1;1;1;5;
54402;202000035663;154 679 715;A01;1;7;0;2;3;10;1;
54403;202000035663;154 679 716;B01;1;32;0;2;2;1;1;
54404;202000035664;154 679 712;B01;2;7;0;2;3;1;1;
54405;202000035664;154 679 713;A01;1;30;0;1;1;17;1;
54406;202000035665;154 679 711;B01;1;7;0;2;6;9;2;
54407;202000035665;154 679 717;A01;2;34;9;2;1;1;1;
54408;202000035667;154 679 707;B01;1;2;0;2;1;1;1;
54409;202000035667;154 679 709;A01;2;7;0;2;3;15;1;
54410;202000035669;154 679 706;A01;2;7;0;2;3;15;1;
54411;202000035669;154 679 718;B01;2;1;0;2;1;1;5;
54412;202000035670;154 679 702;A01;1;7;3;0;2;26;1;
54413;202000035670;154 679 714;B01;1;7;14;0;2;21;1;
54414;202000035671;154 679 700;Z01;1;7;0;2;4;2;1;
54415;202000035671;154 679 704;A01;1;30;0;2;1;2;1;
54416;202000035672;154 679 698;A01;2;7;0;2;2;1;1;
54417;202000035672;154 679 699;B01;2;7;0;2;4;2;1;
54418;202000035673;154 679 696;A01;1;7;0;2;2;15;1;
54419;202000035673;154 679 697;B01;2;2;0;2;1;1;1;
54420;202000035674;154 679 701;A01;1;7;0;2;4;2;1;
54421;202000035674;154 679 705;B01;1;2;0;2;1;2;1;
54422;202000035675;154 679 691;B01;1;10;0;0;4;1;1;
54423;202000035675;154 679 692;A01;1;7;0;2;1;2;1;
54424;202000035676;154 679 689;A01;2;33;0;2;1;17;1;
54425;202000035676;154 679 690;B01;2;7;0;2;3;1;1;
54426;202000035677;154 679 688;A01;2;1;0;2;1;2;5;
54427;202000035678;154 679 685;A01;1;7;2;0;1;1;1;
54428;202000035680;154 679 682;B01;2;1;0;2;1;1;5;
54429;202000035680;154 679 684;A01;2;7;0;2;5;16;1;
54430;202000035681;154 679 681;A01;1;7;13;0;2;1;1;
54431;202000035682;154 679 693;A01;1;7;0;2;1;2;1;
54432;202000035682;154 679 694;B01;1;7;0;2;1;2;1;
54433;202000035682;154 679 695;C01;1;17;0;2;4;24;1;
54434;202000035683;154 679 703;A01;1;1;0;0;0;1;5;
54435;202000035684;154 679 677;A01;2;15;3;2;3;13;1;
54436;202000035684;154 679 680;B01;2;7;3;2;0;17;1;
54437;202000035685;154 679 675;B01;2;1;0;2;1;1;5;
54438;202000035685;154 679 676;A01;2;7;0;2;8;22;1;
54439;202000035686;154 679 673;B01;2;15;0;9;6;2;1;
54440;202000035686;154 679 674;A01;2;7;0;2;2;2;1;
54441;202000035687;154 679 671;A01;1;7;6;0;2;1;1;
54442;202000035688;154 679 670;A01;2;7;0;2;2;15;1;
54443;202000035688;154 679 672;B01;1;43;0;2;3;1;1;
54444;202000035689;154 679 667;A01;1;7;0;2;2;13;1;
54445;202000035689;154 679 668;B01;2;7;0;2;2;0;1;
54446;202000035689;154 679 669;C01;2;7;0;2;1;0;1;
54447;202000035690;154 679 664;A01;1;7;2;0;0;1;1;
54448;202000035691;154 679 665;A01;2;7;0;2;2;1;1;
54449;202000035691;154 679 666;Z01;2;7;0;2;0;1;1;
54450;202000035692;154 679 661;A01;2;17;0;2;2;26;1;
54451;202000035692;154 679 679;B01;2;7;0;2;8;2;1;
54452;202000035693;154 679 660;A01;1;1;0;1;2;1;5;
54453;202000035694;154 679 658;A01;1;33;0;2;7;1;1;
54454;202000035694;154 679 659;B01;1;7;0;0;4;1;1;
54455;202000035695;154 679 656;B01;1;33;0;2;1;1;1;
54456;202000035695;154 679 657;A01;1;10;0;2;7;12;1;
54457;202000035696;154 679 662;B01;2;7;0;2;1;1;0;
54458;202000035696;154 679 678;A01;2;7;0;2;5;1;0;
54459;202000035697;154 679 663;A01;1;10;2;0;5;1;1;
54460;202000035698;154 679 655;A01;1;10;4;2;3;26;1;
54461;202000035699;154 679 652;A01;2;7;0;1;1;0;0;
54462;202000035700;154 679 646;B01;2;32;0;2;1;1;1;
54463;202000035700;154 679 648;A01;1;7;0;2;2;20;1;
54464;202000035702;154 679 651;A01;1;7;17;0;3;17;1;
54465;202000035703;154 679 653;B01;2;1;0;2;0;1;5;
54466;202000035703;154 679 654;A01;2;10;0;2;2;16;1;
54467;202000035704;154 679 640;A01;3;7;0;0;1;2;1;
54468;202000035704;154 679 642;B01;1;7;0;2;0;0;1;
54469;202000035704;154 679 644;C01;3;7;0;2;1;5;1;
54470;202000035705;154 679 639;B01;1;7;0;2;4;2;1;
54471;202000035705;154 679 641;A01;1;7;0;2;4;2;1;
54472;202000035705;154 679 643;C01;1;7;0;2;1;2;1;
54473;202000035706;154 679 633;A01;1;37;0;1;3;1;1;1.0
54474;202000035707;154 679 635;Z01;0;7;0;0;0;0;0;
54475;202000035707;154 679 636;A01;0;7;0;0;0;0;1;
54476;202000035707;154 679 637;C01;0;7;0;0;0;0;1;
54477;202000035707;154 679 638;B01;0;7;0;0;0;0;1;
54478;202000035708;154 679 631;A01;1;7;0;2;1;2;1;
54479;202000035708;154 679 632;B01;1;31;0;2;4;23;1;
54480;202000035709;154 679 630;A01;1;10;0;1;1;16;0;
54481;202000035710;154 679 634;A01;1;7;3;0;2;2;1;
54482;202000035711;154 679 625;B01;2;7;0;2;2;1;1;
54483;202000035711;154 679 629;A01;1;7;0;2;3;2;1;
54484;202000035712;154 679 628;A01;1;7;0;1;1;1;1;
54485;202000035713;154 679 623;A01;2;7;0;2;1;26;1;
54486;202000035713;154 679 624;B01;1;7;0;2;1;19;1;
54487;202000035714;154 679 621;B01;3;7;0;2;7;16;1;
54488;202000035714;154 679 622;A01;3;30;0;2;1;1;1;
54489;202000035715;154 679 619;B01;1;7;0;2;8;1;1;
54490;202000035715;154 679 620;A01;2;7;0;2;1;1;1;
54491;202000035717;154 679 614;A01;3;7;0;1;1;16;0;
54492;202000035718;154 679 612;B01;3;50;0;2;0;0;3;
54493;202000035718;154 679 613;A01;3;7;0;9;4;4;1;
54494;202000035719;154 679 626;A01;2;20;0;0;0;1;1;
54495;202000035720;154 679 627;A01;1;33;14;0;7;14;1;
54496;202000035721;154 679 610;A01;2;31;0;2;8;3;0;
54497;202000035721;154 679 611;Z01;2;3;0;2;0;0;0;
54498;202000035722;154 679 615;B01;1;32;0;2;0;0;-1;
54499;202000035722;154 679 616;A01;1;7;0;2;0;0;-1;
54500;202000035723;154 679 608;A01;2;33;0;0;8;0;1;
54501;202000035725;154 679 604;A01;3;7;0;2;2;18;0;
54502;202000035725;154 679 605;B01;3;7;0;2;7;15;0;
54503;202000035726;154 679 601;A01;2;7;0;2;3;22;1;
54504;202000035726;154 679 607;B01;2;1;1;0;3;1;5;
54505;202000035727;154 679 600;A01;3;36;4;0;1;1;3;
54506;202000035728;154 679 598;A01;1;7;0;1;2;1;1;
54507;202000035729;154 679 599;A01;3;30;0;2;2;1;1;
54508;202000035729;154 679 602;B01;3;1;0;2;1;1;5;
54509;202000035730;154 679 596;B01;3;2;0;0;0;0;0;
54510;202000035730;154 679 597;A01;3;7;0;0;3;13;1;
54511;202000035731;154 679 594;A01;2;33;0;2;3;7;1;
54512;202000035731;154 679 595;B01;1;7;0;2;2;15;2;
54513;202000035734;154 679 589;B01;1;2;0;2;2;1;1;
54514;202000035734;154 679 590;A01;1;7;0;2;6;15;1;
54515;202000035735;154 679 588;A01;1;7;0;1;3;1;1;
54516;202000035736;154 679 585;B01;1;32;0;2;1;1;1;
54517;202000035736;154 679 591;A01;2;7;0;2;8;15;1;
54518;202000035737;154 679 582;A01;2;0;0;2;1;1;0;
54519;202000035737;154 679 583;B01;1;7;0;2;7;15;6;
54520;202000035738;154 679 584;A01;0;10;0;1;1;17;1;
54521;202000035739;154 679 579;A01;2;99;0;2;3;1;1;
54522;202000035739;154 679 580;B01;2;7;0;2;8;1;1;
54523;202000035741;154 679 578;A01;1;7;8;0;8;1;1;
54524;202000035743;154 679 574;B01;2;33;0;2;7;1;1;
54525;202000035743;154 679 575;A01;3;7;0;2;3;16;1;
54526;202000035744;154 679 572;B01;2;7;0;2;3;23;1;
54527;202000035744;154 679 573;A01;2;33;0;2;1;9;1;
54528;202000035745;154 679 570;A01;2;7;0;0;8;19;1;
54529;202000035745;154 679 571;B01;2;7;0;2;1;1;1;
54530;202000035746;154 679 568;A01;2;7;13;0;8;1;1;
54531;202000035748;154 679 566;B01;2;7;0;2;1;1;1;
54532;202000035748;154 679 567;A01;1;7;0;2;1;13;1;
54533;202000035749;154 679 565;A01;2;7;6;0;1;14;1;
54534;202000035750;154 679 562;A01;3;7;0;1;2;25;1;
54535;202000035751;154 679 569;A01;2;7;15;0;2;1;1;
54536;202000035752;154 679 558;A01;1;7;0;2;8;26;1;
54537;202000035752;154 679 560;B01;1;1;0;2;1;1;5;
54538;202000035754;154 679 559;A01;1;7;0;1;1;1;1;
54539;202000035755;154 679 554;A01;2;2;0;2;8;15;1;
54540;202000035755;154 679 555;B01;1;99;0;2;3;1;1;
54541;202000035756;154 679 549;B01;2;17;0;2;1;1;1;
54542;202000035756;154 679 551;A01;1;2;0;2;1;13;1;
54543;202000035757;154 679 552;Y01;3;1;0;2;1;19;0;
54544;202000035757;154 679 556;A01;3;7;0;9;3;15;0;
54545;202000035758;154 679 550;B01;1;7;0;2;3;15;1;
54546;202000035758;154 679 553;A01;2;33;0;2;3;1;1;
54547;202000035760;154 679 546;B01;1;2;0;2;4;1;1;
54548;202000035760;154 679 548;Z01;-1;7;4;2;1;2;0;
54549;202000035761;154 679 545;A01;2;7;2;0;1;1;0;
54550;202000035762;154 679 543;Z01;1;7;0;2;0;2;1;
54551;202000035762;154 679 544;B01;2;2;0;2;8;2;1;
54552;202000035763;154 679 540;A01;2;7;8;0;8;1;1;
54553;202000035764;154 679 538;A01;1;7;0;2;5;15;1;
54554;202000035764;154 679 542;B01;1;33;0;2;1;1;1;
54555;202000035765;154 679 537;B01;3;7;0;2;3;0;3;
54556;202000035765;154 679 541;A01;1;7;0;2;1;1;1;
54557;202000035766;154 679 536;A01;2;7;6;0;3;14;1;
54558;202000035767;154 679 534;B01;1;7;0;2;2;2;1;
54559;202000035767;154 679 535;A01;1;30;0;2;1;9;1;
54560;202000035768;154 679 532;A01;2;7;0;2;1;1;1;
54561;202000035768;154 679 533;B01;2;7;0;0;4;1;1;
54562;202000035769;154 679 529;A01;1;7;3;0;7;1;1;
54563;202000035770;154 679 530;A01;1;1;0;0;0;0;5;
54564;202000035770;154 679 531;B01;0;7;0;0;3;26;1;
54565;202000035771;154 679 526;A01;2;7;0;2;1;2;1;
54566;202000035771;154 679 528;B01;2;7;0;2;4;2;1;
54567;202000035772;154 679 525;B01;1;7;0;2;3;1;0;
54568;202000035772;154 679 527;A01;2;2;0;2;1;1;0;
54569;202000035774;154 679 520;B01;2;7;0;2;1;1;1;
54570;202000035774;154 679 521;A01;2;1;0;2;4;11;5;
54571;202000035775;154 679 518;A01;2;33;0;0;8;1;1;
54572;202000035776;154 679 517;A01;2;7;0;2;7;21;1;
54573;202000035776;154 679 519;B01;2;1;0;0;4;26;5;
54574;202000035777;154 679 513;A01;2;7;0;2;3;13;1;
54575;202000035777;154 679 522;B01;1;7;0;2;3;1;1;
54576;202000035778;154 679 512;B01;1;99;0;2;9;1;1;
54577;202000035778;154 679 514;A01;1;10;4;2;3;21;1;
54578;202000035779;154 679 511;A01;1;7;8;0;5;1;0;
54579;202000035780;154 679 506;A01;2;7;0;2;2;13;1;
54580;202000035780;154 679 508;B01;1;15;0;2;1;1;1;
54581;202000035780;154 679 509;C01;2;7;0;2;1;2;1;
54582;202000035780;154 679 510;D01;2;10;0;2;8;2;1;
54583;202000035781;154 679 515;A01;1;7;0;2;1;13;1;
54584;202000035781;154 679 516;B01;1;7;0;2;1;1;1;
54585;202000035782;154 679 505;A01;1;7;0;2;1;17;1;
54586;202000035782;154 679 507;B01;2;7;0;2;1;1;1;
54587;202000035784;154 679 501;A01;1;33;6;0;0;17;1;
54588;202000035785;154 679 502;A01;2;7;0;2;2;1;1;
54589;202000035785;154 679 504;B01;2;17;0;0;6;1;1;
54590;202000035786;154 679 498;A01;1;7;0;1;2;1;0;
54591;202000035787;154 679 496;B01;1;1;0;2;8;0;5;
54592;202000035787;154 679 497;A01;1;7;0;2;2;1;1;
54593;202000035788;154 679 495;B01;1;10;12;1;5;1;1;
54594;202000035789;154 679 493;A01;1;7;2;0;1;1;1;
54595;202000035790;154 679 494;A01;0;33;0;2;3;18;1;
54596;202000035791;154 679 492;A01;1;7;8;0;1;13;1;
54597;202000035792;154 679 489;A01;1;7;0;2;1;5;1;
54598;202000035792;154 679 491;B01;2;7;0;2;1;1;1;
54599;202000035793;154 679 486;B01;2;7;0;2;2;1;1;
54600;202000035793;154 679 487;A01;1;7;3;2;5;1;1;
54601;202000035794;154 679 499;A01;1;7;0;2;2;1;1;
54602;202000035794;154 679 500;B01;1;1;0;2;4;2;5;
54603;202000035795;154 679 483;A01;2;7;0;0;2;1;1;
54604;202000035795;154 679 485;B01;1;7;0;2;1;10;1;
54605;202000035796;154 679 482;B01;1;7;0;2;7;1;1;
54606;202000035796;154 679 484;A01;1;7;0;2;1;15;1;
54607;202000035797;154 679 480;A01;1;7;8;0;6;1;1;
54608;202000035799;154 679 476;A01;2;33;0;0;0;1;1;
54609;202000035800;154 679 481;A01;3;7;0;1;2;15;1;
54610;202000035801;154 679 488;A01;3;7;0;2;1;15;1;
54611;202000035801;154 679 490;B01;1;2;0;2;7;1;1;
54612;202000035802;154 679 474;A01;1;7;0;2;1;15;1;
54613;202000035802;154 679 475;B01;2;1;0;2;1;1;5;
54614;202000035803;154 679 470;A01;2;7;3;2;3;1;1;
54615;202000035803;154 679 472;B01;1;7;3;2;3;1;1;
54616;202000035804;154 679 467;A01;3;2;0;0;0;1;1;
54617;202000035805;154 679 466;B01;2;7;0;0;1;1;1;
54618;202000035805;154 679 468;A01;1;7;12;0;1;1;1;
54619;202000035806;154 679 465;A01;2;7;13;0;1;1;1;
54620;202000035807;154 679 461;A01;1;7;3;2;1;2;1;
54621;202000035807;154 679 463;B01;1;15;0;2;6;2;1;
54622;202000035808;154 679 460;A01;1;7;13;0;0;1;1;
54623;202000035809;154 679 458;B01;1;7;0;2;1;1;1;
54624;202000035809;154 679 462;A01;1;7;0;2;7;1;1;
54625;202000035810;154 679 456;B01;1;10;0;2;4;1;1;
54626;202000035810;154 679 457;A01;1;33;0;2;1;2;1;
54627;202000035811;154 679 454;A01;1;33;0;0;0;0;1;
54628;202000035812;154 679 453;A01;1;7;2;0;1;1;1;
54629;202000035813;154 679 451;A01;1;2;0;0;9;1;1;
54630;202000035815;154 679 447;A01;1;33;13;0;0;17;1;
54631;202000035816;154 679 448;A01;1;7;0;0;9;1;0;
54632;202000035817;154 679 445;A01;1;7;0;0;1;1;3;
54633;202000035817;154 679 446;B01;2;7;0;0;2;9;1;
54634;202000035818;154 679 442;B01;1;33;0;2;1;1;1;
54635;202000035818;154 679 444;A01;1;10;0;2;5;19;1;
54636;202000035819;154 679 441;A01;3;7;0;2;1;1;1;
54637;202000035819;154 679 443;B01;3;7;6;2;3;17;1;
54638;202000035821;154 679 436;A01;1;15;0;9;7;17;1;
54639;202000035821;154 679 439;B01;1;1;13;0;8;2;5;
54640;202000035822;154 679 433;A01;2;7;13;0;9;21;1;
54641;202000035823;154 679 434;A01;3;10;2;0;7;14;1;
54642;202000035824;154 679 432;B01;2;7;0;2;3;1;1;
54643;202000035824;154 679 435;A01;1;7;0;2;3;13;1;
54644;202000035827;154 679 427;B01;2;1;1;0;0;21;5;
54645;202000035827;154 679 431;A01;1;7;0;2;3;19;1;
54646;202000035828;154 679 425;A01;1;7;4;0;0;17;1;
54647;202000035829;154 679 423;A01;1;7;0;1;3;1;1;
54648;202000035830;154 679 424;A01;1;7;2;0;9;0;1;
54649;202000035831;154 679 422;A01;2;7;6;0;2;16;1;
54650;202000035832;154 679 421;A01;2;7;6;9;1;1;1;
54651;202000035833;154 679 420;A01;1;7;0;1;1;1;1;
54652;202000035834;154 679 415;A01;1;7;13;0;2;1;0;
54653;202000035835;154 679 416;A01;2;33;0;2;5;23;1;
54654;202000035835;154 679 419;B01;1;7;0;2;3;1;1;
54655;202000035836;154 679 410;B01;2;7;0;2;3;1;1;
54656;202000035836;154 679 414;A01;1;7;0;2;3;13;1;
54657;202000035837;154 679 411;A01;0;7;8;2;1;13;1;
54658;202000035837;154 679 413;B01;0;7;0;2;8;1;1;
54659;202000035838;154 679 412;A01;0;99;1;0;1;5;1;
54660;202000035839;154 679 408;A01;2;7;0;2;2;2;1;
54661;202000035839;154 679 409;B01;2;1;0;0;4;2;5;
54662;202000035840;154 679 406;B01;3;7;0;2;1;1;1;
54663;202000035840;154 679 407;A01;0;7;0;2;1;1;0;
54664;202000035841;154 679 404;A01;1;33;13;0;1;1;1;
54665;202000035842;154 679 403;A01;0;7;0;9;8;1;1;
54666;202000035842;154 679 405;B01;0;1;0;2;7;1;5;
54667;202000035843;154 679 400;A01;1;33;2;0;1;0;1;
54668;202000035844;154 679 402;A01;2;7;0;1;2;1;1;
54669;202000035845;154 679 399;B01;1;7;0;2;1;1;1;
54670;202000035845;154 679 401;A01;2;14;0;0;6;15;1;
54671;202000035846;154 679 398;A01;1;33;7;0;8;1;1;
54672;202000035847;154 679 395;Z01;1;7;0;2;1;9;1;
54673;202000035847;154 679 396;B01;1;7;0;2;4;9;1;
54674;202000035848;154 679 394;B01;1;7;0;2;2;11;1;
54675;202000035848;154 679 397;A01;2;7;0;2;3;1;1;
54676;202000035849;154 679 391;B01;2;33;0;2;8;1;1;
54677;202000035849;154 679 392;A01;2;7;0;2;7;12;1;
54678;202000035850;154 679 388;A01;1;7;13;2;2;15;1;
54679;202000035850;154 679 390;B01;2;10;13;2;1;1;1;
54680;202000035850;154 679 393;C01;2;7;0;2;1;23;1;
54681;202000035851;154 679 387;B01;1;38;0;2;1;1;1;1.0
54682;202000035851;154 679 389;A01;2;7;0;2;1;13;1;
54683;202000035852;154 679 383;B01;1;7;0;2;1;1;1;
54684;202000035852;154 679 385;A01;1;7;3;0;1;1;1;
54685;202000035852;154 679 386;C01;1;7;0;2;1;1;1;
54686;202000035853;154 679 384;A01;2;33;3;0;1;1;1;
54687;202000035854;154 679 382;A01;1;7;0;1;3;13;1;
54688;202000035855;154 679 380;A01;1;7;3;0;8;13;1;
54689;202000035856;154 679 377;A01;2;7;0;2;2;9;1;
54690;202000035856;154 679 379;B01;1;1;0;0;5;15;6;
54691;202000035859;154 679 373;A01;1;7;7;0;1;14;1;
54692;202000035860;154 679 369;B01;2;7;0;2;4;2;1;
54693;202000035860;154 679 371;C01;2;10;0;2;4;2;1;
54694;202000035860;154 679 372;A01;2;10;0;2;1;1;1;
54695;202000035861;154 679 365;A01;2;7;0;0;4;26;1;
54696;202000035861;154 679 367;C01;2;7;0;2;1;0;0;
54697;202000035861;154 679 368;B01;2;7;0;0;0;0;1;
54698;202000035862;154 679 366;A01;1;2;2;0;1;13;1;
54699;202000035863;154 679 363;A01;1;15;0;2;4;24;1;
54700;202000035863;154 679 364;B01;1;7;1;0;1;2;1;
54701;202000035864;154 679 358;A01;2;2;0;0;0;0;1;
54702;202000035865;154 679 359;B01;1;7;6;2;2;14;1;
54703;202000035865;154 679 360;A01;1;7;0;2;6;1;1;
54704;202000035866;154 679 356;A01;2;7;0;2;1;2;1;
54705;202000035866;154 679 357;B01;2;7;0;2;4;2;1;
54706;202000035867;154 679 354;A01;1;7;0;0;8;15;1;
54707;202000035867;154 679 355;B01;1;7;0;2;1;17;1;
54708;202000035868;154 679 350;A01;2;7;0;2;3;9;1;
54709;202000035868;154 679 353;B01;2;7;0;2;8;1;1;
54710;202000035869;154 679 346;B01;2;33;0;2;1;2;1;
54711;202000035869;154 679 348;A01;2;7;0;2;5;2;1;
54712;202000035870;154 679 351;A01;1;33;12;0;3;13;1;
54713;202000035871;154 679 341;B01;2;7;0;2;4;1;1;
54714;202000035871;154 679 344;A01;2;33;0;2;1;2;0;
54715;202000035872;154 679 339;C01;1;7;0;2;5;1;1;
54716;202000035872;154 679 340;D01;1;7;0;2;8;1;1;
54717;202000035872;154 679 342;A01;1;7;0;2;3;11;1;
54718;202000035872;154 679 343;B01;1;33;0;2;5;3;1;
54719;202000035873;154 679 336;A01;1;7;4;0;1;21;1;
54720;202000035874;154 679 335;C01;1;33;0;2;1;1;1;
54721;202000035874;154 679 337;B01;1;7;3;2;7;14;1;
54722;202000035874;154 679 338;A01;1;13;0;2;3;13;1;
54723;202000035875;154 679 334;A01;2;7;13;0;9;14;1;
54724;202000035876;154 679 333;A01;1;33;0;0;9;9;1;
54725;202000035878;154 679 331;A01;1;7;0;0;9;13;1;
54726;202000035879;154 679 328;A01;2;10;0;2;1;1;1;
54727;202000035879;154 679 330;B01;2;7;0;2;4;2;1;
54728;202000035880;154 679 345;A01;2;33;0;2;1;13;1;
54729;202000035880;154 679 347;B01;1;7;0;2;1;1;1;
54730;202000035880;154 679 349;C01;1;7;0;9;4;1;1;
54731;202000035881;154 679 329;A01;1;7;4;0;3;15;1;
54732;202000035882;154 679 323;B01;2;7;0;2;1;21;1;
54733;202000035882;154 679 326;A01;1;7;0;2;1;11;1;
54734;202000035884;154 679 321;A01;2;1;8;0;1;0;5;
54735;202000035885;154 679 316;A01;1;7;2;0;8;1;1;
54736;202000035886;154 679 315;A01;1;1;0;0;9;1;5;
54737;202000035887;154 679 317;C01;1;10;0;2;1;2;1;
54738;202000035887;154 679 319;A01;1;7;0;2;4;2;1;
54739;202000035887;154 679 320;B01;1;7;0;2;4;2;1;
54740;202000035888;154 679 325;A01;1;7;4;2;1;2;1;
54741;202000035888;154 679 327;B01;1;7;0;2;4;2;1;
54742;202000035889;154 679 312;A01;2;10;0;2;3;1;0;
54743;202000035889;154 679 314;Z01;2;15;0;2;8;14;1;
54744;202000035890;154 679 309;B01;1;7;0;2;4;1;1;
54745;202000035890;154 679 310;A01;2;7;0;2;1;3;1;
54746;202000035892;154 679 304;A01;2;33;0;2;3;11;1;
54747;202000035892;154 679 305;B01;1;7;0;2;3;2;0;
54748;202000035892;154 679 307;C01;1;7;0;2;3;2;1;
54749;202000035893;154 679 302;A01;1;7;0;1;3;1;1;
54750;202000035894;154 679 301;B01;3;33;0;2;1;0;0;
54751;202000035894;154 679 303;A01;3;7;0;2;6;15;0;
54752;202000035895;154 679 299;A01;1;7;0;2;1;1;1;
54753;202000035895;154 679 300;B01;1;33;0;2;4;2;1;
54754;202000035896;154 679 295;A01;1;43;0;2;1;3;1;
54755;202000035896;154 679 297;B01;1;7;0;2;6;11;1;
54756;202000035897;154 679 296;B01;2;7;0;2;0;0;0;
54757;202000035897;154 679 298;A01;1;7;0;2;0;0;0;
54758;202000035898;154 679 294;A01;1;7;4;0;8;13;1;
54759;202000035899;154 679 293;A01;2;34;0;1;1;1;1;
54760;202000035900;154 679 291;B01;2;7;5;2;5;1;1;
54761;202000035900;154 679 292;A01;2;7;0;2;3;13;1;
54762;202000035901;154 679 289;B01;1;7;0;2;4;26;1;
54763;202000035901;154 679 290;A01;1;7;0;2;1;26;1;