;Num_Acc;id_vehicule;num_veh;senc;catv;obs;obsm;choc;manv;motor;occutc
54764;202000035902;154 679 287;A01;3;7;16;0;3;9;1;
54765;202000035902;154 679 288;B01;0;2;16;0;4;0;1;
54766;202000035903;154 679 285;Z01;1;7;0;2;3;12;0;
54767;202000035903;154 679 286;A01;1;31;0;2;1;3;1;
54768;202000035904;154 679 282;B01;1;33;0;2;1;1;1;
54769;202000035904;154 679 284;A01;1;7;0;2;6;11;1;
54770;202000035905;154 679 281;A01;3;33;0;2;8;15;0;
54771;202000035905;154 679 283;B01;1;37;0;2;1;1;0;3.0
54772;202000035906;154 679 277;B01;1;43;0;2;1;3;1;
54773;202000035906;154 679 278;A01;1;7;0;2;3;17;1;
54774;202000035906;154 679 279;C01;1;7;0;2;8;2;1;
54775;202000035906;154 679 280;D01;1;7;0;2;4;2;1;
54776;202000035907;154 679 276;A01;3;7;0;1;3;2;1;
54777;202000035908;154 679 275;A01;2;7;0;1;0;1;0;
54778;202000035909;154 679 273;Z01;2;7;0;1;1;5;1;
54779;202000035909;154 679 274;A01;2;7;0;2;1;5;1;
54780;202000035910;154 679 271;A01;2;7;0;2;1;1;0;
54781;202000035910;154 679 272;B01;3;7;0;2;1;1;0;
54782;202000035911;154 679 269;B01;3;33;0;2;8;1;1;
54783;202000035911;154 679 270;A01;3;7;0;2;2;1;1;
54784;202000035912;154 679 267;A01;1;30;0;2;2;1;1;
54785;202000035912;154 679 268;B01;1;7;0;2;3;1;1;
54786;202000035913;154 679 265;A01;3;7;0;1;1;21;1;
54787;202000035914;154 679 264;A01;1;30;8;2;0;1;1;
54788;202000035914;154 679 266;Z01;1;7;0;2;0;9;1;
54789;202000035915;154 679 261;A01;0;7;0;2;0;19;1;
54790;202000035915;154 679 263;B01;0;7;0;2;0;1;1;
54791;202000035916;154 679 260;A01;2;1;0;2;1;1;5;
54792;202000035916;154 679 262;B01;1;7;0;2;5;15;1;
54793;202000035917;154 679 259;A01;1;7;0;1;1;15;0;
54794;202000035918;154 679 257;A01;2;7;0;2;2;1;1;
54795;202000035918;154 679 258;B01;2;80;0;2;1;1;3;
54796;202000035919;154 679 255;A01;0;7;0;1;1;16;1;
54797;202000035920;154 679 254;B01;1;7;0;2;3;1;1;
54798;202000035920;154 679 256;A01;2;33;0;2;2;1;1;
54799;202000035921;154 679 253;A01;1;7;6;0;1;14;1;
54800;202000035922;154 679 252;A01;1;34;0;1;1;1;1;
54801;202000035923;154 679 251;A01;2;7;1;0;2;14;1;
54802;202000035924;154 679 248;B01;2;1;0;2;2;1;5;
54803;202000035924;154 679 249;A01;1;7;0;2;1;15;1;
54804;202000035925;154 679 250;A01;1;10;0;1;3;4;1;
54805;202000035926;154 679 246;A01;1;30;0;1;3;1;1;
54806;202000035927;154 679 245;B01;2;7;0;2;2;15;1;
54807;202000035927;154 679 247;A01;1;1;0;2;8;1;5;
54808;202000035928;154 679 242;A01;1;7;0;2;7;16;1;
54809;202000035928;154 679 244;B01;1;50;0;2;1;18;3;
54810;202000035929;154 679 241;B01;1;2;0;2;1;1;1;
54811;202000035929;154 679 243;A01;1;7;0;2;3;15;1;
54812;202000035930;154 679 240;A01;2;30;15;0;0;18;1;
54813;202000035931;154 679 238;A01;2;7;0;2;1;9;1;
54814;202000035931;154 679 239;B01;2;7;1;0;7;1;1;
54815;202000035932;154 679 236;A01;1;10;0;2;3;13;1;
54816;202000035932;154 679 237;B01;2;7;0;2;8;1;1;
54817;202000035933;154 679 235;A01;1;32;0;0;7;1;1;
54818;202000035935;154 679 231;A01;1;1;0;0;1;12;5;
54819;202000035936;154 679 230;A01;1;7;0;2;2;15;1;
54820;202000035936;154 679 232;B01;2;7;0;2;1;1;1;
54821;202000035937;154 679 229;A01;1;31;0;0;8;1;1;
54822;202000035938;154 679 225;B01;1;50;0;2;2;1;3;
54823;202000035938;154 679 226;A01;1;7;0;2;3;1;1;
54824;202000035939;154 679 227;B01;1;7;0;2;6;2;1;
54825;202000035939;154 679 228;A01;1;7;0;2;1;26;1;
54826;202000035940;154 679 223;A01;0;10;0;1;1;15;1;
54827;202000035941;154 679 222;A01;2;50;0;2;0;19;3;
54828;202000035941;154 679 224;B01;2;7;0;2;2;16;1;
54829;202000035942;154 679 219;B01;2;80;0;2;4;1;3;
54830;202000035942;154 679 221;A01;2;7;0;2;2;1;1;
54831;202000035943;154 679 218;B01;1;1;0;2;7;19;5;
54832;202000035943;154 679 220;A01;1;30;0;2;1;1;1;
54833;202000035944;154 679 216;A01;2;31;0;1;1;17;1;
54834;202000035945;154 679 215;B01;1;50;0;2;7;1;3;
54835;202000035945;154 679 217;A01;2;7;0;2;1;19;1;
54836;202000035946;154 679 212;A01;0;7;0;2;7;1;1;
54837;202000035946;154 679 214;B01;0;7;0;2;1;1;1;
54838;202000035947;154 679 211;A01;0;7;0;2;3;15;1;
54839;202000035947;154 679 213;B01;0;7;0;2;3;16;1;
54840;202000035949;154 679 209;Z01;3;7;0;1;0;16;0;
54841;202000035950;154 679 207;Z01;3;7;0;2;1;0;1;
54842;202000035950;154 679 208;B01;0;99;0;0;0;0;0;
54843;202000035951;154 679 206;A01;0;7;0;1;1;15;1;
54844;202000035952;154 679 204;A01;3;7;0;2;6;2;1;
54845;202000035952;154 679 205;B01;3;1;0;2;1;1;5;
54846;202000035953;154 679 203;A01;2;30;0;0;8;1;1;
54847;202000035954;154 679 201;A01;1;38;0;2;1;2;1;1.0
54848;202000035954;154 679 202;B01;1;7;0;0;4;2;3;
54849;202000035955;154 679 199;A01;3;7;0;2;8;18;1;
54850;202000035955;154 679 200;B01;3;7;0;2;2;12;1;
54851;202000035956;154 679 198;A01;0;7;0;0;9;26;1;
54852;202000035957;154 679 197;A01;2;7;0;1;7;26;1;
54853;202000035958;154 679 196;A01;3;30;12;0;1;26;1;
54854;202000035959;154 679 194;A01;1;7;0;2;3;26;1;
54855;202000035959;154 679 195;B01;1;33;0;2;4;1;1;
54856;202000035960;154 679 192;A01;2;7;0;2;8;1;1;
54857;202000035960;154 679 193;B01;1;1;0;2;2;19;5;
54858;202000035961;154 679 190;B01;1;38;0;2;4;2;0;2.0
54859;202000035961;154 679 191;A01;1;7;0;2;1;26;0;
54860;202000035962;154 679 189;Z01;3;7;0;1;1;1;0;
54861;202000035963;154 679 187;A01;1;7;0;2;1;15;1;
54862;202000035963;154 679 188;B01;2;7;0;2;3;1;1;
54863;202000035964;154 679 185;A01;0;7;0;2;1;2;1;
54864;202000035964;154 679 186;B01;0;7;0;2;4;2;1;
54865;202000035965;154 679 183;A01;1;7;0;2;1;15;1;
54866;202000035965;154 679 184;B01;1;7;0;2;7;1;1;
54867;202000035966;154 679 181;A01;1;7;0;2;2;19;1;
54868;202000035966;154 679 182;B01;1;2;0;2;1;2;1;
54869;202000035967;154 679 179;B01;2;7;0;2;4;1;1;
54870;202000035967;154 679 180;A01;2;33;0;2;1;2;1;
54871;202000035968;154 679 177;A01;1;7;0;2;3;9;0;
54872;202000035968;154 679 178;B01;1;32;0;2;1;1;1;
54873;202000035969;154 679 175;A01;1;10;7;2;2;26;1;
54874;202000035969;154 679 176;B01;1;7;0;2;3;26;1;
54875;202000035970;154 679 172;A01;1;33;0;2;1;3;1;
54876;202000035970;154 679 173;B01;1;7;0;2;5;1;1;
54877;202000035970;154 679 174;C01;1;7;0;2;8;1;1;
54878;202000035971;154 679 170;B01;1;10;0;2;6;2;1;
54879;202000035971;154 679 171;A01;1;33;0;2;1;2;1;
54880;202000035972;154 679 167;A01;1;32;0;2;2;3;1;
54881;202000035972;154 679 168;C01;1;7;0;2;7;1;3;
54882;202000035972;154 679 169;B01;1;10;0;2;6;1;1;
54883;202000035973;154 679 165;A01;2;14;0;2;2;1;1;
54884;202000035973;154 679 166;B01;2;7;0;2;8;9;1;
54885;202000035974;154 679 163;A01;2;32;0;2;7;2;1;
54886;202000035974;154 679 164;Z01;2;7;0;2;0;18;0;
54887;202000035976;154 679 161;A01;2;33;14;0;0;13;1;
54888;202000035977;154 679 160;A01;2;10;0;1;4;4;1;
54889;202000035980;154 679 154;A01;2;7;0;2;3;8;1;
54890;202000035980;154 679 155;B01;1;1;0;2;8;19;5;
54891;202000035981;154 679 152;A01;1;7;0;2;8;22;1;
54892;202000035981;154 679 153;B01;1;1;0;2;1;1;5;
54893;202000035982;154 679 150;A01;3;1;0;2;1;19;5;
54894;202000035982;154 679 151;B01;3;7;0;2;1;15;1;
54895;202000035983;154 679 149;A01;1;7;0;1;2;1;2;
54896;202000035984;154 679 147;B01;1;7;0;2;5;15;1;
54897;202000035984;154 679 148;A01;1;32;0;2;2;2;1;
54898;202000035985;154 679 145;B01;1;43;0;2;4;23;1;
54899;202000035985;154 679 146;A01;1;33;0;2;1;2;1;
54900;202000035986;154 679 143;B01;1;32;0;2;4;0;1;
54901;202000035986;154 679 144;A01;1;7;0;2;4;2;1;
54902;202000035987;154 679 141;A01;2;7;0;2;2;16;1;
54903;202000035987;154 679 142;B01;2;32;0;2;3;1;1;
54904;202000035988;154 679 139;B01;1;7;0;9;2;1;1;
54905;202000035988;154 679 140;A01;2;1;0;2;8;15;5;
54906;202000035989;154 679 137;B01;2;7;0;2;8;1;2;
54907;202000035989;154 679 138;A01;1;33;0;2;1;17;1;
54908;202000035990;154 679 136;A01;1;7;0;0;0;0;0;
54909;202000035991;154 679 134;B01;1;7;0;0;6;15;1;
54910;202000035991;154 679 135;A01;1;33;0;2;1;2;1;
54911;202000035992;154 679 132;A01;3;7;0;2;3;9;1;
54912;202000035992;154 679 133;B01;1;7;0;2;1;1;1;
54913;202000035994;154 679 126;A01;2;7;13;0;8;1;1;
54914;202000035995;154 679 124;A01;2;33;0;2;7;15;1;
54915;202000035995;154 679 125;B01;1;7;0;2;1;1;1;
54916;202000035996;154 679 122;B01;1;7;0;2;3;1;1;
54917;202000035996;154 679 123;A01;2;7;0;2;1;13;1;
54918;202000035997;154 679 121;A01;1;33;0;0;8;1;1;
54919;202000035998;154 679 117;A01;1;7;13;0;9;17;1;
54920;202000036000;154 679 114;A01;3;32;0;2;1;13;1;
54921;202000036000;154 679 115;B01;3;30;0;2;1;1;1;
54922;202000036001;154 679 112;B01;3;7;0;2;2;1;1;
54923;202000036001;154 679 113;A01;3;31;0;2;1;13;1;
54924;202000036005;154 679 105;A01;2;7;2;0;8;0;1;
54925;202000036006;154 679 103;B01;2;33;0;2;5;2;1;
54926;202000036006;154 679 104;A01;2;7;0;2;3;2;1;
54927;202000036007;154 679 101;A01;0;7;0;2;1;2;0;
54928;202000036007;154 679 102;B01;0;1;0;2;4;2;5;
54929;202000036008;154 679 100;A01;1;33;3;0;7;1;1;
54930;202000036009;154 679 098;A01;0;7;0;2;2;15;1;
54931;202000036009;154 679 099;B01;0;33;0;2;1;1;1;
54932;202000036010;154 679 097;A01;0;7;0;0;1;15;1;
54933;202000036011;154 679 096;A01;3;32;0;0;7;16;1;
54934;202000036012;154 679 094;B01;1;2;0;2;1;17;1;
54935;202000036012;154 679 095;A01;1;7;0;2;3;15;1;
54936;202000036013;154 679 093;A01;2;33;3;0;1;1;1;
54937;202000036014;154 679 092;A01;1;33;0;0;8;2;1;
54938;202000036015;154 679 090;A01;1;7;0;2;1;13;1;
54939;202000036015;154 679 091;B01;2;7;0;2;1;1;1;
54940;202000036016;154 679 088;B01;1;7;0;2;7;19;1;
54941;202000036016;154 679 089;A01;2;2;0;2;1;1;1;
54942;202000036018;154 679 085;B01;3;1;0;2;0;13;5;
54943;202000036018;154 679 086;A01;3;7;0;9;2;13;1;
54944;202000036019;154 679 083;B01;2;7;0;2;3;1;1;
54945;202000036019;154 679 084;A01;1;7;0;2;3;13;1;
54946;202000036020;154 679 081;B01;2;7;0;2;6;1;1;
54947;202000036020;154 679 082;A01;2;7;0;2;2;9;1;
54948;202000036021;154 679 079;B01;2;10;0;2;1;1;1;
54949;202000036021;154 679 080;A01;1;7;0;2;1;5;1;
54950;202000036022;154 679 076;A01;1;7;0;2;1;2;1;
54951;202000036022;154 679 077;B01;1;7;0;2;4;2;1;
54952;202000036022;154 679 078;C01;1;7;0;2;1;2;1;
54953;202000036023;154 679 074;B01;1;34;14;0;3;2;1;
54954;202000036023;154 679 075;A01;1;7;0;2;2;2;1;
54955;202000036024;154 679 072;A01;2;7;0;2;1;1;1;
54956;202000036024;154 679 073;B01;2;7;0;2;4;2;1;
54957;202000036025;154 679 070;A01;2;7;0;2;7;12;1;
54958;202000036025;154 679 071;B01;2;33;0;2;8;3;1;
54959;202000036026;154 679 069;A01;1;31;0;2;3;21;1;
54960;202000036027;154 679 067;B01;2;7;0;2;5;2;1;
54961;202000036027;154 679 068;A01;2;33;0;2;3;1;1;
54962;202000036028;154 679 065;A01;1;31;0;2;3;21;1;
54963;202000036028;154 679 066;B01;1;7;0;2;5;2;1;
54964;202000036029;154 679 063;A01;1;7;0;2;3;21;1;
54965;202000036029;154 679 064;B01;1;7;0;9;1;18;1;
54966;202000036030;154 679 061;A01;1;43;0;2;3;3;1;
54967;202000036030;154 679 062;B01;1;7;0;2;2;12;1;
54968;202000036031;154 679 059;B01;1;10;0;2;4;2;1;
54969;202000036031;154 679 060;A01;1;7;0;2;1;2;1;
54970;202000036033;154 679 055;B01;1;7;0;2;6;1;1;
54971;202000036033;154 679 056;A01;1;14;0;2;2;12;1;
54972;202000036034;154 679 053;B01;2;7;4;2;4;1;1;
54973;202000036034;154 679 054;A01;2;15;0;2;1;12;1;
54974;202000036035;154 679 051;A01;2;7;0;2;1;16;1;
54975;202000036035;154 679 052;B01;1;7;0;2;3;1;1;
54976;202000036036;154 679 049;A01;2;7;1;0;2;10;1;
54977;202000036036;154 679 050;B01;2;32;0;2;3;1;1;
54978;202000036037;154 679 048;A01;2;7;0;1;1;26;1;
54979;202000036038;154 679 047;B01;1;10;0;1;8;16;1;
54980;202000036039;154 679 045;A01;1;7;0;2;7;9;1;
54981;202000036039;154 679 046;B01;1;32;0;2;8;1;0;
54982;202000036040;154 679 041;A01;1;33;0;2;1;17;1;
54983;202000036040;154 679 042;B01;1;7;0;2;8;1;1;
54984;202000036040;154 679 043;C01;1;7;0;2;8;1;1;
54985;202000036040;154 679 044;D01;1;2;0;2;0;1;1;
54986;202000036041;154 679 039;B01;1;30;0;2;4;9;1;
54987;202000036041;154 679 040;A01;1;7;0;2;1;9;1;
54988;202000036042;154 679 037;A01;2;7;0;2;2;26;1;
54989;202000036042;154 679 038;B01;2;1;0;2;4;15;5;
54990;202000036043;154 679 036;A01;1;7;1;0;1;21;1;
54991;202000036044;154 679 034;A01;1;7;0;2;2;15;1;
54992;202000036044;154 679 035;B01;1;2;0;2;6;2;3;
54993;202000036045;154 679 032;A01;2;10;0;2;1;26;1;
54994;202000036045;154 679 033;B01;2;10;0;2;4;1;4;
54995;202000036046;154 679 030;B01;1;7;0;9;4;23;1;
54996;202000036046;154 679 031;A01;1;1;0;2;1;1;5;
54997;202000036047;154 679 028;A01;2;7;0;2;3;15;2;
54998;202000036047;154 679 029;B01;1;1;0;2;1;1;5;
54999;202000036048;154 679 026;B01;2;2;0;2;1;1;0;
55000;202000036048;154 679 027;A01;1;7;0;2;3;15;2;
55001;202000036049;154 679 025;A01;3;7;0;1;1;15;1;
55002;202000036050;154 679 023;A01;1;7;0;2;2;1;1;
55003;202000036050;154 679 024;B01;1;7;0;2;1;1;1;
55004;202000036051;154 679 021;B01;2;31;0;2;1;0;1;
55005;202000036051;154 679 022;A01;2;7;0;9;5;15;1;
55006;202000036052;154 679 020;A01;2;1;8;0;1;13;5;
55007;202000036053;154 679 018;B01;2;1;0;2;7;19;5;
55008;202000036053;154 679 019;A01;1;7;0;2;3;1;1;
55009;202000036054;154 679 016;A01;2;7;0;2;2;1;1;
55010;202000036054;154 679 017;B01;0;50;0;2;3;1;3;
55011;202000036055;154 679 013;C01;0;10;0;2;1;0;1;
55012;202000036055;154 679 014;B01;0;7;0;2;5;1;1;
55013;202000036055;154 679 015;A01;0;7;0;2;6;4;1;
55014;202000036057;154 679 010;A01;1;7;0;2;7;15;1;
55015;202000036057;154 679 011;B01;1;7;0;2;1;1;1;
55016;202000036058;154 679 009;A01;2;7;0;1;3;1;1;
55017;202000036059;154 679 007;A01;1;7;0;9;1;19;1;
55018;202000036059;154 679 008;B01;2;1;0;2;1;19;5;
55019;202000036060;154 679 005;A01;1;1;0;2;1;9;5;
55020;202000036060;154 679 006;B01;2;7;0;2;1;1;1;
55021;202000036062;154 679 002;A01;1;7;0;1;1;16;1;
55022;202000036063;154 679 001;A01;1;33;0;1;1;1;1;
55023;202000036064;154 678 997;D01;2;7;0;2;4;23;1;
55024;202000036064;154 678 998;C01;2;7;0;2;4;23;1;
55025;202000036064;154 678 999;B01;2;7;0;2;4;23;1;
55026;202000036064;154 679 000;A01;2;7;0;2;1;2;1;
55027;202000036065;154 678 995;B01;2;7;0;2;4;2;1;
55028;202000036065;154 678 996;A01;2;7;0;2;1;2;1;
55029;202000036066;154 678 993;B01;3;1;0;2;0;0;5;
55030;202000036066;154 678 994;A01;2;7;0;2;3;9;1;
55031;202000036067;154 678 991;A01;1;10;0;2;2;16;1;
55032;202000036067;154 678 992;B01;1;2;0;2;8;18;1;
55033;202000036068;154 678 990;A01;2;33;0;0;9;17;1;
55034;202000036069;154 678 988;A01;0;1;1;0;1;19;5;
55035;202000036069;154 678 989;B01;0;7;1;0;2;1;1;
55036;202000036070;154 678 987;A01;2;7;1;0;2;14;1;
55037;202000036071;154 678 985;A01;1;7;0;2;8;15;1;
55038;202000036071;154 678 986;B01;1;30;0;2;1;17;1;
55039;202000036072;154 678 984;A01;3;7;1;0;0;1;0;
55040;202000036073;154 678 981;A01;2;10;0;2;2;1;1;
55041;202000036073;154 678 982;B01;2;7;0;2;1;1;1;
55042;202000036074;154 678 980;A01;0;37;0;1;3;15;1;1.0
55043;202000036075;154 678 978;B01;1;1;0;2;0;0;5;
55044;202000036075;154 678 979;A01;1;7;0;2;2;0;1;
55045;202000036076;154 678 976;B01;2;31;0;2;1;1;1;
55046;202000036076;154 678 977;A01;1;10;0;2;5;15;1;
55047;202000036077;154 678 974;E01;2;34;0;0;4;2;1;
55048;202000036077;154 678 975;A01;2;7;14;2;1;26;1;
55049;202000036078;154 678 972;B01;1;1;0;2;7;1;5;
55050;202000036078;154 678 973;A01;3;7;0;2;1;1;1;
55051;202000036079;154 678 968;B01;0;33;0;2;6;1;1;
55052;202000036079;154 678 969;A01;0;7;0;2;2;1;1;
55053;202000036080;154 678 966;B01;2;7;0;2;4;2;1;
55054;202000036080;154 678 967;A01;2;10;0;2;1;2;1;
55055;202000036082;154 678 962;B01;2;7;0;2;8;15;1;
55056;202000036082;154 678 963;A01;1;33;0;2;1;1;1;
55057;202000036083;154 678 961;A01;2;7;0;0;9;13;1;
55058;202000036084;154 678 960;A01;1;7;0;1;1;1;1;
55059;202000036085;154 678 958;A01;0;7;0;1;3;1;1;
55060;202000036086;154 678 956;B01;2;1;0;2;1;2;0;
55061;202000036086;154 678 957;A01;2;7;0;9;1;9;1;
55062;202000036088;154 678 952;A01;1;7;0;2;7;1;1;
55063;202000036088;154 678 953;B01;1;30;0;2;8;1;1;
55064;202000036089;154 678 950;B01;1;7;0;2;4;1;1;
55065;202000036089;154 678 951;A01;1;30;0;2;1;1;1;
55066;202000036090;154 678 948;A01;1;7;0;2;1;26;1;
55067;202000036090;154 678 949;B01;1;3;0;2;5;26;1;
55068;202000036093;154 678 942;A01;1;7;0;2;3;15;1;
55069;202000036093;154 678 943;B01;2;2;0;2;1;0;1;
55070;202000036094;154 678 940;A01;1;30;0;2;1;17;1;
55071;202000036094;154 678 941;B01;1;7;0;2;3;15;1;
55072;202000036095;154 678 938;A01;1;7;0;2;2;1;-1;
55073;202000036095;154 678 939;B01;1;7;0;2;3;1;-1;
55074;202000036096;154 678 936;B01;2;7;0;2;2;22;1;
55075;202000036096;154 678 937;A01;2;14;1;1;6;1;1;
55076;202000036097;154 678 935;A01;3;7;4;0;0;11;1;
55077;202000036099;154 678 932;A01;1;7;0;2;2;15;1;
55078;202000036099;154 678 933;D01;1;31;0;2;1;1;1;
55079;202000036100;154 678 928;D01;2;7;0;2;4;2;6;
55080;202000036100;154 678 929;C01;2;7;0;2;4;2;1;
55081;202000036100;154 678 930;B01;2;7;0;2;4;2;1;
55082;202000036100;154 678 931;A01;2;7;0;2;1;2;1;
55083;202000036101;154 678 926;A01;2;32;0;2;8;3;1;
55084;202000036101;154 678 927;B01;2;10;0;2;6;1;1;
55085;202000036102;154 678 924;A01;2;33;0;2;7;21;1;
55086;202000036102;154 678 925;B01;2;7;0;2;8;1;1;
55087;202000036103;154 678 922;B01;2;30;0;2;1;1;1;
55088;202000036103;154 678 923;A01;2;1;0;2;4;1;5;
55089;202000036104;154 678 920;B01;2;1;0;2;1;1;5;
55090;202000036104;154 678 921;A01;1;1;0;2;1;5;5;
55091;202000036105;154 678 919;A01;1;1;0;1;8;1;5;
55092;202000036106;154 678 918;A01;1;30;0;1;3;17;1;
55093;202000036107;154 678 917;A01;2;33;0;1;1;1;1;
55094;202000036108;154 678 915;A01;3;7;0;2;3;1;1;
55095;202000036108;154 678 916;B01;3;50;0;2;7;1;3;
55096;202000036109;154 678 914;A01;2;1;0;0;0;1;5;
55097;202000036110;154 678 912;A01;1;7;0;2;4;4;1;
55098;202000036110;154 678 913;B01;1;1;0;2;1;1;5;
55099;202000036111;154 678 911;A01;2;50;0;0;0;1;3;
55100;202000036112;154 678 909;B01;1;33;0;2;1;2;1;
55101;202000036112;154 678 910;A01;1;10;0;2;6;2;1;
55102;202000036113;154 678 907;A01;1;7;0;2;1;19;0;
55103;202000036113;154 678 908;B01;2;31;0;2;1;19;0;
55104;202000036115;154 678 904;A01;0;7;0;2;3;17;1;
55105;202000036115;154 678 905;B01;0;31;0;2;1;17;1;
55106;202000036116;154 678 901;C01;2;7;0;2;4;23;1;
55107;202000036116;154 678 902;B01;2;3;0;2;4;23;1;
55108;202000036116;154 678 903;A01;2;7;0;2;1;1;1;
55109;202000036117;154 678 900;A01;1;7;1;1;3;11;0;
55110;202000036118;154 678 898;A01;3;7;1;0;3;11;1;
55111;202000036118;154 678 899;B01;3;1;1;0;0;0;0;
55112;202000036119;154 678 897;A01;1;7;0;1;8;1;1;
55113;202000036120;154 678 895;B01;3;7;0;2;0;15;1;
55114;202000036120;154 678 896;A01;-1;31;0;2;0;17;1;
55115;202000036121;154 678 893;B01;2;10;0;2;0;2;0;
55116;202000036121;154 678 894;A01;2;7;0;2;4;23;0;
55117;202000036122;154 678 891;A01;-1;7;0;2;2;9;0;
55118;202000036122;154 678 892;B01;-1;99;0;2;0;26;0;
55119;202000036123;154 678 889;A01;0;7;0;2;0;0;6;
55120;202000036123;154 678 890;B01;0;2;0;2;0;0;0;
55121;202000036124;154 678 887;B01;2;2;0;2;1;18;6;
55122;202000036124;154 678 888;A01;2;10;0;2;2;1;1;
55123;202000036125;154 678 886;A01;2;80;12;0;0;1;3;
55124;202000036126;154 678 884;A01;2;30;0;2;1;2;0;
55125;202000036126;154 678 885;B01;2;7;7;0;6;2;0;
55126;202000036128;154 678 881;A01;1;7;0;1;5;4;0;
55127;202000036129;154 678 879;B01;1;33;0;2;1;3;1;
55128;202000036129;154 678 880;A01;2;7;0;2;2;15;1;
55129;202000036130;154 678 877;A01;2;7;0;2;7;10;1;
55130;202000036130;154 678 878;B01;1;7;0;2;1;1;1;
55131;202000036131;154 678 875;B01;1;31;0;2;5;3;1;
55132;202000036131;154 678 876;A01;2;7;0;2;8;15;1;
55133;202000036132;154 678 873;B01;0;7;0;0;3;19;1;
55134;202000036132;154 678 874;A01;0;41;0;0;1;0;1;
55135;202000036133;154 678 871;B01;2;7;0;2;1;15;1;
55136;202000036133;154 678 872;A01;1;33;0;2;3;18;1;
55137;202000036134;154 678 870;A01;1;7;7;0;1;16;1;
55138;202000036135;154 678 868;A01;1;7;0;2;6;13;1;
55139;202000036135;154 678 869;B01;2;7;0;2;1;0;1;
55140;202000036136;154 678 866;A01;2;7;0;2;8;11;1;
55141;202000036136;154 678 867;B01;2;33;0;2;7;17;1;
55142;202000036138;154 678 862;A01;2;2;0;2;1;19;1;
55143;202000036138;154 678 863;B01;2;7;0;2;3;1;1;
55144;202000036139;154 678 860;B01;0;30;0;2;4;0;1;
55145;202000036139;154 678 861;A01;0;7;0;2;1;0;1;
55146;202000036140;154 678 857;A01;1;7;0;2;1;1;1;
55147;202000036140;154 678 858;B01;1;7;0;2;4;1;1;
55148;202000036140;154 678 859;C01;1;7;0;2;4;1;1;
55149;202000036141;154 678 856;A01;1;33;0;0;1;1;1;
55150;202000036142;154 678 855;A01;3;33;0;0;9;1;1;
55151;202000036143;154 678 853;B01;2;1;0;2;8;1;5;
55152;202000036143;154 678 854;A01;0;7;0;9;3;1;6;
55153;202000036144;154 678 851;B01;1;31;0;2;1;1;0;
55154;202000036144;154 678 852;A01;1;7;0;2;7;9;0;
55155;202000036145;154 678 849;B01;2;10;0;2;3;1;1;
55156;202000036145;154 678 850;A01;1;10;12;2;3;1;1;
55157;202000036146;154 678 848;A01;1;33;11;0;1;17;1;
55158;202000036147;154 678 846;B01;2;7;0;2;2;1;1;
55159;202000036147;154 678 847;A01;1;31;0;2;3;18;1;
55160;202000036148;154 678 845;A01;1;21;0;0;7;1;6;
55161;202000036150;154 678 842;B01;2;1;0;2;3;1;5;
55162;202000036150;154 678 843;A01;1;7;0;2;1;15;1;
55163;202000036152;154 678 840;A01;1;2;13;0;1;2;0;
55164;202000036153;154 678 837;B01;2;7;0;2;1;1;1;
55165;202000036153;154 678 838;A01;1;7;0;2;7;1;1;
55166;202000036154;154 678 833;A01;2;7;0;2;3;13;1;
55167;202000036154;154 678 834;B01;1;7;0;2;1;17;1;
55168;202000036154;154 678 835;C01;2;7;5;2;1;2;1;
55169;202000036154;154 678 836;D01;1;7;0;9;1;2;1;
55170;202000036155;154 678 832;A01;1;7;0;0;1;19;1;
55171;202000036156;154 678 831;A01;2;1;0;0;0;1;-1;
55172;202000036157;154 678 830;A01;2;7;2;0;3;13;3;
55173;202000036158;154 678 829;A01;2;10;16;0;2;1;1;
55174;202000036159;154 678 826;B01;1;7;0;2;2;21;1;
55175;202000036159;154 678 827;A01;1;7;0;2;1;10;1;
55176;202000036159;154 678 828;C01;1;2;0;2;1;1;1;
55177;202000036160;154 678 825;A01;2;10;0;1;1;1;1;
55178;202000036161;154 678 823;B01;1;15;0;0;8;1;1;
55179;202000036161;154 678 824;A01;1;7;0;2;7;14;1;
55180;202000036162;154 678 822;A01;1;7;13;0;1;2;1;
55181;202000036163;154 678 818;D01;0;7;0;9;8;23;1;
55182;202000036163;154 678 819;C01;0;7;0;2;8;23;1;
55183;202000036163;154 678 820;B01;1;7;12;2;7;1;1;
55184;202000036163;154 678 821;A01;1;7;12;2;1;17;0;
55185;202000036165;154 678 815;A01;2;7;0;1;2;21;1;
55186;202000036166;154 678 813;A01;2;2;0;0;7;1;1;
55187;202000036166;154 678 814;B01;1;7;0;2;1;19;1;
55188;202000036167;154 678 811;A01;1;31;0;2;1;1;1;
55189;202000036167;154 678 812;B01;2;21;0;0;8;1;1;
55190;202000036168;154 678 810;A01;0;31;0;0;0;2;1;
55191;202000036169;154 678 808;B01;3;31;0;2;8;1;1;
55192;202000036169;154 678 809;A01;2;7;0;2;2;1;1;
55193;202000036170;154 678 806;A01;3;7;0;2;3;26;1;
55194;202000036170;154 678 807;B01;3;7;0;2;2;1;1;
55195;202000036171;154 678 804;A01;1;10;0;2;8;13;1;
55196;202000036171;154 678 805;B01;2;7;0;2;8;1;1;