;Num_Acc;id_vehicule;num_veh;senc;catv;obs;obsm;choc;manv;motor;occutc
55197;202000036172;154 678 802;A01;2;7;0;2;1;26;1;
55198;202000036172;154 678 803;B01;2;2;0;2;1;1;1;
55199;202000036173;154 678 801;A01;1;7;15;0;1;0;1;
55200;202000036174;154 678 799;A01;0;10;0;9;3;16;1;
55201;202000036174;154 678 800;B01;3;1;0;0;8;19;5;
55202;202000036175;154 678 797;B01;3;1;0;2;6;2;6;
55203;202000036175;154 678 798;A01;3;7;0;2;2;2;0;
55204;202000036176;154 678 795;B01;2;7;0;2;8;13;1;
55205;202000036176;154 678 796;A01;1;3;0;2;8;13;1;
55206;202000036177;154 678 793;A01;2;7;0;0;6;15;1;
55207;202000036177;154 678 794;B01;2;33;0;2;1;17;1;
55208;202000036178;154 678 792;A01;1;7;13;0;1;1;1;
55209;202000036179;154 678 789;A01;0;7;0;9;3;1;1;
55210;202000036179;154 678 790;B01;0;1;0;2;1;1;5;
55211;202000036180;154 678 787;A01;2;7;0;2;8;9;1;
55212;202000036180;154 678 788;B01;2;30;0;2;1;1;1;
55213;202000036181;154 678 786;A01;2;10;0;1;2;1;1;
55214;202000036182;154 678 784;A01;1;34;0;2;8;2;1;
55215;202000036182;154 678 785;B01;1;7;0;2;7;16;1;
55216;202000036183;154 678 783;A01;2;7;2;0;1;14;1;
55217;202000036184;154 678 780;A01;1;2;0;2;3;9;1;
55218;202000036184;154 678 781;C01;1;7;0;2;4;1;1;
55219;202000036184;154 678 782;B01;1;7;0;2;1;1;1;
55220;202000036185;154 678 778;A01;2;7;0;2;3;5;1;
55221;202000036185;154 678 779;B01;1;7;0;2;2;1;1;
55222;202000036186;154 678 776;A01;1;10;0;2;2;21;1;
55223;202000036186;154 678 777;B01;1;7;0;0;6;23;1;
55224;202000036187;154 678 774;B01;2;15;0;0;1;2;1;
55225;202000036187;154 678 775;A01;2;7;0;0;4;0;1;
55226;202000036188;154 678 773;A01;2;7;6;0;1;1;1;
55227;202000036189;154 678 769;B01;0;33;0;2;1;26;1;
55228;202000036189;154 678 770;A01;3;7;0;2;4;4;1;
55229;202000036190;154 678 768;A01;1;15;0;1;2;1;1;
55230;202000036191;154 678 767;A01;0;2;0;1;1;1;1;
55231;202000036193;154 678 765;A01;1;7;2;0;1;1;1;
55232;202000036194;154 678 763;A01;3;7;0;2;3;10;1;
55233;202000036194;154 678 764;B01;3;2;0;2;2;1;1;
55234;202000036195;154 678 762;A01;3;2;0;0;5;0;1;
55235;202000036196;154 678 761;A01;3;33;0;0;8;1;1;
55236;202000036197;154 678 759;B01;2;7;4;2;6;13;1;
55237;202000036197;154 678 760;C01;2;0;-1;2;-1;12;-1;
55238;202000036198;154 678 755;B01;1;7;0;2;6;15;1;
55239;202000036198;154 678 756;A01;1;30;0;2;1;1;1;
55240;202000036199;154 678 753;B01;1;10;0;2;2;1;1;
55241;202000036199;154 678 754;A01;2;33;0;2;7;1;1;
55242;202000036200;154 678 751;A01;2;7;0;2;7;17;1;
55243;202000036200;154 678 752;B01;2;33;0;2;8;1;1;
55244;202000036201;154 678 750;A01;2;7;0;1;2;1;1;
55245;202000036202;154 678 749;A01;3;7;10;0;3;16;1;
55246;202000036203;154 678 747;B01;3;31;0;2;1;1;1;
55247;202000036203;154 678 748;A01;3;7;0;2;3;15;1;
55248;202000036204;154 678 745;A01;1;10;0;2;2;1;1;
55249;202000036204;154 678 746;B01;1;2;0;2;8;9;1;
55250;202000036205;154 678 743;B01;1;7;0;2;2;9;1;
55251;202000036205;154 678 744;A01;1;10;0;2;1;9;1;
55252;202000036206;154 678 740;C01;2;3;0;2;2;1;1;
55253;202000036206;154 678 741;B01;1;33;0;2;7;17;1;
55254;202000036206;154 678 742;A01;1;7;0;2;3;15;1;
55255;202000036207;154 678 739;A01;1;2;6;0;2;26;1;
55256;202000036208;154 678 736;A01;1;7;0;2;1;1;1;
55257;202000036208;154 678 737;B01;1;7;0;2;4;23;1;
55258;202000036208;154 678 738;C01;1;7;0;2;4;23;1;
55259;202000036209;154 678 734;Z01;2;7;0;0;0;0;0;
55260;202000036209;154 678 735;A01;1;7;0;2;7;21;0;
55261;202000036210;154 678 731;A01;1;10;0;2;1;2;0;
55262;202000036210;154 678 732;B01;1;7;0;2;3;23;0;
55263;202000036210;154 678 733;C01;1;7;0;2;4;23;0;
55264;202000036211;154 678 729;B01;1;7;0;2;1;1;1;
55265;202000036211;154 678 730;A01;2;31;0;2;8;1;1;
55266;202000036212;154 678 726;A01;2;2;0;2;1;17;1;
55267;202000036212;154 678 727;B01;2;7;0;2;3;15;1;
55268;202000036213;154 678 723;A01;2;7;0;2;1;26;1;
55269;202000036213;154 678 724;C01;2;7;0;2;6;0;1;
55270;202000036213;154 678 725;B01;2;7;0;2;6;0;1;
55271;202000036214;154 678 721;A01;3;7;0;9;1;1;1;
55272;202000036214;154 678 722;B01;1;1;0;2;0;0;5;
55273;202000036215;154 678 720;A01;1;7;13;0;1;13;1;
55274;202000036216;154 678 719;A01;1;30;0;0;0;1;1;
55275;202000036217;154 678 717;B01;1;2;0;2;2;21;1;
55276;202000036217;154 678 718;A01;1;7;0;2;3;9;1;
55277;202000036218;154 678 716;A01;2;7;15;0;5;1;1;
55278;202000036219;154 678 714;B01;2;1;0;2;8;7;5;
55279;202000036219;154 678 715;A01;2;7;0;2;2;16;1;
55280;202000036220;154 678 713;A01;2;37;0;1;5;7;1;1.0
55281;202000036221;154 678 711;B01;1;7;0;2;4;23;1;
55282;202000036221;154 678 712;A01;1;7;0;2;1;2;1;
55283;202000036222;154 678 709;A01;2;1;0;2;3;15;5;
55284;202000036222;154 678 710;Z01;2;7;0;2;0;1;0;
55285;202000036223;154 678 708;A01;1;7;0;1;4;4;1;
55286;202000036224;154 678 707;A01;2;10;0;1;6;1;3;
55287;202000036225;154 678 705;A01;2;50;0;2;1;5;3;
55288;202000036225;154 678 706;B01;1;30;0;2;3;9;3;
55289;202000036227;154 678 703;B01;2;7;0;1;1;17;1;
55290;202000036228;154 678 701;B01;2;33;1;2;1;21;1;
55291;202000036228;154 678 702;A01;1;7;0;2;3;13;1;
55292;202000036230;154 678 696;A01;0;7;0;2;3;15;1;
55293;202000036230;154 678 697;B01;0;7;0;2;3;16;1;
55294;202000036232;154 678 693;B01;3;7;0;1;0;0;1;
55295;202000036232;154 678 694;A01;1;7;0;1;2;26;1;
55296;202000036233;154 678 691;B01;1;7;0;9;7;26;0;
55297;202000036233;154 678 692;A01;1;1;0;2;7;26;5;
55298;202000036235;154 678 687;A01;1;0;0;1;0;0;0;
55299;202000036236;154 678 685;A01;1;13;0;2;5;12;0;
55300;202000036236;154 678 686;B01;1;7;0;2;3;16;0;
55301;202000036237;154 678 683;A01;3;7;0;2;1;1;0;
55302;202000036237;154 678 684;BB01;3;7;0;2;1;1;1;
55303;202000036238;154 678 681;B01;1;50;0;2;2;17;3;
55304;202000036238;154 678 682;A01;1;7;0;2;3;15;1;
55305;202000036239;154 678 679;B01;2;7;0;2;3;1;0;
55306;202000036239;154 678 680;A01;1;7;0;2;3;13;0;
55307;202000036240;154 678 677;B01;1;1;0;2;8;7;5;
55308;202000036240;154 678 678;A01;1;7;0;2;2;16;1;
55309;202000036241;154 678 676;A01;1;33;15;0;1;17;0;
55310;202000036243;154 678 673;A01;1;7;0;2;7;15;1;
55311;202000036243;154 678 674;B01;2;31;0;2;1;1;1;
55312;202000036245;154 678 669;B01;3;33;0;2;1;1;1;
55313;202000036245;154 678 670;A01;3;7;0;2;7;15;1;
55314;202000036246;154 678 668;A01;0;7;0;0;0;26;1;
55315;202000036247;154 678 667;A01;2;7;2;0;1;1;1;
55316;202000036248;154 678 665;B01;3;7;0;2;5;1;1;
55317;202000036248;154 678 666;A01;3;60;0;2;1;19;5;
55318;202000036249;154 678 664;A01;2;7;2;0;1;0;1;
55319;202000036250;154 678 663;A01;2;33;0;0;0;1;1;
55320;202000036252;154 678 659;A01;2;30;0;2;1;2;1;
55321;202000036252;154 678 660;B01;2;7;0;0;5;2;1;
55322;202000036252;154 678 661;C01;2;7;0;0;7;2;1;
55323;202000036253;154 678 657;B01;2;33;0;2;3;15;1;
55324;202000036253;154 678 658;A01;2;33;0;2;2;17;1;
55325;202000036254;154 678 655;A01;2;7;0;2;1;2;1;
55326;202000036254;154 678 656;B01;2;21;0;2;4;1;0;
55327;202000036255;154 678 654;A01;2;33;0;0;9;1;1;
55328;202000036256;154 678 653;A01;1;7;13;0;3;1;1;
55329;202000036258;154 678 649;B01;2;14;0;2;6;23;1;
55330;202000036258;154 678 650;A01;2;14;0;2;2;1;1;
55331;202000036259;154 678 646;C01;1;17;0;0;4;23;1;
55332;202000036259;154 678 647;B01;1;17;0;0;4;23;1;
55333;202000036259;154 678 648;A01;1;17;0;0;1;2;1;
55334;202000036261;154 678 640;A01;2;7;0;2;2;15;1;
55335;202000036261;154 678 641;B01;1;2;0;2;1;1;1;
55336;202000036262;154 678 639;A01;0;0;0;0;0;0;6;
55337;202000036263;154 678 638;A01;3;36;0;0;0;1;1;
55338;202000036264;154 678 636;B01;0;7;6;2;3;0;0;
55339;202000036264;154 678 637;A01;0;7;0;2;1;0;0;
55340;202000036265;154 678 634;A01;3;33;0;2;1;1;1;
55341;202000036265;154 678 635;B01;3;31;0;2;1;5;1;
55342;202000036266;154 678 633;A01;1;2;13;0;1;1;1;
55343;202000036267;154 678 631;A01;1;33;0;2;1;5;1;
55344;202000036267;154 678 632;B01;2;7;0;2;3;1;1;
55345;202000036268;154 678 630;A01;2;33;13;0;0;13;1;
55346;202000036270;154 678 626;C01;2;14;0;2;4;23;1;
55347;202000036270;154 678 627;B01;2;15;0;2;4;23;1;
55348;202000036270;154 678 628;A01;2;15;0;2;1;2;1;
55349;202000036272;154 678 622;B01;2;80;0;2;1;1;3;
55350;202000036272;154 678 623;C01;1;7;0;9;7;19;1;
55351;202000036273;154 678 620;A01;0;7;0;2;3;1;0;
55352;202000036273;154 678 621;B01;3;7;0;2;3;1;0;
55353;202000036274;154 678 615;C01;1;7;0;2;3;23;1;
55354;202000036274;154 678 616;A01;1;7;0;2;1;17;1;
55355;202000036274;154 678 617;B01;2;7;0;2;1;1;1;
55356;202000036275;154 678 613;B01;1;7;0;2;1;0;1;
55357;202000036275;154 678 614;A01;2;7;0;2;8;0;1;
55358;202000036276;154 678 611;B01;2;7;0;2;1;13;1;
55359;202000036276;154 678 612;A01;2;2;0;2;1;17;1;
55360;202000036277;154 678 608;A01;2;10;0;0;0;0;6;
55361;202000036277;154 678 609;B01;1;7;16;0;6;0;6;
55362;202000036278;154 678 606;A01;1;7;0;2;2;13;1;
55363;202000036278;154 678 607;B01;1;7;0;2;6;1;1;
55364;202000036279;154 678 604;B01;1;7;0;2;3;1;1;
55365;202000036279;154 678 605;A01;1;7;0;2;2;14;1;
55366;202000036280;154 678 603;A01;1;7;4;0;1;21;1;
55367;202000036281;154 678 595;A01;1;7;3;0;3;6;1;
55368;202000036281;154 678 596;F01;1;7;0;0;0;1;1;
55369;202000036281;154 678 597;E01;1;7;0;0;0;1;1;
55370;202000036281;154 678 598;D01;1;7;0;0;0;1;1;
55371;202000036281;154 678 599;B01;2;7;3;0;0;1;1;
55372;202000036281;154 678 600;H01;1;7;0;0;0;1;1;
55373;202000036281;154 678 601;G01;1;7;0;0;0;1;1;
55374;202000036281;154 678 602;C01;2;7;0;0;0;1;1;
55375;202000036282;154 678 593;A01;2;10;0;2;1;2;1;
55376;202000036282;154 678 594;B01;2;7;0;2;4;2;1;
55377;202000036283;154 678 591;B01;2;31;0;2;8;2;1;
55378;202000036283;154 678 592;A01;2;7;0;2;7;12;1;
55379;202000036284;154 678 589;B01;2;7;0;2;3;1;1;
55380;202000036284;154 678 590;A01;1;7;0;2;3;1;1;
55381;202000036285;154 678 587;A01;1;34;0;2;1;1;1;
55382;202000036285;154 678 588;B01;1;1;0;2;4;1;5;
55383;202000036287;154 678 584;A01;1;60;0;1;1;1;5;
55384;202000036288;154 678 582;B01;0;7;0;2;3;23;1;
55385;202000036288;154 678 583;A01;0;7;0;2;3;15;1;
55386;202000036289;154 678 579;A01;2;7;0;2;3;2;6;
55387;202000036289;154 678 580;C01;2;7;0;2;4;2;6;
55388;202000036289;154 678 581;B01;0;7;0;2;5;2;6;
55389;202000036290;154 678 577;B01;1;7;0;2;1;9;1;
55390;202000036290;154 678 578;A01;1;32;0;2;4;1;1;
55391;202000036291;154 678 574;A01;2;7;0;0;0;2;1;
55392;202000036293;154 678 572;A01;1;7;13;2;3;1;1;
55393;202000036294;154 678 571;A01;2;7;6;0;2;1;1;
55394;202000036295;154 678 569;A01;2;31;8;1;1;17;1;
55395;202000036296;154 678 567;A01;1;7;0;2;2;11;0;
55396;202000036296;154 678 568;B01;2;33;0;2;1;1;0;
55397;202000036297;154 678 565;A01;1;10;4;2;1;19;6;
55398;202000036297;154 678 566;B01;2;10;0;2;1;0;6;
55399;202000036298;154 678 564;Z01;1;7;2;0;1;1;1;
55400;202000036299;154 678 562;B01;1;33;0;2;1;1;1;
55401;202000036299;154 678 563;A01;2;7;0;2;3;19;1;
55402;202000036303;154 678 556;Z01;2;0;0;2;6;15;0;
55403;202000036303;154 678 557;B01;1;7;0;2;3;1;1;
55404;202000036304;154 678 554;A01;1;10;0;2;1;1;1;
55405;202000036304;154 678 555;B01;2;7;0;2;2;1;1;
55406;202000036305;154 678 553;A01;2;30;0;0;8;1;1;
55407;202000036306;154 678 551;B01;1;33;0;2;1;1;1;
55408;202000036306;154 678 552;A01;1;7;0;2;5;15;1;
55409;202000036307;154 678 549;B01;1;10;0;2;2;16;1;
55410;202000036307;154 678 550;A01;1;30;0;2;3;18;1;
55411;202000036308;154 678 547;B01;1;7;0;2;8;1;1;
55412;202000036308;154 678 548;A01;1;7;0;2;1;1;1;
55413;202000036309;154 678 544;C01;2;7;0;2;4;23;1;
55414;202000036309;154 678 545;A01;2;7;0;2;1;1;1;
55415;202000036309;154 678 546;B01;2;7;0;2;4;23;1;
55416;202000036310;154 678 542;A01;1;7;0;9;7;1;1;
55417;202000036310;154 678 543;B01;2;1;0;2;1;19;5;
55418;202000036311;154 678 540;B01;1;7;0;2;4;0;6;
55419;202000036311;154 678 541;A01;1;32;0;2;1;1;1;
55420;202000036312;154 678 538;A01;2;7;0;2;2;16;1;
55421;202000036312;154 678 539;B01;2;2;0;2;3;1;1;
55422;202000036313;154 678 536;B01;1;7;0;2;8;15;1;
55423;202000036313;154 678 537;A01;1;30;0;2;1;17;1;
55424;202000036314;154 678 534;A01;0;7;0;2;1;26;1;
55425;202000036314;154 678 535;B01;0;7;0;2;4;0;1;
55426;202000036315;154 678 531;A01;1;7;0;2;3;9;1;
55427;202000036315;154 678 532;B01;1;2;1;2;1;1;1;
55428;202000036316;154 678 529;A01;3;2;0;2;8;10;1;
55429;202000036316;154 678 530;B01;3;33;0;2;1;1;1;
55430;202000036317;154 678 527;A01;0;7;0;2;1;15;1;
55431;202000036317;154 678 528;B01;0;10;0;2;3;1;1;
55432;202000036318;154 678 525;B01;2;7;0;2;8;26;1;
55433;202000036318;154 678 526;A01;1;32;0;2;1;26;1;
55434;202000036319;154 678 524;A01;1;7;7;0;1;1;1;
55435;202000036320;154 678 522;Z01;1;10;0;2;0;14;0;
55436;202000036320;154 678 523;A01;2;7;4;2;6;1;1;
55437;202000036321;154 678 520;A01;1;7;0;2;3;11;1;
55438;202000036321;154 678 521;B01;1;33;0;2;2;3;1;
55439;202000036322;154 678 519;A01;2;33;0;0;8;1;1;
55440;202000036323;154 678 516;C01;2;7;0;2;8;1;1;
55441;202000036323;154 678 517;B01;2;32;0;2;6;11;1;
55442;202000036323;154 678 518;A01;2;33;0;2;2;3;1;
55443;202000036324;154 678 515;A01;1;7;14;0;3;1;1;
55444;202000036325;154 678 514;A01;1;43;14;0;1;13;1;
55445;202000036326;154 678 512;B01;1;7;0;2;2;16;2;
55446;202000036326;154 678 513;A01;1;30;0;2;3;18;1;
55447;202000036327;154 678 511;A01;2;1;1;0;1;14;5;
55448;202000036328;154 678 509;B01;2;1;0;2;1;2;5;
55449;202000036328;154 678 510;A01;2;7;0;2;4;23;1;
55450;202000036329;154 678 507;A01;2;7;0;2;1;1;1;
55451;202000036329;154 678 508;B01;2;7;0;2;4;23;1;
55452;202000036330;154 678 506;A01;2;10;0;1;4;4;1;
55453;202000036331;154 678 505;A01;3;7;0;1;3;1;1;
55454;202000036332;154 678 503;B01;2;7;0;2;3;9;1;
55455;202000036332;154 678 504;A01;1;7;0;2;2;1;4;
55456;202000036333;154 678 501;B01;1;50;1;0;7;2;3;
55457;202000036333;154 678 502;A01;0;10;0;0;0;0;0;
55458;202000036335;154 678 496;C01;2;7;0;2;4;23;1;
55459;202000036335;154 678 497;B01;2;7;0;2;1;7;1;
55460;202000036335;154 678 498;A01;2;7;0;2;4;1;1;
55461;202000036336;154 678 494;A01;-1;10;0;2;3;26;1;
55462;202000036336;154 678 495;B01;-1;99;0;0;3;26;3;
55463;202000036337;154 678 493;A01;2;7;0;1;2;1;6;
55464;202000036338;154 678 492;A01;2;7;6;0;1;26;1;
55465;202000036339;154 678 491;A01;1;7;0;0;1;1;1;
55466;202000036340;154 678 490;A01;1;7;0;1;3;15;1;
55467;202000036341;154 678 489;A01;1;1;0;1;3;26;0;
55468;202000036342;154 678 488;A01;1;1;0;1;1;15;5;
55469;202000036343;154 678 486;B01;2;31;0;2;1;12;1;
55470;202000036343;154 678 487;A01;2;7;0;2;6;11;6;
55471;202000036344;154 678 484;A01;2;10;0;2;8;1;1;
55472;202000036344;154 678 485;B01;1;7;0;2;1;1;1;
55473;202000036345;154 678 483;A01;1;14;0;1;2;1;1;
55474;202000036346;154 678 479;B01;2;7;0;2;3;1;1;
55475;202000036346;154 678 480;A01;1;7;0;2;1;15;1;
55476;202000036347;154 678 477;A01;1;7;0;0;2;1;1;
55477;202000036347;154 678 478;B01;1;7;0;0;5;1;1;
55478;202000036348;154 678 475;B01;2;7;0;2;3;1;1;
55479;202000036348;154 678 476;A01;1;33;0;2;1;13;1;
55480;202000036349;154 678 473;B01;2;2;0;0;0;2;1;
55481;202000036349;154 678 474;A01;2;2;0;0;0;0;1;
55482;202000036350;154 678 472;A01;2;7;6;0;1;1;1;
55483;202000036351;154 678 471;A01;1;7;6;0;1;1;1;
55484;202000036352;154 678 469;A01;1;7;0;2;1;9;0;
55485;202000036352;154 678 470;B01;1;7;0;2;3;1;0;
55486;202000036353;154 678 468;A01;1;7;8;0;3;1;1;
55487;202000036354;154 678 467;A01;3;21;0;0;9;0;1;
55488;202000036356;154 678 464;A01;1;7;0;2;3;15;1;
55489;202000036356;154 678 465;B01;2;7;0;2;2;1;1;
55490;202000036357;154 678 463;A01;2;0;0;1;2;0;0;
55491;202000036358;154 678 462;A01;2;7;16;0;1;13;1;
55492;202000036359;154 678 460;A01;1;7;0;9;8;19;1;
55493;202000036359;154 678 461;B01;2;80;0;2;1;1;3;
55494;202000036360;154 678 459;A01;3;7;6;0;1;1;1;
55495;202000036361;154 678 458;A01;1;7;6;0;1;1;1;
55496;202000036362;154 678 456;A01;2;7;0;0;4;24;1;
55497;202000036362;154 678 457;B01;2;1;1;0;1;26;5;
55498;202000036364;154 678 452;A01;3;7;0;2;3;1;1;
55499;202000036364;154 678 453;B01;3;1;0;2;1;19;0;
55500;202000036365;154 678 451;A01;1;7;16;0;9;1;1;
55501;202000036366;154 678 450;A01;0;36;6;0;1;16;1;
55502;202000036367;154 678 449;A01;1;32;5;0;2;1;1;
55503;202000036368;154 678 447;B01;2;7;0;2;3;1;1;
55504;202000036368;154 678 448;A01;1;7;0;2;1;5;1;
55505;202000036369;154 678 446;A01;0;2;0;0;0;17;1;
55506;202000036370;154 678 444;A01;1;7;0;2;3;15;0;
55507;202000036370;154 678 445;B01;1;33;0;2;1;17;1;
55508;202000036371;154 678 443;A01;1;7;0;1;1;1;1;
55509;202000036372;154 678 441;A01;2;33;0;2;7;1;1;
55510;202000036372;154 678 442;B01;2;7;0;2;1;9;1;
55511;202000036373;154 678 439;B01;1;7;0;2;2;1;1;
55512;202000036373;154 678 440;A01;1;7;0;2;6;1;1;
55513;202000036374;154 678 437;B01;1;7;0;2;3;1;1;
55514;202000036374;154 678 438;A01;2;42;0;2;1;1;1;
55515;202000036375;154 678 435;A01;3;10;0;2;3;9;1;
55516;202000036375;154 678 436;B01;1;33;0;2;2;2;0;
55517;202000036376;154 678 432;C01;3;7;0;2;8;16;1;
55518;202000036376;154 678 433;B01;3;7;0;2;4;2;1;
55519;202000036376;154 678 434;A01;3;13;16;2;1;2;0;
55520;202000036377;154 678 430;A01;0;10;1;0;3;17;0;
55521;202000036377;154 678 431;B01;3;2;0;0;5;0;0;
55522;202000036378;154 678 428;A01;2;34;0;2;7;17;1;
55523;202000036378;154 678 429;B01;2;7;0;2;8;1;1;
55524;202000036379;154 678 426;B01;1;7;0;2;3;1;1;
55525;202000036379;154 678 427;A01;1;33;0;2;7;12;1;
55526;202000036380;154 678 425;A01;0;1;0;1;1;1;5;
55527;202000036381;154 678 423;B01;3;10;0;2;3;0;1;
55528;202000036381;154 678 424;A01;3;33;0;2;0;16;1;
55529;202000036382;154 678 422;A01;2;7;0;1;1;1;1;
55530;202000036383;154 678 421;A01;3;7;0;1;2;26;1;
55531;202000036384;154 678 419;B01;1;32;0;2;4;2;1;
55532;202000036384;154 678 420;A01;1;10;0;2;1;2;1;
55533;202000036385;154 678 418;A01;3;10;0;1;2;1;1;
55534;202000036386;154 678 416;B01;2;30;0;2;1;17;1;
55535;202000036386;154 678 417;A01;1;7;0;2;6;19;1;
55536;202000036387;154 678 414;B01;3;7;0;2;6;1;1;
55537;202000036387;154 678 415;A01;3;30;0;2;2;17;1;
55538;202000036388;154 678 412;B01;2;7;0;2;1;2;1;
55539;202000036388;154 678 413;A01;1;7;0;2;3;9;1;
55540;202000036389;154 678 411;A01;2;30;9;0;1;13;1;
55541;202000036390;154 678 409;A01;2;33;0;2;1;13;1;
55542;202000036390;154 678 410;B01;2;7;0;2;5;1;1;
55543;202000036391;154 678 408;A01;3;7;6;0;1;14;1;
55544;202000036392;154 678 407;A01;1;30;8;0;1;1;1;
55545;202000036393;154 678 405;A01;1;7;0;2;1;2;1;
55546;202000036393;154 678 406;B01;1;7;0;2;0;2;1;
55547;202000036394;154 678 403;B01;2;50;0;2;7;1;3;
55548;202000036394;154 678 404;A01;1;7;0;2;1;9;1;
55549;202000036395;154 678 401;B01;2;7;0;2;1;1;1;
55550;202000036395;154 678 402;A01;1;7;0;2;1;6;1;
55551;202000036397;154 678 398;A01;2;30;0;2;1;13;1;
55552;202000036399;154 678 396;A01;1;7;8;0;3;0;1;
55553;202000036400;154 678 395;A01;2;33;3;0;8;1;1;
55554;202000036401;154 678 393;A01;3;14;0;2;1;9;1;
55555;202000036401;154 678 394;B01;3;7;0;2;4;23;1;
55556;202000036402;154 678 390;B01;2;7;0;2;4;1;1;
55557;202000036402;154 678 391;A01;2;7;0;2;1;1;1;
55558;202000036402;154 678 392;C01;2;7;0;2;4;1;1;
55559;202000036403;154 678 388;A01;0;7;0;2;2;16;1;
55560;202000036403;154 678 389;B01;1;1;0;2;3;1;0;
55561;202000036404;154 678 386;B01;2;1;0;2;1;5;5;
55562;202000036404;154 678 387;A01;1;7;0;2;3;9;1;
55563;202000036405;154 678 384;Z01;1;7;0;0;0;0;0;
55564;202000036405;154 678 385;A01;1;7;0;2;2;1;1;
55565;202000036406;154 678 382;B01;1;2;0;2;8;1;1;
55566;202000036406;154 678 383;Z01;0;7;0;0;0;0;0;
55567;202000036408;154 678 379;A01;1;7;0;2;1;1;1;
55568;202000036408;154 678 380;B01;2;10;0;2;1;1;1;
55569;202000036409;154 678 378;A01;0;7;8;0;2;14;1;
55570;202000036410;154 678 376;B01;3;10;0;2;2;2;1;
55571;202000036410;154 678 377;A01;3;33;16;2;4;9;1;
55572;202000036411;154 678 374;A01;1;7;0;2;2;15;1;
55573;202000036411;154 678 375;B01;2;2;1;2;1;1;0;
55574;202000036412;154 678 372;B01;2;7;0;2;4;2;1;
55575;202000036412;154 678 373;A01;2;7;0;2;1;2;1;
55576;202000036413;154 678 370;A01;1;7;0;2;1;1;1;
55577;202000036413;154 678 371;B01;1;7;0;2;4;1;1;
55578;202000036414;154 678 368;A01;1;7;0;2;1;2;1;
55579;202000036414;154 678 369;B01;1;1;0;2;4;2;5;
55580;202000036415;154 678 366;B01;1;33;0;2;1;1;0;
55581;202000036415;154 678 367;A01;1;13;0;2;2;9;1;
55582;202000036416;154 678 364;A01;2;13;0;2;2;16;1;
55583;202000036416;154 678 365;B01;3;7;0;2;3;0;1;
55584;202000036417;154 678 362;B01;2;7;0;2;1;1;1;
55585;202000036417;154 678 363;A01;1;7;0;2;1;13;1;
55586;202000036418;154 678 360;C01;1;7;0;2;1;13;1;
55587;202000036418;154 678 361;B01;2;7;0;2;5;1;1;
55588;202000036419;154 678 359;A01;3;7;6;1;5;4;1;
55589;202000036420;154 678 358;A01;1;31;3;0;1;16;1;
55590;202000036422;154 678 354;A01;1;20;0;2;2;9;1;
55591;202000036422;154 678 355;B01;2;30;0;2;5;26;1;
55592;202000036423;154 678 351;C01;1;7;0;2;1;1;1;
55593;202000036423;154 678 352;A01;2;7;0;2;2;9;1;
55594;202000036423;154 678 353;B01;1;2;0;2;7;1;1;
55595;202000036425;154 678 344;A01;2;30;0;2;2;15;1;
55596;202000036425;154 678 345;B01;1;32;0;2;1;1;1;
55597;202000036426;154 678 343;A01;1;32;0;1;2;17;1;
55598;202000036427;154 678 341;A01;1;1;0;2;8;19;5;
55599;202000036427;154 678 342;Z01;2;7;0;9;0;0;0;
55600;202000036428;154 678 339;B01;1;13;0;2;4;23;6;
55601;202000036428;154 678 340;A01;1;1;0;2;1;2;5;
55602;202000036431;154 678 332;A01;2;30;0;2;3;18;1;
55603;202000036431;154 678 333;B01;2;7;0;2;5;16;1;
55604;202000036432;154 678 330;A01;1;30;0;2;1;1;1;
55605;202000036432;154 678 331;B01;2;7;0;2;7;15;1;
55606;202000036433;154 678 329;A01;1;7;0;1;1;15;1;
55607;202000036434;154 678 327;B01;2;1;0;2;1;17;5;
55608;202000036434;154 678 328;A01;2;7;0;2;3;15;2;
55609;202000036435;154 678 326;A01;2;7;0;1;3;1;2;
55610;202000036436;154 678 324;A01;3;7;0;2;2;1;1;
55611;202000036436;154 678 325;B01;3;32;0;2;1;1;1;
55612;202000036437;154 678 323;A01;1;7;1;1;2;11;1;
55613;202000036438;154 678 321;A01;2;30;0;2;1;2;1;
55614;202000036438;154 678 322;B01;2;7;0;2;6;15;1;
55615;202000036439;154 678 320;A01;2;7;0;1;1;17;1;
55616;202000036440;154 678 319;A01;2;1;0;0;0;1;5;
55617;202000036441;154 678 318;A01;3;7;0;1;2;26;1;
55618;202000036442;154 678 317;A01;-1;7;0;1;2;1;1;
55619;202000036443;154 678 316;A01;3;7;7;0;1;16;1;
55620;202000036445;154 678 313;A01;3;32;0;0;0;26;1;
55621;202000036446;154 678 312;A01;1;34;0;0;0;2;1;
55622;202000036447;154 678 310;A01;0;7;0;2;3;9;1;
55623;202000036447;154 678 311;B01;0;31;0;2;4;1;1;
55624;202000036448;154 678 308;B01;2;7;0;2;6;1;2;
55625;202000036448;154 678 309;A01;2;34;0;2;2;14;1;
55626;202000036449;154 678 307;A01;2;7;1;0;1;13;1;
55627;202000036450;154 678 306;A01;1;7;0;1;7;1;0;
55628;202000036453;154 678 300;A01;1;50;0;9;8;11;3;
55629;202000036453;154 678 301;B01;1;60;0;9;7;26;5;