;Num_Acc;id_vehicule;num_veh;senc;catv;obs;obsm;choc;manv;motor;occutc
55630;202000036454;154 678 298;Y01;2;60;0;2;8;26;5;
55631;202000036454;154 678 299;A01;2;7;0;2;2;21;1;
55632;202000036455;154 678 296;B01;2;7;0;2;2;1;1;
55633;202000036455;154 678 297;A01;1;7;0;2;3;19;1;
55634;202000036456;154 678 295;A01;2;7;15;0;3;1;1;
55635;202000036457;154 678 292;A01;1;31;0;1;1;1;1;
55636;202000036458;154 678 290;B01;2;33;0;2;2;21;1;
55637;202000036458;154 678 291;A01;2;33;0;2;6;1;1;
55638;202000036459;154 678 289;A01;3;10;2;0;3;1;1;
55639;202000036461;154 678 287;A01;1;7;15;0;1;1;1;
55640;202000036462;154 678 285;A01;2;7;0;2;2;11;1;
55641;202000036462;154 678 286;B01;1;33;0;2;1;1;1;
55642;202000036463;154 678 283;A01;2;7;0;2;3;11;1;
55643;202000036463;154 678 284;B01;1;14;0;2;3;1;1;
55644;202000036464;154 678 281;A01;2;7;0;2;3;5;1;
55645;202000036464;154 678 282;B01;1;7;0;2;8;21;1;
55646;202000036465;154 678 279;B01;2;7;0;2;3;15;0;
55647;202000036465;154 678 280;A01;1;33;0;2;2;1;0;
55648;202000036466;154 678 278;A01;1;7;13;0;3;14;1;
55649;202000036467;154 678 276;B01;2;10;13;0;6;1;1;
55650;202000036467;154 678 277;A01;1;7;13;2;3;13;1;
55651;202000036468;154 678 274;A01;0;7;0;2;2;1;1;
55652;202000036468;154 678 275;B01;0;7;0;2;7;11;1;
55653;202000036469;154 678 272;A01;0;1;0;2;1;13;5;
55654;202000036469;154 678 273;B01;0;10;0;2;3;1;1;
55655;202000036470;154 678 271;A01;1;33;0;0;1;13;1;
55656;202000036471;154 678 270;A01;2;7;0;1;2;1;1;
55657;202000036472;154 678 269;A01;2;10;0;1;7;1;1;
55658;202000036473;154 678 267;A01;1;10;0;2;3;13;6;
55659;202000036473;154 678 268;B01;2;43;0;2;3;1;1;
55660;202000036474;154 678 266;A01;1;7;17;0;4;14;1;
55661;202000036475;154 678 265;A01;3;33;8;0;9;1;1;
55662;202000036476;154 678 263;B01;1;10;15;2;7;1;1;
55663;202000036476;154 678 264;A01;2;10;8;2;3;1;1;
55664;202000036477;154 678 262;A01;1;7;0;1;2;13;1;
55665;202000036478;154 678 261;A01;2;7;0;1;4;4;1;
55666;202000036479;154 678 260;A01;2;7;0;1;1;1;1;
55667;202000036480;154 678 258;B01;2;7;0;0;4;1;1;
55668;202000036480;154 678 259;A01;2;7;0;2;1;2;1;
55669;202000036481;154 678 255;A01;2;2;0;2;1;18;1;
55670;202000036481;154 678 256;B01;2;7;0;0;5;16;1;
55671;202000036482;154 678 252;C01;2;7;0;2;1;1;1;
55672;202000036482;154 678 253;B01;1;10;0;2;8;1;1;
55673;202000036482;154 678 254;A01;1;7;0;2;2;21;1;
55674;202000036484;154 678 248;A01;2;7;0;2;1;13;1;
55675;202000036484;154 678 249;B01;1;7;0;2;1;1;1;
55676;202000036485;154 678 246;B01;1;7;0;2;1;2;1;
55677;202000036485;154 678 247;A01;2;7;0;2;8;9;1;
55678;202000036486;154 678 245;A01;1;7;2;0;1;14;0;
55679;202000036487;154 678 243;B01;2;7;0;2;6;15;1;
55680;202000036487;154 678 244;A01;2;7;0;2;2;1;1;
55681;202000036488;154 678 241;A01;2;10;0;2;2;13;1;
55682;202000036488;154 678 242;B01;2;7;6;2;6;16;1;
55683;202000036489;154 678 238;B01;2;7;0;2;3;1;1;
55684;202000036489;154 678 239;C01;2;7;0;9;1;1;1;
55685;202000036489;154 678 240;A01;1;7;0;2;3;13;1;
55686;202000036490;154 678 237;A01;2;2;4;0;1;14;1;
55687;202000036491;154 678 235;A01;1;7;0;2;1;15;1;
55688;202000036491;154 678 236;B01;2;7;0;2;1;1;1;
55689;202000036492;154 678 233;B01;3;7;0;2;3;1;1;
55690;202000036492;154 678 234;A01;3;7;0;2;1;19;1;
55691;202000036493;154 678 232;A01;2;7;3;9;1;12;1;
55692;202000036495;154 678 228;A01;0;33;0;2;7;15;1;
55693;202000036495;154 678 229;B01;0;7;0;2;7;15;1;
55694;202000036496;154 678 226;B01;2;34;0;0;8;1;0;
55695;202000036496;154 678 227;A01;1;7;0;2;1;15;0;
55696;202000036498;154 678 223;A01;2;17;4;0;7;1;1;
55697;202000036499;154 678 221;A01;1;7;0;2;1;13;1;
55698;202000036499;154 678 222;B01;2;15;0;2;1;1;1;
55699;202000036500;154 678 219;B01;0;7;0;2;3;15;1;
55700;202000036500;154 678 220;A01;0;7;0;2;1;1;1;
55701;202000036502;154 678 215;A01;2;7;0;2;1;2;1;
55702;202000036502;154 678 216;B01;2;21;0;0;4;1;1;
55703;202000036503;154 678 213;A01;2;7;0;9;7;14;1;
55704;202000036503;154 678 214;B01;2;1;0;2;8;1;5;
55705;202000036504;154 678 212;A01;1;50;12;0;0;26;3;
55706;202000036505;154 678 211;B01;1;7;0;1;0;0;1;
55707;202000036506;154 678 210;A01;0;31;13;0;1;1;1;
55708;202000036507;154 678 209;A01;3;80;0;0;8;21;3;
55709;202000036508;154 678 207;B01;0;10;7;0;7;1;1;
55710;202000036508;154 678 208;A01;0;7;1;0;1;16;1;
55711;202000036510;154 678 205;A01;3;33;0;1;0;1;1;
55712;202000036511;154 678 201;B01;2;14;0;2;1;1;1;
55713;202000036511;154 678 203;A01;1;17;0;2;1;13;1;
55714;202000036512;154 678 200;Z01;2;7;0;2;3;15;1;
55715;202000036512;154 678 202;A01;1;33;0;2;8;1;1;
55716;202000036513;154 678 197;B01;2;10;0;2;4;23;1;
55717;202000036513;154 678 199;A01;2;10;0;2;1;1;1;
55718;202000036514;154 678 196;A01;1;7;0;2;4;4;1;
55719;202000036514;154 678 198;B01;1;33;0;2;1;0;1;
55720;202000036515;154 678 192;A01;2;7;0;2;3;15;1;
55721;202000036515;154 678 194;B01;2;32;0;2;1;17;1;
55722;202000036516;154 678 191;C01;1;7;0;2;2;0;1;
55723;202000036516;154 678 193;B01;1;7;0;2;6;0;1;
55724;202000036516;154 678 195;A01;1;7;0;2;2;26;1;
55725;202000036517;154 678 187;A01;2;7;0;2;5;1;1;
55726;202000036517;154 678 188;B01;2;33;0;2;2;1;1;
55727;202000036518;154 678 189;A01;1;17;0;2;2;14;1;
55728;202000036518;154 678 190;B01;1;7;0;2;8;1;1;
55729;202000036520;154 678 183;B01;2;7;0;2;1;1;1;
55730;202000036520;154 678 185;A01;2;7;0;2;4;1;1;
55731;202000036521;154 678 180;A01;2;15;0;2;2;12;1;
55732;202000036521;154 678 181;B01;2;7;0;2;3;1;1;
55733;202000036522;154 678 176;B01;2;7;3;2;3;2;1;
55734;202000036522;154 678 177;A01;2;7;0;9;0;11;1;
55735;202000036522;154 678 178;C01;2;7;0;2;1;12;1;
55736;202000036524;154 678 174;A01;2;10;0;1;4;4;1;
55737;202000036525;154 678 173;A01;1;7;0;2;3;9;1;
55738;202000036525;154 678 175;B01;1;7;0;2;7;1;1;
55739;202000036527;154 678 172;A01;1;10;0;1;4;20;1;
55740;202000036528;154 678 168;B01;1;7;0;2;2;0;1;
55741;202000036528;154 678 170;A01;1;7;0;2;6;11;1;
55742;202000036529;154 678 167;B01;2;1;0;2;8;1;6;
55743;202000036529;154 678 169;A01;1;30;0;9;8;1;3;
55744;202000036531;154 678 162;A01;2;15;0;2;2;1;1;
55745;202000036531;154 678 163;B01;2;7;0;2;4;0;1;
55746;202000036532;154 678 161;A01;3;7;0;1;2;19;1;
55747;202000036534;154 678 157;B01;1;7;0;2;6;23;1;
55748;202000036534;154 678 158;A01;2;33;0;2;6;17;1;
55749;202000036535;154 678 154;A01;2;7;0;2;4;2;1;
55750;202000036535;154 678 155;B01;2;33;0;2;1;1;1;
55751;202000036536;154 678 156;A01;1;7;0;1;1;1;1;
55752;202000036537;154 678 153;A01;2;33;0;0;9;1;1;
55753;202000036538;154 678 151;A01;1;7;0;2;5;1;1;
55754;202000036538;154 678 152;B01;1;33;0;2;1;12;1;
55755;202000036539;154 678 149;A01;2;33;0;2;1;3;1;
55756;202000036539;154 678 150;B01;2;10;0;2;4;11;1;
55757;202000036540;154 678 146;A01;-1;7;0;2;1;1;1;
55758;202000036540;154 678 148;B01;-1;7;0;1;4;1;1;
55759;202000036541;154 678 145;Z01;1;7;0;2;3;11;0;
55760;202000036541;154 678 147;B01;1;34;0;2;2;1;1;
55761;202000036542;154 678 141;B01;1;7;0;2;3;15;0;
55762;202000036542;154 678 143;A01;1;30;0;2;7;17;0;
55763;202000036543;154 678 139;D01;1;7;0;2;4;2;1;
55764;202000036543;154 678 140;B01;1;7;0;2;4;2;1;
55765;202000036543;154 678 142;C01;1;7;0;2;4;2;1;
55766;202000036543;154 678 144;A01;1;10;0;2;1;2;1;
55767;202000036544;154 678 137;A01;3;14;0;2;2;12;0;
55768;202000036544;154 678 138;B01;3;32;0;2;3;2;1;
55769;202000036545;154 678 135;A01;1;17;0;2;2;12;1;
55770;202000036545;154 678 136;B01;1;7;0;2;3;1;1;
55771;202000036546;154 678 132;B01;2;7;0;2;9;1;1;
55772;202000036546;154 678 133;A01;2;15;0;2;2;12;1;
55773;202000036546;154 678 134;C01;2;7;0;2;1;1;1;
55774;202000036547;154 678 130;A01;1;7;0;1;1;15;2;
55775;202000036548;154 678 128;B01;2;31;0;2;8;3;1;
55776;202000036548;154 678 129;C01;2;7;0;2;7;1;1;
55777;202000036548;154 678 131;A01;2;7;0;2;7;12;3;
55778;202000036549;154 678 126;A01;1;33;0;2;1;21;1;
55779;202000036550;154 678 122;D01;1;7;0;2;4;1;1;
55780;202000036550;154 678 123;C01;1;7;0;2;4;1;1;
55781;202000036550;154 678 124;B01;1;7;0;2;5;12;1;
55782;202000036550;154 678 125;A01;1;33;0;2;3;3;1;
55783;202000036552;154 678 119;B01;1;32;0;2;7;2;0;
55784;202000036552;154 678 120;A01;1;7;0;0;5;2;0;
55785;202000036553;154 678 117;A01;1;7;0;2;1;1;1;
55786;202000036553;154 678 118;B01;1;10;0;2;6;1;1;
55787;202000036554;154 678 127;A01;3;7;2;0;1;1;1;
55788;202000036555;154 678 115;B01;1;2;0;2;1;21;1;
55789;202000036555;154 678 116;A01;1;99;0;2;3;9;1;
55790;202000036556;154 678 114;A01;1;7;8;0;3;1;1;
55791;202000036557;154 678 113;A01;3;31;0;0;8;26;1;
55792;202000036558;154 678 112;A01;3;33;0;0;7;14;1;
55793;202000036560;154 678 110;B01;2;15;0;0;6;1;0;
55794;202000036560;154 678 111;A01;2;7;0;2;2;0;0;
55795;202000036561;154 678 107;B01;3;7;0;2;2;2;1;
55796;202000036561;154 678 108;A01;1;30;0;2;1;18;1;
55797;202000036562;154 678 106;A01;3;33;0;0;9;1;1;
55798;202000036563;154 678 105;A01;2;7;6;0;1;17;1;
55799;202000036564;154 678 100;A01;3;7;0;2;1;1;0;
55800;202000036564;154 678 102;B01;0;33;0;2;7;15;0;
55801;202000036565;154 678 099;A01;1;7;13;2;1;12;1;
55802;202000036565;154 678 101;B01;1;7;4;0;4;0;1;
55803;202000036566;154 678 092;A01;1;34;6;2;5;13;1;
55804;202000036566;154 678 093;B01;2;7;0;2;2;1;1;
55805;202000036566;154 678 094;C01;1;34;0;2;3;13;1;
55806;202000036567;154 678 088;B01;1;0;0;2;0;0;0;
55807;202000036567;154 678 089;A01;2;7;0;2;3;15;1;
55808;202000036568;154 678 085;B01;1;33;0;2;1;3;1;
55809;202000036568;154 678 086;A01;1;7;0;2;3;16;1;
55810;202000036569;154 678 087;A01;1;7;0;2;1;2;1;
55811;202000036569;154 678 090;B01;1;15;0;0;6;2;1;
55812;202000036570;154 678 082;B01;2;1;0;2;8;1;5;
55813;202000036570;154 678 084;A01;1;7;0;2;1;15;1;
55814;202000036572;154 678 079;Z01;3;10;0;2;1;9;1;
55815;202000036572;154 678 080;B01;3;10;0;2;6;1;1;
55816;202000036573;154 678 072;E01;0;7;0;2;1;2;1;
55817;202000036573;154 678 073;D01;0;7;0;2;1;2;1;
55818;202000036573;154 678 076;A01;0;15;0;2;3;1;1;
55819;202000036573;154 678 077;B01;0;7;0;2;3;17;1;
55820;202000036573;154 678 078;C01;0;7;0;0;4;1;1;
55821;202000036574;154 678 070;A01;1;7;0;2;3;20;1;
55822;202000036574;154 678 071;B01;1;33;0;2;0;1;1;
55823;202000036575;154 678 067;B01;2;7;0;0;3;9;0;
55824;202000036575;154 678 068;A01;1;34;0;0;2;15;1;
55825;202000036577;154 678 066;B01;1;7;0;2;4;1;1;
55826;202000036577;154 678 069;A01;1;7;0;2;1;1;1;
55827;202000036578;154 678 063;A01;2;7;13;0;9;13;1;
55828;202000036579;154 678 062;A01;2;7;0;1;2;15;1;
55829;202000036580;154 678 060;A01;2;7;4;0;4;2;0;
55830;202000036580;154 678 061;B01;2;7;0;2;1;0;0;
55831;202000036581;154 678 058;A01;2;7;3;0;7;1;1;
55832;202000036582;154 678 057;B01;3;7;0;2;7;0;1;
55833;202000036582;154 678 059;A01;3;7;0;2;1;0;1;
55834;202000036583;154 678 055;A01;3;7;0;1;2;1;1;
55835;202000036583;154 678 056;B01;3;7;0;2;2;1;1;
55836;202000036584;154 678 054;A01;1;7;16;0;0;14;1;
55837;202000036585;154 678 051;A01;1;10;0;2;2;19;6;
55838;202000036585;154 678 053;B01;1;33;0;2;7;26;0;
55839;202000036586;154 678 050;A01;1;14;0;2;2;16;1;
55840;202000036586;154 678 052;B01;1;1;0;2;0;0;0;
55841;202000036587;154 678 047;B01;2;7;0;2;4;2;1;
55842;202000036587;154 678 048;A01;2;7;0;2;1;2;1;
55843;202000036588;154 678 046;A01;1;10;0;1;1;16;1;
55844;202000036589;154 678 043;A01;1;7;9;0;9;1;1;
55845;202000036590;154 678 044;B01;2;7;0;2;1;9;1;
55846;202000036590;154 678 045;A01;1;7;0;2;1;1;1;
55847;202000036591;154 678 041;A01;1;7;0;1;3;15;1;
55848;202000036592;154 678 040;B01;2;17;0;2;3;1;1;
55849;202000036592;154 678 042;A01;1;7;0;2;3;1;1;
55850;202000036593;154 678 038;A01;1;7;11;2;1;1;1;
55851;202000036593;154 678 039;B01;1;7;0;2;8;1;1;
55852;202000036594;154 678 035;B01;1;2;0;2;1;16;1;
55853;202000036594;154 678 036;A01;1;7;0;2;5;14;1;
55854;202000036595;154 678 033;B01;1;7;0;2;1;1;1;
55855;202000036595;154 678 034;A01;1;7;0;2;5;19;1;
55856;202000036596;154 678 031;A01;2;7;0;9;2;26;1;
55857;202000036596;154 678 032;B01;3;1;0;2;7;19;5;
55858;202000036597;154 678 037;A01;3;7;2;1;1;1;1;
55859;202000036598;154 678 028;A01;1;7;0;2;1;2;1;
55860;202000036598;154 678 029;B01;1;7;0;2;4;1;1;
55861;202000036599;154 678 026;B01;2;30;0;2;6;23;1;
55862;202000036599;154 678 027;A01;2;7;0;2;2;2;1;
55863;202000036600;154 678 024;A01;1;31;0;0;7;0;1;
55864;202000036601;154 678 022;A01;1;7;0;2;6;1;1;
55865;202000036601;154 678 023;B01;1;33;0;2;8;2;1;
55866;202000036602;154 678 021;A01;1;2;0;0;0;21;1;
55867;202000036604;154 678 020;A01;2;7;0;9;1;2;1;
55868;202000036604;154 678 030;B01;2;1;0;2;4;2;6;
55869;202000036605;154 678 016;A01;1;7;0;2;7;2;1;
55870;202000036605;154 678 017;B01;1;1;0;0;8;2;0;
55871;202000036606;154 678 014;B01;1;31;0;2;7;1;1;
55872;202000036606;154 678 015;A01;2;7;0;2;1;19;1;
55873;202000036607;154 678 013;A01;2;7;2;0;0;1;1;
55874;202000036608;154 678 012;A01;1;7;14;0;1;1;1;
55875;202000036609;154 678 011;A01;1;7;7;0;2;1;1;
55876;202000036610;154 678 010;A01;1;7;13;0;8;1;1;
55877;202000036611;154 678 009;A01;1;43;7;0;1;1;1;
55878;202000036612;154 678 008;A01;1;3;2;0;1;1;1;
55879;202000036614;154 678 005;B01;2;7;0;2;3;1;1;
55880;202000036614;154 678 006;A01;1;7;0;2;7;15;1;
55881;202000036615;154 678 004;A01;1;7;4;0;1;1;1;
55882;202000036616;154 678 003;A01;1;7;15;0;8;1;1;
55883;202000036617;154 678 002;A01;2;7;13;0;1;13;1;
55884;202000036618;154 678 000;A01;1;7;0;2;1;1;6;
55885;202000036618;154 678 001;B01;2;7;0;2;1;1;0;
55886;202000036620;154 677 997;A01;2;7;0;5;1;1;0;
55887;202000036621;154 677 996;A01;2;7;0;0;9;1;1;
55888;202000036625;154 677 989;A01;2;7;0;2;2;21;1;
55889;202000036625;154 677 990;B01;2;17;0;0;6;23;1;
55890;202000036626;154 677 988;A01;2;7;0;1;2;1;1;
55891;202000036627;154 677 986;A01;0;7;0;2;1;0;1;
55892;202000036627;154 677 987;B01;0;7;0;2;1;0;0;
55893;202000036628;154 677 983;A01;1;7;0;2;1;13;1;
55894;202000036628;154 677 984;B01;2;7;0;2;1;1;1;
55895;202000036628;154 677 985;C01;2;33;0;2;9;1;1;
55896;202000036629;154 677 981;A01;3;33;0;2;2;17;1;
55897;202000036629;154 677 982;B01;3;7;0;0;1;19;1;
55898;202000036630;154 677 979;A01;2;33;0;2;2;17;1;
55899;202000036630;154 677 980;B01;2;7;0;0;3;15;1;
55900;202000036631;154 677 978;A01;1;7;8;0;1;1;1;
55901;202000036632;154 677 977;A01;2;7;13;0;3;13;1;
55902;202000036633;154 677 973;D01;1;7;0;2;1;1;1;
55903;202000036633;154 677 974;B01;1;7;0;2;6;1;1;
55904;202000036633;154 677 975;C01;1;7;0;2;1;1;1;
55905;202000036633;154 677 976;A01;2;7;0;2;1;1;1;
55906;202000036634;154 677 970;A01;1;7;0;1;1;1;1;
55907;202000036635;154 677 968;B01;1;2;0;2;1;17;6;
55908;202000036635;154 677 969;A01;1;7;0;0;5;20;6;
55909;202000036636;154 677 967;A01;3;7;13;0;1;1;1;
55910;202000036638;154 677 962;A01;0;7;13;0;1;1;1;
55911;202000036639;154 677 960;A01;2;7;0;2;3;13;1;
55912;202000036639;154 677 961;B01;1;7;0;2;3;1;1;
55913;202000036640;154 677 958;A01;2;7;0;0;7;15;0;
55914;202000036640;154 677 959;B01;1;2;0;0;1;1;1;
55915;202000036641;154 677 956;B01;2;1;0;2;4;13;5;
55916;202000036641;154 677 957;A01;2;7;0;9;1;2;1;
55917;202000036642;154 677 955;A01;2;7;6;0;1;0;1;
55918;202000036643;154 677 952;A01;2;7;0;2;1;1;1;
55919;202000036643;154 677 953;B01;2;7;0;9;4;1;1;
55920;202000036643;154 677 954;C01;2;7;3;2;1;0;1;
55921;202000036644;154 677 951;A01;2;7;0;0;1;14;1;
55922;202000036646;154 677 945;B01;1;1;0;2;1;5;5;
55923;202000036646;154 677 946;A01;1;7;0;9;1;16;1;
55924;202000036647;154 677 944;A01;2;7;13;0;2;0;1;
55925;202000036648;154 677 942;A01;1;2;1;0;1;14;1;
55926;202000036649;154 677 940;B01;2;14;0;2;3;1;1;
55927;202000036649;154 677 941;A01;1;3;0;2;3;13;1;
55928;202000036650;154 677 938;B01;3;21;0;2;3;1;1;
55929;202000036650;154 677 939;A01;3;38;0;2;3;1;0;2.0
55930;202000036652;154 677 935;B01;1;7;0;0;0;20;1;
55931;202000036652;154 677 936;A01;1;2;0;0;0;1;1;
55932;202000036653;154 677 934;A01;1;7;0;0;0;1;1;
55933;202000036654;154 677 932;A01;1;7;0;2;1;15;0;
55934;202000036654;154 677 933;B01;2;50;0;2;1;26;3;
55935;202000036655;154 677 929;A01;1;7;0;2;1;15;1;
55936;202000036655;154 677 930;B01;2;2;0;2;1;0;1;
55937;202000036655;154 677 931;C01;2;2;0;2;1;0;1;
55938;202000036656;154 677 926;B01;2;7;0;0;2;24;0;
55939;202000036656;154 677 927;A01;1;10;0;2;1;1;0;
55940;202000036656;154 677 928;C01;2;7;1;0;8;1;0;
55941;202000036657;154 677 925;A01;3;31;15;0;1;1;1;
55942;202000036658;154 677 924;A01;3;20;2;0;2;1;4;
55943;202000036659;154 677 923;A01;2;10;0;1;2;1;1;
55944;202000036660;154 677 922;A01;2;7;0;1;2;1;1;
55945;202000036661;154 677 921;A01;3;7;14;1;2;0;1;
55946;202000036662;154 677 919;A01;1;7;0;9;3;9;0;
55947;202000036662;154 677 920;B01;2;1;0;2;7;1;5;
55948;202000036663;154 677 917;A01;2;7;0;2;3;1;1;
55949;202000036663;154 677 918;B01;1;7;0;2;3;13;1;
55950;202000036665;154 677 911;D01;1;10;0;2;5;26;0;
55951;202000036665;154 677 912;C01;1;7;1;2;2;1;0;
55952;202000036665;154 677 913;A01;1;7;0;2;9;11;0;
55953;202000036665;154 677 914;B01;1;7;0;2;2;1;0;
55954;202000036667;154 677 909;A01;3;7;6;0;1;1;1;
55955;202000036668;154 677 908;A01;1;2;0;0;0;1;1;
55956;202000036669;154 677 906;A01;3;10;12;0;2;1;1;
55957;202000036669;154 677 907;B01;3;7;0;0;3;15;1;
55958;202000036670;154 677 905;A01;1;7;0;2;1;14;1;
55959;202000036671;154 677 904;A01;1;15;16;0;0;1;1;
55960;202000036672;154 677 903;A01;1;7;3;0;1;1;1;
55961;202000036673;154 677 901;A01;2;7;0;2;2;15;1;
55962;202000036673;154 677 902;B01;1;2;0;2;1;1;1;
55963;202000036675;154 677 898;A01;1;7;0;1;0;1;1;
55964;202000036676;154 677 895;A01;1;7;0;2;6;20;1;
55965;202000036676;154 677 896;C01;1;1;0;2;2;1;5;
55966;202000036676;154 677 897;B01;1;1;0;2;2;1;5;
55967;202000036677;154 677 894;A01;1;7;13;0;1;1;1;
55968;202000036678;154 677 892;A01;0;39;0;4;1;1;1;
55969;202000036678;154 677 893;B01;0;50;0;4;8;23;3;
55970;202000036679;154 677 889;B01;2;7;0;2;1;1;1;
55971;202000036679;154 677 890;A01;2;7;0;2;8;1;1;
55972;202000036679;154 677 891;C01;2;7;4;2;2;17;2;
55973;202000036680;154 677 887;A01;2;33;0;2;1;2;1;
55974;202000036680;154 677 888;B01;2;14;0;2;6;16;1;
55975;202000036681;154 677 886;A01;1;7;0;1;3;1;1;
55976;202000036682;154 677 885;A01;1;7;0;1;1;1;1;
55977;202000036683;154 677 883;B01;0;2;0;0;2;0;1;
55978;202000036683;154 677 884;A01;0;10;0;2;3;26;1;
55979;202000036684;154 677 881;A01;2;2;0;2;1;0;1;
55980;202000036684;154 677 882;B01;1;7;0;2;7;9;1;
55981;202000036685;154 677 876;A01;1;7;0;2;2;17;1;
55982;202000036685;154 677 877;B01;1;7;0;2;6;1;1;
55983;202000036686;154 677 875;A01;1;7;0;2;7;1;1;
55984;202000036687;154 677 870;E01;2;7;0;2;4;2;1;
55985;202000036687;154 677 871;D01;2;10;0;2;4;2;1;
55986;202000036687;154 677 872;C01;2;7;0;2;4;2;0;
55987;202000036687;154 677 873;A01;2;10;0;2;1;1;1;
55988;202000036687;154 677 874;B01;2;7;0;2;4;2;1;
55989;202000036688;154 677 868;B01;2;10;0;2;1;2;1;
55990;202000036688;154 677 869;A01;2;7;0;2;4;2;1;
55991;202000036689;154 677 862;B01;1;10;0;2;4;1;1;
55992;202000036689;154 677 863;D01;1;10;0;2;4;1;1;
55993;202000036689;154 677 864;E01;1;10;0;2;4;1;1;
55994;202000036689;154 677 865;F01;1;10;0;2;4;1;1;
55995;202000036689;154 677 866;C01;1;10;0;2;4;1;1;
55996;202000036689;154 677 867;A01;1;15;0;2;1;1;1;
55997;202000036690;154 677 860;A01;2;7;0;2;7;12;1;
55998;202000036690;154 677 861;B01;2;33;0;2;8;3;1;
55999;202000036692;154 677 856;A01;2;7;0;2;2;13;1;
56000;202000036692;154 677 857;B01;2;7;0;2;6;1;1;
56001;202000036693;154 677 854;B01;1;7;0;2;4;2;1;
56002;202000036693;154 677 855;A01;1;10;0;2;1;2;1;
56003;202000036694;154 677 852;B01;1;7;0;2;7;1;1;
56004;202000036694;154 677 853;A01;1;10;0;2;8;11;1;
56005;202000036695;154 677 851;A01;2;7;3;0;9;1;1;
56006;202000036697;154 677 847;A01;1;7;0;2;2;21;1;
56007;202000036697;154 677 848;B01;1;7;0;2;6;23;1;
56008;202000036698;154 677 845;A01;1;10;0;2;1;15;1;
56009;202000036698;154 677 846;B01;1;7;0;2;4;15;2;
56010;202000036699;154 677 844;A01;2;30;0;0;0;1;1;
56011;202000036700;154 677 842;B01;2;2;0;2;0;0;1;
56012;202000036700;154 677 843;A01;1;7;0;2;7;15;1;
56013;202000036702;154 677 836;B01;1;1;0;2;1;26;5;
56014;202000036702;154 677 837;A01;1;99;0;2;8;26;6;
56015;202000036703;154 677 835;A01;1;50;0;0;0;16;3;
56016;202000036704;154 677 834;A01;1;7;6;0;1;1;1;
56017;202000036705;154 677 833;A01;3;10;0;1;1;1;1;
56018;202000036706;154 677 831;B01;3;7;0;2;3;1;1;
56019;202000036706;154 677 832;A01;3;7;0;2;3;1;1;
56020;202000036707;154 677 829;B01;2;32;0;2;1;3;1;
56021;202000036707;154 677 830;A01;2;3;0;2;3;13;1;
56022;202000036708;154 677 824;B01;2;7;0;2;7;14;0;
56023;202000036708;154 677 825;E01;2;7;1;0;1;1;0;
56024;202000036708;154 677 826;D01;2;7;1;0;1;1;0;
56025;202000036708;154 677 827;C01;2;7;1;0;1;1;0;
56026;202000036708;154 677 828;A01;2;7;10;2;3;1;0;
56027;202000036709;154 677 822;A01;1;7;0;2;3;15;1;
56028;202000036709;154 677 823;B01;2;2;0;2;7;16;0;
56029;202000036710;154 677 820;A01;2;7;0;2;6;2;1;
56030;202000036710;154 677 821;B01;2;7;0;2;2;2;1;
56031;202000036711;154 677 819;A01;1;31;0;0;0;15;1;
56032;202000036712;154 677 818;A01;2;7;0;5;1;1;1;
56033;202000036713;154 677 817;A01;2;30;0;1;1;1;1;
56034;202000036715;154 677 814;A01;2;43;0;0;7;1;1;
56035;202000036716;154 677 812;A01;3;33;0;2;1;17;1;
56036;202000036716;154 677 813;B01;3;7;0;2;1;1;1;
56037;202000036717;154 677 810;A01;1;7;0;2;6;15;1;
56038;202000036717;154 677 811;B01;2;33;0;2;2;17;1;
56039;202000036718;154 677 809;A01;0;7;0;1;7;1;1;
56040;202000036719;154 677 808;A01;2;37;0;0;0;1;1;4.0
56041;202000036720;154 677 804;A01;0;7;0;2;1;0;1;
56042;202000036720;154 677 805;B01;0;7;0;2;8;0;1;
56043;202000036721;154 677 801;C01;3;7;0;2;4;2;1;
56044;202000036721;154 677 802;B01;3;7;0;2;4;2;1;
56045;202000036721;154 677 803;A01;3;7;0;2;1;2;1;
56046;202000036722;154 677 800;A01;2;7;0;1;2;1;1;
56047;202000036723;154 677 799;A01;1;14;0;1;2;21;1;
56048;202000036724;154 677 798;A01;2;7;0;1;1;1;1;
56049;202000036725;154 677 796;A01;1;7;0;2;1;2;1;
56050;202000036725;154 677 797;B01;1;7;0;2;4;2;1;
56051;202000036726;154 677 794;B01;1;1;0;2;1;16;5;
56052;202000036726;154 677 795;A01;1;7;0;2;7;1;1;
56053;202000036727;154 677 793;A01;1;7;0;1;1;11;1;
56054;202000036728;154 677 791;B01;2;33;0;2;1;1;1;
56055;202000036728;154 677 792;A01;1;7;0;2;5;15;1;
56056;202000036729;154 677 789;A01;2;1;0;2;1;1;5;
56057;202000036729;154 677 790;B01;1;7;0;2;3;15;1;
56058;202000036730;154 677 787;A01;1;7;0;2;1;15;1;
56059;202000036730;154 677 788;B01;2;31;0;2;1;8;1;
56060;202000036731;154 677 785;B01;1;7;0;2;3;1;1;
56061;202000036731;154 677 786;A01;2;7;0;2;2;15;1;