;Num_Acc;id_vehicule;num_veh;senc;catv;obs;obsm;choc;manv;motor;occutc
56062;202000036732;154 677 784;Z01;3;7;0;1;1;15;0;
56063;202000036733;154 677 783;A01;1;7;0;1;0;0;0;
56064;202000036734;154 677 781;B01;3;7;0;2;1;16;1;
56065;202000036734;154 677 782;A01;1;7;0;2;1;13;1;
56066;202000036735;154 677 779;A01;1;10;0;2;1;2;1;
56067;202000036735;154 677 780;B01;1;10;0;2;4;2;1;
56068;202000036736;154 677 777;B01;3;1;0;2;8;19;5;
56069;202000036736;154 677 778;A01;1;7;0;2;1;1;1;
56070;202000036737;154 677 775;A01;2;7;0;2;3;9;1;
56071;202000036737;154 677 776;B01;2;31;0;2;1;1;1;
56072;202000036738;154 677 774;A01;2;10;0;1;2;1;0;
56073;202000036739;154 677 772;B01;0;7;0;0;0;0;0;
56074;202000036739;154 677 773;A01;1;7;0;2;1;26;1;
56075;202000036740;154 677 770;B01;1;1;0;9;4;1;5;
56076;202000036740;154 677 771;A01;1;7;0;2;1;9;0;
56077;202000036741;154 677 769;A01;3;7;0;1;2;1;1;
56078;202000036742;154 677 768;A01;1;7;4;0;3;1;1;
56079;202000036743;154 677 766;B01;1;1;0;2;0;0;5;
56080;202000036743;154 677 767;A01;1;7;0;2;3;0;1;
56081;202000036744;154 677 764;B01;1;1;0;2;8;0;5;
56082;202000036744;154 677 765;A01;1;7;0;2;1;0;1;
56083;202000036745;154 677 762;B01;1;7;0;2;2;0;1;
56084;202000036745;154 677 763;A01;1;7;0;2;3;0;1;
56085;202000036746;154 677 761;A01;2;7;0;1;1;1;1;
56086;202000036747;154 677 759;A01;1;7;0;2;8;13;1;
56087;202000036747;154 677 760;B01;1;7;0;2;7;1;1;
56088;202000036748;154 677 757;A01;3;7;4;0;0;1;1;
56089;202000036750;154 677 755;A01;3;7;9;0;1;14;1;
56090;202000036751;154 677 754;A01;3;30;6;0;1;19;1;
56091;202000036755;154 677 746;Z01;1;7;0;2;5;23;0;
56092;202000036755;154 677 747;A01;1;1;0;2;1;2;5;
56093;202000036756;154 677 744;Z01;2;10;0;2;3;9;1;
56094;202000036756;154 677 745;A01;2;33;0;2;7;1;1;
56095;202000036757;154 677 742;A01;1;31;0;2;1;2;1;
56096;202000036757;154 677 743;B01;1;7;0;2;0;23;1;
56097;202000036758;154 677 740;B01;1;7;0;2;4;23;1;
56098;202000036758;154 677 741;A01;1;1;0;2;1;2;5;
56099;202000036759;154 677 738;B01;1;10;0;2;7;19;1;
56100;202000036759;154 677 739;A01;1;32;0;2;8;1;1;
56101;202000036760;154 677 736;Z01;1;7;0;2;5;12;0;
56102;202000036760;154 677 737;A01;1;2;0;2;3;1;0;
56103;202000036761;154 677 735;A01;2;30;0;1;7;16;0;
56104;202000036762;154 677 733;A01;2;7;0;2;8;15;1;
56105;202000036762;154 677 734;B01;2;1;0;2;1;1;5;
56106;202000036763;154 677 732;A01;3;31;0;1;1;1;1;
56107;202000036764;154 677 730;A01;1;7;0;2;3;9;1;
56108;202000036764;154 677 731;B01;1;10;0;2;3;1;1;
56109;202000036765;154 677 728;B01;1;7;0;1;8;0;1;
56110;202000036765;154 677 729;A01;1;7;0;1;3;26;0;
56111;202000036766;154 677 726;A01;2;7;0;2;3;9;1;
56112;202000036766;154 677 727;B01;2;50;0;2;7;14;3;
56113;202000036767;154 677 723;A01;2;7;8;0;1;11;1;
56114;202000036767;154 677 724;B01;2;7;0;2;1;26;1;
56115;202000036767;154 677 725;C01;2;7;0;2;5;26;1;
56116;202000036768;154 677 720;B01;1;7;0;2;4;0;1;
56117;202000036768;154 677 721;A01;1;7;0;2;2;26;1;
56118;202000036768;154 677 722;C01;1;10;0;2;5;0;1;
56119;202000036769;154 677 719;A01;1;32;0;1;8;26;0;
56120;202000036770;154 677 716;B01;1;2;0;2;1;1;0;
56121;202000036770;154 677 717;A01;1;7;0;2;2;10;0;
56122;202000036770;154 677 718;C01;1;7;0;2;6;24;0;
56123;202000036772;154 677 714;A01;3;7;0;1;1;14;1;
56124;202000036774;154 677 711;A01;1;7;0;2;2;19;0;
56125;202000036774;154 677 712;B01;1;34;0;2;2;1;0;
56126;202000036775;154 677 710;A01;3;33;0;0;0;1;1;
56127;202000036776;154 677 709;A01;3;1;5;2;0;11;6;
56128;202000036777;154 677 708;A01;2;30;0;2;0;1;0;
56129;202000036778;154 677 706;B01;2;10;0;2;1;1;3;
56130;202000036778;154 677 707;A01;1;2;0;2;0;21;1;
56131;202000036779;154 677 705;A01;1;7;0;1;2;1;1;
56132;202000036780;154 677 703;A01;1;7;0;2;2;1;1;
56133;202000036780;154 677 704;B01;2;7;0;2;3;1;1;
56134;202000036781;154 677 701;B01;2;7;0;2;4;20;0;
56135;202000036781;154 677 702;A01;2;7;0;2;1;1;1;
56136;202000036782;154 677 699;B01;1;32;0;2;4;26;1;
56137;202000036782;154 677 700;A01;1;32;0;2;1;26;1;
56138;202000036783;154 677 697;B01;1;33;0;2;7;1;1;
56139;202000036783;154 677 698;A01;1;7;0;2;8;15;1;
56140;202000036784;154 677 695;A01;2;7;16;0;1;0;0;
56141;202000036785;154 677 694;A01;3;7;6;0;3;1;1;
56142;202000036786;154 677 693;A01;3;7;2;0;1;14;1;
56143;202000036787;154 677 691;A01;2;30;0;2;1;1;1;
56144;202000036787;154 677 692;B01;0;7;0;2;6;9;1;
56145;202000036788;154 677 689;A01;1;7;0;2;1;1;1;
56146;202000036788;154 677 690;B01;2;7;0;2;1;1;1;
56147;202000036789;154 677 687;B01;2;7;0;0;3;1;1;
56148;202000036789;154 677 688;A01;1;7;0;0;3;13;1;
56149;202000036790;154 677 686;A01;0;7;9;1;1;5;1;
56150;202000036791;154 677 685;A01;1;2;11;0;1;1;1;
56151;202000036792;154 677 683;A01;2;7;17;0;1;14;1;
56152;202000036793;154 677 682;A01;2;17;13;0;9;0;1;
56153;202000036794;154 677 681;A01;2;7;15;0;1;14;1;
56154;202000036795;154 677 680;A01;1;7;2;0;1;13;1;
56155;202000036796;154 677 678;A01;2;7;0;2;3;13;1;
56156;202000036796;154 677 679;B01;1;7;2;2;3;1;1;
56157;202000036797;154 677 677;A01;2;33;13;0;3;13;1;
56158;202000036798;154 677 675;A01;2;7;0;2;3;17;1;
56159;202000036798;154 677 676;B01;1;7;0;2;3;1;1;
56160;202000036800;154 677 672;A01;3;2;0;2;1;1;1;
56161;202000036800;154 677 673;B01;3;7;0;2;3;15;1;
56162;202000036802;154 677 669;A01;2;7;0;1;2;1;1;
56163;202000036803;154 677 667;A01;1;7;0;2;1;17;1;
56164;202000036803;154 677 668;B01;2;7;0;2;1;1;1;
56165;202000036804;154 677 666;A01;1;7;2;0;8;0;1;
56166;202000036805;154 677 664;B01;1;7;0;2;3;1;1;
56167;202000036805;154 677 665;A01;2;7;0;2;3;13;1;
56168;202000036806;154 677 663;A01;1;33;3;0;0;1;1;
56169;202000036807;154 677 662;A01;1;7;0;0;3;6;1;
56170;202000036808;154 677 661;A01;1;33;0;0;0;0;1;
56171;202000036809;154 677 660;A01;3;7;5;0;0;0;1;
56172;202000036811;154 677 658;A01;2;7;0;1;1;1;3;
56173;202000036812;154 677 656;A01;1;2;0;2;1;13;1;
56174;202000036812;154 677 657;B01;2;7;0;2;1;1;1;
56175;202000036813;154 677 654;B01;2;1;0;2;8;1;5;
56176;202000036813;154 677 655;A01;1;7;0;9;1;15;1;
56177;202000036814;154 677 651;A01;2;7;0;1;2;1;1;
56178;202000036815;154 677 650;A01;0;34;0;0;0;1;1;
56179;202000036816;154 677 647;C01;1;7;0;0;8;23;0;
56180;202000036816;154 677 648;B01;1;7;0;1;0;23;0;
56181;202000036816;154 677 649;A01;1;7;0;2;2;1;0;
56182;202000036817;154 677 646;A01;1;33;0;0;8;15;1;
56183;202000036818;154 677 644;B01;2;2;0;2;0;17;1;
56184;202000036818;154 677 645;A01;2;7;0;2;6;15;1;
56185;202000036819;154 677 643;A01;1;7;13;0;0;0;0;
56186;202000036822;154 677 638;B01;0;7;0;2;3;1;1;
56187;202000036822;154 677 639;A01;0;7;0;2;1;1;1;
56188;202000036823;154 677 637;A01;3;7;6;0;1;0;1;
56189;202000036824;154 677 636;A01;3;7;0;0;3;1;1;
56190;202000036825;154 677 634;B01;3;2;0;2;1;1;6;
56191;202000036825;154 677 635;A01;3;7;0;2;3;9;6;
56192;202000036826;154 677 632;A01;2;7;0;2;1;2;1;
56193;202000036826;154 677 633;B01;2;1;0;0;4;2;5;
56194;202000036827;154 677 631;A01;2;7;2;0;1;2;1;
56195;202000036828;154 677 629;A01;1;7;0;2;8;1;1;
56196;202000036828;154 677 630;B01;1;17;0;2;2;12;1;
56197;202000036829;154 677 627;A01;1;33;0;2;1;1;1;
56198;202000036829;154 677 628;T01;1;7;0;0;0;18;1;
56199;202000036830;154 677 625;B01;1;38;0;2;4;1;1;1.0
56200;202000036830;154 677 626;A01;1;7;0;2;1;2;1;
56201;202000036831;154 677 623;A01;2;7;0;2;1;13;1;
56202;202000036831;154 677 624;B01;2;33;0;2;7;0;1;
56203;202000036832;154 677 621;A01;1;7;0;2;1;2;1;
56204;202000036832;154 677 622;B01;1;7;0;2;4;1;1;
56205;202000036833;154 677 620;A01;1;7;10;0;0;0;1;
56206;202000036834;154 677 617;A01;2;7;0;2;1;2;1;
56207;202000036834;154 677 618;B01;2;7;0;2;4;2;1;
56208;202000036834;154 677 619;C01;2;7;0;2;4;23;1;
56209;202000036835;154 677 614;C01;1;7;0;2;4;2;1;
56210;202000036835;154 677 615;B01;1;7;0;2;4;2;1;
56211;202000036835;154 677 616;A01;1;7;0;2;1;1;1;
56212;202000036836;154 677 612;A01;2;33;0;2;2;21;1;
56213;202000036836;154 677 613;B01;2;7;0;2;6;1;1;
56214;202000036837;154 677 608;C01;2;7;0;2;4;23;1;
56215;202000036837;154 677 609;A01;2;7;1;0;1;2;1;
56216;202000036837;154 677 610;B01;2;7;0;2;4;23;1;
56217;202000036837;154 677 611;D01;2;7;0;2;4;23;1;
56218;202000036838;154 677 607;A01;2;7;4;0;1;13;1;
56219;202000036839;154 677 606;A01;2;31;3;0;1;13;1;
56220;202000036840;154 677 605;A01;2;32;0;0;9;1;1;
56221;202000036841;154 677 604;A01;2;7;4;0;1;1;1;
56222;202000036842;154 677 603;A01;1;7;4;0;3;13;1;
56223;202000036843;154 677 599;A01;2;1;0;2;1;1;0;
56224;202000036843;154 677 600;B01;1;7;0;2;2;1;0;
56225;202000036844;154 677 598;A01;3;7;13;0;2;15;1;
56226;202000036845;154 677 596;B01;3;1;15;0;1;1;5;
56227;202000036845;154 677 597;A01;3;10;0;2;3;26;1;
56228;202000036846;154 677 594;B01;1;1;0;2;8;1;0;
56229;202000036846;154 677 595;A01;1;7;0;2;1;16;0;
56230;202000036847;154 677 592;B01;1;2;0;2;1;1;0;
56231;202000036847;154 677 593;A01;1;7;0;2;3;26;0;
56232;202000036848;154 677 591;A01;1;34;0;0;8;16;1;
56233;202000036849;154 677 588;A01;1;32;0;2;1;17;1;
56234;202000036849;154 677 589;C01;3;7;0;2;5;26;1;
56235;202000036849;154 677 590;B01;1;7;0;2;8;20;1;
56236;202000036850;154 677 586;B01;2;7;0;2;3;0;1;
56237;202000036850;154 677 587;A01;1;7;0;2;3;1;1;
56238;202000036851;154 677 583;A01;3;33;0;2;1;1;1;
56239;202000036851;154 677 584;B01;3;7;0;2;8;15;0;
56240;202000036852;154 677 582;A01;2;7;0;1;2;1;1;
56241;202000036853;154 677 580;A01;0;7;0;2;3;14;1;
56242;202000036853;154 677 581;B01;0;7;0;2;4;1;1;
56243;202000036854;154 677 577;B01;2;7;0;2;8;1;1;
56244;202000036854;154 677 578;A01;2;7;0;2;1;5;1;
56245;202000036854;154 677 579;C01;2;7;0;2;1;1;1;
56246;202000036855;154 677 573;C01;1;7;0;2;1;23;1;
56247;202000036855;154 677 575;A01;2;7;0;2;2;1;1;
56248;202000036855;154 677 576;B01;2;7;0;2;3;1;1;
56249;202000036856;154 677 572;A01;3;7;0;1;1;26;1;
56250;202000036857;154 677 571;A01;1;7;13;0;1;1;1;
56251;202000036858;154 677 570;A01;0;37;0;1;2;1;1;1.0
56252;202000036859;154 677 568;A01;1;7;0;1;3;19;1;
56253;202000036860;154 677 569;A01;2;10;2;0;1;14;1;
56254;202000036861;154 677 566;B01;0;1;0;2;1;1;5;
56255;202000036861;154 677 567;A01;0;7;0;2;3;26;1;
56256;202000036862;154 677 565;A01;2;33;0;0;9;0;1;
56257;202000036863;154 677 563;B01;2;7;0;2;4;1;1;
56258;202000036863;154 677 564;A01;2;33;0;2;1;1;1;
56259;202000036864;154 677 562;A01;1;33;8;0;1;1;1;
56260;202000036866;154 677 559;A01;2;33;2;0;1;1;1;
56261;202000036867;154 677 555;A01;2;7;8;0;1;1;1;
56262;202000036868;154 677 554;A01;1;7;0;2;1;2;1;
56263;202000036868;154 677 556;B01;1;7;0;2;4;2;1;
56264;202000036869;154 677 553;A01;1;33;0;5;1;1;1;
56265;202000036870;154 677 551;B01;3;7;0;2;1;1;1;
56266;202000036870;154 677 552;A01;3;7;0;2;1;0;1;
56267;202000036872;154 677 547;A01;3;7;0;2;1;19;1;
56268;202000036872;154 677 548;B01;3;31;0;2;7;1;1;
56269;202000036873;154 677 545;A01;3;2;0;2;1;26;6;
56270;202000036873;154 677 546;B01;3;7;0;0;0;0;0;
56271;202000036874;154 677 544;A01;1;36;2;0;1;13;1;
56272;202000036875;154 677 543;A01;2;3;9;0;1;13;1;
56273;202000036876;154 677 542;A01;2;32;11;0;1;17;1;
56274;202000036877;154 677 535;C01;1;20;0;2;5;1;0;
56275;202000036877;154 677 537;B01;1;20;0;2;4;0;0;
56276;202000036877;154 677 539;D01;1;20;0;2;4;1;0;
56277;202000036877;154 677 540;A01;1;20;0;2;4;26;0;
56278;202000036877;154 677 541;E01;1;7;0;2;1;2;0;
56279;202000036879;154 677 533;B01;1;7;0;2;2;1;1;
56280;202000036879;154 677 534;A01;1;7;0;2;1;9;1;
56281;202000036880;154 677 531;A01;3;3;0;0;0;1;1;
56282;202000036881;154 677 530;A01;3;2;1;2;1;1;0;
56283;202000036881;154 677 532;B01;3;99;0;2;1;1;1;
56284;202000036882;154 677 526;B01;1;2;0;2;1;1;1;
56285;202000036882;154 677 528;A01;2;7;0;2;3;15;1;
56286;202000036883;154 677 527;B01;2;7;0;2;3;1;1;
56287;202000036883;154 677 529;A01;1;33;0;2;1;1;1;
56288;202000036884;154 677 523;B01;2;1;0;2;1;1;5;
56289;202000036884;154 677 525;A01;1;7;0;2;3;9;1;
56290;202000036885;154 677 522;B01;2;7;0;9;2;9;1;
56291;202000036885;154 677 524;A01;1;31;0;2;1;1;1;
56292;202000036886;154 677 520;A01;2;7;0;2;3;15;1;
56293;202000036886;154 677 521;B01;2;2;0;2;1;0;1;
56294;202000036887;154 677 518;A01;2;7;0;2;1;2;1;
56295;202000036887;154 677 519;B01;2;1;0;0;4;2;5;
56296;202000036888;154 677 515;B01;2;7;0;2;1;1;1;
56297;202000036888;154 677 516;A01;1;7;0;2;2;15;1;
56298;202000036889;154 677 512;A01;1;7;0;2;1;2;1;
56299;202000036889;154 677 513;B01;1;7;0;2;1;2;1;
56300;202000036889;154 677 514;C01;1;10;0;2;4;23;1;
56301;202000036890;154 677 510;A01;1;7;0;2;2;1;1;
56302;202000036890;154 677 511;B01;1;7;0;2;3;15;1;
56303;202000036891;154 677 517;A01;3;32;7;0;1;1;1;
56304;202000036892;154 677 508;A01;1;7;0;2;1;15;1;
56305;202000036892;154 677 509;B01;1;7;0;2;2;1;1;
56306;202000036893;154 677 506;A01;3;30;0;0;0;21;1;
56307;202000036893;154 677 507;Z01;1;7;0;2;4;9;1;
56308;202000036894;154 677 504;A01;1;7;0;2;1;1;1;
56309;202000036894;154 677 505;B01;1;7;0;2;4;1;1;
56310;202000036896;154 677 500;A01;1;7;0;1;1;1;1;
56311;202000036897;154 677 501;A01;1;7;3;0;1;14;1;
56312;202000036898;154 677 499;Z01;3;7;0;1;8;9;1;
56313;202000036899;154 677 496;A01;2;7;0;2;1;2;1;
56314;202000036899;154 677 497;B01;2;7;0;2;4;23;1;
56315;202000036900;154 677 491;A01;2;20;0;2;1;2;1;
56316;202000036900;154 677 492;D01;2;7;0;2;4;1;1;
56317;202000036900;154 677 493;E01;2;7;0;2;6;1;1;
56318;202000036900;154 677 494;B01;2;7;0;2;4;1;1;
56319;202000036900;154 677 495;C01;2;7;0;2;8;1;1;
56320;202000036901;154 677 489;A01;3;7;0;1;1;16;1;
56321;202000036902;154 677 488;A01;2;60;14;0;8;2;5;
56322;202000036903;154 677 486;A01;1;7;0;2;1;1;1;
56323;202000036903;154 677 487;B01;1;7;0;1;4;1;1;
56324;202000036904;154 677 485;A01;0;7;0;1;3;16;1;
56325;202000036905;154 677 484;A01;2;7;0;1;3;7;1;
56326;202000036907;154 677 482;B01;1;1;0;2;4;1;5;
56327;202000036907;154 677 483;A01;1;10;0;2;2;15;1;
56328;202000036908;154 677 479;A01;1;7;0;1;1;9;0;
56329;202000036909;154 677 478;A01;3;7;0;1;1;1;1;
56330;202000036910;154 677 475;B01;1;7;0;2;1;1;1;
56331;202000036910;154 677 476;A01;1;7;0;2;1;15;1;
56332;202000036912;154 677 471;B01;2;1;0;2;7;1;0;
56333;202000036912;154 677 472;A01;2;7;0;2;3;0;0;
56334;202000036913;154 677 470;A01;2;7;0;1;6;19;1;
56335;202000036914;154 677 468;A01;2;7;0;2;7;17;1;
56336;202000036914;154 677 469;B01;2;1;0;2;8;1;5;
56337;202000036915;154 677 466;A01;1;7;0;2;3;26;1;
56338;202000036915;154 677 467;B01;2;10;0;2;6;1;1;
56339;202000036916;154 677 465;A01;2;7;0;1;2;1;1;
56340;202000036917;154 677 463;B01;1;7;0;2;6;2;6;
56341;202000036917;154 677 464;A01;1;7;0;2;2;21;6;
56342;202000036918;154 677 461;B01;0;10;0;0;4;15;1;
56343;202000036918;154 677 462;A01;0;33;0;2;1;1;1;
56344;202000036920;154 677 457;B01;1;7;0;2;1;1;1;
56345;202000036920;154 677 458;A01;2;30;0;2;8;19;1;
56346;202000036921;154 677 480;A01;1;7;1;0;1;1;1;
56347;202000036921;154 677 481;B01;1;13;0;2;5;24;1;
56348;202000036922;154 677 455;A01;2;7;0;9;1;2;1;
56349;202000036922;154 677 456;B01;3;60;0;2;8;19;5;
56350;202000036923;154 677 454;A01;2;7;9;0;1;14;1;
56351;202000036924;154 677 453;A01;2;7;0;1;3;15;1;
56352;202000036925;154 677 452;A01;2;7;0;1;3;9;1;
56353;202000036926;154 677 450;A01;1;7;0;1;3;1;1;
56354;202000036927;154 677 448;A01;1;7;0;2;3;19;1;
56355;202000036927;154 677 449;B01;1;1;0;2;7;19;5;
56356;202000036929;154 677 451;A01;1;33;0;0;9;3;1;
56357;202000036930;154 677 445;A01;2;33;0;0;9;1;1;
56358;202000036931;154 677 443;B01;1;7;0;2;1;1;1;
56359;202000036931;154 677 444;A01;1;7;0;2;4;2;6;
56360;202000036932;154 677 440;B01;1;14;0;2;5;2;1;
56361;202000036932;154 677 442;A01;1;33;0;2;1;2;1;
56362;202000036933;154 677 439;A01;2;7;3;0;1;14;1;
56363;202000036934;154 677 438;A01;1;99;0;1;0;26;0;
56364;202000036935;154 677 441;B01;2;10;0;2;1;1;1;
56365;202000036935;154 677 446;A01;1;31;0;2;1;1;1;
56366;202000036936;154 677 436;B01;1;7;0;2;4;23;1;
56367;202000036936;154 677 437;A01;3;30;0;2;1;1;1;
56368;202000036937;154 677 434;A01;2;30;0;1;1;1;1;
56369;202000036938;154 677 432;B01;3;1;0;2;0;0;0;
56370;202000036938;154 677 433;A01;2;7;0;2;7;15;1;
56371;202000036939;154 677 429;B01;1;7;0;2;4;1;1;
56372;202000036939;154 677 430;C01;1;7;0;2;0;1;1;
56373;202000036939;154 677 431;A01;1;7;0;2;1;1;1;
56374;202000036940;154 677 427;B01;1;43;0;2;0;1;1;
56375;202000036940;154 677 428;A01;2;32;0;0;0;15;1;
56376;202000036942;154 677 424;B01;2;1;0;2;8;1;5;
56377;202000036942;154 677 425;A01;2;7;0;2;1;15;1;
56378;202000036943;154 677 423;A01;2;1;0;2;1;1;5;
56379;202000036944;154 677 422;A01;2;7;0;1;1;1;1;
56380;202000036945;154 677 435;A01;3;7;0;1;3;15;1;
56381;202000036946;154 677 421;A01;1;7;4;0;1;14;1;
56382;202000036947;154 677 419;B01;2;1;0;2;6;1;0;
56383;202000036947;154 677 420;A01;2;7;0;9;2;17;1;
56384;202000036948;154 677 417;A01;3;7;12;2;1;1;0;
56385;202000036948;154 677 418;B01;3;7;0;2;3;15;1;
56386;202000036951;154 677 411;A01;1;7;0;1;3;15;1;
56387;202000036953;154 677 409;Z01;1;17;0;2;7;14;1;
56388;202000036953;154 677 410;B01;1;7;3;2;8;1;1;
56389;202000036954;154 677 407;A01;1;7;0;1;3;16;1;
56390;202000036955;154 677 406;B01;2;7;0;2;1;1;1;
56391;202000036955;154 677 408;A01;1;7;0;2;8;10;1;
56392;202000036957;154 677 402;B01;2;7;0;2;2;1;1;
56393;202000036957;154 677 403;A01;1;7;0;2;3;19;1;
56394;202000036958;154 677 398;B01;0;7;0;2;2;1;1;
56395;202000036958;154 677 400;A01;0;7;0;2;3;1;1;
56396;202000036960;154 677 396;A01;0;7;0;2;3;10;1;
56397;202000036960;154 677 397;B01;0;33;0;2;1;1;1;
56398;202000036961;154 677 394;A01;2;7;0;2;2;1;1;
56399;202000036961;154 677 395;Z01;1;7;0;2;0;15;1;
56400;202000036963;154 677 391;A01;1;43;0;1;1;1;1;
56401;202000036964;154 677 390;A01;1;1;0;0;0;0;5;
56402;202000036965;154 677 386;C01;2;7;0;2;3;23;1;
56403;202000036965;154 677 388;A01;1;7;0;2;3;9;1;
56404;202000036965;154 677 389;B01;1;1;0;2;7;1;5;
56405;202000036966;154 677 385;B01;3;31;0;2;7;1;1;
56406;202000036966;154 677 387;A01;1;7;0;2;1;9;1;
56407;202000036967;154 677 383;A01;2;1;0;2;7;1;5;
56408;202000036967;154 677 384;B01;1;7;0;2;1;15;3;
56409;202000036968;154 677 382;A01;1;7;1;0;1;6;1;
56410;202000036969;154 677 380;Z01;1;50;0;2;4;9;3;
56411;202000036969;154 677 381;A01;1;50;0;2;1;1;3;
56412;202000036970;154 677 379;A01;2;7;0;1;1;15;1;
56413;202000036971;154 677 377;B01;1;7;0;2;6;2;2;
56414;202000036971;154 677 378;A01;1;7;4;2;2;2;1;
56415;202000036972;154 677 374;A01;1;1;0;1;1;7;5;
56416;202000036973;154 677 372;A01;3;7;0;2;1;15;1;
56417;202000036973;154 677 373;B01;3;7;0;2;3;1;1;
56418;202000036974;154 677 371;Z01;2;7;0;1;8;1;1;
56419;202000036975;154 677 370;Z01;2;50;0;1;1;5;3;
56420;202000036976;154 677 368;A01;1;7;0;2;2;2;1;
56421;202000036976;154 677 369;B01;1;14;0;2;6;23;1;
56422;202000036977;154 677 375;A01;1;33;0;2;1;1;1;
56423;202000036977;154 677 376;B01;1;7;0;2;4;0;1;
56424;202000036979;154 677 365;A01;1;30;0;0;6;21;1;
56425;202000036980;154 677 364;A01;2;32;0;1;1;17;1;
56426;202000036981;154 677 363;A01;1;1;0;1;1;1;5;
56427;202000036982;154 677 360;A01;1;7;0;2;3;24;1;
56428;202000036982;154 677 361;B01;1;37;1;2;5;1;1;3.0
56429;202000036983;154 677 362;B01;2;7;0;2;4;1;1;
56430;202000036983;154 677 366;A01;2;7;0;2;1;1;1;
56431;202000036984;154 677 359;A01;1;10;0;1;8;22;0;
56432;202000036985;154 677 356;Z01;1;7;0;2;1;2;1;
56433;202000036985;154 677 357;A01;1;7;0;2;4;2;1;
56434;202000036986;154 677 355;Z01;2;7;0;1;1;4;0;
56435;202000036987;154 677 354;A01;2;2;0;1;1;1;1;
56436;202000036991;154 677 346;A01;1;7;0;1;2;1;1;
56437;202000036992;154 677 345;A01;2;32;0;1;1;18;1;
56438;202000036993;154 677 343;A01;2;7;0;2;1;1;1;
56439;202000036993;154 677 344;B01;1;7;0;2;2;1;1;
56440;202000036994;154 677 342;A01;1;7;11;9;1;1;0;
56441;202000036995;154 677 351;B01;1;10;0;2;4;23;1;
56442;202000036995;154 677 358;A01;1;2;0;2;1;2;1;
56443;202000036996;154 677 340;A01;2;7;0;2;2;15;0;
56444;202000036996;154 677 341;B01;1;2;0;2;2;17;0;
56445;202000036997;154 677 338;A01;1;10;0;1;1;16;0;
56446;202000036998;154 677 336;A01;3;32;0;2;1;15;0;
56447;202000036998;154 677 337;B01;3;34;0;2;1;1;0;
56448;202000036999;154 677 334;B01;1;7;0;2;3;15;0;
56449;202000036999;154 677 335;A01;1;7;0;2;2;1;0;
56450;202000037000;154 677 339;A01;2;7;0;1;1;13;1;
56451;202000037001;154 677 333;A01;1;7;12;0;7;1;1;
56452;202000037002;154 677 332;A01;2;10;0;1;1;1;1;
56453;202000037003;154 677 331;A01;2;30;6;1;3;13;1;
56454;202000037004;154 677 330;A01;2;7;0;1;2;26;1;
56455;202000037005;154 677 327;C01;3;7;0;0;0;0;0;
56456;202000037005;154 677 328;A01;1;7;0;2;1;2;0;
56457;202000037005;154 677 329;B01;3;7;0;0;0;0;0;
56458;202000037006;154 677 325;A01;2;7;0;2;5;15;1;
56459;202000037006;154 677 326;B01;1;33;0;2;1;1;1;
56460;202000037007;154 677 324;A01;2;33;0;0;7;16;1;
56461;202000037008;154 677 322;A01;3;33;0;2;5;2;1;
56462;202000037008;154 677 323;B01;1;30;0;0;3;1;1;
56463;202000037009;154 677 320;B01;1;7;0;2;4;1;0;
56464;202000037009;154 677 321;A01;1;7;0;2;1;2;1;
56465;202000037010;154 677 319;A01;1;3;8;0;1;26;1;
56466;202000037011;154 677 317;B01;3;1;0;2;8;19;5;
56467;202000037011;154 677 318;A01;3;10;0;2;2;26;1;
56468;202000037012;154 677 316;A01;1;1;14;0;0;0;5;
56469;202000037013;154 677 314;B01;1;1;0;2;9;0;5;
56470;202000037013;154 677 315;A01;1;7;0;2;0;0;1;
56471;202000037014;154 677 312;A01;1;32;0;2;1;17;1;
56472;202000037014;154 677 313;B01;0;7;0;0;6;23;1;
56473;202000037015;154 677 310;B01;1;1;0;2;6;19;5;
56474;202000037015;154 677 311;A01;2;7;0;2;1;26;1;
56475;202000037016;154 677 308;B01;2;7;0;2;8;15;1;
56476;202000037016;154 677 309;A01;2;32;0;2;7;17;1;
56477;202000037017;154 677 306;A01;1;80;0;2;3;5;3;
56478;202000037017;154 677 307;B01;3;7;0;2;2;9;1;
56479;202000037018;154 677 304;B01;3;7;0;2;5;2;1;
56480;202000037018;154 677 305;A01;3;2;0;2;3;2;1;
56481;202000037019;154 677 302;A01;1;7;0;2;1;2;1;
56482;202000037019;154 677 303;B01;1;33;0;2;4;2;1;
56483;202000037020;154 677 300;B01;0;1;0;0;0;0;0;
56484;202000037020;154 677 301;A01;0;7;0;2;3;26;1;
56485;202000037021;154 677 299;A01;2;7;13;0;1;1;1;
56486;202000037022;154 677 298;A01;1;50;0;1;1;1;3;
56487;202000037023;154 677 296;B01;2;1;0;2;0;25;5;
56488;202000037023;154 677 297;A01;2;7;0;9;7;1;1;
56489;202000037024;154 677 295;Z01;0;7;0;1;1;1;1;
56490;202000037025;154 677 293;A01;1;10;0;2;2;15;1;
56491;202000037025;154 677 294;B01;2;7;0;2;1;1;1;
56492;202000037026;154 677 291;A01;1;7;0;2;1;15;1;
56493;202000037026;154 677 292;B01;2;33;0;2;0;0;1;
56494;202000037027;154 677 290;A01;0;7;9;1;1;14;1;
56495;202000037028;154 677 288;A01;1;30;0;2;1;2;1;