;Num_Acc;id_vehicule;num_veh;senc;catv;obs;obsm;choc;manv;motor;occutc
56496;202000037028;154 677 289;B01;1;7;0;0;6;2;1;
56497;202000037029;154 677 286;B01;1;7;0;2;4;1;1;
56498;202000037029;154 677 287;A01;1;7;0;2;1;2;1;
56499;202000037030;154 677 285;A01;3;7;0;1;4;4;1;
56500;202000037031;154 677 284;A01;0;7;0;1;4;4;1;
56501;202000037033;154 677 281;B01;2;7;0;2;8;15;1;
56502;202000037033;154 677 282;A01;1;7;0;2;3;1;1;
56503;202000037034;154 677 279;B01;2;31;0;2;1;1;1;
56504;202000037034;154 677 280;A01;1;7;0;2;1;20;1;
56505;202000037035;154 677 278;Z01;2;2;0;1;1;1;0;
56506;202000037036;154 677 277;A01;0;30;0;1;1;1;3;
56507;202000037037;154 677 276;A01;1;7;1;0;1;1;1;
56508;202000037038;154 677 274;A01;0;7;0;2;3;15;0;
56509;202000037038;154 677 275;B01;0;31;0;2;1;17;0;
56510;202000037039;154 677 273;A01;3;7;0;1;2;9;1;
56511;202000037040;154 677 271;B01;2;1;0;2;0;15;5;
56512;202000037040;154 677 272;A01;2;7;0;2;0;15;1;
56513;202000037041;154 677 270;A01;2;10;0;0;8;1;1;
56514;202000037042;154 677 269;A01;1;7;6;0;1;14;1;
56515;202000037043;154 677 267;A01;0;7;0;2;2;1;0;
56516;202000037043;154 677 268;B01;0;31;0;2;4;23;0;
56517;202000037044;154 677 265;A01;2;43;0;2;8;2;1;
56518;202000037044;154 677 266;B01;2;7;0;2;4;2;2;
56519;202000037045;154 677 264;A01;2;7;0;1;1;1;1;
56520;202000037046;154 677 262;A01;1;40;0;2;3;1;3;
56521;202000037046;154 677 263;B01;1;1;0;4;6;1;5;
56522;202000037047;154 677 260;B01;2;10;0;2;3;5;1;
56523;202000037047;154 677 261;A01;2;30;0;2;2;9;1;
56524;202000037049;154 677 257;A01;1;7;0;2;3;10;1;
56525;202000037049;154 677 258;B01;1;30;0;2;2;17;1;
56526;202000037050;154 677 255;A01;2;32;0;2;1;2;1;
56527;202000037050;154 677 256;B01;2;7;0;2;5;23;1;
56528;202000037051;154 677 253;B01;2;33;0;2;1;1;1;
56529;202000037051;154 677 254;A01;1;3;0;2;7;15;1;
56530;202000037052;154 677 251;B01;1;7;0;2;2;1;1;
56531;202000037052;154 677 252;A01;1;30;15;2;1;18;1;
56532;202000037053;154 677 249;A01;1;30;0;2;1;18;1;
56533;202000037053;154 677 250;B01;1;7;0;2;2;16;1;
56534;202000037054;154 677 247;A01;2;1;0;2;1;1;5;
56535;202000037054;154 677 248;B01;2;7;0;2;4;23;1;
56536;202000037055;154 677 245;A01;2;10;0;2;3;15;1;
56537;202000037055;154 677 246;B01;2;1;0;2;1;1;5;
56538;202000037056;154 677 243;B01;2;1;0;2;8;1;5;
56539;202000037056;154 677 244;A01;2;7;0;2;0;1;1;
56540;202000037057;154 677 242;A01;1;50;0;1;1;1;3;
56541;202000037058;154 677 240;A01;1;1;0;2;1;1;5;
56542;202000037058;154 677 241;B01;1;1;0;2;4;1;5;
56543;202000037059;154 677 238;B01;1;30;0;2;6;23;1;
56544;202000037059;154 677 239;A01;1;10;0;2;3;2;1;
56545;202000037060;154 677 237;A01;2;1;0;1;1;1;5;
56546;202000037061;154 677 236;A01;1;1;15;0;1;13;5;
56547;202000037062;154 677 235;A01;3;50;8;0;1;1;3;
56548;202000037063;154 677 233;B01;2;7;0;2;3;15;1;
56549;202000037063;154 677 234;A01;1;34;0;2;1;1;1;
56550;202000037064;154 677 231;A01;1;7;0;2;3;15;1;
56551;202000037064;154 677 232;B01;1;1;0;2;1;1;5;
56552;202000037065;154 677 229;A01;1;10;0;2;2;1;1;
56553;202000037065;154 677 230;B01;2;10;0;2;7;1;1;
56554;202000037066;154 677 228;A01;2;10;0;1;2;1;0;
56555;202000037067;154 677 226;A01;2;7;0;2;3;15;1;
56556;202000037067;154 677 227;B01;2;32;0;0;2;17;1;
56557;202000037068;154 677 225;A01;2;7;0;1;3;15;1;
56558;202000037069;154 677 223;B01;1;2;0;2;0;0;1;
56559;202000037069;154 677 224;A01;1;10;0;2;2;10;1;
56560;202000037070;154 677 221;A01;-1;80;0;2;1;9;3;
56561;202000037070;154 677 222;B01;3;7;0;9;1;1;1;
56562;202000037071;154 677 220;A01;2;7;0;1;2;1;1;
56563;202000037073;154 677 214;B01;3;1;0;0;0;0;5;
56564;202000037073;154 677 215;A01;3;7;0;0;0;15;1;
56565;202000037074;154 677 213;A01;3;30;0;2;7;1;0;
56566;202000037075;154 677 211;A01;1;30;0;2;7;17;1;
56567;202000037075;154 677 212;B01;1;7;0;2;8;11;1;
56568;202000037076;154 677 209;B01;3;33;0;2;1;1;1;
56569;202000037076;154 677 210;A01;3;7;0;2;6;15;1;
56570;202000037077;154 677 207;A01;1;7;0;2;1;15;1;
56571;202000037077;154 677 208;B01;2;1;0;2;1;2;5;
56572;202000037078;154 677 206;A01;1;30;0;1;1;3;1;
56573;202000037079;154 677 204;A01;1;30;0;2;3;18;1;
56574;202000037079;154 677 205;B01;1;7;0;2;2;16;1;
56575;202000037080;154 677 202;A01;1;7;0;2;4;1;1;
56576;202000037080;154 677 203;B01;1;7;0;2;1;2;1;
56577;202000037082;154 677 198;A01;2;15;0;2;6;13;1;
56578;202000037082;154 677 199;B01;1;7;7;2;1;0;1;
56579;202000037083;154 677 196;A01;1;7;0;2;3;0;1;
56580;202000037083;154 677 197;B01;2;7;0;2;3;21;1;
56581;202000037084;154 677 194;B01;1;33;0;2;1;1;0;
56582;202000037084;154 677 195;A01;1;7;0;2;3;20;0;
56583;202000037085;154 677 193;A01;2;32;13;0;1;0;1;
56584;202000037086;154 677 191;A01;3;7;0;0;6;19;1;
56585;202000037086;154 677 192;B01;2;33;0;2;1;1;1;
56586;202000037087;154 677 189;A01;1;10;0;0;0;1;1;
56587;202000037087;154 677 190;B01;1;30;0;0;0;17;1;
56588;202000037088;154 677 187;B01;1;7;0;2;1;1;0;
56589;202000037088;154 677 188;A01;1;7;0;0;4;1;0;
56590;202000037090;154 677 185;A01;2;33;0;0;0;26;1;
56591;202000037091;154 677 183;A01;1;21;0;2;8;13;1;
56592;202000037091;154 677 184;B01;2;7;0;2;8;1;1;
56593;202000037092;154 677 181;B01;1;33;0;2;1;1;1;
56594;202000037092;154 677 182;A01;1;7;0;2;6;15;1;
56595;202000037093;154 677 179;A01;2;21;0;0;5;15;1;
56596;202000037093;154 677 180;B01;1;33;0;2;1;1;1;
56597;202000037094;154 677 177;A01;1;7;0;2;2;15;1;
56598;202000037094;154 677 178;B01;2;33;0;2;1;1;1;
56599;202000037095;154 677 175;A01;1;7;0;2;3;13;0;
56600;202000037095;154 677 176;B01;2;7;0;2;1;1;0;
56601;202000037096;154 677 174;A01;3;7;13;0;1;15;1;
56602;202000037097;154 677 171;C01;2;7;0;2;1;1;1;
56603;202000037097;154 677 172;A01;2;7;0;0;4;1;1;
56604;202000037097;154 677 173;B01;2;7;0;2;4;1;1;
56605;202000037098;154 677 170;A01;1;33;13;0;0;1;1;
56606;202000037099;154 677 169;A01;2;7;0;0;1;13;1;
56607;202000037100;154 677 167;A01;2;7;3;2;8;16;1;
56608;202000037100;154 677 168;B01;2;15;0;2;1;1;1;
56609;202000037102;154 677 164;A01;2;33;0;2;1;1;1;
56610;202000037102;154 677 165;B01;1;7;0;2;3;1;1;
56611;202000037103;154 677 162;A01;2;7;3;2;1;13;1;
56612;202000037103;154 677 163;B01;1;7;0;2;1;1;1;
56613;202000037104;154 677 160;A01;1;7;0;2;1;15;1;
56614;202000037104;154 677 161;B01;1;30;0;2;1;16;1;
56615;202000037105;154 677 158;B01;3;7;7;2;1;1;1;
56616;202000037105;154 677 159;A01;3;7;7;0;7;19;1;
56617;202000037106;154 677 156;B01;2;2;12;0;7;21;1;
56618;202000037106;154 677 157;A01;1;7;0;0;0;13;0;
56619;202000037107;154 677 154;B01;2;7;0;2;2;15;1;
56620;202000037107;154 677 155;A01;1;31;0;2;1;1;1;
56621;202000037108;154 677 152;B01;0;1;0;2;8;1;5;
56622;202000037108;154 677 153;A01;0;7;0;2;2;19;0;
56623;202000037109;154 677 150;B01;2;7;0;2;3;1;1;
56624;202000037109;154 677 151;A01;1;99;3;2;9;2;1;
56625;202000037110;154 677 147;A01;1;33;3;0;1;13;1;
56626;202000037111;154 677 145;A01;2;2;0;2;1;5;1;
56627;202000037111;154 677 146;B01;1;7;0;2;1;1;1;
56628;202000037112;154 677 144;A01;3;36;2;0;7;1;1;
56629;202000037113;154 677 143;A01;3;13;9;1;2;26;0;
56630;202000037114;154 677 142;A01;2;2;13;0;2;0;1;
56631;202000037115;154 677 140;A01;2;7;0;0;6;1;1;
56632;202000037115;154 677 141;B01;2;15;0;2;2;1;1;
56633;202000037116;154 677 139;A01;1;15;13;0;1;1;0;
56634;202000037117;154 677 138;A01;1;7;13;0;7;1;1;
56635;202000037118;154 677 137;A01;1;7;13;0;1;1;1;
56636;202000037119;154 677 134;C01;1;33;0;2;1;1;1;
56637;202000037119;154 677 135;A01;1;33;0;2;3;1;1;
56638;202000037119;154 677 136;B01;2;21;0;2;8;1;1;
56639;202000037122;154 677 130;A01;2;7;0;1;1;1;1;
56640;202000037123;154 677 129;A01;1;7;0;9;2;2;0;
56641;202000037123;154 677 131;B01;1;1;0;0;4;2;5;
56642;202000037124;154 677 128;A01;3;7;0;1;1;9;1;
56643;202000037125;154 677 127;A01;1;7;0;1;2;1;6;
56644;202000037127;154 677 123;A01;2;15;13;0;2;14;1;
56645;202000037128;154 677 122;A01;1;7;0;2;4;23;1;
56646;202000037128;154 677 124;B01;1;7;0;2;1;1;1;
56647;202000037129;154 677 120;A01;1;7;4;0;3;0;0;
56648;202000037130;154 677 119;B01;2;7;0;2;7;1;1;
56649;202000037130;154 677 121;A01;2;33;0;2;8;13;1;
56650;202000037131;154 677 117;A01;1;32;0;2;1;15;1;
56651;202000037131;154 677 118;B01;2;31;0;2;1;1;1;
56652;202000037133;154 677 114;A01;3;7;0;2;5;1;1;
56653;202000037133;154 677 116;B01;3;10;0;2;1;1;1;
56654;202000037134;154 677 109;B01;1;7;0;2;2;19;1;
56655;202000037134;154 677 110;A01;1;7;0;2;1;1;1;
56656;202000037135;154 677 108;B01;2;2;0;2;3;3;1;
56657;202000037135;154 677 111;A01;2;34;0;2;2;8;1;
56658;202000037136;154 677 106;B01;2;7;0;2;5;15;1;
56659;202000037136;154 677 107;A01;2;7;0;2;3;1;1;
56660;202000037137;154 677 104;B01;0;7;0;2;2;2;1;
56661;202000037137;154 677 105;A01;0;7;0;2;1;9;1;
56662;202000037138;154 677 099;A01;1;1;0;2;4;15;5;
56663;202000037138;154 677 100;B01;1;7;0;0;0;0;0;
56664;202000037139;154 677 101;B01;2;7;0;2;3;1;0;
56665;202000037139;154 677 102;A01;1;7;0;2;1;9;0;
56666;202000037139;154 677 103;C01;2;7;0;2;1;1;0;
56667;202000037140;154 677 098;A01;1;10;0;1;2;16;1;
56668;202000037141;154 677 096;B01;1;17;0;2;2;2;1;
56669;202000037141;154 677 097;A01;1;7;3;0;6;20;1;
56670;202000037142;154 677 095;A01;0;30;0;1;1;14;1;
56671;202000037143;154 677 093;A01;2;32;0;2;1;1;1;
56672;202000037143;154 677 094;B01;2;7;0;2;4;15;1;
56673;202000037144;154 677 092;A01;1;7;2;0;3;1;1;
56674;202000037145;154 677 090;B01;2;7;0;2;3;1;1;
56675;202000037145;154 677 091;A01;1;7;0;2;2;15;0;
56676;202000037146;154 677 087;A01;2;33;0;2;1;2;1;
56677;202000037146;154 677 089;B01;2;7;0;0;5;1;1;
56678;202000037147;154 677 086;B01;0;34;0;2;1;17;1;
56679;202000037147;154 677 088;A01;0;13;0;0;3;15;1;
56680;202000037149;154 677 083;A01;0;33;0;2;1;9;0;
56681;202000037149;154 677 084;B01;0;7;0;2;3;9;0;
56682;202000037150;154 677 081;B01;2;2;0;2;1;1;1;
56683;202000037150;154 677 082;A01;2;7;0;2;3;2;1;
56684;202000037151;154 677 079;A01;0;33;13;0;0;1;1;
56685;202000037152;154 677 078;A01;2;7;4;0;1;1;1;
56686;202000037153;154 677 077;A01;1;7;0;2;8;15;1;
56687;202000037153;154 677 080;B01;1;1;0;2;1;1;5;
56688;202000037154;154 677 075;B01;1;7;0;2;1;1;1;
56689;202000037154;154 677 076;A01;2;7;0;2;1;13;1;
56690;202000037155;154 677 074;A01;3;33;0;6;1;1;1;
56691;202000037156;154 677 068;B01;1;31;0;2;7;1;1;
56692;202000037156;154 677 070;A01;2;7;0;2;3;9;1;
56693;202000037157;154 677 069;D01;1;33;0;2;1;1;1;
56694;202000037157;154 677 071;C01;1;7;0;2;1;1;1;
56695;202000037157;154 677 072;B01;1;10;0;2;1;1;1;
56696;202000037157;154 677 073;A01;1;7;0;2;4;23;1;
56697;202000037158;154 677 067;A01;1;14;4;0;8;1;1;
56698;202000037160;154 677 063;B01;3;7;0;2;1;1;1;
56699;202000037160;154 677 064;A01;3;7;0;2;1;1;1;
56700;202000037161;154 677 062;A01;2;7;0;1;2;1;1;
56701;202000037162;154 677 060;B01;0;1;0;2;1;1;5;
56702;202000037162;154 677 061;A01;0;7;0;2;1;15;1;
56703;202000037164;154 677 057;A01;2;7;0;1;1;15;1;
56704;202000037165;154 677 055;A01;1;34;0;0;3;26;1;
56705;202000037166;154 677 054;A01;1;10;0;2;8;15;1;
56706;202000037166;154 677 056;B01;1;7;0;2;1;1;3;
56707;202000037168;154 677 050;C01;2;7;0;2;4;1;1;
56708;202000037168;154 677 051;B01;2;31;0;2;8;3;1;
56709;202000037168;154 677 052;A01;2;31;0;2;1;3;1;
56710;202000037169;154 677 049;A01;1;7;0;1;1;16;1;
56711;202000037170;154 677 048;Z01;3;7;0;1;1;16;0;
56712;202000037171;154 677 046;A01;2;7;0;2;2;12;1;
56713;202000037171;154 677 047;B01;2;32;0;2;3;1;1;
56714;202000037172;154 677 044;A01;2;1;0;2;6;11;5;
56715;202000037172;154 677 045;B01;2;33;0;2;1;1;1;
56716;202000037173;154 677 042;A01;2;50;0;2;7;5;3;
56717;202000037173;154 677 043;B01;2;7;0;2;1;9;1;
56718;202000037174;154 677 041;Z01;2;50;0;1;8;25;3;
56719;202000037176;154 677 037;A01;2;7;8;2;2;2;1;
56720;202000037176;154 677 038;B01;2;7;0;2;6;2;1;
56721;202000037177;154 677 035;B01;2;40;0;2;2;2;3;
56722;202000037177;154 677 036;A01;2;10;0;4;8;13;1;
56723;202000037178;154 677 033;A01;1;15;0;2;1;15;1;
56724;202000037178;154 677 034;B01;1;33;0;2;0;15;1;
56725;202000037179;154 677 032;A01;1;7;0;1;1;1;2;
56726;202000037180;154 677 031;A01;1;50;0;0;3;16;3;
56727;202000037181;154 677 030;Z01;2;2;0;1;1;1;1;
56728;202000037183;154 677 026;B01;1;50;0;2;2;18;3;
56729;202000037183;154 677 027;A01;1;7;0;2;2;15;1;
56730;202000037184;154 677 025;A01;1;7;0;1;1;15;3;
56731;202000037185;154 677 023;A01;1;10;0;2;3;10;1;
56732;202000037185;154 677 024;B01;1;2;0;2;7;1;1;
56733;202000037186;154 677 021;A01;2;33;0;2;8;1;1;
56734;202000037186;154 677 022;B01;2;7;0;2;2;10;1;
56735;202000037187;154 677 020;A01;3;7;1;1;8;1;1;
56736;202000037189;154 677 015;C01;3;7;0;2;4;26;1;
56737;202000037189;154 677 016;B01;3;7;0;2;4;0;2;
56738;202000037189;154 677 017;A01;3;7;0;2;1;9;1;
56739;202000037190;154 677 013;A01;1;7;0;2;1;9;1;
56740;202000037190;154 677 014;B01;1;2;0;2;0;0;1;
56741;202000037191;154 677 011;B01;2;30;9;2;0;17;0;
56742;202000037191;154 677 012;A01;2;7;12;2;0;13;0;
56743;202000037192;154 677 010;A01;3;7;0;1;1;15;1;
56744;202000037194;154 677 006;B01;1;33;0;2;3;18;1;
56745;202000037194;154 677 007;A01;1;7;0;2;2;0;1;
56746;202000037195;154 677 003;A01;1;7;0;1;2;17;0;
56747;202000037197;154 677 000;A01;2;1;0;1;1;1;5;
56748;202000037198;154 676 998;A01;1;30;12;0;2;14;0;
56749;202000037199;154 676 997;B01;1;33;0;2;0;0;1;
56750;202000037199;154 676 999;A01;1;7;0;2;0;0;1;
56751;202000037200;154 676 995;B01;3;7;0;2;3;15;2;
56752;202000037200;154 676 996;A01;1;34;0;2;2;1;1;
56753;202000037201;154 676 993;A01;3;7;0;2;8;15;1;
56754;202000037201;154 676 994;B01;3;32;0;2;1;17;1;
56755;202000037202;154 676 991;B01;1;50;0;2;1;1;3;
56756;202000037202;154 676 992;A01;1;7;0;2;2;16;1;
56757;202000037203;154 676 989;A01;2;7;0;2;5;15;2;
56758;202000037203;154 676 990;B01;1;34;0;2;1;1;1;
56759;202000037204;154 676 987;B01;3;1;0;2;7;5;5;
56760;202000037204;154 676 988;A01;3;99;0;2;4;26;6;
56761;202000037205;154 676 984;A01;1;7;0;2;2;16;1;
56762;202000037205;154 676 986;B01;1;1;0;2;7;19;5;
56763;202000037206;154 676 983;A01;2;30;0;2;8;15;1;
56764;202000037206;154 676 985;B01;1;36;0;2;0;0;1;
56765;202000037207;154 676 982;A01;1;7;0;1;2;1;1;
56766;202000037208;154 676 981;A01;1;7;0;1;1;9;1;
56767;202000037209;154 676 979;B01;2;7;0;2;2;2;1;
56768;202000037209;154 676 980;A01;1;7;0;2;8;15;1;
56769;202000037210;154 676 976;B01;2;7;0;9;4;1;1;
56770;202000037210;154 676 978;A01;2;7;0;2;1;1;1;
56771;202000037211;154 676 975;B01;-1;99;1;0;2;2;1;
56772;202000037211;154 676 977;A01;-1;99;16;0;6;19;1;
56773;202000037212;154 676 973;A01;3;7;0;1;1;26;1;
56774;202000037213;154 676 972;A01;2;7;0;2;3;9;0;
56775;202000037213;154 676 974;B01;1;2;0;2;1;1;0;
56776;202000037214;154 676 968;A01;2;7;0;2;1;13;1;
56777;202000037214;154 676 970;B01;1;15;0;2;3;1;1;
56778;202000037215;154 676 967;B01;1;10;0;2;3;1;1;
56779;202000037215;154 676 969;C01;1;7;0;2;6;2;1;
56780;202000037215;154 676 971;A01;1;7;0;2;1;19;1;
56781;202000037216;154 676 965;B01;2;33;0;9;1;26;1;
56782;202000037216;154 676 966;A01;1;1;0;2;7;15;5;
56783;202000037217;154 676 963;B01;3;34;0;2;2;1;1;
56784;202000037217;154 676 964;A01;3;7;0;2;3;19;1;
56785;202000037218;154 676 961;B01;2;33;7;2;1;17;1;
56786;202000037218;154 676 962;A01;2;7;7;2;3;15;1;
56787;202000037219;154 676 960;A01;0;7;0;1;1;1;1;
56788;202000037220;154 676 958;A01;3;30;0;1;1;1;1;
56789;202000037221;154 676 957;A01;2;7;0;2;3;1;1;
56790;202000037221;154 676 959;B01;1;2;0;2;1;15;1;
56791;202000037222;154 676 955;A01;3;7;1;2;3;14;1;
56792;202000037222;154 676 956;B01;2;30;0;2;1;1;1;
56793;202000037223;154 676 954;A01;1;2;0;1;2;26;1;
56794;202000037224;154 676 951;A01;1;2;0;2;1;19;0;
56795;202000037224;154 676 953;B01;1;7;0;2;8;1;0;
56796;202000037225;154 676 948;B01;2;7;0;2;6;15;1;
56797;202000037225;154 676 949;A01;2;33;0;2;1;17;1;
56798;202000037226;154 676 945;A01;3;7;0;2;3;3;1;
56799;202000037226;154 676 947;B01;3;32;0;2;1;1;1;
56800;202000037227;154 676 946;A01;0;7;0;1;1;1;1;
56801;202000037228;154 676 944;A01;1;7;13;0;9;1;1;
56802;202000037229;154 676 943;A01;1;7;13;0;1;17;0;
56803;202000037230;154 676 937;A01;1;7;13;0;2;1;1;
56804;202000037232;154 676 935;A01;1;7;13;0;1;1;1;
56805;202000037233;154 676 933;A01;1;2;1;2;1;17;1;
56806;202000037233;154 676 934;B01;2;7;0;0;8;15;1;
56807;202000037234;154 676 932;A01;1;7;2;0;3;0;1;
56808;202000037235;154 676 929;B01;2;43;0;2;1;1;0;
56809;202000037235;154 676 931;A01;1;7;0;0;3;9;2;
56810;202000037236;154 676 928;B01;2;7;0;2;3;1;1;
56811;202000037236;154 676 930;A01;1;7;0;2;3;13;1;
56812;202000037237;154 676 927;A01;1;33;6;0;3;16;1;
56813;202000037238;154 676 924;A01;2;2;0;2;8;19;1;
56814;202000037238;154 676 926;B01;1;7;0;2;2;1;1;
56815;202000037240;154 676 921;A01;2;7;13;0;3;1;1;
56816;202000037241;154 676 922;A01;3;7;0;1;3;20;1;
56817;202000037242;154 676 919;B01;2;7;0;2;9;1;1;
56818;202000037242;154 676 920;A01;2;7;0;2;3;19;1;
56819;202000037243;154 676 918;A01;1;10;0;1;3;1;1;
56820;202000037245;154 676 910;A01;1;33;0;2;1;17;1;
56821;202000037245;154 676 912;B01;1;7;0;0;6;23;1;
56822;202000037246;154 676 908;A01;3;33;13;0;3;1;1;
56823;202000037248;154 676 905;A01;3;7;13;2;7;9;1;
56824;202000037248;154 676 907;B01;1;7;12;2;1;1;1;
56825;202000037249;154 676 904;B01;0;1;0;2;8;1;5;
56826;202000037249;154 676 906;A01;0;7;0;2;2;15;1;
56827;202000037250;154 676 902;B01;2;37;0;2;3;1;1;1.0
56828;202000037250;154 676 903;A01;1;7;0;2;7;1;1;
56829;202000037251;154 676 900;A01;3;33;4;0;2;1;1;
56830;202000037252;154 676 901;A01;1;10;0;1;3;16;1;
56831;202000037253;154 676 899;A01;2;7;0;0;0;1;1;
56832;202000037254;154 676 898;A01;2;7;2;0;1;1;1;
56833;202000037255;154 676 897;A01;1;10;2;0;5;1;1;
56834;202000037256;154 676 896;A01;-1;7;8;0;1;13;1;
56835;202000037257;154 676 895;A01;1;34;0;0;0;0;1;
56836;202000037258;154 676 894;A01;2;7;15;0;3;1;1;
56837;202000037259;154 676 893;A01;1;7;0;1;2;1;1;
56838;202000037260;154 676 892;A01;2;7;2;0;1;13;1;
56839;202000037261;154 676 890;B01;2;7;0;2;3;1;0;
56840;202000037261;154 676 891;A01;1;7;0;2;3;1;0;
56841;202000037262;154 676 888;A01;1;7;0;2;3;13;1;
56842;202000037262;154 676 889;B01;1;7;0;2;3;1;1;
56843;202000037263;154 676 887;A01;0;7;3;0;3;0;0;
56844;202000037264;154 676 886;A01;0;7;0;0;0;0;1;
56845;202000037266;154 676 883;A01;3;2;13;0;1;1;1;
56846;202000037267;154 676 881;A01;2;7;0;2;1;0;1;
56847;202000037267;154 676 882;B01;1;10;0;2;1;0;1;
56848;202000037268;154 676 880;A01;2;7;1;0;2;14;1;
56849;202000037269;154 676 878;B01;1;33;0;2;1;1;0;
56850;202000037269;154 676 879;A01;0;7;0;2;5;15;0;
56851;202000037270;154 676 877;A01;2;7;13;0;1;13;1;
56852;202000037271;154 676 876;A01;1;7;3;0;1;1;1;
56853;202000037272;154 676 875;A01;3;2;10;0;1;1;1;
56854;202000037273;154 676 874;A01;2;7;1;1;2;1;1;
56855;202000037274;154 676 872;A01;1;7;0;2;3;10;1;
56856;202000037274;154 676 873;B01;1;33;0;2;1;21;1;
56857;202000037275;154 676 869;C01;2;10;0;2;1;1;1;
56858;202000037275;154 676 870;B01;2;7;0;2;4;1;1;
56859;202000037275;154 676 871;A01;2;10;0;2;4;1;1;
56860;202000037276;154 676 868;A01;2;33;0;6;1;1;1;
56861;202000037277;154 676 865;B01;2;7;0;2;4;2;1;
56862;202000037277;154 676 867;A01;2;7;0;2;1;2;1;
56863;202000037278;154 676 864;A01;2;7;0;2;7;2;1;
56864;202000037278;154 676 866;B01;1;7;0;2;1;2;1;
56865;202000037279;154 676 862;A01;1;7;3;0;1;2;1;
56866;202000037280;154 676 861;A01;2;34;7;0;1;6;1;
56867;202000037281;154 676 860;A01;1;7;3;0;1;2;1;
56868;202000037282;154 676 857;A01;-1;33;0;2;3;1;1;
56869;202000037282;154 676 859;B01;-1;33;0;2;5;9;1;
56870;202000037283;154 676 856;A01;2;10;0;2;6;1;1;
56871;202000037283;154 676 858;B01;2;33;0;2;1;2;1;
56872;202000037284;154 676 854;B01;2;7;0;2;7;2;1;
56873;202000037284;154 676 855;A01;2;1;0;2;3;0;0;
56874;202000037285;154 676 853;A01;2;7;0;0;1;1;1;
56875;202000037286;154 676 850;B01;1;33;0;2;3;1;1;
56876;202000037286;154 676 852;A01;1;7;0;2;5;15;1;
56877;202000037287;154 676 848;B01;1;10;0;2;8;15;1;
56878;202000037287;154 676 849;A01;1;33;0;2;1;17;1;
56879;202000037288;154 676 851;A01;2;33;0;0;0;1;1;
56880;202000037289;154 676 847;A01;1;7;4;0;3;1;1;
56881;202000037290;154 676 845;B01;2;10;0;2;4;2;1;
56882;202000037290;154 676 846;A01;2;15;0;2;1;2;1;
56883;202000037291;154 676 843;B01;2;7;0;2;4;2;1;
56884;202000037291;154 676 844;A01;2;7;0;2;1;2;1;
56885;202000037292;154 676 842;A01;1;7;15;0;8;26;1;
56886;202000037293;154 676 840;A01;1;10;0;2;1;1;1;
56887;202000037293;154 676 841;B01;1;10;0;2;4;2;1;
56888;202000037294;154 676 839;A01;3;2;0;6;1;1;1;
56889;202000037295;154 676 838;A01;2;33;4;0;9;1;1;
56890;202000037296;154 676 837;A01;1;33;12;0;0;1;1;
56891;202000037298;154 676 833;B01;2;7;0;2;3;1;1;
56892;202000037298;154 676 834;A01;1;2;0;2;1;13;1;
56893;202000037299;154 676 829;A01;1;33;0;2;6;1;1;
56894;202000037299;154 676 830;B01;2;10;0;2;6;17;1;
56895;202000037300;154 676 828;A01;2;13;0;0;1;1;0;
56896;202000037301;154 676 831;A01;1;7;0;2;1;2;1;
56897;202000037301;154 676 832;B01;1;7;0;2;4;2;1;
56898;202000037303;154 676 825;B01;1;34;0;2;1;3;1;
56899;202000037303;154 676 826;A01;1;7;0;2;4;11;1;
56900;202000037304;154 676 823;A01;1;7;13;0;1;0;1;
56901;202000037305;154 676 821;A01;2;7;0;1;1;1;1;
56902;202000037306;154 676 818;A01;1;16;13;0;1;14;1;
56903;202000037307;154 676 819;B01;2;7;0;2;6;1;1;
56904;202000037307;154 676 820;A01;1;7;0;2;1;1;1;
56905;202000037308;154 676 815;B01;1;14;3;2;3;21;1;
56906;202000037308;154 676 817;A01;2;7;0;2;1;13;1;
56907;202000037309;154 676 812;A01;2;7;0;2;1;13;1;
56908;202000037309;154 676 814;B01;1;17;0;2;1;1;1;
56909;202000037310;154 676 813;A01;1;2;0;9;8;15;1;
56910;202000037310;154 676 816;B01;1;2;0;9;1;17;1;
56911;202000037311;154 676 811;A01;1;7;4;0;3;21;1;
56912;202000037312;154 676 810;A01;0;7;0;1;1;1;1;
56913;202000037313;154 676 808;A01;2;15;0;2;3;1;1;
56914;202000037313;154 676 809;B01;2;10;0;2;5;15;1;
56915;202000037314;154 676 807;A01;2;7;0;0;9;14;1;
56916;202000037315;154 676 805;A01;2;7;0;9;1;1;1;
56917;202000037316;154 676 804;A01;1;7;0;9;0;1;1;
56918;202000037316;154 676 806;B01;2;1;0;2;0;26;5;
56919;202000037318;154 676 799;B01;2;30;0;2;1;19;1;
56920;202000037318;154 676 801;A01;1;30;0;2;7;19;1;
56921;202000037319;154 676 795;A01;1;7;0;2;1;14;1;
56922;202000037319;154 676 797;B01;1;2;0;2;4;23;1;
56923;202000037320;154 676 796;A01;2;7;0;0;2;17;1;
56924;202000037320;154 676 798;B01;2;7;0;0;3;15;1;
56925;202000037321;154 676 792;A01;2;1;0;2;4;1;5;
56926;202000037321;154 676 794;B01;2;7;0;2;1;1;1;
56927;202000037322;154 676 791;A01;1;50;0;2;1;1;3;