;Num_Acc;id_vehicule;num_veh;senc;catv;obs;obsm;choc;manv;motor;occutc
56928;202000037322;154 676 793;B01;2;7;0;2;2;1;1;
56929;202000037324;154 676 802;A01;0;7;0;2;2;15;1;
56930;202000037324;154 676 803;B01;0;1;0;2;8;1;5;
56931;202000037325;154 676 788;A01;2;7;0;1;1;1;1;
56932;202000037326;154 676 785;A01;2;7;0;1;8;16;1;
56933;202000037327;154 676 782;B01;1;7;0;2;1;2;1;
56934;202000037327;154 676 783;C01;1;7;0;2;1;2;1;
56935;202000037327;154 676 784;A01;1;7;0;2;4;2;1;
56936;202000037328;154 676 780;A01;1;7;0;2;1;5;1;
56937;202000037328;154 676 781;B01;2;7;0;2;1;1;1;
56938;202000037329;154 676 778;B01;2;7;0;2;7;20;1;
56939;202000037329;154 676 787;A01;2;7;0;2;1;1;1;
56940;202000037330;154 676 777;A01;1;7;0;2;1;5;1;
56941;202000037330;154 676 786;B01;2;7;0;2;3;1;1;
56942;202000037331;154 676 776;A01;3;2;0;0;0;1;1;
56943;202000037332;154 676 779;A01;3;7;0;1;0;1;1;
56944;202000037333;154 676 772;B01;1;7;0;2;1;5;1;
56945;202000037333;154 676 774;A01;2;7;0;2;1;1;1;
56946;202000037334;154 676 771;A01;1;7;0;1;2;25;1;
56947;202000037335;154 676 769;B01;2;7;0;2;1;1;1;
56948;202000037335;154 676 770;A01;1;10;0;2;1;13;1;
56949;202000037336;154 676 768;A01;3;37;0;1;2;16;1;1.0
56950;202000037337;154 676 765;A01;0;7;0;2;1;19;1;
56951;202000037337;154 676 767;B01;0;7;0;0;3;1;1;
56952;202000037338;154 676 766;A01;2;7;13;0;1;1;1;
56953;202000037339;154 676 761;A01;0;7;0;2;1;1;2;
56954;202000037339;154 676 762;B01;0;14;0;2;1;1;1;
56955;202000037341;154 676 758;A01;1;2;0;1;1;17;1;
56956;202000037342;154 676 756;A01;2;7;0;1;2;1;1;
56957;202000037343;154 676 757;A01;1;33;0;0;7;1;1;
56958;202000037344;154 676 755;A01;3;7;0;1;2;26;0;
56959;202000037345;154 676 754;A01;2;31;11;0;1;6;1;
56960;202000037346;154 676 763;B01;1;7;0;2;3;19;1;
56961;202000037346;154 676 764;A01;2;30;0;2;1;1;1;
56962;202000037347;154 676 751;A01;1;7;13;0;2;1;1;
56963;202000037348;154 676 752;A01;2;7;0;1;2;13;1;
56964;202000037349;154 676 749;A01;2;7;9;0;2;14;1;
56965;202000037351;154 676 747;A01;0;7;0;1;1;1;1;
56966;202000037352;154 676 743;A01;1;7;0;2;3;13;0;
56967;202000037352;154 676 745;B01;2;7;0;2;3;1;0;
56968;202000037353;154 676 746;B01;1;7;0;2;3;1;1;
56969;202000037353;154 676 750;A01;2;21;0;2;3;15;1;
56970;202000037354;154 676 741;A01;1;7;0;1;1;1;1;
56971;202000037355;154 676 739;A01;0;30;0;2;1;19;1;
56972;202000037355;154 676 740;B01;0;7;0;2;2;1;1;
56973;202000037356;154 676 738;A01;1;7;3;0;3;1;1;
56974;202000037357;154 676 737;A01;0;7;0;1;3;1;1;
56975;202000037358;154 676 735;B01;2;7;0;2;3;1;1;
56976;202000037358;154 676 736;A01;1;7;0;2;3;1;1;
56977;202000037359;154 676 733;B01;0;31;0;2;7;1;1;
56978;202000037359;154 676 734;A01;0;7;0;2;8;9;1;
56979;202000037360;154 676 732;A01;0;7;13;0;3;1;1;
56980;202000037361;154 676 726;C01;2;7;0;2;3;1;0;
56981;202000037361;154 676 727;B01;2;7;0;2;3;1;0;
56982;202000037361;154 676 728;A01;1;7;0;2;1;11;0;
56983;202000037362;154 676 730;A01;0;33;0;0;1;1;1;
56984;202000037363;154 676 724;A01;2;7;0;2;1;13;1;
56985;202000037363;154 676 725;B01;1;7;0;2;1;1;1;
56986;202000037364;154 676 721;A01;0;7;10;0;3;1;1;
56987;202000037365;154 676 722;A01;1;10;8;2;3;1;1;
56988;202000037365;154 676 723;B01;1;7;0;2;2;9;1;
56989;202000037367;154 676 716;A01;2;7;0;2;3;1;1;
56990;202000037367;154 676 718;B01;2;1;0;2;5;0;5;
56991;202000037368;154 676 713;B01;3;1;0;2;7;6;5;
56992;202000037368;154 676 714;A01;1;7;0;2;3;1;1;
56993;202000037369;154 676 712;A01;1;7;4;0;1;14;1;
56994;202000037370;154 676 731;A01;0;7;0;0;9;1;2;
56995;202000037371;154 676 711;A01;2;7;0;1;8;1;0;
56996;202000037372;154 676 707;A01;1;7;0;2;4;2;1;
56997;202000037372;154 676 709;B01;1;7;0;2;4;2;1;
56998;202000037372;154 676 710;C01;1;7;0;2;1;2;1;
56999;202000037373;154 676 705;A01;2;7;0;2;2;1;1;
57000;202000037373;154 676 706;B01;1;1;0;2;1;1;5;
57001;202000037375;154 676 700;A01;3;31;0;0;7;1;1;
57002;202000037376;154 676 696;B01;2;7;0;2;3;1;1;
57003;202000037376;154 676 698;A01;1;7;0;2;3;13;1;
57004;202000037377;154 676 694;A01;1;7;0;2;2;2;1;
57005;202000037377;154 676 695;B01;1;1;0;2;4;16;5;
57006;202000037378;154 676 697;B01;2;33;0;0;6;1;1;
57007;202000037378;154 676 699;A01;3;10;0;2;3;1;1;
57008;202000037379;154 676 692;A01;2;7;0;1;0;1;1;
57009;202000037380;154 676 702;C01;1;7;0;2;4;9;1;
57010;202000037380;154 676 703;B01;1;7;0;2;6;2;1;
57011;202000037380;154 676 704;A01;1;7;0;2;2;21;1;
57012;202000037381;154 676 693;A01;0;34;0;0;0;1;6;
57013;202000037382;154 676 688;A01;1;7;0;2;1;2;1;
57014;202000037382;154 676 689;B01;1;7;0;2;4;2;1;
57015;202000037382;154 676 690;C01;1;7;0;2;4;2;1;
57016;202000037382;154 676 691;D01;1;7;0;2;4;2;1;
57017;202000037383;154 676 687;A01;3;10;0;1;3;1;1;
57018;202000037384;154 676 683;A01;3;7;0;0;1;1;1;
57019;202000037385;154 676 681;B01;1;7;0;2;8;1;1;
57020;202000037385;154 676 682;A01;1;33;0;2;2;16;1;
57021;202000037386;154 676 686;A01;1;7;0;1;1;1;1;
57022;202000037387;154 676 676;A01;0;31;0;0;2;1;1;
57023;202000037388;154 676 675;A01;0;7;0;1;3;1;1;
57024;202000037389;154 676 671;A01;0;7;0;1;2;17;1;
57025;202000037390;154 676 669;A01;1;7;6;0;1;1;1;
57026;202000037391;154 676 672;A01;3;7;0;1;2;21;1;
57027;202000037392;154 676 673;D01;2;7;0;2;4;1;1;
57028;202000037392;154 676 678;C01;2;7;0;2;1;1;1;
57029;202000037392;154 676 679;B01;2;14;0;2;4;1;1;
57030;202000037392;154 676 680;A01;2;7;0;2;1;9;1;
57031;202000037393;154 676 674;B01;2;7;0;2;3;1;1;
57032;202000037393;154 676 677;A01;1;33;0;2;3;13;1;
57033;202000037394;154 676 670;A01;1;7;0;1;1;1;1;
57034;202000037395;154 676 667;B01;2;33;0;2;1;1;1;
57035;202000037395;154 676 668;A01;1;7;0;2;2;19;1;
57036;202000037396;154 676 662;B01;3;99;0;2;2;1;3;
57037;202000037396;154 676 663;A01;1;7;0;9;1;1;0;
57038;202000037397;154 676 660;Z01;1;7;0;2;0;13;0;
57039;202000037397;154 676 661;A01;1;7;0;2;4;1;0;
57040;202000037398;154 676 659;A01;1;7;0;1;2;1;0;
57041;202000037399;154 676 658;A01;1;7;7;0;8;1;0;
57042;202000037400;154 676 656;B01;1;2;0;2;8;2;1;
57043;202000037400;154 676 657;A01;1;2;0;2;7;17;1;
57044;202000037402;154 676 653;A01;1;7;0;2;1;1;1;
57045;202000037402;154 676 665;B01;1;7;0;2;4;1;1;
57046;202000037402;154 676 666;C01;2;16;0;2;1;1;1;
57047;202000037403;154 676 651;A01;1;33;0;0;7;16;1;
57048;202000037405;154 676 649;B01;1;7;0;2;1;1;1;
57049;202000037405;154 676 650;A01;2;7;0;2;4;1;1;
57050;202000037406;154 676 645;A01;2;10;0;2;1;2;1;
57051;202000037406;154 676 648;B01;2;7;0;2;4;2;1;
57052;202000037407;154 676 642;A01;2;20;0;2;5;1;1;
57053;202000037407;154 676 643;B01;2;33;0;2;1;1;1;
57054;202000037408;154 676 644;C01;1;7;0;9;1;2;1;
57055;202000037408;154 676 646;B01;1;15;3;0;8;2;1;
57056;202000037408;154 676 647;A01;1;7;4;2;8;2;1;
57057;202000037409;154 676 640;A01;2;17;0;2;2;12;1;
57058;202000037409;154 676 641;B01;2;7;0;2;1;1;1;
57059;202000037410;154 676 634;A01;2;17;0;2;6;13;1;
57060;202000037410;154 676 639;B01;2;7;4;2;2;17;1;
57061;202000037411;154 676 635;B01;0;1;0;2;7;19;5;
57062;202000037411;154 676 654;A01;0;7;0;2;1;1;1;
57063;202000037413;154 676 637;B01;0;50;0;2;1;1;3;
57064;202000037413;154 676 638;A01;0;37;0;2;2;16;1;1.0
57065;202000037414;154 676 632;B01;1;32;0;2;8;3;1;
57066;202000037414;154 676 633;A01;1;7;0;2;2;12;1;
57067;202000037415;154 676 628;B01;0;7;0;2;1;1;1;
57068;202000037415;154 676 630;A01;0;7;0;2;1;14;1;
57069;202000037416;154 676 627;A01;0;7;0;1;7;1;1;
57070;202000037417;154 676 622;A01;0;7;0;2;8;9;1;
57071;202000037417;154 676 624;B01;0;7;0;2;9;1;1;
57072;202000037418;154 676 621;B01;1;7;0;2;1;1;1;
57073;202000037418;154 676 623;A01;2;7;0;2;1;1;1;
57074;202000037419;154 676 625;B01;1;7;0;2;5;0;1;
57075;202000037419;154 676 626;A01;2;7;0;2;1;21;1;
57076;202000037420;154 676 620;A01;3;1;0;0;9;1;5;
57077;202000037421;154 676 618;B01;1;7;0;2;4;23;1;
57078;202000037421;154 676 619;A01;1;7;0;2;4;2;1;
57079;202000037422;154 676 631;A01;1;33;0;2;2;2;1;
57080;202000037423;154 676 615;B01;3;7;0;2;3;1;1;
57081;202000037423;154 676 617;A01;3;3;0;2;3;13;1;
57082;202000037424;154 676 609;A01;1;33;0;0;1;1;1;
57083;202000037425;154 676 613;C01;1;10;0;2;2;1;1;
57084;202000037425;154 676 614;B01;1;7;0;2;2;1;1;
57085;202000037425;154 676 616;A01;1;10;14;2;7;9;1;
57086;202000037426;154 676 607;A01;2;7;4;0;1;1;1;
57087;202000037427;154 676 610;A01;1;7;0;2;2;2;1;
57088;202000037427;154 676 612;B01;1;7;0;2;6;16;1;
57089;202000037428;154 676 606;A01;1;7;0;0;3;15;1;
57090;202000037428;154 676 608;B01;2;7;8;2;1;1;1;
57091;202000037430;154 676 593;A01;2;7;0;2;7;19;1;
57092;202000037430;154 676 594;B01;1;33;0;2;1;1;1;
57093;202000037431;154 676 591;A01;1;7;0;2;3;1;6;
57094;202000037431;154 676 592;B01;2;7;0;2;3;1;6;
57095;202000037432;154 676 590;A01;2;7;4;0;1;1;1;
57096;202000037433;154 676 588;A01;1;10;0;2;4;2;1;
57097;202000037433;154 676 589;B01;1;10;0;2;1;2;1;
57098;202000037434;154 676 586;Z01;2;15;3;2;7;2;1;
57099;202000037434;154 676 587;A01;2;15;3;2;8;2;1;
57100;202000037435;154 676 584;B01;1;7;0;2;6;1;1;
57101;202000037435;154 676 585;A01;1;33;0;2;1;2;1;
57102;202000037436;154 676 583;A01;3;7;4;2;2;1;1;
57103;202000037437;154 676 582;A01;3;7;4;0;8;1;1;
57104;202000037438;154 676 581;A01;2;7;4;0;1;1;1;
57105;202000037439;154 676 579;A01;1;10;2;0;0;1;1;
57106;202000037440;154 676 577;A01;2;7;0;2;4;26;1;
57107;202000037440;154 676 578;B01;2;7;0;2;1;2;1;
57108;202000037441;154 676 575;B01;1;7;0;2;4;9;1;
57109;202000037441;154 676 576;A01;1;7;0;2;1;9;1;
57110;202000037442;154 676 573;B01;1;10;0;2;4;1;1;
57111;202000037442;154 676 574;A01;1;7;0;2;1;14;1;
57112;202000037443;154 676 567;F01;1;7;0;2;4;1;1;
57113;202000037443;154 676 568;E01;1;7;0;2;4;1;1;
57114;202000037443;154 676 569;D01;1;7;0;2;4;1;1;
57115;202000037443;154 676 570;C01;1;7;0;2;4;1;1;
57116;202000037443;154 676 571;B01;1;7;0;2;4;1;1;
57117;202000037443;154 676 572;A01;1;7;0;2;1;2;1;
57118;202000037444;154 676 566;A01;1;7;3;0;1;13;1;
57119;202000037446;154 676 564;A01;2;7;3;0;2;14;1;
57120;202000037447;154 676 563;A01;1;7;0;0;1;1;1;
57121;202000037448;154 676 562;A01;2;7;0;0;1;1;0;
57122;202000037449;154 676 595;B01;2;42;0;2;7;2;1;
57123;202000037449;154 676 598;A01;2;33;0;2;3;18;1;
57124;202000037450;154 676 600;B01;2;1;0;2;1;1;5;
57125;202000037450;154 676 603;A01;2;7;0;2;1;15;1;
57126;202000037451;154 676 601;C01;2;7;0;2;4;1;1;
57127;202000037451;154 676 602;B01;2;7;0;2;4;1;1;
57128;202000037451;154 676 605;A01;2;7;0;2;1;1;1;
57129;202000037452;154 676 561;A01;2;7;4;0;1;0;1;
57130;202000037453;154 676 557;A01;1;7;4;0;2;9;1;
57131;202000037454;154 676 556;A01;1;7;0;2;5;12;1;
57132;202000037454;154 676 558;B01;1;33;0;2;1;3;1;
57133;202000037455;154 676 555;A01;1;7;4;0;1;1;1;
57134;202000037456;154 676 551;B01;1;10;0;2;4;1;1;
57135;202000037456;154 676 559;A01;1;33;0;2;1;3;1;
57136;202000037457;154 676 549;B01;2;50;0;2;8;19;3;
57137;202000037457;154 676 552;A01;1;7;0;2;2;16;1;
57138;202000037458;154 676 548;A01;1;7;3;0;8;1;1;
57139;202000037459;154 676 553;B01;3;1;0;2;1;19;0;
57140;202000037459;154 676 560;A01;1;16;0;2;2;2;1;
57141;202000037460;154 676 539;A01;0;7;0;2;1;2;1;
57142;202000037460;154 676 540;B01;0;2;0;2;4;15;1;
57143;202000037461;154 676 537;A01;1;7;0;1;1;1;1;
57144;202000037462;154 676 535;B01;2;7;0;2;1;2;1;
57145;202000037462;154 676 536;A01;1;7;0;2;2;15;1;
57146;202000037463;154 676 538;A01;2;7;0;2;1;2;1;
57147;202000037463;154 676 541;C01;2;10;0;2;4;2;1;
57148;202000037463;154 676 542;B01;2;10;0;2;4;2;1;
57149;202000037464;154 676 547;B01;1;33;0;2;1;3;1;
57150;202000037464;154 676 550;A01;1;33;0;2;1;5;1;
57151;202000037466;154 676 528;Z01;1;7;0;2;0;1;1;
57152;202000037466;154 676 530;B01;1;32;0;2;0;1;1;
57153;202000037466;154 676 531;A01;1;7;0;2;1;1;1;
57154;202000037467;154 676 525;A01;1;10;0;2;1;2;1;
57155;202000037467;154 676 526;B01;1;10;0;2;1;2;1;
57156;202000037467;154 676 527;C01;1;7;0;2;4;2;1;
57157;202000037468;154 676 522;A01;1;7;0;0;1;14;1;
57158;202000037469;154 676 523;B01;1;7;0;2;3;1;1;
57159;202000037469;154 676 524;A01;1;7;0;2;2;14;1;
57160;202000037470;154 676 519;B01;1;7;0;2;1;2;1;
57161;202000037470;154 676 521;A01;1;7;0;2;4;2;1;
57162;202000037471;154 676 516;B01;3;7;0;2;3;1;1;
57163;202000037471;154 676 517;A01;3;2;0;2;3;5;1;
57164;202000037473;154 676 544;C01;2;7;0;2;4;2;1;
57165;202000037473;154 676 545;D01;2;7;0;2;4;2;1;
57166;202000037473;154 676 546;B01;2;7;0;2;4;2;1;
57167;202000037473;154 676 554;A01;2;7;0;2;1;2;1;
57168;202000037474;154 676 533;B01;1;50;0;2;7;1;3;
57169;202000037474;154 676 534;A01;1;7;0;2;1;9;1;
57170;202000037475;154 676 518;A01;1;7;0;2;1;1;1;
57171;202000037475;154 676 520;B01;1;7;0;2;4;2;1;
57172;202000037476;154 676 514;A01;2;7;0;2;3;17;1;
57173;202000037476;154 676 515;B01;1;33;0;2;1;17;1;
57174;202000037477;154 676 506;D01;1;7;0;2;4;1;1;
57175;202000037477;154 676 507;C01;1;7;0;2;3;1;1;
57176;202000037477;154 676 509;B01;1;7;0;2;5;1;1;
57177;202000037477;154 676 510;A01;1;33;0;2;8;3;1;
57178;202000037478;154 676 499;A01;1;31;0;2;0;1;1;
57179;202000037478;154 676 500;Z01;1;7;0;2;0;0;1;
57180;202000037479;154 676 496;A01;2;7;0;2;1;2;1;
57181;202000037479;154 676 497;C01;2;7;0;2;1;2;1;
57182;202000037479;154 676 498;B01;2;7;0;2;4;2;1;
57183;202000037480;154 676 494;B01;2;31;0;2;7;3;1;
57184;202000037480;154 676 495;A01;2;7;0;2;3;11;1;
57185;202000037481;154 676 492;B01;2;10;0;2;5;0;1;
57186;202000037481;154 676 493;A01;2;33;0;2;8;0;1;
57187;202000037482;154 676 490;B01;1;7;0;2;4;1;1;
57188;202000037482;154 676 491;A01;1;33;0;2;1;12;1;
57189;202000037483;154 676 489;A01;2;7;3;0;1;0;1;
57190;202000037484;154 676 501;A01;1;3;6;0;1;14;1;
57191;202000037485;154 676 504;B01;1;1;0;2;8;15;5;
57192;202000037485;154 676 508;A01;1;10;0;2;2;1;1;
57193;202000037486;154 676 486;C01;2;7;0;2;4;2;1;
57194;202000037486;154 676 487;B01;2;10;0;2;4;2;1;
57195;202000037486;154 676 488;A01;2;7;0;2;1;2;1;
57196;202000037487;154 676 483;B01;1;1;0;2;1;19;5;
57197;202000037487;154 676 484;A01;1;7;0;9;0;0;1;
57198;202000037488;154 676 481;B01;2;7;0;2;4;2;1;
57199;202000037488;154 676 482;A01;2;10;0;2;1;2;1;
57200;202000037489;154 676 478;A01;1;1;0;2;0;26;5;
57201;202000037489;154 676 479;B01;1;7;0;0;3;1;1;
57202;202000037490;154 676 476;B01;2;17;0;2;4;1;1;
57203;202000037490;154 676 477;A01;2;10;0;2;1;2;1;
57204;202000037491;154 676 473;A01;1;7;0;9;0;16;1;
57205;202000037491;154 676 475;B01;1;80;0;0;0;26;3;
57206;202000037492;154 676 503;B01;1;10;0;2;3;2;1;
57207;202000037492;154 676 511;C01;1;7;0;2;4;2;1;
57208;202000037492;154 676 512;D01;1;7;0;2;6;2;1;
57209;202000037492;154 676 513;A01;1;7;0;2;2;2;1;
57210;202000037493;154 676 502;A01;2;13;1;0;3;26;0;
57211;202000037493;154 676 505;B01;1;50;0;2;3;26;3;
57212;202000037494;154 676 480;A01;1;7;0;1;3;19;1;
57213;202000037495;154 676 472;A01;2;13;0;2;2;1;1;
57214;202000037495;154 676 474;B01;2;33;0;2;3;11;1;
57215;202000037498;154 676 463;B01;3;37;0;2;1;1;1;1.0
57216;202000037498;154 676 467;A01;1;7;0;2;8;1;1;
57217;202000037499;154 676 464;A01;2;31;0;2;2;3;1;
57218;202000037499;154 676 466;B01;2;7;0;2;3;11;1;
57219;202000037500;154 676 459;B01;2;10;0;2;1;1;0;
57220;202000037500;154 676 468;A01;1;10;0;2;6;1;0;
57221;202000037501;154 676 457;A01;3;1;0;2;1;9;6;
57222;202000037501;154 676 458;B01;3;7;0;2;3;9;1;
57223;202000037502;154 676 453;A01;1;7;4;0;1;17;1;
57224;202000037503;154 676 451;C01;1;7;0;2;3;1;1;
57225;202000037503;154 676 455;B01;1;7;0;2;1;1;1;
57226;202000037503;154 676 456;A01;1;7;0;2;7;1;1;
57227;202000037504;154 676 452;C01;0;7;0;2;8;1;1;
57228;202000037504;154 676 460;B01;0;7;0;2;8;1;1;
57229;202000037504;154 676 461;A01;0;7;0;2;7;13;1;
57230;202000037505;154 676 454;A01;3;10;0;1;2;1;1;
57231;202000037506;154 676 448;A01;2;33;13;0;0;17;1;
57232;202000037507;154 676 447;A01;3;7;0;1;2;1;1;
57233;202000037508;154 676 445;B01;3;7;0;2;1;1;1;
57234;202000037508;154 676 446;A01;3;2;0;2;1;13;1;
57235;202000037509;154 676 443;A01;3;30;0;2;0;0;1;
57236;202000037509;154 676 444;B01;3;7;0;2;0;0;1;
57237;202000037510;154 676 440;A01;3;2;0;2;0;0;1;
57238;202000037511;154 676 441;A01;2;1;0;2;2;1;5;
57239;202000037511;154 676 442;B01;1;1;0;2;1;1;5;
57240;202000037512;154 676 438;A01;3;7;0;2;2;1;1;
57241;202000037512;154 676 439;B01;3;7;0;2;6;23;1;
57242;202000037513;154 676 449;A01;1;32;0;2;2;3;1;
57243;202000037513;154 676 450;B01;2;7;0;2;6;11;1;
57244;202000037514;154 676 437;A01;2;7;0;1;1;15;2;
57245;202000037515;154 676 434;A01;2;7;0;2;2;2;1;
57246;202000037515;154 676 436;B01;2;2;0;2;6;1;1;
57247;202000037516;154 676 433;A01;3;7;0;2;8;13;1;
57248;202000037516;154 676 435;B01;3;30;0;2;8;0;1;
57249;202000037517;154 676 427;B01;3;32;0;2;0;1;0;
57250;202000037517;154 676 432;A01;2;7;0;2;0;26;0;
57251;202000037518;154 676 425;A01;3;30;0;2;1;2;1;
57252;202000037518;154 676 430;B01;3;7;0;2;4;1;1;
57253;202000037519;154 676 423;A01;3;7;0;2;5;12;0;
57254;202000037519;154 676 424;B01;3;33;0;2;1;1;0;
57255;202000037520;154 676 426;A01;1;7;13;0;1;14;1;
57256;202000037521;154 676 428;A01;0;7;8;0;1;0;1;
57257;202000037522;154 676 429;B01;1;50;0;2;7;19;3;
57258;202000037522;154 676 431;A01;1;7;0;9;1;26;1;
57259;202000037523;154 676 420;B01;2;33;0;2;1;1;0;
57260;202000037523;154 676 421;A01;2;7;0;2;3;13;0;
57261;202000037524;154 676 419;A01;3;7;0;2;3;9;1;
57262;202000037524;154 676 422;B01;3;30;0;2;3;26;1;
57263;202000037525;154 676 410;B01;3;7;0;2;8;0;1;
57264;202000037525;154 676 411;A01;0;2;0;2;1;0;1;
57265;202000037526;154 676 408;A01;1;10;0;2;6;10;1;
57266;202000037526;154 676 409;B01;1;32;4;2;1;3;1;
57267;202000037527;154 676 413;B01;2;1;0;2;1;5;5;
57268;202000037527;154 676 415;A01;1;7;0;2;2;19;1;
57269;202000037528;154 676 416;A01;1;32;0;2;1;19;1;
57270;202000037528;154 676 418;B01;1;10;0;2;7;1;1;
57271;202000037529;154 676 402;A01;1;7;0;1;0;1;1;
57272;202000037530;154 676 404;A01;2;1;1;0;1;1;5;
57273;202000037530;154 676 406;B01;2;7;0;2;4;23;1;
57274;202000037531;154 676 400;B01;0;1;0;2;9;1;5;
57275;202000037531;154 676 405;A01;0;7;0;2;1;1;1;
57276;202000037532;154 676 396;A01;1;7;4;0;1;1;1;
57277;202000037533;154 676 397;A01;3;1;0;2;8;19;5;
57278;202000037533;154 676 399;B01;3;33;0;2;1;1;1;
57279;202000037534;154 676 403;B01;3;7;0;2;2;1;0;
57280;202000037534;154 676 412;A01;3;1;0;2;1;1;6;
57281;202000037535;154 676 401;B01;1;7;0;2;1;26;1;
57282;202000037535;154 676 407;A01;1;7;0;2;1;26;1;
57283;202000037536;154 676 395;A01;1;7;0;2;4;9;1;
57284;202000037536;154 676 398;B01;1;33;0;2;1;26;1;
57285;202000037537;154 676 390;C01;1;7;0;2;3;1;1;
57286;202000037537;154 676 392;A01;1;10;0;2;5;11;1;
57287;202000037537;154 676 393;B01;1;33;0;2;3;21;1;
57288;202000037538;154 676 389;A01;1;10;0;2;8;11;1;
57289;202000037538;154 676 391;B01;1;33;0;2;7;1;1;
57290;202000037539;154 676 387;A01;2;7;0;2;6;19;1;
57291;202000037539;154 676 388;B01;1;2;0;2;1;1;1;
57292;202000037540;154 676 385;A01;3;34;1;2;1;2;1;
57293;202000037540;154 676 394;B01;0;7;0;0;2;0;1;
57294;202000037541;154 676 384;A01;1;7;0;1;1;1;1;
57295;202000037542;154 676 378;A01;0;1;12;0;0;1;5;
57296;202000037543;154 676 377;A01;1;7;0;1;3;1;1;
57297;202000037545;154 676 375;A01;1;7;5;0;1;1;1;
57298;202000037546;154 676 374;A01;1;7;0;1;1;1;1;
57299;202000037547;154 676 372;A01;0;7;0;2;7;17;1;
57300;202000037547;154 676 373;B01;0;7;0;2;8;1;1;
57301;202000037548;154 676 382;Z01;1;30;0;1;1;1;0;
57302;202000037549;154 676 383;A01;3;7;0;9;2;14;6;
57303;202000037550;154 676 370;A01;1;2;0;1;1;1;1;
57304;202000037552;154 676 367;B01;2;37;0;2;3;1;1;3.0
57305;202000037552;154 676 368;A01;3;7;0;2;2;1;1;
57306;202000037553;154 676 366;A01;3;7;0;1;2;1;1;
57307;202000037554;154 676 364;A01;0;7;0;1;1;15;1;
57308;202000037555;154 676 365;A01;1;7;9;1;1;16;0;
57309;202000037556;154 676 379;A01;1;7;0;2;3;15;1;
57310;202000037556;154 676 386;B01;1;33;2;2;2;17;1;
57311;202000037557;154 676 380;A01;1;7;0;2;3;15;1;
57312;202000037557;154 676 381;B01;1;34;0;2;1;2;1;
57313;202000037560;154 676 356;C01;2;7;0;2;4;2;1;
57314;202000037560;154 676 357;B01;2;7;0;2;4;2;1;
57315;202000037560;154 676 358;A01;2;7;0;2;1;2;1;
57316;202000037561;154 676 351;A01;3;99;0;0;0;26;5;
57317;202000037562;154 676 349;A01;0;7;0;0;0;0;1;
57318;202000037562;154 676 352;B01;3;7;0;1;1;2;1;
57319;202000037563;154 676 348;B01;3;50;0;2;1;1;3;
57320;202000037563;154 676 353;A01;3;7;0;2;3;25;1;
57321;202000037564;154 676 347;A01;1;10;0;1;1;26;0;
57322;202000037565;154 676 346;A01;3;7;0;1;7;17;1;
57323;202000037566;154 676 344;B01;2;2;0;2;1;1;1;
57324;202000037566;154 676 345;A01;1;7;0;2;2;26;1;
57325;202000037567;154 676 339;B01;1;7;0;2;3;0;1;
57326;202000037567;154 676 340;A01;1;7;0;2;3;15;1;
57327;202000037568;154 676 338;A01;2;7;0;2;4;4;1;
57328;202000037568;154 676 341;B01;1;7;0;2;1;1;1;
57329;202000037569;154 676 342;B01;1;31;0;2;3;1;1;
57330;202000037569;154 676 343;A01;3;7;0;2;1;15;1;
57331;202000037570;154 676 350;A01;3;7;0;2;1;15;1;
57332;202000037570;154 676 355;B01;3;2;0;2;2;17;1;
57333;202000037571;154 676 354;A01;2;7;0;2;8;11;1;
57334;202000037571;154 676 362;B01;2;33;0;2;2;2;1;
57335;202000037572;154 676 335;B01;1;10;1;0;6;24;1;
57336;202000037572;154 676 337;A01;1;32;0;2;1;2;1;
57337;202000037573;154 676 336;A01;0;7;0;1;3;1;1;
57338;202000037574;154 676 326;B01;1;7;0;2;4;2;1;
57339;202000037574;154 676 328;A01;1;33;0;2;1;2;1;
57340;202000037575;154 676 325;B01;3;2;0;2;0;0;1;
57341;202000037575;154 676 327;A01;3;7;0;2;1;1;1;
57342;202000037576;154 676 329;B01;1;7;0;2;4;2;1;
57343;202000037576;154 676 330;A01;1;7;0;2;3;2;1;
57344;202000037577;154 676 331;A01;3;7;0;2;6;15;1;
57345;202000037577;154 676 332;B01;3;33;0;2;7;1;1;
57346;202000037578;154 676 323;A01;1;31;0;2;1;1;1;
57347;202000037578;154 676 324;B01;1;10;0;2;3;1;1;
57348;202000037579;154 676 322;A01;2;7;0;1;3;1;1;
57349;202000037582;154 676 319;A01;3;7;0;1;1;1;1;
57350;202000037583;154 676 317;A01;3;32;0;2;1;11;1;
57351;202000037583;154 676 318;B01;3;7;0;2;3;1;1;
57352;202000037584;154 676 313;A01;1;7;0;1;1;15;1;
57353;202000037586;154 676 310;B01;0;1;0;2;1;1;5;
57354;202000037586;154 676 311;A01;0;1;0;2;1;1;5;
57355;202000037587;154 676 308;A01;2;32;0;2;1;15;1;
57356;202000037587;154 676 309;B01;2;33;0;2;4;2;1;
57357;202000037588;154 676 306;B01;2;32;0;2;7;17;1;
57358;202000037588;154 676 307;A01;2;7;0;2;3;17;1;
57359;202000037589;154 676 303;A01;1;1;0;0;0;0;5;
57360;202000037590;154 676 301;A01;1;34;0;0;7;26;1;
57361;202000037591;154 676 302;B01;3;7;0;9;2;1;1;