;Num_Acc;id_vehicule;num_veh;senc;catv;obs;obsm;choc;manv;motor;occutc
57362;202000037591;154 676 320;A01;3;3;0;2;1;19;0;
57363;202000037592;154 676 299;B01;2;14;0;2;1;1;1;
57364;202000037592;154 676 300;A01;1;15;0;2;2;15;1;
57365;202000037593;154 676 296;B01;1;7;0;2;1;1;1;
57366;202000037593;154 676 298;A01;1;7;0;2;1;13;1;
57367;202000037594;154 676 293;A01;1;7;0;1;3;15;1;
57368;202000037595;154 676 291;B01;1;43;0;2;4;1;1;
57369;202000037595;154 676 292;A01;2;7;0;2;6;2;1;
57370;202000037596;154 676 288;A01;2;7;3;2;1;17;1;
57371;202000037596;154 676 289;B01;1;7;3;2;1;0;1;
57372;202000037596;154 676 290;C01;1;7;0;0;0;0;1;
57373;202000037597;154 676 286;A01;3;7;0;2;2;0;1;
57374;202000037597;154 676 287;B01;3;7;0;2;8;0;1;
57375;202000037598;154 676 285;A01;1;30;0;0;0;23;1;
57376;202000037599;154 676 283;B01;3;31;0;2;0;1;3;
57377;202000037599;154 676 284;A01;3;7;0;0;0;11;1;
57378;202000037600;154 676 281;A01;3;7;0;2;2;2;1;
57379;202000037600;154 676 282;B01;2;33;0;2;1;1;1;
57380;202000037602;154 676 278;B01;1;33;0;2;1;3;1;
57381;202000037602;154 676 279;A01;2;10;0;2;8;9;1;
57382;202000037603;154 676 276;B01;1;7;0;2;2;1;1;
57383;202000037603;154 676 277;A01;2;7;3;2;3;1;1;
57384;202000037604;154 676 295;B01;2;7;0;0;0;23;1;
57385;202000037604;154 676 297;A01;2;7;14;0;4;2;1;
57386;202000037605;154 676 304;B01;3;2;8;0;0;0;0;
57387;202000037605;154 676 305;A01;1;7;8;0;6;26;1;
57388;202000037606;154 676 273;A01;3;7;0;2;1;1;1;
57389;202000037606;154 676 275;B01;3;80;0;2;1;1;3;
57390;202000037607;154 676 271;A01;1;32;0;0;0;21;1;
57391;202000037609;154 676 269;B01;2;50;0;2;1;1;3;
57392;202000037609;154 676 274;A01;2;7;0;2;2;16;1;
57393;202000037610;154 676 266;B01;2;7;0;2;4;23;1;
57394;202000037610;154 676 267;A01;2;7;0;2;1;2;1;
57395;202000037611;154 676 268;A01;1;10;0;2;1;1;1;
57396;202000037611;154 676 272;B01;1;7;0;2;4;1;1;
57397;202000037612;154 676 260;B01;2;7;0;0;3;23;1;
57398;202000037612;154 676 261;A01;2;7;2;2;9;17;1;
57399;202000037613;154 676 258;A01;2;2;0;2;1;1;1;
57400;202000037613;154 676 259;B01;1;7;0;0;7;15;1;
57401;202000037614;154 676 257;A01;1;7;0;0;1;1;1;
57402;202000037615;154 676 253;A01;1;32;0;1;1;1;1;
57403;202000037616;154 676 254;A01;1;7;0;2;1;5;1;
57404;202000037616;154 676 256;B01;2;7;0;2;1;1;1;
57405;202000037617;154 676 250;A01;1;7;0;2;1;1;1;
57406;202000037617;154 676 255;B01;1;7;0;2;5;1;1;
57407;202000037618;154 676 251;B01;1;2;0;2;1;1;1;
57408;202000037618;154 676 263;A01;1;10;0;2;2;16;1;
57409;202000037619;154 676 252;A01;1;2;0;2;3;0;1;
57410;202000037619;154 676 262;B01;1;7;0;2;2;26;1;
57411;202000037620;154 676 248;Z01;1;7;0;2;0;15;1;
57412;202000037620;154 676 249;A01;2;30;0;2;0;1;1;
57413;202000037621;154 676 244;B01;0;34;0;2;7;1;1;
57414;202000037621;154 676 246;A01;0;7;0;2;1;26;1;
57415;202000037622;154 676 245;A01;2;10;0;2;4;4;1;
57416;202000037622;154 676 247;B01;2;2;0;2;1;23;1;
57417;202000037623;154 676 242;B01;0;7;0;2;2;1;1;
57418;202000037623;154 676 243;A01;0;7;0;2;3;15;1;
57419;202000037624;154 676 241;A01;1;7;0;1;1;1;1;
57420;202000037625;154 676 237;B01;1;1;0;2;8;1;5;
57421;202000037625;154 676 240;A01;2;7;0;2;1;15;1;
57422;202000037626;154 676 236;A01;2;1;0;2;4;1;5;
57423;202000037626;154 676 239;Z01;2;7;0;2;2;1;1;
57424;202000037627;154 676 235;A01;1;7;0;2;8;22;1;
57425;202000037627;154 676 238;B01;1;80;0;2;7;1;3;
57426;202000037628;154 676 231;B01;1;1;0;2;2;1;0;
57427;202000037628;154 676 233;A01;1;7;0;2;1;9;1;
57428;202000037629;154 676 230;B01;1;2;0;2;2;1;1;
57429;202000037629;154 676 232;A01;1;7;0;2;1;1;1;
57430;202000037630;154 676 228;A01;2;33;14;0;7;13;1;
57431;202000037631;154 676 226;Z01;2;7;0;1;1;2;1;
57432;202000037632;154 676 225;A01;1;10;0;2;4;1;1;
57433;202000037632;154 676 234;B01;1;1;0;2;1;1;5;
57434;202000037633;154 676 224;A01;1;7;0;2;2;15;1;
57435;202000037633;154 676 227;B01;2;7;0;2;1;2;1;
57436;202000037635;154 676 219;B01;1;2;0;2;4;0;3;
57437;202000037635;154 676 222;A01;1;7;0;2;2;9;1;
57438;202000037636;154 676 220;A01;3;7;0;2;3;15;2;
57439;202000037636;154 676 223;B01;1;32;0;2;1;1;1;
57440;202000037637;154 676 229;A01;1;7;0;1;1;1;1;
57441;202000037638;154 676 218;A01;3;7;0;1;3;1;1;
57442;202000037639;154 676 212;B01;1;33;0;2;1;1;1;
57443;202000037639;154 676 213;A01;2;7;0;2;1;15;1;
57444;202000037640;154 676 210;B01;1;31;0;2;1;1;1;
57445;202000037640;154 676 211;A01;2;7;0;2;2;15;1;
57446;202000037641;154 676 208;B01;1;7;0;2;8;1;1;
57447;202000037641;154 676 209;A01;2;10;0;2;1;15;1;
57448;202000037642;154 676 206;A01;1;7;0;2;4;10;1;
57449;202000037642;154 676 207;B01;2;32;0;2;1;1;1;
57450;202000037644;154 676 200;A01;3;7;0;2;3;9;1;
57451;202000037644;154 676 205;B01;3;34;0;2;1;1;1;
57452;202000037645;154 676 197;A01;2;30;14;0;8;13;1;
57453;202000037646;154 676 195;A01;2;7;0;2;1;1;1;
57454;202000037646;154 676 196;B01;1;7;0;2;1;1;1;
57455;202000037647;154 676 192;A01;2;1;16;0;1;1;5;
57456;202000037648;154 676 193;A01;1;7;0;2;2;1;0;
57457;202000037648;154 676 194;B01;1;2;0;2;1;1;0;
57458;202000037649;154 676 201;D01;1;7;0;2;4;23;1;
57459;202000037649;154 676 214;A01;1;10;0;2;1;2;1;
57460;202000037649;154 676 215;B01;1;7;0;2;4;23;1;
57461;202000037649;154 676 216;C01;1;7;0;2;4;23;1;
57462;202000037650;154 676 190;A01;1;50;0;2;1;1;3;
57463;202000037650;154 676 191;B01;3;7;0;2;3;19;1;
57464;202000037651;154 676 185;B01;3;50;0;2;1;1;3;
57465;202000037651;154 676 203;A01;3;7;0;2;3;15;1;
57466;202000037652;154 676 186;A01;2;30;0;0;8;1;1;
57467;202000037653;154 676 184;B01;1;32;0;2;7;1;1;
57468;202000037653;154 676 188;A01;2;7;0;0;0;15;1;
57469;202000037654;154 676 179;B01;1;10;0;2;1;1;1;
57470;202000037654;154 676 181;A01;1;31;0;2;8;1;1;
57471;202000037655;154 676 178;B01;3;33;0;2;8;1;1;
57472;202000037655;154 676 187;A01;3;7;0;2;1;1;1;
57473;202000037656;154 676 176;B01;0;33;0;2;1;1;1;
57474;202000037656;154 676 177;A01;0;7;0;2;2;15;1;
57475;202000037657;154 676 174;A01;2;7;0;2;1;9;2;
57476;202000037657;154 676 175;B01;1;7;0;2;7;1;1;
57477;202000037659;154 676 167;Z01;3;7;0;2;1;1;0;
57478;202000037659;154 676 169;A01;3;7;0;2;4;23;1;
57479;202000037660;154 676 165;A01;0;7;0;2;2;26;1;
57480;202000037660;154 676 166;B01;0;7;0;0;0;0;0;
57481;202000037662;154 676 189;B01;1;7;0;2;8;1;0;
57482;202000037662;154 676 204;A01;1;7;0;2;3;26;0;
57483;202000037663;154 676 160;B01;2;33;0;2;1;1;1;
57484;202000037663;154 676 162;A01;1;7;0;2;3;13;1;
57485;202000037664;154 676 159;A01;1;30;0;2;1;26;0;
57486;202000037664;154 676 161;B01;2;10;0;2;2;1;0;
57487;202000037665;154 676 158;A01;3;32;0;0;0;0;1;
57488;202000037666;154 676 168;A01;1;7;0;2;1;2;1;
57489;202000037666;154 676 170;B01;1;7;0;2;4;2;1;
57490;202000037666;154 676 171;C01;2;7;0;2;0;0;1;
57491;202000037667;154 676 156;A01;2;7;0;1;3;1;1;
57492;202000037668;154 676 182;A01;2;10;0;1;3;15;1;
57493;202000037669;154 676 155;B01;2;7;0;2;2;9;1;
57494;202000037669;154 676 157;A01;1;1;0;2;4;26;5;
57495;202000037670;154 676 180;A01;2;7;0;2;1;15;1;
57496;202000037670;154 676 183;B01;2;33;0;2;8;1;1;
57497;202000037671;154 676 153;A01;1;7;0;2;2;0;1;
57498;202000037671;154 676 154;B01;1;1;0;2;3;1;5;
57499;202000037672;154 676 151;B01;1;1;0;2;1;23;5;
57500;202000037672;154 676 152;A01;1;7;0;2;3;15;1;
57501;202000037673;154 676 150;A01;1;33;0;1;2;1;1;
57502;202000037674;154 676 149;A01;3;32;0;0;8;17;1;
57503;202000037675;154 676 143;A01;2;7;0;2;8;9;1;
57504;202000037675;154 676 147;B01;1;31;0;2;7;1;1;
57505;202000037676;154 676 142;A01;2;7;0;2;8;15;1;
57506;202000037676;154 676 145;B01;2;32;0;2;7;17;1;
57507;202000037677;154 676 141;A01;1;7;0;2;1;26;1;
57508;202000037677;154 676 144;B01;1;1;0;2;7;15;5;
57509;202000037678;154 676 140;A01;1;7;0;2;3;2;1;
57510;202000037678;154 676 146;B01;2;7;0;2;5;1;1;
57511;202000037679;154 676 136;B01;1;7;0;2;3;11;1;
57512;202000037679;154 676 139;A01;1;32;0;2;2;3;1;
57513;202000037681;154 676 148;A01;1;37;0;1;7;7;2;1.0
57514;202000037682;154 676 135;B01;3;30;0;2;3;13;6;
57515;202000037682;154 676 138;A01;3;2;0;2;1;26;6;
57516;202000037683;154 676 134;A01;2;7;1;0;3;13;1;
57517;202000037684;154 676 131;B01;2;32;0;2;8;1;1;
57518;202000037684;154 676 133;A01;2;7;0;2;7;12;1;
57519;202000037685;154 676 130;B01;2;7;0;2;8;15;1;
57520;202000037685;154 676 132;A01;2;33;0;2;1;17;1;
57521;202000037686;154 676 128;A01;1;33;0;2;1;1;1;
57522;202000037686;154 676 129;B01;3;7;0;2;8;19;1;
57523;202000037687;154 676 126;A01;2;10;0;1;4;4;1;
57524;202000037688;154 676 125;B01;3;7;0;2;3;15;1;
57525;202000037688;154 676 127;A01;1;7;0;2;1;1;1;
57526;202000037689;154 676 120;B01;1;7;0;2;3;1;1;
57527;202000037689;154 676 121;A01;1;7;8;2;5;17;1;
57528;202000037689;154 676 123;C01;1;7;0;2;6;1;1;
57529;202000037691;154 676 115;B01;1;7;0;2;3;1;0;
57530;202000037691;154 676 117;Z01;2;7;0;2;3;15;0;
57531;202000037692;154 676 119;A01;1;7;0;1;3;1;1;
57532;202000037693;154 676 114;B01;0;7;0;2;2;1;1;
57533;202000037693;154 676 116;A01;0;30;0;2;1;1;1;
57534;202000037694;154 676 111;B01;1;43;0;2;8;1;1;
57535;202000037694;154 676 118;A01;2;7;0;2;1;15;1;
57536;202000037695;154 676 109;A01;1;7;0;2;1;1;0;
57537;202000037695;154 676 113;B01;1;1;0;2;4;1;5;
57538;202000037696;154 676 110;A01;3;7;0;2;7;16;1;
57539;202000037696;154 676 112;B01;3;32;0;2;8;2;1;
57540;202000037697;154 676 107;A01;2;7;0;1;4;20;1;
57541;202000037698;154 676 108;A01;3;7;0;1;6;26;1;
57542;202000037699;154 676 101;A01;1;31;0;2;8;3;1;
57543;202000037699;154 676 106;B01;1;7;0;2;5;1;1;
57544;202000037700;154 676 097;B01;3;2;0;2;1;1;1;
57545;202000037700;154 676 103;A01;3;7;0;2;5;15;1;
57546;202000037701;154 676 096;A01;1;7;0;2;3;11;2;
57547;202000037701;154 676 099;B01;1;33;0;2;7;3;1;
57548;202000037702;154 676 102;A01;1;7;0;1;4;4;3;
57549;202000037703;154 676 093;A01;1;7;0;2;1;0;1;
57550;202000037703;154 676 095;B01;1;14;0;2;6;0;1;
57551;202000037704;154 676 100;A01;1;2;1;2;8;18;1;
57552;202000037704;154 676 105;B01;1;7;0;2;2;22;3;
57553;202000037706;154 676 089;A01;1;7;13;0;0;1;1;
57554;202000037707;154 676 088;A01;1;30;11;0;1;26;1;
57555;202000037708;154 676 087;B01;2;7;0;2;8;9;1;
57556;202000037708;154 676 092;A01;2;15;0;2;2;1;1;
57557;202000037708;154 676 094;C01;2;10;0;2;2;1;1;
57558;202000037709;154 676 086;A01;1;50;0;2;1;21;3;
57559;202000037710;154 676 090;B01;2;1;0;2;3;7;5;
57560;202000037710;154 676 091;A01;1;10;0;2;7;10;1;
57561;202000037711;154 676 079;C01;1;17;0;0;4;2;6;
57562;202000037711;154 676 083;B01;1;7;0;2;8;2;1;
57563;202000037711;154 676 085;A01;1;10;0;2;6;2;1;
57564;202000037712;154 676 080;A01;1;1;0;1;1;1;5;
57565;202000037713;154 676 082;A01;1;32;12;0;1;13;1;
57566;202000037714;154 676 078;A01;1;7;0;2;1;0;1;
57567;202000037714;154 676 081;C01;1;7;0;2;9;0;1;
57568;202000037714;154 676 084;B01;1;7;0;2;9;0;1;
57569;202000037715;154 676 070;A01;0;7;0;2;3;26;1;
57570;202000037715;154 676 075;B01;0;7;0;2;5;2;1;
57571;202000037716;154 676 073;A01;2;7;15;0;2;14;1;
57572;202000037717;154 676 071;A01;0;7;0;2;3;9;1;
57573;202000037717;154 676 077;B01;2;7;0;2;3;1;1;
57574;202000037718;154 676 067;A01;2;7;0;2;2;17;1;
57575;202000037718;154 676 068;B01;2;1;0;2;8;2;0;
57576;202000037719;154 676 069;C01;1;37;0;2;6;23;2;1.0
57577;202000037719;154 676 074;B01;1;33;0;2;1;17;1;
57578;202000037719;154 676 076;A01;1;33;0;2;1;17;1;
57579;202000037720;154 676 072;A01;1;32;0;1;1;1;1;
57580;202000037721;154 676 065;B01;1;31;0;2;8;1;1;
57581;202000037721;154 676 066;A01;2;7;0;2;1;1;3;
57582;202000037722;154 676 059;B01;3;33;1;2;3;1;1;
57583;202000037722;154 676 062;A01;3;7;0;2;2;15;1;
57584;202000037723;154 676 060;C01;1;7;0;2;3;26;1;
57585;202000037723;154 676 061;A01;1;7;0;2;1;16;1;
57586;202000037723;154 676 063;B01;2;7;0;2;2;15;1;
57587;202000037724;154 676 056;A01;3;32;0;2;1;1;1;
57588;202000037724;154 676 058;Z01;3;13;0;2;5;23;0;
57589;202000037725;154 676 055;A01;3;7;0;2;1;15;1;
57590;202000037725;154 676 057;B01;1;10;0;2;3;1;1;
57591;202000037727;154 676 051;A01;1;1;0;1;1;5;5;
57592;202000037730;154 676 047;Z01;3;7;0;2;8;22;0;
57593;202000037730;154 676 048;B01;1;1;0;2;7;1;5;
57594;202000037731;154 676 045;Z01;1;7;0;2;2;16;1;
57595;202000037731;154 676 046;A01;1;1;0;2;2;1;5;
57596;202000037732;154 676 043;A01;2;7;0;2;7;15;1;
57597;202000037732;154 676 044;B01;1;33;0;2;1;1;1;
57598;202000037733;154 676 039;A01;3;33;0;2;6;1;1;
57599;202000037733;154 676 042;B01;3;7;0;2;6;23;2;
57600;202000037734;154 676 038;B01;3;33;0;2;1;1;1;
57601;202000037734;154 676 040;A01;3;10;0;2;2;15;1;
57602;202000037735;154 676 034;A01;2;7;12;0;2;2;0;
57603;202000037736;154 676 035;A01;2;1;0;2;1;15;5;
57604;202000037736;154 676 037;B01;2;1;0;2;1;16;5;
57605;202000037737;154 676 033;B01;1;2;0;2;3;1;1;
57606;202000037737;154 676 036;A01;1;7;0;2;2;12;1;
57607;202000037738;154 676 030;A01;1;32;0;2;3;18;1;
57608;202000037738;154 676 031;B01;2;7;0;2;3;15;1;
57609;202000037739;154 676 032;A01;2;7;0;2;2;1;1;
57610;202000037739;154 676 041;B01;1;7;0;2;3;1;1;
57611;202000037740;154 676 027;A01;1;50;8;0;1;25;3;
57612;202000037741;154 676 026;A01;1;80;0;0;0;21;3;
57613;202000037742;154 676 025;B01;3;7;0;2;2;21;1;
57614;202000037742;154 676 028;A01;0;7;0;0;2;13;1;
57615;202000037745;154 676 021;A01;0;7;0;2;1;16;1;
57616;202000037745;154 676 022;B01;0;7;0;2;1;0;1;
57617;202000037746;154 676 018;B01;0;34;0;2;1;1;0;
57618;202000037746;154 676 020;A01;0;7;0;0;6;16;0;
57619;202000037747;154 676 017;B01;1;7;0;2;2;1;1;
57620;202000037747;154 676 019;A01;2;50;0;2;2;19;3;
57621;202000037748;154 676 016;A01;1;7;0;1;1;2;1;
57622;202000037749;154 676 010;A01;0;7;0;9;3;15;0;
57623;202000037749;154 676 014;B01;2;50;0;2;1;1;3;
57624;202000037750;154 676 012;A01;1;33;0;2;1;17;1;
57625;202000037750;154 676 015;B01;1;7;0;2;3;15;1;
57626;202000037752;154 676 013;A01;3;32;11;0;1;1;1;
57627;202000037753;154 676 008;A01;2;14;0;1;3;26;0;
57628;202000037754;154 676 005;A01;3;7;0;9;3;20;1;
57629;202000037754;154 676 006;B01;3;50;0;2;1;5;3;
57630;202000037755;154 676 001;A01;1;32;0;0;0;1;1;
57631;202000037756;154 676 003;A01;2;33;1;0;7;1;0;
57632;202000037757;154 676 002;A01;3;7;0;2;2;9;1;
57633;202000037757;154 676 007;B01;3;1;0;2;7;19;0;
57634;202000037758;154 676 000;B01;2;10;0;2;2;0;1;
57635;202000037758;154 676 004;A01;2;33;0;2;1;0;1;
57636;202000037759;154 675 999;Z01;-1;0;0;1;1;1;1;
57637;202000037760;154 675 996;A01;1;30;0;0;0;21;1;
57638;202000037761;154 675 995;A01;2;10;0;1;5;4;1;
57639;202000037762;154 675 994;A01;0;7;1;1;2;1;1;
57640;202000037763;154 675 989;B01;2;2;0;2;1;1;1;
57641;202000037763;154 675 992;A01;1;7;0;2;7;15;1;
57642;202000037764;154 675 990;Z01;3;7;0;2;0;9;0;
57643;202000037764;154 675 991;B01;1;30;0;2;3;0;0;
57644;202000037765;154 675 987;B01;2;32;0;0;4;0;1;
57645;202000037765;154 675 988;A01;2;10;0;2;2;2;1;
57646;202000037768;154 675 981;A01;2;7;0;1;3;23;0;
57647;202000037769;154 675 980;B01;2;7;0;2;2;1;1;
57648;202000037769;154 675 982;A01;2;7;1;2;9;21;1;
57649;202000037770;154 675 979;A01;2;7;0;1;1;1;1;
57650;202000037771;154 675 972;A01;2;30;0;2;1;2;1;
57651;202000037771;154 675 976;B01;2;7;0;2;4;2;1;
57652;202000037772;154 675 974;B01;-1;30;0;0;8;18;1;
57653;202000037772;154 675 977;A01;-1;15;0;2;8;2;1;
57654;202000037773;154 675 975;A01;3;7;0;2;3;9;1;
57655;202000037773;154 675 978;B01;3;33;0;2;1;1;1;
57656;202000037775;154 675 968;B01;3;7;0;2;6;19;1;
57657;202000037775;154 675 970;A01;2;0;0;2;1;17;-1;
57658;202000037776;154 675 964;B01;1;7;0;2;4;1;1;
57659;202000037776;154 675 967;C01;1;7;0;2;4;2;1;
57660;202000037776;154 675 969;A01;1;7;0;2;1;2;1;
57661;202000037777;154 675 963;A01;1;7;0;2;1;2;1;
57662;202000037777;154 675 965;B01;1;7;0;2;4;2;2;
57663;202000037778;154 675 962;B01;1;50;0;2;2;1;3;
57664;202000037778;154 675 966;A01;1;7;0;2;5;1;6;
57665;202000037779;154 675 958;B01;2;2;0;2;1;1;1;
57666;202000037779;154 675 959;A01;1;7;0;2;6;10;1;
57667;202000037780;154 675 957;B01;-1;7;0;2;2;13;1;
57668;202000037780;154 675 960;A01;-1;7;0;2;2;14;1;
57669;202000037781;154 675 955;B01;1;33;0;2;1;1;1;
57670;202000037781;154 675 956;A01;1;7;0;2;2;15;1;
57671;202000037782;154 675 952;A01;1;7;0;1;3;15;1;
57672;202000037783;154 675 953;A01;2;7;0;0;1;0;1;
57673;202000037784;154 675 951;A01;3;7;0;2;2;15;0;
57674;202000037784;154 675 961;B01;1;30;0;2;1;1;0;
57675;202000037785;154 675 950;B01;2;37;0;2;3;1;3;2.0
57676;202000037785;154 675 954;A01;2;7;0;2;5;16;1;
57677;202000037786;154 675 949;A01;1;10;0;1;4;20;1;
57678;202000037787;154 675 945;A01;-1;7;0;2;6;1;1;
57679;202000037787;154 675 946;B01;-1;7;0;2;2;13;1;
57680;202000037788;154 675 944;A01;3;7;0;1;0;2;1;
57681;202000037789;154 675 943;B01;1;7;0;2;7;0;0;
57682;202000037789;154 675 947;A01;1;30;0;2;7;0;0;
57683;202000037790;154 675 942;B01;1;7;0;2;6;21;1;
57684;202000037790;154 675 948;A01;1;7;0;2;3;13;1;
57685;202000037791;154 675 940;A01;2;7;0;1;1;1;0;
57686;202000037792;154 675 935;B01;3;7;0;2;3;15;1;
57687;202000037792;154 675 938;A01;1;33;0;2;5;26;1;
57688;202000037793;154 675 937;B01;2;33;0;0;0;0;1;
57689;202000037793;154 675 941;A01;2;7;0;0;0;0;1;
57690;202000037794;154 675 934;A01;1;7;0;1;1;15;1;
57691;202000037795;154 675 936;B01;1;80;0;2;1;2;3;
57692;202000037795;154 675 939;A01;2;7;0;2;2;15;1;
57693;202000037796;154 675 930;A01;2;7;0;1;7;16;1;
57694;202000037797;154 675 929;B01;1;34;0;2;1;2;0;
57695;202000037797;154 675 931;A01;1;7;0;2;8;10;0;
57696;202000037798;154 675 932;B01;1;34;0;2;1;1;1;
57697;202000037798;154 675 933;A01;1;10;0;2;8;15;1;
57698;202000037801;154 675 922;B01;1;7;3;2;1;1;6;
57699;202000037801;154 675 923;A01;2;7;3;2;7;1;6;
57700;202000037802;154 675 918;B01;1;30;0;2;7;16;1;
57701;202000037802;154 675 920;A01;1;32;0;2;1;1;1;
57702;202000037803;154 675 916;A01;2;7;0;2;3;13;1;
57703;202000037803;154 675 919;B01;1;7;0;2;0;1;2;
57704;202000037803;154 675 921;C01;1;7;0;2;0;1;1;
57705;202000037805;154 675 915;B01;2;7;0;2;1;1;1;
57706;202000037805;154 675 917;A01;1;7;0;2;1;13;1;
57707;202000037806;154 675 914;A01;1;7;0;1;2;1;0;
57708;202000037807;154 675 908;D01;1;7;0;2;5;23;1;
57709;202000037807;154 675 909;C01;1;7;0;2;6;23;1;
57710;202000037807;154 675 910;B01;1;7;0;2;3;23;1;
57711;202000037807;154 675 911;A01;1;2;0;2;2;3;1;
57712;202000037808;154 675 907;B01;2;10;0;2;1;1;1;
57713;202000037808;154 675 912;A01;1;7;0;2;1;13;1;
57714;202000037809;154 675 906;A01;3;33;0;0;0;9;1;
57715;202000037810;154 675 905;A01;1;7;2;0;2;0;1;
57716;202000037811;154 675 904;A01;2;7;15;0;2;1;1;
57717;202000037813;154 675 902;A01;2;99;0;1;3;19;1;
57718;202000037815;154 675 895;B01;1;10;0;2;2;1;1;
57719;202000037815;154 675 899;A01;1;7;0;2;5;19;1;
57720;202000037816;154 675 893;B01;2;2;0;2;1;1;1;
57721;202000037816;154 675 894;A01;1;7;0;2;2;15;1;
57722;202000037817;154 675 898;A01;3;7;0;0;4;2;0;
57723;202000037817;154 675 903;B01;3;7;6;0;1;2;0;
57724;202000037818;154 675 897;B01;2;33;0;2;1;1;1;
57725;202000037818;154 675 900;A01;1;7;0;2;2;13;1;
57726;202000037819;154 675 892;A01;1;7;0;1;3;1;1;
57727;202000037820;154 675 890;A01;1;1;0;2;6;1;5;
57728;202000037820;154 675 891;B01;1;7;0;2;7;1;1;
57729;202000037821;154 675 886;A01;2;10;13;0;0;17;1;
57730;202000037822;154 675 889;A01;1;17;4;0;3;13;1;
57731;202000037823;154 675 887;A01;3;13;0;2;4;26;1;
57732;202000037823;154 675 888;B01;3;10;0;2;1;0;1;
57733;202000037825;154 675 882;A01;1;7;0;0;3;13;1;
57734;202000037825;154 675 883;B01;2;15;0;0;3;1;1;
57735;202000037826;154 675 884;A01;2;7;13;0;9;1;1;
57736;202000037827;154 675 881;A01;1;32;0;0;7;1;1;
57737;202000037828;154 675 879;A01;2;33;0;2;1;2;1;
57738;202000037828;154 675 880;B01;2;7;0;0;4;2;1;
57739;202000037829;154 675 876;A01;2;7;0;1;1;1;1;
57740;202000037830;154 675 874;B01;1;7;0;2;1;1;1;
57741;202000037830;154 675 875;A01;2;7;0;2;1;13;1;
57742;202000037831;154 675 872;A01;2;33;0;0;1;16;1;
57743;202000037831;154 675 873;B01;1;10;0;0;3;15;1;
57744;202000037832;154 675 868;A01;1;2;0;0;6;1;1;
57745;202000037833;154 675 869;A01;1;7;0;2;3;19;1;
57746;202000037833;154 675 870;B01;2;7;0;2;1;1;1;
57747;202000037834;154 675 867;A01;1;7;0;0;1;13;1;
57748;202000037835;154 675 866;A01;3;31;0;0;3;15;1;
57749;202000037836;154 675 864;A01;1;7;0;2;1;9;1;
57750;202000037836;154 675 865;B01;2;7;0;2;5;1;1;
57751;202000037837;154 675 863;A01;2;10;13;0;3;13;1;
57752;202000037838;154 675 858;A01;1;7;0;2;3;1;1;
57753;202000037838;154 675 862;B01;2;15;0;2;3;1;1;
57754;202000037839;154 675 857;B01;3;2;0;2;1;1;6;
57755;202000037839;154 675 860;A01;0;7;0;2;2;1;6;
57756;202000037840;154 675 856;A01;2;7;0;2;2;15;1;
57757;202000037840;154 675 859;B01;1;7;0;2;6;1;1;
57758;202000037840;154 675 861;C01;2;7;0;2;3;1;1;
57759;202000037841;154 675 851;A01;1;7;0;0;2;1;1;
57760;202000037842;154 675 853;A01;3;99;13;1;8;14;1;
57761;202000037843;154 675 850;A01;2;7;2;0;4;1;1;
57762;202000037843;154 675 855;B01;1;17;0;0;2;1;1;
57763;202000037844;154 675 852;A01;1;7;0;2;5;23;1;
57764;202000037844;154 675 854;B01;1;2;0;2;1;2;1;
57765;202000037845;154 675 849;A01;1;7;2;0;8;1;1;
57766;202000037846;154 675 846;B01;3;7;0;2;2;1;1;
57767;202000037846;154 675 848;A01;3;7;0;2;4;16;1;
57768;202000037847;154 675 845;A01;2;7;0;2;8;22;1;
57769;202000037847;154 675 847;B01;2;1;0;2;7;1;5;
57770;202000037848;154 675 842;B01;1;7;0;2;3;15;0;
57771;202000037848;154 675 844;A01;1;33;0;2;7;13;0;
57772;202000037849;154 675 839;B01;2;32;0;2;3;2;1;
57773;202000037849;154 675 841;A01;2;7;0;2;4;23;1;
57774;202000037850;154 675 840;B01;2;7;0;2;2;1;1;
57775;202000037850;154 675 843;A01;3;7;0;2;1;15;1;
57776;202000037851;154 675 836;A01;1;43;0;1;1;1;1;
57777;202000037852;154 675 833;A01;2;38;0;9;3;1;1;1.0
57778;202000037853;154 675 834;B01;1;7;0;0;0;0;0;
57779;202000037853;154 675 835;A01;2;7;0;0;0;0;0;
57780;202000037854;154 675 831;A01;1;1;0;2;7;1;5;
57781;202000037854;154 675 832;B01;2;1;0;2;8;19;5;
57782;202000037855;154 675 824;A01;2;7;0;2;1;15;1;
57783;202000037855;154 675 826;B01;1;1;0;2;1;1;5;
57784;202000037856;154 675 825;B01;3;10;0;2;4;23;1;
57785;202000037856;154 675 827;A01;3;10;0;2;1;2;3;
57786;202000037857;154 675 823;A01;3;7;0;1;2;1;1;
57787;202000037858;154 675 817;B01;3;7;0;2;3;16;1;
57788;202000037858;154 675 821;A01;2;30;0;2;7;7;1;
57789;202000037859;154 675 815;B01;1;7;0;2;2;1;1;
57790;202000037859;154 675 816;A01;2;2;0;2;1;1;1;
57791;202000037860;154 675 814;A01;3;7;0;2;3;19;1;
57792;202000037860;154 675 819;B01;1;7;0;2;1;1;1;
57793;202000037860;154 675 822;C01;2;7;0;2;3;1;1;