;Num_Acc;id_vehicule;num_veh;senc;catv;obs;obsm;choc;manv;motor;occutc
57794;202000037861;154 675 811;B01;1;31;0;2;3;1;1;
57795;202000037861;154 675 813;A01;1;1;0;2;1;14;5;
57796;202000037862;154 675 812;A01;1;7;0;0;1;21;1;
57797;202000037863;154 675 808;B01;2;33;0;2;1;1;1;
57798;202000037863;154 675 809;A01;1;7;0;2;2;15;1;
57799;202000037864;154 675 807;A01;1;10;0;1;4;4;1;
57800;202000037865;154 675 806;A01;1;7;0;0;9;13;1;
57801;202000037866;154 675 802;A01;1;7;0;2;1;1;1;
57802;202000037866;154 675 804;B01;1;33;0;2;1;23;1;
57803;202000037867;154 675 801;B01;2;20;0;2;8;15;1;
57804;202000037867;154 675 805;A01;2;7;0;2;1;17;1;
57805;202000037868;154 675 800;A01;1;7;0;2;3;13;1;
57806;202000037868;154 675 803;B01;2;7;0;2;3;1;1;
57807;202000037869;154 675 798;A01;1;7;0;1;1;1;1;
57808;202000037872;154 675 793;A01;2;7;2;0;3;1;1;
57809;202000037873;154 675 794;A01;2;31;0;2;1;18;1;
57810;202000037873;154 675 799;B01;1;10;0;2;7;15;1;
57811;202000037874;154 675 792;A01;3;1;13;0;9;0;0;
57812;202000037875;154 675 789;A01;2;14;3;0;3;0;1;
57813;202000037876;154 675 790;A01;3;43;0;2;3;1;1;
57814;202000037876;154 675 791;Z01;3;7;0;2;2;1;0;
57815;202000037877;154 675 787;A01;1;2;0;0;0;1;1;
57816;202000037878;154 675 785;B01;1;15;0;2;4;2;1;
57817;202000037878;154 675 786;A01;1;7;0;2;1;2;0;
57818;202000037879;154 675 779;A01;1;2;0;2;1;0;1;
57819;202000037879;154 675 781;B01;2;10;0;2;3;0;1;
57820;202000037880;154 675 783;A01;2;7;0;2;1;13;1;
57821;202000037880;154 675 784;B01;1;7;0;2;1;1;1;
57822;202000037880;154 675 788;C01;1;7;0;2;1;1;1;
57823;202000037881;154 675 780;A01;2;7;0;2;2;1;1;
57824;202000037881;154 675 782;B01;2;2;0;2;5;18;1;
57825;202000037883;154 675 774;A01;1;1;0;2;4;7;5;
57826;202000037883;154 675 776;Z01;1;1;0;2;1;7;5;
57827;202000037884;154 675 775;A01;1;7;13;0;1;1;1;
57828;202000037885;154 675 772;A01;1;30;0;2;1;5;1;
57829;202000037885;154 675 773;B01;2;7;0;2;3;1;1;
57830;202000037886;154 675 768;A01;1;7;0;2;1;2;1;
57831;202000037886;154 675 771;B01;1;50;0;0;4;0;3;
57832;202000037887;154 675 770;A01;2;7;2;0;7;1;1;
57833;202000037888;154 675 767;B01;0;7;0;2;3;1;0;
57834;202000037888;154 675 769;A01;0;7;0;2;2;5;0;
57835;202000037889;154 675 765;A01;-1;1;0;5;2;1;5;
57836;202000037890;154 675 763;B01;2;33;0;2;0;0;1;
57837;202000037890;154 675 766;A01;-1;7;0;2;1;16;2;
57838;202000037891;154 675 761;A01;2;7;0;2;3;1;1;
57839;202000037891;154 675 764;B01;1;2;0;2;1;1;1;
57840;202000037892;154 675 759;A01;1;50;0;2;7;19;3;
57841;202000037892;154 675 760;B01;1;3;0;9;3;15;1;
57842;202000037893;154 675 757;A01;1;7;0;2;1;1;1;
57843;202000037893;154 675 758;B01;1;7;0;0;6;26;1;
57844;202000037894;154 675 762;A01;1;7;8;0;5;1;1;
57845;202000037895;154 675 756;A01;1;7;0;1;1;1;1;
57846;202000037896;154 675 755;A01;1;14;0;1;3;1;0;
57847;202000037897;154 675 753;B01;2;33;0;2;1;1;1;
57848;202000037897;154 675 754;A01;1;10;0;2;2;15;1;
57849;202000037898;154 675 751;A01;1;7;0;1;2;1;1;
57850;202000037899;154 675 749;A01;2;7;0;2;2;13;1;
57851;202000037899;154 675 750;B01;1;7;0;2;1;21;1;
57852;202000037900;154 675 748;B01;1;7;0;2;1;1;0;
57853;202000037900;154 675 752;A01;2;7;0;2;1;15;0;
57854;202000037901;154 675 746;A01;1;7;0;2;2;15;1;
57855;202000037901;154 675 747;B01;1;7;0;2;3;1;1;
57856;202000037902;154 675 744;B01;0;33;0;2;1;1;1;
57857;202000037902;154 675 745;A01;0;7;0;2;3;15;1;
57858;202000037903;154 675 743;A01;1;7;0;1;1;16;0;
57859;202000037904;154 675 741;A01;2;7;0;2;1;19;1;
57860;202000037904;154 675 742;B01;1;50;0;2;8;2;3;
57861;202000037905;154 675 740;A01;3;7;2;0;3;0;1;
57862;202000037906;154 675 739;A01;2;7;0;1;2;1;1;
57863;202000037907;154 675 736;A01;1;33;2;0;1;14;1;
57864;202000037908;154 675 735;A01;1;7;0;2;2;2;1;
57865;202000037908;154 675 737;B01;1;7;0;2;6;2;1;
57866;202000037909;154 675 738;A01;1;10;0;1;2;15;1;
57867;202000037910;154 675 731;A01;1;7;8;0;1;1;0;
57868;202000037911;154 675 730;C01;1;10;0;2;1;2;1;
57869;202000037911;154 675 732;B01;1;7;0;2;4;2;1;
57870;202000037911;154 675 734;A01;1;10;0;2;1;2;1;
57871;202000037912;154 675 733;A01;2;1;0;1;8;0;5;
57872;202000037913;154 675 727;B01;2;33;0;2;8;3;2;
57873;202000037913;154 675 729;A01;2;7;0;2;2;12;1;
57874;202000037914;154 675 728;A01;1;7;0;0;0;0;1;
57875;202000037915;154 675 720;D01;2;7;0;2;1;2;1;
57876;202000037915;154 675 723;C01;2;7;0;2;4;2;1;
57877;202000037915;154 675 725;B01;2;7;0;2;4;2;1;
57878;202000037915;154 675 726;A01;2;7;0;2;4;2;1;
57879;202000037916;154 675 719;A01;3;7;0;0;3;1;1;
57880;202000037916;154 675 722;B01;3;2;0;0;3;13;1;
57881;202000037917;154 675 717;A01;1;7;13;0;2;1;1;
57882;202000037918;154 675 716;B01;1;7;0;2;4;2;1;
57883;202000037918;154 675 718;A01;1;7;0;2;3;2;1;
57884;202000037919;154 675 712;A01;1;7;0;1;3;1;1;
57885;202000037921;154 675 713;B01;1;7;0;2;1;1;1;
57886;202000037921;154 675 715;A01;1;33;0;0;4;1;1;
57887;202000037922;154 675 706;A01;1;7;3;0;3;1;1;
57888;202000037923;154 675 708;B01;2;7;0;2;4;1;0;
57889;202000037923;154 675 709;C01;2;99;0;2;1;2;0;
57890;202000037923;154 675 710;A01;2;7;0;0;4;15;0;
57891;202000037924;154 675 704;C01;1;99;0;2;4;2;0;
57892;202000037924;154 675 705;B01;1;7;0;2;4;2;1;
57893;202000037924;154 675 707;A01;1;99;0;2;1;2;1;
57894;202000037925;154 675 700;A01;1;7;0;2;1;2;1;
57895;202000037925;154 675 703;B01;1;17;0;2;4;1;1;
57896;202000037927;154 675 698;A01;2;7;0;2;3;1;1;
57897;202000037927;154 675 701;B01;1;7;0;2;3;13;1;
57898;202000037928;154 675 695;A01;1;17;3;0;2;1;1;
57899;202000037929;154 675 693;B01;2;32;0;2;1;1;1;
57900;202000037929;154 675 694;A01;2;32;0;2;3;15;1;
57901;202000037930;154 675 696;A01;1;7;0;1;3;1;1;
57902;202000037931;154 675 697;A01;2;7;16;0;0;0;1;
57903;202000037932;154 675 692;A01;2;7;3;0;1;1;1;
57904;202000037933;154 675 688;B01;3;2;0;2;1;1;1;
57905;202000037933;154 675 691;A01;3;7;0;2;2;1;1;
57906;202000037934;154 675 687;B01;1;7;4;0;1;2;1;
57907;202000037935;154 675 682;A01;1;7;0;0;6;15;1;
57908;202000037935;154 675 684;B01;1;34;0;2;2;17;1;
57909;202000037936;154 675 683;A01;3;7;0;1;2;1;1;
57910;202000037937;154 675 681;A01;2;7;0;2;1;2;1;
57911;202000037937;154 675 685;B01;2;7;0;2;4;2;3;
57912;202000037937;154 675 686;C01;2;7;0;2;4;2;1;
57913;202000037937;154 675 689;D01;2;7;0;2;4;2;1;
57914;202000037937;154 675 690;E01;2;7;0;2;4;2;1;
57915;202000037939;154 675 678;B01;1;1;0;2;8;15;5;
57916;202000037939;154 675 679;A01;1;7;0;9;2;1;1;
57917;202000037940;154 675 674;A01;1;33;0;0;0;0;1;
57918;202000037941;154 675 675;B01;2;33;0;2;1;3;1;
57919;202000037941;154 675 676;A01;1;10;0;2;1;13;1;
57920;202000037941;154 675 677;C01;2;7;0;2;3;2;1;
57921;202000037942;154 675 672;A01;2;7;0;2;1;19;1;
57922;202000037942;154 675 673;B01;0;1;0;2;7;19;5;
57923;202000037943;154 675 670;A01;1;33;0;0;0;1;1;
57924;202000037944;154 675 668;A01;1;7;0;1;7;1;1;
57925;202000037945;154 675 667;B01;1;15;0;2;2;1;1;
57926;202000037945;154 675 669;A01;1;7;0;2;6;9;1;
57927;202000037946;154 675 663;A01;2;7;0;2;1;17;1;
57928;202000037946;154 675 666;B01;1;7;0;2;1;1;1;
57929;202000037947;154 675 665;A01;1;31;16;0;2;16;0;
57930;202000037948;154 675 662;B01;2;31;0;2;8;3;1;
57931;202000037948;154 675 664;A01;2;7;0;2;7;12;1;
57932;202000037949;154 675 659;A01;0;7;0;1;1;2;1;
57933;202000037950;154 675 658;B01;1;10;0;2;6;24;1;
57934;202000037950;154 675 661;A01;1;7;1;0;2;0;1;
57935;202000037951;154 675 660;A01;2;3;17;0;3;1;1;
57936;202000037952;154 675 654;C01;2;7;0;2;4;0;1;
57937;202000037952;154 675 655;B01;2;7;0;2;4;0;1;
57938;202000037952;154 675 656;A01;2;7;0;2;0;26;1;
57939;202000037953;154 675 651;A01;2;7;0;0;6;1;1;
57940;202000037953;154 675 653;B01;2;7;3;2;2;3;1;
57941;202000037954;154 675 649;A01;1;33;0;2;1;1;1;
57942;202000037954;154 675 652;B01;1;21;0;2;3;9;1;
57943;202000037955;154 675 646;A01;1;10;6;2;1;1;1;
57944;202000037955;154 675 648;B01;1;7;0;2;1;1;1;
57945;202000037956;154 675 647;A01;1;13;0;0;0;26;1;
57946;202000037956;154 675 650;B01;1;32;0;0;0;26;1;
57947;202000037957;154 675 643;A01;1;7;0;0;1;1;1;
57948;202000037958;154 675 641;A01;2;7;0;0;0;26;1;
57949;202000037958;154 675 642;B01;2;7;0;0;0;0;1;
57950;202000037960;154 675 637;Z01;1;7;0;2;1;1;1;
57951;202000037960;154 675 638;B01;1;7;0;2;4;1;1;
57952;202000037962;154 675 634;A01;1;7;0;1;2;1;1;
57953;202000037963;154 675 627;A01;1;33;0;2;3;3;1;
57954;202000037963;154 675 630;B01;1;7;0;2;0;12;1;
57955;202000037964;154 675 628;D01;2;7;0;2;5;2;1;
57956;202000037964;154 675 631;B01;2;7;0;2;6;2;1;
57957;202000037964;154 675 632;Z01;2;7;0;2;2;3;1;
57958;202000037964;154 675 633;C01;2;7;0;2;8;2;1;
57959;202000037965;154 675 626;A01;1;7;0;2;1;1;1;
57960;202000037965;154 675 629;B01;2;7;0;2;1;1;1;
57961;202000037966;154 675 624;A01;2;15;0;2;2;21;1;
57962;202000037966;154 675 625;B01;2;7;0;2;6;2;1;
57963;202000037967;154 675 622;A01;2;10;0;2;4;1;1;
57964;202000037967;154 675 623;B01;2;10;0;2;1;2;1;
57965;202000037969;154 675 616;B01;2;7;3;2;5;1;1;
57966;202000037969;154 675 617;A01;2;7;3;2;1;1;1;
57967;202000037971;154 675 619;A01;1;7;0;2;2;1;1;
57968;202000037971;154 675 621;B01;3;1;0;2;3;26;5;
57969;202000037972;154 675 611;A01;1;31;0;0;0;26;1;
57970;202000037973;154 675 607;D01;1;7;0;2;1;1;2;
57971;202000037973;154 675 610;C01;1;7;0;2;4;1;1;
57972;202000037973;154 675 612;B01;1;7;0;2;4;1;1;
57973;202000037973;154 675 613;A01;1;7;0;2;1;2;1;
57974;202000037975;154 675 606;B01;1;33;0;2;8;3;1;
57975;202000037975;154 675 608;A01;1;7;0;2;2;12;1;
57976;202000037976;154 675 604;B01;2;7;0;2;4;2;1;
57977;202000037976;154 675 605;A01;2;10;0;2;1;2;1;
57978;202000037977;154 675 601;A01;1;7;0;1;2;1;1;
57979;202000037978;154 675 602;A01;2;7;0;0;9;1;1;
57980;202000037979;154 675 599;A01;2;7;13;0;2;1;1;
57981;202000037980;154 675 598;A01;2;7;4;0;1;1;1;
57982;202000037981;154 675 596;A01;2;7;0;0;0;1;1;
57983;202000037981;154 675 597;B01;1;33;0;0;0;21;1;
57984;202000037982;154 675 600;B01;1;7;0;2;3;9;1;
57985;202000037982;154 675 603;A01;1;33;0;2;2;3;1;
57986;202000037983;154 675 592;A01;1;7;0;2;1;13;1;
57987;202000037983;154 675 594;B01;2;7;0;2;1;1;1;
57988;202000037984;154 675 591;A01;2;7;0;2;3;9;1;
57989;202000037984;154 675 593;B01;2;17;0;2;5;2;1;
57990;202000037985;154 675 590;A01;1;7;0;2;2;13;1;
57991;202000037985;154 675 595;B01;2;7;0;2;1;1;1;
57992;202000037986;154 675 588;A01;1;7;0;2;2;5;1;
57993;202000037986;154 675 589;B01;2;7;0;2;1;5;1;
57994;202000037987;154 675 587;A01;1;7;14;1;2;23;0;
57995;202000037988;154 675 585;B01;2;7;0;2;1;1;2;
57996;202000037988;154 675 586;A01;2;7;12;2;1;11;1;
57997;202000037989;154 675 581;A01;2;7;0;2;2;1;1;
57998;202000037989;154 675 583;B01;1;2;0;2;1;15;1;
57999;202000037990;154 675 582;B01;3;2;0;0;5;1;1;
58000;202000037990;154 675 584;A01;3;7;0;2;2;9;1;
58001;202000037991;154 675 580;A01;1;10;16;1;1;1;1;
58002;202000037992;154 675 576;B01;2;31;0;2;1;17;1;
58003;202000037992;154 675 578;A01;2;7;0;0;6;15;1;
58004;202000037993;154 675 575;B01;3;43;0;2;7;21;1;
58005;202000037993;154 675 579;A01;3;7;0;2;4;4;1;
58006;202000037994;154 675 574;B01;3;2;0;2;1;1;1;
58007;202000037994;154 675 577;CA01;3;7;0;2;7;15;1;
58008;202000037995;154 675 573;A01;2;7;0;1;3;2;1;
58009;202000037996;154 675 572;A01;1;7;0;1;2;16;1;
58010;202000037997;154 675 569;A01;0;50;0;2;1;1;3;
58011;202000037997;154 675 570;B01;0;7;0;2;1;1;1;
58012;202000037998;154 675 571;A01;2;7;13;0;0;0;0;
58013;202000037999;154 675 567;B01;1;31;8;0;1;8;1;
58014;202000037999;154 675 568;A01;2;7;8;0;3;26;1;
58015;202000038000;154 675 565;B01;2;33;0;2;1;1;0;
58016;202000038000;154 675 566;A01;3;7;0;2;2;16;0;
58017;202000038001;154 675 562;A01;1;7;9;0;3;1;1;
58018;202000038001;154 675 564;B01;1;7;0;0;0;11;1;
58019;202000038002;154 675 560;C01;1;7;0;2;3;1;1;
58020;202000038002;154 675 561;B01;1;7;0;2;4;15;1;
58021;202000038002;154 675 563;A01;1;7;0;2;1;9;1;
58022;202000038003;154 675 559;B01;2;1;0;1;1;1;5;
58023;202000038004;154 675 556;D01;3;7;0;2;3;15;1;
58024;202000038004;154 675 558;A01;2;33;0;2;7;17;1;
58025;202000038005;154 675 557;A01;3;30;0;0;0;0;1;
58026;202000038006;154 675 555;A01;0;7;0;1;0;1;1;
58027;202000038007;154 675 553;A01;2;7;0;1;1;19;0;
58028;202000038008;154 675 550;B01;1;7;0;2;2;15;1;
58029;202000038008;154 675 551;A01;2;7;0;2;8;1;1;
58030;202000038009;154 675 549;A01;1;7;2;0;8;0;1;
58031;202000038010;154 675 548;A01;1;14;0;0;9;2;1;
58032;202000038011;154 675 546;B01;1;50;0;2;1;1;3;
58033;202000038011;154 675 547;A01;3;34;0;9;7;23;1;
58034;202000038012;154 675 544;A01;1;2;0;0;2;1;1;
58035;202000038013;154 675 543;B01;1;7;0;2;2;1;1;
58036;202000038013;154 675 545;A01;1;14;0;2;6;9;1;
58037;202000038015;154 675 541;A01;2;7;0;1;2;21;1;
58038;202000038016;154 675 540;A01;3;7;13;0;1;13;1;
58039;202000038017;154 675 536;B01;1;7;4;2;1;2;1;
58040;202000038017;154 675 538;A01;1;7;0;2;3;19;1;
58041;202000038018;154 675 535;A01;0;2;7;0;1;17;1;
58042;202000038019;154 675 537;B01;2;7;0;2;8;1;1;
58043;202000038019;154 675 539;A01;1;7;0;2;2;15;1;
58044;202000038020;154 675 533;A01;3;33;0;2;7;13;1;
58045;202000038020;154 675 534;B01;3;13;0;2;6;20;1;
58046;202000038021;154 675 532;A01;0;7;0;1;2;16;0;
58047;202000038023;154 675 527;B01;0;2;0;2;4;1;0;
58048;202000038023;154 675 529;A01;0;7;0;2;2;9;0;
58049;202000038025;154 675 524;A01;1;7;0;2;1;1;1;
58050;202000038025;154 675 525;B01;1;7;0;2;3;9;1;
58051;202000038026;154 675 519;B01;2;7;0;2;7;1;1;
58052;202000038026;154 675 522;A01;1;7;0;2;1;9;1;
58053;202000038027;154 675 521;A01;1;31;0;2;1;1;1;
58054;202000038027;154 675 523;B01;3;7;0;2;6;9;1;
58055;202000038028;154 675 518;A01;2;7;0;2;8;9;1;
58056;202000038028;154 675 520;B01;1;33;0;2;1;1;1;
58057;202000038029;154 675 516;A01;2;1;0;0;1;1;5;
58058;202000038030;154 675 512;B01;1;33;0;2;7;1;1;
58059;202000038030;154 675 515;A01;0;7;0;2;1;15;1;
58060;202000038032;154 675 510;A01;2;7;0;1;2;15;1;
58061;202000038033;154 675 509;A01;0;7;0;1;1;1;2;
58062;202000038034;154 675 507;B01;1;7;0;2;1;1;1;
58063;202000038034;154 675 508;A01;2;7;0;2;1;13;1;
58064;202000038035;154 675 506;A01;2;33;14;0;1;17;1;
58065;202000038036;154 675 504;B01;1;7;0;9;7;1;1;
58066;202000038036;154 675 505;A01;2;1;0;2;2;5;5;
58067;202000038037;154 675 498;A01;3;7;0;1;4;20;1;
58068;202000038038;154 675 496;B01;1;7;0;2;4;23;1;
58069;202000038038;154 675 497;A01;1;30;0;2;1;2;1;
58070;202000038039;154 675 499;A01;2;7;0;2;3;0;1;
58071;202000038039;154 675 500;B01;1;7;0;2;2;0;1;
58072;202000038040;154 675 495;A01;1;7;0;2;9;1;1;
58073;202000038041;154 675 493;A01;1;7;0;2;3;2;0;
58074;202000038041;154 675 494;B01;2;7;0;2;6;2;0;
58075;202000038042;154 675 489;A01;0;7;0;2;2;1;1;
58076;202000038042;154 675 490;B01;0;7;0;2;4;0;1;
58077;202000038042;154 675 491;C01;0;7;0;2;6;1;1;
58078;202000038042;154 675 492;D01;0;7;0;2;0;1;1;
58079;202000038043;154 675 487;B01;3;1;0;2;1;9;5;
58080;202000038043;154 675 488;A01;3;7;0;2;8;1;1;
58081;202000038044;154 675 483;C01;2;7;0;2;3;23;0;
58082;202000038044;154 675 485;B01;1;31;0;2;3;1;1;
58083;202000038044;154 675 486;A01;2;7;0;2;1;15;1;
58084;202000038045;154 675 480;B01;1;1;0;2;0;0;0;
58085;202000038045;154 675 481;A01;1;7;0;2;7;1;0;
58086;202000038046;154 675 478;A01;1;7;0;1;1;1;1;
58087;202000038048;154 675 475;B01;2;7;0;2;6;15;1;
58088;202000038048;154 675 477;A01;1;30;0;2;3;1;1;
58089;202000038049;154 675 472;A01;1;2;14;2;1;1;1;
58090;202000038049;154 675 474;B01;2;21;0;2;8;6;1;
58091;202000038050;154 675 471;B01;0;7;0;2;8;0;0;
58092;202000038050;154 675 473;A01;0;7;0;2;1;1;1;
58093;202000038051;154 675 469;A01;1;7;0;1;2;1;1;
58094;202000038052;154 675 468;B01;1;7;13;2;3;0;0;
58095;202000038052;154 675 470;A01;2;7;0;2;3;13;1;
58096;202000038053;154 675 464;B01;2;7;0;2;4;23;1;
58097;202000038053;154 675 465;A01;2;7;0;2;1;1;1;
58098;202000038054;154 675 461;B01;1;14;0;1;6;24;1;
58099;202000038054;154 675 463;A01;1;7;1;2;1;1;1;
58100;202000038055;154 675 460;B01;0;7;0;2;8;1;1;
58101;202000038055;154 675 462;A01;0;7;0;2;1;1;1;
58102;202000038057;154 675 454;B01;2;7;0;2;1;1;1;
58103;202000038057;154 675 456;A01;1;7;0;2;1;13;1;
58104;202000038058;154 675 453;C01;2;7;0;2;4;1;2;
58105;202000038058;154 675 455;D01;2;7;0;2;1;17;1;
58106;202000038058;154 675 457;A01;2;7;0;2;1;2;1;
58107;202000038058;154 675 458;B01;2;7;0;2;4;2;1;
58108;202000038059;154 675 451;B01;3;7;0;2;4;2;1;
58109;202000038059;154 675 452;A01;3;7;0;2;1;2;1;
58110;202000038060;154 675 450;A01;1;7;0;1;1;15;1;
58111;202000038062;154 675 443;A01;1;7;0;2;4;17;1;
58112;202000038062;154 675 444;C01;1;7;0;2;1;16;1;
58113;202000038062;154 675 445;B01;1;7;0;2;1;17;1;
58114;202000038062;154 675 446;D01;1;7;0;2;1;17;1;
58115;202000038062;154 675 447;E01;1;10;14;0;1;17;1;
58116;202000038063;154 675 441;A01;2;32;16;0;3;1;1;
58117;202000038064;154 675 440;A01;1;7;0;2;4;5;1;
58118;202000038064;154 675 442;B01;1;7;0;2;1;1;0;
58119;202000038065;154 675 436;B01;2;17;0;2;3;1;1;
58120;202000038065;154 675 438;A01;2;34;0;2;2;12;1;
58121;202000038066;154 675 437;A01;0;7;0;2;0;0;1;
58122;202000038066;154 675 439;B01;3;7;0;0;0;0;1;
58123;202000038067;154 675 435;A01;3;33;0;2;0;0;1;
58124;202000038068;154 675 433;A01;1;7;0;2;4;2;1;
58125;202000038068;154 675 434;B01;1;33;0;2;1;2;1;
58126;202000038069;154 675 431;A01;3;60;0;0;0;26;5;
58127;202000038070;154 675 430;A01;3;80;0;2;0;15;3;
58128;202000038070;154 675 432;B01;3;7;0;0;0;0;1;
58129;202000038071;154 675 428;A01;0;33;0;2;1;16;1;
58130;202000038071;154 675 429;AB01;3;7;0;2;8;1;1;
58131;202000038072;154 675 426;A01;1;1;0;2;1;1;5;
58132;202000038072;154 675 427;B01;1;7;0;9;0;0;1;
58133;202000038073;154 675 424;B01;2;7;0;0;4;2;1;
58134;202000038073;154 675 425;A01;2;33;0;2;1;2;1;
58135;202000038074;154 675 421;C01;2;7;0;2;4;2;1;
58136;202000038074;154 675 422;B01;2;7;0;2;4;2;1;
58137;202000038074;154 675 423;A01;2;7;0;2;1;2;1;
58138;202000038075;154 675 419;B01;2;7;0;2;7;0;0;
58139;202000038075;154 675 420;A01;1;7;0;2;1;1;6;
58140;202000038077;154 675 415;A01;2;14;0;2;1;26;1;
58141;202000038077;154 675 416;B01;2;7;0;2;0;1;1;
58142;202000038078;154 675 413;A01;1;7;0;2;7;1;1;
58143;202000038078;154 675 414;B01;1;7;0;2;1;1;1;
58144;202000038079;154 675 411;B01;2;7;0;2;4;2;1;
58145;202000038079;154 675 412;A01;2;38;0;2;1;2;1;1.0
58146;202000038080;154 675 409;B01;2;33;0;2;4;2;0;
58147;202000038080;154 675 410;A01;2;7;0;2;3;1;0;
58148;202000038081;154 675 407;B01;2;33;0;2;1;2;1;
58149;202000038081;154 675 408;A01;2;7;0;2;6;26;1;
58150;202000038082;154 675 405;B01;1;7;0;2;5;1;1;
58151;202000038082;154 675 406;A01;2;7;0;2;3;1;1;
58152;202000038083;154 675 404;A01;2;30;12;0;3;13;1;
58153;202000038084;154 675 402;Z01;1;7;0;2;1;2;0;
58154;202000038084;154 675 403;A01;1;7;1;0;4;9;1;
58155;202000038086;154 675 400;A01;1;1;0;0;1;1;5;
58156;202000038087;154 675 399;A01;1;7;0;1;3;16;1;
58157;202000038088;154 675 397;A01;1;30;0;2;1;2;1;
58158;202000038088;154 675 398;B01;1;7;0;2;4;23;1;
58159;202000038089;154 675 395;B01;0;7;0;2;2;1;1;
58160;202000038089;154 675 396;A01;0;50;0;2;1;16;3;
58161;202000038090;154 675 393;D01;0;7;0;2;1;0;-1;
58162;202000038090;154 675 394;B01;0;2;0;2;1;1;1;
58163;202000038091;154 675 391;A01;1;31;0;2;7;17;0;
58164;202000038091;154 675 392;B01;1;7;0;2;8;17;0;
58165;202000038092;154 675 389;A01;2;37;1;0;7;17;0;1.0
58166;202000038092;154 675 390;B01;2;20;0;0;8;24;0;
58167;202000038093;154 675 387;A01;3;7;0;2;2;15;1;
58168;202000038093;154 675 388;B01;3;2;0;2;1;1;1;
58169;202000038094;154 675 385;B01;2;7;0;2;6;1;1;
58170;202000038094;154 675 386;A01;1;7;0;2;8;1;1;
58171;202000038095;154 675 384;A01;3;50;0;0;0;0;3;
58172;202000038096;154 675 382;B01;2;1;0;2;0;15;5;
58173;202000038096;154 675 383;A01;1;7;0;2;0;1;1;
58174;202000038097;154 675 380;B01;2;7;0;2;2;1;1;
58175;202000038097;154 675 381;A01;1;7;0;2;2;15;1;
58176;202000038098;154 675 378;A01;2;1;0;2;1;13;2;
58177;202000038098;154 675 379;B01;0;7;0;2;1;1;0;
58178;202000038099;154 675 377;A01;3;7;0;1;1;19;1;
58179;202000038100;154 675 376;Z01;1;7;0;1;2;1;6;
58180;202000038102;154 675 373;A01;1;30;3;0;0;1;0;
58181;202000038103;154 675 372;A01;2;7;17;0;1;13;1;
58182;202000038104;154 675 370;B01;1;7;0;2;3;5;1;
58183;202000038104;154 675 371;A01;2;33;0;2;3;5;1;
58184;202000038105;154 675 368;B01;2;2;0;2;1;1;1;
58185;202000038105;154 675 369;A01;1;7;0;2;3;17;1;
58186;202000038106;154 675 367;A01;2;7;4;0;1;1;1;
58187;202000038107;154 675 366;A01;1;33;0;0;0;1;1;
58188;202000038109;154 675 361;A01;1;7;4;0;1;1;1;
58189;202000038110;154 675 359;A01;1;33;0;2;3;1;1;
58190;202000038110;154 675 360;B01;1;7;0;2;2;9;1;
58191;202000038112;154 675 355;A01;1;7;0;2;0;3;1;
58192;202000038112;154 675 356;B01;1;7;0;2;2;1;1;
58193;202000038112;154 675 357;C01;1;7;0;0;8;1;1;
58194;202000038113;154 675 352;B01;1;2;0;2;1;1;1;
58195;202000038113;154 675 353;A01;1;7;0;2;2;1;1;
58196;202000038114;154 675 350;A01;1;33;0;2;9;13;1;
58197;202000038114;154 675 351;B01;2;33;0;2;1;1;1;
58198;202000038116;154 675 348;A01;1;7;16;0;9;0;1;
58199;202000038117;154 675 347;A01;1;7;4;0;1;0;1;
58200;202000038118;154 675 345;A01;3;31;0;0;8;19;1;
58201;202000038118;154 675 346;B01;3;34;0;0;2;26;0;
58202;202000038119;154 675 344;A01;1;33;7;0;1;1;1;
58203;202000038120;154 675 343;A01;1;7;3;0;1;1;1;
58204;202000038121;154 675 342;A01;1;33;0;0;0;21;1;
58205;202000038122;154 675 340;A01;1;33;13;0;2;1;1;
58206;202000038123;154 675 339;A01;2;7;7;0;1;1;1;
58207;202000038124;154 675 338;A01;1;2;13;0;1;14;1;
58208;202000038125;154 675 337;A01;0;1;0;9;0;0;5;
58209;202000038126;154 675 335;B01;3;1;0;2;1;1;5;
58210;202000038126;154 675 336;A01;3;7;0;9;2;1;1;
58211;202000038128;154 675 333;A01;1;1;0;0;0;1;5;
58212;202000038129;154 675 331;A01;1;20;0;2;1;26;1;
58213;202000038129;154 675 332;B01;1;7;0;2;4;1;1;
58214;202000038130;154 675 329;B01;2;10;0;2;6;1;1;
58215;202000038130;154 675 330;A01;2;34;0;2;1;0;1;
58216;202000038131;154 675 327;B01;1;17;0;2;6;1;1;
58217;202000038131;154 675 328;A01;1;7;0;2;2;14;1;
58218;202000038133;154 675 321;A01;1;7;0;2;1;2;1;
58219;202000038133;154 675 322;B01;1;7;0;2;4;2;1;
58220;202000038133;154 675 323;C01;1;7;0;2;1;2;1;
58221;202000038133;154 675 324;D01;1;7;0;2;4;2;1;
58222;202000038134;154 675 320;A01;1;7;3;0;0;1;1;
58223;202000038136;154 675 318;A01;2;7;3;0;1;2;1;
58224;202000038137;154 675 316;B01;1;38;0;2;5;1;1;1.0
58225;202000038137;154 675 317;A01;1;7;0;2;1;12;1;
58226;202000038138;154 675 314;B01;1;33;0;2;1;2;1;
58227;202000038138;154 675 315;A01;1;7;0;2;4;2;1;