;Num_Acc;id_vehicule;num_veh;senc;catv;obs;obsm;choc;manv;motor;occutc
58228;202000038140;154 675 312;B01;1;7;1;0;1;2;1;
58229;202000038142;154 675 307;D01;1;10;0;2;4;2;1;
58230;202000038142;154 675 308;C01;1;7;0;2;4;2;1;
58231;202000038142;154 675 309;B01;1;7;0;2;4;2;1;
58232;202000038142;154 675 310;A01;1;10;0;2;1;2;1;
58233;202000038143;154 675 306;A01;1;33;14;0;1;9;1;
58234;202000038144;154 675 304;A01;2;7;0;2;4;23;1;
58235;202000038144;154 675 305;B01;2;7;0;2;1;11;1;
58236;202000038145;154 675 303;A01;1;33;4;0;8;0;1;
58237;202000038146;154 675 302;A01;0;7;0;1;7;1;1;
58238;202000038147;154 675 301;A01;1;7;0;1;1;1;1;
58239;202000038148;154 675 300;A01;3;7;0;1;6;4;1;
58240;202000038149;154 675 299;A01;2;7;0;1;8;14;1;
58241;202000038150;154 675 297;B01;3;7;0;2;4;1;0;
58242;202000038150;154 675 298;A01;3;7;0;2;1;1;0;
58243;202000038151;154 675 295;A01;2;7;0;2;3;9;0;
58244;202000038151;154 675 296;B01;2;31;0;2;1;2;0;
58245;202000038152;154 675 293;B01;2;7;0;2;1;15;1;
58246;202000038152;154 675 294;A01;1;7;15;2;3;1;1;
58247;202000038153;154 675 292;A01;1;7;8;0;1;1;1;
58248;202000038154;154 675 290;A01;3;7;0;2;1;2;1;
58249;202000038154;154 675 291;B01;3;7;0;2;4;2;1;
58250;202000038156;154 675 287;B01;2;7;0;2;1;1;1;
58251;202000038156;154 675 288;A01;1;7;0;2;1;5;1;
58252;202000038157;154 675 286;A01;3;99;0;0;0;0;0;
58253;202000038159;154 675 283;A01;3;7;0;1;3;15;1;
58254;202000038160;154 675 281;A01;3;7;0;2;3;26;1;
58255;202000038160;154 675 282;B01;1;33;0;2;1;1;1;
58256;202000038161;154 675 280;A01;2;31;0;1;1;17;0;
58257;202000038162;154 675 279;A01;3;7;3;0;1;1;1;
58258;202000038164;154 675 277;A01;2;7;0;1;2;1;0;
58259;202000038165;154 675 275;A01;2;7;0;2;5;1;1;
58260;202000038165;154 675 276;B01;2;7;0;2;2;15;1;
58261;202000038168;154 675 269;B01;1;33;0;2;4;2;1;
58262;202000038168;154 675 270;A01;1;7;0;2;1;2;1;
58263;202000038170;154 675 266;B01;1;33;0;2;3;1;1;
58264;202000038170;154 675 267;A01;2;7;0;2;1;15;1;
58265;202000038171;154 675 264;B01;2;31;0;2;8;1;1;
58266;202000038171;154 675 265;A01;2;7;0;2;7;12;1;
58267;202000038172;154 675 262;B01;3;7;0;2;1;1;1;
58268;202000038172;154 675 263;A01;3;2;0;2;1;26;1;
58269;202000038173;154 675 260;A01;3;1;0;2;1;1;5;
58270;202000038173;154 675 261;B01;3;7;0;2;6;1;1;
58271;202000038174;154 675 258;B01;1;1;0;2;8;1;0;
58272;202000038174;154 675 259;A01;1;7;0;9;1;16;1;
58273;202000038175;154 675 257;A01;1;7;1;0;2;14;1;
58274;202000038176;154 675 254;A01;2;10;0;2;1;2;1;
58275;202000038176;154 675 255;C01;2;7;0;2;1;2;1;
58276;202000038176;154 675 256;B01;2;7;0;2;4;2;1;
58277;202000038177;154 675 251;A01;2;10;0;2;1;2;1;
58278;202000038177;154 675 252;B01;2;10;0;2;1;2;1;
58279;202000038177;154 675 253;C01;2;10;0;2;4;2;1;
58280;202000038178;154 675 249;B01;2;2;0;2;1;13;1;
58281;202000038178;154 675 250;A01;1;7;0;2;6;1;1;
58282;202000038179;154 675 247;A01;1;7;0;2;8;10;1;
58283;202000038179;154 675 248;B01;2;2;0;2;1;1;1;
58284;202000038180;154 675 245;A01;1;10;6;2;0;6;1;
58285;202000038180;154 675 246;B01;1;10;0;0;0;2;1;
58286;202000038181;154 675 243;A01;2;1;0;0;0;1;5;
58287;202000038181;154 675 244;Z01;2;10;0;0;0;20;0;
58288;202000038182;154 675 242;B01;3;1;1;0;0;0;5;
58289;202000038183;154 675 240;B01;1;37;0;2;1;1;2;4.0
58290;202000038183;154 675 241;A01;1;7;0;2;7;1;1;
58291;202000038184;154 675 239;A01;1;7;0;0;1;1;1;
58292;202000038185;154 675 238;A01;3;33;0;0;0;26;1;
58293;202000038186;154 675 236;A01;1;7;0;2;3;20;1;
58294;202000038186;154 675 237;B01;1;33;0;2;4;21;1;
58295;202000038187;154 675 234;B01;3;7;0;2;0;0;1;
58296;202000038187;154 675 235;A01;3;7;0;2;4;1;1;
58297;202000038189;154 675 231;A01;2;7;13;0;2;1;1;
58298;202000038190;154 675 229;A01;1;7;0;2;2;1;1;
58299;202000038190;154 675 230;B01;1;31;0;2;1;2;1;
58300;202000038191;154 675 227;A01;2;7;0;2;2;9;1;
58301;202000038191;154 675 228;B01;2;7;9;0;1;0;1;
58302;202000038192;154 675 226;A01;2;2;1;0;1;1;1;
58303;202000038193;154 675 225;A01;2;33;0;0;8;16;1;
58304;202000038194;154 675 224;A01;1;10;0;1;1;1;1;
58305;202000038195;154 675 222;B01;2;33;0;2;2;17;1;
58306;202000038195;154 675 223;A01;2;7;0;2;3;15;1;
58307;202000038196;154 675 221;A01;1;33;0;0;8;26;1;
58308;202000038197;154 675 220;A01;0;31;1;0;6;14;1;
58309;202000038198;154 675 219;A01;1;7;0;1;3;1;1;
58310;202000038199;154 675 218;A01;3;7;1;0;2;1;1;
58311;202000038200;154 675 216;A01;3;7;0;2;3;11;1;
58312;202000038200;154 675 217;B01;3;2;0;2;5;12;1;
58313;202000038201;154 675 214;B01;3;1;0;2;0;0;5;
58314;202000038201;154 675 215;A01;3;7;0;2;2;2;1;
58315;202000038202;154 675 213;A01;0;30;0;1;0;1;0;
58316;202000038204;154 675 208;B01;3;7;0;2;4;0;1;
58317;202000038204;154 675 209;C01;3;7;0;2;4;2;1;
58318;202000038204;154 675 210;A01;3;10;0;2;1;2;1;
58319;202000038205;154 675 207;A01;0;7;0;1;1;26;1;
58320;202000038206;154 675 206;A01;2;40;0;1;3;26;3;
58321;202000038207;154 675 204;A01;1;7;0;2;2;15;1;
58322;202000038207;154 675 205;B01;2;7;0;2;1;1;1;
58323;202000038208;154 675 203;A01;1;7;0;1;7;1;1;
58324;202000038210;154 675 200;A01;1;7;8;0;1;1;1;
58325;202000038211;154 675 198;B01;2;7;0;0;0;0;0;
58326;202000038211;154 675 199;A01;1;7;0;0;1;9;0;
58327;202000038212;154 675 197;A01;1;7;0;1;1;1;1;
58328;202000038213;154 675 195;A01;1;7;0;2;1;1;1;
58329;202000038213;154 675 196;B01;1;31;0;2;7;1;1;
58330;202000038214;154 675 192;B01;1;7;0;2;3;15;1;
58331;202000038214;154 675 193;A01;1;33;0;2;1;17;1;
58332;202000038215;154 675 191;A01;1;7;13;0;2;14;1;
58333;202000038216;154 675 190;A01;1;7;3;0;0;14;1;
58334;202000038217;154 675 187;A01;1;7;0;2;3;13;1;
58335;202000038217;154 675 188;B01;2;7;0;2;1;1;1;
58336;202000038217;154 675 189;C01;1;7;0;2;1;1;1;
58337;202000038218;154 675 182;E01;0;7;0;2;4;1;0;
58338;202000038218;154 675 183;A01;0;7;0;2;1;1;1;
58339;202000038218;154 675 184;B01;0;7;0;2;4;1;0;
58340;202000038218;154 675 185;C01;0;7;0;2;4;1;0;
58341;202000038218;154 675 186;D01;0;7;0;2;4;1;0;
58342;202000038219;154 675 180;A01;1;7;0;2;2;15;1;
58343;202000038219;154 675 181;B01;2;30;0;2;1;2;1;
58344;202000038220;154 675 178;A01;1;7;0;2;1;15;1;
58345;202000038220;154 675 179;B01;1;32;0;2;7;0;0;
58346;202000038221;154 675 177;A01;2;34;0;1;1;1;1;
58347;202000038222;154 675 176;A01;2;7;8;0;2;16;1;
58348;202000038223;154 675 172;B01;2;7;0;2;4;2;1;
58349;202000038223;154 675 173;A01;2;7;0;2;1;2;1;
58350;202000038224;154 675 170;B01;1;7;0;2;4;23;1;
58351;202000038224;154 675 171;A01;1;33;0;2;2;2;1;
58352;202000038225;154 675 168;A01;2;1;0;2;3;15;5;
58353;202000038225;154 675 169;B01;1;7;0;2;2;1;1;
58354;202000038226;154 675 166;B01;2;33;0;2;1;1;1;
58355;202000038226;154 675 167;A01;1;7;0;2;2;15;1;
58356;202000038227;154 675 164;A01;2;7;0;2;1;1;1;
58357;202000038227;154 675 165;B01;1;7;0;2;4;23;1;
58358;202000038228;154 675 162;B01;2;50;0;2;1;9;3;
58359;202000038228;154 675 163;A01;2;7;0;2;3;17;1;
58360;202000038229;154 675 160;Z01;2;7;0;2;3;5;1;
58361;202000038229;154 675 161;A01;1;1;0;2;1;13;5;
58362;202000038230;154 675 159;A01;1;33;1;1;2;21;1;
58363;202000038231;154 675 157;B01;1;7;0;2;2;16;1;
58364;202000038231;154 675 158;A01;1;32;0;2;8;1;1;
58365;202000038232;154 675 155;A01;1;7;0;2;2;10;1;
58366;202000038232;154 675 156;B01;1;7;0;2;3;1;1;
58367;202000038233;154 675 153;B01;1;1;0;2;1;1;5;
58368;202000038233;154 675 154;A01;1;7;0;2;2;16;1;
58369;202000038234;154 675 151;B01;3;31;0;2;5;1;1;
58370;202000038234;154 675 152;A01;3;7;0;2;5;15;1;
58371;202000038235;154 675 149;A01;1;30;0;2;1;2;1;
58372;202000038235;154 675 150;B01;1;33;0;2;7;1;1;
58373;202000038236;154 675 147;A01;1;30;0;2;8;15;1;
58374;202000038236;154 675 148;B01;1;43;0;2;2;1;1;
58375;202000038237;154 675 146;A01;1;30;14;0;1;13;1;
58376;202000038238;154 675 144;B01;1;50;0;2;3;5;3;
58377;202000038238;154 675 145;A01;1;7;0;2;2;15;1;
58378;202000038239;154 675 142;B01;2;1;0;2;1;1;5;
58379;202000038239;154 675 143;A01;1;32;0;2;5;15;1;
58380;202000038240;154 675 140;B01;1;1;0;2;1;1;5;
58381;202000038240;154 675 141;A01;2;7;0;2;2;16;1;
58382;202000038241;154 675 138;A01;2;34;0;2;1;1;1;
58383;202000038241;154 675 139;B01;2;7;0;2;4;23;1;
58384;202000038242;154 675 136;B01;1;10;0;2;5;23;1;
58385;202000038242;154 675 137;A01;1;43;1;0;3;21;1;
58386;202000038243;154 675 133;C01;1;33;0;2;4;1;1;
58387;202000038243;154 675 134;A01;1;7;0;2;5;16;1;
58388;202000038243;154 675 135;B01;1;33;0;2;3;1;1;
58389;202000038244;154 675 131;A01;1;10;0;2;4;14;0;
58390;202000038244;154 675 132;B01;2;33;0;0;1;1;0;
58391;202000038245;154 675 129;Z01;2;7;0;2;1;2;0;
58392;202000038245;154 675 130;B01;1;7;0;2;4;23;0;
58393;202000038246;154 675 128;A01;3;7;8;0;1;14;1;
58394;202000038247;154 675 126;A01;1;7;0;2;1;26;1;
58395;202000038247;154 675 127;B01;1;7;0;2;3;15;3;
58396;202000038248;154 675 124;B01;0;7;0;2;1;0;1;
58397;202000038248;154 675 125;A01;3;7;0;2;8;9;1;
58398;202000038249;154 675 122;A01;1;7;0;2;4;23;1;
58399;202000038249;154 675 123;B01;1;7;0;2;1;1;1;
58400;202000038250;154 675 120;A01;2;33;0;2;1;17;1;
58401;202000038250;154 675 121;B01;1;7;0;2;2;1;1;
58402;202000038251;154 675 119;A01;1;7;0;1;5;1;1;
58403;202000038253;154 675 116;A01;2;38;0;1;3;24;1;1.0
58404;202000038254;154 675 115;A01;3;32;0;1;1;1;0;
58405;202000038255;154 675 114;A01;1;7;0;1;2;2;1;
58406;202000038256;154 675 112;B01;2;2;0;2;2;15;1;
58407;202000038256;154 675 113;A01;1;7;0;2;3;19;1;
58408;202000038257;154 675 110;A01;1;7;0;2;1;1;1;
58409;202000038257;154 675 111;B01;1;7;0;2;4;1;1;
58410;202000038258;154 675 108;A01;1;32;0;2;2;17;1;
58411;202000038258;154 675 109;B01;1;7;0;2;3;15;1;
58412;202000038259;154 675 107;A01;2;7;8;0;1;1;1;
58413;202000038260;154 675 105;A01;2;7;0;2;3;0;0;
58414;202000038260;154 675 106;B01;2;30;0;2;0;0;0;
58415;202000038261;154 675 104;A01;1;14;0;0;2;1;1;
58416;202000038262;154 675 103;A01;1;7;2;0;9;1;1;
58417;202000038263;154 675 101;A01;2;33;0;2;1;1;1;
58418;202000038263;154 675 102;B01;2;7;0;2;7;20;1;
58419;202000038264;154 675 099;A01;2;7;0;2;3;13;1;
58420;202000038264;154 675 100;B01;1;21;0;2;3;1;1;
58421;202000038265;154 675 097;B01;1;7;0;2;3;1;1;
58422;202000038265;154 675 098;A01;2;7;0;2;7;15;1;
58423;202000038267;154 675 093;B01;2;7;0;2;7;15;1;
58424;202000038267;154 675 094;A01;1;33;0;2;1;1;1;
58425;202000038268;154 675 092;A01;3;7;2;0;3;0;1;
58426;202000038269;154 675 091;A01;3;36;0;0;7;1;1;
58427;202000038270;154 675 090;A01;2;33;1;0;1;26;1;
58428;202000038272;154 675 087;B01;2;21;0;2;6;15;1;
58429;202000038272;154 675 088;A01;2;33;0;2;1;17;1;
58430;202000038273;154 675 086;A01;0;7;0;1;3;1;0;
58431;202000038274;154 675 085;A01;1;7;15;0;1;13;1;
58432;202000038275;154 675 083;B01;1;7;0;2;2;1;1;
58433;202000038275;154 675 084;A01;1;7;0;2;1;9;1;
58434;202000038276;154 675 080;B01;1;7;7;0;1;21;1;
58435;202000038276;154 675 081;C01;1;7;2;0;1;21;1;
58436;202000038276;154 675 082;A01;2;7;0;0;0;9;1;
58437;202000038277;154 675 079;A01;2;7;15;0;2;1;1;
58438;202000038278;154 675 078;A01;1;7;0;0;0;1;1;
58439;202000038279;154 675 077;A01;2;33;3;0;3;1;1;
58440;202000038280;154 675 075;A01;2;7;0;2;3;1;1;
58441;202000038280;154 675 076;B01;1;15;0;2;3;1;1;
58442;202000038281;154 675 074;A01;2;7;13;0;9;13;1;
58443;202000038282;154 675 070;B01;1;10;0;2;3;9;1;
58444;202000038282;154 675 071;A01;2;33;0;2;2;21;1;
58445;202000038283;154 675 069;A01;1;7;3;0;2;1;1;
58446;202000038284;154 675 068;A01;0;2;13;0;0;1;1;
58447;202000038285;154 675 066;A01;2;33;2;0;1;14;1;
58448;202000038285;154 675 067;B01;2;33;16;0;8;1;1;
58449;202000038287;154 675 062;A01;2;7;0;2;2;15;1;
58450;202000038287;154 675 063;B01;1;33;0;2;7;1;1;
58451;202000038288;154 675 061;A01;2;7;13;0;3;13;1;
58452;202000038289;154 675 060;A01;1;7;2;0;1;1;1;
58453;202000038290;154 675 057;C01;2;33;0;2;1;1;1;
58454;202000038290;154 675 058;A01;1;7;13;2;1;1;1;
58455;202000038290;154 675 059;B01;2;7;0;2;4;1;1;
58456;202000038291;154 675 056;A01;1;7;0;1;2;1;1;
58457;202000038292;154 675 055;A01;2;7;13;0;1;1;1;
58458;202000038293;154 675 053;B01;2;7;0;2;3;2;1;
58459;202000038293;154 675 054;A01;1;7;0;2;1;13;1;
58460;202000038294;154 675 051;B01;1;7;0;0;7;21;1;
58461;202000038294;154 675 052;A01;2;7;15;0;2;5;1;
58462;202000038295;154 675 048;A01;2;33;0;2;5;3;1;
58463;202000038295;154 675 049;B01;2;7;0;2;3;1;1;
58464;202000038295;154 675 050;C01;2;10;0;2;7;1;1;
58465;202000038296;154 675 046;A01;2;10;0;2;1;2;1;
58466;202000038296;154 675 047;B01;2;10;3;0;4;1;1;
58467;202000038297;154 675 044;B01;2;7;0;-1;1;1;-1;
58468;202000038297;154 675 045;A01;2;7;-1;-1;4;1;-1;
58469;202000038299;154 675 041;B01;2;7;0;2;5;1;1;
58470;202000038299;154 675 042;A01;2;31;0;2;1;18;1;
58471;202000038300;154 675 039;B01;1;0;0;2;0;0;-1;
58472;202000038300;154 675 040;A01;2;10;0;2;8;2;1;
58473;202000038301;154 675 037;A01;2;7;0;2;2;15;1;
58474;202000038301;154 675 038;B01;1;50;0;2;1;1;3;
58475;202000038302;154 675 035;A01;2;7;0;2;1;1;1;
58476;202000038302;154 675 036;B01;2;7;0;2;4;1;1;
58477;202000038303;154 675 033;B01;2;1;0;2;8;1;5;
58478;202000038303;154 675 034;A01;1;1;0;2;1;9;5;
58479;202000038304;154 675 032;A01;1;7;4;0;3;13;1;
58480;202000038305;154 675 031;A01;1;32;6;0;1;1;1;
58481;202000038306;154 675 029;A01;1;7;0;2;3;9;1;
58482;202000038306;154 675 030;B01;1;2;0;2;7;1;1;
58483;202000038307;154 675 028;A01;1;7;4;0;9;1;1;
58484;202000038308;154 675 027;A01;3;7;8;0;1;1;1;
58485;202000038309;154 675 025;A01;2;30;0;2;2;2;1;
58486;202000038309;154 675 026;B01;2;7;0;2;6;1;1;
58487;202000038310;154 675 023;B01;3;7;0;2;1;1;1;
58488;202000038310;154 675 024;A01;3;7;0;2;1;1;1;
58489;202000038311;154 675 021;B01;1;7;0;2;8;1;1;
58490;202000038311;154 675 022;A01;2;7;0;2;3;15;1;
58491;202000038312;154 675 019;B01;1;7;0;2;1;1;1;
58492;202000038312;154 675 020;A01;1;7;8;2;1;16;1;
58493;202000038313;154 675 017;A01;2;7;0;2;2;16;1;
58494;202000038313;154 675 018;B01;2;2;0;2;1;1;1;
58495;202000038314;154 675 015;B01;1;33;0;2;1;1;1;
58496;202000038314;154 675 016;A01;1;7;0;2;2;19;1;
58497;202000038315;154 675 013;A01;1;7;0;2;1;1;1;
58498;202000038315;154 675 014;B01;1;7;0;2;4;1;1;
58499;202000038316;154 675 011;A01;1;2;0;2;6;2;1;
58500;202000038316;154 675 012;B01;1;7;0;2;2;16;1;
58501;202000038317;154 675 010;A01;2;2;1;0;1;13;1;
58502;202000038318;154 675 007;A01;1;34;0;2;8;18;1;
58503;202000038318;154 675 008;B01;1;31;0;2;7;3;1;
58504;202000038318;154 675 009;C01;1;10;0;2;7;1;1;
58505;202000038319;154 675 005;B01;1;10;0;2;4;2;1;
58506;202000038319;154 675 006;A01;1;7;0;2;1;2;1;
58507;202000038320;154 675 004;A01;1;43;12;0;3;13;0;
58508;202000038321;154 675 003;Z01;2;30;0;1;1;1;1;
58509;202000038322;154 675 001;A01;3;7;0;2;3;1;1;
58510;202000038322;154 675 002;B01;3;7;0;2;2;1;1;
58511;202000038323;154 674 999;A01;1;33;0;2;3;1;1;
58512;202000038323;154 675 000;B01;2;7;0;2;3;15;1;
58513;202000038324;154 674 997;B01;1;43;0;2;2;17;1;
58514;202000038324;154 674 998;A01;1;7;0;2;8;13;1;
58515;202000038325;154 674 995;B01;3;7;0;2;8;16;1;
58516;202000038325;154 674 996;A01;3;7;0;2;2;1;1;
58517;202000038326;154 674 994;A01;2;7;0;1;2;1;1;
58518;202000038327;154 674 992;A01;1;7;0;2;1;15;1;
58519;202000038327;154 674 993;B01;2;1;0;2;1;1;5;
58520;202000038328;154 674 990;B01;2;10;0;2;3;15;3;
58521;202000038328;154 674 991;A01;2;1;0;2;1;1;5;
58522;202000038329;154 674 987;C01;2;7;0;2;7;1;1;
58523;202000038329;154 674 988;A01;2;7;0;2;3;22;2;
58524;202000038329;154 674 989;B01;2;80;0;2;9;1;3;
58525;202000038330;154 674 985;B01;2;33;1;2;1;17;1;
58526;202000038330;154 674 986;A01;2;10;0;2;3;22;1;
58527;202000038331;154 674 983;B01;1;33;12;2;8;1;1;
58528;202000038331;154 674 984;A01;1;7;12;2;8;14;1;
58529;202000038332;154 674 982;A01;2;30;0;0;0;21;1;
58530;202000038333;154 674 981;Z01;1;30;0;1;1;1;0;
58531;202000038334;154 674 979;A01;1;30;0;2;1;2;1;
58532;202000038334;154 674 980;B01;1;7;0;2;6;23;1;
58533;202000038335;154 674 977;B01;1;32;0;2;0;1;1;
58534;202000038335;154 674 978;A01;2;10;0;2;0;10;1;
58535;202000038336;154 674 975;A01;2;30;0;2;1;1;3;
58536;202000038336;154 674 976;B01;1;7;0;2;8;15;1;
58537;202000038337;154 674 973;B01;2;7;0;2;2;1;2;
58538;202000038337;154 674 974;A01;2;50;0;2;3;15;3;
58539;202000038338;154 674 971;A01;1;7;0;2;3;9;1;
58540;202000038338;154 674 972;B01;1;99;0;2;2;1;1;
58541;202000038339;154 674 969;B01;1;33;1;2;7;2;1;
58542;202000038339;154 674 970;A01;1;7;1;0;6;20;1;
58543;202000038340;154 674 968;A01;2;7;0;1;3;1;1;
58544;202000038342;154 674 964;X01;2;0;0;2;8;1;0;
58545;202000038342;154 674 965;A01;2;33;0;2;1;1;1;
58546;202000038343;154 674 962;A01;2;7;0;2;5;15;0;
58547;202000038343;154 674 963;B01;1;7;0;2;1;1;0;
58548;202000038344;154 674 961;B01;1;10;0;1;2;16;0;
58549;202000038345;154 674 960;A01;0;14;1;1;3;9;0;
58550;202000038346;154 674 958;A01;1;7;1;2;7;26;0;
58551;202000038346;154 674 959;B01;1;7;1;2;7;26;0;
58552;202000038347;154 674 956;B01;0;1;0;2;3;9;5;
58553;202000038347;154 674 957;A01;2;37;0;2;2;9;1;2.0
58554;202000038348;154 674 954;A01;3;99;0;9;0;16;3;
58555;202000038348;154 674 955;B01;0;50;0;2;0;1;3;
58556;202000038349;154 674 952;A01;1;7;0;2;3;2;1;
58557;202000038349;154 674 953;B01;1;2;0;2;1;2;1;
58558;202000038350;154 674 951;A01;1;32;8;0;2;14;1;
58559;202000038352;154 674 946;B01;2;7;0;0;8;15;1;
58560;202000038352;154 674 947;A01;2;2;0;2;2;17;1;
58561;202000038353;154 674 944;A01;1;7;0;2;3;13;1;
58562;202000038353;154 674 945;B01;2;7;15;2;3;1;1;
58563;202000038354;154 674 943;A01;2;7;16;0;0;0;1;
58564;202000038355;154 674 941;B01;0;1;0;9;1;2;5;
58565;202000038355;154 674 942;A01;0;1;0;9;1;2;5;
58566;202000038356;154 674 940;A01;1;7;16;0;1;14;0;
58567;202000038359;154 674 935;B01;2;32;0;2;5;1;1;
58568;202000038359;154 674 936;A01;2;7;0;2;3;15;1;
58569;202000038360;154 674 934;A01;2;1;16;0;0;21;6;
58570;202000038362;154 674 931;A01;1;10;6;0;1;0;1;
58571;202000038363;154 674 930;A01;1;33;6;0;1;1;1;
58572;202000038364;154 674 928;A01;1;2;0;2;1;2;1;
58573;202000038364;154 674 929;B01;1;3;0;0;4;1;1;
58574;202000038365;154 674 926;A01;1;7;0;2;1;21;1;
58575;202000038365;154 674 927;B01;2;7;0;2;1;1;1;
58576;202000038366;154 674 924;A01;1;7;0;2;3;13;1;
58577;202000038366;154 674 925;B01;2;7;0;2;3;1;1;
58578;202000038367;154 674 923;A01;2;33;13;0;7;1;1;
58579;202000038368;154 674 922;A01;1;0;0;1;1;16;0;
58580;202000038369;154 674 920;A01;2;7;0;2;5;15;1;
58581;202000038369;154 674 921;B01;2;7;0;2;3;2;1;
58582;202000038370;154 674 919;A01;3;33;7;0;7;0;6;
58583;202000038371;154 674 918;A01;1;7;13;0;8;13;1;
58584;202000038372;154 674 917;A01;2;7;13;0;1;13;1;
58585;202000038373;154 674 915;A01;3;7;0;2;2;17;0;
58586;202000038373;154 674 916;B01;3;1;0;2;8;2;5;
58587;202000038374;154 674 914;A01;1;33;16;0;0;1;1;
58588;202000038375;154 674 913;A01;3;33;0;0;0;0;1;
58589;202000038376;154 674 911;A01;1;7;0;2;5;24;1;
58590;202000038376;154 674 912;B01;1;1;1;0;1;25;5;
58591;202000038377;154 674 909;B01;2;15;0;0;8;10;1;
58592;202000038377;154 674 910;A01;1;7;0;2;1;1;1;
58593;202000038378;154 674 908;A01;1;7;0;0;0;17;1;
58594;202000038379;154 674 906;A01;3;7;0;9;3;13;1;
58595;202000038379;154 674 907;B01;3;1;0;2;1;0;5;
58596;202000038380;154 674 905;A01;1;7;0;1;2;2;1;
58597;202000038381;154 674 903;A01;1;7;0;2;8;19;1;
58598;202000038381;154 674 904;B01;2;7;0;2;1;1;1;
58599;202000038382;154 674 900;A01;2;7;0;0;4;1;1;
58600;202000038382;154 674 901;B01;2;7;0;2;1;1;1;
58601;202000038382;154 674 902;C01;2;7;0;2;1;1;1;
58602;202000038383;154 674 898;B01;1;17;0;0;4;2;1;
58603;202000038383;154 674 899;A01;1;33;0;2;1;2;1;
58604;202000038385;154 674 894;B01;0;2;0;2;3;1;1;
58605;202000038385;154 674 895;A01;0;7;0;2;3;0;1;
58606;202000038386;154 674 893;A01;2;31;0;0;9;1;1;
58607;202000038387;154 674 888;A01;1;33;0;2;1;17;1;
58608;202000038387;154 674 889;B01;1;7;0;0;5;15;1;
58609;202000038387;154 674 890;C01;1;7;0;0;3;1;1;
58610;202000038388;154 674 887;A01;1;36;12;0;2;1;1;
58611;202000038389;154 674 885;B01;1;7;0;2;2;1;1;
58612;202000038389;154 674 886;A01;2;33;0;2;1;0;1;
58613;202000038390;154 674 884;A01;2;7;2;0;1;1;1;
58614;202000038391;154 674 882;A01;3;2;0;2;1;1;1;
58615;202000038391;154 674 883;B01;3;7;0;2;5;1;1;
58616;202000038392;154 674 881;A01;2;7;2;0;2;14;1;
58617;202000038393;154 674 879;B01;1;7;0;2;3;1;0;
58618;202000038393;154 674 880;A01;2;7;0;2;7;1;0;
58619;202000038394;154 674 877;B01;1;33;0;2;7;1;1;
58620;202000038394;154 674 878;A01;2;7;0;2;2;15;1;
58621;202000038395;154 674 875;B01;2;21;0;2;3;1;0;
58622;202000038395;154 674 876;A01;1;33;0;2;1;21;1;
58623;202000038396;154 674 873;A01;1;2;0;2;1;17;1;
58624;202000038396;154 674 874;B01;2;7;0;2;3;1;1;
58625;202000038397;154 674 871;B01;2;21;0;0;4;2;1;
58626;202000038397;154 674 872;A01;1;7;0;2;1;2;1;
58627;202000038398;154 674 869;B01;2;7;0;2;1;1;1;
58628;202000038398;154 674 870;A01;1;7;0;2;7;17;1;
58629;202000038399;154 674 867;A01;1;7;0;2;3;9;1;
58630;202000038399;154 674 868;B01;1;1;0;2;2;1;5;
58631;202000038400;154 674 865;B01;3;60;0;1;7;19;5;
58632;202000038400;154 674 866;A01;3;7;0;2;2;1;1;
58633;202000038401;154 674 863;A01;1;7;0;2;4;0;1;
58634;202000038401;154 674 864;B01;1;7;0;2;1;0;1;
58635;202000038402;154 674 860;A01;2;7;0;2;4;1;1;
58636;202000038402;154 674 861;B01;2;7;0;2;4;2;1;
58637;202000038402;154 674 862;C01;2;7;0;2;1;2;1;
58638;202000038403;154 674 858;B01;1;7;0;2;0;1;1;
58639;202000038403;154 674 859;A01;1;15;0;2;2;12;1;
58640;202000038404;154 674 856;A01;1;31;0;2;1;2;1;
58641;202000038404;154 674 857;B01;1;7;0;2;4;2;1;
58642;202000038405;154 674 855;A01;2;7;0;9;2;14;1;
58643;202000038406;154 674 854;A01;2;7;4;0;5;26;1;
58644;202000038407;154 674 852;Z01;1;7;0;2;4;9;1;
58645;202000038407;154 674 853;B01;1;33;0;2;1;1;1;
58646;202000038408;154 674 850;B01;1;30;0;2;0;0;0;
58647;202000038408;154 674 851;A01;1;7;0;2;0;11;0;
58648;202000038409;154 674 848;B01;1;7;0;2;3;16;1;
58649;202000038409;154 674 849;A01;1;13;0;2;6;15;1;
58650;202000038410;154 674 846;B01;2;7;0;2;4;26;1;
58651;202000038410;154 674 847;A01;2;7;0;2;1;2;1;
58652;202000038411;154 674 845;A01;3;7;4;2;2;16;1;
58653;202000038413;154 674 843;A01;3;7;0;1;4;4;1;
58654;202000038414;154 674 841;A01;2;7;0;2;1;1;1;
58655;202000038414;154 674 842;B01;2;7;0;2;4;1;2;
58656;202000038415;154 674 840;A01;1;7;10;0;2;1;1;
58657;202000038416;154 674 838;B01;3;33;0;2;0;2;1;
58658;202000038416;154 674 839;A01;3;7;0;0;0;14;1;
58659;202000038417;154 674 836;A01;2;7;0;9;1;1;1;
58660;202000038417;154 674 837;B01;3;60;0;2;7;0;5;