;Num_Acc;id_vehicule;num_veh;senc;catv;obs;obsm;choc;manv;motor;occutc
58661;202000038418;154 674 834;A01;3;2;0;2;1;1;1;
58662;202000038418;154 674 835;B01;3;7;0;2;0;0;1;
58663;202000038420;154 674 830;A01;1;7;0;2;7;17;1;
58664;202000038420;154 674 831;B01;1;1;0;2;8;1;5;
58665;202000038421;154 674 828;B01;2;2;0;2;1;2;1;
58666;202000038421;154 674 829;Z01;1;7;0;2;3;15;1;
58667;202000038422;154 674 827;A01;1;30;0;0;7;16;1;
58668;202000038423;154 674 826;A01;0;7;6;0;1;0;1;
58669;202000038424;154 674 824;B01;2;7;0;2;5;15;0;
58670;202000038424;154 674 825;A01;1;7;0;2;2;26;0;
58671;202000038425;154 674 823;A01;2;7;3;0;2;11;1;
58672;202000038426;154 674 820;C01;3;7;0;2;4;23;1;
58673;202000038426;154 674 821;A01;3;7;0;2;4;2;1;
58674;202000038426;154 674 822;B01;3;7;0;2;4;23;1;
58675;202000038427;154 674 819;A01;1;7;6;0;1;1;1;
58676;202000038428;154 674 817;A01;0;7;0;2;1;5;1;
58677;202000038428;154 674 818;B01;3;7;0;2;0;0;1;
58678;202000038429;154 674 816;A01;1;7;8;0;2;1;1;
58679;202000038430;154 674 814;B01;2;7;0;2;4;0;1;
58680;202000038430;154 674 815;A01;2;7;0;2;1;2;1;
58681;202000038431;154 674 812;Z01;3;7;0;2;3;13;1;
58682;202000038431;154 674 813;A01;3;7;0;2;3;13;1;
58683;202000038432;154 674 811;A01;3;30;0;0;7;1;1;
58684;202000038433;154 674 809;A01;2;50;0;2;1;19;3;
58685;202000038433;154 674 810;B01;1;7;0;2;1;1;1;
58686;202000038434;154 674 806;C01;1;7;0;2;4;1;1;
58687;202000038434;154 674 807;A01;1;7;0;2;1;1;1;
58688;202000038434;154 674 808;B01;1;7;0;2;4;1;1;
58689;202000038435;154 674 805;A01;2;43;14;0;8;21;1;
58690;202000038436;154 674 804;A01;1;7;4;0;8;13;1;
58691;202000038437;154 674 803;A01;2;7;4;0;2;14;1;
58692;202000038438;154 674 801;A01;1;7;0;2;5;1;1;
58693;202000038438;154 674 802;B01;1;7;0;2;5;23;1;
58694;202000038439;154 674 799;A01;2;30;0;2;4;23;1;
58695;202000038439;154 674 800;Z01;2;7;0;2;1;2;0;
58696;202000038440;154 674 798;A01;1;30;0;0;0;21;1;
58697;202000038441;154 674 796;B01;2;7;0;2;5;15;1;
58698;202000038441;154 674 797;A01;1;30;0;2;1;8;1;
58699;202000038442;154 674 794;B01;3;30;0;2;4;15;1;
58700;202000038442;154 674 795;A01;3;30;0;2;1;1;1;
58701;202000038443;154 674 793;A01;2;30;12;0;1;14;3;
58702;202000038444;154 674 789;A01;2;7;0;2;2;1;1;
58703;202000038444;154 674 790;B01;2;7;0;2;4;23;1;
58704;202000038444;154 674 791;C01;2;7;0;2;4;23;1;
58705;202000038444;154 674 792;D01;1;7;0;2;2;1;1;
58706;202000038445;154 674 787;B01;1;7;0;2;3;15;1;
58707;202000038445;154 674 788;A01;1;31;0;2;8;17;1;
58708;202000038446;154 674 786;A01;3;7;0;1;0;1;1;
58709;202000038447;154 674 784;B01;1;7;0;2;4;2;1;
58710;202000038447;154 674 785;A01;1;7;0;2;1;2;1;
58711;202000038448;154 674 782;B01;0;7;0;2;3;16;1;
58712;202000038448;154 674 783;A01;2;32;0;2;1;1;1;
58713;202000038449;154 674 781;A01;2;7;0;0;2;14;1;
58714;202000038450;154 674 780;A01;3;7;0;0;2;14;1;
58715;202000038451;154 674 779;A01;3;30;0;0;7;15;1;
58716;202000038452;154 674 778;A01;1;7;1;1;3;9;1;
58717;202000038453;154 674 776;A01;0;7;0;0;0;19;1;
58718;202000038453;154 674 777;B01;0;32;0;2;0;1;1;
58719;202000038454;154 674 774;Y01;3;1;0;2;2;19;5;
58720;202000038454;154 674 775;A01;3;7;0;2;1;1;1;
58721;202000038455;154 674 772;B01;1;7;0;2;2;2;1;
58722;202000038455;154 674 773;A01;1;7;0;0;3;9;1;
58723;202000038456;154 674 771;A01;2;30;0;1;1;2;1;
58724;202000038457;154 674 767;A01;2;10;0;0;5;15;1;
58725;202000038457;154 674 768;B01;2;33;0;2;1;17;1;
58726;202000038458;154 674 765;B01;1;7;0;9;3;11;1;
58727;202000038458;154 674 766;A01;3;1;0;2;3;23;5;
58728;202000038459;154 674 764;A01;1;33;12;0;1;1;1;
58729;202000038460;154 674 763;A01;0;33;14;0;1;17;1;
58730;202000038461;154 674 762;A01;2;7;2;0;9;1;1;
58731;202000038462;154 674 761;A01;0;33;1;0;1;6;0;
58732;202000038463;154 674 760;A01;1;33;0;0;1;1;0;
58733;202000038464;154 674 759;A01;1;7;0;1;5;1;1;
58734;202000038465;154 674 757;A01;1;7;0;2;3;13;1;
58735;202000038465;154 674 758;B01;2;7;0;2;3;1;1;
58736;202000038466;154 674 756;A01;1;33;13;0;8;1;1;
58737;202000038467;154 674 754;A01;1;7;0;2;7;19;1;
58738;202000038467;154 674 755;B01;1;7;0;2;1;1;1;
58739;202000038468;154 674 752;A01;1;7;0;9;7;2;0;
58740;202000038468;154 674 753;B01;1;1;0;2;8;2;5;
58741;202000038469;154 674 750;A01;1;2;0;2;1;1;1;
58742;202000038469;154 674 751;B01;0;7;0;2;3;10;0;
58743;202000038470;154 674 748;B01;1;7;0;2;1;1;1;
58744;202000038470;154 674 749;A01;2;7;0;2;1;13;1;
58745;202000038473;154 674 744;A01;2;7;0;1;3;1;1;
58746;202000038474;154 674 742;B01;1;7;0;2;3;1;1;
58747;202000038474;154 674 743;A01;2;7;0;2;3;13;1;
58748;202000038475;154 674 740;A01;2;1;0;2;1;5;5;
58749;202000038475;154 674 741;B01;1;7;0;2;3;1;1;
58750;202000038476;154 674 739;A01;1;2;13;0;1;1;1;
58751;202000038477;154 674 737;B01;2;7;0;2;1;1;1;
58752;202000038477;154 674 738;A01;1;7;0;2;1;13;1;
58753;202000038478;154 674 736;A01;1;7;8;0;1;1;1;
58754;202000038479;154 674 733;A01;2;14;0;2;0;1;1;
58755;202000038479;154 674 734;B01;1;33;0;9;1;1;1;
58756;202000038480;154 674 731;B01;1;2;0;0;1;1;1;
58757;202000038480;154 674 732;A01;1;2;0;0;0;13;1;
58758;202000038481;154 674 729;A01;1;7;0;2;1;1;1;
58759;202000038481;154 674 730;B01;2;7;0;2;1;1;1;
58760;202000038482;154 674 727;A01;2;2;0;2;1;13;1;
58761;202000038482;154 674 728;B01;1;7;0;2;3;1;1;
58762;202000038483;154 674 725;B01;2;7;0;2;3;1;1;
58763;202000038483;154 674 726;A01;1;3;3;2;7;1;1;
58764;202000038484;154 674 724;A01;1;7;2;0;8;1;1;
58765;202000038485;154 674 723;A01;1;7;2;0;1;1;1;
58766;202000038486;154 674 722;A01;3;2;16;0;7;1;1;
58767;202000038487;154 674 721;A01;3;7;13;0;2;0;1;
58768;202000038488;154 674 720;A01;0;80;0;0;0;1;3;
58769;202000038489;154 674 718;A01;1;32;0;2;8;17;1;
58770;202000038489;154 674 719;B01;2;7;0;2;8;1;1;
58771;202000038490;154 674 717;A01;1;7;6;0;1;1;6;
58772;202000038491;154 674 716;A01;1;33;0;0;8;26;1;
58773;202000038492;154 674 714;B01;2;7;3;0;2;2;1;
58774;202000038492;154 674 715;A01;2;7;0;0;1;2;1;
58775;202000038493;154 674 712;Z01;1;7;0;0;0;19;0;
58776;202000038493;154 674 713;A01;2;1;0;2;1;1;5;
58777;202000038494;154 674 711;A01;1;7;0;1;2;16;0;
58778;202000038495;154 674 709;B01;2;10;0;2;2;1;1;
58779;202000038495;154 674 710;A01;1;7;0;2;1;9;1;
58780;202000038496;154 674 707;A01;3;7;0;2;2;1;1;
58781;202000038496;154 674 708;B01;3;7;0;2;8;1;1;
58782;202000038498;154 674 704;A01;0;7;0;2;1;5;1;
58783;202000038498;154 674 705;B01;0;7;0;2;8;1;1;
58784;202000038499;154 674 702;A01;1;32;0;2;7;17;1;
58785;202000038499;154 674 703;B01;1;7;0;2;8;15;1;
58786;202000038501;154 674 698;A01;1;7;0;2;5;10;0;
58787;202000038501;154 674 699;B01;1;7;0;2;3;1;0;
58788;202000038502;154 674 696;B01;0;10;0;2;1;1;1;
58789;202000038502;154 674 697;A01;0;7;0;2;3;16;1;
58790;202000038504;154 674 694;A01;1;7;0;1;1;1;0;
58791;202000038505;154 674 692;B01;2;14;0;2;3;1;1;
58792;202000038505;154 674 693;A01;1;33;0;2;1;17;1;
58793;202000038506;154 674 690;A01;2;7;0;2;1;9;1;
58794;202000038506;154 674 691;B01;2;7;0;2;8;1;1;
58795;202000038507;154 674 688;A01;2;7;0;2;2;1;-1;
58796;202000038507;154 674 689;B01;2;33;0;0;6;1;-1;
58797;202000038508;154 674 687;A01;3;7;1;0;1;13;1;
58798;202000038509;154 674 686;A01;1;7;0;1;1;13;1;
58799;202000038510;154 674 684;B01;3;1;0;2;7;1;5;
58800;202000038510;154 674 685;A01;2;7;0;2;2;16;1;
58801;202000038513;154 674 678;A01;2;7;0;1;1;1;1;
58802;202000038515;154 674 675;A01;1;7;0;1;3;1;1;
58803;202000038516;154 674 674;A01;2;30;0;0;0;21;1;
58804;202000038517;154 674 673;A01;2;1;0;0;0;1;5;
58805;202000038518;154 674 671;A01;1;7;0;2;6;10;1;
58806;202000038518;154 674 672;B01;1;7;0;2;1;1;1;
58807;202000038519;154 674 669;B01;1;43;1;2;1;17;1;
58808;202000038519;154 674 670;A01;2;7;0;2;2;10;2;
58809;202000038520;154 674 668;A01;1;7;0;1;1;1;1;
58810;202000038521;154 674 667;A01;3;10;0;1;3;1;1;
58811;202000038522;154 674 666;A01;1;30;0;1;1;1;1;
58812;202000038523;154 674 665;A01;1;7;0;1;2;1;1;
58813;202000038524;154 674 663;B01;3;10;0;2;3;1;1;
58814;202000038524;154 674 664;A01;3;7;0;2;2;1;1;
58815;202000038525;154 674 661;A01;2;7;0;2;1;15;1;
58816;202000038525;154 674 662;B01;2;2;0;2;2;1;0;
58817;202000038526;154 674 659;B01;2;7;0;2;5;23;1;
58818;202000038526;154 674 660;A01;2;50;0;2;1;17;3;
58819;202000038527;154 674 658;A01;1;32;0;1;1;26;0;
58820;202000038528;154 674 657;A01;1;10;0;1;1;15;1;
58821;202000038529;154 674 655;A01;1;7;0;2;8;22;1;
58822;202000038529;154 674 656;B01;1;1;1;0;1;1;5;
58823;202000038530;154 674 652;B01;1;7;0;2;2;1;1;
58824;202000038530;154 674 653;C01;2;7;0;2;3;1;1;
58825;202000038530;154 674 654;A01;2;7;0;2;0;5;0;
58826;202000038531;154 674 650;B01;3;7;0;2;1;1;1;
58827;202000038531;154 674 651;A01;3;7;15;0;1;5;1;
58828;202000038532;154 674 648;A01;1;10;0;2;5;4;1;
58829;202000038532;154 674 649;B01;1;2;0;2;2;1;1;
58830;202000038533;154 674 646;A01;1;7;0;2;1;1;1;
58831;202000038533;154 674 647;B01;1;7;0;2;3;1;1;
58832;202000038534;154 674 645;A01;1;7;0;1;1;15;1;
58833;202000038535;154 674 644;A01;1;7;0;1;2;1;1;
58834;202000038537;154 674 640;B01;2;32;0;2;0;3;1;
58835;202000038537;154 674 641;A01;2;7;0;2;6;11;1;
58836;202000038538;154 674 639;A01;1;7;4;0;7;2;1;
58837;202000038539;154 674 636;B01;1;14;0;2;1;2;1;
58838;202000038539;154 674 637;A01;1;13;0;2;2;2;1;
58839;202000038539;154 674 638;C01;1;14;0;2;4;2;1;
58840;202000038540;154 674 634;A01;1;10;0;2;3;2;1;
58841;202000038540;154 674 635;B01;1;7;0;2;5;2;1;
58842;202000038541;154 674 632;Z01;2;7;0;2;1;2;0;
58843;202000038541;154 674 633;A01;2;7;0;2;4;2;1;
58844;202000038542;154 674 630;A01;1;10;1;0;1;14;1;
58845;202000038542;154 674 631;B01;1;7;0;2;4;24;1;
58846;202000038543;154 674 629;A01;2;7;4;0;1;0;1;
58847;202000038544;154 674 628;A01;2;7;4;0;1;14;1;
58848;202000038545;154 674 627;A01;2;7;0;0;9;21;1;
58849;202000038546;154 674 624;B01;2;7;0;2;1;1;1;
58850;202000038546;154 674 625;C01;2;16;0;2;9;1;1;
58851;202000038546;154 674 626;A01;2;7;4;2;9;1;1;
58852;202000038547;154 674 622;B01;3;80;0;2;7;1;3;
58853;202000038547;154 674 623;A01;3;7;0;2;1;15;1;
58854;202000038548;154 674 620;A01;1;10;0;2;1;15;1;
58855;202000038548;154 674 621;B01;1;2;0;2;1;1;1;
58856;202000038549;154 674 618;B01;1;2;0;9;0;14;1;
58857;202000038549;154 674 619;A01;3;7;0;2;0;1;1;
58858;202000038550;154 674 616;A01;1;99;0;2;8;9;1;
58859;202000038550;154 674 617;B01;2;33;0;2;1;0;1;
58860;202000038551;154 674 614;B01;1;10;0;2;6;26;1;
58861;202000038551;154 674 615;A01;1;7;1;0;2;1;1;
58862;202000038552;154 674 611;A01;1;7;0;2;1;2;1;
58863;202000038552;154 674 612;C01;1;7;0;2;4;2;1;
58864;202000038552;154 674 613;B01;1;7;0;2;4;2;1;
58865;202000038553;154 674 610;A01;2;7;0;1;2;1;1;
58866;202000038555;154 674 607;A01;3;7;12;0;1;14;1;
58867;202000038556;154 674 605;B01;2;1;0;2;0;26;5;
58868;202000038556;154 674 606;A01;1;31;0;2;2;1;1;
58869;202000038557;154 674 604;A01;1;30;0;1;1;17;1;
58870;202000038558;154 674 602;A01;1;7;0;2;5;15;1;
58871;202000038558;154 674 603;B01;2;33;0;2;0;0;1;
58872;202000038559;154 674 599;B01;1;7;0;2;1;1;1;
58873;202000038559;154 674 600;A01;2;3;0;2;4;9;1;
58874;202000038560;154 674 598;A01;2;7;1;0;8;13;1;
58875;202000038561;154 674 597;A01;2;10;0;1;2;1;1;
58876;202000038562;154 674 595;B01;1;30;0;2;1;1;1;
58877;202000038562;154 674 596;A01;0;7;0;2;8;15;1;
58878;202000038563;154 674 593;A01;1;7;0;2;1;13;1;
58879;202000038563;154 674 594;B01;2;7;0;2;1;1;1;
58880;202000038564;154 674 591;A01;3;7;0;2;1;13;1;
58881;202000038564;154 674 592;B01;3;3;0;2;3;1;1;
58882;202000038565;154 674 587;A01;2;10;1;0;1;14;1;
58883;202000038565;154 674 588;B01;2;7;0;2;4;24;1;
58884;202000038566;154 674 586;A01;1;7;2;0;2;1;1;
58885;202000038567;154 674 584;B01;1;7;0;2;7;19;1;
58886;202000038567;154 674 585;A01;1;7;0;2;1;19;1;
58887;202000038568;154 674 582;B01;2;31;0;0;0;9;0;
58888;202000038568;154 674 583;A01;0;7;0;2;0;9;1;
58889;202000038570;154 674 577;B01;2;1;0;4;8;19;5;
58890;202000038570;154 674 578;A01;2;40;0;2;2;1;3;
58891;202000038571;154 674 576;A01;2;33;9;0;1;14;1;
58892;202000038572;154 674 574;A01;2;7;0;2;2;17;1;
58893;202000038572;154 674 575;B01;2;7;0;2;6;2;0;
58894;202000038573;154 674 572;B01;1;7;0;2;4;1;1;
58895;202000038573;154 674 573;A01;1;7;0;2;1;1;1;
58896;202000038574;154 674 571;A01;0;10;0;2;7;26;1;
58897;202000038575;154 674 570;A01;1;7;0;1;1;1;1;
58898;202000038576;154 674 568;A01;2;7;0;2;3;26;1;
58899;202000038576;154 674 569;B01;2;7;0;2;2;1;1;
58900;202000038577;154 674 566;B01;2;7;0;2;1;1;2;
58901;202000038577;154 674 567;A01;3;1;0;2;1;19;5;
58902;202000038578;154 674 564;A01;2;7;0;2;6;12;1;
58903;202000038578;154 674 565;B01;2;7;0;2;3;14;1;
58904;202000038580;154 674 561;Z01;1;0;-1;1;1;1;-1;
58905;202000038581;154 674 559;A01;2;7;0;2;5;4;1;
58906;202000038581;154 674 560;B01;1;7;0;2;2;1;1;
58907;202000038582;154 674 557;A01;1;33;0;2;1;1;1;
58908;202000038582;154 674 558;B01;1;7;0;2;4;23;1;
58909;202000038584;154 674 553;A01;1;2;0;2;1;26;1;
58910;202000038584;154 674 554;B01;1;7;0;2;8;19;1;
58911;202000038585;154 674 552;A01;2;10;0;1;1;1;1;
58912;202000038587;154 674 549;A01;2;33;0;2;0;14;1;
58913;202000038587;154 674 550;B01;2;7;0;2;4;1;0;
58914;202000038588;154 674 548;A01;2;2;0;1;1;1;1;
58915;202000038589;154 674 546;B01;1;2;0;2;1;1;1;
58916;202000038589;154 674 547;A01;1;7;0;2;2;9;1;
58917;202000038590;154 674 544;A01;1;7;0;2;3;16;1;
58918;202000038590;154 674 545;B01;1;50;0;2;1;1;3;
58919;202000038591;154 674 542;Z01;1;7;0;2;8;11;0;
58920;202000038591;154 674 543;A01;1;32;0;2;7;1;1;
58921;202000038594;154 674 538;A01;2;7;0;2;3;1;0;
58922;202000038594;154 674 539;B01;1;7;0;2;1;2;0;
58923;202000038595;154 674 536;A01;-1;7;0;2;1;1;1;
58924;202000038595;154 674 537;B01;-1;7;0;2;4;1;1;
58925;202000038596;154 674 534;Z01;2;7;0;2;7;15;0;
58926;202000038596;154 674 535;B01;1;34;0;2;1;1;1;
58927;202000038597;154 674 533;A01;1;10;0;1;3;15;1;
58928;202000038598;154 674 531;A01;1;33;0;2;7;2;1;
58929;202000038598;154 674 532;Z01;1;7;0;2;8;13;1;
58930;202000038599;154 674 529;A01;1;7;0;2;4;2;1;
58931;202000038599;154 674 530;B01;1;7;0;2;1;2;1;
58932;202000038600;154 674 528;A01;2;20;5;0;1;26;1;
58933;202000038601;154 674 525;C01;1;7;0;2;1;2;1;
58934;202000038601;154 674 526;B01;1;7;0;2;4;2;1;
58935;202000038601;154 674 527;A01;1;7;0;2;4;2;1;
58936;202000038602;154 674 524;A01;1;7;4;0;1;16;1;
58937;202000038603;154 674 522;A01;2;17;0;2;2;13;1;
58938;202000038603;154 674 523;B01;2;17;4;2;6;1;1;
58939;202000038604;154 674 521;A01;1;7;3;0;1;19;1;
58940;202000038605;154 674 518;A01;1;3;4;0;3;11;1;
58941;202000038606;154 674 516;C01;2;7;0;2;1;2;1;
58942;202000038606;154 674 517;D01;2;7;0;2;1;2;1;
58943;202000038606;154 674 519;A01;2;7;0;2;1;2;1;
58944;202000038606;154 674 520;B01;2;7;0;2;1;2;1;
58945;202000038607;154 674 514;A01;3;7;0;2;7;1;1;
58946;202000038607;154 674 515;B01;3;7;0;2;3;9;1;
58947;202000038608;154 674 510;A01;1;7;0;2;3;0;1;
58948;202000038608;154 674 512;B01;1;7;0;2;5;0;1;
58949;202000038608;154 674 513;C01;1;7;0;2;2;0;1;
58950;202000038609;154 674 509;A01;1;60;0;2;1;15;5;
58951;202000038609;154 674 511;B01;2;7;0;2;6;9;1;
58952;202000038610;154 674 507;B01;2;7;0;2;4;9;1;
58953;202000038610;154 674 508;A01;2;7;0;2;1;1;1;
58954;202000038611;154 674 506;A01;0;7;0;1;4;26;1;
58955;202000038612;154 674 501;B01;3;7;0;2;4;1;3;
58956;202000038612;154 674 503;A01;3;7;0;2;1;1;1;
58957;202000038612;154 674 504;C01;3;7;0;2;4;1;1;
58958;202000038613;154 674 498;D01;1;7;0;2;4;12;1;
58959;202000038613;154 674 499;B01;1;7;3;0;9;23;1;
58960;202000038613;154 674 500;E01;1;7;1;2;1;1;1;
58961;202000038613;154 674 502;C01;1;7;0;2;0;23;1;
58962;202000038613;154 674 505;A01;1;7;1;2;1;14;1;
58963;202000038614;154 674 497;A01;3;1;0;1;1;2;5;
58964;202000038615;154 674 494;A01;2;7;4;2;1;1;1;
58965;202000038615;154 674 496;B01;2;7;0;0;4;1;1;
58966;202000038616;154 674 493;B01;2;7;0;0;4;18;0;
58967;202000038616;154 674 495;A01;2;30;0;2;1;26;1;
58968;202000038617;154 674 491;B01;1;7;0;0;5;2;1;
58969;202000038617;154 674 492;A01;1;7;0;2;3;2;1;
58970;202000038618;154 674 489;A01;2;7;0;2;1;10;1;
58971;202000038618;154 674 490;B01;2;2;0;2;2;3;1;
58972;202000038619;154 674 483;A01;2;31;0;2;7;19;1;
58973;202000038619;154 674 485;B01;3;7;0;2;1;1;1;
58974;202000038620;154 674 482;C01;1;7;4;2;4;1;1;
58975;202000038620;154 674 484;B01;1;10;0;2;4;2;1;
58976;202000038620;154 674 486;D01;1;7;0;2;4;2;1;
58977;202000038620;154 674 487;E01;1;7;0;2;4;2;1;
58978;202000038620;154 674 488;A01;1;7;0;2;1;2;1;
58979;202000038621;154 674 480;A01;1;3;0;2;4;1;1;
58980;202000038621;154 674 481;B01;1;7;0;2;4;1;1;
58981;202000038622;154 674 478;A01;3;7;1;2;7;1;1;
58982;202000038622;154 674 479;B01;3;7;9;2;1;1;1;
58983;202000038623;154 674 476;A01;2;7;0;2;2;1;1;
58984;202000038623;154 674 477;B01;2;50;0;2;1;19;3;
58985;202000038624;154 674 474;A01;3;7;0;2;1;19;1;
58986;202000038624;154 674 475;B01;3;1;0;2;7;1;0;
58987;202000038625;154 674 473;A01;1;34;0;1;1;19;0;
58988;202000038626;154 674 471;A01;1;7;0;0;4;10;0;
58989;202000038626;154 674 472;B01;1;33;0;2;1;2;1;
58990;202000038627;154 674 470;A01;3;31;0;9;0;26;1;
58991;202000038628;154 674 468;A01;2;14;15;1;2;26;1;
58992;202000038629;154 674 467;A01;1;7;0;2;2;15;1;
58993;202000038629;154 674 469;B01;2;7;0;2;1;1;1;
58994;202000038630;154 674 464;B01;0;10;0;2;7;15;1;
58995;202000038630;154 674 466;A01;0;34;0;2;3;1;1;
58996;202000038631;154 674 463;A01;2;2;0;2;0;5;1;
58997;202000038631;154 674 465;B01;3;7;0;2;8;15;1;
58998;202000038632;154 674 462;A01;1;7;0;1;3;1;1;
58999;202000038633;154 674 461;A01;2;7;0;1;6;4;0;
59000;202000038634;154 674 459;A01;1;7;0;2;2;17;1;
59001;202000038634;154 674 460;B01;1;7;0;2;3;2;1;
59002;202000038635;154 674 458;A01;2;7;10;0;1;0;1;
59003;202000038636;154 674 454;A01;3;7;0;9;1;1;0;
59004;202000038636;154 674 456;B01;3;1;0;1;1;16;5;
59005;202000038637;154 674 453;A01;1;7;0;2;1;19;1;
59006;202000038637;154 674 455;B01;2;7;0;2;3;1;1;
59007;202000038638;154 674 450;A01;1;7;0;1;2;0;1;
59008;202000038639;154 674 451;A01;1;7;0;9;1;2;1;
59009;202000038639;154 674 452;B01;1;1;0;2;4;2;5;
59010;202000038640;154 674 449;A01;2;7;1;1;2;1;1;
59011;202000038641;154 674 447;B01;1;1;0;2;0;0;5;
59012;202000038641;154 674 448;A01;2;7;0;2;0;1;1;
59013;202000038642;154 674 446;A01;0;7;8;0;2;14;1;
59014;202000038644;154 674 443;A01;3;99;9;0;1;12;0;
59015;202000038645;154 674 441;A01;3;7;0;1;2;1;1;
59016;202000038646;154 674 440;B01;1;7;0;2;1;1;1;
59017;202000038646;154 674 442;A01;2;7;0;2;1;11;1;
59018;202000038648;154 674 437;A01;1;7;6;2;3;19;1;
59019;202000038648;154 674 438;B01;2;7;0;2;1;1;1;
59020;202000038649;154 674 435;B01;1;33;0;2;1;1;1;
59021;202000038649;154 674 436;A01;1;7;0;2;1;13;1;
59022;202000038650;154 674 432;B01;1;7;0;2;4;23;1;
59023;202000038650;154 674 433;A01;1;7;0;2;1;2;1;
59024;202000038651;154 674 431;A01;2;7;0;2;8;9;1;
59025;202000038651;154 674 434;B01;2;7;0;2;1;1;1;
59026;202000038652;154 674 428;A01;1;7;0;2;2;17;1;
59027;202000038652;154 674 430;B01;1;1;0;0;0;1;5;
59028;202000038653;154 674 425;A01;1;7;0;2;7;1;1;
59029;202000038653;154 674 426;B01;1;7;0;2;1;1;1;
59030;202000038654;154 674 424;A01;3;7;0;1;2;1;1;
59031;202000038655;154 674 423;A01;2;7;0;1;1;1;0;
59032;202000038656;154 674 427;B01;2;7;0;2;2;16;1;
59033;202000038656;154 674 429;A01;2;32;0;2;8;16;1;
59034;202000038657;154 674 421;B01;3;80;0;2;7;1;3;
59035;202000038657;154 674 422;A01;2;7;0;9;3;9;1;
59036;202000038658;154 674 417;A01;1;7;13;2;3;1;0;
59037;202000038658;154 674 418;B01;2;2;0;2;7;1;1;
59038;202000038659;154 674 419;A01;1;31;0;0;1;17;1;
59039;202000038659;154 674 420;B01;2;7;0;0;6;15;1;
59040;202000038660;154 674 416;A01;1;7;0;1;2;16;1;
59041;202000038661;154 674 414;B01;2;7;0;2;4;23;1;
59042;202000038661;154 674 415;A01;1;7;14;0;1;2;1;
59043;202000038662;154 674 411;B01;2;1;0;2;1;0;6;
59044;202000038662;154 674 412;A01;2;7;0;9;2;1;1;
59045;202000038663;154 674 409;B01;2;7;16;2;4;19;1;
59046;202000038663;154 674 410;A01;1;7;0;2;1;1;1;
59047;202000038664;154 674 407;A01;3;7;0;2;2;16;1;
59048;202000038664;154 674 408;B01;3;1;0;2;3;15;5;
59049;202000038665;154 674 404;A01;1;7;3;2;3;1;1;
59050;202000038665;154 674 405;B01;2;7;0;2;3;1;1;
59051;202000038666;154 674 402;B01;1;1;0;2;3;1;5;
59052;202000038666;154 674 403;A01;1;7;0;9;5;17;1;
59053;202000038667;154 674 401;A01;1;7;6;0;7;21;1;
59054;202000038668;154 674 400;A01;1;7;0;0;0;21;1;
59055;202000038669;154 674 399;A01;2;7;0;1;2;1;1;
59056;202000038670;154 674 397;A01;2;7;0;2;1;2;1;
59057;202000038670;154 674 398;B01;2;10;0;2;7;2;1;
59058;202000038671;154 674 395;A01;1;33;0;2;7;12;1;
59059;202000038671;154 674 396;B01;1;7;0;2;3;1;0;
59060;202000038672;154 674 394;A01;1;7;0;1;2;1;1;
59061;202000038673;154 674 392;B01;2;17;0;2;6;1;6;
59062;202000038673;154 674 393;A01;2;10;0;2;2;14;1;
59063;202000038674;154 674 390;A01;1;7;0;1;1;1;0;
59064;202000038676;154 674 387;A01;1;7;0;1;3;1;1;
59065;202000038677;154 674 386;B01;1;10;0;2;3;17;1;
59066;202000038677;154 674 388;A01;2;7;0;2;1;1;1;
59067;202000038678;154 674 384;B01;2;1;0;0;0;1;0;
59068;202000038678;154 674 385;A01;1;7;0;2;0;13;1;
59069;202000038679;154 674 381;B01;1;7;0;0;4;2;1;
59070;202000038679;154 674 383;A01;1;7;0;0;1;1;1;
59071;202000038680;154 674 379;C01;2;7;0;2;4;1;1;
59072;202000038680;154 674 380;A01;2;7;0;2;1;1;1;
59073;202000038680;154 674 382;B01;2;7;0;2;1;1;1;
59074;202000038681;154 674 376;B01;0;10;0;2;3;1;1;
59075;202000038681;154 674 378;A01;3;10;0;2;3;1;1;
59076;202000038682;154 674 375;A01;2;7;3;2;7;9;1;
59077;202000038682;154 674 377;B01;2;7;0;2;1;1;1;
59078;202000038683;154 674 373;B01;3;7;0;2;1;2;0;
59079;202000038683;154 674 374;A01;3;7;0;2;4;2;0;
59080;202000038684;154 674 372;A01;1;7;0;1;1;1;1;
59081;202000038685;154 674 370;A01;1;7;0;9;2;13;1;
59082;202000038685;154 674 371;B01;2;1;0;2;1;1;5;
59083;202000038688;154 674 365;B01;2;2;0;2;3;2;1;
59084;202000038688;154 674 366;A01;2;7;0;2;7;17;1;
59085;202000038689;154 674 363;A01;1;7;9;0;1;1;1;
59086;202000038690;154 674 361;A01;1;30;0;0;0;5;1;
59087;202000038691;154 674 360;A01;1;7;0;1;1;1;1;
59088;202000038692;154 674 359;A01;3;7;0;1;2;1;1;
59089;202000038694;154 674 355;B01;1;1;0;0;4;1;-1;
59090;202000038694;154 674 358;A01;1;7;0;2;2;1;-1;
59091;202000038695;154 674 351;A01;2;7;0;2;7;12;1;
59092;202000038695;154 674 352;B01;2;33;0;2;5;3;1;
59093;202000038695;154 674 353;C01;2;10;0;2;6;1;1;
59094;202000038695;154 674 354;D01;2;10;0;2;2;1;1;