;Num_Acc;id_vehicule;num_veh;senc;catv;obs;obsm;choc;manv;motor;occutc
59095;202000038696;154 674 349;A01;2;7;0;2;1;2;1;
59096;202000038696;154 674 350;B01;2;7;0;2;4;2;1;
59097;202000038697;154 674 347;B01;2;33;0;2;1;3;1;
59098;202000038697;154 674 348;A01;2;10;0;2;5;12;1;
59099;202000038699;154 674 343;A01;1;33;0;2;4;1;1;
59100;202000038699;154 674 344;B01;1;33;0;2;3;3;0;
59101;202000038699;154 674 345;C01;1;7;0;2;8;1;1;
59102;202000038700;154 674 341;B01;2;10;0;2;6;1;1;
59103;202000038700;154 674 342;A01;2;34;0;2;2;3;1;
59104;202000038701;154 674 338;B01;1;7;0;2;3;1;1;
59105;202000038701;154 674 340;A01;1;33;0;2;2;3;1;
59106;202000038702;154 674 337;A01;2;1;0;2;1;1;5;
59107;202000038702;154 674 339;B01;1;7;0;2;3;1;1;
59108;202000038703;154 674 335;A01;2;7;0;0;0;12;1;
59109;202000038703;154 674 336;B01;2;32;0;2;3;1;1;
59110;202000038704;154 674 333;B01;2;10;0;2;4;0;1;
59111;202000038704;154 674 334;A01;2;32;0;2;1;0;1;
59112;202000038705;154 674 332;A01;1;31;0;1;1;1;1;
59113;202000038706;154 674 330;B01;1;33;0;2;3;2;1;
59114;202000038706;154 674 331;A01;1;7;0;2;2;12;1;
59115;202000038707;154 674 329;A01;1;7;1;1;1;1;6;
59116;202000038709;154 674 326;B01;3;60;0;2;8;19;5;
59117;202000038709;154 674 327;A01;2;7;0;2;1;1;1;
59118;202000038711;154 674 324;A01;2;32;1;0;1;13;1;
59119;202000038712;154 674 322;B01;1;10;0;2;5;14;1;
59120;202000038712;154 674 323;A01;1;43;0;2;3;3;1;
59121;202000038713;154 674 320;B01;3;7;0;2;6;23;1;
59122;202000038713;154 674 321;A01;3;7;0;2;2;2;1;
59123;202000038714;154 674 316;B01;1;2;0;2;2;17;1;
59124;202000038714;154 674 318;A01;1;7;0;2;3;13;1;
59125;202000038715;154 674 315;A01;2;7;0;2;3;11;1;
59126;202000038715;154 674 317;B01;2;17;0;2;2;1;1;
59127;202000038715;154 674 319;C01;2;33;0;2;1;1;1;
59128;202000038716;154 674 314;A01;1;37;0;1;2;7;1;1.0
59129;202000038717;154 674 313;A01;2;33;0;0;7;3;1;
59130;202000038718;154 674 312;A01;2;33;0;9;7;1;1;
59131;202000038719;154 674 311;A01;1;32;0;0;7;1;1;
59132;202000038720;154 674 309;A01;2;33;0;2;7;1;1;
59133;202000038720;154 674 310;B01;2;7;0;2;8;11;1;
59134;202000038721;154 674 304;A01;2;10;0;2;7;11;1;
59135;202000038721;154 674 305;B01;2;14;0;2;7;12;1;
59136;202000038721;154 674 306;C01;2;7;0;2;8;1;1;
59137;202000038722;154 674 307;A01;2;7;0;2;3;10;1;
59138;202000038722;154 674 308;B01;2;1;0;2;1;1;5;
59139;202000038723;154 674 301;A01;1;33;0;2;4;1;1;
59140;202000038723;154 674 303;B01;1;7;0;2;6;1;1;
59141;202000038724;154 674 300;B01;1;7;0;2;0;22;1;
59142;202000038724;154 674 302;A01;1;1;0;2;0;1;5;
59143;202000038725;154 674 298;B01;1;7;0;2;8;1;0;
59144;202000038725;154 674 299;A01;1;14;0;2;2;12;0;
59145;202000038726;154 674 297;A01;3;7;0;1;3;15;2;
59146;202000038727;154 674 295;B01;1;33;4;2;8;3;1;
59147;202000038727;154 674 296;A01;2;7;0;2;4;1;1;
59148;202000038728;154 674 293;A01;1;7;11;2;1;17;1;
59149;202000038728;154 674 294;B01;1;32;0;2;6;23;3;
59150;202000038729;154 674 290;A01;2;7;0;2;1;15;1;
59151;202000038729;154 674 291;B01;3;1;0;2;0;0;5;
59152;202000038730;154 674 288;B01;1;7;0;2;2;1;1;
59153;202000038730;154 674 289;A01;1;7;0;2;3;15;1;
59154;202000038731;154 674 287;A01;1;32;0;0;0;26;1;
59155;202000038732;154 674 285;B01;3;1;0;2;1;9;5;
59156;202000038732;154 674 286;A01;3;7;0;2;6;26;1;
59157;202000038734;154 674 281;B01;3;7;0;2;3;1;1;
59158;202000038734;154 674 283;A01;3;7;0;2;2;15;1;
59159;202000038735;154 674 282;A01;2;10;12;0;1;1;1;
59160;202000038736;154 674 279;B01;3;80;0;2;1;1;3;
59161;202000038736;154 674 280;A01;1;7;0;2;3;9;1;
59162;202000038738;154 674 277;B01;2;7;0;2;7;15;1;
59163;202000038738;154 674 278;A01;2;31;0;2;1;1;1;
59164;202000038739;154 674 275;A01;3;7;0;1;3;17;0;
59165;202000038740;154 674 274;A01;1;7;2;0;1;1;0;
59166;202000038742;154 674 270;A01;3;7;0;1;2;20;1;
59167;202000038743;154 674 266;A01;1;30;8;0;9;26;1;
59168;202000038744;154 674 267;A01;3;32;11;0;7;1;1;
59169;202000038745;154 674 263;A01;2;32;0;2;0;2;1;
59170;202000038745;154 674 265;B01;2;7;0;2;5;2;1;
59171;202000038748;154 674 260;A01;1;7;0;1;3;26;0;
59172;202000038749;154 674 259;A01;2;3;15;0;1;14;1;
59173;202000038750;154 674 257;B01;2;0;0;2;3;2;0;
59174;202000038750;154 674 258;A01;1;30;0;2;1;2;0;
59175;202000038751;154 674 256;A01;2;7;0;1;2;1;1;
59176;202000038752;154 674 252;A01;1;10;0;2;3;26;1;
59177;202000038752;154 674 254;B01;2;2;0;2;1;1;1;
59178;202000038753;154 674 253;B01;2;7;0;2;1;1;1;
59179;202000038753;154 674 255;A01;1;10;0;2;7;15;1;
59180;202000038754;154 674 251;A01;1;10;0;1;1;1;1;
59181;202000038756;154 674 246;B01;3;7;0;2;8;1;1;
59182;202000038756;154 674 248;A01;3;33;0;2;0;17;1;
59183;202000038756;154 674 250;C01;3;7;0;2;3;1;1;
59184;202000038757;154 674 243;A01;1;7;0;2;1;2;1;
59185;202000038757;154 674 245;B01;1;7;0;2;4;1;1;
59186;202000038758;154 674 244;A01;2;33;3;0;0;1;1;
59187;202000038759;154 674 240;A01;1;2;0;2;1;13;1;
59188;202000038759;154 674 242;B01;2;7;0;2;3;1;1;
59189;202000038760;154 674 239;A01;3;7;0;2;3;15;1;
59190;202000038760;154 674 241;B01;3;7;0;2;2;1;1;
59191;202000038761;154 674 238;A01;2;7;2;0;1;16;1;
59192;202000038762;154 674 236;B01;1;80;0;2;4;1;3;
59193;202000038762;154 674 237;A01;3;7;0;2;1;9;1;
59194;202000038763;154 674 234;B01;1;2;0;2;3;15;1;
59195;202000038763;154 674 235;A01;1;7;0;2;2;17;1;
59196;202000038764;154 674 232;B01;3;1;0;2;0;26;5;
59197;202000038764;154 674 233;A01;3;7;0;2;3;1;0;
59198;202000038765;154 674 228;A01;0;20;0;2;1;16;6;
59199;202000038765;154 674 230;B01;0;60;0;2;0;0;5;
59200;202000038766;154 674 227;B01;1;7;6;0;4;16;0;
59201;202000038766;154 674 229;A01;1;7;0;2;1;2;0;
59202;202000038767;154 674 226;A01;0;7;0;1;2;1;1;
59203;202000038768;154 674 222;B01;1;7;0;2;8;1;1;
59204;202000038768;154 674 224;A01;2;7;0;2;3;13;1;
59205;202000038770;154 674 219;B01;2;7;0;2;3;1;0;
59206;202000038770;154 674 223;A01;1;7;11;2;1;6;0;
59207;202000038771;154 674 216;A01;2;7;0;2;8;1;1;
59208;202000038771;154 674 218;B01;3;1;0;2;1;19;2;
59209;202000038772;154 674 214;C01;1;10;0;2;1;1;1;
59210;202000038772;154 674 215;A01;2;7;0;2;3;17;1;
59211;202000038772;154 674 217;B01;1;7;0;2;3;1;1;
59212;202000038773;154 674 213;A01;1;10;0;1;1;1;1;
59213;202000038774;154 674 212;A01;2;7;13;0;1;1;1;
59214;202000038775;154 674 210;A01;2;7;0;2;3;15;1;
59215;202000038775;154 674 211;B01;1;2;0;2;1;1;1;
59216;202000038776;154 674 209;A01;1;7;13;0;1;0;1;
59217;202000038777;154 674 208;A01;1;33;4;0;7;1;0;
59218;202000038778;154 674 207;A01;2;7;0;0;0;1;1;
59219;202000038779;154 674 206;A01;1;7;0;1;1;1;1;
59220;202000038780;154 674 203;A01;1;7;0;2;3;17;0;
59221;202000038780;154 674 205;B01;1;7;0;2;4;26;1;
59222;202000038781;154 674 202;A01;1;10;0;0;2;15;1;
59223;202000038781;154 674 204;B01;2;33;0;2;2;1;1;
59224;202000038782;154 674 200;A01;2;7;0;2;5;15;1;
59225;202000038782;154 674 201;B01;1;2;0;2;3;1;1;
59226;202000038783;154 674 198;B01;2;1;0;2;1;16;5;
59227;202000038783;154 674 199;A01;1;7;0;2;5;15;1;
59228;202000038784;154 674 197;A01;0;7;0;1;1;20;1;
59229;202000038785;154 674 196;A01;1;1;0;1;7;25;5;
59230;202000038786;154 674 193;Z01;1;7;8;2;1;17;1;
59231;202000038786;154 674 194;B01;1;7;0;2;6;19;1;
59232;202000038787;154 674 192;A01;2;7;0;1;2;26;1;
59233;202000038788;154 674 190;A01;1;31;0;2;8;26;1;
59234;202000038788;154 674 191;B01;1;7;0;2;6;0;1;
59235;202000038789;154 674 188;B01;2;1;0;2;1;1;5;
59236;202000038789;154 674 189;A01;1;7;0;2;0;15;1;
59237;202000038790;154 674 186;A01;1;1;0;2;1;26;5;
59238;202000038790;154 674 187;B01;2;7;0;2;3;15;1;
59239;202000038791;154 674 184;A01;2;30;0;2;3;18;1;
59240;202000038791;154 674 185;B01;2;7;0;2;2;16;1;
59241;202000038792;154 674 182;B01;0;33;0;2;4;1;1;
59242;202000038792;154 674 183;A01;0;7;0;2;1;1;1;
59243;202000038793;154 674 180;A01;2;7;0;2;1;9;1;
59244;202000038793;154 674 181;B01;1;30;0;2;1;17;0;
59245;202000038794;154 674 178;A01;3;7;0;2;3;13;1;
59246;202000038794;154 674 179;B01;3;10;0;2;3;1;1;
59247;202000038795;154 674 177;A01;2;7;2;0;1;9;1;
59248;202000038796;154 674 175;A01;1;7;9;2;1;13;1;
59249;202000038796;154 674 176;B01;2;30;0;2;1;1;1;
59250;202000038797;154 674 173;B01;1;2;0;2;5;1;1;
59251;202000038797;154 674 174;A01;3;7;0;2;3;9;1;
59252;202000038798;154 674 172;Z01;1;10;0;1;3;1;1;
59253;202000038799;154 674 171;A01;1;7;0;1;3;26;1;
59254;202000038800;154 674 169;A01;1;7;0;2;1;1;1;
59255;202000038800;154 674 170;B01;1;7;0;2;4;1;1;
59256;202000038801;154 674 167;A01;1;7;0;2;2;5;0;
59257;202000038801;154 674 168;B01;1;2;0;2;3;1;1;
59258;202000038802;154 674 165;A01;1;31;0;0;0;15;1;
59259;202000038802;154 674 166;B01;0;0;0;0;0;0;0;
59260;202000038803;154 674 161;B01;1;7;0;2;1;2;1;
59261;202000038803;154 674 162;A01;1;7;0;2;1;2;1;
59262;202000038803;154 674 163;D01;1;10;0;2;4;2;1;
59263;202000038803;154 674 164;C01;1;7;0;2;1;2;1;
59264;202000038804;154 674 158;C01;1;7;0;2;8;23;1;
59265;202000038804;154 674 159;B01;1;10;0;2;5;23;1;
59266;202000038804;154 674 160;A01;1;32;1;2;7;3;1;
59267;202000038805;154 674 157;A01;1;32;14;0;0;17;1;
59268;202000038806;154 674 155;B01;1;7;0;2;8;1;1;
59269;202000038806;154 674 156;A01;1;15;0;2;2;12;1;
59270;202000038807;154 674 152;C01;2;7;0;2;5;1;1;
59271;202000038807;154 674 153;A01;2;33;0;2;2;3;1;
59272;202000038807;154 674 154;B01;2;7;0;2;6;1;1;
59273;202000038808;154 674 151;A01;1;10;0;1;1;16;1;
59274;202000038809;154 674 149;B01;1;33;0;2;2;17;1;
59275;202000038809;154 674 150;A01;1;10;0;2;3;13;1;
59276;202000038811;154 674 146;A01;2;7;0;2;1;15;1;
59277;202000038811;154 674 147;B01;1;31;0;2;1;1;1;
59278;202000038812;154 674 145;A01;1;33;0;1;1;1;1;
59279;202000038813;154 674 144;A01;2;10;0;1;3;1;3;
59280;202000038814;154 674 142;A01;1;7;0;2;1;10;1;
59281;202000038814;154 674 143;B01;2;7;0;2;1;7;1;
59282;202000038815;154 674 141;A01;1;7;0;1;1;15;1;
59283;202000038818;154 674 135;A01;1;1;0;2;1;19;5;
59284;202000038818;154 674 136;B01;1;30;0;2;1;1;1;
59285;202000038820;154 674 131;A01;1;30;0;2;8;18;1;
59286;202000038820;154 674 132;B01;1;13;0;2;2;16;1;
59287;202000038821;154 674 130;A01;1;7;0;1;3;16;1;
59288;202000038822;154 674 128;B01;1;33;0;2;1;1;1;
59289;202000038822;154 674 129;A01;1;1;0;2;8;19;5;
59290;202000038823;154 674 127;A01;1;50;0;1;1;1;3;
59291;202000038824;154 674 125;A01;2;7;0;2;2;0;0;
59292;202000038824;154 674 126;B01;2;1;0;2;3;1;5;
59293;202000038825;154 674 123;A01;1;7;0;2;1;15;1;
59294;202000038825;154 674 124;B01;1;33;0;2;8;1;1;
59295;202000038827;154 674 120;A01;1;10;1;0;5;1;1;
59296;202000038828;154 674 119;A01;1;7;0;1;2;15;1;
59297;202000038829;154 674 117;B01;3;3;0;2;2;1;1;
59298;202000038829;154 674 118;A01;3;7;0;2;3;15;1;
59299;202000038830;154 674 116;A01;2;7;0;1;1;15;1;
59300;202000038831;154 674 114;Z01;1;7;0;1;2;10;1;
59301;202000038831;154 674 115;B01;1;32;0;2;3;26;0;
59302;202000038832;154 674 113;A01;1;10;0;1;1;1;0;
59303;202000038833;154 674 112;A01;3;7;0;1;3;1;3;
59304;202000038834;154 674 111;A01;2;7;0;1;1;1;0;
59305;202000038835;154 674 109;B01;1;7;0;2;2;9;1;
59306;202000038835;154 674 110;A01;1;7;0;2;1;1;1;
59307;202000038836;154 674 107;A01;2;32;0;2;5;17;1;
59308;202000038836;154 674 108;B01;2;7;0;2;3;15;1;
59309;202000038837;154 674 106;A01;3;7;0;1;0;16;0;
59310;202000038838;154 674 101;B01;2;32;0;2;1;1;1;
59311;202000038838;154 674 102;A01;1;7;0;2;1;10;1;
59312;202000038839;154 674 100;A01;1;7;0;1;3;1;1;
59313;202000038840;154 674 099;A01;1;30;14;0;1;0;1;
59314;202000038841;154 674 097;A01;2;30;0;2;3;21;1;
59315;202000038841;154 674 098;B01;1;7;0;2;3;1;1;
59316;202000038842;154 674 096;A01;2;7;0;1;1;9;1;
59317;202000038844;154 674 092;C01;2;7;0;2;1;1;1;
59318;202000038844;154 674 093;B01;1;7;0;2;3;1;1;
59319;202000038844;154 674 094;A01;2;7;0;2;1;19;1;
59320;202000038845;154 674 091;A01;3;7;5;0;3;2;0;
59321;202000038846;154 674 089;B01;1;17;0;2;1;1;1;
59322;202000038846;154 674 090;A01;2;7;0;2;7;13;1;
59323;202000038847;154 674 088;A01;2;33;14;0;1;17;1;
59324;202000038848;154 674 086;A01;2;7;0;2;1;1;1;
59325;202000038848;154 674 087;B01;2;1;0;0;4;15;0;
59326;202000038849;154 674 085;A01;1;7;2;0;3;1;1;
59327;202000038850;154 674 083;A01;3;7;0;2;2;1;1;
59328;202000038850;154 674 084;B01;3;7;0;2;1;1;1;
59329;202000038851;154 674 080;A01;1;7;7;0;9;1;1;
59330;202000038852;154 674 079;A01;1;7;0;1;3;9;1;
59331;202000038853;154 674 077;A01;2;7;0;2;8;19;1;
59332;202000038853;154 674 078;B01;1;7;0;2;1;2;1;
59333;202000038854;154 674 074;B01;2;7;0;2;3;11;1;
59334;202000038854;154 674 075;C01;2;7;0;2;1;2;1;
59335;202000038854;154 674 076;A01;1;15;0;2;3;13;0;
59336;202000038855;154 674 073;A01;3;7;0;1;1;1;0;
59337;202000038856;154 674 072;A01;1;7;2;0;0;1;1;
59338;202000038857;154 674 068;D01;1;10;13;0;7;1;1;
59339;202000038857;154 674 069;C01;1;7;14;0;1;1;1;
59340;202000038857;154 674 070;B01;2;7;0;2;1;1;1;
59341;202000038857;154 674 071;A01;1;10;0;2;3;1;1;
59342;202000038858;154 674 067;A01;2;7;2;0;2;1;1;
59343;202000038860;154 674 064;A01;2;7;6;0;1;1;0;
59344;202000038861;154 674 063;A01;1;33;0;0;0;17;1;
59345;202000038862;154 674 060;A01;2;10;0;2;1;1;1;
59346;202000038862;154 674 061;B01;2;7;0;2;4;15;1;
59347;202000038862;154 674 062;C01;2;7;0;2;1;1;1;
59348;202000038863;154 674 058;B01;2;7;0;0;3;15;1;
59349;202000038863;154 674 059;A01;1;2;0;0;3;17;1;
59350;202000038864;154 674 057;A01;2;7;2;0;7;1;1;
59351;202000038865;154 674 055;B01;2;7;0;2;1;1;1;
59352;202000038865;154 674 056;A01;1;7;0;0;8;13;1;
59353;202000038866;154 674 054;A01;2;7;0;1;7;1;1;
59354;202000038867;154 674 053;A01;1;7;13;0;0;1;0;
59355;202000038869;154 674 050;A01;1;7;2;0;1;1;1;
59356;202000038870;154 674 049;A01;1;7;6;0;1;1;1;
59357;202000038872;154 674 044;A01;2;7;0;2;6;11;1;
59358;202000038872;154 674 045;B01;2;7;0;2;2;1;1;
59359;202000038872;154 674 046;C01;2;17;0;2;8;1;1;
59360;202000038873;154 674 042;A01;2;2;0;2;1;1;1;
59361;202000038873;154 674 043;B01;1;7;0;2;5;15;1;
59362;202000038874;154 674 041;A01;3;7;0;1;2;1;1;
59363;202000038875;154 674 040;A01;1;33;3;0;1;1;1;
59364;202000038876;154 674 038;A01;1;31;0;2;1;13;0;
59365;202000038876;154 674 039;B01;2;7;0;2;1;1;0;
59366;202000038877;154 674 034;A01;2;7;0;2;1;13;1;
59367;202000038877;154 674 035;B01;1;15;0;2;1;1;1;
59368;202000038878;154 674 030;D01;2;10;0;2;3;2;1;
59369;202000038878;154 674 031;C01;2;7;0;2;7;2;1;
59370;202000038878;154 674 032;B01;2;7;0;2;2;1;1;
59371;202000038878;154 674 033;A01;2;15;0;2;6;2;1;
59372;202000038879;154 674 028;A01;1;33;0;2;1;2;1;
59373;202000038879;154 674 029;B01;1;7;0;2;4;2;1;
59374;202000038880;154 674 027;A01;2;34;0;0;3;2;1;
59375;202000038881;154 674 025;A01;1;7;0;2;2;1;1;
59376;202000038881;154 674 026;B01;1;7;0;2;6;9;1;
59377;202000038882;154 674 024;A01;2;7;13;0;1;1;1;
59378;202000038883;154 674 021;C01;1;7;0;2;4;2;1;
59379;202000038883;154 674 022;B01;1;7;0;2;4;2;1;
59380;202000038883;154 674 023;A01;1;7;0;2;1;2;1;
59381;202000038884;154 674 019;A01;1;33;0;2;9;3;1;
59382;202000038884;154 674 020;B01;1;10;0;0;7;12;1;
59383;202000038885;154 674 015;C01;1;7;0;2;7;1;1;
59384;202000038885;154 674 016;Z01;1;10;0;2;1;1;1;
59385;202000038885;154 674 017;B01;1;34;0;2;4;2;1;
59386;202000038885;154 674 018;D01;1;7;0;2;4;1;1;
59387;202000038886;154 674 012;Z01;1;0;0;2;1;2;0;
59388;202000038886;154 674 013;B01;1;7;0;2;1;2;1;
59389;202000038886;154 674 014;A01;1;33;0;2;4;2;1;
59390;202000038887;154 674 010;A01;1;1;0;2;1;1;5;
59391;202000038887;154 674 011;B01;1;1;0;2;4;1;5;
59392;202000038888;154 674 009;A01;2;30;0;1;1;19;1;
59393;202000038889;154 674 007;B01;2;10;0;2;8;15;1;
59394;202000038889;154 674 008;A01;1;30;0;2;7;17;1;
59395;202000038891;154 674 005;A01;1;30;0;9;1;26;1;
59396;202000038893;154 674 002;A01;3;10;0;1;2;13;1;
59397;202000038894;154 674 000;B01;1;7;0;0;6;0;1;
59398;202000038894;154 674 001;A01;1;1;0;2;1;17;0;
59399;202000038895;154 673 998;A01;1;7;0;2;1;2;1;
59400;202000038895;154 673 999;B01;1;10;0;0;4;1;1;
59401;202000038896;154 673 997;A01;2;99;0;1;1;0;1;
59402;202000038897;154 673 995;B01;1;1;0;2;1;1;5;
59403;202000038897;154 673 996;A01;2;7;0;2;2;16;1;
59404;202000038899;154 673 992;A01;0;7;1;0;1;1;1;
59405;202000038900;154 673 990;A01;1;7;0;2;1;9;1;
59406;202000038900;154 673 991;B01;2;2;0;2;2;1;1;
59407;202000038901;154 673 988;B01;1;33;0;2;1;1;-1;
59408;202000038901;154 673 989;A01;1;7;0;2;4;1;-1;
59409;202000038902;154 673 986;B01;3;7;0;2;2;15;1;
59410;202000038902;154 673 987;A01;3;7;0;2;1;1;1;
59411;202000038903;154 673 984;B01;2;7;0;2;2;17;1;
59412;202000038903;154 673 985;A01;2;30;0;2;8;13;1;
59413;202000038905;154 673 979;A01;2;7;0;2;3;1;1;
59414;202000038905;154 673 980;C01;1;31;0;2;1;17;0;
59415;202000038905;154 673 981;B01;1;7;0;0;0;1;0;
59416;202000038906;154 673 977;D01;3;32;0;2;1;26;1;
59417;202000038906;154 673 978;A01;3;7;0;2;2;19;1;
59418;202000038907;154 673 976;A01;1;30;1;0;2;14;1;
59419;202000038908;154 673 975;A01;1;7;4;0;0;1;1;
59420;202000038909;154 673 973;A01;1;33;0;2;1;1;1;
59421;202000038909;154 673 974;B01;2;7;0;2;6;10;1;
59422;202000038910;154 673 971;B01;3;1;0;2;1;1;5;
59423;202000038910;154 673 972;A01;2;7;0;2;3;15;1;
59424;202000038911;154 673 969;A01;2;10;0;9;2;1;1;
59425;202000038911;154 673 970;B01;2;1;0;2;8;13;5;
59426;202000038914;154 673 963;A01;1;10;0;2;2;15;1;
59427;202000038914;154 673 964;B01;2;33;0;2;1;2;1;
59428;202000038916;154 673 959;A01;1;7;0;2;1;13;1;
59429;202000038916;154 673 960;B01;2;7;0;2;1;1;1;
59430;202000038917;154 673 957;A01;1;7;0;2;6;1;1;
59431;202000038917;154 673 958;B01;1;7;0;2;1;0;1;
59432;202000038918;154 673 956;A01;2;7;0;1;3;1;1;
59433;202000038921;154 673 950;B01;3;7;0;2;1;1;1;
59434;202000038921;154 673 951;A01;1;7;0;2;1;9;1;
59435;202000038922;154 673 949;A01;2;7;1;0;3;1;1;
59436;202000038923;154 673 948;A01;3;30;12;0;1;1;0;
59437;202000038924;154 673 946;A01;1;7;0;2;8;10;1;
59438;202000038924;154 673 947;B01;1;34;0;2;1;1;1;
59439;202000038925;154 673 944;B01;1;33;0;2;2;11;1;
59440;202000038925;154 673 945;A01;2;10;0;2;8;13;1;
59441;202000038927;154 673 941;A01;1;7;0;1;1;15;1;
59442;202000038928;154 673 939;A01;2;7;0;2;6;1;1;
59443;202000038928;154 673 940;B01;2;33;0;2;1;14;1;
59444;202000038929;154 673 938;A01;1;7;5;0;1;1;1;
59445;202000038930;154 673 936;B01;1;7;0;2;2;1;1;
59446;202000038930;154 673 937;A01;2;30;0;2;1;1;1;
59447;202000038931;154 673 934;B01;2;1;0;2;1;1;5;
59448;202000038931;154 673 935;A01;1;7;0;2;1;15;1;
59449;202000038933;154 673 931;A01;3;1;0;1;0;1;5;
59450;202000038934;154 673 929;B01;2;7;0;2;3;1;1;
59451;202000038934;154 673 930;A01;1;7;0;2;3;13;1;
59452;202000038935;154 673 928;A01;2;1;0;0;0;26;5;
59453;202000038936;154 673 925;B01;1;1;0;2;1;1;5;
59454;202000038936;154 673 926;A01;1;7;0;2;1;15;1;
59455;202000038937;154 673 923;A01;2;7;0;2;3;15;0;
59456;202000038937;154 673 924;B01;1;2;8;2;3;1;0;
59457;202000038938;154 673 922;A01;1;7;1;1;1;17;1;
59458;202000038940;154 673 919;A01;0;37;0;0;0;26;0;2.0
59459;202000038941;154 673 918;A01;2;99;0;0;0;1;5;
59460;202000038942;154 673 916;B01;0;99;0;0;0;0;3;
59461;202000038942;154 673 917;A01;0;7;0;2;0;0;0;
59462;202000038943;154 673 914;B01;2;1;0;2;0;16;0;
59463;202000038943;154 673 915;A01;2;10;0;2;7;15;1;
59464;202000038944;154 673 912;A01;2;10;0;2;2;15;1;
59465;202000038944;154 673 913;B01;1;32;0;2;1;1;1;
59466;202000038945;154 673 910;A01;3;15;0;2;2;9;1;
59467;202000038945;154 673 911;B01;3;7;0;2;8;9;1;
59468;202000038946;154 673 908;A01;1;33;0;2;7;2;1;
59469;202000038946;154 673 909;B01;1;10;0;2;8;2;1;
59470;202000038947;154 673 905;C01;1;10;0;2;4;0;1;
59471;202000038947;154 673 906;B01;1;20;0;9;9;0;1;
59472;202000038947;154 673 907;A01;1;10;0;0;0;0;1;
59473;202000038948;154 673 903;A01;2;7;0;2;2;2;1;
59474;202000038948;154 673 904;B01;2;7;0;2;6;26;1;
59475;202000038949;154 673 901;B01;2;7;0;2;2;17;0;
59476;202000038949;154 673 902;A01;2;7;8;2;9;15;1;
59477;202000038950;154 673 900;A01;1;7;0;1;1;15;1;
59478;202000038951;154 673 898;B01;1;10;9;2;5;23;1;
59479;202000038951;154 673 899;A01;1;30;0;2;1;1;1;
59480;202000038952;154 673 897;A01;1;10;0;1;3;15;1;
59481;202000038953;154 673 896;A01;1;32;0;1;8;17;1;
59482;202000038954;154 673 894;B01;2;1;0;2;1;1;5;
59483;202000038954;154 673 895;A01;2;7;0;2;3;13;0;
59484;202000038955;154 673 892;B01;1;32;0;2;3;1;1;
59485;202000038955;154 673 893;A01;2;7;0;2;1;15;2;
59486;202000038956;154 673 891;A01;1;7;0;1;0;2;1;
59487;202000038957;154 673 889;B01;1;30;0;2;8;15;3;
59488;202000038957;154 673 890;A01;2;7;0;2;2;1;1;
59489;202000038958;154 673 887;B01;2;43;0;2;8;5;1;
59490;202000038958;154 673 888;A01;1;43;0;2;1;1;1;
59491;202000038959;154 673 885;A01;2;7;1;2;3;13;1;
59492;202000038959;154 673 886;B01;2;10;0;2;5;23;1;
59493;202000038961;154 673 881;A01;2;7;0;2;4;23;1;
59494;202000038961;154 673 882;B01;2;1;0;2;1;7;5;
59495;202000038962;154 673 879;A01;1;7;0;2;8;1;1;
59496;202000038962;154 673 880;B01;1;1;0;2;2;1;5;
59497;202000038964;154 673 875;B01;2;1;0;2;3;13;5;
59498;202000038964;154 673 876;A01;1;7;0;2;3;1;2;
59499;202000038965;154 673 873;B01;1;43;0;2;3;1;1;
59500;202000038965;154 673 874;A01;2;1;0;2;1;5;5;
59501;202000038966;154 673 871;A01;2;1;0;2;1;13;5;
59502;202000038966;154 673 872;B01;1;1;0;2;1;1;5;
59503;202000038967;154 673 869;Z01;1;33;0;2;0;15;0;
59504;202000038967;154 673 870;A01;1;1;0;2;7;1;5;
59505;202000038969;154 673 865;A01;3;7;0;2;3;15;1;
59506;202000038969;154 673 866;B01;3;32;0;2;2;1;1;
59507;202000038970;154 673 861;X01;1;10;1;0;0;0;1;
59508;202000038970;154 673 862;B01;1;33;0;2;5;1;1;
59509;202000038970;154 673 863;A01;1;33;1;0;2;1;1;
59510;202000038970;154 673 864;Y01;1;10;1;0;0;0;0;
59511;202000038972;154 673 857;B01;1;1;1;2;8;21;5;
59512;202000038972;154 673 858;A01;1;7;0;2;7;17;1;
59513;202000038973;154 673 855;A01;3;7;0;2;0;0;0;
59514;202000038973;154 673 856;B01;0;7;0;1;3;1;0;
59515;202000038974;154 673 853;B01;1;7;0;2;4;1;1;
59516;202000038974;154 673 854;A01;1;32;0;2;1;1;1;
59517;202000038976;154 673 848;A01;0;7;9;2;1;1;0;
59518;202000038976;154 673 849;C01;0;7;0;0;4;0;0;
59519;202000038976;154 673 850;B01;0;7;0;2;2;0;0;
59520;202000038977;154 673 847;A01;1;7;0;1;1;26;1;
59521;202000038979;154 673 843;A01;1;99;0;0;8;24;1;
59522;202000038979;154 673 844;B01;1;30;1;0;1;2;1;
59523;202000038980;154 673 841;D01;1;7;0;2;4;23;1;
59524;202000038980;154 673 842;A01;1;7;0;2;1;2;1;
59525;202000038981;154 673 840;A01;3;99;8;9;0;0;0;
59526;202000038982;154 673 839;A01;1;33;0;1;3;1;1;