;Num_Acc;id_vehicule;num_veh;senc;catv;obs;obsm;choc;manv;motor;occutc
59527;202000038983;154 673 837;A01;2;10;0;1;2;1;0;
59528;202000038984;154 673 835;A01;1;32;1;2;7;26;1;
59529;202000038984;154 673 836;B01;1;7;0;2;7;15;2;
59530;202000038985;154 673 834;A01;1;7;1;0;8;1;1;
59531;202000038987;154 673 831;A01;3;7;0;1;3;1;1;
59532;202000038988;154 673 829;A01;2;15;0;0;0;9;1;
59533;202000038988;154 673 830;B01;1;42;0;0;0;1;1;
59534;202000038989;154 673 827;B01;1;7;0;2;7;17;1;
59535;202000038989;154 673 828;A01;1;2;0;2;8;11;1;
59536;202000038990;154 673 826;A01;1;34;12;0;1;0;1;
59537;202000038991;154 673 825;A01;3;7;13;0;0;1;1;
59538;202000038992;154 673 823;C01;1;2;-1;2;1;19;1;
59539;202000038992;154 673 824;B01;1;17;0;2;3;1;1;
59540;202000038993;154 673 822;A01;3;7;6;0;1;14;1;
59541;202000038994;154 673 821;A01;0;2;0;0;8;1;1;
59542;202000038995;154 673 818;A01;2;14;6;0;1;14;1;
59543;202000038996;154 673 816;B01;2;31;0;0;4;1;1;
59544;202000038996;154 673 817;A01;2;7;0;2;1;2;1;
59545;202000038997;154 673 815;A01;0;7;2;0;1;14;1;
59546;202000038998;154 673 814;A01;3;33;13;0;0;0;1;
59547;202000038999;154 673 813;A01;1;7;2;0;7;15;0;
59548;202000039000;154 673 812;A01;1;2;15;0;2;14;1;
59549;202000039001;154 673 811;A01;1;2;7;0;1;1;1;
59550;202000039002;154 673 810;A01;2;33;8;0;1;14;1;
59551;202000039003;154 673 808;A01;3;7;0;2;3;1;1;
59552;202000039003;154 673 809;B01;3;1;0;2;1;1;5;
59553;202000039004;154 673 806;B01;1;7;0;2;9;1;1;
59554;202000039004;154 673 807;A01;2;7;0;2;2;13;1;
59555;202000039005;154 673 804;B01;2;7;0;2;6;23;1;
59556;202000039005;154 673 805;A01;2;31;0;2;1;2;1;
59557;202000039006;154 673 803;A01;2;33;0;0;1;13;4;
59558;202000039007;154 673 801;B01;3;7;0;2;3;20;1;
59559;202000039007;154 673 802;A01;3;7;0;2;1;21;1;
59560;202000039008;154 673 800;A01;3;7;13;0;2;1;1;
59561;202000039009;154 673 799;A01;2;7;0;0;9;1;0;
59562;202000039010;154 673 798;A01;2;7;0;1;2;19;1;
59563;202000039011;154 673 797;A01;3;7;2;0;2;1;0;
59564;202000039014;154 673 792;A01;2;31;0;0;0;17;1;
59565;202000039015;154 673 791;A01;2;7;2;0;1;1;1;
59566;202000039018;154 673 786;B01;0;32;0;2;1;1;1;
59567;202000039018;154 673 787;A01;0;7;0;2;3;15;1;
59568;202000039019;154 673 784;B01;1;31;0;2;1;1;1;
59569;202000039019;154 673 785;A01;2;7;4;2;2;13;1;
59570;202000039020;154 673 783;A01;2;13;0;1;1;1;1;
59571;202000039021;154 673 781;A01;1;33;0;2;1;2;1;
59572;202000039021;154 673 782;B01;1;7;0;0;4;1;1;
59573;202000039022;154 673 779;B01;3;80;0;2;8;15;3;
59574;202000039022;154 673 780;A01;0;7;0;9;1;1;1;
59575;202000039023;154 673 778;A01;2;7;0;1;2;1;1;
59576;202000039024;154 673 777;A01;1;7;0;1;2;1;1;
59577;202000039025;154 673 775;A01;3;7;0;2;3;1;1;
59578;202000039025;154 673 776;B01;3;33;0;2;1;17;1;
59579;202000039026;154 673 774;A01;1;50;4;0;1;1;3;
59580;202000039027;154 673 772;B01;1;10;0;0;3;1;1;
59581;202000039027;154 673 773;A01;1;7;4;0;5;17;1;
59582;202000039028;154 673 770;B01;2;7;0;2;4;2;1;
59583;202000039028;154 673 771;A01;2;2;0;2;1;2;1;
59584;202000039029;154 673 769;A01;1;7;0;1;1;1;0;
59585;202000039030;154 673 767;B01;2;34;0;2;1;2;1;
59586;202000039030;154 673 768;A01;2;7;0;2;4;1;1;
59587;202000039031;154 673 765;A01;2;7;4;2;2;21;1;
59588;202000039031;154 673 766;B01;2;33;0;2;3;1;1;
59589;202000039032;154 673 764;A01;1;10;2;0;3;14;1;
59590;202000039034;154 673 760;A01;2;10;0;2;6;12;1;
59591;202000039034;154 673 761;B01;2;33;0;2;7;3;1;
59592;202000039035;154 673 759;A01;1;7;3;0;1;14;1;
59593;202000039036;154 673 756;C01;2;33;0;2;8;3;1;
59594;202000039036;154 673 757;A01;2;10;0;2;7;14;1;
59595;202000039036;154 673 758;B01;2;7;0;2;5;1;1;
59596;202000039037;154 673 755;A01;1;7;0;1;0;15;1;
59597;202000039038;154 673 753;B01;3;7;0;2;1;15;1;
59598;202000039038;154 673 754;A01;2;7;0;2;1;16;1;
59599;202000039039;154 673 751;B01;2;7;0;2;3;1;1;
59600;202000039039;154 673 752;A01;1;7;0;2;3;13;1;
59601;202000039040;154 673 749;B01;2;7;0;2;4;26;1;
59602;202000039040;154 673 750;A01;2;7;0;2;1;26;1;
59603;202000039041;154 673 747;A01;1;7;0;2;7;15;1;
59604;202000039041;154 673 748;B01;2;1;0;2;0;0;5;
59605;202000039042;154 673 746;A01;0;32;0;1;3;1;1;
59606;202000039043;154 673 745;A01;3;7;8;0;1;26;1;
59607;202000039044;154 673 744;A01;1;7;4;0;3;1;1;
59608;202000039045;154 673 743;A01;3;40;0;1;2;26;3;
59609;202000039046;154 673 741;B01;3;1;0;2;1;19;0;
59610;202000039046;154 673 742;A01;3;7;0;2;3;16;1;
59611;202000039048;154 673 737;B01;1;33;0;2;3;1;0;
59612;202000039048;154 673 738;A01;1;7;0;2;3;13;0;
59613;202000039049;154 673 735;A01;3;30;0;2;7;9;1;
59614;202000039049;154 673 736;B01;3;33;0;2;3;1;1;
59615;202000039050;154 673 733;A01;2;7;0;2;8;9;1;
59616;202000039050;154 673 734;B01;2;15;0;2;7;1;1;
59617;202000039052;154 673 726;A01;1;7;0;2;1;14;0;
59618;202000039052;154 673 727;B01;1;7;0;2;4;23;0;
59619;202000039052;154 673 729;C01;1;7;0;2;4;23;0;
59620;202000039052;154 673 730;D01;1;7;0;2;4;23;0;
59621;202000039053;154 673 725;B01;3;1;0;2;4;1;5;
59622;202000039053;154 673 728;A01;3;7;0;2;2;1;1;
59623;202000039054;154 673 723;A01;2;7;0;2;3;15;1;
59624;202000039054;154 673 724;B01;1;31;0;2;8;1;1;
59625;202000039055;154 673 722;A01;2;7;0;1;1;1;1;
59626;202000039056;154 673 719;A01;2;7;0;2;8;15;0;
59627;202000039056;154 673 721;B01;1;2;0;2;1;17;0;
59628;202000039057;154 673 715;B01;1;17;0;2;1;1;1;
59629;202000039057;154 673 717;A01;2;7;3;2;1;1;1;
59630;202000039058;154 673 713;A01;0;7;0;1;1;9;0;
59631;202000039059;154 673 714;A01;1;14;0;2;0;15;6;
59632;202000039059;154 673 716;B01;1;1;0;2;0;17;0;
59633;202000039060;154 673 710;A01;2;17;0;9;6;1;1;
59634;202000039060;154 673 712;B01;2;50;0;2;3;1;3;
59635;202000039061;154 673 709;A01;1;7;0;1;2;1;1;
59636;202000039063;154 673 704;A01;1;7;0;1;2;1;1;
59637;202000039064;154 673 702;A01;1;99;0;2;1;2;1;
59638;202000039064;154 673 703;B01;1;7;0;2;4;2;1;
59639;202000039064;154 673 705;C01;1;7;0;2;4;2;1;
59640;202000039065;154 673 701;A01;1;10;0;1;8;1;0;
59641;202000039067;154 673 697;A01;2;7;0;2;1;1;1;
59642;202000039067;154 673 698;B01;1;1;0;2;7;1;5;
59643;202000039068;154 673 695;B01;3;7;1;1;8;24;1;
59644;202000039068;154 673 696;A01;3;10;1;0;1;0;1;
59645;202000039069;154 673 693;A01;2;7;0;2;1;1;1;
59646;202000039069;154 673 694;B01;3;7;0;2;8;1;1;
59647;202000039070;154 673 690;A01;2;7;0;2;1;13;1;
59648;202000039070;154 673 691;B01;1;10;0;2;8;1;1;
59649;202000039070;154 673 692;C01;1;10;0;2;1;1;1;
59650;202000039071;154 673 689;A01;1;7;13;0;2;13;1;
59651;202000039072;154 673 688;A01;1;7;0;0;9;1;1;
59652;202000039073;154 673 684;B01;1;7;0;2;1;1;1;
59653;202000039073;154 673 687;A01;2;1;0;2;8;1;5;
59654;202000039074;154 673 685;B01;3;10;0;2;3;15;1;
59655;202000039074;154 673 686;A01;3;1;0;2;2;16;5;
59656;202000039075;154 673 681;A01;2;15;3;0;2;1;1;
59657;202000039077;154 673 680;A01;1;15;6;0;7;1;1;
59658;202000039078;154 673 678;A01;1;7;0;2;1;2;1;
59659;202000039078;154 673 679;B01;1;7;0;2;4;1;1;
59660;202000039079;154 673 675;A01;2;7;3;0;1;1;1;
59661;202000039080;154 673 676;A01;2;7;0;2;1;2;1;
59662;202000039080;154 673 677;B01;2;7;0;0;4;1;1;
59663;202000039081;154 673 673;A01;2;7;0;2;1;13;1;
59664;202000039081;154 673 674;B01;1;36;0;2;3;1;1;
59665;202000039083;154 673 671;A01;0;7;0;1;1;1;1;
59666;202000039084;154 673 669;A01;1;10;0;2;1;1;1;
59667;202000039084;154 673 670;B01;1;30;0;2;1;26;0;
59668;202000039085;154 673 668;A01;0;7;6;0;2;16;1;
59669;202000039086;154 673 664;B01;0;10;14;2;7;15;1;
59670;202000039086;154 673 666;A01;1;7;0;2;1;1;1;
59671;202000039087;154 673 663;A01;1;17;7;2;7;6;1;
59672;202000039087;154 673 665;B01;2;7;0;2;8;1;1;
59673;202000039087;154 673 667;C01;2;17;0;2;1;1;1;
59674;202000039088;154 673 660;A01;1;10;0;2;1;1;1;
59675;202000039088;154 673 662;B01;2;37;0;2;1;1;1;7.0
59676;202000039089;154 673 659;A01;2;7;0;2;3;9;1;
59677;202000039089;154 673 661;B01;1;3;0;2;2;1;0;
59678;202000039090;154 673 657;A01;3;33;6;0;2;1;1;
59679;202000039091;154 673 656;A01;1;7;8;2;1;13;1;
59680;202000039091;154 673 658;B01;2;7;0;2;1;1;1;
59681;202000039092;154 673 653;A01;2;7;0;2;7;15;1;
59682;202000039092;154 673 654;B01;2;7;0;2;1;1;1;
59683;202000039093;154 673 652;B01;1;7;0;2;1;19;0;
59684;202000039093;154 673 655;A01;1;7;0;6;1;19;0;
59685;202000039094;154 673 650;B01;2;30;0;2;1;1;1;
59686;202000039094;154 673 651;A01;1;7;0;2;2;15;1;
59687;202000039095;154 673 648;B01;3;7;0;2;3;1;1;
59688;202000039095;154 673 649;A01;3;7;0;2;6;26;1;
59689;202000039096;154 673 645;C01;2;7;0;2;3;1;1;
59690;202000039096;154 673 646;B01;2;7;0;2;8;1;1;
59691;202000039096;154 673 647;A01;1;7;0;2;3;1;1;
59692;202000039097;154 673 642;C01;1;15;0;2;7;1;1;
59693;202000039097;154 673 643;A01;2;7;0;2;1;0;1;
59694;202000039097;154 673 644;B01;2;7;0;2;4;0;1;
59695;202000039098;154 673 640;A01;3;7;0;2;3;0;1;
59696;202000039098;154 673 641;B01;3;7;0;2;3;0;1;
59697;202000039099;154 673 638;B01;2;7;0;2;3;1;1;
59698;202000039099;154 673 639;A01;1;7;0;2;3;1;1;
59699;202000039100;154 673 636;A01;1;7;0;2;3;13;1;
59700;202000039100;154 673 637;B01;2;7;0;2;3;1;1;
59701;202000039101;154 673 635;A01;1;7;13;0;3;13;1;
59702;202000039102;154 673 632;A01;3;7;0;2;1;1;1;
59703;202000039102;154 673 634;B01;3;7;0;2;1;15;1;
59704;202000039103;154 673 627;A01;2;2;0;2;1;1;1;
59705;202000039103;154 673 628;B01;1;7;0;2;8;9;1;
59706;202000039105;154 673 622;C01;2;15;0;2;1;2;1;
59707;202000039105;154 673 623;B01;2;10;0;2;4;2;1;
59708;202000039105;154 673 624;A01;2;7;0;2;4;2;1;
59709;202000039106;154 673 621;A01;2;7;1;0;2;9;1;
59710;202000039107;154 673 619;B01;1;7;0;2;1;2;1;
59711;202000039107;154 673 620;A01;1;7;0;2;4;2;1;
59712;202000039108;154 673 617;B01;3;7;0;2;3;1;1;
59713;202000039108;154 673 618;A01;3;7;0;2;1;19;1;
59714;202000039109;154 673 614;A01;1;7;0;2;4;23;1;
59715;202000039109;154 673 615;B01;1;7;0;2;1;0;1;
59716;202000039109;154 673 616;C01;1;7;0;2;1;0;1;
59717;202000039110;154 673 611;B01;1;1;0;2;1;26;5;
59718;202000039110;154 673 613;A01;1;7;0;2;8;9;1;
59719;202000039111;154 673 604;B01;1;7;0;2;1;1;1;
59720;202000039111;154 673 605;D01;1;7;0;2;1;1;1;
59721;202000039111;154 673 606;C01;1;7;0;2;1;1;2;
59722;202000039111;154 673 607;A01;1;7;0;2;4;1;1;
59723;202000039112;154 673 601;A01;1;10;0;2;1;1;1;
59724;202000039112;154 673 603;B01;1;7;0;2;4;2;1;
59725;202000039113;154 673 600;A01;2;7;0;2;1;9;1;
59726;202000039113;154 673 602;B01;1;7;0;2;2;1;1;
59727;202000039115;154 673 594;A01;1;32;15;0;0;0;1;
59728;202000039116;154 673 593;A01;1;2;12;0;0;15;1;
59729;202000039117;154 673 592;A01;3;10;0;1;4;26;1;
59730;202000039119;154 673 590;A01;1;31;11;2;1;21;1;
59731;202000039119;154 673 591;B01;1;15;0;2;4;1;1;
59732;202000039120;154 673 585;A01;1;7;0;2;4;1;1;
59733;202000039120;154 673 586;B01;1;7;0;2;1;1;1;
59734;202000039121;154 673 584;A01;1;36;0;2;9;1;1;
59735;202000039122;154 673 583;A01;1;41;8;0;7;25;3;
59736;202000039123;154 673 581;B01;1;7;0;2;1;1;1;
59737;202000039123;154 673 582;A01;3;7;0;2;8;19;1;
59738;202000039124;154 673 579;B01;2;7;0;2;2;11;1;
59739;202000039124;154 673 580;A01;2;7;0;2;3;1;1;
59740;202000039125;154 673 587;C01;2;7;0;2;4;1;1;
59741;202000039125;154 673 588;B01;2;7;0;2;7;12;1;
59742;202000039125;154 673 589;A01;2;33;0;2;3;3;1;
59743;202000039126;154 673 577;B01;0;33;0;2;1;1;1;
59744;202000039126;154 673 578;A01;1;7;0;2;1;15;1;
59745;202000039127;154 673 575;A01;1;7;0;9;5;17;1;
59746;202000039127;154 673 576;B01;1;1;0;2;3;13;5;
59747;202000039128;154 673 572;A01;0;7;0;2;2;26;1;
59748;202000039128;154 673 573;B01;0;7;0;2;6;0;0;
59749;202000039129;154 673 570;A01;2;10;0;2;1;0;1;
59750;202000039129;154 673 571;B01;2;15;0;2;4;0;1;
59751;202000039130;154 673 568;B01;3;7;0;2;0;1;1;
59752;202000039130;154 673 574;A01;3;7;0;2;7;1;1;
59753;202000039131;154 673 567;B01;1;7;0;2;7;1;1;
59754;202000039131;154 673 569;A01;1;32;0;2;8;11;1;
59755;202000039132;154 673 565;B01;2;50;0;2;1;23;3;
59756;202000039132;154 673 566;A01;2;7;0;2;3;15;1;
59757;202000039133;154 673 563;B01;2;7;0;2;5;2;1;
59758;202000039133;154 673 564;A01;2;37;0;2;3;2;1;1.0
59759;202000039134;154 673 559;C01;1;7;0;2;4;2;1;
59760;202000039134;154 673 560;A01;1;17;0;2;1;9;1;
59761;202000039134;154 673 561;B01;1;7;0;2;4;2;1;
59762;202000039135;154 673 562;A01;3;7;0;1;1;1;1;
59763;202000039136;154 673 557;A01;2;7;0;2;3;11;1;
59764;202000039136;154 673 558;B01;2;33;0;2;2;1;1;
59765;202000039137;154 673 555;B01;2;7;0;2;1;1;1;
59766;202000039137;154 673 556;A01;1;7;0;2;3;19;1;
59767;202000039139;154 673 550;A01;2;7;0;0;0;26;1;
59768;202000039139;154 673 553;B01;2;7;0;0;0;0;1;
59769;202000039139;154 673 554;C01;2;10;0;0;0;0;1;
59770;202000039140;154 673 546;A01;1;30;0;2;1;19;1;
59771;202000039140;154 673 549;B01;1;7;0;2;3;19;1;
59772;202000039141;154 673 545;C01;1;33;0;2;3;3;1;
59773;202000039141;154 673 547;B01;1;7;0;2;3;1;1;
59774;202000039141;154 673 548;A01;1;7;0;2;5;1;1;
59775;202000039142;154 673 543;A01;2;10;0;2;3;12;1;
59776;202000039142;154 673 544;B01;2;32;0;2;4;1;1;
59777;202000039143;154 673 542;A01;3;30;0;1;1;1;0;
59778;202000039144;154 673 540;B01;1;33;0;2;1;3;1;
59779;202000039144;154 673 541;A01;1;7;0;2;5;12;1;
59780;202000039145;154 673 537;A01;2;7;0;2;2;16;1;
59781;202000039145;154 673 539;B01;2;32;0;2;8;1;1;
59782;202000039146;154 673 536;B01;1;7;0;2;4;23;1;
59783;202000039146;154 673 538;A01;1;7;0;2;1;2;1;
59784;202000039148;154 673 532;A01;1;32;0;2;1;1;1;
59785;202000039148;154 673 534;B01;1;7;0;2;4;23;1;
59786;202000039149;154 673 529;A01;0;7;0;2;3;19;1;
59787;202000039149;154 673 531;B01;0;32;0;0;2;1;1;
59788;202000039150;154 673 528;B01;1;50;0;2;1;1;3;
59789;202000039150;154 673 530;A01;1;10;0;2;2;16;1;
59790;202000039151;154 673 525;B01;1;1;0;2;7;1;5;
59791;202000039151;154 673 526;A01;1;37;0;2;3;9;2;1.0
59792;202000039152;154 673 524;B01;2;7;0;2;1;1;1;
59793;202000039152;154 673 527;A01;1;7;0;2;2;1;1;
59794;202000039153;154 673 523;A01;2;7;8;0;1;14;1;
59795;202000039154;154 673 521;A01;1;7;0;2;1;2;1;
59796;202000039154;154 673 522;B01;0;7;0;2;4;2;1;
59797;202000039155;154 673 520;A01;0;10;0;1;1;15;1;
59798;202000039156;154 673 519;A01;2;50;0;1;1;1;3;
59799;202000039157;154 673 517;A01;2;1;0;2;3;10;5;
59800;202000039157;154 673 518;B01;2;37;0;2;7;17;2;1.0
59801;202000039158;154 673 516;A01;0;33;0;0;0;14;1;
59802;202000039159;154 673 515;A01;3;50;14;0;1;1;3;
59803;202000039160;154 673 513;A01;3;31;0;2;8;9;1;
59804;202000039160;154 673 514;B01;3;10;0;2;2;1;1;
59805;202000039162;154 673 508;B01;2;7;0;2;3;1;1;
59806;202000039162;154 673 509;A01;1;33;0;2;2;1;1;
59807;202000039163;154 673 504;A01;1;7;0;2;4;2;1;
59808;202000039163;154 673 505;B01;1;30;0;2;1;2;1;
59809;202000039165;154 673 500;B01;2;33;0;2;1;1;1;
59810;202000039165;154 673 502;A01;1;7;0;2;7;15;1;
59811;202000039166;154 673 497;B01;2;7;0;2;1;1;1;
59812;202000039166;154 673 499;A01;2;30;0;2;8;19;1;
59813;202000039167;154 673 496;A01;1;10;1;0;2;15;1;
59814;202000039167;154 673 498;B01;1;7;0;2;6;23;1;
59815;202000039168;154 673 493;B01;2;7;0;2;2;15;0;
59816;202000039168;154 673 495;A01;1;2;0;2;1;1;0;
59817;202000039170;154 673 489;A01;2;7;0;2;1;2;1;
59818;202000039170;154 673 491;B01;2;10;0;2;4;23;1;
59819;202000039172;154 673 486;A01;2;10;0;2;1;2;1;
59820;202000039172;154 673 487;B01;2;10;0;2;4;2;1;
59821;202000039173;154 673 484;Z01;2;7;0;1;1;14;1;
59822;202000039174;154 673 483;B01;1;7;0;2;7;0;0;
59823;202000039174;154 673 485;A01;2;2;0;2;1;26;0;
59824;202000039175;154 673 480;B01;2;2;0;2;3;1;3;
59825;202000039175;154 673 481;A01;1;7;1;2;2;9;1;
59826;202000039178;154 673 475;B01;1;1;14;2;1;19;5;
59827;202000039178;154 673 476;A01;1;7;0;2;1;19;1;
59828;202000039179;154 673 473;A01;3;7;0;2;1;14;1;
59829;202000039179;154 673 474;B01;3;7;0;2;8;2;1;
59830;202000039180;154 673 471;Z01;3;7;0;2;3;15;1;
59831;202000039180;154 673 472;B01;2;30;0;2;1;16;1;
59832;202000039181;154 673 482;A01;2;7;0;1;2;1;1;
59833;202000039182;154 673 469;B01;-1;7;0;2;7;1;1;
59834;202000039182;154 673 470;A01;-1;30;0;2;8;18;1;
59835;202000039184;154 673 466;A01;0;7;0;1;1;9;1;
59836;202000039185;154 673 465;B01;1;10;0;2;1;1;1;
59837;202000039185;154 673 467;A01;1;7;0;2;2;15;1;
59838;202000039186;154 673 463;A01;-1;7;0;2;1;1;1;
59839;202000039186;154 673 464;B01;-1;7;0;2;4;1;1;
59840;202000039187;154 673 461;A01;2;30;0;2;1;2;1;
59841;202000039187;154 673 462;B01;2;7;0;0;4;2;1;
59842;202000039188;154 673 460;A01;3;7;0;1;2;15;0;
59843;202000039189;154 673 457;A01;2;7;0;2;3;16;1;
59844;202000039189;154 673 459;B01;1;1;0;2;1;1;5;
59845;202000039190;154 673 454;A01;2;33;0;2;5;9;1;
59846;202000039190;154 673 455;B01;2;7;0;2;5;1;1;
59847;202000039191;154 673 456;A01;1;7;15;2;6;5;1;
59848;202000039191;154 673 458;B01;1;7;0;2;3;2;2;
59849;202000039192;154 673 452;A01;3;7;0;2;2;17;1;
59850;202000039192;154 673 453;B01;3;7;0;2;3;15;1;
59851;202000039193;154 673 451;A01;3;32;0;5;7;19;1;
59852;202000039194;154 673 449;A01;2;7;0;2;7;15;1;
59853;202000039194;154 673 450;B01;1;7;0;2;1;1;1;
59854;202000039195;154 673 445;A01;3;30;0;2;1;2;1;
59855;202000039195;154 673 447;B01;0;7;0;2;4;23;1;
59856;202000039196;154 673 443;A01;3;30;0;2;1;2;1;
59857;202000039196;154 673 444;B01;3;7;0;2;4;1;1;
59858;202000039197;154 673 441;A01;3;7;0;2;2;2;1;
59859;202000039197;154 673 442;C01;3;2;0;2;1;1;1;
59860;202000039198;154 673 439;B01;2;2;0;2;7;1;1;
59861;202000039198;154 673 440;A01;3;7;0;2;1;19;1;
59862;202000039199;154 673 438;A01;0;7;0;1;4;20;6;
59863;202000039200;154 673 436;A01;3;7;0;2;8;19;1;
59864;202000039200;154 673 437;B01;2;10;0;2;1;19;1;
59865;202000039201;154 673 435;A01;3;31;0;0;7;26;1;
59866;202000039203;154 673 428;D01;2;7;0;2;4;23;1;
59867;202000039203;154 673 429;E01;2;7;0;2;4;23;1;
59868;202000039203;154 673 430;C01;2;7;0;2;4;1;1;
59869;202000039203;154 673 431;B01;2;10;0;2;1;1;1;
59870;202000039203;154 673 432;A01;2;7;0;2;1;1;1;
59871;202000039204;154 673 427;A01;0;10;0;1;1;26;1;
59872;202000039205;154 673 446;B01;1;7;0;2;8;1;1;
59873;202000039205;154 673 448;A01;1;7;0;2;7;17;1;
59874;202000039207;154 673 424;B01;2;7;0;2;3;1;1;
59875;202000039207;154 673 425;A01;1;7;0;2;3;1;1;
59876;202000039208;154 673 422;A01;3;50;0;2;7;0;3;
59877;202000039208;154 673 423;B01;3;7;0;9;2;1;1;
59878;202000039209;154 673 419;A01;1;2;0;2;0;17;0;
59879;202000039209;154 673 421;B01;1;2;0;2;8;1;0;
59880;202000039210;154 673 418;B01;0;1;0;2;1;1;5;
59881;202000039210;154 673 420;A01;0;7;0;2;4;4;1;
59882;202000039211;154 673 414;B01;2;7;0;2;9;0;1;
59883;202000039211;154 673 415;A01;2;7;0;2;1;26;1;
59884;202000039212;154 673 416;B01;2;7;0;2;2;1;0;
59885;202000039212;154 673 417;A01;1;7;0;2;3;5;0;
59886;202000039213;154 673 411;Z01;0;7;0;2;0;16;0;
59887;202000039213;154 673 413;B01;1;50;0;2;7;1;3;
59888;202000039214;154 673 412;A01;1;7;14;0;1;0;1;
59889;202000039215;154 673 408;A01;1;7;0;2;4;1;1;
59890;202000039215;154 673 410;B01;1;33;0;2;1;1;1;
59891;202000039216;154 673 407;B01;2;7;0;2;1;1;1;
59892;202000039216;154 673 409;A01;3;7;2;2;2;1;1;
59893;202000039217;154 673 406;A01;2;33;14;0;8;11;1;
59894;202000039218;154 673 404;A01;-1;2;0;2;1;2;1;
59895;202000039218;154 673 405;B01;-1;2;0;2;4;2;1;
59896;202000039219;154 673 401;A01;1;7;0;2;3;15;1;
59897;202000039219;154 673 403;B01;1;30;0;2;8;19;1;
59898;202000039220;154 673 400;A01;1;7;0;2;7;15;1;
59899;202000039220;154 673 402;B01;2;33;0;2;1;1;1;
59900;202000039221;154 673 399;A01;2;7;13;0;1;14;1;
59901;202000039222;154 673 398;A01;1;7;0;1;3;-1;1;
59902;202000039224;154 673 395;A01;0;2;0;2;2;2;1;
59903;202000039224;154 673 396;B01;1;7;0;2;1;9;1;
59904;202000039225;154 673 394;A01;1;7;16;0;9;1;1;
59905;202000039226;154 673 392;A01;2;7;0;2;2;2;1;
59906;202000039226;154 673 393;B01;2;2;0;2;8;15;1;
59907;202000039228;154 673 389;A01;2;7;0;2;1;15;1;
59908;202000039228;154 673 390;B01;1;7;0;2;1;1;1;
59909;202000039229;154 673 388;A01;1;7;0;1;1;1;1;
59910;202000039230;154 673 387;A01;1;15;13;0;2;14;1;
59911;202000039231;154 673 385;A01;3;7;0;2;1;9;1;
59912;202000039231;154 673 386;B01;3;7;0;2;7;1;1;
59913;202000039232;154 673 383;B01;2;33;0;2;1;1;1;
59914;202000039232;154 673 384;A01;1;7;0;2;5;15;1;
59915;202000039233;154 673 382;A01;2;30;0;2;1;2;1;
59916;202000039234;154 673 381;A01;1;7;0;1;1;1;1;
59917;202000039235;154 673 377;A01;0;7;0;2;1;6;1;
59918;202000039235;154 673 378;B01;0;7;0;2;3;0;1;
59919;202000039235;154 673 379;C01;0;7;0;2;6;1;1;
59920;202000039235;154 673 380;D01;0;7;0;2;3;0;1;
59921;202000039236;154 673 373;A01;3;7;0;2;1;2;0;
59922;202000039236;154 673 374;B01;3;7;0;2;4;2;0;
59923;202000039237;154 673 370;B01;2;1;0;0;4;1;5;
59924;202000039237;154 673 372;A01;2;14;0;2;7;2;1;
59925;202000039238;154 673 369;B01;0;33;8;2;1;3;1;
59926;202000039238;154 673 371;A01;0;7;0;2;0;15;1;
59927;202000039239;154 673 368;A01;0;30;12;0;7;16;1;
59928;202000039240;154 673 367;A01;2;33;0;0;7;1;1;
59929;202000039241;154 673 366;A01;0;32;0;0;0;0;0;
59930;202000039242;154 673 365;A01;1;7;0;1;0;0;0;
59931;202000039243;154 673 364;A01;2;7;0;0;8;17;0;
59932;202000039244;154 673 362;A01;3;7;0;9;1;26;1;
59933;202000039244;154 673 363;B01;3;80;0;2;7;1;3;
59934;202000039245;154 673 359;B01;1;7;0;2;7;1;1;
59935;202000039245;154 673 361;A01;2;33;8;2;1;17;1;
59936;202000039246;154 673 358;B01;1;7;0;2;7;17;1;
59937;202000039246;154 673 360;A01;1;33;0;2;8;17;1;
59938;202000039247;154 673 357;A01;2;33;6;0;2;0;1;
59939;202000039248;154 673 355;B01;2;1;0;2;2;17;5;
59940;202000039248;154 673 356;A01;2;7;0;2;3;11;1;
59941;202000039249;154 673 354;A01;0;7;13;0;9;1;1;
59942;202000039250;154 673 351;A01;1;2;0;0;0;1;1;
59943;202000039251;154 673 350;C01;2;10;0;2;4;2;1;
59944;202000039251;154 673 352;A01;2;7;0;2;1;2;2;
59945;202000039251;154 673 353;B01;2;7;0;2;4;2;1;
59946;202000039252;154 673 348;A01;1;7;0;2;1;15;1;
59947;202000039252;154 673 349;B01;2;7;0;2;1;1;1;
59948;202000039253;154 673 347;A01;1;7;0;1;3;1;1;
59949;202000039254;154 673 346;A01;2;7;8;0;0;1;1;
59950;202000039255;154 673 344;B01;3;7;0;2;4;2;1;
59951;202000039255;154 673 345;A01;3;7;0;2;1;2;1;
59952;202000039256;154 673 342;B01;2;7;0;2;1;1;1;
59953;202000039256;154 673 343;A01;1;7;0;2;1;13;1;
59954;202000039257;154 673 340;B01;1;1;0;2;2;1;5;
59955;202000039257;154 673 341;A01;1;7;0;2;3;22;1;
59956;202000039258;154 673 339;A01;2;32;0;0;0;1;1;
59957;202000039259;154 673 337;A01;2;34;8;0;2;11;1;
59958;202000039260;154 673 336;A01;0;7;0;2;1;1;1;
59959;202000039260;154 673 338;B01;0;7;0;0;4;1;2;