;Num_Acc;id_vehicule;num_veh;senc;catv;obs;obsm;choc;manv;motor;occutc
59960;202000039261;154 673 334;A01;2;21;0;2;2;16;1;
59961;202000039261;154 673 335;B01;2;1;0;2;4;15;5;
59962;202000039262;154 673 332;B01;2;33;0;2;6;15;1;
59963;202000039262;154 673 333;A01;2;7;0;2;2;17;1;
59964;202000039263;154 673 330;B01;3;33;0;2;1;1;1;
59965;202000039263;154 673 331;A01;3;7;0;0;4;1;1;
59966;202000039264;154 673 327;B01;2;33;0;2;1;19;1;
59967;202000039264;154 673 328;C01;0;7;1;2;5;0;1;
59968;202000039264;154 673 329;A01;1;7;0;2;3;15;1;
59969;202000039265;154 673 324;B01;2;30;0;2;3;1;1;
59970;202000039265;154 673 326;A01;1;10;0;2;8;15;1;
59971;202000039268;154 673 320;A01;1;10;0;1;2;2;1;
59972;202000039269;154 673 319;A01;1;7;0;1;3;14;1;
59973;202000039270;154 673 316;A01;1;1;0;2;3;1;5;
59974;202000039270;154 673 318;B01;1;1;0;2;2;17;5;
59975;202000039271;154 673 315;A01;3;2;0;2;1;19;1;
59976;202000039271;154 673 317;B01;0;15;0;2;6;1;1;
59977;202000039272;154 673 312;B01;0;1;0;2;6;1;5;
59978;202000039272;154 673 314;A01;0;7;0;2;2;1;0;
59979;202000039273;154 673 311;A01;0;7;0;1;1;1;1;
59980;202000039274;154 673 313;A01;3;30;0;1;1;1;3;
59981;202000039275;154 673 310;A01;1;33;0;0;8;1;1;
59982;202000039276;154 673 309;A01;1;7;0;1;3;15;1;
59983;202000039277;154 673 306;B01;2;31;0;2;1;23;1;
59984;202000039277;154 673 308;A01;2;10;0;2;4;4;1;
59985;202000039278;154 673 305;A01;1;33;0;2;1;2;1;
59986;202000039278;154 673 307;B01;1;7;0;0;5;1;1;
59987;202000039279;154 673 303;B01;3;7;0;2;3;1;1;
59988;202000039279;154 673 304;A01;2;34;0;2;1;1;1;
59989;202000039280;154 673 301;A01;2;7;0;2;1;2;1;
59990;202000039280;154 673 302;B01;2;15;0;0;4;2;1;
59991;202000039282;154 673 297;B01;1;7;14;0;1;1;1;
59992;202000039282;154 673 298;A01;1;7;4;0;3;1;1;
59993;202000039283;154 673 295;B01;2;31;0;2;1;1;1;
59994;202000039283;154 673 296;A01;2;7;0;2;7;16;1;
59995;202000039284;154 673 294;A01;1;31;4;0;3;13;1;
59996;202000039285;154 673 293;A01;3;7;6;0;1;1;1;
59997;202000039286;154 673 290;B01;1;7;0;2;1;1;1;
59998;202000039286;154 673 292;A01;2;7;0;2;7;1;1;
59999;202000039287;154 673 289;A01;2;7;0;2;1;17;1;
60000;202000039287;154 673 291;B01;1;7;0;2;1;1;1;
60001;202000039289;154 673 286;A01;1;7;1;0;1;2;1;
60002;202000039289;154 673 288;B01;1;2;0;2;0;0;0;
60003;202000039291;154 673 283;A01;1;33;0;2;1;2;1;
60004;202000039291;154 673 284;B01;1;7;0;2;4;1;1;
60005;202000039292;154 673 281;B01;2;30;0;0;8;15;1;
60006;202000039292;154 673 282;A01;2;33;0;2;1;1;1;
60007;202000039293;154 673 280;A01;3;7;0;1;1;15;1;
60008;202000039294;154 673 279;A01;1;10;6;1;2;14;1;
60009;202000039295;154 673 274;B01;1;7;0;2;2;0;0;
60010;202000039295;154 673 277;A01;2;7;0;2;7;14;0;
60011;202000039296;154 673 272;B01;1;32;0;2;1;1;1;
60012;202000039296;154 673 273;A01;2;10;0;2;2;15;1;
60013;202000039297;154 673 270;B01;2;32;0;2;2;0;1;
60014;202000039297;154 673 271;A01;2;1;0;2;3;13;0;
60015;202000039298;154 673 275;A01;1;7;0;2;1;2;1;
60016;202000039298;154 673 276;B01;1;7;3;2;4;23;1;
60017;202000039298;154 673 278;C01;1;7;0;0;4;23;1;
60018;202000039299;154 673 268;A01;2;7;0;2;2;16;1;
60019;202000039299;154 673 269;B01;2;2;0;2;3;1;1;
60020;202000039300;154 673 265;B01;1;10;0;2;3;17;1;
60021;202000039300;154 673 266;A01;2;7;3;2;3;5;1;
60022;202000039300;154 673 267;C01;1;7;0;2;3;11;1;
60023;202000039302;154 673 260;B01;3;32;0;2;1;1;1;
60024;202000039302;154 673 262;A01;3;7;0;2;7;1;1;
60025;202000039303;154 673 259;B01;1;7;0;2;1;1;0;
60026;202000039303;154 673 261;A01;2;7;0;2;3;15;0;
60027;202000039304;154 673 258;A01;2;33;0;0;7;1;1;
60028;202000039305;154 673 256;A01;3;99;0;9;7;2;0;
60029;202000039305;154 673 257;B01;3;1;0;2;4;2;5;
60030;202000039306;154 673 254;A01;2;10;2;0;3;1;1;
60031;202000039307;154 673 252;B01;2;7;0;2;3;2;1;
60032;202000039307;154 673 253;A01;2;15;0;2;5;2;1;
60033;202000039308;154 673 255;A01;2;7;7;0;1;1;1;
60034;202000039309;154 673 251;A01;1;7;2;0;9;1;1;
60035;202000039310;154 673 249;A01;0;7;0;2;3;15;1;
60036;202000039310;154 673 250;B01;0;7;0;2;1;26;1;
60037;202000039311;154 673 246;A01;1;7;0;2;1;21;1;
60038;202000039311;154 673 248;B01;2;7;0;2;1;1;1;
60039;202000039312;154 673 245;B01;2;7;0;0;3;1;1;
60040;202000039312;154 673 247;A01;1;1;0;2;3;16;5;
60041;202000039313;154 673 242;B01;2;33;0;2;8;21;0;
60042;202000039313;154 673 243;A01;1;7;0;2;5;15;0;
60043;202000039314;154 673 244;A01;2;7;1;0;2;0;0;
60044;202000039316;154 673 240;A01;0;10;0;1;4;4;1;
60045;202000039317;154 673 238;B01;0;80;0;2;1;23;3;
60046;202000039317;154 673 239;A01;1;7;0;2;3;15;1;
60047;202000039318;154 673 235;A01;2;10;0;2;7;2;1;
60048;202000039318;154 673 237;B01;2;1;0;2;8;2;0;
60049;202000039319;154 673 234;B01;2;7;0;0;3;1;1;
60050;202000039319;154 673 236;A01;1;2;0;2;1;1;1;
60051;202000039320;154 673 231;A01;2;7;0;2;1;19;1;
60052;202000039320;154 673 233;B01;1;7;0;2;8;1;1;
60053;202000039321;154 673 230;B01;3;7;0;2;3;1;1;
60054;202000039321;154 673 232;A01;3;30;0;2;1;13;1;
60055;202000039322;154 673 228;A01;1;7;0;1;7;1;1;
60056;202000039323;154 673 227;A01;1;33;0;2;2;1;1;
60057;202000039323;154 673 229;B01;1;7;0;2;4;1;1;
60058;202000039324;154 673 225;A01;1;7;0;2;3;1;1;
60059;202000039324;154 673 226;B01;2;2;0;2;1;13;1;
60060;202000039325;154 673 224;A01;3;1;0;0;0;1;5;
60061;202000039326;154 673 223;A01;2;7;2;0;1;13;1;
60062;202000039327;154 673 220;B01;1;33;0;2;1;1;1;
60063;202000039327;154 673 222;A01;2;7;0;2;2;15;1;
60064;202000039328;154 673 219;B01;2;2;0;0;7;1;1;
60065;202000039328;154 673 221;A01;2;7;0;2;3;9;1;
60066;202000039329;154 673 218;A01;1;10;0;1;1;1;1;
60067;202000039330;154 673 217;A01;2;7;3;0;1;26;1;
60068;202000039331;154 673 214;B01;1;10;0;2;1;0;1;
60069;202000039331;154 673 216;A01;1;7;0;2;4;0;1;
60070;202000039332;154 673 213;B01;3;7;0;2;1;1;1;
60071;202000039332;154 673 215;A01;3;7;0;2;1;13;1;
60072;202000039333;154 673 211;A01;1;33;0;0;0;1;1;
60073;202000039334;154 673 210;A01;2;31;0;2;1;2;1;
60074;202000039334;154 673 212;B01;2;10;0;2;4;1;1;
60075;202000039335;154 673 208;B01;1;30;0;2;1;1;1;
60076;202000039335;154 673 209;A01;2;7;0;2;8;1;1;
60077;202000039336;154 673 204;Z01;1;0;0;2;1;0;0;
60078;202000039336;154 673 206;C01;1;31;0;2;1;1;1;
60079;202000039336;154 673 207;B01;1;7;0;2;4;2;1;
60080;202000039337;154 673 203;B01;2;2;0;2;1;1;1;
60081;202000039337;154 673 205;A01;3;7;0;0;5;26;1;
60082;202000039338;154 673 201;A01;1;7;0;1;3;1;1;
60083;202000039340;154 673 198;A01;1;32;0;2;1;1;1;
60084;202000039340;154 673 199;B01;1;7;0;0;6;23;1;
60085;202000039341;154 673 197;A01;2;7;4;0;0;2;1;
60086;202000039342;154 673 196;A01;3;7;0;1;4;4;1;
60087;202000039344;154 673 194;A01;0;7;2;0;1;1;1;
60088;202000039345;154 673 193;A01;1;7;0;0;0;1;1;
60089;202000039347;154 673 189;A01;2;7;3;0;6;26;1;
60090;202000039347;154 673 191;B01;2;10;0;2;2;12;1;
60091;202000039348;154 673 187;A01;2;7;0;1;3;1;1;
60092;202000039349;154 673 183;A01;1;7;0;2;2;2;1;
60093;202000039349;154 673 185;B01;1;1;0;0;4;2;5;
60094;202000039350;154 673 180;A01;2;7;0;2;1;2;0;
60095;202000039350;154 673 181;B01;2;20;0;0;4;2;0;
60096;202000039351;154 673 177;B01;1;2;0;2;1;1;1;
60097;202000039351;154 673 179;A01;1;7;0;2;7;1;1;
60098;202000039352;154 673 176;A01;2;17;0;2;6;14;1;
60099;202000039352;154 673 178;B01;1;17;0;2;3;14;1;
60100;202000039353;154 673 175;A01;2;33;0;0;8;1;1;
60101;202000039354;154 673 174;A01;1;7;0;1;1;1;1;
60102;202000039355;154 673 172;A01;3;7;0;1;3;1;1;
60103;202000039356;154 673 171;A01;3;7;0;2;3;19;0;
60104;202000039356;154 673 173;B01;1;7;0;2;1;1;0;
60105;202000039358;154 673 168;B01;2;17;0;0;6;2;1;
60106;202000039358;154 673 169;A01;2;10;0;2;1;2;1;
60107;202000039360;154 673 164;A01;2;7;0;2;2;2;1;
60108;202000039360;154 673 165;B01;2;7;0;2;6;2;1;
60109;202000039361;154 673 161;A01;1;99;0;2;4;26;6;
60110;202000039361;154 673 163;B01;1;7;0;9;3;1;1;
60111;202000039364;154 673 156;B01;1;33;0;2;1;2;1;
60112;202000039364;154 673 157;A01;1;7;0;2;3;11;0;
60113;202000039365;154 673 155;A01;2;7;0;1;3;16;0;
60114;202000039366;154 673 154;A01;2;7;13;0;1;1;1;
60115;202000039367;154 673 153;A01;1;20;0;1;4;26;1;
60116;202000039368;154 673 151;B01;3;7;0;2;3;26;1;
60117;202000039368;154 673 152;A01;3;50;0;2;1;5;3;
60118;202000039370;154 673 148;B01;1;33;0;2;2;2;1;
60119;202000039370;154 673 150;A01;1;7;0;2;3;10;1;
60120;202000039371;154 673 146;A01;1;7;4;0;1;13;1;
60121;202000039372;154 673 145;B01;3;99;0;1;8;1;1;
60122;202000039372;154 673 147;A01;3;7;0;1;3;1;1;
60123;202000039373;154 673 144;A01;3;7;0;1;1;26;1;
60124;202000039375;154 673 140;B01;2;7;0;2;2;1;1;
60125;202000039375;154 673 141;A01;1;7;0;2;3;9;1;
60126;202000039376;154 673 139;A01;1;33;0;6;3;19;1;
60127;202000039378;154 673 133;D01;1;7;0;2;4;23;1;
60128;202000039378;154 673 135;C01;1;7;0;2;4;23;1;
60129;202000039378;154 673 136;B01;1;7;0;0;4;23;1;
60130;202000039378;154 673 138;A01;1;10;14;0;1;1;1;
60131;202000039379;154 673 131;B01;3;7;0;2;1;1;1;
60132;202000039379;154 673 132;A01;3;7;0;2;1;1;1;
60133;202000039380;154 673 130;A01;2;7;17;0;1;17;1;
60134;202000039381;154 673 128;A01;3;7;0;2;3;1;1;
60135;202000039381;154 673 129;B01;0;7;0;2;3;1;1;
60136;202000039382;154 673 126;B01;2;7;0;2;3;1;1;
60137;202000039382;154 673 127;A01;1;7;0;2;3;13;1;
60138;202000039383;154 673 125;A01;0;7;0;1;8;4;1;
60139;202000039384;154 673 124;A01;3;7;0;1;3;1;1;
60140;202000039386;154 673 120;B01;0;33;1;2;1;1;1;
60141;202000039386;154 673 122;A01;0;7;0;2;8;15;1;
60142;202000039387;154 673 119;A01;2;7;0;2;1;1;1;
60143;202000039387;154 673 121;B01;2;7;0;2;4;2;1;
60144;202000039388;154 673 115;B01;2;7;0;2;1;2;1;
60145;202000039388;154 673 117;A01;2;33;0;2;4;2;1;
60146;202000039389;154 673 116;A01;3;30;0;2;1;2;1;
60147;202000039389;154 673 118;B01;3;10;0;2;4;23;1;
60148;202000039390;154 673 113;A01;1;2;0;0;7;1;1;
60149;202000039391;154 673 111;C01;1;7;0;0;0;0;1;
60150;202000039391;154 673 112;B01;1;7;0;0;0;0;1;
60151;202000039391;154 673 114;A01;1;7;0;0;0;26;1;
60152;202000039392;154 673 108;B01;2;7;0;2;4;2;1;
60153;202000039392;154 673 109;C01;2;7;0;2;4;2;0;
60154;202000039392;154 673 110;A01;2;7;0;2;1;2;1;
60155;202000039393;154 673 107;A01;1;7;0;0;9;9;1;
60156;202000039394;154 673 106;A01;2;7;0;1;3;15;1;
60157;202000039395;154 673 104;A01;3;7;4;0;3;1;1;
60158;202000039396;154 673 103;B01;1;33;0;2;3;1;1;
60159;202000039396;154 673 105;A01;2;7;0;2;3;15;1;
60160;202000039398;154 673 100;A01;3;7;0;2;3;19;1;
60161;202000039398;154 673 102;B01;1;2;0;2;1;1;1;
60162;202000039399;154 673 096;A01;2;10;0;2;2;15;1;
60163;202000039399;154 673 098;B01;1;2;0;2;1;1;1;
60164;202000039400;154 673 094;C01;2;7;0;2;3;1;1;
60165;202000039400;154 673 095;B01;1;37;0;2;5;1;1;1.0
60166;202000039400;154 673 097;A01;1;7;0;2;8;9;1;
60167;202000039401;154 673 090;B01;1;7;0;2;1;1;1;
60168;202000039401;154 673 092;A01;1;10;0;2;1;1;1;
60169;202000039401;154 673 093;C01;1;7;0;2;4;23;1;
60170;202000039402;154 673 089;B01;2;7;0;2;1;1;1;
60171;202000039402;154 673 091;A01;2;7;0;2;4;1;1;
60172;202000039403;154 673 088;A01;1;32;0;0;1;26;1;
60173;202000039404;154 673 086;B01;2;1;0;2;8;1;5;
60174;202000039404;154 673 087;A01;2;7;0;2;2;16;1;
60175;202000039407;154 673 080;B01;1;7;9;2;3;1;6;
60176;202000039407;154 673 082;Z01;0;7;8;2;1;9;0;
60177;202000039407;154 673 084;C01;3;7;8;0;2;1;6;
60178;202000039408;154 673 078;A01;1;13;0;2;4;1;0;
60179;202000039408;154 673 079;B01;1;30;0;2;1;2;0;
60180;202000039409;154 673 077;A01;1;20;0;0;1;13;1;
60181;202000039410;154 673 074;B01;2;7;0;2;1;1;0;
60182;202000039410;154 673 076;A01;3;7;0;2;1;9;0;
60183;202000039411;154 673 073;A01;1;7;0;9;7;16;1;
60184;202000039411;154 673 075;B01;1;33;0;2;1;1;1;
60185;202000039412;154 673 071;A01;1;7;0;2;1;2;1;
60186;202000039412;154 673 072;B01;1;7;0;2;4;0;1;
60187;202000039413;154 673 070;A01;1;7;0;1;1;16;1;
60188;202000039414;154 673 068;A01;1;7;0;2;1;26;1;
60189;202000039414;154 673 069;B01;1;7;0;2;4;16;1;
60190;202000039415;154 673 066;A01;3;7;0;2;2;1;1;
60191;202000039416;154 673 065;B01;0;2;0;2;2;15;1;
60192;202000039416;154 673 067;A01;0;7;0;2;3;15;1;
60193;202000039417;154 673 062;A01;2;7;0;2;7;13;1;
60194;202000039417;154 673 064;B01;1;7;0;2;1;1;1;
60195;202000039418;154 673 061;A01;1;7;0;2;9;0;1;
60196;202000039418;154 673 063;B01;1;7;0;2;3;0;1;
60197;202000039419;154 673 059;A01;1;30;0;0;8;0;1;
60198;202000039420;154 673 058;B01;2;7;0;2;4;2;1;
60199;202000039420;154 673 060;A01;2;30;0;2;1;2;1;
60200;202000039421;154 673 056;A01;2;7;0;1;1;15;1;
60201;202000039422;154 673 055;B01;1;7;0;2;1;0;1;
60202;202000039422;154 673 057;A01;1;7;0;2;7;0;1;
60203;202000039423;154 673 052;A01;1;7;0;2;0;0;1;
60204;202000039423;154 673 054;B01;1;80;0;2;8;0;3;
60205;202000039424;154 673 053;A01;1;7;3;0;1;9;1;
60206;202000039425;154 673 051;A01;0;7;2;0;0;1;1;
60207;202000039426;154 673 047;C01;2;7;0;2;8;16;1;
60208;202000039426;154 673 049;A01;1;7;0;2;3;26;1;
60209;202000039426;154 673 050;B01;1;7;0;2;3;15;1;
60210;202000039427;154 673 046;B01;0;14;0;2;8;1;0;
60211;202000039427;154 673 048;A01;0;33;0;2;1;13;1;
60212;202000039428;154 673 043;B01;3;30;0;2;1;1;1;
60213;202000039428;154 673 045;A01;3;7;0;2;3;26;1;
60214;202000039429;154 673 042;B01;2;7;1;2;2;1;1;
60215;202000039429;154 673 044;A01;2;7;15;2;2;1;1;
60216;202000039430;154 673 040;A01;1;7;0;1;2;1;1;
60217;202000039431;154 673 039;A01;3;7;0;9;7;15;1;
60218;202000039431;154 673 041;B01;3;1;0;2;1;1;5;
60219;202000039432;154 673 038;A01;-1;7;2;0;1;26;1;
60220;202000039433;154 673 037;A01;0;7;12;0;3;1;1;
60221;202000039434;154 673 035;A01;1;33;0;2;1;1;1;
60222;202000039434;154 673 036;B01;1;7;0;2;3;1;1;
60223;202000039435;154 673 034;A01;2;7;13;0;2;14;1;
60224;202000039438;154 673 029;A01;3;33;0;2;8;15;1;
60225;202000039438;154 673 030;B01;3;7;0;2;3;16;1;
60226;202000039439;154 673 027;B01;1;7;0;2;1;1;1;
60227;202000039439;154 673 028;A01;2;30;0;2;5;15;1;
60228;202000039440;154 673 026;A01;1;7;0;1;2;1;1;
60229;202000039441;154 673 024;A01;1;7;0;2;4;20;1;
60230;202000039441;154 673 025;B01;1;1;0;2;1;1;5;
60231;202000039442;154 673 023;A01;2;7;0;1;2;16;3;
60232;202000039443;154 673 022;A01;1;7;7;0;3;15;1;
60233;202000039444;154 673 020;B01;1;1;0;2;0;0;5;
60234;202000039444;154 673 021;A01;2;7;0;2;1;9;1;
60235;202000039447;154 673 017;A01;1;40;0;1;2;1;3;
60236;202000039449;154 673 013;A01;1;10;0;2;1;13;1;
60237;202000039449;154 673 014;B01;2;7;0;2;1;1;1;
60238;202000039450;154 673 011;B01;3;1;0;9;4;1;5;
60239;202000039450;154 673 012;A01;3;1;0;9;1;1;5;
60240;202000039451;154 673 008;B01;0;7;0;2;0;0;0;
60241;202000039451;154 673 009;A01;0;7;0;2;2;0;0;
60242;202000039452;154 673 006;B01;3;2;0;2;1;1;1;
60243;202000039452;154 673 007;A01;3;7;0;2;8;1;1;
60244;202000039453;154 673 004;B01;3;7;0;2;4;2;1;
60245;202000039453;154 673 005;A01;3;7;0;2;1;2;1;
60246;202000039454;154 673 002;B01;1;32;0;2;3;1;1;
60247;202000039454;154 673 003;A01;1;34;1;2;1;17;1;
60248;202000039455;154 673 001;A01;0;7;0;1;3;15;1;
60249;202000039456;154 672 999;B01;1;1;0;2;3;1;0;
60250;202000039456;154 673 000;A01;1;7;0;2;3;17;1;
60251;202000039457;154 672 997;A01;0;7;0;2;8;15;0;
60252;202000039457;154 672 998;B01;0;32;0;2;1;0;0;
60253;202000039458;154 672 995;A01;1;7;5;2;1;13;1;
60254;202000039458;154 672 996;B01;2;10;2;2;2;13;0;
60255;202000039459;154 672 993;B01;0;3;0;2;1;1;3;
60256;202000039459;154 672 994;A01;0;7;0;2;3;8;1;
60257;202000039460;154 672 992;Z01;2;20;0;1;0;26;0;
60258;202000039461;154 672 990;A01;3;30;0;2;1;0;1;
60259;202000039461;154 672 991;B01;3;1;0;2;0;26;5;
60260;202000039462;154 672 988;A01;1;32;9;0;1;13;1;
60261;202000039463;154 672 986;B01;1;7;0;2;8;1;1;
60262;202000039463;154 672 987;A01;1;7;0;2;1;9;1;
60263;202000039464;154 672 984;B01;2;7;0;2;5;1;1;
60264;202000039464;154 672 985;A01;2;33;0;2;1;2;1;
60265;202000039465;154 672 982;A01;2;7;0;2;6;15;1;
60266;202000039465;154 672 983;B01;1;7;0;2;1;1;1;
60267;202000039466;154 672 980;A01;1;7;0;2;1;9;1;
60268;202000039466;154 672 981;B01;2;7;1;2;3;1;1;
60269;202000039467;154 672 979;A01;1;10;16;0;9;1;1;
60270;202000039468;154 672 977;A01;3;7;0;2;1;9;1;
60271;202000039468;154 672 978;B01;2;33;0;2;2;1;1;
60272;202000039469;154 672 975;A01;1;7;0;2;8;10;1;
60273;202000039469;154 672 976;B01;1;33;0;2;7;17;1;
60274;202000039470;154 672 973;A01;0;33;0;2;7;17;1;
60275;202000039470;154 672 974;B01;0;7;0;2;8;15;1;
60276;202000039471;154 672 971;A01;1;7;0;2;7;16;1;
60277;202000039471;154 672 972;B01;1;1;0;2;1;25;0;
60278;202000039472;154 672 968;A01;3;7;0;1;2;1;0;
60279;202000039473;154 672 967;A01;-1;7;2;0;1;13;1;
60280;202000039474;154 672 965;B01;2;7;0;2;6;1;1;
60281;202000039474;154 672 966;A01;3;7;0;2;1;19;1;
60282;202000039475;154 672 963;B01;0;7;0;2;3;1;1;
60283;202000039475;154 672 964;A01;2;7;0;2;1;1;1;
60284;202000039476;154 672 962;A01;1;10;0;1;3;15;1;
60285;202000039478;154 672 957;A01;1;7;0;2;8;9;1;
60286;202000039478;154 672 958;B01;1;15;0;2;7;1;1;
60287;202000039479;154 672 955;A01;2;7;0;2;1;13;1;
60288;202000039479;154 672 956;B01;1;7;0;2;1;1;1;
60289;202000039480;154 672 953;A01;3;10;0;2;2;10;1;
60290;202000039480;154 672 954;B01;3;33;0;2;3;1;1;
60291;202000039481;154 672 952;A01;1;7;0;1;1;1;1;
60292;202000039482;154 672 951;A01;3;7;0;1;1;17;1;
60293;202000039483;154 672 948;A01;1;7;0;2;1;9;1;
60294;202000039483;154 672 950;B01;1;7;0;2;1;1;1;
60295;202000039485;154 672 944;B01;0;7;0;2;1;1;1;
60296;202000039485;154 672 946;A01;0;7;0;2;1;5;1;
60297;202000039486;154 672 943;B01;1;2;0;0;0;9;1;
60298;202000039486;154 672 945;A01;1;7;0;0;0;2;1;
60299;202000039487;154 672 941;B01;1;1;0;2;9;0;5;
60300;202000039487;154 672 942;A01;1;7;0;2;2;0;1;
60301;202000039488;154 672 938;B01;2;33;14;2;1;17;0;
60302;202000039488;154 672 940;A01;1;7;14;0;3;19;1;
60303;202000039489;154 672 937;B01;1;1;0;2;4;0;5;
60304;202000039489;154 672 939;A01;1;7;0;2;3;0;1;
60305;202000039490;154 672 935;A01;1;30;0;2;1;18;1;
60306;202000039490;154 672 936;B01;1;7;0;2;2;16;1;
60307;202000039491;154 672 934;A01;2;7;0;1;8;1;1;
60308;202000039492;154 672 932;A01;1;7;0;1;3;1;1;
60309;202000039493;154 672 933;Z01;3;7;0;1;0;15;0;
60310;202000039494;154 672 930;B01;3;1;0;2;8;1;5;
60311;202000039494;154 672 931;A01;3;13;0;2;7;9;1;
60312;202000039495;154 672 929;A01;2;14;0;1;1;19;1;
60313;202000039496;154 672 928;A01;2;7;0;1;1;1;1;
60314;202000039498;154 672 926;A01;3;7;0;1;5;1;1;
60315;202000039499;154 672 925;A01;1;7;7;1;1;14;1;
60316;202000039500;154 672 923;A01;1;7;0;2;3;2;0;
60317;202000039500;154 672 924;B01;1;7;0;2;6;2;0;
60318;202000039501;154 672 921;A01;0;3;0;1;1;1;3;
60319;202000039502;154 672 920;B01;2;1;0;2;6;13;5;
60320;202000039502;154 672 922;A01;2;7;0;2;2;1;0;
60321;202000039503;154 672 919;A01;2;30;0;0;0;1;1;
60322;202000039504;154 672 918;A01;3;10;0;1;4;4;1;
60323;202000039505;154 672 917;A01;2;7;0;1;1;1;1;
60324;202000039506;154 672 915;A01;1;14;0;1;8;16;1;
60325;202000039507;154 672 914;A01;2;10;0;2;8;10;1;
60326;202000039507;154 672 916;B01;2;34;0;2;1;3;1;
60327;202000039508;154 672 912;B01;2;1;0;2;3;16;5;
60328;202000039508;154 672 913;A01;2;7;0;2;5;14;1;
60329;202000039509;154 672 909;B01;1;31;0;2;4;1;1;
60330;202000039509;154 672 911;A01;1;7;0;2;1;17;1;
60331;202000039510;154 672 910;A01;1;7;1;0;3;13;1;
60332;202000039511;154 672 907;A01;2;10;0;2;3;10;1;
60333;202000039511;154 672 908;B01;2;33;0;2;3;1;1;
60334;202000039512;154 672 905;B01;1;31;0;2;1;1;0;
60335;202000039512;154 672 906;A01;1;7;0;2;8;15;1;
60336;202000039513;154 672 904;A01;2;7;1;0;1;14;1;
60337;202000039514;154 672 903;A01;1;7;0;1;1;1;1;
60338;202000039515;154 672 900;A01;0;30;0;0;7;1;1;
60339;202000039516;154 672 899;A01;1;1;0;2;1;2;5;
60340;202000039516;154 672 901;B01;1;7;0;2;4;2;1;
60341;202000039517;154 672 896;B01;1;1;0;2;1;1;0;
60342;202000039517;154 672 898;Z01;1;7;0;9;0;1;0;
60343;202000039518;154 672 895;B01;1;2;0;2;4;1;1;
60344;202000039518;154 672 897;A01;1;7;0;2;1;1;1;
60345;202000039519;154 672 892;A01;0;7;0;1;1;1;0;
60346;202000039520;154 672 891;A01;1;7;0;1;1;1;1;
60347;202000039522;154 672 886;A01;3;7;0;2;1;5;1;
60348;202000039522;154 672 888;B01;3;7;0;2;1;1;1;
60349;202000039522;154 672 890;C01;3;7;1;2;6;26;1;
60350;202000039523;154 672 885;A01;1;34;0;1;7;1;1;
60351;202000039524;154 672 884;A01;3;7;0;1;2;9;1;
60352;202000039526;154 672 879;B01;2;33;0;2;1;1;1;
60353;202000039526;154 672 880;A01;1;7;0;2;1;17;1;
60354;202000039527;154 672 881;A01;2;7;0;1;2;16;0;
60355;202000039528;154 672 876;B01;1;32;0;2;1;1;1;
60356;202000039528;154 672 878;A01;2;7;0;2;5;15;1;
60357;202000039530;154 672 872;A01;0;7;0;2;1;15;1;
60358;202000039530;154 672 873;B01;0;7;0;2;3;1;1;
60359;202000039531;154 672 870;A01;1;10;0;2;1;2;1;
60360;202000039531;154 672 874;B01;1;7;0;2;6;2;1;
60361;202000039532;154 672 869;A01;1;1;0;2;1;1;5;
60362;202000039532;154 672 871;B01;1;7;0;2;1;1;1;
60363;202000039533;154 672 868;A01;3;7;0;1;3;15;1;
60364;202000039534;154 672 865;A01;1;7;0;2;1;1;1;
60365;202000039534;154 672 867;B01;1;2;0;2;1;1;1;
60366;202000039535;154 672 864;A01;3;7;0;2;2;26;1;
60367;202000039535;154 672 866;B01;3;7;0;2;6;1;1;
60368;202000039536;154 672 862;B01;2;15;0;2;0;16;1;
60369;202000039536;154 672 863;A01;2;10;0;2;1;1;1;
60370;202000039537;154 672 861;A01;3;10;0;1;4;4;1;
60371;202000039539;154 672 859;A01;0;7;0;1;0;0;1;
60372;202000039540;154 672 857;A01;3;30;0;0;0;15;1;
60373;202000039541;154 672 855;B01;3;7;1;0;0;0;1;
60374;202000039541;154 672 856;A01;1;7;6;0;1;1;1;
60375;202000039544;154 672 850;A01;1;7;0;1;2;1;1;
60376;202000039545;154 672 848;B01;3;7;0;2;8;1;3;
60377;202000039545;154 672 849;A01;3;7;0;2;7;12;1;
60378;202000039546;154 672 847;A01;1;7;6;0;1;14;1;
60379;202000039549;154 672 841;B01;1;7;0;2;1;1;1;
60380;202000039549;154 672 842;A01;2;7;0;2;1;15;1;
60381;202000039550;154 672 839;A01;3;7;0;2;2;15;1;
60382;202000039550;154 672 840;B01;3;7;0;2;1;1;1;
60383;202000039551;154 672 837;A01;1;31;0;2;1;11;1;
60384;202000039551;154 672 838;B01;1;7;0;2;7;12;1;
60385;202000039552;154 672 836;A01;2;7;2;0;1;1;1;
60386;202000039553;154 672 834;A01;1;7;0;2;3;11;1;
60387;202000039553;154 672 835;B01;1;31;0;2;2;3;1;
60388;202000039554;154 672 829;B01;1;7;0;2;4;1;1;
60389;202000039554;154 672 831;C01;1;7;0;2;6;1;1;
60390;202000039554;154 672 832;A01;1;7;0;2;1;1;1;
60391;202000039554;154 672 833;D01;1;7;0;2;4;1;1;
60392;202000039555;154 672 827;A01;1;7;0;2;1;2;0;