;Num_Acc;id_vehicule;num_veh;senc;catv;obs;obsm;choc;manv;motor;occutc
60393;202000039555;154 672 828;B01;1;7;0;2;4;2;1;
60394;202000039555;154 672 830;C01;1;7;0;2;2;2;1;
60395;202000039556;154 672 823;A01;1;7;0;1;1;1;1;
60396;202000039557;154 672 822;B01;2;7;0;2;4;2;1;
60397;202000039557;154 672 824;A01;2;7;0;2;4;2;1;
60398;202000039557;154 672 825;Z01;2;7;0;2;1;2;1;
60399;202000039558;154 672 821;A01;1;1;0;1;1;1;5;
60400;202000039559;154 672 820;A01;3;31;0;0;0;1;1;
60401;202000039560;154 672 818;B01;1;7;0;2;4;1;0;
60402;202000039560;154 672 819;A01;1;7;0;2;1;2;1;
60403;202000039561;154 672 817;A01;1;14;0;1;1;16;6;
60404;202000039562;154 672 815;A01;3;7;0;0;0;0;1;
60405;202000039562;154 672 816;B01;0;1;0;0;0;0;0;
60406;202000039563;154 672 814;A01;2;7;0;1;2;1;1;
60407;202000039564;154 672 813;A01;1;7;0;1;3;26;1;
60408;202000039565;154 672 810;B01;2;7;0;2;6;2;1;
60409;202000039565;154 672 812;A01;2;14;0;2;2;14;1;
60410;202000039566;154 672 809;B01;2;50;0;2;0;1;3;
60411;202000039566;154 672 811;Z01;2;7;0;0;0;0;1;
60412;202000039567;154 672 806;A01;3;30;0;2;1;1;3;
60413;202000039567;154 672 808;B01;3;7;0;2;6;23;1;
60414;202000039568;154 672 805;B01;2;1;0;2;1;1;5;
60415;202000039568;154 672 807;A01;1;10;0;2;1;15;1;
60416;202000039569;154 672 803;A01;0;7;10;0;9;17;1;
60417;202000039570;154 672 802;A01;2;50;0;2;1;15;3;
60418;202000039570;154 672 804;B01;2;7;0;9;2;1;1;
60419;202000039571;154 672 799;A01;2;7;0;2;1;1;1;
60420;202000039571;154 672 801;B01;2;7;0;2;4;26;1;
60421;202000039572;154 672 798;B01;0;80;0;2;5;19;3;
60422;202000039572;154 672 800;A01;2;1;0;2;1;1;5;
60423;202000039573;154 672 797;A01;0;33;12;0;1;1;1;
60424;202000039574;154 672 796;A01;1;10;0;1;6;16;1;
60425;202000039575;154 672 791;A01;1;7;0;2;8;22;1;
60426;202000039575;154 672 793;B01;1;1;0;2;1;1;5;
60427;202000039576;154 672 790;Z01;2;10;0;2;0;1;1;
60428;202000039576;154 672 792;C01;2;7;0;2;4;1;1;
60429;202000039576;154 672 794;B01;2;7;0;2;4;1;1;
60430;202000039576;154 672 795;D01;2;7;0;2;4;1;1;
60431;202000039577;154 672 788;B01;1;33;0;2;7;16;1;
60432;202000039577;154 672 789;A01;1;43;0;2;1;7;1;
60433;202000039578;154 672 787;A01;1;30;0;1;7;18;1;
60434;202000039579;154 672 785;B01;1;10;0;2;2;1;1;
60435;202000039579;154 672 786;A01;2;32;0;2;1;7;1;
60436;202000039580;154 672 784;A01;2;1;0;0;8;17;5;
60437;202000039581;154 672 782;A01;2;32;0;2;1;2;1;
60438;202000039581;154 672 783;B01;2;80;0;2;4;2;3;
60439;202000039582;154 672 780;A01;3;50;0;2;1;13;3;
60440;202000039582;154 672 781;B01;3;50;0;2;1;1;3;
60441;202000039583;154 672 777;C01;1;7;1;2;8;24;1;
60442;202000039583;154 672 778;B01;1;7;0;2;7;20;1;
60443;202000039583;154 672 779;A01;1;30;0;2;2;1;1;
60444;202000039584;154 672 776;A01;1;7;6;0;1;3;1;
60445;202000039585;154 672 775;A01;1;50;0;1;1;1;3;
60446;202000039586;154 672 772;B01;0;7;0;2;3;1;1;
60447;202000039586;154 672 773;A01;0;30;0;2;1;1;1;
60448;202000039586;154 672 774;C01;0;14;0;2;0;1;1;
60449;202000039587;154 672 771;A01;1;7;0;1;3;15;1;
60450;202000039589;154 672 767;A01;1;7;0;0;0;16;0;
60451;202000039589;154 672 769;B01;2;31;0;0;0;15;0;
60452;202000039590;154 672 765;B01;2;7;0;2;4;23;1;
60453;202000039590;154 672 766;A01;2;7;0;2;1;1;1;
60454;202000039591;154 672 762;A01;1;30;0;2;1;16;1;
60455;202000039591;154 672 764;B01;1;7;0;2;4;16;1;
60456;202000039592;154 672 761;A01;1;7;0;2;1;1;1;
60457;202000039592;154 672 763;B01;2;1;0;2;7;19;5;
60458;202000039593;154 672 758;B01;1;60;0;2;1;0;5;
60459;202000039593;154 672 760;A01;1;7;0;2;7;16;1;
60460;202000039594;154 672 757;B01;0;80;1;0;1;1;3;
60461;202000039594;154 672 759;A01;0;7;0;2;3;24;1;
60462;202000039595;154 672 755;A01;2;7;0;2;1;2;0;
60463;202000039595;154 672 756;B01;2;7;0;2;5;23;0;
60464;202000039596;154 672 754;A01;2;7;0;1;1;1;1;
60465;202000039597;154 672 751;C01;3;10;0;2;1;14;1;
60466;202000039597;154 672 752;B01;3;7;0;2;4;2;1;
60467;202000039597;154 672 753;A01;3;34;0;2;1;26;1;
60468;202000039598;154 672 748;A01;2;7;0;1;0;26;0;
60469;202000039599;154 672 747;C01;1;7;0;2;9;1;1;
60470;202000039599;154 672 749;B01;1;10;0;2;9;1;1;
60471;202000039599;154 672 750;A01;1;17;0;2;2;12;1;
60472;202000039600;154 672 746;A01;2;7;0;1;5;16;1;
60473;202000039603;154 672 738;A01;1;7;0;0;0;0;6;
60474;202000039603;154 672 739;B01;1;7;0;-1;0;0;6;
60475;202000039604;154 672 737;B01;1;7;0;2;1;1;1;
60476;202000039604;154 672 741;A01;1;30;0;2;1;19;1;
60477;202000039606;154 672 733;A01;3;10;0;2;3;17;1;
60478;202000039606;154 672 735;B01;3;7;0;2;3;15;1;
60479;202000039607;154 672 732;B01;1;7;0;2;3;15;1;
60480;202000039607;154 672 734;A01;1;7;3;0;2;1;1;
60481;202000039608;154 672 730;B01;2;2;0;2;3;1;1;
60482;202000039608;154 672 731;A01;2;7;0;2;7;16;0;
60483;202000039609;154 672 727;Z01;2;30;0;2;1;19;1;
60484;202000039609;154 672 729;A01;2;31;0;2;8;19;1;
60485;202000039610;154 672 726;B01;2;7;0;2;2;1;1;
60486;202000039610;154 672 728;A01;2;7;0;2;3;19;1;
60487;202000039611;154 672 723;B01;1;7;0;2;1;9;1;
60488;202000039611;154 672 725;A01;1;7;0;2;2;1;1;
60489;202000039612;154 672 722;A01;1;7;0;2;2;15;1;
60490;202000039612;154 672 724;B01;2;7;0;2;8;1;1;
60491;202000039613;154 672 719;B01;3;50;0;2;1;15;3;
60492;202000039613;154 672 721;A01;3;7;0;9;3;1;2;
60493;202000039614;154 672 720;A01;1;7;15;0;1;13;1;
60494;202000039615;154 672 717;A01;2;7;0;1;1;1;1;
60495;202000039616;154 672 715;B01;1;7;0;2;3;0;1;
60496;202000039616;154 672 716;A01;1;31;0;2;7;17;1;
60497;202000039617;154 672 712;A01;1;1;0;2;1;16;5;
60498;202000039617;154 672 713;B01;1;50;0;2;1;15;3;
60499;202000039618;154 672 714;A01;1;7;0;2;3;11;1;
60500;202000039618;154 672 718;B01;1;2;0;2;1;1;0;
60501;202000039620;154 672 707;A01;3;7;0;2;3;15;1;
60502;202000039620;154 672 709;B01;3;2;0;2;1;1;1;
60503;202000039621;154 672 706;A01;2;30;0;2;1;1;1;
60504;202000039621;154 672 708;B01;2;7;0;2;7;9;2;
60505;202000039622;154 672 705;A01;3;1;15;0;1;21;5;
60506;202000039623;154 672 703;A01;1;7;0;2;1;13;1;
60507;202000039623;154 672 704;B01;1;7;0;2;4;23;1;
60508;202000039624;154 672 701;Z01;1;7;0;2;8;11;0;
60509;202000039624;154 672 702;B01;1;7;0;0;7;26;1;
60510;202000039625;154 672 699;A01;1;10;1;0;7;17;1;
60511;202000039625;154 672 700;B01;1;14;1;0;4;24;1;
60512;202000039626;154 672 698;A01;0;37;0;1;3;7;0;1.0
60513;202000039627;154 672 697;A01;3;7;9;0;2;0;1;
60514;202000039628;154 672 693;B01;1;34;0;2;1;1;1;
60515;202000039628;154 672 696;A01;1;10;0;2;2;19;1;
60516;202000039629;154 672 692;A01;3;7;0;2;3;17;1;
60517;202000039629;154 672 694;B01;3;15;0;0;0;26;1;
60518;202000039629;154 672 695;C01;3;15;0;2;3;0;1;
60519;202000039630;154 672 689;A01;1;7;0;2;1;2;0;
60520;202000039630;154 672 691;B01;2;7;15;2;4;2;0;
60521;202000039631;154 672 688;A01;1;7;0;9;2;9;0;
60522;202000039631;154 672 690;B01;1;99;0;2;1;0;0;
60523;202000039632;154 672 687;A01;1;7;0;1;2;1;1;
60524;202000039633;154 672 685;A01;1;20;0;2;1;1;-1;
60525;202000039633;154 672 686;B01;1;60;0;2;1;1;5;
60526;202000039634;154 672 683;A01;2;33;0;0;2;17;1;
60527;202000039634;154 672 684;B01;1;7;0;2;7;1;0;
60528;202000039635;154 672 682;A01;2;7;1;0;1;21;1;
60529;202000039636;154 672 680;A01;2;15;0;2;1;1;0;
60530;202000039636;154 672 681;B01;2;7;0;2;4;1;0;
60531;202000039637;154 672 677;A01;1;7;13;0;0;13;1;
60532;202000039638;154 672 678;B01;1;7;0;2;8;1;0;
60533;202000039638;154 672 679;A01;1;7;0;2;7;1;0;
60534;202000039639;154 672 675;A01;2;7;1;0;1;14;1;
60535;202000039640;154 672 674;B01;1;7;0;2;3;9;1;
60536;202000039640;154 672 676;A01;1;2;0;2;1;1;1;
60537;202000039641;154 672 672;A01;2;10;7;0;1;1;1;
60538;202000039642;154 672 673;A01;2;7;15;0;8;1;1;
60539;202000039644;154 672 668;A01;2;7;0;2;1;26;1;
60540;202000039644;154 672 670;B01;2;7;0;2;4;26;1;
60541;202000039645;154 672 667;A01;1;7;2;0;1;13;1;
60542;202000039646;154 672 665;A01;3;7;0;2;1;13;1;
60543;202000039646;154 672 666;B01;0;10;0;2;1;0;1;
60544;202000039647;154 672 663;B01;2;7;0;2;1;1;1;
60545;202000039647;154 672 664;A01;0;7;0;2;1;19;1;
60546;202000039651;154 672 658;A01;2;7;14;0;1;16;1;
60547;202000039652;154 672 656;B01;2;7;0;2;4;15;1;
60548;202000039652;154 672 657;A01;2;17;0;2;3;1;1;
60549;202000039653;154 672 653;A01;1;99;13;0;2;14;1;
60550;202000039654;154 672 654;A01;3;1;0;2;1;19;5;
60551;202000039654;154 672 655;Z01;3;17;0;2;7;16;1;
60552;202000039655;154 672 651;A01;1;3;0;0;7;15;1;
60553;202000039656;154 672 650;A01;1;30;0;2;3;1;1;
60554;202000039656;154 672 652;B01;1;10;0;2;7;9;1;
60555;202000039657;154 672 649;A01;1;7;13;0;2;0;1;
60556;202000039658;154 672 647;A01;1;7;0;2;1;1;2;
60557;202000039658;154 672 648;B01;2;80;0;0;6;1;3;
60558;202000039659;154 672 645;B01;2;1;13;2;8;2;5;
60559;202000039659;154 672 646;A01;2;10;0;2;7;17;0;
60560;202000039660;154 672 644;A01;1;1;0;1;1;25;5;
60561;202000039661;154 672 643;A01;2;7;0;1;3;1;0;
60562;202000039662;154 672 641;A01;1;7;2;0;7;2;0;
60563;202000039663;154 672 640;B01;1;10;0;2;7;16;1;
60564;202000039663;154 672 642;A01;1;30;0;2;3;18;1;
60565;202000039664;154 672 638;A01;1;30;1;0;2;1;1;
60566;202000039665;154 672 637;B01;1;7;0;2;3;15;1;
60567;202000039665;154 672 639;A01;1;33;0;2;1;3;1;
60568;202000039666;154 672 634;A01;2;14;0;2;2;16;1;
60569;202000039666;154 672 636;B01;2;1;0;2;3;1;5;
60570;202000039668;154 672 631;A01;1;1;0;1;1;1;5;
60571;202000039669;154 672 630;A01;1;7;9;0;1;1;1;
60572;202000039670;154 672 629;A01;2;1;0;1;1;1;5;
60573;202000039671;154 672 628;A01;2;7;13;0;0;1;1;
60574;202000039672;154 672 627;A01;2;7;0;1;4;4;1;
60575;202000039673;154 672 625;A01;0;33;0;2;2;1;1;
60576;202000039673;154 672 626;B01;0;36;0;2;2;1;1;
60577;202000039674;154 672 623;B01;2;30;0;2;1;1;1;
60578;202000039674;154 672 624;A01;1;30;0;2;1;13;1;
60579;202000039675;154 672 622;A01;2;7;0;1;2;0;1;
60580;202000039676;154 672 620;B01;1;7;0;2;6;1;1;
60581;202000039676;154 672 621;A01;1;80;1;2;1;21;3;
60582;202000039678;154 672 618;A01;3;2;2;0;0;0;1;
60583;202000039679;154 672 617;A01;1;30;0;1;1;5;3;
60584;202000039680;154 672 615;Z01;2;30;0;1;1;1;0;
60585;202000039681;154 672 614;A01;1;7;0;2;2;5;1;
60586;202000039681;154 672 616;B01;2;20;0;2;2;1;1;
60587;202000039682;154 672 613;A01;1;7;8;1;1;16;1;
60588;202000039683;154 672 611;A01;1;7;0;2;2;2;1;
60589;202000039683;154 672 612;B01;1;1;0;2;6;2;5;
60590;202000039684;154 672 609;A01;2;17;4;0;3;14;1;
60591;202000039685;154 672 607;B01;1;10;0;2;6;21;1;
60592;202000039685;154 672 610;A01;1;32;0;2;7;17;1;
60593;202000039686;154 672 606;A01;1;7;0;2;2;13;1;
60594;202000039686;154 672 608;B01;2;14;0;2;3;23;1;
60595;202000039687;154 672 604;A01;3;99;12;0;7;1;3;
60596;202000039689;154 672 601;A01;2;80;0;0;3;1;3;
60597;202000039690;154 672 600;B01;3;2;0;2;7;17;1;
60598;202000039690;154 672 602;A01;3;7;0;2;3;15;1;
60599;202000039691;154 672 599;A01;2;50;0;0;8;15;3;
60600;202000039692;154 672 598;A01;1;7;0;1;3;1;1;
60601;202000039693;154 672 597;A01;1;1;0;0;0;1;5;
60602;202000039694;154 672 596;A01;2;7;13;0;9;1;1;
60603;202000039695;154 672 594;A01;2;30;0;0;0;0;1;
60604;202000039695;154 672 595;B01;1;7;0;2;1;1;1;
60605;202000039696;154 672 591;C01;2;14;0;2;3;1;1;
60606;202000039696;154 672 592;B01;2;17;0;2;3;1;1;
60607;202000039696;154 672 593;A01;1;7;0;2;3;0;1;
60608;202000039697;154 672 590;A01;2;32;0;0;0;26;1;
60609;202000039698;154 672 587;C01;1;7;0;0;4;2;1;
60610;202000039698;154 672 588;B01;1;7;0;2;4;2;1;
60611;202000039698;154 672 589;A01;1;10;0;2;1;2;1;
60612;202000039699;154 672 586;A01;1;2;0;1;1;17;1;
60613;202000039700;154 672 583;A01;1;33;0;0;3;9;1;
60614;202000039701;154 672 582;C01;1;7;0;2;3;1;1;
60615;202000039701;154 672 584;B01;1;7;0;2;1;1;1;
60616;202000039701;154 672 585;A01;2;7;0;2;1;17;1;
60617;202000039702;154 672 580;B01;2;2;0;2;1;2;1;
60618;202000039702;154 672 581;A01;2;7;0;2;8;9;2;
60619;202000039704;154 672 577;B01;3;7;0;2;3;15;2;
60620;202000039704;154 672 578;A01;3;7;0;2;2;1;1;
60621;202000039705;154 672 576;A01;1;7;0;1;1;15;1;
60622;202000039706;154 672 574;A01;2;31;0;2;1;11;1;
60623;202000039706;154 672 575;B01;1;7;0;2;2;1;1;
60624;202000039708;154 672 570;A01;1;7;0;0;0;14;1;
60625;202000039708;154 672 572;B01;1;30;0;2;0;21;1;
60626;202000039709;154 672 568;B01;3;7;0;2;2;1;1;
60627;202000039709;154 672 569;A01;3;7;6;2;8;12;1;
60628;202000039711;154 672 564;A01;1;7;4;2;2;17;1;
60629;202000039711;154 672 566;B01;1;7;4;2;6;1;1;
60630;202000039712;154 672 565;A01;2;7;0;2;7;15;1;
60631;202000039712;154 672 567;B01;1;1;0;2;1;1;5;
60632;202000039714;154 672 560;A01;3;30;0;1;1;17;1;
60633;202000039715;154 672 559;B01;1;7;13;2;6;1;1;
60634;202000039715;154 672 561;C01;1;7;0;2;1;1;1;
60635;202000039715;154 672 562;A01;2;7;0;0;3;1;1;
60636;202000039716;154 672 557;A01;3;10;0;1;4;4;1;
60637;202000039717;154 672 556;B01;2;31;0;0;0;0;0;
60638;202000039717;154 672 558;A01;2;37;0;2;7;20;0;1.0
60639;202000039718;154 672 555;A01;1;2;0;0;2;0;1;
60640;202000039719;154 672 552;A01;2;7;14;0;1;1;1;
60641;202000039719;154 672 554;B01;2;7;0;0;4;23;1;
60642;202000039720;154 672 553;A01;2;7;8;0;1;0;1;
60643;202000039721;154 672 551;A01;1;30;0;1;1;26;6;
60644;202000039722;154 672 550;B01;3;7;0;1;2;16;1;
60645;202000039723;154 672 549;A01;2;7;3;0;1;0;1;
60646;202000039724;154 672 547;A01;-1;99;0;0;0;1;0;
60647;202000039725;154 672 546;A01;1;7;14;0;2;21;0;
60648;202000039726;154 672 545;B01;1;34;0;2;8;1;1;
60649;202000039726;154 672 548;A01;2;7;0;2;1;15;1;
60650;202000039727;154 672 544;A01;1;7;0;1;1;1;0;
60651;202000039728;154 672 542;B01;1;7;0;2;1;2;1;
60652;202000039728;154 672 543;A01;1;7;0;0;4;1;1;
60653;202000039729;154 672 541;A01;1;7;0;1;6;20;0;
60654;202000039730;154 672 535;A01;1;7;0;2;4;23;1;
60655;202000039730;154 672 537;B01;1;7;0;2;9;23;1;
60656;202000039730;154 672 538;C01;1;7;0;2;9;23;1;
60657;202000039730;154 672 539;D01;1;7;0;2;1;1;1;
60658;202000039731;154 672 534;A01;2;7;0;1;1;2;0;
60659;202000039733;154 672 531;B01;2;14;0;2;2;2;1;
60660;202000039733;154 672 532;A01;2;10;0;2;6;23;1;
60661;202000039735;154 672 527;A01;1;7;0;1;3;1;1;
60662;202000039736;154 672 526;C01;2;7;3;2;1;2;1;
60663;202000039736;154 672 528;B01;2;7;3;2;4;2;1;
60664;202000039736;154 672 529;A01;2;10;3;2;4;2;1;
60665;202000039737;154 672 521;A01;2;1;0;2;0;1;2;
60666;202000039739;154 672 519;Y01;2;1;0;2;3;9;5;
60667;202000039739;154 672 520;A01;2;7;0;2;8;1;0;
60668;202000039740;154 672 513;A01;1;33;0;0;0;26;1;
60669;202000039741;154 672 512;A01;2;20;0;2;1;2;0;
60670;202000039741;154 672 514;E01;2;7;0;2;4;2;1;
60671;202000039741;154 672 515;B01;2;7;0;2;4;23;1;
60672;202000039741;154 672 516;C01;2;7;0;2;4;23;1;
60673;202000039741;154 672 517;D01;2;7;0;2;4;23;1;
60674;202000039741;154 672 518;F01;0;10;0;2;4;23;1;
60675;202000039742;154 672 508;B01;1;7;0;1;1;23;1;
60676;202000039742;154 672 510;A01;1;7;0;2;1;2;1;
60677;202000039743;154 672 509;B01;2;31;0;2;8;1;1;
60678;202000039743;154 672 511;A01;2;7;0;2;7;14;3;
60679;202000039744;154 672 507;A01;1;14;1;0;2;1;1;
60680;202000039746;154 672 501;A01;2;7;1;2;0;15;1;
60681;202000039746;154 672 502;B01;2;50;1;2;0;17;3;
60682;202000039749;154 672 494;A01;2;99;0;0;7;21;1;
60683;202000039750;154 672 493;C01;2;10;0;2;4;2;1;
60684;202000039750;154 672 495;B01;2;7;0;2;4;2;1;
60685;202000039750;154 672 496;A01;2;7;0;2;1;2;1;
60686;202000039751;154 672 492;A01;0;7;13;0;0;1;0;
60687;202000039752;154 672 491;A01;2;33;6;0;3;13;1;
60688;202000039753;154 672 488;C01;2;7;0;2;4;2;1;
60689;202000039753;154 672 489;B01;2;7;0;2;4;2;1;
60690;202000039753;154 672 490;A01;2;7;0;2;1;3;1;
60691;202000039754;154 672 487;A01;1;7;12;0;0;1;0;
60692;202000039755;154 672 484;A01;2;10;0;2;6;2;1;
60693;202000039755;154 672 486;B01;2;33;0;2;1;3;1;
60694;202000039756;154 672 485;A01;2;7;2;0;1;5;1;
60695;202000039758;154 672 480;A01;2;7;6;0;1;14;0;
60696;202000039759;154 672 479;C01;2;7;0;2;8;2;1;
60697;202000039759;154 672 482;B01;2;7;0;2;8;2;1;
60698;202000039759;154 672 483;A01;2;33;0;2;7;14;1;
60699;202000039760;154 672 477;A01;1;7;0;0;1;0;0;
60700;202000039761;154 672 475;B01;1;7;0;2;8;2;1;
60701;202000039761;154 672 476;A01;1;30;0;2;7;13;1;
60702;202000039762;154 672 474;A01;1;7;2;0;1;1;1;
60703;202000039763;154 672 472;B01;2;7;0;2;2;1;0;
60704;202000039763;154 672 473;A01;1;7;0;2;3;10;0;
60705;202000039765;154 672 469;B01;2;7;0;2;1;1;1;
60706;202000039765;154 672 471;A01;1;33;0;2;1;1;1;
60707;202000039766;154 672 467;A01;1;10;0;2;6;16;1;
60708;202000039766;154 672 468;B01;1;1;0;2;1;19;5;
60709;202000039767;154 672 465;A01;2;7;0;2;2;16;0;
60710;202000039767;154 672 466;B01;2;1;0;2;1;25;0;
60711;202000039769;154 672 461;B01;3;7;0;2;2;22;1;
60712;202000039769;154 672 462;D01;3;7;0;2;4;26;1;
60713;202000039769;154 672 463;A01;3;7;0;2;6;21;1;
60714;202000039770;154 672 458;A01;3;7;0;2;3;15;1;
60715;202000039770;154 672 460;B01;3;2;0;2;1;1;1;
60716;202000039772;154 672 455;A01;1;7;6;0;1;1;1;
60717;202000039774;154 672 451;A01;1;10;0;2;1;19;1;
60718;202000039774;154 672 453;B01;1;7;0;2;8;1;1;
60719;202000039775;154 672 450;B01;1;7;0;2;4;2;1;
60720;202000039775;154 672 452;A01;1;33;0;2;1;1;1;
60721;202000039777;154 672 446;A01;1;7;0;2;6;4;1;
60722;202000039777;154 672 447;B01;2;7;15;2;1;1;1;
60723;202000039778;154 672 445;A01;3;2;6;0;8;1;1;
60724;202000039780;154 672 443;A01;2;7;13;0;1;26;1;
60725;202000039781;154 672 441;A01;3;7;0;1;2;20;1;
60726;202000039782;154 672 440;A01;1;7;6;0;1;1;1;
60727;202000039783;154 672 438;B01;2;33;0;2;1;1;1;
60728;202000039783;154 672 439;A01;2;7;0;2;6;15;1;
60729;202000039784;154 672 435;C01;3;7;0;2;4;2;1;
60730;202000039784;154 672 436;A01;3;7;0;2;1;2;1;
60731;202000039784;154 672 437;B01;3;7;0;2;4;2;1;
60732;202000039785;154 672 434;A01;1;7;2;0;2;1;1;
60733;202000039786;154 672 433;A01;1;7;13;0;8;13;1;
60734;202000039787;154 672 431;B01;3;7;0;2;3;15;1;
60735;202000039787;154 672 432;A01;3;7;0;2;1;16;1;
60736;202000039788;154 672 430;A01;2;7;13;0;9;13;1;
60737;202000039789;154 672 428;A01;1;33;13;0;1;1;1;
60738;202000039790;154 672 427;A01;1;7;0;2;1;1;1;
60739;202000039790;154 672 429;B01;2;7;0;2;5;0;1;
60740;202000039791;154 672 426;A01;1;2;11;0;1;1;1;
60741;202000039792;154 672 425;A01;1;31;0;0;0;1;1;
60742;202000039793;154 672 423;A01;1;30;0;0;1;1;1;
60743;202000039794;154 672 422;A01;2;7;6;2;2;17;1;
60744;202000039794;154 672 424;B01;2;15;0;2;3;1;1;
60745;202000039796;154 672 417;A01;3;21;8;0;5;1;1;
60746;202000039798;154 672 413;B01;1;7;7;2;1;1;1;
60747;202000039798;154 672 414;A01;1;7;0;2;2;1;1;
60748;202000039799;154 672 411;B01;2;13;0;2;1;14;1;
60749;202000039799;154 672 412;A01;1;7;0;2;7;13;1;
60750;202000039800;154 672 419;A01;0;7;0;2;2;1;1;
60751;202000039800;154 672 421;B01;1;1;0;2;1;9;5;
60752;202000039801;154 672 407;A01;3;36;8;0;5;15;1;
60753;202000039803;154 672 404;A01;2;7;13;0;3;13;1;
60754;202000039804;154 672 402;B01;1;7;0;2;3;0;0;
60755;202000039804;154 672 403;A01;2;33;0;2;1;0;6;
60756;202000039805;154 672 399;A01;2;7;0;2;3;1;1;
60757;202000039805;154 672 400;B01;3;7;0;2;1;19;1;
60758;202000039807;154 672 397;A01;1;7;1;0;1;26;1;
60759;202000039808;154 672 395;A01;1;7;0;2;1;13;1;
60760;202000039808;154 672 396;B01;2;17;0;2;3;1;1;
60761;202000039809;154 672 394;A01;2;33;3;0;1;1;1;
60762;202000039811;154 672 390;A01;1;33;13;0;1;1;1;
60763;202000039813;154 672 388;A01;0;7;6;0;1;1;0;
60764;202000039814;154 672 386;B01;2;7;0;0;1;23;1;
60765;202000039814;154 672 387;A01;1;30;0;2;1;15;1;
60766;202000039815;154 672 384;B01;1;7;0;2;6;17;1;
60767;202000039815;154 672 385;A01;2;7;4;2;8;1;1;
60768;202000039816;154 672 383;A01;1;7;8;0;1;1;1;
60769;202000039817;154 672 392;B01;1;7;0;2;2;1;0;
60770;202000039817;154 672 393;C01;1;7;0;2;1;1;0;
60771;202000039817;154 672 401;A01;3;7;0;2;1;15;0;
60772;202000039818;154 672 381;B01;1;2;1;2;2;2;1;
60773;202000039818;154 672 382;A01;3;7;14;2;3;2;1;
60774;202000039819;154 672 379;A01;1;7;16;2;1;9;1;
60775;202000039819;154 672 380;B01;1;1;1;2;1;2;5;
60776;202000039820;154 672 377;B01;3;1;0;2;8;19;0;
60777;202000039820;154 672 378;A01;2;7;0;2;1;1;1;
60778;202000039821;154 672 376;A01;0;7;1;0;6;1;1;
60779;202000039822;154 672 374;B01;0;7;0;2;8;1;1;
60780;202000039822;154 672 375;A01;0;7;0;2;1;15;1;
60781;202000039823;154 672 372;A01;3;7;0;2;3;5;1;
60782;202000039823;154 672 373;B01;3;15;0;2;2;21;1;
60783;202000039824;154 672 371;A01;2;80;0;0;0;1;3;
60784;202000039825;154 672 370;A01;2;7;0;1;2;1;1;
60785;202000039826;154 672 367;A01;2;7;0;2;1;1;1;
60786;202000039826;154 672 368;B01;1;1;0;2;1;15;5;
60787;202000039827;154 672 366;A01;0;30;0;0;2;1;1;
60788;202000039828;154 672 364;A01;3;2;0;2;7;1;-1;
60789;202000039828;154 672 365;B01;3;7;0;2;1;1;-1;
60790;202000039829;154 672 362;B01;0;7;0;2;2;0;0;
60791;202000039829;154 672 363;A01;1;60;0;2;1;1;5;
60792;202000039830;154 672 361;A01;1;7;0;1;2;15;1;
60793;202000039831;154 672 359;A01;2;10;0;2;8;9;1;
60794;202000039831;154 672 360;B01;2;1;0;2;1;1;5;
60795;202000039832;154 672 358;A01;1;31;0;1;1;1;1;
60796;202000039833;154 672 355;C01;2;1;0;2;1;19;0;
60797;202000039833;154 672 356;B01;2;7;0;2;1;1;1;
60798;202000039833;154 672 357;A01;2;7;0;2;2;1;1;
60799;202000039834;154 672 353;A01;2;7;0;2;1;2;1;
60800;202000039834;154 672 354;B01;2;7;0;2;4;1;1;
60801;202000039835;154 672 352;A01;2;7;7;0;3;6;1;
60802;202000039836;154 672 350;A01;0;7;0;2;3;19;1;
60803;202000039836;154 672 351;B01;0;7;0;2;2;1;1;
60804;202000039837;154 672 349;A01;2;7;8;0;3;1;1;
60805;202000039838;154 672 348;A01;1;7;12;1;1;0;1;
60806;202000039840;154 672 345;A01;1;7;0;1;1;0;1;
60807;202000039841;154 672 343;B01;3;1;0;2;8;19;5;
60808;202000039841;154 672 344;A01;2;7;0;2;1;1;1;
60809;202000039842;154 672 341;B01;1;7;0;2;8;1;1;
60810;202000039842;154 672 342;A01;1;32;0;2;8;1;1;
60811;202000039843;154 672 340;A01;0;30;0;0;0;26;1;
60812;202000039845;154 672 337;A01;3;30;10;0;7;26;1;
60813;202000039846;154 672 335;B01;2;7;0;2;6;9;1;
60814;202000039846;154 672 336;A01;2;41;0;2;1;1;1;
60815;202000039847;154 672 333;Z01;2;7;0;2;4;1;0;
60816;202000039847;154 672 334;A01;2;2;0;2;1;2;1;
60817;202000039848;154 672 331;B01;2;1;0;2;7;1;5;
60818;202000039848;154 672 332;A01;1;7;0;2;1;9;1;
60819;202000039849;154 672 329;B01;2;7;0;2;2;1;1;
60820;202000039849;154 672 330;A01;2;7;0;2;1;19;1;
60821;202000039850;154 672 328;A01;0;2;0;0;9;1;1;
60822;202000039851;154 672 326;B01;2;7;0;2;3;1;1;
60823;202000039851;154 672 327;A01;2;0;0;2;0;19;0;
60824;202000039854;154 672 320;B01;3;7;0;2;6;23;1;
60825;202000039854;154 672 321;A01;3;33;0;2;1;1;1;