;Num_Acc;id_vehicule;num_veh;senc;catv;obs;obsm;choc;manv;motor;occutc
61258;202000040142;154 671 815;A01;1;1;0;1;1;5;5;
61259;202000040143;154 671 813;B01;1;7;0;2;5;23;1;
61260;202000040143;154 671 814;A01;1;32;0;2;1;2;1;
61261;202000040144;154 671 812;A01;1;43;14;0;7;17;1;
61262;202000040145;154 671 811;A01;2;1;12;0;2;14;5;
61263;202000040146;154 671 810;A01;2;42;0;0;7;1;1;
61264;202000040147;154 671 808;B01;2;7;0;2;4;2;1;
61265;202000040147;154 671 809;A01;2;7;0;2;1;2;1;
61266;202000040148;154 671 806;A01;2;7;0;2;7;1;1;
61267;202000040148;154 671 807;B01;1;34;0;2;1;16;1;
61268;202000040149;154 671 805;A01;1;10;0;1;2;26;1;
61269;202000040150;154 671 804;A01;1;30;0;1;3;21;0;
61270;202000040151;154 671 802;A01;1;7;0;2;1;26;1;
61271;202000040151;154 671 803;B01;1;7;0;0;4;20;1;
61272;202000040153;154 671 798;B01;1;7;0;2;8;0;1;
61273;202000040153;154 671 799;A01;1;7;0;2;0;0;1;
61274;202000040154;154 671 797;A01;1;30;0;2;8;1;1;
61275;202000040155;154 671 795;A01;3;99;0;9;1;10;0;
61276;202000040155;154 671 796;B01;3;32;0;2;8;12;0;
61277;202000040157;154 671 792;A01;1;7;0;1;3;19;1;
61278;202000040158;154 671 790;A01;1;33;0;2;1;13;1;
61279;202000040158;154 671 791;B01;2;7;0;2;3;19;1;
61280;202000040160;154 671 786;B01;1;50;0;2;0;0;3;
61281;202000040160;154 671 787;A01;2;7;0;9;7;16;1;
61282;202000040161;154 671 785;A01;1;7;0;1;7;16;1;
61283;202000040162;154 671 783;B01;0;30;0;2;1;1;1;
61284;202000040162;154 671 784;A01;0;7;1;2;1;9;1;
61285;202000040163;154 671 781;B01;3;33;0;2;8;1;1;
61286;202000040163;154 671 782;A01;3;7;0;2;1;19;1;
61287;202000040166;154 671 774;A01;2;7;2;0;1;1;1;
61288;202000040167;154 671 772;A01;2;7;7;2;3;5;1;
61289;202000040167;154 671 773;B01;1;10;0;2;3;1;1;
61290;202000040168;154 671 770;B01;1;7;0;2;2;0;1;
61291;202000040168;154 671 771;A01;2;7;2;2;9;0;1;
61292;202000040169;154 671 768;B01;1;7;0;9;8;20;1;
61293;202000040169;154 671 769;A01;1;2;0;2;1;17;1;
61294;202000040170;154 671 766;B01;2;7;0;1;0;23;1;
61295;202000040170;154 671 767;A01;2;15;0;2;2;1;1;
61296;202000040171;154 671 764;B01;0;7;7;0;1;1;1;
61297;202000040171;154 671 765;A01;0;17;0;0;0;1;1;
61298;202000040172;154 671 763;A01;3;1;16;0;0;0;5;
61299;202000040173;154 671 761;A01;2;7;0;2;8;15;1;
61300;202000040173;154 671 762;B01;1;7;0;2;1;1;1;
61301;202000040174;154 671 759;B01;2;7;0;2;1;1;1;
61302;202000040174;154 671 760;A01;3;36;0;2;2;26;1;
61303;202000040175;154 671 757;B01;1;1;0;2;3;2;5;
61304;202000040175;154 671 758;A01;1;7;0;9;2;17;1;
61305;202000040176;154 671 755;B01;3;33;0;2;1;1;1;
61306;202000040176;154 671 756;A01;3;7;0;2;3;15;1;
61307;202000040177;154 671 752;A01;1;7;0;2;1;1;1;
61308;202000040177;154 671 753;B01;1;1;0;0;4;1;5;
61309;202000040177;154 671 754;C01;1;1;0;0;4;1;5;
61310;202000040178;154 671 751;A01;0;7;15;0;2;1;1;
61311;202000040179;154 671 749;A01;1;7;0;0;3;17;1;
61312;202000040179;154 671 750;B01;1;33;0;2;1;17;1;
61313;202000040180;154 671 747;A01;2;7;0;2;2;17;1;
61314;202000040180;154 671 748;B01;2;7;8;0;4;15;1;
61315;202000040182;154 671 743;B01;2;7;0;2;3;1;1;
61316;202000040182;154 671 744;A01;2;7;0;0;4;23;1;
61317;202000040183;154 671 741;A01;2;7;0;2;5;15;1;
61318;202000040183;154 671 742;B01;1;7;0;2;1;1;1;
61319;202000040184;154 671 739;A01;2;7;8;0;7;1;1;
61320;202000040185;154 671 736;A01;2;32;0;2;6;19;0;
61321;202000040185;154 671 737;C01;1;7;0;2;3;23;0;
61322;202000040185;154 671 738;B01;1;33;0;2;1;1;0;
61323;202000040186;154 671 733;C01;1;33;0;2;1;1;1;
61324;202000040186;154 671 734;B01;1;33;0;2;1;1;1;
61325;202000040186;154 671 735;A01;2;7;0;2;3;13;1;
61326;202000040188;154 671 730;A01;1;7;2;0;1;1;1;
61327;202000040189;154 671 729;A01;2;7;0;1;7;1;1;
61328;202000040190;154 671 726;B01;2;7;0;2;1;1;1;
61329;202000040190;154 671 727;A01;1;7;0;2;2;1;1;
61330;202000040191;154 671 725;A01;1;7;3;0;2;1;1;
61331;202000040192;154 671 722;C01;1;7;0;2;8;1;1;
61332;202000040192;154 671 723;B01;1;15;0;2;8;1;1;
61333;202000040192;154 671 724;A01;2;10;0;2;3;13;1;
61334;202000040193;154 671 721;A01;2;7;13;0;2;0;1;
61335;202000040194;154 671 719;A01;2;7;0;2;3;11;1;
61336;202000040194;154 671 720;B01;2;7;0;2;0;1;1;
61337;202000040195;154 671 718;A01;0;99;0;1;0;21;0;
61338;202000040197;154 671 715;A01;1;33;13;0;1;1;1;
61339;202000040198;154 671 713;B01;3;10;0;2;3;15;1;
61340;202000040198;154 671 714;A01;3;2;0;2;1;1;1;
61341;202000040199;154 671 712;A01;1;33;0;0;7;1;1;
61342;202000040200;154 671 711;A01;1;7;2;0;5;1;1;
61343;202000040202;154 671 707;B01;1;60;0;2;1;19;5;
61344;202000040202;154 671 708;A01;1;7;0;0;2;1;1;
61345;202000040203;154 671 704;B01;2;30;0;2;7;1;1;
61346;202000040203;154 671 705;A01;1;7;0;2;3;15;1;
61347;202000040204;154 671 703;A01;1;7;3;0;1;26;1;
61348;202000040205;154 671 701;B01;1;7;0;2;2;1;1;
61349;202000040205;154 671 702;A01;2;7;0;2;7;17;1;
61350;202000040206;154 671 700;A01;2;7;16;0;1;16;1;
61351;202000040207;154 671 699;A01;1;10;2;0;1;0;1;
61352;202000040210;154 671 692;C01;1;7;0;2;4;2;1;
61353;202000040210;154 671 693;B01;1;7;0;2;4;2;1;
61354;202000040210;154 671 694;A01;1;10;0;2;1;2;1;
61355;202000040211;154 671 690;B01;2;99;0;2;5;0;1;
61356;202000040211;154 671 691;A01;2;14;0;2;2;1;1;
61357;202000040213;154 671 687;B01;2;7;0;2;3;1;1;
61358;202000040213;154 671 688;A01;2;7;0;2;5;12;1;
61359;202000040214;154 671 684;A01;2;7;0;2;1;1;1;
61360;202000040214;154 671 685;B01;2;7;0;2;1;2;1;
61361;202000040214;154 671 686;C01;2;7;0;2;4;2;1;
61362;202000040215;154 671 683;A01;2;7;4;0;1;1;1;
61363;202000040216;154 671 681;B01;1;10;0;2;4;2;1;
61364;202000040216;154 671 682;A01;1;33;0;2;1;2;1;
61365;202000040217;154 671 679;A01;2;31;0;2;1;1;1;
61366;202000040217;154 671 680;B01;2;7;0;2;7;1;1;
61367;202000040218;154 671 677;B01;1;7;0;2;4;2;1;
61368;202000040218;154 671 678;A01;1;7;0;2;1;2;1;
61369;202000040219;154 671 674;A01;2;33;0;2;7;13;1;
61370;202000040219;154 671 675;Z01;2;7;0;2;8;0;0;
61371;202000040219;154 671 676;B01;2;10;0;2;8;13;1;
61372;202000040220;154 671 672;B01;0;99;14;0;0;0;0;
61373;202000040220;154 671 673;A01;3;7;0;2;3;19;1;
61374;202000040221;154 671 670;C01;1;7;0;1;4;26;1;
61375;202000040221;154 671 671;A01;1;7;14;2;1;26;1;
61376;202000040222;154 671 668;A01;2;30;0;2;1;17;1;
61377;202000040222;154 671 669;B01;1;10;0;2;1;15;1;
61378;202000040223;154 671 666;Z01;2;7;0;2;3;15;1;
61379;202000040223;154 671 667;B01;3;30;0;2;3;1;1;
61380;202000040224;154 671 665;A01;3;7;0;1;6;4;1;
61381;202000040225;154 671 661;D01;1;7;0;2;1;2;1;
61382;202000040225;154 671 662;C01;3;7;0;2;1;2;1;
61383;202000040225;154 671 663;B01;3;7;0;2;4;2;1;
61384;202000040225;154 671 664;A01;3;7;0;2;1;2;1;
61385;202000040226;154 671 660;A01;3;10;0;1;1;1;1;
61386;202000040227;154 671 658;A01;3;33;0;2;8;21;0;
61387;202000040227;154 671 659;B01;3;7;0;2;1;9;0;
61388;202000040228;154 671 656;A01;1;7;0;2;2;9;0;
61389;202000040228;154 671 657;B01;2;7;0;2;3;1;0;
61390;202000040229;154 671 655;A01;3;7;0;1;1;20;0;
61391;202000040231;154 671 652;B01;1;50;0;2;1;1;3;
61392;202000040231;154 671 653;A01;2;7;0;2;3;1;1;
61393;202000040232;154 671 651;A01;1;0;0;1;1;1;0;
61394;202000040233;154 671 649;A01;2;33;0;2;1;18;1;
61395;202000040233;154 671 650;B01;2;7;0;2;5;1;0;
61396;202000040234;154 671 647;B01;2;7;0;2;1;2;0;
61397;202000040234;154 671 648;A01;1;7;0;2;1;1;1;
61398;202000040235;154 671 645;A01;2;50;1;0;1;1;3;
61399;202000040235;154 671 646;B01;1;7;1;2;2;0;1;
61400;202000040236;154 671 644;A01;2;7;0;1;1;16;1;
61401;202000040237;154 671 642;B01;2;1;1;0;1;1;5;
61402;202000040237;154 671 643;A01;2;7;0;2;2;23;1;
61403;202000040238;154 671 641;A01;2;33;12;0;0;1;1;
61404;202000040239;154 671 640;A01;2;7;13;0;7;14;1;
61405;202000040240;154 671 638;A01;2;7;0;2;1;2;1;
61406;202000040240;154 671 639;B01;2;7;0;0;4;2;1;
61407;202000040241;154 671 637;A01;1;7;2;0;3;13;1;
61408;202000040242;154 671 636;A01;0;32;0;0;0;0;0;
61409;202000040243;154 671 634;A01;2;7;13;2;2;16;1;
61410;202000040243;154 671 635;B01;1;7;0;2;3;1;1;
61411;202000040244;154 671 632;B01;2;7;0;2;1;1;1;
61412;202000040244;154 671 633;A01;1;7;0;2;2;15;1;
61413;202000040246;154 671 628;B01;2;7;0;2;1;1;1;
61414;202000040246;154 671 629;A01;1;7;0;2;1;13;1;
61415;202000040247;154 671 626;A01;3;7;0;2;8;1;1;
61416;202000040247;154 671 627;B01;3;60;0;2;1;0;5;
61417;202000040248;154 671 624;A01;1;14;0;2;2;17;1;
61418;202000040248;154 671 625;B01;1;21;0;0;6;1;1;
61419;202000040249;154 671 622;A01;2;31;0;2;1;26;1;
61420;202000040249;154 671 623;B01;1;7;0;2;1;1;1;
61421;202000040250;154 671 621;A01;2;7;2;0;1;1;1;
61422;202000040252;154 671 617;B01;3;21;0;2;3;15;1;
61423;202000040252;154 671 618;A01;1;33;0;2;2;1;1;
61424;202000040253;154 671 616;A01;1;33;6;0;1;0;1;
61425;202000040254;154 671 615;A01;3;2;9;0;1;26;1;
61426;202000040255;154 671 612;B01;2;7;0;2;2;2;1;
61427;202000040255;154 671 613;A01;2;7;0;2;4;2;1;
61428;202000040256;154 671 611;A01;1;7;4;0;3;1;1;
61429;202000040257;154 671 608;Z01;1;7;0;2;0;26;0;
61430;202000040257;154 671 609;Y01;1;7;0;2;0;26;0;
61431;202000040257;154 671 610;A01;1;7;0;2;1;1;1;
61432;202000040258;154 671 607;A01;1;7;5;0;1;2;1;
61433;202000040260;154 671 604;A01;2;10;13;0;3;1;1;
61434;202000040261;154 671 603;A01;2;7;3;0;3;1;1;
61435;202000040262;154 671 602;A01;2;7;0;0;1;1;1;
61436;202000040264;154 671 597;A01;1;7;4;0;1;13;1;
61437;202000040265;154 671 595;A01;1;7;0;2;4;0;1;
61438;202000040265;154 671 596;B01;1;7;4;2;4;0;1;
61439;202000040266;154 671 594;A01;1;7;4;0;1;13;1;
61440;202000040267;154 671 593;A01;1;10;4;0;3;13;1;
61441;202000040269;154 671 590;A01;2;7;0;0;9;13;1;
61442;202000040270;154 671 589;A01;1;7;13;0;9;9;1;
61443;202000040271;154 671 588;A01;1;31;2;0;1;0;1;
61444;202000040272;154 671 586;A01;2;7;0;2;2;16;0;
61445;202000040272;154 671 587;B01;2;2;0;2;8;1;0;
61446;202000040273;154 671 585;A01;1;1;0;9;1;2;5;
61447;202000040274;154 671 583;A01;3;7;11;2;1;15;1;
61448;202000040274;154 671 584;B01;3;3;0;2;1;16;1;
61449;202000040275;154 671 580;B01;1;7;3;2;5;23;0;
61450;202000040275;154 671 581;A01;1;7;3;2;1;1;0;
61451;202000040275;154 671 582;C01;1;7;3;0;4;23;0;
61452;202000040276;154 671 578;A01;2;34;12;2;1;17;1;
61453;202000040276;154 671 579;B01;2;7;0;2;3;1;1;
61454;202000040277;154 671 576;A01;2;1;0;2;8;19;5;
61455;202000040277;154 671 577;B01;2;37;0;2;0;1;1;1.0
61456;202000040278;154 671 575;A01;2;7;4;0;1;13;1;
61457;202000040279;154 671 574;A01;1;7;0;1;1;1;1;
61458;202000040280;154 671 573;A01;1;7;0;0;9;1;0;
61459;202000040281;154 671 571;A01;1;32;0;2;7;26;1;
61460;202000040281;154 671 572;Z01;3;0;0;2;0;21;0;
61461;202000040282;154 671 569;B01;1;99;0;2;8;15;1;
61462;202000040282;154 671 570;A01;1;33;0;2;7;17;0;
61463;202000040284;154 671 567;A01;1;7;6;0;1;0;1;
61464;202000040285;154 671 565;A01;3;1;0;2;4;15;6;
61465;202000040285;154 671 566;Z01;3;7;0;2;1;2;0;
61466;202000040286;154 671 564;A01;3;7;0;1;4;26;1;
61467;202000040287;154 671 562;B01;0;37;0;0;0;0;2;1.0
61468;202000040287;154 671 563;A01;0;1;0;2;1;5;5;
61469;202000040288;154 671 560;A01;1;7;0;2;1;2;1;
61470;202000040288;154 671 561;B01;1;31;0;2;4;2;1;
61471;202000040289;154 671 558;A01;1;10;0;2;2;1;1;
61472;202000040289;154 671 559;B01;1;2;0;2;3;1;1;
61473;202000040290;154 671 556;A01;1;7;0;2;5;2;1;
61474;202000040290;154 671 557;B01;1;30;0;2;4;2;1;
61475;202000040291;154 671 555;A01;1;7;9;0;1;15;1;
61476;202000040292;154 671 554;A01;2;7;0;0;7;14;1;
61477;202000040293;154 671 552;A01;1;2;0;2;1;1;1;
61478;202000040293;154 671 553;B01;1;7;0;2;1;1;1;
61479;202000040294;154 671 550;B01;3;33;0;2;1;1;1;
61480;202000040294;154 671 551;A01;3;7;0;2;8;19;1;
61481;202000040296;154 671 545;A01;3;10;0;1;6;4;1;
61482;202000040297;154 671 543;A01;1;7;0;2;4;2;1;
61483;202000040297;154 671 544;B01;1;7;0;2;1;0;0;
61484;202000040298;154 671 541;B01;1;1;0;2;7;1;5;
61485;202000040298;154 671 542;A01;1;7;0;2;1;9;1;
61486;202000040299;154 671 539;B01;1;7;0;2;1;1;1;
61487;202000040299;154 671 540;A01;1;7;0;2;4;1;1;
61488;202000040300;154 671 538;A01;2;7;5;0;1;14;1;
61489;202000040301;154 671 537;A01;3;32;16;0;0;14;1;
61490;202000040302;154 671 535;B01;1;33;0;2;1;1;1;
61491;202000040302;154 671 536;A01;2;7;0;2;5;15;1;
61492;202000040303;154 671 534;A01;2;32;0;1;1;1;1;
61493;202000040304;154 671 533;A01;1;33;14;2;1;17;1;
61494;202000040305;154 671 531;B01;0;2;0;2;9;0;1;
61495;202000040305;154 671 532;A01;2;7;0;2;1;0;1;
61496;202000040306;154 671 529;A01;2;7;0;2;8;15;1;
61497;202000040306;154 671 530;B01;2;33;0;2;1;1;1;
61498;202000040307;154 671 526;C01;3;30;0;2;1;1;1;
61499;202000040307;154 671 527;B01;3;37;0;2;2;1;1;1.0
61500;202000040307;154 671 528;A01;3;7;0;2;1;17;1;
61501;202000040308;154 671 524;B01;0;7;0;2;6;1;1;
61502;202000040308;154 671 525;A01;3;7;0;2;3;13;0;
61503;202000040309;154 671 522;B01;2;7;0;2;1;1;0;
61504;202000040309;154 671 523;A01;2;32;1;2;7;10;0;
61505;202000040311;154 671 519;A01;1;50;1;0;2;14;3;
61506;202000040312;154 671 517;A01;2;7;0;2;2;16;1;
61507;202000040312;154 671 518;B01;2;1;0;2;1;1;5;
61508;202000040313;154 671 516;A01;2;7;0;1;1;1;1;
61509;202000040314;154 671 514;B01;1;7;0;2;3;1;2;
61510;202000040314;154 671 515;A01;1;1;0;2;1;16;5;
61511;202000040315;154 671 509;Z01;2;7;0;2;4;2;1;
61512;202000040315;154 671 510;B01;2;1;0;2;4;2;5;
61513;202000040316;154 671 507;A01;1;43;1;2;8;1;1;
61514;202000040316;154 671 508;B01;1;7;0;2;1;1;3;
61515;202000040317;154 671 505;B01;2;7;0;2;7;1;1;
61516;202000040317;154 671 506;A01;2;50;0;2;8;1;3;
61517;202000040319;154 671 501;B01;2;1;0;2;3;1;5;
61518;202000040319;154 671 502;A01;1;50;0;2;3;5;3;
61519;202000040320;154 671 498;C01;1;10;0;2;1;0;1;
61520;202000040320;154 671 499;B01;1;7;0;2;1;1;1;
61521;202000040320;154 671 500;A01;1;7;0;2;1;26;1;
61522;202000040321;154 671 497;A01;2;7;7;1;1;12;2;
61523;202000040322;154 671 496;A01;1;7;0;1;1;15;1;
61524;202000040323;154 671 494;A01;3;99;0;2;1;1;5;
61525;202000040323;154 671 495;B01;3;20;0;0;0;0;1;
61526;202000040325;154 671 490;A01;1;33;0;1;1;1;0;
61527;202000040326;154 671 488;A01;0;10;0;2;1;1;1;
61528;202000040326;154 671 489;B01;0;7;0;0;8;15;1;
61529;202000040327;154 671 487;A01;1;33;2;0;0;1;1;
61530;202000040328;154 671 486;A01;1;7;0;1;3;1;1;
61531;202000040329;154 671 484;A01;2;7;0;2;3;19;1;
61532;202000040329;154 671 485;B01;1;2;0;2;2;19;1;
61533;202000040330;154 671 482;A01;3;36;0;2;2;0;0;
61534;202000040330;154 671 483;B01;0;36;0;2;3;1;0;
61535;202000040331;154 671 480;B01;1;7;0;2;1;1;1;
61536;202000040331;154 671 481;A01;2;7;0;2;1;5;1;
61537;202000040332;154 671 479;A01;3;33;8;0;1;1;1;
61538;202000040333;154 671 477;A01;2;7;0;0;5;16;1;
61539;202000040333;154 671 478;B01;2;2;8;2;1;1;1;
61540;202000040334;154 671 475;A01;0;7;0;2;1;1;1;
61541;202000040334;154 671 476;B01;0;7;0;2;1;13;1;
61542;202000040335;154 671 474;A01;2;7;2;0;1;14;1;
61543;202000040336;154 671 473;A01;1;7;6;0;8;1;1;
61544;202000040337;154 671 471;B01;1;7;14;0;1;6;1;
61545;202000040337;154 671 472;A01;1;7;0;0;8;1;1;
61546;202000040338;154 671 469;B01;3;33;0;2;2;1;1;
61547;202000040338;154 671 470;A01;3;7;0;0;6;1;1;
61548;202000040339;154 671 468;A01;3;7;1;0;1;1;1;
61549;202000040340;154 671 465;A01;2;10;0;2;4;1;1;
61550;202000040340;154 671 466;B01;2;10;0;2;1;1;1;
61551;202000040340;154 671 467;C01;1;7;3;2;3;1;1;
61552;202000040341;154 671 464;A01;2;7;13;0;2;1;1;
61553;202000040342;154 671 463;A01;1;7;0;1;2;21;1;
61554;202000040343;154 671 461;A01;2;7;0;2;1;15;1;
61555;202000040343;154 671 462;B01;1;7;0;2;2;1;1;
61556;202000040344;154 671 460;A01;1;7;0;1;8;1;1;
61557;202000040345;154 671 459;A01;2;7;0;0;9;1;1;
61558;202000040346;154 671 458;A01;3;14;6;0;7;15;1;
61559;202000040347;154 671 457;A01;2;7;13;0;9;1;1;
61560;202000040349;154 671 454;A01;2;7;16;0;9;15;1;
61561;202000040350;154 671 453;A01;1;7;12;0;2;1;1;
61562;202000040351;154 671 452;A01;2;7;13;0;0;0;1;
61563;202000040352;154 671 450;A01;1;7;0;0;9;1;1;
61564;202000040354;154 671 445;A01;3;36;16;0;1;26;1;
61565;202000040355;154 671 444;A01;1;33;8;0;1;0;1;
61566;202000040356;154 671 443;A01;0;2;0;0;1;0;0;
61567;202000040357;154 671 441;A01;0;7;0;2;1;1;1;
61568;202000040357;154 671 442;B01;0;7;0;2;8;1;1;
61569;202000040358;154 671 440;A01;2;7;0;0;1;1;0;
61570;202000040359;154 671 439;A01;1;33;15;0;8;1;1;
61571;202000040360;154 671 438;A01;3;7;15;0;1;13;1;
61572;202000040361;154 671 437;A01;1;7;8;0;3;1;1;
61573;202000040362;154 671 436;A01;2;7;2;0;3;0;1;
61574;202000040363;154 671 434;B01;1;7;0;0;4;2;1;
61575;202000040363;154 671 435;A01;1;7;0;2;1;2;1;
61576;202000040364;154 671 433;A01;2;33;0;0;7;1;1;
61577;202000040365;154 671 432;A01;1;10;2;0;5;14;1;
61578;202000040366;154 671 430;A01;2;7;3;2;1;1;1;
61579;202000040366;154 671 431;B01;2;7;3;2;1;17;1;
61580;202000040367;154 671 428;B01;1;7;0;2;2;5;0;
61581;202000040367;154 671 429;A01;2;10;0;2;2;1;0;
61582;202000040368;154 671 426;B01;1;7;0;0;4;2;1;
61583;202000040368;154 671 427;A01;1;7;0;2;1;2;1;
61584;202000040369;154 671 425;A01;1;7;16;0;0;1;1;
61585;202000040370;154 671 424;A01;1;7;0;0;3;13;1;
61586;202000040371;154 671 422;A01;1;34;0;2;1;2;1;
61587;202000040371;154 671 423;B01;2;33;0;2;1;1;1;
61588;202000040372;154 671 421;A01;2;7;0;1;2;1;1;
61589;202000040373;154 671 419;A01;1;7;0;2;1;19;1;
61590;202000040373;154 671 420;B01;2;10;0;2;3;1;1;
61591;202000040374;154 671 418;A01;2;7;2;0;2;13;1;
61592;202000040376;154 671 415;A01;2;7;13;0;1;13;1;
61593;202000040377;154 671 413;A01;2;7;1;2;1;1;1;
61594;202000040377;154 671 414;B01;2;7;1;0;7;20;1;
61595;202000040379;154 671 409;B01;0;1;0;0;8;19;5;
61596;202000040379;154 671 410;A01;0;7;0;2;1;1;1;
61597;202000040380;154 671 407;A01;1;3;0;0;3;9;1;
61598;202000040380;154 671 408;B01;2;7;0;2;1;1;1;
61599;202000040381;154 671 406;A01;3;2;6;0;1;21;1;
61600;202000040382;154 671 404;B01;1;1;0;2;1;1;5;
61601;202000040382;154 671 405;A01;2;7;0;2;3;19;1;
61602;202000040383;154 671 403;A01;3;32;12;0;3;0;1;
61603;202000040384;154 671 402;A01;1;7;3;0;6;26;1;
61604;202000040385;154 671 400;A01;1;32;0;2;5;12;1;
61605;202000040385;154 671 401;B01;1;7;0;2;3;2;1;
61606;202000040386;154 671 398;A01;1;7;4;0;0;0;0;
61607;202000040386;154 671 399;B01;1;7;1;0;1;1;1;
61608;202000040387;154 671 394;D01;2;7;0;2;4;2;1;
61609;202000040387;154 671 395;C01;2;7;0;2;4;2;1;
61610;202000040387;154 671 396;B01;2;7;0;2;4;2;1;
61611;202000040387;154 671 397;A01;2;7;0;2;1;12;1;
61612;202000040388;154 671 392;A01;2;7;0;2;1;26;1;
61613;202000040388;154 671 393;B01;2;7;0;2;4;26;1;
61614;202000040389;154 671 391;A01;1;33;0;0;0;1;1;
61615;202000040390;154 671 389;A01;2;15;0;2;2;2;1;
61616;202000040390;154 671 390;B01;2;15;0;2;6;1;1;
61617;202000040391;154 671 386;C01;2;7;0;2;8;2;1;
61618;202000040391;154 671 387;A01;2;7;0;2;1;2;1;
61619;202000040391;154 671 388;B01;2;7;0;2;4;2;1;
61620;202000040392;154 671 384;B01;2;10;4;2;1;1;1;
61621;202000040392;154 671 385;A01;2;7;3;0;4;2;1;
61622;202000040393;154 671 383;A01;1;7;0;0;9;9;1;
61623;202000040394;154 671 381;A01;2;7;0;2;4;23;1;
61624;202000040394;154 671 382;B01;2;7;1;0;1;2;1;
61625;202000040395;154 671 379;A01;1;7;0;2;2;14;1;
61626;202000040395;154 671 380;B01;1;7;0;2;6;2;1;
61627;202000040396;154 671 377;A01;2;7;0;2;0;0;1;
61628;202000040396;154 671 378;B01;2;32;0;2;0;0;1;
61629;202000040397;154 671 376;A01;2;33;5;0;9;1;1;
61630;202000040398;154 671 374;B01;3;7;9;2;2;9;1;
61631;202000040398;154 671 375;A01;2;1;9;2;1;19;5;
61632;202000040399;154 671 372;A01;1;30;0;2;3;16;1;
61633;202000040399;154 671 373;B01;2;99;0;2;3;1;1;
61634;202000040400;154 671 371;A01;3;7;0;1;2;16;1;
61635;202000040401;154 671 370;A01;1;37;0;1;5;1;1;1.0
61636;202000040403;154 671 366;A01;3;32;0;2;1;9;1;
61637;202000040403;154 671 367;B01;3;7;0;2;8;1;1;
61638;202000040404;154 671 364;A01;1;1;14;0;1;1;5;
61639;202000040404;154 671 365;B01;1;7;0;9;4;23;1;
61640;202000040405;154 671 362;B01;1;1;0;2;1;1;5;
61641;202000040405;154 671 363;A01;2;80;0;2;1;1;3;
61642;202000040406;154 671 360;A01;2;33;0;2;1;2;1;
61643;202000040406;154 671 361;B01;2;7;0;2;4;1;1;
61644;202000040407;154 671 358;B01;1;7;0;2;4;1;1;
61645;202000040407;154 671 359;A01;1;7;0;2;1;1;1;
61646;202000040408;154 671 356;A01;0;10;0;2;3;9;1;
61647;202000040408;154 671 357;B01;2;32;0;2;1;1;1;
61648;202000040409;154 671 354;A01;2;7;0;2;3;9;1;
61649;202000040409;154 671 355;Y01;1;1;0;0;1;9;0;
61650;202000040410;154 671 353;A01;2;7;3;0;8;1;1;
61651;202000040411;154 671 350;C01;1;10;0;2;0;0;1;
61652;202000040411;154 671 351;A01;1;30;0;2;0;0;1;
61653;202000040411;154 671 352;B01;1;7;0;2;3;15;1;
61654;202000040413;154 671 343;B01;3;99;0;2;1;19;0;
61655;202000040413;154 671 344;A01;3;7;0;9;3;1;1;
61656;202000040414;154 671 339;B01;0;1;0;2;8;1;5;
61657;202000040414;154 671 340;A01;1;7;0;2;4;26;1;
61658;202000040415;154 671 335;A01;1;7;0;2;1;2;1;
61659;202000040415;154 671 336;B01;1;7;0;2;4;23;1;
61660;202000040415;154 671 337;D01;1;7;0;2;4;23;1;
61661;202000040415;154 671 338;C01;1;7;0;0;4;23;1;
61662;202000040416;154 671 333;B01;1;10;0;2;1;1;1;
61663;202000040416;154 671 334;A01;3;7;0;2;5;1;1;
61664;202000040417;154 671 331;B01;3;10;0;2;1;1;1;
61665;202000040417;154 671 332;A01;2;7;0;2;1;15;1;
61666;202000040418;154 671 329;B01;1;7;0;2;8;1;1;
61667;202000040418;154 671 330;A01;2;7;0;2;0;1;0;
61668;202000040419;154 671 328;A01;2;7;0;1;3;1;1;
61669;202000040420;154 671 326;B01;3;7;0;9;4;23;1;
61670;202000040420;154 671 327;A01;3;7;0;2;1;26;1;
61671;202000040421;154 671 323;B01;1;7;0;2;3;1;1;
61672;202000040421;154 671 324;A01;2;7;0;2;3;1;1;
61673;202000040421;154 671 325;D01;2;7;0;2;1;1;1;
61674;202000040422;154 671 322;A01;2;7;0;1;2;1;1;
61675;202000040423;154 671 320;A01;2;7;0;2;1;1;1;
61676;202000040423;154 671 321;B01;1;7;0;2;7;1;1;
61677;202000040424;154 671 318;B01;1;7;0;2;4;2;1;
61678;202000040424;154 671 319;A01;1;7;0;2;1;2;1;
61679;202000040425;154 671 316;B01;1;31;0;2;1;1;1;
61680;202000040425;154 671 317;A01;1;37;0;2;7;15;1;1.0
61681;202000040426;154 671 314;A01;1;7;0;2;3;9;1;
61682;202000040426;154 671 315;B01;1;7;0;2;2;1;1;
61683;202000040427;154 671 312;B01;3;33;0;2;7;1;1;
61684;202000040427;154 671 313;A01;3;7;0;2;3;9;1;
61685;202000040428;154 671 310;A01;2;7;0;2;1;2;1;
61686;202000040428;154 671 311;B01;2;7;0;2;4;2;1;
61687;202000040429;154 671 308;A01;2;7;0;2;1;2;0;
61688;202000040429;154 671 309;B01;2;7;0;2;4;2;1;
61689;202000040430;154 671 306;A01;3;7;0;0;4;23;1;
61690;202000040430;154 671 307;B01;3;1;0;2;1;1;5;