;Num_Acc;id_vehicule;num_veh;senc;catv;obs;obsm;choc;manv;motor;occutc
61691;202000040431;154 671 303;B01;1;7;0;2;3;1;1;
61692;202000040431;154 671 304;C01;2;7;0;2;1;2;1;
61693;202000040431;154 671 305;A01;2;7;0;2;3;15;1;
61694;202000040432;154 671 302;A01;3;7;13;0;1;1;1;
61695;202000040434;154 671 300;A01;2;33;4;0;1;0;1;
61696;202000040435;154 671 299;A01;1;7;8;0;3;1;1;
61697;202000040437;154 671 295;B01;1;33;0;2;7;2;1;
61698;202000040437;154 671 296;A01;1;33;13;0;1;1;1;
61699;202000040437;154 671 297;C01;1;33;0;0;8;2;1;
61700;202000040438;154 671 294;A01;3;7;0;0;0;1;1;
61701;202000040440;154 671 292;A01;1;33;3;0;2;1;1;
61702;202000040441;154 671 290;A01;1;7;0;2;2;1;1;
61703;202000040441;154 671 291;B01;1;2;0;2;1;19;1;
61704;202000040442;154 671 287;A01;1;33;0;2;1;1;1;
61705;202000040442;154 671 288;B01;2;7;0;2;5;15;1;
61706;202000040442;154 671 289;C01;2;7;0;2;3;1;1;
61707;202000040443;154 671 286;A01;3;7;2;0;3;14;1;
61708;202000040444;154 671 285;A01;1;7;6;0;1;1;1;
61709;202000040445;154 671 284;A01;1;7;13;0;9;14;1;
61710;202000040446;154 671 282;A01;1;7;0;2;8;19;1;
61711;202000040446;154 671 283;B01;1;33;0;2;1;1;1;
61712;202000040447;154 671 280;B01;1;10;0;0;4;16;1;
61713;202000040447;154 671 281;A01;1;17;0;2;1;1;1;
61714;202000040448;154 671 278;A01;2;7;0;2;3;1;1;
61715;202000040448;154 671 279;B01;1;7;0;2;3;1;1;
61716;202000040449;154 671 276;B01;2;1;0;2;1;9;6;
61717;202000040449;154 671 277;A01;1;1;0;2;1;1;6;
61718;202000040450;154 671 275;A01;1;50;0;0;0;0;3;
61719;202000040452;154 671 272;B01;2;7;0;2;1;1;1;
61720;202000040452;154 671 273;A01;1;33;0;2;1;13;1;
61721;202000040453;154 671 271;A01;1;33;8;0;2;1;1;
61722;202000040454;154 671 269;A01;1;7;0;0;2;15;1;
61723;202000040454;154 671 270;B01;2;7;0;2;8;1;1;
61724;202000040455;154 671 267;B01;1;7;0;2;3;1;1;
61725;202000040455;154 671 268;A01;2;7;0;2;3;5;1;
61726;202000040456;154 671 265;B01;2;7;13;2;6;1;1;
61727;202000040456;154 671 266;A01;2;7;0;2;2;17;1;
61728;202000040457;154 671 264;A01;2;32;0;0;0;1;1;
61729;202000040458;154 671 262;A01;2;7;0;2;8;13;0;
61730;202000040458;154 671 263;B01;1;7;0;2;8;1;0;
61731;202000040459;154 671 261;A01;2;7;0;1;0;1;1;
61732;202000040460;154 671 260;A01;0;7;2;0;2;1;1;
61733;202000040461;154 671 258;A01;3;7;0;0;5;2;0;
61734;202000040461;154 671 259;B01;3;14;5;0;3;2;0;
61735;202000040462;154 671 256;B01;2;7;0;0;3;1;1;
61736;202000040462;154 671 257;A01;1;7;0;0;3;1;1;
61737;202000040463;154 671 255;A01;1;7;4;0;9;1;1;
61738;202000040464;154 671 252;B01;1;7;1;0;1;1;1;
61739;202000040464;154 671 253;A01;1;10;0;2;4;23;1;
61740;202000040465;154 671 250;A01;1;7;0;2;3;1;1;
61741;202000040465;154 671 251;B01;1;7;9;2;7;12;1;
61742;202000040466;154 671 247;A01;1;7;0;2;1;2;1;
61743;202000040466;154 671 248;B01;1;7;0;2;4;2;1;
61744;202000040466;154 671 249;C01;1;7;0;2;4;2;2;
61745;202000040467;154 671 246;A01;2;7;4;0;0;14;1;
61746;202000040468;154 671 244;B01;2;33;0;2;7;3;1;
61747;202000040468;154 671 245;A01;2;7;0;2;8;11;1;
61748;202000040469;154 671 241;A01;1;7;0;2;1;1;1;
61749;202000040469;154 671 242;B01;1;7;0;2;4;1;1;
61750;202000040469;154 671 243;C01;1;7;0;2;4;1;1;
61751;202000040470;154 671 240;A01;1;30;0;0;2;1;1;
61752;202000040471;154 671 238;B01;1;7;4;2;5;2;1;
61753;202000040471;154 671 239;A01;1;7;0;2;3;2;1;
61754;202000040472;154 671 234;E01;1;7;14;0;8;2;1;
61755;202000040472;154 671 235;D01;1;7;14;0;2;2;1;
61756;202000040472;154 671 236;C01;1;7;0;1;2;2;1;
61757;202000040472;154 671 237;B01;1;15;0;2;8;13;1;
61758;202000040473;154 671 232;B01;3;14;0;2;3;1;1;
61759;202000040473;154 671 233;A01;3;7;0;2;6;15;1;
61760;202000040474;154 671 231;A01;1;7;4;0;2;17;1;
61761;202000040475;154 671 229;B01;1;1;0;2;3;1;0;
61762;202000040475;154 671 230;A01;1;7;0;2;2;16;1;
61763;202000040476;154 671 227;B01;1;32;0;2;7;17;1;
61764;202000040476;154 671 228;A01;1;7;0;2;2;15;1;
61765;202000040477;154 671 225;A01;0;7;0;2;2;15;1;
61766;202000040477;154 671 226;B01;0;2;0;2;1;17;1;
61767;202000040478;154 671 224;A01;1;30;0;1;1;21;1;
61768;202000040479;154 671 223;A01;1;7;0;1;7;1;1;
61769;202000040480;154 671 221;B01;2;2;0;2;0;0;1;
61770;202000040480;154 671 222;A01;3;7;0;2;0;26;0;
61771;202000040481;154 671 219;B01;2;2;0;2;3;1;1;
61772;202000040481;154 671 220;A01;2;7;0;2;3;15;1;
61773;202000040482;154 671 218;A01;3;30;12;0;1;15;1;
61774;202000040484;154 671 214;B01;2;33;0;2;1;2;1;
61775;202000040484;154 671 215;A01;2;7;0;2;8;9;1;
61776;202000040485;154 671 212;B01;0;7;0;2;1;1;1;
61777;202000040485;154 671 213;A01;0;7;0;2;1;15;1;
61778;202000040486;154 671 210;B01;0;7;0;2;1;0;1;
61779;202000040486;154 671 211;A01;0;10;0;2;4;20;1;
61780;202000040487;154 671 208;B01;2;37;0;2;2;1;1;1.0
61781;202000040487;154 671 209;A01;1;7;0;2;8;16;1;
61782;202000040488;154 671 205;C01;3;7;0;2;1;26;1;
61783;202000040488;154 671 206;B01;3;7;0;2;1;26;1;
61784;202000040488;154 671 207;A01;3;7;0;0;4;26;1;
61785;202000040489;154 671 204;A01;3;7;0;1;0;20;1;
61786;202000040490;154 671 202;A01;2;7;0;2;1;2;1;
61787;202000040490;154 671 203;B01;2;7;0;2;4;23;1;
61788;202000040491;154 671 201;A01;2;7;0;1;1;1;0;
61789;202000040492;154 671 200;A01;2;7;0;1;2;1;1;
61790;202000040493;154 671 198;A01;3;14;0;2;0;0;1;
61791;202000040493;154 671 199;B01;3;2;0;2;0;0;1;
61792;202000040494;154 671 196;A01;2;30;0;2;1;18;1;
61793;202000040494;154 671 197;B01;2;10;0;2;2;16;1;
61794;202000040495;154 671 194;B01;0;10;0;2;1;15;1;
61795;202000040495;154 671 195;A01;0;2;0;2;1;1;1;
61796;202000040496;154 671 193;A01;1;7;0;1;3;1;1;
61797;202000040498;154 671 190;A01;2;7;1;1;1;16;1;
61798;202000040499;154 671 188;A01;2;7;0;2;2;15;1;
61799;202000040499;154 671 189;B01;2;30;0;2;1;1;1;
61800;202000040500;154 671 183;A01;1;7;0;2;2;2;1;
61801;202000040500;154 671 184;B01;2;7;0;5;4;1;1;
61802;202000040501;154 671 180;A01;1;33;0;2;1;17;1;
61803;202000040501;154 671 181;B01;2;7;0;2;2;15;1;
61804;202000040501;154 671 182;C01;2;7;0;2;1;23;1;
61805;202000040502;154 671 178;B01;2;14;0;2;2;1;1;
61806;202000040502;154 671 179;A01;2;7;0;2;8;9;1;
61807;202000040503;154 671 175;A01;2;33;0;2;1;7;1;
61808;202000040503;154 671 176;C01;2;7;0;2;4;1;1;
61809;202000040503;154 671 177;B01;3;7;0;2;3;9;1;
61810;202000040504;154 671 172;B01;2;7;0;2;4;2;0;
61811;202000040504;154 671 173;C01;2;7;0;2;4;2;0;
61812;202000040504;154 671 174;A01;2;7;0;2;1;2;0;
61813;202000040505;154 671 170;B01;1;2;0;2;2;1;1;
61814;202000040505;154 671 171;A01;1;7;0;2;1;9;1;
61815;202000040506;154 671 168;B01;2;1;0;2;8;1;5;
61816;202000040506;154 671 169;A01;1;7;0;9;3;15;1;
61817;202000040507;154 671 166;B01;0;31;0;2;1;1;1;
61818;202000040507;154 671 167;A01;1;7;0;2;8;10;1;
61819;202000040508;154 671 165;A01;1;7;0;1;1;15;1;
61820;202000040509;154 671 163;A01;1;34;14;2;1;17;1;
61821;202000040509;154 671 164;B01;1;7;0;2;6;1;1;
61822;202000040510;154 671 162;A01;3;7;0;1;1;1;-1;
61823;202000040511;154 671 159;B01;3;2;0;2;1;0;1;
61824;202000040511;154 671 161;A01;3;7;0;2;3;20;2;
61825;202000040512;154 671 158;A01;1;7;0;2;1;2;0;
61826;202000040512;154 671 160;B01;1;7;13;0;4;2;0;
61827;202000040513;154 671 153;B01;1;7;0;2;9;1;1;
61828;202000040513;154 671 156;C01;1;7;0;2;4;1;1;
61829;202000040513;154 671 157;A01;1;7;0;2;1;1;1;
61830;202000040514;154 671 151;B01;1;7;0;2;1;1;1;
61831;202000040514;154 671 152;A01;2;7;0;2;2;15;1;
61832;202000040515;154 671 149;B01;1;1;0;2;1;0;5;
61833;202000040515;154 671 150;A01;1;7;0;2;1;0;1;
61834;202000040516;154 671 147;A01;1;7;0;2;1;1;1;
61835;202000040516;154 671 148;B01;1;7;0;2;5;1;1;
61836;202000040517;154 671 145;B01;2;30;0;2;7;1;1;
61837;202000040517;154 671 146;A01;1;7;0;2;8;1;1;
61838;202000040518;154 671 143;A01;3;10;0;9;2;26;1;
61839;202000040518;154 671 144;B01;3;1;0;2;1;1;5;
61840;202000040519;154 671 142;A01;1;7;13;0;1;13;1;
61841;202000040521;154 671 139;A01;2;10;0;2;1;26;1;
61842;202000040521;154 671 141;B01;2;10;0;2;7;1;1;
61843;202000040522;154 671 138;A01;1;7;0;1;0;16;0;
61844;202000040523;154 671 136;A01;2;7;0;1;1;1;1;
61845;202000040524;154 671 133;Z01;2;7;0;1;0;1;0;
61846;202000040526;154 671 131;A01;2;7;0;2;3;15;1;
61847;202000040526;154 671 132;B01;2;1;0;2;1;17;5;
61848;202000040527;154 671 128;A01;1;7;0;2;1;1;2;
61849;202000040527;154 671 130;B01;2;7;0;2;7;16;1;
61850;202000040528;154 671 129;A01;0;7;0;1;1;1;1;
61851;202000040529;154 671 124;B01;2;7;0;2;8;1;1;
61852;202000040529;154 671 127;A01;2;30;0;2;8;15;3;
61853;202000040530;154 671 125;A01;1;7;0;2;1;13;1;
61854;202000040530;154 671 126;B01;2;31;0;2;1;1;1;
61855;202000040532;154 671 121;B01;2;1;0;2;6;19;5;
61856;202000040532;154 671 122;A01;1;33;0;2;1;1;1;
61857;202000040533;154 671 120;A01;2;7;0;1;1;15;1;
61858;202000040534;154 671 118;B01;1;33;0;2;7;1;1;
61859;202000040534;154 671 119;A01;1;1;0;2;0;11;5;
61860;202000040535;154 671 117;A01;2;7;0;1;3;1;1;
61861;202000040536;154 671 115;B01;1;7;0;2;4;23;1;
61862;202000040536;154 671 116;A01;1;7;0;2;1;1;1;
61863;202000040537;154 671 113;Z01;1;7;0;2;0;2;0;
61864;202000040537;154 671 114;A01;1;1;0;2;4;1;5;
61865;202000040538;154 671 111;A01;1;10;0;2;2;19;1;
61866;202000040538;154 671 112;B01;2;7;0;2;3;1;1;
61867;202000040539;154 671 109;B01;2;7;0;2;3;15;1;
61868;202000040539;154 671 110;A01;2;30;0;2;2;7;1;
61869;202000040540;154 671 107;A01;3;7;0;2;6;4;1;
61870;202000040540;154 671 108;B01;3;31;0;2;3;1;1;
61871;202000040541;154 671 106;A01;2;30;0;0;0;21;1;
61872;202000040542;154 671 105;A01;2;2;0;1;2;1;1;
61873;202000040543;154 671 103;Z01;0;7;0;9;0;0;1;
61874;202000040543;154 671 104;B01;0;1;0;2;0;0;5;
61875;202000040544;154 671 100;A01;3;30;0;2;1;1;1;
61876;202000040544;154 671 102;B01;3;7;0;2;2;1;1;
61877;202000040545;154 671 098;A01;2;7;1;0;8;24;1;
61878;202000040545;154 671 099;B01;2;30;0;2;1;1;3;
61879;202000040545;154 671 101;C01;2;7;0;2;7;1;1;
61880;202000040546;154 671 097;A01;0;7;2;0;9;1;1;
61881;202000040547;154 671 095;A01;2;30;0;2;8;13;1;
61882;202000040547;154 671 096;B01;2;10;0;2;7;1;1;
61883;202000040548;154 671 094;A01;0;7;0;1;1;1;1;
61884;202000040549;154 671 093;A01;-1;7;4;0;0;1;1;
61885;202000040550;154 671 091;B01;3;1;0;2;0;26;5;
61886;202000040550;154 671 092;A01;3;7;0;2;2;9;1;
61887;202000040551;154 671 086;B01;2;7;0;2;4;2;1;
61888;202000040551;154 671 088;A01;2;7;0;2;1;2;1;
61889;202000040552;154 671 085;A01;2;10;0;2;1;2;1;
61890;202000040552;154 671 087;B01;2;7;0;2;4;2;1;
61891;202000040552;154 671 089;C01;2;7;0;0;4;2;1;
61892;202000040553;154 671 084;A01;2;7;9;9;1;26;1;
61893;202000040554;154 671 082;B01;1;60;0;2;0;19;5;
61894;202000040554;154 671 083;A01;1;7;0;2;1;1;1;
61895;202000040555;154 671 081;A01;3;7;6;0;1;13;1;
61896;202000040556;154 671 080;A01;1;7;2;0;1;13;1;
61897;202000040557;154 671 076;A01;2;0;0;1;3;15;0;
61898;202000040558;154 671 075;D01;2;7;0;2;1;1;0;
61899;202000040558;154 671 077;B01;2;14;0;2;1;1;0;
61900;202000040558;154 671 078;C01;2;99;13;2;1;1;0;
61901;202000040558;154 671 079;A01;1;7;0;2;0;1;0;
61902;202000040559;154 671 073;A01;2;7;2;0;1;13;1;
61903;202000040560;154 671 072;A01;2;10;0;2;1;1;1;
61904;202000040560;154 671 074;B01;2;7;0;2;4;1;1;
61905;202000040561;154 671 070;A01;2;7;0;1;1;15;1;
61906;202000040562;154 671 069;B01;2;2;0;2;1;2;1;
61907;202000040562;154 671 071;A01;2;2;0;2;8;2;1;
61908;202000040563;154 671 067;B01;1;7;0;2;2;16;1;
61909;202000040563;154 671 068;A01;1;32;0;2;3;18;1;
61910;202000040564;154 671 066;A01;2;7;0;0;9;21;0;
61911;202000040565;154 671 062;Z01;1;7;0;2;3;10;1;
61912;202000040565;154 671 065;A01;1;32;0;2;3;1;1;
61913;202000040566;154 671 063;A01;2;7;0;2;1;13;1;
61914;202000040566;154 671 064;B01;1;14;0;2;1;1;1;
61915;202000040567;154 671 060;A01;1;10;0;1;3;1;1;
61916;202000040568;154 671 059;A01;2;7;8;0;1;1;1;
61917;202000040568;154 671 061;C01;1;34;14;0;1;1;1;
61918;202000040569;154 671 055;B01;0;7;0;2;3;2;1;
61919;202000040569;154 671 056;A01;0;33;0;2;4;10;1;
61920;202000040570;154 671 057;A01;1;33;0;2;1;17;0;
61921;202000040570;154 671 058;B01;1;7;0;2;6;15;0;
61922;202000040571;154 671 052;A01;2;10;3;2;2;17;1;
61923;202000040571;154 671 053;B01;2;10;13;2;3;1;1;
61924;202000040572;154 671 054;A01;0;7;13;0;2;1;1;
61925;202000040573;154 671 049;A01;1;1;0;2;8;1;5;
61926;202000040573;154 671 050;B01;1;7;0;2;7;2;1;
61927;202000040574;154 671 051;A01;2;7;0;1;3;1;0;
61928;202000040575;154 671 048;A01;3;7;1;0;1;1;1;
61929;202000040576;154 671 047;A01;2;7;0;1;2;2;1;
61930;202000040577;154 671 045;A01;3;7;0;2;1;15;1;
61931;202000040577;154 671 046;B01;3;2;0;2;7;1;1;
61932;202000040579;154 671 044;A01;1;7;16;0;1;2;1;
61933;202000040580;154 671 040;A01;2;7;0;2;3;13;1;
61934;202000040580;154 671 041;B01;1;7;0;2;3;1;1;
61935;202000040581;154 671 036;A01;1;33;0;2;1;3;1;
61936;202000040581;154 671 037;B01;1;10;0;2;5;1;1;
61937;202000040582;154 671 038;B01;2;7;0;2;3;1;1;
61938;202000040582;154 671 039;A01;1;7;0;2;1;1;1;
61939;202000040583;154 671 035;A01;1;33;10;0;1;12;1;
61940;202000040584;154 671 034;A01;2;7;0;1;1;1;0;
61941;202000040585;154 671 033;A01;1;32;0;0;8;1;1;
61942;202000040586;154 671 030;A01;2;7;0;2;0;17;1;
61943;202000040586;154 671 031;B01;2;1;0;2;0;15;5;
61944;202000040588;154 671 024;B01;2;32;0;2;1;1;1;
61945;202000040588;154 671 025;A01;1;7;0;2;5;15;1;
61946;202000040589;154 671 022;A01;1;7;3;2;1;1;1;
61947;202000040589;154 671 023;B01;2;7;0;2;1;1;1;
61948;202000040590;154 671 021;A01;1;7;0;1;2;1;1;
61949;202000040592;154 671 015;B01;1;43;0;2;1;1;1;
61950;202000040592;154 671 016;A01;2;1;0;2;8;5;5;
61951;202000040593;154 671 013;B01;1;2;0;2;1;5;1;
61952;202000040593;154 671 014;A01;2;2;0;2;1;1;1;
61953;202000040594;154 671 012;A01;1;10;0;1;7;16;1;
61954;202000040595;154 671 011;A01;1;10;16;0;0;0;1;
61955;202000040596;154 671 010;A01;2;32;12;0;3;13;1;
61956;202000040597;154 671 008;A01;2;10;13;0;2;1;1;
61957;202000040598;154 671 007;Z01;1;7;0;2;1;2;0;
61958;202000040598;154 671 009;A01;1;7;0;2;4;23;1;
61959;202000040599;154 671 005;B01;2;7;0;0;1;1;1;
61960;202000040599;154 671 006;A01;1;7;0;0;1;17;1;
61961;202000040600;154 671 003;B01;2;10;0;2;5;24;1;
61962;202000040600;154 671 004;A01;2;7;1;2;3;13;1;
61963;202000040601;154 670 999;B01;1;10;0;2;8;1;1;
61964;202000040601;154 671 000;A01;2;30;0;2;1;1;1;
61965;202000040602;154 671 001;B01;3;1;0;2;4;1;5;
61966;202000040602;154 671 002;A01;3;2;0;9;1;1;1;
61967;202000040603;154 670 996;B01;1;13;0;1;2;23;1;
61968;202000040603;154 670 997;A01;2;7;1;0;2;1;1;
61969;202000040604;154 670 995;A01;2;1;0;2;1;19;5;
61970;202000040604;154 670 998;B01;3;34;0;2;3;1;1;
61971;202000040605;154 670 994;A01;2;33;6;0;7;1;1;
61972;202000040606;154 670 992;B01;1;37;0;2;6;15;1;1.0
61973;202000040606;154 670 993;A01;1;32;0;2;2;15;1;
61974;202000040607;154 670 990;B01;2;7;0;2;8;15;1;
61975;202000040607;154 670 991;A01;2;33;0;2;1;17;1;
61976;202000040608;154 670 987;B01;1;7;0;2;3;0;1;
61977;202000040608;154 670 988;A01;2;7;0;2;3;1;1;
61978;202000040609;154 670 986;A01;1;1;0;2;8;15;5;
61979;202000040609;154 670 989;B01;1;34;0;2;2;5;1;
61980;202000040611;154 670 984;A01;2;32;0;1;1;1;1;
61981;202000040612;154 670 982;B01;2;3;0;0;4;1;0;
61982;202000040612;154 670 983;A01;2;10;0;2;1;1;1;
61983;202000040613;154 670 980;B01;0;7;0;2;8;22;1;
61984;202000040613;154 670 981;A01;1;1;1;2;8;1;5;
61985;202000040614;154 670 977;A01;3;30;0;0;0;1;3;
61986;202000040615;154 670 978;A01;1;33;0;2;1;12;0;
61987;202000040615;154 670 979;B01;1;99;0;2;3;1;0;
61988;202000040616;154 670 974;A01;2;7;15;0;3;13;1;
61989;202000040617;154 670 975;B01;1;33;0;2;8;1;0;
61990;202000040617;154 670 976;A01;1;10;0;2;8;11;0;
61991;202000040619;154 670 968;A01;1;7;0;1;2;1;1;
61992;202000040620;154 670 965;C01;1;7;0;2;5;20;1;
61993;202000040620;154 670 966;B01;1;7;0;2;4;23;0;
61994;202000040620;154 670 967;A01;1;7;0;2;1;1;1;
61995;202000040621;154 670 964;A01;2;33;12;0;1;16;1;
61996;202000040622;154 670 970;C01;1;15;0;2;1;1;1;
61997;202000040622;154 670 972;B01;2;7;0;2;3;1;1;
61998;202000040622;154 670 973;A01;2;7;3;2;1;13;1;
61999;202000040623;154 670 962;A01;1;33;0;2;5;2;1;
62000;202000040623;154 670 963;B01;1;7;0;2;5;16;0;
62001;202000040624;154 670 960;B01;1;7;0;2;3;1;2;
62002;202000040624;154 670 961;A01;1;2;0;2;1;13;1;
62003;202000040625;154 670 956;A01;3;1;0;5;1;1;5;
62004;202000040626;154 670 957;A01;2;7;0;2;1;1;0;
62005;202000040626;154 670 958;B01;2;7;0;2;4;23;1;
62006;202000040626;154 670 959;C01;2;7;0;2;4;23;1;
62007;202000040627;154 670 953;A01;1;7;0;0;0;0;0;
62008;202000040627;154 670 954;B01;1;1;0;0;8;1;5;
62009;202000040628;154 670 952;B01;2;7;0;2;6;23;1;
62010;202000040628;154 670 955;A01;2;33;0;2;2;1;1;
62011;202000040629;154 670 950;A01;2;7;0;1;7;2;1;
62012;202000040630;154 670 945;A01;1;7;0;2;3;15;1;
62013;202000040630;154 670 947;B01;1;33;0;2;2;21;1;
62014;202000040631;154 670 946;C01;2;7;14;2;7;21;1;
62015;202000040631;154 670 948;A01;2;31;0;2;4;1;1;
62016;202000040631;154 670 949;B01;2;7;0;2;2;1;1;
62017;202000040632;154 670 942;A01;2;7;1;0;1;19;1;
62018;202000040632;154 670 944;B01;1;7;1;0;8;1;1;
62019;202000040633;154 670 941;B01;1;7;0;2;1;2;1;
62020;202000040633;154 670 943;A01;1;7;0;0;4;1;1;
62021;202000040634;154 670 940;A01;3;7;0;1;3;17;1;
62022;202000040635;154 670 939;A01;1;32;3;0;1;1;1;
62023;202000040636;154 670 937;A01;-1;7;0;2;2;26;1;
62024;202000040636;154 670 938;B01;-1;33;0;2;1;0;1;
62025;202000040638;154 670 935;A01;-1;32;0;1;0;-1;-1;
62026;202000040639;154 670 934;A01;1;30;0;1;8;1;1;
62027;202000040640;154 670 932;B01;1;7;0;2;3;26;1;
62028;202000040640;154 670 933;A01;1;7;8;0;2;14;1;
62029;202000040641;154 670 931;A01;2;7;4;0;5;0;1;
62030;202000040642;154 670 929;B01;3;1;1;0;7;18;5;
62031;202000040642;154 670 930;A01;3;7;0;9;7;23;4;
62032;202000040643;154 670 926;A01;1;7;0;0;9;26;1;
62033;202000040644;154 670 925;A01;-1;32;0;2;1;17;1;
62034;202000040644;154 670 927;B01;-1;7;0;2;8;15;1;
62035;202000040646;154 670 923;A01;1;7;4;0;2;1;1;
62036;202000040647;154 670 922;A01;0;10;0;1;1;15;1;
62037;202000040648;154 670 919;A01;2;7;0;2;1;2;1;
62038;202000040648;154 670 921;B01;2;7;0;2;4;2;1;
62039;202000040649;154 670 918;B01;1;33;0;2;4;1;1;
62040;202000040649;154 670 920;A01;1;7;0;2;2;14;1;
62041;202000040651;154 670 916;A01;3;7;9;0;2;14;1;
62042;202000040652;154 670 914;A01;1;10;0;2;4;26;1;
62043;202000040652;154 670 915;B01;1;7;0;2;3;0;1;
62044;202000040653;154 670 913;A01;3;37;6;0;6;26;0;9.0
62045;202000040654;154 670 909;B01;1;7;0;2;1;23;1;
62046;202000040654;154 670 911;A01;2;7;14;0;1;5;1;
62047;202000040656;154 670 908;A01;2;7;0;1;1;1;1;
62048;202000040657;154 670 907;A01;3;33;0;0;0;17;1;
62049;202000040659;154 670 904;A01;1;7;0;1;2;9;1;
62050;202000040661;154 670 900;B01;1;7;0;2;4;2;1;
62051;202000040661;154 670 902;A01;1;7;0;2;2;2;1;
62052;202000040662;154 670 897;A01;1;7;0;2;1;2;1;
62053;202000040662;154 670 898;B01;1;7;0;2;4;1;1;
62054;202000040662;154 670 899;C01;1;7;0;2;4;1;1;
62055;202000040663;154 670 896;A01;1;7;0;1;2;2;1;
62056;202000040664;154 670 894;B01;1;7;0;2;5;15;1;
62057;202000040664;154 670 895;A01;1;7;0;2;3;2;1;
62058;202000040665;154 670 892;A01;2;50;0;1;1;1;3;
62059;202000040666;154 670 891;A01;1;33;0;2;0;1;1;
62060;202000040666;154 670 893;B01;1;0;0;2;0;0;0;
62061;202000040667;154 670 888;A01;0;7;0;1;1;1;1;
62062;202000040668;154 670 887;C01;2;7;0;2;1;1;1;
62063;202000040668;154 670 889;B01;2;7;0;2;1;21;1;
62064;202000040668;154 670 890;A01;1;7;0;2;1;5;1;
62065;202000040670;154 670 884;A01;1;7;0;2;3;26;1;
62066;202000040670;154 670 886;B01;1;7;14;0;3;9;1;
62067;202000040671;154 670 881;B01;2;7;0;2;1;0;0;
62068;202000040671;154 670 883;A01;1;7;0;2;1;0;1;
62069;202000040672;154 670 876;A01;2;32;0;2;7;19;0;
62070;202000040672;154 670 879;B01;2;7;0;2;1;1;0;
62071;202000040673;154 670 875;C01;2;7;0;2;8;1;1;
62072;202000040673;154 670 878;B01;2;7;0;2;1;1;1;
62073;202000040673;154 670 880;A01;1;7;0;2;7;13;1;
62074;202000040674;154 670 874;B01;2;32;0;2;7;17;1;
62075;202000040674;154 670 877;A01;2;7;0;2;3;15;1;
62076;202000040675;154 670 871;A01;1;7;0;9;3;2;0;
62077;202000040675;154 670 873;B01;1;1;0;2;7;19;6;
62078;202000040676;154 670 870;A01;1;2;0;0;0;21;1;
62079;202000040677;154 670 869;A01;1;31;0;0;7;1;1;
62080;202000040678;154 670 867;A01;2;10;9;0;1;2;1;
62081;202000040679;154 670 866;A01;3;39;0;1;0;1;1;
62082;202000040681;154 670 863;A01;2;7;0;2;5;14;1;
62083;202000040681;154 670 864;B01;2;33;0;2;8;18;1;
62084;202000040682;154 670 868;A01;1;37;0;2;2;17;1;1.0
62085;202000040682;154 670 872;B01;1;7;0;2;6;0;1;
62086;202000040683;154 670 862;A01;3;7;0;0;9;17;1;
62087;202000040684;154 670 856;A01;2;7;0;2;4;1;1;
62088;202000040684;154 670 858;D01;2;7;0;2;1;1;1;
62089;202000040684;154 670 859;C01;2;7;0;2;1;1;1;
62090;202000040684;154 670 861;B01;2;7;0;2;4;1;1;
62091;202000040686;154 670 853;A01;2;30;0;2;1;1;1;
62092;202000040686;154 670 855;B01;1;7;0;2;3;1;1;
62093;202000040687;154 670 850;A01;1;2;0;0;7;21;1;
62094;202000040688;154 670 849;B01;1;33;0;2;1;2;1;
62095;202000040688;154 670 851;A01;1;7;0;2;4;2;1;
62096;202000040689;154 670 848;A01;2;7;0;2;7;0;1;
62097;202000040689;154 670 852;B01;1;7;0;2;1;1;1;
62098;202000040690;154 670 844;B01;1;7;0;2;1;1;1;
62099;202000040690;154 670 846;A01;1;7;3;0;4;1;1;
62100;202000040691;154 670 845;A01;1;7;0;2;8;14;1;
62101;202000040691;154 670 847;B01;1;15;0;2;1;2;1;
62102;202000040692;154 670 842;B01;2;32;0;2;1;1;1;
62103;202000040692;154 670 843;A01;2;7;0;2;6;13;1;
62104;202000040693;154 670 840;A01;1;7;13;0;7;1;1;
62105;202000040694;154 670 837;A01;1;7;4;2;6;13;1;
62106;202000040694;154 670 838;B01;1;7;4;0;4;1;1;
62107;202000040694;154 670 839;C01;1;7;4;2;2;1;1;
62108;202000040695;154 670 841;A01;2;7;15;0;0;2;1;
62109;202000040696;154 670 834;A01;3;7;2;0;1;1;1;
62110;202000040697;154 670 833;A01;1;7;0;2;5;11;1;
62111;202000040697;154 670 835;B01;1;2;0;2;1;3;1;
62112;202000040698;154 670 831;B01;0;1;0;0;0;0;0;
62113;202000040698;154 670 832;A01;1;7;1;0;4;4;1;
62114;202000040699;154 670 828;A01;1;7;1;0;1;1;1;
62115;202000040701;154 670 827;A01;3;7;0;2;3;15;1;
62116;202000040701;154 670 830;B01;3;7;0;2;1;1;1;
62117;202000040702;154 670 824;A01;3;7;0;2;2;15;1;
62118;202000040702;154 670 826;B01;3;7;0;2;1;1;1;
62119;202000040703;154 670 823;B01;2;10;0;2;4;1;1;
62120;202000040703;154 670 825;A01;2;33;0;2;1;23;1;
62121;202000040704;154 670 818;A01;2;7;0;2;8;11;1;
62122;202000040704;154 670 820;B01;2;31;0;2;1;3;1;
62123;202000040706;154 670 817;A01;2;7;0;1;7;17;1;