;Num_Acc;id_vehicule;num_veh;senc;catv;obs;obsm;choc;manv;motor;occutc
62124;202000040707;154 670 814;B01;2;7;0;2;0;0;6;
62125;202000040707;154 670 815;A01;1;7;0;2;2;0;-1;
62126;202000040708;154 670 813;A01;3;2;12;0;0;1;1;
62127;202000040710;154 670 811;A01;2;7;0;1;1;1;1;
62128;202000040711;154 670 812;A01;2;7;0;0;9;0;1;
62129;202000040712;154 670 808;A01;2;7;0;1;2;1;1;
62130;202000040713;154 670 809;A01;2;33;0;2;3;3;1;
62131;202000040713;154 670 810;B01;2;7;0;2;5;11;1;
62132;202000040714;154 670 801;B01;3;31;0;2;2;1;1;
62133;202000040714;154 670 803;A01;1;7;0;2;3;9;1;
62134;202000040715;154 670 802;A01;1;7;16;0;0;14;1;
62135;202000040716;154 670 804;A01;1;7;0;2;1;11;1;
62136;202000040716;154 670 805;B01;1;7;0;2;4;2;1;
62137;202000040717;154 670 799;B01;2;7;0;2;3;1;1;
62138;202000040717;154 670 800;A01;1;7;0;2;1;13;1;
62139;202000040718;154 670 795;A01;1;7;0;2;3;9;1;
62140;202000040718;154 670 797;B01;1;7;0;2;2;1;1;
62141;202000040718;154 670 798;C01;2;7;0;2;6;1;1;
62142;202000040719;154 670 794;B01;2;7;0;2;1;1;1;
62143;202000040719;154 670 796;A01;2;7;0;2;8;13;1;
62144;202000040720;154 670 792;A01;1;7;0;2;1;1;1;
62145;202000040720;154 670 793;B01;2;50;0;2;1;5;3;
62146;202000040721;154 670 789;B01;1;2;0;2;1;1;1;
62147;202000040721;154 670 791;A01;1;7;0;2;2;19;1;
62148;202000040722;154 670 790;A01;2;7;4;0;1;2;1;
62149;202000040723;154 670 786;A01;1;21;0;2;8;1;1;
62150;202000040723;154 670 787;B01;2;1;0;2;8;1;5;
62151;202000040724;154 670 784;A01;0;7;0;1;2;1;1;
62152;202000040725;154 670 785;A01;2;7;0;0;0;2;1;
62153;202000040726;154 670 779;A01;2;42;0;0;7;1;1;
62154;202000040727;154 670 780;A01;2;7;0;2;2;15;1;
62155;202000040727;154 670 781;B01;2;30;0;2;1;1;1;
62156;202000040728;154 670 778;A01;2;7;2;0;8;1;1;
62157;202000040730;154 670 774;B01;2;7;0;2;4;2;1;
62158;202000040730;154 670 775;A01;2;7;0;2;1;26;1;
62159;202000040731;154 670 771;B01;0;7;0;2;1;9;1;
62160;202000040731;154 670 772;A01;3;7;0;2;1;13;1;
62161;202000040732;154 670 767;A01;1;7;0;2;1;2;1;
62162;202000040732;154 670 769;C01;1;7;0;2;4;1;1;
62163;202000040732;154 670 770;B01;1;7;0;2;4;2;1;
62164;202000040733;154 670 766;B01;3;7;0;2;3;1;1;
62165;202000040733;154 670 768;A01;3;2;0;2;6;13;1;
62166;202000040734;154 670 763;A01;3;7;0;1;2;26;1;
62167;202000040735;154 670 764;B01;0;7;0;2;4;23;1;
62168;202000040735;154 670 765;A01;0;7;0;2;1;1;1;
62169;202000040736;154 670 762;A01;1;7;2;0;0;0;1;
62170;202000040737;154 670 761;A01;3;37;0;1;3;1;1;1.0
62171;202000040738;154 670 758;B01;3;3;0;2;2;16;1;
62172;202000040738;154 670 760;A01;3;7;0;2;3;11;1;
62173;202000040739;154 670 757;A01;3;7;0;2;3;19;1;
62174;202000040739;154 670 759;B01;3;2;0;2;1;1;1;
62175;202000040740;154 670 756;A01;1;7;0;1;7;1;1;
62176;202000040741;154 670 751;B01;1;7;0;2;1;1;1;
62177;202000040741;154 670 754;A01;2;7;0;2;1;17;1;
62178;202000040742;154 670 750;A01;1;7;0;2;4;17;1;
62179;202000040742;154 670 753;B01;1;7;0;2;3;2;1;
62180;202000040743;154 670 749;A01;3;7;0;1;2;13;1;
62181;202000040744;154 670 752;B01;1;1;0;2;3;1;5;
62182;202000040744;154 670 755;A01;2;30;0;9;1;1;1;
62183;202000040745;154 670 747;B01;3;34;0;2;2;1;1;
62184;202000040745;154 670 748;A01;3;7;0;2;3;15;1;
62185;202000040746;154 670 744;A01;2;7;0;0;5;23;1;
62186;202000040746;154 670 746;B01;2;2;0;2;2;2;1;
62187;202000040748;154 670 740;A01;2;7;0;2;3;1;1;
62188;202000040748;154 670 742;B01;1;7;0;2;2;0;1;
62189;202000040749;154 670 737;A01;2;7;0;2;3;15;1;
62190;202000040749;154 670 738;B01;2;7;0;2;1;1;1;
62191;202000040750;154 670 734;B01;2;7;0;2;5;15;1;
62192;202000040750;154 670 736;A01;2;7;0;2;1;1;1;
62193;202000040751;154 670 733;A01;3;7;0;2;3;19;1;
62194;202000040751;154 670 735;B01;3;7;2;2;1;1;1;
62195;202000040752;154 670 729;A01;3;32;0;2;0;0;0;
62196;202000040752;154 670 730;B01;3;30;0;2;0;0;0;
62197;202000040752;154 670 731;Z01;3;7;0;2;0;0;0;
62198;202000040753;154 670 732;A01;2;7;1;1;8;26;1;
62199;202000040754;154 670 726;B01;2;31;0;2;8;1;1;
62200;202000040754;154 670 728;A01;2;7;0;2;3;15;1;
62201;202000040755;154 670 722;B01;2;7;0;2;3;9;6;
62202;202000040755;154 670 723;A01;1;2;0;2;1;26;0;
62203;202000040756;154 670 724;C01;1;7;16;0;4;1;1;
62204;202000040756;154 670 725;B01;3;7;0;2;6;1;1;
62205;202000040756;154 670 727;A01;1;7;0;2;1;1;1;
62206;202000040757;154 670 720;A01;3;7;0;2;3;1;1;
62207;202000040757;154 670 721;B01;3;80;0;2;7;19;3;
62208;202000040758;154 670 718;A01;2;32;0;2;1;13;0;
62209;202000040758;154 670 719;B01;1;10;0;2;3;1;0;
62210;202000040760;154 670 714;A01;1;30;0;2;1;1;1;
62211;202000040760;154 670 716;B01;3;10;0;2;7;19;1;
62212;202000040761;154 670 713;B01;3;33;0;2;8;0;1;
62213;202000040761;154 670 715;A01;3;7;0;2;1;6;1;
62214;202000040762;154 670 709;B01;1;33;0;2;0;0;0;
62215;202000040762;154 670 710;C01;1;33;0;2;1;1;1;
62216;202000040762;154 670 711;D01;1;7;0;2;1;1;1;
62217;202000040762;154 670 712;A01;1;33;0;2;0;26;1;
62218;202000040763;154 670 707;A01;1;7;0;2;6;16;1;
62219;202000040763;154 670 708;B01;1;14;0;2;2;16;1;
62220;202000040764;154 670 705;B01;1;32;0;2;1;1;1;
62221;202000040764;154 670 706;A01;1;7;0;2;3;15;1;
62222;202000040765;154 670 703;B01;2;1;0;2;0;1;5;
62223;202000040765;154 670 704;A01;1;7;0;2;3;9;1;
62224;202000040766;154 670 701;B01;3;1;0;2;0;0;5;
62225;202000040766;154 670 702;A01;1;7;0;2;1;15;1;
62226;202000040767;154 670 699;A01;2;33;0;2;1;2;1;
62227;202000040767;154 670 700;B01;2;7;0;2;4;2;1;
62228;202000040768;154 670 696;A01;2;7;6;0;1;14;1;
62229;202000040769;154 670 695;A01;1;7;0;2;1;1;1;
62230;202000040769;154 670 697;B01;1;7;0;2;4;0;1;
62231;202000040769;154 670 698;C01;1;7;0;2;4;1;1;
62232;202000040770;154 670 694;A01;3;7;0;1;2;7;1;
62233;202000040771;154 670 690;A01;2;7;0;2;1;1;1;
62234;202000040771;154 670 691;B01;2;7;0;2;4;2;1;
62235;202000040772;154 670 689;A01;2;7;0;2;1;19;1;
62236;202000040772;154 670 692;C01;2;7;0;2;2;2;1;
62237;202000040772;154 670 693;B01;2;7;0;2;7;2;1;
62238;202000040773;154 670 686;A01;0;7;0;2;1;13;1;
62239;202000040773;154 670 688;B01;0;7;0;2;1;1;1;
62240;202000040774;154 670 687;A01;2;31;0;0;7;1;1;
62241;202000040775;154 670 683;B01;3;33;0;2;1;26;1;
62242;202000040775;154 670 685;A01;3;7;0;2;1;21;1;
62243;202000040776;154 670 682;B01;1;7;0;2;8;1;1;
62244;202000040776;154 670 684;A01;1;17;0;2;2;14;1;
62245;202000040778;154 670 678;A01;2;7;0;2;3;10;1;
62246;202000040778;154 670 680;B01;1;1;0;2;1;1;5;
62247;202000040779;154 670 677;A01;3;7;2;0;1;14;1;
62248;202000040780;154 670 673;C01;1;1;0;0;7;19;5;
62249;202000040780;154 670 675;A01;1;7;0;0;1;1;1;
62250;202000040780;154 670 676;B01;1;33;0;0;4;1;1;
62251;202000040781;154 670 670;B01;1;50;0;2;9;19;3;
62252;202000040781;154 670 672;A01;1;99;0;9;1;1;0;
62253;202000040782;154 670 668;B01;3;7;0;2;3;25;1;
62254;202000040782;154 670 669;A01;1;1;0;2;1;25;5;
62255;202000040783;154 670 667;A01;2;7;0;1;1;1;1;
62256;202000040784;154 670 671;B01;1;50;0;2;1;1;3;
62257;202000040784;154 670 674;A01;2;10;0;2;7;16;1;
62258;202000040785;154 670 665;A01;1;1;0;2;7;2;0;
62259;202000040785;154 670 666;B01;1;13;0;2;8;17;6;
62260;202000040786;154 670 664;A01;2;7;0;1;1;16;1;
62261;202000040787;154 670 663;A01;0;7;0;1;1;1;1;
62262;202000040788;154 670 662;A01;2;7;6;0;1;1;1;
62263;202000040789;154 670 660;A01;1;7;0;2;3;10;1;
62264;202000040789;154 670 661;B01;1;31;0;2;1;1;1;
62265;202000040791;154 670 658;A01;2;7;4;0;3;13;1;
62266;202000040792;154 670 656;B01;2;7;0;2;4;23;1;
62267;202000040792;154 670 657;A01;2;30;0;2;1;2;1;
62268;202000040794;154 670 653;A01;0;7;9;0;1;26;1;
62269;202000040795;154 670 650;B01;1;10;0;2;1;1;1;
62270;202000040795;154 670 652;A01;1;7;0;2;3;9;1;
62271;202000040797;154 670 646;B01;1;37;0;2;3;1;4;1.0
62272;202000040797;154 670 647;A01;1;7;0;2;1;1;1;
62273;202000040798;154 670 645;A01;1;7;0;1;1;1;1;
62274;202000040799;154 670 643;A01;1;7;0;2;7;15;1;
62275;202000040799;154 670 644;B01;0;33;0;2;1;1;1;
62276;202000040800;154 670 651;A01;2;10;0;1;3;15;1;
62277;202000040801;154 670 642;A01;2;7;0;1;0;18;1;
62278;202000040802;154 670 639;A01;1;13;0;2;1;1;1;
62279;202000040802;154 670 640;B01;1;10;0;2;4;23;1;
62280;202000040802;154 670 641;C01;1;7;0;2;4;23;1;
62281;202000040803;154 670 637;A01;1;1;0;2;4;15;5;
62282;202000040803;154 670 638;B01;1;7;0;2;2;1;1;
62283;202000040804;154 670 635;Z01;1;7;0;1;1;1;1;
62284;202000040807;154 670 631;B01;1;7;12;2;0;1;1;
62285;202000040807;154 670 632;A01;1;0;0;2;0;18;0;
62286;202000040808;154 670 630;A01;2;7;8;0;2;1;1;
62287;202000040809;154 670 636;A01;2;7;0;1;2;1;1;
62288;202000040810;154 670 628;B01;2;30;0;2;1;1;1;
62289;202000040810;154 670 629;A01;1;7;0;2;3;15;1;
62290;202000040811;154 670 627;A01;1;7;1;0;2;14;1;
62291;202000040812;154 670 625;A01;2;7;0;2;2;1;1;
62292;202000040812;154 670 626;B01;2;50;0;2;0;19;3;
62293;202000040814;154 670 622;A01;2;7;0;1;2;1;1;
62294;202000040815;154 670 621;A01;1;7;0;2;2;17;1;
62295;202000040815;154 670 623;B01;2;7;0;2;3;1;1;
62296;202000040816;154 670 619;Z01;2;10;0;2;3;13;1;
62297;202000040816;154 670 620;A01;2;31;0;2;2;23;1;
62298;202000040817;154 670 617;A01;1;7;0;1;2;2;1;
62299;202000040818;154 670 616;A01;1;7;0;2;3;15;1;
62300;202000040818;154 670 618;B01;2;32;0;2;1;5;1;
62301;202000040819;154 670 613;A01;3;7;8;0;1;1;1;
62302;202000040820;154 670 611;B01;2;7;0;2;3;1;1;
62303;202000040820;154 670 612;A01;1;30;0;2;1;15;1;
62304;202000040821;154 670 610;A01;2;7;0;1;5;4;1;
62305;202000040822;154 670 608;B01;2;7;0;2;1;1;1;
62306;202000040822;154 670 609;A01;2;7;0;2;3;15;1;
62307;202000040823;154 670 606;A01;1;7;0;2;1;15;1;
62308;202000040823;154 670 607;B01;2;7;0;2;3;1;1;
62309;202000040824;154 670 604;Z01;0;7;0;2;3;9;0;
62310;202000040824;154 670 605;B01;0;2;0;0;0;0;1;
62311;202000040825;154 670 601;Z01;1;7;1;2;1;1;0;
62312;202000040825;154 670 602;B01;1;7;0;2;3;10;0;
62313;202000040826;154 670 600;A01;0;7;0;2;6;9;0;
62314;202000040826;154 670 603;B01;-1;32;0;2;1;0;0;
62315;202000040827;154 670 598;Z01;2;0;0;1;1;1;0;
62316;202000040828;154 670 597;B01;1;7;0;2;3;9;1;
62317;202000040828;154 670 599;A01;3;7;0;2;1;17;1;
62318;202000040829;154 670 594;A01;1;7;0;9;8;22;1;
62319;202000040829;154 670 596;Y01;1;1;1;0;0;0;0;
62320;202000040830;154 670 593;B01;1;32;0;2;2;17;1;
62321;202000040830;154 670 595;A01;3;7;0;2;3;19;1;
62322;202000040831;154 670 592;A01;3;10;0;1;2;25;1;
62323;202000040833;154 670 587;B01;0;7;0;2;8;1;1;
62324;202000040833;154 670 588;A01;0;7;0;2;2;1;1;
62325;202000040834;154 670 589;B01;2;33;0;2;2;2;1;
62326;202000040834;154 670 590;A01;2;10;0;2;8;9;1;
62327;202000040835;154 670 586;Z01;3;37;0;1;0;26;0;0.0
62328;202000040836;154 670 584;B01;1;2;0;2;3;1;0;
62329;202000040836;154 670 585;A01;0;7;0;2;3;26;3;
62330;202000040838;154 670 580;B01;2;10;0;2;3;4;1;
62331;202000040838;154 670 582;A01;2;30;0;2;3;13;1;
62332;202000040839;154 670 577;A01;1;7;0;2;1;2;1;
62333;202000040839;154 670 578;B01;1;7;0;2;5;2;1;
62334;202000040839;154 670 579;C01;1;7;0;2;4;2;1;
62335;202000040840;154 670 575;A01;1;7;0;1;7;16;1;
62336;202000040841;154 670 574;A01;2;3;0;2;3;13;1;
62337;202000040841;154 670 576;B01;1;7;0;2;3;1;1;
62338;202000040842;154 670 571;B01;3;7;0;2;6;0;1;
62339;202000040842;154 670 573;A01;3;33;0;2;1;1;1;
62340;202000040843;154 670 570;B01;1;7;0;2;4;17;1;
62341;202000040843;154 670 572;A01;1;7;0;2;8;17;1;
62342;202000040844;154 670 568;B01;0;7;0;2;3;1;1;
62343;202000040844;154 670 569;A01;0;2;0;2;3;13;1;
62344;202000040845;154 670 567;A01;1;7;13;0;2;1;1;
62345;202000040846;154 670 566;A01;1;7;0;1;2;1;1;
62346;202000040847;154 670 565;A01;2;7;11;0;1;6;1;
62347;202000040848;154 670 564;A01;3;7;6;0;9;0;0;
62348;202000040849;154 670 562;A01;0;7;0;1;4;4;1;
62349;202000040850;154 670 561;A01;3;7;0;2;3;2;1;
62350;202000040850;154 670 563;B01;3;7;0;9;4;2;1;
62351;202000040852;154 670 559;B01;1;7;0;2;1;1;1;
62352;202000040852;154 670 560;A01;2;10;0;2;1;15;1;
62353;202000040853;154 670 557;A01;2;7;0;0;3;0;1;
62354;202000040854;154 670 556;A01;2;7;0;1;3;26;1;
62355;202000040856;154 670 553;A01;2;33;0;2;1;3;1;
62356;202000040856;154 670 555;B01;2;7;0;2;4;11;1;
62357;202000040857;154 670 550;A01;2;31;0;2;1;2;1;
62358;202000040857;154 670 551;B01;2;7;0;2;5;2;1;
62359;202000040858;154 670 552;A01;2;7;2;0;2;0;6;
62360;202000040859;154 670 548;A01;1;33;0;2;1;1;1;
62361;202000040859;154 670 549;B01;3;10;0;2;5;1;1;
62362;202000040860;154 670 547;A01;2;7;13;0;3;1;1;
62363;202000040861;154 670 546;A01;3;30;0;1;2;1;1;
62364;202000040862;154 670 545;A01;0;33;12;0;1;1;1;
62365;202000040863;154 670 543;B01;3;7;0;2;2;15;1;
62366;202000040863;154 670 544;A01;3;32;0;2;1;1;1;
62367;202000040865;154 670 540;A01;1;1;0;0;1;1;5;
62368;202000040866;154 670 537;B01;2;34;0;2;7;17;1;
62369;202000040866;154 670 538;A01;1;7;0;2;1;15;1;
62370;202000040867;154 670 539;A01;2;7;13;0;1;1;1;
62371;202000040868;154 670 536;A01;1;10;0;1;1;1;2;
62372;202000040869;154 670 534;A01;3;7;0;2;1;1;1;
62373;202000040869;154 670 535;B01;3;7;0;2;4;23;1;
62374;202000040871;154 670 531;B01;3;30;0;2;1;1;1;
62375;202000040871;154 670 533;A01;3;7;0;2;3;13;1;
62376;202000040872;154 670 528;B01;1;7;0;2;3;13;0;
62377;202000040872;154 670 530;A01;1;33;0;2;7;17;0;
62378;202000040873;154 670 529;A01;1;34;0;1;3;1;3;
62379;202000040874;154 670 527;A01;2;7;0;1;1;1;1;
62380;202000040875;154 670 524;A01;2;10;0;1;1;1;1;
62381;202000040876;154 670 523;A01;1;1;0;2;8;1;5;
62382;202000040876;154 670 526;Z01;1;7;0;2;2;17;1;
62383;202000040877;154 670 522;B01;3;7;0;2;3;1;1;
62384;202000040877;154 670 525;A01;3;7;0;2;3;11;1;
62385;202000040878;154 670 520;A01;1;33;7;6;1;1;1;
62386;202000040879;154 670 518;A01;2;33;13;0;7;0;1;
62387;202000040880;154 670 516;B01;3;33;0;2;1;3;1;
62388;202000040880;154 670 517;D01;3;43;0;2;1;3;1;
62389;202000040880;154 670 519;A01;3;43;0;2;4;3;1;
62390;202000040880;154 670 521;C01;3;33;0;2;1;3;1;
62391;202000040881;154 670 514;B01;2;7;0;0;4;2;1;
62392;202000040881;154 670 515;A01;2;7;0;2;1;2;2;
62393;202000040882;154 670 512;B01;2;7;0;0;6;2;1;
62394;202000040882;154 670 513;A01;2;7;0;2;2;2;1;
62395;202000040883;154 670 511;A01;1;30;0;1;1;1;1;
62396;202000040884;154 670 509;A01;1;7;0;2;1;0;1;
62397;202000040884;154 670 510;B01;2;10;0;2;1;0;1;
62398;202000040885;154 670 506;B01;1;13;0;2;3;0;1;
62399;202000040885;154 670 508;A01;2;7;0;2;3;13;1;
62400;202000040886;154 670 507;A01;3;7;0;1;4;4;1;
62401;202000040887;154 670 505;A01;1;32;6;0;2;16;1;
62402;202000040888;154 670 501;A01;3;7;0;2;3;1;1;
62403;202000040888;154 670 504;B01;3;2;0;2;7;1;1;
62404;202000040889;154 670 502;A01;1;30;0;2;3;18;1;
62405;202000040889;154 670 503;B01;1;7;0;2;2;1;1;
62406;202000040890;154 670 499;A01;2;7;0;1;2;16;1;
62407;202000040891;154 670 497;A01;1;7;0;1;2;1;1;
62408;202000040892;154 670 495;B01;2;7;0;2;1;1;1;
62409;202000040892;154 670 496;A01;1;7;0;2;1;13;1;
62410;202000040893;154 670 498;A01;1;1;0;1;1;1;5;
62411;202000040894;154 670 493;B01;1;10;0;2;3;1;1;
62412;202000040894;154 670 494;A01;2;7;0;2;3;13;1;
62413;202000040895;154 670 489;C01;1;7;0;2;1;2;1;
62414;202000040895;154 670 490;B01;2;7;0;2;5;15;1;
62415;202000040895;154 670 491;A01;1;30;0;2;1;1;1;
62416;202000040897;154 670 484;B01;1;7;15;0;7;1;1;
62417;202000040897;154 670 487;A01;2;7;15;2;1;1;1;
62418;202000040898;154 670 488;A01;1;7;0;2;8;1;1;
62419;202000040898;154 670 492;B01;1;50;0;2;1;1;3;
62420;202000040899;154 670 476;B01;1;7;0;2;1;15;1;
62421;202000040899;154 670 477;A01;1;32;0;2;7;1;1;
62422;202000040900;154 670 479;A01;3;7;0;9;2;1;1;
62423;202000040900;154 670 481;B01;3;1;0;2;8;1;5;
62424;202000040902;154 670 472;A01;2;32;7;0;9;1;1;
62425;202000040903;154 670 471;A01;1;7;0;1;2;2;1;
62426;202000040904;154 670 474;A01;2;13;0;2;1;1;1;
62427;202000040904;154 670 475;B01;2;7;0;2;8;9;1;
62428;202000040905;154 670 473;A01;1;1;0;1;8;1;5;
62429;202000040906;154 670 478;A01;2;7;4;2;1;12;1;
62430;202000040906;154 670 480;B01;2;7;0;2;6;1;1;
62431;202000040907;154 670 469;A01;1;10;0;2;2;15;0;
62432;202000040907;154 670 470;B01;2;33;0;2;1;1;1;
62433;202000040908;154 670 464;A01;2;10;0;2;1;2;1;
62434;202000040908;154 670 466;D01;2;7;0;2;4;2;1;
62435;202000040908;154 670 467;B01;2;7;0;2;4;2;1;
62436;202000040908;154 670 468;C01;2;7;0;2;4;2;1;
62437;202000040909;154 670 465;A01;2;7;4;0;9;21;1;
62438;202000040912;154 670 456;C01;1;7;0;2;9;1;1;
62439;202000040912;154 670 457;B01;1;7;0;2;4;1;1;
62440;202000040912;154 670 460;A01;1;7;0;2;1;1;1;
62441;202000040913;154 670 455;A01;1;37;0;1;8;7;1;1.0
62442;202000040914;154 670 451;A01;3;50;0;0;0;1;3;
62443;202000040915;154 670 449;C01;2;7;0;2;3;2;1;
62444;202000040915;154 670 450;B01;2;7;0;2;4;2;1;
62445;202000040915;154 670 454;A01;2;7;0;2;4;2;1;
62446;202000040916;154 670 447;C01;1;7;0;2;4;23;1;
62447;202000040916;154 670 452;A01;1;7;0;2;1;1;1;
62448;202000040916;154 670 461;B01;1;7;0;2;4;23;1;
62449;202000040918;154 670 444;A01;1;7;4;0;1;1;1;
62450;202000040919;154 670 443;A01;1;31;0;0;9;1;1;
62451;202000040920;154 670 441;B01;0;7;0;2;1;21;1;
62452;202000040920;154 670 442;A01;3;7;0;2;3;15;1;
62453;202000040921;154 670 448;A01;1;32;0;2;1;1;1;
62454;202000040921;154 670 453;Z01;1;7;0;2;5;1;1;
62455;202000040922;154 670 432;A01;2;32;0;1;1;3;1;
62456;202000040923;154 670 430;B01;2;50;0;2;7;16;3;
62457;202000040923;154 670 431;A01;2;7;0;2;3;1;1;
62458;202000040924;154 670 433;A01;1;7;0;2;7;16;1;
62459;202000040924;154 670 434;B01;1;32;0;2;3;16;1;
62460;202000040928;154 670 423;A01;2;15;0;2;7;12;1;
62461;202000040928;154 670 425;B01;2;7;0;2;8;1;0;
62462;202000040929;154 670 426;A01;1;7;0;2;3;15;1;
62463;202000040929;154 670 427;B01;2;1;0;2;1;1;5;
62464;202000040930;154 670 419;B01;1;43;0;2;1;1;1;
62465;202000040930;154 670 420;A01;1;33;0;2;7;1;1;
62466;202000040931;154 670 418;A01;2;1;0;1;0;1;5;
62467;202000040932;154 670 414;A01;1;1;0;2;1;3;5;
62468;202000040932;154 670 416;B01;1;7;0;2;5;1;2;
62469;202000040933;154 670 413;A01;2;7;1;0;3;20;1;
62470;202000040933;154 670 415;B01;2;2;1;0;2;1;1;
62471;202000040934;154 670 424;A01;2;7;4;0;3;1;1;
62472;202000040935;154 670 410;A01;2;7;0;2;3;10;1;
62473;202000040935;154 670 412;B01;2;32;0;2;2;1;1;
62474;202000040936;154 670 417;C01;1;7;0;2;4;1;1;
62475;202000040936;154 670 421;B01;1;7;0;2;4;1;1;
62476;202000040936;154 670 422;A01;1;7;0;2;1;2;1;
62477;202000040937;154 670 409;A01;2;7;0;2;2;12;1;
62478;202000040937;154 670 411;B01;2;31;0;2;3;3;1;
62479;202000040938;154 670 405;A01;1;33;0;2;3;1;1;
62480;202000040938;154 670 407;B01;1;7;0;2;5;15;1;
62481;202000040939;154 670 401;A01;2;7;0;0;1;12;1;
62482;202000040940;154 670 403;A01;2;7;0;2;2;15;1;
62483;202000040940;154 670 408;B01;2;7;0;2;1;1;1;
62484;202000040941;154 670 400;Z01;2;7;0;2;8;22;0;
62485;202000040941;154 670 404;A01;2;1;0;2;1;1;5;
62486;202000040942;154 670 392;B01;1;7;0;2;2;1;1;
62487;202000040942;154 670 395;A01;2;7;0;2;1;6;1;
62488;202000040943;154 670 402;B01;2;7;0;2;4;26;6;
62489;202000040943;154 670 406;A01;2;7;0;2;1;26;0;
62490;202000040944;154 670 391;F01;1;7;0;2;1;1;1;
62491;202000040944;154 670 394;E01;1;7;0;2;1;1;1;
62492;202000040944;154 670 396;D01;1;7;0;2;1;1;1;
62493;202000040944;154 670 397;C01;1;7;0;2;1;1;1;
62494;202000040944;154 670 398;B01;1;7;0;2;4;1;1;
62495;202000040944;154 670 399;A01;1;7;0;2;1;1;1;
62496;202000040945;154 670 390;B01;3;7;0;2;5;16;1;
62497;202000040945;154 670 393;A01;3;7;0;2;3;1;1;
62498;202000040947;154 670 388;A01;1;7;4;0;3;0;1;
62499;202000040948;154 670 385;A01;1;37;0;1;2;1;1;1.0
62500;202000040949;154 670 382;B01;2;33;0;2;1;1;0;
62501;202000040949;154 670 384;A01;1;10;0;2;1;15;0;
62502;202000040950;154 670 383;A01;2;7;4;0;1;13;1;
62503;202000040951;154 670 386;B01;2;7;0;2;1;26;1;
62504;202000040951;154 670 389;A01;2;7;0;2;4;23;1;
62505;202000040952;154 670 380;B01;2;7;0;2;6;23;1;
62506;202000040952;154 670 381;A01;2;30;11;2;2;17;1;
62507;202000040953;154 670 378;B01;2;7;0;2;7;16;1;
62508;202000040953;154 670 379;A01;2;2;0;2;1;18;1;
62509;202000040954;154 670 373;B01;1;32;1;2;3;1;1;
62510;202000040954;154 670 374;A01;1;50;0;2;1;19;3;
62511;202000040955;154 670 372;A01;1;7;0;1;2;1;1;
62512;202000040956;154 670 375;A01;1;7;0;2;1;2;1;
62513;202000040956;154 670 376;B01;1;33;0;2;5;2;1;
62514;202000040956;154 670 377;C01;1;33;0;2;5;2;1;
62515;202000040958;154 670 367;A01;1;7;0;2;3;15;1;
62516;202000040958;154 670 370;B01;1;33;0;2;2;1;1;
62517;202000040959;154 670 368;A01;3;7;0;1;2;16;0;
62518;202000040960;154 670 363;A01;2;15;0;2;8;14;0;
62519;202000040960;154 670 366;B01;2;7;0;2;3;1;0;
62520;202000040961;154 670 364;A01;2;7;4;0;1;13;1;
62521;202000040964;154 670 360;A01;1;7;0;1;3;1;1;
62522;202000040966;154 670 357;B01;2;7;0;2;8;15;1;
62523;202000040966;154 670 359;A01;2;32;0;2;1;17;1;
62524;202000040967;154 670 355;A01;1;7;0;2;7;10;1;
62525;202000040967;154 670 356;B01;2;7;0;2;1;1;1;
62526;202000040968;154 670 351;A01;2;7;0;1;4;24;1;
62527;202000040969;154 670 352;B01;1;2;0;2;1;1;1;
62528;202000040969;154 670 354;A01;1;7;0;2;3;26;1;
62529;202000040970;154 670 350;A01;3;99;0;1;4;20;1;
62530;202000040971;154 670 349;B01;3;7;0;2;5;0;1;
62531;202000040971;154 670 353;A01;3;34;0;2;1;1;1;
62532;202000040972;154 670 345;A01;0;7;0;2;1;26;1;
62533;202000040972;154 670 347;B01;0;30;0;2;1;0;3;
62534;202000040973;154 670 346;A01;1;7;0;1;3;15;1;
62535;202000040974;154 670 343;A01;0;7;12;2;6;1;0;
62536;202000040974;154 670 348;B01;0;7;0;2;1;1;0;
62537;202000040975;154 670 342;A01;1;30;0;1;2;15;6;
62538;202000040976;154 670 340;A01;1;7;0;1;2;1;1;
62539;202000040977;154 670 339;Z01;-1;7;0;0;0;0;0;
62540;202000040977;154 670 341;A01;-1;1;14;2;0;26;5;
62541;202000040978;154 670 338;A01;1;32;0;1;1;1;1;
62542;202000040980;154 670 336;B01;2;7;0;2;2;1;1;
62543;202000040980;154 670 337;A01;2;7;0;2;8;9;1;
62544;202000040981;154 670 335;A01;0;7;0;1;7;26;1;
62545;202000040982;154 670 334;A01;2;7;0;1;1;15;1;
62546;202000040983;154 670 329;A01;3;7;0;2;2;15;1;
62547;202000040983;154 670 331;B01;1;7;0;2;6;1;1;
62548;202000040984;154 670 326;B01;1;1;0;2;7;19;5;
62549;202000040984;154 670 332;A01;1;7;0;9;1;1;1;
62550;202000040985;154 670 324;A01;3;7;0;2;1;2;1;
62551;202000040985;154 670 328;B01;0;7;0;2;4;23;1;
62552;202000040985;154 670 330;C01;0;7;0;1;4;23;1;
62553;202000040987;154 670 323;A01;2;7;0;1;2;17;1;
62554;202000040988;154 670 325;A01;1;7;0;0;2;2;1;
62555;202000040988;154 670 327;B01;1;33;0;2;1;2;1;
62556;202000040989;154 670 321;A01;1;10;1;0;1;1;1;