;Num_Acc;id_vehicule;num_veh;senc;catv;obs;obsm;choc;manv;motor;occutc
62557;202000040990;154 670 320;A01;1;7;8;0;1;16;1;
62558;202000040991;154 670 318;B01;1;99;13;2;8;1;1;
62559;202000040991;154 670 319;A01;2;7;13;2;3;13;1;
62560;202000040993;154 670 313;B01;1;10;0;2;2;15;1;
62561;202000040993;154 670 315;A01;2;7;0;2;3;9;1;
62562;202000040994;154 670 311;A01;2;7;0;2;7;16;0;
62563;202000040994;154 670 312;B01;2;2;0;2;1;18;0;
62564;202000040995;154 670 314;A01;2;0;0;1;0;0;0;
62565;202000040996;154 670 310;A01;2;7;8;0;3;1;1;
62566;202000040997;154 670 307;A01;1;7;0;1;2;1;1;
62567;202000040998;154 670 299;A01;1;33;0;2;2;3;1;
62568;202000040998;154 670 301;B01;1;7;0;2;3;9;1;
62569;202000040998;154 670 305;C01;1;7;0;2;4;1;1;
62570;202000040999;154 670 298;A01;3;7;0;2;1;2;0;
62571;202000040999;154 670 300;B01;3;7;0;2;4;23;0;
62572;202000040999;154 670 304;C01;3;7;0;2;4;23;0;
62573;202000041000;154 670 302;A01;2;33;0;2;1;3;1;
62574;202000041000;154 670 308;B01;2;7;0;2;4;0;1;
62575;202000041000;154 670 309;C01;2;7;0;2;2;1;0;
62576;202000041001;154 670 297;B01;2;7;0;2;3;0;0;
62577;202000041001;154 670 303;A01;2;30;0;2;1;17;0;
62578;202000041002;154 670 295;A01;3;7;0;1;3;26;1;
62579;202000041003;154 670 296;AA01;1;7;0;1;4;20;0;
62580;202000041004;154 670 293;B01;1;1;1;2;4;1;5;
62581;202000041004;154 670 294;A01;1;7;1;2;2;1;1;
62582;202000041005;154 670 291;A01;2;10;2;0;5;1;1;
62583;202000041006;154 670 290;A01;3;7;0;2;3;15;1;
62584;202000041006;154 670 292;B01;3;1;0;2;1;1;6;
62585;202000041007;154 670 288;B01;1;50;0;2;2;1;3;
62586;202000041007;154 670 289;A01;3;7;0;2;3;10;1;
62587;202000041008;154 670 286;A01;1;7;13;0;3;1;1;
62588;202000041009;154 670 282;A01;1;32;0;9;0;21;0;
62589;202000041010;154 670 283;A01;3;7;0;2;2;15;1;
62590;202000041010;154 670 285;B01;3;33;0;2;2;1;1;
62591;202000041011;154 670 284;A01;1;33;0;2;8;18;1;
62592;202000041011;154 670 287;B01;1;7;0;2;2;16;0;
62593;202000041012;154 670 278;C01;1;7;0;2;4;23;0;
62594;202000041012;154 670 280;B01;1;2;0;2;1;12;0;
62595;202000041013;154 670 276;B01;2;2;0;2;1;1;1;
62596;202000041013;154 670 281;A01;2;7;0;2;3;23;1;
62597;202000041014;154 670 274;B01;3;7;0;2;2;1;1;
62598;202000041014;154 670 277;A01;3;7;0;2;3;9;1;
62599;202000041015;154 670 275;B01;2;32;0;2;1;21;0;
62600;202000041015;154 670 279;A01;1;7;0;2;6;9;1;
62601;202000041016;154 670 273;A01;1;60;0;0;0;1;5;
62602;202000041017;154 670 269;A01;1;1;0;2;0;1;5;
62603;202000041017;154 670 271;Z01;1;7;0;2;0;0;0;
62604;202000041018;154 670 270;A01;2;30;0;0;0;1;1;
62605;202000041019;154 670 272;A01;3;7;0;1;1;9;1;
62606;202000041020;154 670 264;A01;1;7;0;2;1;1;1;
62607;202000041020;154 670 268;B01;2;7;0;2;7;1;1;
62608;202000041021;154 670 263;A01;1;10;0;2;2;12;1;
62609;202000041021;154 670 266;B01;2;7;0;2;3;9;1;
62610;202000041022;154 670 267;A01;3;7;0;1;2;9;1;
62611;202000041023;154 670 265;A01;1;7;2;0;0;0;1;
62612;202000041024;154 670 259;B01;1;7;0;2;8;2;1;
62613;202000041024;154 670 262;A01;1;7;0;2;2;12;1;
62614;202000041025;154 670 261;B01;2;7;0;1;3;15;1;
62615;202000041026;154 670 256;B01;1;1;0;2;7;17;5;
62616;202000041026;154 670 258;A01;1;7;0;2;8;22;1;
62617;202000041027;154 670 251;B01;1;7;0;0;4;15;1;
62618;202000041027;154 670 254;A01;1;7;0;2;1;2;1;
62619;202000041028;154 670 252;B01;1;7;0;2;8;15;1;
62620;202000041028;154 670 253;A01;1;31;0;2;1;17;1;
62621;202000041029;154 670 250;B01;1;7;0;2;3;2;1;
62622;202000041029;154 670 255;A01;1;7;0;2;2;15;1;
62623;202000041030;154 670 249;A01;1;50;15;0;1;25;3;
62624;202000041031;154 670 245;B01;1;7;0;2;1;1;1;
62625;202000041031;154 670 248;A01;2;7;0;2;2;15;1;
62626;202000041032;154 670 244;A01;1;7;0;1;2;1;1;
62627;202000041034;154 670 238;A01;2;7;8;0;1;14;1;
62628;202000041035;154 670 243;Z01;1;7;0;1;1;1;0;
62629;202000041036;154 670 242;A01;1;30;14;0;7;1;1;
62630;202000041037;154 670 241;A01;1;7;0;0;9;1;1;
62631;202000041038;154 670 235;B01;1;30;0;2;7;17;1;
62632;202000041038;154 670 237;A01;1;7;0;2;3;15;1;
62633;202000041039;154 670 236;A01;1;20;0;1;1;26;0;
62634;202000041040;154 670 232;A01;1;34;0;1;1;19;1;
62635;202000041041;154 670 231;A01;3;7;0;1;1;15;0;
62636;202000041042;154 670 230;A01;1;33;0;6;7;1;1;
62637;202000041043;154 670 228;B01;1;7;0;2;4;1;1;
62638;202000041043;154 670 229;A01;1;30;0;2;1;2;3;
62639;202000041044;154 670 227;A01;3;10;0;1;2;1;1;
62640;202000041045;154 670 225;A01;1;7;0;2;2;2;0;
62641;202000041045;154 670 226;B01;1;33;0;9;4;2;0;
62642;202000041046;154 670 234;A01;2;7;0;1;1;1;1;
62643;202000041048;154 670 220;B01;2;7;0;2;3;1;1;
62644;202000041048;154 670 221;A01;1;7;0;2;1;13;1;
62645;202000041049;154 670 222;B01;1;33;0;2;1;1;1;
62646;202000041049;154 670 224;A01;2;7;7;2;7;15;1;
62647;202000041050;154 670 223;A01;1;34;1;1;1;17;1;
62648;202000041051;154 670 217;A01;1;14;0;1;5;1;1;
62649;202000041052;154 670 215;A01;1;7;16;0;9;1;1;
62650;202000041053;154 670 214;A01;1;7;0;1;1;1;1;
62651;202000041054;154 670 212;A01;2;10;0;1;2;2;1;
62652;202000041055;154 670 211;A01;1;7;6;0;2;26;1;
62653;202000041056;154 670 210;A01;2;7;3;0;1;1;1;
62654;202000041057;154 670 213;B01;2;7;9;0;1;1;1;
62655;202000041057;154 670 216;A01;1;7;0;2;2;1;1;
62656;202000041059;154 670 206;A01;1;7;0;2;3;1;0;
62657;202000041059;154 670 207;B01;1;7;0;2;1;1;0;
62658;202000041060;154 670 203;A01;2;7;13;0;1;1;1;
62659;202000041061;154 670 204;B01;1;7;0;2;2;0;1;
62660;202000041061;154 670 205;A01;1;7;0;2;1;0;1;
62661;202000041062;154 670 202;A01;2;7;4;0;9;1;1;
62662;202000041063;154 670 199;A01;2;7;0;0;2;1;1;
62663;202000041064;154 670 198;A01;1;7;3;0;8;1;1;
62664;202000041065;154 670 200;A01;1;7;0;1;2;1;1;
62665;202000041066;154 670 201;B01;2;3;0;2;5;15;1;
62666;202000041066;154 670 208;A01;1;2;0;2;1;1;1;
62667;202000041067;154 670 194;A01;3;7;0;2;1;9;1;
62668;202000041067;154 670 195;B01;3;7;0;2;3;16;1;
62669;202000041068;154 670 191;C01;3;7;0;2;1;1;0;
62670;202000041068;154 670 192;B01;3;7;0;0;8;26;1;
62671;202000041068;154 670 193;A01;3;7;1;0;8;26;1;
62672;202000041069;154 670 188;A01;2;7;0;2;5;19;0;
62673;202000041069;154 670 189;B01;2;7;0;2;1;26;0;
62674;202000041070;154 670 185;A01;1;10;0;2;3;2;1;
62675;202000041070;154 670 186;B01;1;1;0;2;7;2;5;
62676;202000041071;154 670 183;A01;2;33;0;2;1;1;1;
62677;202000041071;154 670 184;B01;1;7;0;0;7;15;1;
62678;202000041072;154 670 196;A01;2;7;0;2;3;13;1;
62679;202000041072;154 670 197;B01;1;7;0;2;3;1;1;
62680;202000041073;154 670 187;A01;3;7;0;2;0;9;0;
62681;202000041073;154 670 190;B01;2;2;0;2;4;1;1;
62682;202000041074;154 670 182;A01;2;7;13;0;1;13;1;
62683;202000041075;154 670 177;B01;1;31;0;2;1;1;1;
62684;202000041075;154 670 179;A01;1;7;0;2;8;10;1;
62685;202000041076;154 670 176;B01;1;7;0;0;3;15;1;
62686;202000041076;154 670 178;A01;2;7;13;2;2;1;1;
62687;202000041077;154 670 180;A01;2;3;0;2;3;1;1;
62688;202000041077;154 670 181;B01;0;1;0;1;7;19;5;
62689;202000041078;154 670 174;B01;1;7;0;2;4;2;1;
62690;202000041078;154 670 175;A01;1;7;0;2;1;1;1;
62691;202000041079;154 670 172;B01;3;7;0;2;3;1;1;
62692;202000041079;154 670 173;A01;3;7;0;2;1;1;1;
62693;202000041080;154 670 170;B01;1;7;0;2;1;0;1;
62694;202000041080;154 670 171;A01;2;7;0;2;1;0;1;
62695;202000041081;154 670 166;B01;1;34;0;2;1;2;1;
62696;202000041081;154 670 168;A01;1;7;0;9;8;15;1;
62697;202000041082;154 670 162;C01;1;7;0;0;6;2;1;
62698;202000041082;154 670 163;B01;1;7;0;2;4;2;1;
62699;202000041082;154 670 165;A01;1;7;0;2;1;1;1;
62700;202000041083;154 670 161;A01;0;31;0;2;7;9;1;
62701;202000041083;154 670 164;B01;0;10;0;2;1;1;1;
62702;202000041084;154 670 160;A01;2;7;2;0;1;1;1;
62703;202000041085;154 670 157;A01;0;7;6;1;6;26;1;
62704;202000041086;154 670 155;B01;2;7;0;2;1;1;1;
62705;202000041086;154 670 156;A01;1;7;0;2;1;13;1;
62706;202000041087;154 670 167;C01;-1;1;-1;-1;-1;-1;5;
62707;202000041087;154 670 169;A01;3;10;0;9;3;19;1;
62708;202000041088;154 670 158;B01;2;2;0;2;8;1;1;
62709;202000041088;154 670 159;A01;1;7;0;2;2;15;1;
62710;202000041089;154 670 150;B01;1;7;0;2;2;2;0;
62711;202000041089;154 670 153;A01;1;7;0;2;6;2;0;
62712;202000041090;154 670 149;B01;2;33;0;2;1;1;1;
62713;202000041090;154 670 151;A01;1;7;0;2;3;15;1;
62714;202000041091;154 670 147;A01;1;2;8;0;0;1;1;
62715;202000041092;154 670 146;A01;1;7;2;0;1;1;1;
62716;202000041093;154 670 144;A01;2;7;0;0;7;9;1;
62717;202000041093;154 670 145;B01;1;34;0;2;1;1;1;
62718;202000041094;154 670 152;A01;2;7;8;2;1;19;1;
62719;202000041094;154 670 154;B01;1;7;8;0;2;1;1;
62720;202000041095;154 670 148;A01;2;7;1;0;1;14;1;
62721;202000041097;154 670 140;B01;2;7;0;2;8;21;1;
62722;202000041097;154 670 141;A01;1;7;0;2;8;19;1;
62723;202000041098;154 670 136;A01;1;7;0;1;6;2;1;
62724;202000041099;154 670 137;A01;3;10;0;1;1;1;1;
62725;202000041100;154 670 135;C01;1;7;0;9;2;1;0;
62726;202000041100;154 670 138;B01;1;7;0;2;3;1;0;
62727;202000041100;154 670 139;A01;2;7;0;2;3;13;0;
62728;202000041101;154 670 133;A01;1;7;0;2;1;1;1;
62729;202000041101;154 670 134;B01;1;7;0;2;4;1;1;
62730;202000041102;154 670 131;A01;3;7;0;2;1;15;1;
62731;202000041102;154 670 132;B01;3;10;0;2;3;16;1;
62732;202000041103;154 670 124;A01;1;7;0;2;1;13;1;
62733;202000041103;154 670 125;B01;2;7;0;2;1;1;1;
62734;202000041104;154 670 122;A01;2;10;0;2;2;15;1;
62735;202000041104;154 670 123;B01;1;10;0;2;1;1;1;
62736;202000041105;154 670 121;A01;1;7;0;1;1;1;1;
62737;202000041106;154 670 120;A01;2;1;0;0;0;15;5;
62738;202000041107;154 670 118;A01;3;7;0;2;3;15;1;
62739;202000041107;154 670 119;B01;3;7;0;2;2;1;1;
62740;202000041108;154 670 114;A01;1;7;0;0;6;19;1;
62741;202000041108;154 670 115;B01;2;33;0;2;3;1;1;
62742;202000041109;154 670 113;Z01;2;7;0;1;1;1;1;
62743;202000041110;154 670 127;A01;1;7;0;2;3;1;1;
62744;202000041110;154 670 129;B01;1;60;0;2;8;19;5;
62745;202000041111;154 670 111;B01;1;7;0;2;1;1;1;
62746;202000041111;154 670 112;A01;1;7;0;2;3;15;1;
62747;202000041112;154 670 110;A01;1;33;12;0;2;1;1;
62748;202000041113;154 670 109;A01;1;7;13;0;1;1;1;
62749;202000041114;154 670 108;A01;1;7;0;1;7;14;0;
62750;202000041115;154 670 107;A01;1;7;8;0;9;26;0;
62751;202000041116;154 670 106;A01;2;1;0;0;0;1;5;
62752;202000041117;154 670 104;B01;1;33;0;2;1;1;1;
62753;202000041117;154 670 105;A01;2;7;0;2;3;15;1;
62754;202000041118;154 670 101;B01;2;10;0;9;5;15;1;
62755;202000041118;154 670 103;A01;1;31;0;2;1;2;1;
62756;202000041119;154 670 099;B01;2;7;0;2;3;1;1;
62757;202000041119;154 670 102;A01;1;7;0;2;6;13;1;
62758;202000041120;154 670 098;A01;1;7;0;1;1;1;1;
62759;202000041121;154 670 097;B01;2;7;0;2;3;1;0;
62760;202000041121;154 670 100;A01;1;7;0;2;3;13;0;
62761;202000041122;154 670 093;A01;2;31;0;1;1;1;0;
62762;202000041123;154 670 092;A01;1;7;0;9;2;1;1;
62763;202000041123;154 670 094;B01;3;1;0;2;8;16;6;
62764;202000041124;154 670 090;A01;1;2;0;2;1;2;1;
62765;202000041124;154 670 091;B01;1;7;0;2;4;2;1;
62766;202000041125;154 670 087;B01;2;10;0;0;6;23;1;
62767;202000041125;154 670 088;A01;2;1;0;2;1;1;5;
62768;202000041126;154 670 086;B01;2;7;0;2;3;1;1;
62769;202000041126;154 670 089;A01;1;7;0;2;7;1;1;
62770;202000041127;154 670 084;A01;2;7;0;2;2;11;1;
62771;202000041127;154 670 085;B01;2;21;0;2;0;1;1;
62772;202000041128;154 670 082;B01;2;7;0;2;8;17;1;
62773;202000041128;154 670 083;A01;1;33;0;2;7;17;1;
62774;202000041129;154 670 079;A01;1;7;0;9;2;16;1;
62775;202000041129;154 670 080;B01;1;1;0;2;3;1;5;
62776;202000041130;154 670 077;B01;1;7;0;2;1;1;1;
62777;202000041130;154 670 078;A01;3;7;0;2;3;15;2;
62778;202000041131;154 670 076;A01;2;34;0;0;0;1;1;
62779;202000041132;154 670 074;A01;0;7;5;0;9;1;1;
62780;202000041133;154 670 073;A01;2;10;0;2;2;17;1;
62781;202000041133;154 670 075;B01;2;15;0;0;6;1;1;
62782;202000041134;154 670 072;A01;1;7;0;1;2;1;6;
62783;202000041135;154 670 070;A01;1;15;3;0;9;0;1;
62784;202000041136;154 670 066;A01;3;7;0;0;7;15;1;
62785;202000041136;154 670 068;B01;3;32;0;2;1;1;1;
62786;202000041137;154 670 065;B01;2;7;0;2;1;15;6;
62787;202000041137;154 670 067;A01;2;30;0;2;2;9;3;
62788;202000041138;154 670 061;B01;1;32;0;2;1;5;1;
62789;202000041138;154 670 063;A01;2;7;0;2;1;1;1;
62790;202000041139;154 670 059;A01;2;7;3;0;1;1;1;
62791;202000041141;154 670 057;A01;2;7;6;0;1;0;1;
62792;202000041142;154 670 052;C01;1;7;0;2;4;2;1;
62793;202000041142;154 670 055;B01;1;7;0;2;4;23;1;
62794;202000041142;154 670 056;A01;1;7;0;2;1;2;1;
62795;202000041143;154 670 051;B01;1;7;0;0;0;19;1;
62796;202000041143;154 670 071;A01;0;7;6;0;1;1;1;
62797;202000041144;154 670 050;A01;1;7;0;2;1;2;0;
62798;202000041144;154 670 053;B01;1;16;0;2;4;2;1;
62799;202000041144;154 670 054;C01;1;99;0;2;4;2;6;
62800;202000041145;154 670 048;B01;1;1;0;2;8;18;5;
62801;202000041145;154 670 049;A01;1;7;0;2;5;22;1;
62802;202000041146;154 670 046;B01;2;7;0;2;1;1;1;
62803;202000041146;154 670 047;A01;1;7;0;2;2;1;1;
62804;202000041147;154 670 043;A01;2;7;0;2;8;22;1;
62805;202000041147;154 670 044;B01;2;50;0;2;1;17;3;
62806;202000041147;154 670 045;C01;2;33;0;2;1;1;1;
62807;202000041148;154 670 039;Z01;1;7;0;2;8;13;0;
62808;202000041148;154 670 040;A01;1;30;0;2;7;1;1;
62809;202000041149;154 670 041;A01;3;7;0;2;8;19;1;
62810;202000041149;154 670 042;B01;1;7;0;2;1;1;1;
62811;202000041150;154 670 037;Z01;2;7;0;2;2;17;1;
62812;202000041150;154 670 038;A01;2;60;0;2;0;1;5;
62813;202000041151;154 670 036;A01;0;1;0;0;0;1;5;
62814;202000041152;154 670 033;B01;1;7;0;2;1;2;1;
62815;202000041152;154 670 034;A01;1;7;0;2;4;23;1;
62816;202000041153;154 670 035;A01;2;31;0;0;8;1;1;
62817;202000041154;154 670 031;A01;1;43;0;1;1;1;1;
62818;202000041156;154 670 028;A01;2;7;2;0;8;1;1;
62819;202000041157;154 670 027;A01;1;33;0;0;2;21;1;
62820;202000041159;154 670 025;Z01;2;30;0;1;1;1;0;
62821;202000041160;154 670 023;B01;2;33;0;2;7;17;1;
62822;202000041160;154 670 030;A01;2;7;0;2;8;10;1;
62823;202000041161;154 670 021;B01;2;1;0;2;1;1;5;
62824;202000041161;154 670 022;A01;1;7;0;2;2;15;1;
62825;202000041162;154 670 018;B01;2;31;0;2;7;1;1;
62826;202000041162;154 670 020;A01;2;7;0;2;3;10;1;
62827;202000041164;154 670 015;A01;1;43;0;2;2;17;1;
62828;202000041164;154 670 016;Z01;1;7;0;2;3;10;0;
62829;202000041165;154 670 012;A01;1;7;0;2;8;1;1;
62830;202000041165;154 670 013;B01;3;60;0;2;1;19;5;
62831;202000041166;154 670 014;A01;3;31;0;0;3;1;6;
62832;202000041167;154 670 024;A01;2;33;0;0;9;1;1;
62833;202000041168;154 670 009;A01;1;7;0;1;2;1;2;
62834;202000041169;154 670 008;A01;2;31;0;1;2;1;1;
62835;202000041170;154 670 006;B01;1;7;0;2;6;23;3;
62836;202000041170;154 670 007;A01;1;1;0;2;1;2;5;
62837;202000041172;154 670 002;A01;1;7;0;2;4;1;1;
62838;202000041172;154 670 011;B01;1;34;0;2;1;1;1;
62839;202000041173;154 670 001;B01;1;7;0;2;3;1;1;
62840;202000041173;154 670 010;A01;1;7;3;2;1;2;1;
62841;202000041174;154 670 000;B01;2;2;0;2;0;1;1;
62842;202000041174;154 670 003;A01;3;1;0;2;0;9;5;
62843;202000041175;154 669 999;A01;1;7;3;0;3;14;1;
62844;202000041176;154 669 997;A01;1;7;0;2;8;9;1;
62845;202000041176;154 669 998;B01;2;31;0;2;1;1;1;
62846;202000041177;154 669 995;A01;1;1;0;1;1;1;5;
62847;202000041178;154 669 992;A01;1;17;0;2;0;1;1;
62848;202000041178;154 669 993;B01;2;17;0;2;8;1;1;
62849;202000041178;154 669 994;C01;2;17;0;9;3;1;1;
62850;202000041178;154 669 996;E01;2;7;0;9;1;1;1;
62851;202000041179;154 669 989;A01;1;10;0;2;1;16;1;
62852;202000041179;154 669 990;B01;1;30;0;2;1;7;1;
62853;202000041180;154 669 987;A01;2;10;1;0;3;0;1;
62854;202000041180;154 669 988;B01;2;17;0;0;5;0;1;
62855;202000041181;154 669 991;A01;1;33;13;0;0;14;1;
62856;202000041182;154 669 986;A01;1;7;0;1;1;1;1;
62857;202000041183;154 669 985;A01;2;14;0;0;9;1;1;
62858;202000041184;154 669 982;A01;0;2;0;0;8;2;1;
62859;202000041186;154 669 981;A01;1;33;0;0;7;16;1;
62860;202000041187;154 669 977;A01;2;7;8;0;1;1;1;
62861;202000041189;154 669 973;A01;2;7;0;9;3;16;1;
62862;202000041189;154 669 974;B01;1;1;0;1;1;1;5;
62863;202000041190;154 669 979;B01;1;10;0;2;3;15;0;
62864;202000041190;154 669 980;A01;1;31;8;2;2;17;1;
62865;202000041191;154 669 972;A01;1;7;0;1;2;0;1;
62866;202000041192;154 669 975;B01;2;7;0;2;1;2;1;
62867;202000041192;154 669 976;A01;2;7;15;0;4;2;1;
62868;202000041193;154 669 968;B01;1;2;0;2;7;18;1;
62869;202000041193;154 669 970;A01;1;7;0;2;6;16;1;
62870;202000041194;154 669 969;A01;1;33;0;2;2;5;1;
62871;202000041194;154 669 971;B01;1;7;0;2;6;15;1;
62872;202000041196;154 669 963;B01;2;2;0;2;1;16;1;
62873;202000041196;154 669 965;A01;1;7;0;2;7;15;1;
62874;202000041197;154 669 962;A01;1;3;0;2;4;2;1;
62875;202000041197;154 669 964;B01;1;7;0;2;1;2;1;
62876;202000041198;154 669 959;B01;1;7;0;9;1;2;1;
62877;202000041198;154 669 960;A01;1;1;0;2;4;2;5;
62878;202000041199;154 669 961;A01;2;7;0;1;1;1;1;
62879;202000041200;154 669 958;A01;0;7;2;0;0;1;1;
62880;202000041201;154 669 956;A01;1;7;14;0;1;26;1;
62881;202000041202;154 669 957;A01;1;10;0;1;2;26;0;
62882;202000041203;154 669 955;A01;3;7;8;0;1;0;1;
62883;202000041204;154 669 954;A01;1;2;0;0;1;26;1;
62884;202000041205;154 669 952;A01;1;7;16;0;9;1;0;
62885;202000041206;154 669 949;B01;1;7;0;0;4;2;1;
62886;202000041206;154 669 951;A01;1;7;2;0;6;26;1;
62887;202000041207;154 669 950;A01;3;7;0;2;1;1;1;
62888;202000041207;154 669 953;B01;3;7;0;2;1;1;1;
62889;202000041208;154 669 947;A01;1;10;0;1;4;4;1;
62890;202000041209;154 669 946;B01;1;33;0;2;0;1;0;
62891;202000041209;154 669 948;A01;1;7;0;2;0;12;0;
62892;202000041210;154 669 944;A01;2;33;0;0;8;1;1;
62893;202000041211;154 669 943;B01;2;7;0;0;4;1;0;
62894;202000041211;154 669 945;A01;2;37;0;2;1;1;0;3.0
62895;202000041212;154 669 941;A01;1;7;2;0;1;13;1;
62896;202000041213;154 669 940;A01;2;32;0;2;2;3;1;
62897;202000041213;154 669 942;B01;2;7;0;2;8;1;1;
62898;202000041215;154 669 937;B01;1;7;0;0;5;16;1;
62899;202000041215;154 669 939;A01;1;7;0;2;1;1;1;
62900;202000041216;154 669 935;A01;2;30;14;0;8;0;1;
62901;202000041217;154 669 933;B01;1;2;0;2;1;2;1;
62902;202000041217;154 669 934;A01;1;7;0;0;4;1;1;
62903;202000041218;154 669 931;A01;1;50;0;2;1;25;3;
62904;202000041218;154 669 932;B01;1;7;0;2;3;9;1;
62905;202000041219;154 669 929;B01;2;16;1;0;2;14;1;
62906;202000041219;154 669 930;A01;2;7;0;2;6;24;1;
62907;202000041220;154 669 927;B01;2;33;0;2;8;1;1;
62908;202000041220;154 669 928;A01;2;7;0;2;3;15;1;
62909;202000041221;154 669 924;C01;2;10;0;2;1;2;1;
62910;202000041221;154 669 925;B01;2;7;0;2;4;1;1;
62911;202000041221;154 669 926;A01;2;7;0;2;4;26;1;
62912;202000041222;154 669 923;A01;1;1;0;0;0;26;5;
62913;202000041223;154 669 918;B01;1;33;0;2;1;3;1;
62914;202000041223;154 669 920;A01;1;7;0;2;1;2;1;
62915;202000041223;154 669 922;C01;1;7;0;2;4;2;1;
62916;202000041224;154 669 916;A01;1;7;0;0;8;0;1;
62917;202000041224;154 669 917;B01;2;7;0;2;1;1;1;
62918;202000041225;154 669 919;Z01;1;7;0;2;2;2;1;
62919;202000041225;154 669 921;A01;1;10;0;2;6;23;1;
62920;202000041226;154 669 912;A01;2;10;0;2;2;12;1;
62921;202000041226;154 669 913;B01;2;43;0;2;4;1;1;
62922;202000041227;154 669 910;A01;1;33;0;2;1;2;1;
62923;202000041227;154 669 911;B01;1;7;0;2;4;2;1;
62924;202000041228;154 669 908;B01;2;33;0;2;7;2;1;
62925;202000041228;154 669 909;A01;2;15;0;2;6;11;1;
62926;202000041229;154 669 906;A01;2;15;0;2;2;2;1;
62927;202000041229;154 669 907;B01;2;7;0;2;4;0;1;
62928;202000041230;154 669 914;A01;1;7;0;2;1;1;1;
62929;202000041230;154 669 915;B01;2;7;2;2;2;13;1;
62930;202000041232;154 669 900;A01;1;7;0;9;1;15;1;
62931;202000041232;154 669 903;B01;2;1;0;2;7;1;5;
62932;202000041233;154 669 901;C01;1;7;0;2;4;1;1;
62933;202000041233;154 669 902;A01;1;33;0;2;1;3;1;
62934;202000041233;154 669 904;B01;1;7;0;2;5;1;1;
62935;202000041234;154 669 899;A01;2;7;0;1;2;1;0;
62936;202000041235;154 669 896;A01;1;7;0;2;2;2;1;
62937;202000041235;154 669 897;C01;1;7;0;2;3;3;1;
62938;202000041235;154 669 898;B01;1;7;0;2;5;1;1;
62939;202000041236;154 669 894;A01;3;7;0;2;7;13;6;
62940;202000041236;154 669 895;B01;3;7;0;2;1;1;0;
62941;202000041237;154 669 889;A01;2;33;14;0;0;2;0;
62942;202000041237;154 669 891;B01;2;7;0;9;8;2;1;
62943;202000041238;154 669 888;D01;2;7;0;9;1;2;1;
62944;202000041238;154 669 890;C01;2;7;0;2;1;2;0;
62945;202000041238;154 669 892;B01;2;7;0;2;9;2;1;
62946;202000041238;154 669 893;A01;1;15;3;2;2;13;1;
62947;202000041239;154 669 886;A01;1;7;0;2;1;13;1;
62948;202000041239;154 669 887;B01;2;7;0;2;1;1;1;
62949;202000041240;154 669 883;A01;2;10;4;2;7;12;1;
62950;202000041240;154 669 884;C01;2;7;0;2;3;1;1;
62951;202000041240;154 669 885;B01;2;7;0;2;7;14;1;
62952;202000041241;154 669 878;A01;2;7;0;0;2;2;1;
62953;202000041241;154 669 880;B01;2;7;0;2;6;2;1;
62954;202000041242;154 669 877;A01;1;7;2;0;9;1;1;
62955;202000041243;154 669 879;B01;1;7;0;2;4;2;1;
62956;202000041243;154 669 881;A01;1;13;0;2;1;1;1;
62957;202000041244;154 669 875;A01;1;7;0;2;3;5;1;
62958;202000041244;154 669 876;B01;2;17;0;2;3;0;1;
62959;202000041245;154 669 871;A01;2;7;0;0;1;1;1;
62960;202000041246;154 669 872;C01;2;7;0;2;4;2;1;
62961;202000041246;154 669 873;B01;2;7;0;2;4;2;1;
62962;202000041246;154 669 874;A01;2;7;0;2;1;2;1;
62963;202000041248;154 669 870;A01;1;7;0;0;9;16;1;
62964;202000041249;154 669 865;A01;1;7;0;2;7;26;1;
62965;202000041249;154 669 867;B01;1;7;0;2;1;1;1;
62966;202000041251;154 669 861;A01;1;7;2;0;2;1;1;
62967;202000041252;154 669 859;B01;2;7;0;2;3;19;1;
62968;202000041252;154 669 860;A01;2;7;0;2;1;1;1;
62969;202000041253;154 669 862;B01;1;1;0;9;6;0;5;
62970;202000041253;154 669 863;A01;1;30;0;9;2;2;0;
62971;202000041254;154 669 857;B01;2;10;0;2;3;1;1;
62972;202000041254;154 669 858;A01;1;15;0;2;3;1;1;
62973;202000041255;154 669 854;A01;1;7;0;2;1;2;0;
62974;202000041255;154 669 855;B01;1;2;0;2;4;23;1;
62975;202000041256;154 669 853;A01;2;7;0;2;3;13;1;
62976;202000041256;154 669 856;B01;1;15;0;2;3;1;1;
62977;202000041257;154 669 848;A01;2;7;0;2;2;17;1;
62978;202000041257;154 669 850;B01;2;7;0;2;1;1;1;
62979;202000041257;154 669 852;C01;1;2;0;2;1;1;1;
62980;202000041258;154 669 847;A01;2;7;2;0;1;2;1;
62981;202000041259;154 669 849;B01;3;7;0;2;1;2;1;
62982;202000041259;154 669 851;A01;3;7;0;2;1;15;1;
62983;202000041261;154 669 841;A01;2;7;0;2;3;15;1;
62984;202000041261;154 669 842;B01;1;7;0;2;3;1;1;
62985;202000041262;154 669 839;A01;2;7;12;0;2;14;1;
62986;202000041263;154 669 838;B01;3;2;0;2;1;26;1;
62987;202000041263;154 669 840;A01;3;7;0;2;3;24;6;
62988;202000041264;154 669 837;A01;1;7;0;1;2;1;1;
62989;202000041265;154 669 836;A01;1;7;0;1;2;15;1;
62990;202000041266;154 669 835;A01;1;7;16;0;0;14;1;