;Num_Acc;id_vehicule;num_veh;senc;catv;obs;obsm;choc;manv;motor;occutc
63423;202000041546;154 669 317;A01;1;30;0;2;8;16;1;
63424;202000041548;154 669 312;A01;1;30;0;2;1;2;1;
63425;202000041548;154 669 313;B01;1;7;0;0;4;2;1;
63426;202000041550;154 669 307;A01;1;7;0;1;2;16;1;
63427;202000041551;154 669 305;B01;2;7;0;2;2;1;1;
63428;202000041551;154 669 306;A01;2;7;0;2;9;9;1;
63429;202000041552;154 669 303;B01;1;1;0;2;1;1;5;
63430;202000041552;154 669 304;A01;1;7;0;2;1;15;1;
63431;202000041553;154 669 301;A01;1;7;0;2;1;2;1;
63432;202000041553;154 669 302;B01;1;15;0;0;4;1;1;
63433;202000041554;154 669 300;A01;1;7;0;1;1;7;1;
63434;202000041556;154 669 297;A01;1;7;0;1;7;1;1;
63435;202000041557;154 669 296;A01;2;7;0;1;3;19;1;
63436;202000041558;154 669 294;B01;2;7;0;2;4;1;1;
63437;202000041558;154 669 295;A01;2;7;14;0;1;1;1;
63438;202000041559;154 669 293;A01;3;33;0;0;2;1;1;
63439;202000041560;154 669 292;A01;2;33;0;1;2;3;1;
63440;202000041561;154 669 290;B01;1;7;0;2;4;1;1;
63441;202000041561;154 669 291;A01;1;7;0;2;1;2;1;
63442;202000041562;154 669 288;A01;1;7;0;2;1;2;1;
63443;202000041562;154 669 289;B01;1;7;1;0;4;23;1;
63444;202000041563;154 669 285;B01;1;33;0;2;4;2;1;
63445;202000041563;154 669 286;A01;1;10;0;2;4;2;1;
63446;202000041564;154 669 283;B01;1;1;0;0;0;0;5;
63447;202000041564;154 669 284;A01;1;1;0;0;0;26;5;
63448;202000041565;154 669 280;A01;1;10;0;1;1;1;1;
63449;202000041566;154 669 279;A01;1;1;0;0;8;1;5;
63450;202000041567;154 669 278;A01;1;7;12;2;2;13;1;
63451;202000041568;154 669 276;B01;1;33;0;2;3;7;1;
63452;202000041568;154 669 277;A01;1;7;0;2;2;12;1;
63453;202000041569;154 669 274;A01;1;1;0;2;1;13;5;
63454;202000041569;154 669 275;B01;1;7;0;2;5;23;1;
63455;202000041570;154 669 272;B01;3;1;0;2;6;7;5;
63456;202000041570;154 669 273;A01;3;7;0;2;3;14;2;
63457;202000041572;154 669 268;B01;2;33;0;2;1;1;1;
63458;202000041572;154 669 269;A01;1;7;0;2;2;15;1;
63459;202000041573;154 669 266;A01;2;7;0;2;5;12;1;
63460;202000041573;154 669 267;B01;2;1;0;2;3;1;5;
63461;202000041575;154 669 262;A01;1;10;0;2;1;1;1;
63462;202000041575;154 669 263;B01;2;1;0;2;2;5;5;
63463;202000041578;154 669 257;B01;0;32;0;2;1;1;1;
63464;202000041578;154 669 258;A01;0;10;0;2;3;15;1;
63465;202000041579;154 669 255;A01;2;7;0;2;3;15;1;
63466;202000041579;154 669 256;B01;2;31;0;2;8;17;1;
63467;202000041581;154 669 252;A01;1;7;6;0;1;1;1;
63468;202000041582;154 669 251;A01;1;30;0;1;1;1;1;
63469;202000041583;154 669 249;B01;1;1;0;2;1;1;0;
63470;202000041583;154 669 250;A01;2;7;0;2;2;15;1;
63471;202000041584;154 669 248;A01;1;7;6;0;1;1;1;
63472;202000041585;154 669 246;B01;1;7;0;2;1;1;1;
63473;202000041585;154 669 247;A01;2;7;0;2;1;13;1;
63474;202000041586;154 669 245;A01;1;7;13;0;1;13;1;
63475;202000041587;154 669 244;Z01;1;0;0;1;0;0;0;
63476;202000041588;154 669 243;A01;1;7;12;0;3;17;1;
63477;202000041589;154 669 242;A01;1;34;16;0;1;14;1;
63478;202000041590;154 669 240;A01;1;7;0;2;3;15;1;
63479;202000041590;154 669 241;B01;2;31;0;2;3;0;1;
63480;202000041591;154 669 239;A01;2;7;0;1;2;1;1;
63481;202000041592;154 669 237;A01;2;7;0;2;2;20;1;
63482;202000041592;154 669 238;B01;2;33;0;2;1;1;1;
63483;202000041593;154 669 235;A01;1;10;0;2;1;26;1;
63484;202000041593;154 669 236;B01;1;33;0;2;4;15;1;
63485;202000041594;154 669 231;A01;2;7;0;2;1;13;1;
63486;202000041594;154 669 232;D01;2;7;0;2;1;21;1;
63487;202000041594;154 669 233;C01;2;7;0;2;4;21;1;
63488;202000041594;154 669 234;B01;1;10;0;2;1;1;1;
63489;202000041595;154 669 227;D01;1;7;0;2;7;1;1;
63490;202000041595;154 669 228;B01;1;7;0;2;3;1;0;
63491;202000041595;154 669 229;Z01;1;7;0;2;2;12;1;
63492;202000041595;154 669 230;C01;1;7;0;2;5;1;1;
63493;202000041596;154 669 225;B01;2;7;0;2;6;1;1;
63494;202000041596;154 669 226;A01;2;43;0;2;2;3;1;
63495;202000041598;154 669 223;A01;1;1;0;0;0;1;5;
63496;202000041599;154 669 222;Z01;2;2;0;1;1;16;0;
63497;202000041601;154 669 219;A01;1;30;1;0;2;14;3;
63498;202000041602;154 669 218;A01;0;7;0;1;1;1;1;
63499;202000041603;154 669 217;A01;2;7;0;1;0;4;1;
63500;202000041604;154 669 216;A01;2;37;0;1;2;1;1;1.0
63501;202000041606;154 669 212;A01;2;50;0;0;0;21;3;
63502;202000041607;154 669 211;A01;2;1;0;1;1;1;5;
63503;202000041608;154 669 209;B01;1;7;0;2;2;1;1;
63504;202000041608;154 669 210;A01;1;50;0;2;4;15;3;
63505;202000041609;154 669 207;B01;2;1;0;0;1;1;5;
63506;202000041609;154 669 208;A01;2;7;0;2;3;22;1;
63507;202000041610;154 669 206;A01;2;37;2;0;1;1;1;4.0
63508;202000041611;154 669 203;A01;3;7;0;2;4;17;1;
63509;202000041611;154 669 204;B01;3;7;0;2;4;2;1;
63510;202000041611;154 669 205;C01;3;7;0;2;4;2;1;
63511;202000041612;154 669 202;A01;1;50;0;0;0;15;3;
63512;202000041613;154 669 198;D01;1;7;0;2;4;23;0;
63513;202000041613;154 669 199;C01;1;7;0;2;4;0;0;
63514;202000041613;154 669 200;B01;1;7;0;2;4;23;0;
63515;202000041613;154 669 201;A01;1;7;0;2;1;1;0;
63516;202000041614;154 669 197;A01;2;7;0;1;1;26;6;
63517;202000041615;154 669 195;B01;1;7;0;0;8;15;1;
63518;202000041615;154 669 196;A01;1;30;0;2;7;17;1;
63519;202000041617;154 669 193;A01;-1;7;0;1;2;26;3;
63520;202000041618;154 669 191;B01;2;34;0;2;1;17;1;
63521;202000041618;154 669 192;A01;2;10;0;2;3;13;1;
63522;202000041619;154 669 189;DB01;1;7;1;1;7;2;1;
63523;202000041619;154 669 190;A01;1;1;1;2;8;3;5;
63524;202000041620;154 669 187;A01;0;7;0;2;1;9;1;
63525;202000041620;154 669 188;B01;1;7;0;2;8;1;1;
63526;202000041621;154 669 186;Z01;-1;7;0;1;1;1;0;
63527;202000041622;154 669 185;A01;2;7;0;1;1;9;1;
63528;202000041623;154 669 183;B01;2;32;0;2;1;2;0;
63529;202000041623;154 669 184;A01;1;7;0;2;3;15;0;
63530;202000041625;154 669 180;A01;1;7;0;1;1;1;1;
63531;202000041626;154 669 178;A01;1;1;0;2;1;1;5;
63532;202000041626;154 669 179;B01;1;10;0;2;8;1;1;
63533;202000041627;154 669 177;A01;1;7;0;1;0;0;1;
63534;202000041628;154 669 175;A01;2;7;0;2;1;15;1;
63535;202000041628;154 669 176;B01;1;7;0;2;1;1;1;
63536;202000041629;154 669 172;A01;2;7;0;2;3;15;1;
63537;202000041629;154 669 173;B01;1;31;0;2;1;1;1;
63538;202000041629;154 669 174;C01;2;7;0;9;1;23;1;
63539;202000041630;154 669 170;A01;2;7;0;2;5;15;0;
63540;202000041630;154 669 171;B01;1;33;0;2;1;1;1;
63541;202000041631;154 669 169;A01;3;80;0;0;9;1;3;
63542;202000041632;154 669 168;A01;1;33;3;0;7;1;1;
63543;202000041633;154 669 166;A01;1;7;0;2;3;13;1;
63544;202000041633;154 669 167;B01;2;7;0;2;3;1;1;
63545;202000041634;154 669 164;B01;1;21;0;2;3;15;1;
63546;202000041634;154 669 165;A01;1;7;0;2;2;17;1;
63547;202000041635;154 669 162;B01;1;31;0;2;1;1;1;
63548;202000041635;154 669 163;A01;2;7;0;2;7;15;1;
63549;202000041636;154 669 160;B01;1;7;5;2;2;13;1;
63550;202000041636;154 669 161;A01;2;7;5;2;3;1;1;
63551;202000041637;154 669 158;B01;2;10;13;2;9;2;6;
63552;202000041637;154 669 159;A01;2;7;0;2;2;9;6;
63553;202000041638;154 669 157;A01;1;33;15;0;1;26;1;
63554;202000041639;154 669 156;A01;1;7;0;1;1;1;1;
63555;202000041640;154 669 155;A01;2;7;13;0;0;0;1;
63556;202000041642;154 669 152;A01;3;7;0;2;7;1;0;
63557;202000041642;154 669 153;B01;3;1;0;2;1;1;6;
63558;202000041643;154 669 151;A01;1;7;15;0;2;21;1;
63559;202000041644;154 669 149;A01;2;30;0;2;1;2;1;
63560;202000041644;154 669 150;B01;2;7;0;0;4;2;1;
63561;202000041645;154 669 147;A01;2;7;0;0;1;19;1;
63562;202000041645;154 669 148;B01;1;33;0;0;8;1;1;
63563;202000041646;154 669 146;A01;1;7;13;0;1;13;1;
63564;202000041647;154 669 145;A01;1;7;13;0;1;14;1;
63565;202000041648;154 669 143;A01;2;10;0;2;3;15;1;
63566;202000041648;154 669 144;B01;1;33;0;2;1;1;1;
63567;202000041650;154 669 141;A01;3;7;14;0;0;0;1;
63568;202000041651;154 669 139;A01;2;7;0;2;3;15;1;
63569;202000041651;154 669 140;B01;2;33;0;2;1;17;1;
63570;202000041652;154 669 137;A01;1;1;0;2;2;26;5;
63571;202000041652;154 669 138;B01;1;7;0;2;2;1;1;
63572;202000041653;154 669 136;A01;3;2;6;0;5;1;1;
63573;202000041655;154 669 132;A01;1;7;0;2;1;17;1;
63574;202000041655;154 669 133;B01;2;7;0;2;2;1;1;
63575;202000041656;154 669 128;B01;2;7;0;2;4;2;1;
63576;202000041656;154 669 129;A01;2;33;0;2;1;2;1;
63577;202000041656;154 669 130;D01;1;7;0;2;3;1;1;
63578;202000041656;154 669 131;C01;2;7;0;2;4;2;1;
63579;202000041658;154 669 124;A01;1;7;6;0;1;14;1;
63580;202000041660;154 669 121;B01;2;7;9;2;1;1;1;
63581;202000041660;154 669 122;A01;3;7;9;2;7;19;1;
63582;202000041661;154 669 118;A01;1;7;0;2;3;9;1;
63583;202000041661;154 669 119;B01;1;1;0;2;2;1;5;
63584;202000041662;154 669 117;A01;1;7;0;1;2;1;1;
63585;202000041663;154 669 116;A01;2;7;15;0;1;14;1;
63586;202000041664;154 669 115;A01;1;33;0;0;8;1;1;
63587;202000041665;154 669 114;A01;1;7;0;1;2;1;1;
63588;202000041666;154 669 112;B01;2;7;0;9;3;0;0;
63589;202000041666;154 669 113;A01;1;2;0;2;3;0;0;
63590;202000041667;154 669 110;A01;1;7;0;9;1;15;1;
63591;202000041667;154 669 111;B01;2;1;0;2;1;1;5;
63592;202000041668;154 669 109;A01;3;43;12;0;7;1;1;
63593;202000041669;154 669 108;A01;1;7;0;1;1;1;1;
63594;202000041672;154 669 103;B01;2;33;0;0;4;2;1;
63595;202000041672;154 669 104;A01;2;17;0;2;2;17;1;
63596;202000041673;154 669 101;A01;2;10;0;2;1;1;1;
63597;202000041673;154 669 102;B01;2;17;0;0;4;1;1;
63598;202000041674;154 669 099;B01;1;15;0;0;6;1;1;
63599;202000041674;154 669 100;A01;1;7;4;2;1;14;1;
63600;202000041675;154 669 097;B01;0;34;0;2;1;1;1;
63601;202000041675;154 669 098;A01;0;7;0;2;1;1;1;
63602;202000041676;154 669 096;A01;1;17;13;0;8;14;1;
63603;202000041677;154 669 095;A01;1;7;16;0;7;1;0;
63604;202000041678;154 669 094;A01;2;7;16;0;3;1;1;
63605;202000041679;154 669 093;A01;3;33;2;0;1;1;1;
63606;202000041680;154 669 089;A01;1;2;12;2;8;10;1;
63607;202000041680;154 669 090;B01;1;7;12;2;2;13;1;
63608;202000041681;154 669 088;A01;2;1;0;0;7;0;5;
63609;202000041683;154 669 085;A01;3;7;13;0;1;14;1;
63610;202000041684;154 669 081;A01;3;7;0;2;3;1;4;
63611;202000041684;154 669 082;B01;3;36;0;2;3;1;4;
63612;202000041686;154 669 078;A01;2;7;3;0;0;1;1;
63613;202000041687;154 669 077;A01;2;10;0;1;1;1;0;
63614;202000041689;154 669 074;A01;1;7;0;0;7;15;1;
63615;202000041689;154 669 075;B01;1;2;0;2;1;18;1;
63616;202000041690;154 669 072;B01;3;30;0;2;1;1;1;
63617;202000041690;154 669 073;A01;3;7;0;2;7;15;1;
63618;202000041691;154 669 071;A01;3;2;0;0;9;1;1;
63619;202000041692;154 669 069;B01;2;7;0;2;8;19;1;
63620;202000041692;154 669 070;A01;1;33;0;2;1;21;0;
63621;202000041693;154 669 067;B01;2;7;0;0;0;26;1;
63622;202000041693;154 669 068;A01;2;1;0;9;1;17;5;
63623;202000041694;154 669 065;B01;1;7;0;0;4;24;1;
63624;202000041694;154 669 066;A01;1;2;1;0;1;2;1;
63625;202000041695;154 669 063;A01;1;10;0;2;6;15;1;
63626;202000041695;154 669 064;B01;3;33;0;2;1;1;1;
63627;202000041696;154 669 061;B01;1;10;0;0;0;13;1;
63628;202000041696;154 669 062;A01;1;7;17;0;1;21;1;
63629;202000041697;154 669 059;A01;2;7;0;2;1;2;1;
63630;202000041697;154 669 060;B01;2;7;4;2;4;2;1;
63631;202000041698;154 669 056;A01;2;33;0;2;3;3;1;
63632;202000041698;154 669 057;C01;2;17;0;2;0;0;1;
63633;202000041698;154 669 058;B01;2;10;0;2;5;0;1;
63634;202000041700;154 669 052;A01;1;10;0;2;3;1;1;
63635;202000041701;154 669 050;A01;2;31;0;2;1;1;1;
63636;202000041701;154 669 051;B01;2;7;0;0;5;1;1;
63637;202000041702;154 669 046;B01;2;7;0;2;2;1;1;
63638;202000041702;154 669 047;C01;1;33;0;2;2;3;1;
63639;202000041702;154 669 048;D01;2;7;0;2;3;1;1;
63640;202000041702;154 669 049;A01;2;33;0;2;3;3;1;
63641;202000041703;154 669 044;A01;2;7;4;2;6;1;1;
63642;202000041703;154 669 045;B01;2;10;0;2;2;1;1;
63643;202000041704;154 669 041;A01;1;7;13;0;0;1;1;
63644;202000041705;154 669 039;B01;2;7;0;9;2;16;2;
63645;202000041705;154 669 040;A01;2;1;0;2;1;18;5;
63646;202000041706;154 669 038;A01;2;7;4;0;2;15;1;
63647;202000041707;154 669 036;A01;2;34;0;2;1;17;0;
63648;202000041707;154 669 037;B01;2;7;0;2;6;15;0;
63649;202000041708;154 669 034;A01;3;50;0;2;8;25;3;
63650;202000041708;154 669 035;B01;1;10;0;2;1;2;1;
63651;202000041710;154 669 030;A01;1;7;0;2;1;16;1;
63652;202000041710;154 669 031;B01;1;37;0;2;2;1;1;1.0
63653;202000041711;154 669 026;B01;1;33;0;2;7;1;1;
63654;202000041711;154 669 027;A01;1;14;0;2;6;21;0;
63655;202000041713;154 669 024;A01;3;33;0;0;1;1;6;
63656;202000041714;154 669 023;A01;1;30;0;0;0;1;1;
63657;202000041715;154 669 021;B01;3;32;0;2;7;9;1;
63658;202000041715;154 669 022;A01;3;7;0;2;3;9;2;
63659;202000041716;154 669 020;A01;1;33;8;0;2;26;0;
63660;202000041717;154 669 018;A01;1;7;0;2;6;1;1;
63661;202000041717;154 669 019;Y01;1;60;0;2;1;19;5;
63662;202000041718;154 669 017;A01;2;7;0;1;2;1;1;
63663;202000041719;154 669 016;A01;2;7;1;0;1;19;1;
63664;202000041720;154 669 014;B01;3;2;0;2;1;1;1;
63665;202000041720;154 669 015;A01;3;7;0;0;3;15;0;
63666;202000041722;154 669 010;A01;1;7;0;9;2;1;1;
63667;202000041722;154 669 011;B01;1;1;0;2;1;19;5;
63668;202000041723;154 669 008;A01;1;7;0;2;1;19;1;
63669;202000041723;154 669 009;B01;1;7;0;2;7;1;0;
63670;202000041724;154 669 006;A01;1;2;0;0;7;25;1;
63671;202000041724;154 669 007;B01;1;7;0;0;3;20;1;
63672;202000041725;154 669 004;B01;1;40;0;2;2;1;3;
63673;202000041725;154 669 005;A01;1;7;0;4;3;19;1;
63674;202000041726;154 669 002;A01;2;1;1;0;7;1;5;
63675;202000041726;154 669 003;B01;2;7;0;2;8;20;1;
63676;202000041727;154 669 000;B01;2;7;9;2;6;16;1;
63677;202000041727;154 669 001;A01;2;7;1;1;1;1;1;
63678;202000041728;154 668 999;A01;1;7;1;0;2;14;1;
63679;202000041730;154 668 994;B01;0;7;0;2;1;1;2;
63680;202000041730;154 668 995;A01;0;7;0;2;7;26;0;
63681;202000041731;154 668 993;A01;1;30;12;0;2;0;1;
63682;202000041732;154 668 992;A01;3;7;0;0;9;0;0;
63683;202000041733;154 668 991;A01;3;7;0;1;2;26;0;
63684;202000041734;154 668 989;A01;1;7;0;2;2;20;1;
63685;202000041734;154 668 990;B01;1;2;0;2;1;1;1;
63686;202000041735;154 668 987;B01;0;7;0;2;1;1;0;
63687;202000041735;154 668 988;A01;0;7;0;2;8;15;1;
63688;202000041736;154 668 986;A01;2;30;0;0;7;16;1;
63689;202000041737;154 668 985;A01;2;7;4;0;7;14;2;
63690;202000041738;154 668 983;B01;1;7;0;2;5;1;1;
63691;202000041738;154 668 984;A01;1;30;0;2;3;1;1;
63692;202000041739;154 668 979;D01;1;1;0;2;1;1;5;
63693;202000041739;154 668 980;C01;1;1;0;2;1;1;5;
63694;202000041739;154 668 981;B01;1;1;0;2;1;1;5;
63695;202000041739;154 668 982;A01;2;7;7;2;7;5;1;
63696;202000041740;154 668 977;B01;1;1;0;2;1;7;5;
63697;202000041740;154 668 978;A01;2;7;0;2;2;16;1;
63698;202000041741;154 668 976;Z01;2;7;9;0;1;5;1;
63699;202000041742;154 668 975;A01;3;7;0;1;1;15;1;
63700;202000041743;154 668 974;Z01;1;7;1;0;2;5;1;
63701;202000041744;154 668 973;Z01;2;1;0;1;1;1;5;
63702;202000041745;154 668 972;A01;2;7;1;0;1;13;1;
63703;202000041746;154 668 970;A01;2;7;0;2;8;13;1;
63704;202000041746;154 668 971;B01;2;32;0;2;5;1;1;
63705;202000041747;154 668 969;A01;2;30;14;0;1;14;1;
63706;202000041748;154 668 967;B01;1;1;0;2;1;5;1;
63707;202000041748;154 668 968;A01;2;30;0;2;1;1;1;
63708;202000041749;154 668 965;A01;2;43;0;2;0;2;1;
63709;202000041749;154 668 966;B01;2;7;0;0;0;16;0;
63710;202000041750;154 668 964;A01;2;7;0;1;3;19;1;
63711;202000041751;154 668 963;A01;2;14;12;2;1;14;1;
63712;202000041752;154 668 962;A01;-1;3;0;1;2;9;0;
63713;202000041753;154 668 961;A01;0;7;9;0;2;1;1;
63714;202000041754;154 668 959;B01;1;7;0;2;1;1;0;
63715;202000041754;154 668 960;A01;-1;32;0;2;5;10;0;
63716;202000041755;154 668 957;B01;3;34;0;0;0;2;1;
63717;202000041755;154 668 958;A01;3;34;4;0;0;2;1;
63718;202000041757;154 668 954;A01;3;33;4;0;7;0;1;
63719;202000041758;154 668 952;A01;2;10;0;2;7;15;1;
63720;202000041758;154 668 953;B01;1;33;0;2;1;1;1;
63721;202000041759;154 668 947;A01;1;33;0;6;1;1;1;
63722;202000041760;154 668 946;A01;2;36;13;0;0;14;1;
63723;202000041761;154 668 942;B01;2;7;0;2;6;2;1;
63724;202000041761;154 668 943;A01;2;7;0;2;3;13;2;
63725;202000041761;154 668 944;C01;1;7;0;2;3;1;1;
63726;202000041761;154 668 945;D01;2;7;0;2;3;2;1;
63727;202000041762;154 668 940;B01;1;7;0;2;3;1;1;
63728;202000041762;154 668 941;A01;3;7;0;2;2;19;1;
63729;202000041763;154 668 938;B01;1;7;0;0;4;15;0;
63730;202000041763;154 668 939;A01;1;33;0;2;1;2;0;
63731;202000041764;154 668 937;A01;1;33;0;0;0;1;1;
63732;202000041765;154 668 934;A01;2;7;0;0;4;1;1;
63733;202000041765;154 668 935;C01;2;7;0;2;1;1;1;
63734;202000041765;154 668 936;B01;2;7;0;2;1;1;1;
63735;202000041766;154 668 931;A01;1;34;9;0;1;1;0;
63736;202000041767;154 668 930;A01;2;1;0;1;1;26;5;
63737;202000041768;154 668 928;A01;3;7;15;0;1;26;1;
63738;202000041768;154 668 929;B01;3;7;15;0;7;2;1;
63739;202000041770;154 668 925;A01;2;7;0;0;1;1;0;
63740;202000041771;154 668 924;A01;1;10;0;1;2;15;1;
63741;202000041772;154 668 921;A01;2;60;0;2;1;1;5;
63742;202000041772;154 668 922;B01;1;7;0;2;8;26;0;
63743;202000041773;154 668 919;B01;2;33;0;2;1;1;1;
63744;202000041773;154 668 920;A01;1;7;0;2;1;15;1;
63745;202000041774;154 668 918;A01;1;33;0;0;8;15;1;
63746;202000041776;154 668 914;B01;0;7;0;2;2;26;1;
63747;202000041776;154 668 915;A01;0;7;0;2;3;26;1;
63748;202000041777;154 668 912;A01;1;7;0;2;9;1;1;
63749;202000041777;154 668 913;B01;1;7;0;2;1;1;0;
63750;202000041779;154 668 910;A01;3;7;0;1;1;15;1;
63751;202000041780;154 668 909;A01;1;7;13;0;3;14;1;
63752;202000041781;154 668 907;B01;1;40;0;2;7;1;3;
63753;202000041781;154 668 908;A01;1;7;0;4;3;15;1;
63754;202000041782;154 668 906;A01;1;7;4;0;3;1;1;
63755;202000041783;154 668 904;B01;2;7;0;2;4;15;1;
63756;202000041783;154 668 905;A01;2;7;0;2;3;1;1;
63757;202000041784;154 668 902;B01;2;7;0;2;7;0;1;
63758;202000041784;154 668 903;A01;2;33;0;2;1;2;1;
63759;202000041785;154 668 901;A01;3;7;9;0;1;1;1;
63760;202000041786;154 668 900;A01;1;7;1;0;1;2;1;
63761;202000041787;154 668 899;A01;1;7;0;1;1;1;1;
63762;202000041788;154 668 897;B01;3;2;0;2;6;15;3;
63763;202000041788;154 668 898;A01;3;7;0;2;2;17;1;
63764;202000041789;154 668 895;B01;2;1;0;2;0;0;5;
63765;202000041789;154 668 896;A01;2;7;0;9;0;0;1;
63766;202000041790;154 668 893;B01;2;1;12;2;1;9;6;
63767;202000041790;154 668 894;A01;2;7;12;9;1;9;0;
63768;202000041791;154 668 891;B01;1;7;0;2;1;1;1;
63769;202000041791;154 668 892;A01;2;80;0;2;7;1;3;
63770;202000041792;154 668 890;A01;2;7;8;0;8;13;1;
63771;202000041793;154 668 888;A01;0;30;0;2;0;9;1;
63772;202000041793;154 668 889;B01;1;10;0;2;1;1;1;
63773;202000041794;154 668 886;Z01;1;7;0;2;1;0;1;
63774;202000041794;154 668 887;A01;1;32;0;2;4;0;1;
63775;202000041795;154 668 884;A01;1;7;0;2;1;1;1;
63776;202000041795;154 668 885;B01;2;7;0;2;0;1;1;
63777;202000041796;154 668 883;A01;1;7;4;0;1;1;1;
63778;202000041797;154 668 882;A01;2;7;0;1;1;1;1;
63779;202000041798;154 668 880;A01;2;33;0;2;1;13;1;
63780;202000041798;154 668 881;B01;1;7;0;2;1;1;3;
63781;202000041799;154 668 878;A01;3;7;0;2;5;15;1;
63782;202000041799;154 668 879;B01;3;33;0;2;8;0;1;
63783;202000041800;154 668 875;C01;1;10;0;2;8;1;1;
63784;202000041800;154 668 876;B01;1;7;0;2;7;12;1;
63785;202000041800;154 668 877;A01;1;33;0;2;1;3;1;
63786;202000041801;154 668 874;Z01;2;7;0;1;2;15;1;
63787;202000041802;154 668 873;A01;2;10;0;1;2;20;1;
63788;202000041803;154 668 872;A01;3;7;0;1;1;1;1;
63789;202000041804;154 668 871;A01;2;30;0;1;1;1;1;
63790;202000041805;154 668 869;B01;3;33;0;2;1;1;1;
63791;202000041805;154 668 870;A01;3;30;0;1;1;1;3;
63792;202000041807;154 668 866;Z01;1;7;0;1;0;0;0;
63793;202000041808;154 668 865;A01;2;7;0;1;8;1;1;
63794;202000041809;154 668 862;C01;1;7;0;2;4;23;1;
63795;202000041809;154 668 863;B01;1;7;0;2;9;23;1;
63796;202000041809;154 668 864;A01;1;7;0;2;1;1;1;
63797;202000041810;154 668 860;B01;1;30;0;2;3;1;1;
63798;202000041810;154 668 861;A01;1;43;0;2;2;1;1;
63799;202000041811;154 668 858;Z01;2;33;0;2;1;1;0;
63800;202000041811;154 668 859;A01;2;1;0;2;4;11;5;
63801;202000041812;154 668 857;Z01;2;7;0;1;8;1;0;
63802;202000041814;154 668 854;A01;1;30;14;0;1;14;1;
63803;202000041815;154 668 852;A01;2;7;0;2;7;14;1;
63804;202000041815;154 668 853;B01;2;32;0;2;3;1;1;
63805;202000041816;154 668 850;Z01;1;1;0;2;1;1;5;
63806;202000041816;154 668 851;A01;2;1;0;2;1;9;5;
63807;202000041817;154 668 849;A01;1;1;0;0;0;21;5;
63808;202000041818;154 668 847;A01;3;33;0;2;1;3;1;
63809;202000041818;154 668 848;B01;3;7;0;2;6;15;1;
63810;202000041819;154 668 845;A01;1;7;0;2;3;15;0;
63811;202000041819;154 668 846;B01;1;32;0;2;1;1;1;
63812;202000041820;154 668 843;B01;1;10;0;2;7;15;1;
63813;202000041820;154 668 844;A01;1;36;0;2;1;1;1;
63814;202000041821;154 668 842;A01;3;1;0;1;1;1;5;
63815;202000041822;154 668 840;A01;1;33;0;2;1;1;1;
63816;202000041822;154 668 841;B01;2;7;0;2;1;19;1;
63817;202000041823;154 668 838;A01;-1;7;0;2;1;15;1;
63818;202000041823;154 668 839;B01;-1;30;0;0;8;1;0;
63819;202000041824;154 668 836;A01;1;10;0;2;2;16;1;
63820;202000041824;154 668 837;B01;1;34;0;2;3;18;1;
63821;202000041825;154 668 834;A01;1;10;0;2;2;9;1;
63822;202000041825;154 668 835;B01;2;30;0;2;1;2;1;
63823;202000041826;154 668 832;B01;1;10;0;2;1;2;1;
63824;202000041826;154 668 833;A01;1;7;0;9;4;23;1;
63825;202000041827;154 668 830;B01;1;7;0;2;0;1;0;
63826;202000041827;154 668 831;A01;1;32;0;2;1;18;1;
63827;202000041828;154 668 828;A01;1;7;0;2;3;13;1;
63828;202000041828;154 668 829;B01;2;7;0;2;3;1;1;
63829;202000041829;154 668 826;A01;3;7;0;1;3;26;1;
63830;202000041830;154 668 825;A01;2;7;4;0;3;14;1;
63831;202000041831;154 668 822;B01;1;7;0;2;1;15;1;
63832;202000041831;154 668 823;A01;2;7;0;2;1;1;1;
63833;202000041832;154 668 820;A01;1;1;0;2;1;13;5;
63834;202000041832;154 668 821;B01;2;7;0;2;1;1;1;
63835;202000041833;154 668 818;B01;2;7;0;2;3;1;1;
63836;202000041833;154 668 819;A01;1;7;0;2;2;11;1;
63837;202000041834;154 668 817;A01;2;7;8;0;1;13;1;
63838;202000041835;154 668 814;B01;2;7;0;2;1;1;6;
63839;202000041835;154 668 815;A01;1;10;0;2;1;5;6;
63840;202000041836;154 668 813;A01;2;7;11;0;0;0;1;
63841;202000041837;154 668 811;B01;2;10;0;2;3;1;1;
63842;202000041837;154 668 812;A01;1;7;0;2;3;13;1;
63843;202000041838;154 668 809;B01;1;7;0;2;3;13;1;
63844;202000041838;154 668 810;A01;2;7;0;2;3;1;1;
63845;202000041839;154 668 807;B01;1;7;0;2;3;1;1;
63846;202000041839;154 668 808;A01;2;10;0;2;1;13;1;
63847;202000041840;154 668 805;A01;3;7;0;2;2;20;1;
63848;202000041840;154 668 806;B01;3;2;0;2;1;1;1;
63849;202000041841;154 668 804;A01;1;7;1;0;1;1;1;
63850;202000041842;154 668 803;A01;1;2;12;0;7;1;1;
63851;202000041843;154 668 802;A01;1;7;2;0;1;1;1;
63852;202000041844;154 668 801;A01;3;7;17;0;6;0;1;
63853;202000041845;154 668 800;A01;1;36;6;0;1;1;1;
63854;202000041847;154 668 797;A01;1;7;8;0;1;1;1;