;Num_Acc;id_vehicule;num_veh;senc;catv;obs;obsm;choc;manv;motor;occutc
63855;202000041848;154 668 795;A01;3;7;0;2;1;1;1;
63856;202000041848;154 668 796;B01;0;7;0;2;8;1;1;
63857;202000041849;154 668 794;A01;1;2;0;0;8;1;1;
63858;202000041851;154 668 792;A01;1;7;13;0;2;1;1;
63859;202000041853;154 668 789;A01;3;7;1;1;1;13;1;
63860;202000041854;154 668 787;B01;3;7;0;2;1;1;0;
63861;202000041854;154 668 788;A01;3;33;0;2;1;17;0;
63862;202000041855;154 668 786;A01;1;33;0;0;3;1;1;
63863;202000041856;154 668 784;B01;0;10;0;2;3;15;1;
63864;202000041856;154 668 785;A01;2;7;0;2;3;1;1;
63865;202000041857;154 668 782;B01;0;7;9;2;7;19;0;
63866;202000041857;154 668 783;A01;3;7;9;2;1;26;0;
63867;202000041858;154 668 781;A01;1;7;2;0;2;1;1;
63868;202000041860;154 668 779;A01;2;7;2;0;6;13;1;
63869;202000041861;154 668 777;B01;1;7;0;2;2;2;0;
63870;202000041861;154 668 778;A01;1;3;2;0;6;1;0;
63871;202000041862;154 668 775;A01;1;33;0;9;3;1;1;
63872;202000041862;154 668 776;B01;2;7;0;9;2;1;0;
63873;202000041863;154 668 773;A01;2;7;0;2;1;17;0;
63874;202000041863;154 668 774;B01;1;7;0;2;1;1;0;
63875;202000041864;154 668 772;A01;1;32;14;0;1;13;1;
63876;202000041865;154 668 771;A01;1;7;2;0;7;1;1;
63877;202000041866;154 668 768;C01;0;7;0;0;4;14;1;
63878;202000041866;154 668 769;B01;0;7;0;2;3;14;1;
63879;202000041866;154 668 770;A01;3;7;1;0;1;17;1;
63880;202000041867;154 668 767;A01;0;7;0;1;2;21;1;
63881;202000041868;154 668 765;A01;0;7;0;9;1;9;1;
63882;202000041868;154 668 766;B01;0;1;0;2;7;1;5;
63883;202000041869;154 668 763;B01;2;7;8;2;6;1;0;
63884;202000041869;154 668 764;A01;2;7;0;2;1;1;0;
63885;202000041870;154 668 761;A01;1;7;0;2;3;1;1;
63886;202000041870;154 668 762;B01;2;33;0;2;1;1;1;
63887;202000041871;154 668 759;A01;0;7;0;2;2;19;1;
63888;202000041871;154 668 760;B01;0;2;0;2;1;1;1;
63889;202000041872;154 668 757;A01;1;1;0;2;0;5;5;
63890;202000041872;154 668 758;B01;2;7;0;9;3;1;1;
63891;202000041873;154 668 756;A01;0;7;13;0;9;1;1;
63892;202000041874;154 668 755;A01;2;7;4;0;3;1;1;
63893;202000041875;154 668 753;A01;2;7;0;2;1;2;1;
63894;202000041875;154 668 754;B01;2;7;0;0;4;1;1;
63895;202000041876;154 668 751;A01;1;7;0;2;1;2;1;
63896;202000041876;154 668 752;B01;1;7;0;2;4;1;1;
63897;202000041877;154 668 748;C01;2;7;0;0;4;1;1;
63898;202000041877;154 668 749;B01;2;31;0;2;5;1;1;
63899;202000041877;154 668 750;A01;2;7;0;2;8;11;1;
63900;202000041878;154 668 746;B01;2;32;0;2;1;3;1;
63901;202000041878;154 668 747;A01;2;7;0;2;5;1;1;
63902;202000041879;154 668 743;A01;2;10;0;2;1;2;1;
63903;202000041879;154 668 744;C01;2;7;0;2;4;2;1;
63904;202000041879;154 668 745;B01;2;7;0;2;4;2;1;
63905;202000041880;154 668 739;C01;1;7;0;2;4;2;1;
63906;202000041880;154 668 740;B01;1;7;0;2;4;2;1;
63907;202000041880;154 668 741;A01;1;7;0;2;1;2;1;
63908;202000041880;154 668 742;D01;1;7;0;2;4;2;1;
63909;202000041881;154 668 738;A01;1;7;0;0;9;1;1;
63910;202000041882;154 668 735;B01;1;7;0;2;4;2;1;
63911;202000041882;154 668 736;A01;1;10;0;2;1;2;1;
63912;202000041882;154 668 737;C01;1;7;0;2;4;2;1;
63913;202000041883;154 668 732;C01;1;7;0;2;5;1;1;
63914;202000041883;154 668 733;B01;1;7;0;2;6;1;1;
63915;202000041883;154 668 734;A01;1;10;0;2;2;14;1;
63916;202000041884;154 668 730;B01;2;33;0;2;0;0;1;
63917;202000041884;154 668 731;Z01;2;7;0;2;0;11;0;
63918;202000041886;154 668 723;B01;3;1;0;2;1;1;5;
63919;202000041886;154 668 724;A01;3;7;0;2;2;16;1;
63920;202000041887;154 668 722;A01;1;30;9;0;1;26;1;
63921;202000041889;154 668 719;A01;3;99;0;2;1;26;0;
63922;202000041890;154 668 717;A01;1;7;0;2;1;1;1;
63923;202000041890;154 668 718;B01;1;7;0;2;4;1;1;
63924;202000041892;154 668 713;B01;0;7;0;2;7;1;1;
63925;202000041892;154 668 714;A01;0;30;0;2;1;9;1;
63926;202000041893;154 668 712;A01;1;7;0;1;4;20;1;
63927;202000041894;154 668 710;B01;2;13;0;2;6;23;0;
63928;202000041894;154 668 711;A01;2;7;1;0;1;1;0;
63929;202000041895;154 668 709;A01;1;33;14;2;1;16;6;
63930;202000041897;154 668 706;A01;1;7;0;1;2;1;1;
63931;202000041898;154 668 704;A01;2;7;0;2;1;15;6;
63932;202000041898;154 668 705;B01;1;7;0;2;3;1;1;
63933;202000041900;154 668 701;A01;1;3;0;1;5;13;1;
63934;202000041901;154 668 700;A01;3;10;0;1;0;0;1;
63935;202000041903;154 668 697;A01;2;7;0;1;2;1;1;
63936;202000041904;154 668 695;A01;1;7;0;2;1;2;1;
63937;202000041904;154 668 696;B01;1;7;0;2;4;0;1;
63938;202000041905;154 668 694;A01;1;7;0;1;3;17;0;
63939;202000041906;154 668 692;B01;0;10;0;2;8;1;1;
63940;202000041906;154 668 693;A01;0;7;0;2;2;1;1;
63941;202000041907;154 668 690;A01;1;10;0;2;3;13;1;
63942;202000041907;154 668 691;B01;2;10;0;2;3;13;1;
63943;202000041908;154 668 688;B01;3;1;0;2;7;9;6;
63944;202000041908;154 668 689;A01;3;7;0;2;3;9;1;
63945;202000041909;154 668 687;A01;1;7;0;1;1;26;1;
63946;202000041910;154 668 685;A01;2;7;0;2;1;1;1;
63947;202000041910;154 668 686;B01;2;7;8;2;7;15;1;
63948;202000041911;154 668 683;A01;0;99;0;0;0;0;0;
63949;202000041911;154 668 684;Z01;0;3;0;0;1;9;0;
63950;202000041912;154 668 681;A01;3;7;0;2;1;26;1;
63951;202000041912;154 668 682;B01;3;7;0;2;3;26;1;
63952;202000041913;154 668 677;D01;1;10;0;2;1;1;1;
63953;202000041913;154 668 678;C01;2;7;0;2;0;1;1;
63954;202000041913;154 668 679;B01;1;7;0;2;0;1;1;
63955;202000041913;154 668 680;A01;2;7;0;2;0;13;1;
63956;202000041914;154 668 676;A01;2;7;0;1;2;1;1;
63957;202000041915;154 668 674;A01;3;7;0;2;0;0;0;
63958;202000041915;154 668 675;B01;3;7;0;2;0;0;0;
63959;202000041916;154 668 671;B01;3;7;0;2;7;1;2;
63960;202000041916;154 668 672;A01;3;7;0;2;1;1;1;
63961;202000041917;154 668 667;A01;0;17;0;2;2;15;1;
63962;202000041917;154 668 668;B01;0;2;0;2;1;1;1;
63963;202000041918;154 668 665;B01;3;80;0;2;3;0;3;
63964;202000041918;154 668 666;A01;3;7;0;2;3;1;1;
63965;202000041919;154 668 662;C01;1;7;0;2;4;0;1;
63966;202000041919;154 668 663;B01;1;7;0;2;0;0;1;
63967;202000041919;154 668 664;A01;1;7;0;2;1;0;1;
63968;202000041920;154 668 661;A01;2;7;0;1;1;1;0;
63969;202000041921;154 668 659;B01;1;7;0;2;1;1;1;
63970;202000041921;154 668 660;A01;2;7;0;2;1;5;1;
63971;202000041924;154 668 653;A01;2;10;0;2;1;16;1;
63972;202000041924;154 668 654;B01;2;50;0;2;1;1;3;
63973;202000041925;154 668 651;B01;1;7;0;2;4;1;1;
63974;202000041925;154 668 652;A01;1;7;0;2;1;1;1;
63975;202000041926;154 668 649;A01;1;7;0;2;3;15;1;
63976;202000041926;154 668 650;B01;2;33;0;2;8;1;1;
63977;202000041927;154 668 647;B01;2;33;0;2;1;21;1;
63978;202000041927;154 668 648;A01;1;7;0;2;2;15;1;
63979;202000041928;154 668 646;A01;1;7;1;0;0;14;1;
63980;202000041929;154 668 643;C01;1;7;0;2;4;1;1;
63981;202000041929;154 668 644;B01;1;7;0;2;4;1;0;
63982;202000041929;154 668 645;A01;1;21;0;2;1;1;1;
63983;202000041930;154 668 642;A01;1;7;0;1;1;1;1;
63984;202000041931;154 668 641;A01;1;7;0;1;3;15;1;
63985;202000041932;154 668 639;B01;3;7;0;2;3;1;0;
63986;202000041932;154 668 640;A01;3;7;0;2;8;1;0;
63987;202000041933;154 668 637;B01;3;7;0;2;7;9;1;
63988;202000041933;154 668 638;A01;3;7;0;2;1;9;1;
63989;202000041934;154 668 636;A01;3;7;6;0;1;1;1;
63990;202000041935;154 668 634;A01;1;7;0;2;7;23;1;
63991;202000041935;154 668 635;B01;1;7;12;0;3;15;1;
63992;202000041936;154 668 632;A01;2;7;0;1;1;15;1;
63993;202000041938;154 668 630;A01;0;60;0;1;1;21;5;
63994;202000041939;154 668 628;B01;0;7;0;2;1;1;1;
63995;202000041939;154 668 629;A01;0;7;0;2;1;15;1;
63996;202000041940;154 668 626;B01;2;30;0;2;1;1;3;
63997;202000041940;154 668 627;A01;2;7;0;2;3;15;1;
63998;202000041941;154 668 624;B01;3;1;0;2;6;2;5;
63999;202000041941;154 668 625;A01;3;7;0;2;2;2;1;
64000;202000041943;154 668 621;A01;2;7;0;2;1;1;1;
64001;202000041943;154 668 622;B01;1;7;0;0;4;1;1;
64002;202000041944;154 668 619;B01;1;7;0;2;4;12;1;
64003;202000041944;154 668 620;A01;1;7;0;2;1;11;1;
64004;202000041945;154 668 618;A01;3;10;9;0;1;26;1;
64005;202000041946;154 668 616;B01;1;7;0;2;4;2;1;
64006;202000041946;154 668 617;A01;1;7;14;2;1;21;1;
64007;202000041947;154 668 614;A01;1;7;12;2;4;13;1;
64008;202000041947;154 668 615;B01;2;7;0;2;1;1;1;
64009;202000041948;154 668 612;A01;1;10;0;4;8;26;1;
64010;202000041948;154 668 613;B01;2;40;0;2;1;1;3;
64011;202000041949;154 668 611;Z01;2;7;0;1;1;1;1;
64012;202000041950;154 668 608;C01;2;7;0;2;1;1;1;
64013;202000041950;154 668 609;B01;2;7;0;2;1;1;1;
64014;202000041950;154 668 610;A01;1;7;0;2;1;13;1;
64015;202000041951;154 668 607;A01;1;7;12;0;1;15;1;
64016;202000041952;154 668 605;B01;1;10;0;2;3;1;1;
64017;202000041952;154 668 606;A01;1;7;0;2;2;15;1;
64018;202000041953;154 668 604;A01;3;7;1;0;0;1;1;
64019;202000041955;154 668 601;A01;2;33;8;0;1;1;1;
64020;202000041956;154 668 600;A01;1;3;12;0;2;16;1;
64021;202000041957;154 668 597;A01;2;7;0;2;1;0;0;
64022;202000041957;154 668 598;C01;1;7;0;2;3;1;1;
64023;202000041957;154 668 599;B01;2;7;0;2;4;1;1;
64024;202000041958;154 668 596;A01;1;7;0;1;2;1;1;
64025;202000041959;154 668 594;A01;2;7;0;2;2;15;1;
64026;202000041959;154 668 595;B01;1;2;0;2;8;1;1;
64027;202000041960;154 668 592;A01;0;7;0;2;2;15;1;
64028;202000041960;154 668 593;B01;0;7;0;2;1;1;0;
64029;202000041962;154 668 588;C01;3;7;0;2;1;1;1;
64030;202000041962;154 668 589;B01;3;7;0;2;3;1;1;
64031;202000041962;154 668 590;A01;3;7;0;2;3;13;1;
64032;202000041963;154 668 586;B01;1;7;0;2;2;1;1;
64033;202000041963;154 668 587;A01;1;7;0;2;4;20;1;
64034;202000041964;154 668 585;A01;3;7;0;1;1;1;1;
64035;202000041965;154 668 584;A01;1;7;0;1;1;26;1;
64036;202000041966;154 668 582;B01;2;7;0;2;4;1;1;
64037;202000041966;154 668 583;A01;2;7;0;2;1;1;1;
64038;202000041967;154 668 581;A01;2;7;2;0;9;26;1;
64039;202000041968;154 668 579;A01;3;7;0;2;1;5;0;
64040;202000041968;154 668 580;B01;3;30;0;2;1;1;1;
64041;202000041969;154 668 577;B01;2;30;0;2;1;1;0;
64042;202000041969;154 668 578;A01;2;7;0;2;2;15;0;
64043;202000041970;154 668 575;A01;0;7;0;2;4;1;1;
64044;202000041970;154 668 576;B01;0;7;0;2;1;1;1;
64045;202000041971;154 668 573;A01;3;7;0;2;8;11;1;
64046;202000041971;154 668 574;B01;3;2;0;2;7;1;1;
64047;202000041972;154 668 572;A01;1;34;0;0;0;1;1;
64048;202000041973;154 668 570;B01;1;7;0;2;3;13;1;
64049;202000041973;154 668 571;A01;2;7;0;2;3;1;1;
64050;202000041975;154 668 566;A01;2;7;0;2;0;9;0;
64051;202000041975;154 668 567;B01;2;34;0;2;7;12;1;
64052;202000041976;154 668 565;A01;1;1;1;0;7;1;5;
64053;202000041977;154 668 563;A01;2;7;0;2;7;16;1;
64054;202000041977;154 668 564;B01;2;30;0;2;1;1;1;
64055;202000041978;154 668 562;A01;3;7;0;1;2;20;1;
64056;202000041979;154 668 560;A01;2;7;0;2;6;0;1;
64057;202000041979;154 668 561;B01;2;7;14;2;2;2;1;
64058;202000041980;154 668 556;D01;2;7;0;2;4;1;1;
64059;202000041980;154 668 557;B01;2;7;0;2;4;1;4;
64060;202000041980;154 668 558;A01;2;7;0;2;1;1;1;
64061;202000041980;154 668 559;C01;2;7;0;2;4;1;4;
64062;202000041981;154 668 554;A01;2;3;0;2;1;9;1;
64063;202000041981;154 668 555;B01;2;33;0;2;7;1;1;
64064;202000041982;154 668 552;A01;1;10;0;2;1;1;1;
64065;202000041982;154 668 553;B01;1;7;0;2;4;1;1;
64066;202000041983;154 668 551;Z01;1;7;0;1;4;4;0;
64067;202000041984;154 668 549;B01;1;33;0;2;1;17;1;
64068;202000041984;154 668 550;A01;1;7;0;2;6;15;1;
64069;202000041985;154 668 546;A01;1;10;0;2;1;1;0;
64070;202000041985;154 668 547;B01;1;10;0;2;4;1;0;
64071;202000041985;154 668 548;C01;1;10;0;2;4;1;0;
64072;202000041986;154 668 543;B01;1;10;0;2;1;2;1;
64073;202000041986;154 668 544;A01;1;7;0;2;1;1;1;
64074;202000041986;154 668 545;Y01;2;50;0;2;8;5;3;
64075;202000041987;154 668 541;B01;1;30;0;2;4;1;0;
64076;202000041987;154 668 542;A01;1;7;0;0;1;0;0;
64077;202000041988;154 668 538;B01;3;7;0;2;3;1;0;
64078;202000041988;154 668 539;A01;3;34;0;2;1;17;0;
64079;202000041988;154 668 540;C01;0;7;0;2;3;1;0;
64080;202000041989;154 668 537;Z01;2;7;0;1;2;13;0;
64081;202000041990;154 668 534;C01;1;7;0;0;0;0;1;
64082;202000041990;154 668 535;A01;2;7;0;2;1;1;1;
64083;202000041990;154 668 536;B01;1;7;0;2;7;1;1;
64084;202000041991;154 668 532;A01;0;7;1;2;3;1;1;
64085;202000041991;154 668 533;B01;0;7;0;2;2;1;1;
64086;202000041992;154 668 530;A01;1;10;0;2;1;13;1;
64087;202000041992;154 668 531;B01;2;15;0;2;1;21;1;
64088;202000041993;154 668 528;B01;1;33;0;2;8;18;1;
64089;202000041993;154 668 529;A01;1;7;0;2;7;22;1;
64090;202000041994;154 668 527;A01;2;7;2;0;1;13;1;
64091;202000041995;154 668 525;A01;2;7;0;2;3;9;1;
64092;202000041995;154 668 526;B01;2;1;0;2;0;1;5;
64093;202000041996;154 668 524;A01;2;7;0;1;1;1;1;
64094;202000041997;154 668 522;A01;1;34;8;2;7;11;1;
64095;202000041997;154 668 523;B01;1;33;0;2;8;1;1;
64096;202000041998;154 668 520;A01;1;32;0;2;2;5;1;
64097;202000041998;154 668 521;B01;1;7;0;2;3;13;1;
64098;202000041999;154 668 518;Z01;1;7;0;2;3;10;0;
64099;202000041999;154 668 519;A01;2;32;0;2;6;17;1;
64100;202000042000;154 668 517;A01;2;60;0;1;1;8;5;
64101;202000042001;154 668 515;A01;2;7;0;2;2;15;1;
64102;202000042001;154 668 516;B01;1;2;0;2;1;1;1;
64103;202000042002;154 668 513;B01;3;1;0;2;7;1;5;
64104;202000042002;154 668 514;A01;3;7;0;2;3;1;2;
64105;202000042003;154 668 512;A01;2;1;8;0;1;25;5;
64106;202000042004;154 668 510;B01;1;33;0;2;8;1;1;
64107;202000042004;154 668 511;A01;2;7;0;2;3;16;1;
64108;202000042005;154 668 508;A01;1;7;0;2;2;15;1;
64109;202000042005;154 668 509;B01;1;7;0;2;3;0;1;
64110;202000042006;154 668 506;A01;1;7;0;2;2;15;0;
64111;202000042006;154 668 507;B01;2;7;0;2;3;1;1;
64112;202000042008;154 668 503;B01;0;7;0;2;3;23;0;
64113;202000042008;154 668 504;A01;3;7;0;2;1;16;0;
64114;202000042009;154 668 502;A01;-1;7;0;1;1;1;1;
64115;202000042010;154 668 499;A01;3;7;0;2;1;9;1;
64116;202000042010;154 668 500;B01;3;33;0;2;4;2;1;
64117;202000042010;154 668 501;C01;0;7;0;2;7;2;1;
64118;202000042011;154 668 498;A01;3;7;0;1;4;20;0;
64119;202000042012;154 668 496;A01;1;7;0;2;1;11;0;
64120;202000042012;154 668 497;B01;1;33;0;2;1;1;0;
64121;202000042013;154 668 494;B01;2;31;0;2;7;1;0;
64122;202000042013;154 668 495;A01;1;7;0;2;5;15;0;
64123;202000042014;154 668 493;A01;2;30;0;0;0;26;1;
64124;202000042015;154 668 491;A01;2;32;0;2;5;10;1;
64125;202000042015;154 668 492;B01;2;43;0;2;1;1;1;
64126;202000042016;154 668 489;B01;2;50;0;2;1;1;3;
64127;202000042016;154 668 490;A01;1;1;0;2;7;15;5;
64128;202000042017;154 668 487;A01;2;10;0;2;3;15;6;
64129;202000042017;154 668 488;B01;1;33;0;2;3;1;0;
64130;202000042018;154 668 484;A01;2;7;0;2;0;15;1;
64131;202000042018;154 668 485;B01;3;42;0;2;7;14;1;
64132;202000042018;154 668 486;C01;1;7;0;2;3;2;1;
64133;202000042019;154 668 482;B01;2;20;0;2;0;0;1;
64134;202000042019;154 668 483;A01;2;32;0;2;0;0;0;
64135;202000042020;154 668 480;A01;2;7;1;0;0;26;1;
64136;202000042020;154 668 481;B01;1;7;0;2;6;24;1;
64137;202000042021;154 668 478;A01;1;32;0;2;7;7;1;
64138;202000042021;154 668 479;B01;1;7;0;2;3;15;1;
64139;202000042022;154 668 477;A01;1;7;13;0;1;0;1;
64140;202000042023;154 668 476;A01;1;7;15;0;2;1;1;
64141;202000042024;154 668 473;B01;1;7;0;2;1;1;1;
64142;202000042024;154 668 474;A01;1;7;0;2;1;15;1;
64143;202000042024;154 668 475;C01;1;7;0;2;3;1;1;
64144;202000042025;154 668 471;A01;1;7;8;0;0;1;1;
64145;202000042026;154 668 470;A01;1;7;0;1;2;1;1;
64146;202000042028;154 668 465;A01;1;7;13;2;3;13;1;
64147;202000042028;154 668 466;B01;2;7;0;0;6;1;2;
64148;202000042029;154 668 463;B01;1;33;0;2;8;1;1;
64149;202000042029;154 668 464;A01;2;7;0;2;1;15;1;
64150;202000042030;154 668 461;A01;1;7;0;0;2;0;1;
64151;202000042030;154 668 462;B01;1;1;0;0;4;1;5;
64152;202000042031;154 668 460;A01;2;7;1;1;7;0;1;
64153;202000042032;154 668 458;B01;2;7;0;2;7;1;1;
64154;202000042032;154 668 459;A01;1;10;0;2;1;1;1;
64155;202000042033;154 668 456;A01;1;7;0;2;1;1;0;
64156;202000042033;154 668 457;B01;2;7;0;2;1;1;0;
64157;202000042034;154 668 454;A01;3;2;0;2;7;1;1;
64158;202000042034;154 668 455;B01;3;7;0;2;1;1;1;
64159;202000042035;154 668 452;B01;3;1;0;2;7;17;5;
64160;202000042035;154 668 453;A01;3;7;0;9;1;9;1;
64161;202000042036;154 668 450;B01;1;7;0;2;3;1;1;
64162;202000042036;154 668 451;A01;2;1;0;2;3;16;5;
64163;202000042037;154 668 446;A01;2;7;0;2;3;15;1;
64164;202000042037;154 668 447;B01;1;1;0;2;8;1;5;
64165;202000042038;154 668 445;A01;1;99;0;0;0;1;1;
64166;202000042039;154 668 443;A01;2;7;0;2;3;1;1;
64167;202000042039;154 668 444;B01;1;7;0;2;3;1;1;
64168;202000042040;154 668 441;B01;3;10;0;2;3;1;1;
64169;202000042040;154 668 442;A01;3;7;0;2;3;1;1;
64170;202000042041;154 668 440;A01;1;7;2;0;1;1;1;
64171;202000042042;154 668 438;A01;1;7;0;0;2;2;1;
64172;202000042042;154 668 439;B01;1;1;0;0;4;2;5;
64173;202000042043;154 668 437;A01;1;2;0;0;8;15;1;
64174;202000042044;154 668 436;A01;3;33;0;0;0;1;1;
64175;202000042045;154 668 434;B01;1;7;8;0;3;1;1;
64176;202000042045;154 668 435;A01;2;7;3;0;2;13;1;
64177;202000042046;154 668 433;A01;2;7;13;9;1;1;1;
64178;202000042047;154 668 432;A01;2;7;2;0;0;13;1;
64179;202000042049;154 668 429;A01;1;32;0;2;6;2;1;
64180;202000042049;154 668 430;B01;1;7;0;2;2;2;0;
64181;202000042050;154 668 427;A01;1;10;0;2;1;1;1;
64182;202000042050;154 668 428;B01;2;10;0;2;3;1;1;
64183;202000042051;154 668 425;A01;0;7;0;0;4;1;1;
64184;202000042051;154 668 426;B01;0;7;0;2;1;1;1;
64185;202000042052;154 668 423;B01;2;7;0;2;3;1;0;
64186;202000042052;154 668 424;A01;1;33;0;2;1;1;1;
64187;202000042054;154 668 419;A01;3;2;6;0;2;16;6;
64188;202000042055;154 668 416;C01;1;7;0;2;2;2;1;
64189;202000042055;154 668 417;B01;1;1;0;2;4;1;5;
64190;202000042055;154 668 418;A01;1;1;0;2;4;2;5;
64191;202000042056;154 668 415;A01;2;7;0;0;0;1;1;
64192;202000042057;154 668 413;B01;2;7;0;2;1;1;1;
64193;202000042057;154 668 414;A01;2;7;0;2;6;19;1;
64194;202000042058;154 668 411;A01;3;7;0;2;8;19;1;
64195;202000042058;154 668 412;B01;2;7;0;2;1;1;1;
64196;202000042059;154 668 410;A01;2;7;2;0;2;1;1;
64197;202000042060;154 668 409;A01;1;7;8;0;8;1;1;
64198;202000042061;154 668 408;A01;1;1;2;0;3;1;5;
64199;202000042062;154 668 406;B01;1;1;0;2;3;1;5;
64200;202000042062;154 668 407;A01;2;7;0;9;3;1;1;
64201;202000042064;154 668 403;A01;2;7;13;0;1;1;1;
64202;202000042065;154 668 402;A01;3;7;4;1;2;1;1;
64203;202000042066;154 668 400;B01;2;80;0;2;3;1;3;
64204;202000042066;154 668 401;A01;2;7;0;0;7;16;1;
64205;202000042067;154 668 396;A01;1;7;2;2;3;13;1;
64206;202000042067;154 668 397;D01;2;15;0;2;6;1;1;
64207;202000042067;154 668 398;C01;2;1;0;2;8;1;5;
64208;202000042067;154 668 399;B01;2;1;0;2;0;1;5;
64209;202000042068;154 668 395;A01;2;2;0;0;0;2;1;
64210;202000042070;154 668 392;A01;1;7;0;1;2;14;1;
64211;202000042071;154 668 391;A01;0;7;8;0;1;1;1;
64212;202000042072;154 668 389;A01;2;7;0;2;3;21;1;
64213;202000042072;154 668 390;B01;1;33;0;2;1;13;1;
64214;202000042073;154 668 388;A01;1;7;13;0;2;14;1;
64215;202000042074;154 668 386;A01;1;7;0;2;2;5;0;
64216;202000042074;154 668 387;B01;2;7;0;2;2;1;0;
64217;202000042076;154 668 383;A01;3;36;13;0;0;1;1;
64218;202000042077;154 668 381;B01;2;31;0;2;1;1;1;
64219;202000042077;154 668 382;A01;1;7;0;2;2;13;1;
64220;202000042078;154 668 380;A01;1;7;6;0;1;13;1;
64221;202000042079;154 668 378;B01;0;1;0;2;8;1;5;
64222;202000042079;154 668 379;A01;0;7;0;9;1;15;1;
64223;202000042080;154 668 377;A01;1;7;6;0;8;0;6;
64224;202000042081;154 668 375;A01;1;7;0;2;3;1;1;
64225;202000042081;154 668 376;B01;1;7;16;2;3;1;1;
64226;202000042082;154 668 373;B01;2;7;0;2;3;14;1;
64227;202000042082;154 668 374;A01;1;7;0;2;3;13;1;
64228;202000042083;154 668 371;B01;2;7;4;2;1;1;0;
64229;202000042083;154 668 372;A01;1;7;0;2;3;13;0;
64230;202000042084;154 668 369;A01;1;7;0;2;2;1;1;
64231;202000042084;154 668 370;B01;2;7;0;2;1;1;1;
64232;202000042085;154 668 367;A01;1;7;0;2;3;15;0;
64233;202000042085;154 668 368;B01;2;2;0;2;0;1;0;
64234;202000042086;154 668 365;A01;2;13;0;2;1;13;1;
64235;202000042086;154 668 366;B01;1;15;0;2;1;1;1;
64236;202000042087;154 668 363;B01;2;7;6;2;3;1;1;
64237;202000042087;154 668 364;A01;1;7;0;2;3;13;1;
64238;202000042088;154 668 361;A01;1;7;0;2;7;17;1;
64239;202000042088;154 668 362;B01;1;1;0;2;8;1;5;
64240;202000042089;154 668 360;A01;1;7;0;1;1;1;1;
64241;202000042090;154 668 358;A01;2;7;4;0;3;26;1;
64242;202000042092;154 668 353;A01;2;7;0;2;1;1;1;
64243;202000042092;154 668 354;B01;2;10;0;2;0;2;1;
64244;202000042093;154 668 351;A01;1;7;0;2;4;4;1;
64245;202000042093;154 668 352;B01;1;17;0;2;1;1;1;
64246;202000042094;154 668 348;C01;2;7;4;0;4;0;1;
64247;202000042094;154 668 349;B01;2;7;1;2;2;12;0;
64248;202000042094;154 668 350;A01;2;33;4;0;1;3;1;
64249;202000042095;154 668 346;A01;1;7;3;2;2;2;1;
64250;202000042095;154 668 347;B01;1;7;0;2;3;1;1;
64251;202000042096;154 668 343;A01;2;7;0;2;1;2;1;
64252;202000042096;154 668 344;B01;2;7;3;2;4;2;1;
64253;202000042096;154 668 345;C01;2;7;4;2;5;2;3;
64254;202000042097;154 668 341;B01;2;7;0;2;4;2;1;
64255;202000042097;154 668 342;A01;2;10;0;2;1;2;1;
64256;202000042098;154 668 339;A01;2;14;1;0;1;14;1;
64257;202000042098;154 668 340;B01;2;7;0;2;4;23;1;
64258;202000042099;154 668 336;A01;1;7;0;2;1;13;1;
64259;202000042099;154 668 337;C01;2;7;4;0;1;21;1;
64260;202000042099;154 668 338;B01;1;7;0;2;1;1;1;
64261;202000042100;154 668 334;B01;2;7;0;2;4;1;1;
64262;202000042100;154 668 335;A01;2;7;0;2;1;1;1;
64263;202000042101;154 668 329;A01;2;7;0;2;1;1;1;
64264;202000042101;154 668 330;C01;2;7;0;2;4;1;1;
64265;202000042101;154 668 331;B01;2;7;0;2;5;1;1;
64266;202000042101;154 668 332;E01;2;7;0;2;3;21;1;
64267;202000042101;154 668 333;D01;2;7;0;2;4;1;1;
64268;202000042102;154 668 328;A01;1;7;0;2;9;11;1;
64269;202000042103;154 668 327;A01;2;1;0;1;8;1;6;
64270;202000042104;154 668 325;A01;0;13;0;2;2;12;1;
64271;202000042104;154 668 326;B01;3;7;0;2;3;1;1;
64272;202000042106;154 668 323;A01;2;7;0;1;2;0;0;
64273;202000042107;154 668 321;B01;1;40;0;2;1;1;3;
64274;202000042107;154 668 322;A01;2;1;0;4;1;1;5;
64275;202000042108;154 668 319;B01;1;7;0;2;5;23;1;
64276;202000042108;154 668 320;A01;1;33;14;2;1;14;1;
64277;202000042109;154 668 318;A01;2;7;4;0;3;13;1;
64278;202000042110;154 668 316;B01;1;34;0;2;3;1;1;
64279;202000042110;154 668 317;A01;1;7;0;2;3;15;1;
64280;202000042111;154 668 313;A01;1;7;0;2;2;1;1;
64281;202000042111;154 668 314;B01;1;7;0;2;7;1;1;
64282;202000042111;154 668 315;C01;2;7;0;2;3;15;1;
64283;202000042112;154 668 312;A01;1;1;0;1;1;26;5;
64284;202000042113;154 668 310;B01;1;33;0;2;1;1;1;
64285;202000042113;154 668 311;A01;1;7;0;2;8;10;1;
64286;202000042114;154 668 308;A01;3;7;1;1;3;16;1;
64287;202000042114;154 668 309;B01;3;0;1;2;3;16;0;
64288;202000042115;154 668 306;A01;3;10;0;2;3;13;1;
64289;202000042115;154 668 307;B01;3;10;0;2;3;1;1;