;Num_Acc;id_vehicule;num_veh;senc;catv;obs;obsm;choc;manv;motor;occutc
64290;202000042116;154 668 304;B01;1;2;0;2;7;1;1;
64291;202000042116;154 668 305;A01;1;7;0;2;1;9;1;
64292;202000042117;154 668 302;A01;3;7;0;2;3;15;1;
64293;202000042117;154 668 303;B01;3;7;0;2;7;1;1;
64294;202000042118;154 668 300;B01;0;7;0;2;4;2;1;
64295;202000042118;154 668 301;A01;0;3;0;2;1;2;1;
64296;202000042119;154 668 298;A01;0;1;0;2;1;5;5;
64297;202000042119;154 668 299;B01;0;7;0;2;2;0;1;
64298;202000042121;154 668 294;A01;1;33;0;2;1;1;1;
64299;202000042121;154 668 295;B01;1;7;0;0;0;0;1;
64300;202000042122;154 668 293;Z01;1;7;0;1;0;1;0;
64301;202000042123;154 668 291;A01;1;7;0;2;2;9;0;
64302;202000042123;154 668 292;B01;1;7;0;2;3;2;0;
64303;202000042125;154 668 288;A01;1;7;1;0;3;13;1;
64304;202000042126;154 668 286;A01;3;1;0;2;1;1;5;
64305;202000042126;154 668 287;B01;1;7;0;2;1;1;1;
64306;202000042127;154 668 284;A01;2;7;0;9;7;1;1;
64307;202000042127;154 668 285;B01;2;1;0;2;1;1;5;
64308;202000042128;154 668 282;A01;1;7;0;2;2;26;1;
64309;202000042128;154 668 283;B01;1;7;0;2;8;1;1;
64310;202000042129;154 668 280;B01;2;7;0;2;1;1;1;
64311;202000042129;154 668 281;A01;2;7;0;2;7;1;1;
64312;202000042130;154 668 278;B01;3;1;0;2;8;1;5;
64313;202000042130;154 668 279;A01;3;7;0;2;3;13;1;
64314;202000042131;154 668 276;A01;2;7;1;2;8;24;1;
64315;202000042131;154 668 277;B01;2;1;1;0;1;24;5;
64316;202000042132;154 668 275;A01;0;33;0;0;8;1;1;
64317;202000042133;154 668 274;A01;3;1;0;1;1;5;5;
64318;202000042134;154 668 272;A01;0;7;0;2;3;10;1;
64319;202000042134;154 668 273;B01;0;32;0;0;0;0;1;
64320;202000042135;154 668 270;B01;0;1;0;0;0;0;5;
64321;202000042135;154 668 271;A01;0;7;0;1;2;26;1;
64322;202000042136;154 668 268;A01;3;7;9;0;2;19;1;
64323;202000042136;154 668 269;B01;2;33;0;2;1;1;0;
64324;202000042137;154 668 266;A01;3;30;0;2;7;19;1;
64325;202000042137;154 668 267;B01;3;7;0;2;1;1;1;
64326;202000042139;154 668 262;A01;3;7;9;2;3;5;1;
64327;202000042139;154 668 263;B01;1;7;0;2;8;1;1;
64328;202000042140;154 668 261;A01;2;7;0;0;0;1;1;
64329;202000042141;154 668 259;A01;1;7;0;2;3;15;1;
64330;202000042141;154 668 260;B01;1;2;0;2;1;1;1;
64331;202000042142;154 668 257;A01;1;7;0;2;2;15;1;
64332;202000042142;154 668 258;B01;2;31;0;2;1;18;1;
64333;202000042143;154 668 256;A01;3;50;0;0;0;0;3;
64334;202000042144;154 668 253;B01;2;7;0;2;1;1;1;
64335;202000042144;154 668 254;A01;2;7;0;0;4;16;1;
64336;202000042144;154 668 255;C01;2;7;0;2;1;1;1;
64337;202000042145;154 668 251;A01;3;7;0;9;2;1;1;
64338;202000042145;154 668 252;B01;3;1;0;2;2;26;6;
64339;202000042147;154 668 248;A01;1;7;0;2;1;1;1;
64340;202000042147;154 668 249;B01;2;10;0;2;1;1;1;
64341;202000042148;154 668 246;B01;2;33;0;2;8;1;1;
64342;202000042148;154 668 247;A01;2;7;0;2;2;16;1;
64343;202000042149;154 668 243;C01;1;7;0;2;4;1;1;
64344;202000042149;154 668 244;A01;1;7;0;2;1;1;1;
64345;202000042149;154 668 245;B01;1;7;0;2;4;1;1;
64346;202000042150;154 668 241;A01;1;7;0;2;1;1;1;
64347;202000042150;154 668 242;B01;1;7;0;2;4;1;0;
64348;202000042151;154 668 239;A01;1;14;0;2;5;1;1;
64349;202000042151;154 668 240;B01;1;32;0;2;5;2;1;
64350;202000042152;154 668 237;C01;1;31;0;2;1;23;1;
64351;202000042152;154 668 238;B01;1;7;0;2;8;23;1;
64352;202000042153;154 668 235;A01;1;30;0;2;1;21;1;
64353;202000042153;154 668 236;B01;1;14;0;2;3;1;1;
64354;202000042154;154 668 233;A01;3;33;0;2;1;17;1;
64355;202000042154;154 668 234;B01;3;7;0;2;8;15;1;
64356;202000042155;154 668 231;A01;3;31;0;2;1;1;1;
64357;202000042155;154 668 232;B01;3;10;0;2;2;15;1;
64358;202000042156;154 668 229;A01;2;7;0;2;3;13;1;
64359;202000042156;154 668 230;B01;1;7;0;2;3;1;1;
64360;202000042157;154 668 226;A01;2;7;0;2;1;2;1;
64361;202000042157;154 668 227;C01;2;7;0;2;4;2;1;
64362;202000042157;154 668 228;B01;2;7;0;2;1;2;1;
64363;202000042158;154 668 225;A01;2;7;0;1;2;1;1;
64364;202000042161;154 668 220;B01;2;7;0;2;8;15;1;
64365;202000042161;154 668 221;Z01;1;7;0;2;0;0;1;
64366;202000042162;154 668 218;A01;3;7;0;2;1;9;1;
64367;202000042162;154 668 219;B01;3;2;0;2;1;1;1;
64368;202000042163;154 668 217;A01;1;7;12;0;1;9;1;
64369;202000042164;154 668 215;B01;0;7;0;2;2;15;0;
64370;202000042164;154 668 216;A01;1;30;0;2;1;19;1;
64371;202000042165;154 668 214;A01;0;7;0;1;2;16;0;
64372;202000042166;154 668 211;C01;0;7;0;2;4;1;3;
64373;202000042166;154 668 212;A01;0;7;0;2;1;1;2;
64374;202000042166;154 668 213;B01;0;7;0;2;9;1;1;
64375;202000042168;154 668 206;C01;3;7;0;2;6;23;0;
64376;202000042168;154 668 207;A01;3;7;0;2;3;15;0;
64377;202000042168;154 668 208;B01;3;33;0;2;5;1;0;
64378;202000042169;154 668 204;B01;2;1;0;2;3;2;5;
64379;202000042169;154 668 205;A01;2;7;0;9;2;2;1;
64380;202000042170;154 668 203;A01;2;7;0;1;1;6;1;
64381;202000042171;154 668 201;B01;1;7;0;2;2;1;1;
64382;202000042171;154 668 202;A01;2;7;0;2;1;19;0;
64383;202000042172;154 668 200;A01;1;10;0;1;7;1;1;
64384;202000042173;154 668 198;B01;0;1;0;2;0;0;5;
64385;202000042173;154 668 199;A01;0;7;0;9;1;15;6;
64386;202000042174;154 668 194;Z01;2;7;0;2;4;2;0;
64387;202000042174;154 668 195;C01;2;7;0;2;9;2;1;
64388;202000042174;154 668 196;D01;2;7;0;2;1;2;1;
64389;202000042174;154 668 197;B01;2;7;0;2;9;2;1;
64390;202000042175;154 668 192;A01;1;7;0;2;8;6;1;
64391;202000042175;154 668 193;B01;1;7;0;2;7;1;1;
64392;202000042176;154 668 190;B01;2;7;0;2;1;0;1;
64393;202000042176;154 668 191;A01;1;2;0;2;0;13;1;
64394;202000042177;154 668 189;A01;1;7;0;1;1;1;1;
64395;202000042180;154 668 183;B01;2;7;0;2;8;1;1;
64396;202000042180;154 668 184;A01;2;7;0;2;1;26;1;
64397;202000042181;154 668 180;B01;1;7;0;2;4;2;1;
64398;202000042181;154 668 181;C01;1;7;0;2;1;2;1;
64399;202000042181;154 668 182;A01;1;7;0;2;9;2;1;
64400;202000042182;154 668 178;B01;1;7;0;2;7;1;1;
64401;202000042182;154 668 179;A01;1;7;0;2;1;1;1;
64402;202000042183;154 668 176;B01;3;7;0;2;1;11;1;
64403;202000042183;154 668 177;A01;3;10;0;2;1;21;1;
64404;202000042184;154 668 175;Z01;1;7;0;1;3;13;1;
64405;202000042185;154 668 173;B01;1;40;0;2;3;1;2;
64406;202000042185;154 668 174;A01;1;7;0;4;2;16;1;
64407;202000042186;154 668 172;Z01;1;7;0;1;0;1;1;
64408;202000042187;154 668 171;A01;1;7;0;1;7;1;1;
64409;202000042188;154 668 169;A01;1;7;0;2;3;9;1;
64410;202000042188;154 668 170;B01;1;7;0;2;1;1;1;
64411;202000042189;154 668 168;A01;1;7;0;1;2;16;1;
64412;202000042190;154 668 166;A01;1;7;0;2;3;13;1;
64413;202000042190;154 668 167;B01;2;7;0;2;3;1;1;
64414;202000042191;154 668 164;A01;2;7;0;2;1;1;1;
64415;202000042191;154 668 165;B01;1;1;0;2;1;1;5;
64416;202000042192;154 668 163;A01;2;7;8;1;1;20;1;
64417;202000042193;154 668 161;A01;1;7;0;2;2;13;1;
64418;202000042193;154 668 162;B01;2;2;0;2;3;1;1;
64419;202000042194;154 668 159;B01;1;7;0;2;3;23;1;
64420;202000042194;154 668 160;A01;1;7;0;2;1;15;1;
64421;202000042196;154 668 151;A01;1;7;0;2;8;15;1;
64422;202000042196;154 668 152;B01;1;2;0;2;1;17;1;
64423;202000042197;154 668 150;A01;1;7;0;1;2;21;1;
64424;202000042198;154 668 146;B01;1;7;0;2;4;1;1;
64425;202000042198;154 668 147;A01;1;32;0;2;1;1;1;
64426;202000042199;154 668 145;Z01;1;10;0;1;0;0;0;
64427;202000042200;154 668 143;B01;1;2;0;2;7;1;1;
64428;202000042200;154 668 144;A01;2;7;0;2;3;26;1;
64429;202000042201;154 668 141;B01;1;34;0;2;4;2;1;
64430;202000042201;154 668 142;A01;1;15;0;2;1;15;1;
64431;202000042202;154 668 138;B01;1;7;0;2;4;1;1;
64432;202000042202;154 668 139;C01;1;7;0;2;4;1;1;
64433;202000042202;154 668 140;A01;1;7;0;2;1;1;1;
64434;202000042203;154 668 137;A01;2;7;0;1;2;1;3;
64435;202000042204;154 668 136;A01;3;33;0;0;3;15;1;
64436;202000042205;154 668 134;B01;3;7;0;2;6;9;1;
64437;202000042205;154 668 135;A01;3;2;0;2;1;17;1;
64438;202000042206;154 668 132;B01;3;7;0;2;8;15;0;
64439;202000042206;154 668 133;A01;3;34;0;2;1;2;1;
64440;202000042207;154 668 129;B01;1;32;0;2;1;1;1;
64441;202000042207;154 668 130;A01;2;7;0;2;8;9;1;
64442;202000042207;154 668 131;W01;3;7;1;0;0;0;1;
64443;202000042208;154 668 127;B01;2;1;0;2;5;1;5;
64444;202000042208;154 668 128;A01;2;7;0;2;1;1;1;
64445;202000042209;154 668 125;A01;2;33;0;2;1;21;1;
64446;202000042209;154 668 126;B01;2;7;0;2;5;1;1;
64447;202000042210;154 668 123;A01;3;7;0;2;3;11;1;
64448;202000042210;154 668 124;B01;3;2;0;2;7;1;1;
64449;202000042211;154 668 121;B01;1;7;0;2;7;17;1;
64450;202000042211;154 668 122;A01;1;2;0;2;8;2;1;
64451;202000042212;154 668 120;A01;1;30;0;0;0;15;1;
64452;202000042213;154 668 119;A01;2;80;0;1;1;1;3;
64453;202000042214;154 668 117;B01;2;1;0;2;2;1;5;
64454;202000042214;154 668 118;A01;2;10;0;2;2;9;1;
64455;202000042215;154 668 115;B01;2;10;0;2;7;16;1;
64456;202000042215;154 668 116;A01;2;31;0;2;1;18;1;
64457;202000042216;154 668 113;A01;2;7;0;2;2;16;1;
64458;202000042216;154 668 114;B01;2;30;0;2;6;18;3;
64459;202000042217;154 668 112;A01;2;34;0;1;8;1;1;
64460;202000042218;154 668 110;B01;2;1;0;2;7;1;5;
64461;202000042218;154 668 111;A01;1;7;0;2;3;1;1;
64462;202000042219;154 668 108;A01;1;7;0;2;3;15;1;
64463;202000042219;154 668 109;B01;2;2;0;2;2;8;1;
64464;202000042220;154 668 106;A01;1;1;0;2;8;15;5;
64465;202000042220;154 668 107;B01;1;32;0;2;7;2;1;
64466;202000042221;154 668 105;A01;1;33;1;0;1;1;1;
64467;202000042222;154 668 103;B01;1;34;12;2;4;23;1;
64468;202000042222;154 668 104;A01;1;33;0;2;1;1;1;
64469;202000042223;154 668 102;Z01;2;30;0;1;3;2;0;
64470;202000042224;154 668 100;A01;0;7;0;2;2;9;1;
64471;202000042224;154 668 101;B01;0;99;0;2;7;1;3;
64472;202000042225;154 668 099;A01;2;32;0;1;1;1;1;
64473;202000042226;154 668 097;A01;2;10;0;2;5;12;0;
64474;202000042226;154 668 098;B01;2;7;0;2;5;23;1;
64475;202000042227;154 668 096;A01;1;7;8;0;1;1;1;
64476;202000042228;154 668 094;A01;1;32;0;2;1;1;1;
64477;202000042228;154 668 095;B01;1;7;0;2;3;15;1;
64478;202000042229;154 668 092;B01;1;7;0;2;4;23;1;
64479;202000042229;154 668 093;A01;1;7;0;2;1;13;1;
64480;202000042230;154 668 091;B01;1;1;1;0;1;1;6;
64481;202000042231;154 668 089;A01;2;7;0;2;2;15;1;
64482;202000042231;154 668 090;B01;1;7;0;2;1;1;1;
64483;202000042232;154 668 086;A01;3;7;0;2;1;2;1;
64484;202000042232;154 668 087;B01;3;7;0;2;1;2;1;
64485;202000042232;154 668 088;C01;3;7;0;2;4;2;1;
64486;202000042234;154 668 082;B01;3;32;0;2;7;17;1;
64487;202000042234;154 668 083;A01;3;7;0;2;3;15;1;
64488;202000042235;154 668 081;A01;2;10;0;1;3;1;1;
64489;202000042236;154 668 079;A01;2;1;0;2;2;1;5;
64490;202000042236;154 668 080;B01;2;7;0;2;3;15;1;
64491;202000042237;154 668 077;A01;1;7;0;2;3;15;1;
64492;202000042237;154 668 078;B01;1;32;0;2;2;17;1;
64493;202000042238;154 668 075;B01;1;7;0;2;3;20;0;
64494;202000042238;154 668 076;A01;1;31;0;2;2;13;0;
64495;202000042239;154 668 072;B01;1;1;1;0;0;0;5;
64496;202000042239;154 668 073;C01;1;10;0;2;0;22;1;
64497;202000042239;154 668 074;A01;1;7;0;2;3;26;1;
64498;202000042240;154 668 070;A01;1;10;0;2;1;1;1;
64499;202000042240;154 668 071;B01;1;7;0;2;4;1;1;
64500;202000042241;154 668 069;A01;1;33;0;1;2;1;1;
64501;202000042242;154 668 068;A01;3;13;0;1;3;1;1;
64502;202000042243;154 668 066;A01;1;7;0;2;1;1;0;
64503;202000042243;154 668 067;B01;1;7;0;2;4;1;0;
64504;202000042244;154 668 065;A01;2;7;4;0;3;11;1;
64505;202000042245;154 668 063;B01;0;7;0;2;1;1;1;
64506;202000042245;154 668 064;A01;3;2;0;2;1;19;1;
64507;202000042246;154 668 062;A01;1;7;6;0;1;13;1;
64508;202000042247;154 668 059;B01;1;7;0;2;8;21;1;
64509;202000042247;154 668 060;C01;2;7;0;2;3;26;1;
64510;202000042247;154 668 061;A01;1;7;0;2;1;21;1;
64511;202000042248;154 668 056;C01;1;7;0;2;1;1;1;
64512;202000042248;154 668 057;B01;2;7;0;2;4;1;1;
64513;202000042248;154 668 058;A01;2;15;0;2;1;2;1;
64514;202000042249;154 668 054;A01;2;7;0;2;2;13;1;
64515;202000042249;154 668 055;B01;1;7;0;2;1;1;1;
64516;202000042250;154 668 052;B01;2;15;0;2;1;1;1;
64517;202000042250;154 668 053;A01;1;7;0;2;1;13;1;
64518;202000042251;154 668 051;A01;2;33;6;2;2;0;1;
64519;202000042252;154 668 049;A01;2;7;0;2;1;13;1;
64520;202000042252;154 668 050;B01;1;7;0;2;1;1;1;
64521;202000042253;154 668 047;B01;1;7;0;2;1;1;1;
64522;202000042253;154 668 048;A01;2;7;0;2;1;13;1;
64523;202000042254;154 668 045;B01;1;2;0;2;8;16;1;
64524;202000042254;154 668 046;A01;1;7;0;2;2;1;0;
64525;202000042255;154 668 042;A01;3;21;0;2;4;26;0;
64526;202000042255;154 668 043;B01;3;1;0;2;1;25;5;
64527;202000042256;154 668 040;B01;1;2;0;2;1;1;1;
64528;202000042256;154 668 041;A01;2;7;0;2;8;15;1;
64529;202000042257;154 668 039;A01;1;7;8;0;1;1;1;
64530;202000042258;154 668 037;B01;0;7;0;2;1;1;1;
64531;202000042258;154 668 038;A01;1;7;0;2;8;19;1;
64532;202000042259;154 668 035;A01;2;31;0;2;1;17;1;
64533;202000042259;154 668 036;B01;2;21;0;0;6;1;1;
64534;202000042260;154 668 033;B01;2;36;0;2;3;1;1;
64535;202000042260;154 668 034;A01;2;7;0;2;2;1;1;
64536;202000042261;154 668 032;A01;0;10;16;0;0;1;1;
64537;202000042262;154 668 030;C01;1;2;0;2;1;1;1;
64538;202000042262;154 668 031;A01;2;7;0;2;2;16;1;
64539;202000042263;154 668 029;A01;1;33;7;0;1;1;1;
64540;202000042264;154 668 027;B01;1;7;3;2;3;1;1;
64541;202000042264;154 668 028;A01;2;7;0;2;3;13;1;
64542;202000042265;154 668 025;A01;1;7;15;0;1;1;1;
64543;202000042265;154 668 026;B01;2;7;0;2;1;1;1;
64544;202000042266;154 668 024;A01;1;7;2;0;9;1;1;
64545;202000042269;154 668 019;B01;1;15;0;0;2;12;1;
64546;202000042269;154 668 020;A01;1;7;0;0;6;1;1;
64547;202000042270;154 668 017;B01;1;7;0;2;8;1;1;
64548;202000042270;154 668 018;A01;2;38;0;2;3;1;1;1.0
64549;202000042271;154 668 016;A01;2;7;8;0;2;14;1;
64550;202000042272;154 668 014;A01;1;7;0;2;5;23;0;
64551;202000042272;154 668 015;B01;1;31;0;2;1;18;1;
64552;202000042274;154 668 008;B01;1;7;0;2;3;1;1;
64553;202000042274;154 668 009;A01;2;7;0;2;3;13;0;
64554;202000042274;154 668 010;D01;2;7;0;0;0;1;1;
64555;202000042274;154 668 011;C01;1;10;3;0;8;1;1;
64556;202000042275;154 668 004;A01;1;7;0;2;3;1;1;
64557;202000042275;154 668 005;B01;2;7;0;2;3;1;1;
64558;202000042276;154 668 001;A01;2;33;12;0;1;1;1;
64559;202000042277;154 667 998;B01;1;7;0;2;2;1;1;
64560;202000042277;154 667 999;A01;2;7;3;2;1;5;1;
64561;202000042277;154 668 000;C01;1;99;0;2;1;1;1;
64562;202000042278;154 667 997;A01;2;7;4;0;1;1;1;
64563;202000042279;154 667 994;C01;1;7;0;2;4;2;1;
64564;202000042279;154 667 995;B01;1;7;0;2;4;2;1;
64565;202000042279;154 667 996;A01;1;7;0;2;1;2;1;
64566;202000042280;154 667 991;A01;1;7;0;2;1;2;1;
64567;202000042280;154 667 992;B01;1;7;0;2;1;2;1;
64568;202000042280;154 667 993;C01;1;7;0;2;4;2;1;
64569;202000042281;154 667 990;A01;2;7;4;0;3;21;1;
64570;202000042283;154 667 987;A01;2;7;0;2;3;11;1;
64571;202000042283;154 667 988;B01;2;34;0;2;1;1;1;
64572;202000042284;154 667 985;A01;1;7;0;2;1;0;1;
64573;202000042284;154 667 986;B01;1;14;0;0;4;0;1;
64574;202000042285;154 667 983;B01;2;7;0;2;4;1;1;
64575;202000042285;154 667 984;A01;2;7;0;2;1;12;1;
64576;202000042286;154 667 981;A01;1;7;0;2;2;1;1;
64577;202000042286;154 667 982;B01;1;17;0;2;8;11;1;
64578;202000042287;154 667 980;A01;1;10;0;1;1;1;1;
64579;202000042288;154 667 978;A01;1;33;0;2;0;17;1;
64580;202000042288;154 667 979;B01;0;7;0;2;1;15;1;
64581;202000042289;154 667 976;A01;1;7;0;2;2;1;1;
64582;202000042289;154 667 977;B01;1;7;0;2;3;16;1;
64583;202000042291;154 667 970;A01;1;7;0;2;3;2;1;
64584;202000042291;154 667 971;B01;1;7;0;2;3;26;1;
64585;202000042291;154 667 972;C01;1;7;0;2;3;0;1;
64586;202000042291;154 667 973;D01;1;7;0;2;6;2;1;
64587;202000042292;154 667 968;B01;2;33;0;2;7;2;1;
64588;202000042292;154 667 969;A01;3;7;0;2;1;16;1;
64589;202000042293;154 667 967;A01;3;10;0;1;6;26;1;
64590;202000042294;154 667 965;A01;1;7;0;2;8;9;1;
64591;202000042294;154 667 966;B01;2;7;0;2;3;1;1;
64592;202000042295;154 667 963;B01;2;7;0;2;8;15;1;
64593;202000042295;154 667 964;A01;2;30;0;2;1;1;1;
64594;202000042296;154 667 960;B01;3;7;0;0;1;1;1;
64595;202000042296;154 667 961;A01;3;30;0;2;1;1;1;
64596;202000042297;154 667 956;A01;0;7;0;2;1;2;0;
64597;202000042297;154 667 957;B01;1;2;0;2;4;2;1;
64598;202000042298;154 667 954;B01;1;7;0;2;4;23;1;
64599;202000042298;154 667 955;A01;1;14;0;2;1;2;1;
64600;202000042299;154 667 952;A01;2;7;0;2;8;13;0;
64601;202000042299;154 667 953;B01;2;7;0;2;7;2;0;
64602;202000042300;154 667 950;A01;1;7;0;2;1;2;1;
64603;202000042300;154 667 951;B01;1;7;0;2;4;2;1;
64604;202000042301;154 667 948;A01;2;30;0;2;0;17;1;
64605;202000042301;154 667 949;B01;2;7;0;2;8;15;1;
64606;202000042302;154 667 946;B01;2;7;0;2;1;1;1;
64607;202000042302;154 667 947;A01;2;7;12;2;7;15;1;
64608;202000042303;154 667 944;B01;1;7;0;2;3;1;1;
64609;202000042303;154 667 945;A01;1;32;0;2;3;17;1;
64610;202000042304;154 667 942;B01;1;32;0;2;1;17;1;
64611;202000042304;154 667 943;A01;1;7;0;2;8;15;1;
64612;202000042305;154 667 941;A01;2;7;0;1;2;1;1;
64613;202000042306;154 667 938;A01;1;2;0;2;8;11;1;
64614;202000042306;154 667 939;B01;1;33;0;2;1;1;0;
64615;202000042306;154 667 940;C01;2;7;0;2;1;1;-1;
64616;202000042307;154 667 936;A01;2;7;0;1;3;5;0;
64617;202000042308;154 667 934;B01;1;7;0;2;3;15;1;
64618;202000042308;154 667 935;A01;1;30;0;2;1;17;1;
64619;202000042309;154 667 933;A01;2;30;0;2;0;21;1;
64620;202000042310;154 667 931;B01;2;7;0;2;4;2;1;
64621;202000042310;154 667 932;A01;2;7;0;2;1;2;1;
64622;202000042311;154 667 929;A01;2;13;0;2;2;1;1;
64623;202000042311;154 667 930;B01;2;1;0;2;1;1;5;
64624;202000042312;154 667 928;A01;2;10;8;0;1;17;1;
64625;202000042313;154 667 926;A01;3;10;0;2;1;1;1;
64626;202000042313;154 667 927;B01;3;7;0;2;8;1;1;
64627;202000042314;154 667 924;A01;1;33;0;2;1;17;1;
64628;202000042314;154 667 925;B01;1;7;0;2;4;26;1;
64629;202000042315;154 667 923;Z01;1;31;0;1;1;1;1;
64630;202000042316;154 667 922;A01;1;10;0;1;1;1;1;
64631;202000042317;154 667 920;A01;3;7;0;2;2;1;1;
64632;202000042317;154 667 921;B01;3;2;0;2;8;1;1;
64633;202000042318;154 667 918;B01;1;7;0;2;4;2;1;
64634;202000042318;154 667 919;A01;1;7;0;2;1;2;1;
64635;202000042320;154 667 916;A01;2;37;0;1;1;1;1;1.0
64636;202000042321;154 667 914;B01;2;7;0;2;1;1;1;
64637;202000042321;154 667 915;A01;1;7;0;2;3;16;1;
64638;202000042322;154 667 913;A01;2;7;0;1;1;1;1;
64639;202000042323;154 667 911;A01;3;30;0;2;3;14;1;
64640;202000042323;154 667 912;B01;3;7;0;2;5;15;0;
64641;202000042324;154 667 909;B01;1;7;0;2;8;15;1;
64642;202000042324;154 667 910;A01;1;7;0;2;1;17;1;
64643;202000042325;154 667 908;A01;1;7;2;0;2;13;1;
64644;202000042326;154 667 906;A01;1;50;0;2;5;26;3;
64645;202000042326;154 667 907;B01;1;7;0;2;1;9;1;
64646;202000042328;154 667 901;B01;1;7;0;2;2;0;1;
64647;202000042328;154 667 902;A01;1;7;0;2;2;0;1;
64648;202000042329;154 667 899;B01;2;1;0;2;0;0;5;
64649;202000042329;154 667 900;A01;1;7;0;2;1;0;1;
64650;202000042331;154 667 896;A01;3;7;15;0;1;1;1;
64651;202000042332;154 667 895;A01;2;1;0;1;1;1;5;
64652;202000042333;154 667 894;A01;1;7;0;1;2;1;1;
64653;202000042334;154 667 893;A01;3;7;0;1;2;1;1;
64654;202000042335;154 667 892;A01;2;7;0;1;1;2;1;
64655;202000042336;154 667 891;A01;2;7;0;1;1;1;1;
64656;202000042338;154 667 886;B01;0;1;0;2;7;19;5;
64657;202000042338;154 667 887;C01;0;1;0;2;7;19;5;
64658;202000042338;154 667 888;A01;2;7;0;2;1;1;1;
64659;202000042340;154 667 882;B01;0;7;0;2;4;1;1;
64660;202000042340;154 667 883;A01;0;7;0;2;1;1;1;
64661;202000042341;154 667 881;A01;2;7;0;1;1;1;1;
64662;202000042342;154 667 879;A01;1;3;0;2;1;9;1;
64663;202000042342;154 667 880;B01;1;7;14;0;4;1;1;
64664;202000042343;154 667 878;A01;1;2;0;0;3;26;1;
64665;202000042344;154 667 876;A01;1;14;0;9;1;9;1;
64666;202000042344;154 667 877;B01;1;1;0;2;4;1;5;
64667;202000042345;154 667 874;B01;0;1;0;2;8;16;5;
64668;202000042345;154 667 875;A01;0;7;0;2;7;16;1;
64669;202000042347;154 667 871;A01;1;7;0;2;1;9;1;
64670;202000042347;154 667 872;B01;2;2;0;2;1;17;1;
64671;202000042348;154 667 870;A01;1;7;0;1;1;1;1;
64672;202000042349;154 667 868;A01;2;7;0;2;3;13;1;
64673;202000042349;154 667 869;B01;1;7;0;2;3;1;1;
64674;202000042350;154 667 866;A01;3;7;0;2;5;16;1;
64675;202000042350;154 667 867;B01;3;34;0;2;2;7;1;
64676;202000042351;154 667 864;B01;2;7;0;2;8;15;1;
64677;202000042351;154 667 865;A01;2;10;0;2;1;1;1;
64678;202000042353;154 667 860;A01;2;7;0;2;4;2;1;
64679;202000042353;154 667 861;B01;2;34;0;2;1;2;1;
64680;202000042354;154 667 859;A01;1;31;16;0;7;0;1;
64681;202000042355;154 667 858;A01;1;7;4;0;1;2;1;
64682;202000042356;154 667 856;B01;2;7;0;2;2;1;1;
64683;202000042356;154 667 857;A01;2;33;0;2;1;9;1;
64684;202000042357;154 667 854;B01;2;31;0;2;1;3;1;
64685;202000042357;154 667 855;A01;2;7;0;2;4;11;1;
64686;202000042358;154 667 851;C01;2;7;0;2;4;2;1;
64687;202000042358;154 667 852;B01;2;17;0;2;4;2;1;
64688;202000042358;154 667 853;A01;2;14;0;2;1;2;1;
64689;202000042359;154 667 850;A01;2;33;0;1;1;0;1;
64690;202000042360;154 667 848;A01;2;7;0;2;3;11;1;
64691;202000042360;154 667 849;B01;2;34;0;2;2;9;1;
64692;202000042361;154 667 845;A01;1;7;1;0;7;12;1;
64693;202000042361;154 667 846;B01;1;15;1;0;3;1;1;
64694;202000042361;154 667 847;C01;1;7;1;0;0;0;1;
64695;202000042362;154 667 843;B01;2;10;1;0;4;24;1;
64696;202000042362;154 667 844;A01;2;33;1;0;1;9;1;
64697;202000042363;154 667 841;A01;2;7;0;0;0;0;1;
64698;202000042363;154 667 842;B01;2;32;0;2;0;26;1;
64699;202000042364;154 667 839;A01;2;7;0;0;8;12;1;
64700;202000042364;154 667 840;B01;1;7;0;2;0;26;1;
64701;202000042366;154 667 835;B01;2;7;0;2;5;0;1;
64702;202000042366;154 667 836;A01;2;7;0;2;3;2;1;
64703;202000042367;154 667 833;B01;1;7;0;2;4;1;1;
64704;202000042367;154 667 834;A01;1;10;0;2;1;2;1;
64705;202000042368;154 667 831;A01;2;7;0;2;3;11;1;
64706;202000042368;154 667 832;B01;2;7;4;2;4;1;1;
64707;202000042369;154 667 829;A01;2;7;0;2;5;12;1;
64708;202000042369;154 667 830;B01;2;34;0;2;3;3;1;
64709;202000042370;154 667 828;A01;2;33;0;0;9;13;1;
64710;202000042371;154 667 826;A01;2;33;0;2;3;2;1;
64711;202000042371;154 667 827;B01;2;7;0;2;5;2;1;
64712;202000042372;154 667 825;A01;2;7;4;0;1;1;1;
64713;202000042374;154 667 822;A01;2;33;0;0;9;26;1;
64714;202000042375;154 667 819;C01;2;7;0;2;7;1;1;
64715;202000042375;154 667 820;A01;2;17;0;2;2;12;1;
64716;202000042375;154 667 821;B01;2;7;0;2;4;11;1;
64717;202000042376;154 667 817;A01;0;7;0;2;3;15;1;
64718;202000042376;154 667 818;B01;0;1;0;0;0;0;0;
64719;202000042377;154 667 815;A01;1;7;0;2;1;17;1;
64720;202000042377;154 667 816;B01;1;3;4;2;4;1;1;
64721;202000042378;154 667 814;A01;1;7;0;1;2;1;1;
64722;202000042379;154 667 812;B01;2;7;0;2;3;1;1;