;Num_Acc;id_vehicule;num_veh;senc;catv;obs;obsm;choc;manv;motor;occutc
65156;202000042665;154 667 313;A01;2;7;0;2;3;17;0;
65157;202000042666;154 667 309;A01;1;10;0;1;2;24;0;
65158;202000042667;154 667 307;A01;3;2;0;1;0;0;1;
65159;202000042668;154 667 305;B01;0;7;0;2;2;15;1;
65160;202000042668;154 667 306;A01;0;31;0;2;1;17;1;
65161;202000042669;154 667 303;B01;3;80;1;2;1;1;3;
65162;202000042669;154 667 304;A01;3;7;1;2;3;9;1;
65163;202000042670;154 667 302;Z01;3;32;0;1;1;0;0;
65164;202000042671;154 667 297;A01;2;1;0;2;8;19;5;
65165;202000042671;154 667 298;B01;2;7;0;2;8;5;1;
65166;202000042672;154 667 294;A01;0;7;14;0;2;0;1;
65167;202000042673;154 667 301;B01;2;7;0;2;1;2;1;
65168;202000042673;154 667 308;A01;2;7;0;2;4;2;1;
65169;202000042674;154 667 295;B01;2;7;0;0;4;2;1;
65170;202000042674;154 667 296;A01;2;7;0;2;1;2;1;
65171;202000042675;154 667 292;A01;2;34;0;2;8;26;1;
65172;202000042676;154 667 290;A01;3;1;0;2;1;1;5;
65173;202000042676;154 667 291;B01;3;1;0;2;1;1;5;
65174;202000042677;154 667 288;B01;3;7;0;2;4;23;0;
65175;202000042677;154 667 289;A01;3;7;0;2;1;1;1;
65176;202000042678;154 667 287;A01;0;7;0;1;3;15;0;
65177;202000042679;154 667 285;B01;2;7;0;2;1;1;1;
65178;202000042679;154 667 286;A01;1;2;0;2;1;1;1;
65179;202000042680;154 667 283;A01;1;7;0;2;3;17;1;
65180;202000042680;154 667 284;B01;2;7;0;2;0;0;1;
65181;202000042681;154 667 281;A01;1;7;0;1;1;1;1;
65182;202000042682;154 667 280;A01;2;7;11;2;1;1;1;
65183;202000042683;154 667 279;A01;2;7;15;0;5;26;1;
65184;202000042684;154 667 277;A01;1;7;0;2;6;9;3;
65185;202000042684;154 667 278;B01;1;33;0;2;1;9;1;
65186;202000042685;154 667 276;A01;3;7;0;0;9;0;1;
65187;202000042686;154 667 274;B01;0;30;0;2;1;0;6;
65188;202000042686;154 667 275;A01;0;30;0;2;1;26;6;
65189;202000042687;154 667 272;A01;1;7;2;0;1;14;1;
65190;202000042688;154 667 282;A01;3;7;0;2;1;13;1;
65191;202000042688;154 667 293;B01;3;7;0;2;3;1;1;
65192;202000042689;154 667 273;A01;2;7;0;0;1;1;0;
65193;202000042690;154 667 269;A01;2;7;0;2;8;10;1;
65194;202000042690;154 667 270;B01;2;2;0;2;9;1;1;
65195;202000042691;154 667 268;Z01;3;7;0;1;7;0;0;
65196;202000042692;154 667 266;B01;2;33;0;2;1;1;1;
65197;202000042692;154 667 267;A01;1;7;0;2;7;15;1;
65198;202000042694;154 667 261;A01;2;7;0;2;1;26;6;
65199;202000042694;154 667 262;B01;-1;7;0;2;5;19;0;
65200;202000042695;154 667 257;A01;2;7;0;0;4;1;1;
65201;202000042695;154 667 258;C01;2;7;0;2;1;2;1;
65202;202000042695;154 667 259;B01;2;7;0;2;4;2;1;
65203;202000042695;154 667 260;D01;2;15;0;2;3;2;1;
65204;202000042696;154 667 256;A01;2;7;1;0;1;14;1;
65205;202000042697;154 667 271;A01;1;7;8;0;3;13;1;
65206;202000042698;154 667 253;B01;1;7;0;2;1;1;0;
65207;202000042698;154 667 254;A01;2;7;0;2;1;5;0;
65208;202000042699;154 667 249;A01;2;30;0;2;1;9;1;
65209;202000042699;154 667 251;B01;1;37;0;2;1;13;1;3.0
65210;202000042700;154 667 248;A01;2;7;0;2;1;17;1;
65211;202000042700;154 667 252;B01;1;15;0;2;1;1;1;
65212;202000042701;154 667 247;B01;3;33;0;2;1;1;1;
65213;202000042701;154 667 250;A01;3;7;0;2;2;9;1;
65214;202000042702;154 667 244;B01;3;7;0;2;4;2;0;
65215;202000042702;154 667 246;A01;1;7;0;2;1;2;0;
65216;202000042703;154 667 243;Z01;2;32;14;0;1;6;0;
65217;202000042704;154 667 240;B01;2;30;0;2;6;15;1;
65218;202000042704;154 667 241;A01;2;32;0;2;6;17;1;
65219;202000042707;154 667 237;A01;1;7;8;0;2;0;1;
65220;202000042708;154 667 234;C01;1;7;0;2;3;23;1;
65221;202000042708;154 667 235;A01;2;7;0;2;2;1;1;
65222;202000042708;154 667 236;B01;1;7;0;2;5;15;1;
65223;202000042709;154 667 231;A01;2;17;0;0;6;23;1;
65224;202000042709;154 667 233;B01;2;14;0;2;2;23;1;
65225;202000042710;154 667 230;A01;3;10;0;2;3;13;1;
65226;202000042710;154 667 232;B01;3;2;0;2;7;15;1;
65227;202000042711;154 667 228;A01;3;2;0;1;1;1;1;
65228;202000042712;154 667 227;A01;0;7;0;2;0;0;1;
65229;202000042712;154 667 229;B01;0;7;0;2;1;1;1;
65230;202000042713;154 667 242;A01;2;32;1;0;1;14;1;
65231;202000042714;154 667 225;A01;3;10;1;1;1;1;1;
65232;202000042715;154 667 226;A01;1;1;0;0;0;0;5;
65233;202000042716;154 667 221;A01;2;33;0;2;1;18;1;
65234;202000042716;154 667 222;B01;2;7;0;2;7;16;1;
65235;202000042717;154 667 219;A01;1;7;0;1;1;1;1;
65236;202000042718;154 667 217;B01;0;7;0;2;5;1;1;
65237;202000042718;154 667 218;A01;0;2;0;2;1;8;1;
65238;202000042719;154 667 216;A01;2;30;0;0;7;15;1;
65239;202000042720;154 667 223;B01;1;1;0;2;2;0;5;
65240;202000042720;154 667 224;A01;2;7;0;9;3;12;1;
65241;202000042721;154 667 220;A01;3;38;3;0;1;1;0;5.0
65242;202000042722;154 667 214;A01;0;7;0;1;1;1;1;
65243;202000042724;154 667 211;A01;2;7;13;0;2;2;1;
65244;202000042725;154 667 209;B01;1;30;0;2;1;1;0;
65245;202000042725;154 667 212;A01;1;10;0;2;8;19;0;
65246;202000042726;154 667 207;A01;1;34;1;0;2;1;1;
65247;202000042729;154 667 201;B01;1;32;0;2;5;1;1;
65248;202000042729;154 667 202;A01;1;7;0;2;3;13;1;
65249;202000042730;154 667 200;A01;0;7;0;2;3;15;1;
65250;202000042730;154 667 203;B01;0;2;0;2;1;1;1;
65251;202000042731;154 667 199;A01;1;7;15;0;2;26;1;
65252;202000042732;154 667 197;B01;2;7;0;2;3;19;6;
65253;202000042732;154 667 198;A01;1;7;0;2;1;1;6;
65254;202000042733;154 667 195;A01;1;7;0;2;1;14;1;
65255;202000042733;154 667 196;B01;1;7;0;2;3;1;1;
65256;202000042734;154 667 194;A01;0;7;13;0;9;1;0;
65257;202000042735;154 667 193;A01;1;33;0;1;6;1;1;
65258;202000042736;154 667 189;A01;1;32;1;2;3;17;1;
65259;202000042736;154 667 191;B01;2;7;0;2;3;1;1;
65260;202000042736;154 667 192;C01;1;7;0;2;8;1;1;
65261;202000042737;154 667 187;A01;1;7;0;2;6;26;1;
65262;202000042737;154 667 188;B01;1;33;0;2;1;1;1;
65263;202000042738;154 667 183;A01;2;32;0;1;1;1;1;
65264;202000042739;154 667 182;Z01;2;32;0;2;6;13;1;
65265;202000042739;154 667 185;A01;2;32;0;2;2;17;1;
65266;202000042740;154 667 184;A01;2;7;0;2;3;13;1;
65267;202000042740;154 667 186;B01;1;7;0;2;3;1;1;
65268;202000042741;154 667 179;B01;1;7;0;2;8;15;1;
65269;202000042741;154 667 181;A01;1;33;0;2;1;3;1;
65270;202000042742;154 667 177;B01;1;1;0;2;2;1;5;
65271;202000042742;154 667 180;A01;1;7;0;2;3;22;1;
65272;202000042743;154 667 175;B01;2;2;0;2;1;1;1;
65273;202000042743;154 667 176;A01;1;7;0;2;1;17;1;
65274;202000042744;154 667 170;B01;2;33;0;2;7;17;1;
65275;202000042744;154 667 173;A01;2;7;0;2;8;15;1;
65276;202000042745;154 667 169;B01;2;7;0;2;8;11;1;
65277;202000042745;154 667 172;A01;2;31;0;2;7;3;1;
65278;202000042746;154 667 167;A01;1;7;0;2;1;6;1;
65279;202000042746;154 667 168;B01;2;7;0;2;8;1;1;
65280;202000042746;154 667 171;C01;2;7;0;2;3;1;1;
65281;202000042747;154 667 164;B01;2;33;0;2;1;1;1;
65282;202000042747;154 667 166;A01;1;7;0;2;2;15;2;
65283;202000042748;154 667 161;A01;1;7;0;0;6;15;1;
65284;202000042748;154 667 163;B01;1;31;0;0;1;17;1;
65285;202000042749;154 667 162;A01;2;10;0;2;6;2;1;
65286;202000042749;154 667 165;B01;2;32;0;2;2;2;1;
65287;202000042750;154 667 160;A01;0;32;7;0;1;17;1;
65288;202000042751;154 667 158;A01;3;7;2;0;8;14;1;
65289;202000042752;154 667 157;B01;2;34;0;2;3;3;1;
65290;202000042752;154 667 159;A01;2;7;0;2;7;12;1;
65291;202000042753;154 667 156;A01;1;7;0;1;3;1;1;
65292;202000042754;154 667 151;A01;1;30;0;1;1;1;1;
65293;202000042755;154 667 148;A01;2;10;0;2;3;15;1;
65294;202000042755;154 667 150;B01;1;7;0;2;1;23;1;
65295;202000042755;154 667 153;C01;0;7;0;2;1;23;1;
65296;202000042756;154 667 149;A01;1;10;0;2;1;26;1;
65297;202000042756;154 667 152;B01;1;7;0;2;4;2;1;
65298;202000042756;154 667 154;D01;1;7;0;2;4;2;1;
65299;202000042756;154 667 155;C01;1;7;0;2;4;2;1;
65300;202000042757;154 667 147;A01;1;32;0;1;8;1;0;
65301;202000042758;154 667 143;A01;1;33;4;2;8;1;1;
65302;202000042758;154 667 145;Z01;1;10;0;2;0;12;1;
65303;202000042759;154 667 144;B01;1;7;0;2;3;21;1;
65304;202000042759;154 667 146;A01;2;7;0;2;3;13;1;
65305;202000042760;154 667 141;B01;1;7;0;2;5;23;1;
65306;202000042760;154 667 142;A01;1;1;0;2;1;2;5;
65307;202000042761;154 667 136;B01;2;20;0;2;8;15;1;
65308;202000042761;154 667 138;A01;2;33;0;2;7;17;1;
65309;202000042762;154 667 131;B01;1;33;0;2;1;1;1;
65310;202000042762;154 667 134;A01;2;7;0;2;5;19;1;
65311;202000042763;154 667 133;B01;2;1;0;2;4;2;5;
65312;202000042763;154 667 135;A01;2;7;0;2;2;2;1;
65313;202000042764;154 667 127;B01;3;7;6;0;8;23;0;
65314;202000042764;154 667 129;A01;2;7;0;2;1;14;0;
65315;202000042765;154 667 126;B01;1;7;0;2;7;22;1;
65316;202000042765;154 667 128;A01;1;33;0;2;8;18;1;
65317;202000042766;154 667 125;A01;3;1;12;0;0;0;5;
65318;202000042767;154 667 124;A01;1;80;11;0;7;12;3;
65319;202000042768;154 667 130;A01;1;7;0;2;4;12;1;
65320;202000042768;154 667 132;E01;1;31;0;2;8;1;1;
65321;202000042768;154 667 137;D01;1;7;0;2;1;2;1;
65322;202000042768;154 667 139;C01;1;7;0;2;1;2;1;
65323;202000042768;154 667 140;B01;1;7;0;2;1;2;1;
65324;202000042769;154 667 122;B01;2;50;0;2;4;1;3;
65325;202000042769;154 667 123;A01;2;7;0;2;3;15;1;
65326;202000042770;154 667 121;A01;0;10;16;0;9;0;1;
65327;202000042771;154 667 118;B01;2;30;0;2;2;1;1;
65328;202000042771;154 667 120;A01;2;7;0;2;3;16;1;
65329;202000042772;154 667 117;B01;3;10;0;2;8;1;1;
65330;202000042772;154 667 119;A01;1;30;0;2;1;1;1;
65331;202000042773;154 667 113;A01;2;7;0;2;2;16;1;
65332;202000042773;154 667 116;B01;1;1;0;0;7;1;5;
65333;202000042774;154 667 112;A01;1;7;0;2;1;11;1;
65334;202000042774;154 667 114;B01;1;1;0;2;4;12;5;
65335;202000042775;154 667 111;A01;3;7;8;0;3;1;1;
65336;202000042776;154 667 110;A01;2;7;3;0;6;17;1;
65337;202000042777;154 667 108;A01;3;7;13;0;1;1;1;
65338;202000042778;154 667 107;A01;3;34;8;0;1;16;1;
65339;202000042779;154 667 106;A01;1;7;2;0;2;26;1;
65340;202000042780;154 667 109;B01;1;30;0;2;1;1;0;
65341;202000042780;154 667 115;A01;1;7;0;2;8;9;0;
65342;202000042782;154 667 101;B01;2;7;0;2;0;2;1;
65343;202000042782;154 667 103;A01;1;7;8;2;1;21;1;
65344;202000042783;154 667 100;B01;1;30;0;2;3;1;1;
65345;202000042783;154 667 102;A01;2;7;0;2;1;1;1;
65346;202000042784;154 667 097;A01;1;7;0;2;7;12;1;
65347;202000042784;154 667 098;B01;1;2;0;2;8;1;3;
65348;202000042785;154 667 096;A01;1;7;0;2;1;9;0;
65349;202000042785;154 667 099;B01;2;7;1;2;1;0;0;
65350;202000042786;154 667 094;Z01;3;7;0;1;1;0;0;
65351;202000042787;154 667 092;A01;1;30;0;2;5;9;1;
65352;202000042787;154 667 093;B01;1;7;0;2;3;9;1;
65353;202000042788;154 667 091;A01;2;7;2;0;9;14;1;
65354;202000042789;154 667 095;A01;1;7;13;0;1;1;1;
65355;202000042791;154 667 089;B01;2;33;0;2;1;1;1;
65356;202000042791;154 667 090;A01;2;10;0;2;3;15;1;
65357;202000042792;154 667 085;A01;3;7;0;1;2;1;1;
65358;202000042793;154 667 081;B01;1;33;0;2;2;3;1;
65359;202000042793;154 667 083;A01;2;7;0;2;3;1;1;
65360;202000042795;154 667 074;A01;3;7;0;0;9;1;1;
65361;202000042796;154 667 070;B01;1;33;0;2;2;17;1;
65362;202000042796;154 667 071;A01;1;7;0;2;6;15;1;
65363;202000042797;154 667 072;A01;2;7;4;0;1;0;1;
65364;202000042797;154 667 076;C01;2;7;0;2;1;1;1;
65365;202000042797;154 667 078;B01;2;7;0;2;1;1;1;
65366;202000042797;154 667 080;D01;2;7;0;2;3;1;1;
65367;202000042798;154 667 069;A01;0;7;0;1;6;4;1;
65368;202000042799;154 667 073;B01;1;2;0;2;1;2;1;
65369;202000042799;154 667 075;A01;2;7;0;2;3;15;1;
65370;202000042800;154 667 068;A01;2;7;13;0;3;13;1;
65371;202000042801;154 667 067;A01;2;33;0;0;0;1;6;
65372;202000042802;154 667 065;A01;1;33;16;0;1;1;1;
65373;202000042803;154 667 062;B01;2;3;16;0;4;2;1;
65374;202000042803;154 667 064;A01;2;7;0;2;1;2;1;
65375;202000042804;154 667 066;A01;3;7;9;0;1;1;1;
65376;202000042805;154 667 060;B01;2;17;0;9;1;2;1;
65377;202000042805;154 667 061;C01;2;7;0;9;9;2;1;
65378;202000042805;154 667 063;A01;2;17;0;0;0;2;1;
65379;202000042806;154 667 059;A01;3;1;0;0;1;0;5;
65380;202000042807;154 667 057;A01;1;7;13;0;0;1;0;
65381;202000042808;154 667 053;B01;1;33;0;2;1;1;1;
65382;202000042808;154 667 056;A01;2;7;0;2;1;15;1;
65383;202000042809;154 667 051;A01;1;7;0;2;1;17;1;
65384;202000042809;154 667 055;B01;2;7;0;2;1;1;1;
65385;202000042810;154 667 052;C01;1;7;3;0;3;2;1;
65386;202000042810;154 667 054;B01;1;7;0;2;4;2;1;
65387;202000042810;154 667 058;A01;1;10;0;2;4;2;1;
65388;202000042811;154 667 048;A01;1;7;15;0;2;1;6;
65389;202000042812;154 667 049;A01;2;7;13;0;1;1;1;
65390;202000042813;154 667 047;B01;1;7;0;2;1;1;1;
65391;202000042813;154 667 050;A01;2;7;0;2;1;13;1;
65392;202000042814;154 667 040;A01;3;7;0;2;7;15;1;
65393;202000042814;154 667 044;B01;3;10;0;2;1;1;1;
65394;202000042815;154 667 042;A01;1;2;2;0;1;0;1;
65395;202000042816;154 667 041;B01;2;7;0;2;1;1;1;
65396;202000042816;154 667 045;A01;1;7;0;2;7;15;1;
65397;202000042817;154 667 043;B01;1;2;0;2;1;1;0;
65398;202000042817;154 667 046;A01;1;7;0;2;3;21;1;
65399;202000042818;154 667 039;A01;2;7;1;0;3;17;1;
65400;202000042819;154 667 038;A01;3;7;0;1;4;20;1;
65401;202000042820;154 667 034;A01;1;1;0;2;4;18;5;
65402;202000042820;154 667 037;B01;1;17;0;2;2;2;1;
65403;202000042821;154 667 033;B01;3;36;0;2;3;9;1;
65404;202000042821;154 667 036;A01;3;2;0;2;1;1;1;
65405;202000042822;154 667 032;A01;3;7;0;2;4;1;1;
65406;202000042822;154 667 035;Z01;3;7;0;2;1;0;1;
65407;202000042823;154 667 030;A01;2;7;13;0;3;0;6;
65408;202000042824;154 667 031;A01;1;7;0;1;1;1;1;
65409;202000042825;154 667 029;A01;3;7;2;0;1;21;1;
65410;202000042826;154 667 028;A01;3;33;0;0;7;1;1;
65411;202000042827;154 667 022;A01;2;7;0;1;1;1;1;
65412;202000042828;154 667 024;B01;2;7;0;2;1;1;1;
65413;202000042828;154 667 027;A01;1;7;0;2;1;13;1;
65414;202000042829;154 667 023;A01;2;30;13;0;7;21;1;
65415;202000042829;154 667 026;B01;2;21;0;0;0;16;1;
65416;202000042830;154 667 021;B01;0;7;0;0;3;26;1;
65417;202000042830;154 667 025;A01;1;1;0;2;1;25;5;
65418;202000042831;154 667 017;A01;3;31;2;0;0;0;1;
65419;202000042833;154 667 015;B01;1;7;0;2;1;1;0;
65420;202000042833;154 667 018;A01;2;7;0;2;1;0;0;
65421;202000042834;154 667 016;C01;1;7;0;2;4;23;1;
65422;202000042834;154 667 019;B01;1;7;0;2;4;23;1;
65423;202000042834;154 667 020;Z01;1;7;0;2;1;1;1;
65424;202000042835;154 667 012;A01;1;7;0;0;8;1;1;
65425;202000042836;154 667 008;B01;3;31;0;2;8;1;1;
65426;202000042836;154 667 011;A01;3;7;0;2;1;1;1;
65427;202000042837;154 667 007;B01;2;43;0;1;1;18;0;
65428;202000042837;154 667 010;A01;2;7;0;0;2;16;0;
65429;202000042838;154 667 006;A01;1;7;17;0;3;13;1;
65430;202000042839;154 667 001;A01;0;37;0;2;3;1;1;1.0
65431;202000042839;154 667 009;B01;0;7;0;2;7;1;1;
65432;202000042840;154 666 999;A01;3;7;9;0;1;1;1;
65433;202000042842;154 666 998;A01;2;7;4;0;8;21;1;
65434;202000042843;154 666 994;A01;1;10;0;2;3;1;1;
65435;202000042843;154 666 997;B01;1;60;0;2;1;9;5;
65436;202000042844;154 666 992;B01;2;7;0;2;2;2;1;
65437;202000042844;154 666 993;A01;2;1;0;2;4;2;5;
65438;202000042846;154 666 986;A01;2;30;0;2;1;5;1;
65439;202000042846;154 666 989;B01;1;7;0;2;3;1;1;
65440;202000042847;154 666 987;B01;1;7;0;2;1;2;1;
65441;202000042847;154 666 990;A01;1;15;0;0;6;23;1;
65442;202000042848;154 666 984;B01;1;7;13;0;9;14;1;
65443;202000042848;154 666 985;A01;2;7;0;2;1;1;1;
65444;202000042849;154 666 980;B01;1;32;0;2;8;7;1;
65445;202000042849;154 666 982;A01;1;7;0;2;2;16;1;
65446;202000042850;154 666 983;A01;2;33;17;0;1;1;1;
65447;202000042851;154 666 979;B01;1;7;0;9;0;1;1;
65448;202000042851;154 666 981;A01;1;33;3;0;8;11;1;
65449;202000042852;154 666 977;A01;1;7;0;1;2;1;0;
65450;202000042854;154 666 976;B01;2;7;0;2;8;15;1;
65451;202000042854;154 666 978;A01;2;31;0;2;1;17;1;
65452;202000042855;154 666 972;B01;1;10;0;9;8;21;6;
65453;202000042855;154 666 973;C01;1;10;0;2;6;23;6;
65454;202000042855;154 666 974;A01;1;15;0;2;0;21;1;
65455;202000042856;154 666 966;A01;1;7;0;2;8;19;0;
65456;202000042856;154 666 967;B01;1;7;0;2;1;1;0;
65457;202000042857;154 666 968;B01;2;31;0;2;1;1;0;
65458;202000042857;154 666 969;C01;1;7;0;2;8;1;1;
65459;202000042857;154 666 970;A01;2;33;0;2;8;13;0;
65460;202000042857;154 666 971;D01;1;7;0;2;3;1;1;
65461;202000042858;154 666 964;B01;2;33;0;2;1;7;1;
65462;202000042858;154 666 965;A01;1;7;0;2;3;15;1;
65463;202000042859;154 666 962;A01;1;33;0;0;1;2;1;
65464;202000042860;154 666 963;A01;2;7;8;0;2;1;1;
65465;202000042861;154 666 958;A01;2;7;13;0;1;1;1;
65466;202000042862;154 666 959;A01;1;7;0;2;3;2;1;
65467;202000042862;154 666 960;B01;1;30;0;2;4;23;1;
65468;202000042863;154 666 956;B01;2;7;0;2;1;1;1;
65469;202000042863;154 666 961;A01;1;7;0;0;2;15;1;
65470;202000042864;154 666 951;B01;2;31;0;2;8;1;1;
65471;202000042864;154 666 955;A01;2;7;0;2;2;17;1;
65472;202000042865;154 666 950;B01;2;7;0;2;3;1;1;
65473;202000042865;154 666 954;A01;1;7;0;2;2;13;1;
65474;202000042866;154 666 949;B01;1;7;0;2;1;7;1;
65475;202000042866;154 666 952;A01;1;30;0;2;2;1;1;
65476;202000042867;154 666 947;A01;2;10;0;2;3;13;1;
65477;202000042867;154 666 948;B01;1;7;0;2;3;13;1;
65478;202000042869;154 666 942;A01;3;7;0;1;3;1;1;
65479;202000042870;154 666 939;A01;1;7;2;0;3;1;5;
65480;202000042871;154 666 938;A01;1;7;0;2;3;1;1;
65481;202000042871;154 666 944;B01;2;32;0;2;7;1;1;
65482;202000042873;154 666 937;B01;3;2;0;2;1;26;1;
65483;202000042873;154 666 940;A01;3;7;0;2;2;1;1;
65484;202000042874;154 666 934;B01;1;7;0;2;3;1;1;
65485;202000042874;154 666 935;A01;2;10;0;2;3;13;1;
65486;202000042876;154 666 926;A01;2;7;0;0;4;2;1;
65487;202000042876;154 666 927;B01;2;33;0;2;1;2;1;
65488;202000042877;154 666 924;B01;1;7;0;2;5;1;1;
65489;202000042877;154 666 925;A01;1;7;12;2;3;13;2;
65490;202000042879;154 666 922;A01;1;7;15;0;2;0;1;
65491;202000042880;154 666 921;Z01;2;7;0;2;1;9;1;
65492;202000042880;154 666 923;A01;2;50;0;2;4;1;3;
65493;202000042881;154 666 919;B01;1;7;0;2;3;13;1;
65494;202000042881;154 666 920;A01;2;7;0;2;3;1;1;
65495;202000042882;154 666 918;A01;3;1;6;0;1;5;6;
65496;202000042883;154 666 916;B01;2;1;0;2;1;1;5;
65497;202000042883;154 666 917;A01;2;7;0;2;3;22;1;
65498;202000042884;154 666 914;A01;2;33;2;0;2;1;1;
65499;202000042885;154 666 928;A01;1;7;0;2;1;17;1;
65500;202000042885;154 666 930;B01;2;10;0;2;1;1;1;
65501;202000042886;154 666 911;B01;2;10;0;2;1;1;1;
65502;202000042886;154 666 912;A01;1;33;0;2;1;5;1;
65503;202000042887;154 666 909;B01;1;32;0;2;7;17;1;
65504;202000042887;154 666 910;A01;1;7;0;2;3;17;1;
65505;202000042888;154 666 908;A01;1;2;0;0;7;0;0;
65506;202000042889;154 666 906;A01;3;31;8;0;1;1;1;
65507;202000042890;154 666 905;B01;1;14;0;2;1;14;1;
65508;202000042890;154 666 907;A01;1;15;0;2;4;23;1;
65509;202000042891;154 666 913;B01;2;7;0;2;1;1;1;
65510;202000042891;154 666 915;A01;1;33;0;2;1;13;1;
65511;202000042892;154 666 904;A01;2;1;0;0;0;1;5;
65512;202000042893;154 666 898;A01;3;7;0;2;3;9;1;
65513;202000042893;154 666 900;B01;3;1;0;2;5;1;5;
65514;202000042894;154 666 896;B01;2;1;0;0;4;1;6;
65515;202000042894;154 666 897;A01;2;10;0;2;1;1;1;
65516;202000042895;154 666 899;A01;1;7;0;2;2;16;1;
65517;202000042895;154 666 902;B01;2;50;0;2;7;1;3;
65518;202000042896;154 666 901;B01;2;32;0;2;1;3;1;
65519;202000042896;154 666 903;A01;2;7;0;2;4;1;1;
65520;202000042897;154 666 891;A01;1;15;0;2;5;14;6;
65521;202000042897;154 666 895;B01;1;7;0;2;6;12;1;
65522;202000042898;154 666 892;A01;1;7;0;2;5;17;0;
65523;202000042898;154 666 894;B01;1;21;13;2;1;2;0;
65524;202000042899;154 666 887;A01;1;31;0;1;8;1;1;
65525;202000042900;154 666 886;C01;2;7;0;2;4;23;1;
65526;202000042900;154 666 888;D01;2;7;0;2;4;23;1;
65527;202000042900;154 666 889;E01;2;7;0;2;4;23;1;
65528;202000042900;154 666 890;A01;2;10;3;2;1;2;1;
65529;202000042900;154 666 893;B01;2;7;0;2;4;23;1;
65530;202000042901;154 666 884;A01;2;33;13;0;1;1;1;
65531;202000042902;154 666 879;A01;1;7;0;2;3;15;0;
65532;202000042902;154 666 881;B01;1;33;0;2;2;1;1;
65533;202000042903;154 666 882;B01;2;10;0;2;4;2;1;
65534;202000042903;154 666 883;C01;2;31;0;2;2;2;1;
65535;202000042903;154 666 885;A01;2;7;0;2;1;2;1;
65536;202000042904;154 666 877;A01;1;7;13;9;1;14;1;
65537;202000042905;154 666 872;A01;1;10;3;0;5;14;1;
65538;202000042906;154 666 875;A01;1;7;0;2;1;2;1;
65539;202000042906;154 666 876;B01;1;7;0;2;4;23;1;
65540;202000042907;154 666 869;E01;1;7;0;2;0;0;1;
65541;202000042907;154 666 870;D01;1;7;0;2;4;23;1;
65542;202000042907;154 666 871;C01;1;7;0;2;4;23;1;
65543;202000042907;154 666 873;B01;1;7;0;2;4;23;1;
65544;202000042907;154 666 874;A01;1;10;0;2;1;1;1;
65545;202000042908;154 666 868;A01;1;50;0;0;0;1;3;
65546;202000042909;154 666 864;A01;1;17;4;0;8;13;1;
65547;202000042910;154 666 865;A01;1;34;0;0;9;2;1;
65548;202000042911;154 666 878;B01;3;7;0;2;8;1;1;
65549;202000042911;154 666 880;A01;3;7;0;2;8;1;1;
65550;202000042912;154 666 866;A01;1;30;0;2;1;26;1;
65551;202000042912;154 666 867;B01;1;7;0;2;4;1;1;
65552;202000042914;154 666 855;B01;3;7;0;2;6;1;1;
65553;202000042914;154 666 857;A01;3;7;0;2;3;1;0;
65554;202000042915;154 666 854;B01;3;30;0;2;1;0;1;
65555;202000042915;154 666 856;A01;3;7;0;2;1;0;1;
65556;202000042916;154 666 848;D01;2;7;0;2;4;2;1;
65557;202000042916;154 666 853;A01;2;7;0;2;1;2;1;
65558;202000042916;154 666 859;B01;2;7;0;2;4;2;1;
65559;202000042916;154 666 860;C01;2;7;0;2;4;2;1;
65560;202000042917;154 666 847;B01;2;7;0;2;6;18;1;
65561;202000042917;154 666 851;A01;2;7;0;2;2;26;1;
65562;202000042918;154 666 849;B01;2;33;0;2;7;1;1;
65563;202000042918;154 666 852;A01;2;7;0;2;5;9;1;
65564;202000042919;154 666 841;C01;1;7;0;2;3;1;1;
65565;202000042919;154 666 843;B01;2;33;0;2;1;1;1;
65566;202000042919;154 666 845;A01;1;7;0;2;7;15;1;
65567;202000042920;154 666 842;A01;2;7;0;2;0;12;0;
65568;202000042920;154 666 844;B01;2;7;0;2;0;1;0;
65569;202000042920;154 666 846;C01;2;7;0;2;0;1;0;
65570;202000042921;154 666 840;A01;1;33;0;0;1;1;1;
65571;202000042922;154 666 850;A01;2;7;0;2;1;12;1;
65572;202000042922;154 666 858;B01;2;7;0;2;6;1;1;
65573;202000042923;154 666 838;A01;-1;7;0;2;1;2;1;
65574;202000042923;154 666 839;B01;-1;7;14;0;4;2;0;
65575;202000042924;154 666 833;C01;2;7;0;2;4;2;1;
65576;202000042924;154 666 834;D01;2;7;0;2;4;2;1;
65577;202000042924;154 666 835;E01;2;7;0;2;4;2;0;
65578;202000042924;154 666 836;B01;2;7;0;2;4;2;1;
65579;202000042924;154 666 837;A01;2;10;0;2;1;2;1;
65580;202000042925;154 666 832;A01;1;7;4;0;1;13;1;
65581;202000042926;154 666 830;A01;1;7;0;2;7;15;1;
65582;202000042926;154 666 831;B01;1;7;0;2;8;1;1;
65583;202000042927;154 666 828;B01;1;10;0;2;5;12;1;
65584;202000042927;154 666 829;A01;1;43;0;2;1;3;1;
65585;202000042928;154 666 827;A01;1;31;0;1;0;26;0;
65586;202000042929;154 666 825;B01;2;34;0;2;8;1;1;
65587;202000042929;154 666 826;A01;2;7;0;2;7;12;1;