;Num_Acc;id_vehicule;num_veh;senc;catv;obs;obsm;choc;manv;motor;occutc
65588;202000042931;154 666 822;Z01;1;0;0;2;0;0;0;
65589;202000042931;154 666 823;A01;1;32;0;2;7;1;1;
65590;202000042932;154 666 821;A01;1;2;0;0;9;16;1;
65591;202000042933;154 666 816;B01;1;7;0;2;3;1;1;
65592;202000042933;154 666 818;A01;2;7;0;2;2;15;1;
65593;202000042935;154 666 813;A01;2;7;4;0;3;17;1;
65594;202000042936;154 666 812;A01;2;7;0;0;8;19;1;
65595;202000042936;154 666 814;B01;2;15;0;2;1;21;1;
65596;202000042937;154 666 810;B01;1;7;0;2;4;2;1;
65597;202000042937;154 666 811;A01;1;7;0;2;1;2;1;
65598;202000042938;154 666 809;A01;1;33;0;6;1;2;1;
65599;202000042939;154 666 807;B01;3;1;0;2;4;1;5;
65600;202000042939;154 666 808;A01;1;7;0;9;3;9;1;
65601;202000042940;154 666 806;A01;1;7;2;0;1;1;1;
65602;202000042942;154 666 802;A01;1;7;0;2;3;5;0;
65603;202000042942;154 666 804;B01;2;15;0;2;3;5;0;
65604;202000042944;154 666 798;A01;2;7;0;9;2;15;1;
65605;202000042944;154 666 801;B01;2;1;0;2;7;2;5;
65606;202000042945;154 666 797;A01;1;38;13;0;2;1;1;3.0
65607;202000042946;154 666 796;A01;3;7;1;0;3;14;0;
65608;202000042947;154 666 794;A01;2;7;0;2;6;19;1;
65609;202000042947;154 666 795;B01;2;7;0;2;1;1;1;
65610;202000042948;154 666 792;B01;2;2;0;2;8;15;1;
65611;202000042948;154 666 793;A01;2;2;0;2;7;17;1;
65612;202000042949;154 666 791;A01;2;7;2;0;1;13;1;
65613;202000042950;154 666 789;B01;3;33;0;2;2;23;1;
65614;202000042950;154 666 790;A01;3;10;0;2;4;4;1;
65615;202000042951;154 666 786;A01;2;7;0;2;7;19;1;
65616;202000042951;154 666 788;B01;2;7;0;2;1;1;1;
65617;202000042952;154 666 785;A01;2;37;0;9;2;26;1;1.0
65618;202000042953;154 666 783;A01;1;7;0;2;3;15;1;
65619;202000042953;154 666 784;B01;2;7;0;2;3;1;1;
65620;202000042954;154 666 782;A01;2;7;2;0;2;16;0;
65621;202000042955;154 666 781;A01;1;7;0;1;1;1;1;
65622;202000042956;154 666 779;B01;1;7;0;2;1;17;0;
65623;202000042956;154 666 780;A01;2;1;0;2;0;21;5;
65624;202000042957;154 666 776;B01;2;2;0;2;1;2;1;
65625;202000042957;154 666 778;A01;1;7;0;2;7;15;1;
65626;202000042958;154 666 775;B01;1;2;0;2;1;1;1;
65627;202000042958;154 666 777;A01;0;7;0;2;6;10;1;
65628;202000042959;154 666 774;A01;3;30;0;0;1;1;1;
65629;202000042960;154 666 773;A01;3;7;8;0;1;0;0;
65630;202000042962;154 666 769;A01;2;7;0;1;2;2;1;
65631;202000042963;154 666 770;B01;2;7;0;2;1;1;1;
65632;202000042963;154 666 772;A01;1;7;0;2;1;10;1;
65633;202000042964;154 666 765;C01;1;7;0;2;1;1;1;
65634;202000042964;154 666 766;A01;1;7;0;2;2;15;1;
65635;202000042964;154 666 768;B01;2;7;0;2;2;1;1;
65636;202000042965;154 666 763;A01;2;33;13;0;7;14;1;
65637;202000042966;154 666 762;A01;1;7;13;0;1;1;1;
65638;202000042967;154 666 760;B01;2;7;0;2;1;1;1;
65639;202000042967;154 666 761;A01;1;7;0;2;1;1;1;
65640;202000042969;154 666 757;A01;2;7;0;2;7;0;1;
65641;202000042969;154 666 758;B01;1;7;0;2;2;1;1;
65642;202000042970;154 666 764;A01;1;33;0;2;1;9;1;
65643;202000042970;154 666 767;B01;1;7;1;2;5;1;1;
65644;202000042971;154 666 753;B01;2;7;0;2;6;1;1;
65645;202000042971;154 666 754;C01;2;7;0;2;3;1;1;
65646;202000042971;154 666 755;A01;2;10;0;2;1;13;1;
65647;202000042972;154 666 750;B01;3;7;14;2;3;21;1;
65648;202000042972;154 666 751;A01;3;7;14;2;9;13;1;
65649;202000042972;154 666 752;C01;3;15;14;2;0;1;1;
65650;202000042973;154 666 748;B01;1;2;0;2;1;1;1;
65651;202000042973;154 666 749;A01;0;7;0;2;3;20;1;
65652;202000042974;154 666 745;A01;1;7;0;2;1;2;1;
65653;202000042974;154 666 746;B01;1;7;0;2;1;1;1;
65654;202000042974;154 666 747;C01;1;7;0;2;1;2;1;
65655;202000042975;154 666 742;B01;0;10;0;2;8;15;1;
65656;202000042975;154 666 743;A01;0;43;0;2;7;17;1;
65657;202000042976;154 666 741;A01;2;10;0;1;1;2;4;
65658;202000042977;154 666 740;A01;1;35;0;0;0;0;0;
65659;202000042978;154 666 738;B01;3;7;0;2;1;21;1;
65660;202000042978;154 666 739;A01;1;7;0;2;3;19;1;
65661;202000042979;154 666 737;A01;3;7;13;0;7;21;1;
65662;202000042981;154 666 733;A01;2;1;0;2;8;13;0;
65663;202000042981;154 666 734;B01;1;7;0;2;3;0;1;
65664;202000042983;154 666 730;A01;1;7;0;1;1;15;0;
65665;202000042984;154 666 729;A01;2;7;0;1;1;1;1;
65666;202000042985;154 666 726;A01;3;7;0;2;8;19;1;
65667;202000042985;154 666 727;B01;1;7;0;2;1;1;1;
65668;202000042986;154 666 723;B01;3;7;0;2;2;1;1;
65669;202000042986;154 666 724;A01;3;7;0;2;7;1;1;
65670;202000042987;154 666 721;A01;2;7;0;2;2;16;0;
65671;202000042987;154 666 722;B01;1;1;0;2;0;0;0;
65672;202000042989;154 666 718;A01;2;10;0;2;1;2;1;
65673;202000042989;154 666 719;B01;2;7;0;2;4;2;1;
65674;202000042990;154 666 717;A01;1;32;0;1;1;1;1;
65675;202000042992;154 666 713;A01;3;7;5;0;1;13;1;
65676;202000042993;154 666 711;Z01;2;0;0;2;2;9;0;
65677;202000042993;154 666 712;B01;3;7;0;2;8;23;1;
65678;202000042994;154 666 710;A01;2;7;0;1;1;1;1;
65679;202000042995;154 666 709;A01;1;7;0;1;1;15;1;
65680;202000042996;154 666 706;C01;2;10;0;0;0;26;1;
65681;202000042996;154 666 707;A01;1;7;0;1;3;1;1;
65682;202000042996;154 666 708;B01;2;7;0;2;3;22;1;
65683;202000042997;154 666 705;A01;1;7;0;1;0;16;1;
65684;202000042998;154 666 704;A01;1;37;0;1;2;1;4;1.0
65685;202000042999;154 666 702;A01;3;7;0;2;6;15;1;
65686;202000042999;154 666 703;B01;3;2;0;2;1;1;1;
65687;202000043000;154 666 701;A01;1;7;0;1;1;1;1;
65688;202000043001;154 666 699;A01;2;7;0;2;1;9;1;
65689;202000043001;154 666 700;B01;1;30;0;2;2;1;1;
65690;202000043002;154 666 696;A01;2;7;0;2;3;1;1;
65691;202000043002;154 666 697;B01;2;7;0;2;5;15;1;
65692;202000043002;154 666 698;C01;1;10;0;2;8;1;1;
65693;202000043003;154 666 694;A01;-1;7;0;9;0;24;1;
65694;202000043003;154 666 695;B01;2;1;1;0;1;1;5;
65695;202000043004;154 666 692;B01;3;7;0;0;0;0;1;
65696;202000043004;154 666 693;A01;1;34;1;0;1;14;1;
65697;202000043007;154 666 685;B01;3;7;0;2;5;1;1;
65698;202000043007;154 666 686;A01;1;33;0;2;1;9;1;
65699;202000043008;154 666 683;B01;1;1;0;2;8;1;5;
65700;202000043008;154 666 684;A01;2;10;0;2;2;1;1;
65701;202000043009;154 666 680;C01;1;7;0;2;0;1;1;
65702;202000043009;154 666 681;B01;1;7;0;2;6;1;1;
65703;202000043009;154 666 682;A01;1;10;0;2;1;21;1;
65704;202000043010;154 666 679;A01;1;7;0;1;2;0;1;
65705;202000043012;154 666 675;A01;2;7;0;2;1;15;1;
65706;202000043012;154 666 676;B01;2;1;0;2;7;5;5;
65707;202000043013;154 666 674;A01;1;7;0;1;1;1;1;
65708;202000043014;154 666 668;B01;2;7;0;2;4;2;1;
65709;202000043014;154 666 669;C01;2;7;0;2;4;2;1;
65710;202000043014;154 666 670;E01;2;7;0;2;4;2;1;
65711;202000043014;154 666 671;F01;2;7;0;2;4;2;1;
65712;202000043014;154 666 672;A01;2;7;0;2;1;2;1;
65713;202000043014;154 666 673;D01;2;7;0;2;4;1;1;
65714;202000043015;154 666 666;B01;1;7;0;2;5;2;1;
65715;202000043015;154 666 667;A01;1;34;0;2;1;2;1;
65716;202000043017;154 666 662;A01;1;7;0;2;1;15;1;
65717;202000043017;154 666 663;B01;2;50;0;2;8;1;3;
65718;202000043018;154 666 660;A01;1;34;0;2;5;17;1;
65719;202000043018;154 666 661;Z01;1;7;0;2;0;10;0;
65720;202000043019;154 666 658;B01;0;34;0;2;1;1;1;
65721;202000043019;154 666 659;A01;0;7;0;2;2;15;1;
65722;202000043020;154 666 656;B01;1;1;0;2;4;17;5;
65723;202000043020;154 666 657;A01;1;38;0;2;1;1;1;1.0
65724;202000043021;154 666 652;A01;1;31;0;2;7;17;1;
65725;202000043021;154 666 653;B01;1;7;0;2;8;15;1;
65726;202000043022;154 666 650;B01;3;7;0;2;4;2;1;
65727;202000043022;154 666 651;A01;3;7;0;2;1;2;1;
65728;202000043023;154 666 648;B01;1;7;0;2;1;5;1;
65729;202000043023;154 666 649;A01;2;7;0;2;1;13;1;
65730;202000043024;154 666 646;A01;1;10;0;2;1;2;1;
65731;202000043024;154 666 647;B01;1;7;0;2;4;23;1;
65732;202000043025;154 666 645;A01;2;31;0;1;1;3;1;
65733;202000043026;154 666 644;A01;3;31;0;0;7;1;1;
65734;202000043028;154 666 640;A01;2;34;0;2;7;1;1;
65735;202000043028;154 666 641;B01;1;7;0;2;1;1;1;
65736;202000043029;154 666 638;A01;2;7;0;2;2;1;1;
65737;202000043029;154 666 639;B01;1;33;0;2;1;0;0;
65738;202000043030;154 666 636;B01;0;3;0;2;4;26;0;
65739;202000043030;154 666 637;A01;0;7;0;2;1;2;0;
65740;202000043031;154 666 634;B01;2;33;0;2;1;0;1;
65741;202000043031;154 666 635;A01;2;7;0;2;2;15;1;
65742;202000043032;154 666 633;Z01;1;7;0;1;0;1;1;
65743;202000043033;154 666 632;A01;1;33;1;1;1;17;1;
65744;202000043034;154 666 630;Z01;1;7;0;2;1;0;0;
65745;202000043034;154 666 631;B01;1;7;0;2;2;1;1;
65746;202000043035;154 666 628;A01;1;32;0;2;1;1;1;
65747;202000043035;154 666 629;B01;2;7;0;2;4;23;1;
65748;202000043036;154 666 626;B01;2;7;0;2;8;15;1;
65749;202000043036;154 666 627;A01;1;7;0;2;3;15;1;
65750;202000043037;154 666 624;A01;2;7;0;2;1;1;1;
65751;202000043037;154 666 625;B01;2;7;0;2;4;1;1;
65752;202000043038;154 666 622;T01;2;7;0;0;0;26;1;
65753;202000043038;154 666 623;A01;1;7;7;1;2;21;1;
65754;202000043039;154 666 619;B01;3;7;0;2;4;2;0;
65755;202000043039;154 666 620;C01;3;7;0;2;4;2;1;
65756;202000043039;154 666 621;A01;3;7;0;2;1;2;0;
65757;202000043040;154 666 617;B01;3;2;0;2;1;1;0;
65758;202000043040;154 666 618;A01;3;7;0;2;1;15;1;
65759;202000043041;154 666 615;B01;1;7;0;2;8;15;1;
65760;202000043041;154 666 616;A01;1;30;0;2;1;17;1;
65761;202000043042;154 666 613;B01;3;17;0;2;1;5;1;
65762;202000043042;154 666 614;A01;1;7;0;2;7;13;1;
65763;202000043043;154 666 611;B01;1;1;0;2;1;1;5;
65764;202000043043;154 666 612;A01;1;7;0;2;8;22;1;
65765;202000043044;154 666 609;A01;3;7;0;2;4;16;1;
65766;202000043044;154 666 610;B01;3;37;0;2;3;7;1;1.0
65767;202000043045;154 666 608;A01;1;1;0;1;1;1;5;
65768;202000043046;154 666 606;A01;2;33;0;2;2;17;1;
65769;202000043046;154 666 607;B01;2;10;0;2;0;10;1;
65770;202000043047;154 666 605;A01;2;2;0;1;1;18;1;
65771;202000043048;154 666 604;A01;2;7;1;1;1;1;1;
65772;202000043050;154 666 600;Z01;2;7;0;2;4;2;0;
65773;202000043050;154 666 601;A01;2;80;0;2;1;2;3;
65774;202000043051;154 666 598;B01;2;43;0;2;4;23;1;
65775;202000043051;154 666 599;A01;2;30;0;2;1;2;1;
65776;202000043052;154 666 596;B01;1;50;0;2;1;1;3;
65777;202000043052;154 666 597;A01;1;7;0;2;8;22;2;
65778;202000043053;154 666 594;A01;2;7;0;0;3;9;1;
65779;202000043053;154 666 595;B01;2;30;0;2;1;1;1;
65780;202000043054;154 666 592;A01;2;32;0;2;8;1;1;
65781;202000043054;154 666 593;Z01;2;7;0;2;7;12;0;
65782;202000043055;154 666 590;B01;3;32;0;2;8;23;1;
65783;202000043055;154 666 591;A01;3;10;0;2;8;14;1;
65784;202000043056;154 666 589;A01;2;50;0;1;1;1;3;
65785;202000043057;154 666 588;A01;1;50;12;0;1;14;3;
65786;202000043058;154 666 587;A01;2;1;0;1;1;16;5;
65787;202000043059;154 666 586;A01;2;10;0;1;5;4;1;
65788;202000043060;154 666 585;A01;1;32;0;2;0;21;1;
65789;202000043062;154 666 582;B01;3;50;0;2;3;19;3;
65790;202000043062;154 666 583;A01;2;10;0;2;2;1;1;
65791;202000043063;154 666 580;A01;1;7;0;9;3;1;1;
65792;202000043063;154 666 581;B01;1;1;0;2;1;0;5;
65793;202000043065;154 666 576;B01;3;50;0;2;0;19;3;
65794;202000043065;154 666 577;A01;3;15;0;2;1;16;1;
65795;202000043066;154 666 575;A01;3;7;0;1;2;1;1;
65796;202000043067;154 666 573;B01;2;10;0;2;1;15;1;
65797;202000043067;154 666 574;A01;1;10;0;2;3;16;0;
65798;202000043068;154 666 572;A01;3;32;0;1;1;1;1;
65799;202000043069;154 666 571;Z01;3;0;0;1;0;0;0;
65800;202000043070;154 666 570;A01;2;32;0;1;1;1;1;
65801;202000043071;154 666 568;B01;1;14;0;2;2;1;1;
65802;202000043071;154 666 569;A01;1;7;0;2;3;10;1;
65803;202000043073;154 666 566;A01;0;10;0;1;1;1;1;
65804;202000043074;154 666 565;A01;1;30;1;1;1;21;1;
65805;202000043075;154 666 564;A01;3;7;0;1;1;1;1;
65806;202000043076;154 666 563;A01;2;7;0;1;3;1;1;
65807;202000043078;154 666 559;B01;2;7;0;2;6;2;1;
65808;202000043078;154 666 560;A01;2;33;0;2;1;2;1;
65809;202000043079;154 666 557;B01;1;10;0;2;3;1;1;
65810;202000043079;154 666 558;A01;2;10;0;2;1;1;1;
65811;202000043080;154 666 556;A01;1;7;0;1;1;1;3;
65812;202000043081;154 666 554;B01;1;7;0;2;8;1;1;
65813;202000043081;154 666 555;A01;1;7;0;2;1;15;1;
65814;202000043082;154 666 552;A01;1;32;0;2;1;1;1;
65815;202000043082;154 666 553;B01;2;7;0;0;0;15;1;
65816;202000043083;154 666 551;A01;2;7;0;1;1;1;1;
65817;202000043084;154 666 547;B01;1;2;0;2;1;1;1;
65818;202000043084;154 666 548;A01;2;7;0;2;1;15;1;
65819;202000043085;154 666 544;A01;2;13;0;0;9;1;1;
65820;202000043086;154 666 542;A01;1;7;0;2;2;1;1;
65821;202000043086;154 666 543;B01;2;7;0;2;1;19;1;
65822;202000043087;154 666 541;A01;3;10;0;1;1;1;1;
65823;202000043089;154 666 537;B01;1;7;0;2;1;19;0;
65824;202000043089;154 666 538;A01;1;7;12;2;7;1;1;
65825;202000043091;154 666 535;A01;1;0;0;1;0;1;0;
65826;202000043092;154 666 531;B01;2;7;0;2;6;1;1;
65827;202000043092;154 666 532;C01;1;7;0;2;1;1;1;
65828;202000043092;154 666 533;D01;2;7;0;2;7;1;1;
65829;202000043092;154 666 534;A01;1;7;0;2;2;17;1;
65830;202000043093;154 666 529;A01;0;7;0;2;7;1;1;
65831;202000043093;154 666 530;B01;0;10;0;2;1;1;1;
65832;202000043094;154 666 527;A01;1;7;0;2;1;13;1;
65833;202000043094;154 666 528;B01;2;7;0;2;1;1;1;
65834;202000043095;154 666 525;A01;1;7;8;2;8;13;0;
65835;202000043095;154 666 526;B01;2;7;0;2;1;0;0;
65836;202000043096;154 666 523;A01;1;7;0;2;3;9;1;
65837;202000043096;154 666 524;B01;1;1;0;2;5;1;5;
65838;202000043098;154 666 519;B01;1;7;0;2;1;1;1;
65839;202000043098;154 666 520;A01;2;7;0;2;1;15;1;
65840;202000043099;154 666 518;A01;1;33;14;0;1;6;1;
65841;202000043100;154 666 516;A01;1;10;0;2;3;1;1;
65842;202000043100;154 666 517;B01;2;7;0;2;3;1;1;
65843;202000043101;154 666 514;A01;1;7;0;2;7;15;1;
65844;202000043101;154 666 515;C01;1;7;0;2;3;1;1;
65845;202000043102;154 666 508;A01;1;10;0;9;2;2;1;
65846;202000043102;154 666 509;B01;1;1;0;0;4;2;5;
65847;202000043103;154 666 506;B01;1;33;0;2;1;1;1;
65848;202000043103;154 666 507;A01;2;7;0;2;3;19;1;
65849;202000043104;154 666 504;B01;1;7;0;2;2;14;0;
65850;202000043104;154 666 505;A01;2;7;0;0;7;11;0;
65851;202000043105;154 666 500;A01;1;33;0;2;1;0;0;
65852;202000043105;154 666 501;B01;2;7;0;2;3;5;0;
65853;202000043106;154 666 498;A01;0;7;0;2;1;19;1;
65854;202000043106;154 666 499;B01;0;7;0;2;7;1;1;
65855;202000043107;154 666 496;A01;2;7;0;2;3;15;1;
65856;202000043107;154 666 497;B01;1;33;0;2;1;1;1;
65857;202000043108;154 666 495;A01;2;7;8;0;1;1;1;
65858;202000043109;154 666 493;B01;1;7;15;0;7;1;1;
65859;202000043109;154 666 494;A01;1;7;0;0;1;1;1;
65860;202000043110;154 666 491;B01;3;2;0;2;1;1;1;
65861;202000043110;154 666 492;A01;3;7;0;2;1;11;1;
65862;202000043112;154 666 488;A01;3;2;0;0;8;1;1;
65863;202000043113;154 666 486;B01;2;33;0;2;1;1;1;
65864;202000043113;154 666 487;A01;1;7;0;2;2;15;1;
65865;202000043114;154 666 484;A01;2;7;0;2;3;15;1;
65866;202000043114;154 666 485;B01;1;33;0;2;1;1;1;
65867;202000043115;154 666 482;B01;1;33;13;0;0;13;1;
65868;202000043115;154 666 483;A01;1;7;0;0;0;9;1;
65869;202000043116;154 666 480;B01;1;1;0;2;7;1;5;
65870;202000043116;154 666 481;A01;1;33;0;2;3;14;1;
65871;202000043117;154 666 479;A01;2;7;4;0;0;0;1;
65872;202000043118;154 666 478;A01;0;33;0;0;2;9;1;
65873;202000043119;154 666 476;A01;1;15;0;2;3;13;1;
65874;202000043119;154 666 477;B01;2;7;0;2;8;1;1;
65875;202000043120;154 666 474;A01;3;2;0;2;3;15;0;
65876;202000043120;154 666 475;B01;3;7;0;2;3;1;0;
65877;202000043121;154 666 473;A01;1;33;13;0;7;1;1;
65878;202000043122;154 666 471;A01;2;7;13;0;2;1;1;
65879;202000043122;154 666 472;B01;2;7;0;0;0;9;1;
65880;202000043123;154 666 470;A01;1;33;13;0;9;17;1;
65881;202000043124;154 666 468;B01;3;10;0;2;1;1;1;
65882;202000043124;154 666 469;A01;3;2;0;2;1;13;1;
65883;202000043125;154 666 467;A01;1;7;0;0;2;1;1;
65884;202000043126;154 666 466;A01;2;33;0;6;7;1;1;
65885;202000043127;154 666 464;A01;1;33;0;2;6;1;1;
65886;202000043127;154 666 465;B01;1;7;0;2;2;12;1;
65887;202000043128;154 666 459;E01;1;99;0;0;0;2;6;
65888;202000043128;154 666 460;D01;1;15;1;0;2;21;6;
65889;202000043128;154 666 461;C01;1;99;0;0;4;26;6;
65890;202000043128;154 666 462;B01;1;15;0;0;6;26;6;
65891;202000043128;154 666 463;A01;1;14;1;0;2;1;6;
65892;202000043129;154 666 457;A01;2;33;0;2;5;2;1;
65893;202000043129;154 666 458;B01;2;7;0;2;3;2;2;
65894;202000043130;154 666 455;A01;2;7;0;2;1;1;1;
65895;202000043130;154 666 456;B01;1;30;0;2;1;0;1;
65896;202000043131;154 666 453;B01;2;32;0;2;0;17;1;
65897;202000043131;154 666 454;A01;1;7;0;2;2;15;1;
65898;202000043132;154 666 451;B01;3;34;0;2;0;0;0;
65899;202000043132;154 666 452;A01;3;7;0;2;3;0;1;
65900;202000043133;154 666 450;A01;2;10;0;1;7;1;1;
65901;202000043134;154 666 448;B01;2;7;0;2;1;1;1;
65902;202000043134;154 666 449;A01;1;7;0;2;1;13;1;
65903;202000043135;154 666 446;A01;1;7;0;2;3;13;1;
65904;202000043135;154 666 447;B01;2;7;0;2;3;1;1;
65905;202000043136;154 666 445;A01;2;7;2;0;9;1;1;
65906;202000043137;154 666 442;B01;1;33;0;2;3;1;1;
65907;202000043137;154 666 443;C01;1;33;0;2;3;1;1;
65908;202000043137;154 666 444;A01;2;7;0;2;2;20;1;
65909;202000043138;154 666 441;A01;2;7;13;0;2;1;6;
65910;202000043139;154 666 439;B01;2;7;0;2;1;1;1;
65911;202000043139;154 666 440;A01;3;7;0;2;3;19;1;
65912;202000043140;154 666 437;A01;1;7;0;2;3;13;1;
65913;202000043140;154 666 438;B01;2;7;0;2;3;1;1;
65914;202000043141;154 666 434;C01;2;14;0;0;8;1;1;
65915;202000043141;154 666 435;A01;2;34;0;2;1;1;1;
65916;202000043141;154 666 436;B01;1;7;8;2;2;17;1;
65917;202000043143;154 666 431;A01;1;33;0;2;1;2;1;
65918;202000043143;154 666 432;B01;1;7;0;2;4;2;1;
65919;202000043144;154 666 426;A01;3;7;1;0;1;1;2;
65920;202000043145;154 666 424;B01;1;2;0;2;1;1;0;
65921;202000043145;154 666 425;A01;3;21;0;2;8;9;0;
65922;202000043146;154 666 422;A01;1;7;0;2;5;15;1;
65923;202000043146;154 666 423;B01;1;33;0;2;8;1;1;
65924;202000043147;154 666 421;A01;2;7;8;0;1;14;1;
65925;202000043148;154 666 419;A01;1;7;0;2;3;15;1;
65926;202000043148;154 666 420;B01;2;1;0;2;1;1;5;
65927;202000043150;154 666 416;B01;1;32;0;2;1;1;1;
65928;202000043150;154 666 417;A01;1;7;0;2;7;15;1;
65929;202000043151;154 666 415;A01;3;2;0;0;0;1;1;
65930;202000043152;154 666 414;A01;1;33;6;0;0;1;1;
65931;202000043153;154 666 413;A01;2;1;0;0;0;1;5;
65932;202000043154;154 666 412;A01;3;7;6;0;3;0;0;
65933;202000043155;154 666 407;A01;1;7;1;2;3;19;0;
65934;202000043155;154 666 408;D01;2;7;0;9;1;1;0;
65935;202000043155;154 666 409;E01;2;7;0;9;3;1;1;
65936;202000043155;154 666 410;C01;2;7;0;2;3;1;0;
65937;202000043155;154 666 411;B01;2;7;0;2;3;1;0;
65938;202000043156;154 666 405;B01;1;7;0;2;1;2;1;
65939;202000043156;154 666 406;A01;1;7;6;2;4;1;1;
65940;202000043157;154 666 403;B01;2;7;0;2;1;2;1;
65941;202000043157;154 666 404;A01;2;7;0;2;4;2;1;
65942;202000043158;154 666 400;B01;1;7;0;0;0;0;1;
65943;202000043158;154 666 401;C01;2;10;0;2;1;1;1;
65944;202000043158;154 666 402;A01;2;99;0;2;4;1;1;
65945;202000043160;154 666 395;A01;1;7;0;2;1;2;1;
65946;202000043160;154 666 396;B01;1;7;0;2;4;2;1;
65947;202000043161;154 666 393;B01;1;7;0;2;4;2;1;
65948;202000043161;154 666 394;A01;1;7;0;2;1;2;1;
65949;202000043162;154 666 389;D01;2;7;0;2;4;1;1;
65950;202000043162;154 666 390;A01;2;7;0;2;1;1;1;
65951;202000043162;154 666 391;B01;2;7;0;2;1;1;1;
65952;202000043162;154 666 392;C01;2;7;0;2;4;1;1;
65953;202000043164;154 666 386;A01;2;7;4;0;1;9;1;
65954;202000043165;154 666 384;Z01;1;7;0;2;3;11;0;
65955;202000043165;154 666 385;B01;1;7;0;2;2;1;1;
65956;202000043166;154 666 381;C01;2;7;0;2;6;2;6;
65957;202000043166;154 666 382;B01;2;7;0;2;4;2;1;
65958;202000043166;154 666 383;A01;2;7;0;2;1;2;1;
65959;202000043167;154 666 380;A01;1;7;3;0;1;13;1;
65960;202000043168;154 666 377;C01;2;7;0;2;1;2;1;
65961;202000043168;154 666 378;B01;2;10;0;2;1;2;1;
65962;202000043168;154 666 379;A01;2;7;0;2;4;2;1;
65963;202000043169;154 666 376;A01;2;7;4;0;2;14;1;
65964;202000043170;154 666 375;A01;3;7;0;1;3;4;1;
65965;202000043171;154 666 374;A01;3;0;12;0;0;0;0;
65966;202000043172;154 666 372;A01;1;30;1;0;6;21;1;
65967;202000043172;154 666 373;B01;1;7;0;2;6;20;1;
65968;202000043173;154 666 369;C01;1;7;0;2;6;1;0;
65969;202000043173;154 666 370;B01;1;7;0;2;6;1;0;
65970;202000043173;154 666 371;A01;1;7;0;2;1;11;0;
65971;202000043174;154 666 367;A01;3;7;0;1;2;1;1;
65972;202000043175;154 666 365;Z01;0;7;0;0;0;0;0;
65973;202000043175;154 666 366;A01;0;32;0;2;7;1;1;
65974;202000043176;154 666 364;A01;1;99;8;0;8;13;6;
65975;202000043177;154 666 362;A01;1;10;0;2;1;1;0;
65976;202000043177;154 666 363;B01;1;10;0;2;4;1;0;
65977;202000043179;154 666 359;B01;2;1;0;2;7;17;5;
65978;202000043179;154 666 360;A01;2;7;0;2;2;9;0;
65979;202000043180;154 666 356;A01;3;7;0;9;2;1;1;
65980;202000043180;154 666 357;B01;3;1;-1;-1;-1;1;-1;
65981;202000043181;154 666 355;A01;1;7;12;0;2;14;1;
65982;202000043182;154 666 354;A01;1;2;0;0;0;1;1;
65983;202000043183;154 666 353;A01;2;7;0;1;3;1;1;
65984;202000043184;154 666 351;B01;1;7;0;2;1;26;1;
65985;202000043184;154 666 352;A01;2;7;0;2;1;15;1;
65986;202000043185;154 666 349;B01;2;32;0;2;1;1;1;
65987;202000043185;154 666 350;A01;1;2;0;2;1;1;1;
65988;202000043186;154 666 347;A01;1;7;0;2;2;1;0;
65989;202000043186;154 666 348;B01;2;32;0;2;3;1;0;
65990;202000043187;154 666 346;A01;3;7;0;1;3;1;1;
65991;202000043188;154 666 345;A01;1;7;16;0;0;2;1;
65992;202000043189;154 666 343;B01;1;1;1;0;2;1;5;
65993;202000043189;154 666 344;A01;1;7;0;2;8;22;1;
65994;202000043190;154 666 341;Z01;2;7;0;2;1;2;1;
65995;202000043190;154 666 342;A01;2;33;0;2;4;2;1;
65996;202000043192;154 666 337;B01;2;34;0;2;1;1;1;
65997;202000043192;154 666 338;A01;1;1;0;2;7;10;5;
65998;202000043193;154 666 336;A01;1;32;0;1;1;1;1;
65999;202000043194;154 666 334;A01;1;7;0;2;8;22;1;
66000;202000043194;154 666 335;B01;1;1;0;2;1;1;5;
66001;202000043195;154 666 332;B01;1;7;0;2;5;23;1;
66002;202000043195;154 666 333;A01;1;34;0;2;3;1;1;
66003;202000043197;154 666 328;A01;1;7;0;2;8;9;1;
66004;202000043197;154 666 329;B01;1;2;0;2;1;1;1;
66005;202000043198;154 666 326;B01;2;10;0;2;2;16;1;
66006;202000043198;154 666 327;A01;2;33;0;2;3;18;1;
66007;202000043199;154 666 324;B01;2;1;0;2;0;13;5;
66008;202000043199;154 666 325;A01;2;37;0;2;0;17;1;1.0
66009;202000043200;154 666 322;B01;3;34;0;2;1;1;1;
66010;202000043200;154 666 323;A01;3;1;0;2;4;19;5;
66011;202000043201;154 666 321;A01;3;1;12;0;7;14;5;
66012;202000043202;154 666 319;B01;2;7;4;2;2;1;1;
66013;202000043202;154 666 320;A01;1;7;4;2;3;1;1;
66014;202000043203;154 666 317;A01;2;7;0;2;2;16;1;
66015;202000043203;154 666 318;B01;2;33;0;2;3;1;1;
66016;202000043204;154 666 316;A01;2;30;0;2;1;1;1;
66017;202000043205;154 666 314;B01;2;60;0;2;1;19;5;
66018;202000043205;154 666 315;A01;2;7;0;2;1;1;1;
66019;202000043206;154 666 312;B01;2;7;0;2;5;16;1;
66020;202000043206;154 666 313;A01;2;32;0;2;1;1;1;