;Num_Acc;id_vehicule;num_veh;senc;catv;obs;obsm;choc;manv;motor;occutc
66021;202000043207;154 666 310;A01;-1;7;0;2;1;1;0;
66022;202000043207;154 666 311;B01;-1;7;0;2;3;9;1;
66023;202000043208;154 666 308;B01;2;34;0;2;7;1;1;
66024;202000043208;154 666 309;A01;2;7;0;2;7;10;1;
66025;202000043209;154 666 305;C01;2;7;12;0;1;0;1;
66026;202000043209;154 666 306;B01;2;7;0;2;6;0;1;
66027;202000043209;154 666 307;A01;1;7;0;2;1;13;0;
66028;202000043211;154 666 301;A01;3;7;0;2;5;15;1;
66029;202000043211;154 666 302;B01;-1;7;0;2;1;1;3;
66030;202000043212;154 666 299;B01;2;7;0;2;7;15;1;
66031;202000043212;154 666 300;A01;1;34;0;2;1;1;1;
66032;202000043214;154 666 296;B01;3;2;0;2;1;1;0;
66033;202000043214;154 666 297;A01;3;7;0;2;2;1;2;
66034;202000043215;154 666 295;A01;1;7;0;1;3;1;1;
66035;202000043216;154 666 293;Z01;2;7;0;2;2;16;0;
66036;202000043216;154 666 294;A01;2;30;0;2;1;18;1;
66037;202000043217;154 666 292;A01;2;33;0;0;6;1;1;
66038;202000043218;154 666 291;A01;1;32;0;0;0;15;1;
66039;202000043219;154 666 290;A01;2;7;0;1;8;26;1;
66040;202000043220;154 666 288;B01;0;10;0;2;2;17;0;
66041;202000043220;154 666 289;A01;0;33;0;2;8;26;1;
66042;202000043221;154 666 286;B01;1;32;0;2;2;1;1;
66043;202000043221;154 666 287;A01;1;7;0;2;6;11;1;
66044;202000043222;154 666 284;B01;2;10;0;2;8;10;0;
66045;202000043222;154 666 285;A01;2;10;0;2;1;2;0;
66046;202000043223;154 666 281;A01;2;7;0;2;1;0;1;
66047;202000043223;154 666 282;B01;2;1;0;2;4;1;5;
66048;202000043223;154 666 283;C01;2;1;0;2;4;1;5;
66049;202000043224;154 666 280;A01;1;7;0;0;0;13;1;
66050;202000043225;154 666 279;A01;1;7;14;0;1;0;1;
66051;202000043226;154 666 278;A01;2;7;0;1;1;1;1;
66052;202000043228;154 666 276;A01;2;7;16;0;9;13;1;
66053;202000043229;154 666 274;B01;2;7;7;0;4;1;1;
66054;202000043229;154 666 275;A01;2;7;0;2;1;2;1;
66055;202000043230;154 666 272;B01;1;31;0;0;4;2;1;
66056;202000043230;154 666 273;A01;1;33;0;2;1;2;1;
66057;202000043233;154 666 267;B01;3;1;0;2;1;1;5;
66058;202000043233;154 666 268;A01;3;32;0;2;1;5;1;
66059;202000043234;154 666 265;A01;1;7;7;0;1;14;1;
66060;202000043235;154 666 264;A01;1;7;0;0;7;1;1;
66061;202000043236;154 666 263;A01;3;7;2;0;3;16;0;
66062;202000043237;154 666 261;B01;3;1;0;2;1;1;5;
66063;202000043237;154 666 262;A01;0;7;0;2;2;26;1;
66064;202000043239;154 666 258;A01;2;10;16;0;0;0;1;
66065;202000043240;154 666 256;B01;3;7;13;2;1;1;1;
66066;202000043240;154 666 257;A01;3;7;13;2;7;1;6;
66067;202000043241;154 666 251;A01;2;7;0;2;8;13;1;
66068;202000043241;154 666 252;B01;1;7;0;2;3;1;1;
66069;202000043243;154 666 247;A01;1;33;0;0;7;26;1;
66070;202000043244;154 666 246;A01;0;33;8;0;5;1;1;
66071;202000043245;154 666 245;A01;3;7;12;0;1;19;1;
66072;202000043246;154 666 242;A01;1;31;0;2;1;13;1;
66073;202000043246;154 666 243;B01;2;7;0;2;1;16;1;
66074;202000043247;154 666 241;A01;1;2;0;0;2;16;1;
66075;202000043248;154 666 240;A01;3;33;0;0;8;13;1;
66076;202000043249;154 666 239;A01;3;7;15;0;1;1;1;
66077;202000043250;154 666 237;B01;1;7;0;0;3;1;1;
66078;202000043250;154 666 238;A01;2;2;0;2;1;13;1;
66079;202000043251;154 666 236;A01;1;7;13;0;1;13;1;
66080;202000043252;154 666 234;B01;2;7;0;0;4;1;1;
66081;202000043252;154 666 235;A01;2;33;0;2;1;1;1;
66082;202000043253;154 666 232;B01;3;7;0;9;1;1;1;
66083;202000043253;154 666 233;A01;3;50;0;2;1;5;3;
66084;202000043254;154 666 231;A01;2;7;13;0;1;14;1;
66085;202000043255;154 666 230;A01;2;7;2;0;1;13;1;
66086;202000043256;154 666 229;A01;2;33;0;0;2;0;1;
66087;202000043257;154 666 228;A01;2;33;0;0;0;16;1;
66088;202000043258;154 666 227;A01;2;7;2;0;5;1;1;
66089;202000043259;154 666 226;A01;2;33;3;0;0;1;1;
66090;202000043261;154 666 223;A01;2;7;8;0;7;1;1;
66091;202000043262;154 666 222;A01;2;7;2;0;1;1;1;
66092;202000043263;154 666 221;A01;2;7;1;0;2;0;1;
66093;202000043264;154 666 220;A01;1;7;0;1;3;9;1;
66094;202000043265;154 666 219;A01;3;1;14;0;1;1;5;
66095;202000043266;154 666 217;B01;0;7;0;2;4;1;1;
66096;202000043266;154 666 218;A01;0;7;0;2;1;1;1;
66097;202000043267;154 666 215;A01;3;33;0;2;3;1;1;
66098;202000043267;154 666 216;B01;3;1;0;2;3;1;5;
66099;202000043269;154 666 211;A01;1;7;0;0;6;17;3;
66100;202000043269;154 666 212;B01;1;34;0;2;1;17;1;
66101;202000043270;154 666 210;A01;1;7;6;0;3;16;1;
66102;202000043272;154 666 206;A01;3;7;0;9;3;15;1;
66103;202000043272;154 666 207;B01;3;1;0;2;1;1;6;
66104;202000043274;154 666 202;B01;2;33;0;2;3;1;1;
66105;202000043274;154 666 203;A01;1;7;0;2;3;13;1;
66106;202000043275;154 666 201;A01;2;33;13;0;7;1;1;
66107;202000043276;154 666 199;B01;1;7;0;2;3;1;1;
66108;202000043276;154 666 200;A01;2;7;0;2;3;1;1;
66109;202000043277;154 666 198;A01;1;7;2;0;1;1;1;
66110;202000043278;154 666 196;B01;1;15;0;9;3;1;1;
66111;202000043278;154 666 197;A01;2;33;0;2;1;13;1;
66112;202000043279;154 666 194;A01;1;2;0;2;1;2;0;
66113;202000043279;154 666 195;B01;1;7;0;2;5;2;1;
66114;202000043280;154 666 192;A01;3;7;0;2;7;1;0;
66115;202000043280;154 666 193;B01;3;1;0;2;1;15;5;
66116;202000043281;154 666 190;A01;2;7;0;2;1;15;1;
66117;202000043281;154 666 191;B01;2;7;0;2;7;1;1;
66118;202000043282;154 666 188;A01;2;7;0;2;1;1;1;
66119;202000043282;154 666 189;B01;1;7;0;2;1;15;1;
66120;202000043284;154 666 186;A01;3;10;0;1;4;4;0;
66121;202000043285;154 666 185;A01;1;7;13;0;8;13;1;
66122;202000043286;154 666 184;A01;1;33;12;0;8;16;0;
66123;202000043287;154 666 183;A01;1;1;0;0;0;1;5;
66124;202000043288;154 666 182;A01;2;2;0;0;1;0;1;
66125;202000043289;154 666 180;B01;2;7;0;0;0;23;1;
66126;202000043289;154 666 181;A01;1;35;1;0;1;1;1;
66127;202000043290;154 666 179;A01;1;7;0;0;1;0;1;
66128;202000043292;154 666 175;A01;1;7;0;2;4;1;1;
66129;202000043292;154 666 176;B01;1;7;0;2;1;1;1;
66130;202000043293;154 666 173;B01;2;17;0;2;2;0;1;
66131;202000043293;154 666 174;A01;2;7;0;2;8;1;1;
66132;202000043294;154 666 171;B01;2;7;0;2;2;2;1;
66133;202000043294;154 666 172;A01;2;7;0;2;6;12;1;
66134;202000043296;154 666 166;A01;1;10;0;2;1;2;1;
66135;202000043296;154 666 167;B01;1;10;0;2;4;2;1;
66136;202000043296;154 666 168;C01;1;7;0;2;4;2;1;
66137;202000043297;154 666 164;B01;2;7;0;2;4;2;1;
66138;202000043297;154 666 165;A01;2;10;0;2;1;2;1;
66139;202000043298;154 666 160;A01;1;7;0;2;1;2;1;
66140;202000043298;154 666 161;B01;1;7;0;2;6;2;0;
66141;202000043298;154 666 162;C01;1;10;0;2;2;2;1;
66142;202000043298;154 666 163;D01;1;10;0;2;6;1;1;
66143;202000043299;154 666 157;B01;1;7;0;2;1;2;1;
66144;202000043299;154 666 158;A01;1;7;0;2;1;1;1;
66145;202000043299;154 666 159;C01;0;7;0;2;1;2;0;
66146;202000043300;154 666 156;A01;2;7;0;0;0;26;1;
66147;202000043301;154 666 154;A01;3;7;0;2;5;15;1;
66148;202000043301;154 666 155;B01;3;2;0;2;3;1;1;
66149;202000043302;154 666 153;A01;1;50;0;0;0;21;3;
66150;202000043303;154 666 151;A01;2;7;0;2;1;9;1;
66151;202000043303;154 666 152;B01;2;33;0;2;7;2;1;
66152;202000043304;154 666 150;A01;0;7;0;1;8;16;1;
66153;202000043305;154 666 147;A01;1;33;0;2;1;1;1;
66154;202000043305;154 666 148;C01;1;37;0;2;1;1;1;1.0
66155;202000043305;154 666 149;B01;1;37;0;2;5;9;1;1.0
66156;202000043306;154 666 144;A01;1;7;0;2;1;2;1;
66157;202000043306;154 666 145;B01;1;7;0;2;1;0;3;
66158;202000043306;154 666 146;C01;1;7;0;2;4;0;1;
66159;202000043307;154 666 142;B01;-1;33;0;2;7;1;1;
66160;202000043307;154 666 143;A01;-1;15;0;2;6;16;1;
66161;202000043308;154 666 140;B01;1;7;0;2;3;0;0;
66162;202000043308;154 666 141;A01;1;31;0;2;1;1;0;
66163;202000043309;154 666 138;B01;2;10;0;2;2;0;0;
66164;202000043309;154 666 139;A01;1;10;0;2;3;16;6;
66165;202000043310;154 666 136;A01;2;7;0;2;8;19;1;
66166;202000043310;154 666 137;B01;2;34;0;2;1;1;1;
66167;202000043311;154 666 134;A01;1;10;0;2;3;15;1;
66168;202000043311;154 666 135;B01;2;1;0;2;1;1;5;
66169;202000043312;154 666 132;A01;1;7;0;2;1;2;1;
66170;202000043312;154 666 133;B01;1;7;0;2;4;23;1;
66171;202000043313;154 666 130;A01;1;14;0;2;1;2;1;
66172;202000043313;154 666 131;B01;1;7;0;0;4;16;1;
66173;202000043314;154 666 128;A01;1;7;0;2;3;9;1;
66174;202000043314;154 666 129;B01;1;1;0;2;1;1;5;
66175;202000043315;154 666 127;A01;2;7;0;0;0;1;1;
66176;202000043316;154 666 123;B01;1;10;0;0;4;2;1;
66177;202000043316;154 666 124;A01;1;32;0;2;1;2;1;
66178;202000043317;154 666 121;B01;2;15;0;2;3;1;1;
66179;202000043317;154 666 122;A01;1;10;0;2;3;1;1;
66180;202000043318;154 666 119;B01;1;2;0;2;1;1;1;
66181;202000043318;154 666 120;A01;1;7;0;2;2;1;1;
66182;202000043319;154 666 117;B01;1;21;0;2;3;1;1;
66183;202000043319;154 666 118;A01;2;31;0;2;1;17;1;
66184;202000043321;154 666 112;A01;2;7;0;2;3;15;1;
66185;202000043321;154 666 113;B01;1;1;0;0;1;1;5;
66186;202000043322;154 666 110;B01;0;10;0;2;3;15;0;
66187;202000043322;154 666 111;A01;1;33;0;2;1;1;1;
66188;202000043323;154 666 108;A01;2;7;0;2;3;13;1;
66189;202000043323;154 666 109;B01;1;21;0;2;3;1;1;
66190;202000043324;154 666 107;A01;2;33;0;6;1;1;1;
66191;202000043325;154 666 105;A01;3;7;0;9;7;16;1;
66192;202000043325;154 666 106;B01;3;1;0;2;2;1;5;
66193;202000043326;154 666 104;A01;2;2;1;0;1;1;1;
66194;202000043327;154 666 102;B01;1;7;7;2;2;15;1;
66195;202000043327;154 666 103;A01;2;7;0;2;1;1;1;
66196;202000043328;154 666 101;A01;2;7;12;0;1;1;1;
66197;202000043329;154 666 100;A01;2;7;15;0;2;1;1;
66198;202000043330;154 666 098;A01;1;7;0;2;3;2;1;
66199;202000043330;154 666 099;B01;1;1;0;2;4;2;5;
66200;202000043331;154 666 096;B01;3;31;0;2;2;17;1;
66201;202000043331;154 666 097;A01;0;7;0;2;8;15;1;
66202;202000043333;154 666 094;A01;1;33;0;9;1;6;1;
66203;202000043334;154 666 091;C01;1;15;0;2;6;2;1;
66204;202000043334;154 666 092;B01;2;7;0;2;3;1;1;
66205;202000043334;154 666 093;A01;1;7;0;2;3;5;1;
66206;202000043335;154 666 089;A01;1;7;0;2;3;13;1;
66207;202000043335;154 666 090;B01;2;7;0;2;3;1;1;
66208;202000043336;154 666 088;A01;2;7;0;1;6;1;1;
66209;202000043337;154 666 087;A01;1;7;0;1;2;1;0;
66210;202000043338;154 666 083;A01;2;10;0;2;3;9;1;
66211;202000043338;154 666 084;B01;2;1;0;2;1;1;5;
66212;202000043339;154 666 082;A01;2;33;6;0;1;0;1;
66213;202000043340;154 666 080;A01;1;7;0;2;3;17;1;
66214;202000043340;154 666 081;B01;1;7;0;0;6;15;1;
66215;202000043341;154 666 078;B01;2;10;0;9;2;1;1;
66216;202000043341;154 666 079;A01;3;1;0;2;8;15;5;
66217;202000043342;154 666 076;B01;1;33;0;2;3;13;1;
66218;202000043342;154 666 077;A01;2;21;0;2;8;0;1;
66219;202000043343;154 666 074;A01;1;7;0;9;7;17;1;
66220;202000043343;154 666 075;B01;1;1;0;0;4;1;5;
66221;202000043344;154 666 072;B01;1;7;0;2;2;1;1;
66222;202000043344;154 666 073;A01;2;3;0;2;2;5;1;
66223;202000043345;154 666 070;B01;2;7;5;0;4;2;1;
66224;202000043345;154 666 071;A01;2;33;0;2;1;2;1;
66225;202000043346;154 666 069;A01;1;7;6;0;3;1;1;
66226;202000043347;154 666 067;B01;2;7;0;0;4;23;0;
66227;202000043347;154 666 068;A01;2;7;0;2;1;1;1;
66228;202000043348;154 666 065;B01;2;33;0;2;1;17;1;
66229;202000043348;154 666 066;A01;2;7;0;2;8;10;1;
66230;202000043349;154 666 064;A01;2;7;4;0;3;13;1;
66231;202000043350;154 666 061;C01;1;10;0;2;1;1;1;
66232;202000043350;154 666 062;B01;1;7;0;2;8;1;1;
66233;202000043350;154 666 063;A01;1;17;0;2;7;12;1;
66234;202000043351;154 666 059;A01;1;7;0;2;4;2;1;
66235;202000043351;154 666 060;B01;1;7;0;2;1;2;1;
66236;202000043352;154 666 058;A01;2;33;0;2;3;21;1;
66237;202000043353;154 666 054;D01;2;7;0;2;1;2;1;
66238;202000043353;154 666 055;C01;2;7;0;2;1;2;1;
66239;202000043353;154 666 056;A01;2;14;0;2;2;11;1;
66240;202000043353;154 666 057;B01;2;10;0;2;6;1;1;
66241;202000043354;154 666 051;C01;1;7;0;2;4;2;1;
66242;202000043354;154 666 052;B01;1;7;0;2;4;2;1;
66243;202000043354;154 666 053;A01;1;10;0;2;1;2;1;
66244;202000043355;154 666 048;C01;1;7;0;2;3;1;1;
66245;202000043355;154 666 049;B01;1;17;0;2;2;1;1;
66246;202000043355;154 666 050;A01;1;7;3;2;8;11;1;
66247;202000043357;154 666 045;B01;1;33;0;2;1;3;1;
66248;202000043357;154 666 046;A01;1;7;0;2;6;11;1;
66249;202000043358;154 666 042;A01;0;32;0;2;1;2;1;
66250;202000043358;154 666 043;B01;3;7;0;2;3;15;1;
66251;202000043359;154 666 039;A01;3;7;0;2;1;1;1;
66252;202000043359;154 666 040;B01;3;7;0;2;1;1;1;
66253;202000043359;154 666 041;C01;3;7;0;2;1;1;1;
66254;202000043360;154 666 037;A01;2;31;0;2;1;1;1;
66255;202000043360;154 666 038;B01;2;99;0;2;1;13;1;
66256;202000043362;154 666 034;B01;2;7;0;0;0;1;1;
66257;202000043362;154 666 035;A01;2;7;0;0;0;16;1;
66258;202000043363;154 666 032;B01;1;7;0;2;1;1;1;
66259;202000043363;154 666 033;A01;2;7;0;2;8;1;1;
66260;202000043365;154 666 028;B01;2;10;0;2;3;15;0;
66261;202000043365;154 666 029;A01;1;7;0;2;1;1;0;
66262;202000043366;154 666 026;A01;2;34;0;2;7;13;1;
66263;202000043366;154 666 027;B01;2;10;0;2;3;1;0;
66264;202000043367;154 666 025;A01;1;7;15;0;8;26;1;
66265;202000043368;154 666 023;B01;2;1;0;2;1;2;0;
66266;202000043368;154 666 024;Z01;2;2;0;0;0;0;0;
66267;202000043369;154 666 021;B01;2;7;0;2;2;1;1;
66268;202000043369;154 666 022;A01;2;7;0;2;6;1;1;
66269;202000043370;154 666 016;B01;2;1;0;2;4;1;5;
66270;202000043370;154 666 017;A01;2;7;0;2;1;2;0;
66271;202000043371;154 666 015;A01;1;7;0;1;1;16;0;
66272;202000043373;154 666 012;A01;0;7;0;1;1;15;1;
66273;202000043374;154 666 010;A01;2;7;0;9;3;20;1;
66274;202000043374;154 666 011;B01;2;2;0;2;2;1;1;
66275;202000043376;154 666 007;A01;2;7;0;2;2;16;1;
66276;202000043376;154 666 008;B01;2;1;0;2;3;1;5;
66277;202000043377;154 666 005;B01;2;7;0;2;3;1;1;
66278;202000043377;154 666 006;A01;1;1;0;2;1;19;5;
66279;202000043378;154 666 003;B01;1;7;6;1;4;1;1;
66280;202000043378;154 666 004;A01;2;7;6;2;1;1;1;
66281;202000043379;154 666 002;A01;1;7;9;0;9;1;1;
66282;202000043380;154 666 000;B01;1;7;0;2;2;1;1;
66283;202000043380;154 666 001;A01;1;7;0;2;1;19;1;
66284;202000043381;154 665 999;A01;1;7;0;1;1;15;1;
66285;202000043382;154 665 996;B01;3;7;14;0;4;23;1;
66286;202000043382;154 665 997;Z01;1;7;0;2;1;1;1;
66287;202000043382;154 665 998;A01;1;7;0;2;4;23;1;
66288;202000043383;154 665 994;A01;3;30;0;2;2;16;1;
66289;202000043383;154 665 995;B01;3;10;0;2;8;15;1;
66290;202000043384;154 665 991;B01;2;2;0;2;4;1;1;
66291;202000043384;154 665 992;C01;2;7;0;2;4;1;1;
66292;202000043384;154 665 993;A01;2;7;0;2;2;1;1;
66293;202000043385;154 665 990;A01;1;1;0;0;0;1;5;
66294;202000043386;154 665 988;A01;1;2;0;2;7;15;1;
66295;202000043386;154 665 989;B01;2;7;0;2;1;1;1;
66296;202000043387;154 665 987;A01;3;35;8;0;1;1;1;
66297;202000043389;154 665 984;A01;0;7;0;0;1;15;1;
66298;202000043389;154 665 985;B01;0;7;0;0;0;0;1;
66299;202000043390;154 665 982;B01;2;7;0;2;3;1;1;
66300;202000043390;154 665 983;A01;1;7;0;2;3;13;1;
66301;202000043391;154 665 980;A01;2;33;0;2;1;9;1;
66302;202000043391;154 665 981;B01;2;7;0;2;3;9;1;
66303;202000043392;154 665 979;A01;1;1;12;0;2;1;5;
66304;202000043393;154 665 978;A01;1;31;0;0;0;1;1;
66305;202000043394;154 665 976;A01;1;7;0;2;0;0;1;
66306;202000043394;154 665 977;B01;1;7;0;2;4;2;1;
66307;202000043395;154 665 974;B01;1;1;0;2;3;19;5;
66308;202000043395;154 665 975;A01;2;7;0;2;2;16;1;
66309;202000043396;154 665 972;A01;0;7;0;2;2;11;0;
66310;202000043396;154 665 973;B01;0;7;0;2;3;0;0;
66311;202000043397;154 665 970;A01;2;7;0;2;3;26;1;
66312;202000043397;154 665 971;B01;2;33;0;2;2;1;1;
66313;202000043399;154 665 967;A01;2;7;0;2;2;15;1;
66314;202000043399;154 665 968;B01;1;7;0;2;3;1;1;
66315;202000043400;154 665 966;A01;0;7;8;0;1;14;1;
66316;202000043401;154 665 964;B01;2;10;0;2;1;15;1;
66317;202000043401;154 665 965;A01;1;7;0;2;3;1;1;
66318;202000043403;154 665 960;A01;0;1;0;2;3;13;5;
66319;202000043403;154 665 961;B01;0;7;0;2;2;1;1;
66320;202000043404;154 665 958;B01;1;7;0;2;4;1;1;
66321;202000043404;154 665 959;A01;1;10;0;2;1;1;1;
66322;202000043405;154 665 956;A01;2;7;0;2;3;9;1;
66323;202000043405;154 665 957;B01;2;1;0;2;2;1;5;
66324;202000043406;154 665 954;B01;1;33;0;2;8;1;1;
66325;202000043406;154 665 955;A01;1;7;0;2;2;15;1;
66326;202000043407;154 665 952;A01;3;7;0;2;1;1;1;
66327;202000043407;154 665 953;B01;3;1;0;2;0;0;5;
66328;202000043408;154 665 951;A01;3;10;0;1;4;26;1;
66329;202000043409;154 665 950;A01;1;7;0;1;2;2;1;
66330;202000043411;154 665 947;A01;1;30;0;0;0;0;1;
66331;202000043412;154 665 944;A01;1;7;0;2;1;2;1;
66332;202000043412;154 665 945;B01;1;7;0;2;4;2;1;
66333;202000043412;154 665 946;C01;1;7;0;2;4;2;0;
66334;202000043413;154 665 942;B01;1;2;0;2;1;1;1;
66335;202000043413;154 665 943;A01;2;7;0;2;7;15;1;
66336;202000043414;154 665 939;A01;3;7;14;2;1;2;1;
66337;202000043414;154 665 940;B01;1;7;0;0;6;2;1;
66338;202000043414;154 665 941;C01;3;1;0;2;6;19;5;
66339;202000043415;154 665 937;B01;2;50;0;2;1;25;3;
66340;202000043415;154 665 938;A01;3;7;14;0;2;1;1;
66341;202000043416;154 665 935;B01;1;7;0;2;7;1;1;
66342;202000043416;154 665 936;A01;1;33;0;2;8;1;1;
66343;202000043418;154 665 931;B01;2;2;0;2;2;17;1;
66344;202000043418;154 665 932;A01;2;7;0;2;3;15;1;
66345;202000043419;154 665 930;A01;2;50;12;0;1;1;3;
66346;202000043420;154 665 928;A01;1;10;0;2;2;16;1;
66347;202000043420;154 665 929;B01;1;1;0;2;3;7;5;
66348;202000043421;154 665 927;A01;1;7;0;1;2;1;1;
66349;202000043422;154 665 925;A01;1;7;0;2;8;22;1;
66350;202000043422;154 665 926;B01;1;32;0;2;7;17;1;
66351;202000043425;154 665 919;A01;3;1;0;2;8;19;5;
66352;202000043425;154 665 920;B01;3;7;0;2;1;1;1;
66353;202000043426;154 665 918;A01;1;30;12;0;7;14;1;
66354;202000043427;154 665 916;A01;1;7;0;0;8;15;0;
66355;202000043427;154 665 917;B01;1;33;0;0;7;5;0;
66356;202000043428;154 665 915;A01;1;80;0;1;2;26;3;
66357;202000043429;154 665 913;A01;2;7;0;2;2;1;1;
66358;202000043429;154 665 914;B01;2;7;0;2;3;1;1;
66359;202000043430;154 665 911;A01;1;0;0;2;1;1;0;
66360;202000043430;154 665 912;B01;1;31;0;2;1;15;1;
66361;202000043431;154 665 909;B01;1;32;0;2;6;1;1;
66362;202000043431;154 665 910;A01;1;7;0;2;6;11;1;
66363;202000043432;154 665 908;A01;1;7;12;0;2;26;1;
66364;202000043433;154 665 906;A01;0;7;0;2;2;16;1;
66365;202000043433;154 665 907;B01;1;33;0;2;3;1;1;
66366;202000043434;154 665 904;A01;3;7;0;2;4;23;0;
66367;202000043434;154 665 905;B01;3;10;0;2;1;2;1;
66368;202000043435;154 665 902;B01;3;7;0;2;1;1;1;
66369;202000043435;154 665 903;A01;3;7;0;2;2;1;1;
66370;202000043436;154 665 900;A01;2;30;0;2;7;15;1;
66371;202000043436;154 665 901;B01;2;7;0;2;3;1;1;
66372;202000043437;154 665 898;A01;1;34;0;2;1;1;1;
66373;202000043437;154 665 899;B01;2;7;0;2;2;15;1;
66374;202000043438;154 665 897;A01;2;7;0;1;2;1;1;
66375;202000043439;154 665 895;A01;1;33;0;2;8;9;1;
66376;202000043439;154 665 896;B01;1;7;0;2;2;2;1;
66377;202000043440;154 665 894;A01;1;30;0;2;1;1;0;
66378;202000043441;154 665 893;A01;1;1;1;1;1;1;5;
66379;202000043442;154 665 891;B01;2;2;0;2;1;1;1;
66380;202000043442;154 665 892;A01;1;7;0;2;3;13;1;
66381;202000043443;154 665 889;B01;1;10;0;0;6;24;1;
66382;202000043443;154 665 890;A01;1;10;1;0;1;1;1;
66383;202000043444;154 665 888;A01;3;7;8;0;1;13;1;
66384;202000043445;154 665 886;B01;1;10;3;0;4;1;1;
66385;202000043445;154 665 887;A01;1;10;3;2;1;2;1;
66386;202000043446;154 665 885;A01;1;31;0;0;7;1;1;
66387;202000043447;154 665 884;A01;3;33;0;0;0;1;1;
66388;202000043448;154 665 883;A01;1;33;0;0;8;1;1;
66389;202000043450;154 665 880;A01;1;33;0;2;2;2;1;
66390;202000043450;154 665 882;B01;1;7;0;2;6;23;1;
66391;202000043452;154 665 876;A01;1;7;0;2;1;12;1;
66392;202000043452;154 665 877;B01;1;33;0;2;4;1;1;
66393;202000043453;154 665 874;B01;2;1;0;2;1;1;5;
66394;202000043453;154 665 875;A01;2;7;0;2;8;9;1;
66395;202000043455;154 665 871;A01;1;7;0;2;3;19;1;
66396;202000043455;154 665 872;B01;1;33;0;2;1;1;1;
66397;202000043456;154 665 869;A01;2;10;0;2;1;1;1;
66398;202000043456;154 665 870;B01;1;7;0;2;7;1;1;
66399;202000043457;154 665 868;A01;1;31;0;0;0;1;1;
66400;202000043458;154 665 866;B01;1;33;0;2;7;3;1;
66401;202000043458;154 665 867;A01;1;7;12;2;2;14;1;
66402;202000043459;154 665 864;B01;2;33;0;0;7;1;1;
66403;202000043459;154 665 865;A01;1;7;0;2;8;15;1;
66404;202000043460;154 665 863;A01;2;31;0;1;5;5;1;
66405;202000043462;154 665 859;A01;2;30;0;2;3;7;1;
66406;202000043462;154 665 860;Z01;2;7;0;2;0;14;0;
66407;202000043463;154 665 858;A01;2;7;0;1;2;1;1;
66408;202000043464;154 665 854;A01;2;7;0;2;1;9;1;
66409;202000043464;154 665 855;B01;2;31;0;2;5;16;1;
66410;202000043465;154 665 856;B01;1;33;0;2;4;23;1;
66411;202000043465;154 665 857;A01;1;30;0;2;1;2;1;
66412;202000043467;154 665 850;Z01;0;7;0;2;0;16;0;
66413;202000043467;154 665 852;A01;2;30;0;2;1;1;1;
66414;202000043468;154 665 848;A01;2;1;0;0;0;1;5;
66415;202000043469;154 665 845;B01;0;7;0;2;1;1;1;
66416;202000043469;154 665 847;A01;0;7;0;2;8;19;1;
66417;202000043470;154 665 844;B01;1;30;0;2;1;1;1;
66418;202000043470;154 665 846;A01;2;7;0;2;2;15;1;
66419;202000043472;154 665 841;A01;1;7;0;2;3;1;1;
66420;202000043472;154 665 842;B01;1;30;0;2;4;17;1;
66421;202000043474;154 665 837;A01;3;7;0;2;8;16;1;
66422;202000043474;154 665 840;B01;2;7;0;2;1;1;1;
66423;202000043475;154 665 834;B01;1;10;0;2;8;22;1;
66424;202000043475;154 665 836;A01;1;1;0;2;7;1;5;
66425;202000043476;154 665 832;B01;1;10;0;9;5;4;1;
66426;202000043476;154 665 833;A01;1;80;0;2;2;1;3;
66427;202000043477;154 665 830;A01;3;2;0;0;8;1;1;
66428;202000043478;154 665 829;B01;1;7;0;2;1;15;1;
66429;202000043478;154 665 831;A01;2;30;0;2;1;17;3;
66430;202000043479;154 665 826;B01;2;17;0;2;3;1;1;
66431;202000043479;154 665 827;C01;2;17;0;2;1;1;1;
66432;202000043479;154 665 828;A01;1;17;0;2;1;13;1;
66433;202000043480;154 665 823;A01;1;10;0;2;1;15;1;
66434;202000043480;154 665 824;B01;2;1;0;2;1;7;5;
66435;202000043481;154 665 825;A01;1;7;0;1;2;1;1;
66436;202000043482;154 665 821;A01;1;10;0;2;7;1;1;
66437;202000043482;154 665 822;B01;1;50;0;2;8;13;3;
66438;202000043483;154 665 819;B01;1;7;0;2;1;0;1;
66439;202000043483;154 665 820;A01;2;7;0;2;2;6;1;
66440;202000043484;154 665 817;B01;1;32;0;2;2;1;1;
66441;202000043484;154 665 818;A01;2;7;0;2;3;1;1;
66442;202000043485;154 665 816;A01;1;7;13;0;4;13;1;
66443;202000043486;154 665 814;B01;2;7;0;2;8;15;1;
66444;202000043486;154 665 815;A01;2;32;0;2;2;17;1;
66445;202000043487;154 665 811;A01;3;30;0;1;1;1;1;
66446;202000043488;154 665 812;B01;2;1;0;2;1;1;5;
66447;202000043488;154 665 813;A01;2;7;0;9;2;15;1;
66448;202000043489;154 665 810;A01;2;32;0;0;0;1;1;
66449;202000043490;154 665 808;A01;3;13;0;1;3;2;1;
66450;202000043491;154 665 807;B01;-1;1;0;2;1;2;5;
66451;202000043491;154 665 809;Z01;-1;7;0;2;4;17;1;
66452;202000043492;154 665 804;A01;1;7;0;2;1;15;1;