;Num_Acc;id_vehicule;num_veh;senc;catv;obs;obsm;choc;manv;motor;occutc
66453;202000043492;154 665 806;B01;1;7;0;2;1;13;1;
66454;202000043493;154 665 803;A01;3;7;0;2;8;1;1;
66455;202000043493;154 665 805;B01;1;15;0;2;2;16;1;
66456;202000043494;154 665 800;A01;1;7;0;2;1;2;1;
66457;202000043494;154 665 802;B01;1;7;0;0;4;23;1;
66458;202000043495;154 665 801;A01;1;2;0;1;1;1;1;
66459;202000043496;154 665 798;B01;-1;10;0;2;3;15;1;
66460;202000043496;154 665 799;A01;-1;7;0;2;1;9;1;
66461;202000043498;154 665 794;C01;-1;14;0;2;2;9;1;
66462;202000043498;154 665 797;B01;2;2;0;2;3;1;1;
66463;202000043499;154 665 792;A01;2;10;0;2;3;15;6;
66464;202000043499;154 665 793;B01;2;7;0;2;7;3;6;
66465;202000043500;154 665 791;A01;1;33;0;0;2;0;1;
66466;202000043501;154 665 788;B01;-1;31;0;0;0;0;1;
66467;202000043501;154 665 790;A01;2;7;0;2;0;0;1;
66468;202000043502;154 665 787;A01;2;33;0;2;1;17;1;
66469;202000043502;154 665 789;B01;1;7;0;2;8;15;1;
66470;202000043503;154 665 785;B01;1;50;0;2;8;1;3;
66471;202000043503;154 665 786;A01;2;7;0;2;2;15;1;
66472;202000043504;154 665 783;B01;3;10;0;2;3;1;1;
66473;202000043504;154 665 784;A01;2;7;0;2;2;1;1;
66474;202000043505;154 665 781;A01;3;7;0;2;2;16;1;
66475;202000043505;154 665 782;B01;3;33;0;2;1;1;1;
66476;202000043506;154 665 779;A01;1;7;0;2;1;9;1;
66477;202000043506;154 665 780;B01;2;1;0;2;1;1;5;
66478;202000043507;154 665 777;B01;1;33;0;2;1;0;1;
66479;202000043507;154 665 778;A01;3;7;0;2;2;9;1;
66480;202000043508;154 665 775;A01;2;7;0;2;2;15;1;
66481;202000043508;154 665 776;B01;1;1;0;2;1;1;5;
66482;202000043509;154 665 774;A01;1;10;0;1;2;12;1;
66483;202000043510;154 665 770;A01;2;7;0;9;3;16;1;
66484;202000043510;154 665 772;B01;2;1;0;2;1;1;0;
66485;202000043511;154 665 769;C01;0;20;0;0;0;16;0;
66486;202000043511;154 665 771;B01;2;33;0;2;1;1;1;
66487;202000043511;154 665 773;A01;1;7;0;2;1;13;1;
66488;202000043512;154 665 766;A01;2;7;0;1;3;1;1;
66489;202000043512;154 665 768;B01;1;7;0;2;2;15;1;
66490;202000043513;154 665 765;B01;2;1;0;2;3;1;5;
66491;202000043513;154 665 767;A01;1;1;0;2;3;1;5;
66492;202000043514;154 665 763;A01;3;7;0;2;1;1;1;
66493;202000043514;154 665 764;B01;0;7;0;2;1;1;1;
66494;202000043515;154 665 760;A01;2;7;1;0;1;0;1;
66495;202000043516;154 665 761;A01;3;2;0;0;0;14;1;
66496;202000043517;154 665 758;B01;1;13;0;0;0;1;1;
66497;202000043517;154 665 759;A01;1;7;0;9;1;1;1;
66498;202000043518;154 665 757;A01;2;33;3;0;0;0;1;
66499;202000043519;154 665 753;B01;2;2;0;0;1;15;1;
66500;202000043519;154 665 756;A01;1;7;0;0;2;1;1;
66501;202000043521;154 665 751;B01;1;7;0;2;1;0;1;
66502;202000043521;154 665 752;A01;2;15;0;2;1;5;1;
66503;202000043522;154 665 749;A01;3;7;0;1;2;1;1;
66504;202000043524;154 665 746;A01;1;17;14;0;1;21;1;
66505;202000043525;154 665 745;A01;0;7;0;2;3;15;1;
66506;202000043525;154 665 747;B01;2;7;0;2;1;1;1;
66507;202000043526;154 665 742;C01;2;7;0;2;4;23;1;
66508;202000043526;154 665 743;B01;2;7;0;2;1;9;0;
66509;202000043526;154 665 744;A01;2;7;0;2;4;0;0;
66510;202000043527;154 665 740;A01;1;7;2;0;9;1;1;
66511;202000043528;154 665 739;A01;1;10;0;2;8;1;1;
66512;202000043528;154 665 741;B01;1;7;0;2;2;11;1;
66513;202000043529;154 665 738;A01;1;2;8;0;1;1;1;
66514;202000043530;154 665 736;A01;0;2;0;0;0;1;1;
66515;202000043532;154 665 735;A01;2;7;2;0;3;13;1;
66516;202000043533;154 665 733;A01;2;32;1;2;8;18;1;
66517;202000043533;154 665 734;B01;2;10;0;2;2;16;1;
66518;202000043534;154 665 732;A01;1;7;7;0;1;1;1;
66519;202000043535;154 665 729;A01;1;10;0;2;1;17;1;
66520;202000043535;154 665 730;C01;1;10;1;0;6;0;0;
66521;202000043535;154 665 731;B01;1;10;0;2;4;12;1;
66522;202000043536;154 665 727;A01;3;7;0;2;7;19;1;
66523;202000043536;154 665 728;B01;1;14;0;2;1;1;1;
66524;202000043537;154 665 725;A01;2;7;0;0;0;15;1;
66525;202000043537;154 665 726;B01;2;32;0;0;0;2;1;
66526;202000043538;154 665 723;B01;2;7;7;0;8;1;1;
66527;202000043538;154 665 724;A01;2;10;0;2;1;19;1;
66528;202000043539;154 665 722;A01;1;7;0;1;1;25;1;
66529;202000043541;154 665 721;A01;1;2;0;0;8;1;1;
66530;202000043542;154 665 717;A01;1;1;0;0;0;1;5;
66531;202000043543;154 665 718;B01;3;1;0;2;7;1;0;
66532;202000043543;154 665 719;A01;3;7;0;2;8;26;0;
66533;202000043544;154 665 716;A01;2;7;2;0;9;14;1;
66534;202000043545;154 665 714;A01;3;7;0;0;4;1;6;
66535;202000043545;154 665 715;B01;3;7;0;2;1;2;6;
66536;202000043546;154 665 712;A01;0;7;0;0;5;19;1;
66537;202000043546;154 665 713;B01;2;33;0;0;1;2;1;
66538;202000043547;154 665 711;A01;2;7;2;0;1;0;0;
66539;202000043548;154 665 710;A01;2;7;8;0;3;13;1;
66540;202000043549;154 665 709;A01;1;1;13;0;1;1;5;
66541;202000043550;154 665 707;A01;1;33;0;9;0;13;1;
66542;202000043550;154 665 708;B01;2;1;0;9;0;1;5;
66543;202000043551;154 665 706;A01;3;33;0;0;0;1;1;
66544;202000043552;154 665 705;A01;1;7;2;0;1;1;1;
66545;202000043554;154 665 702;B01;1;21;0;2;6;2;1;
66546;202000043554;154 665 703;A01;2;33;0;2;5;13;1;
66547;202000043555;154 665 701;A01;1;7;0;1;3;1;1;
66548;202000043556;154 665 699;B01;3;7;0;2;3;1;1;
66549;202000043556;154 665 700;A01;3;7;0;2;3;1;1;
66550;202000043557;154 665 697;B01;2;7;0;2;3;2;0;
66551;202000043557;154 665 698;A01;2;7;0;2;1;13;0;
66552;202000043558;154 665 696;A01;2;33;0;0;0;1;1;
66553;202000043559;154 665 695;A01;1;7;2;0;1;1;1;
66554;202000043560;154 665 692;A01;1;7;0;0;4;1;1;
66555;202000043560;154 665 693;B01;1;10;0;2;4;2;1;
66556;202000043560;154 665 694;C01;1;10;0;2;1;2;1;
66557;202000043561;154 665 690;A01;1;7;0;2;2;15;1;
66558;202000043561;154 665 691;B01;2;33;0;2;1;0;1;
66559;202000043562;154 665 689;A01;2;7;0;1;3;1;1;
66560;202000043563;154 665 687;B01;1;7;0;0;4;2;1;
66561;202000043563;154 665 688;A01;1;15;0;2;3;2;1;
66562;202000043564;154 665 685;B01;2;7;0;0;2;1;1;
66563;202000043564;154 665 686;A01;2;7;0;0;4;12;0;
66564;202000043565;154 665 684;A01;2;10;2;0;3;13;1;
66565;202000043566;154 665 682;B01;1;2;0;2;1;0;1;
66566;202000043566;154 665 683;A01;1;7;0;2;7;15;1;
66567;202000043567;154 665 681;A01;1;7;0;1;7;1;1;
66568;202000043568;154 665 677;A01;3;7;0;2;1;1;1;
66569;202000043568;154 665 678;B01;3;2;0;2;8;1;1;
66570;202000043569;154 665 675;A01;2;7;16;2;0;5;1;
66571;202000043569;154 665 676;B01;1;33;0;2;8;17;1;
66572;202000043570;154 665 673;B01;1;7;0;2;3;1;1;
66573;202000043570;154 665 674;A01;2;10;4;2;3;13;1;
66574;202000043571;154 665 672;A01;2;14;13;0;2;1;1;
66575;202000043572;154 665 670;A01;3;7;0;9;3;1;1;
66576;202000043572;154 665 671;B01;3;1;0;2;1;13;5;
66577;202000043573;154 665 667;A01;1;80;0;0;0;1;3;
66578;202000043574;154 665 666;A01;1;7;6;0;1;13;1;
66579;202000043575;154 665 664;A01;1;7;0;2;1;13;1;
66580;202000043575;154 665 665;B01;2;7;0;2;1;1;1;
66581;202000043576;154 665 663;A01;3;33;0;0;0;0;1;
66582;202000043578;154 665 660;A01;1;7;4;0;2;14;1;
66583;202000043579;154 665 658;B01;1;7;3;2;5;12;1;
66584;202000043579;154 665 659;A01;2;33;0;2;3;11;1;
66585;202000043580;154 665 656;B01;2;15;0;0;0;0;1;
66586;202000043580;154 665 657;A01;2;7;0;2;0;9;1;
66587;202000043581;154 665 653;A01;1;15;0;2;1;2;1;
66588;202000043581;154 665 654;B01;1;7;0;2;4;1;1;
66589;202000043581;154 665 655;C01;1;7;0;2;4;2;1;
66590;202000043582;154 665 651;A01;1;7;0;2;2;12;1;
66591;202000043582;154 665 652;B01;1;33;0;2;1;3;1;
66592;202000043583;154 665 648;C01;2;10;0;2;5;2;1;
66593;202000043583;154 665 649;B01;2;7;0;2;9;2;1;
66594;202000043583;154 665 650;A01;2;7;0;2;1;1;1;
66595;202000043584;154 665 646;B01;1;7;0;2;0;0;1;
66596;202000043584;154 665 647;A01;1;7;0;2;1;11;1;
66597;202000043585;154 665 643;C01;2;10;0;2;6;2;1;
66598;202000043585;154 665 644;B01;2;7;0;2;4;2;2;
66599;202000043585;154 665 645;A01;2;7;0;2;4;1;1;
66600;202000043586;154 665 641;B01;2;10;0;2;3;1;1;
66601;202000043586;154 665 642;A01;2;7;0;2;2;12;1;
66602;202000043587;154 665 638;A01;1;7;12;0;1;15;1;
66603;202000043588;154 665 636;A01;1;7;0;2;8;15;1;
66604;202000043588;154 665 637;B01;1;2;0;2;1;13;1;
66605;202000043590;154 665 633;A01;3;7;0;2;2;9;1;
66606;202000043590;154 665 634;B01;3;33;0;2;8;0;1;
66607;202000043591;154 665 631;B01;1;7;4;0;3;16;1;
66608;202000043591;154 665 632;A01;1;7;4;0;3;13;1;
66609;202000043592;154 665 629;B01;0;2;0;2;7;17;0;
66610;202000043592;154 665 630;A01;0;7;0;2;8;15;1;
66611;202000043593;154 665 626;A01;1;10;0;2;7;1;1;
66612;202000043593;154 665 627;C01;3;7;0;2;8;0;1;
66613;202000043593;154 665 628;B01;2;7;0;2;3;4;1;
66614;202000043594;154 665 624;B01;3;7;0;2;2;23;1;
66615;202000043594;154 665 625;A01;3;30;8;2;4;1;1;
66616;202000043595;154 665 622;A01;1;33;0;2;1;17;1;
66617;202000043595;154 665 623;B01;1;7;0;2;1;1;1;
66618;202000043596;154 665 620;B01;2;1;0;2;1;1;5;
66619;202000043596;154 665 621;A01;1;7;0;2;2;15;1;
66620;202000043597;154 665 619;A01;3;7;8;0;0;26;0;
66621;202000043598;154 665 616;C01;2;7;1;2;3;24;1;
66622;202000043598;154 665 617;B01;2;7;1;2;4;2;1;
66623;202000043598;154 665 618;A01;2;7;0;2;1;2;1;
66624;202000043599;154 665 614;A01;3;30;0;2;1;5;-1;
66625;202000043599;154 665 615;B01;3;30;0;2;1;1;-1;
66626;202000043600;154 665 613;A01;1;7;1;0;3;26;0;
66627;202000043601;154 665 611;B01;3;7;0;2;1;1;0;
66628;202000043601;154 665 612;A01;2;7;0;2;7;1;0;
66629;202000043602;154 665 609;B01;1;7;0;2;4;2;1;
66630;202000043602;154 665 610;A01;1;37;0;2;1;2;1;1.0
66631;202000043603;154 665 608;A01;1;7;0;1;2;1;1;
66632;202000043605;154 665 604;B01;1;7;0;2;3;15;1;
66633;202000043605;154 665 605;A01;1;7;0;2;2;1;1;
66634;202000043606;154 665 603;A01;1;7;0;1;2;1;1;
66635;202000043607;154 665 601;B01;1;1;0;2;8;19;5;
66636;202000043607;154 665 602;A01;1;7;0;2;2;1;1;
66637;202000043608;154 665 600;A01;1;7;9;0;1;16;1;
66638;202000043609;154 665 599;A01;2;10;0;1;1;1;1;
66639;202000043610;154 665 596;A01;1;7;0;1;2;1;1;
66640;202000043611;154 665 595;A01;3;7;13;0;0;26;1;
66641;202000043612;154 665 593;B01;1;1;0;2;1;0;5;
66642;202000043612;154 665 594;A01;2;1;0;2;1;26;5;
66643;202000043613;154 665 591;A01;0;2;0;2;1;1;1;
66644;202000043613;154 665 592;B01;0;7;0;2;1;15;1;
66645;202000043615;154 665 585;A01;3;7;0;2;1;2;1;
66646;202000043615;154 665 586;B01;3;7;0;2;4;2;1;
66647;202000043616;154 665 584;A01;3;7;10;0;1;1;1;
66648;202000043617;154 665 583;Z01;3;7;0;1;1;1;0;
66649;202000043618;154 665 582;A01;3;2;0;0;0;26;1;
66650;202000043619;154 665 581;A01;3;2;0;0;0;0;1;
66651;202000043620;154 665 579;B01;2;1;0;2;7;1;5;
66652;202000043620;154 665 580;A01;1;7;0;9;2;1;0;
66653;202000043621;154 665 577;B01;2;7;0;2;1;1;1;
66654;202000043621;154 665 578;A01;1;33;0;2;1;1;1;
66655;202000043622;154 665 576;A01;3;7;2;0;8;1;1;
66656;202000043623;154 665 575;A01;1;37;0;1;7;1;4;1.0
66657;202000043624;154 665 573;B01;1;33;0;2;1;26;1;
66658;202000043624;154 665 574;A01;2;7;0;2;5;15;1;
66659;202000043625;154 665 572;A01;1;7;13;0;1;14;1;
66660;202000043626;154 665 571;A01;3;10;0;1;4;4;1;
66661;202000043627;154 665 570;A01;2;7;0;1;3;1;1;
66662;202000043628;154 665 569;A01;0;7;15;0;1;15;1;
66663;202000043629;154 665 567;B01;0;31;0;2;1;1;1;
66664;202000043629;154 665 568;A01;0;7;0;2;3;9;1;
66665;202000043630;154 665 565;B01;1;99;0;2;7;0;3;
66666;202000043630;154 665 566;A01;1;7;0;9;3;0;1;
66667;202000043631;154 665 563;B01;2;7;0;2;2;1;1;
66668;202000043631;154 665 564;A01;1;7;0;2;1;17;1;
66669;202000043632;154 665 561;B01;3;2;0;2;8;21;1;
66670;202000043632;154 665 562;A01;3;7;0;0;0;20;1;
66671;202000043633;154 665 559;A01;2;10;0;2;2;1;1;
66672;202000043633;154 665 560;B01;3;7;0;1;3;16;1;
66673;202000043635;154 665 555;A01;3;30;0;2;3;19;1;
66674;202000043635;154 665 556;B01;1;7;0;2;2;26;1;
66675;202000043636;154 665 553;B01;2;10;0;2;4;23;1;
66676;202000043636;154 665 554;A01;2;43;0;2;1;1;1;
66677;202000043638;154 665 551;A01;1;10;1;1;6;13;1;
66678;202000043639;154 665 549;B01;1;30;0;2;1;1;1;
66679;202000043639;154 665 550;A01;1;7;0;2;7;1;1;
66680;202000043640;154 665 547;A01;2;43;0;2;8;18;1;
66681;202000043640;154 665 548;B01;2;10;0;2;2;16;1;
66682;202000043641;154 665 545;A01;1;10;0;2;0;11;1;
66683;202000043641;154 665 546;B01;1;1;0;2;0;17;5;
66684;202000043643;154 665 542;Z01;3;43;0;1;1;1;0;
66685;202000043644;154 665 541;Z01;2;50;0;1;7;25;3;
66686;202000043645;154 665 539;B01;2;43;0;2;1;1;1;
66687;202000043645;154 665 540;A01;1;10;0;2;3;10;1;
66688;202000043646;154 665 537;A01;1;34;0;2;1;2;1;
66689;202000043646;154 665 538;Z01;1;10;0;2;0;1;1;
66690;202000043647;154 665 536;A01;3;1;0;1;3;1;5;
66691;202000043649;154 665 534;A01;1;7;0;1;1;15;1;
66692;202000043650;154 665 532;A01;2;10;0;2;5;22;3;
66693;202000043650;154 665 533;B01;2;33;0;2;1;9;1;
66694;202000043652;154 665 529;B01;2;7;0;2;1;9;1;
66695;202000043652;154 665 530;A01;2;50;0;2;7;25;3;
66696;202000043654;154 665 527;A01;2;7;0;1;1;26;1;
66697;202000043655;154 665 525;T01;1;33;0;0;0;0;0;
66698;202000043655;154 665 526;A01;1;30;14;0;0;1;1;
66699;202000043656;154 665 524;A01;0;10;6;0;1;1;0;
66700;202000043657;154 665 523;A01;2;10;0;1;2;1;1;
66701;202000043658;154 665 521;A01;2;7;12;2;3;19;0;
66702;202000043658;154 665 522;B01;2;10;0;2;1;0;0;
66703;202000043659;154 665 520;A01;0;32;0;1;1;21;1;
66704;202000043660;154 665 519;A01;2;34;0;1;0;16;1;
66705;202000043661;154 665 517;B01;0;7;0;0;3;1;0;
66706;202000043661;154 665 518;A01;0;10;0;2;1;19;0;
66707;202000043662;154 665 515;A01;2;7;0;2;7;4;1;
66708;202000043662;154 665 516;B01;2;30;0;2;1;1;0;
66709;202000043663;154 665 512;A01;1;50;0;2;8;1;3;
66710;202000043663;154 665 513;B01;1;7;0;2;5;16;1;
66711;202000043664;154 665 510;A01;1;7;0;2;2;16;0;
66712;202000043664;154 665 511;B01;1;1;0;2;1;26;5;
66713;202000043665;154 665 508;A01;2;7;0;2;3;15;1;
66714;202000043665;154 665 509;B01;2;33;0;1;8;1;1;
66715;202000043666;154 665 506;A01;1;10;1;9;3;0;1;
66716;202000043666;154 665 507;B01;1;80;0;9;7;2;3;
66717;202000043667;154 665 505;A01;2;7;6;0;0;1;1;
66718;202000043668;154 665 503;B01;2;10;0;2;1;1;1;
66719;202000043668;154 665 504;A01;1;7;0;2;1;5;1;
66720;202000043669;154 665 501;B01;3;7;0;2;3;1;1;
66721;202000043669;154 665 502;A01;3;7;0;2;3;13;1;
66722;202000043670;154 665 499;B01;2;2;16;0;0;1;1;
66723;202000043670;154 665 500;A01;2;17;0;0;0;17;1;
66724;202000043671;154 665 498;A01;0;7;15;0;0;1;1;
66725;202000043673;154 665 494;C01;1;7;0;0;1;23;1;
66726;202000043673;154 665 495;B01;2;7;0;2;5;15;1;
66727;202000043673;154 665 496;A01;1;7;0;2;3;1;1;
66728;202000043674;154 665 492;A01;1;7;0;2;1;15;1;
66729;202000043674;154 665 493;B01;2;2;0;2;1;1;1;
66730;202000043675;154 665 490;A01;0;30;0;2;7;1;1;
66731;202000043675;154 665 491;B01;0;21;0;2;8;1;1;
66732;202000043676;154 665 489;A01;1;14;15;0;1;1;1;
66733;202000043678;154 665 486;A01;1;10;0;2;8;11;0;
66734;202000043678;154 665 487;B01;1;33;0;2;7;17;1;
66735;202000043679;154 665 484;B01;2;7;4;0;6;2;1;
66736;202000043679;154 665 485;A01;2;15;0;2;2;12;1;
66737;202000043680;154 665 483;A01;2;7;6;0;1;13;1;
66738;202000043681;154 665 481;A01;1;7;0;2;3;15;1;
66739;202000043681;154 665 482;B01;2;80;0;2;8;21;3;
66740;202000043682;154 665 480;A01;3;7;0;1;6;4;1;
66741;202000043683;154 665 478;B01;2;7;0;2;1;1;1;
66742;202000043683;154 665 479;A01;1;7;0;2;1;13;1;
66743;202000043684;154 665 476;A01;0;7;0;1;4;4;1;
66744;202000043685;154 665 475;A01;1;14;0;0;0;0;1;
66745;202000043686;154 665 472;A01;2;7;0;2;1;13;1;
66746;202000043686;154 665 473;B01;1;15;0;2;1;21;1;
66747;202000043686;154 665 474;C01;2;7;0;2;1;1;1;
66748;202000043687;154 665 471;A01;1;31;0;0;5;1;1;
66749;202000043689;154 665 467;B01;3;1;0;2;1;1;0;
66750;202000043689;154 665 468;A01;0;7;0;2;0;0;0;
66751;202000043690;154 665 465;A01;1;7;0;2;2;1;1;
66752;202000043690;154 665 466;B01;1;7;0;2;3;19;1;
66753;202000043691;154 665 464;A01;1;33;0;0;9;1;1;
66754;202000043692;154 665 462;A01;1;7;0;2;7;15;1;
66755;202000043692;154 665 463;B01;1;7;0;2;1;1;1;
66756;202000043693;154 665 461;A01;2;7;0;0;1;17;1;
66757;202000043695;154 665 458;A01;2;7;1;0;2;26;1;
66758;202000043696;154 665 456;A01;3;7;0;2;8;26;1;
66759;202000043696;154 665 457;B01;1;7;0;2;1;1;1;
66760;202000043698;154 665 454;A01;0;7;0;1;1;1;1;
66761;202000043699;154 665 452;B01;1;7;0;2;4;2;1;
66762;202000043699;154 665 453;A01;1;2;0;2;1;2;1;
66763;202000043701;154 665 446;A01;1;7;0;2;1;2;1;
66764;202000043701;154 665 447;B01;1;7;0;2;5;23;1;
66765;202000043701;154 665 448;C01;1;7;0;2;1;23;1;
66766;202000043701;154 665 449;D01;1;7;0;2;4;23;1;
66767;202000043703;154 665 441;A01;3;7;0;2;7;15;1;
66768;202000043703;154 665 442;B01;3;30;0;2;1;1;1;
66769;202000043704;154 665 439;A01;1;7;0;2;0;1;-1;
66770;202000043704;154 665 440;B01;1;2;0;2;0;1;-1;
66771;202000043705;154 665 438;A01;1;7;0;1;1;1;1;
66772;202000043706;154 665 436;B01;1;7;0;2;4;2;1;
66773;202000043706;154 665 437;A01;1;7;0;2;4;2;1;
66774;202000043707;154 665 435;A01;2;30;0;0;2;21;1;
66775;202000043708;154 665 433;A01;2;7;0;2;4;23;1;
66776;202000043708;154 665 434;B01;2;7;0;2;1;1;1;
66777;202000043709;154 665 432;A01;1;2;0;2;0;1;1;
66778;202000043710;154 665 430;B01;2;7;0;2;4;2;1;
66779;202000043710;154 665 431;A01;2;1;0;2;1;2;5;
66780;202000043711;154 665 428;B01;1;7;0;0;4;1;-1;
66781;202000043711;154 665 429;A01;1;7;0;2;1;1;0;
66782;202000043712;154 665 425;B01;2;10;0;2;3;1;0;
66783;202000043712;154 665 426;A01;1;10;0;2;1;19;0;
66784;202000043713;154 665 424;A01;3;7;0;1;4;26;1;
66785;202000043714;154 665 422;B01;3;2;0;2;0;15;1;
66786;202000043714;154 665 423;A01;1;7;0;2;0;1;1;
66787;202000043715;154 665 421;A01;1;7;0;1;1;1;1;
66788;202000043716;154 665 419;B01;1;7;0;2;2;15;1;
66789;202000043716;154 665 420;A01;2;7;0;2;1;1;1;
66790;202000043717;154 665 415;B01;0;7;0;2;6;1;1;
66791;202000043717;154 665 416;A01;0;7;0;2;1;13;1;
66792;202000043717;154 665 417;C01;0;7;0;2;6;1;1;
66793;202000043717;154 665 418;D01;0;7;0;2;1;1;1;
66794;202000043718;154 665 413;A01;3;7;0;2;8;15;1;
66795;202000043718;154 665 414;B01;2;31;0;2;1;1;1;
66796;202000043719;154 665 410;B01;1;7;0;2;4;1;1;
66797;202000043719;154 665 411;C01;1;7;0;2;4;1;1;
66798;202000043719;154 665 412;A01;1;7;0;2;1;1;1;
66799;202000043720;154 665 408;B01;2;2;0;2;8;1;1;
66800;202000043720;154 665 409;A01;2;10;0;2;2;14;1;
66801;202000043721;154 665 406;A01;3;17;0;2;2;15;1;
66802;202000043721;154 665 407;B01;1;33;0;2;1;1;1;
66803;202000043722;154 665 405;Z01;0;7;0;1;0;26;0;
66804;202000043723;154 665 402;Z01;3;7;0;2;1;2;1;
66805;202000043723;154 665 403;B01;0;7;0;2;6;2;1;
66806;202000043723;154 665 404;A01;3;7;0;2;4;2;1;
66807;202000043724;154 665 400;Z01;0;7;0;2;3;15;1;
66808;202000043724;154 665 401;B01;3;1;0;2;1;1;0;
66809;202000043725;154 665 398;A01;3;7;0;2;1;1;1;
66810;202000043725;154 665 399;B01;1;7;0;2;1;1;1;
66811;202000043726;154 665 397;A01;2;7;0;1;3;1;1;
66812;202000043727;154 665 395;A01;3;7;0;2;4;2;0;
66813;202000043727;154 665 396;B01;3;7;0;2;1;2;0;
66814;202000043729;154 665 393;A01;2;7;0;1;1;1;1;
66815;202000043730;154 665 392;A01;1;7;0;1;3;1;1;
66816;202000043731;154 665 390;A01;0;1;0;2;1;19;5;
66817;202000043731;154 665 391;B01;3;7;0;2;6;1;1;
66818;202000043732;154 665 388;A01;3;7;0;2;0;15;1;
66819;202000043732;154 665 389;B01;3;32;0;2;0;2;1;
66820;202000043733;154 665 386;B01;1;1;0;2;1;1;5;
66821;202000043733;154 665 387;A01;1;7;0;2;1;9;1;
66822;202000043734;154 665 384;A01;2;2;0;2;1;2;1;
66823;202000043734;154 665 385;B01;2;7;0;2;4;2;1;
66824;202000043735;154 665 383;Z01;0;7;0;1;0;0;0;
66825;202000043736;154 665 379;A01;1;7;0;2;4;2;1;
66826;202000043736;154 665 380;B01;1;10;1;0;0;2;1;
66827;202000043736;154 665 381;C01;1;10;0;2;4;2;1;
66828;202000043736;154 665 382;D01;1;13;0;2;4;23;1;
66829;202000043737;154 665 378;A01;3;10;0;1;1;1;1;
66830;202000043738;154 665 377;A01;0;7;0;1;1;1;1;
66831;202000043739;154 665 375;B01;2;7;0;2;1;1;1;
66832;202000043739;154 665 376;A01;1;7;0;2;7;15;1;
66833;202000043741;154 665 372;B01;2;30;0;2;1;1;1;
66834;202000043741;154 665 373;A01;1;7;0;2;3;15;1;
66835;202000043742;154 665 371;A01;3;7;0;1;1;1;1;
66836;202000043743;154 665 369;A01;1;7;0;2;1;1;1;
66837;202000043743;154 665 370;B01;1;7;0;2;4;2;1;
66838;202000043744;154 665 367;Z01;1;10;0;2;7;0;1;
66839;202000043744;154 665 368;A01;1;7;3;0;9;1;1;
66840;202000043745;154 665 365;A01;1;7;9;2;2;17;1;
66841;202000043745;154 665 366;B01;1;7;0;2;3;15;1;
66842;202000043746;154 665 363;A01;3;7;0;2;3;10;0;
66843;202000043746;154 665 364;B01;3;7;0;2;1;1;0;
66844;202000043747;154 665 361;B01;2;32;0;9;7;0;1;
66845;202000043747;154 665 362;A01;2;50;0;2;8;0;3;
66846;202000043749;154 665 358;B01;1;7;0;2;2;0;1;
66847;202000043749;154 665 359;A01;1;7;0;2;1;15;1;
66848;202000043750;154 665 356;A01;1;7;0;2;3;15;1;
66849;202000043750;154 665 357;B01;2;7;0;2;3;0;1;
66850;202000043751;154 665 354;B01;3;7;0;2;8;1;1;
66851;202000043751;154 665 355;A01;3;7;0;2;8;13;1;
66852;202000043752;154 665 352;B01;3;7;0;0;3;2;1;
66853;202000043752;154 665 353;A01;3;30;0;2;1;17;1;
66854;202000043753;154 665 350;A01;3;7;0;2;5;15;1;
66855;202000043753;154 665 351;B01;3;7;0;2;1;1;2;
66856;202000043754;154 665 349;A01;1;31;0;0;7;1;1;
66857;202000043755;154 665 348;A01;1;7;0;1;1;1;1;
66858;202000043756;154 665 346;A01;3;33;0;2;1;1;1;
66859;202000043756;154 665 347;B01;3;3;0;2;4;10;1;
66860;202000043757;154 665 344;B01;2;32;0;2;2;1;1;
66861;202000043757;154 665 345;A01;2;7;0;2;3;9;1;
66862;202000043758;154 665 343;A01;2;7;8;0;1;1;1;
66863;202000043759;154 665 342;A01;1;1;0;1;4;1;5;
66864;202000043760;154 665 340;B01;2;10;0;2;4;2;1;
66865;202000043760;154 665 341;A01;2;1;0;2;1;2;5;
66866;202000043761;154 665 339;A01;2;37;0;0;0;1;1;2.0
66867;202000043762;154 665 337;A01;2;7;0;2;2;1;1;
66868;202000043762;154 665 338;B01;0;7;0;2;3;1;1;
66869;202000043763;154 665 335;Z01;2;7;0;2;2;12;1;
66870;202000043763;154 665 336;A01;2;33;0;2;1;1;1;
66871;202000043764;154 665 333;A01;2;33;0;2;1;1;1;
66872;202000043764;154 665 334;B01;1;7;0;2;2;15;1;
66873;202000043765;154 665 331;A01;1;7;0;2;2;9;1;
66874;202000043765;154 665 332;B01;2;30;1;2;9;1;1;
66875;202000043766;154 665 329;B01;1;7;0;2;4;23;1;
66876;202000043766;154 665 330;A01;1;7;0;2;1;2;1;
66877;202000043767;154 665 328;A01;2;7;14;0;3;13;1;
66878;202000043768;154 665 327;A01;1;7;0;1;3;15;1;
66879;202000043769;154 665 326;A01;1;80;0;0;0;21;3;
66880;202000043770;154 665 324;A01;1;7;0;2;2;17;1;
66881;202000043770;154 665 325;B01;1;1;0;2;4;17;5;
66882;202000043771;154 665 323;A01;1;33;0;0;8;21;1;
66883;202000043772;154 665 321;Z01;1;7;0;2;7;22;1;
66884;202000043772;154 665 322;A01;1;1;0;2;1;1;5;
66885;202000043773;154 665 319;A01;2;7;0;2;6;13;1;