;Num_Acc;id_vehicule;num_veh;senc;catv;obs;obsm;choc;manv;motor;occutc
68619;202000044908;154 663 290;B01;1;31;0;2;2;1;1;
68620;202000044908;154 663 292;A01;2;1;0;2;0;5;5;
68621;202000044909;154 663 288;A01;1;7;2;0;7;15;1;
68622;202000044910;154 663 287;A01;2;1;0;0;7;0;5;
68623;202000044911;154 663 285;B01;1;33;0;2;8;1;1;
68624;202000044911;154 663 286;A01;2;7;0;2;1;15;1;
68625;202000044912;154 663 283;A01;3;2;0;1;1;1;1;
68626;202000044913;154 663 281;A01;1;7;0;2;1;2;1;
68627;202000044913;154 663 282;B01;1;7;0;2;4;2;1;
68628;202000044914;154 663 276;A01;3;7;0;2;1;1;0;
68629;202000044914;154 663 301;B01;3;7;0;2;0;0;0;
68630;202000044915;154 663 275;C01;1;7;0;2;3;1;1;
68631;202000044915;154 663 279;B01;2;7;0;0;6;15;1;
68632;202000044915;154 663 280;A01;2;2;0;2;2;17;1;
68633;202000044916;154 663 274;B01;1;32;0;2;0;1;1;
68634;202000044916;154 663 278;A01;1;7;0;2;0;13;1;
68635;202000044917;154 663 273;A01;2;99;0;1;4;4;0;
68636;202000044918;154 663 268;A01;2;7;0;2;2;16;1;
68637;202000044918;154 663 271;B01;2;1;0;2;8;1;5;
68638;202000044919;154 663 270;A01;2;7;0;2;1;1;0;
68639;202000044919;154 663 272;B01;1;7;0;2;2;15;0;
68640;202000044920;154 663 277;B01;1;1;0;2;7;12;5;
68641;202000044920;154 663 284;A01;1;7;0;2;2;9;1;
68642;202000044921;154 663 267;B01;1;7;0;2;1;1;1;
68643;202000044921;154 663 269;A01;2;7;0;2;1;5;1;
68644;202000044922;154 663 264;B01;3;7;6;2;1;1;1;
68645;202000044922;154 663 266;A01;3;7;0;2;2;19;1;
68646;202000044923;154 663 265;A01;3;36;0;0;0;1;1;
68647;202000044924;154 663 263;A01;2;7;1;1;2;1;1;
68648;202000044925;154 663 261;A01;2;7;0;2;1;1;1;
68649;202000044925;154 663 262;B01;1;7;0;2;2;15;1;
68650;202000044926;154 663 260;A01;1;7;0;1;1;1;0;
68651;202000044927;154 663 257;A01;1;1;0;2;1;1;5;
68652;202000044927;154 663 258;B01;1;7;0;0;4;23;1;
68653;202000044928;154 663 250;A01;2;7;0;2;5;1;1;
68654;202000044928;154 663 254;B01;1;33;0;2;1;1;1;
68655;202000044930;154 663 251;A01;1;7;4;2;0;1;1;
68656;202000044930;154 663 259;B01;1;7;13;2;0;1;1;
68657;202000044931;154 663 252;A01;1;32;14;2;1;1;1;
68658;202000044932;154 663 249;A01;3;7;0;1;1;15;1;
68659;202000044933;154 663 248;A01;1;33;0;1;3;15;1;
68660;202000044934;154 663 247;A01;1;7;6;0;2;0;1;
68661;202000044935;154 663 245;A01;1;15;0;2;6;4;1;
68662;202000044935;154 663 246;B01;2;7;0;2;8;10;2;
68663;202000044936;154 663 243;A01;0;7;0;1;2;1;0;
68664;202000044937;154 663 242;A01;2;7;3;0;1;1;1;
68665;202000044939;154 663 240;A01;2;33;0;2;1;2;1;
68666;202000044939;154 663 244;B01;2;7;0;0;4;2;1;
68667;202000044940;154 663 239;A01;2;10;0;1;1;1;1;
68668;202000044941;154 663 236;A01;2;7;0;2;1;5;1;
68669;202000044941;154 663 238;B01;1;7;0;2;1;1;1;
68670;202000044942;154 663 233;A01;2;34;0;0;8;15;1;
68671;202000044943;154 663 235;A01;3;7;0;1;3;1;1;
68672;202000044944;154 663 237;A01;1;10;13;0;2;14;1;
68673;202000044945;154 663 232;A01;3;7;0;2;3;20;1;
68674;202000044945;154 663 234;B01;3;2;0;2;3;1;1;
68675;202000044946;154 663 229;B01;2;7;0;0;8;15;1;
68676;202000044946;154 663 231;A01;1;2;0;2;1;1;1;
68677;202000044947;154 663 226;A01;2;7;7;0;0;1;1;
68678;202000044948;154 663 223;A01;1;7;2;0;3;21;0;
68679;202000044949;154 663 222;C01;2;7;0;2;1;1;1;
68680;202000044949;154 663 224;A01;2;7;0;2;6;1;1;
68681;202000044949;154 663 227;B01;2;15;0;2;2;12;1;
68682;202000044950;154 663 225;A01;1;7;0;2;1;17;1;
68683;202000044950;154 663 228;C01;2;7;0;0;8;21;1;
68684;202000044950;154 663 230;B01;2;7;0;0;3;1;1;
68685;202000044951;154 663 216;A01;2;7;2;6;1;1;1;
68686;202000044952;154 663 217;B01;1;7;0;2;4;1;1;
68687;202000044952;154 663 220;A01;1;10;0;2;1;1;1;
68688;202000044953;154 663 219;A01;1;7;0;2;3;1;1;
68689;202000044953;154 663 221;B01;2;1;0;2;1;13;5;
68690;202000044954;154 663 215;A01;1;7;0;2;1;5;1;
68691;202000044954;154 663 218;B01;2;7;0;2;3;1;1;
68692;202000044956;154 663 211;A01;2;7;2;0;1;13;1;
68693;202000044957;154 663 210;A01;2;7;0;2;2;15;1;
68694;202000044957;154 663 212;B01;2;37;0;2;1;1;3;1.0
68695;202000044958;154 663 208;A01;1;7;13;0;7;1;1;
68696;202000044959;154 663 209;A01;1;7;2;0;1;1;1;
68697;202000044960;154 663 207;A01;2;7;0;1;1;1;0;
68698;202000044961;154 663 204;A01;2;7;0;2;1;1;1;
68699;202000044961;154 663 205;B01;1;7;0;2;1;13;1;
68700;202000044962;154 663 202;A01;3;33;1;0;1;15;0;
68701;202000044963;154 663 201;A01;1;33;16;0;0;0;1;
68702;202000044965;154 663 197;A01;0;7;0;0;0;0;1;
68703;202000044966;154 663 192;A01;2;7;4;0;0;1;1;
68704;202000044967;154 663 193;A01;2;7;0;0;1;14;1;
68705;202000044968;154 663 194;A01;3;17;10;0;7;1;1;
68706;202000044969;154 663 195;A01;0;7;0;9;4;2;1;
68707;202000044969;154 663 196;B01;0;1;0;0;4;2;5;
68708;202000044970;154 663 191;A01;2;31;0;0;0;1;1;
68709;202000044972;154 663 190;A01;1;7;0;1;2;1;1;
68710;202000044973;154 663 183;B01;1;7;0;0;4;1;1;
68711;202000044973;154 663 185;A01;1;7;0;2;1;2;1;
68712;202000044974;154 663 182;A01;0;7;0;1;4;4;1;
68713;202000044975;154 663 184;A01;1;2;0;0;9;1;1;
68714;202000044977;154 663 181;A01;1;7;9;0;3;1;1;
68715;202000044978;154 663 179;B01;1;1;0;2;1;16;5;
68716;202000044978;154 663 180;A01;1;15;0;2;5;16;1;
68717;202000044980;154 663 177;B01;2;7;0;9;0;15;1;
68718;202000044980;154 663 178;A01;1;1;0;2;8;1;5;
68719;202000044981;154 663 171;A01;2;7;16;9;2;14;1;
68720;202000044982;154 663 170;B01;1;33;0;2;7;17;1;
68721;202000044982;154 663 172;A01;1;21;0;2;8;15;1;
68722;202000044983;154 663 166;A01;2;7;0;2;1;15;1;
68723;202000044983;154 663 176;B01;1;33;0;2;1;1;1;
68724;202000044984;154 663 168;A01;1;7;6;0;1;1;1;
68725;202000044985;154 663 169;B01;2;7;0;0;8;1;2;
68726;202000044985;154 663 173;A01;1;7;0;2;1;13;1;
68727;202000044986;154 663 167;A01;3;7;0;2;1;17;1;
68728;202000044986;154 663 186;B01;3;7;0;2;1;15;1;
68729;202000044988;154 663 162;B01;1;7;0;2;3;16;0;
68730;202000044988;154 663 163;A01;2;7;0;2;1;13;0;
68731;202000044989;154 663 161;A01;1;7;0;1;2;1;1;
68732;202000044990;154 663 157;B01;2;7;0;0;4;1;1;
68733;202000044990;154 663 160;A01;2;7;0;2;1;1;1;
68734;202000044991;154 663 155;A01;1;7;13;0;1;1;1;
68735;202000044992;154 663 156;B01;2;7;0;2;2;1;1;
68736;202000044992;154 663 159;A01;2;7;0;2;6;9;1;
68737;202000044993;154 663 151;A01;2;7;0;1;1;1;1;
68738;202000044995;154 663 147;A01;1;7;0;9;3;9;6;
68739;202000044995;154 663 149;B01;1;1;0;2;7;2;5;
68740;202000044996;154 663 146;A01;2;7;0;2;1;13;1;
68741;202000044996;154 663 148;B01;1;7;0;2;1;1;1;
68742;202000044997;154 663 145;A01;3;7;0;1;4;26;1;
68743;202000044998;154 663 150;A01;2;7;1;0;1;13;1;
68744;202000044999;154 663 152;A01;2;7;13;0;9;14;1;
68745;202000045000;154 663 143;A01;1;2;13;0;1;1;1;
68746;202000045001;154 663 142;A01;2;1;0;2;1;1;5;
68747;202000045001;154 663 144;B01;1;10;0;2;2;1;1;
68748;202000045002;154 663 140;A01;1;7;3;0;7;2;1;
68749;202000045003;154 663 141;A01;2;7;13;0;7;13;1;
68750;202000045004;154 663 139;A01;1;7;0;1;2;1;1;
68751;202000045005;154 663 133;A01;1;7;6;0;1;1;1;
68752;202000045006;154 663 132;B01;1;7;0;2;4;1;1;
68753;202000045006;154 663 137;A01;1;7;0;2;1;1;1;
68754;202000045007;154 663 134;A01;2;7;0;2;3;13;2;
68755;202000045007;154 663 138;B01;1;33;0;2;1;1;1;
68756;202000045008;154 663 136;B01;1;7;0;2;2;1;1;
68757;202000045008;154 663 153;A01;2;2;0;2;1;5;1;
68758;202000045009;154 663 131;A01;3;10;5;1;3;26;1;
68759;202000045010;154 663 129;B01;2;33;0;2;4;3;1;
68760;202000045010;154 663 130;A01;2;7;0;2;1;1;1;
68761;202000045011;154 663 127;A01;1;7;0;0;9;1;1;
68762;202000045012;154 663 135;A01;2;7;0;1;2;2;1;
68763;202000045013;154 663 126;A01;2;7;0;1;8;1;1;
68764;202000045014;154 663 119;B01;1;7;14;1;1;1;1;
68765;202000045014;154 663 121;A01;1;7;0;0;4;23;1;
68766;202000045016;154 663 117;A01;2;7;0;2;8;10;1;
68767;202000045016;154 663 118;B01;2;50;0;2;1;2;3;
68768;202000045017;154 663 122;B01;1;7;4;2;2;1;1;
68769;202000045017;154 663 124;A01;1;7;0;2;6;11;1;
68770;202000045018;154 663 123;A01;2;7;0;0;9;1;1;
68771;202000045019;154 663 116;A01;2;7;1;0;1;1;1;
68772;202000045020;154 663 114;A01;1;7;4;0;3;13;1;
68773;202000045021;154 663 112;B01;2;7;0;2;1;1;1;
68774;202000045021;154 663 115;A01;1;10;0;2;1;13;1;
68775;202000045022;154 663 111;B01;3;7;0;2;1;1;0;
68776;202000045022;154 663 113;A01;3;7;0;1;2;1;0;
68777;202000045023;154 663 110;A01;3;10;0;1;4;20;1;
68778;202000045024;154 663 108;A01;2;10;0;2;3;1;1;
68779;202000045024;154 663 109;B01;1;31;0;2;3;1;1;
68780;202000045026;154 663 103;B01;2;7;0;2;1;1;1;
68781;202000045026;154 663 107;A01;1;7;0;2;1;13;1;
68782;202000045027;154 663 101;A01;2;7;5;0;2;1;1;
68783;202000045028;154 663 104;A01;1;2;12;0;8;1;1;
68784;202000045029;154 663 098;A01;1;7;1;0;9;1;1;
68785;202000045030;154 663 097;A01;2;7;0;0;9;14;1;
68786;202000045031;154 663 095;A01;1;7;0;1;2;1;1;
68787;202000045032;154 663 096;A01;0;7;0;2;0;13;1;
68788;202000045032;154 663 099;D01;0;7;0;2;0;1;1;
68789;202000045032;154 663 100;B01;0;7;0;2;0;1;1;
68790;202000045032;154 663 105;C01;0;7;0;2;0;1;1;
68791;202000045034;154 663 093;A01;3;30;0;1;1;1;1;
68792;202000045035;154 663 090;A01;1;7;1;0;1;14;1;
68793;202000045035;154 663 094;B01;1;7;0;2;6;23;1;
68794;202000045036;154 663 089;A01;1;7;0;2;2;2;0;
68795;202000045036;154 663 092;B01;1;2;0;2;9;2;0;
68796;202000045037;154 663 088;B01;1;10;0;2;4;1;1;
68797;202000045037;154 663 091;A01;1;33;0;2;1;3;1;
68798;202000045038;154 663 084;C01;2;7;0;2;4;1;1;
68799;202000045038;154 663 085;B01;2;33;0;2;8;3;1;
68800;202000045038;154 663 086;A01;2;7;0;2;2;14;1;
68801;202000045039;154 663 083;A01;3;7;0;1;2;12;1;
68802;202000045040;154 663 081;A01;0;7;0;0;9;1;1;
68803;202000045042;154 663 078;B01;1;30;0;2;3;1;6;
68804;202000045042;154 663 080;A01;1;7;0;2;2;16;6;
68805;202000045043;154 663 076;A01;2;7;13;2;1;13;1;
68806;202000045043;154 663 077;B01;1;7;0;2;1;1;1;
68807;202000045044;154 663 074;A01;2;7;0;2;2;2;1;
68808;202000045044;154 663 075;B01;2;33;0;2;8;2;1;
68809;202000045045;154 663 072;B01;1;1;0;2;7;15;0;
68810;202000045045;154 663 073;A01;2;7;0;2;1;1;0;
68811;202000045047;154 663 065;A01;1;7;8;0;9;1;0;
68812;202000045048;154 663 064;B01;3;7;0;2;1;2;1;
68813;202000045048;154 663 066;A01;3;7;0;2;7;2;1;
68814;202000045049;154 663 063;B01;1;50;0;2;0;0;3;
68815;202000045049;154 663 067;A01;2;7;0;2;0;1;0;
68816;202000045050;154 663 070;A01;3;7;0;0;0;1;1;
68817;202000045052;154 663 058;B01;2;7;0;2;3;1;0;
68818;202000045052;154 663 060;A01;1;33;0;2;1;9;1;
68819;202000045053;154 663 062;A01;1;7;0;0;0;14;1;
68820;202000045054;154 663 059;B01;3;7;0;2;2;17;1;
68821;202000045054;154 663 068;A01;3;31;0;2;8;2;1;
68822;202000045056;154 663 051;B01;1;7;0;2;1;1;1;
68823;202000045056;154 663 053;A01;2;30;0;2;1;13;1;
68824;202000045057;154 663 048;B01;1;10;0;2;1;17;1;
68825;202000045057;154 663 049;A01;1;10;0;2;3;15;1;
68826;202000045058;154 663 044;A01;2;7;0;2;6;23;1;
68827;202000045058;154 663 045;B01;2;7;0;2;5;1;1;
68828;202000045058;154 663 046;C01;2;7;0;2;3;21;1;
68829;202000045059;154 663 047;A01;3;10;0;1;1;21;1;
68830;202000045060;154 663 043;A01;2;7;0;1;1;16;1;
68831;202000045061;154 663 050;A01;0;1;0;0;0;1;5;
68832;202000045062;154 663 041;B01;2;7;0;2;3;1;1;
68833;202000045062;154 663 042;A01;2;7;0;2;3;13;1;
68834;202000045063;154 663 038;A01;1;7;0;2;7;15;1;
68835;202000045063;154 663 040;B01;2;7;0;2;1;1;1;
68836;202000045064;154 663 037;A01;1;7;3;0;6;1;1;
68837;202000045065;154 663 033;A01;1;33;0;0;0;1;1;
68838;202000045066;154 663 034;A01;1;7;0;1;1;1;1;
68839;202000045067;154 663 031;A01;1;7;16;0;0;17;1;
68840;202000045068;154 663 029;A01;2;7;0;2;8;22;1;
68841;202000045068;154 663 030;B01;2;1;1;0;1;1;5;
68842;202000045069;154 663 028;A01;1;7;2;0;8;13;1;
68843;202000045070;154 663 027;A01;2;30;12;0;2;15;1;
68844;202000045071;154 663 025;B01;2;50;0;4;1;5;3;
68845;202000045071;154 663 026;A01;2;40;0;2;3;1;3;
68846;202000045072;154 663 022;B01;1;33;0;2;7;1;1;
68847;202000045072;154 663 023;A01;1;1;0;2;7;15;5;
68848;202000045073;154 663 032;B01;2;1;0;0;4;2;5;
68849;202000045073;154 663 035;A01;2;7;0;9;2;2;1;
68850;202000045074;154 663 019;A01;1;99;1;0;1;26;0;
68851;202000045075;154 663 018;A01;1;7;3;0;1;1;1;
68852;202000045076;154 663 011;A01;1;99;0;2;1;1;1;
68853;202000045076;154 663 014;B01;1;7;0;2;4;1;0;
68854;202000045076;154 663 015;C01;1;7;0;2;4;1;1;
68855;202000045076;154 663 017;D01;1;7;0;2;4;1;1;
68856;202000045077;154 663 010;C01;2;7;0;0;1;0;0;
68857;202000045077;154 663 012;B01;2;7;0;0;5;0;0;
68858;202000045077;154 663 016;A01;2;7;0;0;4;0;0;
68859;202000045078;154 663 008;A01;3;33;2;0;1;21;1;
68860;202000045079;154 663 004;A01;3;2;0;2;7;26;6;
68861;202000045079;154 663 005;B01;0;7;0;2;1;1;6;
68862;202000045080;154 663 006;A01;2;33;0;2;6;18;1;
68863;202000045080;154 663 007;B01;2;7;0;2;2;16;1;
68864;202000045081;154 663 020;A01;1;7;12;0;2;0;1;
68865;202000045082;154 663 002;B01;1;2;0;2;7;15;6;
68866;202000045082;154 663 003;A01;1;7;0;2;1;16;6;
68867;202000045083;154 663 021;B01;3;7;0;2;1;1;1;
68868;202000045083;154 663 024;A01;3;1;0;2;2;15;5;
68869;202000045084;154 663 009;A01;1;30;0;4;0;19;1;
68870;202000045084;154 663 013;B01;2;40;0;2;1;1;3;
68871;202000045085;154 662 996;A01;1;10;0;4;6;15;1;
68872;202000045085;154 662 998;B01;1;40;0;2;1;1;3;
68873;202000045086;154 662 997;A01;2;7;0;2;1;10;1;
68874;202000045086;154 663 000;B01;2;1;0;2;1;1;5;
68875;202000045087;154 662 992;A01;2;7;0;2;1;1;1;
68876;202000045087;154 662 994;B01;2;7;8;2;8;1;1;
68877;202000045088;154 662 985;B01;2;13;0;2;3;1;1;
68878;202000045088;154 662 987;A01;1;7;0;2;3;13;1;
68879;202000045089;154 662 990;A01;0;7;0;2;1;1;1;
68880;202000045089;154 662 993;B01;0;7;0;2;1;13;1;
68881;202000045090;154 662 988;A01;3;7;0;2;1;1;1;
68882;202000045090;154 662 989;B01;3;7;0;2;2;1;1;
68883;202000045091;154 662 986;A01;2;7;2;0;6;1;1;
68884;202000045092;154 662 984;A01;2;2;8;0;0;0;0;
68885;202000045093;154 662 982;A01;1;30;1;0;0;0;1;
68886;202000045094;154 662 983;B01;1;37;0;2;2;1;0;1.0
68887;202000045094;154 662 991;A01;0;7;0;2;1;9;0;
68888;202000045095;154 662 978;A01;1;33;6;0;3;1;1;
68889;202000045096;154 662 973;A01;3;3;0;0;7;13;3;
68890;202000045097;154 662 974;A01;1;7;0;2;5;15;1;
68891;202000045097;154 662 976;B01;1;7;0;2;2;1;1;
68892;202000045098;154 662 971;B01;1;40;0;2;2;1;3;
68893;202000045098;154 662 975;A01;2;10;7;4;6;19;1;
68894;202000045099;154 662 970;B01;2;7;0;2;6;1;1;
68895;202000045099;154 662 972;A01;2;7;3;2;2;17;1;
68896;202000045100;154 662 980;B01;1;7;0;0;7;1;1;
68897;202000045100;154 662 981;A01;0;7;0;2;1;1;0;
68898;202000045102;154 662 965;A01;0;33;8;0;1;1;1;
68899;202000045103;154 662 968;A01;3;7;2;0;1;1;0;
68900;202000045104;154 662 962;A01;1;7;0;1;1;1;1;
68901;202000045106;154 662 958;B01;2;33;0;2;1;1;1;
68902;202000045106;154 662 959;A01;1;7;0;2;2;15;1;
68903;202000045107;154 662 956;B01;3;1;1;2;1;1;5;
68904;202000045107;154 662 957;A01;3;10;1;9;3;13;1;
68905;202000045108;154 662 951;B01;2;33;0;2;2;1;0;
68906;202000045108;154 662 963;A01;1;7;0;2;6;9;0;
68907;202000045109;154 662 954;Z01;2;99;0;2;8;17;0;
68908;202000045109;154 662 955;B01;2;33;9;2;0;0;1;
68909;202000045110;154 662 949;A01;1;7;8;0;1;0;0;
68910;202000045111;154 662 952;B01;0;7;0;2;3;9;0;
68911;202000045111;154 662 960;A01;0;2;0;2;2;2;0;
68912;202000045112;154 662 953;A01;1;7;0;1;1;1;1;
68913;202000045113;154 662 948;A01;1;7;0;2;1;15;1;
68914;202000045113;154 662 950;B01;3;7;0;0;1;1;1;
68915;202000045114;154 662 946;B01;2;30;0;2;4;0;1;
68916;202000045114;154 662 947;A01;2;7;0;2;1;1;1;
68917;202000045115;154 662 945;A01;1;7;15;0;2;19;1;
68918;202000045116;154 662 940;A01;2;7;0;2;1;26;1;
68919;202000045116;154 662 941;B01;1;7;0;2;1;1;1;
68920;202000045117;154 662 942;A01;3;7;0;2;3;13;0;
68921;202000045117;154 662 944;B01;3;7;0;2;3;2;1;
68922;202000045118;154 662 943;A01;1;10;0;1;1;15;0;
68923;202000045119;154 662 939;A01;0;7;0;1;1;15;0;
68924;202000045120;154 662 936;A01;3;7;0;1;1;2;1;
68925;202000045121;154 662 933;A01;1;30;0;2;4;1;1;
68926;202000045121;154 662 935;Z01;1;7;0;2;1;1;0;
68927;202000045122;154 662 934;A01;2;7;8;0;1;1;1;
68928;202000045123;154 662 931;A01;1;10;0;2;8;10;1;
68929;202000045123;154 662 932;B01;1;17;0;2;2;1;2;
68930;202000045124;154 662 930;A01;2;32;0;1;1;1;1;
68931;202000045125;154 662 925;A01;2;7;0;2;3;15;1;
68932;202000045125;154 662 926;B01;1;2;0;2;1;1;1;
68933;202000045126;154 662 919;B01;3;2;0;2;1;17;1;
68934;202000045126;154 662 922;C01;3;7;0;0;3;15;1;
68935;202000045127;154 662 921;B01;2;7;0;2;2;1;1;
68936;202000045127;154 662 927;A01;1;7;0;2;2;1;1;
68937;202000045128;154 662 923;A01;2;7;0;2;3;13;1;
68938;202000045128;154 662 937;B01;1;17;0;2;3;1;1;
68939;202000045128;154 662 938;C01;2;7;0;9;0;1;1;
68940;202000045129;154 662 924;C01;1;7;0;2;4;15;1;
68941;202000045129;154 662 928;B01;1;7;0;2;1;1;1;
68942;202000045129;154 662 929;A01;1;10;0;2;1;1;1;
68943;202000045130;154 662 918;B01;-1;33;16;0;7;0;1;
68944;202000045130;154 662 920;A01;3;33;10;0;1;14;1;
68945;202000045131;154 662 917;A01;1;7;2;0;8;17;1;
68946;202000045132;154 662 910;B01;2;34;0;2;1;1;0;
68947;202000045132;154 662 912;A01;1;7;0;2;5;15;1;
68948;202000045133;154 662 911;A01;1;7;8;0;2;0;1;
68949;202000045134;154 662 914;A01;1;33;12;0;1;9;1;
68950;202000045135;154 662 915;A01;1;2;0;2;1;2;1;
68951;202000045135;154 662 916;B01;1;10;0;2;4;2;1;
68952;202000045136;154 662 905;D01;2;7;0;2;1;1;1;
68953;202000045136;154 662 906;C01;2;7;0;2;1;1;1;
68954;202000045136;154 662 907;B01;2;7;0;2;4;23;1;
68955;202000045136;154 662 909;A01;2;7;4;0;1;1;1;
68956;202000045137;154 662 902;A01;2;33;0;0;9;21;1;
68957;202000045138;154 662 903;A01;3;7;0;2;1;26;0;
68958;202000045138;154 662 908;B01;3;7;0;2;1;13;0;
68959;202000045139;154 662 901;A01;3;37;0;2;2;7;4;4.0
68960;202000045139;154 662 913;Z01;3;30;0;2;1;19;0;
68961;202000045140;154 662 898;C01;2;7;0;2;7;1;1;
68962;202000045140;154 662 900;B01;2;7;0;2;6;1;1;
68963;202000045140;154 662 904;A01;2;33;0;2;1;3;1;
68964;202000045141;154 662 896;A01;2;7;0;1;3;1;0;
68965;202000045142;154 662 895;B01;2;16;0;2;0;2;1;
68966;202000045142;154 662 899;A01;2;33;13;2;0;1;1;
68967;202000045143;154 662 894;A01;2;7;0;2;1;13;1;
68968;202000045143;154 662 897;B01;1;37;0;2;3;1;1;3.0
68969;202000045144;154 662 891;A01;1;7;0;2;7;0;1;
68970;202000045144;154 662 893;B01;2;10;0;2;1;1;1;
68971;202000045145;154 662 890;B01;2;10;0;2;3;21;1;
68972;202000045145;154 662 892;A01;1;7;0;2;3;13;1;
68973;202000045146;154 662 888;A01;2;31;0;0;7;21;0;
68974;202000045147;154 662 887;B01;3;30;0;2;7;17;1;
68975;202000045147;154 662 889;A01;3;7;0;2;1;9;1;
68976;202000045149;154 662 881;C01;2;10;0;2;1;1;1;
68977;202000045149;154 662 883;A01;2;7;0;2;4;1;1;
68978;202000045149;154 662 885;B01;2;7;0;2;1;2;1;
68979;202000045150;154 662 882;A01;3;36;0;0;9;1;1;
68980;202000045151;154 662 877;B01;2;7;14;0;1;1;1;
68981;202000045151;154 662 879;A01;2;7;3;2;1;23;1;
68982;202000045152;154 662 880;Y01;1;1;0;2;7;1;5;
68983;202000045152;154 662 884;A01;1;7;0;9;1;1;1;
68984;202000045153;154 662 875;A01;2;10;7;0;1;0;1;
68985;202000045154;154 662 876;B01;3;7;0;2;8;1;1;
68986;202000045154;154 662 878;A01;3;31;0;2;8;1;1;
68987;202000045155;154 662 869;A01;1;31;0;6;2;1;1;
68988;202000045156;154 662 868;A01;2;10;0;2;1;1;1;
68989;202000045156;154 662 871;B01;2;10;0;2;4;1;1;
68990;202000045156;154 662 872;C01;2;10;0;2;4;1;1;
68991;202000045157;154 662 867;A01;1;7;13;0;2;1;0;
68992;202000045158;154 662 866;A01;1;7;3;0;1;26;1;
68993;202000045159;154 662 863;A01;2;37;0;1;2;9;0;0.0
68994;202000045160;154 662 862;D01;2;7;0;2;4;2;1;
68995;202000045160;154 662 870;C01;2;7;0;2;4;2;1;
68996;202000045160;154 662 873;B01;2;7;0;2;4;2;1;
68997;202000045160;154 662 874;A01;2;7;0;2;1;2;1;
68998;202000045161;154 662 861;A01;2;7;3;0;9;1;1;
68999;202000045162;154 662 858;A01;3;7;0;2;1;11;1;
69000;202000045162;154 662 859;B01;3;7;0;2;6;1;1;
69001;202000045162;154 662 860;C01;3;7;0;2;3;1;1;
69002;202000045163;154 662 856;A01;1;1;0;2;4;12;5;
69003;202000045163;154 662 857;Z01;1;99;0;2;1;18;0;
69004;202000045164;154 662 854;A01;1;7;0;2;3;1;1;
69005;202000045164;154 662 855;B01;1;1;0;2;1;1;5;
69006;202000045165;154 662 852;A01;2;7;0;1;2;1;1;
69007;202000045166;154 662 853;C01;2;99;0;2;4;1;1;
69008;202000045166;154 662 864;A01;2;7;0;2;3;9;1;
69009;202000045166;154 662 865;B01;2;7;0;2;5;9;1;
69010;202000045167;154 662 849;B01;2;7;0;2;3;15;1;
69011;202000045167;154 662 850;A01;2;31;0;2;2;17;1;
69012;202000045168;154 662 847;B01;2;7;0;2;4;23;1;
69013;202000045168;154 662 848;A01;2;10;0;2;1;1;1;
69014;202000045171;154 662 844;B01;1;33;0;2;1;2;1;
69015;202000045171;154 662 846;A01;1;7;0;2;4;2;1;
69016;202000045172;154 662 843;A01;1;30;0;1;0;1;1;
69017;202000045174;154 662 837;A01;3;7;0;2;2;9;1;
69018;202000045174;154 662 841;B01;3;7;0;2;5;1;1;
69019;202000045175;154 662 839;B01;1;7;0;2;8;1;1;
69020;202000045175;154 662 840;A01;1;17;0;2;2;12;1;
69021;202000045176;154 662 835;B01;1;7;0;2;3;9;1;
69022;202000045176;154 662 836;A01;1;33;0;2;1;1;1;
69023;202000045177;154 662 833;A01;1;33;3;0;9;2;1;
69024;202000045178;154 662 838;Z01;2;32;0;1;1;25;0;
69025;202000045179;154 662 830;B01;2;7;0;2;1;1;1;
69026;202000045179;154 662 832;A01;2;7;0;2;4;1;1;
69027;202000045180;154 662 834;A01;0;30;0;0;0;1;1;
69028;202000045181;154 662 829;B01;2;7;0;2;4;1;1;
69029;202000045181;154 662 831;A01;2;7;0;2;1;1;1;
69030;202000045182;154 662 827;A01;1;7;0;2;1;23;1;
69031;202000045182;154 662 828;B01;1;33;0;2;1;1;1;
69032;202000045183;154 662 822;A01;2;7;0;0;9;2;1;
69033;202000045184;154 662 819;D01;1;7;0;2;4;1;1;
69034;202000045184;154 662 823;C01;0;7;0;2;2;17;1;
69035;202000045184;154 662 825;B01;1;7;0;0;0;13;1;
69036;202000045184;154 662 826;A01;1;10;0;0;0;9;1;
69037;202000045185;154 662 818;B01;0;7;0;2;2;1;1;
69038;202000045185;154 662 821;A01;0;7;0;2;1;9;1;
69039;202000045186;154 662 816;B01;3;30;0;2;1;17;1;
69040;202000045186;154 662 817;A01;3;10;0;2;3;15;1;
69041;202000045187;154 662 812;A01;2;7;0;2;1;15;1;
69042;202000045187;154 662 813;B01;1;33;0;2;1;1;1;
69043;202000045188;154 662 814;A01;2;10;0;2;6;11;1;
69044;202000045188;154 662 815;B01;2;33;0;2;2;1;1;
69045;202000045189;154 662 810;A01;1;7;0;2;1;14;1;
69046;202000045189;154 662 811;B01;1;7;0;2;8;1;1;
69047;202000045190;154 662 807;A01;2;7;4;0;1;13;1;
69048;202000045191;154 662 808;B01;3;7;0;2;2;19;1;
69049;202000045191;154 662 809;A01;1;33;0;2;3;26;1;
69050;202000045192;154 662 820;A01;3;1;0;2;1;16;5;
69051;202000045192;154 662 824;B01;3;1;0;9;1;1;5;