;Num_Acc;id_vehicule;num_veh;senc;catv;obs;obsm;choc;manv;motor;occutc
69052;202000045193;154 662 801;C01;2;7;0;2;1;0;1;
69053;202000045193;154 662 804;B01;2;7;0;2;6;26;1;
69054;202000045193;154 662 805;A01;2;7;0;2;0;26;1;
69055;202000045194;154 662 800;B01;2;33;0;2;3;1;1;
69056;202000045194;154 662 806;A01;2;7;0;2;2;9;1;
69057;202000045196;154 662 797;A01;0;7;0;1;2;1;0;
69058;202000045197;154 662 795;A01;1;7;0;2;1;2;1;
69059;202000045197;154 662 796;B01;1;32;0;2;4;1;1;
69060;202000045198;154 662 794;A01;1;7;0;1;7;17;1;
69061;202000045199;154 662 791;A01;1;7;0;2;2;13;1;
69062;202000045199;154 662 793;B01;1;34;0;2;2;3;1;
69063;202000045200;154 662 802;A01;1;30;0;0;1;26;0;
69064;202000045201;154 662 790;A01;1;7;0;2;1;26;1;
69065;202000045201;154 662 792;B01;1;32;0;2;4;23;1;
69066;202000045202;154 662 787;B01;1;1;0;2;1;0;0;
69067;202000045202;154 662 788;A01;1;43;0;2;1;0;0;
69068;202000045203;154 662 785;B01;1;7;0;2;6;15;1;
69069;202000045203;154 662 786;A01;1;30;0;2;7;17;1;
69070;202000045205;154 662 782;B01;2;33;0;2;8;3;1;
69071;202000045205;154 662 789;A01;2;7;0;2;2;12;1;
69072;202000045207;154 662 779;A01;2;7;4;0;8;0;6;
69073;202000045208;154 662 776;A01;3;7;0;2;2;0;1;
69074;202000045208;154 662 777;B01;3;7;0;2;3;16;1;
69075;202000045209;154 662 778;A01;1;7;0;2;1;2;0;
69076;202000045209;154 662 780;B01;1;7;0;2;4;2;0;
69077;202000045210;154 662 783;A01;1;34;0;2;1;17;1;
69078;202000045210;154 662 803;B01;1;7;0;2;3;16;1;
69079;202000045211;154 662 771;C01;1;7;0;2;1;2;1;
69080;202000045211;154 662 773;B01;1;7;0;2;4;1;1;
69081;202000045211;154 662 775;A01;1;7;0;2;4;16;1;
69082;202000045212;154 662 772;A01;1;7;0;2;1;13;1;
69083;202000045212;154 662 774;B01;2;7;0;2;3;1;1;
69084;202000045213;154 662 766;A01;2;7;0;2;1;26;1;
69085;202000045213;154 662 767;B01;2;7;0;2;4;1;1;
69086;202000045214;154 662 765;A01;1;7;0;1;1;26;1;
69087;202000045215;154 662 770;A01;2;15;4;0;9;2;1;
69088;202000045216;154 662 768;B01;2;7;0;2;7;15;1;
69089;202000045216;154 662 769;A01;1;30;0;2;1;1;1;
69090;202000045217;154 662 760;A01;2;10;3;0;1;21;1;
69091;202000045218;154 662 763;Z01;1;7;0;2;3;15;1;
69092;202000045218;154 662 764;B01;1;34;0;2;7;1;1;
69093;202000045219;154 662 756;A01;1;50;0;2;1;25;3;
69094;202000045219;154 662 759;B01;3;7;0;9;3;0;0;
69095;202000045220;154 662 755;B01;3;2;0;2;7;1;1;
69096;202000045220;154 662 757;A01;3;1;0;2;1;5;0;
69097;202000045221;154 662 754;B01;2;34;0;2;1;3;1;
69098;202000045221;154 662 758;A01;2;7;0;2;4;11;1;
69099;202000045222;154 662 751;A01;2;10;15;2;1;17;1;
69100;202000045222;154 662 761;C01;1;7;0;2;6;1;1;
69101;202000045222;154 662 762;B01;2;10;0;2;8;1;1;
69102;202000045223;154 662 753;A01;2;33;0;2;0;3;0;
69103;202000045224;154 662 749;B01;-1;7;0;2;7;11;1;
69104;202000045224;154 662 752;A01;-1;34;0;2;7;5;1;
69105;202000045225;154 662 744;B01;2;34;0;2;1;3;1;
69106;202000045225;154 662 748;A01;2;7;0;2;2;12;1;
69107;202000045227;154 662 738;D01;2;7;0;0;6;1;1;
69108;202000045227;154 662 739;A01;2;33;0;2;1;3;1;
69109;202000045227;154 662 740;C01;2;7;0;0;4;1;1;
69110;202000045227;154 662 741;B01;2;7;0;0;7;1;1;
69111;202000045228;154 662 742;A01;2;7;0;2;3;15;1;
69112;202000045228;154 662 747;B01;2;32;0;2;1;1;1;
69113;202000045229;154 662 736;B01;1;7;0;2;4;1;1;
69114;202000045229;154 662 737;A01;1;7;0;2;1;2;1;
69115;202000045230;154 662 729;A01;2;7;0;2;8;15;1;
69116;202000045230;154 662 730;B01;2;37;0;2;2;1;1;2.0
69117;202000045231;154 662 732;A01;1;33;0;2;8;3;1;
69118;202000045231;154 662 734;Z01;1;0;0;2;7;12;0;
69119;202000045232;154 662 733;B01;3;2;0;2;1;1;1;
69120;202000045232;154 662 735;A01;3;13;0;2;2;15;1;
69121;202000045233;154 662 727;Z01;1;10;0;2;1;15;1;
69122;202000045233;154 662 728;B01;2;7;0;2;2;1;1;
69123;202000045234;154 662 724;B01;1;7;0;2;3;2;1;
69124;202000045234;154 662 725;Z01;1;7;0;2;4;1;1;
69125;202000045234;154 662 726;A01;1;33;0;2;1;2;1;
69126;202000045235;154 662 723;A01;1;7;0;1;2;9;0;
69127;202000045236;154 662 722;A01;1;10;0;1;6;25;1;
69128;202000045237;154 662 721;A01;1;7;0;1;2;26;1;
69129;202000045238;154 662 720;A01;3;10;0;1;5;4;1;
69130;202000045240;154 662 716;A01;1;7;0;2;1;2;0;
69131;202000045240;154 662 718;B01;1;7;0;2;4;23;1;
69132;202000045241;154 662 715;A01;1;7;0;1;1;1;0;
69133;202000045242;154 662 731;A01;1;32;0;1;2;17;0;
69134;202000045244;154 662 708;C01;2;7;5;2;3;1;1;
69135;202000045244;154 662 710;B01;2;7;5;2;1;1;1;
69136;202000045244;154 662 711;A01;1;7;7;2;1;13;1;
69137;202000045245;154 662 709;A01;1;30;0;1;1;1;1;
69138;202000045246;154 662 705;A01;-1;31;0;2;1;-1;-1;
69139;202000045246;154 662 712;B01;1;7;0;2;3;15;1;
69140;202000045247;154 662 701;B01;2;33;0;2;1;3;1;
69141;202000045247;154 662 713;A01;2;7;0;2;5;12;1;
69142;202000045248;154 662 703;B01;2;7;0;2;2;1;1;
69143;202000045248;154 662 707;A01;2;7;0;2;1;16;1;
69144;202000045249;154 662 702;B01;2;33;0;2;3;0;1;
69145;202000045249;154 662 706;A01;2;7;0;2;4;1;1;
69146;202000045250;154 662 698;B01;1;7;0;2;8;1;1;
69147;202000045250;154 662 699;A01;1;7;0;2;1;1;1;
69148;202000045251;154 662 696;A01;1;99;0;2;1;11;1;
69149;202000045251;154 662 697;B01;1;7;0;2;1;2;1;
69150;202000045252;154 662 700;A01;3;33;0;2;2;3;1;
69151;202000045252;154 662 704;B01;3;7;0;2;3;15;1;
69152;202000045253;154 662 692;A01;2;30;11;0;8;1;1;
69153;202000045254;154 662 690;B01;0;31;0;2;1;1;0;
69154;202000045254;154 662 691;A01;0;7;0;2;2;15;0;
69155;202000045255;154 662 693;A01;2;7;0;2;3;15;1;
69156;202000045255;154 662 695;B01;1;10;0;2;1;1;1;
69157;202000045256;154 662 694;A01;3;7;0;1;5;1;1;
69158;202000045257;154 662 688;A01;2;30;0;2;0;10;1;
69159;202000045257;154 662 689;B01;1;30;0;2;0;1;1;
69160;202000045258;154 662 682;C01;3;7;0;2;1;21;1;
69161;202000045258;154 662 684;B01;1;7;0;2;8;1;1;
69162;202000045258;154 662 686;A01;3;34;0;2;3;0;1;
69163;202000045259;154 662 680;A01;0;41;15;0;0;25;3;
69164;202000045260;154 662 679;A01;1;7;0;1;0;1;1;
69165;202000045261;154 662 678;B01;1;7;0;2;1;15;1;
69166;202000045261;154 662 681;A01;2;1;0;2;7;1;5;
69167;202000045262;154 662 676;A01;2;10;0;1;1;1;1;
69168;202000045263;154 662 674;A01;1;7;0;1;7;0;6;
69169;202000045264;154 662 672;A01;3;33;0;2;1;1;1;
69170;202000045264;154 662 673;B01;3;7;0;2;5;15;1;
69171;202000045265;154 662 670;A01;1;17;6;0;2;1;1;
69172;202000045266;154 662 669;A01;2;30;0;1;1;5;1;
69173;202000045267;154 662 668;B01;3;7;0;2;2;1;1;
69174;202000045267;154 662 671;A01;3;7;0;2;1;5;1;
69175;202000045268;154 662 667;A01;3;2;0;0;8;1;1;
69176;202000045269;154 662 664;B01;1;33;0;2;8;1;1;
69177;202000045269;154 662 666;A01;1;14;0;2;5;10;6;
69178;202000045270;154 662 675;B01;3;38;0;2;1;1;1;1.0
69179;202000045270;154 662 677;A01;3;7;0;2;1;1;1;
69180;202000045271;154 662 662;A01;3;99;0;2;2;2;1;
69181;202000045271;154 662 665;B01;3;99;0;2;3;2;1;
69182;202000045272;154 662 660;A01;3;7;0;0;0;0;1;
69183;202000045273;154 662 658;B01;1;21;0;2;6;2;1;
69184;202000045273;154 662 659;A01;1;7;0;2;2;2;1;
69185;202000045274;154 662 657;A01;2;40;0;1;2;1;3;
69186;202000045275;154 662 661;A01;1;1;14;0;7;14;5;
69187;202000045277;154 662 655;A01;1;33;0;0;7;21;1;
69188;202000045278;154 662 654;Z01;2;7;0;2;1;9;1;
69189;202000045278;154 662 656;A01;2;31;0;2;7;1;1;
69190;202000045279;154 662 650;B01;1;50;0;2;3;7;3;
69191;202000045279;154 662 653;A01;1;7;0;2;2;16;2;
69192;202000045283;154 662 651;B01;2;7;0;2;1;1;1;
69193;202000045283;154 662 652;A01;1;7;0;0;5;15;1;
69194;202000045284;154 662 643;A01;1;30;0;2;1;5;1;
69195;202000045284;154 662 645;B01;1;10;0;2;3;1;1;
69196;202000045285;154 662 639;B01;1;2;0;2;1;9;1;
69197;202000045285;154 662 640;A01;1;7;0;2;2;9;1;
69198;202000045286;154 662 646;A01;2;7;0;2;2;9;1;
69199;202000045286;154 662 647;B01;1;2;0;2;6;23;1;
69200;202000045287;154 662 636;A01;2;7;2;0;3;1;1;
69201;202000045288;154 662 635;A01;1;32;0;1;1;26;1;
69202;202000045289;154 662 634;B01;1;7;0;2;7;17;1;
69203;202000045289;154 662 638;A01;1;7;0;2;7;17;1;
69204;202000045290;154 662 633;B01;1;7;0;2;1;1;1;
69205;202000045290;154 662 637;A01;1;7;0;2;2;15;1;
69206;202000045291;154 662 630;A01;3;7;0;9;2;2;1;
69207;202000045291;154 662 631;B01;3;60;0;2;8;19;5;
69208;202000045292;154 662 627;A01;3;7;1;0;3;5;0;
69209;202000045293;154 662 625;B01;0;7;0;2;1;15;1;
69210;202000045293;154 662 626;A01;3;7;0;2;3;15;1;
69211;202000045294;154 662 623;B01;3;7;0;2;4;2;1;
69212;202000045294;154 662 624;A01;3;10;0;2;1;2;1;
69213;202000045295;154 662 621;A01;-1;7;0;2;2;2;1;
69214;202000045295;154 662 622;B01;-1;50;0;2;1;11;3;
69215;202000045296;154 662 620;A01;0;2;0;0;0;1;1;
69216;202000045297;154 662 618;A01;3;7;0;0;4;23;1;
69217;202000045297;154 662 619;B01;3;7;0;2;1;2;1;
69218;202000045298;154 662 632;A01;1;33;0;0;7;1;1;
69219;202000045300;154 662 615;B01;3;7;0;2;3;1;1;
69220;202000045300;154 662 617;A01;3;7;0;2;2;1;1;
69221;202000045301;154 662 612;A01;1;21;6;0;1;1;1;
69222;202000045302;154 662 614;A01;2;7;13;0;0;13;1;
69223;202000045304;154 662 609;A01;1;2;0;0;0;1;1;
69224;202000045305;154 662 608;A01;1;10;8;0;2;14;1;
69225;202000045306;154 662 607;A01;3;1;0;0;0;1;5;
69226;202000045307;154 662 606;A01;1;7;1;0;1;14;1;
69227;202000045308;154 662 604;A01;2;33;14;0;2;2;1;
69228;202000045308;154 662 605;B01;2;33;0;0;6;23;1;
69229;202000045309;154 662 611;B01;3;7;0;2;9;2;1;
69230;202000045309;154 662 613;A01;3;7;0;2;6;1;1;
69231;202000045311;154 662 603;A01;3;10;0;1;4;4;1;
69232;202000045312;154 662 600;A01;2;33;13;9;1;16;1;
69233;202000045313;154 662 598;B01;1;7;0;9;2;1;1;
69234;202000045313;154 662 599;A01;2;1;0;2;1;9;5;
69235;202000045314;154 662 597;A01;1;10;13;0;3;13;1;
69236;202000045315;154 662 595;A01;1;10;0;1;3;26;1;
69237;202000045316;154 662 592;A01;1;7;0;0;9;13;1;
69238;202000045317;154 662 591;A01;2;7;0;1;2;1;1;
69239;202000045318;154 662 594;B01;2;7;0;2;1;1;1;
69240;202000045318;154 662 602;A01;1;15;0;2;1;0;0;
69241;202000045319;154 662 589;A01;3;7;2;0;1;1;0;
69242;202000045321;154 662 585;A01;2;32;0;1;1;25;0;
69243;202000045322;154 662 584;A01;2;33;3;0;1;26;1;
69244;202000045322;154 662 586;B01;1;7;3;0;1;1;1;
69245;202000045323;154 662 593;A01;1;7;2;0;8;13;0;
69246;202000045325;154 662 580;A01;1;7;13;0;0;14;1;
69247;202000045326;154 662 583;B01;1;7;0;2;6;2;1;
69248;202000045326;154 662 588;A01;1;33;0;2;1;2;1;
69249;202000045327;154 662 579;A01;2;7;4;0;2;14;1;
69250;202000045328;154 662 577;B01;3;33;6;2;1;1;1;
69251;202000045328;154 662 578;A01;3;7;0;2;2;1;1;
69252;202000045329;154 662 576;A01;3;7;0;1;8;1;1;
69253;202000045330;154 662 575;A01;2;7;13;0;3;1;1;
69254;202000045331;154 662 569;A01;2;33;0;0;9;1;1;
69255;202000045332;154 662 570;A01;1;7;0;2;1;2;1;
69256;202000045332;154 662 571;B01;3;7;0;2;4;2;1;
69257;202000045332;154 662 572;C01;3;10;0;2;4;2;0;
69258;202000045333;154 662 573;A01;2;7;2;0;9;1;1;
69259;202000045334;154 662 574;A01;1;7;9;0;1;1;1;
69260;202000045335;154 662 565;A01;1;7;3;5;1;21;1;
69261;202000045336;154 662 564;A01;0;7;0;2;2;9;1;
69262;202000045336;154 662 567;B01;0;1;0;2;3;1;5;
69263;202000045338;154 662 558;B01;2;7;0;2;3;1;1;
69264;202000045338;154 662 559;A01;2;7;0;2;2;12;1;
69265;202000045339;154 662 557;A01;2;7;0;1;2;1;1;
69266;202000045340;154 662 561;A01;1;33;0;6;1;1;1;
69267;202000045341;154 662 553;A01;0;7;0;2;0;16;1;
69268;202000045341;154 662 556;B01;0;7;12;2;3;1;1;
69269;202000045343;154 662 549;A01;0;7;8;0;1;0;1;
69270;202000045344;154 662 550;B01;1;7;0;2;3;1;1;
69271;202000045344;154 662 554;A01;2;7;0;2;3;13;1;
69272;202000045346;154 662 540;B01;1;43;0;2;8;3;1;
69273;202000045346;154 662 542;A01;1;7;0;2;7;12;1;
69274;202000045347;154 662 538;B01;2;2;0;2;1;1;1;
69275;202000045347;154 662 545;A01;2;2;0;0;4;1;1;
69276;202000045348;154 662 534;A01;0;7;0;2;2;15;1;
69277;202000045348;154 662 536;B01;3;80;0;2;1;19;3;
69278;202000045349;154 662 535;B01;1;1;0;2;1;1;5;
69279;202000045349;154 662 537;A01;1;10;0;2;8;22;1;
69280;202000045350;154 662 551;A01;2;7;0;1;1;1;0;
69281;202000045351;154 662 530;B01;1;2;0;2;1;1;1;
69282;202000045351;154 662 531;A01;0;7;0;2;7;9;1;
69283;202000045353;154 662 526;B01;1;10;0;2;3;26;1;
69284;202000045353;154 662 527;A01;1;7;0;2;1;1;1;
69285;202000045354;154 662 525;A01;3;1;0;0;0;1;5;
69286;202000045355;154 662 521;A01;3;7;14;0;1;1;1;
69287;202000045356;154 662 520;A01;1;7;0;0;1;1;1;
69288;202000045357;154 662 517;A01;2;7;5;0;1;0;0;
69289;202000045358;154 662 518;A01;3;7;0;2;7;13;1;
69290;202000045358;154 662 519;B01;3;7;0;2;1;2;1;
69291;202000045359;154 662 516;A01;1;7;0;1;2;1;1;
69292;202000045360;154 662 523;B01;1;7;0;2;4;2;1;
69293;202000045360;154 662 532;A01;1;7;0;2;1;2;1;
69294;202000045361;154 662 511;B01;2;10;0;2;2;1;1;
69295;202000045361;154 662 512;A01;2;10;0;2;3;13;1;
69296;202000045362;154 662 510;A01;1;32;0;1;1;17;1;
69297;202000045363;154 662 509;A01;1;50;0;0;7;25;3;
69298;202000045364;154 662 514;A01;0;7;0;1;1;1;1;
69299;202000045365;154 662 513;B01;1;7;0;0;5;2;1;
69300;202000045365;154 662 515;A01;1;31;0;2;1;2;1;
69301;202000045366;154 662 524;A01;2;7;3;2;2;13;1;
69302;202000045366;154 662 533;B01;1;7;0;2;3;1;1;
69303;202000045367;154 662 508;A01;1;33;0;1;1;17;1;
69304;202000045368;154 662 504;A01;2;17;0;2;1;2;1;
69305;202000045368;154 662 505;B01;2;7;0;2;4;2;0;
69306;202000045369;154 662 502;B01;0;99;0;0;0;0;0;
69307;202000045369;154 662 507;A01;0;7;0;2;4;1;0;
69308;202000045370;154 662 503;B01;1;1;0;2;1;9;5;
69309;202000045370;154 662 506;A01;1;1;0;2;7;1;5;
69310;202000045371;154 662 501;A01;1;7;0;1;1;2;1;
69311;202000045372;154 662 500;A01;1;7;0;1;2;16;1;
69312;202000045373;154 662 497;A01;3;7;0;1;3;1;1;
69313;202000045374;154 662 494;B01;1;1;0;2;8;16;5;
69314;202000045374;154 662 496;A01;1;10;0;2;7;16;1;
69315;202000045375;154 662 492;A01;1;33;0;2;1;1;1;
69316;202000045375;154 662 493;B01;1;7;0;2;8;15;1;
69317;202000045377;154 662 490;A01;1;80;12;0;7;12;3;
69318;202000045378;154 662 484;B01;1;33;0;2;8;1;1;
69319;202000045378;154 662 485;A01;1;7;0;2;7;13;1;
69320;202000045379;154 662 480;A01;1;80;0;2;1;16;3;
69321;202000045379;154 662 482;B01;1;10;0;2;2;1;1;
69322;202000045380;154 662 478;A01;2;30;0;2;1;16;1;
69323;202000045380;154 662 479;B01;2;50;0;2;8;19;3;
69324;202000045381;154 662 487;A01;2;7;0;2;3;13;1;
69325;202000045381;154 662 499;B01;1;7;0;2;3;1;1;
69326;202000045382;154 662 488;A01;1;7;0;1;1;1;1;
69327;202000045383;154 662 489;A01;2;2;0;0;0;1;1;
69328;202000045384;154 662 481;B01;2;7;0;9;1;1;1;
69329;202000045384;154 662 483;A01;3;99;0;2;1;19;3;
69330;202000045386;154 662 473;B01;2;7;0;2;3;0;1;
69331;202000045386;154 662 474;A01;1;7;0;2;3;13;1;
69332;202000045388;154 662 475;A01;2;7;15;1;1;25;1;
69333;202000045389;154 662 469;A01;2;31;0;0;8;0;1;
69334;202000045390;154 662 471;A01;0;10;0;1;2;1;1;
69335;202000045391;154 662 468;B01;0;32;0;2;7;1;1;
69336;202000045391;154 662 470;A01;3;7;0;2;8;9;1;
69337;202000045392;154 662 465;A01;2;7;0;2;3;10;1;
69338;202000045392;154 662 467;B01;2;2;0;2;1;1;1;
69339;202000045393;154 662 464;A01;1;7;0;2;3;19;1;
69340;202000045393;154 662 466;B01;2;34;0;2;8;1;1;
69341;202000045395;154 662 462;A01;1;7;4;0;1;13;1;
69342;202000045396;154 662 457;A01;2;2;12;0;7;1;1;
69343;202000045397;154 662 459;A01;2;7;8;0;9;1;1;
69344;202000045398;154 662 460;A01;1;7;13;0;9;1;1;
69345;202000045399;154 662 461;A01;2;33;0;1;1;1;1;
69346;202000045401;154 662 449;A01;1;7;0;2;1;1;1;
69347;202000045401;154 662 454;B01;2;7;0;2;1;1;1;
69348;202000045402;154 662 450;A01;1;7;0;2;3;9;1;
69349;202000045402;154 662 455;B01;1;32;0;2;5;1;1;
69350;202000045403;154 662 453;A01;1;33;0;0;3;16;1;
69351;202000045404;154 662 451;A01;1;32;0;1;1;1;1;
69352;202000045405;154 662 445;B01;0;7;0;2;4;2;1;
69353;202000045405;154 662 448;A01;0;7;0;2;1;2;1;
69354;202000045406;154 662 442;A01;2;33;0;2;1;13;1;
69355;202000045406;154 662 444;B01;1;33;0;2;1;1;1;
69356;202000045407;154 662 446;A01;2;50;0;0;0;7;3;
69357;202000045408;154 662 447;A01;1;7;0;2;2;17;6;
69358;202000045408;154 662 452;B01;1;1;0;2;8;15;5;
69359;202000045409;154 662 441;A01;1;10;0;1;7;16;1;
69360;202000045410;154 662 436;A01;0;33;0;2;1;2;1;
69361;202000045410;154 662 438;C01;0;7;0;2;7;1;1;
69362;202000045410;154 662 440;B01;0;33;0;2;3;23;1;
69363;202000045411;154 662 434;B01;1;7;0;0;4;0;1;
69364;202000045411;154 662 437;A01;1;7;0;2;1;0;1;
69365;202000045412;154 662 433;B01;3;7;0;2;3;1;6;
69366;202000045412;154 662 435;A01;3;30;0;2;3;19;0;
69367;202000045414;154 662 428;B01;2;7;0;2;8;16;1;
69368;202000045414;154 662 429;A01;1;10;0;2;3;15;1;
69369;202000045415;154 662 430;A01;1;10;0;1;3;15;1;
69370;202000045416;154 662 431;A01;1;10;0;0;1;1;6;
69371;202000045417;154 662 439;A01;2;7;0;1;4;4;1;
69372;202000045418;154 662 432;A01;2;7;0;1;1;5;0;
69373;202000045419;154 662 426;B01;0;33;0;2;7;0;1;
69374;202000045419;154 662 427;A01;3;10;0;2;0;20;1;
69375;202000045421;154 662 423;A01;3;7;2;0;3;1;1;
69376;202000045422;154 662 424;A01;1;7;0;2;7;16;1;
69377;202000045422;154 662 425;B01;1;2;0;2;8;1;1;
69378;202000045424;154 662 416;A01;2;10;0;1;2;16;1;
69379;202000045425;154 662 414;A01;1;30;0;2;1;1;1;
69380;202000045425;154 662 418;B01;3;60;0;2;8;19;5;
69381;202000045426;154 662 412;A01;2;7;0;1;2;2;1;
69382;202000045427;154 662 411;C01;1;7;0;2;3;23;1;
69383;202000045427;154 662 413;B01;1;7;0;2;4;23;0;
69384;202000045427;154 662 415;A01;1;30;0;2;1;3;1;
69385;202000045429;154 662 407;A01;2;50;0;2;1;5;3;
69386;202000045429;154 662 409;B01;1;7;0;2;1;1;1;
69387;202000045430;154 662 406;B01;1;7;0;2;5;15;1;
69388;202000045430;154 662 408;A01;2;33;0;2;1;1;0;
69389;202000045431;154 662 402;A01;3;7;0;2;3;15;1;
69390;202000045431;154 662 405;B01;3;7;0;2;2;1;1;
69391;202000045434;154 662 396;A01;2;7;2;0;1;13;0;
69392;202000045435;154 662 394;A01;-1;1;0;2;1;0;0;
69393;202000045435;154 662 395;B01;1;1;0;0;0;0;0;
69394;202000045436;154 662 392;A01;2;7;0;2;3;13;1;
69395;202000045436;154 662 393;B01;1;7;0;2;6;1;1;
69396;202000045437;154 662 401;A01;1;33;0;2;0;13;1;
69397;202000045437;154 662 417;B01;2;7;0;2;2;1;1;
69398;202000045438;154 662 385;B01;1;2;0;2;1;1;1;
69399;202000045438;154 662 390;A01;1;7;0;2;2;13;1;
69400;202000045439;154 662 399;B01;1;7;0;2;1;1;1;
69401;202000045439;154 662 400;A01;1;7;0;2;1;5;1;
69402;202000045440;154 662 403;A01;2;10;0;1;1;1;0;
69403;202000045441;154 662 386;A01;1;33;0;2;7;1;1;
69404;202000045441;154 662 391;B01;1;10;0;2;1;1;1;
69405;202000045445;154 662 380;A01;2;7;0;2;2;15;1;
69406;202000045445;154 662 382;B01;1;1;0;2;1;1;5;
69407;202000045446;154 662 381;A01;1;7;0;1;3;1;0;
69408;202000045447;154 662 378;B01;1;33;0;9;4;23;1;
69409;202000045447;154 662 379;A01;1;10;14;0;1;2;1;
69410;202000045448;154 662 374;B01;1;7;1;0;6;17;1;
69411;202000045448;154 662 375;A01;1;33;0;2;2;1;1;
69412;202000045449;154 662 376;A01;2;2;0;0;1;1;1;
69413;202000045450;154 662 370;A01;2;7;8;1;2;1;0;
69414;202000045451;154 662 368;B01;1;7;0;2;4;23;1;
69415;202000045451;154 662 373;A01;1;2;14;0;1;2;1;
69416;202000045452;154 662 366;B01;2;34;0;2;3;1;1;
69417;202000045452;154 662 367;A01;2;3;0;2;5;12;1;
69418;202000045453;154 662 363;A01;2;7;0;2;1;1;1;
69419;202000045453;154 662 365;B01;2;7;0;2;4;23;1;
69420;202000045455;154 662 371;A01;2;0;0;1;2;1;0;
69421;202000045456;154 662 358;A01;1;7;0;2;2;1;1;
69422;202000045456;154 662 362;B01;1;32;0;2;1;1;1;
69423;202000045457;154 662 372;A01;0;7;0;1;1;9;1;
69424;202000045458;154 662 355;B01;1;7;0;2;3;2;1;
69425;202000045458;154 662 357;A01;1;7;4;6;2;1;1;
69426;202000045459;154 662 351;B01;1;7;0;2;5;2;1;
69427;202000045459;154 662 359;A01;1;7;0;2;3;2;1;
69428;202000045460;154 662 352;A01;1;7;0;2;1;1;1;
69429;202000045460;154 662 360;B01;1;7;0;2;4;1;1;
69430;202000045460;154 662 361;C01;1;10;0;2;4;1;0;
69431;202000045461;154 662 354;A01;0;7;0;2;3;15;1;
69432;202000045461;154 662 356;B01;0;7;0;2;3;1;1;
69433;202000045462;154 662 349;A01;1;7;0;1;7;16;0;
69434;202000045464;154 662 347;A01;0;1;0;2;1;19;5;
69435;202000045464;154 662 348;B01;2;7;0;2;6;1;1;
69436;202000045465;154 662 353;A01;0;33;0;0;7;1;0;
69437;202000045466;154 662 344;A01;1;33;0;0;7;1;1;
69438;202000045467;154 662 343;B01;2;7;0;2;4;12;1;
69439;202000045467;154 662 346;A01;2;33;0;2;1;3;1;
69440;202000045468;154 662 342;A01;2;7;10;0;2;1;6;
69441;202000045469;154 662 339;A01;1;7;6;0;1;1;1;
69442;202000045471;154 662 336;A01;1;10;0;0;2;1;1;
69443;202000045473;154 662 333;B01;2;7;0;2;1;1;1;
69444;202000045473;154 662 334;A01;1;7;0;2;8;13;1;
69445;202000045474;154 662 332;A01;1;43;0;1;7;17;1;
69446;202000045475;154 662 328;A01;1;10;2;6;1;14;1;
69447;202000045476;154 662 329;A01;3;7;0;1;3;1;1;
69448;202000045477;154 662 330;B01;3;1;0;2;1;1;5;
69449;202000045477;154 662 331;A01;3;7;0;2;3;1;1;
69450;202000045478;154 662 326;A01;1;1;12;2;1;13;5;
69451;202000045478;154 662 327;B01;2;1;0;2;1;1;5;
69452;202000045480;154 662 324;Z01;0;30;0;1;8;1;0;
69453;202000045481;154 662 323;A01;3;7;8;0;2;1;1;
69454;202000045483;154 662 316;A01;2;7;2;0;7;13;1;
69455;202000045484;154 662 317;A01;2;7;0;2;1;13;1;
69456;202000045484;154 662 319;B01;1;7;0;2;1;1;1;
69457;202000045486;154 662 315;A01;1;7;0;2;3;15;1;
69458;202000045486;154 662 318;B01;2;50;0;2;3;1;3;
69459;202000045487;154 662 313;A01;2;7;2;0;2;14;1;
69460;202000045489;154 662 309;A01;1;30;0;2;1;14;1;
69461;202000045489;154 662 311;B01;1;7;0;2;4;23;1;
69462;202000045491;154 662 305;B01;2;7;0;2;7;16;1;
69463;202000045491;154 662 306;A01;2;30;0;2;1;18;1;
69464;202000045493;154 662 299;A01;2;10;0;1;5;4;1;
69465;202000045494;154 662 298;B01;2;30;0;2;1;1;1;
69466;202000045494;154 662 300;A01;2;7;0;2;8;22;2;
69467;202000045495;154 662 294;C01;1;7;14;0;1;1;1;
69468;202000045495;154 662 296;B01;2;7;0;2;3;1;1;
69469;202000045495;154 662 297;A01;1;34;0;2;1;13;1;
69470;202000045497;154 662 301;A01;2;7;15;2;5;1;1;
69471;202000045497;154 662 308;B01;0;7;0;2;0;9;0;
69472;202000045498;154 662 304;A01;1;31;0;9;0;21;1;
69473;202000045499;154 662 291;A01;1;7;0;1;3;1;2;
69474;202000045500;154 662 287;B01;3;7;0;2;5;15;1;
69475;202000045500;154 662 290;A01;3;13;0;2;3;21;1;
69476;202000045501;154 662 286;B01;3;30;0;2;2;17;1;
69477;202000045501;154 662 288;A01;1;7;0;2;3;15;1;
69478;202000045502;154 662 289;A01;2;7;6;0;1;1;1;
69479;202000045503;154 662 285;A01;1;7;5;0;7;1;1;
69480;202000045504;154 662 283;Z01;1;7;0;2;2;15;1;
69481;202000045504;154 662 284;A01;2;1;0;2;1;1;5;
69482;202000045505;154 662 292;B01;1;7;0;2;1;1;1;
69483;202000045505;154 662 293;A01;2;2;0;2;0;1;1;
69484;202000045506;154 662 302;B01;1;7;0;2;1;2;1;