;Num_Acc;id_vehicule;num_veh;senc;catv;obs;obsm;choc;manv;motor;occutc
69918;202000045809;154 661 789;A01;2;7;0;2;1;13;1;
69919;202000045810;154 661 787;A01;3;30;8;0;1;1;1;
69920;202000045811;154 661 785;B01;1;7;0;2;4;1;1;
69921;202000045811;154 661 786;A01;1;7;0;2;1;1;1;
69922;202000045812;154 661 783;A01;2;7;0;2;0;1;1;
69923;202000045812;154 661 784;B01;2;7;0;2;8;1;1;
69924;202000045813;154 661 779;A01;2;7;0;2;1;2;1;
69925;202000045813;154 661 780;B01;2;7;0;2;4;23;1;
69926;202000045813;154 661 781;C01;2;7;0;2;4;23;1;
69927;202000045813;154 661 782;D01;2;7;0;2;4;23;1;
69928;202000045814;154 661 778;A01;1;7;13;0;1;1;1;
69929;202000045816;154 661 775;A01;1;32;0;0;8;0;1;
69930;202000045817;154 661 774;A01;2;33;0;0;8;2;1;
69931;202000045818;154 661 772;A01;2;7;0;2;7;12;1;
69932;202000045818;154 661 773;B01;2;33;0;2;3;3;1;
69933;202000045819;154 661 769;C01;2;7;0;2;5;2;1;
69934;202000045819;154 661 770;B01;2;33;0;2;1;3;1;
69935;202000045819;154 661 771;A01;2;7;0;2;6;11;1;
69936;202000045820;154 661 766;A01;2;7;0;2;1;2;1;
69937;202000045820;154 661 767;B01;2;7;0;2;4;2;1;
69938;202000045820;154 661 768;C01;2;7;0;2;4;2;1;
69939;202000045821;154 661 764;A01;1;7;0;2;6;1;1;
69940;202000045821;154 661 765;B01;1;32;0;2;1;2;1;
69941;202000045822;154 661 762;A01;2;7;0;2;6;11;1;
69942;202000045822;154 661 763;B01;2;32;0;2;2;1;1;
69943;202000045823;154 661 759;A01;1;7;0;2;1;2;1;
69944;202000045823;154 661 760;B01;1;7;0;2;4;2;1;
69945;202000045823;154 661 761;C01;1;7;0;2;4;1;1;
69946;202000045824;154 661 756;C01;1;0;0;2;0;0;0;
69947;202000045824;154 661 757;A01;2;7;0;2;1;2;1;
69948;202000045824;154 661 758;B01;2;7;0;2;4;2;1;
69949;202000045825;154 661 752;D01;1;7;0;2;8;1;1;
69950;202000045825;154 661 753;C01;1;7;0;2;6;1;1;
69951;202000045825;154 661 754;A01;1;10;0;2;1;1;1;
69952;202000045825;154 661 755;B01;1;7;0;2;4;1;1;
69953;202000045826;154 661 750;A01;-1;7;0;2;1;26;1;
69954;202000045826;154 661 751;B01;-1;7;0;2;2;1;1;
69955;202000045827;154 661 748;B01;1;7;0;2;2;12;1;
69956;202000045827;154 661 749;A01;1;33;0;2;8;3;1;
69957;202000045828;154 661 747;A01;1;10;3;0;3;0;1;
69958;202000045829;154 661 745;A01;2;33;0;2;7;3;1;
69959;202000045829;154 661 746;B01;2;7;0;2;8;11;1;
69960;202000045830;154 661 743;B01;1;34;0;2;7;3;1;
69961;202000045830;154 661 744;A01;1;7;0;2;3;11;1;
69962;202000045831;154 661 741;B01;2;33;0;2;3;1;1;
69963;202000045831;154 661 742;A01;2;7;0;2;2;12;1;
69964;202000045832;154 661 739;B01;2;7;0;2;4;2;1;
69965;202000045832;154 661 740;A01;2;10;0;2;1;1;1;
69966;202000045833;154 661 736;A01;2;33;0;2;3;3;1;
69967;202000045833;154 661 737;B01;2;33;0;2;2;14;1;
69968;202000045833;154 661 738;C01;2;14;0;2;6;23;1;
69969;202000045834;154 661 734;B01;1;33;0;2;1;3;1;
69970;202000045834;154 661 735;A01;1;7;0;2;6;23;1;
69971;202000045835;154 661 731;C01;2;33;0;2;0;1;1;
69972;202000045835;154 661 732;B01;2;33;0;2;1;0;1;
69973;202000045835;154 661 733;A01;2;10;0;2;5;1;0;
69974;202000045836;154 661 728;B01;1;7;0;2;6;1;1;
69975;202000045836;154 661 729;A01;1;15;0;2;3;12;1;
69976;202000045836;154 661 730;C01;1;7;0;2;1;1;1;
69977;202000045838;154 661 724;A01;2;33;0;2;1;1;1;
69978;202000045838;154 661 725;B01;2;7;0;2;8;11;1;
69979;202000045839;154 661 721;A01;2;7;0;2;4;2;1;
69980;202000045839;154 661 722;B01;2;7;0;2;4;2;1;
69981;202000045839;154 661 723;Z01;2;7;0;2;1;2;0;
69982;202000045840;154 661 718;C01;1;33;0;2;5;1;1;
69983;202000045840;154 661 719;A01;1;13;0;2;2;12;1;
69984;202000045840;154 661 720;B01;1;7;4;2;9;1;1;
69985;202000045841;154 661 715;B01;1;7;0;2;9;1;1;
69986;202000045841;154 661 716;C01;1;7;0;2;1;1;1;
69987;202000045841;154 661 717;A01;1;7;0;2;4;1;1;
69988;202000045842;154 661 713;B01;3;7;0;0;0;1;1;
69989;202000045842;154 661 714;A01;3;30;0;0;0;21;1;
69990;202000045843;154 661 712;A01;1;33;0;0;0;0;1;
69991;202000045844;154 661 709;A01;1;7;0;2;1;1;1;
69992;202000045844;154 661 710;B01;1;15;0;2;3;1;1;
69993;202000045844;154 661 711;C01;1;7;0;2;4;1;1;
69994;202000045845;154 661 708;A01;3;2;9;0;0;15;1;
69995;202000045846;154 661 706;A01;1;2;0;2;1;18;1;
69996;202000045846;154 661 707;B01;1;7;0;2;2;16;1;
69997;202000045847;154 661 704;B01;1;2;0;2;7;15;1;
69998;202000045847;154 661 705;A01;1;7;0;2;1;1;1;
69999;202000045848;154 661 703;A01;1;30;0;1;1;17;1;
70000;202000045849;154 661 702;A01;1;7;0;1;2;21;1;
70001;202000045850;154 661 700;A01;2;10;0;2;1;19;1;
70002;202000045850;154 661 701;B01;1;7;0;2;7;1;1;
70003;202000045851;154 661 699;A01;1;7;1;0;9;1;1;
70004;202000045852;154 661 697;A01;1;3;0;2;1;1;0;
70005;202000045852;154 661 698;B01;1;10;0;2;4;1;0;
70006;202000045853;154 661 696;A01;1;30;1;0;1;14;1;
70007;202000045854;154 661 694;A01;2;1;0;2;1;2;5;
70008;202000045854;154 661 695;B01;2;7;0;9;4;23;0;
70009;202000045855;154 661 692;A01;2;31;1;2;2;1;1;
70010;202000045855;154 661 693;B01;2;7;1;9;3;9;1;
70011;202000045857;154 661 689;A01;1;34;0;1;1;13;1;
70012;202000045858;154 661 687;A01;3;7;0;2;2;1;0;
70013;202000045858;154 661 688;B01;3;1;0;2;0;0;0;
70014;202000045859;154 661 686;A01;2;1;8;0;0;1;5;
70015;202000045860;154 661 682;C01;1;7;14;0;5;23;1;
70016;202000045860;154 661 683;D01;1;7;14;0;4;23;1;
70017;202000045860;154 661 684;A01;1;7;14;0;3;2;1;
70018;202000045860;154 661 685;B01;1;7;14;0;0;0;1;
70019;202000045861;154 661 681;Z01;1;3;0;1;1;1;0;
70020;202000045864;154 661 676;A01;2;7;0;2;2;9;1;
70021;202000045864;154 661 677;B01;2;14;0;2;3;9;1;
70022;202000045865;154 661 674;A01;2;10;0;2;4;4;1;
70023;202000045865;154 661 675;B01;2;1;0;2;1;23;5;
70024;202000045866;154 661 672;B01;3;2;0;2;3;1;1;
70025;202000045866;154 661 673;Z01;3;7;0;2;1;19;1;
70026;202000045867;154 661 671;A01;0;7;0;1;1;26;1;
70027;202000045868;154 661 669;B01;3;7;0;2;3;19;1;
70028;202000045868;154 661 670;A01;3;7;0;2;2;26;1;
70029;202000045869;154 661 667;B01;0;7;0;2;4;1;1;
70030;202000045869;154 661 668;A01;0;1;0;2;1;1;1;
70031;202000045870;154 661 665;B01;1;1;0;2;8;9;5;
70032;202000045870;154 661 666;A01;2;7;0;2;2;1;1;
70033;202000045871;154 661 660;A01;2;7;0;1;3;1;1;
70034;202000045872;154 661 657;Z01;0;2;0;1;1;1;1;
70035;202000045873;154 661 655;A01;1;7;3;2;3;13;1;
70036;202000045873;154 661 656;B01;1;34;0;2;1;1;1;
70037;202000045875;154 661 651;B01;3;7;0;2;7;15;1;
70038;202000045875;154 661 652;A01;3;33;0;2;1;17;1;
70039;202000045876;154 661 650;A01;2;1;12;0;1;14;5;
70040;202000045877;154 661 649;A01;1;7;0;1;1;1;1;
70041;202000045878;154 661 647;B01;2;7;0;2;3;15;1;
70042;202000045878;154 661 648;A01;1;32;0;2;1;1;1;
70043;202000045880;154 661 644;A01;1;7;0;1;1;1;1;
70044;202000045881;154 661 642;B01;1;33;0;2;4;1;1;
70045;202000045881;154 661 643;A01;1;7;0;2;1;1;1;
70046;202000045882;154 661 640;A01;3;7;0;2;8;26;1;
70047;202000045882;154 661 641;B01;3;32;0;2;7;1;1;
70048;202000045883;154 661 639;B01;2;1;0;1;1;13;5;
70049;202000045884;154 661 636;C01;1;7;0;2;4;1;1;
70050;202000045884;154 661 637;B01;1;7;0;2;4;1;1;
70051;202000045884;154 661 638;A01;1;7;0;2;1;1;1;
70052;202000045885;154 661 635;A01;1;1;1;0;1;14;5;
70053;202000045886;154 661 633;A01;2;7;0;2;1;17;1;
70054;202000045886;154 661 634;B01;1;7;0;2;1;0;0;
70055;202000045887;154 661 632;A01;1;7;14;1;2;1;1;
70056;202000045888;154 661 630;A01;2;7;0;2;3;15;1;
70057;202000045888;154 661 631;B01;1;33;0;2;1;1;1;
70058;202000045889;154 661 628;A01;3;30;0;2;1;2;1;
70059;202000045889;154 661 629;B01;3;7;0;2;4;2;1;
70060;202000045890;154 661 627;A01;1;7;2;0;3;13;1;
70061;202000045891;154 661 626;A01;1;7;13;0;7;14;1;
70062;202000045892;154 661 625;A01;3;32;8;0;1;14;1;
70063;202000045893;154 661 623;A01;2;7;0;2;1;13;1;
70064;202000045893;154 661 624;B01;1;7;0;2;1;16;1;
70065;202000045894;154 661 621;B01;2;7;0;2;8;15;1;
70066;202000045894;154 661 622;A01;2;7;0;2;2;17;1;
70067;202000045895;154 661 619;B01;0;1;0;2;0;0;5;
70068;202000045895;154 661 620;A01;2;14;0;2;3;16;1;
70069;202000045896;154 661 617;A01;1;7;0;2;1;1;1;
70070;202000045896;154 661 618;B01;1;7;0;2;1;1;1;
70071;202000045898;154 661 614;B01;1;37;0;2;1;1;1;2.0
70072;202000045898;154 661 615;A01;1;7;0;2;1;1;1;
70073;202000045899;154 661 612;B01;1;7;0;0;4;23;1;
70074;202000045899;154 661 613;A01;1;2;0;2;1;1;1;
70075;202000045900;154 661 610;A01;2;7;3;2;1;1;1;
70076;202000045900;154 661 611;B01;2;7;3;2;1;1;1;
70077;202000045901;154 661 608;B01;3;1;0;2;1;1;5;
70078;202000045901;154 661 609;A01;1;10;0;2;5;16;1;
70079;202000045902;154 661 606;B01;3;33;0;2;1;1;0;
70080;202000045902;154 661 607;A01;3;7;0;2;6;10;1;
70081;202000045903;154 661 604;A01;0;7;0;2;1;1;1;
70082;202000045903;154 661 605;B01;0;7;0;2;3;1;1;
70083;202000045907;154 661 596;A01;3;7;0;1;1;1;1;
70084;202000045908;154 661 594;B01;0;2;0;2;1;1;1;
70085;202000045908;154 661 595;A01;0;7;0;2;1;26;1;
70086;202000045909;154 661 590;A01;1;31;0;2;9;18;1;
70087;202000045909;154 661 591;B01;1;7;0;2;8;1;1;
70088;202000045909;154 661 592;C01;1;7;0;2;2;1;1;
70089;202000045909;154 661 593;D01;1;7;0;2;4;1;1;
70090;202000045910;154 661 589;A01;1;10;8;0;1;9;1;
70091;202000045911;154 661 587;B01;1;7;0;2;1;1;1;
70092;202000045911;154 661 588;A01;2;7;7;2;1;13;1;
70093;202000045912;154 661 585;A01;3;7;0;2;7;1;1;
70094;202000045912;154 661 586;B01;3;7;0;2;1;1;1;
70095;202000045913;154 661 583;A01;2;7;0;2;1;9;1;
70096;202000045913;154 661 584;B01;2;7;0;2;1;1;1;
70097;202000045914;154 661 580;A01;1;31;0;2;8;17;1;
70098;202000045914;154 661 581;B01;1;7;0;2;6;15;1;
70099;202000045915;154 661 578;B01;3;7;0;2;4;0;1;
70100;202000045915;154 661 579;A01;3;7;0;2;2;9;1;
70101;202000045917;154 661 573;B01;2;7;0;2;3;1;5;
70102;202000045917;154 661 574;A01;1;3;0;2;3;15;5;
70103;202000045918;154 661 571;A01;1;7;0;2;2;15;1;
70104;202000045918;154 661 572;B01;2;1;0;2;1;1;5;
70105;202000045919;154 661 569;B01;2;2;0;2;1;2;1;
70106;202000045919;154 661 570;A01;1;7;0;2;3;15;1;
70107;202000045920;154 661 568;A01;2;10;0;1;7;2;1;
70108;202000045921;154 661 566;A01;0;32;0;2;3;1;1;
70109;202000045921;154 661 567;Z01;0;10;0;2;8;9;1;
70110;202000045922;154 661 564;B01;0;30;0;2;2;1;1;
70111;202000045922;154 661 565;A01;0;7;0;2;3;15;1;
70112;202000045924;154 661 562;A01;3;7;6;0;1;1;1;
70113;202000045925;154 661 560;A01;3;7;0;2;2;16;1;
70114;202000045925;154 661 561;B01;3;7;0;2;1;1;0;
70115;202000045926;154 661 558;A01;3;30;0;2;3;9;1;
70116;202000045926;154 661 559;B01;1;7;14;0;0;0;1;
70117;202000045927;154 661 557;A01;1;30;12;0;1;0;1;
70118;202000045928;154 661 556;A01;2;2;0;0;7;1;1;
70119;202000045929;154 661 554;A01;2;7;0;2;3;15;1;
70120;202000045929;154 661 555;B01;2;2;0;2;7;17;1;
70121;202000045930;154 661 553;A01;1;7;8;0;1;26;1;
70122;202000045932;154 661 549;A01;1;7;0;2;1;11;1;
70123;202000045932;154 661 550;B01;1;7;0;2;8;7;1;
70124;202000045933;154 661 547;B01;1;10;0;2;2;1;1;
70125;202000045933;154 661 548;A01;1;10;0;2;3;1;1;
70126;202000045934;154 661 545;A01;3;30;0;2;1;18;3;
70127;202000045934;154 661 546;B01;3;7;0;2;5;1;3;
70128;202000045935;154 661 544;A01;1;50;0;0;0;1;3;
70129;202000045936;154 661 542;A01;3;10;0;2;0;9;1;
70130;202000045936;154 661 543;B01;3;30;0;2;3;1;1;
70131;202000045937;154 661 540;B01;3;10;0;2;0;1;1;
70132;202000045937;154 661 541;A01;3;32;0;2;2;1;1;
70133;202000045939;154 661 536;A01;1;7;0;2;3;15;1;
70134;202000045939;154 661 537;B01;1;1;0;2;1;17;5;
70135;202000045940;154 661 534;B01;2;7;0;2;2;15;3;
70136;202000045940;154 661 535;A01;1;30;0;2;1;1;1;
70137;202000045941;154 661 532;A01;2;7;1;1;1;1;1;
70138;202000045941;154 661 533;B01;2;7;0;2;5;24;1;
70139;202000045943;154 661 529;A01;3;1;0;0;1;1;5;
70140;202000045945;154 661 525;B01;2;7;0;2;3;15;1;
70141;202000045945;154 661 526;A01;1;30;0;2;2;1;1;
70142;202000045946;154 661 523;B01;1;1;0;2;4;1;5;
70143;202000045946;154 661 524;A01;1;1;0;2;3;2;5;
70144;202000045948;154 661 520;B01;2;7;0;2;4;26;1;
70145;202000045948;154 661 521;A01;2;7;0;2;1;26;1;
70146;202000045949;154 661 518;A01;1;50;0;2;3;26;3;
70147;202000045949;154 661 519;B01;1;7;0;0;0;0;2;
70148;202000045950;154 661 516;A01;1;7;1;2;2;24;1;
70149;202000045950;154 661 517;B01;1;7;15;2;3;0;0;
70150;202000045951;154 661 514;A01;3;10;0;9;1;15;1;
70151;202000045951;154 661 515;B01;0;50;0;2;8;26;3;
70152;202000045952;154 661 513;A01;0;30;0;0;0;26;1;
70153;202000045953;154 661 511;A01;2;30;0;2;1;1;1;
70154;202000045953;154 661 512;B01;1;7;0;2;5;1;1;
70155;202000045954;154 661 509;B01;3;10;0;2;1;1;1;
70156;202000045954;154 661 510;A01;3;10;0;2;8;1;1;
70157;202000045955;154 661 507;A01;2;7;0;2;1;1;1;
70158;202000045955;154 661 508;B01;1;7;0;2;1;1;1;
70159;202000045956;154 661 505;B01;3;10;0;2;2;1;0;
70160;202000045956;154 661 506;A01;3;10;0;2;6;1;1;
70161;202000045957;154 661 504;A01;1;7;0;1;1;9;1;
70162;202000045958;154 661 502;B01;2;7;0;2;3;15;6;
70163;202000045958;154 661 503;A01;-1;33;0;2;3;26;6;
70164;202000045959;154 661 501;A01;0;50;12;1;1;1;3;
70165;202000045960;154 661 499;A01;3;7;0;2;3;15;1;
70166;202000045960;154 661 500;B01;3;32;0;2;7;17;1;
70167;202000045961;154 661 497;A01;2;7;0;9;3;15;1;
70168;202000045961;154 661 498;B01;1;1;0;2;3;1;5;
70169;202000045962;154 661 495;A01;2;43;0;2;1;1;1;
70170;202000045962;154 661 496;B01;2;30;0;2;3;16;1;
70171;202000045963;154 661 493;A01;1;10;0;2;8;19;1;
70172;202000045963;154 661 494;B01;1;7;0;2;1;19;1;
70173;202000045964;154 661 491;A01;2;10;0;2;8;15;1;
70174;202000045964;154 661 492;B01;2;7;0;2;1;1;1;
70175;202000045965;154 661 489;B01;1;7;0;2;5;1;1;
70176;202000045965;154 661 490;A01;1;30;0;2;3;18;1;
70177;202000045967;154 661 485;A01;2;7;0;2;0;15;0;
70178;202000045967;154 661 486;B01;1;1;0;2;0;0;5;
70179;202000045968;154 661 483;A01;1;7;0;9;3;26;2;
70180;202000045968;154 661 484;B01;1;1;0;2;7;26;5;
70181;202000045969;154 661 482;A01;1;7;13;0;9;1;1;
70182;202000045970;154 661 480;A01;1;7;0;2;3;13;1;
70183;202000045970;154 661 481;B01;2;7;0;2;3;1;1;
70184;202000045971;154 661 478;A01;1;33;0;2;4;1;1;
70185;202000045971;154 661 479;B01;1;33;0;2;1;1;1;
70186;202000045972;154 661 476;A01;2;33;0;2;1;13;0;
70187;202000045972;154 661 477;B01;1;7;0;0;5;1;0;
70188;202000045973;154 661 475;A01;3;33;16;0;0;17;1;
70189;202000045974;154 661 473;B01;3;7;0;0;8;15;1;
70190;202000045974;154 661 474;A01;3;33;0;2;1;1;1;
70191;202000045975;154 661 471;B01;1;31;0;2;1;1;1;
70192;202000045975;154 661 472;A01;1;7;0;2;8;15;1;
70193;202000045976;154 661 469;A01;1;7;0;2;3;13;1;
70194;202000045976;154 661 470;B01;2;7;0;2;3;1;1;
70195;202000045977;154 661 468;A01;0;21;13;0;8;13;1;
70196;202000045978;154 661 467;A01;1;7;13;0;9;1;6;
70197;202000045980;154 661 461;A01;2;7;3;2;7;13;1;
70198;202000045980;154 661 462;B01;1;7;0;2;1;1;1;
70199;202000045981;154 661 459;A01;0;7;0;9;7;16;0;
70200;202000045981;154 661 460;B01;0;1;0;2;8;1;5;
70201;202000045982;154 661 458;A01;2;1;0;0;1;1;5;
70202;202000045984;154 661 455;A01;2;7;0;1;2;9;1;
70203;202000045985;154 661 454;A01;2;7;13;0;9;1;1;
70204;202000045986;154 661 452;A01;3;7;0;2;1;9;1;
70205;202000045986;154 661 453;B01;2;2;0;2;1;1;1;
70206;202000045987;154 661 451;A01;1;7;8;0;1;19;1;
70207;202000045988;154 661 448;A01;3;7;16;0;1;1;1;
70208;202000045989;154 661 446;B01;3;7;0;9;5;17;0;
70209;202000045989;154 661 447;A01;3;1;0;0;3;1;5;
70210;202000045990;154 661 443;A01;2;33;17;0;1;17;1;
70211;202000045991;154 661 441;B01;1;33;0;2;1;1;1;
70212;202000045991;154 661 442;A01;2;7;0;2;8;15;1;
70213;202000045992;154 661 440;A01;2;38;13;0;3;1;1;1.0
70214;202000045993;154 661 438;B01;0;7;0;2;3;1;1;
70215;202000045993;154 661 439;A01;0;7;0;2;3;13;1;
70216;202000045994;154 661 436;A01;1;7;0;2;8;17;1;
70217;202000045994;154 661 437;B01;2;31;3;2;7;17;1;
70218;202000045995;154 661 435;A01;2;7;0;0;9;1;1;
70219;202000045996;154 661 432;A01;1;7;3;2;1;17;1;
70220;202000045996;154 661 433;B01;1;7;0;2;5;1;1;
70221;202000045996;154 661 434;C01;1;7;4;2;8;9;0;
70222;202000045998;154 661 427;A01;1;32;0;0;8;1;0;
70223;202000045999;154 661 424;A01;2;1;0;2;2;26;5;
70224;202000045999;154 661 425;C01;1;7;0;9;3;1;1;
70225;202000045999;154 661 426;B01;2;2;0;9;0;1;1;
70226;202000046000;154 661 423;A01;1;37;0;1;2;7;1;1.0
70227;202000046001;154 661 422;A01;1;31;0;1;1;1;1;
70228;202000046002;154 661 421;A01;2;7;0;1;3;1;1;
70229;202000046003;154 661 418;C01;1;7;0;2;1;1;1;
70230;202000046003;154 661 419;B01;1;7;0;2;4;1;1;
70231;202000046003;154 661 420;A01;1;7;0;2;4;1;1;
70232;202000046004;154 661 416;B01;1;10;0;2;8;1;1;
70233;202000046004;154 661 417;A01;1;7;0;2;1;1;1;
70234;202000046005;154 661 414;A01;1;32;0;2;2;1;1;
70235;202000046005;154 661 415;B01;2;7;0;2;1;9;1;
70236;202000046006;154 661 412;B01;3;7;0;2;4;0;1;
70237;202000046006;154 661 413;A01;3;7;14;0;1;0;1;
70238;202000046008;154 661 409;B01;1;10;0;2;5;1;1;
70239;202000046008;154 661 410;A01;1;10;0;2;1;26;1;
70240;202000046009;154 661 408;A01;3;7;0;1;1;1;1;
70241;202000046010;154 661 407;A01;1;7;0;1;1;15;1;
70242;202000046011;154 661 406;A01;2;7;0;1;6;4;1;
70243;202000046013;154 661 402;B01;-1;7;0;2;0;0;1;
70244;202000046013;154 661 403;A01;-1;7;0;2;4;1;1;
70245;202000046014;154 661 400;B01;2;7;0;2;1;1;1;
70246;202000046014;154 661 401;A01;2;7;0;2;4;1;1;
70247;202000046015;154 661 398;A01;-1;7;0;2;1;16;1;
70248;202000046015;154 661 399;B01;-1;7;0;2;4;23;1;
70249;202000046017;154 661 394;B01;1;34;0;2;1;0;1;
70250;202000046017;154 661 395;A01;2;7;0;2;1;13;1;
70251;202000046018;154 661 392;A01;1;37;0;2;3;1;1;1.0
70252;202000046018;154 661 393;B01;1;7;1;2;4;20;1;
70253;202000046019;154 661 390;A01;2;50;0;2;7;1;3;
70254;202000046019;154 661 391;B01;1;7;0;2;1;1;1;
70255;202000046020;154 661 388;B01;2;7;0;2;6;9;1;
70256;202000046020;154 661 389;A01;1;30;0;2;1;1;0;
70257;202000046021;154 661 387;A01;1;7;4;0;3;11;0;
70258;202000046022;154 661 386;A01;1;7;13;0;1;13;1;
70259;202000046024;154 661 384;A01;2;30;8;0;1;1;1;
70260;202000046025;154 661 383;A01;1;33;0;0;0;1;1;
70261;202000046026;154 661 382;A01;0;7;0;1;3;16;0;
70262;202000046027;154 661 380;B01;0;7;0;2;1;1;1;
70263;202000046027;154 661 381;A01;3;7;0;2;1;11;1;
70264;202000046028;154 661 373;C01;1;7;0;2;4;2;1;
70265;202000046028;154 661 374;B01;1;7;0;2;4;9;1;
70266;202000046028;154 661 375;D01;1;7;0;2;1;2;1;
70267;202000046028;154 661 376;A01;1;14;0;2;1;2;1;
70268;202000046028;154 661 377;E01;1;14;0;2;1;2;1;
70269;202000046028;154 661 378;F01;1;15;0;2;1;21;1;
70270;202000046028;154 661 379;G01;1;7;0;2;1;2;1;
70271;202000046029;154 661 372;A01;2;7;0;1;3;1;1;
70272;202000046030;154 661 371;A01;2;3;6;0;1;1;1;
70273;202000046031;154 661 369;A01;2;7;0;2;1;1;1;
70274;202000046031;154 661 370;B01;1;7;0;2;7;1;1;
70275;202000046033;154 661 366;A01;3;7;8;0;3;1;1;
70276;202000046034;154 661 365;A01;2;10;6;0;2;1;1;
70277;202000046036;154 661 363;A01;1;7;0;1;0;26;1;
70278;202000046038;154 661 361;A01;3;7;0;1;2;1;1;
70279;202000046039;154 661 359;A01;2;7;0;2;2;15;1;
70280;202000046039;154 661 360;B01;1;2;0;2;1;1;1;
70281;202000046040;154 661 357;B01;2;2;0;2;1;1;1;
70282;202000046040;154 661 358;A01;1;7;0;2;5;15;1;
70283;202000046041;154 661 356;A01;2;7;8;0;5;14;1;
70284;202000046042;154 661 355;A01;0;7;0;1;2;19;1;
70285;202000046043;154 661 353;A01;1;7;0;2;3;13;1;
70286;202000046043;154 661 354;B01;2;7;0;2;3;1;1;
70287;202000046044;154 661 350;B01;1;7;0;2;4;2;1;
70288;202000046044;154 661 351;C01;1;7;0;2;4;2;1;
70289;202000046044;154 661 352;A01;1;14;0;2;1;2;1;
70290;202000046045;154 661 348;A01;2;15;0;0;4;2;1;
70291;202000046045;154 661 349;B01;2;10;0;2;1;2;1;
70292;202000046046;154 661 346;B01;1;32;0;0;8;0;1;
70293;202000046046;154 661 347;A01;1;17;0;2;2;1;1;
70294;202000046047;154 661 344;B01;3;7;0;2;3;19;0;
70295;202000046047;154 661 345;A01;3;32;0;2;2;1;0;
70296;202000046048;154 661 342;B01;2;7;4;0;1;21;1;
70297;202000046048;154 661 343;A01;2;7;5;0;0;26;1;
70298;202000046049;154 661 341;A01;2;7;0;1;2;19;1;
70299;202000046050;154 661 340;A01;1;36;15;0;2;14;1;
70300;202000046051;154 661 339;A01;3;7;2;0;3;13;1;
70301;202000046052;154 661 337;B01;1;7;0;2;8;1;1;
70302;202000046052;154 661 338;A01;1;7;4;2;7;14;1;
70303;202000046053;154 661 335;B01;1;7;0;2;2;17;1;
70304;202000046053;154 661 336;A01;1;1;0;0;6;1;5;
70305;202000046054;154 661 334;A01;0;7;6;0;1;6;1;
70306;202000046055;154 661 333;A01;2;7;0;1;2;1;1;
70307;202000046056;154 661 332;A01;2;7;6;0;2;1;1;
70308;202000046057;154 661 331;A01;2;10;0;9;1;1;1;
70309;202000046058;154 661 330;A01;2;7;13;0;1;1;1;
70310;202000046059;154 661 327;B01;0;7;0;2;1;0;0;
70311;202000046059;154 661 328;A01;0;7;0;2;3;0;0;
70312;202000046060;154 661 326;A01;2;7;4;0;6;15;1;
70313;202000046061;154 661 324;B01;1;7;4;5;1;21;1;
70314;202000046061;154 661 325;A01;1;7;0;5;1;1;1;
70315;202000046062;154 661 322;A01;3;7;0;2;1;2;1;
70316;202000046062;154 661 323;B01;3;7;0;2;4;2;1;
70317;202000046063;154 661 319;A01;1;7;0;2;1;2;1;
70318;202000046063;154 661 320;B01;1;7;0;2;1;2;1;
70319;202000046063;154 661 321;C01;1;7;0;2;4;2;1;
70320;202000046064;154 661 317;A01;1;33;0;9;0;0;1;
70321;202000046064;154 661 318;B01;1;7;0;0;1;0;1;
70322;202000046065;154 661 315;A01;2;10;0;2;2;2;1;
70323;202000046065;154 661 316;B01;2;7;0;2;6;1;1;
70324;202000046066;154 661 312;B01;2;33;0;2;5;3;1;
70325;202000046066;154 661 313;A01;2;7;0;2;3;11;1;
70326;202000046066;154 661 314;C01;2;7;0;2;4;1;1;
70327;202000046067;154 661 310;B01;1;7;0;2;6;23;1;
70328;202000046067;154 661 311;A01;1;7;1;0;2;1;1;
70329;202000046068;154 661 307;Z01;1;14;0;2;1;0;0;
70330;202000046068;154 661 308;A01;1;7;0;2;4;13;1;
70331;202000046068;154 661 309;B01;1;10;0;2;1;1;1;
70332;202000046069;154 661 304;B01;1;7;0;2;4;26;1;
70333;202000046069;154 661 305;C01;1;7;0;2;4;26;1;
70334;202000046069;154 661 306;A01;1;10;0;2;1;26;1;
70335;202000046070;154 661 303;A01;1;7;0;1;1;1;1;
70336;202000046071;154 661 301;B01;2;20;0;2;0;0;1;
70337;202000046071;154 661 302;A01;1;20;0;2;1;13;1;
70338;202000046072;154 661 299;B01;2;7;0;0;7;14;1;
70339;202000046072;154 661 300;A01;2;2;0;0;1;18;1;
70340;202000046073;154 661 297;A01;1;7;14;2;1;15;0;
70341;202000046073;154 661 298;B01;1;7;0;2;3;1;0;
70342;202000046074;154 661 296;A01;1;10;8;0;1;25;0;
70343;202000046075;154 661 294;A01;0;7;0;1;3;9;1;
70344;202000046075;154 661 295;B01;3;1;0;2;1;2;5;
70345;202000046076;154 661 292;A01;3;7;0;2;1;2;1;
70346;202000046076;154 661 293;B01;3;7;0;2;4;23;1;
70347;202000046077;154 661 291;A01;3;31;0;0;0;26;1;
70348;202000046078;154 661 290;A01;2;7;0;1;3;1;1;
70349;202000046079;154 661 289;A01;0;7;0;1;4;26;1;
70350;202000046080;154 661 287;Z01;1;7;0;2;1;15;0;