;Num_Acc;id_vehicule;num_veh;senc;catv;obs;obsm;choc;manv;motor;occutc
70351;202000046080;154 661 288;B01;1;32;0;2;1;1;1;
70352;202000046081;154 661 286;A01;3;7;0;1;3;1;1;
70353;202000046082;154 661 284;B01;1;7;0;2;6;15;1;
70354;202000046082;154 661 285;A01;1;7;0;2;1;17;1;
70355;202000046083;154 661 282;A01;1;2;0;2;7;2;1;
70356;202000046083;154 661 283;B01;1;7;0;2;4;23;1;
70357;202000046084;154 661 279;B01;3;7;0;2;1;5;1;
70358;202000046084;154 661 280;A01;0;7;0;2;2;26;1;
70359;202000046084;154 661 281;C01;3;7;0;2;1;2;1;
70360;202000046085;154 661 277;B01;1;7;0;2;5;15;1;
70361;202000046085;154 661 278;A01;1;33;0;2;5;2;1;
70362;202000046086;154 661 275;A01;3;7;0;2;3;1;1;
70363;202000046086;154 661 276;B01;3;7;0;2;8;15;1;
70364;202000046087;154 661 270;C01;1;10;0;0;0;1;1;
70365;202000046087;154 661 271;A01;1;7;0;2;8;17;1;
70366;202000046087;154 661 272;B01;0;7;0;2;6;1;1;
70367;202000046088;154 661 268;A01;1;2;0;2;1;9;1;
70368;202000046088;154 661 269;B01;1;7;0;2;6;9;1;
70369;202000046089;154 661 265;B01;0;7;0;2;0;1;1;
70370;202000046089;154 661 266;Z01;0;7;0;2;0;0;0;
70371;202000046089;154 661 267;A01;0;30;0;2;4;1;1;
70372;202000046090;154 661 263;A01;2;31;1;2;8;17;1;
70373;202000046090;154 661 264;B01;2;7;0;2;8;15;1;
70374;202000046091;154 661 261;B01;1;7;0;2;0;1;1;
70375;202000046091;154 661 262;A01;2;7;0;2;1;5;1;
70376;202000046092;154 661 260;A01;1;32;0;1;1;1;1;
70377;202000046094;154 661 258;A01;1;7;0;0;9;1;1;
70378;202000046095;154 661 256;B01;2;1;0;2;2;2;5;
70379;202000046095;154 661 257;A01;2;10;0;9;3;9;1;
70380;202000046096;154 661 254;B01;1;7;0;2;6;1;1;
70381;202000046096;154 661 255;A01;1;7;4;2;3;11;1;
70382;202000046097;154 661 252;A01;2;7;14;2;1;12;1;
70383;202000046097;154 661 253;B01;2;7;0;2;1;23;1;
70384;202000046098;154 661 250;A01;2;7;0;2;7;15;1;
70385;202000046098;154 661 251;B01;2;50;0;2;2;2;3;
70386;202000046099;154 661 249;Z01;1;7;0;1;1;1;1;
70387;202000046100;154 661 247;B01;1;2;0;2;4;23;1;
70388;202000046100;154 661 248;A01;1;7;0;2;1;1;1;
70389;202000046102;154 661 243;B01;2;7;0;2;3;15;1;
70390;202000046102;154 661 244;A01;1;31;0;2;1;1;1;
70391;202000046103;154 661 241;A01;1;7;0;2;8;22;1;
70392;202000046103;154 661 242;B01;1;1;0;2;7;1;5;
70393;202000046104;154 661 239;B01;3;30;0;2;1;1;1;
70394;202000046104;154 661 240;A01;3;7;0;2;3;1;1;
70395;202000046105;154 661 238;A01;1;1;0;1;1;1;5;
70396;202000046106;154 661 236;B01;1;31;0;2;7;1;1;
70397;202000046106;154 661 237;A01;1;1;0;2;8;13;5;
70398;202000046108;154 661 233;A01;1;7;0;1;1;1;1;
70399;202000046109;154 661 231;B01;1;34;0;2;1;1;1;
70400;202000046109;154 661 232;A01;1;7;0;2;2;19;1;
70401;202000046111;154 661 227;A01;1;16;0;2;8;1;1;
70402;202000046111;154 661 228;B01;1;32;0;2;3;1;1;
70403;202000046112;154 661 226;A01;1;7;0;1;2;1;0;
70404;202000046113;154 661 224;A01;1;10;0;2;2;14;1;
70405;202000046113;154 661 225;B01;1;15;0;2;6;1;1;
70406;202000046114;154 661 218;A01;2;10;0;2;2;2;1;
70407;202000046114;154 661 219;B01;2;15;0;0;6;23;1;
70408;202000046116;154 661 213;B01;1;7;0;2;3;1;1;
70409;202000046116;154 661 214;A01;2;7;0;2;3;13;1;
70410;202000046117;154 661 211;A01;2;7;0;2;7;15;0;
70411;202000046117;154 661 212;B01;1;2;0;2;1;0;1;
70412;202000046118;154 661 210;A01;2;7;13;0;2;1;1;
70413;202000046119;154 661 208;A01;1;7;0;2;1;1;0;
70414;202000046119;154 661 209;B01;1;15;0;0;4;1;0;
70415;202000046120;154 661 206;A01;0;7;0;0;7;1;0;
70416;202000046120;154 661 207;B01;3;7;0;2;1;0;0;
70417;202000046121;154 661 204;A01;2;7;0;2;1;1;1;
70418;202000046121;154 661 205;B01;1;7;0;2;1;1;1;
70419;202000046122;154 661 203;A01;0;3;1;0;3;13;1;
70420;202000046124;154 661 199;A01;1;7;0;2;3;15;1;
70421;202000046124;154 661 200;B01;1;7;0;2;2;1;1;
70422;202000046125;154 661 197;B01;2;7;0;0;4;15;1;
70423;202000046125;154 661 198;A01;2;7;0;2;1;2;1;
70424;202000046126;154 661 196;A01;2;7;15;0;1;1;1;
70425;202000046127;154 661 195;A01;3;7;0;1;0;1;0;
70426;202000046129;154 661 192;A01;1;7;6;0;1;1;1;
70427;202000046130;154 661 191;A01;1;7;2;0;8;0;1;
70428;202000046131;154 661 190;A01;1;7;2;0;3;1;1;
70429;202000046132;154 661 188;B01;1;7;0;2;3;1;0;
70430;202000046132;154 661 189;A01;2;7;0;2;3;17;0;
70431;202000046133;154 661 186;B01;1;7;0;2;2;1;1;
70432;202000046133;154 661 187;A01;1;7;0;2;3;16;1;
70433;202000046134;154 661 183;B01;1;7;0;2;3;1;1;
70434;202000046134;154 661 184;A01;1;7;0;2;3;13;1;
70435;202000046135;154 661 181;A01;3;7;0;2;1;17;1;
70436;202000046135;154 661 182;B01;3;7;0;2;1;1;1;
70437;202000046136;154 661 179;A01;1;7;0;2;3;1;0;
70438;202000046136;154 661 180;B01;1;3;0;0;5;15;0;
70439;202000046137;154 661 177;A01;1;7;2;0;1;14;1;
70440;202000046138;154 661 176;A01;1;7;2;0;1;1;0;
70441;202000046139;154 661 173;A01;2;7;0;2;8;13;1;
70442;202000046139;154 661 174;B01;1;7;0;2;1;1;1;
70443;202000046139;154 661 175;C01;1;7;0;2;2;1;1;
70444;202000046140;154 661 171;A01;2;7;0;2;1;13;1;
70445;202000046140;154 661 172;B01;1;7;0;2;1;1;1;
70446;202000046142;154 661 168;B01;2;10;0;2;1;1;1;
70447;202000046142;154 661 169;A01;2;10;0;0;4;1;1;
70448;202000046143;154 661 167;A01;2;33;10;0;7;15;1;
70449;202000046144;154 661 165;A01;2;33;0;2;3;1;1;
70450;202000046144;154 661 166;B01;1;7;0;2;3;1;1;
70451;202000046145;154 661 163;B01;1;15;0;0;4;1;1;
70452;202000046145;154 661 164;A01;1;7;0;2;1;1;1;
70453;202000046146;154 661 162;A01;1;7;3;0;1;12;1;
70454;202000046147;154 661 159;C01;1;7;0;0;0;2;1;
70455;202000046147;154 661 160;B01;2;10;0;1;0;2;1;
70456;202000046147;154 661 161;A01;2;7;0;1;2;2;1;
70457;202000046148;154 661 158;A01;2;7;0;1;3;1;6;
70458;202000046149;154 661 154;D01;1;7;0;2;0;1;1;
70459;202000046149;154 661 155;A01;1;7;0;2;8;15;2;
70460;202000046149;154 661 156;B01;1;33;0;2;1;17;1;
70461;202000046149;154 661 157;C01;1;33;0;2;1;17;1;
70462;202000046150;154 661 152;B01;1;7;3;0;4;2;1;
70463;202000046150;154 661 153;A01;1;7;0;2;1;2;1;
70464;202000046151;154 661 150;B01;1;15;0;2;3;1;1;
70465;202000046151;154 661 151;A01;2;7;0;2;3;13;1;
70466;202000046152;154 661 149;A01;3;7;0;0;1;26;1;
70467;202000046153;154 661 147;A01;1;7;0;2;1;13;1;
70468;202000046153;154 661 148;B01;2;7;0;2;3;1;1;
70469;202000046154;154 661 146;A01;1;33;12;0;0;1;6;
70470;202000046155;154 661 145;A01;2;7;0;1;2;12;1;
70471;202000046156;154 661 143;B01;1;7;0;2;1;1;1;
70472;202000046156;154 661 144;A01;2;7;0;2;7;13;1;
70473;202000046157;154 661 138;B01;1;7;0;2;1;1;1;
70474;202000046157;154 661 139;C01;1;7;0;2;8;1;1;
70475;202000046157;154 661 140;A01;2;10;0;2;1;13;1;
70476;202000046158;154 661 136;A01;2;1;1;0;2;1;5;
70477;202000046158;154 661 137;B01;2;7;0;9;8;22;1;
70478;202000046159;154 661 134;B01;2;33;0;2;7;17;1;
70479;202000046159;154 661 135;A01;2;7;0;2;8;15;1;
70480;202000046160;154 661 133;A01;1;7;0;1;2;16;1;
70481;202000046161;154 661 131;B01;0;7;0;0;4;23;1;
70482;202000046161;154 661 132;A01;0;7;0;2;1;2;1;
70483;202000046162;154 661 130;A01;0;3;6;0;1;1;1;
70484;202000046163;154 661 128;B01;2;30;0;2;1;1;1;
70485;202000046163;154 661 129;A01;1;7;0;2;3;13;1;
70486;202000046164;154 661 126;B01;1;15;0;2;2;1;1;
70487;202000046164;154 661 127;A01;2;7;13;2;2;11;1;
70488;202000046165;154 661 124;B01;1;7;1;0;1;1;1;
70489;202000046165;154 661 125;A01;2;7;6;0;8;21;1;
70490;202000046166;154 661 123;A01;1;2;0;1;1;17;1;
70491;202000046167;154 661 121;A01;2;33;0;2;8;1;1;
70492;202000046167;154 661 122;B01;2;7;0;2;7;12;1;
70493;202000046168;154 661 119;A01;1;7;0;2;2;1;1;
70494;202000046168;154 661 120;B01;1;7;0;2;3;11;1;
70495;202000046169;154 661 117;Z01;2;7;0;2;0;0;0;
70496;202000046169;154 661 118;A01;2;7;0;2;0;1;1;
70497;202000046170;154 661 116;A01;1;7;0;0;9;1;1;
70498;202000046171;154 661 113;A01;1;7;0;2;4;2;1;
70499;202000046171;154 661 114;B01;1;7;0;2;4;2;1;
70500;202000046171;154 661 115;C01;1;7;0;2;1;2;1;
70501;202000046172;154 661 111;A01;1;7;0;0;1;18;1;
70502;202000046172;154 661 112;B01;1;7;0;0;2;0;1;
70503;202000046173;154 661 109;A01;1;7;0;2;8;18;1;
70504;202000046173;154 661 110;B01;1;14;0;2;6;0;1;
70505;202000046174;154 661 107;A01;2;7;0;2;1;5;1;
70506;202000046174;154 661 108;B01;2;7;0;2;7;1;1;
70507;202000046175;154 661 104;A01;1;7;0;2;1;2;1;
70508;202000046175;154 661 105;B01;1;7;0;2;4;2;1;
70509;202000046175;154 661 106;C01;1;7;0;2;4;2;1;
70510;202000046176;154 661 101;A01;1;7;6;2;2;21;1;
70511;202000046176;154 661 102;B01;1;7;4;2;8;1;1;
70512;202000046176;154 661 103;C01;1;7;0;2;3;1;1;
70513;202000046177;154 661 099;B01;2;7;4;2;4;0;0;
70514;202000046177;154 661 100;A01;2;7;0;2;1;1;1;
70515;202000046178;154 661 096;B01;2;7;0;2;4;1;1;
70516;202000046178;154 661 097;C01;2;7;0;2;4;1;1;
70517;202000046178;154 661 098;A01;2;7;0;2;1;2;1;
70518;202000046179;154 661 094;B01;1;7;0;2;7;1;1;
70519;202000046179;154 661 095;A01;1;7;0;2;8;9;1;
70520;202000046180;154 661 092;B01;2;33;0;2;1;3;1;
70521;202000046180;154 661 093;A01;2;7;0;2;6;11;1;
70522;202000046182;154 661 088;B01;2;7;0;2;4;11;1;
70523;202000046182;154 661 089;A01;2;7;0;2;1;1;1;
70524;202000046183;154 661 087;A01;3;7;13;0;1;1;1;
70525;202000046184;154 661 084;A01;0;7;0;0;1;1;1;
70526;202000046184;154 661 085;B01;0;7;0;2;4;1;1;
70527;202000046184;154 661 086;C01;0;7;16;0;4;1;1;
70528;202000046185;154 661 082;B01;0;7;0;2;1;1;1;
70529;202000046185;154 661 083;A01;0;7;0;2;3;15;1;
70530;202000046187;154 661 078;B01;1;2;0;2;3;1;1;
70531;202000046187;154 661 079;A01;1;7;0;2;1;1;1;
70532;202000046188;154 661 076;A01;2;33;4;2;1;1;1;
70533;202000046188;154 661 077;B01;1;7;0;2;5;1;1;
70534;202000046189;154 661 075;A01;1;31;12;0;1;7;1;
70535;202000046190;154 661 073;B01;1;0;0;2;6;1;0;
70536;202000046190;154 661 074;A01;1;10;0;2;2;17;1;
70537;202000046191;154 661 071;B01;1;34;0;2;1;1;1;
70538;202000046191;154 661 072;A01;1;7;0;2;2;15;0;
70539;202000046192;154 661 069;A01;0;7;0;2;1;15;0;
70540;202000046192;154 661 070;B01;0;7;0;2;1;1;0;
70541;202000046193;154 661 067;B01;1;31;0;2;5;1;1;
70542;202000046193;154 661 068;A01;1;7;0;2;2;9;1;
70543;202000046194;154 661 065;B01;3;7;0;2;5;1;1;
70544;202000046194;154 661 066;A01;3;7;0;2;5;1;1;
70545;202000046196;154 661 061;A01;1;7;0;2;1;1;1;
70546;202000046196;154 661 062;B01;1;32;0;2;4;1;0;
70547;202000046197;154 661 059;B01;1;7;0;2;2;23;1;
70548;202000046197;154 661 060;A01;1;7;0;2;1;2;1;
70549;202000046198;154 661 057;A01;1;7;0;2;1;1;1;
70550;202000046198;154 661 058;B01;2;7;0;2;8;19;1;
70551;202000046199;154 661 055;A01;3;30;0;2;8;9;3;
70552;202000046199;154 661 056;B01;3;7;0;2;1;9;1;
70553;202000046200;154 661 052;A01;1;99;0;9;2;26;1;
70554;202000046200;154 661 053;B01;2;1;0;2;1;5;5;
70555;202000046200;154 661 054;C01;2;1;0;2;1;5;5;
70556;202000046201;154 661 050;Z01;1;7;0;2;1;2;1;
70557;202000046201;154 661 051;B01;1;1;0;2;4;1;5;
70558;202000046202;154 661 048;B01;1;1;0;2;1;19;5;
70559;202000046202;154 661 049;A01;1;7;0;2;0;1;1;
70560;202000046203;154 661 047;A01;2;7;0;1;2;0;1;
70561;202000046205;154 661 043;A01;1;7;0;2;1;19;1;
70562;202000046205;154 661 044;B01;1;7;0;2;8;1;1;
70563;202000046207;154 661 040;A01;2;7;6;0;2;1;1;
70564;202000046208;154 661 038;A01;1;7;0;2;6;0;1;
70565;202000046208;154 661 039;B01;1;33;0;2;9;0;1;
70566;202000046209;154 661 034;D01;1;1;0;9;2;0;5;
70567;202000046209;154 661 035;C01;1;7;0;2;3;24;1;
70568;202000046209;154 661 036;A01;1;7;0;2;1;0;1;
70569;202000046209;154 661 037;B01;1;7;0;2;7;0;1;
70570;202000046210;154 661 033;A01;3;7;0;1;4;4;1;
70571;202000046211;154 661 032;A01;0;10;0;1;4;20;1;
70572;202000046212;154 661 031;A01;1;7;0;1;2;1;1;
70573;202000046213;154 661 030;A01;2;7;0;1;2;1;1;
70574;202000046214;154 661 029;A01;2;80;0;1;8;25;3;
70575;202000046215;154 661 027;B01;1;10;0;2;2;15;1;
70576;202000046215;154 661 028;A01;2;1;0;2;8;1;5;
70577;202000046216;154 661 025;B01;1;7;0;2;4;2;1;
70578;202000046216;154 661 026;A01;1;2;0;2;1;2;1;
70579;202000046217;154 661 024;A01;2;7;6;0;3;13;1;
70580;202000046218;154 661 022;B01;2;1;0;2;1;1;6;
70581;202000046218;154 661 023;A01;1;13;0;2;3;16;1;
70582;202000046219;154 661 021;A01;2;7;0;1;2;26;1;
70583;202000046220;154 661 019;B01;2;7;0;2;4;1;1;
70584;202000046220;154 661 020;A01;2;7;0;2;1;1;1;
70585;202000046221;154 661 017;B01;2;50;0;2;1;1;3;
70586;202000046221;154 661 018;A01;2;7;0;2;2;16;1;
70587;202000046222;154 661 016;A01;2;7;0;1;2;1;1;
70588;202000046223;154 661 014;B01;2;2;0;2;1;1;1;
70589;202000046223;154 661 015;A01;2;7;0;2;7;14;1;
70590;202000046224;154 661 012;B01;1;33;0;2;1;1;1;
70591;202000046224;154 661 013;A01;2;7;0;2;7;15;1;
70592;202000046226;154 661 009;A01;2;7;0;2;1;13;1;
70593;202000046226;154 661 010;B01;1;7;0;2;1;1;1;
70594;202000046227;154 661 007;A01;2;7;0;2;2;13;1;
70595;202000046227;154 661 008;B01;1;7;0;2;2;1;1;
70596;202000046229;154 661 003;B01;2;2;0;2;4;18;1;
70597;202000046229;154 661 004;A01;1;7;0;2;3;9;1;
70598;202000046231;154 661 000;B01;1;7;0;2;4;2;1;
70599;202000046231;154 661 001;A01;1;7;0;2;1;2;1;
70600;202000046232;154 660 998;B01;2;32;0;2;3;26;1;
70601;202000046232;154 660 999;A01;2;7;0;2;2;9;1;
70602;202000046233;154 660 996;A01;1;33;0;2;1;1;1;
70603;202000046233;154 660 997;B01;1;7;0;2;4;23;0;
70604;202000046234;154 660 995;A01;1;33;0;1;1;1;1;
70605;202000046235;154 660 993;A01;1;15;0;2;3;9;1;
70606;202000046235;154 660 994;B01;1;7;0;2;7;15;1;
70607;202000046236;154 660 991;B01;1;7;0;2;1;1;1;
70608;202000046236;154 660 992;A01;1;7;0;2;1;13;1;
70609;202000046237;154 660 989;A01;2;7;0;2;3;13;1;
70610;202000046237;154 660 990;B01;1;7;0;2;3;1;1;
70611;202000046239;154 660 985;A01;1;32;0;1;1;3;1;
70612;202000046240;154 660 983;A01;2;14;0;2;1;2;0;
70613;202000046240;154 660 984;B01;2;7;0;2;4;23;0;
70614;202000046241;154 660 982;A01;2;7;4;0;7;13;1;
70615;202000046242;154 660 980;A01;1;30;0;2;1;13;1;
70616;202000046242;154 660 981;B01;2;1;0;2;1;1;5;
70617;202000046243;154 660 978;B01;3;1;0;2;8;19;5;
70618;202000046243;154 660 979;A01;1;33;7;2;1;1;1;
70619;202000046244;154 660 976;B01;1;43;0;2;2;1;1;
70620;202000046244;154 660 977;A01;1;10;0;2;3;11;1;
70621;202000046245;154 660 974;B01;1;32;0;2;2;1;1;
70622;202000046245;154 660 975;A01;1;30;0;2;3;11;1;
70623;202000046246;154 660 973;Z01;3;7;0;1;1;1;0;
70624;202000046247;154 660 971;B01;2;1;0;2;7;1;5;
70625;202000046247;154 660 972;A01;1;10;0;2;1;1;1;
70626;202000046248;154 660 969;B01;2;7;0;2;3;1;2;
70627;202000046248;154 660 970;A01;1;1;0;2;1;5;5;
70628;202000046249;154 660 967;B01;1;7;0;2;3;1;1;
70629;202000046249;154 660 968;A01;2;7;0;2;2;1;1;
70630;202000046250;154 660 965;A01;2;1;0;2;2;7;5;
70631;202000046250;154 660 966;B01;3;43;0;2;1;9;1;
70632;202000046251;154 660 963;A01;2;10;0;2;1;2;1;
70633;202000046251;154 660 964;B01;2;33;0;2;4;23;1;
70634;202000046252;154 660 961;B01;1;1;0;2;8;9;5;
70635;202000046252;154 660 962;A01;1;7;0;2;2;1;1;
70636;202000046254;154 660 958;B01;2;1;0;2;3;17;5;
70637;202000046254;154 660 959;A01;1;1;0;2;3;1;5;
70638;202000046255;154 660 957;A01;2;1;0;1;1;1;5;
70639;202000046256;154 660 956;A01;3;20;0;1;1;19;1;
70640;202000046257;154 660 954;A01;1;7;0;2;8;22;1;
70641;202000046257;154 660 955;B01;1;1;1;0;7;1;5;
70642;202000046259;154 660 951;A01;2;7;3;0;7;0;1;
70643;202000046260;154 660 949;B01;3;7;0;2;2;19;1;
70644;202000046260;154 660 950;A01;3;7;0;2;2;1;1;
70645;202000046261;154 660 948;A01;2;7;0;1;1;1;1;
70646;202000046262;154 660 946;A01;3;7;0;2;6;2;1;
70647;202000046262;154 660 947;B01;3;14;0;2;2;14;1;
70648;202000046263;154 660 945;A01;1;33;0;1;1;1;1;
70649;202000046264;154 660 944;A01;1;7;2;1;2;26;1;
70650;202000046265;154 660 943;A01;2;30;0;1;1;26;6;
70651;202000046266;154 660 941;A01;1;7;0;2;5;15;1;
70652;202000046266;154 660 942;B01;1;7;0;2;3;15;1;
70653;202000046267;154 660 939;A01;1;34;12;2;4;1;0;
70654;202000046267;154 660 940;B01;1;10;0;2;1;1;0;
70655;202000046268;154 660 937;A01;1;7;0;2;1;1;0;
70656;202000046268;154 660 938;B01;2;30;0;2;1;5;0;
70657;202000046269;154 660 935;AB01;1;33;0;2;5;16;0;
70658;202000046269;154 660 936;A01;1;7;0;2;3;1;0;
70659;202000046271;154 660 932;A01;2;33;0;1;3;1;1;
70660;202000046273;154 660 928;A01;1;33;0;2;1;1;1;
70661;202000046273;154 660 929;B01;2;7;0;2;1;15;1;
70662;202000046274;154 660 927;A01;2;2;0;0;7;1;1;
70663;202000046275;154 660 926;A01;1;7;4;0;1;1;0;
70664;202000046276;154 660 925;A01;2;7;2;0;3;13;1;
70665;202000046277;154 660 924;A01;3;33;0;0;8;1;1;
70666;202000046278;154 660 922;B01;1;2;0;2;3;15;1;
70667;202000046278;154 660 923;A01;1;7;0;2;5;17;1;
70668;202000046279;154 660 919;A01;2;7;0;2;1;11;1;
70669;202000046279;154 660 920;B01;1;7;14;2;1;1;1;
70670;202000046279;154 660 921;C01;2;7;0;0;6;15;2;
70671;202000046280;154 660 917;B01;1;17;0;0;4;2;0;
70672;202000046280;154 660 918;A01;1;7;0;2;1;2;6;
70673;202000046281;154 660 915;A01;1;7;0;2;1;13;1;
70674;202000046281;154 660 916;B01;2;7;0;2;1;1;1;
70675;202000046283;154 660 912;A01;2;7;10;0;3;0;1;
70676;202000046284;154 660 910;A01;2;15;0;0;7;15;1;
70677;202000046284;154 660 911;B01;2;33;0;2;1;1;1;
70678;202000046285;154 660 908;A01;1;10;0;2;3;1;1;
70679;202000046285;154 660 909;B01;2;7;0;0;3;1;1;
70680;202000046286;154 660 905;A01;1;31;0;2;1;1;0;
70681;202000046286;154 660 906;B01;2;7;0;9;3;15;0;
70682;202000046286;154 660 907;C01;2;7;0;9;1;23;0;
70683;202000046287;154 660 903;A01;1;1;0;0;0;2;5;
70684;202000046287;154 660 904;B01;1;7;0;9;0;0;0;
70685;202000046288;154 660 902;A01;3;7;0;1;0;1;1;
70686;202000046289;154 660 901;A01;3;31;0;6;0;0;1;
70687;202000046290;154 660 899;B01;1;7;0;2;1;13;1;
70688;202000046290;154 660 900;A01;2;7;0;2;1;1;1;
70689;202000046291;154 660 898;A01;1;7;0;1;5;4;1;
70690;202000046292;154 660 896;B01;1;7;0;2;1;1;0;
70691;202000046292;154 660 897;A01;2;7;0;2;1;0;0;
70692;202000046294;154 660 892;A01;1;10;0;2;2;15;1;
70693;202000046294;154 660 893;B01;2;7;0;2;1;1;1;
70694;202000046295;154 660 890;A01;2;10;0;2;2;9;1;
70695;202000046295;154 660 891;B01;2;1;0;2;8;1;5;
70696;202000046296;154 660 888;B01;3;7;0;9;4;15;1;
70697;202000046296;154 660 889;A01;3;1;0;2;1;1;5;
70698;202000046297;154 660 885;C01;1;7;0;0;1;1;1;
70699;202000046297;154 660 886;A01;2;10;0;2;1;2;1;
70700;202000046297;154 660 887;B01;2;15;0;0;4;2;1;
70701;202000046298;154 660 883;A01;3;7;0;2;2;15;1;
70702;202000046298;154 660 884;B01;1;7;0;2;3;1;1;
70703;202000046299;154 660 881;B01;1;10;0;2;2;17;1;
70704;202000046299;154 660 882;A01;1;1;0;0;3;15;5;
70705;202000046300;154 660 879;B01;1;7;0;2;3;13;1;
70706;202000046300;154 660 880;A01;2;7;0;2;3;1;1;
70707;202000046301;154 660 877;A01;3;7;0;2;3;13;1;
70708;202000046301;154 660 878;B01;3;38;0;2;1;1;1;1.0
70709;202000046302;154 660 875;B01;1;10;0;0;6;2;1;
70710;202000046302;154 660 876;A01;1;1;0;2;1;2;5;
70711;202000046303;154 660 874;A01;2;7;13;0;0;14;0;
70712;202000046304;154 660 872;A01;2;7;0;2;1;1;1;
70713;202000046304;154 660 873;B01;2;7;13;2;4;16;1;
70714;202000046305;154 660 871;A01;1;33;6;0;1;14;1;
70715;202000046306;154 660 870;A01;2;7;2;0;3;1;1;
70716;202000046307;154 660 869;A01;3;3;0;0;7;0;1;
70717;202000046308;154 660 867;A01;3;7;0;0;7;15;1;
70718;202000046308;154 660 868;B01;3;10;0;2;3;1;1;
70719;202000046309;154 660 866;A01;3;2;15;0;1;1;1;
70720;202000046310;154 660 864;B01;3;2;0;2;1;1;1;
70721;202000046310;154 660 865;A01;3;7;0;2;2;15;1;
70722;202000046312;154 660 861;A01;1;21;8;0;1;14;1;
70723;202000046313;154 660 859;B01;1;10;0;2;3;15;1;
70724;202000046313;154 660 860;A01;2;1;0;2;1;1;5;
70725;202000046314;154 660 858;A01;2;2;0;0;0;1;1;
70726;202000046315;154 660 856;A01;2;7;0;2;0;1;1;
70727;202000046315;154 660 857;B01;2;7;0;2;9;17;1;
70728;202000046316;154 660 854;B01;2;7;0;2;3;1;1;
70729;202000046316;154 660 855;A01;1;7;0;2;3;1;1;
70730;202000046317;154 660 853;A01;3;39;0;1;3;19;1;
70731;202000046318;154 660 851;B01;2;7;0;9;2;2;1;
70732;202000046318;154 660 852;A01;2;33;0;0;4;2;1;
70733;202000046319;154 660 850;A01;3;15;0;1;2;1;1;
70734;202000046321;154 660 847;A01;2;7;0;2;1;17;1;
70735;202000046321;154 660 848;B01;1;7;0;2;6;1;1;
70736;202000046322;154 660 845;B01;2;1;0;2;1;1;5;
70737;202000046322;154 660 846;A01;1;7;0;9;2;15;1;
70738;202000046323;154 660 844;A01;0;33;13;0;2;1;1;
70739;202000046324;154 660 843;A01;1;7;8;0;8;1;1;
70740;202000046325;154 660 841;B01;1;7;0;2;5;0;1;
70741;202000046325;154 660 842;A01;1;7;0;2;1;0;1;
70742;202000046326;154 660 839;A01;2;33;0;2;1;1;1;
70743;202000046326;154 660 840;B01;1;7;0;2;7;15;1;
70744;202000046327;154 660 837;B01;1;7;0;2;2;10;1;
70745;202000046327;154 660 838;A01;1;7;0;2;1;1;1;
70746;202000046331;154 660 829;A01;2;17;6;0;1;1;1;
70747;202000046332;154 660 827;B01;1;15;0;2;8;1;0;
70748;202000046332;154 660 828;A01;1;7;0;2;7;12;0;
70749;202000046333;154 660 825;A01;2;7;4;0;8;19;1;
70750;202000046334;154 660 823;A01;1;33;4;0;1;2;1;
70751;202000046334;154 660 824;B01;1;7;14;2;1;1;1;
70752;202000046335;154 660 822;A01;2;43;0;0;0;0;1;
70753;202000046336;154 660 821;A01;2;32;0;0;7;1;1;
70754;202000046337;154 660 819;B01;2;33;0;2;1;2;1;
70755;202000046337;154 660 820;A01;2;7;0;2;2;14;1;
70756;202000046338;154 660 816;B01;1;13;0;2;2;2;1;
70757;202000046338;154 660 817;A01;1;7;0;2;8;9;1;
70758;202000046338;154 660 818;C01;1;7;0;2;1;2;1;
70759;202000046339;154 660 815;A01;1;33;0;0;0;17;1;
70760;202000046340;154 660 811;A01;1;7;0;2;0;0;1;
70761;202000046340;154 660 812;C01;1;7;0;2;0;0;1;
70762;202000046340;154 660 813;D01;2;10;0;2;0;0;1;
70763;202000046340;154 660 814;B01;2;7;0;2;1;1;1;
70764;202000046341;154 660 808;C01;2;10;0;2;4;2;1;
70765;202000046341;154 660 809;B01;2;7;0;2;4;2;1;
70766;202000046341;154 660 810;A01;2;17;0;2;1;11;1;
70767;202000046342;154 660 806;B01;2;7;0;2;5;1;1;
70768;202000046342;154 660 807;A01;2;7;0;2;3;14;1;
70769;202000046343;154 660 804;B01;2;7;0;2;8;1;1;
70770;202000046343;154 660 805;A01;2;14;0;2;2;12;1;
70771;202000046344;154 660 802;B01;2;10;0;2;4;2;1;
70772;202000046344;154 660 803;A01;2;33;0;2;1;2;1;
70773;202000046345;154 660 797;E01;2;15;0;2;1;2;1;
70774;202000046345;154 660 798;D01;2;15;0;2;8;2;1;
70775;202000046345;154 660 799;C01;2;7;0;2;1;2;1;
70776;202000046345;154 660 800;B01;2;7;0;2;7;2;1;
70777;202000046345;154 660 801;A01;2;7;0;2;3;26;1;
70778;202000046346;154 660 796;A01;2;33;0;0;9;3;1;
70779;202000046347;154 660 795;A01;1;7;4;0;1;14;1;
70780;202000046348;154 660 793;A01;2;7;0;2;8;17;1;
70781;202000046348;154 660 794;B01;2;43;0;2;8;3;1;
70782;202000046349;154 660 791;A01;2;7;0;2;7;12;1;
70783;202000046349;154 660 792;B01;2;33;0;2;8;11;1;