;Num_Acc;id_vehicule;num_veh;senc;catv;obs;obsm;choc;manv;motor;occutc
70784;202000046350;154 660 789;B01;2;7;0;2;7;17;1;
70785;202000046350;154 660 790;A01;2;7;0;2;4;1;1;
70786;202000046351;154 660 787;A01;2;33;0;2;1;0;0;
70787;202000046351;154 660 788;B01;2;10;0;2;4;0;0;
70788;202000046352;154 660 784;C01;2;33;0;2;1;2;1;
70789;202000046352;154 660 785;B01;2;7;0;2;4;11;1;
70790;202000046352;154 660 786;A01;2;7;0;2;4;1;1;
70791;202000046353;154 660 782;B01;2;7;0;2;4;2;1;
70792;202000046353;154 660 783;A01;2;7;0;2;1;2;1;
70793;202000046354;154 660 780;B01;2;43;0;2;3;3;1;
70794;202000046354;154 660 781;A01;2;7;0;2;5;12;1;
70795;202000046355;154 660 777;A01;2;31;0;2;4;1;1;
70796;202000046355;154 660 778;B01;2;7;0;2;1;21;1;
70797;202000046355;154 660 779;C01;2;7;0;2;4;9;1;
70798;202000046356;154 660 775;B01;2;7;0;2;8;11;1;
70799;202000046356;154 660 776;A01;2;33;0;2;7;3;1;
70800;202000046357;154 660 773;B01;2;7;0;2;4;0;1;
70801;202000046357;154 660 774;A01;2;14;0;2;1;12;1;
70802;202000046358;154 660 771;A01;2;2;0;1;1;26;0;
70803;202000046358;154 660 772;B01;3;7;0;2;2;19;0;
70804;202000046359;154 660 769;B01;2;7;0;2;2;9;1;
70805;202000046359;154 660 770;A01;2;33;0;2;1;2;1;
70806;202000046360;154 660 766;C01;3;15;0;2;0;0;0;
70807;202000046360;154 660 767;A01;1;7;0;2;1;26;0;
70808;202000046360;154 660 768;B01;1;7;0;2;0;0;0;
70809;202000046361;154 660 764;A01;1;0;0;2;1;1;0;
70810;202000046361;154 660 765;B01;1;14;0;2;3;15;1;
70811;202000046362;154 660 762;A01;2;13;0;2;7;2;1;
70812;202000046362;154 660 763;B01;2;1;0;2;8;2;5;
70813;202000046363;154 660 760;A01;1;7;0;2;8;15;0;
70814;202000046363;154 660 761;B01;2;2;0;2;1;26;1;
70815;202000046364;154 660 759;A01;1;30;3;0;1;19;1;
70816;202000046365;154 660 757;B01;2;7;0;2;1;1;0;
70817;202000046365;154 660 758;A01;2;7;0;2;8;19;0;
70818;202000046366;154 660 755;A01;0;7;0;2;2;15;1;
70819;202000046366;154 660 756;B01;0;32;0;2;1;1;1;
70820;202000046368;154 660 752;A01;1;30;0;0;0;15;1;
70821;202000046369;154 660 750;A01;1;7;0;2;3;15;0;
70822;202000046369;154 660 751;B01;1;31;8;2;9;17;6;
70823;202000046370;154 660 749;A01;2;7;0;1;8;26;1;
70824;202000046371;154 660 748;A01;2;10;0;1;4;4;1;
70825;202000046373;154 660 745;A01;2;7;0;1;2;21;1;
70826;202000046374;154 660 744;A01;0;33;0;1;1;1;1;
70827;202000046375;154 660 742;A01;0;7;0;2;1;9;1;
70828;202000046375;154 660 743;B01;0;7;0;2;5;9;1;
70829;202000046376;154 660 741;A01;2;7;12;0;5;20;1;
70830;202000046377;154 660 739;A01;3;1;1;0;2;26;5;
70831;202000046377;154 660 740;B01;3;7;0;0;0;0;0;
70832;202000046378;154 660 738;A01;3;30;0;0;8;15;1;
70833;202000046379;154 660 736;B01;1;33;0;2;1;1;1;
70834;202000046379;154 660 737;A01;2;10;0;2;3;15;1;
70835;202000046381;154 660 731;A01;3;31;0;2;1;2;1;
70836;202000046381;154 660 732;B01;3;1;1;2;8;19;5;
70837;202000046382;154 660 729;Z01;3;7;0;2;0;0;0;
70838;202000046382;154 660 730;B01;2;1;0;2;1;1;5;
70839;202000046384;154 660 725;A01;2;7;0;2;5;13;1;
70840;202000046384;154 660 726;B01;2;31;0;2;1;17;1;
70841;202000046385;154 660 724;A01;2;80;0;0;1;1;3;
70842;202000046386;154 660 722;B01;1;2;0;2;7;1;1;
70843;202000046386;154 660 723;A01;1;7;0;2;2;20;1;
70844;202000046389;154 660 718;B01;1;7;0;2;6;23;1;
70845;202000046389;154 660 719;A01;1;7;0;2;1;2;1;
70846;202000046390;154 660 716;A01;1;1;0;2;2;0;5;
70847;202000046390;154 660 717;B01;1;7;0;2;6;0;1;
70848;202000046391;154 660 715;A01;2;1;13;0;0;0;5;
70849;202000046392;154 660 714;A01;2;1;13;0;1;15;5;
70850;202000046393;154 660 713;A01;2;7;0;0;9;0;1;
70851;202000046394;154 660 711;A01;0;7;2;0;1;1;1;
70852;202000046395;154 660 709;A01;2;7;0;2;7;2;1;
70853;202000046395;154 660 710;B01;2;1;0;2;8;2;5;
70854;202000046396;154 660 708;A01;2;2;0;0;0;1;1;
70855;202000046398;154 660 704;B01;1;7;0;2;1;1;1;
70856;202000046398;154 660 706;A01;2;99;0;2;1;13;1;
70857;202000046398;154 660 707;Z01;1;7;0;2;0;17;1;
70858;202000046399;154 660 700;A01;2;7;1;2;1;17;1;
70859;202000046399;154 660 703;B01;1;7;0;2;1;1;1;
70860;202000046400;154 660 701;A01;3;50;0;2;8;1;3;
70861;202000046400;154 660 702;B01;3;10;0;2;7;17;0;
70862;202000046401;154 660 698;B01;3;7;0;0;1;1;1;
70863;202000046401;154 660 699;A01;3;7;0;0;1;13;1;
70864;202000046402;154 660 694;B01;2;15;0;0;4;2;1;
70865;202000046402;154 660 695;A01;2;7;0;2;1;2;1;
70866;202000046403;154 660 693;A01;1;7;14;0;1;1;1;
70867;202000046404;154 660 692;A01;1;33;5;0;0;1;1;
70868;202000046405;154 660 690;A01;1;99;0;2;2;1;1;
70869;202000046405;154 660 691;B01;1;7;0;2;4;1;1;
70870;202000046406;154 660 688;A01;1;7;0;0;2;15;2;
70871;202000046406;154 660 689;B01;2;33;0;2;1;1;1;
70872;202000046407;154 660 685;A01;1;7;0;2;1;13;1;
70873;202000046407;154 660 687;B01;2;7;0;2;3;1;1;
70874;202000046408;154 660 686;A01;1;7;0;1;8;19;1;
70875;202000046409;154 660 682;A01;2;7;0;2;3;13;1;
70876;202000046409;154 660 684;B01;1;7;0;2;3;1;1;
70877;202000046410;154 660 679;A01;1;7;0;1;2;2;6;
70878;202000046411;154 660 678;A01;2;7;0;2;3;1;1;
70879;202000046411;154 660 681;B01;3;7;0;2;2;1;1;
70880;202000046412;154 660 677;A01;2;7;13;0;1;1;1;
70881;202000046413;154 660 673;A01;3;7;0;0;4;23;1;
70882;202000046413;154 660 675;B01;3;7;0;2;1;1;1;
70883;202000046414;154 660 670;A01;2;7;0;2;1;2;1;
70884;202000046414;154 660 671;B01;2;7;0;2;4;2;1;
70885;202000046414;154 660 672;C01;2;7;1;0;1;1;1;
70886;202000046415;154 660 669;A01;2;7;0;2;2;0;1;
70887;202000046415;154 660 674;B01;2;7;0;2;1;1;1;
70888;202000046416;154 660 666;A01;1;30;0;0;9;21;1;
70889;202000046416;154 660 667;B01;1;7;0;0;-1;12;0;
70890;202000046417;154 660 665;A01;2;7;0;1;2;1;1;
70891;202000046418;154 660 663;A01;1;10;0;2;7;15;1;
70892;202000046418;154 660 664;B01;3;7;0;2;1;1;1;
70893;202000046419;154 660 661;B01;1;7;0;2;4;2;1;
70894;202000046419;154 660 662;A01;1;7;0;2;1;2;1;
70895;202000046420;154 660 668;A01;2;7;4;0;1;11;1;
70896;202000046421;154 660 659;A01;3;7;0;2;1;15;1;
70897;202000046421;154 660 660;B01;3;33;0;2;7;1;1;
70898;202000046422;154 660 657;A01;1;7;0;2;3;15;1;
70899;202000046422;154 660 658;B01;1;2;0;2;2;0;1;
70900;202000046423;154 660 656;A01;1;30;0;0;7;2;1;
70901;202000046424;154 660 654;B01;3;2;0;2;1;1;1;
70902;202000046424;154 660 655;A01;3;7;0;2;5;16;1;
70903;202000046425;154 660 653;A01;2;7;0;1;7;1;1;
70904;202000046426;154 660 650;A01;2;7;0;9;5;2;4;
70905;202000046426;154 660 652;B01;2;1;0;2;3;2;5;
70906;202000046427;154 660 649;A01;1;7;0;1;1;9;1;
70907;202000046428;154 660 648;A01;3;37;0;1;2;1;1;1.0
70908;202000046429;154 660 646;A01;3;7;0;2;1;1;1;
70909;202000046429;154 660 647;B01;3;7;0;2;8;1;1;
70910;202000046431;154 660 644;A01;2;7;0;1;1;1;1;
70911;202000046432;154 660 642;A01;1;1;0;2;1;0;5;
70912;202000046432;154 660 643;B01;1;7;0;2;4;0;1;
70913;202000046433;154 660 640;B01;1;33;0;2;1;1;1;
70914;202000046433;154 660 641;A01;3;99;0;2;2;17;1;
70915;202000046434;154 660 651;A01;1;7;3;0;1;2;1;
70916;202000046436;154 660 635;A01;1;7;0;1;1;1;1;
70917;202000046438;154 660 629;A01;1;7;0;2;2;15;1;
70918;202000046438;154 660 630;B01;1;7;0;2;5;0;1;
70919;202000046439;154 660 627;A01;1;7;0;2;6;15;1;
70920;202000046439;154 660 628;B01;1;7;0;2;1;1;1;
70921;202000046440;154 660 624;B01;0;7;0;2;4;1;1;
70922;202000046440;154 660 626;A01;0;7;0;2;1;1;1;
70923;202000046441;154 660 622;A01;1;7;0;2;1;13;6;
70924;202000046441;154 660 623;B01;2;14;0;2;3;1;1;
70925;202000046442;154 660 618;C01;1;7;0;2;4;0;1;
70926;202000046442;154 660 619;A01;1;7;0;2;1;0;1;
70927;202000046442;154 660 620;D01;1;7;0;2;8;0;1;
70928;202000046442;154 660 621;B01;1;7;0;2;4;1;1;
70929;202000046443;154 660 616;B01;2;7;0;2;3;1;1;
70930;202000046443;154 660 617;A01;1;7;0;2;1;16;1;
70931;202000046444;154 660 614;B01;2;20;0;2;1;5;0;
70932;202000046444;154 660 615;A01;1;7;0;2;1;1;1;
70933;202000046445;154 660 612;B01;0;50;0;2;1;19;3;
70934;202000046445;154 660 613;A01;0;10;0;2;1;15;1;
70935;202000046446;154 660 625;C01;1;7;0;2;4;2;1;
70936;202000046446;154 660 636;A01;1;7;0;2;1;2;1;
70937;202000046446;154 660 637;B01;1;7;0;2;4;2;1;
70938;202000046447;154 660 611;A01;2;7;0;1;1;15;1;
70939;202000046448;154 660 610;A01;2;7;3;0;3;2;1;
70940;202000046449;154 660 609;A01;2;33;0;0;0;1;1;
70941;202000046450;154 660 608;A01;2;32;0;0;7;1;1;
70942;202000046451;154 660 606;A01;2;99;0;1;1;9;1;
70943;202000046452;154 660 605;A01;2;33;0;2;1;3;1;
70944;202000046452;154 660 607;B01;2;7;0;2;5;1;1;
70945;202000046453;154 660 601;B01;1;43;0;2;1;1;1;
70946;202000046453;154 660 604;A01;2;7;0;2;5;9;1;
70947;202000046454;154 660 602;B01;2;7;0;2;5;1;1;
70948;202000046454;154 660 603;A01;2;7;4;2;3;18;1;
70949;202000046455;154 660 599;A01;3;7;14;0;1;1;1;
70950;202000046456;154 660 598;B01;2;32;0;2;4;1;0;
70951;202000046456;154 660 600;A01;2;7;0;2;1;26;1;
70952;202000046457;154 660 597;A01;2;33;0;0;9;21;1;
70953;202000046458;154 660 595;A01;1;30;0;2;8;13;1;
70954;202000046458;154 660 596;B01;1;7;0;2;8;1;1;
70955;202000046459;154 660 594;A01;1;7;15;0;1;14;1;
70956;202000046460;154 660 589;A01;2;7;0;2;1;13;1;
70957;202000046460;154 660 590;B01;1;7;0;2;0;0;1;
70958;202000046460;154 660 593;C01;1;7;0;2;0;0;1;
70959;202000046461;154 660 586;B01;2;7;0;2;1;1;0;
70960;202000046461;154 660 587;A01;1;7;0;2;3;15;0;
70961;202000046462;154 660 585;A01;1;7;0;1;7;1;1;
70962;202000046463;154 660 583;A01;1;7;0;2;3;10;1;
70963;202000046463;154 660 584;B01;1;7;0;2;2;1;1;
70964;202000046464;154 660 588;B01;1;7;0;2;1;1;1;
70965;202000046464;154 660 592;A01;1;7;0;2;5;13;1;
70966;202000046466;154 660 578;B01;2;33;0;2;4;2;1;
70967;202000046466;154 660 580;A01;2;34;0;2;1;2;1;
70968;202000046467;154 660 576;A01;2;17;15;2;3;21;1;
70969;202000046467;154 660 577;B01;2;7;0;2;2;1;1;
70970;202000046469;154 660 571;A01;2;7;0;1;3;1;1;
70971;202000046470;154 660 569;A01;3;20;0;2;3;26;0;
70972;202000046470;154 660 570;B01;3;20;0;2;2;16;0;
70973;202000046471;154 660 568;A01;1;10;6;0;2;21;1;
70974;202000046472;154 660 572;A01;1;7;0;2;6;1;1;
70975;202000046472;154 660 573;B01;1;7;0;2;1;26;1;
70976;202000046473;154 660 581;A01;2;7;0;2;7;1;1;
70977;202000046473;154 660 582;B01;0;50;0;2;1;19;3;
70978;202000046474;154 660 566;B01;1;33;0;2;1;2;0;
70979;202000046474;154 660 567;A01;1;32;0;2;8;2;0;
70980;202000046475;154 660 562;B01;3;7;0;2;4;2;1;
70981;202000046475;154 660 564;A01;3;10;0;2;3;2;1;
70982;202000046476;154 660 560;A01;0;7;15;0;2;1;1;
70983;202000046477;154 660 559;C01;1;7;0;2;1;2;1;
70984;202000046477;154 660 561;B01;2;10;0;2;4;2;1;
70985;202000046477;154 660 563;A01;2;7;0;2;4;1;1;
70986;202000046477;154 660 565;D01;2;10;0;2;1;2;1;
70987;202000046478;154 660 556;A01;1;7;3;0;1;26;6;
70988;202000046479;154 660 555;A01;0;50;0;2;1;25;3;
70989;202000046479;154 660 557;B01;0;7;0;9;2;26;1;
70990;202000046480;154 660 553;B01;0;7;0;2;7;0;0;
70991;202000046480;154 660 554;A01;3;2;0;2;8;2;0;
70992;202000046481;154 660 552;A01;1;7;0;1;0;1;1;
70993;202000046482;154 660 551;B01;2;7;0;2;3;1;1;
70994;202000046482;154 660 558;A01;1;3;0;2;3;13;1;
70995;202000046483;154 660 550;A01;1;7;0;1;2;2;1;
70996;202000046484;154 660 548;A01;1;30;0;2;2;17;1;
70997;202000046484;154 660 549;B01;1;7;0;2;3;15;1;
70998;202000046485;154 660 541;A01;1;7;0;1;7;26;0;
70999;202000046487;154 660 543;A01;2;7;8;0;1;2;1;
71000;202000046488;154 660 544;B01;1;7;0;2;2;1;1;
71001;202000046488;154 660 546;A01;1;7;0;2;6;15;1;
71002;202000046489;154 660 538;A01;2;7;0;1;4;20;1;
71003;202000046490;154 660 535;B01;3;37;0;2;3;9;1;2.0
71004;202000046490;154 660 537;A01;1;10;0;2;1;1;1;
71005;202000046491;154 660 534;A01;1;7;0;2;8;10;1;
71006;202000046491;154 660 536;B01;1;2;0;2;2;1;1;
71007;202000046492;154 660 533;A01;3;7;0;2;5;20;0;
71008;202000046493;154 660 531;Z01;2;7;0;2;1;16;1;
71009;202000046493;154 660 532;A01;1;60;0;2;3;19;5;
71010;202000046494;154 660 526;A01;1;7;0;2;2;5;1;
71011;202000046494;154 660 528;B01;1;7;0;2;8;15;1;
71012;202000046495;154 660 529;A01;3;7;9;2;1;9;1;
71013;202000046495;154 660 530;B01;1;7;0;9;9;1;1;
71014;202000046496;154 660 542;A01;1;31;5;0;1;17;1;
71015;202000046497;154 660 525;A01;1;7;0;2;1;2;1;
71016;202000046497;154 660 527;B01;1;7;0;2;4;2;1;
71017;202000046498;154 660 520;A01;1;30;0;1;1;25;1;
71018;202000046499;154 660 519;A01;1;50;0;1;1;1;3;
71019;202000046500;154 660 514;B01;2;1;0;2;2;1;5;
71020;202000046500;154 660 515;A01;1;7;0;2;1;1;1;
71021;202000046501;154 660 512;B01;3;1;0;2;8;9;5;
71022;202000046501;154 660 513;A01;3;7;0;9;1;9;1;
71023;202000046502;154 660 516;A01;1;1;0;2;8;7;5;
71024;202000046502;154 660 521;B01;1;37;0;9;7;2;1;1.0
71025;202000046503;154 660 517;A01;2;7;2;2;2;17;1;
71026;202000046503;154 660 523;B01;1;7;2;2;6;2;1;
71027;202000046503;154 660 524;C01;1;7;0;2;1;5;1;
71028;202000046504;154 660 518;B01;3;33;0;2;2;2;1;
71029;202000046504;154 660 522;A01;3;7;0;2;6;10;1;
71030;202000046505;154 660 509;A01;1;7;0;1;1;15;1;
71031;202000046506;154 660 510;A01;1;7;9;0;1;14;0;
71032;202000046508;154 660 505;A01;1;36;15;0;1;14;1;
71033;202000046509;154 660 504;Z01;2;60;0;1;0;25;5;
71034;202000046511;154 660 498;B01;2;17;0;2;1;1;1;
71035;202000046511;154 660 499;A01;3;7;0;2;8;19;1;
71036;202000046512;154 660 497;A01;1;7;0;2;3;1;1;
71037;202000046512;154 660 501;B01;1;30;0;2;1;1;1;
71038;202000046513;154 660 495;B01;1;33;0;0;3;1;1;
71039;202000046513;154 660 496;A01;1;7;0;2;5;14;1;
71040;202000046514;154 660 494;A01;2;7;6;0;1;21;1;
71041;202000046515;154 660 491;A01;1;34;12;0;3;13;1;
71042;202000046516;154 660 503;A01;0;7;0;2;3;15;1;
71043;202000046516;154 660 506;B01;3;7;0;2;1;2;1;
71044;202000046518;154 660 485;B01;1;2;0;2;3;2;0;
71045;202000046518;154 660 487;A01;2;7;0;2;2;15;0;
71046;202000046519;154 660 489;A01;2;7;0;2;2;1;0;
71047;202000046519;154 660 490;B01;1;7;0;2;1;1;1;
71048;202000046521;154 660 482;A01;3;13;0;2;0;26;1;
71049;202000046521;154 660 484;B01;3;7;0;0;4;0;1;
71050;202000046522;154 660 481;B01;1;7;0;2;1;1;1;
71051;202000046522;154 660 483;A01;1;33;0;2;1;17;1;
71052;202000046523;154 660 479;A01;1;10;0;1;1;15;1;
71053;202000046524;154 660 476;A01;1;33;0;2;8;16;0;
71054;202000046524;154 660 478;B01;1;7;0;2;2;16;0;
71055;202000046525;154 660 474;B01;1;7;0;0;1;0;1;
71056;202000046525;154 660 480;A01;2;33;0;0;0;0;0;
71057;202000046526;154 660 473;A01;3;13;9;0;1;26;1;
71058;202000046527;154 660 475;A01;2;7;0;1;4;20;1;
71059;202000046528;154 660 469;B01;2;14;0;2;8;1;1;
71060;202000046528;154 660 471;A01;1;1;0;2;1;13;5;
71061;202000046529;154 660 472;A01;3;7;8;0;1;14;1;
71062;202000046530;154 660 468;A01;1;7;0;2;1;26;1;
71063;202000046530;154 660 470;B01;2;33;0;2;2;5;0;
71064;202000046531;154 660 463;A01;0;7;0;2;1;1;1;
71065;202000046531;154 660 465;B01;2;7;0;2;8;1;1;
71066;202000046532;154 660 466;A01;2;7;4;0;4;2;1;
71067;202000046532;154 660 467;B01;2;7;0;2;1;2;1;
71068;202000046533;154 660 462;B01;2;7;0;2;1;1;1;
71069;202000046533;154 660 464;A01;1;7;0;2;3;16;1;
71070;202000046535;154 660 459;A01;2;1;0;5;7;1;5;
71071;202000046536;154 660 457;A01;1;7;4;0;3;1;1;
71072;202000046538;154 660 454;A01;1;7;4;2;7;17;1;
71073;202000046538;154 660 455;B01;1;38;0;2;8;1;1;1.0
71074;202000046539;154 660 453;A01;1;35;1;0;9;0;1;
71075;202000046540;154 660 450;A01;0;7;16;0;9;1;0;
71076;202000046541;154 660 452;A01;2;1;0;2;1;2;0;
71077;202000046541;154 660 461;B01;2;7;0;2;5;1;1;
71078;202000046542;154 660 451;A01;1;30;0;0;0;1;3;
71079;202000046543;154 660 449;A01;1;33;0;2;9;0;1;
71080;202000046544;154 660 445;B01;1;50;0;2;1;1;3;
71081;202000046544;154 660 446;A01;1;7;0;2;7;16;1;
71082;202000046546;154 660 439;A01;2;7;0;2;1;1;1;
71083;202000046546;154 660 441;C01;0;7;0;2;4;23;1;
71084;202000046546;154 660 442;B01;1;7;0;2;4;23;1;
71085;202000046547;154 660 437;A01;1;7;0;2;1;2;1;
71086;202000046547;154 660 448;B01;1;7;0;2;4;2;1;
71087;202000046548;154 660 434;B01;1;33;0;2;7;17;1;
71088;202000046548;154 660 438;A01;1;7;0;2;6;11;1;
71089;202000046549;154 660 436;B01;1;1;0;2;8;19;5;
71090;202000046549;154 660 447;A01;1;7;0;2;1;1;1;
71091;202000046550;154 660 431;A01;1;33;0;2;7;1;1;
71092;202000046550;154 660 432;B01;0;7;0;2;3;19;1;
71093;202000046551;154 660 430;A01;2;7;0;1;1;1;1;
71094;202000046552;154 660 429;A01;0;7;0;1;1;16;1;
71095;202000046553;154 660 427;A01;1;33;0;0;2;15;1;
71096;202000046554;154 660 423;A01;1;7;0;2;3;9;1;
71097;202000046554;154 660 426;B01;2;1;0;2;7;2;5;
71098;202000046555;154 660 433;A01;1;7;0;2;1;13;1;
71099;202000046555;154 660 435;C01;2;7;0;2;1;1;1;
71100;202000046556;154 660 422;A01;2;30;0;0;0;1;1;
71101;202000046557;154 660 424;C01;1;7;0;2;1;1;1;
71102;202000046557;154 660 425;B01;1;7;0;2;1;1;1;
71103;202000046557;154 660 428;A01;2;3;0;2;7;13;1;
71104;202000046558;154 660 420;A01;2;7;0;2;3;15;1;
71105;202000046558;154 660 421;B01;1;34;0;2;8;0;1;
71106;202000046559;154 660 416;B01;1;14;0;2;6;23;1;
71107;202000046559;154 660 417;A01;1;10;0;2;2;2;1;
71108;202000046560;154 660 415;A01;0;2;6;0;1;0;1;
71109;202000046561;154 660 412;A01;2;10;0;1;4;4;1;
71110;202000046562;154 660 418;A01;1;7;0;2;7;15;0;
71111;202000046562;154 660 419;B01;2;2;0;2;1;1;0;
71112;202000046563;154 660 411;A01;1;7;0;2;1;15;1;
71113;202000046563;154 660 414;B01;2;33;0;2;1;1;1;
71114;202000046564;154 660 407;A01;1;32;12;2;8;5;1;
71115;202000046564;154 660 409;B01;2;7;0;2;3;1;1;
71116;202000046565;154 660 408;A01;2;33;8;0;3;1;1;
71117;202000046567;154 660 405;A01;0;7;0;1;1;1;1;
71118;202000046568;154 660 403;A01;2;7;7;0;3;1;1;
71119;202000046570;154 660 398;B01;2;33;0;2;0;13;6;
71120;202000046570;154 660 401;A01;1;13;0;2;0;19;0;
71121;202000046571;154 660 395;A01;2;33;0;0;8;1;1;
71122;202000046571;154 660 399;B01;2;7;0;2;7;17;0;
71123;202000046572;154 660 392;A01;1;32;0;2;1;17;1;
71124;202000046572;154 660 393;B01;1;7;0;2;5;1;1;
71125;202000046573;154 660 389;A01;1;33;0;2;1;17;1;
71126;202000046573;154 660 390;B01;2;10;0;2;5;15;1;
71127;202000046574;154 660 391;A01;2;7;0;1;1;1;1;
71128;202000046575;154 660 397;B01;1;7;0;9;4;1;0;
71129;202000046575;154 660 402;A01;1;34;0;2;1;1;0;
71130;202000046576;154 660 387;A01;1;7;0;1;2;9;1;
71131;202000046577;154 660 386;A01;1;34;0;2;7;14;1;
71132;202000046577;154 660 388;B01;1;7;0;2;8;1;1;
71133;202000046578;154 660 383;A01;1;7;0;2;2;15;1;
71134;202000046578;154 660 384;B01;2;32;0;2;3;1;1;
71135;202000046579;154 660 380;A01;1;7;0;1;0;16;2;
71136;202000046580;154 660 378;B01;2;7;0;2;4;2;1;
71137;202000046580;154 660 379;A01;2;7;6;2;1;2;1;
71138;202000046581;154 660 381;B01;3;7;0;2;3;15;1;
71139;202000046581;154 660 382;A01;1;2;0;2;1;1;1;
71140;202000046582;154 660 376;B01;1;1;0;2;1;1;5;
71141;202000046582;154 660 377;A01;2;7;0;2;3;16;1;
71142;202000046583;154 660 375;A01;3;36;0;0;0;0;1;
71143;202000046584;154 660 373;B01;1;30;0;2;3;2;1;
71144;202000046584;154 660 374;A01;1;10;0;2;5;4;1;
71145;202000046585;154 660 385;A01;3;7;0;1;1;1;1;
71146;202000046586;154 660 369;A01;1;2;0;2;8;15;1;
71147;202000046586;154 660 372;B01;1;7;0;2;2;1;1;
71148;202000046587;154 660 368;A01;2;7;3;0;3;13;1;
71149;202000046588;154 660 367;B01;2;10;0;2;0;0;1;
71150;202000046588;154 660 370;A01;1;10;0;2;3;9;1;
71151;202000046589;154 660 366;A01;1;31;0;0;7;1;1;
71152;202000046590;154 660 362;C01;0;7;0;0;4;1;1;
71153;202000046590;154 660 363;B01;0;7;0;2;4;1;1;
71154;202000046590;154 660 365;A01;0;7;0;2;1;0;0;
71155;202000046591;154 660 359;B01;1;2;0;2;0;0;1;
71156;202000046591;154 660 364;A01;1;7;0;2;8;10;0;
71157;202000046592;154 660 360;B01;1;32;0;2;3;1;1;
71158;202000046592;154 660 371;A01;0;7;0;2;2;16;1;
71159;202000046593;154 660 355;B01;2;43;0;2;8;1;1;
71160;202000046593;154 660 356;A01;1;7;0;2;3;15;1;
71161;202000046594;154 660 353;B01;2;7;0;2;0;24;1;
71162;202000046594;154 660 358;A01;2;1;1;0;0;1;5;
71163;202000046596;154 660 348;A01;3;15;9;0;1;13;1;
71164;202000046597;154 660 352;B01;2;2;0;2;1;15;1;
71165;202000046597;154 660 361;A01;1;7;0;2;2;1;1;
71166;202000046598;154 660 351;A01;0;7;0;2;3;15;1;
71167;202000046598;154 660 357;B01;0;2;0;2;1;0;1;
71168;202000046600;154 660 342;C01;2;33;0;0;0;21;1;
71169;202000046600;154 660 345;B01;2;33;0;2;1;26;1;
71170;202000046600;154 660 346;A01;2;32;0;2;0;9;1;
71171;202000046601;154 660 339;A01;2;34;10;0;0;13;1;
71172;202000046602;154 660 340;A01;3;7;4;0;3;0;1;
71173;202000046603;154 660 335;A01;1;1;0;2;8;19;5;
71174;202000046603;154 660 337;B01;1;7;0;2;2;1;0;
71175;202000046604;154 660 336;A01;3;7;3;0;1;21;1;
71176;202000046604;154 660 338;B01;3;10;3;0;1;1;1;
71177;202000046605;154 660 334;A01;1;80;0;0;8;10;3;
71178;202000046606;154 660 331;B01;3;32;0;2;3;9;1;
71179;202000046606;154 660 332;A01;3;7;0;2;1;9;1;
71180;202000046607;154 660 330;A01;3;2;8;0;1;1;1;
71181;202000046608;154 660 341;B01;1;7;0;2;3;16;0;
71182;202000046608;154 660 343;A01;1;7;0;2;2;1;0;
71183;202000046609;154 660 327;A01;1;33;6;0;0;1;1;
71184;202000046611;154 660 324;B01;1;7;0;2;3;15;1;
71185;202000046611;154 660 326;A01;1;2;0;2;2;1;1;
71186;202000046612;154 660 328;B01;1;1;0;2;8;0;5;
71187;202000046612;154 660 329;A01;3;7;0;2;1;9;1;
71188;202000046613;154 660 323;B01;2;7;0;2;1;1;1;
71189;202000046613;154 660 325;A01;1;1;0;2;1;13;5;
71190;202000046614;154 660 321;A01;2;7;0;1;6;4;1;
71191;202000046615;154 660 318;A01;1;7;0;2;1;1;1;
71192;202000046615;154 660 322;B01;1;7;0;2;4;9;1;
71193;202000046616;154 660 317;A01;1;7;0;0;4;1;1;
71194;202000046616;154 660 319;B01;1;7;0;2;1;1;1;
71195;202000046617;154 660 312;A01;3;7;0;2;8;19;1;
71196;202000046617;154 660 320;B01;2;7;0;2;1;0;1;
71197;202000046618;154 660 313;A01;1;17;8;0;3;14;1;
71198;202000046619;154 660 311;A01;1;14;0;0;9;13;1;
71199;202000046620;154 660 309;A01;1;7;0;2;3;1;2;
71200;202000046620;154 660 315;B01;1;33;0;2;2;1;1;
71201;202000046621;154 660 307;C01;2;7;0;2;1;1;1;
71202;202000046621;154 660 308;B01;1;7;0;2;8;2;1;
71203;202000046621;154 660 310;A01;2;7;0;2;1;5;1;
71204;202000046622;154 660 306;A01;1;33;0;0;8;3;1;
71205;202000046623;154 660 314;B01;2;1;0;2;8;1;5;
71206;202000046623;154 660 316;Z01;2;10;0;2;7;16;1;
71207;202000046624;154 660 304;B01;2;2;0;2;1;1;3;
71208;202000046624;154 660 305;A01;2;10;0;2;3;15;1;
71209;202000046625;154 660 303;A01;3;10;0;1;4;4;1;
71210;202000046626;154 660 302;A01;2;31;0;0;8;1;1;
71211;202000046627;154 660 301;A01;2;30;0;9;1;1;1;
71212;202000046628;154 660 298;A01;1;30;0;2;2;1;3;
71213;202000046628;154 660 300;Z01;1;7;0;2;3;13;1;
71214;202000046629;154 660 297;B01;1;34;0;2;1;1;1;
71215;202000046629;154 660 299;A01;2;7;0;2;2;15;1;
71216;202000046631;154 660 294;B01;1;1;0;2;3;1;5;