;Num_Acc;id_vehicule;num_veh;senc;catv;obs;obsm;choc;manv;motor;occutc
71217;202000046631;154 660 296;A01;1;7;0;2;2;17;1;
71218;202000046632;154 660 292;A01;2;34;0;0;0;0;0;
71219;202000046633;154 660 290;B01;2;1;0;2;7;12;5;
71220;202000046633;154 660 291;A01;2;33;0;2;7;1;1;
71221;202000046634;154 660 288;A01;1;7;0;2;3;10;1;
71222;202000046634;154 660 289;B01;1;33;1;2;5;1;1;
71223;202000046635;154 660 287;A01;1;17;3;0;2;1;1;
71224;202000046636;154 660 285;B01;1;1;1;0;1;1;5;
71225;202000046636;154 660 286;A01;1;7;0;9;4;23;1;
71226;202000046637;154 660 284;A01;2;1;12;0;1;12;5;
71227;202000046638;154 660 283;A01;3;33;0;0;8;1;1;
71228;202000046639;154 660 281;A01;1;50;0;0;0;14;3;
71229;202000046640;154 660 279;B01;2;7;0;2;3;15;1;
71230;202000046640;154 660 282;A01;2;33;0;2;2;17;1;
71231;202000046641;154 660 275;B01;2;1;0;2;1;19;5;
71232;202000046641;154 660 276;A01;2;7;15;0;7;16;1;
71233;202000046642;154 660 273;Z01;2;7;1;2;1;1;1;
71234;202000046642;154 660 274;B01;1;7;0;2;8;1;1;
71235;202000046643;154 660 270;A01;2;10;0;2;3;20;1;
71236;202000046643;154 660 271;B01;1;32;0;2;7;0;0;
71237;202000046644;154 660 278;A01;2;7;0;2;2;16;1;
71238;202000046644;154 660 280;B01;2;60;0;2;1;25;5;
71239;202000046645;154 660 277;A01;2;7;12;0;6;1;1;
71240;202000046646;154 660 266;A01;1;7;13;0;1;1;1;
71241;202000046647;154 660 269;B01;2;7;0;2;1;2;1;
71242;202000046647;154 660 272;A01;2;7;0;0;4;2;1;
71243;202000046648;154 660 265;B01;1;7;0;2;3;15;1;
71244;202000046648;154 660 267;A01;1;33;0;2;7;17;1;
71245;202000046649;154 660 264;A01;2;7;0;0;0;0;1;
71246;202000046650;154 660 262;A01;1;7;0;2;3;15;1;
71247;202000046650;154 660 263;B01;1;33;0;2;1;13;1;
71248;202000046651;154 660 261;A01;3;7;9;0;1;13;1;
71249;202000046652;154 660 260;A01;1;33;0;0;0;0;1;
71250;202000046653;154 660 257;B01;2;2;0;2;1;1;0;
71251;202000046653;154 660 259;A01;1;7;0;2;7;15;6;
71252;202000046654;154 660 256;A01;1;7;0;2;3;15;1;
71253;202000046654;154 660 258;B01;1;32;0;2;1;17;1;
71254;202000046655;154 660 252;A01;2;1;0;0;0;21;5;
71255;202000046656;154 660 253;B01;3;33;0;2;1;1;1;
71256;202000046656;154 660 255;A01;3;7;0;2;2;15;1;
71257;202000046657;154 660 249;A01;1;2;0;2;1;1;1;
71258;202000046657;154 660 250;B01;1;7;0;2;2;15;1;
71259;202000046658;154 660 247;Z01;1;7;0;2;0;13;1;
71260;202000046658;154 660 248;A01;1;1;0;2;2;1;5;
71261;202000046659;154 660 243;C01;1;7;0;2;8;1;1;
71262;202000046659;154 660 245;B01;1;7;0;2;8;1;1;
71263;202000046659;154 660 246;A01;2;7;0;2;1;13;1;
71264;202000046660;154 660 251;B01;1;7;0;2;0;0;0;
71265;202000046660;154 660 268;A01;2;7;0;2;2;1;0;
71266;202000046661;154 660 254;A01;1;2;0;0;2;13;1;
71267;202000046662;154 660 239;A01;1;7;0;1;2;26;0;
71268;202000046663;154 660 238;A01;2;33;9;0;2;1;1;
71269;202000046664;154 660 232;A01;2;7;0;2;3;13;1;
71270;202000046664;154 660 233;B01;1;7;0;2;3;1;1;
71271;202000046665;154 660 231;A01;3;7;6;0;1;1;1;
71272;202000046666;154 660 241;A01;2;10;0;1;2;9;0;
71273;202000046667;154 660 235;B01;1;32;0;2;3;1;1;
71274;202000046667;154 660 240;A01;1;7;0;2;3;26;1;
71275;202000046668;154 660 227;A01;3;7;0;2;1;9;1;
71276;202000046668;154 660 229;B01;3;7;0;2;5;1;1;
71277;202000046669;154 660 234;B01;0;7;0;2;2;15;1;
71278;202000046669;154 660 236;A01;0;30;0;2;1;19;1;
71279;202000046670;154 660 226;A01;1;7;2;0;9;1;1;
71280;202000046672;154 660 237;A01;2;50;12;0;1;1;3;
71281;202000046673;154 660 223;B01;2;1;0;2;8;0;5;
71282;202000046673;154 660 225;A01;1;7;0;2;1;21;2;
71283;202000046674;154 660 222;B01;2;7;0;2;1;1;1;
71284;202000046674;154 660 224;A01;1;7;0;2;6;15;1;
71285;202000046675;154 660 221;A01;1;7;13;0;1;1;1;
71286;202000046676;154 660 219;A01;1;7;0;2;1;0;1;
71287;202000046676;154 660 220;B01;1;7;0;2;4;26;1;
71288;202000046677;154 660 216;C01;1;7;0;0;4;2;1;
71289;202000046677;154 660 217;B01;1;7;0;2;1;2;1;
71290;202000046677;154 660 218;A01;1;7;0;0;5;5;1;
71291;202000046678;154 660 215;A01;2;7;4;0;1;1;1;
71292;202000046679;154 660 213;B01;1;7;0;2;4;23;1;
71293;202000046679;154 660 214;A01;1;10;0;2;1;2;1;
71294;202000046680;154 660 210;A01;1;99;15;0;1;1;1;
71295;202000046681;154 660 208;A01;1;7;0;0;4;15;1;
71296;202000046681;154 660 209;B01;1;7;0;2;1;1;0;
71297;202000046682;154 660 201;A01;3;7;0;2;1;1;1;
71298;202000046682;154 660 211;B01;3;10;0;2;8;1;1;
71299;202000046683;154 660 199;B01;-1;7;0;2;0;1;0;
71300;202000046683;154 660 203;A01;-1;7;0;0;7;14;1;
71301;202000046684;154 660 198;A01;3;2;0;0;0;1;1;
71302;202000046685;154 660 194;A01;2;7;13;0;0;1;1;
71303;202000046686;154 660 193;C01;1;7;0;2;1;23;1;
71304;202000046686;154 660 195;B01;1;7;0;2;4;23;1;
71305;202000046686;154 660 196;A01;1;10;0;2;1;2;1;
71306;202000046686;154 660 197;D01;1;7;0;2;4;0;1;
71307;202000046687;154 660 190;A01;2;7;0;2;3;1;1;
71308;202000046687;154 660 192;B01;2;1;0;2;4;1;5;
71309;202000046688;154 660 191;A01;2;10;0;1;1;2;1;
71310;202000046689;154 660 204;C01;1;7;0;2;1;1;1;
71311;202000046689;154 660 206;B01;1;7;0;2;4;0;1;
71312;202000046689;154 660 207;A01;1;10;0;0;4;1;1;
71313;202000046690;154 660 188;B01;1;7;0;9;0;1;1;
71314;202000046690;154 660 189;A01;3;1;0;2;3;19;5;
71315;202000046691;154 660 186;A01;1;7;0;2;4;0;1;
71316;202000046691;154 660 187;B01;1;10;0;2;2;2;1;
71317;202000046692;154 660 185;A01;1;7;0;0;7;14;1;
71318;202000046693;154 660 183;B01;1;33;0;2;1;3;1;
71319;202000046693;154 660 184;A01;1;10;0;2;4;11;1;
71320;202000046694;154 660 181;B01;1;10;0;2;6;1;1;
71321;202000046694;154 660 202;A01;2;1;0;2;1;1;5;
71322;202000046695;154 660 179;B01;1;17;0;2;2;12;1;
71323;202000046695;154 660 180;A01;1;7;0;2;8;1;1;
71324;202000046696;154 660 177;A01;1;33;0;2;1;1;1;
71325;202000046696;154 660 178;B01;1;7;0;2;4;1;1;
71326;202000046697;154 660 182;A01;2;7;13;0;7;14;1;
71327;202000046698;154 660 176;A01;2;1;0;0;0;1;5;
71328;202000046699;154 660 200;A01;2;7;0;2;6;15;1;
71329;202000046699;154 660 205;B01;2;7;0;2;3;1;1;
71330;202000046700;154 660 173;A01;1;7;3;2;8;13;1;
71331;202000046700;154 660 175;B01;1;7;0;2;1;2;1;
71332;202000046701;154 660 168;B01;1;10;0;2;1;1;1;
71333;202000046701;154 660 170;C01;2;10;0;1;3;24;1;
71334;202000046701;154 660 171;A01;2;10;0;2;8;1;1;
71335;202000046702;154 660 167;B01;1;7;0;2;4;2;1;
71336;202000046702;154 660 169;A01;1;7;0;2;1;2;1;
71337;202000046703;154 660 164;A01;1;7;0;2;5;12;1;
71338;202000046703;154 660 172;B01;1;32;0;2;3;0;1;
71339;202000046704;154 660 162;A01;1;33;0;2;2;3;1;
71340;202000046704;154 660 166;B01;1;7;0;2;7;2;1;
71341;202000046705;154 660 163;A01;2;1;0;0;0;1;5;
71342;202000046706;154 660 161;B01;1;42;1;2;0;0;0;
71343;202000046706;154 660 165;A01;1;7;0;2;8;15;1;
71344;202000046707;154 660 156;A01;2;2;0;2;3;1;0;
71345;202000046707;154 660 157;B01;2;7;0;2;0;16;0;
71346;202000046708;154 660 154;B01;3;7;0;2;1;1;6;
71347;202000046708;154 660 155;A01;3;99;0;2;1;1;6;
71348;202000046709;154 660 149;B01;2;3;0;0;1;10;0;
71349;202000046709;154 660 150;A01;1;30;0;0;8;1;0;
71350;202000046710;154 660 153;A01;0;7;0;2;1;9;1;
71351;202000046710;154 660 158;Y01;0;60;0;2;1;1;5;
71352;202000046711;154 660 145;A01;1;80;12;0;1;14;3;
71353;202000046712;154 660 144;A01;1;7;0;1;2;2;1;
71354;202000046713;154 660 142;B01;0;7;0;2;3;15;1;
71355;202000046713;154 660 146;A01;1;2;0;2;1;1;1;
71356;202000046714;154 660 140;B01;2;2;0;2;1;2;1;
71357;202000046714;154 660 141;A01;2;7;0;0;4;2;1;
71358;202000046715;154 660 151;B01;1;7;0;2;4;1;0;
71359;202000046715;154 660 159;A01;1;10;0;2;2;1;1;
71360;202000046716;154 660 147;B01;1;2;0;2;8;1;1;
71361;202000046716;154 660 148;A01;1;7;0;2;1;19;1;
71362;202000046717;154 660 136;A01;2;7;0;2;1;1;1;
71363;202000046717;154 660 137;B01;2;7;0;2;1;1;1;
71364;202000046717;154 660 138;C01;2;7;0;2;4;2;1;
71365;202000046718;154 660 152;A01;1;7;0;2;1;15;1;
71366;202000046718;154 660 160;B01;1;33;0;2;8;1;1;
71367;202000046719;154 660 143;A01;2;2;14;0;1;1;1;
71368;202000046720;154 660 133;A01;2;2;0;1;1;1;1;
71369;202000046721;154 660 132;A01;2;30;0;2;3;26;1;
71370;202000046721;154 660 135;B01;1;7;0;2;3;15;1;
71371;202000046722;154 660 139;A01;3;7;0;1;2;16;1;
71372;202000046723;154 660 131;A01;1;15;0;9;5;26;1;
71373;202000046723;154 660 134;B01;1;7;4;9;7;1;1;
71374;202000046724;154 660 127;A01;0;7;0;1;7;1;1;
71375;202000046726;154 660 129;A01;2;7;0;2;7;10;1;
71376;202000046726;154 660 130;B01;2;33;0;2;1;1;1;
71377;202000046727;154 660 121;B01;2;30;0;2;2;15;1;
71378;202000046727;154 660 122;A01;1;34;0;2;3;2;1;
71379;202000046728;154 660 114;B01;2;33;0;2;1;21;1;
71380;202000046728;154 660 115;A01;2;7;0;2;3;10;1;
71381;202000046730;154 660 110;A01;1;32;16;0;2;15;1;
71382;202000046730;154 660 111;B01;2;34;0;0;2;1;1;
71383;202000046731;154 660 117;A01;3;7;0;2;8;10;1;
71384;202000046731;154 660 123;B01;3;2;0;2;1;1;1;
71385;202000046732;154 660 109;A01;1;33;12;0;1;2;1;
71386;202000046733;154 660 118;A01;0;7;0;2;2;15;1;
71387;202000046733;154 660 128;B01;0;7;0;2;3;1;1;
71388;202000046734;154 660 119;B01;1;7;0;2;6;26;1;
71389;202000046734;154 660 124;A01;1;2;0;2;1;26;1;
71390;202000046735;154 660 108;A01;3;7;6;0;1;1;0;
71391;202000046736;154 660 107;A01;2;7;3;0;2;1;1;
71392;202000046737;154 660 102;A01;1;7;0;0;0;26;0;
71393;202000046738;154 660 098;A01;1;7;0;2;0;12;1;
71394;202000046738;154 660 100;B01;2;7;1;2;1;1;1;
71395;202000046738;154 660 106;C01;2;7;0;2;6;26;1;
71396;202000046739;154 660 105;A01;2;7;0;0;0;0;1;
71397;202000046740;154 660 103;A01;1;7;0;1;2;1;1;
71398;202000046741;154 660 104;A01;2;7;0;2;2;15;1;
71399;202000046741;154 660 116;B01;2;30;0;2;3;1;1;
71400;202000046742;154 660 101;A01;2;7;0;2;2;9;1;
71401;202000046742;154 660 120;B01;3;1;0;2;7;1;5;
71402;202000046743;154 660 099;A01;1;7;4;0;0;26;1;
71403;202000046744;154 660 095;B01;3;7;0;2;3;1;1;
71404;202000046744;154 660 096;A01;3;7;0;2;1;13;1;
71405;202000046745;154 660 094;A01;1;7;3;0;1;2;1;
71406;202000046746;154 660 089;A01;1;16;0;2;4;2;1;
71407;202000046746;154 660 090;C01;1;14;0;2;4;2;1;
71408;202000046746;154 660 091;B01;1;17;0;2;1;2;1;
71409;202000046746;154 660 092;D01;1;14;0;2;1;2;1;
71410;202000046747;154 660 085;B01;2;33;0;2;8;0;1;
71411;202000046747;154 660 087;A01;2;7;0;2;6;11;1;
71412;202000046748;154 660 084;B01;2;7;0;2;9;23;1;
71413;202000046748;154 660 086;C01;2;7;0;0;4;23;1;
71414;202000046748;154 660 088;A01;2;10;0;2;1;1;1;
71415;202000046750;154 660 080;A01;1;7;0;2;4;2;1;
71416;202000046750;154 660 081;B01;1;7;0;2;4;2;1;
71417;202000046750;154 660 083;C01;1;7;0;2;1;2;1;
71418;202000046751;154 660 075;A01;1;7;0;1;1;1;1;
71419;202000046752;154 660 074;A01;1;7;0;2;1;9;1;
71420;202000046752;154 660 097;B01;1;7;0;2;4;2;1;
71421;202000046753;154 660 072;B01;1;7;0;2;1;1;1;
71422;202000046753;154 660 073;A01;2;7;0;2;4;1;2;
71423;202000046754;154 660 067;A01;1;7;0;2;3;17;1;
71424;202000046754;154 660 069;B01;2;7;0;2;3;1;1;
71425;202000046754;154 660 071;C01;1;7;0;2;8;1;1;
71426;202000046755;154 660 068;A01;3;7;0;2;3;26;1;
71427;202000046755;154 660 070;B01;3;7;0;2;5;1;3;
71428;202000046756;154 660 066;A01;1;0;0;1;1;13;0;
71429;202000046757;154 660 062;A01;2;7;0;2;1;1;1;
71430;202000046757;154 660 065;B01;1;7;0;2;1;13;1;
71431;202000046758;154 660 076;B01;1;10;0;2;7;1;1;
71432;202000046758;154 660 093;A01;2;10;0;2;1;1;1;
71433;202000046759;154 660 077;A01;3;7;1;0;3;1;1;
71434;202000046760;154 660 078;A01;1;32;12;0;4;1;1;
71435;202000046760;154 660 079;B01;1;32;0;2;1;2;1;
71436;202000046761;154 660 061;B01;3;1;0;2;1;2;5;
71437;202000046761;154 660 064;A01;0;7;0;2;4;26;1;
71438;202000046762;154 660 059;A01;3;7;0;2;7;1;1;
71439;202000046762;154 660 060;B01;3;7;0;2;1;9;1;
71440;202000046763;154 660 058;A01;1;99;0;1;0;26;1;
71441;202000046764;154 660 050;A01;2;7;0;2;2;17;1;
71442;202000046764;154 660 056;B01;2;1;0;2;8;1;5;
71443;202000046765;154 660 054;A01;1;33;0;0;0;21;1;
71444;202000046766;154 660 052;A01;2;7;6;0;1;1;1;
71445;202000046767;154 660 051;B01;1;2;0;2;2;1;1;
71446;202000046767;154 660 063;A01;2;7;0;2;3;15;1;
71447;202000046769;154 660 046;B01;2;10;0;2;1;1;1;
71448;202000046769;154 660 047;A01;1;7;0;2;1;13;1;
71449;202000046770;154 660 044;B01;1;7;0;0;4;2;0;
71450;202000046770;154 660 045;A01;1;20;0;0;1;2;0;
71451;202000046771;154 660 041;A01;3;2;0;5;1;0;1;
71452;202000046772;154 660 040;A01;3;7;0;9;2;19;1;
71453;202000046772;154 660 053;B01;1;1;0;2;3;1;5;
71454;202000046773;154 660 036;B01;1;34;0;2;8;0;0;
71455;202000046773;154 660 042;A01;0;7;0;2;1;2;0;
71456;202000046774;154 660 038;B01;3;2;0;2;3;1;1;
71457;202000046774;154 660 043;A01;3;7;0;2;3;15;1;
71458;202000046775;154 660 037;B01;2;7;4;2;4;2;1;
71459;202000046775;154 660 048;A01;2;7;4;2;1;13;1;
71460;202000046775;154 660 049;C01;2;7;4;2;5;2;1;
71461;202000046777;154 660 024;B01;2;30;0;9;0;1;1;
71462;202000046777;154 660 025;A01;1;7;8;0;0;1;1;
71463;202000046778;154 660 023;A01;1;2;3;0;1;0;1;
71464;202000046779;154 660 030;A01;3;30;0;1;0;2;0;
71465;202000046781;154 660 022;A01;1;15;0;0;9;1;1;
71466;202000046782;154 660 019;A01;3;7;0;2;1;1;1;
71467;202000046782;154 660 020;B01;3;7;0;2;3;1;1;
71468;202000046783;154 660 016;B01;3;7;0;2;1;16;3;
71469;202000046783;154 660 017;A01;0;10;0;2;2;1;1;
71470;202000046784;154 660 018;A01;0;1;0;0;0;1;5;
71471;202000046785;154 660 015;A01;1;1;0;1;1;26;0;
71472;202000046786;154 660 029;A01;1;20;0;2;3;1;1;
71473;202000046786;154 660 031;B01;1;20;0;2;2;1;1;
71474;202000046786;154 660 032;C01;1;20;0;2;1;2;1;
71475;202000046788;154 660 026;B01;3;7;0;2;4;2;2;
71476;202000046788;154 660 028;A01;3;7;0;2;1;2;1;
71477;202000046789;154 660 027;B01;2;34;0;2;0;1;1;
71478;202000046789;154 660 035;A01;1;7;0;2;2;1;1;
71479;202000046790;154 660 011;A01;1;10;0;2;1;26;0;
71480;202000046790;154 660 012;B01;1;10;0;2;4;1;0;
71481;202000046790;154 660 013;C01;1;10;0;2;4;1;0;
71482;202000046791;154 660 014;A01;1;7;0;1;3;15;1;
71483;202000046792;154 660 007;A01;3;33;9;0;1;9;1;
71484;202000046793;154 660 008;A01;3;7;8;2;2;15;1;
71485;202000046793;154 660 010;B01;3;7;8;2;3;1;1;
71486;202000046794;154 660 003;A01;3;7;1;1;2;1;0;
71487;202000046795;154 659 998;A01;0;7;10;0;2;14;1;
71488;202000046796;154 659 997;A01;1;7;0;1;1;1;1;
71489;202000046797;154 659 996;A01;1;2;1;0;1;13;1;
71490;202000046798;154 659 994;B01;1;33;0;2;7;1;1;
71491;202000046798;154 659 995;A01;2;7;0;2;1;9;1;
71492;202000046800;154 659 992;A01;1;7;13;0;1;14;1;
71493;202000046801;154 659 990;Z01;0;7;0;2;7;0;0;
71494;202000046801;154 659 991;A01;0;33;0;2;8;23;0;
71495;202000046802;154 659 988;B01;0;7;0;2;8;17;1;
71496;202000046802;154 659 989;A01;0;7;0;2;1;16;1;
71497;202000046804;154 660 005;B01;2;33;0;2;8;9;1;
71498;202000046804;154 660 006;A01;2;1;0;2;7;12;5;
71499;202000046805;154 660 004;B01;2;15;0;0;6;1;1;
71500;202000046805;154 660 009;A01;2;7;3;2;1;0;1;
71501;202000046806;154 659 986;B01;3;7;0;2;4;1;1;
71502;202000046807;154 660 001;A01;1;7;0;1;1;1;1;
71503;202000046808;154 660 002;A01;1;7;0;1;0;26;0;
71504;202000046809;154 659 983;B01;2;10;0;2;1;0;1;
71505;202000046809;154 659 984;A01;1;10;0;2;1;13;2;
71506;202000046810;154 659 982;A01;2;7;0;2;8;13;1;
71507;202000046810;154 659 985;B01;1;13;0;2;8;1;1;
71508;202000046811;154 659 981;A01;3;30;0;9;0;0;0;
71509;202000046812;154 659 976;A01;1;34;0;2;8;18;1;
71510;202000046812;154 659 978;B01;1;10;0;2;2;16;1;
71511;202000046813;154 659 973;A01;3;30;0;2;2;0;1;
71512;202000046813;154 659 974;B01;3;7;0;2;8;0;1;
71513;202000046814;154 659 975;A01;1;7;2;0;1;1;1;
71514;202000046815;154 659 979;A01;3;7;1;0;2;1;1;
71515;202000046816;154 659 999;B01;2;7;0;2;1;1;1;
71516;202000046816;154 660 000;A01;1;7;0;2;1;13;1;
71517;202000046817;154 659 968;A01;1;33;0;0;9;1;1;
71518;202000046818;154 659 970;A01;1;7;16;0;3;1;1;
71519;202000046819;154 659 977;A01;1;7;0;2;1;1;1;
71520;202000046819;154 659 980;B01;0;7;0;2;4;1;1;
71521;202000046820;154 659 967;A01;2;7;0;2;7;16;1;
71522;202000046820;154 659 972;B01;2;30;0;2;1;12;1;
71523;202000046821;154 659 966;A01;2;33;0;2;1;13;1;
71524;202000046821;154 659 969;B01;1;7;0;2;3;1;1;
71525;202000046822;154 659 965;A01;0;7;0;1;0;0;0;
71526;202000046823;154 659 964;A01;3;7;0;2;1;19;1;
71527;202000046823;154 659 971;B01;1;7;0;0;7;9;1;
71528;202000046824;154 659 962;A01;3;7;0;9;2;13;1;
71529;202000046824;154 659 963;B01;3;1;0;2;8;1;5;
71530;202000046825;154 659 958;A01;1;7;0;1;1;1;1;
71531;202000046826;154 659 951;A01;0;2;0;1;0;0;1;
71532;202000046827;154 659 948;A01;1;7;0;2;3;1;1;
71533;202000046827;154 659 950;B01;1;34;0;2;4;1;1;
71534;202000046828;154 659 949;A01;1;33;14;9;1;1;1;
71535;202000046831;154 659 952;B01;1;7;0;2;0;0;0;
71536;202000046831;154 659 959;D01;1;7;0;2;8;1;1;
71537;202000046831;154 659 960;Z01;2;7;0;0;0;15;0;
71538;202000046831;154 659 961;C01;1;33;0;2;1;1;0;
71539;202000046832;154 659 947;B01;1;37;0;9;3;26;1;2.0
71540;202000046832;154 659 955;A01;2;14;2;0;2;26;1;
71541;202000046833;154 659 954;A01;2;33;0;2;1;15;1;
71542;202000046833;154 659 957;B01;2;7;0;2;1;1;1;
71543;202000046834;154 659 941;A01;2;7;0;2;1;2;1;
71544;202000046834;154 659 944;B01;2;7;0;2;4;2;1;
71545;202000046835;154 659 940;A01;2;7;0;1;1;2;1;
71546;202000046836;154 659 942;B01;3;7;0;2;3;15;1;
71547;202000046836;154 659 945;A01;3;1;0;2;2;6;5;
71548;202000046837;154 659 939;A01;3;30;12;0;7;14;1;
71549;202000046838;154 659 938;A01;3;7;0;1;2;2;1;
71550;202000046840;154 659 935;A01;1;7;0;2;1;15;1;
71551;202000046840;154 659 937;B01;2;7;0;2;1;1;1;
71552;202000046841;154 659 928;A01;1;7;15;0;8;13;1;
71553;202000046842;154 659 927;A01;3;7;0;2;7;15;1;
71554;202000046842;154 659 933;B01;3;2;0;2;1;1;0;
71555;202000046843;154 659 926;A01;1;30;0;1;1;17;0;
71556;202000046844;154 659 923;A01;1;7;0;2;1;17;1;
71557;202000046844;154 659 925;B01;2;7;0;2;1;1;1;
71558;202000046847;154 659 920;A01;3;2;0;0;0;1;1;
71559;202000046849;154 659 916;A01;2;7;0;0;8;15;0;
71560;202000046849;154 659 917;B01;2;33;0;2;1;2;0;
71561;202000046849;154 659 919;C01;1;7;0;2;6;1;0;
71562;202000046850;154 659 914;A01;2;80;0;0;0;1;3;
71563;202000046852;154 659 908;B01;2;7;0;2;1;21;1;
71564;202000046852;154 659 911;A01;1;7;0;2;1;13;1;
71565;202000046853;154 659 906;B01;1;33;0;2;7;1;1;
71566;202000046853;154 659 910;A01;1;7;0;2;3;9;1;
71567;202000046854;154 659 902;B01;1;7;0;2;1;1;1;
71568;202000046854;154 659 922;A01;2;80;0;2;1;26;3;
71569;202000046855;154 659 930;A01;2;7;0;1;3;1;1;
71570;202000046856;154 659 904;A01;2;7;8;0;7;1;1;
71571;202000046857;154 659 921;A01;1;7;0;2;2;1;1;
71572;202000046857;154 659 924;B01;1;2;0;2;1;1;1;
71573;202000046858;154 659 905;A01;3;7;13;0;3;1;1;
71574;202000046859;154 659 903;A01;1;10;0;1;2;15;0;
71575;202000046860;154 659 929;A01;0;2;0;0;0;16;1;
71576;202000046861;154 659 899;A01;3;30;0;2;1;26;1;
71577;202000046861;154 659 901;B01;3;7;0;2;4;1;1;
71578;202000046862;154 659 896;A01;3;33;0;9;0;1;1;
71579;202000046863;154 659 897;A01;2;7;13;0;2;21;1;
71580;202000046864;154 659 898;A01;1;30;0;1;1;1;1;
71581;202000046865;154 659 889;C01;1;7;0;2;5;2;1;
71582;202000046865;154 659 893;B01;1;7;0;2;4;2;1;
71583;202000046865;154 659 900;A01;1;10;0;2;1;2;1;
71584;202000046866;154 659 890;B01;2;2;0;2;1;1;1;
71585;202000046866;154 659 892;A01;1;7;0;2;2;15;1;
71586;202000046867;154 659 895;A01;3;7;6;0;1;13;1;
71587;202000046869;154 659 888;A01;2;33;3;0;1;1;1;
71588;202000046870;154 659 885;A01;2;30;8;0;1;1;1;
71589;202000046871;154 659 886;A01;1;7;13;0;1;1;1;
71590;202000046872;154 659 887;A01;1;7;0;1;1;1;1;
71591;202000046873;154 659 882;A01;3;30;12;0;0;0;1;
71592;202000046874;154 659 883;A01;2;7;0;2;1;2;1;
71593;202000046874;154 659 884;B01;1;7;0;2;4;2;1;
71594;202000046875;154 659 877;A01;1;10;0;2;7;1;1;
71595;202000046875;154 659 880;B01;1;1;0;0;0;1;0;
71596;202000046876;154 659 874;A01;1;32;0;2;1;13;1;
71597;202000046876;154 659 876;B01;1;7;0;2;8;1;1;
71598;202000046877;154 659 872;A01;1;7;0;1;1;1;1;
71599;202000046878;154 659 871;B01;0;31;0;2;7;26;1;
71600;202000046878;154 659 875;A01;3;7;0;2;2;9;1;
71601;202000046879;154 659 866;Z01;1;7;0;1;0;0;0;
71602;202000046880;154 659 867;A01;1;2;4;0;0;13;0;
71603;202000046881;154 659 868;B01;1;1;14;0;1;21;5;
71604;202000046881;154 659 870;A01;2;7;0;0;1;1;1;
71605;202000046881;154 659 873;C01;2;7;0;2;6;23;1;
71606;202000046882;154 659 869;A01;1;7;0;1;1;9;1;
71607;202000046883;154 659 878;B01;3;7;0;2;3;1;0;
71608;202000046883;154 659 881;A01;3;2;0;2;1;1;0;
71609;202000046884;154 659 865;A01;2;2;0;0;8;21;1;
71610;202000046886;154 659 860;A01;3;7;0;2;1;9;1;
71611;202000046886;154 659 862;B01;3;2;0;2;2;2;1;
71612;202000046887;154 659 859;B01;2;10;0;2;5;1;1;
71613;202000046887;154 659 861;A01;2;7;13;2;3;0;1;
71614;202000046888;154 659 857;A01;1;33;13;0;1;13;1;
71615;202000046889;154 659 858;A01;3;7;0;1;2;15;1;
71616;202000046890;154 659 853;A01;1;7;0;0;0;0;1;
71617;202000046891;154 659 856;A01;1;33;0;0;8;1;0;
71618;202000046892;154 659 854;B01;1;2;0;2;3;1;1;
71619;202000046892;154 659 879;A01;3;7;0;2;1;19;1;
71620;202000046893;154 659 851;A01;1;7;0;1;1;1;1;
71621;202000046894;154 659 855;A01;1;2;0;0;0;1;1;
71622;202000046895;154 659 852;B01;3;1;0;2;3;19;5;
71623;202000046895;154 659 864;A01;2;7;0;9;2;1;1;
71624;202000046896;154 659 849;A01;1;7;0;2;1;19;1;
71625;202000046896;154 659 850;B01;1;7;0;2;7;1;1;
71626;202000046897;154 659 845;A01;3;10;0;9;5;12;1;
71627;202000046897;154 659 848;B01;3;1;0;2;1;1;5;
71628;202000046898;154 659 841;A01;2;21;0;2;3;15;1;
71629;202000046898;154 659 843;B01;2;7;2;2;1;17;1;
71630;202000046899;154 659 842;B01;2;7;0;2;5;23;1;
71631;202000046899;154 659 844;A01;2;7;0;2;2;2;1;
71632;202000046900;154 659 838;A01;2;7;13;0;2;1;1;
71633;202000046901;154 659 839;B01;0;7;0;2;4;1;1;
71634;202000046901;154 659 840;A01;0;10;0;2;1;1;1;
71635;202000046902;154 659 837;A01;3;1;12;0;2;14;5;
71636;202000046903;154 659 847;A01;1;7;2;0;1;0;1;
71637;202000046904;154 659 833;A01;0;7;0;9;3;16;1;
71638;202000046904;154 659 835;B01;0;1;0;2;1;1;5;
71639;202000046905;154 659 832;C01;2;7;0;2;4;20;1;
71640;202000046905;154 659 834;B01;2;7;0;2;4;1;1;
71641;202000046905;154 659 836;A01;2;7;0;2;1;1;1;
71642;202000046906;154 659 821;A01;1;7;0;0;1;1;1;
71643;202000046906;154 659 829;B01;1;14;0;0;4;2;1;
71644;202000046907;154 659 820;B01;1;7;0;2;1;1;1;
71645;202000046907;154 659 823;A01;1;7;0;1;1;1;1;
71646;202000046908;154 659 819;A01;3;7;0;2;1;1;0;
71647;202000046908;154 659 822;B01;3;7;0;2;1;1;0;
71648;202000046908;154 659 830;C01;3;7;0;2;4;1;0;
71649;202000046909;154 659 826;B01;3;60;0;2;6;26;5;