;Num_Acc;id_vehicule;num_veh;senc;catv;obs;obsm;choc;manv;motor;occutc
71650;202000046909;154 659 846;A01;2;7;0;2;6;0;1;
71651;202000046912;154 659 812;B01;2;7;0;0;6;2;1;
71652;202000046912;154 659 813;A01;2;7;0;0;2;14;1;
71653;202000046913;154 659 810;A01;0;17;0;1;1;20;1;
71654;202000046914;154 659 809;A01;0;7;0;1;7;16;1;
71655;202000046915;154 659 804;A01;2;7;0;1;3;1;1;
71656;202000046916;154 659 805;B01;1;33;0;2;1;17;1;
71657;202000046916;154 659 806;A01;1;15;0;2;4;15;1;
71658;202000046917;154 659 807;B01;1;7;0;2;7;1;1;
71659;202000046917;154 659 808;A01;1;7;0;2;4;1;1;
71660;202000046918;154 659 824;A01;2;7;0;1;1;1;1;
71661;202000046919;154 659 815;A01;3;7;0;1;1;1;1;
71662;202000046920;154 659 825;A01;1;7;0;1;2;1;1;
71663;202000046921;154 659 811;A01;1;33;3;0;7;1;1;
71664;202000046922;154 659 798;C01;2;14;0;2;4;23;1;
71665;202000046922;154 659 801;A01;1;14;0;2;1;2;1;
71666;202000046922;154 659 803;B01;2;7;0;2;4;23;1;
71667;202000046923;154 659 797;C01;1;17;0;0;4;2;1;
71668;202000046923;154 659 799;D01;1;7;0;2;1;2;1;
71669;202000046923;154 659 800;B01;1;7;3;0;1;1;1;
71670;202000046923;154 659 802;A01;1;17;0;0;5;2;1;
71671;202000046924;154 659 793;A01;1;37;3;0;2;1;1;1.0
71672;202000046925;154 659 792;A01;1;1;0;2;2;26;5;
71673;202000046925;154 659 794;B01;2;10;0;2;3;1;1;
71674;202000046926;154 659 790;B01;1;14;0;0;1;1;0;
71675;202000046926;154 659 791;A01;1;7;3;0;7;17;6;
71676;202000046927;154 659 789;A01;2;7;6;0;1;16;1;
71677;202000046929;154 659 784;A01;1;1;0;0;7;1;5;
71678;202000046930;154 659 783;A01;0;33;8;0;0;16;1;
71679;202000046931;154 659 774;A01;2;33;0;2;1;1;1;
71680;202000046931;154 659 777;D01;2;7;0;2;6;1;1;
71681;202000046931;154 659 780;B01;2;7;0;2;5;2;1;
71682;202000046931;154 659 782;C01;2;33;0;2;0;2;1;
71683;202000046932;154 659 785;A01;2;7;1;0;2;21;1;
71684;202000046933;154 659 775;A01;3;33;0;2;1;1;1;
71685;202000046933;154 659 779;B01;3;7;0;2;2;1;1;
71686;202000046934;154 659 773;B01;3;10;0;2;8;1;1;
71687;202000046934;154 659 776;A01;1;7;0;2;1;13;1;
71688;202000046935;154 659 778;B01;1;7;0;2;8;16;1;
71689;202000046935;154 659 781;A01;1;33;0;2;1;1;1;
71690;202000046936;154 659 786;B01;1;7;0;2;4;2;1;
71691;202000046936;154 659 795;C01;1;7;0;2;4;2;1;
71692;202000046936;154 659 796;A01;1;7;0;2;1;2;1;
71693;202000046937;154 659 772;A01;0;7;0;1;3;26;1;
71694;202000046939;154 659 767;D01;2;7;0;2;4;2;1;
71695;202000046939;154 659 769;C01;2;10;0;2;4;2;1;
71696;202000046939;154 659 770;B01;2;7;0;2;4;2;1;
71697;202000046939;154 659 771;A01;2;10;0;2;1;2;1;
71698;202000046940;154 659 760;B01;1;7;0;2;3;15;1;
71699;202000046940;154 659 762;A01;1;30;0;2;2;17;1;
71700;202000046941;154 659 757;A01;2;7;13;0;9;1;1;
71701;202000046942;154 659 759;A01;2;30;1;0;7;14;1;
71702;202000046943;154 659 763;A01;2;2;0;0;1;1;1;
71703;202000046944;154 659 764;A01;3;2;0;2;1;1;1;
71704;202000046944;154 659 766;B01;3;10;0;2;4;4;1;
71705;202000046945;154 659 765;A01;3;1;12;0;0;14;5;
71706;202000046946;154 659 746;B01;1;7;0;2;7;2;1;
71707;202000046946;154 659 756;A01;1;7;0;2;1;1;1;
71708;202000046947;154 659 745;A01;3;2;16;0;0;26;1;
71709;202000046947;154 659 747;B01;0;2;1;0;1;2;1;
71710;202000046949;154 659 751;A01;1;7;3;0;9;1;1;
71711;202000046951;154 659 739;B01;1;1;0;2;7;0;5;
71712;202000046951;154 659 740;A01;1;7;0;9;1;9;1;
71713;202000046952;154 659 737;A01;2;33;0;2;2;2;1;
71714;202000046952;154 659 738;B01;2;7;0;2;6;2;1;
71715;202000046953;154 659 735;A01;1;7;0;9;2;22;1;
71716;202000046953;154 659 736;B01;1;1;1;2;2;21;0;
71717;202000046954;154 659 733;A01;2;7;6;0;8;14;1;
71718;202000046955;154 659 734;A01;1;7;6;0;1;13;1;
71719;202000046956;154 659 748;A01;2;7;0;1;1;1;1;
71720;202000046957;154 659 728;B01;1;7;0;2;4;15;0;
71721;202000046957;154 659 731;A01;1;2;0;2;1;2;0;
71722;202000046958;154 659 750;A01;1;2;0;0;7;1;1;
71723;202000046959;154 659 727;A01;1;31;0;0;2;1;1;
71724;202000046960;154 659 724;A01;1;7;0;2;1;2;1;
71725;202000046960;154 659 726;B01;1;7;0;2;4;2;1;
71726;202000046961;154 659 723;B01;1;7;0;2;2;17;0;
71727;202000046961;154 659 725;A01;1;7;0;2;3;15;0;
71728;202000046962;154 659 721;B01;2;33;0;0;1;1;1;
71729;202000046962;154 659 722;A01;2;7;0;0;3;9;1;
71730;202000046963;154 659 742;A01;3;1;0;9;0;1;5;
71731;202000046964;154 659 729;A01;1;7;3;0;1;26;1;
71732;202000046966;154 659 744;A01;1;30;0;9;2;1;1;
71733;202000046967;154 659 718;A01;1;7;14;1;1;1;1;
71734;202000046968;154 659 717;A01;1;2;0;0;0;1;1;
71735;202000046969;154 659 719;B01;1;7;0;2;4;1;1;
71736;202000046969;154 659 720;A01;1;7;0;2;1;1;1;
71737;202000046970;154 659 710;A01;1;7;0;0;9;13;4;
71738;202000046971;154 659 709;B01;3;7;0;2;3;0;0;
71739;202000046971;154 659 716;A01;3;7;0;1;1;0;0;
71740;202000046972;154 659 707;Z01;0;7;0;2;3;0;0;
71741;202000046972;154 659 708;B01;0;30;0;2;1;1;0;
71742;202000046973;154 659 705;C01;2;7;0;2;3;1;0;
71743;202000046973;154 659 711;B01;1;33;0;2;7;17;0;
71744;202000046973;154 659 713;A01;1;33;0;2;6;17;0;
71745;202000046974;154 659 704;A01;2;7;0;2;1;5;1;
71746;202000046974;154 659 715;B01;1;7;0;0;7;1;1;
71747;202000046975;154 659 702;A01;3;7;0;1;1;16;1;
71748;202000046976;154 659 703;A01;0;7;7;2;1;2;1;
71749;202000046976;154 659 712;B01;0;10;0;2;0;0;0;
71750;202000046977;154 659 701;B01;1;7;0;2;3;1;1;
71751;202000046977;154 659 714;A01;2;7;0;2;3;13;1;
71752;202000046978;154 659 698;C01;2;7;0;2;2;1;1;
71753;202000046978;154 659 699;A01;2;7;0;2;1;13;1;
71754;202000046978;154 659 700;B01;1;7;0;2;1;1;1;
71755;202000046979;154 659 697;A01;1;7;0;2;1;15;1;
71756;202000046979;154 659 706;B01;2;2;0;2;1;1;1;
71757;202000046980;154 659 688;B01;1;33;1;2;0;0;0;
71758;202000046980;154 659 691;A01;1;7;0;2;0;15;0;
71759;202000046981;154 659 689;A01;2;7;0;2;1;2;1;
71760;202000046981;154 659 693;B01;2;7;0;2;4;1;1;
71761;202000046982;154 659 690;A01;2;7;0;2;7;1;1;
71762;202000046982;154 659 694;B01;1;7;0;2;2;1;1;
71763;202000046983;154 659 696;A01;2;2;1;0;0;1;1;
71764;202000046984;154 659 687;A01;1;7;1;0;1;0;1;
71765;202000046984;154 659 692;B01;3;7;0;2;0;0;1;
71766;202000046986;154 659 682;A01;2;7;0;1;2;0;1;
71767;202000046987;154 659 681;A01;1;7;0;2;2;0;0;
71768;202000046987;154 659 683;B01;2;2;0;2;1;0;0;
71769;202000046989;154 659 678;A01;1;7;0;2;3;13;0;
71770;202000046989;154 659 679;B01;2;33;0;2;8;1;0;
71771;202000046990;154 659 676;A01;1;10;13;0;3;1;1;
71772;202000046991;154 659 675;B01;2;34;0;2;1;5;1;
71773;202000046991;154 659 677;A01;1;7;0;2;2;15;1;
71774;202000046992;154 659 672;A01;3;7;1;0;5;1;1;
71775;202000046993;154 659 673;B01;2;1;0;0;4;1;5;
71776;202000046993;154 659 674;A01;2;7;0;2;2;17;1;
71777;202000046994;154 659 671;A01;3;30;0;1;1;1;1;
71778;202000046995;154 659 668;A01;1;10;0;1;4;1;1;
71779;202000046996;154 659 669;A01;2;34;0;2;1;5;1;
71780;202000046996;154 659 686;B01;1;7;0;2;3;1;0;
71781;202000046997;154 659 670;A01;1;7;6;2;1;13;1;
71782;202000046998;154 659 665;A01;1;7;0;1;3;1;1;
71783;202000046999;154 659 662;Z01;1;7;0;2;7;26;0;
71784;202000046999;154 659 663;A01;2;31;0;2;1;1;1;
71785;202000047000;154 659 667;A01;3;7;0;2;1;19;1;
71786;202000047000;154 659 695;B01;3;7;0;2;8;9;1;
71787;202000047001;154 659 659;A01;2;3;0;2;1;1;1;
71788;202000047001;154 659 660;B01;1;7;0;2;4;1;1;
71789;202000047003;154 659 655;A01;0;32;12;0;1;26;1;
71790;202000047004;154 659 656;A01;1;30;0;2;1;15;1;
71791;202000047004;154 659 658;B01;3;7;0;2;7;1;1;
71792;202000047005;154 659 651;A01;3;30;0;2;1;1;1;
71793;202000047005;154 659 657;B01;-1;0;-1;-1;-1;-1;-1;
71794;202000047006;154 659 648;B01;2;7;0;2;8;1;1;
71795;202000047006;154 659 649;A01;2;7;4;2;8;2;1;
71796;202000047008;154 659 645;A01;1;7;0;2;1;1;1;
71797;202000047008;154 659 647;B01;1;7;0;2;4;1;1;
71798;202000047009;154 659 641;A01;1;30;0;2;8;2;1;
71799;202000047009;154 659 644;B01;1;31;0;2;7;2;1;
71800;202000047010;154 659 642;A01;2;7;0;2;1;1;1;
71801;202000047010;154 659 646;B01;2;7;0;2;4;1;1;
71802;202000047011;154 659 635;B01;1;1;0;2;8;1;5;
71803;202000047011;154 659 637;A01;3;7;0;2;1;16;1;
71804;202000047012;154 659 654;A01;3;7;6;0;1;19;3;
71805;202000047013;154 659 653;A01;2;10;0;1;2;1;1;
71806;202000047014;154 659 638;A01;3;7;0;1;3;16;0;
71807;202000047015;154 659 639;A01;0;2;11;0;1;1;1;
71808;202000047016;154 659 650;A01;2;7;0;2;1;13;1;
71809;202000047016;154 659 664;B01;1;7;5;2;3;1;1;
71810;202000047017;154 659 636;B01;1;10;0;2;1;2;1;
71811;202000047017;154 659 640;A01;1;10;0;2;4;2;1;
71812;202000047018;154 659 634;A01;2;7;0;1;3;1;1;
71813;202000047019;154 659 625;B01;1;7;0;2;8;0;1;
71814;202000047019;154 659 630;A01;1;33;0;2;7;3;1;
71815;202000047020;154 659 626;A01;2;33;5;0;2;14;1;
71816;202000047021;154 659 627;B01;1;38;0;2;5;16;1;2.0
71817;202000047021;154 659 632;A01;3;10;0;2;3;9;1;
71818;202000047022;154 659 629;B01;1;7;0;2;6;9;1;
71819;202000047022;154 659 633;A01;1;13;0;2;6;14;1;
71820;202000047023;154 659 628;A01;2;7;0;0;1;0;1;
71821;202000047024;154 659 624;A01;0;32;0;2;1;15;1;
71822;202000047024;154 659 631;B01;0;7;0;2;8;1;1;
71823;202000047025;154 659 618;A01;3;7;1;0;2;14;1;
71824;202000047025;154 659 621;B01;3;17;1;0;6;24;1;
71825;202000047027;154 659 614;A01;1;10;0;1;1;1;1;
71826;202000047028;154 659 613;C01;2;7;0;2;4;0;1;
71827;202000047028;154 659 615;A01;2;7;0;2;8;9;1;
71828;202000047028;154 659 616;B01;2;1;0;2;4;1;0;
71829;202000047029;154 659 611;A01;1;7;0;2;3;10;1;
71830;202000047029;154 659 612;B01;3;30;0;2;1;1;1;
71831;202000047030;154 659 606;A01;1;7;0;2;3;18;1;
71832;202000047030;154 659 609;B01;1;33;0;2;5;16;1;
71833;202000047031;154 659 605;A01;1;13;0;2;5;1;1;
71834;202000047031;154 659 608;C01;1;37;0;2;6;23;1;1.0
71835;202000047031;154 659 610;B01;1;1;0;2;9;13;5;
71836;202000047032;154 659 604;A01;3;7;0;9;3;26;1;
71837;202000047032;154 659 622;B01;3;1;0;2;2;19;5;
71838;202000047033;154 659 600;A01;3;7;2;0;3;0;1;
71839;202000047034;154 659 599;A01;3;7;0;1;0;0;1;
71840;202000047036;154 659 603;B01;2;7;0;2;1;1;1;
71841;202000047036;154 659 623;A01;2;10;0;2;4;1;1;
71842;202000047037;154 659 602;A01;2;7;0;2;1;1;1;
71843;202000047037;154 659 619;B01;2;7;0;2;4;23;1;
71844;202000047038;154 659 601;A01;1;7;0;2;1;1;1;
71845;202000047038;154 659 607;B01;2;7;0;2;1;23;1;
71846;202000047039;154 659 588;A01;2;10;6;0;1;1;1;
71847;202000047040;154 659 587;B01;2;7;0;2;1;1;1;
71848;202000047040;154 659 593;A01;1;7;0;2;1;13;1;
71849;202000047042;154 659 589;B01;1;7;0;2;4;1;1;
71850;202000047042;154 659 594;A01;1;15;0;2;1;2;1;
71851;202000047043;154 659 590;B01;2;7;0;2;6;1;1;
71852;202000047043;154 659 595;A01;2;15;0;2;2;12;1;
71853;202000047044;154 659 592;A01;1;10;0;1;1;1;1;
71854;202000047046;154 659 579;A01;2;7;0;2;1;2;1;
71855;202000047046;154 659 580;B01;2;7;0;2;4;23;1;
71856;202000047047;154 659 576;A01;2;30;4;0;7;16;1;
71857;202000047048;154 659 575;A01;2;1;0;2;8;1;5;
71858;202000047048;154 659 578;B01;1;7;0;2;1;1;1;
71859;202000047049;154 659 591;A01;1;33;7;0;7;1;1;
71860;202000047050;154 659 572;B01;2;33;0;2;1;1;1;
71861;202000047050;154 659 573;C01;2;7;0;2;4;1;1;
71862;202000047051;154 659 584;A01;1;10;3;0;3;9;1;
71863;202000047052;154 659 581;A01;0;30;0;2;5;2;1;
71864;202000047052;154 659 582;Z01;0;7;0;2;5;20;0;
71865;202000047053;154 659 570;A01;0;31;0;9;1;13;1;
71866;202000047054;154 659 567;A01;1;7;0;2;1;1;1;
71867;202000047054;154 659 568;B01;1;7;0;2;6;9;1;
71868;202000047054;154 659 569;C01;1;15;0;2;5;1;0;
71869;202000047055;154 659 585;A01;1;7;0;0;0;9;1;
71870;202000047057;154 659 566;Z01;1;14;0;2;1;22;1;
71871;202000047057;154 659 571;A01;1;1;0;2;0;1;5;
71872;202000047058;154 659 565;A01;3;15;0;1;2;26;1;
71873;202000047059;154 659 557;A01;1;7;1;0;9;1;1;
71874;202000047059;154 659 559;C01;1;7;1;0;0;0;1;
71875;202000047059;154 659 561;B01;1;7;1;0;6;0;2;
71876;202000047061;154 659 560;B01;2;15;0;2;4;0;1;
71877;202000047061;154 659 562;A01;2;15;0;2;1;1;1;
71878;202000047062;154 659 552;A01;1;7;12;0;9;26;1;
71879;202000047063;154 659 563;A01;2;33;0;0;1;1;1;
71880;202000047064;154 659 564;A01;2;7;2;0;1;1;1;
71881;202000047065;154 659 554;A01;2;7;3;0;1;13;1;
71882;202000047067;154 659 551;A01;2;33;0;0;8;16;1;
71883;202000047068;154 659 545;A01;0;31;0;0;0;21;1;
71884;202000047069;154 659 549;A01;3;1;0;0;0;1;5;
71885;202000047070;154 659 546;A01;0;7;0;2;2;15;1;
71886;202000047070;154 659 550;B01;0;32;0;2;1;1;1;
71887;202000047071;154 659 547;A01;2;7;0;0;9;1;1;
71888;202000047072;154 659 541;A01;2;7;4;0;1;1;1;
71889;202000047074;154 659 538;A01;2;7;8;0;3;1;1;
71890;202000047075;154 659 536;A01;1;7;13;0;1;1;1;
71891;202000047076;154 659 535;A01;2;7;3;2;2;1;1;
71892;202000047076;154 659 537;B01;2;17;0;2;6;2;1;
71893;202000047077;154 659 532;B01;1;7;0;2;3;9;1;
71894;202000047077;154 659 534;A01;3;7;15;2;2;12;1;
71895;202000047078;154 659 542;A01;1;33;0;2;8;3;1;
71896;202000047078;154 659 543;Z01;2;7;0;2;0;1;0;
71897;202000047079;154 659 544;B01;1;1;0;2;1;1;6;
71898;202000047079;154 659 548;A01;1;7;0;2;2;16;1;
71899;202000047080;154 659 528;A01;1;33;5;0;3;2;1;
71900;202000047081;154 659 526;B01;1;31;0;2;1;1;1;
71901;202000047081;154 659 527;A01;1;10;0;2;6;10;1;
71902;202000047082;154 659 524;A01;0;7;0;1;3;1;1;
71903;202000047083;154 659 525;A01;2;30;0;0;0;1;1;
71904;202000047086;154 659 519;A01;3;7;0;2;2;21;1;
71905;202000047086;154 659 522;B01;0;50;0;2;4;11;3;
71906;202000047088;154 659 529;B01;3;7;0;2;1;1;1;
71907;202000047088;154 659 533;A01;3;7;0;2;1;1;1;
71908;202000047089;154 659 530;A01;2;7;4;0;1;14;1;
71909;202000047090;154 659 515;A01;1;50;0;2;4;23;3;
71910;202000047090;154 659 518;Z01;1;1;0;2;0;2;5;
71911;202000047091;154 659 531;A01;1;7;2;0;7;0;1;
71912;202000047092;154 659 510;B01;1;7;0;2;1;1;1;
71913;202000047092;154 659 511;A01;1;7;4;2;4;2;1;
71914;202000047093;154 659 508;A01;1;7;3;0;1;9;1;
71915;202000047094;154 659 509;Z01;1;7;0;1;0;16;1;
71916;202000047095;154 659 502;A01;2;33;0;2;2;26;1;
71917;202000047095;154 659 513;B01;2;7;0;0;5;1;1;
71918;202000047097;154 659 504;A01;0;7;0;2;1;13;1;
71919;202000047097;154 659 512;B01;0;7;0;2;1;1;1;
71920;202000047098;154 659 506;A01;1;10;0;1;7;15;1;
71921;202000047100;154 659 495;A01;2;33;3;0;1;1;1;
71922;202000047101;154 659 501;A01;1;1;0;1;7;1;5;
71923;202000047102;154 659 494;A01;1;30;12;0;1;14;1;
71924;202000047103;154 659 493;A01;1;7;2;0;3;0;1;
71925;202000047104;154 659 496;A01;2;7;1;0;7;1;1;
71926;202000047105;154 659 497;D01;1;33;0;2;4;2;1;
71927;202000047105;154 659 499;A01;1;7;0;2;1;2;1;
71928;202000047105;154 659 500;C01;1;7;0;2;4;2;1;
71929;202000047105;154 659 507;B01;1;7;0;2;4;2;1;
71930;202000047106;154 659 492;A01;3;7;0;1;1;1;1;
71931;202000047108;154 659 485;B01;1;7;0;2;8;1;1;
71932;202000047108;154 659 487;A01;2;7;0;2;3;5;1;
71933;202000047109;154 659 478;B01;1;7;0;2;1;17;1;
71934;202000047109;154 659 490;A01;2;7;0;2;1;1;1;
71935;202000047110;154 659 475;A01;2;7;1;0;2;0;0;
71936;202000047111;154 659 489;B01;3;10;0;2;4;26;1;
71937;202000047111;154 659 491;A01;3;10;0;2;1;26;1;
71938;202000047112;154 659 477;A01;1;32;0;2;1;2;1;
71939;202000047112;154 659 479;B01;1;7;0;2;4;2;1;
71940;202000047113;154 659 481;A01;2;7;0;2;1;13;1;
71941;202000047113;154 659 484;B01;1;7;0;2;1;1;1;
71942;202000047114;154 659 480;A01;1;7;3;0;8;13;1;
71943;202000047115;154 659 474;A01;1;1;0;2;1;13;5;
71944;202000047115;154 659 476;B01;2;1;0;2;1;1;5;
71945;202000047118;154 659 470;B01;3;1;0;2;1;1;0;
71946;202000047118;154 659 473;A01;3;7;0;9;3;15;1;
71947;202000047119;154 659 464;C01;2;7;3;2;4;1;1;
71948;202000047119;154 659 467;B01;2;7;0;2;3;1;1;
71949;202000047119;154 659 468;A01;2;7;0;2;2;14;1;
71950;202000047120;154 659 465;A01;1;7;0;2;3;13;1;
71951;202000047120;154 659 466;B01;2;7;0;2;1;1;1;
71952;202000047120;154 659 472;C01;2;7;0;2;2;2;1;
71953;202000047121;154 659 462;A01;1;32;0;2;3;17;1;
71954;202000047121;154 659 463;B01;1;7;0;2;8;1;1;
71955;202000047123;154 659 452;A01;2;2;7;0;7;16;1;
71956;202000047124;154 659 450;B01;2;37;0;2;2;17;2;1.0
71957;202000047124;154 659 457;A01;2;1;0;2;3;13;5;
71958;202000047125;154 659 449;B01;1;7;0;2;1;1;4;
71959;202000047125;154 659 451;Z01;2;7;0;2;1;10;4;
71960;202000047126;154 659 447;A01;2;7;0;2;3;19;0;
71961;202000047126;154 659 448;B01;2;7;0;2;1;1;0;
71962;202000047127;154 659 445;A01;1;33;0;1;0;1;1;
71963;202000047128;154 659 442;A01;3;7;0;2;7;2;0;
71964;202000047128;154 659 443;B01;1;1;0;2;8;2;5;
71965;202000047129;154 659 439;C01;2;7;0;2;4;2;0;
71966;202000047129;154 659 440;B01;2;7;0;2;5;23;0;
71967;202000047129;154 659 441;A01;2;7;14;0;1;2;0;
71968;202000047130;154 659 438;A01;1;7;0;1;2;1;1;
71969;202000047131;154 659 456;A01;1;7;0;2;3;9;1;
71970;202000047131;154 659 469;B01;2;50;0;2;0;1;3;
71971;202000047132;154 659 455;A01;1;7;0;0;3;1;1;
71972;202000047132;154 659 460;B01;1;1;0;0;4;1;5;
71973;202000047133;154 659 454;B01;2;7;14;1;1;1;1;
71974;202000047133;154 659 461;A01;2;7;0;2;4;23;1;
71975;202000047134;154 659 453;A01;1;7;0;0;8;1;1;
71976;202000047135;154 659 436;A01;2;33;0;0;7;1;1;
71977;202000047136;154 659 444;A01;2;2;12;0;7;17;1;
71978;202000047136;154 659 446;B01;2;10;0;0;0;23;1;
71979;202000047137;154 659 432;A01;1;10;0;2;1;14;1;
71980;202000047137;154 659 433;B01;1;7;0;2;1;1;2;
71981;202000047138;154 659 431;A01;1;7;0;2;1;1;1;
71982;202000047138;154 659 435;B01;1;7;0;2;4;1;1;
71983;202000047139;154 659 426;A01;2;7;0;0;1;26;1;
71984;202000047140;154 659 425;A01;2;7;0;2;6;1;1;
71985;202000047140;154 659 437;Z01;1;7;0;2;1;1;1;
71986;202000047141;154 659 424;A01;1;33;9;0;8;12;1;
71987;202000047143;154 659 429;A01;2;14;0;0;2;14;1;
71988;202000047144;154 659 428;A01;1;7;2;0;9;1;1;
71989;202000047145;154 659 430;B01;1;30;0;2;0;1;1;
71990;202000047145;154 659 434;A01;1;7;0;2;0;15;1;
71991;202000047146;154 659 419;A01;1;7;7;0;5;1;1;
71992;202000047147;154 659 415;E01;2;7;0;2;4;2;1;
71993;202000047147;154 659 416;A01;2;10;0;2;1;2;1;
71994;202000047147;154 659 417;B01;2;7;0;2;4;2;1;
71995;202000047147;154 659 418;C01;2;7;0;2;4;2;1;
71996;202000047147;154 659 420;D01;2;7;0;2;4;2;1;
71997;202000047147;154 659 421;F01;2;7;0;2;4;2;1;
71998;202000047148;154 659 423;A01;3;7;0;1;7;1;1;
71999;202000047149;154 659 414;A01;1;7;15;0;3;21;1;
72000;202000047150;154 659 411;B01;2;10;0;2;6;11;1;
72001;202000047150;154 659 413;A01;2;33;0;2;1;3;1;
72002;202000047151;154 659 409;A01;2;31;0;0;8;1;1;
72003;202000047152;154 659 410;A01;3;14;0;2;2;14;1;
72004;202000047152;154 659 412;B01;3;7;0;2;8;1;1;
72005;202000047153;154 659 406;A01;1;10;0;2;8;17;1;
72006;202000047153;154 659 422;B01;1;10;0;2;2;1;1;
72007;202000047154;154 659 405;A01;2;2;0;0;0;1;1;
72008;202000047155;154 659 404;B01;1;2;0;2;2;1;1;
72009;202000047155;154 659 408;A01;2;7;0;2;2;10;1;
72010;202000047156;154 659 403;A01;0;40;0;1;1;1;3;
72011;202000047157;154 659 400;B01;2;7;0;2;3;1;1;
72012;202000047157;154 659 407;A01;2;7;0;2;2;1;1;
72013;202000047158;154 659 398;A01;3;7;0;2;1;1;1;
72014;202000047158;154 659 399;B01;3;7;0;2;4;1;1;
72015;202000047159;154 659 392;B01;1;1;0;2;0;17;5;
72016;202000047159;154 659 401;A01;1;7;0;2;8;22;1;
72017;202000047160;154 659 396;A01;1;7;0;2;2;1;1;
72018;202000047160;154 659 397;B01;2;7;0;2;7;0;1;
72019;202000047161;154 659 393;A01;1;7;0;1;4;4;0;
72020;202000047162;154 659 394;A01;0;7;0;2;5;17;1;
72021;202000047162;154 659 402;B01;0;21;0;2;3;2;1;
72022;202000047163;154 659 395;A01;1;7;0;2;9;26;1;
72023;202000047164;154 659 386;A01;1;7;0;2;9;1;1;
72024;202000047164;154 659 391;B01;2;7;0;2;1;1;1;
72025;202000047165;154 659 387;A01;1;50;0;2;7;19;3;
72026;202000047165;154 659 390;Z01;1;32;0;2;1;1;1;
72027;202000047166;154 659 385;C01;2;14;0;9;6;1;0;
72028;202000047166;154 659 388;B01;2;7;0;2;4;1;1;
72029;202000047166;154 659 389;A01;2;31;0;2;1;1;1;
72030;202000047167;154 659 376;B01;1;7;0;2;2;16;1;
72031;202000047167;154 659 377;A01;1;30;0;2;1;1;1;
72032;202000047168;154 659 375;A01;3;7;0;1;1;1;1;
72033;202000047169;154 659 373;A01;1;7;0;0;6;23;0;
72034;202000047169;154 659 374;B01;1;7;0;2;2;2;0;
72035;202000047170;154 659 370;A01;1;7;0;2;1;2;1;
72036;202000047170;154 659 371;B01;1;10;0;2;4;2;1;
72037;202000047170;154 659 372;C01;1;7;0;2;0;2;1;
72038;202000047171;154 659 367;B01;3;7;1;0;6;26;1;
72039;202000047171;154 659 368;A01;3;7;1;0;7;14;1;
72040;202000047172;154 659 366;A01;2;7;1;0;1;1;1;
72041;202000047173;154 659 379;Z01;2;17;0;2;0;0;0;
72042;202000047173;154 659 380;B01;1;7;14;0;2;1;1;
72043;202000047173;154 659 382;A01;1;7;0;2;0;0;1;
72044;202000047174;154 659 383;A01;1;30;0;2;7;17;1;
72045;202000047174;154 659 384;B01;2;10;0;2;8;15;1;
72046;202000047175;154 659 369;A01;1;7;1;0;4;9;1;
72047;202000047176;154 659 364;A01;1;33;0;2;2;17;1;
72048;202000047176;154 659 365;B01;1;7;0;2;3;15;1;
72049;202000047177;154 659 362;B01;2;31;0;2;1;13;0;
72050;202000047177;154 659 363;A01;1;7;0;2;2;15;0;
72051;202000047178;154 659 359;Z01;3;7;14;0;3;1;1;
72052;202000047179;154 659 354;A01;0;7;0;9;2;9;1;
72053;202000047179;154 659 378;B01;0;1;0;2;3;1;5;
72054;202000047180;154 659 348;C01;1;7;0;2;1;0;1;
72055;202000047180;154 659 356;B01;1;7;0;2;4;26;1;
72056;202000047180;154 659 358;A01;1;7;0;0;0;0;0;
72057;202000047181;154 659 346;A01;3;1;0;2;1;1;5;
72058;202000047181;154 659 347;B01;3;1;0;2;1;1;5;
72059;202000047182;154 659 343;A01;1;7;0;2;1;1;1;
72060;202000047182;154 659 344;B01;1;7;0;2;4;23;1;
72061;202000047182;154 659 345;C01;1;7;0;2;4;16;1;
72062;202000047183;154 659 342;A01;1;7;0;1;2;15;1;
72063;202000047184;154 659 340;Y01;1;1;0;2;3;1;5;
72064;202000047184;154 659 341;A01;1;7;0;9;2;15;1;
72065;202000047185;154 659 338;B01;1;10;0;2;1;1;1;
72066;202000047185;154 659 339;A01;1;10;0;2;1;5;1;
72067;202000047186;154 659 351;A01;2;7;0;2;2;1;1;
72068;202000047186;154 659 361;B01;2;7;0;2;8;9;1;
72069;202000047187;154 659 349;A01;2;7;1;1;1;1;1;
72070;202000047189;154 659 355;A01;1;7;0;2;1;1;1;
72071;202000047189;154 659 360;B01;1;7;0;0;4;23;1;
72072;202000047190;154 659 336;A01;2;7;0;2;6;26;1;
72073;202000047190;154 659 337;B01;1;33;0;2;1;26;1;
72074;202000047191;154 659 329;B01;2;7;0;2;1;1;1;
72075;202000047191;154 659 330;A01;1;7;0;2;7;15;1;
72076;202000047192;154 659 327;A01;2;7;0;1;2;1;1;
72077;202000047193;154 659 325;A01;2;7;0;2;1;1;1;
72078;202000047193;154 659 326;B01;2;1;0;2;4;1;5;
72079;202000047194;154 659 319;A01;1;37;0;2;5;17;2;1.0
72080;202000047194;154 659 332;B01;1;50;0;2;0;2;3;
72081;202000047195;154 659 318;A01;1;7;0;9;1;14;1;
72082;202000047195;154 659 335;B01;1;7;0;9;2;1;1;
72083;202000047196;154 659 317;A01;0;7;4;2;1;1;1;