;Num_Acc;id_vehicule;num_veh;senc;catv;obs;obsm;choc;manv;motor;occutc
72084;202000047196;154 659 324;B01;0;14;0;2;3;1;1;
72085;202000047197;154 659 312;B01;1;32;0;2;8;15;1;
72086;202000047197;154 659 315;A01;1;7;0;2;2;1;1;
72087;202000047198;154 659 311;B01;2;7;0;2;4;2;1;
72088;202000047198;154 659 316;A01;2;14;0;2;1;2;1;
72089;202000047199;154 659 323;B01;1;31;0;2;3;1;0;
72090;202000047199;154 659 331;A01;1;7;9;0;2;19;0;
72091;202000047200;154 659 322;B01;1;33;0;2;1;1;1;
72092;202000047200;154 659 328;A01;2;50;0;2;8;1;3;
72093;202000047201;154 659 320;B01;1;10;0;2;1;1;1;
72094;202000047201;154 659 333;C01;1;10;0;2;1;1;1;
72095;202000047201;154 659 334;A01;2;7;0;2;2;13;1;
72096;202000047202;154 659 305;A01;2;7;0;2;1;1;1;
72097;202000047202;154 659 309;B01;2;1;0;2;7;1;5;
72098;202000047203;154 659 306;A01;1;7;2;0;2;1;1;
72099;202000047204;154 659 297;A01;1;1;0;1;1;1;5;
72100;202000047205;154 659 298;B01;3;33;0;2;1;1;1;
72101;202000047205;154 659 300;A01;3;7;0;2;5;12;1;
72102;202000047206;154 659 304;A01;1;7;0;1;1;1;3;
72103;202000047207;154 659 303;B01;1;2;0;2;1;1;1;
72104;202000047207;154 659 307;A01;2;7;0;2;7;15;1;
72105;202000047208;154 659 302;A01;3;7;0;1;6;26;1;
72106;202000047209;154 659 292;D01;1;33;0;2;4;23;1;
72107;202000047209;154 659 293;C01;1;34;0;2;7;23;1;
72108;202000047209;154 659 294;B01;1;7;0;2;9;23;1;
72109;202000047209;154 659 295;A01;1;7;0;2;1;1;1;
72110;202000047210;154 659 301;B01;2;7;0;2;1;13;1;
72111;202000047210;154 659 308;A01;1;7;0;2;1;1;1;
72112;202000047211;154 659 296;A01;1;7;0;0;3;13;1;
72113;202000047211;154 659 299;B01;2;7;0;0;3;1;1;
72114;202000047212;154 659 289;A01;1;7;0;2;3;10;1;
72115;202000047212;154 659 291;B01;1;32;0;2;2;2;1;
72116;202000047213;154 659 287;C01;1;7;0;2;7;1;1;
72117;202000047213;154 659 288;B01;1;7;0;2;4;2;1;
72118;202000047213;154 659 290;A01;1;7;5;2;2;2;1;
72119;202000047214;154 659 286;A01;1;7;2;0;1;26;1;
72120;202000047215;154 659 284;A01;2;30;8;0;2;14;1;
72121;202000047216;154 659 280;A01;1;30;0;9;0;0;1;
72122;202000047217;154 659 279;A01;1;33;13;0;1;13;1;
72123;202000047218;154 659 278;A01;1;30;0;0;7;26;1;
72124;202000047219;154 659 276;A01;0;1;0;2;1;15;5;
72125;202000047219;154 659 277;B01;0;7;0;2;3;1;1;
72126;202000047222;154 659 283;A01;0;36;14;0;2;1;1;
72127;202000047223;154 659 282;A01;1;30;0;0;7;21;1;
72128;202000047224;154 659 272;A01;2;7;0;1;0;1;1;
72129;202000047225;154 659 273;B01;2;37;0;2;5;2;1;1.0
72130;202000047225;154 659 274;A01;2;50;0;2;1;9;3;
72131;202000047226;154 659 265;B01;1;7;0;2;3;15;1;
72132;202000047226;154 659 267;A01;1;2;0;2;1;17;1;
72133;202000047227;154 659 264;A01;0;7;0;2;1;0;1;
72134;202000047227;154 659 266;B01;0;7;0;2;4;0;1;
72135;202000047228;154 659 262;A01;2;7;0;1;3;1;1;
72136;202000047229;154 659 261;B01;0;1;1;0;2;1;5;
72137;202000047229;154 659 263;A01;3;7;0;9;3;22;0;
72138;202000047230;154 659 253;A01;1;7;0;2;1;1;1;
72139;202000047230;154 659 270;B01;1;7;0;2;4;1;1;
72140;202000047230;154 659 271;C01;1;7;0;2;4;1;1;
72141;202000047231;154 659 254;B01;1;7;1;0;4;2;1;
72142;202000047231;154 659 259;A01;1;7;0;2;1;2;1;
72143;202000047232;154 659 255;B01;2;30;0;2;1;18;1;
72144;202000047232;154 659 260;A01;2;7;0;2;2;16;1;
72145;202000047233;154 659 247;A01;1;15;0;2;1;19;1;
72146;202000047233;154 659 248;B01;1;7;4;2;8;1;1;
72147;202000047234;154 659 256;A01;3;33;0;1;0;1;1;
72148;202000047235;154 659 246;A01;2;32;0;1;1;1;1;
72149;202000047236;154 659 245;B01;1;33;0;2;1;1;1;
72150;202000047236;154 659 252;A01;2;10;0;2;2;15;0;
72151;202000047237;154 659 242;A01;2;10;0;2;8;10;1;
72152;202000047237;154 659 249;B01;2;33;0;2;8;21;1;
72153;202000047238;154 659 243;E01;1;7;0;2;4;2;1;
72154;202000047238;154 659 250;D01;1;10;0;2;1;2;1;
72155;202000047238;154 659 257;B01;1;7;0;2;1;2;1;
72156;202000047238;154 659 258;A01;1;7;0;2;1;2;1;
72157;202000047239;154 659 244;A01;3;32;12;0;2;26;1;
72158;202000047240;154 659 238;B01;2;7;0;9;2;1;1;
72159;202000047240;154 659 239;A01;1;30;0;2;1;13;1;
72160;202000047241;154 659 233;B01;1;7;0;2;4;2;1;
72161;202000047241;154 659 235;A01;1;7;0;2;1;2;1;
72162;202000047243;154 659 228;B01;2;1;0;2;1;19;5;
72163;202000047243;154 659 230;A01;1;7;0;2;2;1;1;
72164;202000047244;154 659 227;B01;0;7;0;2;4;2;1;
72165;202000047244;154 659 229;A01;0;2;0;2;1;2;1;
72166;202000047245;154 659 226;A01;3;7;8;0;1;13;1;
72167;202000047246;154 659 240;B01;2;7;0;2;1;15;1;
72168;202000047246;154 659 251;A01;1;1;0;2;8;17;5;
72169;202000047247;154 659 225;B01;3;7;0;2;1;9;1;
72170;202000047247;154 659 231;A01;3;7;0;2;3;9;1;
72171;202000047248;154 659 237;Z01;1;32;0;2;1;9;0;
72172;202000047248;154 659 241;Y01;1;1;0;2;1;9;0;
72173;202000047249;154 659 223;A01;3;33;0;2;2;12;1;
72174;202000047249;154 659 224;B01;0;7;0;2;6;0;1;
72175;202000047250;154 659 221;A01;2;7;3;0;1;21;1;
72176;202000047252;154 659 212;A01;1;7;13;0;9;1;1;
72177;202000047253;154 659 210;A01;2;7;0;1;3;1;1;
72178;202000047254;154 659 222;A01;0;33;0;0;8;1;1;
72179;202000047255;154 659 214;A01;1;7;0;2;3;15;1;
72180;202000047255;154 659 217;B01;1;32;0;2;2;1;1;
72181;202000047256;154 659 216;C01;1;33;0;2;1;21;1;
72182;202000047256;154 659 218;B01;1;7;0;2;4;21;6;
72183;202000047256;154 659 219;A01;2;10;0;2;2;9;1;
72184;202000047257;154 659 215;A01;1;99;0;1;2;9;1;
72185;202000047258;154 659 220;A01;2;7;0;-1;8;15;1;
72186;202000047258;154 659 236;B01;2;40;0;2;1;1;3;
72187;202000047259;154 659 209;A01;1;7;0;2;7;2;1;
72188;202000047259;154 659 211;B01;1;1;0;2;8;2;5;
72189;202000047260;154 659 208;A01;1;99;0;1;1;1;1;
72190;202000047261;154 659 200;B01;3;7;0;2;3;1;1;
72191;202000047261;154 659 206;A01;3;33;0;2;1;15;1;
72192;202000047262;154 659 199;A01;2;31;0;2;7;26;1;
72193;202000047262;154 659 202;B01;1;7;0;2;3;19;1;
72194;202000047264;154 659 196;B01;2;7;0;2;1;1;1;
72195;202000047264;154 659 197;A01;1;7;0;2;1;15;1;
72196;202000047266;154 659 192;B01;1;7;0;2;7;19;1;
72197;202000047266;154 659 194;A01;1;33;0;2;1;26;1;
72198;202000047267;154 659 190;A01;1;7;4;0;2;1;1;
72199;202000047268;154 659 189;B01;2;37;0;2;3;24;1;1.0
72200;202000047268;154 659 191;A01;1;33;0;1;2;1;1;
72201;202000047269;154 659 185;A01;1;33;0;2;1;3;1;
72202;202000047269;154 659 188;B01;1;7;0;0;6;11;1;
72203;202000047270;154 659 186;B01;2;7;0;2;1;1;0;
72204;202000047270;154 659 187;A01;2;2;0;2;4;1;1;
72205;202000047271;154 659 184;A01;1;31;0;0;0;17;1;
72206;202000047272;154 659 204;A01;2;32;0;2;7;16;1;
72207;202000047272;154 659 207;B01;2;10;0;2;8;1;1;
72208;202000047273;154 659 193;A01;2;7;15;0;3;1;0;
72209;202000047274;154 659 201;A01;1;7;0;1;3;15;1;
72210;202000047275;154 659 205;A01;2;50;12;0;0;26;3;
72211;202000047276;154 659 182;A01;1;7;3;2;1;13;1;
72212;202000047276;154 659 183;B01;2;7;0;2;1;21;1;
72213;202000047278;154 659 170;B01;1;7;0;2;5;0;1;
72214;202000047278;154 659 171;A01;1;7;0;2;2;1;1;
72215;202000047279;154 659 166;A01;1;7;5;0;9;13;1;
72216;202000047280;154 659 169;A01;2;30;0;2;1;1;1;
72217;202000047280;154 659 179;B01;1;7;0;2;6;15;1;
72218;202000047281;154 659 162;A01;0;33;0;2;2;16;1;
72219;202000047281;154 659 164;B01;0;7;0;2;6;1;1;
72220;202000047282;154 659 168;A01;1;10;0;2;1;2;1;
72221;202000047282;154 659 175;B01;1;7;0;2;4;15;1;
72222;202000047282;154 659 176;C01;2;7;0;2;1;1;1;
72223;202000047283;154 659 163;B01;3;7;0;2;8;1;1;
72224;202000047283;154 659 165;A01;3;7;0;2;1;1;1;
72225;202000047284;154 659 167;B01;2;7;0;2;3;1;1;
72226;202000047284;154 659 172;D01;2;7;0;2;2;21;1;
72227;202000047284;154 659 173;C01;2;7;0;2;2;1;1;
72228;202000047284;154 659 174;A01;2;15;0;2;2;12;1;
72229;202000047285;154 659 161;A01;1;7;2;0;1;0;1;
72230;202000047286;154 659 160;A01;2;7;0;0;9;1;1;
72231;202000047287;154 659 158;B01;1;31;0;2;1;3;1;
72232;202000047287;154 659 159;A01;1;7;0;2;7;12;1;
72233;202000047288;154 659 157;A01;3;7;2;0;9;1;1;
72234;202000047289;154 659 156;A01;2;7;0;1;0;13;0;
72235;202000047290;154 659 151;A01;1;30;0;0;7;1;1;
72236;202000047291;154 659 146;A01;2;2;6;0;1;1;1;
72237;202000047292;154 659 144;A01;1;33;0;0;8;23;1;
72238;202000047293;154 659 153;A01;1;7;3;0;8;1;1;
72239;202000047294;154 659 141;A01;1;7;0;2;3;15;1;
72240;202000047294;154 659 142;B01;2;7;0;2;1;1;1;
72241;202000047295;154 659 140;A01;2;7;2;0;7;1;1;
72242;202000047296;154 659 145;A01;2;7;9;0;1;13;1;
72243;202000047297;154 659 147;A01;2;7;0;2;8;9;1;
72244;202000047297;154 659 155;B01;2;33;0;2;8;9;1;
72245;202000047298;154 659 148;A01;1;7;0;2;7;15;1;
72246;202000047298;154 659 149;B01;2;7;0;2;1;1;1;
72247;202000047298;154 659 150;C01;2;7;0;2;1;1;1;
72248;202000047299;154 659 154;A01;1;80;0;9;1;21;3;
72249;202000047300;154 659 143;A01;3;7;6;0;2;1;0;
72250;202000047301;154 659 132;A01;3;7;0;2;1;1;1;
72251;202000047301;154 659 137;B01;3;7;0;2;4;1;1;
72252;202000047302;154 659 129;A01;2;7;0;2;1;1;1;
72253;202000047302;154 659 135;B01;1;30;0;2;7;11;1;
72254;202000047305;154 659 128;B01;1;2;0;2;1;21;1;
72255;202000047305;154 659 134;A01;2;7;0;2;1;15;1;
72256;202000047307;154 659 121;A01;2;33;10;0;7;14;1;
72257;202000047308;154 659 119;B01;1;7;0;2;2;14;1;
72258;202000047308;154 659 122;A01;1;33;0;2;2;14;1;
72259;202000047309;154 659 118;B01;1;32;0;2;1;1;1;
72260;202000047309;154 659 120;A01;2;7;0;2;5;15;1;
72261;202000047310;154 659 117;A01;1;43;10;0;2;1;1;
72262;202000047311;154 659 114;A01;2;33;0;2;2;17;1;
72263;202000047311;154 659 116;B01;2;7;0;2;3;1;1;
72264;202000047312;154 659 115;A01;1;31;0;1;1;1;1;
72265;202000047313;154 659 125;B01;3;7;0;2;4;19;1;
72266;202000047313;154 659 126;A01;1;7;0;2;1;1;1;
72267;202000047314;154 659 113;A01;1;33;13;0;1;1;1;
72268;202000047315;154 659 110;A01;1;7;0;2;2;2;6;
72269;202000047315;154 659 111;B01;0;60;0;2;0;19;5;
72270;202000047316;154 659 109;A01;1;7;0;2;7;19;1;
72271;202000047316;154 659 112;B01;2;7;0;2;1;1;1;
72272;202000047317;154 659 108;A01;1;7;16;0;9;21;1;
72273;202000047318;154 659 100;B01;1;7;0;2;3;1;1;
72274;202000047318;154 659 106;A01;2;7;0;2;3;17;1;
72275;202000047320;154 659 105;A01;3;31;0;2;0;1;1;
72276;202000047321;154 659 103;B01;3;34;0;2;8;1;1;
72277;202000047321;154 659 107;A01;3;7;0;2;7;12;1;
72278;202000047322;154 659 102;A01;1;7;2;0;9;1;1;
72279;202000047323;154 659 099;A01;2;7;3;0;2;1;1;
72280;202000047324;154 659 095;B01;2;7;0;2;4;23;1;
72281;202000047324;154 659 096;A01;2;30;0;2;1;2;1;
72282;202000047325;154 659 090;A01;2;7;2;0;7;1;1;
72283;202000047326;154 659 089;A01;1;7;0;1;0;1;0;
72284;202000047327;154 659 093;A01;0;7;0;1;2;1;3;
72285;202000047328;154 659 094;B01;3;7;0;2;3;16;1;
72286;202000047328;154 659 101;A01;2;30;0;2;2;1;1;
72287;202000047329;154 659 084;A01;2;7;3;0;1;0;1;
72288;202000047329;154 659 086;C01;2;7;0;2;1;2;1;
72289;202000047329;154 659 087;D01;2;10;3;0;2;21;1;
72290;202000047329;154 659 088;B01;2;7;0;2;1;2;1;
72291;202000047330;154 659 080;A01;1;7;0;2;7;16;1;
72292;202000047330;154 659 081;B01;1;1;0;2;1;1;5;
72293;202000047331;154 659 076;B01;1;7;0;2;4;1;1;
72294;202000047331;154 659 077;C01;1;7;0;0;4;23;1;
72295;202000047331;154 659 079;A01;1;7;0;2;1;1;1;
72296;202000047333;154 659 072;B01;2;10;0;2;4;1;1;
72297;202000047333;154 659 073;A01;2;10;0;2;1;12;1;
72298;202000047334;154 659 071;A01;1;7;0;0;0;1;1;
72299;202000047335;154 659 070;A01;1;1;0;5;7;1;5;
72300;202000047336;154 659 082;A01;1;37;0;0;5;1;1;1.0
72301;202000047336;154 659 083;B01;2;60;0;2;1;26;5;
72302;202000047337;154 659 069;A01;2;7;0;1;2;2;1;
72303;202000047338;154 659 091;A01;2;33;0;2;9;17;1;
72304;202000047338;154 659 097;B01;2;7;0;2;8;1;1;
72305;202000047339;154 659 092;B01;1;7;0;2;8;19;1;
72306;202000047339;154 659 098;A01;1;33;0;2;1;21;1;
72307;202000047340;154 659 068;A01;2;10;0;1;0;4;6;
72308;202000047342;154 659 061;A01;1;7;0;9;7;1;0;
72309;202000047342;154 659 064;B01;1;1;0;2;1;26;5;
72310;202000047343;154 659 060;A01;2;1;0;0;0;21;5;
72311;202000047344;154 659 057;A01;1;14;0;2;3;22;6;
72312;202000047344;154 659 058;B01;1;33;0;2;2;1;1;
72313;202000047345;154 659 056;B01;1;1;0;2;4;1;5;
72314;202000047345;154 659 065;A01;1;7;0;2;2;1;1;
72315;202000047346;154 659 051;A01;2;7;0;2;8;13;1;
72316;202000047346;154 659 066;B01;1;7;0;2;8;1;1;
72317;202000047346;154 659 067;C01;1;7;0;2;1;1;1;
72318;202000047347;154 659 047;B01;1;7;0;2;1;1;1;
72319;202000047347;154 659 048;A01;2;7;0;2;1;5;1;
72320;202000047348;154 659 053;A01;0;33;8;0;2;14;6;
72321;202000047349;154 659 052;B01;1;2;0;2;7;17;0;
72322;202000047349;154 659 059;A01;1;7;0;2;1;13;0;
72323;202000047350;154 659 054;A01;1;7;0;2;8;15;1;
72324;202000047350;154 659 085;B01;2;1;0;2;3;1;5;
72325;202000047351;154 659 055;A01;3;10;0;1;1;15;1;
72326;202000047352;154 659 045;A01;1;7;0;2;1;1;0;
72327;202000047352;154 659 046;B01;1;33;0;2;4;1;0;
72328;202000047353;154 659 043;B01;0;7;0;2;1;1;1;
72329;202000047353;154 659 044;A01;0;7;0;2;1;15;1;
72330;202000047354;154 659 036;B01;3;7;0;2;1;1;1;
72331;202000047354;154 659 037;A01;3;7;0;2;7;1;1;
72332;202000047355;154 659 035;A01;1;10;16;0;9;0;1;
72333;202000047356;154 659 034;A01;1;7;4;0;3;13;1;
72334;202000047358;154 659 031;A01;2;31;0;2;3;3;1;
72335;202000047358;154 659 033;B01;2;7;0;2;5;1;1;
72336;202000047359;154 659 029;A01;1;7;2;0;1;13;1;
72337;202000047360;154 659 038;A01;1;7;0;2;6;19;1;
72338;202000047360;154 659 042;B01;2;31;0;2;1;1;1;
72339;202000047361;154 659 039;A01;2;7;0;2;5;15;1;
72340;202000047361;154 659 040;B01;1;34;0;2;1;0;1;
72341;202000047362;154 659 030;A01;2;33;0;6;2;1;1;
72342;202000047363;154 659 022;A01;1;30;12;0;1;16;1;
72343;202000047364;154 659 023;E01;2;7;0;0;0;9;0;
72344;202000047364;154 659 024;D01;1;14;0;2;1;2;1;
72345;202000047364;154 659 026;C01;1;10;0;2;4;2;1;
72346;202000047364;154 659 027;B01;1;10;0;2;1;2;1;
72347;202000047364;154 659 028;A01;1;7;0;2;4;13;1;
72348;202000047365;154 659 020;A01;1;7;0;2;1;17;1;
72349;202000047365;154 659 025;B01;2;34;0;2;1;1;1;
72350;202000047366;154 659 019;A01;0;7;6;0;4;4;1;
72351;202000047367;154 659 016;B01;2;43;0;2;2;1;1;
72352;202000047367;154 659 021;A01;2;50;0;2;6;19;3;
72353;202000047368;154 659 014;B01;1;7;0;2;1;1;1;
72354;202000047368;154 659 015;A01;1;7;0;0;3;19;1;
72355;202000047369;154 659 012;A01;1;7;0;2;2;16;1;
72356;202000047369;154 659 013;B01;1;50;0;2;1;1;3;
72357;202000047370;154 659 011;A01;2;7;7;0;1;1;0;
72358;202000047371;154 659 009;B01;3;33;0;2;7;16;1;
72359;202000047371;154 659 010;A01;2;1;0;2;7;5;5;
72360;202000047372;154 659 008;A01;1;2;2;0;1;2;1;
72361;202000047373;154 659 017;B01;1;33;0;2;1;19;1;
72362;202000047373;154 659 041;A01;1;7;0;2;7;19;1;
72363;202000047374;154 659 018;A01;2;1;0;0;0;1;0;
72364;202000047375;154 659 001;B01;2;7;0;2;3;1;1;
72365;202000047375;154 659 007;A01;1;7;3;2;2;0;1;
72366;202000047376;154 659 002;A01;1;7;0;2;1;1;1;
72367;202000047377;154 659 004;A01;1;50;0;1;7;1;3;
72368;202000047378;154 659 000;B01;2;7;0;2;1;1;1;
72369;202000047378;154 659 005;A01;1;33;0;2;0;1;1;
72370;202000047379;154 658 998;B01;2;7;0;2;0;23;2;
72371;202000047379;154 658 999;A01;2;33;0;2;5;7;1;
72372;202000047380;154 658 994;B01;2;1;0;2;1;1;5;
72373;202000047380;154 658 996;A01;2;7;0;2;2;16;1;
72374;202000047381;154 659 003;A01;1;7;0;2;3;15;1;
72375;202000047381;154 659 006;B01;2;33;0;2;8;1;1;
72376;202000047382;154 658 995;A01;1;7;0;0;4;2;1;
72377;202000047382;154 658 997;B01;1;10;0;2;1;2;1;
72378;202000047384;154 658 990;A01;1;7;2;0;1;0;1;
72379;202000047385;154 658 989;A01;2;50;0;0;0;16;3;
72380;202000047386;154 658 987;A01;1;7;0;1;3;1;1;
72381;202000047387;154 658 986;B01;2;1;0;2;0;1;5;
72382;202000047387;154 658 988;A01;2;10;0;2;0;16;1;
72383;202000047388;154 658 985;A01;0;43;0;0;0;1;1;
72384;202000047389;154 658 982;B01;1;30;0;2;0;1;1;
72385;202000047389;154 658 983;A01;1;10;0;2;0;9;1;
72386;202000047390;154 658 981;B01;2;80;0;0;8;0;3;
72387;202000047390;154 658 992;A01;1;7;0;2;1;0;1;
72388;202000047391;154 658 979;B01;0;33;0;0;1;1;1;
72389;202000047391;154 658 980;A01;0;7;0;0;2;17;1;
72390;202000047392;154 658 978;A01;1;33;0;0;8;1;1;
72391;202000047393;154 658 977;B01;-1;1;0;0;6;9;5;
72392;202000047393;154 658 991;A01;-1;37;0;2;2;2;1;1.0
72393;202000047394;154 658 975;A01;1;32;0;2;2;1;1;
72394;202000047394;154 658 976;B01;2;7;0;2;3;1;1;
72395;202000047395;154 658 973;A01;-1;7;0;2;8;9;4;
72396;202000047395;154 658 974;B01;3;7;0;2;2;1;3;
72397;202000047396;154 658 972;Z01;1;7;0;1;3;1;0;
72398;202000047397;154 658 968;B01;1;1;0;2;1;14;5;
72399;202000047397;154 658 969;A01;2;7;0;2;1;17;2;
72400;202000047398;154 658 970;B01;1;1;0;2;1;1;5;
72401;202000047398;154 658 971;A01;1;7;0;2;3;26;0;
72402;202000047399;154 658 966;A01;3;7;0;2;1;1;1;
72403;202000047399;154 658 967;B01;3;1;0;2;8;9;5;
72404;202000047400;154 658 964;A01;1;17;0;2;1;1;1;
72405;202000047400;154 658 965;B01;3;32;0;2;6;15;1;
72406;202000047401;154 658 962;A01;1;7;0;2;3;22;1;
72407;202000047401;154 658 963;B01;1;1;0;2;1;1;5;
72408;202000047402;154 658 961;A01;1;7;9;0;1;26;0;
72409;202000047403;154 658 958;A01;3;10;0;2;8;1;1;
72410;202000047403;154 658 959;B01;1;7;0;2;1;1;1;
72411;202000047404;154 658 960;A01;1;50;0;0;0;7;3;
72412;202000047406;154 658 950;B01;1;10;0;2;3;20;1;
72413;202000047406;154 658 955;A01;1;7;0;2;2;1;1;
72414;202000047407;154 658 949;B01;1;7;0;0;6;1;1;
72415;202000047407;154 658 954;A01;1;7;0;2;1;1;1;
72416;202000047408;154 658 951;B01;2;7;0;2;3;1;1;
72417;202000047408;154 658 956;A01;1;7;0;2;1;15;1;
72418;202000047409;154 658 948;A01;1;7;0;2;3;15;1;
72419;202000047409;154 658 952;B01;1;33;0;2;5;1;1;
72420;202000047410;154 658 946;A01;1;17;0;2;1;1;1;
72421;202000047410;154 658 953;B01;2;1;0;2;8;19;5;
72422;202000047411;154 658 944;A01;1;7;0;1;2;9;1;
72423;202000047412;154 658 945;A01;1;1;0;0;0;21;5;
72424;202000047413;154 658 942;B01;2;7;3;0;4;1;1;
72425;202000047413;154 658 943;A01;2;7;0;2;1;2;1;
72426;202000047414;154 658 937;A01;1;7;0;2;3;20;1;
72427;202000047414;154 658 947;B01;1;32;0;2;1;1;1;
72428;202000047416;154 658 936;A01;2;7;13;0;8;0;1;
72429;202000047417;154 658 939;A01;1;13;4;0;8;1;0;
72430;202000047418;154 658 934;A01;1;7;0;2;1;1;1;
72431;202000047418;154 658 941;B01;1;7;0;0;6;1;1;
72432;202000047419;154 658 933;A01;2;10;0;9;2;16;0;
72433;202000047419;154 658 935;B01;2;50;0;2;2;0;3;
72434;202000047421;154 658 927;A01;2;30;8;2;8;25;1;
72435;202000047421;154 658 928;B01;1;7;0;2;1;1;1;
72436;202000047422;154 658 929;A01;1;7;0;2;2;15;1;
72437;202000047422;154 658 932;B01;2;1;0;2;1;1;5;
72438;202000047423;154 658 930;A01;2;10;0;1;2;1;1;
72439;202000047424;154 658 924;A01;3;7;0;1;1;13;1;
72440;202000047425;154 658 920;A01;1;7;0;9;1;15;1;
72441;202000047425;154 658 923;B01;2;1;0;2;1;1;5;
72442;202000047428;154 658 914;A01;1;7;2;0;1;1;1;
72443;202000047429;154 658 913;B01;2;7;0;2;2;1;1;
72444;202000047429;154 658 915;A01;1;7;6;2;7;17;1;
72445;202000047430;154 658 912;A01;1;33;4;0;7;1;1;
72446;202000047431;154 658 918;B01;1;2;0;2;1;1;1;
72447;202000047431;154 658 921;A01;2;7;0;2;1;15;1;
72448;202000047433;154 658 911;A01;3;7;0;1;0;1;0;
72449;202000047434;154 658 910;A01;0;7;0;1;1;20;1;
72450;202000047436;154 658 901;B01;2;7;0;2;3;17;1;
72451;202000047436;154 658 909;A01;2;2;0;2;2;17;1;
72452;202000047439;154 658 900;A01;2;7;0;2;3;13;0;
72453;202000047439;154 658 906;B01;1;38;0;2;3;1;0;3.0
72454;202000047440;154 658 895;B01;0;7;0;0;6;24;1;
72455;202000047440;154 658 897;A01;2;7;1;0;2;1;1;
72456;202000047441;154 658 904;B01;1;7;0;2;1;1;1;
72457;202000047441;154 658 905;A01;2;1;0;2;7;15;5;
72458;202000047442;154 658 893;B01;1;13;0;2;1;1;1;
72459;202000047442;154 658 894;A01;2;7;0;2;1;13;1;
72460;202000047443;154 658 891;A01;2;7;0;2;1;1;1;
72461;202000047443;154 658 892;B01;2;7;0;2;7;1;1;
72462;202000047445;154 658 886;A01;2;31;0;2;1;2;1;
72463;202000047445;154 658 887;B01;2;7;0;2;4;2;1;
72464;202000047446;154 658 883;A01;1;7;0;2;1;13;1;
72465;202000047446;154 658 885;B01;2;7;0;2;1;1;1;
72466;202000047447;154 658 882;A01;0;30;0;2;8;17;1;
72467;202000047447;154 658 884;Z01;0;7;0;0;0;0;0;
72468;202000047448;154 658 899;A01;2;33;0;0;9;15;0;
72469;202000047449;154 658 888;A01;2;7;1;0;2;2;1;
72470;202000047449;154 658 889;B01;2;7;3;0;6;23;1;
72471;202000047450;154 658 896;B01;1;10;0;9;5;1;1;
72472;202000047450;154 658 898;A01;2;50;0;2;1;26;3;
72473;202000047451;154 658 879;B01;3;33;0;2;7;2;1;
72474;202000047451;154 658 881;A01;3;33;0;2;8;15;1;
72475;202000047452;154 658 878;B01;2;17;15;9;7;1;1;
72476;202000047452;154 658 880;A01;2;7;0;2;1;15;1;
72477;202000047453;154 658 872;B01;1;1;1;0;1;1;5;
72478;202000047453;154 658 873;A01;1;7;0;0;3;24;1;
72479;202000047454;154 658 874;Z01;2;10;0;0;0;0;1;
72480;202000047454;154 658 876;A01;1;33;0;2;4;23;1;
72481;202000047455;154 658 875;B01;2;7;0;0;4;23;1;
72482;202000047455;154 658 877;A01;2;7;0;2;1;2;1;
72483;202000047456;154 658 869;B01;1;7;0;2;1;2;0;
72484;202000047456;154 658 871;A01;1;21;0;0;4;0;1;
72485;202000047457;154 658 867;A01;2;7;0;2;7;20;1;
72486;202000047457;154 658 868;B01;2;7;0;2;8;1;1;
72487;202000047458;154 658 865;A01;1;7;4;0;1;14;1;
72488;202000047459;154 658 864;A01;2;7;0;2;2;26;1;
72489;202000047459;154 658 866;B01;1;2;0;2;3;1;1;
72490;202000047460;154 658 862;A01;2;7;2;0;1;1;1;
72491;202000047461;154 658 861;A01;2;7;0;2;1;19;1;
72492;202000047461;154 658 863;B01;1;10;0;2;1;1;1;
72493;202000047462;154 658 857;B01;1;7;0;2;3;2;1;
72494;202000047462;154 658 859;A01;2;50;0;2;1;5;3;
72495;202000047463;154 658 858;A01;2;7;0;2;5;14;1;
72496;202000047463;154 658 860;B01;2;7;0;2;3;13;1;
72497;202000047464;154 658 870;A01;1;7;2;0;1;0;1;
72498;202000047465;154 658 856;A01;2;7;9;1;2;23;1;
72499;202000047466;154 658 851;A01;2;7;0;1;3;19;1;
72500;202000047467;154 658 852;A01;1;32;0;2;1;2;1;
72501;202000047467;154 658 855;B01;1;7;0;2;5;2;2;
72502;202000047468;154 658 853;A01;3;7;0;0;7;1;1;
72503;202000047468;154 658 854;B01;3;10;0;2;2;1;1;
72504;202000047469;154 658 850;A01;1;7;1;0;2;14;0;
72505;202000047470;154 658 849;A01;3;7;10;0;3;1;1;
72506;202000047471;154 658 844;A01;3;7;0;1;1;1;1;
72507;202000047472;154 658 846;A01;1;33;0;2;1;2;1;
72508;202000047472;154 658 847;B01;1;10;0;2;6;2;1;
72509;202000047472;154 658 848;C01;1;10;0;2;2;2;1;
72510;202000047473;154 658 843;Z01;-1;0;0;2;1;26;0;
72511;202000047473;154 658 845;A01;1;32;0;2;1;26;0;
72512;202000047474;154 658 841;A01;1;10;0;2;1;1;1;
72513;202000047474;154 658 842;B01;2;7;0;2;1;1;1;
72514;202000047476;154 658 835;B01;1;7;0;2;1;1;0;
72515;202000047476;154 658 837;A01;1;7;0;2;4;23;0;