;Num_Acc;id_vehicule;num_veh;senc;catv;obs;obsm;choc;manv;motor;occutc
72516;202000047477;154 658 836;A01;1;7;0;2;1;15;1;
72517;202000047477;154 658 838;B01;2;31;0;2;1;1;1;
72518;202000047478;154 658 833;Z01;2;1;0;1;4;25;5;
72519;202000047479;154 658 828;A01;2;7;0;2;6;15;1;
72520;202000047479;154 658 831;B01;2;33;0;2;1;1;1;
72521;202000047480;154 658 829;A01;2;7;0;1;3;1;1;
72522;202000047481;154 658 830;A01;1;7;0;2;1;1;0;
72523;202000047481;154 658 832;B01;1;7;0;2;4;23;0;
72524;202000047481;154 658 834;C01;1;7;0;0;4;23;0;
72525;202000047482;154 658 827;A01;1;50;0;0;0;25;3;
72526;202000047483;154 658 823;A01;0;7;0;2;2;10;1;
72527;202000047483;154 658 826;B01;0;2;0;2;1;1;1;
72528;202000047484;154 658 821;B01;1;7;0;2;3;1;1;
72529;202000047484;154 658 822;A01;2;32;0;2;3;13;1;
72530;202000047485;154 658 820;A01;1;7;14;1;5;26;0;
72531;202000047486;154 658 818;A01;2;2;0;0;8;0;1;
72532;202000047487;154 658 817;A01;1;30;12;0;1;26;1;
72533;202000047488;154 658 815;A01;1;7;2;0;3;0;1;
72534;202000047490;154 658 814;A01;1;7;0;2;3;15;1;
72535;202000047490;154 658 816;B01;1;7;1;2;3;1;1;
72536;202000047491;154 658 811;A01;3;7;0;1;0;26;0;
72537;202000047492;154 658 810;A01;1;7;0;2;4;1;1;
72538;202000047492;154 658 813;B01;1;7;6;2;1;14;1;
72539;202000047493;154 658 808;B01;1;7;0;2;6;1;1;
72540;202000047493;154 658 809;A01;1;31;0;2;6;2;1;
72541;202000047494;154 658 806;B01;1;7;0;2;4;11;1;
72542;202000047494;154 658 812;A01;1;7;0;2;1;1;1;
72543;202000047495;154 658 802;A01;2;7;0;2;1;2;1;
72544;202000047495;154 658 805;B01;2;7;0;2;4;2;1;
72545;202000047495;154 658 807;C01;2;7;0;0;4;1;1;
72546;202000047496;154 658 799;B01;1;7;0;2;6;15;1;
72547;202000047496;154 658 800;A01;1;33;0;2;1;1;1;
72548;202000047497;154 658 798;A01;2;7;6;0;1;26;1;
72549;202000047498;154 658 803;A01;1;33;0;2;0;0;1;
72550;202000047498;154 658 804;B01;1;0;0;2;0;0;0;
72551;202000047499;154 658 801;A01;1;13;0;0;0;2;1;
72552;202000047500;154 658 796;A01;1;7;4;0;2;1;1;
72553;202000047501;154 658 795;A01;3;30;0;9;1;16;1;
72554;202000047501;154 658 797;B01;2;1;0;2;7;1;5;
72555;202000047502;154 658 792;A01;1;7;0;2;1;2;1;
72556;202000047502;154 658 793;B01;1;7;0;2;4;2;1;
72557;202000047502;154 658 794;C01;1;7;0;2;4;2;1;
72558;202000047503;154 658 786;A01;2;10;0;2;1;1;1;
72559;202000047503;154 658 788;B01;2;14;0;2;4;1;1;
72560;202000047504;154 658 787;A01;1;37;0;2;2;26;3;1.0
72561;202000047504;154 658 790;B01;1;7;15;0;4;23;1;
72562;202000047505;154 658 789;B01;-1;32;0;2;1;1;0;
72563;202000047505;154 658 791;A01;-1;99;0;2;5;15;0;
72564;202000047506;154 658 785;A01;0;36;15;0;1;1;1;
72565;202000047507;154 658 779;A01;1;10;0;2;1;2;1;
72566;202000047507;154 658 783;B01;1;7;0;2;4;2;1;
72567;202000047507;154 658 784;C01;1;7;0;2;4;1;1;
72568;202000047509;154 658 777;B01;1;33;1;2;5;2;1;
72569;202000047509;154 658 781;A01;1;30;1;2;3;2;1;
72570;202000047510;154 658 780;A01;1;7;0;2;1;21;1;
72571;202000047510;154 658 782;B01;1;7;0;2;3;15;1;
72572;202000047511;154 658 772;A01;3;1;14;0;0;0;5;
72573;202000047512;154 658 770;B01;1;7;0;2;4;2;1;
72574;202000047512;154 658 773;C01;1;7;0;2;4;2;1;
72575;202000047512;154 658 776;A01;1;7;0;2;1;1;1;
72576;202000047513;154 658 771;A01;1;15;0;9;2;17;1;
72577;202000047513;154 658 775;B01;1;1;0;2;8;15;5;
72578;202000047514;154 658 767;A01;2;7;0;2;1;26;1;
72579;202000047514;154 658 768;B01;2;7;0;2;4;1;1;
72580;202000047515;154 658 766;B01;3;7;1;2;3;23;1;
72581;202000047515;154 658 769;A01;2;43;0;2;1;2;1;
72582;202000047516;154 658 765;B01;2;7;0;0;0;15;0;
72583;202000047516;154 658 774;A01;2;34;0;2;5;13;0;
72584;202000047517;154 658 762;A01;1;7;0;1;1;1;1;
72585;202000047518;154 658 760;A01;1;2;0;2;1;1;0;
72586;202000047518;154 658 761;B01;1;2;0;0;0;0;0;
72587;202000047519;154 658 758;A01;3;7;0;1;4;0;1;
72588;202000047520;154 658 763;A01;1;7;0;2;2;1;1;
72589;202000047520;154 658 764;B01;2;7;0;2;1;1;1;
72590;202000047521;154 658 757;A01;2;7;0;2;3;0;1;
72591;202000047521;154 658 759;B01;1;7;3;2;3;1;1;
72592;202000047522;154 658 752;A01;1;7;0;1;2;1;1;
72593;202000047523;154 658 753;A01;1;30;0;2;1;1;1;
72594;202000047523;154 658 754;B01;1;7;0;2;8;15;1;
72595;202000047524;154 658 749;A01;2;7;3;0;1;13;1;
72596;202000047525;154 658 748;B01;2;10;0;2;2;11;1;
72597;202000047525;154 658 750;A01;1;7;0;2;2;13;1;
72598;202000047526;154 658 746;A01;3;7;0;2;1;13;1;
72599;202000047526;154 658 747;B01;3;7;0;2;1;0;1;
72600;202000047527;154 658 741;B01;0;7;0;1;1;15;1;
72601;202000047528;154 658 742;A01;1;33;0;9;1;1;1;
72602;202000047528;154 658 744;B01;1;21;0;0;0;1;1;
72603;202000047529;154 658 751;B01;1;7;0;2;1;2;1;
72604;202000047529;154 658 755;C01;2;7;0;2;1;1;1;
72605;202000047529;154 658 756;A01;1;7;0;2;4;1;1;
72606;202000047530;154 658 740;A01;1;7;0;2;1;0;0;
72607;202000047530;154 658 743;B01;2;7;0;2;1;0;0;
72608;202000047530;154 658 745;C01;2;7;0;2;1;0;0;
72609;202000047531;154 658 737;B01;3;7;0;2;3;15;1;
72610;202000047531;154 658 738;A01;3;1;0;2;3;1;5;
72611;202000047532;154 658 735;A01;2;7;0;2;2;17;1;
72612;202000047532;154 658 736;B01;2;1;0;2;3;15;5;
72613;202000047533;154 658 730;A01;1;7;0;0;1;1;1;
72614;202000047533;154 658 734;B01;1;7;0;0;2;1;1;
72615;202000047534;154 658 727;B01;2;7;0;2;1;1;1;
72616;202000047534;154 658 728;A01;1;7;0;2;1;15;1;
72617;202000047534;154 658 729;C01;3;7;0;2;1;23;1;
72618;202000047535;154 658 732;A01;3;7;2;0;9;1;1;
72619;202000047536;154 658 733;A01;1;7;0;2;1;15;1;
72620;202000047536;154 658 739;B01;1;2;0;2;7;1;1;
72621;202000047537;154 658 724;A01;2;7;0;2;1;13;1;
72622;202000047537;154 658 725;B01;1;10;0;2;1;1;1;
72623;202000047537;154 658 726;C01;1;10;16;0;1;21;1;
72624;202000047538;154 658 723;A01;3;7;0;1;2;1;1;
72625;202000047539;154 658 719;B01;2;7;0;2;1;11;1;
72626;202000047539;154 658 721;A01;2;3;0;0;4;1;1;
72627;202000047540;154 658 718;A01;2;7;0;2;1;15;1;
72628;202000047540;154 658 720;B01;1;33;0;2;1;1;1;
72629;202000047541;154 658 716;A01;1;7;0;1;3;1;1;
72630;202000047542;154 658 715;B01;3;21;0;2;5;1;0;
72631;202000047542;154 658 717;A01;3;1;0;2;1;16;0;
72632;202000047543;154 658 713;B01;1;17;0;0;5;1;1;
72633;202000047543;154 658 714;A01;1;7;3;2;3;0;1;
72634;202000047544;154 658 710;B01;1;14;0;2;3;1;1;
72635;202000047544;154 658 711;A01;2;7;0;2;2;13;1;
72636;202000047545;154 658 708;A01;0;33;15;0;1;1;1;
72637;202000047546;154 658 706;B01;2;7;0;2;1;1;1;
72638;202000047546;154 658 707;A01;2;7;8;0;7;15;1;
72639;202000047547;154 658 704;B01;3;1;0;2;1;5;5;
72640;202000047547;154 658 705;A01;0;7;0;2;8;15;1;
72641;202000047548;154 658 722;A01;0;2;0;0;0;26;3;
72642;202000047549;154 658 709;B01;1;7;7;2;3;1;1;
72643;202000047549;154 658 712;A01;3;7;7;2;2;1;1;
72644;202000047551;154 658 702;B01;3;2;0;2;3;15;1;
72645;202000047551;154 658 703;A01;0;7;0;2;2;17;1;
72646;202000047555;154 658 696;A01;1;7;2;0;7;19;1;
72647;202000047556;154 658 697;A01;3;7;0;1;3;13;1;
72648;202000047557;154 658 690;B01;1;7;0;2;3;19;1;
72649;202000047557;154 658 693;A01;1;7;0;2;2;26;1;
72650;202000047558;154 658 687;A01;2;7;0;2;6;1;1;
72651;202000047558;154 658 689;B01;2;7;0;2;3;1;1;
72652;202000047558;154 658 692;C01;2;7;0;2;1;1;1;
72653;202000047558;154 658 694;D01;1;33;0;2;3;13;1;
72654;202000047559;154 658 685;B01;2;33;0;2;7;2;1;
72655;202000047559;154 658 686;A01;2;7;0;2;3;2;1;
72656;202000047560;154 658 684;A01;3;3;8;0;2;0;1;
72657;202000047561;154 658 683;A01;3;33;0;0;9;1;1;
72658;202000047562;154 658 680;A01;2;7;14;0;6;23;1;
72659;202000047562;154 658 682;B01;2;33;0;2;3;2;1;
72660;202000047563;154 658 679;B01;3;7;0;2;3;23;1;
72661;202000047563;154 658 681;A01;3;2;0;2;1;13;1;
72662;202000047564;154 658 678;A01;2;33;0;0;2;1;1;
72663;202000047566;154 658 675;A01;0;10;0;2;1;1;1;
72664;202000047566;154 658 677;B01;1;7;0;2;8;15;1;
72665;202000047567;154 658 688;B01;1;33;0;2;1;1;0;
72666;202000047567;154 658 691;A01;1;7;0;2;8;19;1;
72667;202000047568;154 658 672;B01;3;7;0;0;8;10;1;
72668;202000047568;154 658 673;A01;3;33;0;2;1;5;1;
72669;202000047570;154 658 667;A01;2;10;0;2;1;13;1;
72670;202000047570;154 658 668;B01;1;7;0;2;1;1;1;
72671;202000047571;154 658 665;A01;2;7;0;2;1;0;1;
72672;202000047571;154 658 666;B01;1;7;0;2;1;0;1;
72673;202000047572;154 658 663;B01;2;7;0;2;1;1;1;
72674;202000047572;154 658 664;A01;1;7;0;2;1;13;1;
72675;202000047573;154 658 659;A01;1;30;0;1;2;1;3;
72676;202000047574;154 658 660;A01;3;31;0;5;8;1;1;
72677;202000047575;154 658 661;A01;2;7;0;1;2;1;0;
72678;202000047576;154 658 658;B01;1;7;0;0;3;1;1;
72679;202000047576;154 658 662;A01;2;7;0;2;3;13;1;
72680;202000047577;154 658 657;A01;1;7;13;0;0;0;1;
72681;202000047578;154 658 655;A01;2;2;2;0;1;1;1;
72682;202000047579;154 658 654;A01;2;7;0;2;2;15;1;
72683;202000047579;154 658 656;B01;1;2;0;2;1;1;1;
72684;202000047580;154 658 653;A01;1;33;13;0;1;1;0;
72685;202000047581;154 658 652;A01;3;7;0;1;2;1;1;
72686;202000047582;154 658 651;A01;3;13;0;1;2;1;1;
72687;202000047583;154 658 648;A01;1;33;13;0;1;2;1;
72688;202000047584;154 658 646;A01;1;10;0;2;5;19;1;
72689;202000047584;154 658 647;B01;1;33;0;2;1;1;1;
72690;202000047585;154 658 644;A01;2;80;0;0;0;1;3;
72691;202000047586;154 658 643;B01;1;7;0;2;6;15;1;
72692;202000047586;154 658 645;A01;1;32;0;2;0;1;6;
72693;202000047587;154 658 639;A01;2;7;0;1;2;1;1;
72694;202000047588;154 658 641;B01;2;7;0;0;1;1;0;
72695;202000047588;154 658 642;A01;3;7;8;0;7;1;0;
72696;202000047589;154 658 649;A01;2;2;6;2;5;19;1;
72697;202000047589;154 658 650;B01;2;10;0;2;2;1;1;
72698;202000047590;154 658 636;A01;1;7;0;9;2;21;0;
72699;202000047590;154 658 640;B01;3;1;0;2;1;19;6;
72700;202000047591;154 658 635;B01;1;7;0;2;1;1;1;
72701;202000047591;154 658 638;A01;1;7;0;2;3;1;1;
72702;202000047592;154 658 634;B01;2;7;0;2;3;1;1;
72703;202000047592;154 658 637;A01;3;7;0;2;1;1;1;
72704;202000047594;154 658 629;B01;1;31;0;2;7;1;1;
72705;202000047594;154 658 631;A01;1;7;0;2;3;1;1;
72706;202000047595;154 658 627;A01;1;7;0;2;1;1;1;
72707;202000047595;154 658 633;B01;1;7;0;0;4;1;1;
72708;202000047596;154 658 630;A01;3;7;0;1;1;15;1;
72709;202000047597;154 658 624;A01;3;20;8;0;1;14;0;
72710;202000047598;154 658 626;B01;1;33;0;2;1;1;1;
72711;202000047598;154 658 628;A01;1;7;0;0;4;1;1;
72712;202000047599;154 658 623;A01;1;32;0;2;4;1;1;
72713;202000047599;154 658 625;Z01;1;7;0;0;0;0;0;
72714;202000047600;154 658 622;A01;2;7;13;0;5;2;1;
72715;202000047601;154 658 619;B01;3;50;0;2;7;19;3;
72716;202000047601;154 658 621;A01;3;7;0;2;1;26;1;
72717;202000047602;154 658 616;A01;1;33;0;2;2;5;1;
72718;202000047602;154 658 618;B01;2;1;0;2;1;1;5;
72719;202000047603;154 658 615;B01;3;33;0;2;1;1;1;
72720;202000047603;154 658 617;A01;3;10;0;2;3;15;1;
72721;202000047604;154 658 614;B01;2;7;0;2;6;2;6;
72722;202000047604;154 658 620;A01;2;7;0;2;2;26;6;
72723;202000047605;154 658 612;A01;1;7;2;0;8;13;1;
72724;202000047606;154 658 611;A01;1;21;0;2;3;19;1;
72725;202000047606;154 658 613;B01;1;7;0;2;1;1;1;
72726;202000047607;154 658 609;A01;2;14;0;2;1;1;1;
72727;202000047607;154 658 610;B01;2;10;0;2;4;11;1;
72728;202000047608;154 658 607;A01;1;10;0;2;2;9;1;
72729;202000047608;154 658 608;B01;1;33;0;2;8;17;1;
72730;202000047609;154 658 606;A01;1;7;4;2;3;1;1;
72731;202000047610;154 658 601;B01;1;7;0;2;2;1;0;
72732;202000047610;154 658 605;A01;2;7;0;2;2;15;0;
72733;202000047611;154 658 600;A01;2;7;0;2;5;12;1;
72734;202000047611;154 658 603;B01;2;33;0;2;1;3;1;
72735;202000047612;154 658 602;A01;1;7;0;2;1;1;1;
72736;202000047612;154 658 604;B01;1;7;0;2;4;1;1;
72737;202000047613;154 658 599;A01;3;7;0;1;4;4;1;
72738;202000047614;154 658 596;A01;3;7;0;0;9;21;1;
72739;202000047615;154 658 594;B01;2;7;0;2;8;1;1;
72740;202000047615;154 658 595;A01;1;3;0;2;8;13;1;
72741;202000047616;154 658 593;A01;2;7;16;0;1;1;1;
72742;202000047617;154 658 591;A01;1;1;0;0;0;0;5;
72743;202000047618;154 658 586;A01;2;7;0;2;5;14;1;
72744;202000047618;154 658 597;B01;2;31;0;2;8;3;1;
72745;202000047618;154 658 598;C01;2;7;0;2;4;2;1;
72746;202000047619;154 658 587;A01;2;7;0;2;5;15;2;
72747;202000047619;154 658 588;B01;1;2;0;2;0;1;1;
72748;202000047620;154 658 583;A01;2;33;0;2;1;3;1;
72749;202000047620;154 658 584;B01;2;7;0;2;3;11;1;
72750;202000047621;154 658 582;B01;1;33;0;2;3;1;1;
72751;202000047621;154 658 585;A01;2;10;0;2;1;15;1;
72752;202000047623;154 658 577;B01;1;7;0;2;1;1;1;
72753;202000047623;154 658 579;A01;1;7;0;0;4;1;1;
72754;202000047624;154 658 573;A01;1;7;0;2;1;1;1;
72755;202000047624;154 658 575;B01;1;7;0;2;4;1;1;
72756;202000047625;154 658 576;A01;1;7;0;2;1;2;1;
72757;202000047625;154 658 578;B01;1;10;0;2;4;2;1;
72758;202000047626;154 658 569;A01;2;1;0;1;1;1;5;
72759;202000047627;154 658 565;A01;2;7;0;1;3;1;1;
72760;202000047628;154 658 566;B01;1;7;0;2;1;1;1;
72761;202000047628;154 658 567;A01;1;7;0;2;3;19;1;
72762;202000047630;154 658 563;A01;1;7;2;0;1;1;1;
72763;202000047631;154 658 560;B01;1;1;0;2;2;1;5;
72764;202000047631;154 658 561;A01;1;7;0;2;1;16;1;
72765;202000047632;154 658 570;B01;2;7;0;2;8;1;1;
72766;202000047632;154 658 571;A01;2;7;0;2;2;11;1;
72767;202000047633;154 658 559;A01;1;7;2;0;1;1;1;
72768;202000047634;154 658 556;A01;1;7;1;0;2;1;1;
72769;202000047634;154 658 557;B01;1;7;0;2;6;23;1;
72770;202000047635;154 658 555;A01;1;17;6;0;1;1;1;
72771;202000047636;154 658 551;A01;1;10;0;2;8;13;1;
72772;202000047636;154 658 558;B01;1;2;0;2;7;17;1;
72773;202000047637;154 658 549;B01;2;33;0;2;1;1;1;
72774;202000047637;154 658 550;A01;1;7;0;2;2;17;1;
72775;202000047639;154 658 545;D01;1;10;0;2;8;1;1;
72776;202000047639;154 658 546;C01;1;7;0;2;4;1;1;
72777;202000047639;154 658 547;B01;1;10;0;2;4;1;1;
72778;202000047639;154 658 548;A01;1;7;0;2;3;9;1;
72779;202000047640;154 658 541;B01;1;15;0;0;8;9;1;
72780;202000047640;154 658 543;A01;2;2;0;2;1;1;1;
72781;202000047641;154 658 540;B01;3;7;0;2;2;1;1;
72782;202000047641;154 658 542;A01;3;30;0;2;1;15;1;
72783;202000047642;154 658 536;B01;1;7;3;0;6;1;1;
72784;202000047642;154 658 539;A01;1;7;3;2;1;1;1;
72785;202000047643;154 658 535;A01;1;33;3;0;1;1;1;
72786;202000047644;154 658 537;B01;2;33;0;2;1;1;1;
72787;202000047644;154 658 538;A01;1;7;0;2;3;15;1;
72788;202000047647;154 658 532;A01;3;7;0;1;1;1;1;
72789;202000047648;154 658 530;A01;2;7;0;1;0;2;0;
72790;202000047649;154 658 531;A01;1;33;0;2;6;0;1;
72791;202000047649;154 658 533;B01;1;7;0;2;2;0;1;
72792;202000047650;154 658 529;A01;1;7;0;1;2;16;1;
72793;202000047651;154 658 525;B01;1;7;0;2;8;2;1;
72794;202000047651;154 658 526;A01;1;7;0;2;7;2;1;
72795;202000047652;154 658 522;A01;2;30;0;2;1;19;1;
72796;202000047652;154 658 524;B01;1;7;0;2;8;1;1;
72797;202000047653;154 658 520;A01;1;7;0;1;1;0;1;
72798;202000047654;154 658 519;Z01;1;7;0;1;1;21;1;
72799;202000047655;154 658 518;A01;2;32;3;0;0;0;1;
72800;202000047656;154 658 515;A01;1;10;0;2;3;24;0;
72801;202000047656;154 658 516;B01;1;1;1;0;3;1;5;
72802;202000047657;154 658 513;A01;1;7;0;2;3;15;1;
72803;202000047657;154 658 514;B01;1;10;0;2;1;17;1;
72804;202000047658;154 658 511;A01;0;7;0;0;0;0;1;
72805;202000047659;154 658 510;B01;3;7;0;2;5;0;1;
72806;202000047659;154 658 512;A01;3;7;0;2;1;1;1;
72807;202000047660;154 658 509;A01;0;33;0;0;8;2;1;
72808;202000047661;154 658 508;A01;2;7;0;1;1;15;3;
72809;202000047662;154 658 506;B01;2;7;3;2;1;2;1;
72810;202000047662;154 658 507;A01;2;7;0;2;4;2;1;
72811;202000047663;154 658 504;B01;2;20;0;2;1;1;1;
72812;202000047663;154 658 505;A01;1;33;0;2;1;5;1;
72813;202000047664;154 658 517;A01;2;7;0;2;1;9;1;
72814;202000047664;154 658 521;B01;2;7;0;2;2;1;1;
72815;202000047665;154 658 502;A01;3;14;0;1;1;1;1;
72816;202000047666;154 658 497;A01;1;2;0;2;1;13;1;
72817;202000047666;154 658 498;B01;2;7;0;0;6;2;1;
72818;202000047666;154 658 499;C01;2;7;0;0;3;2;1;
72819;202000047668;154 658 496;A01;1;7;13;0;9;14;1;
72820;202000047670;154 658 491;A01;2;33;16;0;0;0;1;
72821;202000047671;154 658 489;A01;1;33;0;2;1;3;1;
72822;202000047671;154 658 490;B01;1;10;0;2;4;2;1;
72823;202000047672;154 658 484;A01;2;7;3;0;6;2;1;
72824;202000047672;154 658 485;B01;2;33;0;2;1;21;1;
72825;202000047672;154 658 486;C01;2;7;0;2;2;2;1;
72826;202000047673;154 658 487;B01;1;7;0;2;1;2;0;
72827;202000047673;154 658 488;A01;1;7;6;0;4;2;1;
72828;202000047674;154 658 500;B01;1;60;0;2;1;19;5;
72829;202000047674;154 658 503;Z01;1;7;0;9;3;15;1;
72830;202000047675;154 658 482;Z01;1;7;0;2;0;0;0;
72831;202000047675;154 658 483;A01;1;7;0;2;8;1;1;
72832;202000047676;154 658 481;A01;1;14;0;1;1;15;1;
72833;202000047677;154 658 478;B01;2;7;0;2;4;0;1;
72834;202000047677;154 658 479;A01;2;7;0;2;4;1;1;
72835;202000047677;154 658 480;C01;2;7;0;2;0;0;1;
72836;202000047678;154 658 477;A01;1;7;0;1;1;15;1;
72837;202000047679;154 658 473;D01;1;7;0;2;4;1;1;
72838;202000047679;154 658 474;C01;1;7;0;2;1;12;1;
72839;202000047679;154 658 475;B01;1;17;0;2;6;11;1;
72840;202000047679;154 658 476;A01;1;10;4;2;7;1;1;
72841;202000047680;154 658 469;B01;1;10;0;2;2;1;1;
72842;202000047680;154 658 472;A01;1;7;0;2;7;15;1;
72843;202000047681;154 658 471;A01;1;33;6;0;0;1;1;
72844;202000047682;154 658 465;A01;2;7;0;2;2;15;1;
72845;202000047682;154 658 466;B01;1;31;0;2;1;1;1;
72846;202000047683;154 658 464;A01;2;7;0;2;1;1;1;
72847;202000047683;154 658 467;B01;2;7;0;2;4;23;1;
72848;202000047684;154 658 463;A01;2;7;13;0;2;21;1;
72849;202000047685;154 658 462;A01;0;7;0;0;0;1;1;
72850;202000047686;154 658 461;A01;2;7;6;9;1;6;1;
72851;202000047687;154 658 460;A01;1;7;13;0;2;0;0;
72852;202000047689;154 658 457;A01;1;7;0;2;5;1;1;
72853;202000047689;154 658 458;B01;1;32;0;2;1;1;1;
72854;202000047689;154 658 459;C01;1;7;0;2;5;1;1;
72855;202000047690;154 658 453;B01;1;7;0;2;3;1;1;
72856;202000047690;154 658 455;A01;2;7;0;2;3;15;1;
72857;202000047691;154 658 448;B01;1;32;0;9;4;23;1;
72858;202000047691;154 658 450;A01;2;7;0;2;1;2;0;
72859;202000047692;154 658 446;B01;2;10;0;2;6;12;1;
72860;202000047692;154 658 447;A01;2;10;0;2;2;1;1;
72861;202000047692;154 658 449;C01;2;10;0;2;6;1;1;
72862;202000047692;154 658 452;D01;2;10;0;2;4;1;1;
72863;202000047693;154 658 451;A01;-1;7;0;2;1;0;1;
72864;202000047693;154 658 454;B01;-1;10;0;2;0;0;1;
72865;202000047693;154 658 456;C01;0;7;0;2;1;0;1;
72866;202000047694;154 658 443;B01;3;33;0;2;7;17;1;
72867;202000047694;154 658 445;A01;3;99;0;9;3;15;1;
72868;202000047695;154 658 442;A01;2;7;0;2;1;2;1;
72869;202000047695;154 658 444;B01;2;7;0;2;4;2;1;
72870;202000047696;154 658 440;A01;1;7;0;2;8;11;1;
72871;202000047696;154 658 441;B01;1;32;0;2;5;3;3;
72872;202000047697;154 658 438;A01;1;14;0;2;2;12;1;
72873;202000047697;154 658 439;B01;1;7;0;2;3;1;1;
72874;202000047698;154 658 436;A01;1;10;0;2;3;13;1;
72875;202000047698;154 658 437;B01;1;7;0;2;5;1;2;
72876;202000047699;154 658 433;B01;1;15;0;0;0;0;1;
72877;202000047699;154 658 435;A01;1;7;0;0;0;9;1;
72878;202000047700;154 658 431;A01;2;33;0;2;1;2;1;
72879;202000047700;154 658 432;B01;2;7;0;2;4;2;1;
72880;202000047701;154 658 429;A01;1;17;0;2;1;2;1;
72881;202000047701;154 658 430;B01;1;17;0;2;4;2;1;
72882;202000047702;154 658 427;B01;2;7;4;2;7;12;1;
72883;202000047702;154 658 428;A01;2;10;4;2;1;1;1;
72884;202000047703;154 658 424;A01;1;7;0;2;1;2;1;
72885;202000047703;154 658 425;B01;1;14;0;2;4;2;1;
72886;202000047703;154 658 426;C01;1;10;0;2;1;1;1;
72887;202000047705;154 658 420;B01;2;21;0;2;3;1;1;
72888;202000047705;154 658 421;A01;1;7;13;2;3;1;1;
72889;202000047706;154 658 418;B01;1;2;0;2;2;17;1;
72890;202000047706;154 658 419;A01;1;7;0;2;8;15;1;
72891;202000047707;154 658 416;A01;2;7;0;0;0;1;1;
72892;202000047708;154 658 412;D01;2;10;0;2;1;1;0;
72893;202000047708;154 658 413;C01;3;7;0;2;6;24;0;
72894;202000047708;154 658 414;A01;1;7;0;2;6;9;0;
72895;202000047708;154 658 415;B01;1;7;1;0;2;1;0;
72896;202000047709;154 658 410;B01;1;7;0;2;2;1;0;
72897;202000047709;154 658 411;A01;2;7;0;2;1;1;1;
72898;202000047710;154 658 409;A01;2;10;0;1;2;14;0;
72899;202000047712;154 658 405;A01;2;33;0;2;1;2;1;
72900;202000047712;154 658 406;B01;2;99;0;2;4;2;1;
72901;202000047713;154 658 404;A01;1;10;4;0;1;0;1;
72902;202000047714;154 658 417;B01;3;1;0;2;1;1;5;
72903;202000047714;154 658 434;A01;3;7;0;2;3;15;1;
72904;202000047715;154 658 402;A01;1;37;0;1;3;1;1;2.0
72905;202000047716;154 658 399;A01;3;32;0;2;1;9;1;
72906;202000047716;154 658 400;B01;0;10;0;2;6;0;1;
72907;202000047719;154 658 394;A01;1;7;0;2;1;26;1;
72908;202000047719;154 658 395;B01;2;7;0;2;1;1;1;
72909;202000047720;154 658 401;B01;1;7;0;2;2;2;1;
72910;202000047720;154 658 403;A01;1;7;0;2;6;23;1;
72911;202000047721;154 658 393;A01;3;1;0;1;1;1;5;
72912;202000047723;154 658 389;B01;2;7;0;2;3;1;2;
72913;202000047723;154 658 390;A01;2;7;8;2;1;1;1;
72914;202000047724;154 658 387;A01;1;2;0;2;1;26;1;
72915;202000047724;154 658 388;B01;1;7;0;2;3;1;1;
72916;202000047725;154 658 385;Z01;1;7;0;2;1;15;1;
72917;202000047725;154 658 386;A01;2;31;0;2;8;1;1;
72918;202000047726;154 658 384;A01;2;7;0;1;1;1;1;
72919;202000047727;154 658 382;A01;1;7;0;5;1;1;1;
72920;202000047728;154 658 380;A01;1;7;0;2;3;15;1;
72921;202000047728;154 658 381;B01;2;50;0;2;7;1;3;
72922;202000047730;154 658 376;B01;2;1;0;2;1;1;5;
72923;202000047730;154 658 377;A01;1;10;0;2;1;15;1;
72924;202000047731;154 658 374;B01;1;2;0;2;2;17;1;
72925;202000047731;154 658 375;A01;1;7;0;2;3;15;1;
72926;202000047732;154 658 373;A01;0;7;8;0;1;1;0;
72927;202000047733;154 658 371;A01;0;33;0;2;4;0;1;
72928;202000047733;154 658 372;B01;0;7;0;2;4;0;1;
72929;202000047734;154 658 369;A01;1;7;0;2;2;15;1;
72930;202000047734;154 658 370;B01;1;7;0;2;3;1;1;
72931;202000047736;154 658 366;B01;0;32;0;2;5;1;0;
72932;202000047736;154 658 367;A01;0;10;0;2;1;2;0;
72933;202000047737;154 658 364;A01;0;2;0;0;0;0;1;
72934;202000047737;154 658 365;B01;0;7;0;0;0;0;1;
72935;202000047738;154 658 362;A01;3;7;0;2;3;15;1;
72936;202000047738;154 658 363;B01;3;32;0;2;7;15;0;
72937;202000047739;154 658 361;A01;1;10;0;1;2;1;1;
72938;202000047740;154 658 358;B01;1;10;0;2;4;2;1;
72939;202000047740;154 658 359;C01;1;10;0;2;4;2;1;
72940;202000047740;154 658 360;A01;1;10;0;2;1;2;1;
72941;202000047741;154 658 356;A01;2;10;0;2;2;10;1;
72942;202000047741;154 658 357;B01;2;31;0;2;1;1;1;
72943;202000047742;154 658 353;C01;1;7;0;2;3;0;1;
72944;202000047742;154 658 354;A01;2;7;0;2;3;0;1;
72945;202000047742;154 658 355;B01;1;7;0;2;8;1;3;
72946;202000047743;154 658 351;B01;1;7;0;2;4;23;1;
72947;202000047743;154 658 352;A01;1;7;0;2;1;2;1;
72948;202000047744;154 658 350;A01;2;32;0;1;1;1;1;